Time(s)	Fx(N)	Fy(N)	Fz(N)
0.00	-821.57	0.00	-10.57
0.10	-832.17	0.00	-4.37
0.20	-837.98	0.00	1.79
0.30	-839.01	0.00	7.89
0.40	-835.30	0.00	13.90
0.50	-826.92	0.00	19.79
0.60	-813.93	0.00	25.56
0.70	-796.82	0.00	31.16
0.80	-775.99	0.00	36.59
0.90	-751.55	0.00	41.82
1.00	-723.59	0.00	46.84
1.10	-692.26	0.00	51.62
1.20	-657.67	0.00	56.15
1.30	-619.98	0.00	60.41
1.40	-579.34	0.00	64.40
1.50	-535.91	0.00	68.08
1.60	-489.88	0.00	71.46
1.70	-441.43	0.00	74.51
1.80	-390.77	0.00	77.23
1.90	-338.10	0.00	79.62
2.00	-283.66	0.00	81.65
2.10	-227.68	0.00	83.32
2.20	-170.40	0.00	84.62
2.30	-112.08	0.00	85.56
2.40	-53.00	0.00	86.12
2.50	6.58	0.00	86.31
2.60	66.37	0.00	86.11
2.70	126.08	0.00	85.54
2.80	185.41	0.00	84.58
2.90	244.06	0.00	83.25
3.00	301.72	0.00	81.54
3.10	358.10	0.00	79.47
3.20	412.87	0.00	77.02
3.30	465.75	0.00	74.23
3.40	516.42	0.00	71.08
3.50	564.59	0.00	67.59
3.60	609.98	0.00	63.77
3.70	652.31	0.00	59.65
3.80	691.31	0.00	55.22
3.90	726.73	0.00	50.50
4.00	758.34	0.00	45.52
4.10	785.91	0.00	40.28
4.20	809.26	0.00	34.82
4.30	828.19	0.00	29.14
4.40	842.92	0.00	23.27
4.50	853.69	0.00	17.24
4.60	860.43	0.00	11.07
4.70	863.04	0.00	4.78
4.80	861.48	0.00	-1.60
4.90	855.70	0.00	-8.05
5.00	845.65	0.00	-14.54
5.10	831.31	0.00	-21.05
5.20	812.67	0.00	-27.53
5.30	789.73	0.00	-33.97
5.40	762.51	0.00	-40.35
5.50	731.03	0.00	-46.62
5.60	695.35	0.00	-52.76
5.70	655.53	0.00	-58.75
5.80	611.66	0.00	-64.55
5.90	563.84	0.00	-70.14
6.00	512.18	0.00	-75.50
6.10	456.83	0.00	-80.59
6.20	397.96	0.00	-85.39
6.30	335.74	0.00	-89.88
6.40	270.40	0.00	-94.03
6.50	202.15	0.00	-97.81
6.60	131.26	0.00	-101.22
6.70	58.00	0.00	-104.23
6.80	-17.33	0.00	-106.81
6.90	-94.40	0.00	-108.95
7.00	-172.87	0.00	-110.64
7.10	-252.38	0.00	-111.86
7.20	-332.52	0.00	-112.59
7.30	-412.91	0.00	-112.82
7.40	-493.11	0.00	-112.54
7.50	-572.68	0.00	-111.75
7.60	-651.18	0.00	-110.43
7.70	-728.15	0.00	-108.59
7.80	-803.11	0.00	-106.21
7.90	-875.59	0.00	-103.30
8.00	-945.12	0.00	-99.85
8.10	-1011.22	0.00	-95.88
8.20	-1073.43	0.00	-91.38
8.30	-1131.30	0.00	-86.36
8.40	-1184.37	0.00	-80.83
8.50	-1232.22	0.00	-74.81
8.60	-1274.45	0.00	-68.30
8.70	-1310.68	0.00	-61.33
8.80	-1341.29	0.00	-53.91
8.90	-1367.10	0.00	-46.07
9.00	-1387.91	0.00	-37.82
9.10	-1403.53	0.00	-29.20
9.20	-1413.78	0.00	-20.24
9.30	-1418.50	0.00	-10.97
9.40	-1417.51	0.00	-1.43
9.50	-1410.66	0.00	8.35
9.60	-1397.81	0.00	18.33
9.70	-1378.82	0.00	28.46
9.80	-1353.57	0.00	38.70
9.90	-1321.96	0.00	49.00
10.00	-1283.91	0.00	59.31
10.10	-1239.35	0.00	69.58
10.20	-1188.25	0.00	79.75
10.30	-1130.59	0.00	89.78
10.40	-1066.39	0.00	99.59
10.50	-995.71	0.00	109.15
10.60	-918.64	0.00	118.38
10.70	-835.29	0.00	127.23
10.80	-745.86	0.00	135.64
10.90	-650.54	0.00	143.56
11.00	-549.62	0.00	150.92
11.10	-443.40	0.00	157.68
11.20	-332.25	0.00	163.77
11.30	-216.59	0.00	169.15
11.40	-96.90	0.00	173.77
11.50	26.30	0.00	177.57
11.60	152.43	0.00	180.52
11.70	280.86	0.00	182.58
11.80	410.92	0.00	183.72
11.90	541.87	0.00	183.90
12.00	672.95	0.00	183.10
12.10	803.37	0.00	181.30
12.20	932.30	0.00	178.49
12.30	1058.88	0.00	174.66
12.40	1182.23	0.00	169.82
12.50	1301.48	0.00	163.95
12.60	1415.75	0.00	157.09
12.70	1524.16	0.00	149.25
12.80	1625.86	0.00	140.44
12.90	1720.00	0.00	130.72
13.00	1805.81	0.00	120.12
13.10	1882.52	0.00	108.68
13.20	1949.44	0.00	96.45
13.30	2005.93	0.00	83.51
13.40	2051.43	0.00	69.90
13.50	2085.45	0.00	55.71
13.60	2109.37	0.00	41.01
13.70	2125.64	0.00	25.87
13.80	2134.12	0.00	10.40
13.90	2134.65	0.00	-5.34
14.00	2127.10	0.00	-21.24
14.10	2111.32	0.00	-37.21
14.20	2087.21	0.00	-53.15
14.30	2054.65	0.00	-68.97
14.40	2013.58	0.00	-84.58
14.50	1963.94	0.00	-99.86
14.60	1905.68	0.00	-114.74
14.70	1838.83	0.00	-129.11
14.80	1763.40	0.00	-142.88
14.90	1679.49	0.00	-155.97
15.00	1587.20	0.00	-168.29
15.10	1486.72	0.00	-179.76
15.20	1378.26	0.00	-190.30
15.30	1262.11	0.00	-199.85
15.40	1138.61	0.00	-208.35
15.50	1008.16	0.00	-215.74
15.60	871.23	0.00	-221.96
15.70	728.35	0.00	-226.99
15.80	580.12	0.00	-230.78
15.90	427.20	0.00	-233.32
16.00	270.33	0.00	-234.57
16.10	110.29	0.00	-234.54
16.20	-52.09	0.00	-233.23
16.30	-215.90	0.00	-230.65
16.40	-380.22	0.00	-226.80
16.50	-544.07	0.00	-221.72
16.60	-706.45	0.00	-215.43
16.70	-866.34	0.00	-207.99
16.80	-1022.71	0.00	-199.43
16.90	-1174.52	0.00	-189.82
17.00	-1320.76	0.00	-179.20
17.10	-1460.43	0.00	-167.66
17.20	-1592.56	0.00	-155.25
17.30	-1716.23	0.00	-142.07
17.40	-1830.55	0.00	-128.19
17.50	-1934.73	0.00	-113.69
17.60	-2028.02	0.00	-98.67
17.70	-2109.76	0.00	-83.21
17.80	-2179.39	0.00	-67.42
17.90	-2236.43	0.00	-51.37
18.00	-2280.49	0.00	-35.17
18.10	-2311.31	0.00	-18.91
18.20	-2328.72	0.00	-2.68
18.30	-2332.65	0.00	13.42
18.40	-2324.69	0.00	29.31
18.50	-2308.76	0.00	44.91
18.60	-2285.13	0.00	60.11
18.70	-2253.89	0.00	74.86
18.80	-2215.15	0.00	89.06
18.90	-2169.02	0.00	102.66
19.00	-2115.61	0.00	115.58
19.10	-2055.04	0.00	127.76
19.20	-1987.47	0.00	139.15
19.30	-1913.06	0.00	149.69
19.40	-1831.99	0.00	159.35
19.50	-1744.47	0.00	168.08
19.60	-1650.73	0.00	175.85
19.70	-1551.03	0.00	182.64
19.80	-1445.67	0.00	188.43
19.90	-1334.98	0.00	193.20
20.00	-1219.31	0.00	196.94
20.10	-1099.07	0.00	199.66
20.20	-974.69	0.00	201.36
20.30	-846.65	0.00	202.05
20.40	-715.44	0.00	201.74
20.50	-581.61	0.00	200.45
20.60	-445.73	0.00	198.22
20.70	-308.40	0.00	195.07
20.80	-170.24	0.00	191.03
20.90	-31.91	0.00	186.14
21.00	105.95	0.00	180.45
21.10	242.64	0.00	174.00
21.20	377.49	0.00	166.84
21.30	509.82	0.00	159.02
21.40	638.95	0.00	150.59
21.50	764.22	0.00	141.61
21.60	884.97	0.00	132.14
21.70	1000.59	0.00	122.23
21.80	1110.46	0.00	111.95
21.90	1214.04	0.00	101.34
22.00	1310.79	0.00	90.48
22.10	1400.23	0.00	79.42
22.20	1481.94	0.00	68.23
22.30	1555.54	0.00	56.95
22.40	1620.70	0.00	45.65
22.50	1677.17	0.00	34.39
22.60	1724.72	0.00	23.21
22.70	1763.23	0.00	12.18
22.80	1792.62	0.00	1.34
22.90	1812.86	0.00	-9.25
23.00	1824.01	0.00	-19.56
23.10	1826.16	0.00	-29.52
23.20	1819.49	0.00	-39.11
23.30	1804.21	0.00	-48.29
23.40	1780.70	0.00	-57.01
23.50	1751.50	0.00	-65.24
23.60	1717.71	0.00	-72.97
23.70	1679.53	0.00	-80.15
23.80	1637.16	0.00	-86.76
23.90	1590.79	0.00	-92.80
24.00	1540.65	0.00	-98.23
24.10	1486.93	0.00	-103.05
24.20	1429.85	0.00	-107.25
24.30	1369.63	0.00	-110.82
24.40	1306.50	0.00	-113.76
24.50	1240.68	0.00	-116.08
24.60	1172.41	0.00	-117.77
24.70	1101.94	0.00	-118.85
24.80	1029.51	0.00	-119.33
24.90	955.38	0.00	-119.22
25.00	879.80	0.00	-118.54
25.10	803.04	0.00	-117.32
25.20	725.36	0.00	-115.58
25.30	647.03	0.00	-113.34
25.40	568.31	0.00	-110.64
25.50	489.49	0.00	-107.50
25.60	410.82	0.00	-103.97
25.70	332.56	0.00	-100.08
25.80	254.97	0.00	-95.86
25.90	178.30	0.00	-91.36
26.00	102.78	0.00	-86.61
26.10	28.65	0.00	-81.67
26.20	-43.87	0.00	-76.56
26.30	-114.60	0.00	-71.34
26.40	-183.33	0.00	-66.05
26.50	-249.91	0.00	-60.72
26.60	-314.18	0.00	-55.40
26.70	-376.00	0.00	-50.14
26.80	-435.27	0.00	-44.96
26.90	-491.90	0.00	-39.91
27.00	-545.80	0.00	-35.03
27.10	-596.92	0.00	-30.35
27.20	-645.24	0.00	-25.89
27.30	-690.73	0.00	-21.69
27.40	-733.40	0.00	-17.77
27.50	-773.28	0.00	-14.16
27.60	-810.38	0.00	-10.87
27.70	-844.78	0.00	-7.92
27.80	-876.52	0.00	-5.32
27.90	-905.69	0.00	-3.07
28.00	-932.35	0.00	-1.18
28.10	-956.61	0.00	0.35
28.20	-978.56	0.00	1.53
28.30	-998.28	0.00	2.36
28.40	-1015.88	0.00	2.87
28.50	-1031.45	0.00	3.07
28.60	-1045.07	0.00	2.98
28.70	-1056.83	0.00	2.63
28.80	-1066.80	0.00	2.04
28.90	-1075.04	0.00	1.24
29.00	-1081.62	0.00	0.28
29.10	-1086.56	0.00	-0.81
29.20	-1089.90	0.00	-2.00
29.30	-1091.83	0.00	-3.23
29.40	-1093.26	0.00	-4.48
29.50	-1094.29	0.00	-5.69
29.60	-1094.89	0.00	-6.81
29.70	-1094.99	0.00	-7.82
29.80	-1094.51	0.00	-8.66
29.90	-1093.36	0.00	-9.29
30.00	-1091.42	0.00	-9.67
30.10	-1088.54	0.00	-9.76
30.20	-1084.59	0.00	-9.52
30.30	-1079.37	0.00	-8.93
30.40	-1072.72	0.00	-7.95
30.50	-1064.43	0.00	-6.55
30.60	-1054.29	0.00	-4.72
30.70	-1042.07	0.00	-2.44
30.80	-1027.56	0.00	0.31
30.90	-1010.52	0.00	3.52
31.00	-990.72	0.00	7.22
31.10	-967.91	0.00	11.37
31.20	-941.87	0.00	15.99
31.30	-912.37	0.00	21.05
31.40	-879.19	0.00	26.53
31.50	-842.13	0.00	32.40
31.60	-801.01	0.00	38.63
31.70	-755.64	0.00	45.18
31.80	-705.90	0.00	52.01
31.90	-651.65	0.00	59.07
32.00	-592.81	0.00	66.30
32.10	-529.32	0.00	73.64
32.20	-461.16	0.00	81.04
32.30	-388.36	0.00	88.43
32.40	-310.97	0.00	95.74
32.50	-229.10	0.00	102.90
32.60	-142.92	0.00	109.84
32.70	-52.63	0.00	116.50
32.80	41.51	0.00	122.78
32.90	139.20	0.00	128.64
33.00	240.06	0.00	133.98
33.10	343.68	0.00	138.75
33.20	449.58	0.00	142.88
33.30	557.25	0.00	146.31
33.40	666.11	0.00	148.97
33.50	775.55	0.00	150.82
33.60	884.90	0.00	151.80
33.70	993.47	0.00	151.87
33.80	1100.53	0.00	151.00
33.90	1205.33	0.00	149.14
34.00	1307.07	0.00	146.29
34.10	1404.97	0.00	142.42
34.20	1498.24	0.00	137.53
34.30	1586.08	0.00	131.62
34.40	1667.70	0.00	124.69
34.50	1742.34	0.00	116.77
34.60	1809.26	0.00	107.87
34.70	1867.78	0.00	98.04
34.80	1917.23	0.00	87.31
34.90	1957.02	0.00	75.73
35.00	1986.88	0.00	63.37
35.10	2009.32	0.00	50.28
35.20	2024.87	0.00	36.54
35.30	2033.29	0.00	22.22
35.40	2034.32	0.00	7.42
35.50	2027.73	0.00	-7.78
35.60	2013.27	0.00	-23.28
35.70	1990.76	0.00	-38.99
35.80	1960.01	0.00	-54.81
35.90	1920.85	0.00	-70.62
36.00	1873.15	0.00	-86.32
36.10	1816.81	0.00	-101.82
36.20	1751.76	0.00	-116.99
36.30	1677.99	0.00	-131.73
36.40	1595.51	0.00	-145.95
36.50	1504.40	0.00	-159.53
36.60	1404.79	0.00	-172.37
36.70	1296.87	0.00	-184.39
36.80	1180.90	0.00	-195.49
36.90	1057.21	0.00	-205.58
37.00	926.19	0.00	-214.60
37.10	788.31	0.00	-222.46
37.20	644.13	0.00	-229.10
37.30	494.26	0.00	-234.47
37.40	339.40	0.00	-238.52
37.50	180.33	0.00	-241.20
37.60	17.89	0.00	-242.50
37.70	-147.03	0.00	-242.38
37.80	-313.44	0.00	-240.84
37.90	-480.33	0.00	-237.88
38.00	-646.63	0.00	-233.50
38.10	-811.24	0.00	-227.73
38.20	-973.03	0.00	-220.59
38.30	-1130.86	0.00	-212.11
38.40	-1283.58	0.00	-202.36
38.50	-1430.04	0.00	-191.37
38.60	-1569.14	0.00	-179.22
38.70	-1699.79	0.00	-165.97
38.80	-1820.96	0.00	-151.71
38.90	-1931.66	0.00	-136.52
39.00	-2031.00	0.00	-120.50
39.10	-2118.15	0.00	-103.74
39.20	-2192.39	0.00	-86.34
39.30	-2253.08	0.00	-68.41
39.40	-2299.70	0.00	-50.07
39.50	-2331.87	0.00	-31.42
39.60	-2349.30	0.00	-12.58
39.70	-2351.84	0.00	6.33
39.80	-2341.79	0.00	25.20
39.90	-2322.46	0.00	43.91
40.00	-2293.90	0.00	62.36
40.10	-2256.15	0.00	80.42
40.20	-2209.26	0.00	98.00
40.30	-2153.30	0.00	114.98
40.40	-2088.36	0.00	131.26
40.50	-2014.57	0.00	146.76
40.60	-1932.08	0.00	161.37
40.70	-1841.06	0.00	175.02
40.80	-1741.74	0.00	187.64
40.90	-1634.39	0.00	199.15
41.00	-1519.32	0.00	209.48
41.10	-1396.89	0.00	218.60
41.20	-1267.52	0.00	226.44
41.30	-1131.68	0.00	232.98
41.40	-989.90	0.00	238.18
41.50	-842.78	0.00	242.04
41.60	-690.95	0.00	244.52
41.70	-535.13	0.00	245.64
41.80	-376.08	0.00	245.39
41.90	-214.60	0.00	243.80
42.00	-51.56	0.00	240.88
42.10	112.14	0.00	236.67
42.20	275.57	0.00	231.20
42.30	437.76	0.00	224.52
42.40	597.73	0.00	216.67
42.50	754.49	0.00	207.73
42.60	907.04	0.00	197.74
42.70	1054.39	0.00	186.78
42.80	1195.58	0.00	174.92
42.90	1329.66	0.00	162.25
43.00	1455.73	0.00	148.83
43.10	1572.94	0.00	134.76
43.20	1680.50	0.00	120.12
43.30	1777.67	0.00	105.00
43.40	1863.81	0.00	89.49
43.50	1938.33	0.00	73.67
43.60	2000.76	0.00	57.64
43.70	2050.70	0.00	41.48
43.80	2087.85	0.00	25.29
43.90	2112.02	0.00	9.15
44.00	2123.12	0.00	-6.87
44.10	2121.16	0.00	-22.66
44.20	2107.22	0.00	-38.17
44.30	2084.77	0.00	-53.31
44.40	2054.18	0.00	-68.01
44.50	2015.58	0.00	-82.21
44.60	1969.09	0.00	-95.83
44.70	1914.85	0.00	-108.84
44.80	1853.03	0.00	-121.16
44.90	1783.77	0.00	-132.75
45.00	1707.26	0.00	-143.58
45.10	1623.71	0.00	-153.59
45.20	1533.34	0.00	-162.76
45.30	1436.40	0.00	-171.05
45.40	1333.18	0.00	-178.45
45.50	1223.97	0.00	-184.93
45.60	1109.13	0.00	-190.49
45.70	989.05	0.00	-195.10
45.80	864.13	0.00	-198.77
45.90	734.83	0.00	-201.50
46.00	601.66	0.00	-203.29
46.10	465.14	0.00	-204.15
46.20	325.85	0.00	-204.09
46.30	184.40	0.00	-203.12
46.40	41.43	0.00	-201.26
46.50	-102.38	0.00	-198.54
46.60	-246.34	0.00	-194.98
46.70	-389.71	0.00	-190.60
46.80	-531.74	0.00	-185.44
46.90	-671.68	0.00	-179.53
47.00	-808.76	0.00	-172.90
47.10	-942.20	0.00	-165.58
47.20	-1071.23	0.00	-157.61
47.30	-1195.09	0.00	-149.04
47.40	-1313.04	0.00	-139.89
47.50	-1424.35	0.00	-130.21
47.60	-1528.33	0.00	-120.05
47.70	-1624.32	0.00	-109.43
47.80	-1711.71	0.00	-98.41
47.90	-1789.93	0.00	-87.03
48.00	-1858.45	0.00	-75.34
48.10	-1916.83	0.00	-63.36
48.20	-1964.67	0.00	-51.16
48.30	-2001.63	0.00	-38.77
48.40	-2027.47	0.00	-26.24
48.50	-2042.02	0.00	-13.62
48.60	-2047.74	0.00	-0.94
48.70	-2046.27	0.00	11.75
48.80	-2037.59	0.00	24.40
48.90	-2021.68	0.00	36.96
49.00	-1998.50	0.00	49.41
49.10	-1968.03	0.00	61.68
49.20	-1930.25	0.00	73.74
49.30	-1885.14	0.00	85.54
49.40	-1832.69	0.00	97.04
49.50	-1772.90	0.00	108.20
49.60	-1705.79	0.00	118.97
49.70	-1631.39	0.00	129.32
49.80	-1549.76	0.00	139.20
49.90	-1460.98	0.00	148.57
50.00	-1365.18	0.00	157.39
50.10	-1262.49	0.00	165.63
50.20	-1153.12	0.00	173.25
50.30	-1037.29	0.00	180.22
50.40	-915.29	0.00	186.49
50.50	-787.44	0.00	192.05
50.60	-654.13	0.00	196.85
50.70	-515.79	0.00	200.87
50.80	-372.92	0.00	204.09
50.90	-226.05	0.00	206.49
51.00	-75.80	0.00	208.03
51.10	77.20	0.00	208.71
51.20	232.22	0.00	208.51
51.30	388.52	0.00	207.42
51.40	545.29	0.00	205.43
51.50	701.70	0.00	202.54
51.60	856.86	0.00	198.74
51.70	1009.88	0.00	194.05
51.80	1159.82	0.00	188.46
51.90	1305.73	0.00	181.98
52.00	1446.68	0.00	174.64
52.10	1581.72	0.00	166.45
52.20	1709.89	0.00	157.44
52.30	1830.30	0.00	147.63
52.40	1942.05	0.00	137.05
52.50	2044.30	0.00	125.75
52.60	2136.24	0.00	113.75
52.70	2217.13	0.00	101.11
52.80	2286.29	0.00	87.88
52.90	2343.13	0.00	74.10
53.00	2387.10	0.00	59.83
53.10	2417.79	0.00	45.13
53.20	2437.88	0.00	30.06
53.30	2450.19	0.00	14.69
53.40	2454.59	0.00	-0.91
53.50	2450.94	0.00	-16.69
53.60	2439.11	0.00	-32.55
53.70	2418.95	0.00	-48.43
53.80	2390.33	0.00	-64.26
53.90	2353.09	0.00	-79.96
54.00	2307.12	0.00	-95.45
54.10	2252.27	0.00	-110.65
54.20	2188.46	0.00	-125.49
54.30	2115.58	0.00	-139.90
54.40	2033.57	0.00	-153.79
54.50	1942.42	0.00	-167.09
54.60	1842.13	0.00	-179.74
54.70	1732.77	0.00	-191.66
54.80	1614.45	0.00	-202.79
54.90	1487.34	0.00	-213.07
55.00	1351.67	0.00	-222.43
55.10	1207.75	0.00	-230.81
55.20	1055.96	0.00	-238.18
55.30	896.76	0.00	-244.47
55.40	730.68	0.00	-249.66
55.50	558.34	0.00	-253.70
55.60	380.43	0.00	-256.56
55.70	197.73	0.00	-258.21
55.80	11.10	0.00	-258.65
55.90	-178.52	0.00	-257.85
56.00	-370.15	0.00	-255.81
56.10	-562.71	0.00	-252.52
56.20	-755.08	0.00	-248.01
56.30	-946.10	0.00	-242.27
56.40	-1134.57	0.00	-235.32
56.50	-1319.24	0.00	-227.20
56.60	-1498.88	0.00	-217.93
56.70	-1672.24	0.00	-207.56
56.80	-1838.07	0.00	-196.12
56.90	-1995.15	0.00	-183.68
57.00	-2142.31	0.00	-170.27
57.10	-2278.41	0.00	-155.98
57.20	-2402.39	0.00	-140.86
57.30	-2513.25	0.00	-124.98
57.40	-2610.09	0.00	-108.42
57.50	-2692.09	0.00	-91.26
57.60	-2758.56	0.00	-73.59
57.70	-2808.91	0.00	-55.49
57.80	-2842.69	0.00	-37.05
57.90	-2859.64	0.00	-18.36
58.00	-2864.73	0.00	0.49
58.10	-2861.02	0.00	19.39
58.20	-2848.44	0.00	38.26
58.30	-2826.90	0.00	57.00
58.40	-2796.31	0.00	75.52
58.50	-2756.58	0.00	93.72
58.60	-2707.59	0.00	111.51
58.70	-2649.26	0.00	128.80
58.80	-2581.48	0.00	145.50
58.90	-2504.18	0.00	161.53
59.00	-2417.31	0.00	176.80
59.10	-2320.84	0.00	191.25
59.20	-2214.78	0.00	204.79
59.30	-2099.19	0.00	217.36
59.40	-1974.17	0.00	228.90
59.50	-1839.88	0.00	239.35
59.60	-1696.56	0.00	248.66
59.70	-1544.51	0.00	256.78
59.80	-1384.10	0.00	263.67
59.90	-1215.78	0.00	269.32
60.00	-1040.11	0.00	273.67
60.10	-857.69	0.00	276.73
60.20	-669.24	0.00	278.48
60.30	-475.54	0.00	278.91
60.40	-277.47	0.00	278.03
60.50	-75.98	0.00	275.84
60.60	127.92	0.00	272.36
60.70	333.13	0.00	267.62
60.80	538.52	0.00	261.64
60.90	742.90	0.00	254.45
61.00	945.03	0.00	246.11
61.10	1143.67	0.00	236.64
61.20	1337.55	0.00	226.11
61.30	1525.39	0.00	214.57
61.40	1705.93	0.00	202.09
61.50	1877.94	0.00	188.71
61.60	2040.22	0.00	174.53
61.70	2191.62	0.00	159.60
61.80	2331.05	0.00	144.00
61.90	2457.52	0.00	127.81
62.00	2570.08	0.00	111.10
62.10	2667.92	0.00	93.96
62.20	2750.31	0.00	76.47
62.30	2816.66	0.00	58.70
62.40	2866.46	0.00	40.74
62.50	2899.37	0.00	22.68
62.60	2915.16	0.00	4.58
62.70	2914.26	0.00	-13.46
62.80	2903.02	0.00	-31.38
62.90	2883.27	0.00	-49.09
63.00	2854.98	0.00	-66.52
63.10	2818.12	0.00	-83.61
63.20	2772.64	0.00	-100.27
63.30	2718.49	0.00	-116.45
63.40	2655.60	0.00	-132.08
63.50	2583.90	0.00	-147.10
63.60	2503.33	0.00	-161.46
63.70	2413.84	0.00	-175.09
63.80	2315.42	0.00	-187.96
63.90	2208.04	0.00	-200.02
64.00	2091.75	0.00	-211.22
64.10	1966.62	0.00	-221.52
64.20	1832.76	0.00	-230.89
64.30	1690.37	0.00	-239.30
64.40	1539.68	0.00	-246.73
64.50	1380.98	0.00	-253.13
64.60	1214.67	0.00	-258.51
64.70	1041.19	0.00	-262.83
64.80	861.07	0.00	-266.09
64.90	674.93	0.00	-268.27
65.00	483.46	0.00	-269.38
65.10	287.42	0.00	-269.39
65.20	87.67	0.00	-268.33
65.30	-114.87	0.00	-266.18
65.40	-319.20	0.00	-262.95
65.50	-524.28	0.00	-258.66
65.60	-728.98	0.00	-253.32
65.70	-932.13	0.00	-246.94
65.80	-1132.55	0.00	-239.54
65.90	-1328.99	0.00	-231.14
66.00	-1520.19	0.00	-221.78
66.10	-1704.91	0.00	-211.47
66.20	-1881.88	0.00	-200.25
66.30	-2049.87	0.00	-188.15
66.40	-2207.66	0.00	-175.22
66.50	-2354.10	0.00	-161.48
66.60	-2488.07	0.00	-147.00
66.70	-2608.53	0.00	-131.81
66.80	-2714.52	0.00	-115.96
66.90	-2805.17	0.00	-99.51
67.00	-2879.71	0.00	-82.52
67.10	-2937.49	0.00	-65.04
67.20	-2977.96	0.00	-47.15
67.30	-3000.72	0.00	-28.89
67.40	-3008.81	0.00	-10.35
67.50	-3007.88	0.00	8.40
67.60	-2997.94	0.00	27.30
67.70	-2978.81	0.00	46.27
67.80	-2950.33	0.00	65.22
67.90	-2912.30	0.00	84.08
68.00	-2864.52	0.00	102.76
68.10	-2806.76	0.00	121.19
68.20	-2738.82	0.00	139.28
68.30	-2660.46	0.00	156.95
68.40	-2571.51	0.00	174.11
68.50	-2471.78	0.00	190.68
68.60	-2361.15	0.00	206.57
68.70	-2239.51	0.00	221.71
68.80	-2106.84	0.00	236.02
68.90	-1963.17	0.00	249.40
69.00	-1808.59	0.00	261.80
69.10	-1643.32	0.00	273.13
69.20	-1467.62	0.00	283.34
69.30	-1281.90	0.00	292.35
69.40	-1086.64	0.00	300.10
69.50	-882.45	0.00	306.54
69.60	-670.07	0.00	311.61
69.70	-450.32	0.00	315.28
69.80	-224.18	0.00	317.51
69.90	7.29	0.00	318.27
70.00	242.90	0.00	317.52
70.10	481.35	0.00	315.26
70.20	721.26	0.00	311.48
70.30	961.16	0.00	306.17
70.40	1199.50	0.00	299.34
70.50	1434.65	0.00	291.01
70.60	1664.98	0.00	281.20
70.70	1888.80	0.00	269.93
70.80	2104.40	0.00	257.26
70.90	2310.10	0.00	243.21
71.00	2504.24	0.00	227.86
71.10	2685.20	0.00	211.27
71.20	2851.43	0.00	193.49
71.30	3001.48	0.00	174.62
71.40	3133.98	0.00	154.73
71.50	3247.69	0.00	133.92
71.60	3341.53	0.00	112.28
71.70	3414.54	0.00	89.91
71.80	3465.96	0.00	66.92
71.90	3496.54	0.00	43.43
72.00	3515.28	0.00	19.55
72.10	3523.80	0.00	-4.61
72.20	3521.92	0.00	-28.93
72.30	3509.44	0.00	-53.27
72.40	3486.09	0.00	-77.52
72.50	3451.62	0.00	-101.56
72.60	3405.71	0.00	-125.25
72.70	3348.05	0.00	-148.49
72.80	3278.31	0.00	-171.13
72.90	3196.18	0.00	-193.08
73.00	3101.35	0.00	-214.20
73.10	2993.55	0.00	-234.40
73.20	2872.55	0.00	-253.55
73.30	2738.17	0.00	-271.57
73.40	2590.31	0.00	-288.34
73.50	2428.96	0.00	-303.79
73.60	2254.19	0.00	-317.83
73.70	2066.20	0.00	-330.38
73.80	1865.29	0.00	-341.37
73.90	1651.91	0.00	-350.74
74.00	1426.65	0.00	-358.44
74.10	1190.22	0.00	-364.42
74.20	943.50	0.00	-368.65
74.30	687.50	0.00	-371.10
74.40	423.41	0.00	-371.75
74.50	152.52	0.00	-370.60
74.60	-123.70	0.00	-367.64
74.70	-403.69	0.00	-362.90
74.80	-685.76	0.00	-356.38
74.90	-968.11	0.00	-348.12
75.00	-1248.85	0.00	-338.15
75.10	-1526.05	0.00	-326.53
75.20	-1797.71	0.00	-313.30
75.30	-2061.81	0.00	-298.53
75.40	-2316.33	0.00	-282.30
75.50	-2559.27	0.00	-264.67
75.60	-2788.66	0.00	-245.74
75.70	-3002.63	0.00	-225.60
75.80	-3199.36	0.00	-204.35
75.90	-3377.18	0.00	-182.08
76.00	-3534.53	0.00	-158.92
76.10	-3670.03	0.00	-134.96
76.20	-3782.45	0.00	-110.34
76.30	-3870.78	0.00	-85.17
76.40	-3934.18	0.00	-59.57
76.50	-3972.06	0.00	-33.66
76.60	-3987.60	0.00	-7.59
76.70	-3992.40	0.00	18.54
76.80	-3987.31	0.00	44.58
76.90	-3972.21	0.00	70.42
77.00	-3946.92	0.00	95.93
77.10	-3911.20	0.00	120.98
77.20	-3864.80	0.00	145.45
77.30	-3807.38	0.00	169.23
77.40	-3738.63	0.00	192.19
77.50	-3658.20	0.00	214.23
77.60	-3565.74	0.00	235.24
77.70	-3460.93	0.00	255.12
77.80	-3343.47	0.00	273.77
77.90	-3213.12	0.00	291.10
78.00	-3069.68	0.00	307.04
78.10	-2913.06	0.00	321.50
78.20	-2743.23	0.00	334.41
78.30	-2560.29	0.00	345.72
78.40	-2364.45	0.00	355.38
78.50	-2156.03	0.00	363.32
78.60	-1935.51	0.00	369.53
78.70	-1703.51	0.00	373.97
78.80	-1460.78	0.00	376.63
78.90	-1208.23	0.00	377.49
79.00	-946.92	0.00	376.55
79.10	-678.05	0.00	373.83
79.20	-402.95	0.00	369.34
79.30	-123.08	0.00	363.10
79.40	159.98	0.00	355.16
79.50	444.55	0.00	345.55
79.60	728.87	0.00	334.33
79.70	1011.09	0.00	321.56
79.80	1289.34	0.00	307.31
79.90	1561.70	0.00	291.65
80.00	1826.26	0.00	274.67
80.10	2081.10	0.00	256.46
80.20	2324.38	0.00	237.12
80.30	2554.27	0.00	216.74
80.40	2769.06	0.00	195.44
80.50	2967.14	0.00	173.33
80.60	3147.01	0.00	150.53
80.70	3307.33	0.00	127.15
80.80	3446.89	0.00	103.32
80.90	3564.70	0.00	79.16
81.00	3659.92	0.00	54.81
81.10	3731.92	0.00	30.38
81.20	3780.27	0.00	6.00
81.30	3804.76	0.00	-18.19
81.40	3805.37	0.00	-42.08
81.50	3783.24	0.00	-65.54
81.60	3749.37	0.00	-88.45
81.70	3706.89	0.00	-110.70
81.80	3655.84	0.00	-132.18
81.90	3596.24	0.00	-152.78
82.00	3528.07	0.00	-172.40
82.10	3451.30	0.00	-190.95
82.20	3365.88	0.00	-208.34
82.30	3271.76	0.00	-224.49
82.40	3168.92	0.00	-239.33
82.50	3057.32	0.00	-252.80
82.60	2937.00	0.00	-264.83
82.70	2807.99	0.00	-275.39
82.80	2670.41	0.00	-284.44
82.90	2524.41	0.00	-291.95
83.00	2370.23	0.00	-297.90
83.10	2208.15	0.00	-302.29
83.20	2038.56	0.00	-305.12
83.30	1861.90	0.00	-306.38
83.40	1678.72	0.00	-306.12
83.50	1489.62	0.00	-304.34
83.60	1295.32	0.00	-301.10
83.70	1096.57	0.00	-296.43
83.80	894.22	0.00	-290.38
83.90	689.19	0.00	-283.02
84.00	482.43	0.00	-274.42
84.10	274.98	0.00	-264.65
84.20	67.88	0.00	-253.78
84.30	-137.78	0.00	-241.90
84.40	-340.89	0.00	-229.09
84.50	-540.36	0.00	-215.46
84.60	-735.09	0.00	-201.09
84.70	-923.99	0.00	-186.09
84.80	-1106.01	0.00	-170.54
84.90	-1280.16	0.00	-154.56
85.00	-1445.47	0.00	-138.23
85.10	-1601.07	0.00	-121.67
85.20	-1746.15	0.00	-104.96
85.30	-1879.97	0.00	-88.21
85.40	-2001.89	0.00	-71.50
85.50	-2111.37	0.00	-54.94
85.60	-2207.97	0.00	-38.59
85.70	-2291.34	0.00	-22.56
85.80	-2361.26	0.00	-6.92
85.90	-2417.58	0.00	8.26
86.00	-2460.30	0.00	22.91
86.10	-2489.49	0.00	36.96
86.20	-2505.33	0.00	50.37
86.30	-2508.09	0.00	63.07
86.40	-2498.15	0.00	75.02
86.50	-2475.95	0.00	86.18
86.60	-2442.02	0.00	96.52
86.70	-2396.96	0.00	106.01
86.80	-2341.57	0.00	114.63
86.90	-2280.27	0.00	122.36
87.00	-2215.07	0.00	129.20
87.10	-2146.26	0.00	135.15
87.20	-2074.12	0.00	140.20
87.30	-1998.91	0.00	144.36
87.40	-1920.92	0.00	147.66
87.50	-1840.39	0.00	150.09
87.60	-1757.60	0.00	151.69
87.70	-1672.81	0.00	152.48
87.80	-1586.28	0.00	152.50
87.90	-1498.28	0.00	151.77
88.00	-1409.08	0.00	150.33
88.10	-1318.94	0.00	148.22
88.20	-1228.13	0.00	145.48
88.30	-1136.94	0.00	142.16
88.40	-1045.63	0.00	138.30
88.50	-954.48	0.00	133.94
88.60	-863.75	0.00	129.14
88.70	-773.71	0.00	123.94
88.80	-684.64	0.00	118.39
88.90	-596.78	0.00	112.54
89.00	-510.39	0.00	106.44
89.10	-425.70	0.00	100.13
89.20	-342.95	0.00	93.67
89.30	-262.34	0.00	87.09
89.40	-184.09	0.00	80.45
89.50	-108.37	0.00	73.78
89.60	-35.35	0.00	67.13
89.70	34.82	0.00	60.54
89.80	102.01	0.00	54.05
89.90	166.12	0.00	47.69
90.00	227.06	0.00	41.49
90.10	284.76	0.00	35.50
90.20	339.19	0.00	29.73
90.30	390.31	0.00	24.22
90.40	438.14	0.00	18.98
90.50	482.69	0.00	14.05
90.60	524.01	0.00	9.43
90.70	562.15	0.00	5.15
90.80	597.19	0.00	1.21
90.90	629.23	0.00	-2.36
91.00	658.38	0.00	-5.57
91.10	684.75	0.00	-8.41
91.20	708.49	0.00	-10.88
91.30	729.74	0.00	-12.98
91.40	748.65	0.00	-14.71
91.50	765.38	0.00	-16.07
91.60	780.10	0.00	-17.08
91.70	792.97	0.00	-17.75
91.80	804.16	0.00	-18.09
91.90	813.83	0.00	-18.11
92.00	822.14	0.00	-17.84
92.10	829.25	0.00	-17.29
92.20	835.31	0.00	-16.48
92.30	840.46	0.00	-15.44
92.40	844.83	0.00	-14.19
92.50	848.55	0.00	-12.75
92.60	851.72	0.00	-11.16
92.70	854.44	0.00	-9.43
92.80	856.80	0.00	-7.60
92.90	858.85	0.00	-5.70
93.00	860.66	0.00	-3.75
93.10	862.26	0.00	-1.79
93.20	863.68	0.00	0.17
93.30	864.92	0.00	2.09
93.40	865.98	0.00	3.94
93.50	866.83	0.00	5.70
93.60	867.44	0.00	7.34
93.70	867.88	0.00	8.84
93.80	868.67	0.00	10.17
93.90	869.80	0.00	11.33
94.00	871.19	0.00	12.28
94.10	872.73	0.00	13.01
94.20	874.33	0.00	13.50
94.30	875.86	0.00	13.75
94.40	877.21	0.00	13.74
94.50	878.25	0.00	13.46
94.60	878.84	0.00	12.91
94.70	878.85	0.00	12.08
94.80	878.13	0.00	10.97
94.90	876.54	0.00	9.60
95.00	873.93	0.00	7.95
95.10	870.15	0.00	6.03
95.20	865.06	0.00	3.86
95.30	858.52	0.00	1.44
95.40	850.37	0.00	-1.20
95.50	840.49	0.00	-4.07
95.60	828.74	0.00	-7.14
95.70	815.00	0.00	-10.39
95.80	799.14	0.00	-13.80
95.90	781.05	0.00	-17.35
96.00	760.64	0.00	-21.01
96.10	737.82	0.00	-24.78
96.20	712.49	0.00	-28.61
96.30	684.60	0.00	-32.48
96.40	654.09	0.00	-36.38
96.50	620.93	0.00	-40.26
96.60	585.08	0.00	-44.11
96.70	546.54	0.00	-47.90
96.80	505.31	0.00	-51.61
96.90	461.41	0.00	-55.21
97.00	414.90	0.00	-58.67
97.10	365.82	0.00	-61.97
97.20	314.25	0.00	-65.10
97.30	260.29	0.00	-68.02
97.40	204.06	0.00	-70.72
97.50	145.67	0.00	-73.18
97.60	85.29	0.00	-75.38
97.70	23.09	0.00	-77.31
97.80	-40.76	0.00	-78.96
97.90	-106.05	0.00	-80.30
98.00	-172.57	0.00	-81.34
98.10	-240.07	0.00	-82.07
98.20	-308.32	0.00	-82.47
98.30	-377.04	0.00	-82.54
98.40	-445.98	0.00	-82.29
98.50	-514.84	0.00	-81.71
98.60	-583.34	0.00	-80.79
98.70	-651.17	0.00	-79.55
98.80	-718.04	0.00	-77.99
98.90	-783.64	0.00	-76.12
99.00	-847.66	0.00	-73.93
99.10	-909.79	0.00	-71.45
99.20	-969.73	0.00	-68.68
99.30	-1027.17	0.00	-65.63
99.40	-1081.83	0.00	-62.32
99.50	-1133.42	0.00	-58.76
99.60	-1181.67	0.00	-54.96
99.70	-1226.30	0.00	-50.95
99.80	-1267.09	0.00	-46.73
99.90	-1303.79	0.00	-42.32
100.00	-1336.18	0.00	-37.74
100.10	-1364.09	0.00	-33.01
100.20	-1387.33	0.00	-28.15
100.30	-1405.75	0.00	-23.17
100.40	-1419.22	0.00	-18.09
100.50	-1427.99	0.00	-12.92
100.60	-1433.55	0.00	-7.69
100.70	-1436.01	0.00	-2.42
100.80	-1435.35	0.00	2.89
100.90	-1431.52	0.00	8.21
101.00	-1424.47	0.00	13.53
101.10	-1414.18	0.00	18.84
101.20	-1400.60	0.00	24.11
101.30	-1383.70	0.00	29.33
101.40	-1363.44	0.00	34.49
101.50	-1339.79	0.00	39.58
101.60	-1312.73	0.00	44.57
101.70	-1282.24	0.00	49.47
101.80	-1248.29	0.00	54.25
101.90	-1210.87	0.00	58.91
102.00	-1169.99	0.00	63.42
102.10	-1125.63	0.00	67.79
102.20	-1077.82	0.00	72.00
102.30	-1026.57	0.00	76.03
102.40	-971.93	0.00	79.88
102.50	-913.94	0.00	83.54
102.60	-852.66	0.00	87.00
102.70	-788.17	0.00	90.24
102.80	-720.56	0.00	93.26
102.90	-649.94	0.00	96.04
103.00	-576.44	0.00	98.58
103.10	-500.21	0.00	100.87
103.20	-421.41	0.00	102.89
103.30	-340.23	0.00	104.64
103.40	-256.88	0.00	106.10
103.50	-171.59	0.00	107.27
103.60	-84.59	0.00	108.14
103.70	3.83	0.00	108.69
103.80	93.39	0.00	108.93
103.90	183.78	0.00	108.83
104.00	274.67	0.00	108.40
104.10	365.73	0.00	107.62
104.20	456.59	0.00	106.49
104.30	546.88	0.00	105.00
104.40	636.21	0.00	103.15
104.50	724.19	0.00	100.94
104.60	810.41	0.00	98.35
104.70	894.46	0.00	95.39
104.80	975.94	0.00	92.06
104.90	1054.41	0.00	88.37
105.00	1129.49	0.00	84.30
105.10	1200.76	0.00	79.87
105.20	1267.83	0.00	75.09
105.30	1330.32	0.00	69.96
105.40	1387.85	0.00	64.49
105.50	1440.08	0.00	58.70
105.60	1486.69	0.00	52.59
105.70	1527.38	0.00	46.19
105.80	1561.86	0.00	39.52
105.90	1589.90	0.00	32.59
106.00	1611.29	0.00	25.42
106.10	1625.85	0.00	18.05
106.20	1633.46	0.00	10.49
106.30	1634.13	0.00	2.78
106.40	1629.75	0.00	-5.05
106.50	1620.94	0.00	-12.97
106.60	1607.64	0.00	-20.96
106.70	1589.81	0.00	-28.96
106.80	1567.42	0.00	-36.95
106.90	1540.43	0.00	-44.90
107.00	1508.84	0.00	-52.76
107.10	1472.63	0.00	-60.49
107.20	1431.80	0.00	-68.06
107.30	1386.37	0.00	-75.42
107.40	1336.38	0.00	-82.55
107.50	1281.87	0.00	-89.39
107.60	1222.91	0.00	-95.92
107.70	1159.60	0.00	-102.10
107.80	1092.04	0.00	-107.89
107.90	1020.37	0.00	-113.25
108.00	944.76	0.00	-118.17
108.10	865.39	0.00	-122.60
108.20	782.48	0.00	-126.51
108.30	696.28	0.00	-129.89
108.40	607.06	0.00	-132.71
108.50	515.11	0.00	-134.94
108.60	420.78	0.00	-136.58
108.70	324.41	0.00	-137.61
108.80	226.39	0.00	-138.02
108.90	127.13	0.00	-137.79
109.00	27.06	0.00	-136.94
109.10	-73.37	0.00	-135.45
109.20	-173.70	0.00	-133.33
109.30	-273.44	0.00	-130.58
109.40	-372.09	0.00	-127.23
109.50	-469.17	0.00	-123.28
109.60	-564.16	0.00	-118.75
109.70	-656.55	0.00	-113.66
109.80	-745.86	0.00	-108.04
109.90	-831.59	0.00	-101.92
110.00	-913.27	0.00	-95.32
110.10	-990.43	0.00	-88.28
110.20	-1062.65	0.00	-80.83
110.30	-1129.51	0.00	-73.02
110.40	-1190.63	0.00	-64.88
110.50	-1245.68	0.00	-56.47
110.60	-1294.34	0.00	-47.81
110.70	-1336.34	0.00	-38.96
110.80	-1371.47	0.00	-29.97
110.90	-1399.54	0.00	-20.87
111.00	-1420.41	0.00	-11.73
111.10	-1434.02	0.00	-2.58
111.20	-1440.32	0.00	6.52
111.30	-1439.32	0.00	15.52
111.40	-1431.09	0.00	24.39
111.50	-1415.74	0.00	33.07
111.60	-1393.77	0.00	41.53
111.70	-1366.82	0.00	49.71
111.80	-1335.19	0.00	57.58
111.90	-1299.00	0.00	65.11
112.00	-1258.41	0.00	72.24
112.10	-1213.55	0.00	78.96
112.20	-1164.61	0.00	85.22
112.30	-1111.76	0.00	91.01
112.40	-1055.20	0.00	96.29
112.50	-995.14	0.00	101.05
112.60	-931.81	0.00	105.26
112.70	-865.45	0.00	108.92
112.80	-796.31	0.00	112.00
112.90	-724.67	0.00	114.50
113.00	-650.81	0.00	116.42
113.10	-575.04	0.00	117.74
113.20	-497.67	0.00	118.49
113.30	-419.02	0.00	118.65
113.40	-339.44	0.00	118.23
113.50	-259.28	0.00	117.25
113.60	-178.88	0.00	115.72
113.70	-98.61	0.00	113.66
113.80	-18.84	0.00	111.08
113.90	60.05	0.00	108.00
114.00	137.71	0.00	104.46
114.10	213.76	0.00	100.46
114.20	287.84	0.00	96.05
114.30	359.60	0.00	91.24
114.40	428.68	0.00	86.07
114.50	494.77	0.00	80.57
114.60	557.53	0.00	74.78
114.70	616.68	0.00	68.72
114.80	671.92	0.00	62.42
114.90	723.01	0.00	55.94
115.00	769.70	0.00	49.28
115.10	811.79	0.00	42.50
115.20	849.10	0.00	35.63
115.30	881.48	0.00	28.69
115.40	908.80	0.00	21.73
115.50	930.97	0.00	14.78
115.60	947.92	0.00	7.86
115.70	959.64	0.00	1.01
115.80	966.12	0.00	-5.74
115.90	967.39	0.00	-12.36
116.00	963.52	0.00	-18.82
116.10	954.60	0.00	-25.11
116.20	940.75	0.00	-31.18
116.30	922.13	0.00	-37.02
116.40	899.40	0.00	-42.61
116.50	873.06	0.00	-47.93
116.60	843.25	0.00	-52.95
116.70	810.14	0.00	-57.65
116.80	773.87	0.00	-62.03
116.90	734.61	0.00	-66.07
117.00	692.56	0.00	-69.75
117.10	647.89	0.00	-73.07
117.20	600.80	0.00	-76.01
117.30	551.51	0.00	-78.57
117.40	500.22	0.00	-80.74
117.50	447.17	0.00	-82.52
117.60	392.58	0.00	-83.89
117.70	336.70	0.00	-84.87
117.80	279.78	0.00	-85.45
117.90	222.07	0.00	-85.64
118.00	163.82	0.00	-85.43
118.10	105.32	0.00	-84.83
118.20	46.82	0.00	-83.86
118.30	-11.41	0.00	-82.50
118.40	-69.08	0.00	-80.79
118.50	-125.93	0.00	-78.71
118.60	-181.68	0.00	-76.30
118.70	-236.07	0.00	-73.55
118.80	-288.83	0.00	-70.49
118.90	-339.70	0.00	-67.14
119.00	-388.43	0.00	-63.49
119.10	-434.79	0.00	-59.59
119.20	-478.53	0.00	-55.43
119.30	-519.45	0.00	-51.06
119.40	-557.34	0.00	-46.47
119.50	-592.00	0.00	-41.70
119.60	-623.28	0.00	-36.78
119.70	-651.01	0.00	-31.71
119.80	-675.07	0.00	-26.53
119.90	-695.34	0.00	-21.26
120.00	-711.73	0.00	-15.93
120.10	-724.18	0.00	-10.55
120.20	-732.63	0.00	-5.16
120.30	-737.06	0.00	0.22
120.40	-737.50	0.00	5.57
120.50	-734.36	0.00	10.85
120.60	-727.82	0.00	16.05
120.70	-717.92	0.00	21.14
120.80	-704.72	0.00	26.10
120.90	-688.30	0.00	30.90
121.00	-668.72	0.00	35.52
121.10	-646.10	0.00	39.95
121.20	-620.52	0.00	44.15
121.30	-592.11	0.00	48.11
121.40	-560.98	0.00	51.82
121.50	-527.29	0.00	55.25
121.60	-491.16	0.00	58.40
121.70	-452.77	0.00	61.24
121.80	-412.28	0.00	63.77
121.90	-369.86	0.00	65.97
122.00	-325.71	0.00	67.84
122.10	-280.01	0.00	69.37
122.20	-232.97	0.00	70.56
122.30	-184.81	0.00	71.40
122.40	-135.73	0.00	71.89
122.50	-85.97	0.00	72.03
122.60	-35.74	0.00	71.83
122.70	14.72	0.00	71.29
122.80	65.17	0.00	70.42
122.90	115.38	0.00	69.22
123.00	165.12	0.00	67.71
123.10	214.16	0.00	65.89
123.20	262.25	0.00	63.79
123.30	309.18	0.00	61.41
123.40	354.72	0.00	58.78
123.50	398.66	0.00	55.90
123.60	440.80	0.00	52.80
123.70	480.92	0.00	49.50
123.80	518.86	0.00	46.01
123.90	554.43	0.00	42.36
124.00	587.47	0.00	38.57
124.10	617.83	0.00	34.66
124.20	645.38	0.00	30.65
124.30	670.01	0.00	26.57
124.40	691.61	0.00	22.43
124.50	710.10	0.00	18.26
124.60	725.41	0.00	14.07
124.70	737.49	0.00	9.90
124.80	746.31	0.00	5.75
124.90	751.89	0.00	1.66
125.00	754.65	0.00	-2.38
125.10	754.73	0.00	-6.33
125.20	752.17	0.00	-10.18
125.30	747.02	0.00	-13.92
125.40	739.30	0.00	-17.53
125.50	729.07	0.00	-21.00
125.60	716.40	0.00	-24.33
125.70	701.32	0.00	-27.49
125.80	683.93	0.00	-30.49
125.90	664.27	0.00	-33.31
126.00	642.44	0.00	-35.96
126.10	618.50	0.00	-38.42
126.20	592.54	0.00	-40.70
126.30	564.64	0.00	-42.79
126.40	534.90	0.00	-44.69
126.50	503.40	0.00	-46.41
126.60	470.25	0.00	-47.94
126.70	435.54	0.00	-49.29
126.80	399.37	0.00	-50.47
126.90	361.85	0.00	-51.47
127.00	323.08	0.00	-52.31
127.10	283.18	0.00	-52.98
127.20	242.25	0.00	-53.50
127.30	200.41	0.00	-53.87
127.40	157.77	0.00	-54.10
127.50	114.45	0.00	-54.19
127.60	70.58	0.00	-54.15
127.70	26.27	0.00	-53.99
127.80	-18.35	0.00	-53.71
127.90	-63.16	0.00	-53.32
128.00	-108.03	0.00	-52.83
128.10	-152.83	0.00	-52.23
128.20	-197.44	0.00	-51.54
128.30	-241.71	0.00	-50.75
128.40	-285.51	0.00	-49.88
128.50	-328.72	0.00	-48.92
128.60	-371.20	0.00	-47.87
128.70	-412.81	0.00	-46.74
128.80	-453.41	0.00	-45.52
128.90	-492.87	0.00	-44.22
129.00	-531.06	0.00	-42.83
129.10	-567.83	0.00	-41.36
129.20	-603.05	0.00	-39.79
129.30	-636.58	0.00	-38.13
129.40	-668.30	0.00	-36.37
129.50	-698.07	0.00	-34.52
129.60	-725.76	0.00	-32.56
129.70	-751.26	0.00	-30.49
129.80	-774.42	0.00	-28.31
129.90	-795.15	0.00	-26.02
130.00	-813.32	0.00	-23.60
130.10	-828.83	0.00	-21.07
130.20	-841.58	0.00	-18.41
130.30	-851.47	0.00	-15.63
130.40	-858.59	0.00	-12.72
130.50	-863.39	0.00	-9.68
130.60	-865.88	0.00	-6.52
130.70	-866.00	0.00	-3.23
130.80	-863.68	0.00	0.18
130.90	-858.88	0.00	3.70
131.00	-851.54	0.00	7.34
131.10	-841.61	0.00	11.07
131.20	-829.05	0.00	14.90
131.30	-813.83	0.00	18.81
131.40	-795.90	0.00	22.79
131.50	-775.24	0.00	26.82
131.60	-751.83	0.00	30.90
131.70	-725.66	0.00	34.99
131.80	-696.73	0.00	39.09
131.90	-665.05	0.00	43.17
132.00	-630.65	0.00	47.21
132.10	-593.56	0.00	51.19
132.20	-553.83	0.00	55.08
132.30	-511.52	0.00	58.86
132.40	-466.73	0.00	62.51
132.50	-419.55	0.00	65.99
132.60	-370.09	0.00	69.28
132.70	-318.49	0.00	72.35
132.80	-264.91	0.00	75.18
132.90	-209.52	0.00	77.73
133.00	-152.51	0.00	79.99
133.10	-94.08	0.00	81.93
133.20	-34.48	0.00	83.53
133.30	26.06	0.00	84.75
133.40	87.27	0.00	85.59
133.50	148.87	0.00	86.02
133.60	210.58	0.00	86.03
133.70	272.07	0.00	85.60
133.80	333.05	0.00	84.72
133.90	393.17	0.00	83.38
134.00	452.11	0.00	81.57
134.10	509.54	0.00	79.30
134.20	565.11	0.00	76.56
134.30	618.49	0.00	73.36
134.40	669.34	0.00	69.70
134.50	717.35	0.00	65.60
134.60	762.20	0.00	61.07
134.70	803.58	0.00	56.13
134.80	841.22	0.00	50.79
134.90	874.85	0.00	45.10
135.00	904.23	0.00	39.07
135.10	929.14	0.00	32.74
135.20	949.39	0.00	26.13
135.30	964.83	0.00	19.30
135.40	975.32	0.00	12.27
135.50	980.78	0.00	5.10
135.60	981.14	0.00	-2.18
135.70	976.39	0.00	-9.52
135.80	966.74	0.00	-16.87
135.90	952.94	0.00	-24.18
136.00	935.07	0.00	-31.40
136.10	913.19	0.00	-38.50
136.20	887.39	0.00	-45.40
136.30	857.78	0.00	-52.08
136.40	824.46	0.00	-58.47
136.50	787.58	0.00	-64.54
136.60	747.31	0.00	-70.24
136.70	703.84	0.00	-75.54
136.80	657.37	0.00	-80.38
136.90	608.12	0.00	-84.73
137.00	556.36	0.00	-88.56
137.10	502.34	0.00	-91.85
137.20	446.36	0.00	-94.55
137.30	388.72	0.00	-96.66
137.40	329.73	0.00	-98.16
137.50	269.74	0.00	-99.03
137.60	209.09	0.00	-99.26
137.70	148.14	0.00	-98.84
137.80	87.26	0.00	-97.79
137.90	26.81	0.00	-96.10
138.00	-32.82	0.00	-93.79
138.10	-91.26	0.00	-90.87
138.20	-148.15	0.00	-87.35
138.30	-203.11	0.00	-83.27
138.40	-255.80	0.00	-78.65
138.50	-305.88	0.00	-73.52
138.60	-353.01	0.00	-67.93
138.70	-396.89	0.00	-61.90
138.80	-437.24	0.00	-55.49
138.90	-473.81	0.00	-48.73
139.00	-506.35	0.00	-41.68
139.10	-534.68	0.00	-34.39
139.20	-558.62	0.00	-26.91
139.30	-578.03	0.00	-19.29
139.40	-592.83	0.00	-11.59
139.50	-602.95	0.00	-3.86
139.60	-608.36	0.00	3.83
139.70	-609.08	0.00	11.44
139.80	-605.16	0.00	18.92
139.90	-596.68	0.00	26.19
140.00	-583.77	0.00	33.22
140.10	-566.59	0.00	39.96
140.20	-545.32	0.00	46.36
140.30	-520.18	0.00	52.36
140.40	-491.43	0.00	57.94
140.50	-459.34	0.00	63.05
140.60	-424.21	0.00	67.65
140.70	-386.38	0.00	71.73
140.80	-346.31	0.00	75.24
140.90	-304.29	0.00	78.16
141.00	-260.66	0.00	80.49
141.10	-215.74	0.00	82.20
141.20	-169.88	0.00	83.29
141.30	-123.41	0.00	83.75
141.40	-76.71	0.00	83.58
141.50	-30.12	0.00	82.79
141.60	16.01	0.00	81.38
141.70	61.31	0.00	79.38
141.80	105.43	0.00	76.80
141.90	148.03	0.00	73.66
142.00	188.79	0.00	69.99
142.10	227.37	0.00	65.83
142.20	263.48	0.00	61.20
142.30	296.83	0.00	56.14
142.40	327.15	0.00	50.69
142.50	354.20	0.00	44.90
142.60	377.79	0.00	38.81
142.70	397.85	0.00	32.46
142.80	414.24	0.00	25.91
142.90	426.85	0.00	19.20
143.00	435.58	0.00	12.39
143.10	440.38	0.00	5.51
143.20	441.19	0.00	-1.37
143.30	438.01	0.00	-8.21
143.40	430.83	0.00	-14.97
143.50	419.70	0.00	-21.59
143.60	404.67	0.00	-28.03
143.70	385.81	0.00	-34.25
143.80	363.23	0.00	-40.21
143.90	337.05	0.00	-45.87
144.00	307.41	0.00	-51.20
144.10	274.49	0.00	-56.16
144.20	238.47	0.00	-60.72
144.30	199.55	0.00	-64.87
144.40	157.95	0.00	-68.58
144.50	113.91	0.00	-71.84
144.60	67.69	0.00	-74.62
144.70	19.55	0.00	-76.93
144.80	-30.22	0.00	-78.75
144.90	-81.34	0.00	-80.08
145.00	-133.51	0.00	-80.93
145.10	-186.41	0.00	-81.29
145.20	-239.74	0.00	-81.18
145.30	-293.17	0.00	-80.61
145.40	-346.39	0.00	-79.59
145.50	-399.08	0.00	-78.15
145.60	-450.92	0.00	-76.29
145.70	-501.59	0.00	-74.04
145.80	-550.80	0.00	-71.42
145.90	-598.24	0.00	-68.47
146.00	-643.61	0.00	-65.20
146.10	-686.65	0.00	-61.64
146.20	-727.09	0.00	-57.82
146.30	-764.67	0.00	-53.77
146.40	-799.18	0.00	-49.51
146.50	-830.82	0.00	-45.08
146.60	-859.68	0.00	-40.50
146.70	-885.66	0.00	-35.79
146.80	-908.66	0.00	-30.99
146.90	-928.59	0.00	-26.10
147.00	-945.36	0.00	-21.17
147.10	-958.89	0.00	-16.20
147.20	-969.13	0.00	-11.21
147.30	-976.01	0.00	-6.23
147.40	-979.48	0.00	-1.26
147.50	-979.48	0.00	3.67
147.60	-975.98	0.00	8.57
147.70	-968.93	0.00	13.41
147.80	-958.30	0.00	18.20
147.90	-944.05	0.00	22.93
148.00	-926.15	0.00	27.58
148.10	-904.57	0.00	32.17
148.20	-879.30	0.00	36.69
148.30	-850.32	0.00	41.13
148.40	-817.62	0.00	45.50
148.50	-781.18	0.00	49.80
148.60	-741.00	0.00	54.03
148.70	-697.11	0.00	58.18
148.80	-649.50	0.00	62.26
148.90	-598.20	0.00	66.27
149.00	-543.25	0.00	70.20
149.10	-484.70	0.00	74.05
149.20	-422.62	0.00	77.83
149.30	-357.07	0.00	81.51
149.40	-288.15	0.00	85.10
149.50	-215.98	0.00	88.58
149.60	-140.70	0.00	91.95
149.70	-62.45	0.00	95.19
149.80	18.58	0.00	98.28
149.90	102.19	0.00	101.21
150.00	188.15	0.00	103.95
150.10	276.20	0.00	106.49
150.20	366.06	0.00	108.79
150.30	457.41	0.00	110.85
150.40	549.91	0.00	112.61
150.50	643.20	0.00	114.07
150.60	736.87	0.00	115.19
150.70	830.51	0.00	115.94
150.80	923.65	0.00	116.28
150.90	1015.82	0.00	116.20
151.00	1106.53	0.00	115.65
151.10	1195.26	0.00	114.61
151.20	1281.47	0.00	113.06
151.30	1364.62	0.00	110.96
151.40	1444.14	0.00	108.29
151.50	1519.47	0.00	105.04
151.60	1590.04	0.00	101.18
151.70	1655.30	0.00	96.70
151.80	1714.70	0.00	91.59
151.90	1767.68	0.00	85.85
152.00	1813.80	0.00	79.46
152.10	1854.80	0.00	72.44
152.20	1891.50	0.00	64.79
152.30	1923.67	0.00	56.53
152.40	1951.05	0.00	47.67
152.50	1973.36	0.00	38.24
152.60	1990.35	0.00	28.28
152.70	2001.74	0.00	17.81
152.80	2007.26	0.00	6.88
152.90	2006.64	0.00	-4.47
153.00	1999.62	0.00	-16.18
153.10	1985.91	0.00	-28.20
153.20	1965.26	0.00	-40.46
153.30	1937.43	0.00	-52.90
153.40	1902.19	0.00	-65.46
153.50	1859.30	0.00	-78.05
153.60	1808.59	0.00	-90.60
153.70	1749.89	0.00	-103.04
153.80	1683.07	0.00	-115.28
153.90	1608.03	0.00	-127.25
154.00	1524.72	0.00	-138.87
154.10	1433.14	0.00	-150.05
154.20	1333.34	0.00	-160.72
154.30	1225.43	0.00	-170.79
154.40	1109.56	0.00	-180.20
154.50	985.98	0.00	-188.87
154.60	854.99	0.00	-196.74
154.70	716.95	0.00	-203.74
154.80	572.33	0.00	-209.81
154.90	421.63	0.00	-214.89
155.00	265.44	0.00	-218.95
155.10	104.45	0.00	-221.94
155.20	-60.62	0.00	-223.83
155.30	-228.96	0.00	-224.58
155.40	-399.70	0.00	-224.19
155.50	-571.91	0.00	-222.63
155.60	-744.62	0.00	-219.90
155.70	-916.81	0.00	-216.02
155.80	-1087.41	0.00	-210.98
155.90	-1255.33	0.00	-204.82
156.00	-1419.49	0.00	-197.55
156.10	-1578.77	0.00	-189.22
156.20	-1732.07	0.00	-179.86
156.30	-1878.30	0.00	-169.52
156.40	-2016.40	0.00	-158.26
156.50	-2145.36	0.00	-146.14
156.60	-2264.20	0.00	-133.24
156.70	-2372.02	0.00	-119.61
156.80	-2467.99	0.00	-105.34
156.90	-2551.35	0.00	-90.51
157.00	-2621.43	0.00	-75.21
157.10	-2677.68	0.00	-59.51
157.20	-2719.63	0.00	-43.52
157.30	-2746.94	0.00	-27.31
157.40	-2760.32	0.00	-10.98
157.50	-2765.49	0.00	5.37
157.60	-2763.44	0.00	21.66
157.70	-2754.12	0.00	37.80
157.80	-2737.51	0.00	53.71
157.90	-2713.56	0.00	69.29
158.00	-2682.24	0.00	84.47
158.10	-2643.49	0.00	99.17
158.20	-2597.28	0.00	113.31
158.30	-2543.55	0.00	126.84
158.40	-2482.30	0.00	139.67
158.50	-2413.49	0.00	151.76
158.60	-2337.13	0.00	163.05
158.70	-2253.25	0.00	173.49
158.80	-2161.90	0.00	183.05
158.90	-2063.17	0.00	191.68
159.00	-1957.17	0.00	199.35
159.10	-1844.08	0.00	206.05
159.20	-1724.08	0.00	211.75
159.30	-1597.44	0.00	216.44
159.40	-1464.46	0.00	220.13
159.50	-1325.49	0.00	222.80
159.60	-1180.94	0.00	224.46
159.70	-1031.26	0.00	225.14
159.80	-876.97	0.00	224.83
159.90	-718.61	0.00	223.56
160.00	-556.80	0.00	221.37
160.10	-392.20	0.00	218.27
160.20	-225.48	0.00	214.30
160.30	-57.40	0.00	209.49
160.40	111.31	0.00	203.90
160.50	279.83	0.00	197.55
160.60	447.36	0.00	190.50
160.70	613.09	0.00	182.79
160.80	776.18	0.00	174.47
160.90	935.79	0.00	165.58
161.00	1091.11	0.00	156.19
161.10	1241.32	0.00	146.33
161.20	1385.65	0.00	136.07
161.30	1523.32	0.00	125.45
161.40	1653.61	0.00	114.52
161.50	1775.85	0.00	103.34
161.60	1889.39	0.00	91.95
161.70	1993.66	0.00	80.41
161.80	2088.13	0.00	68.76
161.90	2172.34	0.00	57.05
162.00	2245.89	0.00	45.32
162.10	2308.46	0.00	33.63
162.20	2359.78	0.00	22.01
162.30	2399.69	0.00	10.50
162.40	2428.06	0.00	-0.86
162.50	2444.86	0.00	-12.02
162.60	2450.13	0.00	-22.95
162.70	2443.99	0.00	-33.62
162.80	2426.61	0.00	-44.00
162.90	2401.07	0.00	-54.05
163.00	2370.66	0.00	-63.75
163.10	2335.48	0.00	-73.06
163.20	2295.61	0.00	-81.97
163.30	2251.12	0.00	-90.44
163.40	2202.09	0.00	-98.46
163.50	2148.58	0.00	-106.01
163.60	2090.64	0.00	-113.06
163.70	2028.36	0.00	-119.61
163.80	1961.80	0.00	-125.63
163.90	1891.03	0.00	-131.11
164.00	1816.14	0.00	-136.05
164.10	1737.23	0.00	-140.44
164.20	1654.41	0.00	-144.25
164.30	1567.82	0.00	-147.50
164.40	1477.60	0.00	-150.18
164.50	1383.91	0.00	-152.28
164.60	1286.96	0.00	-153.81
164.70	1186.96	0.00	-154.76
164.80	1084.13	0.00	-155.15
164.90	978.76	0.00	-154.98
165.00	871.11	0.00	-154.25
165.10	761.49	0.00	-152.98
165.20	650.25	0.00	-151.19
165.30	537.72	0.00	-148.87
165.40	424.28	0.00	-146.06
165.50	310.31	0.00	-142.76
165.60	196.22	0.00	-139.00
165.70	82.42	0.00	-134.81
165.80	-30.67	0.00	-130.19
165.90	-142.61	0.00	-125.18
166.00	-252.99	0.00	-119.81
166.10	-361.35	0.00	-114.10
166.20	-467.29	0.00	-108.09
166.30	-570.37	0.00	-101.79
166.40	-670.18	0.00	-95.25
166.50	-766.34	0.00	-88.49
166.60	-858.45	0.00	-81.55
166.70	-946.17	0.00	-74.46
166.80	-1029.16	0.00	-67.25
166.90	-1107.10	0.00	-59.97
167.00	-1179.73	0.00	-52.63
167.10	-1246.78	0.00	-45.28
167.20	-1308.05	0.00	-37.94
167.30	-1363.35	0.00	-30.66
167.40	-1412.53	0.00	-23.45
167.50	-1455.47	0.00	-16.35
167.60	-1492.11	0.00	-9.39
167.70	-1522.39	0.00	-2.60
167.80	-1546.33	0.00	4.01
167.90	-1563.94	0.00	10.40
168.00	-1575.29	0.00	16.55
168.10	-1580.48	0.00	22.44
168.20	-1579.64	0.00	28.06
168.30	-1572.94	0.00	33.39
168.40	-1560.55	0.00	38.41
168.50	-1542.69	0.00	43.12
168.60	-1519.60	0.00	47.50
168.70	-1491.57	0.00	51.54
168.80	-1460.31	0.00	55.25
168.90	-1426.76	0.00	58.62
169.00	-1391.06	0.00	61.64
169.10	-1353.33	0.00	64.33
169.20	-1313.73	0.00	66.68
169.30	-1272.36	0.00	68.69
169.40	-1229.37	0.00	70.39
169.50	-1184.88	0.00	71.77
169.60	-1139.00	0.00	72.84
169.70	-1091.86	0.00	73.62
169.80	-1043.58	0.00	74.12
169.90	-994.27	0.00	74.36
170.00	-944.05	0.00	74.34
170.10	-893.03	0.00	74.09
170.20	-841.32	0.00	73.61
170.30	-789.03	0.00	72.93
170.40	-736.28	0.00	72.07
170.50	-683.16	0.00	71.03
170.60	-629.79	0.00	69.84
170.70	-576.26	0.00	68.51
170.80	-522.69	0.00	67.05
170.90	-469.16	0.00	65.49
171.00	-415.78	0.00	63.83
171.10	-362.66	0.00	62.09
171.20	-309.87	0.00	60.28
171.30	-257.52	0.00	58.42
171.40	-205.70	0.00	56.51
171.50	-154.50	0.00	54.57
171.60	-104.01	0.00	52.60
171.70	-54.31	0.00	50.61
171.80	-5.49	0.00	48.60
171.90	42.37	0.00	46.59
172.00	89.19	0.00	44.58
172.10	134.90	0.00	42.57
172.20	179.42	0.00	40.56
172.30	222.67	0.00	38.56
172.40	264.59	0.00	36.56
172.50	305.10	0.00	34.57
172.60	344.15	0.00	32.59
172.70	381.68	0.00	30.62
172.80	417.61	0.00	28.65
172.90	451.91	0.00	26.69
173.00	484.51	0.00	24.72
173.10	515.36	0.00	22.76
173.20	544.43	0.00	20.80
173.30	571.66	0.00	18.84
173.40	597.03	0.00	16.87
173.50	620.49	0.00	14.90
173.60	642.03	0.00	12.93
173.70	661.61	0.00	10.95
173.80	679.22	0.00	8.96
173.90	694.85	0.00	6.98
174.00	708.48	0.00	4.99
174.10	720.12	0.00	3.00
174.20	729.78	0.00	1.02
174.30	737.45	0.00	-0.95
174.40	743.17	0.00	-2.92
174.50	746.95	0.00	-4.86
174.60	748.82	0.00	-6.78
174.70	748.82	0.00	-8.67
174.80	747.01	0.00	-10.53
174.90	743.41	0.00	-12.34
175.00	738.11	0.00	-14.10
175.10	731.15	0.00	-15.80
175.20	722.61	0.00	-17.42
175.30	712.57	0.00	-18.97
175.40	701.11	0.00	-20.43
175.50	688.31	0.00	-21.79
175.60	674.36	0.00	-23.05
175.70	659.70	0.00	-24.19
175.80	644.42	0.00	-25.21
175.90	628.60	0.00	-26.09
176.00	612.33	0.00	-26.84
176.10	595.67	0.00	-27.44
176.20	578.70	0.00	-27.88
176.30	561.52	0.00	-28.17
176.40	544.19	0.00	-28.29
176.50	526.79	0.00	-28.24
176.60	509.42	0.00	-28.03
176.70	492.14	0.00	-27.65
176.80	475.04	0.00	-27.10
176.90	458.20	0.00	-26.38
177.00	441.69	0.00	-25.50
177.10	425.57	0.00	-24.45
177.20	409.93	0.00	-23.26
177.30	394.82	0.00	-21.92
177.40	380.29	0.00	-20.44
177.50	366.40	0.00	-18.84
177.60	353.20	0.00	-17.13
177.70	340.71	0.00	-15.32
177.80	328.98	0.00	-13.42
177.90	318.01	0.00	-11.46
178.00	307.82	0.00	-9.45
178.10	298.40	0.00	-7.42
178.20	289.76	0.00	-5.37
178.30	281.86	0.00	-3.33
178.40	274.68	0.00	-1.33
178.50	268.16	0.00	0.62
178.60	262.27	0.00	2.49
178.70	256.93	0.00	4.26
178.80	252.06	0.00	5.91
178.90	247.58	0.00	7.41
179.00	243.38	0.00	8.74
179.10	239.37	0.00	9.88
179.20	235.41	0.00	10.81
179.30	231.38	0.00	11.52
179.40	227.14	0.00	11.97
179.50	222.56	0.00	12.16
179.60	217.47	0.00	12.07
179.70	211.72	0.00	11.69
179.80	205.16	0.00	11.00
179.90	197.61	0.00	10.00
180.00	188.91	0.00	8.69
180.10	178.90	0.00	7.05
180.20	167.42	0.00	5.09
180.30	154.30	0.00	2.81
180.40	139.38	0.00	0.22
180.50	122.53	0.00	-2.68
180.60	103.59	0.00	-5.88
180.70	82.44	0.00	-9.35
180.80	58.96	0.00	-13.08
180.90	33.05	0.00	-17.06
181.00	4.62	0.00	-21.24
181.10	-26.41	0.00	-25.62
181.20	-60.08	0.00	-30.16
181.30	-96.41	0.00	-34.82
181.40	-135.43	0.00	-39.58
181.50	-177.10	0.00	-44.38
181.60	-221.38	0.00	-49.20
181.70	-268.21	0.00	-53.99
181.80	-317.47	0.00	-58.72
181.90	-369.04	0.00	-63.32
182.00	-422.75	0.00	-67.77
182.10	-478.41	0.00	-72.01
182.20	-535.80	0.00	-76.00
182.30	-594.66	0.00	-79.69
182.40	-654.71	0.00	-83.04
182.50	-715.64	0.00	-86.00
182.60	-777.08	0.00	-88.54
182.70	-838.69	0.00	-90.61
182.80	-900.05	0.00	-92.17
182.90	-960.75	0.00	-93.19
183.00	-1020.35	0.00	-93.64
183.10	-1078.39	0.00	-93.48
183.20	-1134.39	0.00	-92.69
183.30	-1187.88	0.00	-91.25
183.40	-1238.37	0.00	-89.14
183.50	-1285.36	0.00	-86.35
183.60	-1328.91	0.00	-82.87
183.70	-1369.80	0.00	-78.70
183.80	-1407.77	0.00	-73.83
183.90	-1442.51	0.00	-68.29
184.00	-1473.70	0.00	-62.07
184.10	-1501.04	0.00	-55.20
184.20	-1524.21	0.00	-47.71
184.30	-1542.92	0.00	-39.62
184.40	-1556.87	0.00	-30.96
184.50	-1565.75	0.00	-21.77
184.60	-1569.29	0.00	-12.11
184.70	-1567.20	0.00	-2.01
184.80	-1559.23	0.00	8.46
184.90	-1545.12	0.00	19.25
185.00	-1524.63	0.00	30.31
185.10	-1497.56	0.00	41.55
185.20	-1463.70	0.00	52.93
185.30	-1422.89	0.00	64.36
185.40	-1374.99	0.00	75.77
185.50	-1319.89	0.00	87.10
185.60	-1257.52	0.00	98.26
185.70	-1187.85	0.00	109.19
185.80	-1110.89	0.00	119.80
185.90	-1026.70	0.00	130.02
186.00	-935.39	0.00	139.78
186.10	-837.12	0.00	149.00
186.20	-732.10	0.00	157.63
186.30	-620.61	0.00	165.59
186.40	-503.00	0.00	172.81
186.50	-379.66	0.00	179.25
186.60	-251.04	0.00	184.84
186.70	-117.68	0.00	189.54
186.80	19.83	0.00	193.30
186.90	160.86	0.00	196.09
187.00	304.70	0.00	197.86
187.10	450.59	0.00	198.59
187.20	597.71	0.00	198.27
187.30	745.22	0.00	196.88
187.40	892.23	0.00	194.41
187.50	1037.80	0.00	190.86
187.60	1181.00	0.00	186.24
187.70	1320.84	0.00	180.56
187.80	1456.36	0.00	173.85
187.90	1586.59	0.00	166.13
188.00	1710.56	0.00	157.43
188.10	1827.33	0.00	147.80
188.20	1936.00	0.00	137.28
188.30	2035.70	0.00	125.93
188.40	2125.61	0.00	113.81
188.50	2204.98	0.00	100.97
188.60	2273.11	0.00	87.49
188.70	2329.40	0.00	73.44
188.80	2373.33	0.00	58.89
188.90	2404.45	0.00	43.92
189.00	2423.15	0.00	28.62
189.10	2433.71	0.00	13.08
189.20	2436.81	0.00	-2.64
189.30	2432.34	0.00	-18.42
189.40	2420.20	0.00	-34.20
189.50	2400.32	0.00	-49.88
189.60	2372.58	0.00	-65.37
189.70	2336.93	0.00	-80.59
189.80	2293.27	0.00	-95.46
189.90	2241.57	0.00	-109.89
190.00	2181.76	0.00	-123.80
190.10	2113.85	0.00	-137.13
190.20	2037.83	0.00	-149.80
190.30	1953.75	0.00	-161.73
190.40	1861.67	0.00	-172.88
190.50	1761.71	0.00	-183.18
190.60	1654.03	0.00	-192.57
190.70	1538.84	0.00	-201.02
190.80	1416.39	0.00	-208.48
190.90	1287.00	0.00	-214.91
191.00	1151.04	0.00	-220.29
191.10	1008.93	0.00	-224.60
191.20	861.18	0.00	-227.81
191.30	708.32	0.00	-229.91
191.40	550.98	0.00	-230.91
191.50	389.81	0.00	-230.81
191.60	225.55	0.00	-229.60
191.70	58.97	0.00	-227.31
191.80	-109.12	0.00	-223.96
191.90	-277.84	0.00	-219.57
192.00	-446.30	0.00	-214.18
192.10	-613.58	0.00	-207.81
192.20	-778.73	0.00	-200.50
192.30	-940.79	0.00	-192.31
192.40	-1098.80	0.00	-183.28
192.50	-1251.81	0.00	-173.47
192.60	-1398.87	0.00	-162.92
192.70	-1539.07	0.00	-151.69
192.80	-1671.53	0.00	-139.86
192.90	-1795.40	0.00	-127.47
193.00	-1909.90	0.00	-114.60
193.10	-2014.28	0.00	-101.31
193.20	-2107.89	0.00	-87.67
193.30	-2190.13	0.00	-73.74
193.40	-2260.49	0.00	-59.60
193.50	-2318.54	0.00	-45.30
193.60	-2363.93	0.00	-30.92
193.70	-2396.42	0.00	-16.52
193.80	-2415.85	0.00	-2.17
193.90	-2422.15	0.00	12.07
194.00	-2415.36	0.00	26.13
194.10	-2397.67	0.00	39.97
194.20	-2372.97	0.00	53.51
194.30	-2341.41	0.00	66.71
194.40	-2303.05	0.00	79.51
194.50	-2257.94	0.00	91.86
194.60	-2206.15	0.00	103.71
194.70	-2147.74	0.00	115.03
194.80	-2082.78	0.00	125.76
194.90	-2011.35	0.00	135.88
195.00	-1933.53	0.00	145.34
195.10	-1849.43	0.00	154.12
195.20	-1759.18	0.00	162.18
195.30	-1662.93	0.00	169.50
195.40	-1560.87	0.00	176.06
195.50	-1453.19	0.00	181.84
195.60	-1340.15	0.00	186.83
195.70	-1222.03	0.00	191.01
195.80	-1099.15	0.00	194.37
195.90	-971.86	0.00	196.91
196.00	-840.57	0.00	198.62
196.10	-705.72	0.00	199.51
196.20	-567.79	0.00	199.57
196.30	-427.32	0.00	198.82
196.40	-284.86	0.00	197.26
196.50	-141.00	0.00	194.91
196.60	3.60	0.00	191.77
196.70	148.29	0.00	187.87
196.80	292.39	0.00	183.22
196.90	435.18	0.00	177.84
197.00	575.93	0.00	171.77
197.10	713.90	0.00	165.02
197.20	848.37	0.00	157.62
197.30	978.58	0.00	149.61
197.40	1103.81	0.00	141.02
197.50	1223.33	0.00	131.87
197.60	1336.47	0.00	122.22
197.70	1442.55	0.00	112.10
197.80	1540.94	0.00	101.54
197.90	1631.05	0.00	90.60
198.00	1712.35	0.00	79.30
198.10	1784.33	0.00	67.71
198.20	1846.58	0.00	55.86
198.30	1898.71	0.00	43.80
198.40	1940.42	0.00	31.58
198.50	1971.48	0.00	19.25
198.60	1991.72	0.00	6.86
198.70	2001.06	0.00	-5.54
198.80	1999.46	0.00	-17.90
198.90	1987.00	0.00	-30.17
199.00	1964.54	0.00	-42.30
199.10	1935.14	0.00	-54.23
199.20	1899.18	0.00	-65.92
199.30	1856.73	0.00	-77.31
199.40	1807.87	0.00	-88.35
199.50	1752.69	0.00	-99.01
199.60	1691.30	0.00	-109.22
199.70	1623.81	0.00	-118.94
199.80	1550.36	0.00	-128.13
199.90	1471.11	0.00	-136.75
200.00	1386.25	0.00	-144.75
200.10	1295.97	0.00	-152.10
200.20	1200.54	0.00	-158.75
200.30	1100.21	0.00	-164.69
200.40	995.30	0.00	-169.87
200.50	886.16	0.00	-174.26
200.60	773.16	0.00	-177.85
200.70	656.73	0.00	-180.61
200.80	537.32	0.00	-182.53
200.90	415.43	0.00	-183.59
201.00	291.61	0.00	-183.78
201.10	166.40	0.00	-183.09
201.20	40.42	0.00	-181.53
201.30	-85.70	0.00	-179.10
201.40	-211.31	0.00	-175.79
201.50	-335.74	0.00	-171.63
201.60	-458.29	0.00	-166.63
201.70	-578.26	0.00	-160.80
201.80	-694.94	0.00	-154.17
201.90	-807.62	0.00	-146.77
202.00	-915.61	0.00	-138.62
202.10	-1018.22	0.00	-129.77
202.20	-1114.79	0.00	-120.25
202.30	-1204.69	0.00	-110.11
202.40	-1287.32	0.00	-99.39
202.50	-1362.11	0.00	-88.15
202.60	-1428.57	0.00	-76.43
202.70	-1486.23	0.00	-64.29
202.80	-1534.69	0.00	-51.80
202.90	-1573.63	0.00	-39.01
203.00	-1602.76	0.00	-25.99
203.10	-1621.90	0.00	-12.81
203.20	-1630.93	0.00	0.47
203.30	-1629.78	0.00	13.79
203.40	-1618.49	0.00	27.06
203.50	-1597.94	0.00	40.22
203.60	-1570.02	0.00	53.20
203.70	-1534.91	0.00	65.92
203.80	-1492.70	0.00	78.32
203.90	-1443.53	0.00	90.33
204.00	-1387.56	0.00	101.88
204.10	-1324.97	0.00	112.90
204.20	-1255.97	0.00	123.34
204.30	-1180.80	0.00	133.12
204.40	-1099.75	0.00	142.19
204.50	-1013.11	0.00	150.49
204.60	-921.24	0.00	157.97
204.70	-824.52	0.00	164.59
204.80	-723.38	0.00	170.29
204.90	-618.28	0.00	175.05
205.00	-509.73	0.00	178.82
205.10	-398.26	0.00	181.58
205.20	-284.46	0.00	183.30
205.30	-168.95	0.00	183.97
205.40	-52.38	0.00	183.57
205.50	64.58	0.00	182.10
205.60	181.23	0.00	179.56
205.70	296.83	0.00	175.96
205.80	410.65	0.00	171.30
205.90	521.94	0.00	165.62
206.00	629.94	0.00	158.93
206.10	733.91	0.00	151.27
206.20	833.12	0.00	142.68
206.30	926.84	0.00	133.20
206.40	1014.39	0.00	122.88
206.50	1095.11	0.00	111.79
206.60	1168.39	0.00	99.98
206.70	1233.66	0.00	87.52
206.80	1290.41	0.00	74.49
206.90	1338.20	0.00	60.95
207.00	1376.64	0.00	47.00
207.10	1405.42	0.00	32.72
207.20	1424.32	0.00	18.19
207.30	1433.19	0.00	3.51
207.40	1431.95	0.00	-11.24
207.50	1421.77	0.00	-25.95
207.60	1403.63	0.00	-40.54
207.70	1377.61	0.00	-54.91
207.80	1343.80	0.00	-68.97
207.90	1302.35	0.00	-82.62
208.00	1253.42	0.00	-95.77
208.10	1197.24	0.00	-108.34
208.20	1134.05	0.00	-120.24
208.30	1064.13	0.00	-131.38
208.40	987.81	0.00	-141.69
208.50	905.46	0.00	-151.11
208.60	817.50	0.00	-159.55
208.70	724.38	0.00	-166.96
208.80	626.60	0.00	-173.29
208.90	524.70	0.00	-178.49
209.00	419.28	0.00	-182.52
209.10	310.94	0.00	-185.35
209.20	200.36	0.00	-186.95
209.30	88.23	0.00	-187.31
209.40	-24.73	0.00	-186.43
209.50	-137.75	0.00	-184.30
209.60	-250.08	0.00	-180.93
209.70	-360.92	0.00	-176.35
209.80	-469.47	0.00	-170.59
209.90	-574.95	0.00	-163.68
210.00	-676.58	0.00	-155.66
210.10	-773.57	0.00	-146.59
210.20	-865.18	0.00	-136.53
210.30	-950.71	0.00	-125.55
210.40	-1029.46	0.00	-113.72
210.50	-1100.83	0.00	-101.13
210.60	-1164.23	0.00	-87.86
210.70	-1219.15	0.00	-74.01
210.80	-1265.15	0.00	-59.66
210.90	-1301.87	0.00	-44.93
211.00	-1329.02	0.00	-29.91
211.10	-1346.38	0.00	-14.72
211.20	-1353.84	0.00	0.55
211.30	-1351.45	0.00	15.78
211.40	-1340.58	0.00	30.87
211.50	-1321.77	0.00	45.71
211.60	-1295.13	0.00	60.20
211.70	-1260.80	0.00	74.23
211.80	-1218.98	0.00	87.71
211.90	-1169.91	0.00	100.53
212.00	-1113.84	0.00	112.62
212.10	-1051.09	0.00	123.89
212.20	-982.00	0.00	134.25
212.30	-906.97	0.00	143.65
212.40	-826.42	0.00	152.01
212.50	-740.82	0.00	159.28
212.60	-650.68	0.00	165.42
212.70	-556.54	0.00	170.37
212.80	-458.98	0.00	174.13
212.90	-358.62	0.00	176.65
213.00	-256.10	0.00	177.93
213.10	-152.10	0.00	177.97
213.20	-47.30	0.00	176.78
213.30	57.57	0.00	174.36
213.40	161.78	0.00	170.75
213.50	264.62	0.00	165.97
213.60	365.33	0.00	160.08
213.70	463.19	0.00	153.11
213.80	557.49	0.00	145.12
213.90	647.53	0.00	136.18
214.00	732.63	0.00	126.36
214.10	812.17	0.00	115.74
214.20	885.53	0.00	104.39
214.30	952.19	0.00	92.41
214.40	1011.63	0.00	79.87
214.50	1063.42	0.00	66.89
214.60	1107.19	0.00	53.54
214.70	1142.63	0.00	39.94
214.80	1169.51	0.00	26.17
214.90	1187.66	0.00	12.34
215.00	1196.99	0.00	-1.46
215.10	1197.50	0.00	-15.13
215.20	1189.25	0.00	-28.57
215.30	1173.17	0.00	-41.70
215.40	1150.06	0.00	-54.42
215.50	1120.09	0.00	-66.65
215.60	1083.48	0.00	-78.31
215.70	1040.48	0.00	-89.32
215.80	991.35	0.00	-99.61
215.90	936.42	0.00	-109.13
216.00	876.03	0.00	-117.81
216.10	810.54	0.00	-125.60
216.20	740.36	0.00	-132.46
216.30	665.92	0.00	-138.36
216.40	587.69	0.00	-143.25
216.50	506.15	0.00	-147.13
216.60	421.82	0.00	-149.97
216.70	335.22	0.00	-151.78
216.80	246.92	0.00	-152.54
216.90	157.48	0.00	-152.27
217.00	67.49	0.00	-150.97
217.10	-22.45	0.00	-148.69
217.20	-111.74	0.00	-145.43
217.30	-199.78	0.00	-141.23
217.40	-285.97	0.00	-136.13
217.50	-369.73	0.00	-130.19
217.60	-450.47	0.00	-123.44
217.70	-527.63	0.00	-115.95
217.80	-600.68	0.00	-107.77
217.90	-669.12	0.00	-98.96
218.00	-732.45	0.00	-89.60
218.10	-790.26	0.00	-79.74
218.20	-842.15	0.00	-69.47
218.30	-887.76	0.00	-58.85
218.40	-926.80	0.00	-47.96
218.50	-959.01	0.00	-36.87
218.60	-984.22	0.00	-25.66
218.70	-1002.27	0.00	-14.40
218.80	-1013.08	0.00	-3.17
218.90	-1016.65	0.00	7.97
219.00	-1013.01	0.00	18.93
219.10	-1002.92	0.00	29.66
219.20	-986.86	0.00	40.08
219.30	-964.97	0.00	50.13
219.40	-937.42	0.00	59.76
219.50	-904.39	0.00	68.90
219.60	-866.10	0.00	77.50
219.70	-822.80	0.00	85.51
219.80	-774.76	0.00	92.89
219.90	-722.26	0.00	99.60
220.00	-665.62	0.00	105.60
220.10	-605.20	0.00	110.87
220.20	-541.33	0.00	115.37
220.30	-474.42	0.00	119.09
220.40	-404.86	0.00	122.01
220.50	-333.08	0.00	124.13
220.60	-259.50	0.00	125.43
220.70	-184.59	0.00	125.92
220.80	-108.81	0.00	125.61
220.90	-32.63	0.00	124.50
221.00	43.47	0.00	122.61
221.10	119.01	0.00	119.96
221.20	193.51	0.00	116.58
221.30	266.48	0.00	112.49
221.40	337.46	0.00	107.73
221.50	405.98	0.00	102.34
221.60	471.60	0.00	96.36
221.70	533.89	0.00	89.83
221.80	592.45	0.00	82.80
221.90	646.90	0.00	75.32
222.00	696.88	0.00	67.45
222.10	742.09	0.00	59.23
222.20	782.23	0.00	50.73
222.30	817.07	0.00	42.01
222.40	846.40	0.00	33.11
222.50	870.06	0.00	24.10
222.60	887.93	0.00	15.05
222.70	899.94	0.00	6.00
222.80	906.05	0.00	-2.97
222.90	906.30	0.00	-11.83
223.00	901.10	0.00	-20.50
223.10	891.02	0.00	-28.93
223.20	876.16	0.00	-37.08
223.30	856.65	0.00	-44.89
223.40	832.65	0.00	-52.32
223.50	804.32	0.00	-59.31
223.60	771.88	0.00	-65.85
223.70	735.53	0.00	-71.87
223.80	695.50	0.00	-77.36
223.90	652.05	0.00	-82.29
224.00	605.44	0.00	-86.62
224.10	555.97	0.00	-90.35
224.20	503.93	0.00	-93.45
224.30	449.63	0.00	-95.91
224.40	393.40	0.00	-97.73
224.50	335.58	0.00	-98.91
224.60	276.50	0.00	-99.44
224.70	216.54	0.00	-99.34
224.80	156.03	0.00	-98.62
224.90	95.35	0.00	-97.28
225.00	34.84	0.00	-95.36
225.10	-25.12	0.00	-92.87
225.20	-84.19	0.00	-89.84
225.30	-142.01	0.00	-86.30
225.40	-198.26	0.00	-82.29
225.50	-252.61	0.00	-77.83
225.60	-304.74	0.00	-72.98
225.70	-354.35	0.00	-67.75
225.80	-401.19	0.00	-62.21
225.90	-444.99	0.00	-56.39
226.00	-485.51	0.00	-50.34
226.10	-522.57	0.00	-44.10
226.20	-555.97	0.00	-37.72
226.30	-585.56	0.00	-31.23
226.40	-611.23	0.00	-24.70
226.50	-632.88	0.00	-18.15
226.60	-650.45	0.00	-11.64
226.70	-663.90	0.00	-5.20
226.80	-673.23	0.00	1.12
226.90	-678.48	0.00	7.29
227.00	-679.69	0.00	13.27
227.10	-676.95	0.00	19.03
227.20	-670.37	0.00	24.53
227.30	-660.08	0.00	29.75
227.40	-646.24	0.00	34.66
227.50	-629.25	0.00	39.23
227.60	-609.48	0.00	43.45
227.70	-587.11	0.00	47.30
227.80	-562.34	0.00	50.76
227.90	-535.34	0.00	53.82
228.00	-506.34	0.00	56.47
228.10	-475.53	0.00	58.71
228.20	-443.15	0.00	60.53
228.30	-409.39	0.00	61.93
228.40	-374.51	0.00	62.91
228.50	-338.71	0.00	63.48
228.60	-302.24	0.00	63.64
228.70	-265.32	0.00	63.40
228.80	-228.18	0.00	62.77
228.90	-191.05	0.00	61.77
229.00	-154.15	0.00	60.40
229.10	-117.71	0.00	58.69
229.20	-81.93	0.00	56.65
229.30	-47.03	0.00	54.30
229.40	-13.21	0.00	51.66
229.50	19.35	0.00	48.75
229.60	50.47	0.00	45.59
229.70	79.97	0.00	42.21
229.80	107.70	0.00	38.62
229.90	133.51	0.00	34.85
230.00	157.29	0.00	30.93
230.10	178.91	0.00	26.88
230.20	198.27	0.00	22.72
230.30	215.30	0.00	18.49
230.40	229.94	0.00	14.20
230.50	242.13	0.00	9.88
230.60	251.85	0.00	5.56
230.70	259.09	0.00	1.26
230.80	263.85	0.00	-2.99
230.90	266.17	0.00	-7.16
231.00	266.09	0.00	-11.24
231.10	263.66	0.00	-15.19
231.20	258.97	0.00	-19.00
231.30	252.12	0.00	-22.63
231.40	243.21	0.00	-26.06
231.50	232.38	0.00	-29.28
231.60	219.76	0.00	-32.25
231.70	205.52	0.00	-34.96
231.80	189.82	0.00	-37.39
231.90	172.84	0.00	-39.52
232.00	154.77	0.00	-41.32
232.10	135.81	0.00	-42.79
232.20	116.17	0.00	-43.91
232.30	96.05	0.00	-44.67
232.40	75.69	0.00	-45.05
232.50	55.28	0.00	-45.05
232.60	35.07	0.00	-44.66
232.70	15.27	0.00	-43.87
232.80	-3.89	0.00	-42.68
232.90	-22.21	0.00	-41.10
233.00	-39.47	0.00	-39.13
233.10	-55.46	0.00	-36.77
233.20	-69.98	0.00	-34.03
233.30	-82.85	0.00	-30.93
233.40	-93.88	0.00	-27.49
233.50	-102.91	0.00	-23.71
233.60	-109.79	0.00	-19.63
233.70	-114.39	0.00	-15.26
233.80	-116.58	0.00	-10.64
233.90	-116.26	0.00	-5.80
234.00	-113.35	0.00	-0.77
234.10	-107.80	0.00	4.41
234.20	-99.56	0.00	9.71
234.30	-88.63	0.00	15.08
234.40	-75.00	0.00	20.47
234.50	-58.71	0.00	25.85
234.60	-39.82	0.00	31.17
234.70	-18.41	0.00	36.37
234.80	5.39	0.00	41.42
234.90	31.47	0.00	46.26
235.00	59.65	0.00	50.84
235.10	89.74	0.00	55.12
235.20	121.52	0.00	59.05
235.30	154.77	0.00	62.58
235.40	189.21	0.00	65.68
235.50	224.56	0.00	68.29
235.60	260.51	0.00	70.38
235.70	296.74	0.00	71.92
235.80	332.90	0.00	72.87
235.90	368.65	0.00	73.20
236.00	403.61	0.00	72.90
236.10	437.42	0.00	71.94
236.20	469.81	0.00	70.32
236.30	500.52	0.00	68.01
236.40	529.23	0.00	65.03
236.50	555.60	0.00	61.36
236.60	579.31	0.00	57.03
236.70	600.06	0.00	52.05
236.80	617.54	0.00	46.44
236.90	631.45	0.00	40.22
237.00	641.54	0.00	33.43
237.10	647.55	0.00	26.11
237.20	649.24	0.00	18.30
237.30	646.41	0.00	10.06
237.40	638.88	0.00	1.43
237.50	626.48	0.00	-7.52
237.60	609.10	0.00	-16.73
237.70	586.63	0.00	-26.12
237.80	559.02	0.00	-35.63
237.90	526.25	0.00	-45.19
238.00	488.34	0.00	-54.71
238.10	445.33	0.00	-64.12
238.20	397.32	0.00	-73.33
238.30	344.47	0.00	-82.27
238.40	286.95	0.00	-90.86
238.50	225.00	0.00	-99.02
238.60	158.90	0.00	-106.66
238.70	88.97	0.00	-113.73
238.80	15.58	0.00	-120.13
238.90	-60.85	0.00	-125.81
239.00	-139.85	0.00	-130.70
239.10	-220.94	0.00	-134.75
239.20	-303.55	0.00	-137.89
239.30	-387.12	0.00	-140.08
239.40	-471.02	0.00	-141.29
239.50	-554.62	0.00	-141.47
239.60	-637.26	0.00	-140.60
239.70	-718.23	0.00	-138.67
239.80	-796.86	0.00	-135.66
239.90	-872.44	0.00	-131.57
240.00	-944.26	0.00	-126.40
240.10	-1011.63	0.00	-120.19
240.20	-1073.88	0.00	-112.94
240.30	-1130.36	0.00	-104.69
240.40	-1180.43	0.00	-95.49
240.50	-1223.53	0.00	-85.38
240.60	-1259.10	0.00	-74.41
240.70	-1287.41	0.00	-62.67
240.80	-1309.01	0.00	-50.21
240.90	-1323.61	0.00	-37.11
241.00	-1330.93	0.00	-23.47
241.10	-1330.75	0.00	-9.37
241.20	-1322.86	0.00	5.09
241.30	-1307.09	0.00	19.81
241.40	-1283.30	0.00	34.69
241.50	-1251.39	0.00	49.62
241.60	-1211.32	0.00	64.49
241.70	-1163.07	0.00	79.20
241.80	-1106.67	0.00	93.63
241.90	-1042.21	0.00	107.69
242.00	-969.82	0.00	121.25
242.10	-889.70	0.00	134.21
242.20	-802.09	0.00	146.48
242.30	-707.31	0.00	157.96
242.40	-605.74	0.00	168.55
242.50	-497.80	0.00	178.17
242.60	-383.99	0.00	186.74
242.70	-264.90	0.00	194.18
242.80	-141.13	0.00	200.42
242.90	-13.40	0.00	205.42
243.00	117.55	0.00	209.13
243.10	250.91	0.00	211.49
243.20	385.81	0.00	212.49
243.30	521.35	0.00	212.09
243.40	656.57	0.00	210.30
243.50	790.49	0.00	207.11
243.60	922.10	0.00	202.53
243.70	1050.37	0.00	196.58
243.80	1174.29	0.00	189.28
243.90	1292.82	0.00	180.69
244.00	1404.95	0.00	170.84
244.10	1509.70	0.00	159.79
244.20	1606.13	0.00	147.61
244.30	1693.35	0.00	134.38
244.40	1770.51	0.00	120.17
244.50	1836.86	0.00	105.08
244.60	1891.70	0.00	89.20
244.70	1934.45	0.00	72.62
244.80	1966.54	0.00	55.46
244.90	1989.63	0.00	37.83
245.00	2003.54	0.00	19.83
245.10	2008.08	0.00	1.58
245.20	2003.11	0.00	-16.80
245.30	1988.50	0.00	-35.19
245.40	1964.14	0.00	-53.49
245.50	1929.95	0.00	-71.57
245.60	1885.88	0.00	-89.31
245.70	1831.90	0.00	-106.62
245.80	1768.05	0.00	-123.37
245.90	1694.36	0.00	-139.48
246.00	1610.93	0.00	-154.83
246.10	1517.92	0.00	-169.33
246.20	1415.51	0.00	-182.90
246.30	1303.96	0.00	-195.46
246.40	1183.59	0.00	-206.93
246.50	1054.76	0.00	-217.25
246.60	917.93	0.00	-226.36
246.70	773.60	0.00	-234.20
246.80	622.37	0.00	-240.74
246.90	464.89	0.00	-245.95
247.00	301.88	0.00	-249.79
247.10	134.15	0.00	-252.26
247.20	-37.45	0.00	-253.34
247.30	-211.97	0.00	-253.04
247.40	-388.43	0.00	-251.36
247.50	-565.80	0.00	-248.33
247.60	-742.98	0.00	-243.96
247.70	-918.86	0.00	-238.30
247.80	-1092.28	0.00	-231.38
247.90	-1262.07	0.00	-223.24
248.00	-1427.06	0.00	-213.95
248.10	-1586.08	0.00	-203.56
248.20	-1737.98	0.00	-192.14
248.30	-1881.62	0.00	-179.74
248.40	-2015.92	0.00	-166.46
248.50	-2139.84	0.00	-152.37
248.60	-2252.41	0.00	-137.54
248.70	-2352.74	0.00	-122.06
248.80	-2440.00	0.00	-106.01
248.90	-2513.47	0.00	-89.49
249.00	-2572.54	0.00	-72.58
249.10	-2616.69	0.00	-55.37
249.20	-2648.87	0.00	-37.95
249.30	-2672.67	0.00	-20.41
249.40	-2688.04	0.00	-2.82
249.50	-2694.92	0.00	14.71
249.60	-2693.25	0.00	32.11
249.70	-2682.94	0.00	49.30
249.80	-2663.90	0.00	66.19
249.90	-2636.05	0.00	82.71
250.00	-2599.28	0.00	98.79
250.10	-2553.51	0.00	114.36
250.20	-2498.62	0.00	129.35
250.30	-2434.55	0.00	143.71
250.40	-2361.22	0.00	157.37
250.50	-2278.59	0.00	170.28
250.60	-2186.62	0.00	182.39
250.70	-2085.33	0.00	193.66
250.80	-1974.77	0.00	204.05
250.90	-1855.02	0.00	213.53
251.00	-1726.23	0.00	222.06
251.10	-1588.59	0.00	229.63
251.20	-1442.37	0.00	236.20
251.30	-1287.88	0.00	241.76
251.40	-1125.51	0.00	246.31
251.50	-955.74	0.00	249.83
251.60	-779.08	0.00	252.32
251.70	-596.14	0.00	253.78
251.80	-407.61	0.00	254.23
251.90	-214.22	0.00	253.66
252.00	-16.81	0.00	252.09
252.10	183.74	0.00	249.53
252.20	386.49	0.00	246.02
252.30	590.45	0.00	241.56
252.40	794.55	0.00	236.20
252.50	997.72	0.00	229.95
252.60	1198.83	0.00	222.85
252.70	1396.73	0.00	214.93
252.80	1590.26	0.00	206.24
252.90	1778.25	0.00	196.81
253.00	1959.54	0.00	186.68
253.10	2132.99	0.00	175.89
253.20	2297.48	0.00	164.50
253.30	2451.92	0.00	152.54
253.40	2595.28	0.00	140.07
253.50	2726.59	0.00	127.13
253.60	2844.93	0.00	113.77
253.70	2949.47	0.00	100.04
253.80	3039.45	0.00	86.00
253.90	3114.23	0.00	71.69
254.00	3173.24	0.00	57.16
254.10	3216.02	0.00	42.47
254.20	3244.01	0.00	27.66
254.30	3265.04	0.00	12.79
254.40	3280.03	0.00	-2.09
254.50	3288.95	0.00	-16.94
254.60	3291.71	0.00	-31.70
254.70	3288.19	0.00	-46.33
254.80	3278.24	0.00	-60.78
254.90	3261.66	0.00	-75.01
255.00	3238.25	0.00	-88.97
255.10	3207.76	0.00	-102.61
255.20	3169.92	0.00	-115.90
255.30	3124.45	0.00	-128.79
255.40	3071.07	0.00	-141.24
255.50	3009.48	0.00	-153.23
255.60	2939.39	0.00	-164.70
255.70	2860.53	0.00	-175.64
255.80	2772.63	0.00	-186.00
255.90	2675.47	0.00	-195.76
256.00	2568.86	0.00	-204.89
256.10	2452.63	0.00	-213.36
256.20	2326.69	0.00	-221.14
256.30	2190.98	0.00	-228.23
256.40	2045.52	0.00	-234.59
256.50	1890.40	0.00	-240.21
256.60	1725.77	0.00	-245.07
256.70	1551.87	0.00	-249.16
256.80	1369.03	0.00	-252.47
256.90	1177.64	0.00	-254.98
257.00	978.20	0.00	-256.70
257.10	771.28	0.00	-257.61
257.20	557.57	0.00	-257.72
257.30	337.80	0.00	-257.02
257.40	112.82	0.00	-255.52
257.50	-116.45	0.00	-253.21
257.60	-349.01	0.00	-250.11
257.70	-583.81	0.00	-246.22
257.80	-819.72	0.00	-241.55
257.90	-1055.54	0.00	-236.11
258.00	-1290.05	0.00	-229.92
258.10	-1521.97	0.00	-223.00
258.20	-1750.00	0.00	-215.36
258.30	-1972.82	0.00	-207.03
258.40	-2189.11	0.00	-198.02
258.50	-2397.53	0.00	-188.36
258.60	-2596.79	0.00	-178.07
258.70	-2785.59	0.00	-167.19
258.80	-2962.70	0.00	-155.74
258.90	-3126.92	0.00	-143.76
259.00	-3277.11	0.00	-131.27
259.10	-3412.22	0.00	-118.31
259.20	-3531.28	0.00	-104.93
259.30	-3633.38	0.00	-91.15
259.40	-3717.76	0.00	-77.01
259.50	-3783.73	0.00	-62.56
259.60	-3830.74	0.00	-47.84
259.70	-3859.40	0.00	-32.89
259.80	-3880.63	0.00	-17.75
259.90	-3897.35	0.00	-2.47
260.00	-3909.46	0.00	12.90
260.10	-3916.79	0.00	28.33
260.20	-3919.13	0.00	43.75
260.30	-3916.18	0.00	59.13
260.40	-3907.63	0.00	74.42
260.50	-3893.08	0.00	89.57
260.60	-3872.11	0.00	104.53
260.70	-3844.26	0.00	119.25
260.80	-3809.04	0.00	133.69
260.90	-3765.92	0.00	147.80
261.00	-3714.37	0.00	161.52
261.10	-3653.86	0.00	174.83
261.20	-3583.85	0.00	187.66
261.30	-3503.84	0.00	199.98
261.40	-3413.32	0.00	211.75
261.50	-3311.85	0.00	222.92
261.60	-3199.01	0.00	233.45
261.70	-3074.47	0.00	243.30
261.80	-2937.93	0.00	252.44
261.90	-2789.20	0.00	260.84
262.00	-2628.15	0.00	268.45
262.10	-2454.77	0.00	275.26
262.20	-2269.13	0.00	281.22
262.30	-2071.41	0.00	286.33
262.40	-1861.93	0.00	290.54
262.50	-1641.09	0.00	293.85
262.60	-1409.43	0.00	296.24
262.70	-1167.63	0.00	297.69
262.80	-916.44	0.00	298.18
262.90	-656.79	0.00	297.72
263.00	-389.68	0.00	296.30
263.10	-116.25	0.00	293.91
263.20	162.26	0.00	290.56
263.30	444.53	0.00	286.24
263.40	729.12	0.00	280.98
263.50	1014.53	0.00	274.77
263.60	1299.19	0.00	267.63
263.70	1581.46	0.00	259.58
263.80	1859.68	0.00	250.64
263.90	2132.14	0.00	240.83
264.00	2397.14	0.00	230.18
264.10	2652.95	0.00	218.72
264.20	2897.90	0.00	206.48
264.30	3130.31	0.00	193.50
264.40	3348.58	0.00	179.81
264.50	3551.18	0.00	165.45
264.60	3736.64	0.00	150.47
264.70	3903.59	0.00	134.92
264.80	4050.79	0.00	118.83
264.90	4177.11	0.00	102.27
265.00	4281.55	0.00	85.28
265.10	4363.26	0.00	67.92
265.20	4421.56	0.00	50.24
265.30	4455.91	0.00	32.30
265.40	4471.60	0.00	14.16
265.50	4482.56	0.00	-4.12
265.60	4489.34	0.00	-22.49
265.70	4491.76	0.00	-40.87
265.80	4489.53	0.00	-59.21
265.90	4482.32	0.00	-77.44
266.00	4469.68	0.00	-95.51
266.10	4451.12	0.00	-113.35
266.20	4426.10	0.00	-130.89
266.30	4394.00	0.00	-148.08
266.40	4354.18	0.00	-164.85
266.50	4305.97	0.00	-181.15
266.60	4248.66	0.00	-196.91
266.70	4181.57	0.00	-212.08
266.80	4104.01	0.00	-226.60
266.90	4015.29	0.00	-240.41
267.00	3914.81	0.00	-253.47
267.10	3801.96	0.00	-265.72
267.20	3676.25	0.00	-277.12
267.30	3537.21	0.00	-287.63
267.40	3384.52	0.00	-297.19
267.50	3217.90	0.00	-305.77
267.60	3037.24	0.00	-313.34
267.70	2842.51	0.00	-319.86
267.80	2633.83	0.00	-325.31
267.90	2411.46	0.00	-329.66
268.00	2175.79	0.00	-332.90
268.10	1927.36	0.00	-334.99
268.20	1666.86	0.00	-335.95
268.30	1395.12	0.00	-335.75
268.40	1113.14	0.00	-334.39
268.50	822.02	0.00	-331.88
268.60	523.04	0.00	-328.22
268.70	217.56	0.00	-323.42
268.80	-92.89	0.00	-317.49
268.90	-406.73	0.00	-310.46
269.00	-722.24	0.00	-302.36
269.10	-1037.65	0.00	-293.20
269.20	-1351.12	0.00	-283.02
269.30	-1660.75	0.00	-271.86
269.40	-1964.62	0.00	-259.76
269.50	-2260.81	0.00	-246.76
269.60	-2547.40	0.00	-232.92
269.70	-2822.49	0.00	-218.27
269.80	-3084.24	0.00	-202.89
269.90	-3330.86	0.00	-186.82
270.00	-3560.65	0.00	-170.13
270.10	-3772.02	0.00	-152.87
270.20	-3963.47	0.00	-135.12
270.30	-4133.65	0.00	-116.94
270.40	-4281.37	0.00	-98.40
270.50	-4405.56	0.00	-79.56
270.60	-4505.36	0.00	-60.50
270.70	-4580.05	0.00	-41.28
270.80	-4629.13	0.00	-21.98
270.90	-4652.27	0.00	-2.67
271.00	-4651.71	0.00	16.59
271.10	-4644.04	0.00	35.73
271.20	-4632.35	0.00	54.68
271.30	-4616.47	0.00	73.37
271.40	-4596.15	0.00	91.74
271.50	-4571.06	0.00	109.73
271.60	-4540.78	0.00	127.29
271.70	-4504.86	0.00	144.34
271.80	-4462.75	0.00	160.85
271.90	-4413.88	0.00	176.76
272.00	-4357.64	0.00	192.02
272.10	-4293.39	0.00	206.58
272.20	-4220.47	0.00	220.42
272.30	-4138.26	0.00	233.48
272.40	-4046.10	0.00	245.73
272.50	-3943.40	0.00	257.15
272.60	-3829.61	0.00	267.70
272.70	-3704.21	0.00	277.36
272.80	-3566.76	0.00	286.12
272.90	-3416.90	0.00	293.95
273.00	-3254.37	0.00	300.83
273.10	-3079.00	0.00	306.77
273.20	-2890.71	0.00	311.75
273.30	-2689.58	0.00	315.77
273.40	-2475.77	0.00	318.82
273.50	-2249.59	0.00	320.91
273.60	-2011.48	0.00	322.04
273.70	-1762.00	0.00	322.21
273.80	-1501.86	0.00	321.44
273.90	-1231.90	0.00	319.73
274.00	-953.06	0.00	317.09
274.10	-666.45	0.00	313.55
274.20	-373.27	0.00	309.10
274.30	-74.83	0.00	303.77
274.40	227.45	0.00	297.59
274.50	532.06	0.00	290.55
274.60	837.41	0.00	282.69
274.70	1141.83	0.00	274.03
274.80	1443.63	0.00	264.59
274.90	1741.04	0.00	254.39
275.00	2032.28	0.00	243.46
275.10	2315.58	0.00	231.82
275.20	2589.15	0.00	219.49
275.30	2851.23	0.00	206.51
275.40	3100.11	0.00	192.90
275.50	3334.11	0.00	178.69
275.60	3551.66	0.00	163.91
275.70	3751.24	0.00	148.59
275.80	3931.45	0.00	132.76
275.90	4091.00	0.00	116.46
276.00	4228.73	0.00	99.72
276.10	4343.62	0.00	82.58
276.20	4434.80	0.00	65.07
276.30	4501.55	0.00	47.25
276.40	4543.35	0.00	29.14
276.50	4559.83	0.00	10.79
276.60	4556.82	0.00	-7.75
276.70	4548.79	0.00	-26.43
276.80	4536.17	0.00	-45.21
276.90	4518.67	0.00	-64.03
277.00	4495.92	0.00	-82.84
277.10	4467.43	0.00	-101.58
277.20	4432.69	0.00	-120.20
277.30	4391.08	0.00	-138.63
277.40	4341.95	0.00	-156.82
277.50	4284.61	0.00	-174.70
277.60	4218.31	0.00	-192.20
277.70	4142.33	0.00	-209.27
277.80	4055.92	0.00	-225.82
277.90	3958.35	0.00	-241.81
278.00	3848.92	0.00	-257.15
278.10	3727.00	0.00	-271.79
278.20	3592.00	0.00	-285.64
278.30	3443.41	0.00	-298.66
278.40	3280.83	0.00	-310.76
278.50	3103.98	0.00	-321.89
278.60	2912.67	0.00	-331.97
278.70	2706.87	0.00	-340.96
278.80	2486.71	0.00	-348.80
278.90	2252.45	0.00	-355.42
279.00	2004.54	0.00	-360.78
279.10	1743.58	0.00	-364.82
279.20	1470.36	0.00	-367.52
279.30	1185.84	0.00	-368.82
279.40	891.14	0.00	-368.70
279.50	587.56	0.00	-367.14
279.60	276.57	0.00	-364.10
279.70	-40.23	0.00	-359.58
279.80	-361.09	0.00	-353.57
279.90	-684.12	0.00	-346.06
280.00	-1007.35	0.00	-337.07
280.10	-1328.70	0.00	-326.62
280.20	-1646.03	0.00	-314.72
280.30	-1957.13	0.00	-301.40
280.40	-2259.79	0.00	-286.70
280.50	-2551.80	0.00	-270.67
280.60	-2830.97	0.00	-253.36
280.70	-3095.14	0.00	-234.84
280.80	-3342.26	0.00	-215.16
280.90	-3570.35	0.00	-194.42
281.00	-3777.59	0.00	-172.68
281.10	-3962.27	0.00	-150.05
281.20	-4122.88	0.00	-126.61
281.30	-4258.07	0.00	-102.47
281.40	-4366.72	0.00	-77.74
281.50	-4447.93	0.00	-52.53
281.60	-4501.01	0.00	-26.95
281.70	-4525.54	0.00	-1.13
281.80	-4521.34	0.00	24.82
281.90	-4497.08	0.00	50.76
282.00	-4464.85	0.00	76.56
282.10	-4424.53	0.00	102.11
282.20	-4375.86	0.00	127.28
282.30	-4318.50	0.00	151.92
282.40	-4252.09	0.00	175.93
282.50	-4176.18	0.00	199.17
282.60	-4090.33	0.00	221.53
282.70	-3994.06	0.00	242.89
282.80	-3886.93	0.00	263.13
282.90	-3768.49	0.00	282.15
283.00	-3638.34	0.00	299.85
283.10	-3496.13	0.00	316.14
283.20	-3341.61	0.00	330.92
283.30	-3174.58	0.00	344.12
283.40	-2994.98	0.00	355.67
283.50	-2802.85	0.00	365.51
283.60	-2598.36	0.00	373.58
283.70	-2381.83	0.00	379.84
283.80	-2153.73	0.00	384.26
283.90	-1914.68	0.00	386.82
284.00	-1665.43	0.00	387.50
284.10	-1406.93	0.00	386.31
284.20	-1140.26	0.00	383.26
284.30	-866.62	0.00	378.36
284.40	-587.40	0.00	371.66
284.50	-304.06	0.00	363.18
284.60	-18.22	0.00	352.98
284.70	268.44	0.00	341.13
284.80	554.14	0.00	327.69
284.90	837.06	0.00	312.75
285.00	1115.34	0.00	296.40
285.10	1387.08	0.00	278.72
285.20	1650.44	0.00	259.83
285.30	1903.55	0.00	239.84
285.40	2144.66	0.00	218.86
285.50	2372.03	0.00	197.02
285.60	2584.08	0.00	174.43
285.70	2779.30	0.00	151.24
285.80	2956.34	0.00	127.58
285.90	3114.01	0.00	103.57
286.00	3251.27	0.00	79.36
286.10	3367.26	0.00	55.08
286.20	3461.33	0.00	30.86
286.30	3533.00	0.00	6.84
286.40	3582.02	0.00	-16.86
286.50	3608.30	0.00	-40.10
286.60	3612.00	0.00	-62.76
286.70	3593.44	0.00	-84.73
286.80	3553.13	0.00	-105.90
286.90	3494.94	0.00	-126.15
287.00	3428.33	0.00	-145.39
287.10	3354.01	0.00	-163.54
287.20	3272.14	0.00	-180.50
287.30	3182.85	0.00	-196.21
287.40	3086.29	0.00	-210.60
287.50	2982.57	0.00	-223.61
287.60	2871.82	0.00	-235.20
287.70	2754.21	0.00	-245.34
287.80	2629.89	0.00	-253.99
287.90	2499.07	0.00	-261.15
288.00	2361.99	0.00	-266.80
288.10	2218.92	0.00	-270.96
288.20	2070.19	0.00	-273.63
288.30	1916.16	0.00	-274.84
288.40	1757.26	0.00	-274.62
288.50	1593.97	0.00	-273.01
288.60	1426.81	0.00	-270.06
288.70	1256.36	0.00	-265.82
288.80	1083.25	0.00	-260.37
288.90	908.13	0.00	-253.76
289.00	731.73	0.00	-246.08
289.10	554.77	0.00	-237.40
289.20	378.03	0.00	-227.81
289.30	202.29	0.00	-217.40
289.40	28.34	0.00	-206.26
289.50	-143.02	0.00	-194.48
289.60	-310.99	0.00	-182.16
289.70	-474.80	0.00	-169.39
289.80	-633.68	0.00	-156.26
289.90	-786.91	0.00	-142.87
290.00	-933.80	0.00	-129.31
290.10	-1073.71	0.00	-115.67
290.20	-1206.02	0.00	-102.04
290.30	-1330.21	0.00	-88.49
290.40	-1445.79	0.00	-75.11
290.50	-1552.34	0.00	-61.97
290.60	-1649.52	0.00	-49.13
290.70	-1737.04	0.00	-36.66
290.80	-1814.68	0.00	-24.62
290.90	-1882.31	0.00	-13.05
291.00	-1939.85	0.00	-2.00
291.10	-1987.30	0.00	8.50
291.20	-2024.70	0.00	18.41
291.30	-2052.19	0.00	27.71
291.40	-2069.93	0.00	36.39
291.50	-2078.17	0.00	44.42
291.60	-2077.17	0.00	51.81
291.70	-2067.27	0.00	58.56
291.80	-2048.83	0.00	64.68
291.90	-2022.25	0.00	70.17
292.00	-1987.96	0.00	75.05
292.10	-1947.03	0.00	79.35
292.20	-1902.77	0.00	83.09
292.30	-1855.73	0.00	86.30
292.40	-1806.10	0.00	89.01
292.50	-1754.03	0.00	91.25
292.60	-1699.68	0.00	93.07
292.70	-1643.17	0.00	94.49
292.80	-1584.61	0.00	95.56
292.90	-1524.12	0.00	96.31
293.00	-1461.77	0.00	96.78
293.10	-1397.65	0.00	97.02
293.20	-1331.83	0.00	97.05
293.30	-1264.37	0.00	96.92
293.40	-1195.33	0.00	96.64
293.50	-1124.77	0.00	96.27
293.60	-1052.73	0.00	95.81
293.70	-979.27	0.00	95.30
293.80	-904.44	0.00	94.75
293.90	-828.29	0.00	94.19
294.00	-750.88	0.00	93.63
294.10	-672.28	0.00	93.08
294.20	-592.56	0.00	92.55
294.30	-511.80	0.00	92.03
294.40	-430.09	0.00	91.54
294.50	-347.53	0.00	91.06
294.60	-264.24	0.00	90.59
294.70	-180.33	0.00	90.12
294.80	-95.96	0.00	89.64
294.90	-11.28	0.00	89.13
295.00	73.53	0.00	88.57
295.10	158.30	0.00	87.95
295.20	242.80	0.00	87.25
295.30	326.84	0.00	86.43
295.40	410.16	0.00	85.49
295.50	492.53	0.00	84.39
295.60	573.66	0.00	83.11
295.70	653.30	0.00	81.64
295.80	731.14	0.00	79.94
295.90	806.90	0.00	78.00
296.00	880.25	0.00	75.80
296.10	950.90	0.00	73.31
296.20	1018.52	0.00	70.53
296.30	1082.79	0.00	67.44
296.40	1143.40	0.00	64.03
296.50	1200.04	0.00	60.29
296.60	1252.39	0.00	56.22
296.70	1300.17	0.00	51.82
296.80	1343.10	0.00	47.09
296.90	1380.90	0.00	42.03
297.00	1413.32	0.00	36.65
297.10	1440.15	0.00	30.97
297.20	1461.19	0.00	25.00
297.30	1476.25	0.00	18.76
297.40	1485.20	0.00	12.27
297.50	1487.93	0.00	5.56
297.60	1484.35	0.00	-1.34
297.70	1475.61	0.00	-8.40
297.80	1462.72	0.00	-15.59
297.90	1445.64	0.00	-22.88
298.00	1424.32	0.00	-30.22
298.10	1398.74	0.00	-37.58
298.20	1368.88	0.00	-44.91
298.30	1334.74	0.00	-52.18
298.40	1296.30	0.00	-59.34
298.50	1253.61	0.00	-66.34
298.60	1206.69	0.00	-73.15
298.70	1155.59	0.00	-79.73
298.80	1100.40	0.00	-86.03
298.90	1041.21	0.00	-92.02
299.00	978.13	0.00	-97.64
299.10	911.31	0.00	-102.88
299.20	840.92	0.00	-107.68
299.30	767.14	0.00	-112.03
299.40	690.19	0.00	-115.88
299.50	610.31	0.00	-119.22
299.60	527.78	0.00	-122.01
299.70	442.88	0.00	-124.24
299.80	355.94	0.00	-125.89
299.90	267.30	0.00	-126.94
300.00	177.33	0.00	-127.38
300.10	86.41	0.00	-127.22
300.20	-5.05	0.00	-126.43
300.30	-96.63	0.00	-125.03
300.40	-187.89	0.00	-123.02
300.50	-278.38	0.00	-120.41
300.60	-367.65	0.00	-117.21
300.70	-455.23	0.00	-113.43
300.80	-540.67	0.00	-109.10
300.90	-623.51	0.00	-104.23
301.00	-703.30	0.00	-98.85
301.10	-779.60	0.00	-93.00
301.20	-851.98	0.00	-86.70
301.30	-920.04	0.00	-79.98
301.40	-983.39	0.00	-72.89
301.50	-1041.68	0.00	-65.46
301.60	-1094.57	0.00	-57.73
301.70	-1141.78	0.00	-49.75
301.80	-1183.03	0.00	-41.56
301.90	-1218.12	0.00	-33.20
302.00	-1246.85	0.00	-24.72
302.10	-1269.08	0.00	-16.17
302.20	-1284.73	0.00	-7.58
302.30	-1293.73	0.00	0.98
302.40	-1296.07	0.00	9.48
302.50	-1291.80	0.00	17.87
302.60	-1280.99	0.00	26.10
302.70	-1264.22	0.00	34.14
302.80	-1242.75	0.00	41.94
302.90	-1216.76	0.00	49.45
303.00	-1186.35	0.00	56.65
303.10	-1151.67	0.00	63.50
303.20	-1112.85	0.00	69.95
303.30	-1070.08	0.00	75.99
303.40	-1023.51	0.00	81.57
303.50	-973.34	0.00	86.68
303.60	-919.77	0.00	91.30
303.70	-863.02	0.00	95.39
303.80	-803.32	0.00	98.95
303.90	-740.92	0.00	101.97
304.00	-676.08	0.00	104.42
304.10	-609.07	0.00	106.32
304.20	-540.18	0.00	107.64
304.30	-469.69	0.00	108.40
304.40	-397.93	0.00	108.59
304.50	-325.19	0.00	108.23
304.60	-251.82	0.00	107.32
304.70	-178.13	0.00	105.88
304.80	-104.46	0.00	103.92
304.90	-31.14	0.00	101.47
305.00	41.48	0.00	98.55
305.10	113.09	0.00	95.17
305.20	183.34	0.00	91.38
305.30	251.91	0.00	87.19
305.40	318.50	0.00	82.65
305.50	382.80	0.00	77.78
305.60	444.52	0.00	72.63
305.70	503.40	0.00	67.22
305.80	559.18	0.00	61.59
305.90	611.62	0.00	55.80
306.00	660.51	0.00	49.86
306.10	705.67	0.00	43.83
306.20	746.94	0.00	37.74
306.30	784.17	0.00	31.63
306.40	817.25	0.00	25.54
306.50	846.11	0.00	19.51
306.60	870.67	0.00	13.57
306.70	890.93	0.00	7.76
306.80	906.86	0.00	2.11
306.90	918.50	0.00	-3.35
307.00	925.90	0.00	-8.59
307.10	929.14	0.00	-13.59
307.20	928.30	0.00	-18.32
307.30	923.51	0.00	-22.75
307.40	914.90	0.00	-26.89
307.50	903.01	0.00	-30.70
307.60	888.45	0.00	-34.18
307.70	871.37	0.00	-37.32
307.80	851.92	0.00	-40.12
307.90	830.23	0.00	-42.57
308.00	806.45	0.00	-44.68
308.10	780.73	0.00	-46.45
308.20	753.20	0.00	-47.89
308.30	724.01	0.00	-49.02
308.40	693.28	0.00	-49.83
308.50	661.16	0.00	-50.36
308.60	627.76	0.00	-50.62
308.70	593.21	0.00	-50.63
308.80	557.63	0.00	-50.41
308.90	521.11	0.00	-50.00
309.00	483.76	0.00	-49.41
309.10	445.67	0.00	-48.67
309.20	406.94	0.00	-47.81
309.30	367.62	0.00	-46.85
309.40	327.80	0.00	-45.84
309.50	287.54	0.00	-44.78
309.60	246.89	0.00	-43.72
309.70	205.90	0.00	-42.67
309.80	164.60	0.00	-41.66
309.90	123.04	0.00	-40.71
310.00	81.24	0.00	-39.84
310.10	39.22	0.00	-39.08
310.20	-2.99	0.00	-38.43
310.30	-45.38	0.00	-37.92
310.40	-87.93	0.00	-37.54
310.50	-130.63	0.00	-37.32
310.60	-173.46	0.00	-37.24
310.70	-216.40	0.00	-37.33
310.80	-259.43	0.00	-37.56
310.90	-302.52	0.00	-37.94
311.00	-345.64	0.00	-38.46
311.10	-388.75	0.00	-39.10
311.20	-431.79	0.00	-39.86
311.30	-474.72	0.00	-40.70
311.40	-517.45	0.00	-41.62
311.50	-559.90	0.00	-42.59
311.60	-601.99	0.00	-43.58
311.70	-643.59	0.00	-44.57
311.80	-684.58	0.00	-45.52
311.90	-724.84	0.00	-46.40
312.00	-764.19	0.00	-47.19
312.10	-802.49	0.00	-47.85
312.20	-839.54	0.00	-48.35
312.30	-875.15	0.00	-48.65
312.40	-909.11	0.00	-48.73
312.50	-941.21	0.00	-48.55
312.60	-971.22	0.00	-48.08
312.70	-998.89	0.00	-47.29
312.80	-1024.45	0.00	-46.16
312.90	-1048.28	0.00	-44.67
313.00	-1070.21	0.00	-42.78
313.10	-1090.03	0.00	-40.49
313.20	-1107.57	0.00	-37.78
313.30	-1122.60	0.00	-34.64
313.40	-1134.93	0.00	-31.06
313.50	-1144.33	0.00	-27.03
313.60	-1150.57	0.00	-22.56
313.70	-1153.45	0.00	-17.66
313.80	-1152.73	0.00	-12.33
313.90	-1148.20	0.00	-6.58
314.00	-1139.64	0.00	-0.44
314.10	-1126.82	0.00	6.07
314.20	-1109.55	0.00	12.92
314.30	-1087.64	0.00	20.10
314.40	-1060.89	0.00	27.55
314.50	-1029.14	0.00	35.24
314.60	-992.23	0.00	43.12
314.70	-950.05	0.00	51.17
314.80	-902.47	0.00	59.31
314.90	-849.43	0.00	67.51
315.00	-790.86	0.00	75.70
315.10	-726.76	0.00	83.84
315.20	-657.12	0.00	91.87
315.30	-582.02	0.00	99.73
315.40	-501.53	0.00	107.36
315.50	-415.81	0.00	114.71
315.60	-325.02	0.00	121.71
315.70	-229.39	0.00	128.31
315.80	-129.21	0.00	134.45
315.90	-24.79	0.00	140.09
316.00	83.50	0.00	145.16
316.10	195.21	0.00	149.63
316.20	309.90	0.00	153.43
316.30	427.02	0.00	156.54
316.40	546.02	0.00	158.91
316.50	666.28	0.00	160.51
316.60	787.15	0.00	161.31
316.70	907.94	0.00	161.28
316.80	1027.93	0.00	160.40
316.90	1146.36	0.00	158.66
317.00	1262.46	0.00	156.05
317.10	1375.44	0.00	152.55
317.20	1484.49	0.00	148.19
317.30	1588.82	0.00	142.95
317.40	1687.63	0.00	136.85
317.50	1780.12	0.00	129.91
317.60	1865.54	0.00	122.16
317.70	1943.15	0.00	113.62
317.80	2012.24	0.00	104.32
317.90	2072.15	0.00	94.31
318.00	2122.31	0.00	83.63
318.10	2164.92	0.00	72.33
318.20	2201.59	0.00	60.45
318.30	2232.10	0.00	48.06
318.40	2256.22	0.00	35.22
318.50	2273.74	0.00	21.98
318.60	2284.43	0.00	8.42
318.70	2288.07	0.00	-5.40
318.80	2284.43	0.00	-19.40
318.90	2273.28	0.00	-33.52
319.00	2254.42	0.00	-47.69
319.10	2227.63	0.00	-61.83
319.20	2192.71	0.00	-75.86
319.30	2149.46	0.00	-89.72
319.40	2097.72	0.00	-103.33
319.50	2037.33	0.00	-116.62
319.60	1968.16	0.00	-129.53
319.70	1890.13	0.00	-141.98
319.80	1803.17	0.00	-153.91
319.90	1707.27	0.00	-165.26
320.00	1602.45	0.00	-175.97
320.10	1488.80	0.00	-185.99
320.20	1366.46	0.00	-195.26
320.30	1235.61	0.00	-203.73
320.40	1096.53	0.00	-211.37
320.50	949.55	0.00	-218.13
320.60	795.07	0.00	-223.97
320.70	633.56	0.00	-228.87
320.80	465.59	0.00	-232.81
320.90	291.76	0.00	-235.75
321.00	112.78	0.00	-237.69
321.10	-70.58	0.00	-238.62
321.20	-257.47	0.00	-238.52
321.30	-447.00	0.00	-237.40
321.40	-638.20	0.00	-235.25
321.50	-830.05	0.00	-232.10
321.60	-1021.47	0.00	-227.94
321.70	-1211.35	0.00	-222.80
321.80	-1398.57	0.00	-216.70
321.90	-1581.94	0.00	-209.65
322.00	-1760.29	0.00	-201.69
322.10	-1932.45	0.00	-192.85
322.20	-2097.24	0.00	-183.17
322.30	-2253.51	0.00	-172.68
322.40	-2400.13	0.00	-161.42
322.50	-2536.03	0.00	-149.44
322.60	-2660.19	0.00	-136.79
322.70	-2771.62	0.00	-123.51
322.80	-2869.46	0.00	-109.65
322.90	-2952.88	0.00	-95.27
323.00	-3021.18	0.00	-80.42
323.10	-3073.75	0.00	-65.16
323.20	-3110.14	0.00	-49.55
323.30	-3136.01	0.00	-33.64
323.40	-3155.06	0.00	-17.49
323.50	-3167.17	0.00	-1.17
323.60	-3172.20	0.00	15.26
323.70	-3169.97	0.00	31.75
323.80	-3160.29	0.00	48.23
323.90	-3142.92	0.00	64.63
324.00	-3117.62	0.00	80.89
324.10	-3084.12	0.00	96.96
324.20	-3042.11	0.00	112.76
324.30	-2991.32	0.00	128.24
324.40	-2931.45	0.00	143.34
324.50	-2862.20	0.00	157.99
324.60	-2783.29	0.00	172.13
324.70	-2694.49	0.00	185.71
324.80	-2595.56	0.00	198.67
324.90	-2486.32	0.00	210.95
325.00	-2366.65	0.00	222.49
325.10	-2236.47	0.00	233.25
325.20	-2095.78	0.00	243.18
325.30	-1944.64	0.00	252.22
325.40	-1783.22	0.00	260.32
325.50	-1611.75	0.00	267.46
325.60	-1430.57	0.00	273.58
325.70	-1240.12	0.00	278.66
325.80	-1040.93	0.00	282.65
325.90	-833.65	0.00	285.53
326.00	-619.04	0.00	287.27
326.10	-397.93	0.00	287.86
326.20	-171.28	0.00	287.28
326.30	59.85	0.00	285.51
326.40	294.33	0.00	282.56
326.50	530.92	0.00	278.41
326.60	768.33	0.00	273.08
326.70	1005.19	0.00	266.57
326.80	1240.07	0.00	258.90
326.90	1471.52	0.00	250.09
327.00	1698.04	0.00	240.16
327.10	1918.12	0.00	229.15
327.20	2130.27	0.00	217.11
327.30	2333.00	0.00	204.06
327.40	2524.86	0.00	190.06
327.50	2704.44	0.00	175.17
327.60	2870.41	0.00	159.45
327.70	3021.50	0.00	142.96
327.80	3156.56	0.00	125.76
327.90	3274.53	0.00	107.95
328.00	3374.48	0.00	89.59
328.10	3455.60	0.00	70.77
328.20	3517.24	0.00	51.58
328.30	3558.89	0.00	32.10
328.40	3580.20	0.00	12.42
328.50	3582.94	0.00	-7.36
328.60	3576.87	0.00	-27.15
328.70	3563.28	0.00	-46.85
328.80	3542.09	0.00	-66.36
328.90	3513.16	0.00	-85.60
329.00	3476.35	0.00	-104.46
329.10	3431.46	0.00	-122.86
329.20	3378.30	0.00	-140.70
329.30	3316.64	0.00	-157.90
329.40	3246.28	0.00	-174.37
329.50	3166.98	0.00	-190.03
329.60	3078.56	0.00	-204.80
329.70	2980.84	0.00	-218.61
329.80	2873.68	0.00	-231.40
329.90	2756.97	0.00	-243.11
330.00	2630.67	0.00	-253.68
330.10	2494.78	0.00	-263.07
330.20	2349.40	0.00	-271.22
330.30	2194.67	0.00	-278.12
330.40	2030.83	0.00	-283.73
330.50	1858.21	0.00	-288.04
330.60	1677.22	0.00	-291.03
330.70	1488.37	0.00	-292.69
330.80	1292.25	0.00	-293.04
330.90	1089.56	0.00	-292.09
331.00	881.07	0.00	-289.84
331.10	667.64	0.00	-286.33
331.20	450.22	0.00	-281.59
331.30	229.83	0.00	-275.65
331.40	7.54	0.00	-268.57
331.50	-215.50	0.00	-260.38
331.60	-438.12	0.00	-251.15
331.70	-659.10	0.00	-240.94
331.80	-877.19	0.00	-229.82
331.90	-1091.16	0.00	-217.84
332.00	-1299.74	0.00	-205.09
332.10	-1501.72	0.00	-191.63
332.20	-1695.89	0.00	-177.55
332.30	-1881.08	0.00	-162.92
332.40	-2056.19	0.00	-147.83
332.50	-2220.16	0.00	-132.35
332.60	-2372.04	0.00	-116.57
332.70	-2510.92	0.00	-100.56
332.80	-2636.03	0.00	-84.41
332.90	-2746.66	0.00	-68.19
333.00	-2842.23	0.00	-51.98
333.10	-2922.27	0.00	-35.86
333.20	-2986.42	0.00	-19.88
333.30	-3034.44	0.00	-4.13
333.40	-3066.21	0.00	11.34
333.50	-3081.72	0.00	26.45
333.60	-3081.10	0.00	41.17
333.70	-3064.57	0.00	55.43
333.80	-3033.58	0.00	69.18
333.90	-2995.54	0.00	82.38
334.00	-2951.82	0.00	94.99
334.10	-2902.51	0.00	106.98
334.20	-2847.67	0.00	118.31
334.30	-2787.37	0.00	128.95
334.40	-2721.63	0.00	138.89
334.50	-2650.47	0.00	148.11
334.60	-2573.91	0.00	156.58
334.70	-2491.98	0.00	164.30
334.80	-2404.70	0.00	171.27
334.90	-2312.09	0.00	177.48
335.00	-2214.21	0.00	182.93
335.10	-2111.10	0.00	187.62
335.20	-2002.87	0.00	191.56
335.30	-1889.61	0.00	194.76
335.40	-1771.46	0.00	197.23
335.50	-1648.60	0.00	198.99
335.60	-1521.24	0.00	200.04
335.70	-1389.60	0.00	200.41
335.80	-1253.97	0.00	200.12
335.90	-1114.67	0.00	199.18
336.00	-972.05	0.00	197.62
336.10	-826.49	0.00	195.46
336.20	-678.44	0.00	192.71
336.30	-528.35	0.00	189.42
336.40	-376.73	0.00	185.59
336.50	-224.09	0.00	181.25
336.60	-70.99	0.00	176.43
336.70	81.99	0.00	171.16
336.80	234.24	0.00	165.45
336.90	385.15	0.00	159.34
337.00	534.11	0.00	152.84
337.10	680.46	0.00	145.98
337.20	823.58	0.00	138.79
337.30	962.83	0.00	131.29
337.40	1097.58	0.00	123.50
337.50	1227.23	0.00	115.46
337.60	1351.18	0.00	107.18
337.70	1468.85	0.00	98.69
337.80	1579.69	0.00	90.01
337.90	1683.19	0.00	81.17
338.00	1778.88	0.00	72.20
338.10	1866.31	0.00	63.10
338.20	1945.08	0.00	53.92
338.30	2014.84	0.00	44.67
338.40	2075.30	0.00	35.38
338.50	2126.20	0.00	26.07
338.60	2167.35	0.00	16.77
338.70	2198.60	0.00	7.50
338.80	2219.86	0.00	-1.71
338.90	2231.12	0.00	-10.84
339.00	2232.38	0.00	-19.88
339.10	2223.75	0.00	-28.78
339.20	2205.35	0.00	-37.53
339.30	2178.72	0.00	-46.10
339.40	2147.40	0.00	-54.48
339.50	2111.58	0.00	-62.63
339.60	2071.31	0.00	-70.54
339.70	2026.62	0.00	-78.18
339.80	1977.54	0.00	-85.53
339.90	1924.09	0.00	-92.57
340.00	1866.31	0.00	-99.28
340.10	1804.22	0.00	-105.64
340.20	1737.88	0.00	-111.63
340.30	1667.32	0.00	-117.24
340.40	1592.61	0.00	-122.44
340.50	1513.83	0.00	-127.22
340.60	1431.05	0.00	-131.57
340.70	1344.40	0.00	-135.47
340.80	1254.01	0.00	-138.91
340.90	1160.03	0.00	-141.88
341.00	1062.63	0.00	-144.38
341.10	962.02	0.00	-146.38
341.20	858.43	0.00	-147.90
341.30	752.12	0.00	-148.92
341.40	643.37	0.00	-149.44
341.50	532.50	0.00	-149.46
341.60	419.83	0.00	-148.98
341.70	305.73	0.00	-148.00
341.80	190.60	0.00	-146.52
341.90	74.84	0.00	-144.55
342.00	-41.12	0.00	-142.11
342.10	-156.82	0.00	-139.18
342.20	-271.81	0.00	-135.80
342.30	-385.60	0.00	-131.95
342.40	-497.71	0.00	-127.67
342.50	-607.63	0.00	-122.97
342.60	-714.88	0.00	-117.85
342.70	-818.96	0.00	-112.34
342.80	-919.38	0.00	-106.46
342.90	-1015.65	0.00	-100.22
343.00	-1107.30	0.00	-93.65
343.10	-1193.89	0.00	-86.78
343.20	-1274.98	0.00	-79.61
343.30	-1350.16	0.00	-72.18
343.40	-1419.06	0.00	-64.51
343.50	-1481.31	0.00	-56.63
343.60	-1536.61	0.00	-48.57
343.70	-1584.67	0.00	-40.35
343.80	-1625.27	0.00	-32.00
343.90	-1658.19	0.00	-23.55
344.00	-1683.29	0.00	-15.03
344.10	-1700.45	0.00	-6.47
344.20	-1709.62	0.00	2.10
344.30	-1710.77	0.00	10.65
344.40	-1703.93	0.00	19.15
344.50	-1689.18	0.00	27.57
344.60	-1667.97	0.00	35.88
344.70	-1641.93	0.00	44.04
344.80	-1611.12	0.00	52.04
344.90	-1575.58	0.00	59.83
345.00	-1535.39	0.00	67.39
345.10	-1490.59	0.00	74.70
345.20	-1441.28	0.00	81.71
345.30	-1387.53	0.00	88.41
345.40	-1329.44	0.00	94.76
345.50	-1267.12	0.00	100.75
345.60	-1200.70	0.00	106.34
345.70	-1130.32	0.00	111.51
345.80	-1056.14	0.00	116.25
345.90	-978.34	0.00	120.52
346.00	-897.12	0.00	124.31
346.10	-812.71	0.00	127.61
346.20	-725.35	0.00	130.39
346.30	-635.31	0.00	132.64
346.40	-542.89	0.00	134.36
346.50	-448.40	0.00	135.52
346.60	-352.18	0.00	136.12
346.70	-254.60	0.00	136.16
346.80	-156.03	0.00	135.63
346.90	-56.89	0.00	134.54
347.00	42.41	0.00	132.88
347.10	141.43	0.00	130.65
347.20	239.72	0.00	127.87
347.30	336.83	0.00	124.55
347.40	432.28	0.00	120.69
347.50	525.60	0.00	116.31
347.60	616.34	0.00	111.43
347.70	704.01	0.00	106.06
347.80	788.17	0.00	100.24
347.90	868.36	0.00	93.98
348.00	944.15	0.00	87.32
348.10	1015.14	0.00	80.27
348.20	1080.93	0.00	72.89
348.30	1141.16	0.00	65.19
348.40	1195.50	0.00	57.21
348.50	1243.65	0.00	49.00
348.60	1285.36	0.00	40.59
348.70	1320.39	0.00	32.02
348.80	1348.57	0.00	23.34
348.90	1369.76	0.00	14.58
349.00	1383.86	0.00	5.79
349.10	1390.83	0.00	-2.99
349.20	1390.67	0.00	-11.72
349.30	1383.42	0.00	-20.34
349.40	1369.93	0.00	-28.82
349.50	1351.45	0.00	-37.12
349.60	1328.09	0.00	-45.19
349.70	1299.94	0.00	-52.99
349.80	1267.10	0.00	-60.49
349.90	1229.70	0.00	-67.64
350.00	1187.86	0.00	-74.42
350.10	1141.74	0.00	-80.79
350.20	1091.49	0.00	-86.72
350.30	1037.29	0.00	-92.18
350.40	979.33	0.00	-97.15
350.50	917.81	0.00	-101.61
350.60	852.96	0.00	-105.53
350.70	785.02	0.00	-108.91
350.80	714.23	0.00	-111.73
350.90	640.87	0.00	-113.98
351.00	565.22	0.00	-115.66
351.10	487.58	0.00	-116.76
351.20	408.26	0.00	-117.30
351.30	327.59	0.00	-117.27
351.40	245.91	0.00	-116.69
351.50	163.55	0.00	-115.56
351.60	80.87	0.00	-113.91
351.70	-1.76	0.00	-111.75
351.80	-84.00	0.00	-109.11
351.90	-165.46	0.00	-106.00
352.00	-245.79	0.00	-102.46
352.10	-324.63	0.00	-98.51
352.20	-401.62	0.00	-94.18
352.30	-476.42	0.00	-89.52
352.40	-548.70	0.00	-84.55
352.50	-618.12	0.00	-79.30
352.60	-684.38	0.00	-73.81
352.70	-747.20	0.00	-68.13
352.80	-806.30	0.00	-62.27
352.90	-861.44	0.00	-56.29
353.00	-912.39	0.00	-50.22
353.10	-958.94	0.00	-44.08
353.20	-1000.94	0.00	-37.92
353.30	-1038.21	0.00	-31.77
353.40	-1070.66	0.00	-25.66
353.50	-1098.17	0.00	-19.61
353.60	-1120.69	0.00	-13.66
353.70	-1138.17	0.00	-7.83
353.80	-1150.61	0.00	-2.14
353.90	-1158.02	0.00	3.39
354.00	-1160.43	0.00	8.74
354.10	-1158.06	0.00	13.89
354.20	-1151.99	0.00	18.83
354.30	-1142.53	0.00	23.56
354.40	-1129.76	0.00	28.06
354.50	-1113.76	0.00	32.33
354.60	-1094.61	0.00	36.37
354.70	-1072.39	0.00	40.18
354.80	-1047.19	0.00	43.75
354.90	-1019.08	0.00	47.10
355.00	-988.14	0.00	50.23
355.10	-954.45	0.00	53.15
355.20	-918.10	0.00	55.86
355.30	-879.15	0.00	58.38
355.40	-837.69	0.00	60.71
355.50	-793.79	0.00	62.87
355.60	-747.53	0.00	64.87
355.70	-698.99	0.00	66.72
355.80	-648.26	0.00	68.42
355.90	-595.42	0.00	70.00
356.00	-540.56	0.00	71.46
356.10	-483.77	0.00	72.81
356.20	-425.16	0.00	74.06
356.30	-364.83	0.00	75.20
356.40	-302.90	0.00	76.26
356.50	-239.47	0.00	77.22
356.60	-174.69	0.00	78.10
356.70	-108.70	0.00	78.89
356.80	-41.64	0.00	79.58
356.90	26.32	0.00	80.17
357.00	95.00	0.00	80.66
357.10	164.23	0.00	81.03
357.20	233.81	0.00	81.28
357.30	303.51	0.00	81.38
357.40	373.12	0.00	81.33
357.50	442.40	0.00	81.12
357.60	511.09	0.00	80.71
357.70	578.94	0.00	80.10
357.80	645.66	0.00	79.27
357.90	710.97	0.00	78.19
358.00	774.58	0.00	76.86
358.10	836.18	0.00	75.24
358.20	895.47	0.00	73.32
358.30	952.11	0.00	71.08
358.40	1005.81	0.00	68.51
358.50	1056.23	0.00	65.59
358.60	1103.07	0.00	62.31
358.70	1146.01	0.00	58.66
358.80	1184.74	0.00	54.63
358.90	1218.97	0.00	50.21
359.00	1248.42	0.00	45.41
359.10	1272.82	0.00	40.22
359.20	1291.93	0.00	34.65
359.30	1305.72	0.00	28.71
359.40	1315.31	0.00	22.40
359.50	1320.79	0.00	15.75
359.60	1322.02	0.00	8.78
359.70	1318.87	0.00	1.51
359.80	1311.20	0.00	-6.03
359.90	1298.90	0.00	-13.81
360.00	1281.86	0.00	-21.79
360.10	1259.98	0.00	-29.93
360.20	1233.16	0.00	-38.20
360.30	1201.35	0.00	-46.54
360.40	1164.50	0.00	-54.90
360.50	1122.56	0.00	-63.24
360.60	1075.54	0.00	-71.50
360.70	1023.45	0.00	-79.62
360.80	966.33	0.00	-87.55
360.90	904.27	0.00	-95.24
361.00	837.37	0.00	-102.62
361.10	765.78	0.00	-109.64
361.20	689.67	0.00	-116.25
361.30	609.25	0.00	-122.38
361.40	524.79	0.00	-127.98
361.50	436.57	0.00	-133.01
361.60	344.94	0.00	-137.41
361.70	250.26	0.00	-141.15
361.80	152.95	0.00	-144.18
361.90	53.45	0.00	-146.46
362.00	-47.74	0.00	-147.96
362.10	-150.11	0.00	-148.65
362.20	-253.11	0.00	-148.52
362.30	-356.15	0.00	-147.55
362.40	-458.64	0.00	-145.72
362.50	-559.96	0.00	-143.03
362.60	-659.47	0.00	-139.48
362.70	-756.54	0.00	-135.09
362.80	-850.50	0.00	-129.86
362.90	-940.74	0.00	-123.82
363.00	-1026.60	0.00	-116.99
363.10	-1107.49	0.00	-109.40
363.20	-1182.80	0.00	-101.10
363.30	-1251.98	0.00	-92.13
363.40	-1314.50	0.00	-82.53
363.50	-1369.87	0.00	-72.37
363.60	-1417.65	0.00	-61.69
363.70	-1457.47	0.00	-50.58
363.80	-1488.98	0.00	-39.08
363.90	-1511.93	0.00	-27.28
364.00	-1526.11	0.00	-15.24
364.10	-1531.39	0.00	-3.04
364.20	-1527.73	0.00	9.24
364.30	-1516.69	0.00	21.52
364.40	-1499.08	0.00	33.73
364.50	-1474.93	0.00	45.79
364.60	-1444.30	0.00	57.62
364.70	-1407.27	0.00	69.14
364.80	-1363.95	0.00	80.28
364.90	-1314.47	0.00	90.96
365.00	-1259.00	0.00	101.13
365.10	-1197.73	0.00	110.70
365.20	-1130.88	0.00	119.63
365.30	-1058.71	0.00	127.85
365.40	-981.52	0.00	135.31
365.50	-899.61	0.00	141.96
365.60	-813.35	0.00	147.76
365.70	-723.13	0.00	152.68
365.80	-629.37	0.00	156.69
365.90	-532.52	0.00	159.76
366.00	-433.08	0.00	161.87
366.10	-331.55	0.00	163.01
366.20	-228.49	0.00	163.19
366.30	-124.46	0.00	162.39
366.40	-20.04	0.00	160.63
366.50	84.15	0.00	157.93
366.60	187.50	0.00	154.30
366.70	289.39	0.00	149.77
366.80	389.18	0.00	144.38
366.90	486.26	0.00	138.15
367.00	580.00	0.00	131.14
367.10	669.80	0.00	123.40
367.20	755.09	0.00	114.97
367.30	835.30	0.00	105.91
367.40	909.90	0.00	96.28
367.50	978.42	0.00	86.14
367.60	1040.39	0.00	75.57
367.70	1095.41	0.00	64.62
367.80	1143.15	0.00	53.37
367.90	1183.29	0.00	41.89
368.00	1215.59	0.00	30.25
368.10	1239.89	0.00	18.52
368.20	1256.05	0.00	6.78
368.30	1264.02	0.00	-4.91
368.40	1263.80	0.00	-16.47
368.50	1255.47	0.00	-27.84
368.60	1239.15	0.00	-38.94
368.70	1215.40	0.00	-49.72
368.80	1185.51	0.00	-60.11
368.90	1149.72	0.00	-70.05
369.00	1108.24	0.00	-79.49
369.10	1061.29	0.00	-88.38
369.20	1009.12	0.00	-96.66
369.30	951.99	0.00	-104.30
369.40	890.20	0.00	-111.26
369.50	824.05	0.00	-117.49
369.60	753.90	0.00	-122.98
369.70	680.09	0.00	-127.70
369.80	603.02	0.00	-131.62
369.90	523.09	0.00	-134.73
370.00	440.72	0.00	-137.03
370.10	356.37	0.00	-138.50
370.20	270.48	0.00	-139.15
370.30	183.54	0.00	-138.99
370.40	96.04	0.00	-138.01
370.50	8.48	0.00	-136.24
370.60	-78.63	0.00	-133.69
370.70	-164.79	0.00	-130.39
370.80	-249.46	0.00	-126.36
370.90	-332.16	0.00	-121.64
371.00	-412.36	0.00	-116.26
371.10	-489.59	0.00	-110.26
371.20	-563.35	0.00	-103.68
371.30	-633.20	0.00	-96.56
371.40	-698.70	0.00	-88.96
371.50	-759.43	0.00	-80.91
371.60	-815.02	0.00	-72.48
371.70	-865.12	0.00	-63.71
371.80	-909.43	0.00	-54.66
371.90	-947.68	0.00	-45.38
372.00	-979.63	0.00	-35.93
372.10	-1005.12	0.00	-26.37
372.20	-1024.00	0.00	-16.74
372.30	-1036.19	0.00	-7.11
372.40	-1041.64	0.00	2.46
372.50	-1040.70	0.00	11.94
372.60	-1034.17	0.00	21.25
372.70	-1022.14	0.00	30.36
372.80	-1004.69	0.00	39.20
372.90	-981.94	0.00	47.75
373.00	-954.02	0.00	55.94
373.10	-921.07	0.00	63.75
373.20	-883.27	0.00	71.12
373.30	-840.80	0.00	78.03
373.40	-793.87	0.00	84.44
373.50	-742.71	0.00	90.31
373.60	-687.56	0.00	95.64
373.70	-628.69	0.00	100.38
373.80	-566.37	0.00	104.54
373.90	-500.91	0.00	108.07
374.00	-432.63	0.00	110.99
374.10	-361.86	0.00	113.28
374.20	-288.95	0.00	114.93
374.30	-214.26	0.00	115.96
374.40	-138.17	0.00	116.35
374.50	-61.08	0.00	116.12
374.60	16.64	0.00	115.28
374.70	94.56	0.00	113.84
374.80	172.29	0.00	111.83
374.90	249.40	0.00	109.25
375.00	325.50	0.00	106.14
375.10	400.16	0.00	102.52
375.20	472.99	0.00	98.43
375.30	543.59	0.00	93.88
375.40	611.58	0.00	88.92
375.50	676.58	0.00	83.57
375.60	738.24	0.00	77.88
375.70	796.23	0.00	71.88
375.80	850.24	0.00	65.61
375.90	899.97	0.00	59.11
376.00	945.17	0.00	52.41
376.10	985.59	0.00	45.56
376.20	1021.04	0.00	38.60
376.30	1051.34	0.00	31.56
376.40	1076.35	0.00	24.49
376.50	1095.96	0.00	17.41
376.60	1110.12	0.00	10.38
376.70	1119.62	0.00	3.41
376.80	1124.89	0.00	-3.45
376.90	1125.97	0.00	-10.18
377.00	1122.88	0.00	-16.74
377.10	1115.70	0.00	-23.11
377.20	1104.46	0.00	-29.26
377.30	1089.25	0.00	-35.17
377.40	1070.14	0.00	-40.81
377.50	1047.22	0.00	-46.18
377.60	1020.57	0.00	-51.24
377.70	990.30	0.00	-56.00
377.80	956.52	0.00	-60.43
377.90	919.32	0.00	-64.53
378.00	878.84	0.00	-68.29
378.10	835.21	0.00	-71.71
378.20	788.55	0.00	-74.78
378.30	739.00	0.00	-77.51
378.40	686.72	0.00	-79.90
378.50	631.86	0.00	-81.95
378.60	574.58	0.00	-83.68
378.70	515.04	0.00	-85.07
378.80	453.42	0.00	-86.15
378.90	389.90	0.00	-86.93
379.00	324.67	0.00	-87.42
379.10	257.92	0.00	-87.62
379.20	189.84	0.00	-87.55
379.30	120.65	0.00	-87.24
379.40	50.55	0.00	-86.68
379.50	-20.24	0.00	-85.89
379.60	-91.51	0.00	-84.89
379.70	-163.04	0.00	-83.70
379.80	-234.59	0.00	-82.32
379.90	-305.95	0.00	-80.76
380.00	-376.88	0.00	-79.05
380.10	-447.15	0.00	-77.20
380.20	-516.52	0.00	-75.20
380.30	-584.76	0.00	-73.08
380.40	-651.65	0.00	-70.85
380.50	-716.94	0.00	-68.50
380.60	-780.40	0.00	-66.06
380.70	-841.81	0.00	-63.52
380.80	-900.94	0.00	-60.88
380.90	-957.56	0.00	-58.16
381.00	-1011.46	0.00	-55.36
381.10	-1062.42	0.00	-52.47
381.20	-1110.23	0.00	-49.49
381.30	-1154.70	0.00	-46.44
381.40	-1195.62	0.00	-43.29
381.50	-1232.82	0.00	-40.06
381.60	-1266.11	0.00	-36.74
381.70	-1295.32	0.00	-33.32
381.80	-1320.31	0.00	-29.81
381.90	-1340.92	0.00	-26.20
382.00	-1357.66	0.00	-22.48
382.10	-1371.64	0.00	-18.66
382.20	-1382.84	0.00	-14.73
382.30	-1391.18	0.00	-10.68
382.40	-1396.60	0.00	-6.51
382.50	-1399.02	0.00	-2.23
382.60	-1398.35	0.00	2.17
382.70	-1394.50	0.00	6.68
382.80	-1387.39	0.00	11.31
382.90	-1376.92	0.00	16.05
383.00	-1362.98	0.00	20.90
383.10	-1345.49	0.00	25.85
383.20	-1324.32	0.00	30.89
383.30	-1299.39	0.00	36.01
383.40	-1270.59	0.00	41.21
383.50	-1237.84	0.00	46.47
383.60	-1201.02	0.00	51.77
383.70	-1160.08	0.00	57.10
383.80	-1114.93	0.00	62.44
383.90	-1065.52	0.00	67.77
384.00	-1011.79	0.00	73.08
384.10	-953.71	0.00	78.33
384.20	-891.28	0.00	83.50
384.30	-824.51	0.00	88.57
384.40	-753.41	0.00	93.51
384.50	-678.05	0.00	98.30
384.60	-598.51	0.00	102.90
384.70	-514.90	0.00	107.29
384.80	-427.36	0.00	111.45
384.90	-336.06	0.00	115.33
385.00	-241.20	0.00	118.92
385.10	-143.03	0.00	122.18
385.20	-41.82	0.00	125.09
385.30	62.12	0.00	127.61
385.40	168.46	0.00	129.73
385.50	276.82	0.00	131.42
385.60	386.78	0.00	132.66
385.70	497.90	0.00	133.42
385.80	609.71	0.00	133.68
385.90	721.71	0.00	133.44
386.00	833.37	0.00	132.66
386.10	944.14	0.00	131.35
386.20	1053.45	0.00	129.48
386.30	1160.70	0.00	127.06
386.40	1265.30	0.00	124.07
386.50	1366.65	0.00	120.52
386.60	1464.12	0.00	116.41
386.70	1557.11	0.00	111.74
386.80	1645.01	0.00	106.51
386.90	1727.24	0.00	100.75
387.00	1803.22	0.00	94.46
387.10	1872.40	0.00	87.66
387.20	1934.24	0.00	80.36
387.30	1988.27	0.00	72.60
387.40	2034.02	0.00	64.40
387.50	2071.09	0.00	55.78
387.60	2099.59	0.00	46.77
387.70	2122.62	0.00	37.41
387.80	2140.68	0.00	27.74
387.90	2153.61	0.00	17.78
388.00	2161.28	0.00	7.59
388.10	2163.51	0.00	-2.81
388.20	2160.16	0.00	-13.36
388.30	2151.06	0.00	-24.03
388.40	2136.05	0.00	-34.77
388.50	2114.95	0.00	-45.54
388.60	2087.60	0.00	-56.29
388.70	2053.85	0.00	-66.97
388.80	2013.53	0.00	-77.54
388.90	1966.50	0.00	-87.95
389.00	1912.63	0.00	-98.16
389.10	1851.80	0.00	-108.12
389.20	1783.91	0.00	-117.79
389.30	1708.90	0.00	-127.13
389.40	1626.72	0.00	-136.09
389.50	1537.36	0.00	-144.63
389.60	1440.84	0.00	-152.71
389.70	1337.23	0.00	-160.30
389.80	1226.65	0.00	-167.36
389.90	1109.24	0.00	-173.86
390.00	985.21	0.00	-179.76
390.10	854.83	0.00	-185.03
390.20	718.41	0.00	-189.66
390.30	576.33	0.00	-193.60
390.40	429.01	0.00	-196.85
390.50	276.94	0.00	-199.38
390.60	120.68	0.00	-201.17
390.70	-39.18	0.00	-202.21
390.80	-201.97	0.00	-202.49
390.90	-366.98	0.00	-201.99
391.00	-533.45	0.00	-200.72
391.10	-700.56	0.00	-198.67
391.20	-867.46	0.00	-195.82
391.30	-1033.27	0.00	-192.20
391.40	-1197.08	0.00	-187.80
391.50	-1357.93	0.00	-182.63
391.60	-1514.88	0.00	-176.71
391.70	-1666.95	0.00	-170.03
391.80	-1813.19	0.00	-162.62
391.90	-1952.64	0.00	-154.50
392.00	-2084.36	0.00	-145.70
392.10	-2207.43	0.00	-136.22
392.20	-2320.98	0.00	-126.10
392.30	-2424.16	0.00	-115.38
392.40	-2516.20	0.00	-104.07
392.50	-2596.36	0.00	-92.23
392.60	-2664.00	0.00	-79.87
392.70	-2718.52	0.00	-67.06
392.80	-2759.43	0.00	-53.82
392.90	-2786.31	0.00	-40.20
393.00	-2802.80	0.00	-26.25
393.10	-2812.76	0.00	-12.02
393.20	-2816.05	0.00	2.45
393.30	-2812.51	0.00	17.08
393.40	-2801.97	0.00	31.84
393.50	-2784.24	0.00	46.67
393.60	-2759.10	0.00	61.50
393.70	-2726.33	0.00	76.27
393.80	-2685.71	0.00	90.93
393.90	-2637.00	0.00	105.41
394.00	-2579.98	0.00	119.66
394.10	-2514.41	0.00	133.59
394.20	-2440.10	0.00	147.17
394.30	-2356.85	0.00	160.31
394.40	-2264.53	0.00	172.96
394.50	-2163.00	0.00	185.06
394.60	-2052.20	0.00	196.54
394.70	-1932.10	0.00	207.35
394.80	-1802.76	0.00	217.42
394.90	-1664.26	0.00	226.70
395.00	-1516.80	0.00	235.14
395.10	-1360.62	0.00	242.68
395.20	-1196.08	0.00	249.27
395.30	-1023.59	0.00	254.88
395.40	-843.67	0.00	259.46
395.50	-656.93	0.00	262.96
395.60	-464.07	0.00	265.37
395.70	-265.88	0.00	266.65
395.80	-63.23	0.00	266.77
395.90	142.90	0.00	265.72
396.00	351.47	0.00	263.48
396.10	561.37	0.00	260.05
396.20	771.42	0.00	255.43
396.30	980.38	0.00	249.62
396.40	1186.96	0.00	242.62
396.50	1389.85	0.00	234.46
396.60	1587.70	0.00	225.16
396.70	1779.17	0.00	214.75
396.80	1962.91	0.00	203.27
396.90	2137.61	0.00	190.75
397.00	2301.96	0.00	177.24
397.10	2454.73	0.00	162.80
397.20	2594.74	0.00	147.48
397.30	2720.88	0.00	131.36
397.40	2832.14	0.00	114.50
397.50	2927.62	0.00	96.97
397.60	3006.51	0.00	78.87
397.70	3068.15	0.00	60.27
397.80	3111.99	0.00	41.26
397.90	3137.64	0.00	21.94
398.00	3144.84	0.00	2.39
398.10	3138.81	0.00	-17.28
398.20	3124.26	0.00	-36.97
398.30	3101.13	0.00	-56.59
398.40	3069.30	0.00	-76.02
398.50	3028.67	0.00	-95.18
398.60	2979.12	0.00	-113.95
398.70	2920.52	0.00	-132.24
398.80	2852.74	0.00	-149.95
398.90	2775.67	0.00	-166.98
399.00	2689.22	0.00	-183.24
399.10	2593.30	0.00	-198.65
399.20	2487.90	0.00	-213.10
399.30	2373.01	0.00	-226.53
399.40	2248.69	0.00	-238.86
399.50	2115.07	0.00	-250.01
399.60	1972.32	0.00	-259.93
399.70	1820.71	0.00	-268.56
399.80	1660.58	0.00	-275.85
399.90	1492.35	0.00	-281.75
400.00	1316.53	0.00	-286.24
400.10	1133.74	0.00	-289.29
400.20	944.65	0.00	-290.88
400.30	750.04	0.00	-291.01
400.40	550.80	0.00	-289.67
400.50	347.86	0.00	-286.87
400.60	142.25	0.00	-282.63
400.70	-64.93	0.00	-276.98
400.80	-272.54	0.00	-269.95
400.90	-479.36	0.00	-261.58
401.00	-684.17	0.00	-251.93
401.10	-885.69	0.00	-241.06
401.20	-1082.65	0.00	-229.02
401.30	-1273.76	0.00	-215.90
401.40	-1457.78	0.00	-201.77
401.50	-1633.46	0.00	-186.71
401.60	-1799.63	0.00	-170.82
401.70	-1955.15	0.00	-154.19
401.80	-2098.97	0.00	-136.93
401.90	-2230.11	0.00	-119.12
402.00	-2347.71	0.00	-100.87
402.10	-2450.98	0.00	-82.30
402.20	-2539.27	0.00	-63.50
402.30	-2612.04	0.00	-44.59
402.40	-2668.90	0.00	-25.67
402.50	-2709.56	0.00	-6.84
402.60	-2733.88	0.00	11.78
402.70	-2741.86	0.00	30.10
402.80	-2733.64	0.00	48.03
402.90	-2709.46	0.00	65.46
403.00	-2672.34	0.00	82.31
403.10	-2627.27	0.00	98.49
403.20	-2574.49	0.00	113.92
403.30	-2514.19	0.00	128.53
403.40	-2446.54	0.00	142.26
403.50	-2371.70	0.00	155.04
403.60	-2289.88	0.00	166.82
403.70	-2201.27	0.00	177.56
403.80	-2106.08	0.00	187.21
403.90	-2004.54	0.00	195.75
404.00	-1896.92	0.00	203.15
404.10	-1783.51	0.00	209.39
404.20	-1664.62	0.00	214.47
404.30	-1540.60	0.00	218.38
404.40	-1411.85	0.00	221.14
404.50	-1278.78	0.00	222.75
404.60	-1141.87	0.00	223.23
404.70	-1001.60	0.00	222.61
404.80	-858.53	0.00	220.91
404.90	-713.21	0.00	218.18
405.00	-566.24	0.00	214.46
405.10	-418.27	0.00	209.79
405.20	-269.94	0.00	204.22
405.30	-121.93	0.00	197.80
405.40	25.06	0.00	190.60
405.50	170.35	0.00	182.67
405.60	313.22	0.00	174.07
405.70	452.97	0.00	164.86
405.80	588.92	0.00	155.12
405.90	720.38	0.00	144.89
406.00	846.70	0.00	134.25
406.10	967.24	0.00	123.27
406.20	1081.41	0.00	111.99
406.30	1188.65	0.00	100.50
406.40	1288.45	0.00	88.84
406.50	1380.33	0.00	77.09
406.60	1463.89	0.00	65.28
406.70	1538.76	0.00	53.49
406.80	1604.64	0.00	41.76
406.90	1661.29	0.00	30.15
407.00	1708.53	0.00	18.70
407.10	1746.25	0.00	7.45
407.20	1774.38	0.00	-3.55
407.30	1792.94	0.00	-14.25
407.40	1802.00	0.00	-24.64
407.50	1801.69	0.00	-34.67
407.60	1792.20	0.00	-44.31
407.70	1773.76	0.00	-53.53
407.80	1746.67	0.00	-62.31
407.90	1711.39	0.00	-70.63
408.00	1670.38	0.00	-78.47
408.10	1624.61	0.00	-85.81
408.20	1574.29	0.00	-92.64
408.30	1519.61	0.00	-98.94
408.40	1460.78	0.00	-104.71
408.50	1398.01	0.00	-109.93
408.60	1331.51	0.00	-114.60
408.70	1261.50	0.00	-118.71
408.80	1188.20	0.00	-122.27
408.90	1111.86	0.00	-125.27
409.00	1032.72	0.00	-127.72
409.10	951.04	0.00	-129.61
409.20	867.10	0.00	-130.95
409.30	781.17	0.00	-131.74
409.40	693.56	0.00	-132.00
409.50	604.56	0.00	-131.72
409.60	514.51	0.00	-130.92
409.70	423.74	0.00	-129.62
409.80	332.58	0.00	-127.82
409.90	241.40	0.00	-125.53
410.00	150.55	0.00	-122.77
410.10	60.40	0.00	-119.56
410.20	-28.68	0.00	-115.92
410.30	-116.31	0.00	-111.86
410.40	-202.12	0.00	-107.40
410.50	-285.74	0.00	-102.57
410.60	-366.80	0.00	-97.38
410.70	-444.94	0.00	-91.87
410.80	-519.82	0.00	-86.05
410.90	-591.09	0.00	-79.95
411.00	-658.44	0.00	-73.61
411.10	-721.57	0.00	-67.03
411.20	-780.19	0.00	-60.27
411.30	-834.06	0.00	-53.34
411.40	-882.93	0.00	-46.27
411.50	-926.61	0.00	-39.10
411.60	-964.91	0.00	-31.85
411.70	-997.71	0.00	-24.56
411.80	-1024.87	0.00	-17.26
411.90	-1046.33	0.00	-9.98
412.00	-1062.04	0.00	-2.75
412.10	-1071.98	0.00	4.40
412.20	-1076.18	0.00	11.43
412.30	-1074.70	0.00	18.33
412.40	-1067.61	0.00	25.05
412.50	-1055.05	0.00	31.58
412.60	-1037.16	0.00	37.88
412.70	-1014.11	0.00	43.93
412.80	-986.51	0.00	49.71
412.90	-955.16	0.00	55.20
413.00	-920.22	0.00	60.37
413.10	-881.87	0.00	65.20
413.20	-840.26	0.00	69.67
413.30	-795.59	0.00	73.78
413.40	-748.06	0.00	77.51
413.50	-697.86	0.00	80.84
413.60	-645.21	0.00	83.77
413.70	-590.34	0.00	86.29
413.80	-533.47	0.00	88.39
413.90	-474.86	0.00	90.07
414.00	-414.74	0.00	91.33
414.10	-353.39	0.00	92.16
414.20	-291.06	0.00	92.57
414.30	-228.04	0.00	92.56
414.40	-164.61	0.00	92.15
414.50	-101.04	0.00	91.32
414.60	-37.64	0.00	90.10
414.70	25.30	0.00	88.48
414.80	87.50	0.00	86.49
414.90	148.65	0.00	84.14
415.00	208.46	0.00	81.43
415.10	266.65	0.00	78.39
415.20	322.91	0.00	75.03
415.30	376.99	0.00	71.36
415.40	428.60	0.00	67.40
415.50	477.48	0.00	63.18
415.60	523.39	0.00	58.70
415.70	566.08	0.00	53.99
415.80	605.35	0.00	49.07
415.90	640.97	0.00	43.96
416.00	672.77	0.00	38.68
416.10	700.58	0.00	33.25
416.20	724.25	0.00	27.68
416.30	743.65	0.00	22.02
416.40	758.69	0.00	16.27
416.50	769.27	0.00	10.45
416.60	775.36	0.00	4.60
416.70	776.90	0.00	-1.28
416.80	774.07	0.00	-7.15
416.90	767.29	0.00	-12.99
417.00	756.62	0.00	-18.78
417.10	742.09	0.00	-24.50
417.20	723.75	0.00	-30.12
417.30	701.65	0.00	-35.63
417.40	675.86	0.00	-40.99
417.50	646.46	0.00	-46.20
417.60	613.55	0.00	-51.23
417.70	577.24	0.00	-56.05
417.80	537.65	0.00	-60.64
417.90	494.92	0.00	-65.00
418.00	449.20	0.00	-69.08
418.10	400.65	0.00	-72.89
418.20	349.47	0.00	-76.40
418.30	295.84	0.00	-79.59
418.40	239.99	0.00	-82.44
418.50	182.14	0.00	-84.95
418.60	122.54	0.00	-87.09
418.70	61.44	0.00	-88.86
418.80	-0.87	0.00	-90.25
418.90	-64.11	0.00	-91.23
419.00	-127.98	0.00	-91.82
419.10	-192.16	0.00	-91.99
419.20	-256.34	0.00	-91.74
419.30	-320.17	0.00	-91.07
419.40	-383.31	0.00	-89.98
419.50	-445.43	0.00	-88.47
419.60	-506.16	0.00	-86.54
419.70	-565.15	0.00	-84.18
419.80	-622.06	0.00	-81.42
419.90	-676.53	0.00	-78.24
420.00	-728.22	0.00	-74.67
420.10	-776.79	0.00	-70.71
420.20	-821.91	0.00	-66.38
420.30	-863.27	0.00	-61.68
420.40	-900.57	0.00	-56.63
420.50	-933.53	0.00	-51.26
420.60	-961.88	0.00	-45.57
420.70	-985.77	0.00	-39.59
420.80	-1005.60	0.00	-33.34
420.90	-1021.25	0.00	-26.84
421.00	-1032.58	0.00	-20.11
421.10	-1039.48	0.00	-13.19
421.20	-1041.83	0.00	-6.09
421.30	-1039.55	0.00	1.15
421.40	-1032.53	0.00	8.52
421.50	-1020.72	0.00	15.97
421.60	-1004.03	0.00	23.48
421.70	-982.43	0.00	31.01
421.80	-955.87	0.00	38.55
421.90	-924.34	0.00	46.05
422.00	-887.82	0.00	53.48
422.10	-846.34	0.00	60.81
422.20	-799.93	0.00	68.01
422.30	-748.64	0.00	75.04
422.40	-692.55	0.00	81.87
422.50	-631.76	0.00	88.47
422.60	-566.41	0.00	94.80
422.70	-496.65	0.00	100.82
422.80	-422.66	0.00	106.51
422.90	-344.67	0.00	111.84
423.00	-262.92	0.00	116.76
423.10	-177.69	0.00	121.25
423.20	-89.30	0.00	125.28
423.30	1.91	0.00	128.81
423.40	95.56	0.00	131.83
423.50	191.23	0.00	134.29
423.60	288.48	0.00	136.18
423.70	386.83	0.00	137.46
423.80	485.78	0.00	138.13
423.90	584.79	0.00	138.15
424.00	683.30	0.00	137.50
424.10	780.74	0.00	136.18
424.20	876.51	0.00	134.17
424.30	970.00	0.00	131.46
424.40	1060.58	0.00	128.04
424.50	1147.63	0.00	123.90
424.60	1230.53	0.00	119.06
424.70	1308.65	0.00	113.51
424.80	1381.39	0.00	107.25
424.90	1448.16	0.00	100.31
425.00	1508.37	0.00	92.70
425.10	1561.50	0.00	84.43
425.20	1607.04	0.00	75.53
425.30	1644.53	0.00	66.04
425.40	1675.24	0.00	55.98
425.50	1700.01	0.00	45.40
425.60	1718.63	0.00	34.33
425.70	1730.89	0.00	22.82
425.80	1736.58	0.00	10.93
425.90	1735.50	0.00	-1.29
426.00	1727.48	0.00	-13.78
426.10	1712.34	0.00	-26.48
426.20	1689.92	0.00	-39.32
426.30	1660.09	0.00	-52.24
426.40	1622.72	0.00	-65.16
426.50	1577.72	0.00	-78.00
426.60	1525.02	0.00	-90.69
426.70	1464.57	0.00	-103.16
426.80	1396.37	0.00	-115.33
426.90	1320.45	0.00	-127.12
427.00	1236.90	0.00	-138.44
427.10	1145.83	0.00	-149.24
427.20	1047.42	0.00	-159.42
427.30	941.89	0.00	-168.92
427.40	829.54	0.00	-177.67
427.50	710.70	0.00	-185.60
427.60	585.79	0.00	-192.64
427.70	455.28	0.00	-198.75
427.80	319.70	0.00	-203.86
427.90	179.66	0.00	-207.92
428.00	35.82	0.00	-210.91
428.10	-111.11	0.00	-212.77
428.20	-260.32	0.00	-213.48
428.30	-411.00	0.00	-213.02
428.40	-562.26	0.00	-211.37
428.50	-713.16	0.00	-208.53
428.60	-862.76	0.00	-204.51
428.70	-1010.07	0.00	-199.29
428.80	-1154.07	0.00	-192.92
428.90	-1293.76	0.00	-185.40
429.00	-1428.12	0.00	-176.78
429.10	-1556.15	0.00	-167.09
429.20	-1676.87	0.00	-156.39
429.30	-1789.35	0.00	-144.72
429.40	-1892.67	0.00	-132.15
429.50	-1986.00	0.00	-118.76
429.60	-2068.55	0.00	-104.60
429.70	-2139.62	0.00	-89.78
429.80	-2198.60	0.00	-74.36
429.90	-2244.94	0.00	-58.45
430.00	-2278.21	0.00	-42.13
430.10	-2298.12	0.00	-25.50
430.20	-2307.56	0.00	-8.67
430.30	-2308.71	0.00	8.28
430.40	-2301.52	0.00	25.23
430.50	-2285.94	0.00	42.09
430.60	-2261.94	0.00	58.76
430.70	-2229.48	0.00	75.12
430.80	-2188.56	0.00	91.10
430.90	-2139.18	0.00	106.58
431.00	-2081.37	0.00	121.49
431.10	-2015.19	0.00	135.73
431.20	-1940.71	0.00	149.22
431.30	-1858.06	0.00	161.88
431.40	-1767.37	0.00	173.64
431.50	-1668.85	0.00	184.44
431.60	-1562.72	0.00	194.21
431.70	-1449.28	0.00	202.91
431.80	-1328.85	0.00	210.48
431.90	-1201.82	0.00	216.90
432.00	-1068.64	0.00	222.12
432.10	-929.80	0.00	226.14
432.20	-785.86	0.00	228.93
432.30	-637.43	0.00	230.50
432.40	-485.18	0.00	230.83
432.50	-329.81	0.00	229.95
432.60	-172.10	0.00	227.86
432.70	-12.84	0.00	224.59
432.80	147.12	0.00	220.18
432.90	306.90	0.00	214.66
433.00	465.61	0.00	208.07
433.10	622.33	0.00	200.47
433.20	776.15	0.00	191.90
433.30	926.13	0.00	182.43
433.40	1071.37	0.00	172.13
433.50	1210.97	0.00	161.06
433.60	1344.06	0.00	149.29
433.70	1469.82	0.00	136.90
433.80	1587.46	0.00	123.97
433.90	1696.24	0.00	110.57
434.00	1795.49	0.00	96.78
434.10	1884.61	0.00	82.69
434.20	1963.07	0.00	68.38
434.30	2030.41	0.00	53.92
434.40	2086.28	0.00	39.40
434.50	2130.38	0.00	24.89
434.60	2162.53	0.00	10.47
434.70	2182.63	0.00	-3.78
434.80	2190.67	0.00	-17.79
434.90	2186.73	0.00	-31.50
435.00	2171.29	0.00	-44.83
435.10	2148.06	0.00	-57.73
435.20	2118.24	0.00	-70.14
435.30	2081.96	0.00	-82.00
435.40	2039.39	0.00	-93.26
435.50	1990.70	0.00	-103.88
435.60	1936.04	0.00	-113.81
435.70	1875.60	0.00	-123.02
435.80	1809.56	0.00	-131.48
435.90	1738.12	0.00	-139.16
436.00	1661.50	0.00	-146.04
436.10	1579.91	0.00	-152.09
436.20	1493.62	0.00	-157.31
436.30	1402.88	0.00	-161.69
436.40	1307.97	0.00	-165.23
436.50	1209.21	0.00	-167.92
436.60	1106.93	0.00	-169.77
436.70	1001.48	0.00	-170.79
436.80	893.22	0.00	-171.00
436.90	782.57	0.00	-170.41
437.00	669.94	0.00	-169.03
437.10	555.77	0.00	-166.91
437.20	440.50	0.00	-164.06
437.30	324.62	0.00	-160.51
437.40	208.61	0.00	-156.31
437.50	92.95	0.00	-151.47
437.60	-21.85	0.00	-146.05
437.70	-135.29	0.00	-140.09
437.80	-246.87	0.00	-133.62
437.90	-356.10	0.00	-126.70
438.00	-462.49	0.00	-119.36
438.10	-565.57	0.00	-111.66
438.20	-664.89	0.00	-103.64
438.30	-760.01	0.00	-95.35
438.40	-850.52	0.00	-86.84
438.50	-936.04	0.00	-78.17
438.60	-1016.22	0.00	-69.37
438.70	-1090.76	0.00	-60.50
438.80	-1159.37	0.00	-51.60
438.90	-1221.81	0.00	-42.73
439.00	-1277.89	0.00	-33.93
439.10	-1327.46	0.00	-25.24
439.20	-1370.41	0.00	-16.72
439.30	-1406.66	0.00	-8.39
439.40	-1436.20	0.00	-0.31
439.50	-1459.04	0.00	7.50
439.60	-1475.25	0.00	14.99
439.70	-1484.93	0.00	22.14
439.80	-1488.22	0.00	28.91
439.90	-1485.30	0.00	35.27
440.00	-1476.38	0.00	41.21
440.10	-1461.71	0.00	46.69
440.20	-1441.56	0.00	51.72
440.30	-1416.60	0.00	56.25
440.40	-1388.62	0.00	60.30
440.50	-1358.01	0.00	63.85
440.60	-1324.98	0.00	66.90
440.70	-1289.72	0.00	69.45
440.80	-1252.43	0.00	71.50
440.90	-1213.32	0.00	73.05
441.00	-1172.56	0.00	74.13
441.10	-1130.34	0.00	74.75
441.20	-1086.85	0.00	74.92
441.30	-1042.24	0.00	74.67
441.40	-996.70	0.00	74.02
441.50	-950.37	0.00	72.99
441.60	-903.41	0.00	71.62
441.70	-855.95	0.00	69.94
441.80	-808.13	0.00	67.99
441.90	-760.05	0.00	65.79
442.00	-711.83	0.00	63.40
442.10	-663.57	0.00	60.85
442.20	-615.34	0.00	58.17
442.30	-567.22	0.00	55.41
442.40	-519.26	0.00	52.61
442.50	-471.50	0.00	49.82
442.60	-423.98	0.00	47.06
442.70	-376.71	0.00	44.38
442.80	-329.69	0.00	41.82
442.90	-282.91	0.00	39.41
443.00	-236.36	0.00	37.19
443.10	-189.99	0.00	35.18
443.20	-143.77	0.00	33.41
443.30	-97.66	0.00	31.92
443.40	-51.58	0.00	30.71
443.50	-5.48	0.00	29.81
443.60	40.72	0.00	29.22
443.70	87.07	0.00	28.97
443.80	133.66	0.00	29.04
443.90	180.53	0.00	29.45
444.00	227.77	0.00	30.18
444.10	275.43	0.00	31.22
444.20	323.55	0.00	32.57
444.30	372.16	0.00	34.20
444.40	421.30	0.00	36.09
444.50	470.97	0.00	38.21
444.60	521.15	0.00	40.53
444.70	571.83	0.00	43.00
444.80	622.94	0.00	45.61
444.90	674.41	0.00	48.29
445.00	726.14	0.00	51.00
445.10	778.01	0.00	53.70
445.20	829.86	0.00	56.34
445.30	881.53	0.00	58.86
445.40	932.79	0.00	61.21
445.50	983.44	0.00	63.35
445.60	1033.20	0.00	65.21
445.70	1081.80	0.00	66.74
445.80	1128.93	0.00	67.90
445.90	1174.26	0.00	68.64
446.00	1217.46	0.00	68.91
446.10	1258.16	0.00	68.67
446.20	1295.99	0.00	67.88
446.30	1330.56	0.00	66.50
446.40	1361.48	0.00	64.51
446.50	1389.02	0.00	61.88
446.60	1414.11	0.00	58.59
446.70	1436.50	0.00	54.63
446.80	1455.88	0.00	49.98
446.90	1471.96	0.00	44.65
447.00	1484.44	0.00	38.65
447.10	1493.01	0.00	31.99
447.20	1497.35	0.00	24.68
447.30	1497.17	0.00	16.75
447.40	1492.16	0.00	8.24
447.50	1482.02	0.00	-0.81
447.60	1466.46	0.00	-10.36
447.70	1445.22	0.00	-20.36
447.80	1418.04	0.00	-30.74
447.90	1384.68	0.00	-41.45
448.00	1344.92	0.00	-52.41
448.10	1298.59	0.00	-63.55
448.20	1245.53	0.00	-74.79
448.30	1185.63	0.00	-86.05
448.40	1118.80	0.00	-97.24
448.50	1045.03	0.00	-108.29
448.60	964.33	0.00	-119.10
448.70	876.76	0.00	-129.58
448.80	782.47	0.00	-139.65
448.90	681.63	0.00	-149.22
449.00	574.49	0.00	-158.20
449.10	461.37	0.00	-166.51
449.20	342.66	0.00	-174.06
449.30	218.79	0.00	-180.80
449.40	90.29	0.00	-186.63
449.50	-42.25	0.00	-191.50
449.60	-178.19	0.00	-195.34
449.70	-316.80	0.00	-198.11
449.80	-457.33	0.00	-199.74
449.90	-598.93	0.00	-200.22
450.00	-740.72	0.00	-199.50
450.10	-881.78	0.00	-197.56
450.20	-1021.15	0.00	-194.39
450.30	-1157.85	0.00	-189.98
450.40	-1290.87	0.00	-184.33
450.50	-1419.18	0.00	-177.47
450.60	-1541.79	0.00	-169.41
450.70	-1657.69	0.00	-160.18
450.80	-1765.90	0.00	-149.83
450.90	-1865.49	0.00	-138.40
451.00	-1955.57	0.00	-125.95
451.10	-2035.29	0.00	-112.55
451.20	-2103.89	0.00	-98.28
451.30	-2160.69	0.00	-83.20
451.40	-2205.08	0.00	-67.42
451.50	-2236.56	0.00	-51.02
451.60	-2254.82	0.00	-34.10
451.70	-2262.97	0.00	-16.77
451.80	-2262.57	0.00	0.87
451.90	-2253.47	0.00	18.70
452.00	-2235.54	0.00	36.62
452.10	-2208.67	0.00	54.51
452.20	-2172.78	0.00	72.25
452.30	-2127.80	0.00	89.72
452.40	-2073.68	0.00	106.83
452.50	-2010.42	0.00	123.45
452.60	-1938.02	0.00	139.47
452.70	-1856.56	0.00	154.79
452.80	-1766.14	0.00	169.31
452.90	-1666.91	0.00	182.93
453.00	-1559.08	0.00	195.56
453.10	-1442.92	0.00	207.12
453.20	-1318.75	0.00	217.53
453.30	-1186.97	0.00	226.72
453.40	-1048.04	0.00	234.63
453.50	-902.50	0.00	241.21
453.60	-750.97	0.00	246.42
453.70	-594.11	0.00	250.21
453.80	-432.68	0.00	252.56
453.90	-267.49	0.00	253.47
454.00	-99.44	0.00	252.91
454.10	70.55	0.00	250.90
454.20	241.46	0.00	247.45
454.30	412.27	0.00	242.58
454.40	581.89	0.00	236.33
454.50	749.23	0.00	228.72
454.60	913.16	0.00	219.82
454.70	1072.54	0.00	209.68
454.80	1226.28	0.00	198.36
454.90	1373.25	0.00	185.94
455.00	1512.40	0.00	172.49
455.10	1642.69	0.00	158.11
455.20	1763.15	0.00	142.88
455.30	1872.87	0.00	126.90
455.40	1971.03	0.00	110.26
455.50	2056.87	0.00	93.08
455.60	2129.76	0.00	75.45
455.70	2189.16	0.00	57.48
455.80	2234.62	0.00	39.29
455.90	2265.84	0.00	20.97
456.00	2282.61	0.00	2.65
456.10	2284.87	0.00	-15.58
456.20	2272.99	0.00	-33.61
456.30	2250.97	0.00	-51.33
456.40	2219.99	0.00	-68.65
456.50	2180.15	0.00	-85.46
456.60	2131.58	0.00	-101.68
456.70	2074.40	0.00	-117.22
456.80	2008.76	0.00	-132.00
456.90	1934.83	0.00	-145.94
457.00	1852.82	0.00	-158.97
457.10	1762.93	0.00	-171.04
457.20	1665.42	0.00	-182.07
457.30	1560.59	0.00	-192.02
457.40	1448.76	0.00	-200.86
457.50	1330.30	0.00	-208.54
457.60	1205.61	0.00	-215.04
457.70	1075.17	0.00	-220.34
457.80	939.48	0.00	-224.43
457.90	799.08	0.00	-227.30
458.00	654.59	0.00	-228.94
458.10	506.65	0.00	-229.39
458.20	355.96	0.00	-228.63
458.30	203.24	0.00	-226.71
458.40	49.27	0.00	-223.65
458.50	-105.13	0.00	-219.47
458.60	-259.15	0.00	-214.23
458.70	-411.92	0.00	-207.96
458.80	-562.57	0.00	-200.71
458.90	-710.22	0.00	-192.55
459.00	-853.99	0.00	-183.51
459.10	-993.01	0.00	-173.67
459.20	-1126.41	0.00	-163.09
459.30	-1253.38	0.00	-151.83
459.40	-1373.11	0.00	-139.96
459.50	-1484.83	0.00	-127.54
459.60	-1587.83	0.00	-114.66
459.70	-1681.46	0.00	-101.37
459.80	-1765.12	0.00	-87.75
459.90	-1838.28	0.00	-73.86
460.00	-1900.48	0.00	-59.79
460.10	-1951.34	0.00	-45.59
460.20	-1990.57	0.00	-31.33
460.30	-2017.96	0.00	-17.08
460.40	-2033.36	0.00	-2.91
460.50	-2036.75	0.00	11.13
460.60	-2029.58	0.00	24.98
460.70	-2014.68	0.00	38.58
460.80	-1992.18	0.00	51.87
460.90	-1962.16	0.00	64.81
461.00	-1924.70	0.00	77.34
461.10	-1879.88	0.00	89.42
461.20	-1827.80	0.00	101.00
461.30	-1768.56	0.00	112.05
461.40	-1702.27	0.00	122.54
461.50	-1629.05	0.00	132.41
461.60	-1549.06	0.00	141.66
461.70	-1462.46	0.00	150.23
461.80	-1369.44	0.00	158.13
461.90	-1270.21	0.00	165.31
462.00	-1165.04	0.00	171.76
462.10	-1054.19	0.00	177.46
462.20	-937.98	0.00	182.41
462.30	-816.77	0.00	186.59
462.40	-690.96	0.00	189.98
462.50	-560.98	0.00	192.59
462.60	-427.30	0.00	194.41
462.70	-290.43	0.00	195.44
462.80	-150.95	0.00	195.68
462.90	-9.44	0.00	195.12
463.00	133.46	0.00	193.78
463.10	277.08	0.00	191.67
463.20	420.72	0.00	188.79
463.30	563.65	0.00	185.15
463.40	705.13	0.00	180.76
463.50	844.37	0.00	175.65
463.60	980.59	0.00	169.82
463.70	1113.01	0.00	163.30
463.80	1240.83	0.00	156.11
463.90	1363.27	0.00	148.26
464.00	1479.54	0.00	139.80
464.10	1588.91	0.00	130.73
464.20	1690.62	0.00	121.10
464.30	1784.00	0.00	110.93
464.40	1868.39	0.00	100.25
464.50	1943.18	0.00	89.10
464.60	2007.82	0.00	77.53
464.70	2061.80	0.00	65.56
464.80	2104.71	0.00	53.23
464.90	2136.17	0.00	40.60
465.00	2156.36	0.00	27.71
465.10	2168.61	0.00	14.59
465.20	2173.60	0.00	1.31
465.30	2171.24	0.00	-12.09
465.40	2161.45	0.00	-25.56
465.50	2144.11	0.00	-39.05
465.60	2119.15	0.00	-52.49
465.70	2086.47	0.00	-65.84
465.80	2045.98	0.00	-79.05
465.90	1997.59	0.00	-92.04
466.00	1941.25	0.00	-104.78
466.10	1876.89	0.00	-117.19
466.20	1804.49	0.00	-129.23
466.30	1724.04	0.00	-140.84
466.40	1635.56	0.00	-151.95
466.50	1539.12	0.00	-162.53
466.60	1434.81	0.00	-172.50
466.70	1322.77	0.00	-181.83
466.80	1203.22	0.00	-190.45
466.90	1076.39	0.00	-198.33
467.00	942.60	0.00	-205.41
467.10	802.23	0.00	-211.66
467.20	655.71	0.00	-217.02
467.30	503.53	0.00	-221.47
467.40	346.29	0.00	-224.97
467.50	184.61	0.00	-227.50
467.60	19.19	0.00	-229.02
467.70	-149.19	0.00	-229.51
467.80	-319.69	0.00	-228.96
467.90	-491.44	0.00	-227.36
468.00	-663.49	0.00	-224.70
468.10	-834.86	0.00	-220.98
468.20	-1004.52	0.00	-216.19
468.30	-1171.42	0.00	-210.36
468.40	-1334.47	0.00	-203.49
468.50	-1492.59	0.00	-195.60
468.60	-1644.68	0.00	-186.72
468.70	-1789.67	0.00	-176.88
468.80	-1926.49	0.00	-166.11
468.90	-2054.10	0.00	-154.45
469.00	-2171.53	0.00	-141.95
469.10	-2277.83	0.00	-128.67
469.20	-2372.13	0.00	-114.65
469.30	-2453.64	0.00	-99.95
469.40	-2521.64	0.00	-84.64
469.50	-2575.51	0.00	-68.79
469.60	-2614.73	0.00	-52.47
469.70	-2639.23	0.00	-35.76
469.80	-2653.79	0.00	-18.72
469.90	-2660.02	0.00	-1.45
470.00	-2657.78	0.00	15.97
470.10	-2646.96	0.00	33.46
470.20	-2627.41	0.00	50.94
470.30	-2598.99	0.00	68.31
470.40	-2561.57	0.00	85.49
470.50	-2515.01	0.00	102.39
470.60	-2459.17	0.00	118.93
470.70	-2393.94	0.00	135.02
470.80	-2319.23	0.00	150.57
470.90	-2234.95	0.00	165.51
471.00	-2141.07	0.00	179.75
471.10	-2037.60	0.00	193.22
471.20	-1924.58	0.00	205.85
471.30	-1802.13	0.00	217.57
471.40	-1670.39	0.00	228.30
471.50	-1529.62	0.00	238.00
471.60	-1380.10	0.00	246.61
471.70	-1222.24	0.00	254.07
471.80	-1056.49	0.00	260.34
471.90	-883.40	0.00	265.39
472.00	-703.62	0.00	269.19
472.10	-517.85	0.00	271.70
472.20	-326.92	0.00	272.91
472.30	-131.71	0.00	272.80
472.40	66.81	0.00	271.39
472.50	267.59	0.00	268.65
472.60	469.53	0.00	264.61
472.70	671.46	0.00	259.28
472.80	872.16	0.00	252.68
472.90	1070.37	0.00	244.85
473.00	1264.81	0.00	235.81
473.10	1454.18	0.00	225.62
473.20	1637.18	0.00	214.32
473.30	1812.52	0.00	201.96
473.40	1978.95	0.00	188.61
473.50	2135.22	0.00	174.33
473.60	2280.19	0.00	159.20
473.70	2412.73	0.00	143.28
473.80	2531.84	0.00	126.66
473.90	2636.57	0.00	109.43
474.00	2726.10	0.00	91.66
474.10	2799.71	0.00	73.45
474.20	2856.81	0.00	54.88
474.30	2896.94	0.00	36.06
474.40	2919.77	0.00	17.07
474.50	2925.53	0.00	-1.98
474.60	2920.41	0.00	-21.02
474.70	2906.47	0.00	-39.93
474.80	2883.66	0.00	-58.64
474.90	2851.95	0.00	-77.05
475.00	2811.27	0.00	-95.06
475.10	2761.57	0.00	-112.60
475.20	2702.76	0.00	-129.57
475.30	2634.80	0.00	-145.91
475.40	2557.63	0.00	-161.52
475.50	2471.20	0.00	-176.35
475.60	2375.50	0.00	-190.32
475.70	2270.54	0.00	-203.37
475.80	2156.39	0.00	-215.45
475.90	2033.13	0.00	-226.50
476.00	1900.91	0.00	-236.48
476.10	1759.95	0.00	-245.34
476.20	1610.51	0.00	-253.05
476.30	1452.93	0.00	-259.59
476.40	1287.63	0.00	-264.94
476.50	1115.10	0.00	-269.06
476.60	935.90	0.00	-271.97
476.70	750.69	0.00	-273.64
476.80	560.18	0.00	-274.09
476.90	365.20	0.00	-273.32
477.00	166.60	0.00	-271.34
477.10	-34.65	0.00	-268.18
477.20	-237.54	0.00	-263.85
477.30	-441.01	0.00	-258.39
477.40	-643.94	0.00	-251.83
477.50	-845.16	0.00	-244.19
477.60	-1043.48	0.00	-235.54
477.70	-1237.69	0.00	-225.90
477.80	-1426.57	0.00	-215.33
477.90	-1608.91	0.00	-203.88
478.00	-1783.49	0.00	-191.61
478.10	-1949.15	0.00	-178.56
478.20	-2104.75	0.00	-164.80
478.30	-2249.20	0.00	-150.40
478.40	-2381.48	0.00	-135.40
478.50	-2500.64	0.00	-119.87
478.60	-2605.82	0.00	-103.89
478.70	-2696.24	0.00	-87.51
478.80	-2771.23	0.00	-70.79
478.90	-2830.24	0.00	-53.81
479.00	-2872.81	0.00	-36.64
479.10	-2898.63	0.00	-19.32
479.20	-2907.49	0.00	-1.94
479.30	-2903.00	0.00	15.44
479.40	-2890.06	0.00	32.76
479.50	-2868.66	0.00	49.96
479.60	-2838.73	0.00	66.97
479.70	-2800.17	0.00	83.72
479.80	-2752.90	0.00	100.17
479.90	-2696.79	0.00	116.24
480.00	-2631.72	0.00	131.87
480.10	-2557.58	0.00	147.02
480.20	-2474.25	0.00	161.62
480.30	-2381.64	0.00	175.62
480.40	-2279.66	0.00	188.97
480.50	-2168.28	0.00	201.61
480.60	-2047.49	0.00	213.49
480.70	-1917.33	0.00	224.56
480.80	-1777.90	0.00	234.78
480.90	-1629.37	0.00	244.11
481.00	-1471.96	0.00	252.49
481.10	-1305.99	0.00	259.90
481.20	-1131.85	0.00	266.29
481.30	-950.01	0.00	271.63
481.40	-761.04	0.00	275.88
481.50	-565.61	0.00	279.03
481.60	-364.46	0.00	281.03
481.70	-158.45	0.00	281.88
481.80	51.49	0.00	281.56
481.90	264.33	0.00	280.04
482.00	478.98	0.00	277.33
482.10	694.25	0.00	273.41
482.20	908.89	0.00	268.28
482.30	1121.60	0.00	261.95
482.40	1331.04	0.00	254.43
482.50	1535.81	0.00	245.72
482.60	1734.51	0.00	235.86
482.70	1925.72	0.00	224.86
482.80	2108.04	0.00	212.76
482.90	2280.09	0.00	199.59
483.00	2440.51	0.00	185.39
483.10	2588.01	0.00	170.20
483.20	2721.37	0.00	154.09
483.30	2839.44	0.00	137.11
483.40	2941.17	0.00	119.32
483.50	3025.64	0.00	100.80
483.60	3092.03	0.00	81.61
483.70	3139.66	0.00	61.83
483.80	3168.06	0.00	41.55
483.90	3182.97	0.00	20.86
484.00	3188.32	0.00	-0.16
484.10	3183.95	0.00	-21.41
484.20	3169.66	0.00	-42.78
484.30	3145.23	0.00	-64.19
484.40	3110.43	0.00	-85.53
484.50	3064.98	0.00	-106.69
484.60	3008.62	0.00	-127.56
484.70	2941.07	0.00	-148.05
484.80	2862.07	0.00	-168.05
484.90	2771.37	0.00	-187.45
485.00	2668.76	0.00	-206.15
485.10	2554.05	0.00	-224.05
485.20	2427.12	0.00	-241.04
485.30	2287.91	0.00	-257.04
485.40	2136.42	0.00	-271.95
485.50	1972.77	0.00	-285.69
485.60	1797.13	0.00	-298.16
485.70	1609.83	0.00	-309.31
485.80	1411.29	0.00	-319.05
485.90	1202.04	0.00	-327.32
486.00	982.76	0.00	-334.07
486.10	754.26	0.00	-339.24
486.20	517.48	0.00	-342.80
486.30	273.48	0.00	-344.71
486.40	23.48	0.00	-344.95
486.50	-231.21	0.00	-343.50
486.60	-489.15	0.00	-340.36
486.70	-748.77	0.00	-335.52
486.80	-1008.45	0.00	-329.00
486.90	-1266.44	0.00	-320.83
487.00	-1520.97	0.00	-311.02
487.10	-1770.20	0.00	-299.61
487.20	-2012.25	0.00	-286.66
487.30	-2245.27	0.00	-272.22
487.40	-2467.38	0.00	-256.36
487.50	-2676.78	0.00	-239.14
487.60	-2871.70	0.00	-220.64
487.70	-3050.45	0.00	-200.96
487.80	-3211.45	0.00	-180.19
487.90	-3353.26	0.00	-158.42
488.00	-3474.54	0.00	-135.76
488.10	-3574.14	0.00	-112.33
488.20	-3651.08	0.00	-88.23
488.30	-3704.57	0.00	-63.59
488.40	-3735.28	0.00	-38.53
488.50	-3753.48	0.00	-13.17
488.60	-3761.43	0.00	12.35
488.70	-3758.97	0.00	37.92
488.80	-3745.93	0.00	63.40
488.90	-3722.05	0.00	88.67
489.00	-3687.06	0.00	113.59
489.10	-3640.64	0.00	138.05
489.20	-3582.47	0.00	161.91
489.30	-3512.20	0.00	185.07
489.40	-3429.47	0.00	207.39
489.50	-3333.95	0.00	228.77
489.60	-3225.32	0.00	249.10
489.70	-3103.32	0.00	268.28
489.80	-2967.72	0.00	286.21
489.90	-2818.39	0.00	302.80
490.00	-2655.27	0.00	317.97
490.10	-2478.39	0.00	331.64
490.20	-2287.90	0.00	343.74
490.30	-2084.10	0.00	354.21
490.40	-1867.38	0.00	362.99
490.50	-1638.30	0.00	370.05
490.60	-1397.57	0.00	375.35
490.70	-1146.04	0.00	378.86
490.80	-884.71	0.00	380.56
490.90	-614.76	0.00	380.45
491.00	-337.49	0.00	378.52
491.10	-54.36	0.00	374.79
491.20	233.07	0.00	369.27
491.30	523.09	0.00	361.99
491.40	813.88	0.00	352.98
491.50	1103.55	0.00	342.30
491.60	1390.15	0.00	329.99
491.70	1671.65	0.00	316.11
491.80	1946.00	0.00	300.74
491.90	2211.17	0.00	283.94
492.00	2465.13	0.00	265.81
492.10	2705.88	0.00	246.42
492.20	2931.52	0.00	225.88
492.30	3140.20	0.00	204.29
492.40	3330.23	0.00	181.74
492.50	3500.03	0.00	158.37
492.60	3648.16	0.00	134.26
492.70	3773.39	0.00	109.56
492.80	3874.65	0.00	84.37
492.90	3951.10	0.00	58.83
493.00	4002.08	0.00	33.05
493.10	4027.20	0.00	7.16
493.20	4029.19	0.00	-18.71
493.30	4020.34	0.00	-44.42
493.40	4001.99	0.00	-69.87
493.50	3974.08	0.00	-94.92
493.60	3936.46	0.00	-119.45
493.70	3888.95	0.00	-143.34
493.80	3831.33	0.00	-166.47
493.90	3763.35	0.00	-188.73
494.00	3684.73	0.00	-210.01
494.10	3595.21	0.00	-230.22
494.20	3494.53	0.00	-249.25
494.30	3382.43	0.00	-267.00
494.40	3258.72	0.00	-283.40
494.50	3123.26	0.00	-298.38
494.60	2975.94	0.00	-311.84
494.70	2816.77	0.00	-323.75
494.80	2645.83	0.00	-334.04
494.90	2463.31	0.00	-342.66
495.00	2269.52	0.00	-349.59
495.10	2064.86	0.00	-354.79
495.20	1849.90	0.00	-358.24
495.30	1625.29	0.00	-359.95
495.40	1391.85	0.00	-359.90
495.50	1150.51	0.00	-358.11
495.60	902.31	0.00	-354.61
495.70	648.45	0.00	-349.41
495.80	390.20	0.00	-342.56
495.90	128.94	0.00	-334.10
496.00	-133.85	0.00	-324.10
496.10	-396.62	0.00	-312.61
496.20	-657.78	0.00	-299.71
496.30	-915.68	0.00	-285.47
496.40	-1168.66	0.00	-270.00
496.50	-1415.05	0.00	-253.37
496.60	-1653.22	0.00	-235.69
496.70	-1881.54	0.00	-217.06
496.80	-2098.46	0.00	-197.59
496.90	-2302.50	0.00	-177.40
497.00	-2492.28	0.00	-156.60
497.10	-2666.51	0.00	-135.31
497.20	-2824.04	0.00	-113.64
497.30	-2963.85	0.00	-91.73
497.40	-3085.08	0.00	-69.70
497.50	-3187.02	0.00	-47.65
497.60	-3269.12	0.00	-25.72
497.70	-3331.02	0.00	-4.01
497.80	-3372.51	0.00	17.35
497.90	-3393.59	0.00	38.25
498.00	-3394.39	0.00	58.60
498.10	-3375.25	0.00	78.29
498.20	-3336.70	0.00	97.22
498.30	-3286.00	0.00	115.31
498.40	-3228.03	0.00	132.47
498.50	-3162.99	0.00	148.62
498.60	-3091.02	0.00	163.71
498.70	-3012.28	0.00	177.66
498.80	-2926.91	0.00	190.43
498.90	-2835.06	0.00	201.97
499.00	-2736.87	0.00	212.24
499.10	-2632.51	0.00	221.23
499.20	-2522.13	0.00	228.90
499.30	-2405.95	0.00	235.26
499.40	-2284.18	0.00	240.29
499.50	-2157.10	0.00	244.01
499.60	-2024.98	0.00	246.43
499.70	-1888.17	0.00	247.57
499.80	-1747.04	0.00	247.46
499.90	-1602.01	0.00	246.14
500.00	-1453.52	0.00	243.65
500.10	-1302.09	0.00	240.03
500.20	-1148.24	0.00	235.34
500.30	-992.55	0.00	229.64
500.40	-835.62	0.00	223.00
500.50	-678.08	0.00	215.48
500.60	-520.58	0.00	207.14
500.70	-363.79	0.00	198.07
500.80	-208.38	0.00	188.33
500.90	-55.04	0.00	178.02
501.00	95.56	0.00	167.19
501.10	242.76	0.00	155.93
501.20	385.89	0.00	144.32
501.30	524.34	0.00	132.43
501.40	657.51	0.00	120.35
501.50	784.84	0.00	108.14
501.60	905.81	0.00	95.87
501.70	1019.94	0.00	83.63
501.80	1126.80	0.00	71.46
501.90	1226.03	0.00	59.45
502.00	1317.31	0.00	47.64
502.10	1400.38	0.00	36.09
502.20	1475.05	0.00	24.87
502.30	1541.17	0.00	14.01
502.40	1598.68	0.00	3.56
502.50	1647.55	0.00	-6.44
502.60	1687.83	0.00	-15.94
502.70	1719.60	0.00	-24.93
502.80	1743.04	0.00	-33.37
502.90	1758.32	0.00	-41.25
503.00	1765.71	0.00	-48.53
503.10	1765.50	0.00	-55.21
503.20	1758.01	0.00	-61.28
503.30	1743.61	0.00	-66.73
503.40	1722.70	0.00	-71.55
503.50	1695.70	0.00	-75.76
503.60	1663.05	0.00	-79.35
503.70	1625.21	0.00	-82.34
503.80	1582.65	0.00	-84.73
503.90	1535.89	0.00	-86.54
504.00	1486.96	0.00	-87.79
504.10	1436.91	0.00	-88.50
504.20	1385.95	0.00	-88.70
504.30	1334.33	0.00	-88.40
504.40	1282.24	0.00	-87.63
504.50	1229.90	0.00	-86.43
504.60	1177.49	0.00	-84.82
504.70	1125.19	0.00	-82.83
504.80	1073.17	0.00	-80.50
504.90	1021.59	0.00	-77.87
505.00	970.61	0.00	-74.97
505.10	920.35	0.00	-71.82
505.20	870.93	0.00	-68.48
505.30	822.48	0.00	-64.96
505.40	775.08	0.00	-61.32
505.50	728.82	0.00	-57.58
505.60	683.77	0.00	-53.78
505.70	640.00	0.00	-49.96
505.80	597.54	0.00	-46.14
505.90	556.43	0.00	-42.35
506.00	516.67	0.00	-38.64
506.10	478.29	0.00	-35.03
506.20	441.26	0.00	-31.53
506.30	405.55	0.00	-28.20
506.40	371.15	0.00	-25.03
506.50	337.98	0.00	-22.07
506.60	306.00	0.00	-19.32
506.70	275.14	0.00	-16.81
506.80	245.30	0.00	-14.55
506.90	216.40	0.00	-12.55
507.00	188.34	0.00	-10.83
507.10	161.02	0.00	-9.38
507.20	134.32	0.00	-8.23
507.30	108.14	0.00	-7.36
507.40	82.33	0.00	-6.79
507.50	56.80	0.00	-6.50
507.60	31.41	0.00	-6.50
507.70	6.05	0.00	-6.77
507.80	-19.40	0.00	-7.30
507.90	-45.06	0.00	-8.09
508.00	-71.03	0.00	-9.12
508.10	-97.42	0.00	-10.37
508.20	-124.31	0.00	-11.82
508.30	-151.81	0.00	-13.46
508.40	-179.97	0.00	-15.27
508.50	-208.86	0.00	-17.21
508.60	-238.54	0.00	-19.27
508.70	-269.04	0.00	-21.42
508.80	-300.38	0.00	-23.63
508.90	-332.57	0.00	-25.89
509.00	-365.60	0.00	-28.15
509.10	-399.46	0.00	-30.40
509.20	-434.09	0.00	-32.61
509.30	-469.45	0.00	-34.75
509.40	-505.45	0.00	-36.80
509.50	-542.02	0.00	-38.72
509.60	-579.04	0.00	-40.50
509.70	-616.40	0.00	-42.11
509.80	-653.96	0.00	-43.54
509.90	-691.57	0.00	-44.75
510.00	-729.06	0.00	-45.74
510.10	-766.26	0.00	-46.48
510.20	-802.99	0.00	-46.96
510.30	-839.05	0.00	-47.16
510.40	-874.23	0.00	-47.08
510.50	-908.33	0.00	-46.71
510.60	-941.12	0.00	-46.04
510.70	-972.39	0.00	-45.07
510.80	-1001.92	0.00	-43.79
510.90	-1029.49	0.00	-42.20
511.00	-1054.88	0.00	-40.31
511.10	-1077.87	0.00	-38.12
511.20	-1098.27	0.00	-35.64
511.30	-1115.87	0.00	-32.88
511.40	-1130.96	0.00	-29.85
511.50	-1144.21	0.00	-26.56
511.60	-1155.48	0.00	-23.03
511.70	-1164.66	0.00	-19.27
511.80	-1171.64	0.00	-15.30
511.90	-1176.30	0.00	-11.14
512.00	-1178.52	0.00	-6.81
512.10	-1178.21	0.00	-2.33
512.20	-1175.26	0.00	2.28
512.30	-1169.57	0.00	6.98
512.40	-1161.07	0.00	11.77
512.50	-1149.67	0.00	16.61
512.60	-1135.30	0.00	21.48
512.70	-1117.88	0.00	26.36
512.80	-1097.37	0.00	31.22
512.90	-1073.72	0.00	36.04
513.00	-1046.88	0.00	40.80
513.10	-1016.83	0.00	45.47
513.20	-983.55	0.00	50.02
513.30	-947.04	0.00	54.45
513.40	-907.31	0.00	58.72
513.50	-864.37	0.00	62.83
513.60	-818.26	0.00	66.74
513.70	-769.03	0.00	70.45
513.80	-716.75	0.00	73.93
513.90	-661.48	0.00	77.18
514.00	-603.34	0.00	80.18
514.10	-542.42	0.00	82.92
514.20	-478.85	0.00	85.38
514.30	-412.78	0.00	87.57
514.40	-344.36	0.00	89.47
514.50	-273.78	0.00	91.07
514.60	-201.21	0.00	92.37
514.70	-126.88	0.00	93.37
514.80	-51.00	0.00	94.07
514.90	26.20	0.00	94.46
515.00	104.45	0.00	94.55
515.10	183.50	0.00	94.33
515.20	263.07	0.00	93.81
515.30	342.87	0.00	93.00
515.40	422.61	0.00	91.88
515.50	501.98	0.00	90.48
515.60	580.66	0.00	88.80
515.70	658.35	0.00	86.84
515.80	734.71	0.00	84.61
515.90	809.42	0.00	82.11
516.00	882.16	0.00	79.36
516.10	952.61	0.00	76.36
516.20	1020.44	0.00	73.12
516.30	1085.34	0.00	69.65
516.40	1147.00	0.00	65.96
516.50	1205.12	0.00	62.05
516.60	1259.41	0.00	57.95
516.70	1309.60	0.00	53.64
516.80	1355.42	0.00	49.16
516.90	1396.63	0.00	44.49
517.00	1433.00	0.00	39.67
517.10	1464.32	0.00	34.68
517.20	1490.41	0.00	29.56
517.30	1511.09	0.00	24.30
517.40	1526.23	0.00	18.91
517.50	1535.72	0.00	13.42
517.60	1540.22	0.00	7.82
517.70	1541.29	0.00	2.14
517.80	1538.91	0.00	-3.62
517.90	1533.04	0.00	-9.44
518.00	1523.63	0.00	-15.31
518.10	1510.62	0.00	-21.21
518.20	1493.96	0.00	-27.13
518.30	1473.59	0.00	-33.06
518.40	1449.47	0.00	-38.97
518.50	1421.55	0.00	-44.85
518.60	1389.79	0.00	-50.68
518.70	1354.14	0.00	-56.45
518.80	1314.58	0.00	-62.13
518.90	1271.10	0.00	-67.70
519.00	1223.67	0.00	-73.14
519.10	1172.30	0.00	-78.44
519.20	1117.01	0.00	-83.56
519.30	1057.83	0.00	-88.49
519.40	994.82	0.00	-93.21
519.50	928.04	0.00	-97.69
519.60	857.58	0.00	-101.90
519.70	783.56	0.00	-105.84
519.80	706.12	0.00	-109.46
519.90	625.41	0.00	-112.76
520.00	541.64	0.00	-115.70
520.10	455.00	0.00	-118.27
520.20	365.76	0.00	-120.45
520.30	274.17	0.00	-122.22
520.40	180.53	0.00	-123.56
520.50	85.16	0.00	-124.45
520.60	-11.57	0.00	-124.87
520.70	-109.31	0.00	-124.83
520.80	-207.66	0.00	-124.29
520.90	-306.20	0.00	-123.26
521.00	-404.48	0.00	-121.73
521.10	-502.07	0.00	-119.69
521.20	-598.48	0.00	-117.14
521.30	-693.26	0.00	-114.07
521.40	-785.91	0.00	-110.51
521.50	-875.94	0.00	-106.44
521.60	-962.87	0.00	-101.88
521.70	-1046.22	0.00	-96.84
521.80	-1125.52	0.00	-91.33
521.90	-1200.30	0.00	-85.37
522.00	-1270.13	0.00	-78.99
522.10	-1334.57	0.00	-72.21
522.20	-1393.24	0.00	-65.04
522.30	-1445.77	0.00	-57.53
522.40	-1491.82	0.00	-49.70
522.50	-1531.09	0.00	-41.58
522.60	-1563.33	0.00	-33.21
522.70	-1588.32	0.00	-24.64
522.80	-1605.89	0.00	-15.89
522.90	-1615.91	0.00	-7.01
523.00	-1618.31	0.00	1.95
523.10	-1613.05	0.00	10.96
523.20	-1601.24	0.00	19.97
523.30	-1584.45	0.00	28.92
523.40	-1562.71	0.00	37.79
523.50	-1536.05	0.00	46.52
523.60	-1504.50	0.00	55.06
523.70	-1468.11	0.00	63.38
523.80	-1426.95	0.00	71.43
523.90	-1381.09	0.00	79.15
524.00	-1330.62	0.00	86.53
524.10	-1275.66	0.00	93.51
524.20	-1216.34	0.00	100.05
524.30	-1152.80	0.00	106.13
524.40	-1085.21	0.00	111.71
524.50	-1013.77	0.00	116.75
524.60	-938.68	0.00	121.24
524.70	-860.20	0.00	125.15
524.80	-778.58	0.00	128.45
524.90	-694.11	0.00	131.14
525.00	-607.10	0.00	133.19
525.10	-517.88	0.00	134.60
525.20	-426.80	0.00	135.36
525.30	-334.25	0.00	135.47
525.40	-240.62	0.00	134.93
525.50	-146.32	0.00	133.74
525.60	-51.77	0.00	131.92
525.70	42.57	0.00	129.47
525.80	136.27	0.00	126.41
525.90	228.85	0.00	122.77
526.00	319.88	0.00	118.55
526.10	408.88	0.00	113.80
526.20	495.39	0.00	108.53
526.30	578.99	0.00	102.78
526.40	659.21	0.00	96.59
526.50	735.66	0.00	89.98
526.60	807.91	0.00	83.00
526.70	875.61	0.00	75.69
526.80	938.38	0.00	68.08
526.90	995.92	0.00	60.22
527.00	1047.91	0.00	52.15
527.10	1094.12	0.00	43.92
527.20	1134.32	0.00	35.58
527.30	1168.32	0.00	27.16
527.40	1195.99	0.00	18.70
527.50	1217.22	0.00	10.26
527.60	1231.96	0.00	1.88
527.70	1240.20	0.00	-6.40
527.80	1241.95	0.00	-14.54
527.90	1237.30	0.00	-22.51
528.00	1226.34	0.00	-30.26
528.10	1209.23	0.00	-37.75
528.20	1186.18	0.00	-44.96
528.30	1158.33	0.00	-51.85
528.40	1126.31	0.00	-58.40
528.50	1090.29	0.00	-64.56
528.60	1050.43	0.00	-70.33
528.70	1006.92	0.00	-75.67
528.80	959.94	0.00	-80.58
528.90	909.70	0.00	-85.02
529.00	856.42	0.00	-89.00
529.10	800.31	0.00	-92.49
529.20	741.62	0.00	-95.49
529.30	680.59	0.00	-97.99
529.40	617.47	0.00	-99.98
529.50	552.54	0.00	-101.48
529.60	486.07	0.00	-102.47
529.70	418.34	0.00	-102.97
529.80	349.65	0.00	-102.98
529.90	280.30	0.00	-102.50
530.00	210.60	0.00	-101.55
530.10	140.85	0.00	-100.14
530.20	71.38	0.00	-98.29
530.30	2.48	0.00	-96.01
530.40	-65.51	0.00	-93.32
530.50	-132.28	0.00	-90.24
530.60	-197.53	0.00	-86.78
530.70	-260.95	0.00	-82.98
530.80	-322.24	0.00	-78.85
530.90	-381.11	0.00	-74.42
531.00	-437.29	0.00	-69.71
531.10	-490.51	0.00	-64.74
531.20	-540.53	0.00	-59.55
531.30	-587.10	0.00	-54.15
531.40	-630.02	0.00	-48.58
531.50	-669.08	0.00	-42.87
531.60	-704.13	0.00	-37.03
531.70	-735.00	0.00	-31.10
531.80	-761.57	0.00	-25.10
531.90	-783.73	0.00	-19.06
532.00	-801.42	0.00	-13.01
532.10	-814.57	0.00	-6.97
532.20	-823.16	0.00	-0.97
532.30	-827.20	0.00	4.97
532.40	-826.70	0.00	10.82
532.50	-821.71	0.00	16.55
532.60	-812.32	0.00	22.15
532.70	-798.80	0.00	27.59
532.80	-781.72	0.00	32.85
532.90	-761.19	0.00	37.91
533.00	-737.34	0.00	42.74
533.10	-710.28	0.00	47.34
533.20	-680.14	0.00	51.67
533.30	-647.06	0.00	55.73
533.40	-611.20	0.00	59.50
533.50	-572.71	0.00	62.96
533.60	-531.77	0.00	66.10
533.70	-488.57	0.00	68.91
533.80	-443.28	0.00	71.38
533.90	-396.11	0.00	73.49
534.00	-347.28	0.00	75.25
534.10	-297.00	0.00	76.65
534.20	-245.49	0.00	77.67
534.30	-193.00	0.00	78.33
534.40	-139.76	0.00	78.61
534.50	-86.03	0.00	78.52
534.60	-32.05	0.00	78.07
534.70	21.92	0.00	77.24
534.80	75.61	0.00	76.06
534.90	128.78	0.00	74.53
535.00	181.16	0.00	72.65
535.10	232.48	0.00	70.43
535.20	282.50	0.00	67.90
535.30	330.97	0.00	65.06
535.40	377.63	0.00	61.92
535.50	422.25	0.00	58.51
535.60	464.60	0.00	54.84
535.70	504.47	0.00	50.93
535.80	541.65	0.00	46.81
535.90	575.96	0.00	42.48
536.00	607.21	0.00	37.99
536.10	635.25	0.00	33.33
536.20	659.94	0.00	28.56
536.30	681.16	0.00	23.67
536.40	698.81	0.00	18.71
536.50	712.81	0.00	13.70
536.60	723.10	0.00	8.66
536.70	729.64	0.00	3.61
536.80	732.70	0.00	-1.41
536.90	732.55	0.00	-6.38
537.00	729.22	0.00	-11.28
537.10	722.74	0.00	-16.09
537.20	713.15	0.00	-20.77
537.30	700.51	0.00	-25.31
537.40	684.89	0.00	-29.69
537.50	666.37	0.00	-33.89
537.60	645.02	0.00	-37.88
537.70	620.95	0.00	-41.66
537.80	594.26	0.00	-45.20
537.90	565.06	0.00	-48.49
538.00	533.49	0.00	-51.51
538.10	499.66	0.00	-54.27
538.20	463.73	0.00	-56.74
538.30	425.84	0.00	-58.91
538.40	386.15	0.00	-60.80
538.50	344.83	0.00	-62.38
538.60	302.03	0.00	-63.65
538.70	257.94	0.00	-64.63
538.80	212.74	0.00	-65.30
538.90	166.62	0.00	-65.68
539.00	119.75	0.00	-65.76
539.10	72.35	0.00	-65.56
539.20	24.60	0.00	-65.08
539.30	-23.31	0.00	-64.32
539.40	-71.17	0.00	-63.31
539.50	-118.80	0.00	-62.05
539.60	-165.98	0.00	-60.55
539.70	-212.54	0.00	-58.84
539.80	-258.29	0.00	-56.92
539.90	-303.04	0.00	-54.80
540.00	-346.60	0.00	-52.52
540.10	-388.82	0.00	-50.07
540.20	-429.51	0.00	-47.48
540.30	-468.52	0.00	-44.76
540.40	-505.71	0.00	-41.93
540.50	-540.93	0.00	-39.00
540.60	-574.04	0.00	-36.00
540.70	-604.93	0.00	-32.93
540.80	-633.49	0.00	-29.82
540.90	-659.61	0.00	-26.67
541.00	-683.21	0.00	-23.50
541.10	-704.21	0.00	-20.32
541.20	-722.55	0.00	-17.15
541.30	-738.16	0.00	-13.99
541.40	-751.01	0.00	-10.85
541.50	-761.07	0.00	-7.75
541.60	-768.32	0.00	-4.69
541.70	-772.83	0.00	-1.68
541.80	-775.07	0.00	1.28
541.90	-775.12	0.00	4.18
542.00	-772.99	0.00	7.01
542.10	-768.71	0.00	9.78
542.20	-762.30	0.00	12.48
542.30	-753.77	0.00	15.11
542.40	-743.15	0.00	17.67
542.50	-730.47	0.00	20.16
542.60	-715.74	0.00	22.58
542.70	-699.00	0.00	24.93
542.80	-680.27	0.00	27.21
542.90	-659.58	0.00	29.43
543.00	-636.96	0.00	31.57
543.10	-612.44	0.00	33.66
543.20	-586.06	0.00	35.68
543.30	-557.84	0.00	37.64
543.40	-527.83	0.00	39.55
543.50	-496.06	0.00	41.39
543.60	-462.59	0.00	43.17
543.70	-427.46	0.00	44.89
543.80	-390.73	0.00	46.56
543.90	-352.45	0.00	48.16
544.00	-312.69	0.00	49.69
544.10	-271.52	0.00	51.16
544.20	-229.02	0.00	52.55
544.30	-185.27	0.00	53.86
544.40	-140.37	0.00	55.09
544.50	-94.41	0.00	56.23
544.60	-47.52	0.00	57.27
544.70	0.21	0.00	58.20
544.80	48.63	0.00	59.01
544.90	97.61	0.00	59.70
545.00	147.00	0.00	60.25
545.10	196.65	0.00	60.65
545.20	246.39	0.00	60.89
545.30	296.05	0.00	60.96
545.40	345.44	0.00	60.85
545.50	394.37	0.00	60.54
545.60	442.65	0.00	60.02
545.70	490.06	0.00	59.28
545.80	536.41	0.00	58.32
545.90	581.46	0.00	57.11
546.00	625.01	0.00	55.66
546.10	666.82	0.00	53.95
546.20	706.68	0.00	51.97
546.30	744.37	0.00	49.72
546.40	779.66	0.00	47.21
546.50	812.34	0.00	44.41
546.60	842.19	0.00	41.34
546.70	869.03	0.00	37.99
546.80	892.64	0.00	34.37
546.90	912.85	0.00	30.48
547.00	929.50	0.00	26.34
547.10	942.42	0.00	21.95
547.20	951.49	0.00	17.32
547.30	956.79	0.00	12.48
547.40	958.90	0.00	7.43
547.50	957.79	0.00	2.20
547.60	953.41	0.00	-3.18
547.70	945.68	0.00	-8.70
547.80	934.57	0.00	-14.33
547.90	920.03	0.00	-20.03
548.00	902.03	0.00	-25.78
548.10	880.58	0.00	-31.55
548.20	855.67	0.00	-37.30
548.30	827.31	0.00	-42.99
548.40	795.55	0.00	-48.59
548.50	760.44	0.00	-54.06
548.60	722.05	0.00	-59.37
548.70	680.47	0.00	-64.47
548.80	635.80	0.00	-69.33
548.90	588.20	0.00	-73.92
549.00	537.79	0.00	-78.19
549.10	484.77	0.00	-82.12
549.20	429.33	0.00	-85.66
549.30	371.69	0.00	-88.79
549.40	312.08	0.00	-91.48
549.50	250.77	0.00	-93.70
549.60	188.04	0.00	-95.42
549.70	124.18	0.00	-96.63
549.80	59.52	0.00	-97.31
549.90	-5.62	0.00	-97.44
550.00	-70.89	0.00	-97.01
550.10	-135.94	0.00	-96.02
550.20	-200.40	0.00	-94.46
550.30	-263.90	0.00	-92.33
550.40	-326.06	0.00	-89.65
550.50	-386.51	0.00	-86.41
550.60	-444.89	0.00	-82.63
550.70	-500.82	0.00	-78.33
550.80	-553.95	0.00	-73.54
550.90	-603.94	0.00	-68.27
551.00	-650.47	0.00	-62.57
551.10	-693.23	0.00	-56.45
551.20	-731.95	0.00	-49.97
551.30	-766.36	0.00	-43.15
551.40	-796.25	0.00	-36.05
551.50	-821.42	0.00	-28.70
551.60	-841.70	0.00	-21.17
551.70	-856.99	0.00	-13.49
551.80	-867.18	0.00	-5.72
551.90	-872.23	0.00	2.09
552.00	-872.13	0.00	9.88
552.10	-866.92	0.00	17.61
552.20	-856.65	0.00	25.21
552.30	-841.44	0.00	32.64
552.40	-821.44	0.00	39.84
552.50	-796.98	0.00	46.76
552.60	-768.73	0.00	53.35
552.70	-736.88	0.00	59.58
552.80	-701.65	0.00	65.38
552.90	-663.23	0.00	70.72
553.00	-621.88	0.00	75.57
553.10	-577.85	0.00	79.89
553.20	-531.41	0.00	83.64
553.30	-482.85	0.00	86.81
553.40	-432.48	0.00	89.36
553.50	-380.63	0.00	91.29
553.60	-327.63	0.00	92.58
553.70	-273.82	0.00	93.22
553.80	-219.56	0.00	93.20
553.90	-165.21	0.00	92.54
554.00	-111.13	0.00	91.23
554.10	-57.68	0.00	89.29
554.20	-5.24	0.00	86.73
554.30	45.85	0.00	83.57
554.40	95.22	0.00	79.84
554.50	142.54	0.00	75.57
554.60	187.49	0.00	70.79
554.70	229.74	0.00	65.53
554.80	269.00	0.00	59.84
554.90	305.01	0.00	53.77
555.00	337.52	0.00	47.34
555.10	366.30	0.00	40.62
555.20	391.17	0.00	33.66
555.30	411.96	0.00	26.50
555.40	428.54	0.00	19.21
555.50	440.83	0.00	11.82
555.60	448.76	0.00	4.41
555.70	452.30	0.00	-2.98
555.80	451.46	0.00	-10.30
555.90	446.28	0.00	-17.49
556.00	436.85	0.00	-24.49
556.10	423.27	0.00	-31.26
556.20	405.69	0.00	-37.76
556.30	384.28	0.00	-43.92
556.40	359.24	0.00	-49.72
556.50	330.80	0.00	-55.12
556.60	299.24	0.00	-60.07
556.70	264.89	0.00	-64.54
556.80	228.01	0.00	-68.51
556.90	188.89	0.00	-71.95
557.00	147.81	0.00	-74.83
557.10	105.09	0.00	-77.15
557.20	61.05	0.00	-78.90
557.30	16.02	0.00	-80.05
557.40	-29.65	0.00	-80.62
557.50	-75.63	0.00	-80.59
557.60	-121.56	0.00	-79.99
557.70	-167.09	0.00	-78.81
557.80	-211.88	0.00	-77.08
557.90	-255.58	0.00	-74.80
558.00	-297.85	0.00	-72.01
558.10	-338.37	0.00	-68.73
558.20	-376.85	0.00	-64.98
558.30	-413.12	0.00	-60.80
558.40	-446.92	0.00	-56.22
558.50	-478.04	0.00	-51.28
558.60	-506.26	0.00	-46.02
558.70	-531.40	0.00	-40.48
558.80	-553.29	0.00	-34.70
558.90	-571.79	0.00	-28.72
559.00	-586.76	0.00	-22.58
559.10	-598.11	0.00	-16.33
559.20	-605.74	0.00	-10.01
559.30	-609.59	0.00	-3.66
559.40	-609.61	0.00	2.67
559.50	-605.77	0.00	8.95
559.60	-598.06	0.00	15.13
559.70	-586.49	0.00	21.19
559.80	-571.09	0.00	27.08
559.90	-551.90	0.00	32.78
560.00	-528.98	0.00	38.26
560.10	-502.42	0.00	43.48
560.20	-472.30	0.00	48.42
560.30	-438.75	0.00	53.08
560.40	-401.87	0.00	57.41
560.50	-361.83	0.00	61.42
560.60	-318.76	0.00	65.09
560.70	-272.84	0.00	68.40
560.80	-224.25	0.00	71.36
560.90	-173.18	0.00	73.97
561.00	-119.84	0.00	76.21
561.10	-64.44	0.00	78.10
561.20	-7.21	0.00	79.63
561.30	51.62	0.00	80.82
561.40	111.81	0.00	81.67
561.50	173.09	0.00	82.19
561.60	235.22	0.00	82.40
561.70	297.93	0.00	82.30
561.80	360.96	0.00	81.91
561.90	424.02	0.00	81.25
562.00	486.84	0.00	80.32
562.10	549.15	0.00	79.14
562.20	610.65	0.00	77.72
562.30	671.08	0.00	76.08
562.40	730.14	0.00	74.23
562.50	787.56	0.00	72.18
562.60	843.06	0.00	69.94
562.70	896.36	0.00	67.51
562.80	947.19	0.00	64.91
562.90	995.29	0.00	62.14
563.00	1040.40	0.00	59.21
563.10	1082.25	0.00	56.12
563.20	1120.61	0.00	52.86
563.30	1155.27	0.00	49.45
563.40	1186.96	0.00	45.87
563.50	1215.94	0.00	42.13
563.60	1242.12	0.00	38.22
563.70	1265.37	0.00	34.13
563.80	1285.58	0.00	29.88
563.90	1302.62	0.00	25.43
564.00	1316.37	0.00	20.80
564.10	1326.69	0.00	15.98
564.20	1333.45	0.00	10.96
564.30	1336.49	0.00	5.74
564.40	1335.67	0.00	0.32
564.50	1330.84	0.00	-5.31
564.60	1321.84	0.00	-11.14
564.70	1308.52	0.00	-17.17
564.80	1290.71	0.00	-23.40
564.90	1268.26	0.00	-29.81
565.00	1241.02	0.00	-36.41
565.10	1208.84	0.00	-43.16
565.20	1171.57	0.00	-50.06
565.30	1129.10	0.00	-57.09
565.40	1081.29	0.00	-64.22
565.50	1028.06	0.00	-71.42
565.60	969.33	0.00	-78.67
565.70	905.04	0.00	-85.93
565.80	835.15	0.00	-93.16
565.90	759.68	0.00	-100.33
566.00	678.65	0.00	-107.39
566.10	592.15	0.00	-114.30
566.20	500.27	0.00	-121.00
566.30	403.17	0.00	-127.45
566.40	301.05	0.00	-133.60
566.50	194.17	0.00	-139.40
566.60	82.81	0.00	-144.79
566.70	-32.67	0.00	-149.72
566.80	-151.87	0.00	-154.13
566.90	-274.34	0.00	-157.99
567.00	-399.57	0.00	-161.22
567.10	-526.99	0.00	-163.80
567.20	-656.01	0.00	-165.66
567.30	-785.96	0.00	-166.78
567.40	-916.15	0.00	-167.10
567.50	-1045.82	0.00	-166.60
567.60	-1174.21	0.00	-165.25
567.70	-1300.51	0.00	-163.02
567.80	-1423.88	0.00	-159.89
567.90	-1543.48	0.00	-155.85
568.00	-1658.45	0.00	-150.89
568.10	-1767.92	0.00	-145.01
568.20	-1871.05	0.00	-138.22
568.30	-1966.99	0.00	-130.52
568.40	-2054.93	0.00	-121.95
568.50	-2134.10	0.00	-112.52
568.60	-2203.75	0.00	-102.28
568.70	-2263.20	0.00	-91.25
568.80	-2311.83	0.00	-79.49
568.90	-2350.36	0.00	-67.05
569.00	-2382.43	0.00	-54.00
569.10	-2408.11	0.00	-40.39
569.20	-2427.19	0.00	-26.29
569.30	-2439.44	0.00	-11.79
569.40	-2444.65	0.00	3.04
569.50	-2442.59	0.00	18.11
569.60	-2433.04	0.00	33.34
569.70	-2415.79	0.00	48.65
569.80	-2390.64	0.00	63.93
569.90	-2357.38	0.00	79.10
570.00	-2315.84	0.00	94.07
570.10	-2265.84	0.00	108.75
570.20	-2207.26	0.00	123.03
570.30	-2139.98	0.00	136.85
570.40	-2063.93	0.00	150.11
570.50	-1979.06	0.00	162.72
570.60	-1885.38	0.00	174.62
570.70	-1782.95	0.00	185.72
570.80	-1671.88	0.00	195.96
570.90	-1552.35	0.00	205.28
571.00	-1424.58	0.00	213.61
571.10	-1288.88	0.00	220.90
571.20	-1145.62	0.00	227.11
571.30	-995.24	0.00	232.21
571.40	-838.26	0.00	236.17
571.50	-675.26	0.00	238.95
571.60	-506.90	0.00	240.55
571.70	-333.91	0.00	240.97
571.80	-157.09	0.00	240.19
571.90	22.72	0.00	238.24
572.00	204.60	0.00	235.12
572.10	387.59	0.00	230.85
572.20	570.70	0.00	225.48
572.30	752.88	0.00	219.03
572.40	933.09	0.00	211.55
572.50	1110.23	0.00	203.09
572.60	1283.24	0.00	193.70
572.70	1451.03	0.00	183.44
572.80	1612.56	0.00	172.37
572.90	1766.79	0.00	160.57
573.00	1912.72	0.00	148.09
573.10	2049.40	0.00	135.02
573.20	2175.96	0.00	121.43
573.30	2291.56	0.00	107.40
573.40	2395.46	0.00	93.00
573.50	2486.99	0.00	78.32
573.60	2565.58	0.00	63.44
573.70	2630.74	0.00	48.42
573.80	2682.09	0.00	33.35
573.90	2719.36	0.00	18.31
574.00	2742.37	0.00	3.36
574.10	2751.05	0.00	-11.42
574.20	2745.89	0.00	-25.96
574.30	2732.60	0.00	-40.20
574.40	2712.93	0.00	-54.08
574.50	2686.94	0.00	-67.53
574.60	2654.70	0.00	-80.51
574.70	2616.26	0.00	-92.97
574.80	2571.63	0.00	-104.85
574.90	2520.87	0.00	-116.12
575.00	2463.99	0.00	-126.74
575.10	2401.04	0.00	-136.68
575.20	2332.03	0.00	-145.90
575.30	2257.02	0.00	-154.39
575.40	2176.06	0.00	-162.13
575.50	2089.22	0.00	-169.09
575.60	1996.60	0.00	-175.27
575.70	1898.31	0.00	-180.66
575.80	1794.49	0.00	-185.26
575.90	1685.31	0.00	-189.06
576.00	1570.99	0.00	-192.07
576.10	1451.74	0.00	-194.30
576.20	1327.86	0.00	-195.75
576.30	1199.65	0.00	-196.44
576.40	1067.47	0.00	-196.38
576.50	931.68	0.00	-195.58
576.60	792.74	0.00	-194.08
576.70	651.08	0.00	-191.89
576.80	507.20	0.00	-189.02
576.90	361.63	0.00	-185.52
577.00	214.93	0.00	-181.40
577.10	67.66	0.00	-176.69
577.20	-79.56	0.00	-171.43
577.30	-226.13	0.00	-165.63
577.40	-371.40	0.00	-159.34
577.50	-514.74	0.00	-152.58
577.60	-655.51	0.00	-145.39
577.70	-793.07	0.00	-137.80
577.80	-926.77	0.00	-129.85
577.90	-1056.00	0.00	-121.56
578.00	-1180.15	0.00	-112.97
578.10	-1298.64	0.00	-104.13
578.20	-1410.92	0.00	-95.05
578.30	-1516.45	0.00	-85.79
578.40	-1614.76	0.00	-76.37
578.50	-1705.39	0.00	-66.82
578.60	-1787.95	0.00	-57.19
578.70	-1862.07	0.00	-47.51
578.80	-1927.45	0.00	-37.82
578.90	-1983.85	0.00	-28.14
579.00	-2031.05	0.00	-18.51
579.10	-2068.93	0.00	-8.97
579.20	-2097.39	0.00	0.45
579.30	-2116.41	0.00	9.72
579.40	-2126.02	0.00	18.80
579.50	-2126.29	0.00	27.67
579.60	-2117.38	0.00	36.30
579.70	-2099.46	0.00	44.65
579.80	-2073.01	0.00	52.69
579.90	-2041.39	0.00	60.42
580.00	-2005.79	0.00	67.78
580.10	-1966.33	0.00	74.78
580.20	-1923.10	0.00	81.37
580.30	-1876.22	0.00	87.54
580.40	-1825.79	0.00	93.28
580.50	-1771.92	0.00	98.57
580.60	-1714.72	0.00	103.39
580.70	-1654.31	0.00	107.74
580.80	-1590.81	0.00	111.59
580.90	-1524.34	0.00	114.95
581.00	-1455.05	0.00	117.82
581.10	-1383.09	0.00	120.17
581.20	-1308.60	0.00	122.03
581.30	-1231.76	0.00	123.39
581.40	-1152.76	0.00	124.25
581.50	-1071.78	0.00	124.63
581.60	-989.03	0.00	124.52
581.70	-904.73	0.00	123.95
581.80	-819.10	0.00	122.93
581.90	-732.38	0.00	121.47
582.00	-644.82	0.00	119.58
582.10	-556.69	0.00	117.30
582.20	-468.23	0.00	114.64
582.30	-379.73	0.00	111.63
582.40	-291.46	0.00	108.28
582.50	-203.69	0.00	104.63
582.60	-116.70	0.00	100.70
582.70	-30.78	0.00	96.52
582.80	53.82	0.00	92.11
582.90	136.81	0.00	87.50
583.00	217.95	0.00	82.73
583.10	296.96	0.00	77.81
583.20	373.61	0.00	72.79
583.30	447.68	0.00	67.68
583.40	518.93	0.00	62.51
583.50	587.17	0.00	57.32
583.60	652.21	0.00	52.12
583.70	713.88	0.00	46.93
583.80	772.02	0.00	41.79
583.90	826.51	0.00	36.71
584.00	877.23	0.00	31.72
584.10	924.08	0.00	26.83
584.20	966.99	0.00	22.06
584.30	1005.90	0.00	17.42
584.40	1040.77	0.00	12.93
584.50	1071.59	0.00	8.60
584.60	1098.35	0.00	4.44
584.70	1121.08	0.00	0.46
584.80	1139.81	0.00	-3.34
584.90	1154.59	0.00	-6.95
585.00	1165.49	0.00	-10.37
585.10	1172.58	0.00	-13.59
585.20	1175.97	0.00	-16.62
585.30	1175.75	0.00	-19.46
585.40	1172.04	0.00	-22.11
585.50	1164.96	0.00	-24.57
585.60	1154.65	0.00	-26.85
585.70	1141.26	0.00	-28.95
585.80	1124.92	0.00	-30.89
585.90	1105.78	0.00	-32.67
586.00	1084.09	0.00	-34.28
586.10	1060.85	0.00	-35.76
586.20	1036.40	0.00	-37.09
586.30	1010.83	0.00	-38.29
586.40	984.19	0.00	-39.37
586.50	956.55	0.00	-40.33
586.60	927.99	0.00	-41.19
586.70	898.55	0.00	-41.94
586.80	868.30	0.00	-42.60
586.90	837.29	0.00	-43.17
587.00	805.58	0.00	-43.66
587.10	773.21	0.00	-44.07
587.20	740.24	0.00	-44.40
587.30	706.72	0.00	-44.67
587.40	672.70	0.00	-44.87
587.50	638.22	0.00	-45.00
587.60	603.33	0.00	-45.07
587.70	568.09	0.00	-45.07
587.80	532.55	0.00	-45.01
587.90	496.76	0.00	-44.88
588.00	460.78	0.00	-44.69
588.10	424.65	0.00	-44.43
588.20	388.45	0.00	-44.11
588.30	352.23	0.00	-43.71
588.40	316.06	0.00	-43.23
588.50	279.99	0.00	-42.68
588.60	244.09	0.00	-42.05
588.70	208.44	0.00	-41.33
588.80	173.09	0.00	-40.54
588.90	138.13	0.00	-39.65
589.00	103.62	0.00	-38.67
589.10	69.64	0.00	-37.61
589.20	36.25	0.00	-36.45
589.30	3.53	0.00	-35.20
589.40	-28.44	0.00	-33.86
589.50	-59.61	0.00	-32.43
589.60	-89.89	0.00	-30.91
589.70	-119.23	0.00	-29.30
589.80	-147.56	0.00	-27.61
589.90	-174.82	0.00	-25.85
590.00	-200.96	0.00	-24.01
590.10	-225.92	0.00	-22.11
590.20	-249.66	0.00	-20.15
590.30	-272.14	0.00	-18.15
590.40	-293.33	0.00	-16.10
590.50	-313.21	0.00	-14.02
590.60	-331.74	0.00	-11.93
590.70	-348.93	0.00	-9.83
590.80	-364.76	0.00	-7.74
590.90	-379.25	0.00	-5.66
591.00	-392.41	0.00	-3.62
591.10	-404.26	0.00	-1.63
591.20	-414.83	0.00	0.30
591.30	-424.16	0.00	2.16
591.40	-432.31	0.00	3.93
591.50	-439.32	0.00	5.59
591.60	-445.26	0.00	7.13
591.70	-450.20	0.00	8.54
591.80	-454.23	0.00	9.80
591.90	-457.42	0.00	10.91
592.00	-459.88	0.00	11.84
592.10	-461.69	0.00	12.60
592.20	-462.96	0.00	13.17
592.30	-463.78	0.00	13.53
592.40	-464.28	0.00	13.70
592.50	-464.54	0.00	13.65
592.60	-464.69	0.00	13.39
592.70	-464.82	0.00	12.91
592.80	-465.05	0.00	12.22
592.90	-465.48	0.00	11.32
593.00	-466.19	0.00	10.20
593.10	-467.29	0.00	8.89
593.20	-468.86	0.00	7.37
593.30	-470.98	0.00	5.68
593.40	-473.71	0.00	3.81
593.50	-477.12	0.00	1.78
593.60	-481.25	0.00	-0.39
593.70	-486.13	0.00	-2.68
593.80	-491.85	0.00	-5.07
593.90	-498.60	0.00	-7.54
594.00	-506.39	0.00	-10.07
594.10	-515.21	0.00	-12.63
594.20	-525.03	0.00	-15.19
594.30	-535.83	0.00	-17.73
594.40	-547.54	0.00	-20.21
594.50	-560.11	0.00	-22.61
594.60	-573.45	0.00	-24.90
594.70	-587.46	0.00	-27.04
594.80	-602.03	0.00	-29.00
594.90	-617.05	0.00	-30.76
595.00	-632.36	0.00	-32.28
595.10	-647.82	0.00	-33.54
595.20	-663.25	0.00	-34.51
595.30	-678.49	0.00	-35.15
595.40	-693.34	0.00	-35.45
595.50	-707.59	0.00	-35.39
595.60	-721.03	0.00	-34.93
595.70	-733.45	0.00	-34.07
595.80	-744.62	0.00	-32.79
595.90	-754.29	0.00	-31.07
596.00	-762.23	0.00	-28.91
596.10	-768.20	0.00	-26.31
596.20	-771.94	0.00	-23.25
596.30	-773.22	0.00	-19.74
596.40	-771.79	0.00	-15.79
596.50	-767.40	0.00	-11.41
596.60	-759.82	0.00	-6.61
596.70	-748.83	0.00	-1.40
596.80	-734.19	0.00	4.18
596.90	-715.71	0.00	10.12
597.00	-693.19	0.00	16.38
597.10	-666.46	0.00	22.94
597.20	-635.36	0.00	29.74
597.30	-599.75	0.00	36.76
597.40	-559.51	0.00	43.95
597.50	-514.58	0.00	51.25
597.60	-464.89	0.00	58.63
597.70	-410.41	0.00	66.03
597.80	-351.17	0.00	73.39
597.90	-287.20	0.00	80.66
598.00	-218.59	0.00	87.79
598.10	-145.47	0.00	94.70
598.20	-68.01	0.00	101.36
598.30	13.57	0.00	107.69
598.40	99.03	0.00	113.64
598.50	188.06	0.00	119.15
598.60	280.31	0.00	124.17
598.70	375.38	0.00	128.65
598.80	472.83	0.00	132.54
598.90	572.19	0.00	135.78
599.00	672.93	0.00	138.33
599.10	774.48	0.00	140.15
599.20	876.25	0.00	141.21
599.30	977.59	0.00	141.48
599.40	1077.86	0.00	140.92
599.50	1176.36	0.00	139.52
599.60	1272.39	0.00	137.25
599.70	1365.24	0.00	134.12
599.80	1454.18	0.00	130.11
599.90	1538.49	0.00	125.22
600.00	1617.45	0.00	119.47
