Time(s)	Fx(N)	Fy(N)	Fz(N)
0.00	-40.55	0.00	-482.44
0.10	-498.73	0.00	-470.12
0.20	-959.61	0.00	-455.94
0.30	-1419.98	0.00	-439.97
0.40	-1876.50	0.00	-422.26
0.50	-2325.75	0.00	-402.88
0.60	-2764.25	0.00	-381.92
0.70	-3188.53	0.00	-359.44
0.80	-3595.13	0.00	-335.55
0.90	-3980.69	0.00	-310.34
1.00	-4341.95	0.00	-283.89
1.10	-4675.83	0.00	-256.33
1.20	-4979.41	0.00	-227.76
1.30	-5250.04	0.00	-198.29
1.40	-5485.30	0.00	-168.03
1.50	-5683.10	0.00	-137.11
1.60	-5841.64	0.00	-105.66
1.70	-5959.50	0.00	-73.78
1.80	-6035.59	0.00	-41.61
1.90	-6069.22	0.00	-9.28
2.00	-6069.68	0.00	23.09
2.10	-6063.39	0.00	55.36
2.20	-6051.68	0.00	87.42
2.30	-6034.08	0.00	119.14
2.40	-6009.99	0.00	150.38
2.50	-5978.60	0.00	181.03
2.60	-5938.95	0.00	210.96
2.70	-5889.95	0.00	240.07
2.80	-5830.40	0.00	268.22
2.90	-5759.02	0.00	295.32
3.00	-5674.46	0.00	321.25
3.10	-5575.36	0.00	345.91
3.20	-5460.35	0.00	369.21
3.30	-5328.13	0.00	391.05
3.40	-5177.45	0.00	411.35
3.50	-5007.17	0.00	430.02
3.60	-4816.29	0.00	447.00
3.70	-4603.99	0.00	462.22
3.80	-4369.64	0.00	475.60
3.90	-4112.81	0.00	487.12
4.00	-3833.36	0.00	496.71
4.10	-3531.37	0.00	504.34
4.20	-3207.23	0.00	509.97
4.30	-2861.61	0.00	513.60
4.40	-2495.48	0.00	515.20
4.50	-2110.11	0.00	514.77
4.60	-1707.06	0.00	512.30
4.70	-1288.21	0.00	507.81
4.80	-855.68	0.00	501.32
4.90	-411.88	0.00	492.85
5.00	40.55	0.00	482.44
5.10	498.73	0.00	470.12
5.20	959.61	0.00	455.94
5.30	1419.98	0.00	439.97
5.40	1876.50	0.00	422.26
5.50	2325.75	0.00	402.88
5.60	2764.25	0.00	381.92
5.70	3188.53	0.00	359.44
5.80	3595.13	0.00	335.55
5.90	3980.69	0.00	310.34
6.00	4341.95	0.00	283.89
6.10	4675.83	0.00	256.33
6.20	4979.41	0.00	227.76
6.30	5250.04	0.00	198.29
6.40	5485.30	0.00	168.03
6.50	5683.10	0.00	137.11
6.60	5841.64	0.00	105.66
6.70	5959.50	0.00	73.78
6.80	6035.59	0.00	41.61
6.90	6069.22	0.00	9.28
7.00	6069.68	0.00	-23.09
7.10	6063.39	0.00	-55.36
7.20	6051.68	0.00	-87.42
7.30	6034.08	0.00	-119.14
7.40	6009.99	0.00	-150.38
7.50	5978.60	0.00	-181.03
7.60	5938.95	0.00	-210.96
7.70	5889.95	0.00	-240.07
7.80	5830.40	0.00	-268.22
7.90	5759.02	0.00	-295.32
8.00	5674.46	0.00	-321.25
8.10	5575.36	0.00	-345.91
8.20	5460.35	0.00	-369.21
8.30	5328.13	0.00	-391.05
8.40	5177.45	0.00	-411.35
8.50	5007.17	0.00	-430.02
8.60	4816.29	0.00	-447.00
8.70	4603.99	0.00	-462.22
8.80	4369.64	0.00	-475.60
8.90	4112.81	0.00	-487.12
9.00	3833.36	0.00	-496.71
9.10	3531.37	0.00	-504.34
9.20	3207.23	0.00	-509.97
9.30	2861.61	0.00	-513.60
9.40	2495.48	0.00	-515.20
9.50	2110.11	0.00	-514.77
9.60	1707.06	0.00	-512.30
9.70	1288.21	0.00	-507.81
9.80	855.68	0.00	-501.32
9.90	411.88	0.00	-492.85
10.00	-40.55	0.00	-482.44
10.10	-498.73	0.00	-470.12
10.20	-959.61	0.00	-455.94
10.30	-1419.98	0.00	-439.97
10.40	-1876.50	0.00	-422.26
10.50	-2325.75	0.00	-402.88
10.60	-2764.25	0.00	-381.92
10.70	-3188.53	0.00	-359.44
10.80	-3595.13	0.00	-335.55
10.90	-3980.69	0.00	-310.34
11.00	-4341.95	0.00	-283.89
11.10	-4675.83	0.00	-256.33
11.20	-4979.41	0.00	-227.76
11.30	-5250.04	0.00	-198.29
11.40	-5485.30	0.00	-168.03
11.50	-5683.10	0.00	-137.11
11.60	-5841.64	0.00	-105.66
11.70	-5959.50	0.00	-73.78
11.80	-6035.59	0.00	-41.61
11.90	-6069.22	0.00	-9.28
12.00	-6069.68	0.00	23.09
12.10	-6063.39	0.00	55.36
12.20	-6051.68	0.00	87.42
12.30	-6034.08	0.00	119.14
12.40	-6009.99	0.00	150.38
12.50	-5978.60	0.00	181.03
12.60	-5938.95	0.00	210.96
12.70	-5889.95	0.00	240.07
12.80	-5830.40	0.00	268.22
12.90	-5759.02	0.00	295.32
13.00	-5674.46	0.00	321.25
13.10	-5575.36	0.00	345.91
13.20	-5460.35	0.00	369.21
13.30	-5328.13	0.00	391.05
13.40	-5177.45	0.00	411.35
13.50	-5007.17	0.00	430.02
13.60	-4816.29	0.00	447.00
13.70	-4603.99	0.00	462.22
13.80	-4369.64	0.00	475.60
13.90	-4112.81	0.00	487.12
14.00	-3833.36	0.00	496.71
14.10	-3531.37	0.00	504.34
14.20	-3207.23	0.00	509.97
14.30	-2861.61	0.00	513.60
14.40	-2495.48	0.00	515.20
14.50	-2110.11	0.00	514.77
14.60	-1707.06	0.00	512.30
14.70	-1288.21	0.00	507.81
14.80	-855.68	0.00	501.32
14.90	-411.88	0.00	492.85
15.00	40.55	0.00	482.44
15.10	498.73	0.00	470.12
15.20	959.61	0.00	455.94
15.30	1419.98	0.00	439.97
15.40	1876.50	0.00	422.26
15.50	2325.75	0.00	402.88
15.60	2764.25	0.00	381.92
15.70	3188.53	0.00	359.44
15.80	3595.13	0.00	335.55
15.90	3980.69	0.00	310.34
16.00	4341.95	0.00	283.89
16.10	4675.83	0.00	256.33
16.20	4979.41	0.00	227.76
16.30	5250.04	0.00	198.29
16.40	5485.30	0.00	168.03
16.50	5683.10	0.00	137.11
16.60	5841.64	0.00	105.66
16.70	5959.50	0.00	73.78
16.80	6035.59	0.00	41.61
16.90	6069.22	0.00	9.28
17.00	6069.68	0.00	-23.09
17.10	6063.39	0.00	-55.36
17.20	6051.68	0.00	-87.42
17.30	6034.08	0.00	-119.14
17.40	6009.99	0.00	-150.38
17.50	5978.60	0.00	-181.03
17.60	5938.95	0.00	-210.96
17.70	5889.95	0.00	-240.07
17.80	5830.40	0.00	-268.22
17.90	5759.02	0.00	-295.32
18.00	5674.46	0.00	-321.25
18.10	5575.36	0.00	-345.91
18.20	5460.35	0.00	-369.21
18.30	5328.13	0.00	-391.05
18.40	5177.45	0.00	-411.35
18.50	5007.17	0.00	-430.02
18.60	4816.29	0.00	-447.00
18.70	4603.99	0.00	-462.22
18.80	4369.64	0.00	-475.60
18.90	4112.81	0.00	-487.12
19.00	3833.36	0.00	-496.71
19.10	3531.37	0.00	-504.34
19.20	3207.23	0.00	-509.97
19.30	2861.61	0.00	-513.60
19.40	2495.48	0.00	-515.20
19.50	2110.11	0.00	-514.77
19.60	1707.06	0.00	-512.30
19.70	1288.21	0.00	-507.81
19.80	855.68	0.00	-501.32
19.90	411.88	0.00	-492.85
20.00	-40.55	0.00	-482.44
20.10	-498.73	0.00	-470.12
20.20	-959.61	0.00	-455.94
20.30	-1419.98	0.00	-439.97
20.40	-1876.50	0.00	-422.26
20.50	-2325.75	0.00	-402.88
20.60	-2764.25	0.00	-381.92
20.70	-3188.53	0.00	-359.44
20.80	-3595.13	0.00	-335.55
20.90	-3980.69	0.00	-310.34
21.00	-4341.95	0.00	-283.89
21.10	-4675.83	0.00	-256.33
21.20	-4979.41	0.00	-227.76
21.30	-5250.04	0.00	-198.29
21.40	-5485.30	0.00	-168.03
21.50	-5683.10	0.00	-137.11
21.60	-5841.64	0.00	-105.66
21.70	-5959.50	0.00	-73.78
21.80	-6035.59	0.00	-41.61
21.90	-6069.22	0.00	-9.28
22.00	-6069.68	0.00	23.09
22.10	-6063.39	0.00	55.36
22.20	-6051.68	0.00	87.42
22.30	-6034.08	0.00	119.14
22.40	-6009.99	0.00	150.38
22.50	-5978.60	0.00	181.03
22.60	-5938.95	0.00	210.96
22.70	-5889.95	0.00	240.07
22.80	-5830.40	0.00	268.22
22.90	-5759.02	0.00	295.32
23.00	-5674.46	0.00	321.25
23.10	-5575.36	0.00	345.91
23.20	-5460.35	0.00	369.21
23.30	-5328.13	0.00	391.05
23.40	-5177.45	0.00	411.35
23.50	-5007.17	0.00	430.02
23.60	-4816.29	0.00	447.00
23.70	-4603.99	0.00	462.22
23.80	-4369.64	0.00	475.60
23.90	-4112.81	0.00	487.12
24.00	-3833.36	0.00	496.71
24.10	-3531.37	0.00	504.34
24.20	-3207.23	0.00	509.97
24.30	-2861.61	0.00	513.60
24.40	-2495.48	0.00	515.20
24.50	-2110.11	0.00	514.77
24.60	-1707.06	0.00	512.30
24.70	-1288.21	0.00	507.81
24.80	-855.68	0.00	501.32
24.90	-411.88	0.00	492.85
25.00	40.55	0.00	482.44
25.10	498.73	0.00	470.12
25.20	959.61	0.00	455.94
25.30	1419.98	0.00	439.97
25.40	1876.50	0.00	422.26
25.50	2325.75	0.00	402.88
25.60	2764.25	0.00	381.92
25.70	3188.53	0.00	359.44
25.80	3595.13	0.00	335.55
25.90	3980.69	0.00	310.34
26.00	4341.95	0.00	283.89
26.10	4675.83	0.00	256.33
26.20	4979.41	0.00	227.76
26.30	5250.04	0.00	198.29
26.40	5485.30	0.00	168.03
26.50	5683.10	0.00	137.11
26.60	5841.64	0.00	105.66
26.70	5959.50	0.00	73.78
26.80	6035.59	0.00	41.61
26.90	6069.22	0.00	9.28
27.00	6069.68	0.00	-23.09
27.10	6063.39	0.00	-55.36
27.20	6051.68	0.00	-87.42
27.30	6034.08	0.00	-119.14
27.40	6009.99	0.00	-150.38
27.50	5978.60	0.00	-181.03
27.60	5938.95	0.00	-210.96
27.70	5889.95	0.00	-240.07
27.80	5830.40	0.00	-268.22
27.90	5759.02	0.00	-295.32
28.00	5674.46	0.00	-321.25
28.10	5575.36	0.00	-345.91
28.20	5460.35	0.00	-369.21
28.30	5328.13	0.00	-391.05
28.40	5177.45	0.00	-411.35
28.50	5007.17	0.00	-430.02
28.60	4816.29	0.00	-447.00
28.70	4603.99	0.00	-462.22
28.80	4369.64	0.00	-475.60
28.90	4112.81	0.00	-487.12
29.00	3833.36	0.00	-496.71
29.10	3531.37	0.00	-504.34
29.20	3207.23	0.00	-509.97
29.30	2861.61	0.00	-513.60
29.40	2495.48	0.00	-515.20
29.50	2110.11	0.00	-514.77
29.60	1707.06	0.00	-512.30
29.70	1288.21	0.00	-507.81
29.80	855.68	0.00	-501.32
29.90	411.88	0.00	-492.85
30.00	-40.55	0.00	-482.44
30.10	-498.73	0.00	-470.12
30.20	-959.61	0.00	-455.94
30.30	-1419.98	0.00	-439.97
30.40	-1876.50	0.00	-422.26
30.50	-2325.75	0.00	-402.88
30.60	-2764.25	0.00	-381.92
30.70	-3188.53	0.00	-359.44
30.80	-3595.13	0.00	-335.55
30.90	-3980.69	0.00	-310.34
31.00	-4341.95	0.00	-283.89
31.10	-4675.83	0.00	-256.33
31.20	-4979.41	0.00	-227.76
31.30	-5250.04	0.00	-198.29
31.40	-5485.30	0.00	-168.03
31.50	-5683.10	0.00	-137.11
31.60	-5841.64	0.00	-105.66
31.70	-5959.50	0.00	-73.78
31.80	-6035.59	0.00	-41.61
31.90	-6069.22	0.00	-9.28
32.00	-6069.68	0.00	23.09
32.10	-6063.39	0.00	55.36
32.20	-6051.68	0.00	87.42
32.30	-6034.08	0.00	119.14
32.40	-6009.99	0.00	150.38
32.50	-5978.60	0.00	181.03
32.60	-5938.95	0.00	210.96
32.70	-5889.95	0.00	240.07
32.80	-5830.40	0.00	268.22
32.90	-5759.02	0.00	295.32
33.00	-5674.46	0.00	321.25
33.10	-5575.36	0.00	345.91
33.20	-5460.35	0.00	369.21
33.30	-5328.13	0.00	391.05
33.40	-5177.45	0.00	411.35
33.50	-5007.17	0.00	430.02
33.60	-4816.29	0.00	447.00
33.70	-4603.99	0.00	462.22
33.80	-4369.64	0.00	475.60
33.90	-4112.81	0.00	487.12
34.00	-3833.36	0.00	496.71
34.10	-3531.37	0.00	504.34
34.20	-3207.23	0.00	509.97
34.30	-2861.61	0.00	513.60
34.40	-2495.48	0.00	515.20
34.50	-2110.11	0.00	514.77
34.60	-1707.06	0.00	512.30
34.70	-1288.21	0.00	507.81
34.80	-855.68	0.00	501.32
34.90	-411.88	0.00	492.85
35.00	40.55	0.00	482.44
35.10	498.73	0.00	470.12
35.20	959.61	0.00	455.94
35.30	1419.98	0.00	439.97
35.40	1876.50	0.00	422.26
35.50	2325.75	0.00	402.88
35.60	2764.25	0.00	381.92
35.70	3188.53	0.00	359.44
35.80	3595.13	0.00	335.55
35.90	3980.69	0.00	310.34
36.00	4341.95	0.00	283.89
36.10	4675.83	0.00	256.33
36.20	4979.41	0.00	227.76
36.30	5250.04	0.00	198.29
36.40	5485.30	0.00	168.03
36.50	5683.10	0.00	137.11
36.60	5841.64	0.00	105.66
36.70	5959.50	0.00	73.78
36.80	6035.59	0.00	41.61
36.90	6069.22	0.00	9.28
37.00	6069.68	0.00	-23.09
37.10	6063.39	0.00	-55.36
37.20	6051.68	0.00	-87.42
37.30	6034.08	0.00	-119.14
37.40	6009.99	0.00	-150.38
37.50	5978.60	0.00	-181.03
37.60	5938.95	0.00	-210.96
37.70	5889.95	0.00	-240.07
37.80	5830.40	0.00	-268.22
37.90	5759.02	0.00	-295.32
38.00	5674.46	0.00	-321.25
38.10	5575.36	0.00	-345.91
38.20	5460.35	0.00	-369.21
38.30	5328.13	0.00	-391.05
38.40	5177.45	0.00	-411.35
38.50	5007.17	0.00	-430.02
38.60	4816.29	0.00	-447.00
38.70	4603.99	0.00	-462.22
38.80	4369.64	0.00	-475.60
38.90	4112.81	0.00	-487.12
39.00	3833.36	0.00	-496.71
39.10	3531.37	0.00	-504.34
39.20	3207.23	0.00	-509.97
39.30	2861.61	0.00	-513.60
39.40	2495.48	0.00	-515.20
39.50	2110.11	0.00	-514.77
39.60	1707.06	0.00	-512.30
39.70	1288.21	0.00	-507.81
39.80	855.68	0.00	-501.32
39.90	411.88	0.00	-492.85
40.00	-40.55	0.00	-482.44
40.10	-498.73	0.00	-470.12
40.20	-959.61	0.00	-455.94
40.30	-1419.98	0.00	-439.97
40.40	-1876.50	0.00	-422.26
40.50	-2325.75	0.00	-402.88
40.60	-2764.25	0.00	-381.92
40.70	-3188.53	0.00	-359.44
40.80	-3595.13	0.00	-335.55
40.90	-3980.69	0.00	-310.34
41.00	-4341.95	0.00	-283.89
41.10	-4675.83	0.00	-256.33
41.20	-4979.41	0.00	-227.76
41.30	-5250.04	0.00	-198.29
41.40	-5485.30	0.00	-168.03
41.50	-5683.10	0.00	-137.11
41.60	-5841.64	0.00	-105.66
41.70	-5959.50	0.00	-73.78
41.80	-6035.59	0.00	-41.61
41.90	-6069.22	0.00	-9.28
42.00	-6069.68	0.00	23.09
42.10	-6063.39	0.00	55.36
42.20	-6051.68	0.00	87.42
42.30	-6034.08	0.00	119.14
42.40	-6009.99	0.00	150.38
42.50	-5978.60	0.00	181.03
42.60	-5938.95	0.00	210.96
42.70	-5889.95	0.00	240.07
42.80	-5830.40	0.00	268.22
42.90	-5759.02	0.00	295.32
43.00	-5674.46	0.00	321.25
43.10	-5575.36	0.00	345.91
43.20	-5460.35	0.00	369.21
43.30	-5328.13	0.00	391.05
43.40	-5177.45	0.00	411.35
43.50	-5007.17	0.00	430.02
43.60	-4816.29	0.00	447.00
43.70	-4603.99	0.00	462.22
43.80	-4369.64	0.00	475.60
43.90	-4112.81	0.00	487.12
44.00	-3833.36	0.00	496.71
44.10	-3531.37	0.00	504.34
44.20	-3207.23	0.00	509.97
44.30	-2861.61	0.00	513.60
44.40	-2495.48	0.00	515.20
44.50	-2110.11	0.00	514.77
44.60	-1707.06	0.00	512.30
44.70	-1288.21	0.00	507.81
44.80	-855.68	0.00	501.32
44.90	-411.88	0.00	492.85
45.00	40.55	0.00	482.44
45.10	498.73	0.00	470.12
45.20	959.61	0.00	455.94
45.30	1419.98	0.00	439.97
45.40	1876.50	0.00	422.26
45.50	2325.75	0.00	402.88
45.60	2764.25	0.00	381.92
45.70	3188.53	0.00	359.44
45.80	3595.13	0.00	335.55
45.90	3980.69	0.00	310.34
46.00	4341.95	0.00	283.89
46.10	4675.83	0.00	256.33
46.20	4979.41	0.00	227.76
46.30	5250.04	0.00	198.29
46.40	5485.30	0.00	168.03
46.50	5683.10	0.00	137.11
46.60	5841.64	0.00	105.66
46.70	5959.50	0.00	73.78
46.80	6035.59	0.00	41.61
46.90	6069.22	0.00	9.28
47.00	6069.68	0.00	-23.09
47.10	6063.39	0.00	-55.36
47.20	6051.68	0.00	-87.42
47.30	6034.08	0.00	-119.14
47.40	6009.99	0.00	-150.38
47.50	5978.60	0.00	-181.03
47.60	5938.95	0.00	-210.96
47.70	5889.95	0.00	-240.07
47.80	5830.40	0.00	-268.22
47.90	5759.02	0.00	-295.32
48.00	5674.46	0.00	-321.25
48.10	5575.36	0.00	-345.91
48.20	5460.35	0.00	-369.21
48.30	5328.13	0.00	-391.05
48.40	5177.45	0.00	-411.35
48.50	5007.17	0.00	-430.02
48.60	4816.29	0.00	-447.00
48.70	4603.99	0.00	-462.22
48.80	4369.64	0.00	-475.60
48.90	4112.81	0.00	-487.12
49.00	3833.36	0.00	-496.71
49.10	3531.37	0.00	-504.34
49.20	3207.23	0.00	-509.97
49.30	2861.61	0.00	-513.60
49.40	2495.48	0.00	-515.20
49.50	2110.11	0.00	-514.77
49.60	1707.06	0.00	-512.30
49.70	1288.21	0.00	-507.81
49.80	855.68	0.00	-501.32
49.90	411.88	0.00	-492.85
50.00	-40.55	0.00	-482.44
50.10	-498.73	0.00	-470.12
50.20	-959.61	0.00	-455.94
50.30	-1419.98	0.00	-439.97
50.40	-1876.50	0.00	-422.26
50.50	-2325.75	0.00	-402.88
50.60	-2764.25	0.00	-381.92
50.70	-3188.53	0.00	-359.44
50.80	-3595.13	0.00	-335.55
50.90	-3980.69	0.00	-310.34
51.00	-4341.95	0.00	-283.89
51.10	-4675.83	0.00	-256.33
51.20	-4979.41	0.00	-227.76
51.30	-5250.04	0.00	-198.29
51.40	-5485.30	0.00	-168.03
51.50	-5683.10	0.00	-137.11
51.60	-5841.64	0.00	-105.66
51.70	-5959.50	0.00	-73.78
51.80	-6035.59	0.00	-41.61
51.90	-6069.22	0.00	-9.28
52.00	-6069.68	0.00	23.09
52.10	-6063.39	0.00	55.36
52.20	-6051.68	0.00	87.42
52.30	-6034.08	0.00	119.14
52.40	-6009.99	0.00	150.38
52.50	-5978.60	0.00	181.03
52.60	-5938.95	0.00	210.96
52.70	-5889.95	0.00	240.07
52.80	-5830.40	0.00	268.22
52.90	-5759.02	0.00	295.32
53.00	-5674.46	0.00	321.25
53.10	-5575.36	0.00	345.91
53.20	-5460.35	0.00	369.21
53.30	-5328.13	0.00	391.05
53.40	-5177.45	0.00	411.35
53.50	-5007.17	0.00	430.02
53.60	-4816.29	0.00	447.00
53.70	-4603.99	0.00	462.22
53.80	-4369.64	0.00	475.60
53.90	-4112.81	0.00	487.12
54.00	-3833.36	0.00	496.71
54.10	-3531.37	0.00	504.34
54.20	-3207.23	0.00	509.97
54.30	-2861.61	0.00	513.60
54.40	-2495.48	0.00	515.20
54.50	-2110.11	0.00	514.77
54.60	-1707.06	0.00	512.30
54.70	-1288.21	0.00	507.81
54.80	-855.68	0.00	501.32
54.90	-411.88	0.00	492.85
55.00	40.55	0.00	482.44
55.10	498.73	0.00	470.12
55.20	959.61	0.00	455.94
55.30	1419.98	0.00	439.97
55.40	1876.50	0.00	422.26
55.50	2325.75	0.00	402.88
55.60	2764.25	0.00	381.92
55.70	3188.53	0.00	359.44
55.80	3595.13	0.00	335.55
55.90	3980.69	0.00	310.34
56.00	4341.95	0.00	283.89
56.10	4675.83	0.00	256.33
56.20	4979.41	0.00	227.76
56.30	5250.04	0.00	198.29
56.40	5485.30	0.00	168.03
56.50	5683.10	0.00	137.11
56.60	5841.64	0.00	105.66
56.70	5959.50	0.00	73.78
56.80	6035.59	0.00	41.61
56.90	6069.22	0.00	9.28
57.00	6069.68	0.00	-23.09
57.10	6063.39	0.00	-55.36
57.20	6051.68	0.00	-87.42
57.30	6034.08	0.00	-119.14
57.40	6009.99	0.00	-150.38
57.50	5978.60	0.00	-181.03
57.60	5938.95	0.00	-210.96
57.70	5889.95	0.00	-240.07
57.80	5830.40	0.00	-268.22
57.90	5759.02	0.00	-295.32
58.00	5674.46	0.00	-321.25
58.10	5575.36	0.00	-345.91
58.20	5460.35	0.00	-369.21
58.30	5328.13	0.00	-391.05
58.40	5177.45	0.00	-411.35
58.50	5007.17	0.00	-430.02
58.60	4816.29	0.00	-447.00
58.70	4603.99	0.00	-462.22
58.80	4369.64	0.00	-475.60
58.90	4112.81	0.00	-487.12
59.00	3833.36	0.00	-496.71
59.10	3531.37	0.00	-504.34
59.20	3207.23	0.00	-509.97
59.30	2861.61	0.00	-513.60
59.40	2495.48	0.00	-515.20
59.50	2110.11	0.00	-514.77
59.60	1707.06	0.00	-512.30
59.70	1288.21	0.00	-507.81
59.80	855.68	0.00	-501.32
59.90	411.88	0.00	-492.85
60.00	-40.55	0.00	-482.44
60.10	-498.73	0.00	-470.12
60.20	-959.61	0.00	-455.94
60.30	-1419.98	0.00	-439.97
60.40	-1876.50	0.00	-422.26
60.50	-2325.75	0.00	-402.88
60.60	-2764.25	0.00	-381.92
60.70	-3188.53	0.00	-359.44
60.80	-3595.13	0.00	-335.55
60.90	-3980.69	0.00	-310.34
61.00	-4341.95	0.00	-283.89
61.10	-4675.83	0.00	-256.33
61.20	-4979.41	0.00	-227.76
61.30	-5250.04	0.00	-198.29
61.40	-5485.30	0.00	-168.03
61.50	-5683.10	0.00	-137.11
61.60	-5841.64	0.00	-105.66
61.70	-5959.50	0.00	-73.78
61.80	-6035.59	0.00	-41.61
61.90	-6069.22	0.00	-9.28
62.00	-6069.68	0.00	23.09
62.10	-6063.39	0.00	55.36
62.20	-6051.68	0.00	87.42
62.30	-6034.08	0.00	119.14
62.40	-6009.99	0.00	150.38
62.50	-5978.60	0.00	181.03
62.60	-5938.95	0.00	210.96
62.70	-5889.95	0.00	240.07
62.80	-5830.40	0.00	268.22
62.90	-5759.02	0.00	295.32
63.00	-5674.46	0.00	321.25
63.10	-5575.36	0.00	345.91
63.20	-5460.35	0.00	369.21
63.30	-5328.13	0.00	391.05
63.40	-5177.45	0.00	411.35
63.50	-5007.17	0.00	430.02
63.60	-4816.29	0.00	447.00
63.70	-4603.99	0.00	462.22
63.80	-4369.64	0.00	475.60
63.90	-4112.81	0.00	487.12
64.00	-3833.36	0.00	496.71
64.10	-3531.37	0.00	504.34
64.20	-3207.23	0.00	509.97
64.30	-2861.61	0.00	513.60
64.40	-2495.48	0.00	515.20
64.50	-2110.11	0.00	514.77
64.60	-1707.06	0.00	512.30
64.70	-1288.21	0.00	507.81
64.80	-855.68	0.00	501.32
64.90	-411.88	0.00	492.85
65.00	40.55	0.00	482.44
65.10	498.73	0.00	470.12
65.20	959.61	0.00	455.94
65.30	1419.98	0.00	439.97
65.40	1876.50	0.00	422.26
65.50	2325.75	0.00	402.88
65.60	2764.25	0.00	381.92
65.70	3188.53	0.00	359.44
65.80	3595.13	0.00	335.55
65.90	3980.69	0.00	310.34
66.00	4341.95	0.00	283.89
66.10	4675.83	0.00	256.33
66.20	4979.41	0.00	227.76
66.30	5250.04	0.00	198.29
66.40	5485.30	0.00	168.03
66.50	5683.10	0.00	137.11
66.60	5841.64	0.00	105.66
66.70	5959.50	0.00	73.78
66.80	6035.59	0.00	41.61
66.90	6069.22	0.00	9.28
67.00	6069.68	0.00	-23.09
67.10	6063.39	0.00	-55.36
67.20	6051.68	0.00	-87.42
67.30	6034.08	0.00	-119.14
67.40	6009.99	0.00	-150.38
67.50	5978.60	0.00	-181.03
67.60	5938.95	0.00	-210.96
67.70	5889.95	0.00	-240.07
67.80	5830.40	0.00	-268.22
67.90	5759.02	0.00	-295.32
68.00	5674.46	0.00	-321.25
68.10	5575.36	0.00	-345.91
68.20	5460.35	0.00	-369.21
68.30	5328.13	0.00	-391.05
68.40	5177.45	0.00	-411.35
68.50	5007.17	0.00	-430.02
68.60	4816.29	0.00	-447.00
68.70	4603.99	0.00	-462.22
68.80	4369.64	0.00	-475.60
68.90	4112.81	0.00	-487.12
69.00	3833.36	0.00	-496.71
69.10	3531.37	0.00	-504.34
69.20	3207.23	0.00	-509.97
69.30	2861.61	0.00	-513.60
69.40	2495.48	0.00	-515.20
69.50	2110.11	0.00	-514.77
69.60	1707.06	0.00	-512.30
69.70	1288.21	0.00	-507.81
69.80	855.68	0.00	-501.32
69.90	411.88	0.00	-492.85
70.00	-40.55	0.00	-482.44
70.10	-498.73	0.00	-470.12
70.20	-959.61	0.00	-455.94
70.30	-1419.98	0.00	-439.97
70.40	-1876.50	0.00	-422.26
70.50	-2325.75	0.00	-402.88
70.60	-2764.25	0.00	-381.92
70.70	-3188.53	0.00	-359.44
70.80	-3595.13	0.00	-335.55
70.90	-3980.69	0.00	-310.34
71.00	-4341.95	0.00	-283.89
71.10	-4675.83	0.00	-256.33
71.20	-4979.41	0.00	-227.76
71.30	-5250.04	0.00	-198.29
71.40	-5485.30	0.00	-168.03
71.50	-5683.10	0.00	-137.11
71.60	-5841.64	0.00	-105.66
71.70	-5959.50	0.00	-73.78
71.80	-6035.59	0.00	-41.61
71.90	-6069.22	0.00	-9.28
72.00	-6069.68	0.00	23.09
72.10	-6063.39	0.00	55.36
72.20	-6051.68	0.00	87.42
72.30	-6034.08	0.00	119.14
72.40	-6009.99	0.00	150.38
72.50	-5978.60	0.00	181.03
72.60	-5938.95	0.00	210.96
72.70	-5889.95	0.00	240.07
72.80	-5830.40	0.00	268.22
72.90	-5759.02	0.00	295.32
73.00	-5674.46	0.00	321.25
73.10	-5575.36	0.00	345.91
73.20	-5460.35	0.00	369.21
73.30	-5328.13	0.00	391.05
73.40	-5177.45	0.00	411.35
73.50	-5007.17	0.00	430.02
73.60	-4816.29	0.00	447.00
73.70	-4603.99	0.00	462.22
73.80	-4369.64	0.00	475.60
73.90	-4112.81	0.00	487.12
74.00	-3833.36	0.00	496.71
74.10	-3531.37	0.00	504.34
74.20	-3207.23	0.00	509.97
74.30	-2861.61	0.00	513.60
74.40	-2495.48	0.00	515.20
74.50	-2110.11	0.00	514.77
74.60	-1707.06	0.00	512.30
74.70	-1288.21	0.00	507.81
74.80	-855.68	0.00	501.32
74.90	-411.88	0.00	492.85
75.00	40.55	0.00	482.44
75.10	498.73	0.00	470.12
75.20	959.61	0.00	455.94
75.30	1419.98	0.00	439.97
75.40	1876.50	0.00	422.26
75.50	2325.75	0.00	402.88
75.60	2764.25	0.00	381.92
75.70	3188.53	0.00	359.44
75.80	3595.13	0.00	335.55
75.90	3980.69	0.00	310.34
76.00	4341.95	0.00	283.89
76.10	4675.83	0.00	256.33
76.20	4979.41	0.00	227.76
76.30	5250.04	0.00	198.29
76.40	5485.30	0.00	168.03
76.50	5683.10	0.00	137.11
76.60	5841.64	0.00	105.66
76.70	5959.50	0.00	73.78
76.80	6035.59	0.00	41.61
76.90	6069.22	0.00	9.28
77.00	6069.68	0.00	-23.09
77.10	6063.39	0.00	-55.36
77.20	6051.68	0.00	-87.42
77.30	6034.08	0.00	-119.14
77.40	6009.99	0.00	-150.38
77.50	5978.60	0.00	-181.03
77.60	5938.95	0.00	-210.96
77.70	5889.95	0.00	-240.07
77.80	5830.40	0.00	-268.22
77.90	5759.02	0.00	-295.32
78.00	5674.46	0.00	-321.25
78.10	5575.36	0.00	-345.91
78.20	5460.35	0.00	-369.21
78.30	5328.13	0.00	-391.05
78.40	5177.45	0.00	-411.35
78.50	5007.17	0.00	-430.02
78.60	4816.29	0.00	-447.00
78.70	4603.99	0.00	-462.22
78.80	4369.64	0.00	-475.60
78.90	4112.81	0.00	-487.12
79.00	3833.36	0.00	-496.71
79.10	3531.37	0.00	-504.34
79.20	3207.23	0.00	-509.97
79.30	2861.61	0.00	-513.60
79.40	2495.48	0.00	-515.20
79.50	2110.11	0.00	-514.77
79.60	1707.06	0.00	-512.30
79.70	1288.21	0.00	-507.81
79.80	855.68	0.00	-501.32
79.90	411.88	0.00	-492.85
80.00	-40.55	0.00	-482.44
80.10	-498.73	0.00	-470.12
80.20	-959.61	0.00	-455.94
80.30	-1419.98	0.00	-439.97
80.40	-1876.50	0.00	-422.26
80.50	-2325.75	0.00	-402.88
80.60	-2764.25	0.00	-381.92
80.70	-3188.53	0.00	-359.44
80.80	-3595.13	0.00	-335.55
80.90	-3980.69	0.00	-310.34
81.00	-4341.95	0.00	-283.89
81.10	-4675.83	0.00	-256.33
81.20	-4979.41	0.00	-227.76
81.30	-5250.04	0.00	-198.29
81.40	-5485.30	0.00	-168.03
81.50	-5683.10	0.00	-137.11
81.60	-5841.64	0.00	-105.66
81.70	-5959.50	0.00	-73.78
81.80	-6035.59	0.00	-41.61
81.90	-6069.22	0.00	-9.28
82.00	-6069.68	0.00	23.09
82.10	-6063.39	0.00	55.36
82.20	-6051.68	0.00	87.42
82.30	-6034.08	0.00	119.14
82.40	-6009.99	0.00	150.38
82.50	-5978.60	0.00	181.03
82.60	-5938.95	0.00	210.96
82.70	-5889.95	0.00	240.07
82.80	-5830.40	0.00	268.22
82.90	-5759.02	0.00	295.32
83.00	-5674.46	0.00	321.25
83.10	-5575.36	0.00	345.91
83.20	-5460.35	0.00	369.21
83.30	-5328.13	0.00	391.05
83.40	-5177.45	0.00	411.35
83.50	-5007.17	0.00	430.02
83.60	-4816.29	0.00	447.00
83.70	-4603.99	0.00	462.22
83.80	-4369.64	0.00	475.60
83.90	-4112.81	0.00	487.12
84.00	-3833.36	0.00	496.71
84.10	-3531.37	0.00	504.34
84.20	-3207.23	0.00	509.97
84.30	-2861.61	0.00	513.60
84.40	-2495.48	0.00	515.20
84.50	-2110.11	0.00	514.77
84.60	-1707.06	0.00	512.30
84.70	-1288.21	0.00	507.81
84.80	-855.68	0.00	501.32
84.90	-411.88	0.00	492.85
85.00	40.55	0.00	482.44
85.10	498.73	0.00	470.12
85.20	959.61	0.00	455.94
85.30	1419.98	0.00	439.97
85.40	1876.50	0.00	422.26
85.50	2325.75	0.00	402.88
85.60	2764.25	0.00	381.92
85.70	3188.53	0.00	359.44
85.80	3595.13	0.00	335.55
85.90	3980.69	0.00	310.34
86.00	4341.95	0.00	283.89
86.10	4675.83	0.00	256.33
86.20	4979.41	0.00	227.76
86.30	5250.04	0.00	198.29
86.40	5485.30	0.00	168.03
86.50	5683.10	0.00	137.11
86.60	5841.64	0.00	105.66
86.70	5959.50	0.00	73.78
86.80	6035.59	0.00	41.61
86.90	6069.22	0.00	9.28
87.00	6069.68	0.00	-23.09
87.10	6063.39	0.00	-55.36
87.20	6051.68	0.00	-87.42
87.30	6034.08	0.00	-119.14
87.40	6009.99	0.00	-150.38
87.50	5978.60	0.00	-181.03
87.60	5938.95	0.00	-210.96
87.70	5889.95	0.00	-240.07
87.80	5830.40	0.00	-268.22
87.90	5759.02	0.00	-295.32
88.00	5674.46	0.00	-321.25
88.10	5575.36	0.00	-345.91
88.20	5460.35	0.00	-369.21
88.30	5328.13	0.00	-391.05
88.40	5177.45	0.00	-411.35
88.50	5007.17	0.00	-430.02
88.60	4816.29	0.00	-447.00
88.70	4603.99	0.00	-462.22
88.80	4369.64	0.00	-475.60
88.90	4112.81	0.00	-487.12
89.00	3833.36	0.00	-496.71
89.10	3531.37	0.00	-504.34
89.20	3207.23	0.00	-509.97
89.30	2861.61	0.00	-513.60
89.40	2495.48	0.00	-515.20
89.50	2110.11	0.00	-514.77
89.60	1707.06	0.00	-512.30
89.70	1288.21	0.00	-507.81
89.80	855.68	0.00	-501.32
89.90	411.88	0.00	-492.85
90.00	-40.55	0.00	-482.44
90.10	-498.73	0.00	-470.12
90.20	-959.61	0.00	-455.94
90.30	-1419.98	0.00	-439.97
90.40	-1876.50	0.00	-422.26
90.50	-2325.75	0.00	-402.88
90.60	-2764.25	0.00	-381.92
90.70	-3188.53	0.00	-359.44
90.80	-3595.13	0.00	-335.55
90.90	-3980.69	0.00	-310.34
91.00	-4341.95	0.00	-283.89
91.10	-4675.83	0.00	-256.33
91.20	-4979.41	0.00	-227.76
91.30	-5250.04	0.00	-198.29
91.40	-5485.30	0.00	-168.03
91.50	-5683.10	0.00	-137.11
91.60	-5841.64	0.00	-105.66
91.70	-5959.50	0.00	-73.78
91.80	-6035.59	0.00	-41.61
91.90	-6069.22	0.00	-9.28
92.00	-6069.68	0.00	23.09
92.10	-6063.39	0.00	55.36
92.20	-6051.68	0.00	87.42
92.30	-6034.08	0.00	119.14
92.40	-6009.99	0.00	150.38
92.50	-5978.60	0.00	181.03
92.60	-5938.95	0.00	210.96
92.70	-5889.95	0.00	240.07
92.80	-5830.40	0.00	268.22
92.90	-5759.02	0.00	295.32
93.00	-5674.46	0.00	321.25
93.10	-5575.36	0.00	345.91
93.20	-5460.35	0.00	369.21
93.30	-5328.13	0.00	391.05
93.40	-5177.45	0.00	411.35
93.50	-5007.17	0.00	430.02
93.60	-4816.29	0.00	447.00
93.70	-4603.99	0.00	462.22
93.80	-4369.64	0.00	475.60
93.90	-4112.81	0.00	487.12
94.00	-3833.36	0.00	496.71
94.10	-3531.37	0.00	504.34
94.20	-3207.23	0.00	509.97
94.30	-2861.61	0.00	513.60
94.40	-2495.48	0.00	515.20
94.50	-2110.11	0.00	514.77
94.60	-1707.06	0.00	512.30
94.70	-1288.21	0.00	507.81
94.80	-855.68	0.00	501.32
94.90	-411.88	0.00	492.85
95.00	40.55	0.00	482.44
95.10	498.73	0.00	470.12
95.20	959.61	0.00	455.94
95.30	1419.98	0.00	439.97
95.40	1876.50	0.00	422.26
95.50	2325.75	0.00	402.88
95.60	2764.25	0.00	381.92
95.70	3188.53	0.00	359.44
95.80	3595.13	0.00	335.55
95.90	3980.69	0.00	310.34
96.00	4341.95	0.00	283.89
96.10	4675.83	0.00	256.33
96.20	4979.41	0.00	227.76
96.30	5250.04	0.00	198.29
96.40	5485.30	0.00	168.03
96.50	5683.10	0.00	137.11
96.60	5841.64	0.00	105.66
96.70	5959.50	0.00	73.78
96.80	6035.59	0.00	41.61
96.90	6069.22	0.00	9.28
97.00	6069.68	0.00	-23.09
97.10	6063.39	0.00	-55.36
97.20	6051.68	0.00	-87.42
97.30	6034.08	0.00	-119.14
97.40	6009.99	0.00	-150.38
97.50	5978.60	0.00	-181.03
97.60	5938.95	0.00	-210.96
97.70	5889.95	0.00	-240.07
97.80	5830.40	0.00	-268.22
97.90	5759.02	0.00	-295.32
98.00	5674.46	0.00	-321.25
98.10	5575.36	0.00	-345.91
98.20	5460.35	0.00	-369.21
98.30	5328.13	0.00	-391.05
98.40	5177.45	0.00	-411.35
98.50	5007.17	0.00	-430.02
98.60	4816.29	0.00	-447.00
98.70	4603.99	0.00	-462.22
98.80	4369.64	0.00	-475.60
98.90	4112.81	0.00	-487.12
99.00	3833.36	0.00	-496.71
99.10	3531.37	0.00	-504.34
99.20	3207.23	0.00	-509.97
99.30	2861.61	0.00	-513.60
99.40	2495.48	0.00	-515.20
99.50	2110.11	0.00	-514.77
99.60	1707.06	0.00	-512.30
99.70	1288.21	0.00	-507.81
99.80	855.68	0.00	-501.32
99.90	411.88	0.00	-492.85
100.00	-40.55	0.00	-482.44
100.10	-498.73	0.00	-470.12
100.20	-959.61	0.00	-455.94
100.30	-1419.98	0.00	-439.97
100.40	-1876.50	0.00	-422.26
100.50	-2325.75	0.00	-402.88
100.60	-2764.25	0.00	-381.92
100.70	-3188.53	0.00	-359.44
100.80	-3595.13	0.00	-335.55
100.90	-3980.69	0.00	-310.34
101.00	-4341.95	0.00	-283.89
101.10	-4675.83	0.00	-256.33
101.20	-4979.41	0.00	-227.76
101.30	-5250.04	0.00	-198.29
101.40	-5485.30	0.00	-168.03
101.50	-5683.10	0.00	-137.11
101.60	-5841.64	0.00	-105.66
101.70	-5959.50	0.00	-73.78
101.80	-6035.59	0.00	-41.61
101.90	-6069.22	0.00	-9.28
102.00	-6069.68	0.00	23.09
102.10	-6063.39	0.00	55.36
102.20	-6051.68	0.00	87.42
102.30	-6034.08	0.00	119.14
102.40	-6009.99	0.00	150.38
102.50	-5978.60	0.00	181.03
102.60	-5938.95	0.00	210.96
102.70	-5889.95	0.00	240.07
102.80	-5830.40	0.00	268.22
102.90	-5759.02	0.00	295.32
103.00	-5674.46	0.00	321.25
103.10	-5575.36	0.00	345.91
103.20	-5460.35	0.00	369.21
103.30	-5328.13	0.00	391.05
103.40	-5177.45	0.00	411.35
103.50	-5007.17	0.00	430.02
103.60	-4816.29	0.00	447.00
103.70	-4603.99	0.00	462.22
103.80	-4369.64	0.00	475.60
103.90	-4112.81	0.00	487.12
104.00	-3833.36	0.00	496.71
104.10	-3531.37	0.00	504.34
104.20	-3207.23	0.00	509.97
104.30	-2861.61	0.00	513.60
104.40	-2495.48	0.00	515.20
104.50	-2110.11	0.00	514.77
104.60	-1707.06	0.00	512.30
104.70	-1288.21	0.00	507.81
104.80	-855.68	0.00	501.32
104.90	-411.88	0.00	492.85
105.00	40.55	0.00	482.44
105.10	498.73	0.00	470.12
105.20	959.61	0.00	455.94
105.30	1419.98	0.00	439.97
105.40	1876.50	0.00	422.26
105.50	2325.75	0.00	402.88
105.60	2764.25	0.00	381.92
105.70	3188.53	0.00	359.44
105.80	3595.13	0.00	335.55
105.90	3980.69	0.00	310.34
106.00	4341.95	0.00	283.89
106.10	4675.83	0.00	256.33
106.20	4979.41	0.00	227.76
106.30	5250.04	0.00	198.29
106.40	5485.30	0.00	168.03
106.50	5683.10	0.00	137.11
106.60	5841.64	0.00	105.66
106.70	5959.50	0.00	73.78
106.80	6035.59	0.00	41.61
106.90	6069.22	0.00	9.28
107.00	6069.68	0.00	-23.09
107.10	6063.39	0.00	-55.36
107.20	6051.68	0.00	-87.42
107.30	6034.08	0.00	-119.14
107.40	6009.99	0.00	-150.38
107.50	5978.60	0.00	-181.03
107.60	5938.95	0.00	-210.96
107.70	5889.95	0.00	-240.07
107.80	5830.40	0.00	-268.22
107.90	5759.02	0.00	-295.32
108.00	5674.46	0.00	-321.25
108.10	5575.36	0.00	-345.91
108.20	5460.35	0.00	-369.21
108.30	5328.13	0.00	-391.05
108.40	5177.45	0.00	-411.35
108.50	5007.17	0.00	-430.02
108.60	4816.29	0.00	-447.00
108.70	4603.99	0.00	-462.22
108.80	4369.64	0.00	-475.60
108.90	4112.81	0.00	-487.12
109.00	3833.36	0.00	-496.71
109.10	3531.37	0.00	-504.34
109.20	3207.23	0.00	-509.97
109.30	2861.61	0.00	-513.60
109.40	2495.48	0.00	-515.20
109.50	2110.11	0.00	-514.77
109.60	1707.06	0.00	-512.30
109.70	1288.21	0.00	-507.81
109.80	855.68	0.00	-501.32
109.90	411.88	0.00	-492.85
110.00	-40.55	0.00	-482.44
110.10	-498.73	0.00	-470.12
110.20	-959.61	0.00	-455.94
110.30	-1419.98	0.00	-439.97
110.40	-1876.50	0.00	-422.26
110.50	-2325.75	0.00	-402.88
110.60	-2764.25	0.00	-381.92
110.70	-3188.53	0.00	-359.44
110.80	-3595.13	0.00	-335.55
110.90	-3980.69	0.00	-310.34
111.00	-4341.95	0.00	-283.89
111.10	-4675.83	0.00	-256.33
111.20	-4979.41	0.00	-227.76
111.30	-5250.04	0.00	-198.29
111.40	-5485.30	0.00	-168.03
111.50	-5683.10	0.00	-137.11
111.60	-5841.64	0.00	-105.66
111.70	-5959.50	0.00	-73.78
111.80	-6035.59	0.00	-41.61
111.90	-6069.22	0.00	-9.28
112.00	-6069.68	0.00	23.09
112.10	-6063.39	0.00	55.36
112.20	-6051.68	0.00	87.42
112.30	-6034.08	0.00	119.14
112.40	-6009.99	0.00	150.38
112.50	-5978.60	0.00	181.03
112.60	-5938.95	0.00	210.96
112.70	-5889.95	0.00	240.07
112.80	-5830.40	0.00	268.22
112.90	-5759.02	0.00	295.32
113.00	-5674.46	0.00	321.25
113.10	-5575.36	0.00	345.91
113.20	-5460.35	0.00	369.21
113.30	-5328.13	0.00	391.05
113.40	-5177.45	0.00	411.35
113.50	-5007.17	0.00	430.02
113.60	-4816.29	0.00	447.00
113.70	-4603.99	0.00	462.22
113.80	-4369.64	0.00	475.60
113.90	-4112.81	0.00	487.12
114.00	-3833.36	0.00	496.71
114.10	-3531.37	0.00	504.34
114.20	-3207.23	0.00	509.97
114.30	-2861.61	0.00	513.60
114.40	-2495.48	0.00	515.20
114.50	-2110.11	0.00	514.77
114.60	-1707.06	0.00	512.30
114.70	-1288.21	0.00	507.81
114.80	-855.68	0.00	501.32
114.90	-411.88	0.00	492.85
115.00	40.55	0.00	482.44
115.10	498.73	0.00	470.12
115.20	959.61	0.00	455.94
115.30	1419.98	0.00	439.97
115.40	1876.50	0.00	422.26
115.50	2325.75	0.00	402.88
115.60	2764.25	0.00	381.92
115.70	3188.53	0.00	359.44
115.80	3595.13	0.00	335.55
115.90	3980.69	0.00	310.34
116.00	4341.95	0.00	283.89
116.10	4675.83	0.00	256.33
116.20	4979.41	0.00	227.76
116.30	5250.04	0.00	198.29
116.40	5485.30	0.00	168.03
116.50	5683.10	0.00	137.11
116.60	5841.64	0.00	105.66
116.70	5959.50	0.00	73.78
116.80	6035.59	0.00	41.61
116.90	6069.22	0.00	9.28
117.00	6069.68	0.00	-23.09
117.10	6063.39	0.00	-55.36
117.20	6051.68	0.00	-87.42
117.30	6034.08	0.00	-119.14
117.40	6009.99	0.00	-150.38
117.50	5978.60	0.00	-181.03
117.60	5938.95	0.00	-210.96
117.70	5889.95	0.00	-240.07
117.80	5830.40	0.00	-268.22
117.90	5759.02	0.00	-295.32
118.00	5674.46	0.00	-321.25
118.10	5575.36	0.00	-345.91
118.20	5460.35	0.00	-369.21
118.30	5328.13	0.00	-391.05
118.40	5177.45	0.00	-411.35
118.50	5007.17	0.00	-430.02
118.60	4816.29	0.00	-447.00
118.70	4603.99	0.00	-462.22
118.80	4369.64	0.00	-475.60
118.90	4112.81	0.00	-487.12
119.00	3833.36	0.00	-496.71
119.10	3531.37	0.00	-504.34
119.20	3207.23	0.00	-509.97
119.30	2861.61	0.00	-513.60
119.40	2495.48	0.00	-515.20
119.50	2110.11	0.00	-514.77
119.60	1707.06	0.00	-512.30
119.70	1288.21	0.00	-507.81
119.80	855.68	0.00	-501.32
119.90	411.88	0.00	-492.85
120.00	-40.55	0.00	-482.44
120.10	-498.73	0.00	-470.12
120.20	-959.61	0.00	-455.94
120.30	-1419.98	0.00	-439.97
120.40	-1876.50	0.00	-422.26
120.50	-2325.75	0.00	-402.88
120.60	-2764.25	0.00	-381.92
120.70	-3188.53	0.00	-359.44
120.80	-3595.13	0.00	-335.55
120.90	-3980.69	0.00	-310.34
121.00	-4341.95	0.00	-283.89
121.10	-4675.83	0.00	-256.33
121.20	-4979.41	0.00	-227.76
121.30	-5250.04	0.00	-198.29
121.40	-5485.30	0.00	-168.03
121.50	-5683.10	0.00	-137.11
121.60	-5841.64	0.00	-105.66
121.70	-5959.50	0.00	-73.78
121.80	-6035.59	0.00	-41.61
121.90	-6069.22	0.00	-9.28
122.00	-6069.68	0.00	23.09
122.10	-6063.39	0.00	55.36
122.20	-6051.68	0.00	87.42
122.30	-6034.08	0.00	119.14
122.40	-6009.99	0.00	150.38
122.50	-5978.60	0.00	181.03
122.60	-5938.95	0.00	210.96
122.70	-5889.95	0.00	240.07
122.80	-5830.40	0.00	268.22
122.90	-5759.02	0.00	295.32
123.00	-5674.46	0.00	321.25
123.10	-5575.36	0.00	345.91
123.20	-5460.35	0.00	369.21
123.30	-5328.13	0.00	391.05
123.40	-5177.45	0.00	411.35
123.50	-5007.17	0.00	430.02
123.60	-4816.29	0.00	447.00
123.70	-4603.99	0.00	462.22
123.80	-4369.64	0.00	475.60
123.90	-4112.81	0.00	487.12
124.00	-3833.36	0.00	496.71
124.10	-3531.37	0.00	504.34
124.20	-3207.23	0.00	509.97
124.30	-2861.61	0.00	513.60
124.40	-2495.48	0.00	515.20
124.50	-2110.11	0.00	514.77
124.60	-1707.06	0.00	512.30
124.70	-1288.21	0.00	507.81
124.80	-855.68	0.00	501.32
124.90	-411.88	0.00	492.85
125.00	40.55	0.00	482.44
125.10	498.73	0.00	470.12
125.20	959.61	0.00	455.94
125.30	1419.98	0.00	439.97
125.40	1876.50	0.00	422.26
125.50	2325.75	0.00	402.88
125.60	2764.25	0.00	381.92
125.70	3188.53	0.00	359.44
125.80	3595.13	0.00	335.55
125.90	3980.69	0.00	310.34
126.00	4341.95	0.00	283.89
126.10	4675.83	0.00	256.33
126.20	4979.41	0.00	227.76
126.30	5250.04	0.00	198.29
126.40	5485.30	0.00	168.03
126.50	5683.10	0.00	137.11
126.60	5841.64	0.00	105.66
126.70	5959.50	0.00	73.78
126.80	6035.59	0.00	41.61
126.90	6069.22	0.00	9.28
127.00	6069.68	0.00	-23.09
127.10	6063.39	0.00	-55.36
127.20	6051.68	0.00	-87.42
127.30	6034.08	0.00	-119.14
127.40	6009.99	0.00	-150.38
127.50	5978.60	0.00	-181.03
127.60	5938.95	0.00	-210.96
127.70	5889.95	0.00	-240.07
127.80	5830.40	0.00	-268.22
127.90	5759.02	0.00	-295.32
128.00	5674.46	0.00	-321.25
128.10	5575.36	0.00	-345.91
128.20	5460.35	0.00	-369.21
128.30	5328.13	0.00	-391.05
128.40	5177.45	0.00	-411.35
128.50	5007.17	0.00	-430.02
128.60	4816.29	0.00	-447.00
128.70	4603.99	0.00	-462.22
128.80	4369.64	0.00	-475.60
128.90	4112.81	0.00	-487.12
129.00	3833.36	0.00	-496.71
129.10	3531.37	0.00	-504.34
129.20	3207.23	0.00	-509.97
129.30	2861.61	0.00	-513.60
129.40	2495.48	0.00	-515.20
129.50	2110.11	0.00	-514.77
129.60	1707.06	0.00	-512.30
129.70	1288.21	0.00	-507.81
129.80	855.68	0.00	-501.32
129.90	411.88	0.00	-492.85
130.00	-40.55	0.00	-482.44
130.10	-498.73	0.00	-470.12
130.20	-959.61	0.00	-455.94
130.30	-1419.98	0.00	-439.97
130.40	-1876.50	0.00	-422.26
130.50	-2325.75	0.00	-402.88
130.60	-2764.25	0.00	-381.92
130.70	-3188.53	0.00	-359.44
130.80	-3595.13	0.00	-335.55
130.90	-3980.69	0.00	-310.34
131.00	-4341.95	0.00	-283.89
131.10	-4675.83	0.00	-256.33
131.20	-4979.41	0.00	-227.76
131.30	-5250.04	0.00	-198.29
131.40	-5485.30	0.00	-168.03
131.50	-5683.10	0.00	-137.11
131.60	-5841.64	0.00	-105.66
131.70	-5959.50	0.00	-73.78
131.80	-6035.59	0.00	-41.61
131.90	-6069.22	0.00	-9.28
132.00	-6069.68	0.00	23.09
132.10	-6063.39	0.00	55.36
132.20	-6051.68	0.00	87.42
132.30	-6034.08	0.00	119.14
132.40	-6009.99	0.00	150.38
132.50	-5978.60	0.00	181.03
132.60	-5938.95	0.00	210.96
132.70	-5889.95	0.00	240.07
132.80	-5830.40	0.00	268.22
132.90	-5759.02	0.00	295.32
133.00	-5674.46	0.00	321.25
133.10	-5575.36	0.00	345.91
133.20	-5460.35	0.00	369.21
133.30	-5328.13	0.00	391.05
133.40	-5177.45	0.00	411.35
133.50	-5007.17	0.00	430.02
133.60	-4816.29	0.00	447.00
133.70	-4603.99	0.00	462.22
133.80	-4369.64	0.00	475.60
133.90	-4112.81	0.00	487.12
134.00	-3833.36	0.00	496.71
134.10	-3531.37	0.00	504.34
134.20	-3207.23	0.00	509.97
134.30	-2861.61	0.00	513.60
134.40	-2495.48	0.00	515.20
134.50	-2110.11	0.00	514.77
134.60	-1707.06	0.00	512.30
134.70	-1288.21	0.00	507.81
134.80	-855.68	0.00	501.32
134.90	-411.88	0.00	492.85
135.00	40.55	0.00	482.44
135.10	498.73	0.00	470.12
135.20	959.61	0.00	455.94
135.30	1419.98	0.00	439.97
135.40	1876.50	0.00	422.26
135.50	2325.75	0.00	402.88
135.60	2764.25	0.00	381.92
135.70	3188.53	0.00	359.44
135.80	3595.13	0.00	335.55
135.90	3980.69	0.00	310.34
136.00	4341.95	0.00	283.89
136.10	4675.83	0.00	256.33
136.20	4979.41	0.00	227.76
136.30	5250.04	0.00	198.29
136.40	5485.30	0.00	168.03
136.50	5683.10	0.00	137.11
136.60	5841.64	0.00	105.66
136.70	5959.50	0.00	73.78
136.80	6035.59	0.00	41.61
136.90	6069.22	0.00	9.28
137.00	6069.68	0.00	-23.09
137.10	6063.39	0.00	-55.36
137.20	6051.68	0.00	-87.42
137.30	6034.08	0.00	-119.14
137.40	6009.99	0.00	-150.38
137.50	5978.60	0.00	-181.03
137.60	5938.95	0.00	-210.96
137.70	5889.95	0.00	-240.07
137.80	5830.40	0.00	-268.22
137.90	5759.02	0.00	-295.32
138.00	5674.46	0.00	-321.25
138.10	5575.36	0.00	-345.91
138.20	5460.35	0.00	-369.21
138.30	5328.13	0.00	-391.05
138.40	5177.45	0.00	-411.35
138.50	5007.17	0.00	-430.02
138.60	4816.29	0.00	-447.00
138.70	4603.99	0.00	-462.22
138.80	4369.64	0.00	-475.60
138.90	4112.81	0.00	-487.12
139.00	3833.36	0.00	-496.71
139.10	3531.37	0.00	-504.34
139.20	3207.23	0.00	-509.97
139.30	2861.61	0.00	-513.60
139.40	2495.48	0.00	-515.20
139.50	2110.11	0.00	-514.77
139.60	1707.06	0.00	-512.30
139.70	1288.21	0.00	-507.81
139.80	855.68	0.00	-501.32
139.90	411.88	0.00	-492.85
140.00	-40.55	0.00	-482.44
140.10	-498.73	0.00	-470.12
140.20	-959.61	0.00	-455.94
140.30	-1419.98	0.00	-439.97
140.40	-1876.50	0.00	-422.26
140.50	-2325.75	0.00	-402.88
140.60	-2764.25	0.00	-381.92
140.70	-3188.53	0.00	-359.44
140.80	-3595.13	0.00	-335.55
140.90	-3980.69	0.00	-310.34
141.00	-4341.95	0.00	-283.89
141.10	-4675.83	0.00	-256.33
141.20	-4979.41	0.00	-227.76
141.30	-5250.04	0.00	-198.29
141.40	-5485.30	0.00	-168.03
141.50	-5683.10	0.00	-137.11
141.60	-5841.64	0.00	-105.66
141.70	-5959.50	0.00	-73.78
141.80	-6035.59	0.00	-41.61
141.90	-6069.22	0.00	-9.28
142.00	-6069.68	0.00	23.09
142.10	-6063.39	0.00	55.36
142.20	-6051.68	0.00	87.42
142.30	-6034.08	0.00	119.14
142.40	-6009.99	0.00	150.38
142.50	-5978.60	0.00	181.03
142.60	-5938.95	0.00	210.96
142.70	-5889.95	0.00	240.07
142.80	-5830.40	0.00	268.22
142.90	-5759.02	0.00	295.32
143.00	-5674.46	0.00	321.25
143.10	-5575.36	0.00	345.91
143.20	-5460.35	0.00	369.21
143.30	-5328.13	0.00	391.05
143.40	-5177.45	0.00	411.35
143.50	-5007.17	0.00	430.02
143.60	-4816.29	0.00	447.00
143.70	-4603.99	0.00	462.22
143.80	-4369.64	0.00	475.60
143.90	-4112.81	0.00	487.12
144.00	-3833.36	0.00	496.71
144.10	-3531.37	0.00	504.34
144.20	-3207.23	0.00	509.97
144.30	-2861.61	0.00	513.60
144.40	-2495.48	0.00	515.20
144.50	-2110.11	0.00	514.77
144.60	-1707.06	0.00	512.30
144.70	-1288.21	0.00	507.81
144.80	-855.68	0.00	501.32
144.90	-411.88	0.00	492.85
145.00	40.55	0.00	482.44
145.10	498.73	0.00	470.12
145.20	959.61	0.00	455.94
145.30	1419.98	0.00	439.97
145.40	1876.50	0.00	422.26
145.50	2325.75	0.00	402.88
145.60	2764.25	0.00	381.92
145.70	3188.53	0.00	359.44
145.80	3595.13	0.00	335.55
145.90	3980.69	0.00	310.34
146.00	4341.95	0.00	283.89
146.10	4675.83	0.00	256.33
146.20	4979.41	0.00	227.76
146.30	5250.04	0.00	198.29
146.40	5485.30	0.00	168.03
146.50	5683.10	0.00	137.11
146.60	5841.64	0.00	105.66
146.70	5959.50	0.00	73.78
146.80	6035.59	0.00	41.61
146.90	6069.22	0.00	9.28
147.00	6069.68	0.00	-23.09
147.10	6063.39	0.00	-55.36
147.20	6051.68	0.00	-87.42
147.30	6034.08	0.00	-119.14
147.40	6009.99	0.00	-150.38
147.50	5978.60	0.00	-181.03
147.60	5938.95	0.00	-210.96
147.70	5889.95	0.00	-240.07
147.80	5830.40	0.00	-268.22
147.90	5759.02	0.00	-295.32
148.00	5674.46	0.00	-321.25
148.10	5575.36	0.00	-345.91
148.20	5460.35	0.00	-369.21
148.30	5328.13	0.00	-391.05
148.40	5177.45	0.00	-411.35
148.50	5007.17	0.00	-430.02
148.60	4816.29	0.00	-447.00
148.70	4603.99	0.00	-462.22
148.80	4369.64	0.00	-475.60
148.90	4112.81	0.00	-487.12
149.00	3833.36	0.00	-496.71
149.10	3531.37	0.00	-504.34
149.20	3207.23	0.00	-509.97
149.30	2861.61	0.00	-513.60
149.40	2495.48	0.00	-515.20
149.50	2110.11	0.00	-514.77
149.60	1707.06	0.00	-512.30
149.70	1288.21	0.00	-507.81
149.80	855.68	0.00	-501.32
149.90	411.88	0.00	-492.85
150.00	-40.55	0.00	-482.44
150.10	-498.73	0.00	-470.12
150.20	-959.61	0.00	-455.94
150.30	-1419.98	0.00	-439.97
150.40	-1876.50	0.00	-422.26
150.50	-2325.75	0.00	-402.88
150.60	-2764.25	0.00	-381.92
150.70	-3188.53	0.00	-359.44
150.80	-3595.13	0.00	-335.55
150.90	-3980.69	0.00	-310.34
151.00	-4341.95	0.00	-283.89
151.10	-4675.83	0.00	-256.33
151.20	-4979.41	0.00	-227.76
151.30	-5250.04	0.00	-198.29
151.40	-5485.30	0.00	-168.03
151.50	-5683.10	0.00	-137.11
151.60	-5841.64	0.00	-105.66
151.70	-5959.50	0.00	-73.78
151.80	-6035.59	0.00	-41.61
151.90	-6069.22	0.00	-9.28
152.00	-6069.68	0.00	23.09
152.10	-6063.39	0.00	55.36
152.20	-6051.68	0.00	87.42
152.30	-6034.08	0.00	119.14
152.40	-6009.99	0.00	150.38
152.50	-5978.60	0.00	181.03
152.60	-5938.95	0.00	210.96
152.70	-5889.95	0.00	240.07
152.80	-5830.40	0.00	268.22
152.90	-5759.02	0.00	295.32
153.00	-5674.46	0.00	321.25
153.10	-5575.36	0.00	345.91
153.20	-5460.35	0.00	369.21
153.30	-5328.13	0.00	391.05
153.40	-5177.45	0.00	411.35
153.50	-5007.17	0.00	430.02
153.60	-4816.29	0.00	447.00
153.70	-4603.99	0.00	462.22
153.80	-4369.64	0.00	475.60
153.90	-4112.81	0.00	487.12
154.00	-3833.36	0.00	496.71
154.10	-3531.37	0.00	504.34
154.20	-3207.23	0.00	509.97
154.30	-2861.61	0.00	513.60
154.40	-2495.48	0.00	515.20
154.50	-2110.11	0.00	514.77
154.60	-1707.06	0.00	512.30
154.70	-1288.21	0.00	507.81
154.80	-855.68	0.00	501.32
154.90	-411.88	0.00	492.85
155.00	40.55	0.00	482.44
155.10	498.73	0.00	470.12
155.20	959.61	0.00	455.94
155.30	1419.98	0.00	439.97
155.40	1876.50	0.00	422.26
155.50	2325.75	0.00	402.88
155.60	2764.25	0.00	381.92
155.70	3188.53	0.00	359.44
155.80	3595.13	0.00	335.55
155.90	3980.69	0.00	310.34
156.00	4341.95	0.00	283.89
156.10	4675.83	0.00	256.33
156.20	4979.41	0.00	227.76
156.30	5250.04	0.00	198.29
156.40	5485.30	0.00	168.03
156.50	5683.10	0.00	137.11
156.60	5841.64	0.00	105.66
156.70	5959.50	0.00	73.78
156.80	6035.59	0.00	41.61
156.90	6069.22	0.00	9.28
157.00	6069.68	0.00	-23.09
157.10	6063.39	0.00	-55.36
157.20	6051.68	0.00	-87.42
157.30	6034.08	0.00	-119.14
157.40	6009.99	0.00	-150.38
157.50	5978.60	0.00	-181.03
157.60	5938.95	0.00	-210.96
157.70	5889.95	0.00	-240.07
157.80	5830.40	0.00	-268.22
157.90	5759.02	0.00	-295.32
158.00	5674.46	0.00	-321.25
158.10	5575.36	0.00	-345.91
158.20	5460.35	0.00	-369.21
158.30	5328.13	0.00	-391.05
158.40	5177.45	0.00	-411.35
158.50	5007.17	0.00	-430.02
158.60	4816.29	0.00	-447.00
158.70	4603.99	0.00	-462.22
158.80	4369.64	0.00	-475.60
158.90	4112.81	0.00	-487.12
159.00	3833.36	0.00	-496.71
159.10	3531.37	0.00	-504.34
159.20	3207.23	0.00	-509.97
159.30	2861.61	0.00	-513.60
159.40	2495.48	0.00	-515.20
159.50	2110.11	0.00	-514.77
159.60	1707.06	0.00	-512.30
159.70	1288.21	0.00	-507.81
159.80	855.68	0.00	-501.32
159.90	411.88	0.00	-492.85
160.00	-40.55	0.00	-482.44
160.10	-498.73	0.00	-470.12
160.20	-959.61	0.00	-455.94
160.30	-1419.98	0.00	-439.97
160.40	-1876.50	0.00	-422.26
160.50	-2325.75	0.00	-402.88
160.60	-2764.25	0.00	-381.92
160.70	-3188.53	0.00	-359.44
160.80	-3595.13	0.00	-335.55
160.90	-3980.69	0.00	-310.34
161.00	-4341.95	0.00	-283.89
161.10	-4675.83	0.00	-256.33
161.20	-4979.41	0.00	-227.76
161.30	-5250.04	0.00	-198.29
161.40	-5485.30	0.00	-168.03
161.50	-5683.10	0.00	-137.11
161.60	-5841.64	0.00	-105.66
161.70	-5959.50	0.00	-73.78
161.80	-6035.59	0.00	-41.61
161.90	-6069.22	0.00	-9.28
162.00	-6069.68	0.00	23.09
162.10	-6063.39	0.00	55.36
162.20	-6051.68	0.00	87.42
162.30	-6034.08	0.00	119.14
162.40	-6009.99	0.00	150.38
162.50	-5978.60	0.00	181.03
162.60	-5938.95	0.00	210.96
162.70	-5889.95	0.00	240.07
162.80	-5830.40	0.00	268.22
162.90	-5759.02	0.00	295.32
163.00	-5674.46	0.00	321.25
163.10	-5575.36	0.00	345.91
163.20	-5460.35	0.00	369.21
163.30	-5328.13	0.00	391.05
163.40	-5177.45	0.00	411.35
163.50	-5007.17	0.00	430.02
163.60	-4816.29	0.00	447.00
163.70	-4603.99	0.00	462.22
163.80	-4369.64	0.00	475.60
163.90	-4112.81	0.00	487.12
164.00	-3833.36	0.00	496.71
164.10	-3531.37	0.00	504.34
164.20	-3207.23	0.00	509.97
164.30	-2861.61	0.00	513.60
164.40	-2495.48	0.00	515.20
164.50	-2110.11	0.00	514.77
164.60	-1707.06	0.00	512.30
164.70	-1288.21	0.00	507.81
164.80	-855.68	0.00	501.32
164.90	-411.88	0.00	492.85
165.00	40.55	0.00	482.44
165.10	498.73	0.00	470.12
165.20	959.61	0.00	455.94
165.30	1419.98	0.00	439.97
165.40	1876.50	0.00	422.26
165.50	2325.75	0.00	402.88
165.60	2764.25	0.00	381.92
165.70	3188.53	0.00	359.44
165.80	3595.13	0.00	335.55
165.90	3980.69	0.00	310.34
166.00	4341.95	0.00	283.89
166.10	4675.83	0.00	256.33
166.20	4979.41	0.00	227.76
166.30	5250.04	0.00	198.29
166.40	5485.30	0.00	168.03
166.50	5683.10	0.00	137.11
166.60	5841.64	0.00	105.66
166.70	5959.50	0.00	73.78
166.80	6035.59	0.00	41.61
166.90	6069.22	0.00	9.28
167.00	6069.68	0.00	-23.09
167.10	6063.39	0.00	-55.36
167.20	6051.68	0.00	-87.42
167.30	6034.08	0.00	-119.14
167.40	6009.99	0.00	-150.38
167.50	5978.60	0.00	-181.03
167.60	5938.95	0.00	-210.96
167.70	5889.95	0.00	-240.07
167.80	5830.40	0.00	-268.22
167.90	5759.02	0.00	-295.32
168.00	5674.46	0.00	-321.25
168.10	5575.36	0.00	-345.91
168.20	5460.35	0.00	-369.21
168.30	5328.13	0.00	-391.05
168.40	5177.45	0.00	-411.35
168.50	5007.17	0.00	-430.02
168.60	4816.29	0.00	-447.00
168.70	4603.99	0.00	-462.22
168.80	4369.64	0.00	-475.60
168.90	4112.81	0.00	-487.12
169.00	3833.36	0.00	-496.71
169.10	3531.37	0.00	-504.34
169.20	3207.23	0.00	-509.97
169.30	2861.61	0.00	-513.60
169.40	2495.48	0.00	-515.20
169.50	2110.11	0.00	-514.77
169.60	1707.06	0.00	-512.30
169.70	1288.21	0.00	-507.81
169.80	855.68	0.00	-501.32
169.90	411.88	0.00	-492.85
170.00	-40.55	0.00	-482.44
170.10	-498.73	0.00	-470.12
170.20	-959.61	0.00	-455.94
170.30	-1419.98	0.00	-439.97
170.40	-1876.50	0.00	-422.26
170.50	-2325.75	0.00	-402.88
170.60	-2764.25	0.00	-381.92
170.70	-3188.53	0.00	-359.44
170.80	-3595.13	0.00	-335.55
170.90	-3980.69	0.00	-310.34
171.00	-4341.95	0.00	-283.89
171.10	-4675.83	0.00	-256.33
171.20	-4979.41	0.00	-227.76
171.30	-5250.04	0.00	-198.29
171.40	-5485.30	0.00	-168.03
171.50	-5683.10	0.00	-137.11
171.60	-5841.64	0.00	-105.66
171.70	-5959.50	0.00	-73.78
171.80	-6035.59	0.00	-41.61
171.90	-6069.22	0.00	-9.28
172.00	-6069.68	0.00	23.09
172.10	-6063.39	0.00	55.36
172.20	-6051.68	0.00	87.42
172.30	-6034.08	0.00	119.14
172.40	-6009.99	0.00	150.38
172.50	-5978.60	0.00	181.03
172.60	-5938.95	0.00	210.96
172.70	-5889.95	0.00	240.07
172.80	-5830.40	0.00	268.22
172.90	-5759.02	0.00	295.32
173.00	-5674.46	0.00	321.25
173.10	-5575.36	0.00	345.91
173.20	-5460.35	0.00	369.21
173.30	-5328.13	0.00	391.05
173.40	-5177.45	0.00	411.35
173.50	-5007.17	0.00	430.02
173.60	-4816.29	0.00	447.00
173.70	-4603.99	0.00	462.22
173.80	-4369.64	0.00	475.60
173.90	-4112.81	0.00	487.12
174.00	-3833.36	0.00	496.71
174.10	-3531.37	0.00	504.34
174.20	-3207.23	0.00	509.97
174.30	-2861.61	0.00	513.60
174.40	-2495.48	0.00	515.20
174.50	-2110.11	0.00	514.77
174.60	-1707.06	0.00	512.30
174.70	-1288.21	0.00	507.81
174.80	-855.68	0.00	501.32
174.90	-411.88	0.00	492.85
175.00	40.55	0.00	482.44
175.10	498.73	0.00	470.12
175.20	959.61	0.00	455.94
175.30	1419.98	0.00	439.97
175.40	1876.50	0.00	422.26
175.50	2325.75	0.00	402.88
175.60	2764.25	0.00	381.92
175.70	3188.53	0.00	359.44
175.80	3595.13	0.00	335.55
175.90	3980.69	0.00	310.34
176.00	4341.95	0.00	283.89
176.10	4675.83	0.00	256.33
176.20	4979.41	0.00	227.76
176.30	5250.04	0.00	198.29
176.40	5485.30	0.00	168.03
176.50	5683.10	0.00	137.11
176.60	5841.64	0.00	105.66
176.70	5959.50	0.00	73.78
176.80	6035.59	0.00	41.61
176.90	6069.22	0.00	9.28
177.00	6069.68	0.00	-23.09
177.10	6063.39	0.00	-55.36
177.20	6051.68	0.00	-87.42
177.30	6034.08	0.00	-119.14
177.40	6009.99	0.00	-150.38
177.50	5978.60	0.00	-181.03
177.60	5938.95	0.00	-210.96
177.70	5889.95	0.00	-240.07
177.80	5830.40	0.00	-268.22
177.90	5759.02	0.00	-295.32
178.00	5674.46	0.00	-321.25
178.10	5575.36	0.00	-345.91
178.20	5460.35	0.00	-369.21
178.30	5328.13	0.00	-391.05
178.40	5177.45	0.00	-411.35
178.50	5007.17	0.00	-430.02
178.60	4816.29	0.00	-447.00
178.70	4603.99	0.00	-462.22
178.80	4369.64	0.00	-475.60
178.90	4112.81	0.00	-487.12
179.00	3833.36	0.00	-496.71
179.10	3531.37	0.00	-504.34
179.20	3207.23	0.00	-509.97
179.30	2861.61	0.00	-513.60
179.40	2495.48	0.00	-515.20
179.50	2110.11	0.00	-514.77
179.60	1707.06	0.00	-512.30
179.70	1288.21	0.00	-507.81
179.80	855.68	0.00	-501.32
179.90	411.88	0.00	-492.85
180.00	-40.55	0.00	-482.44
180.10	-498.73	0.00	-470.12
180.20	-959.61	0.00	-455.94
180.30	-1419.98	0.00	-439.97
180.40	-1876.50	0.00	-422.26
180.50	-2325.75	0.00	-402.88
180.60	-2764.25	0.00	-381.92
180.70	-3188.53	0.00	-359.44
180.80	-3595.13	0.00	-335.55
180.90	-3980.69	0.00	-310.34
181.00	-4341.95	0.00	-283.89
181.10	-4675.83	0.00	-256.33
181.20	-4979.41	0.00	-227.76
181.30	-5250.04	0.00	-198.29
181.40	-5485.30	0.00	-168.03
181.50	-5683.10	0.00	-137.11
181.60	-5841.64	0.00	-105.66
181.70	-5959.50	0.00	-73.78
181.80	-6035.59	0.00	-41.61
181.90	-6069.22	0.00	-9.28
182.00	-6069.68	0.00	23.09
182.10	-6063.39	0.00	55.36
182.20	-6051.68	0.00	87.42
182.30	-6034.08	0.00	119.14
182.40	-6009.99	0.00	150.38
182.50	-5978.60	0.00	181.03
182.60	-5938.95	0.00	210.96
182.70	-5889.95	0.00	240.07
182.80	-5830.40	0.00	268.22
182.90	-5759.02	0.00	295.32
183.00	-5674.46	0.00	321.25
183.10	-5575.36	0.00	345.91
183.20	-5460.35	0.00	369.21
183.30	-5328.13	0.00	391.05
183.40	-5177.45	0.00	411.35
183.50	-5007.17	0.00	430.02
183.60	-4816.29	0.00	447.00
183.70	-4603.99	0.00	462.22
183.80	-4369.64	0.00	475.60
183.90	-4112.81	0.00	487.12
184.00	-3833.36	0.00	496.71
184.10	-3531.37	0.00	504.34
184.20	-3207.23	0.00	509.97
184.30	-2861.61	0.00	513.60
184.40	-2495.48	0.00	515.20
184.50	-2110.11	0.00	514.77
184.60	-1707.06	0.00	512.30
184.70	-1288.21	0.00	507.81
184.80	-855.68	0.00	501.32
184.90	-411.88	0.00	492.85
185.00	40.55	0.00	482.44
185.10	498.73	0.00	470.12
185.20	959.61	0.00	455.94
185.30	1419.98	0.00	439.97
185.40	1876.50	0.00	422.26
185.50	2325.75	0.00	402.88
185.60	2764.25	0.00	381.92
185.70	3188.53	0.00	359.44
185.80	3595.13	0.00	335.55
185.90	3980.69	0.00	310.34
186.00	4341.95	0.00	283.89
186.10	4675.83	0.00	256.33
186.20	4979.41	0.00	227.76
186.30	5250.04	0.00	198.29
186.40	5485.30	0.00	168.03
186.50	5683.10	0.00	137.11
186.60	5841.64	0.00	105.66
186.70	5959.50	0.00	73.78
186.80	6035.59	0.00	41.61
186.90	6069.22	0.00	9.28
187.00	6069.68	0.00	-23.09
187.10	6063.39	0.00	-55.36
187.20	6051.68	0.00	-87.42
187.30	6034.08	0.00	-119.14
187.40	6009.99	0.00	-150.38
187.50	5978.60	0.00	-181.03
187.60	5938.95	0.00	-210.96
187.70	5889.95	0.00	-240.07
187.80	5830.40	0.00	-268.22
187.90	5759.02	0.00	-295.32
188.00	5674.46	0.00	-321.25
188.10	5575.36	0.00	-345.91
188.20	5460.35	0.00	-369.21
188.30	5328.13	0.00	-391.05
188.40	5177.45	0.00	-411.35
188.50	5007.17	0.00	-430.02
188.60	4816.29	0.00	-447.00
188.70	4603.99	0.00	-462.22
188.80	4369.64	0.00	-475.60
188.90	4112.81	0.00	-487.12
189.00	3833.36	0.00	-496.71
189.10	3531.37	0.00	-504.34
189.20	3207.23	0.00	-509.97
189.30	2861.61	0.00	-513.60
189.40	2495.48	0.00	-515.20
189.50	2110.11	0.00	-514.77
189.60	1707.06	0.00	-512.30
189.70	1288.21	0.00	-507.81
189.80	855.68	0.00	-501.32
189.90	411.88	0.00	-492.85
190.00	-40.55	0.00	-482.44
190.10	-498.73	0.00	-470.12
190.20	-959.61	0.00	-455.94
190.30	-1419.98	0.00	-439.97
190.40	-1876.50	0.00	-422.26
190.50	-2325.75	0.00	-402.88
190.60	-2764.25	0.00	-381.92
190.70	-3188.53	0.00	-359.44
190.80	-3595.13	0.00	-335.55
190.90	-3980.69	0.00	-310.34
191.00	-4341.95	0.00	-283.89
191.10	-4675.83	0.00	-256.33
191.20	-4979.41	0.00	-227.76
191.30	-5250.04	0.00	-198.29
191.40	-5485.30	0.00	-168.03
191.50	-5683.10	0.00	-137.11
191.60	-5841.64	0.00	-105.66
191.70	-5959.50	0.00	-73.78
191.80	-6035.59	0.00	-41.61
191.90	-6069.22	0.00	-9.28
192.00	-6069.68	0.00	23.09
192.10	-6063.39	0.00	55.36
192.20	-6051.68	0.00	87.42
192.30	-6034.08	0.00	119.14
192.40	-6009.99	0.00	150.38
192.50	-5978.60	0.00	181.03
192.60	-5938.95	0.00	210.96
192.70	-5889.95	0.00	240.07
192.80	-5830.40	0.00	268.22
192.90	-5759.02	0.00	295.32
193.00	-5674.46	0.00	321.25
193.10	-5575.36	0.00	345.91
193.20	-5460.35	0.00	369.21
193.30	-5328.13	0.00	391.05
193.40	-5177.45	0.00	411.35
193.50	-5007.17	0.00	430.02
193.60	-4816.29	0.00	447.00
193.70	-4603.99	0.00	462.22
193.80	-4369.64	0.00	475.60
193.90	-4112.81	0.00	487.12
194.00	-3833.36	0.00	496.71
194.10	-3531.37	0.00	504.34
194.20	-3207.23	0.00	509.97
194.30	-2861.61	0.00	513.60
194.40	-2495.48	0.00	515.20
194.50	-2110.11	0.00	514.77
194.60	-1707.06	0.00	512.30
194.70	-1288.21	0.00	507.81
194.80	-855.68	0.00	501.32
194.90	-411.88	0.00	492.85
195.00	40.55	0.00	482.44
195.10	498.73	0.00	470.12
195.20	959.61	0.00	455.94
195.30	1419.98	0.00	439.97
195.40	1876.50	0.00	422.26
195.50	2325.75	0.00	402.88
195.60	2764.25	0.00	381.92
195.70	3188.53	0.00	359.44
195.80	3595.13	0.00	335.55
195.90	3980.69	0.00	310.34
196.00	4341.95	0.00	283.89
196.10	4675.83	0.00	256.33
196.20	4979.41	0.00	227.76
196.30	5250.04	0.00	198.29
196.40	5485.30	0.00	168.03
196.50	5683.10	0.00	137.11
196.60	5841.64	0.00	105.66
196.70	5959.50	0.00	73.78
196.80	6035.59	0.00	41.61
196.90	6069.22	0.00	9.28
197.00	6069.68	0.00	-23.09
197.10	6063.39	0.00	-55.36
197.20	6051.68	0.00	-87.42
197.30	6034.08	0.00	-119.14
197.40	6009.99	0.00	-150.38
197.50	5978.60	0.00	-181.03
197.60	5938.95	0.00	-210.96
197.70	5889.95	0.00	-240.07
197.80	5830.40	0.00	-268.22
197.90	5759.02	0.00	-295.32
198.00	5674.46	0.00	-321.25
198.10	5575.36	0.00	-345.91
198.20	5460.35	0.00	-369.21
198.30	5328.13	0.00	-391.05
198.40	5177.45	0.00	-411.35
198.50	5007.17	0.00	-430.02
198.60	4816.29	0.00	-447.00
198.70	4603.99	0.00	-462.22
198.80	4369.64	0.00	-475.60
198.90	4112.81	0.00	-487.12
199.00	3833.36	0.00	-496.71
199.10	3531.37	0.00	-504.34
199.20	3207.23	0.00	-509.97
199.30	2861.61	0.00	-513.60
199.40	2495.48	0.00	-515.20
199.50	2110.11	0.00	-514.77
199.60	1707.06	0.00	-512.30
199.70	1288.21	0.00	-507.81
199.80	855.68	0.00	-501.32
199.90	411.88	0.00	-492.85
200.00	-40.55	0.00	-482.44
200.10	-498.73	0.00	-470.12
200.20	-959.61	0.00	-455.94
200.30	-1419.98	0.00	-439.97
200.40	-1876.50	0.00	-422.26
200.50	-2325.75	0.00	-402.88
200.60	-2764.25	0.00	-381.92
200.70	-3188.53	0.00	-359.44
200.80	-3595.13	0.00	-335.55
200.90	-3980.69	0.00	-310.34
201.00	-4341.95	0.00	-283.89
201.10	-4675.83	0.00	-256.33
201.20	-4979.41	0.00	-227.76
201.30	-5250.04	0.00	-198.29
201.40	-5485.30	0.00	-168.03
201.50	-5683.10	0.00	-137.11
201.60	-5841.64	0.00	-105.66
201.70	-5959.50	0.00	-73.78
201.80	-6035.59	0.00	-41.61
201.90	-6069.22	0.00	-9.28
202.00	-6069.68	0.00	23.09
202.10	-6063.39	0.00	55.36
202.20	-6051.68	0.00	87.42
202.30	-6034.08	0.00	119.14
202.40	-6009.99	0.00	150.38
202.50	-5978.60	0.00	181.03
202.60	-5938.95	0.00	210.96
202.70	-5889.95	0.00	240.07
202.80	-5830.40	0.00	268.22
202.90	-5759.02	0.00	295.32
203.00	-5674.46	0.00	321.25
203.10	-5575.36	0.00	345.91
203.20	-5460.35	0.00	369.21
203.30	-5328.13	0.00	391.05
203.40	-5177.45	0.00	411.35
203.50	-5007.17	0.00	430.02
203.60	-4816.29	0.00	447.00
203.70	-4603.99	0.00	462.22
203.80	-4369.64	0.00	475.60
203.90	-4112.81	0.00	487.12
204.00	-3833.36	0.00	496.71
204.10	-3531.37	0.00	504.34
204.20	-3207.23	0.00	509.97
204.30	-2861.61	0.00	513.60
204.40	-2495.48	0.00	515.20
204.50	-2110.11	0.00	514.77
204.60	-1707.06	0.00	512.30
204.70	-1288.21	0.00	507.81
204.80	-855.68	0.00	501.32
204.90	-411.88	0.00	492.85
205.00	40.55	0.00	482.44
205.10	498.73	0.00	470.12
205.20	959.61	0.00	455.94
205.30	1419.98	0.00	439.97
205.40	1876.50	0.00	422.26
205.50	2325.75	0.00	402.88
205.60	2764.25	0.00	381.92
205.70	3188.53	0.00	359.44
205.80	3595.13	0.00	335.55
205.90	3980.69	0.00	310.34
206.00	4341.95	0.00	283.89
206.10	4675.83	0.00	256.33
206.20	4979.41	0.00	227.76
206.30	5250.04	0.00	198.29
206.40	5485.30	0.00	168.03
206.50	5683.10	0.00	137.11
206.60	5841.64	0.00	105.66
206.70	5959.50	0.00	73.78
206.80	6035.59	0.00	41.61
206.90	6069.22	0.00	9.28
207.00	6069.68	0.00	-23.09
207.10	6063.39	0.00	-55.36
207.20	6051.68	0.00	-87.42
207.30	6034.08	0.00	-119.14
207.40	6009.99	0.00	-150.38
207.50	5978.60	0.00	-181.03
207.60	5938.95	0.00	-210.96
207.70	5889.95	0.00	-240.07
207.80	5830.40	0.00	-268.22
207.90	5759.02	0.00	-295.32
208.00	5674.46	0.00	-321.25
208.10	5575.36	0.00	-345.91
208.20	5460.35	0.00	-369.21
208.30	5328.13	0.00	-391.05
208.40	5177.45	0.00	-411.35
208.50	5007.17	0.00	-430.02
208.60	4816.29	0.00	-447.00
208.70	4603.99	0.00	-462.22
208.80	4369.64	0.00	-475.60
208.90	4112.81	0.00	-487.12
209.00	3833.36	0.00	-496.71
209.10	3531.37	0.00	-504.34
209.20	3207.23	0.00	-509.97
209.30	2861.61	0.00	-513.60
209.40	2495.48	0.00	-515.20
209.50	2110.11	0.00	-514.77
209.60	1707.06	0.00	-512.30
209.70	1288.21	0.00	-507.81
209.80	855.68	0.00	-501.32
209.90	411.88	0.00	-492.85
210.00	-40.55	0.00	-482.44
210.10	-498.73	0.00	-470.12
210.20	-959.61	0.00	-455.94
210.30	-1419.98	0.00	-439.97
210.40	-1876.50	0.00	-422.26
210.50	-2325.75	0.00	-402.88
210.60	-2764.25	0.00	-381.92
210.70	-3188.53	0.00	-359.44
210.80	-3595.13	0.00	-335.55
210.90	-3980.69	0.00	-310.34
211.00	-4341.95	0.00	-283.89
211.10	-4675.83	0.00	-256.33
211.20	-4979.41	0.00	-227.76
211.30	-5250.04	0.00	-198.29
211.40	-5485.30	0.00	-168.03
211.50	-5683.10	0.00	-137.11
211.60	-5841.64	0.00	-105.66
211.70	-5959.50	0.00	-73.78
211.80	-6035.59	0.00	-41.61
211.90	-6069.22	0.00	-9.28
212.00	-6069.68	0.00	23.09
212.10	-6063.39	0.00	55.36
212.20	-6051.68	0.00	87.42
212.30	-6034.08	0.00	119.14
212.40	-6009.99	0.00	150.38
212.50	-5978.60	0.00	181.03
212.60	-5938.95	0.00	210.96
212.70	-5889.95	0.00	240.07
212.80	-5830.40	0.00	268.22
212.90	-5759.02	0.00	295.32
213.00	-5674.46	0.00	321.25
213.10	-5575.36	0.00	345.91
213.20	-5460.35	0.00	369.21
213.30	-5328.13	0.00	391.05
213.40	-5177.45	0.00	411.35
213.50	-5007.17	0.00	430.02
213.60	-4816.29	0.00	447.00
213.70	-4603.99	0.00	462.22
213.80	-4369.64	0.00	475.60
213.90	-4112.81	0.00	487.12
214.00	-3833.36	0.00	496.71
214.10	-3531.37	0.00	504.34
214.20	-3207.23	0.00	509.97
214.30	-2861.61	0.00	513.60
214.40	-2495.48	0.00	515.20
214.50	-2110.11	0.00	514.77
214.60	-1707.06	0.00	512.30
214.70	-1288.21	0.00	507.81
214.80	-855.68	0.00	501.32
214.90	-411.88	0.00	492.85
215.00	40.55	0.00	482.44
215.10	498.73	0.00	470.12
215.20	959.61	0.00	455.94
215.30	1419.98	0.00	439.97
215.40	1876.50	0.00	422.26
215.50	2325.75	0.00	402.88
215.60	2764.25	0.00	381.92
215.70	3188.53	0.00	359.44
215.80	3595.13	0.00	335.55
215.90	3980.69	0.00	310.34
216.00	4341.95	0.00	283.89
216.10	4675.83	0.00	256.33
216.20	4979.41	0.00	227.76
216.30	5250.04	0.00	198.29
216.40	5485.30	0.00	168.03
216.50	5683.10	0.00	137.11
216.60	5841.64	0.00	105.66
216.70	5959.50	0.00	73.78
216.80	6035.59	0.00	41.61
216.90	6069.22	0.00	9.28
217.00	6069.68	0.00	-23.09
217.10	6063.39	0.00	-55.36
217.20	6051.68	0.00	-87.42
217.30	6034.08	0.00	-119.14
217.40	6009.99	0.00	-150.38
217.50	5978.60	0.00	-181.03
217.60	5938.95	0.00	-210.96
217.70	5889.95	0.00	-240.07
217.80	5830.40	0.00	-268.22
217.90	5759.02	0.00	-295.32
218.00	5674.46	0.00	-321.25
218.10	5575.36	0.00	-345.91
218.20	5460.35	0.00	-369.21
218.30	5328.13	0.00	-391.05
218.40	5177.45	0.00	-411.35
218.50	5007.17	0.00	-430.02
218.60	4816.29	0.00	-447.00
218.70	4603.99	0.00	-462.22
218.80	4369.64	0.00	-475.60
218.90	4112.81	0.00	-487.12
219.00	3833.36	0.00	-496.71
219.10	3531.37	0.00	-504.34
219.20	3207.23	0.00	-509.97
219.30	2861.61	0.00	-513.60
219.40	2495.48	0.00	-515.20
219.50	2110.11	0.00	-514.77
219.60	1707.06	0.00	-512.30
219.70	1288.21	0.00	-507.81
219.80	855.68	0.00	-501.32
219.90	411.88	0.00	-492.85
220.00	-40.55	0.00	-482.44
220.10	-498.73	0.00	-470.12
220.20	-959.61	0.00	-455.94
220.30	-1419.98	0.00	-439.97
220.40	-1876.50	0.00	-422.26
220.50	-2325.75	0.00	-402.88
220.60	-2764.25	0.00	-381.92
220.70	-3188.53	0.00	-359.44
220.80	-3595.13	0.00	-335.55
220.90	-3980.69	0.00	-310.34
221.00	-4341.95	0.00	-283.89
221.10	-4675.83	0.00	-256.33
221.20	-4979.41	0.00	-227.76
221.30	-5250.04	0.00	-198.29
221.40	-5485.30	0.00	-168.03
221.50	-5683.10	0.00	-137.11
221.60	-5841.64	0.00	-105.66
221.70	-5959.50	0.00	-73.78
221.80	-6035.59	0.00	-41.61
221.90	-6069.22	0.00	-9.28
222.00	-6069.68	0.00	23.09
222.10	-6063.39	0.00	55.36
222.20	-6051.68	0.00	87.42
222.30	-6034.08	0.00	119.14
222.40	-6009.99	0.00	150.38
222.50	-5978.60	0.00	181.03
222.60	-5938.95	0.00	210.96
222.70	-5889.95	0.00	240.07
222.80	-5830.40	0.00	268.22
222.90	-5759.02	0.00	295.32
223.00	-5674.46	0.00	321.25
223.10	-5575.36	0.00	345.91
223.20	-5460.35	0.00	369.21
223.30	-5328.13	0.00	391.05
223.40	-5177.45	0.00	411.35
223.50	-5007.17	0.00	430.02
223.60	-4816.29	0.00	447.00
223.70	-4603.99	0.00	462.22
223.80	-4369.64	0.00	475.60
223.90	-4112.81	0.00	487.12
224.00	-3833.36	0.00	496.71
224.10	-3531.37	0.00	504.34
224.20	-3207.23	0.00	509.97
224.30	-2861.61	0.00	513.60
224.40	-2495.48	0.00	515.20
224.50	-2110.11	0.00	514.77
224.60	-1707.06	0.00	512.30
224.70	-1288.21	0.00	507.81
224.80	-855.68	0.00	501.32
224.90	-411.88	0.00	492.85
225.00	40.55	0.00	482.44
225.10	498.73	0.00	470.12
225.20	959.61	0.00	455.94
225.30	1419.98	0.00	439.97
225.40	1876.50	0.00	422.26
225.50	2325.75	0.00	402.88
225.60	2764.25	0.00	381.92
225.70	3188.53	0.00	359.44
225.80	3595.13	0.00	335.55
225.90	3980.69	0.00	310.34
226.00	4341.95	0.00	283.89
226.10	4675.83	0.00	256.33
226.20	4979.41	0.00	227.76
226.30	5250.04	0.00	198.29
226.40	5485.30	0.00	168.03
226.50	5683.10	0.00	137.11
226.60	5841.64	0.00	105.66
226.70	5959.50	0.00	73.78
226.80	6035.59	0.00	41.61
226.90	6069.22	0.00	9.28
227.00	6069.68	0.00	-23.09
227.10	6063.39	0.00	-55.36
227.20	6051.68	0.00	-87.42
227.30	6034.08	0.00	-119.14
227.40	6009.99	0.00	-150.38
227.50	5978.60	0.00	-181.03
227.60	5938.95	0.00	-210.96
227.70	5889.95	0.00	-240.07
227.80	5830.40	0.00	-268.22
227.90	5759.02	0.00	-295.32
228.00	5674.46	0.00	-321.25
228.10	5575.36	0.00	-345.91
228.20	5460.35	0.00	-369.21
228.30	5328.13	0.00	-391.05
228.40	5177.45	0.00	-411.35
228.50	5007.17	0.00	-430.02
228.60	4816.29	0.00	-447.00
228.70	4603.99	0.00	-462.22
228.80	4369.64	0.00	-475.60
228.90	4112.81	0.00	-487.12
229.00	3833.36	0.00	-496.71
229.10	3531.37	0.00	-504.34
229.20	3207.23	0.00	-509.97
229.30	2861.61	0.00	-513.60
229.40	2495.48	0.00	-515.20
229.50	2110.11	0.00	-514.77
229.60	1707.06	0.00	-512.30
229.70	1288.21	0.00	-507.81
229.80	855.68	0.00	-501.32
229.90	411.88	0.00	-492.85
230.00	-40.55	0.00	-482.44
230.10	-498.73	0.00	-470.12
230.20	-959.61	0.00	-455.94
230.30	-1419.98	0.00	-439.97
230.40	-1876.50	0.00	-422.26
230.50	-2325.75	0.00	-402.88
230.60	-2764.25	0.00	-381.92
230.70	-3188.53	0.00	-359.44
230.80	-3595.13	0.00	-335.55
230.90	-3980.69	0.00	-310.34
231.00	-4341.95	0.00	-283.89
231.10	-4675.83	0.00	-256.33
231.20	-4979.41	0.00	-227.76
231.30	-5250.04	0.00	-198.29
231.40	-5485.30	0.00	-168.03
231.50	-5683.10	0.00	-137.11
231.60	-5841.64	0.00	-105.66
231.70	-5959.50	0.00	-73.78
231.80	-6035.59	0.00	-41.61
231.90	-6069.22	0.00	-9.28
232.00	-6069.68	0.00	23.09
232.10	-6063.39	0.00	55.36
232.20	-6051.68	0.00	87.42
232.30	-6034.08	0.00	119.14
232.40	-6009.99	0.00	150.38
232.50	-5978.60	0.00	181.03
232.60	-5938.95	0.00	210.96
232.70	-5889.95	0.00	240.07
232.80	-5830.40	0.00	268.22
232.90	-5759.02	0.00	295.32
233.00	-5674.46	0.00	321.25
233.10	-5575.36	0.00	345.91
233.20	-5460.35	0.00	369.21
233.30	-5328.13	0.00	391.05
233.40	-5177.45	0.00	411.35
233.50	-5007.17	0.00	430.02
233.60	-4816.29	0.00	447.00
233.70	-4603.99	0.00	462.22
233.80	-4369.64	0.00	475.60
233.90	-4112.81	0.00	487.12
234.00	-3833.36	0.00	496.71
234.10	-3531.37	0.00	504.34
234.20	-3207.23	0.00	509.97
234.30	-2861.61	0.00	513.60
234.40	-2495.48	0.00	515.20
234.50	-2110.11	0.00	514.77
234.60	-1707.06	0.00	512.30
234.70	-1288.21	0.00	507.81
234.80	-855.68	0.00	501.32
234.90	-411.88	0.00	492.85
235.00	40.55	0.00	482.44
235.10	498.73	0.00	470.12
235.20	959.61	0.00	455.94
235.30	1419.98	0.00	439.97
235.40	1876.50	0.00	422.26
235.50	2325.75	0.00	402.88
235.60	2764.25	0.00	381.92
235.70	3188.53	0.00	359.44
235.80	3595.13	0.00	335.55
235.90	3980.69	0.00	310.34
236.00	4341.95	0.00	283.89
236.10	4675.83	0.00	256.33
236.20	4979.41	0.00	227.76
236.30	5250.04	0.00	198.29
236.40	5485.30	0.00	168.03
236.50	5683.10	0.00	137.11
236.60	5841.64	0.00	105.66
236.70	5959.50	0.00	73.78
236.80	6035.59	0.00	41.61
236.90	6069.22	0.00	9.28
237.00	6069.68	0.00	-23.09
237.10	6063.39	0.00	-55.36
237.20	6051.68	0.00	-87.42
237.30	6034.08	0.00	-119.14
237.40	6009.99	0.00	-150.38
237.50	5978.60	0.00	-181.03
237.60	5938.95	0.00	-210.96
237.70	5889.95	0.00	-240.07
237.80	5830.40	0.00	-268.22
237.90	5759.02	0.00	-295.32
238.00	5674.46	0.00	-321.25
238.10	5575.36	0.00	-345.91
238.20	5460.35	0.00	-369.21
238.30	5328.13	0.00	-391.05
238.40	5177.45	0.00	-411.35
238.50	5007.17	0.00	-430.02
238.60	4816.29	0.00	-447.00
238.70	4603.99	0.00	-462.22
238.80	4369.64	0.00	-475.60
238.90	4112.81	0.00	-487.12
239.00	3833.36	0.00	-496.71
239.10	3531.37	0.00	-504.34
239.20	3207.23	0.00	-509.97
239.30	2861.61	0.00	-513.60
239.40	2495.48	0.00	-515.20
239.50	2110.11	0.00	-514.77
239.60	1707.06	0.00	-512.30
239.70	1288.21	0.00	-507.81
239.80	855.68	0.00	-501.32
239.90	411.88	0.00	-492.85
240.00	-40.55	0.00	-482.44
240.10	-498.73	0.00	-470.12
240.20	-959.61	0.00	-455.94
240.30	-1419.98	0.00	-439.97
240.40	-1876.50	0.00	-422.26
240.50	-2325.75	0.00	-402.88
240.60	-2764.25	0.00	-381.92
240.70	-3188.53	0.00	-359.44
240.80	-3595.13	0.00	-335.55
240.90	-3980.69	0.00	-310.34
241.00	-4341.95	0.00	-283.89
241.10	-4675.83	0.00	-256.33
241.20	-4979.41	0.00	-227.76
241.30	-5250.04	0.00	-198.29
241.40	-5485.30	0.00	-168.03
241.50	-5683.10	0.00	-137.11
241.60	-5841.64	0.00	-105.66
241.70	-5959.50	0.00	-73.78
241.80	-6035.59	0.00	-41.61
241.90	-6069.22	0.00	-9.28
242.00	-6069.68	0.00	23.09
242.10	-6063.39	0.00	55.36
242.20	-6051.68	0.00	87.42
242.30	-6034.08	0.00	119.14
242.40	-6009.99	0.00	150.38
242.50	-5978.60	0.00	181.03
242.60	-5938.95	0.00	210.96
242.70	-5889.95	0.00	240.07
242.80	-5830.40	0.00	268.22
242.90	-5759.02	0.00	295.32
243.00	-5674.46	0.00	321.25
243.10	-5575.36	0.00	345.91
243.20	-5460.35	0.00	369.21
243.30	-5328.13	0.00	391.05
243.40	-5177.45	0.00	411.35
243.50	-5007.17	0.00	430.02
243.60	-4816.29	0.00	447.00
243.70	-4603.99	0.00	462.22
243.80	-4369.64	0.00	475.60
243.90	-4112.81	0.00	487.12
244.00	-3833.36	0.00	496.71
244.10	-3531.37	0.00	504.34
244.20	-3207.23	0.00	509.97
244.30	-2861.61	0.00	513.60
244.40	-2495.48	0.00	515.20
244.50	-2110.11	0.00	514.77
244.60	-1707.06	0.00	512.30
244.70	-1288.21	0.00	507.81
244.80	-855.68	0.00	501.32
244.90	-411.88	0.00	492.85
245.00	40.55	0.00	482.44
245.10	498.73	0.00	470.12
245.20	959.61	0.00	455.94
245.30	1419.98	0.00	439.97
245.40	1876.50	0.00	422.26
245.50	2325.75	0.00	402.88
245.60	2764.25	0.00	381.92
245.70	3188.53	0.00	359.44
245.80	3595.13	0.00	335.55
245.90	3980.69	0.00	310.34
246.00	4341.95	0.00	283.89
246.10	4675.83	0.00	256.33
246.20	4979.41	0.00	227.76
246.30	5250.04	0.00	198.29
246.40	5485.30	0.00	168.03
246.50	5683.10	0.00	137.11
246.60	5841.64	0.00	105.66
246.70	5959.50	0.00	73.78
246.80	6035.59	0.00	41.61
246.90	6069.22	0.00	9.28
247.00	6069.68	0.00	-23.09
247.10	6063.39	0.00	-55.36
247.20	6051.68	0.00	-87.42
247.30	6034.08	0.00	-119.14
247.40	6009.99	0.00	-150.38
247.50	5978.60	0.00	-181.03
247.60	5938.95	0.00	-210.96
247.70	5889.95	0.00	-240.07
247.80	5830.40	0.00	-268.22
247.90	5759.02	0.00	-295.32
248.00	5674.46	0.00	-321.25
248.10	5575.36	0.00	-345.91
248.20	5460.35	0.00	-369.21
248.30	5328.13	0.00	-391.05
248.40	5177.45	0.00	-411.35
248.50	5007.17	0.00	-430.02
248.60	4816.29	0.00	-447.00
248.70	4603.99	0.00	-462.22
248.80	4369.64	0.00	-475.60
248.90	4112.81	0.00	-487.12
249.00	3833.36	0.00	-496.71
249.10	3531.37	0.00	-504.34
249.20	3207.23	0.00	-509.97
249.30	2861.61	0.00	-513.60
249.40	2495.48	0.00	-515.20
249.50	2110.11	0.00	-514.77
249.60	1707.06	0.00	-512.30
249.70	1288.21	0.00	-507.81
249.80	855.68	0.00	-501.32
249.90	411.88	0.00	-492.85
250.00	-40.55	0.00	-482.44
250.10	-498.73	0.00	-470.12
250.20	-959.61	0.00	-455.94
250.30	-1419.98	0.00	-439.97
250.40	-1876.50	0.00	-422.26
250.50	-2325.75	0.00	-402.88
250.60	-2764.25	0.00	-381.92
250.70	-3188.53	0.00	-359.44
250.80	-3595.13	0.00	-335.55
250.90	-3980.69	0.00	-310.34
251.00	-4341.95	0.00	-283.89
251.10	-4675.83	0.00	-256.33
251.20	-4979.41	0.00	-227.76
251.30	-5250.04	0.00	-198.29
251.40	-5485.30	0.00	-168.03
251.50	-5683.10	0.00	-137.11
251.60	-5841.64	0.00	-105.66
251.70	-5959.50	0.00	-73.78
251.80	-6035.59	0.00	-41.61
251.90	-6069.22	0.00	-9.28
252.00	-6069.68	0.00	23.09
252.10	-6063.39	0.00	55.36
252.20	-6051.68	0.00	87.42
252.30	-6034.08	0.00	119.14
252.40	-6009.99	0.00	150.38
252.50	-5978.60	0.00	181.03
252.60	-5938.95	0.00	210.96
252.70	-5889.95	0.00	240.07
252.80	-5830.40	0.00	268.22
252.90	-5759.02	0.00	295.32
253.00	-5674.46	0.00	321.25
253.10	-5575.36	0.00	345.91
253.20	-5460.35	0.00	369.21
253.30	-5328.13	0.00	391.05
253.40	-5177.45	0.00	411.35
253.50	-5007.17	0.00	430.02
253.60	-4816.29	0.00	447.00
253.70	-4603.99	0.00	462.22
253.80	-4369.64	0.00	475.60
253.90	-4112.81	0.00	487.12
254.00	-3833.36	0.00	496.71
254.10	-3531.37	0.00	504.34
254.20	-3207.23	0.00	509.97
254.30	-2861.61	0.00	513.60
254.40	-2495.48	0.00	515.20
254.50	-2110.11	0.00	514.77
254.60	-1707.06	0.00	512.30
254.70	-1288.21	0.00	507.81
254.80	-855.68	0.00	501.32
254.90	-411.88	0.00	492.85
255.00	40.55	0.00	482.44
255.10	498.73	0.00	470.12
255.20	959.61	0.00	455.94
255.30	1419.98	0.00	439.97
255.40	1876.50	0.00	422.26
255.50	2325.75	0.00	402.88
255.60	2764.25	0.00	381.92
255.70	3188.53	0.00	359.44
255.80	3595.13	0.00	335.55
255.90	3980.69	0.00	310.34
256.00	4341.95	0.00	283.89
256.10	4675.83	0.00	256.33
256.20	4979.41	0.00	227.76
256.30	5250.04	0.00	198.29
256.40	5485.30	0.00	168.03
256.50	5683.10	0.00	137.11
256.60	5841.64	0.00	105.66
256.70	5959.50	0.00	73.78
256.80	6035.59	0.00	41.61
256.90	6069.22	0.00	9.28
257.00	6069.68	0.00	-23.09
257.10	6063.39	0.00	-55.36
257.20	6051.68	0.00	-87.42
257.30	6034.08	0.00	-119.14
257.40	6009.99	0.00	-150.38
257.50	5978.60	0.00	-181.03
257.60	5938.95	0.00	-210.96
257.70	5889.95	0.00	-240.07
257.80	5830.40	0.00	-268.22
257.90	5759.02	0.00	-295.32
258.00	5674.46	0.00	-321.25
258.10	5575.36	0.00	-345.91
258.20	5460.35	0.00	-369.21
258.30	5328.13	0.00	-391.05
258.40	5177.45	0.00	-411.35
258.50	5007.17	0.00	-430.02
258.60	4816.29	0.00	-447.00
258.70	4603.99	0.00	-462.22
258.80	4369.64	0.00	-475.60
258.90	4112.81	0.00	-487.12
259.00	3833.36	0.00	-496.71
259.10	3531.37	0.00	-504.34
259.20	3207.23	0.00	-509.97
259.30	2861.61	0.00	-513.60
259.40	2495.48	0.00	-515.20
259.50	2110.11	0.00	-514.77
259.60	1707.06	0.00	-512.30
259.70	1288.21	0.00	-507.81
259.80	855.68	0.00	-501.32
259.90	411.88	0.00	-492.85
260.00	-40.55	0.00	-482.44
260.10	-498.73	0.00	-470.12
260.20	-959.61	0.00	-455.94
260.30	-1419.98	0.00	-439.97
260.40	-1876.50	0.00	-422.26
260.50	-2325.75	0.00	-402.88
260.60	-2764.25	0.00	-381.92
260.70	-3188.53	0.00	-359.44
260.80	-3595.13	0.00	-335.55
260.90	-3980.69	0.00	-310.34
261.00	-4341.95	0.00	-283.89
261.10	-4675.83	0.00	-256.33
261.20	-4979.41	0.00	-227.76
261.30	-5250.04	0.00	-198.29
261.40	-5485.30	0.00	-168.03
261.50	-5683.10	0.00	-137.11
261.60	-5841.64	0.00	-105.66
261.70	-5959.50	0.00	-73.78
261.80	-6035.59	0.00	-41.61
261.90	-6069.22	0.00	-9.28
262.00	-6069.68	0.00	23.09
262.10	-6063.39	0.00	55.36
262.20	-6051.68	0.00	87.42
262.30	-6034.08	0.00	119.14
262.40	-6009.99	0.00	150.38
262.50	-5978.60	0.00	181.03
262.60	-5938.95	0.00	210.96
262.70	-5889.95	0.00	240.07
262.80	-5830.40	0.00	268.22
262.90	-5759.02	0.00	295.32
263.00	-5674.46	0.00	321.25
263.10	-5575.36	0.00	345.91
263.20	-5460.35	0.00	369.21
263.30	-5328.13	0.00	391.05
263.40	-5177.45	0.00	411.35
263.50	-5007.17	0.00	430.02
263.60	-4816.29	0.00	447.00
263.70	-4603.99	0.00	462.22
263.80	-4369.64	0.00	475.60
263.90	-4112.81	0.00	487.12
264.00	-3833.36	0.00	496.71
264.10	-3531.37	0.00	504.34
264.20	-3207.23	0.00	509.97
264.30	-2861.61	0.00	513.60
264.40	-2495.48	0.00	515.20
264.50	-2110.11	0.00	514.77
264.60	-1707.06	0.00	512.30
264.70	-1288.21	0.00	507.81
264.80	-855.68	0.00	501.32
264.90	-411.88	0.00	492.85
265.00	40.55	0.00	482.44
265.10	498.73	0.00	470.12
265.20	959.61	0.00	455.94
265.30	1419.98	0.00	439.97
265.40	1876.50	0.00	422.26
265.50	2325.75	0.00	402.88
265.60	2764.25	0.00	381.92
265.70	3188.53	0.00	359.44
265.80	3595.13	0.00	335.55
265.90	3980.69	0.00	310.34
266.00	4341.95	0.00	283.89
266.10	4675.83	0.00	256.33
266.20	4979.41	0.00	227.76
266.30	5250.04	0.00	198.29
266.40	5485.30	0.00	168.03
266.50	5683.10	0.00	137.11
266.60	5841.64	0.00	105.66
266.70	5959.50	0.00	73.78
266.80	6035.59	0.00	41.61
266.90	6069.22	0.00	9.28
267.00	6069.68	0.00	-23.09
267.10	6063.39	0.00	-55.36
267.20	6051.68	0.00	-87.42
267.30	6034.08	0.00	-119.14
267.40	6009.99	0.00	-150.38
267.50	5978.60	0.00	-181.03
267.60	5938.95	0.00	-210.96
267.70	5889.95	0.00	-240.07
267.80	5830.40	0.00	-268.22
267.90	5759.02	0.00	-295.32
268.00	5674.46	0.00	-321.25
268.10	5575.36	0.00	-345.91
268.20	5460.35	0.00	-369.21
268.30	5328.13	0.00	-391.05
268.40	5177.45	0.00	-411.35
268.50	5007.17	0.00	-430.02
268.60	4816.29	0.00	-447.00
268.70	4603.99	0.00	-462.22
268.80	4369.64	0.00	-475.60
268.90	4112.81	0.00	-487.12
269.00	3833.36	0.00	-496.71
269.10	3531.37	0.00	-504.34
269.20	3207.23	0.00	-509.97
269.30	2861.61	0.00	-513.60
269.40	2495.48	0.00	-515.20
269.50	2110.11	0.00	-514.77
269.60	1707.06	0.00	-512.30
269.70	1288.21	0.00	-507.81
269.80	855.68	0.00	-501.32
269.90	411.88	0.00	-492.85
270.00	-40.55	0.00	-482.44
270.10	-498.73	0.00	-470.12
270.20	-959.61	0.00	-455.94
270.30	-1419.98	0.00	-439.97
270.40	-1876.50	0.00	-422.26
270.50	-2325.75	0.00	-402.88
270.60	-2764.25	0.00	-381.92
270.70	-3188.53	0.00	-359.44
270.80	-3595.13	0.00	-335.55
270.90	-3980.69	0.00	-310.34
271.00	-4341.95	0.00	-283.89
271.10	-4675.83	0.00	-256.33
271.20	-4979.41	0.00	-227.76
271.30	-5250.04	0.00	-198.29
271.40	-5485.30	0.00	-168.03
271.50	-5683.10	0.00	-137.11
271.60	-5841.64	0.00	-105.66
271.70	-5959.50	0.00	-73.78
271.80	-6035.59	0.00	-41.61
271.90	-6069.22	0.00	-9.28
272.00	-6069.68	0.00	23.09
272.10	-6063.39	0.00	55.36
272.20	-6051.68	0.00	87.42
272.30	-6034.08	0.00	119.14
272.40	-6009.99	0.00	150.38
272.50	-5978.60	0.00	181.03
272.60	-5938.95	0.00	210.96
272.70	-5889.95	0.00	240.07
272.80	-5830.40	0.00	268.22
272.90	-5759.02	0.00	295.32
273.00	-5674.46	0.00	321.25
273.10	-5575.36	0.00	345.91
273.20	-5460.35	0.00	369.21
273.30	-5328.13	0.00	391.05
273.40	-5177.45	0.00	411.35
273.50	-5007.17	0.00	430.02
273.60	-4816.29	0.00	447.00
273.70	-4603.99	0.00	462.22
273.80	-4369.64	0.00	475.60
273.90	-4112.81	0.00	487.12
274.00	-3833.36	0.00	496.71
274.10	-3531.37	0.00	504.34
274.20	-3207.23	0.00	509.97
274.30	-2861.61	0.00	513.60
274.40	-2495.48	0.00	515.20
274.50	-2110.11	0.00	514.77
274.60	-1707.06	0.00	512.30
274.70	-1288.21	0.00	507.81
274.80	-855.68	0.00	501.32
274.90	-411.88	0.00	492.85
275.00	40.55	0.00	482.44
275.10	498.73	0.00	470.12
275.20	959.61	0.00	455.94
275.30	1419.98	0.00	439.97
275.40	1876.50	0.00	422.26
275.50	2325.75	0.00	402.88
275.60	2764.25	0.00	381.92
275.70	3188.53	0.00	359.44
275.80	3595.13	0.00	335.55
275.90	3980.69	0.00	310.34
276.00	4341.95	0.00	283.89
276.10	4675.83	0.00	256.33
276.20	4979.41	0.00	227.76
276.30	5250.04	0.00	198.29
276.40	5485.30	0.00	168.03
276.50	5683.10	0.00	137.11
276.60	5841.64	0.00	105.66
276.70	5959.50	0.00	73.78
276.80	6035.59	0.00	41.61
276.90	6069.22	0.00	9.28
277.00	6069.68	0.00	-23.09
277.10	6063.39	0.00	-55.36
277.20	6051.68	0.00	-87.42
277.30	6034.08	0.00	-119.14
277.40	6009.99	0.00	-150.38
277.50	5978.60	0.00	-181.03
277.60	5938.95	0.00	-210.96
277.70	5889.95	0.00	-240.07
277.80	5830.40	0.00	-268.22
277.90	5759.02	0.00	-295.32
278.00	5674.46	0.00	-321.25
278.10	5575.36	0.00	-345.91
278.20	5460.35	0.00	-369.21
278.30	5328.13	0.00	-391.05
278.40	5177.45	0.00	-411.35
278.50	5007.17	0.00	-430.02
278.60	4816.29	0.00	-447.00
278.70	4603.99	0.00	-462.22
278.80	4369.64	0.00	-475.60
278.90	4112.81	0.00	-487.12
279.00	3833.36	0.00	-496.71
279.10	3531.37	0.00	-504.34
279.20	3207.23	0.00	-509.97
279.30	2861.61	0.00	-513.60
279.40	2495.48	0.00	-515.20
279.50	2110.11	0.00	-514.77
279.60	1707.06	0.00	-512.30
279.70	1288.21	0.00	-507.81
279.80	855.68	0.00	-501.32
279.90	411.88	0.00	-492.85
280.00	-40.55	0.00	-482.44
280.10	-498.73	0.00	-470.12
280.20	-959.61	0.00	-455.94
280.30	-1419.98	0.00	-439.97
280.40	-1876.50	0.00	-422.26
280.50	-2325.75	0.00	-402.88
280.60	-2764.25	0.00	-381.92
280.70	-3188.53	0.00	-359.44
280.80	-3595.13	0.00	-335.55
280.90	-3980.69	0.00	-310.34
281.00	-4341.95	0.00	-283.89
281.10	-4675.83	0.00	-256.33
281.20	-4979.41	0.00	-227.76
281.30	-5250.04	0.00	-198.29
281.40	-5485.30	0.00	-168.03
281.50	-5683.10	0.00	-137.11
281.60	-5841.64	0.00	-105.66
281.70	-5959.50	0.00	-73.78
281.80	-6035.59	0.00	-41.61
281.90	-6069.22	0.00	-9.28
282.00	-6069.68	0.00	23.09
282.10	-6063.39	0.00	55.36
282.20	-6051.68	0.00	87.42
282.30	-6034.08	0.00	119.14
282.40	-6009.99	0.00	150.38
282.50	-5978.60	0.00	181.03
282.60	-5938.95	0.00	210.96
282.70	-5889.95	0.00	240.07
282.80	-5830.40	0.00	268.22
282.90	-5759.02	0.00	295.32
283.00	-5674.46	0.00	321.25
283.10	-5575.36	0.00	345.91
283.20	-5460.35	0.00	369.21
283.30	-5328.13	0.00	391.05
283.40	-5177.45	0.00	411.35
283.50	-5007.17	0.00	430.02
283.60	-4816.29	0.00	447.00
283.70	-4603.99	0.00	462.22
283.80	-4369.64	0.00	475.60
283.90	-4112.81	0.00	487.12
284.00	-3833.36	0.00	496.71
284.10	-3531.37	0.00	504.34
284.20	-3207.23	0.00	509.97
284.30	-2861.61	0.00	513.60
284.40	-2495.48	0.00	515.20
284.50	-2110.11	0.00	514.77
284.60	-1707.06	0.00	512.30
284.70	-1288.21	0.00	507.81
284.80	-855.68	0.00	501.32
284.90	-411.88	0.00	492.85
285.00	40.55	0.00	482.44
285.10	498.73	0.00	470.12
285.20	959.61	0.00	455.94
285.30	1419.98	0.00	439.97
285.40	1876.50	0.00	422.26
285.50	2325.75	0.00	402.88
285.60	2764.25	0.00	381.92
285.70	3188.53	0.00	359.44
285.80	3595.13	0.00	335.55
285.90	3980.69	0.00	310.34
286.00	4341.95	0.00	283.89
286.10	4675.83	0.00	256.33
286.20	4979.41	0.00	227.76
286.30	5250.04	0.00	198.29
286.40	5485.30	0.00	168.03
286.50	5683.10	0.00	137.11
286.60	5841.64	0.00	105.66
286.70	5959.50	0.00	73.78
286.80	6035.59	0.00	41.61
286.90	6069.22	0.00	9.28
287.00	6069.68	0.00	-23.09
287.10	6063.39	0.00	-55.36
287.20	6051.68	0.00	-87.42
287.30	6034.08	0.00	-119.14
287.40	6009.99	0.00	-150.38
287.50	5978.60	0.00	-181.03
287.60	5938.95	0.00	-210.96
287.70	5889.95	0.00	-240.07
287.80	5830.40	0.00	-268.22
287.90	5759.02	0.00	-295.32
288.00	5674.46	0.00	-321.25
288.10	5575.36	0.00	-345.91
288.20	5460.35	0.00	-369.21
288.30	5328.13	0.00	-391.05
288.40	5177.45	0.00	-411.35
288.50	5007.17	0.00	-430.02
288.60	4816.29	0.00	-447.00
288.70	4603.99	0.00	-462.22
288.80	4369.64	0.00	-475.60
288.90	4112.81	0.00	-487.12
289.00	3833.36	0.00	-496.71
289.10	3531.37	0.00	-504.34
289.20	3207.23	0.00	-509.97
289.30	2861.61	0.00	-513.60
289.40	2495.48	0.00	-515.20
289.50	2110.11	0.00	-514.77
289.60	1707.06	0.00	-512.30
289.70	1288.21	0.00	-507.81
289.80	855.68	0.00	-501.32
289.90	411.88	0.00	-492.85
290.00	-40.55	0.00	-482.44
290.10	-498.73	0.00	-470.12
290.20	-959.61	0.00	-455.94
290.30	-1419.98	0.00	-439.97
290.40	-1876.50	0.00	-422.26
290.50	-2325.75	0.00	-402.88
290.60	-2764.25	0.00	-381.92
290.70	-3188.53	0.00	-359.44
290.80	-3595.13	0.00	-335.55
290.90	-3980.69	0.00	-310.34
291.00	-4341.95	0.00	-283.89
291.10	-4675.83	0.00	-256.33
291.20	-4979.41	0.00	-227.76
291.30	-5250.04	0.00	-198.29
291.40	-5485.30	0.00	-168.03
291.50	-5683.10	0.00	-137.11
291.60	-5841.64	0.00	-105.66
291.70	-5959.50	0.00	-73.78
291.80	-6035.59	0.00	-41.61
291.90	-6069.22	0.00	-9.28
292.00	-6069.68	0.00	23.09
292.10	-6063.39	0.00	55.36
292.20	-6051.68	0.00	87.42
292.30	-6034.08	0.00	119.14
292.40	-6009.99	0.00	150.38
292.50	-5978.60	0.00	181.03
292.60	-5938.95	0.00	210.96
292.70	-5889.95	0.00	240.07
292.80	-5830.40	0.00	268.22
292.90	-5759.02	0.00	295.32
293.00	-5674.46	0.00	321.25
293.10	-5575.36	0.00	345.91
293.20	-5460.35	0.00	369.21
293.30	-5328.13	0.00	391.05
293.40	-5177.45	0.00	411.35
293.50	-5007.17	0.00	430.02
293.60	-4816.29	0.00	447.00
293.70	-4603.99	0.00	462.22
293.80	-4369.64	0.00	475.60
293.90	-4112.81	0.00	487.12
294.00	-3833.36	0.00	496.71
294.10	-3531.37	0.00	504.34
294.20	-3207.23	0.00	509.97
294.30	-2861.61	0.00	513.60
294.40	-2495.48	0.00	515.20
294.50	-2110.11	0.00	514.77
294.60	-1707.06	0.00	512.30
294.70	-1288.21	0.00	507.81
294.80	-855.68	0.00	501.32
294.90	-411.88	0.00	492.85
295.00	40.55	0.00	482.44
295.10	498.73	0.00	470.12
295.20	959.61	0.00	455.94
295.30	1419.98	0.00	439.97
295.40	1876.50	0.00	422.26
295.50	2325.75	0.00	402.88
295.60	2764.25	0.00	381.92
295.70	3188.53	0.00	359.44
295.80	3595.13	0.00	335.55
295.90	3980.69	0.00	310.34
296.00	4341.95	0.00	283.89
296.10	4675.83	0.00	256.33
296.20	4979.41	0.00	227.76
296.30	5250.04	0.00	198.29
296.40	5485.30	0.00	168.03
296.50	5683.10	0.00	137.11
296.60	5841.64	0.00	105.66
296.70	5959.50	0.00	73.78
296.80	6035.59	0.00	41.61
296.90	6069.22	0.00	9.28
297.00	6069.68	0.00	-23.09
297.10	6063.39	0.00	-55.36
297.20	6051.68	0.00	-87.42
297.30	6034.08	0.00	-119.14
297.40	6009.99	0.00	-150.38
297.50	5978.60	0.00	-181.03
297.60	5938.95	0.00	-210.96
297.70	5889.95	0.00	-240.07
297.80	5830.40	0.00	-268.22
297.90	5759.02	0.00	-295.32
298.00	5674.46	0.00	-321.25
298.10	5575.36	0.00	-345.91
298.20	5460.35	0.00	-369.21
298.30	5328.13	0.00	-391.05
298.40	5177.45	0.00	-411.35
298.50	5007.17	0.00	-430.02
298.60	4816.29	0.00	-447.00
298.70	4603.99	0.00	-462.22
298.80	4369.64	0.00	-475.60
298.90	4112.81	0.00	-487.12
299.00	3833.36	0.00	-496.71
299.10	3531.37	0.00	-504.34
299.20	3207.23	0.00	-509.97
299.30	2861.61	0.00	-513.60
299.40	2495.48	0.00	-515.20
299.50	2110.11	0.00	-514.77
299.60	1707.06	0.00	-512.30
299.70	1288.21	0.00	-507.81
299.80	855.68	0.00	-501.32
299.90	411.88	0.00	-492.85
300.00	-40.55	0.00	-482.44
300.10	-498.73	0.00	-470.12
300.20	-959.61	0.00	-455.94
300.30	-1419.98	0.00	-439.97
300.40	-1876.50	0.00	-422.26
300.50	-2325.75	0.00	-402.88
300.60	-2764.25	0.00	-381.92
300.70	-3188.53	0.00	-359.44
300.80	-3595.13	0.00	-335.55
300.90	-3980.69	0.00	-310.34
301.00	-4341.95	0.00	-283.89
301.10	-4675.83	0.00	-256.33
301.20	-4979.41	0.00	-227.76
301.30	-5250.04	0.00	-198.29
301.40	-5485.30	0.00	-168.03
301.50	-5683.10	0.00	-137.11
301.60	-5841.64	0.00	-105.66
301.70	-5959.50	0.00	-73.78
301.80	-6035.59	0.00	-41.61
301.90	-6069.22	0.00	-9.28
302.00	-6069.68	0.00	23.09
302.10	-6063.39	0.00	55.36
302.20	-6051.68	0.00	87.42
302.30	-6034.08	0.00	119.14
302.40	-6009.99	0.00	150.38
302.50	-5978.60	0.00	181.03
302.60	-5938.95	0.00	210.96
302.70	-5889.95	0.00	240.07
302.80	-5830.40	0.00	268.22
302.90	-5759.02	0.00	295.32
303.00	-5674.46	0.00	321.25
303.10	-5575.36	0.00	345.91
303.20	-5460.35	0.00	369.21
303.30	-5328.13	0.00	391.05
303.40	-5177.45	0.00	411.35
303.50	-5007.17	0.00	430.02
303.60	-4816.29	0.00	447.00
303.70	-4603.99	0.00	462.22
303.80	-4369.64	0.00	475.60
303.90	-4112.81	0.00	487.12
304.00	-3833.36	0.00	496.71
304.10	-3531.37	0.00	504.34
304.20	-3207.23	0.00	509.97
304.30	-2861.61	0.00	513.60
304.40	-2495.48	0.00	515.20
304.50	-2110.11	0.00	514.77
304.60	-1707.06	0.00	512.30
304.70	-1288.21	0.00	507.81
304.80	-855.68	0.00	501.32
304.90	-411.88	0.00	492.85
305.00	40.55	0.00	482.44
305.10	498.73	0.00	470.12
305.20	959.61	0.00	455.94
305.30	1419.98	0.00	439.97
305.40	1876.50	0.00	422.26
305.50	2325.75	0.00	402.88
305.60	2764.25	0.00	381.92
305.70	3188.53	0.00	359.44
305.80	3595.13	0.00	335.55
305.90	3980.69	0.00	310.34
306.00	4341.95	0.00	283.89
306.10	4675.83	0.00	256.33
306.20	4979.41	0.00	227.76
306.30	5250.04	0.00	198.29
306.40	5485.30	0.00	168.03
306.50	5683.10	0.00	137.11
306.60	5841.64	0.00	105.66
306.70	5959.50	0.00	73.78
306.80	6035.59	0.00	41.61
306.90	6069.22	0.00	9.28
307.00	6069.68	0.00	-23.09
307.10	6063.39	0.00	-55.36
307.20	6051.68	0.00	-87.42
307.30	6034.08	0.00	-119.14
307.40	6009.99	0.00	-150.38
307.50	5978.60	0.00	-181.03
307.60	5938.95	0.00	-210.96
307.70	5889.95	0.00	-240.07
307.80	5830.40	0.00	-268.22
307.90	5759.02	0.00	-295.32
308.00	5674.46	0.00	-321.25
308.10	5575.36	0.00	-345.91
308.20	5460.35	0.00	-369.21
308.30	5328.13	0.00	-391.05
308.40	5177.45	0.00	-411.35
308.50	5007.17	0.00	-430.02
308.60	4816.29	0.00	-447.00
308.70	4603.99	0.00	-462.22
308.80	4369.64	0.00	-475.60
308.90	4112.81	0.00	-487.12
309.00	3833.36	0.00	-496.71
309.10	3531.37	0.00	-504.34
309.20	3207.23	0.00	-509.97
309.30	2861.61	0.00	-513.60
309.40	2495.48	0.00	-515.20
309.50	2110.11	0.00	-514.77
309.60	1707.06	0.00	-512.30
309.70	1288.21	0.00	-507.81
309.80	855.68	0.00	-501.32
309.90	411.88	0.00	-492.85
310.00	-40.55	0.00	-482.44
310.10	-498.73	0.00	-470.12
310.20	-959.61	0.00	-455.94
310.30	-1419.98	0.00	-439.97
310.40	-1876.50	0.00	-422.26
310.50	-2325.75	0.00	-402.88
310.60	-2764.25	0.00	-381.92
310.70	-3188.53	0.00	-359.44
310.80	-3595.13	0.00	-335.55
310.90	-3980.69	0.00	-310.34
311.00	-4341.95	0.00	-283.89
311.10	-4675.83	0.00	-256.33
311.20	-4979.41	0.00	-227.76
311.30	-5250.04	0.00	-198.29
311.40	-5485.30	0.00	-168.03
311.50	-5683.10	0.00	-137.11
311.60	-5841.64	0.00	-105.66
311.70	-5959.50	0.00	-73.78
311.80	-6035.59	0.00	-41.61
311.90	-6069.22	0.00	-9.28
312.00	-6069.68	0.00	23.09
312.10	-6063.39	0.00	55.36
312.20	-6051.68	0.00	87.42
312.30	-6034.08	0.00	119.14
312.40	-6009.99	0.00	150.38
312.50	-5978.60	0.00	181.03
312.60	-5938.95	0.00	210.96
312.70	-5889.95	0.00	240.07
312.80	-5830.40	0.00	268.22
312.90	-5759.02	0.00	295.32
313.00	-5674.46	0.00	321.25
313.10	-5575.36	0.00	345.91
313.20	-5460.35	0.00	369.21
313.30	-5328.13	0.00	391.05
313.40	-5177.45	0.00	411.35
313.50	-5007.17	0.00	430.02
313.60	-4816.29	0.00	447.00
313.70	-4603.99	0.00	462.22
313.80	-4369.64	0.00	475.60
313.90	-4112.81	0.00	487.12
314.00	-3833.36	0.00	496.71
314.10	-3531.37	0.00	504.34
314.20	-3207.23	0.00	509.97
314.30	-2861.61	0.00	513.60
314.40	-2495.48	0.00	515.20
314.50	-2110.11	0.00	514.77
314.60	-1707.06	0.00	512.30
314.70	-1288.21	0.00	507.81
314.80	-855.68	0.00	501.32
314.90	-411.88	0.00	492.85
315.00	40.55	0.00	482.44
315.10	498.73	0.00	470.12
315.20	959.61	0.00	455.94
315.30	1419.98	0.00	439.97
315.40	1876.50	0.00	422.26
315.50	2325.75	0.00	402.88
315.60	2764.25	0.00	381.92
315.70	3188.53	0.00	359.44
315.80	3595.13	0.00	335.55
315.90	3980.69	0.00	310.34
316.00	4341.95	0.00	283.89
316.10	4675.83	0.00	256.33
316.20	4979.41	0.00	227.76
316.30	5250.04	0.00	198.29
316.40	5485.30	0.00	168.03
316.50	5683.10	0.00	137.11
316.60	5841.64	0.00	105.66
316.70	5959.50	0.00	73.78
316.80	6035.59	0.00	41.61
316.90	6069.22	0.00	9.28
317.00	6069.68	0.00	-23.09
317.10	6063.39	0.00	-55.36
317.20	6051.68	0.00	-87.42
317.30	6034.08	0.00	-119.14
317.40	6009.99	0.00	-150.38
317.50	5978.60	0.00	-181.03
317.60	5938.95	0.00	-210.96
317.70	5889.95	0.00	-240.07
317.80	5830.40	0.00	-268.22
317.90	5759.02	0.00	-295.32
318.00	5674.46	0.00	-321.25
318.10	5575.36	0.00	-345.91
318.20	5460.35	0.00	-369.21
318.30	5328.13	0.00	-391.05
318.40	5177.45	0.00	-411.35
318.50	5007.17	0.00	-430.02
318.60	4816.29	0.00	-447.00
318.70	4603.99	0.00	-462.22
318.80	4369.64	0.00	-475.60
318.90	4112.81	0.00	-487.12
319.00	3833.36	0.00	-496.71
319.10	3531.37	0.00	-504.34
319.20	3207.23	0.00	-509.97
319.30	2861.61	0.00	-513.60
319.40	2495.48	0.00	-515.20
319.50	2110.11	0.00	-514.77
319.60	1707.06	0.00	-512.30
319.70	1288.21	0.00	-507.81
319.80	855.68	0.00	-501.32
319.90	411.88	0.00	-492.85
320.00	-40.55	0.00	-482.44
320.10	-498.73	0.00	-470.12
320.20	-959.61	0.00	-455.94
320.30	-1419.98	0.00	-439.97
320.40	-1876.50	0.00	-422.26
320.50	-2325.75	0.00	-402.88
320.60	-2764.25	0.00	-381.92
320.70	-3188.53	0.00	-359.44
320.80	-3595.13	0.00	-335.55
320.90	-3980.69	0.00	-310.34
321.00	-4341.95	0.00	-283.89
321.10	-4675.83	0.00	-256.33
321.20	-4979.41	0.00	-227.76
321.30	-5250.04	0.00	-198.29
321.40	-5485.30	0.00	-168.03
321.50	-5683.10	0.00	-137.11
321.60	-5841.64	0.00	-105.66
321.70	-5959.50	0.00	-73.78
321.80	-6035.59	0.00	-41.61
321.90	-6069.22	0.00	-9.28
322.00	-6069.68	0.00	23.09
322.10	-6063.39	0.00	55.36
322.20	-6051.68	0.00	87.42
322.30	-6034.08	0.00	119.14
322.40	-6009.99	0.00	150.38
322.50	-5978.60	0.00	181.03
322.60	-5938.95	0.00	210.96
322.70	-5889.95	0.00	240.07
322.80	-5830.40	0.00	268.22
322.90	-5759.02	0.00	295.32
323.00	-5674.46	0.00	321.25
323.10	-5575.36	0.00	345.91
323.20	-5460.35	0.00	369.21
323.30	-5328.13	0.00	391.05
323.40	-5177.45	0.00	411.35
323.50	-5007.17	0.00	430.02
323.60	-4816.29	0.00	447.00
323.70	-4603.99	0.00	462.22
323.80	-4369.64	0.00	475.60
323.90	-4112.81	0.00	487.12
324.00	-3833.36	0.00	496.71
324.10	-3531.37	0.00	504.34
324.20	-3207.23	0.00	509.97
324.30	-2861.61	0.00	513.60
324.40	-2495.48	0.00	515.20
324.50	-2110.11	0.00	514.77
324.60	-1707.06	0.00	512.30
324.70	-1288.21	0.00	507.81
324.80	-855.68	0.00	501.32
324.90	-411.88	0.00	492.85
325.00	40.55	0.00	482.44
325.10	498.73	0.00	470.12
325.20	959.61	0.00	455.94
325.30	1419.98	0.00	439.97
325.40	1876.50	0.00	422.26
325.50	2325.75	0.00	402.88
325.60	2764.25	0.00	381.92
325.70	3188.53	0.00	359.44
325.80	3595.13	0.00	335.55
325.90	3980.69	0.00	310.34
326.00	4341.95	0.00	283.89
326.10	4675.83	0.00	256.33
326.20	4979.41	0.00	227.76
326.30	5250.04	0.00	198.29
326.40	5485.30	0.00	168.03
326.50	5683.10	0.00	137.11
326.60	5841.64	0.00	105.66
326.70	5959.50	0.00	73.78
326.80	6035.59	0.00	41.61
326.90	6069.22	0.00	9.28
327.00	6069.68	0.00	-23.09
327.10	6063.39	0.00	-55.36
327.20	6051.68	0.00	-87.42
327.30	6034.08	0.00	-119.14
327.40	6009.99	0.00	-150.38
327.50	5978.60	0.00	-181.03
327.60	5938.95	0.00	-210.96
327.70	5889.95	0.00	-240.07
327.80	5830.40	0.00	-268.22
327.90	5759.02	0.00	-295.32
328.00	5674.46	0.00	-321.25
328.10	5575.36	0.00	-345.91
328.20	5460.35	0.00	-369.21
328.30	5328.13	0.00	-391.05
328.40	5177.45	0.00	-411.35
328.50	5007.17	0.00	-430.02
328.60	4816.29	0.00	-447.00
328.70	4603.99	0.00	-462.22
328.80	4369.64	0.00	-475.60
328.90	4112.81	0.00	-487.12
329.00	3833.36	0.00	-496.71
329.10	3531.37	0.00	-504.34
329.20	3207.23	0.00	-509.97
329.30	2861.61	0.00	-513.60
329.40	2495.48	0.00	-515.20
329.50	2110.11	0.00	-514.77
329.60	1707.06	0.00	-512.30
329.70	1288.21	0.00	-507.81
329.80	855.68	0.00	-501.32
329.90	411.88	0.00	-492.85
330.00	-40.55	0.00	-482.44
330.10	-498.73	0.00	-470.12
330.20	-959.61	0.00	-455.94
330.30	-1419.98	0.00	-439.97
330.40	-1876.50	0.00	-422.26
330.50	-2325.75	0.00	-402.88
330.60	-2764.25	0.00	-381.92
330.70	-3188.53	0.00	-359.44
330.80	-3595.13	0.00	-335.55
330.90	-3980.69	0.00	-310.34
331.00	-4341.95	0.00	-283.89
331.10	-4675.83	0.00	-256.33
331.20	-4979.41	0.00	-227.76
331.30	-5250.04	0.00	-198.29
331.40	-5485.30	0.00	-168.03
331.50	-5683.10	0.00	-137.11
331.60	-5841.64	0.00	-105.66
331.70	-5959.50	0.00	-73.78
331.80	-6035.59	0.00	-41.61
331.90	-6069.22	0.00	-9.28
332.00	-6069.68	0.00	23.09
332.10	-6063.39	0.00	55.36
332.20	-6051.68	0.00	87.42
332.30	-6034.08	0.00	119.14
332.40	-6009.99	0.00	150.38
332.50	-5978.60	0.00	181.03
332.60	-5938.95	0.00	210.96
332.70	-5889.95	0.00	240.07
332.80	-5830.40	0.00	268.22
332.90	-5759.02	0.00	295.32
333.00	-5674.46	0.00	321.25
333.10	-5575.36	0.00	345.91
333.20	-5460.35	0.00	369.21
333.30	-5328.13	0.00	391.05
333.40	-5177.45	0.00	411.35
333.50	-5007.17	0.00	430.02
333.60	-4816.29	0.00	447.00
333.70	-4603.99	0.00	462.22
333.80	-4369.64	0.00	475.60
333.90	-4112.81	0.00	487.12
334.00	-3833.36	0.00	496.71
334.10	-3531.37	0.00	504.34
334.20	-3207.23	0.00	509.97
334.30	-2861.61	0.00	513.60
334.40	-2495.48	0.00	515.20
334.50	-2110.11	0.00	514.77
334.60	-1707.06	0.00	512.30
334.70	-1288.21	0.00	507.81
334.80	-855.68	0.00	501.32
334.90	-411.88	0.00	492.85
335.00	40.55	0.00	482.44
335.10	498.73	0.00	470.12
335.20	959.61	0.00	455.94
335.30	1419.98	0.00	439.97
335.40	1876.50	0.00	422.26
335.50	2325.75	0.00	402.88
335.60	2764.25	0.00	381.92
335.70	3188.53	0.00	359.44
335.80	3595.13	0.00	335.55
335.90	3980.69	0.00	310.34
336.00	4341.95	0.00	283.89
336.10	4675.83	0.00	256.33
336.20	4979.41	0.00	227.76
336.30	5250.04	0.00	198.29
336.40	5485.30	0.00	168.03
336.50	5683.10	0.00	137.11
336.60	5841.64	0.00	105.66
336.70	5959.50	0.00	73.78
336.80	6035.59	0.00	41.61
336.90	6069.22	0.00	9.28
337.00	6069.68	0.00	-23.09
337.10	6063.39	0.00	-55.36
337.20	6051.68	0.00	-87.42
337.30	6034.08	0.00	-119.14
337.40	6009.99	0.00	-150.38
337.50	5978.60	0.00	-181.03
337.60	5938.95	0.00	-210.96
337.70	5889.95	0.00	-240.07
337.80	5830.40	0.00	-268.22
337.90	5759.02	0.00	-295.32
338.00	5674.46	0.00	-321.25
338.10	5575.36	0.00	-345.91
338.20	5460.35	0.00	-369.21
338.30	5328.13	0.00	-391.05
338.40	5177.45	0.00	-411.35
338.50	5007.17	0.00	-430.02
338.60	4816.29	0.00	-447.00
338.70	4603.99	0.00	-462.22
338.80	4369.64	0.00	-475.60
338.90	4112.81	0.00	-487.12
339.00	3833.36	0.00	-496.71
339.10	3531.37	0.00	-504.34
339.20	3207.23	0.00	-509.97
339.30	2861.61	0.00	-513.60
339.40	2495.48	0.00	-515.20
339.50	2110.11	0.00	-514.77
339.60	1707.06	0.00	-512.30
339.70	1288.21	0.00	-507.81
339.80	855.68	0.00	-501.32
339.90	411.88	0.00	-492.85
340.00	-40.55	0.00	-482.44
340.10	-498.73	0.00	-470.12
340.20	-959.61	0.00	-455.94
340.30	-1419.98	0.00	-439.97
340.40	-1876.50	0.00	-422.26
340.50	-2325.75	0.00	-402.88
340.60	-2764.25	0.00	-381.92
340.70	-3188.53	0.00	-359.44
340.80	-3595.13	0.00	-335.55
340.90	-3980.69	0.00	-310.34
341.00	-4341.95	0.00	-283.89
341.10	-4675.83	0.00	-256.33
341.20	-4979.41	0.00	-227.76
341.30	-5250.04	0.00	-198.29
341.40	-5485.30	0.00	-168.03
341.50	-5683.10	0.00	-137.11
341.60	-5841.64	0.00	-105.66
341.70	-5959.50	0.00	-73.78
341.80	-6035.59	0.00	-41.61
341.90	-6069.22	0.00	-9.28
342.00	-6069.68	0.00	23.09
342.10	-6063.39	0.00	55.36
342.20	-6051.68	0.00	87.42
342.30	-6034.08	0.00	119.14
342.40	-6009.99	0.00	150.38
342.50	-5978.60	0.00	181.03
342.60	-5938.95	0.00	210.96
342.70	-5889.95	0.00	240.07
342.80	-5830.40	0.00	268.22
342.90	-5759.02	0.00	295.32
343.00	-5674.46	0.00	321.25
343.10	-5575.36	0.00	345.91
343.20	-5460.35	0.00	369.21
343.30	-5328.13	0.00	391.05
343.40	-5177.45	0.00	411.35
343.50	-5007.17	0.00	430.02
343.60	-4816.29	0.00	447.00
343.70	-4603.99	0.00	462.22
343.80	-4369.64	0.00	475.60
343.90	-4112.81	0.00	487.12
344.00	-3833.36	0.00	496.71
344.10	-3531.37	0.00	504.34
344.20	-3207.23	0.00	509.97
344.30	-2861.61	0.00	513.60
344.40	-2495.48	0.00	515.20
344.50	-2110.11	0.00	514.77
344.60	-1707.06	0.00	512.30
344.70	-1288.21	0.00	507.81
344.80	-855.68	0.00	501.32
344.90	-411.88	0.00	492.85
345.00	40.55	0.00	482.44
345.10	498.73	0.00	470.12
345.20	959.61	0.00	455.94
345.30	1419.98	0.00	439.97
345.40	1876.50	0.00	422.26
345.50	2325.75	0.00	402.88
345.60	2764.25	0.00	381.92
345.70	3188.53	0.00	359.44
345.80	3595.13	0.00	335.55
345.90	3980.69	0.00	310.34
346.00	4341.95	0.00	283.89
346.10	4675.83	0.00	256.33
346.20	4979.41	0.00	227.76
346.30	5250.04	0.00	198.29
346.40	5485.30	0.00	168.03
346.50	5683.10	0.00	137.11
346.60	5841.64	0.00	105.66
346.70	5959.50	0.00	73.78
346.80	6035.59	0.00	41.61
346.90	6069.22	0.00	9.28
347.00	6069.68	0.00	-23.09
347.10	6063.39	0.00	-55.36
347.20	6051.68	0.00	-87.42
347.30	6034.08	0.00	-119.14
347.40	6009.99	0.00	-150.38
347.50	5978.60	0.00	-181.03
347.60	5938.95	0.00	-210.96
347.70	5889.95	0.00	-240.07
347.80	5830.40	0.00	-268.22
347.90	5759.02	0.00	-295.32
348.00	5674.46	0.00	-321.25
348.10	5575.36	0.00	-345.91
348.20	5460.35	0.00	-369.21
348.30	5328.13	0.00	-391.05
348.40	5177.45	0.00	-411.35
348.50	5007.17	0.00	-430.02
348.60	4816.29	0.00	-447.00
348.70	4603.99	0.00	-462.22
348.80	4369.64	0.00	-475.60
348.90	4112.81	0.00	-487.12
349.00	3833.36	0.00	-496.71
349.10	3531.37	0.00	-504.34
349.20	3207.23	0.00	-509.97
349.30	2861.61	0.00	-513.60
349.40	2495.48	0.00	-515.20
349.50	2110.11	0.00	-514.77
349.60	1707.06	0.00	-512.30
349.70	1288.21	0.00	-507.81
349.80	855.68	0.00	-501.32
349.90	411.88	0.00	-492.85
350.00	-40.55	0.00	-482.44
350.10	-498.73	0.00	-470.12
350.20	-959.61	0.00	-455.94
350.30	-1419.98	0.00	-439.97
350.40	-1876.50	0.00	-422.26
350.50	-2325.75	0.00	-402.88
350.60	-2764.25	0.00	-381.92
350.70	-3188.53	0.00	-359.44
350.80	-3595.13	0.00	-335.55
350.90	-3980.69	0.00	-310.34
351.00	-4341.95	0.00	-283.89
351.10	-4675.83	0.00	-256.33
351.20	-4979.41	0.00	-227.76
351.30	-5250.04	0.00	-198.29
351.40	-5485.30	0.00	-168.03
351.50	-5683.10	0.00	-137.11
351.60	-5841.64	0.00	-105.66
351.70	-5959.50	0.00	-73.78
351.80	-6035.59	0.00	-41.61
351.90	-6069.22	0.00	-9.28
352.00	-6069.68	0.00	23.09
352.10	-6063.39	0.00	55.36
352.20	-6051.68	0.00	87.42
352.30	-6034.08	0.00	119.14
352.40	-6009.99	0.00	150.38
352.50	-5978.60	0.00	181.03
352.60	-5938.95	0.00	210.96
352.70	-5889.95	0.00	240.07
352.80	-5830.40	0.00	268.22
352.90	-5759.02	0.00	295.32
353.00	-5674.46	0.00	321.25
353.10	-5575.36	0.00	345.91
353.20	-5460.35	0.00	369.21
353.30	-5328.13	0.00	391.05
353.40	-5177.45	0.00	411.35
353.50	-5007.17	0.00	430.02
353.60	-4816.29	0.00	447.00
353.70	-4603.99	0.00	462.22
353.80	-4369.64	0.00	475.60
353.90	-4112.81	0.00	487.12
354.00	-3833.36	0.00	496.71
354.10	-3531.37	0.00	504.34
354.20	-3207.23	0.00	509.97
354.30	-2861.61	0.00	513.60
354.40	-2495.48	0.00	515.20
354.50	-2110.11	0.00	514.77
354.60	-1707.06	0.00	512.30
354.70	-1288.21	0.00	507.81
354.80	-855.68	0.00	501.32
354.90	-411.88	0.00	492.85
355.00	40.55	0.00	482.44
355.10	498.73	0.00	470.12
355.20	959.61	0.00	455.94
355.30	1419.98	0.00	439.97
355.40	1876.50	0.00	422.26
355.50	2325.75	0.00	402.88
355.60	2764.25	0.00	381.92
355.70	3188.53	0.00	359.44
355.80	3595.13	0.00	335.55
355.90	3980.69	0.00	310.34
356.00	4341.95	0.00	283.89
356.10	4675.83	0.00	256.33
356.20	4979.41	0.00	227.76
356.30	5250.04	0.00	198.29
356.40	5485.30	0.00	168.03
356.50	5683.10	0.00	137.11
356.60	5841.64	0.00	105.66
356.70	5959.50	0.00	73.78
356.80	6035.59	0.00	41.61
356.90	6069.22	0.00	9.28
357.00	6069.68	0.00	-23.09
357.10	6063.39	0.00	-55.36
357.20	6051.68	0.00	-87.42
357.30	6034.08	0.00	-119.14
357.40	6009.99	0.00	-150.38
357.50	5978.60	0.00	-181.03
357.60	5938.95	0.00	-210.96
357.70	5889.95	0.00	-240.07
357.80	5830.40	0.00	-268.22
357.90	5759.02	0.00	-295.32
358.00	5674.46	0.00	-321.25
358.10	5575.36	0.00	-345.91
358.20	5460.35	0.00	-369.21
358.30	5328.13	0.00	-391.05
358.40	5177.45	0.00	-411.35
358.50	5007.17	0.00	-430.02
358.60	4816.29	0.00	-447.00
358.70	4603.99	0.00	-462.22
358.80	4369.64	0.00	-475.60
358.90	4112.81	0.00	-487.12
359.00	3833.36	0.00	-496.71
359.10	3531.37	0.00	-504.34
359.20	3207.23	0.00	-509.97
359.30	2861.61	0.00	-513.60
359.40	2495.48	0.00	-515.20
359.50	2110.11	0.00	-514.77
359.60	1707.06	0.00	-512.30
359.70	1288.21	0.00	-507.81
359.80	855.68	0.00	-501.32
359.90	411.88	0.00	-492.85
360.00	-40.55	0.00	-482.44
360.10	-498.73	0.00	-470.12
360.20	-959.61	0.00	-455.94
360.30	-1419.98	0.00	-439.97
360.40	-1876.50	0.00	-422.26
360.50	-2325.75	0.00	-402.88
360.60	-2764.25	0.00	-381.92
360.70	-3188.53	0.00	-359.44
360.80	-3595.13	0.00	-335.55
360.90	-3980.69	0.00	-310.34
361.00	-4341.95	0.00	-283.89
361.10	-4675.83	0.00	-256.33
361.20	-4979.41	0.00	-227.76
361.30	-5250.04	0.00	-198.29
361.40	-5485.30	0.00	-168.03
361.50	-5683.10	0.00	-137.11
361.60	-5841.64	0.00	-105.66
361.70	-5959.50	0.00	-73.78
361.80	-6035.59	0.00	-41.61
361.90	-6069.22	0.00	-9.28
362.00	-6069.68	0.00	23.09
362.10	-6063.39	0.00	55.36
362.20	-6051.68	0.00	87.42
362.30	-6034.08	0.00	119.14
362.40	-6009.99	0.00	150.38
362.50	-5978.60	0.00	181.03
362.60	-5938.95	0.00	210.96
362.70	-5889.95	0.00	240.07
362.80	-5830.40	0.00	268.22
362.90	-5759.02	0.00	295.32
363.00	-5674.46	0.00	321.25
363.10	-5575.36	0.00	345.91
363.20	-5460.35	0.00	369.21
363.30	-5328.13	0.00	391.05
363.40	-5177.45	0.00	411.35
363.50	-5007.17	0.00	430.02
363.60	-4816.29	0.00	447.00
363.70	-4603.99	0.00	462.22
363.80	-4369.64	0.00	475.60
363.90	-4112.81	0.00	487.12
364.00	-3833.36	0.00	496.71
364.10	-3531.37	0.00	504.34
364.20	-3207.23	0.00	509.97
364.30	-2861.61	0.00	513.60
364.40	-2495.48	0.00	515.20
364.50	-2110.11	0.00	514.77
364.60	-1707.06	0.00	512.30
364.70	-1288.21	0.00	507.81
364.80	-855.68	0.00	501.32
364.90	-411.88	0.00	492.85
365.00	40.55	0.00	482.44
365.10	498.73	0.00	470.12
365.20	959.61	0.00	455.94
365.30	1419.98	0.00	439.97
365.40	1876.50	0.00	422.26
365.50	2325.75	0.00	402.88
365.60	2764.25	0.00	381.92
365.70	3188.53	0.00	359.44
365.80	3595.13	0.00	335.55
365.90	3980.69	0.00	310.34
366.00	4341.95	0.00	283.89
366.10	4675.83	0.00	256.33
366.20	4979.41	0.00	227.76
366.30	5250.04	0.00	198.29
366.40	5485.30	0.00	168.03
366.50	5683.10	0.00	137.11
366.60	5841.64	0.00	105.66
366.70	5959.50	0.00	73.78
366.80	6035.59	0.00	41.61
366.90	6069.22	0.00	9.28
367.00	6069.68	0.00	-23.09
367.10	6063.39	0.00	-55.36
367.20	6051.68	0.00	-87.42
367.30	6034.08	0.00	-119.14
367.40	6009.99	0.00	-150.38
367.50	5978.60	0.00	-181.03
367.60	5938.95	0.00	-210.96
367.70	5889.95	0.00	-240.07
367.80	5830.40	0.00	-268.22
367.90	5759.02	0.00	-295.32
368.00	5674.46	0.00	-321.25
368.10	5575.36	0.00	-345.91
368.20	5460.35	0.00	-369.21
368.30	5328.13	0.00	-391.05
368.40	5177.45	0.00	-411.35
368.50	5007.17	0.00	-430.02
368.60	4816.29	0.00	-447.00
368.70	4603.99	0.00	-462.22
368.80	4369.64	0.00	-475.60
368.90	4112.81	0.00	-487.12
369.00	3833.36	0.00	-496.71
369.10	3531.37	0.00	-504.34
369.20	3207.23	0.00	-509.97
369.30	2861.61	0.00	-513.60
369.40	2495.48	0.00	-515.20
369.50	2110.11	0.00	-514.77
369.60	1707.06	0.00	-512.30
369.70	1288.21	0.00	-507.81
369.80	855.68	0.00	-501.32
369.90	411.88	0.00	-492.85
370.00	-40.55	0.00	-482.44
370.10	-498.73	0.00	-470.12
370.20	-959.61	0.00	-455.94
370.30	-1419.98	0.00	-439.97
370.40	-1876.50	0.00	-422.26
370.50	-2325.75	0.00	-402.88
370.60	-2764.25	0.00	-381.92
370.70	-3188.53	0.00	-359.44
370.80	-3595.13	0.00	-335.55
370.90	-3980.69	0.00	-310.34
371.00	-4341.95	0.00	-283.89
371.10	-4675.83	0.00	-256.33
371.20	-4979.41	0.00	-227.76
371.30	-5250.04	0.00	-198.29
371.40	-5485.30	0.00	-168.03
371.50	-5683.10	0.00	-137.11
371.60	-5841.64	0.00	-105.66
371.70	-5959.50	0.00	-73.78
371.80	-6035.59	0.00	-41.61
371.90	-6069.22	0.00	-9.28
372.00	-6069.68	0.00	23.09
372.10	-6063.39	0.00	55.36
372.20	-6051.68	0.00	87.42
372.30	-6034.08	0.00	119.14
372.40	-6009.99	0.00	150.38
372.50	-5978.60	0.00	181.03
372.60	-5938.95	0.00	210.96
372.70	-5889.95	0.00	240.07
372.80	-5830.40	0.00	268.22
372.90	-5759.02	0.00	295.32
373.00	-5674.46	0.00	321.25
373.10	-5575.36	0.00	345.91
373.20	-5460.35	0.00	369.21
373.30	-5328.13	0.00	391.05
373.40	-5177.45	0.00	411.35
373.50	-5007.17	0.00	430.02
373.60	-4816.29	0.00	447.00
373.70	-4603.99	0.00	462.22
373.80	-4369.64	0.00	475.60
373.90	-4112.81	0.00	487.12
374.00	-3833.36	0.00	496.71
374.10	-3531.37	0.00	504.34
374.20	-3207.23	0.00	509.97
374.30	-2861.61	0.00	513.60
374.40	-2495.48	0.00	515.20
374.50	-2110.11	0.00	514.77
374.60	-1707.06	0.00	512.30
374.70	-1288.21	0.00	507.81
374.80	-855.68	0.00	501.32
374.90	-411.88	0.00	492.85
375.00	40.55	0.00	482.44
375.10	498.73	0.00	470.12
375.20	959.61	0.00	455.94
375.30	1419.98	0.00	439.97
375.40	1876.50	0.00	422.26
375.50	2325.75	0.00	402.88
375.60	2764.25	0.00	381.92
375.70	3188.53	0.00	359.44
375.80	3595.13	0.00	335.55
375.90	3980.69	0.00	310.34
376.00	4341.95	0.00	283.89
376.10	4675.83	0.00	256.33
376.20	4979.41	0.00	227.76
376.30	5250.04	0.00	198.29
376.40	5485.30	0.00	168.03
376.50	5683.10	0.00	137.11
376.60	5841.64	0.00	105.66
376.70	5959.50	0.00	73.78
376.80	6035.59	0.00	41.61
376.90	6069.22	0.00	9.28
377.00	6069.68	0.00	-23.09
377.10	6063.39	0.00	-55.36
377.20	6051.68	0.00	-87.42
377.30	6034.08	0.00	-119.14
377.40	6009.99	0.00	-150.38
377.50	5978.60	0.00	-181.03
377.60	5938.95	0.00	-210.96
377.70	5889.95	0.00	-240.07
377.80	5830.40	0.00	-268.22
377.90	5759.02	0.00	-295.32
378.00	5674.46	0.00	-321.25
378.10	5575.36	0.00	-345.91
378.20	5460.35	0.00	-369.21
378.30	5328.13	0.00	-391.05
378.40	5177.45	0.00	-411.35
378.50	5007.17	0.00	-430.02
378.60	4816.29	0.00	-447.00
378.70	4603.99	0.00	-462.22
378.80	4369.64	0.00	-475.60
378.90	4112.81	0.00	-487.12
379.00	3833.36	0.00	-496.71
379.10	3531.37	0.00	-504.34
379.20	3207.23	0.00	-509.97
379.30	2861.61	0.00	-513.60
379.40	2495.48	0.00	-515.20
379.50	2110.11	0.00	-514.77
379.60	1707.06	0.00	-512.30
379.70	1288.21	0.00	-507.81
379.80	855.68	0.00	-501.32
379.90	411.88	0.00	-492.85
380.00	-40.55	0.00	-482.44
380.10	-498.73	0.00	-470.12
380.20	-959.61	0.00	-455.94
380.30	-1419.98	0.00	-439.97
380.40	-1876.50	0.00	-422.26
380.50	-2325.75	0.00	-402.88
380.60	-2764.25	0.00	-381.92
380.70	-3188.53	0.00	-359.44
380.80	-3595.13	0.00	-335.55
380.90	-3980.69	0.00	-310.34
381.00	-4341.95	0.00	-283.89
381.10	-4675.83	0.00	-256.33
381.20	-4979.41	0.00	-227.76
381.30	-5250.04	0.00	-198.29
381.40	-5485.30	0.00	-168.03
381.50	-5683.10	0.00	-137.11
381.60	-5841.64	0.00	-105.66
381.70	-5959.50	0.00	-73.78
381.80	-6035.59	0.00	-41.61
381.90	-6069.22	0.00	-9.28
382.00	-6069.68	0.00	23.09
382.10	-6063.39	0.00	55.36
382.20	-6051.68	0.00	87.42
382.30	-6034.08	0.00	119.14
382.40	-6009.99	0.00	150.38
382.50	-5978.60	0.00	181.03
382.60	-5938.95	0.00	210.96
382.70	-5889.95	0.00	240.07
382.80	-5830.40	0.00	268.22
382.90	-5759.02	0.00	295.32
383.00	-5674.46	0.00	321.25
383.10	-5575.36	0.00	345.91
383.20	-5460.35	0.00	369.21
383.30	-5328.13	0.00	391.05
383.40	-5177.45	0.00	411.35
383.50	-5007.17	0.00	430.02
383.60	-4816.29	0.00	447.00
383.70	-4603.99	0.00	462.22
383.80	-4369.64	0.00	475.60
383.90	-4112.81	0.00	487.12
384.00	-3833.36	0.00	496.71
384.10	-3531.37	0.00	504.34
384.20	-3207.23	0.00	509.97
384.30	-2861.61	0.00	513.60
384.40	-2495.48	0.00	515.20
384.50	-2110.11	0.00	514.77
384.60	-1707.06	0.00	512.30
384.70	-1288.21	0.00	507.81
384.80	-855.68	0.00	501.32
384.90	-411.88	0.00	492.85
385.00	40.55	0.00	482.44
385.10	498.73	0.00	470.12
385.20	959.61	0.00	455.94
385.30	1419.98	0.00	439.97
385.40	1876.50	0.00	422.26
385.50	2325.75	0.00	402.88
385.60	2764.25	0.00	381.92
385.70	3188.53	0.00	359.44
385.80	3595.13	0.00	335.55
385.90	3980.69	0.00	310.34
386.00	4341.95	0.00	283.89
386.10	4675.83	0.00	256.33
386.20	4979.41	0.00	227.76
386.30	5250.04	0.00	198.29
386.40	5485.30	0.00	168.03
386.50	5683.10	0.00	137.11
386.60	5841.64	0.00	105.66
386.70	5959.50	0.00	73.78
386.80	6035.59	0.00	41.61
386.90	6069.22	0.00	9.28
387.00	6069.68	0.00	-23.09
387.10	6063.39	0.00	-55.36
387.20	6051.68	0.00	-87.42
387.30	6034.08	0.00	-119.14
387.40	6009.99	0.00	-150.38
387.50	5978.60	0.00	-181.03
387.60	5938.95	0.00	-210.96
387.70	5889.95	0.00	-240.07
387.80	5830.40	0.00	-268.22
387.90	5759.02	0.00	-295.32
388.00	5674.46	0.00	-321.25
388.10	5575.36	0.00	-345.91
388.20	5460.35	0.00	-369.21
388.30	5328.13	0.00	-391.05
388.40	5177.45	0.00	-411.35
388.50	5007.17	0.00	-430.02
388.60	4816.29	0.00	-447.00
388.70	4603.99	0.00	-462.22
388.80	4369.64	0.00	-475.60
388.90	4112.81	0.00	-487.12
389.00	3833.36	0.00	-496.71
389.10	3531.37	0.00	-504.34
389.20	3207.23	0.00	-509.97
389.30	2861.61	0.00	-513.60
389.40	2495.48	0.00	-515.20
389.50	2110.11	0.00	-514.77
389.60	1707.06	0.00	-512.30
389.70	1288.21	0.00	-507.81
389.80	855.68	0.00	-501.32
389.90	411.88	0.00	-492.85
390.00	-40.55	0.00	-482.44
390.10	-498.73	0.00	-470.12
390.20	-959.61	0.00	-455.94
390.30	-1419.98	0.00	-439.97
390.40	-1876.50	0.00	-422.26
390.50	-2325.75	0.00	-402.88
390.60	-2764.25	0.00	-381.92
390.70	-3188.53	0.00	-359.44
390.80	-3595.13	0.00	-335.55
390.90	-3980.69	0.00	-310.34
391.00	-4341.95	0.00	-283.89
391.10	-4675.83	0.00	-256.33
391.20	-4979.41	0.00	-227.76
391.30	-5250.04	0.00	-198.29
391.40	-5485.30	0.00	-168.03
391.50	-5683.10	0.00	-137.11
391.60	-5841.64	0.00	-105.66
391.70	-5959.50	0.00	-73.78
391.80	-6035.59	0.00	-41.61
391.90	-6069.22	0.00	-9.28
392.00	-6069.68	0.00	23.09
392.10	-6063.39	0.00	55.36
392.20	-6051.68	0.00	87.42
392.30	-6034.08	0.00	119.14
392.40	-6009.99	0.00	150.38
392.50	-5978.60	0.00	181.03
392.60	-5938.95	0.00	210.96
392.70	-5889.95	0.00	240.07
392.80	-5830.40	0.00	268.22
392.90	-5759.02	0.00	295.32
393.00	-5674.46	0.00	321.25
393.10	-5575.36	0.00	345.91
393.20	-5460.35	0.00	369.21
393.30	-5328.13	0.00	391.05
393.40	-5177.45	0.00	411.35
393.50	-5007.17	0.00	430.02
393.60	-4816.29	0.00	447.00
393.70	-4603.99	0.00	462.22
393.80	-4369.64	0.00	475.60
393.90	-4112.81	0.00	487.12
394.00	-3833.36	0.00	496.71
394.10	-3531.37	0.00	504.34
394.20	-3207.23	0.00	509.97
394.30	-2861.61	0.00	513.60
394.40	-2495.48	0.00	515.20
394.50	-2110.11	0.00	514.77
394.60	-1707.06	0.00	512.30
394.70	-1288.21	0.00	507.81
394.80	-855.68	0.00	501.32
394.90	-411.88	0.00	492.85
395.00	40.55	0.00	482.44
395.10	498.73	0.00	470.12
395.20	959.61	0.00	455.94
395.30	1419.98	0.00	439.97
395.40	1876.50	0.00	422.26
395.50	2325.75	0.00	402.88
395.60	2764.25	0.00	381.92
395.70	3188.53	0.00	359.44
395.80	3595.13	0.00	335.55
395.90	3980.69	0.00	310.34
396.00	4341.95	0.00	283.89
396.10	4675.83	0.00	256.33
396.20	4979.41	0.00	227.76
396.30	5250.04	0.00	198.29
396.40	5485.30	0.00	168.03
396.50	5683.10	0.00	137.11
396.60	5841.64	0.00	105.66
396.70	5959.50	0.00	73.78
396.80	6035.59	0.00	41.61
396.90	6069.22	0.00	9.28
397.00	6069.68	0.00	-23.09
397.10	6063.39	0.00	-55.36
397.20	6051.68	0.00	-87.42
397.30	6034.08	0.00	-119.14
397.40	6009.99	0.00	-150.38
397.50	5978.60	0.00	-181.03
397.60	5938.95	0.00	-210.96
397.70	5889.95	0.00	-240.07
397.80	5830.40	0.00	-268.22
397.90	5759.02	0.00	-295.32
398.00	5674.46	0.00	-321.25
398.10	5575.36	0.00	-345.91
398.20	5460.35	0.00	-369.21
398.30	5328.13	0.00	-391.05
398.40	5177.45	0.00	-411.35
398.50	5007.17	0.00	-430.02
398.60	4816.29	0.00	-447.00
398.70	4603.99	0.00	-462.22
398.80	4369.64	0.00	-475.60
398.90	4112.81	0.00	-487.12
399.00	3833.36	0.00	-496.71
399.10	3531.37	0.00	-504.34
399.20	3207.23	0.00	-509.97
399.30	2861.61	0.00	-513.60
399.40	2495.48	0.00	-515.20
399.50	2110.11	0.00	-514.77
399.60	1707.06	0.00	-512.30
399.70	1288.21	0.00	-507.81
399.80	855.68	0.00	-501.32
399.90	411.88	0.00	-492.85
400.00	-40.55	0.00	-482.44
400.10	-498.73	0.00	-470.12
400.20	-959.61	0.00	-455.94
400.30	-1419.98	0.00	-439.97
400.40	-1876.50	0.00	-422.26
400.50	-2325.75	0.00	-402.88
400.60	-2764.25	0.00	-381.92
400.70	-3188.53	0.00	-359.44
400.80	-3595.13	0.00	-335.55
400.90	-3980.69	0.00	-310.34
401.00	-4341.95	0.00	-283.89
401.10	-4675.83	0.00	-256.33
401.20	-4979.41	0.00	-227.76
401.30	-5250.04	0.00	-198.29
401.40	-5485.30	0.00	-168.03
401.50	-5683.10	0.00	-137.11
401.60	-5841.64	0.00	-105.66
401.70	-5959.50	0.00	-73.78
401.80	-6035.59	0.00	-41.61
401.90	-6069.22	0.00	-9.28
402.00	-6069.68	0.00	23.09
402.10	-6063.39	0.00	55.36
402.20	-6051.68	0.00	87.42
402.30	-6034.08	0.00	119.14
402.40	-6009.99	0.00	150.38
402.50	-5978.60	0.00	181.03
402.60	-5938.95	0.00	210.96
402.70	-5889.95	0.00	240.07
402.80	-5830.40	0.00	268.22
402.90	-5759.02	0.00	295.32
403.00	-5674.46	0.00	321.25
403.10	-5575.36	0.00	345.91
403.20	-5460.35	0.00	369.21
403.30	-5328.13	0.00	391.05
403.40	-5177.45	0.00	411.35
403.50	-5007.17	0.00	430.02
403.60	-4816.29	0.00	447.00
403.70	-4603.99	0.00	462.22
403.80	-4369.64	0.00	475.60
403.90	-4112.81	0.00	487.12
404.00	-3833.36	0.00	496.71
404.10	-3531.37	0.00	504.34
404.20	-3207.23	0.00	509.97
404.30	-2861.61	0.00	513.60
404.40	-2495.48	0.00	515.20
404.50	-2110.11	0.00	514.77
404.60	-1707.06	0.00	512.30
404.70	-1288.21	0.00	507.81
404.80	-855.68	0.00	501.32
404.90	-411.88	0.00	492.85
405.00	40.55	0.00	482.44
405.10	498.73	0.00	470.12
405.20	959.61	0.00	455.94
405.30	1419.98	0.00	439.97
405.40	1876.50	0.00	422.26
405.50	2325.75	0.00	402.88
405.60	2764.25	0.00	381.92
405.70	3188.53	0.00	359.44
405.80	3595.13	0.00	335.55
405.90	3980.69	0.00	310.34
406.00	4341.95	0.00	283.89
406.10	4675.83	0.00	256.33
406.20	4979.41	0.00	227.76
406.30	5250.04	0.00	198.29
406.40	5485.30	0.00	168.03
406.50	5683.10	0.00	137.11
406.60	5841.64	0.00	105.66
406.70	5959.50	0.00	73.78
406.80	6035.59	0.00	41.61
406.90	6069.22	0.00	9.28
407.00	6069.68	0.00	-23.09
407.10	6063.39	0.00	-55.36
407.20	6051.68	0.00	-87.42
407.30	6034.08	0.00	-119.14
407.40	6009.99	0.00	-150.38
407.50	5978.60	0.00	-181.03
407.60	5938.95	0.00	-210.96
407.70	5889.95	0.00	-240.07
407.80	5830.40	0.00	-268.22
407.90	5759.02	0.00	-295.32
408.00	5674.46	0.00	-321.25
408.10	5575.36	0.00	-345.91
408.20	5460.35	0.00	-369.21
408.30	5328.13	0.00	-391.05
408.40	5177.45	0.00	-411.35
408.50	5007.17	0.00	-430.02
408.60	4816.29	0.00	-447.00
408.70	4603.99	0.00	-462.22
408.80	4369.64	0.00	-475.60
408.90	4112.81	0.00	-487.12
409.00	3833.36	0.00	-496.71
409.10	3531.37	0.00	-504.34
409.20	3207.23	0.00	-509.97
409.30	2861.61	0.00	-513.60
409.40	2495.48	0.00	-515.20
409.50	2110.11	0.00	-514.77
409.60	1707.06	0.00	-512.30
409.70	1288.21	0.00	-507.81
409.80	855.68	0.00	-501.32
409.90	411.88	0.00	-492.85
410.00	-40.55	0.00	-482.44
410.10	-498.73	0.00	-470.12
410.20	-959.61	0.00	-455.94
410.30	-1419.98	0.00	-439.97
410.40	-1876.50	0.00	-422.26
410.50	-2325.75	0.00	-402.88
410.60	-2764.25	0.00	-381.92
410.70	-3188.53	0.00	-359.44
410.80	-3595.13	0.00	-335.55
410.90	-3980.69	0.00	-310.34
411.00	-4341.95	0.00	-283.89
411.10	-4675.83	0.00	-256.33
411.20	-4979.41	0.00	-227.76
411.30	-5250.04	0.00	-198.29
411.40	-5485.30	0.00	-168.03
411.50	-5683.10	0.00	-137.11
411.60	-5841.64	0.00	-105.66
411.70	-5959.50	0.00	-73.78
411.80	-6035.59	0.00	-41.61
411.90	-6069.22	0.00	-9.28
412.00	-6069.68	0.00	23.09
412.10	-6063.39	0.00	55.36
412.20	-6051.68	0.00	87.42
412.30	-6034.08	0.00	119.14
412.40	-6009.99	0.00	150.38
412.50	-5978.60	0.00	181.03
412.60	-5938.95	0.00	210.96
412.70	-5889.95	0.00	240.07
412.80	-5830.40	0.00	268.22
412.90	-5759.02	0.00	295.32
413.00	-5674.46	0.00	321.25
413.10	-5575.36	0.00	345.91
413.20	-5460.35	0.00	369.21
413.30	-5328.13	0.00	391.05
413.40	-5177.45	0.00	411.35
413.50	-5007.17	0.00	430.02
413.60	-4816.29	0.00	447.00
413.70	-4603.99	0.00	462.22
413.80	-4369.64	0.00	475.60
413.90	-4112.81	0.00	487.12
414.00	-3833.36	0.00	496.71
414.10	-3531.37	0.00	504.34
414.20	-3207.23	0.00	509.97
414.30	-2861.61	0.00	513.60
414.40	-2495.48	0.00	515.20
414.50	-2110.11	0.00	514.77
414.60	-1707.06	0.00	512.30
414.70	-1288.21	0.00	507.81
414.80	-855.68	0.00	501.32
414.90	-411.88	0.00	492.85
415.00	40.55	0.00	482.44
415.10	498.73	0.00	470.12
415.20	959.61	0.00	455.94
415.30	1419.98	0.00	439.97
415.40	1876.50	0.00	422.26
415.50	2325.75	0.00	402.88
415.60	2764.25	0.00	381.92
415.70	3188.53	0.00	359.44
415.80	3595.13	0.00	335.55
415.90	3980.69	0.00	310.34
416.00	4341.95	0.00	283.89
416.10	4675.83	0.00	256.33
416.20	4979.41	0.00	227.76
416.30	5250.04	0.00	198.29
416.40	5485.30	0.00	168.03
416.50	5683.10	0.00	137.11
416.60	5841.64	0.00	105.66
416.70	5959.50	0.00	73.78
416.80	6035.59	0.00	41.61
416.90	6069.22	0.00	9.28
417.00	6069.68	0.00	-23.09
417.10	6063.39	0.00	-55.36
417.20	6051.68	0.00	-87.42
417.30	6034.08	0.00	-119.14
417.40	6009.99	0.00	-150.38
417.50	5978.60	0.00	-181.03
417.60	5938.95	0.00	-210.96
417.70	5889.95	0.00	-240.07
417.80	5830.40	0.00	-268.22
417.90	5759.02	0.00	-295.32
418.00	5674.46	0.00	-321.25
418.10	5575.36	0.00	-345.91
418.20	5460.35	0.00	-369.21
418.30	5328.13	0.00	-391.05
418.40	5177.45	0.00	-411.35
418.50	5007.17	0.00	-430.02
418.60	4816.29	0.00	-447.00
418.70	4603.99	0.00	-462.22
418.80	4369.64	0.00	-475.60
418.90	4112.81	0.00	-487.12
419.00	3833.36	0.00	-496.71
419.10	3531.37	0.00	-504.34
419.20	3207.23	0.00	-509.97
419.30	2861.61	0.00	-513.60
419.40	2495.48	0.00	-515.20
419.50	2110.11	0.00	-514.77
419.60	1707.06	0.00	-512.30
419.70	1288.21	0.00	-507.81
419.80	855.68	0.00	-501.32
419.90	411.88	0.00	-492.85
420.00	-40.55	0.00	-482.44
420.10	-498.73	0.00	-470.12
420.20	-959.61	0.00	-455.94
420.30	-1419.98	0.00	-439.97
420.40	-1876.50	0.00	-422.26
420.50	-2325.75	0.00	-402.88
420.60	-2764.25	0.00	-381.92
420.70	-3188.53	0.00	-359.44
420.80	-3595.13	0.00	-335.55
420.90	-3980.69	0.00	-310.34
421.00	-4341.95	0.00	-283.89
421.10	-4675.83	0.00	-256.33
421.20	-4979.41	0.00	-227.76
421.30	-5250.04	0.00	-198.29
421.40	-5485.30	0.00	-168.03
421.50	-5683.10	0.00	-137.11
421.60	-5841.64	0.00	-105.66
421.70	-5959.50	0.00	-73.78
421.80	-6035.59	0.00	-41.61
421.90	-6069.22	0.00	-9.28
422.00	-6069.68	0.00	23.09
422.10	-6063.39	0.00	55.36
422.20	-6051.68	0.00	87.42
422.30	-6034.08	0.00	119.14
422.40	-6009.99	0.00	150.38
422.50	-5978.60	0.00	181.03
422.60	-5938.95	0.00	210.96
422.70	-5889.95	0.00	240.07
422.80	-5830.40	0.00	268.22
422.90	-5759.02	0.00	295.32
423.00	-5674.46	0.00	321.25
423.10	-5575.36	0.00	345.91
423.20	-5460.35	0.00	369.21
423.30	-5328.13	0.00	391.05
423.40	-5177.45	0.00	411.35
423.50	-5007.17	0.00	430.02
423.60	-4816.29	0.00	447.00
423.70	-4603.99	0.00	462.22
423.80	-4369.64	0.00	475.60
423.90	-4112.81	0.00	487.12
424.00	-3833.36	0.00	496.71
424.10	-3531.37	0.00	504.34
424.20	-3207.23	0.00	509.97
424.30	-2861.61	0.00	513.60
424.40	-2495.48	0.00	515.20
424.50	-2110.11	0.00	514.77
424.60	-1707.06	0.00	512.30
424.70	-1288.21	0.00	507.81
424.80	-855.68	0.00	501.32
424.90	-411.88	0.00	492.85
425.00	40.55	0.00	482.44
425.10	498.73	0.00	470.12
425.20	959.61	0.00	455.94
425.30	1419.98	0.00	439.97
425.40	1876.50	0.00	422.26
425.50	2325.75	0.00	402.88
425.60	2764.25	0.00	381.92
425.70	3188.53	0.00	359.44
425.80	3595.13	0.00	335.55
425.90	3980.69	0.00	310.34
426.00	4341.95	0.00	283.89
426.10	4675.83	0.00	256.33
426.20	4979.41	0.00	227.76
426.30	5250.04	0.00	198.29
426.40	5485.30	0.00	168.03
426.50	5683.10	0.00	137.11
426.60	5841.64	0.00	105.66
426.70	5959.50	0.00	73.78
426.80	6035.59	0.00	41.61
426.90	6069.22	0.00	9.28
427.00	6069.68	0.00	-23.09
427.10	6063.39	0.00	-55.36
427.20	6051.68	0.00	-87.42
427.30	6034.08	0.00	-119.14
427.40	6009.99	0.00	-150.38
427.50	5978.60	0.00	-181.03
427.60	5938.95	0.00	-210.96
427.70	5889.95	0.00	-240.07
427.80	5830.40	0.00	-268.22
427.90	5759.02	0.00	-295.32
428.00	5674.46	0.00	-321.25
428.10	5575.36	0.00	-345.91
428.20	5460.35	0.00	-369.21
428.30	5328.13	0.00	-391.05
428.40	5177.45	0.00	-411.35
428.50	5007.17	0.00	-430.02
428.60	4816.29	0.00	-447.00
428.70	4603.99	0.00	-462.22
428.80	4369.64	0.00	-475.60
428.90	4112.81	0.00	-487.12
429.00	3833.36	0.00	-496.71
429.10	3531.37	0.00	-504.34
429.20	3207.23	0.00	-509.97
429.30	2861.61	0.00	-513.60
429.40	2495.48	0.00	-515.20
429.50	2110.11	0.00	-514.77
429.60	1707.06	0.00	-512.30
429.70	1288.21	0.00	-507.81
429.80	855.68	0.00	-501.32
429.90	411.88	0.00	-492.85
430.00	-40.55	0.00	-482.44
430.10	-498.73	0.00	-470.12
430.20	-959.61	0.00	-455.94
430.30	-1419.98	0.00	-439.97
430.40	-1876.50	0.00	-422.26
430.50	-2325.75	0.00	-402.88
430.60	-2764.25	0.00	-381.92
430.70	-3188.53	0.00	-359.44
430.80	-3595.13	0.00	-335.55
430.90	-3980.69	0.00	-310.34
431.00	-4341.95	0.00	-283.89
431.10	-4675.83	0.00	-256.33
431.20	-4979.41	0.00	-227.76
431.30	-5250.04	0.00	-198.29
431.40	-5485.30	0.00	-168.03
431.50	-5683.10	0.00	-137.11
431.60	-5841.64	0.00	-105.66
431.70	-5959.50	0.00	-73.78
431.80	-6035.59	0.00	-41.61
431.90	-6069.22	0.00	-9.28
432.00	-6069.68	0.00	23.09
432.10	-6063.39	0.00	55.36
432.20	-6051.68	0.00	87.42
432.30	-6034.08	0.00	119.14
432.40	-6009.99	0.00	150.38
432.50	-5978.60	0.00	181.03
432.60	-5938.95	0.00	210.96
432.70	-5889.95	0.00	240.07
432.80	-5830.40	0.00	268.22
432.90	-5759.02	0.00	295.32
433.00	-5674.46	0.00	321.25
433.10	-5575.36	0.00	345.91
433.20	-5460.35	0.00	369.21
433.30	-5328.13	0.00	391.05
433.40	-5177.45	0.00	411.35
433.50	-5007.17	0.00	430.02
433.60	-4816.29	0.00	447.00
433.70	-4603.99	0.00	462.22
433.80	-4369.64	0.00	475.60
433.90	-4112.81	0.00	487.12
434.00	-3833.36	0.00	496.71
434.10	-3531.37	0.00	504.34
434.20	-3207.23	0.00	509.97
434.30	-2861.61	0.00	513.60
434.40	-2495.48	0.00	515.20
434.50	-2110.11	0.00	514.77
434.60	-1707.06	0.00	512.30
434.70	-1288.21	0.00	507.81
434.80	-855.68	0.00	501.32
434.90	-411.88	0.00	492.85
435.00	40.55	0.00	482.44
435.10	498.73	0.00	470.12
435.20	959.61	0.00	455.94
435.30	1419.98	0.00	439.97
435.40	1876.50	0.00	422.26
435.50	2325.75	0.00	402.88
435.60	2764.25	0.00	381.92
435.70	3188.53	0.00	359.44
435.80	3595.13	0.00	335.55
435.90	3980.69	0.00	310.34
436.00	4341.95	0.00	283.89
436.10	4675.83	0.00	256.33
436.20	4979.41	0.00	227.76
436.30	5250.04	0.00	198.29
436.40	5485.30	0.00	168.03
436.50	5683.10	0.00	137.11
436.60	5841.64	0.00	105.66
436.70	5959.50	0.00	73.78
436.80	6035.59	0.00	41.61
436.90	6069.22	0.00	9.28
437.00	6069.68	0.00	-23.09
437.10	6063.39	0.00	-55.36
437.20	6051.68	0.00	-87.42
437.30	6034.08	0.00	-119.14
437.40	6009.99	0.00	-150.38
437.50	5978.60	0.00	-181.03
437.60	5938.95	0.00	-210.96
437.70	5889.95	0.00	-240.07
437.80	5830.40	0.00	-268.22
437.90	5759.02	0.00	-295.32
438.00	5674.46	0.00	-321.25
438.10	5575.36	0.00	-345.91
438.20	5460.35	0.00	-369.21
438.30	5328.13	0.00	-391.05
438.40	5177.45	0.00	-411.35
438.50	5007.17	0.00	-430.02
438.60	4816.29	0.00	-447.00
438.70	4603.99	0.00	-462.22
438.80	4369.64	0.00	-475.60
438.90	4112.81	0.00	-487.12
439.00	3833.36	0.00	-496.71
439.10	3531.37	0.00	-504.34
439.20	3207.23	0.00	-509.97
439.30	2861.61	0.00	-513.60
439.40	2495.48	0.00	-515.20
439.50	2110.11	0.00	-514.77
439.60	1707.06	0.00	-512.30
439.70	1288.21	0.00	-507.81
439.80	855.68	0.00	-501.32
439.90	411.88	0.00	-492.85
440.00	-40.55	0.00	-482.44
440.10	-498.73	0.00	-470.12
440.20	-959.61	0.00	-455.94
440.30	-1419.98	0.00	-439.97
440.40	-1876.50	0.00	-422.26
440.50	-2325.75	0.00	-402.88
440.60	-2764.25	0.00	-381.92
440.70	-3188.53	0.00	-359.44
440.80	-3595.13	0.00	-335.55
440.90	-3980.69	0.00	-310.34
441.00	-4341.95	0.00	-283.89
441.10	-4675.83	0.00	-256.33
441.20	-4979.41	0.00	-227.76
441.30	-5250.04	0.00	-198.29
441.40	-5485.30	0.00	-168.03
441.50	-5683.10	0.00	-137.11
441.60	-5841.64	0.00	-105.66
441.70	-5959.50	0.00	-73.78
441.80	-6035.59	0.00	-41.61
441.90	-6069.22	0.00	-9.28
442.00	-6069.68	0.00	23.09
442.10	-6063.39	0.00	55.36
442.20	-6051.68	0.00	87.42
442.30	-6034.08	0.00	119.14
442.40	-6009.99	0.00	150.38
442.50	-5978.60	0.00	181.03
442.60	-5938.95	0.00	210.96
442.70	-5889.95	0.00	240.07
442.80	-5830.40	0.00	268.22
442.90	-5759.02	0.00	295.32
443.00	-5674.46	0.00	321.25
443.10	-5575.36	0.00	345.91
443.20	-5460.35	0.00	369.21
443.30	-5328.13	0.00	391.05
443.40	-5177.45	0.00	411.35
443.50	-5007.17	0.00	430.02
443.60	-4816.29	0.00	447.00
443.70	-4603.99	0.00	462.22
443.80	-4369.64	0.00	475.60
443.90	-4112.81	0.00	487.12
444.00	-3833.36	0.00	496.71
444.10	-3531.37	0.00	504.34
444.20	-3207.23	0.00	509.97
444.30	-2861.61	0.00	513.60
444.40	-2495.48	0.00	515.20
444.50	-2110.11	0.00	514.77
444.60	-1707.06	0.00	512.30
444.70	-1288.21	0.00	507.81
444.80	-855.68	0.00	501.32
444.90	-411.88	0.00	492.85
445.00	40.55	0.00	482.44
445.10	498.73	0.00	470.12
445.20	959.61	0.00	455.94
445.30	1419.98	0.00	439.97
445.40	1876.50	0.00	422.26
445.50	2325.75	0.00	402.88
445.60	2764.25	0.00	381.92
445.70	3188.53	0.00	359.44
445.80	3595.13	0.00	335.55
445.90	3980.69	0.00	310.34
446.00	4341.95	0.00	283.89
446.10	4675.83	0.00	256.33
446.20	4979.41	0.00	227.76
446.30	5250.04	0.00	198.29
446.40	5485.30	0.00	168.03
446.50	5683.10	0.00	137.11
446.60	5841.64	0.00	105.66
446.70	5959.50	0.00	73.78
446.80	6035.59	0.00	41.61
446.90	6069.22	0.00	9.28
447.00	6069.68	0.00	-23.09
447.10	6063.39	0.00	-55.36
447.20	6051.68	0.00	-87.42
447.30	6034.08	0.00	-119.14
447.40	6009.99	0.00	-150.38
447.50	5978.60	0.00	-181.03
447.60	5938.95	0.00	-210.96
447.70	5889.95	0.00	-240.07
447.80	5830.40	0.00	-268.22
447.90	5759.02	0.00	-295.32
448.00	5674.46	0.00	-321.25
448.10	5575.36	0.00	-345.91
448.20	5460.35	0.00	-369.21
448.30	5328.13	0.00	-391.05
448.40	5177.45	0.00	-411.35
448.50	5007.17	0.00	-430.02
448.60	4816.29	0.00	-447.00
448.70	4603.99	0.00	-462.22
448.80	4369.64	0.00	-475.60
448.90	4112.81	0.00	-487.12
449.00	3833.36	0.00	-496.71
449.10	3531.37	0.00	-504.34
449.20	3207.23	0.00	-509.97
449.30	2861.61	0.00	-513.60
449.40	2495.48	0.00	-515.20
449.50	2110.11	0.00	-514.77
449.60	1707.06	0.00	-512.30
449.70	1288.21	0.00	-507.81
449.80	855.68	0.00	-501.32
449.90	411.88	0.00	-492.85
450.00	-40.55	0.00	-482.44
450.10	-498.73	0.00	-470.12
450.20	-959.61	0.00	-455.94
450.30	-1419.98	0.00	-439.97
450.40	-1876.50	0.00	-422.26
450.50	-2325.75	0.00	-402.88
450.60	-2764.25	0.00	-381.92
450.70	-3188.53	0.00	-359.44
450.80	-3595.13	0.00	-335.55
450.90	-3980.69	0.00	-310.34
451.00	-4341.95	0.00	-283.89
451.10	-4675.83	0.00	-256.33
451.20	-4979.41	0.00	-227.76
451.30	-5250.04	0.00	-198.29
451.40	-5485.30	0.00	-168.03
451.50	-5683.10	0.00	-137.11
451.60	-5841.64	0.00	-105.66
451.70	-5959.50	0.00	-73.78
451.80	-6035.59	0.00	-41.61
451.90	-6069.22	0.00	-9.28
452.00	-6069.68	0.00	23.09
452.10	-6063.39	0.00	55.36
452.20	-6051.68	0.00	87.42
452.30	-6034.08	0.00	119.14
452.40	-6009.99	0.00	150.38
452.50	-5978.60	0.00	181.03
452.60	-5938.95	0.00	210.96
452.70	-5889.95	0.00	240.07
452.80	-5830.40	0.00	268.22
452.90	-5759.02	0.00	295.32
453.00	-5674.46	0.00	321.25
453.10	-5575.36	0.00	345.91
453.20	-5460.35	0.00	369.21
453.30	-5328.13	0.00	391.05
453.40	-5177.45	0.00	411.35
453.50	-5007.17	0.00	430.02
453.60	-4816.29	0.00	447.00
453.70	-4603.99	0.00	462.22
453.80	-4369.64	0.00	475.60
453.90	-4112.81	0.00	487.12
454.00	-3833.36	0.00	496.71
454.10	-3531.37	0.00	504.34
454.20	-3207.23	0.00	509.97
454.30	-2861.61	0.00	513.60
454.40	-2495.48	0.00	515.20
454.50	-2110.11	0.00	514.77
454.60	-1707.06	0.00	512.30
454.70	-1288.21	0.00	507.81
454.80	-855.68	0.00	501.32
454.90	-411.88	0.00	492.85
455.00	40.55	0.00	482.44
455.10	498.73	0.00	470.12
455.20	959.61	0.00	455.94
455.30	1419.98	0.00	439.97
455.40	1876.50	0.00	422.26
455.50	2325.75	0.00	402.88
455.60	2764.25	0.00	381.92
455.70	3188.53	0.00	359.44
455.80	3595.13	0.00	335.55
455.90	3980.69	0.00	310.34
456.00	4341.95	0.00	283.89
456.10	4675.83	0.00	256.33
456.20	4979.41	0.00	227.76
456.30	5250.04	0.00	198.29
456.40	5485.30	0.00	168.03
456.50	5683.10	0.00	137.11
456.60	5841.64	0.00	105.66
456.70	5959.50	0.00	73.78
456.80	6035.59	0.00	41.61
456.90	6069.22	0.00	9.28
457.00	6069.68	0.00	-23.09
457.10	6063.39	0.00	-55.36
457.20	6051.68	0.00	-87.42
457.30	6034.08	0.00	-119.14
457.40	6009.99	0.00	-150.38
457.50	5978.60	0.00	-181.03
457.60	5938.95	0.00	-210.96
457.70	5889.95	0.00	-240.07
457.80	5830.40	0.00	-268.22
457.90	5759.02	0.00	-295.32
458.00	5674.46	0.00	-321.25
458.10	5575.36	0.00	-345.91
458.20	5460.35	0.00	-369.21
458.30	5328.13	0.00	-391.05
458.40	5177.45	0.00	-411.35
458.50	5007.17	0.00	-430.02
458.60	4816.29	0.00	-447.00
458.70	4603.99	0.00	-462.22
458.80	4369.64	0.00	-475.60
458.90	4112.81	0.00	-487.12
459.00	3833.36	0.00	-496.71
459.10	3531.37	0.00	-504.34
459.20	3207.23	0.00	-509.97
459.30	2861.61	0.00	-513.60
459.40	2495.48	0.00	-515.20
459.50	2110.11	0.00	-514.77
459.60	1707.06	0.00	-512.30
459.70	1288.21	0.00	-507.81
459.80	855.68	0.00	-501.32
459.90	411.88	0.00	-492.85
460.00	-40.55	0.00	-482.44
460.10	-498.73	0.00	-470.12
460.20	-959.61	0.00	-455.94
460.30	-1419.98	0.00	-439.97
460.40	-1876.50	0.00	-422.26
460.50	-2325.75	0.00	-402.88
460.60	-2764.25	0.00	-381.92
460.70	-3188.53	0.00	-359.44
460.80	-3595.13	0.00	-335.55
460.90	-3980.69	0.00	-310.34
461.00	-4341.95	0.00	-283.89
461.10	-4675.83	0.00	-256.33
461.20	-4979.41	0.00	-227.76
461.30	-5250.04	0.00	-198.29
461.40	-5485.30	0.00	-168.03
461.50	-5683.10	0.00	-137.11
461.60	-5841.64	0.00	-105.66
461.70	-5959.50	0.00	-73.78
461.80	-6035.59	0.00	-41.61
461.90	-6069.22	0.00	-9.28
462.00	-6069.68	0.00	23.09
462.10	-6063.39	0.00	55.36
462.20	-6051.68	0.00	87.42
462.30	-6034.08	0.00	119.14
462.40	-6009.99	0.00	150.38
462.50	-5978.60	0.00	181.03
462.60	-5938.95	0.00	210.96
462.70	-5889.95	0.00	240.07
462.80	-5830.40	0.00	268.22
462.90	-5759.02	0.00	295.32
463.00	-5674.46	0.00	321.25
463.10	-5575.36	0.00	345.91
463.20	-5460.35	0.00	369.21
463.30	-5328.13	0.00	391.05
463.40	-5177.45	0.00	411.35
463.50	-5007.17	0.00	430.02
463.60	-4816.29	0.00	447.00
463.70	-4603.99	0.00	462.22
463.80	-4369.64	0.00	475.60
463.90	-4112.81	0.00	487.12
464.00	-3833.36	0.00	496.71
464.10	-3531.37	0.00	504.34
464.20	-3207.23	0.00	509.97
464.30	-2861.61	0.00	513.60
464.40	-2495.48	0.00	515.20
464.50	-2110.11	0.00	514.77
464.60	-1707.06	0.00	512.30
464.70	-1288.21	0.00	507.81
464.80	-855.68	0.00	501.32
464.90	-411.88	0.00	492.85
465.00	40.55	0.00	482.44
465.10	498.73	0.00	470.12
465.20	959.61	0.00	455.94
465.30	1419.98	0.00	439.97
465.40	1876.50	0.00	422.26
465.50	2325.75	0.00	402.88
465.60	2764.25	0.00	381.92
465.70	3188.53	0.00	359.44
465.80	3595.13	0.00	335.55
465.90	3980.69	0.00	310.34
466.00	4341.95	0.00	283.89
466.10	4675.83	0.00	256.33
466.20	4979.41	0.00	227.76
466.30	5250.04	0.00	198.29
466.40	5485.30	0.00	168.03
466.50	5683.10	0.00	137.11
466.60	5841.64	0.00	105.66
466.70	5959.50	0.00	73.78
466.80	6035.59	0.00	41.61
466.90	6069.22	0.00	9.28
467.00	6069.68	0.00	-23.09
467.10	6063.39	0.00	-55.36
467.20	6051.68	0.00	-87.42
467.30	6034.08	0.00	-119.14
467.40	6009.99	0.00	-150.38
467.50	5978.60	0.00	-181.03
467.60	5938.95	0.00	-210.96
467.70	5889.95	0.00	-240.07
467.80	5830.40	0.00	-268.22
467.90	5759.02	0.00	-295.32
468.00	5674.46	0.00	-321.25
468.10	5575.36	0.00	-345.91
468.20	5460.35	0.00	-369.21
468.30	5328.13	0.00	-391.05
468.40	5177.45	0.00	-411.35
468.50	5007.17	0.00	-430.02
468.60	4816.29	0.00	-447.00
468.70	4603.99	0.00	-462.22
468.80	4369.64	0.00	-475.60
468.90	4112.81	0.00	-487.12
469.00	3833.36	0.00	-496.71
469.10	3531.37	0.00	-504.34
469.20	3207.23	0.00	-509.97
469.30	2861.61	0.00	-513.60
469.40	2495.48	0.00	-515.20
469.50	2110.11	0.00	-514.77
469.60	1707.06	0.00	-512.30
469.70	1288.21	0.00	-507.81
469.80	855.68	0.00	-501.32
469.90	411.88	0.00	-492.85
470.00	-40.55	0.00	-482.44
470.10	-498.73	0.00	-470.12
470.20	-959.61	0.00	-455.94
470.30	-1419.98	0.00	-439.97
470.40	-1876.50	0.00	-422.26
470.50	-2325.75	0.00	-402.88
470.60	-2764.25	0.00	-381.92
470.70	-3188.53	0.00	-359.44
470.80	-3595.13	0.00	-335.55
470.90	-3980.69	0.00	-310.34
471.00	-4341.95	0.00	-283.89
471.10	-4675.83	0.00	-256.33
471.20	-4979.41	0.00	-227.76
471.30	-5250.04	0.00	-198.29
471.40	-5485.30	0.00	-168.03
471.50	-5683.10	0.00	-137.11
471.60	-5841.64	0.00	-105.66
471.70	-5959.50	0.00	-73.78
471.80	-6035.59	0.00	-41.61
471.90	-6069.22	0.00	-9.28
472.00	-6069.68	0.00	23.09
472.10	-6063.39	0.00	55.36
472.20	-6051.68	0.00	87.42
472.30	-6034.08	0.00	119.14
472.40	-6009.99	0.00	150.38
472.50	-5978.60	0.00	181.03
472.60	-5938.95	0.00	210.96
472.70	-5889.95	0.00	240.07
472.80	-5830.40	0.00	268.22
472.90	-5759.02	0.00	295.32
473.00	-5674.46	0.00	321.25
473.10	-5575.36	0.00	345.91
473.20	-5460.35	0.00	369.21
473.30	-5328.13	0.00	391.05
473.40	-5177.45	0.00	411.35
473.50	-5007.17	0.00	430.02
473.60	-4816.29	0.00	447.00
473.70	-4603.99	0.00	462.22
473.80	-4369.64	0.00	475.60
473.90	-4112.81	0.00	487.12
474.00	-3833.36	0.00	496.71
474.10	-3531.37	0.00	504.34
474.20	-3207.23	0.00	509.97
474.30	-2861.61	0.00	513.60
474.40	-2495.48	0.00	515.20
474.50	-2110.11	0.00	514.77
474.60	-1707.06	0.00	512.30
474.70	-1288.21	0.00	507.81
474.80	-855.68	0.00	501.32
474.90	-411.88	0.00	492.85
475.00	40.55	0.00	482.44
475.10	498.73	0.00	470.12
475.20	959.61	0.00	455.94
475.30	1419.98	0.00	439.97
475.40	1876.50	0.00	422.26
475.50	2325.75	0.00	402.88
475.60	2764.25	0.00	381.92
475.70	3188.53	0.00	359.44
475.80	3595.13	0.00	335.55
475.90	3980.69	0.00	310.34
476.00	4341.95	0.00	283.89
476.10	4675.83	0.00	256.33
476.20	4979.41	0.00	227.76
476.30	5250.04	0.00	198.29
476.40	5485.30	0.00	168.03
476.50	5683.10	0.00	137.11
476.60	5841.64	0.00	105.66
476.70	5959.50	0.00	73.78
476.80	6035.59	0.00	41.61
476.90	6069.22	0.00	9.28
477.00	6069.68	0.00	-23.09
477.10	6063.39	0.00	-55.36
477.20	6051.68	0.00	-87.42
477.30	6034.08	0.00	-119.14
477.40	6009.99	0.00	-150.38
477.50	5978.60	0.00	-181.03
477.60	5938.95	0.00	-210.96
477.70	5889.95	0.00	-240.07
477.80	5830.40	0.00	-268.22
477.90	5759.02	0.00	-295.32
478.00	5674.46	0.00	-321.25
478.10	5575.36	0.00	-345.91
478.20	5460.35	0.00	-369.21
478.30	5328.13	0.00	-391.05
478.40	5177.45	0.00	-411.35
478.50	5007.17	0.00	-430.02
478.60	4816.29	0.00	-447.00
478.70	4603.99	0.00	-462.22
478.80	4369.64	0.00	-475.60
478.90	4112.81	0.00	-487.12
479.00	3833.36	0.00	-496.71
479.10	3531.37	0.00	-504.34
479.20	3207.23	0.00	-509.97
479.30	2861.61	0.00	-513.60
479.40	2495.48	0.00	-515.20
479.50	2110.11	0.00	-514.77
479.60	1707.06	0.00	-512.30
479.70	1288.21	0.00	-507.81
479.80	855.68	0.00	-501.32
479.90	411.88	0.00	-492.85
480.00	-40.55	0.00	-482.44
480.10	-498.73	0.00	-470.12
480.20	-959.61	0.00	-455.94
480.30	-1419.98	0.00	-439.97
480.40	-1876.50	0.00	-422.26
480.50	-2325.75	0.00	-402.88
480.60	-2764.25	0.00	-381.92
480.70	-3188.53	0.00	-359.44
480.80	-3595.13	0.00	-335.55
480.90	-3980.69	0.00	-310.34
481.00	-4341.95	0.00	-283.89
481.10	-4675.83	0.00	-256.33
481.20	-4979.41	0.00	-227.76
481.30	-5250.04	0.00	-198.29
481.40	-5485.30	0.00	-168.03
481.50	-5683.10	0.00	-137.11
481.60	-5841.64	0.00	-105.66
481.70	-5959.50	0.00	-73.78
481.80	-6035.59	0.00	-41.61
481.90	-6069.22	0.00	-9.28
482.00	-6069.68	0.00	23.09
482.10	-6063.39	0.00	55.36
482.20	-6051.68	0.00	87.42
482.30	-6034.08	0.00	119.14
482.40	-6009.99	0.00	150.38
482.50	-5978.60	0.00	181.03
482.60	-5938.95	0.00	210.96
482.70	-5889.95	0.00	240.07
482.80	-5830.40	0.00	268.22
482.90	-5759.02	0.00	295.32
483.00	-5674.46	0.00	321.25
483.10	-5575.36	0.00	345.91
483.20	-5460.35	0.00	369.21
483.30	-5328.13	0.00	391.05
483.40	-5177.45	0.00	411.35
483.50	-5007.17	0.00	430.02
483.60	-4816.29	0.00	447.00
483.70	-4603.99	0.00	462.22
483.80	-4369.64	0.00	475.60
483.90	-4112.81	0.00	487.12
484.00	-3833.36	0.00	496.71
484.10	-3531.37	0.00	504.34
484.20	-3207.23	0.00	509.97
484.30	-2861.61	0.00	513.60
484.40	-2495.48	0.00	515.20
484.50	-2110.11	0.00	514.77
484.60	-1707.06	0.00	512.30
484.70	-1288.21	0.00	507.81
484.80	-855.68	0.00	501.32
484.90	-411.88	0.00	492.85
485.00	40.55	0.00	482.44
485.10	498.73	0.00	470.12
485.20	959.61	0.00	455.94
485.30	1419.98	0.00	439.97
485.40	1876.50	0.00	422.26
485.50	2325.75	0.00	402.88
485.60	2764.25	0.00	381.92
485.70	3188.53	0.00	359.44
485.80	3595.13	0.00	335.55
485.90	3980.69	0.00	310.34
486.00	4341.95	0.00	283.89
486.10	4675.83	0.00	256.33
486.20	4979.41	0.00	227.76
486.30	5250.04	0.00	198.29
486.40	5485.30	0.00	168.03
486.50	5683.10	0.00	137.11
486.60	5841.64	0.00	105.66
486.70	5959.50	0.00	73.78
486.80	6035.59	0.00	41.61
486.90	6069.22	0.00	9.28
487.00	6069.68	0.00	-23.09
487.10	6063.39	0.00	-55.36
487.20	6051.68	0.00	-87.42
487.30	6034.08	0.00	-119.14
487.40	6009.99	0.00	-150.38
487.50	5978.60	0.00	-181.03
487.60	5938.95	0.00	-210.96
487.70	5889.95	0.00	-240.07
487.80	5830.40	0.00	-268.22
487.90	5759.02	0.00	-295.32
488.00	5674.46	0.00	-321.25
488.10	5575.36	0.00	-345.91
488.20	5460.35	0.00	-369.21
488.30	5328.13	0.00	-391.05
488.40	5177.45	0.00	-411.35
488.50	5007.17	0.00	-430.02
488.60	4816.29	0.00	-447.00
488.70	4603.99	0.00	-462.22
488.80	4369.64	0.00	-475.60
488.90	4112.81	0.00	-487.12
489.00	3833.36	0.00	-496.71
489.10	3531.37	0.00	-504.34
489.20	3207.23	0.00	-509.97
489.30	2861.61	0.00	-513.60
489.40	2495.48	0.00	-515.20
489.50	2110.11	0.00	-514.77
489.60	1707.06	0.00	-512.30
489.70	1288.21	0.00	-507.81
489.80	855.68	0.00	-501.32
489.90	411.88	0.00	-492.85
490.00	-40.55	0.00	-482.44
490.10	-498.73	0.00	-470.12
490.20	-959.61	0.00	-455.94
490.30	-1419.98	0.00	-439.97
490.40	-1876.50	0.00	-422.26
490.50	-2325.75	0.00	-402.88
490.60	-2764.25	0.00	-381.92
490.70	-3188.53	0.00	-359.44
490.80	-3595.13	0.00	-335.55
490.90	-3980.69	0.00	-310.34
491.00	-4341.95	0.00	-283.89
491.10	-4675.83	0.00	-256.33
491.20	-4979.41	0.00	-227.76
491.30	-5250.04	0.00	-198.29
491.40	-5485.30	0.00	-168.03
491.50	-5683.10	0.00	-137.11
491.60	-5841.64	0.00	-105.66
491.70	-5959.50	0.00	-73.78
491.80	-6035.59	0.00	-41.61
491.90	-6069.22	0.00	-9.28
492.00	-6069.68	0.00	23.09
492.10	-6063.39	0.00	55.36
492.20	-6051.68	0.00	87.42
492.30	-6034.08	0.00	119.14
492.40	-6009.99	0.00	150.38
492.50	-5978.60	0.00	181.03
492.60	-5938.95	0.00	210.96
492.70	-5889.95	0.00	240.07
492.80	-5830.40	0.00	268.22
492.90	-5759.02	0.00	295.32
493.00	-5674.46	0.00	321.25
493.10	-5575.36	0.00	345.91
493.20	-5460.35	0.00	369.21
493.30	-5328.13	0.00	391.05
493.40	-5177.45	0.00	411.35
493.50	-5007.17	0.00	430.02
493.60	-4816.29	0.00	447.00
493.70	-4603.99	0.00	462.22
493.80	-4369.64	0.00	475.60
493.90	-4112.81	0.00	487.12
494.00	-3833.36	0.00	496.71
494.10	-3531.37	0.00	504.34
494.20	-3207.23	0.00	509.97
494.30	-2861.61	0.00	513.60
494.40	-2495.48	0.00	515.20
494.50	-2110.11	0.00	514.77
494.60	-1707.06	0.00	512.30
494.70	-1288.21	0.00	507.81
494.80	-855.68	0.00	501.32
494.90	-411.88	0.00	492.85
495.00	40.55	0.00	482.44
495.10	498.73	0.00	470.12
495.20	959.61	0.00	455.94
495.30	1419.98	0.00	439.97
495.40	1876.50	0.00	422.26
495.50	2325.75	0.00	402.88
495.60	2764.25	0.00	381.92
495.70	3188.53	0.00	359.44
495.80	3595.13	0.00	335.55
495.90	3980.69	0.00	310.34
496.00	4341.95	0.00	283.89
496.10	4675.83	0.00	256.33
496.20	4979.41	0.00	227.76
496.30	5250.04	0.00	198.29
496.40	5485.30	0.00	168.03
496.50	5683.10	0.00	137.11
496.60	5841.64	0.00	105.66
496.70	5959.50	0.00	73.78
496.80	6035.59	0.00	41.61
496.90	6069.22	0.00	9.28
497.00	6069.68	0.00	-23.09
497.10	6063.39	0.00	-55.36
497.20	6051.68	0.00	-87.42
497.30	6034.08	0.00	-119.14
497.40	6009.99	0.00	-150.38
497.50	5978.60	0.00	-181.03
497.60	5938.95	0.00	-210.96
497.70	5889.95	0.00	-240.07
497.80	5830.40	0.00	-268.22
497.90	5759.02	0.00	-295.32
498.00	5674.46	0.00	-321.25
498.10	5575.36	0.00	-345.91
498.20	5460.35	0.00	-369.21
498.30	5328.13	0.00	-391.05
498.40	5177.45	0.00	-411.35
498.50	5007.17	0.00	-430.02
498.60	4816.29	0.00	-447.00
498.70	4603.99	0.00	-462.22
498.80	4369.64	0.00	-475.60
498.90	4112.81	0.00	-487.12
499.00	3833.36	0.00	-496.71
499.10	3531.37	0.00	-504.34
499.20	3207.23	0.00	-509.97
499.30	2861.61	0.00	-513.60
499.40	2495.48	0.00	-515.20
499.50	2110.11	0.00	-514.77
499.60	1707.06	0.00	-512.30
499.70	1288.21	0.00	-507.81
499.80	855.68	0.00	-501.32
499.90	411.88	0.00	-492.85
500.00	-40.55	0.00	-482.44
500.10	-498.73	0.00	-470.12
500.20	-959.61	0.00	-455.94
500.30	-1419.98	0.00	-439.97
500.40	-1876.50	0.00	-422.26
500.50	-2325.75	0.00	-402.88
500.60	-2764.25	0.00	-381.92
500.70	-3188.53	0.00	-359.44
500.80	-3595.13	0.00	-335.55
500.90	-3980.69	0.00	-310.34
501.00	-4341.95	0.00	-283.89
501.10	-4675.83	0.00	-256.33
501.20	-4979.41	0.00	-227.76
501.30	-5250.04	0.00	-198.29
501.40	-5485.30	0.00	-168.03
501.50	-5683.10	0.00	-137.11
501.60	-5841.64	0.00	-105.66
501.70	-5959.50	0.00	-73.78
501.80	-6035.59	0.00	-41.61
501.90	-6069.22	0.00	-9.28
502.00	-6069.68	0.00	23.09
502.10	-6063.39	0.00	55.36
502.20	-6051.68	0.00	87.42
502.30	-6034.08	0.00	119.14
502.40	-6009.99	0.00	150.38
502.50	-5978.60	0.00	181.03
502.60	-5938.95	0.00	210.96
502.70	-5889.95	0.00	240.07
502.80	-5830.40	0.00	268.22
502.90	-5759.02	0.00	295.32
503.00	-5674.46	0.00	321.25
503.10	-5575.36	0.00	345.91
503.20	-5460.35	0.00	369.21
503.30	-5328.13	0.00	391.05
503.40	-5177.45	0.00	411.35
503.50	-5007.17	0.00	430.02
503.60	-4816.29	0.00	447.00
503.70	-4603.99	0.00	462.22
503.80	-4369.64	0.00	475.60
503.90	-4112.81	0.00	487.12
504.00	-3833.36	0.00	496.71
504.10	-3531.37	0.00	504.34
504.20	-3207.23	0.00	509.97
504.30	-2861.61	0.00	513.60
504.40	-2495.48	0.00	515.20
504.50	-2110.11	0.00	514.77
504.60	-1707.06	0.00	512.30
504.70	-1288.21	0.00	507.81
504.80	-855.68	0.00	501.32
504.90	-411.88	0.00	492.85
505.00	40.55	0.00	482.44
505.10	498.73	0.00	470.12
505.20	959.61	0.00	455.94
505.30	1419.98	0.00	439.97
505.40	1876.50	0.00	422.26
505.50	2325.75	0.00	402.88
505.60	2764.25	0.00	381.92
505.70	3188.53	0.00	359.44
505.80	3595.13	0.00	335.55
505.90	3980.69	0.00	310.34
506.00	4341.95	0.00	283.89
506.10	4675.83	0.00	256.33
506.20	4979.41	0.00	227.76
506.30	5250.04	0.00	198.29
506.40	5485.30	0.00	168.03
506.50	5683.10	0.00	137.11
506.60	5841.64	0.00	105.66
506.70	5959.50	0.00	73.78
506.80	6035.59	0.00	41.61
506.90	6069.22	0.00	9.28
507.00	6069.68	0.00	-23.09
507.10	6063.39	0.00	-55.36
507.20	6051.68	0.00	-87.42
507.30	6034.08	0.00	-119.14
507.40	6009.99	0.00	-150.38
507.50	5978.60	0.00	-181.03
507.60	5938.95	0.00	-210.96
507.70	5889.95	0.00	-240.07
507.80	5830.40	0.00	-268.22
507.90	5759.02	0.00	-295.32
508.00	5674.46	0.00	-321.25
508.10	5575.36	0.00	-345.91
508.20	5460.35	0.00	-369.21
508.30	5328.13	0.00	-391.05
508.40	5177.45	0.00	-411.35
508.50	5007.17	0.00	-430.02
508.60	4816.29	0.00	-447.00
508.70	4603.99	0.00	-462.22
508.80	4369.64	0.00	-475.60
508.90	4112.81	0.00	-487.12
509.00	3833.36	0.00	-496.71
509.10	3531.37	0.00	-504.34
509.20	3207.23	0.00	-509.97
509.30	2861.61	0.00	-513.60
509.40	2495.48	0.00	-515.20
509.50	2110.11	0.00	-514.77
509.60	1707.06	0.00	-512.30
509.70	1288.21	0.00	-507.81
509.80	855.68	0.00	-501.32
509.90	411.88	0.00	-492.85
510.00	-40.55	0.00	-482.44
510.10	-498.73	0.00	-470.12
510.20	-959.61	0.00	-455.94
510.30	-1419.98	0.00	-439.97
510.40	-1876.50	0.00	-422.26
510.50	-2325.75	0.00	-402.88
510.60	-2764.25	0.00	-381.92
510.70	-3188.53	0.00	-359.44
510.80	-3595.13	0.00	-335.55
510.90	-3980.69	0.00	-310.34
511.00	-4341.95	0.00	-283.89
511.10	-4675.83	0.00	-256.33
511.20	-4979.41	0.00	-227.76
511.30	-5250.04	0.00	-198.29
511.40	-5485.30	0.00	-168.03
511.50	-5683.10	0.00	-137.11
511.60	-5841.64	0.00	-105.66
511.70	-5959.50	0.00	-73.78
511.80	-6035.59	0.00	-41.61
511.90	-6069.22	0.00	-9.28
512.00	-6069.68	0.00	23.09
512.10	-6063.39	0.00	55.36
512.20	-6051.68	0.00	87.42
512.30	-6034.08	0.00	119.14
512.40	-6009.99	0.00	150.38
512.50	-5978.60	0.00	181.03
512.60	-5938.95	0.00	210.96
512.70	-5889.95	0.00	240.07
512.80	-5830.40	0.00	268.22
512.90	-5759.02	0.00	295.32
513.00	-5674.46	0.00	321.25
513.10	-5575.36	0.00	345.91
513.20	-5460.35	0.00	369.21
513.30	-5328.13	0.00	391.05
513.40	-5177.45	0.00	411.35
513.50	-5007.17	0.00	430.02
513.60	-4816.29	0.00	447.00
513.70	-4603.99	0.00	462.22
513.80	-4369.64	0.00	475.60
513.90	-4112.81	0.00	487.12
514.00	-3833.36	0.00	496.71
514.10	-3531.37	0.00	504.34
514.20	-3207.23	0.00	509.97
514.30	-2861.61	0.00	513.60
514.40	-2495.48	0.00	515.20
514.50	-2110.11	0.00	514.77
514.60	-1707.06	0.00	512.30
514.70	-1288.21	0.00	507.81
514.80	-855.68	0.00	501.32
514.90	-411.88	0.00	492.85
515.00	40.55	0.00	482.44
515.10	498.73	0.00	470.12
515.20	959.61	0.00	455.94
515.30	1419.98	0.00	439.97
515.40	1876.50	0.00	422.26
515.50	2325.75	0.00	402.88
515.60	2764.25	0.00	381.92
515.70	3188.53	0.00	359.44
515.80	3595.13	0.00	335.55
515.90	3980.69	0.00	310.34
516.00	4341.95	0.00	283.89
516.10	4675.83	0.00	256.33
516.20	4979.41	0.00	227.76
516.30	5250.04	0.00	198.29
516.40	5485.30	0.00	168.03
516.50	5683.10	0.00	137.11
516.60	5841.64	0.00	105.66
516.70	5959.50	0.00	73.78
516.80	6035.59	0.00	41.61
516.90	6069.22	0.00	9.28
517.00	6069.68	0.00	-23.09
517.10	6063.39	0.00	-55.36
517.20	6051.68	0.00	-87.42
517.30	6034.08	0.00	-119.14
517.40	6009.99	0.00	-150.38
517.50	5978.60	0.00	-181.03
517.60	5938.95	0.00	-210.96
517.70	5889.95	0.00	-240.07
517.80	5830.40	0.00	-268.22
517.90	5759.02	0.00	-295.32
518.00	5674.46	0.00	-321.25
518.10	5575.36	0.00	-345.91
518.20	5460.35	0.00	-369.21
518.30	5328.13	0.00	-391.05
518.40	5177.45	0.00	-411.35
518.50	5007.17	0.00	-430.02
518.60	4816.29	0.00	-447.00
518.70	4603.99	0.00	-462.22
518.80	4369.64	0.00	-475.60
518.90	4112.81	0.00	-487.12
519.00	3833.36	0.00	-496.71
519.10	3531.37	0.00	-504.34
519.20	3207.23	0.00	-509.97
519.30	2861.61	0.00	-513.60
519.40	2495.48	0.00	-515.20
519.50	2110.11	0.00	-514.77
519.60	1707.06	0.00	-512.30
519.70	1288.21	0.00	-507.81
519.80	855.68	0.00	-501.32
519.90	411.88	0.00	-492.85
520.00	-40.55	0.00	-482.44
520.10	-498.73	0.00	-470.12
520.20	-959.61	0.00	-455.94
520.30	-1419.98	0.00	-439.97
520.40	-1876.50	0.00	-422.26
520.50	-2325.75	0.00	-402.88
520.60	-2764.25	0.00	-381.92
520.70	-3188.53	0.00	-359.44
520.80	-3595.13	0.00	-335.55
520.90	-3980.69	0.00	-310.34
521.00	-4341.95	0.00	-283.89
521.10	-4675.83	0.00	-256.33
521.20	-4979.41	0.00	-227.76
521.30	-5250.04	0.00	-198.29
521.40	-5485.30	0.00	-168.03
521.50	-5683.10	0.00	-137.11
521.60	-5841.64	0.00	-105.66
521.70	-5959.50	0.00	-73.78
521.80	-6035.59	0.00	-41.61
521.90	-6069.22	0.00	-9.28
522.00	-6069.68	0.00	23.09
522.10	-6063.39	0.00	55.36
522.20	-6051.68	0.00	87.42
522.30	-6034.08	0.00	119.14
522.40	-6009.99	0.00	150.38
522.50	-5978.60	0.00	181.03
522.60	-5938.95	0.00	210.96
522.70	-5889.95	0.00	240.07
522.80	-5830.40	0.00	268.22
522.90	-5759.02	0.00	295.32
523.00	-5674.46	0.00	321.25
523.10	-5575.36	0.00	345.91
523.20	-5460.35	0.00	369.21
523.30	-5328.13	0.00	391.05
523.40	-5177.45	0.00	411.35
523.50	-5007.17	0.00	430.02
523.60	-4816.29	0.00	447.00
523.70	-4603.99	0.00	462.22
523.80	-4369.64	0.00	475.60
523.90	-4112.81	0.00	487.12
524.00	-3833.36	0.00	496.71
524.10	-3531.37	0.00	504.34
524.20	-3207.23	0.00	509.97
524.30	-2861.61	0.00	513.60
524.40	-2495.48	0.00	515.20
524.50	-2110.11	0.00	514.77
524.60	-1707.06	0.00	512.30
524.70	-1288.21	0.00	507.81
524.80	-855.68	0.00	501.32
524.90	-411.88	0.00	492.85
525.00	40.55	0.00	482.44
525.10	498.73	0.00	470.12
525.20	959.61	0.00	455.94
525.30	1419.98	0.00	439.97
525.40	1876.50	0.00	422.26
525.50	2325.75	0.00	402.88
525.60	2764.25	0.00	381.92
525.70	3188.53	0.00	359.44
525.80	3595.13	0.00	335.55
525.90	3980.69	0.00	310.34
526.00	4341.95	0.00	283.89
526.10	4675.83	0.00	256.33
526.20	4979.41	0.00	227.76
526.30	5250.04	0.00	198.29
526.40	5485.30	0.00	168.03
526.50	5683.10	0.00	137.11
526.60	5841.64	0.00	105.66
526.70	5959.50	0.00	73.78
526.80	6035.59	0.00	41.61
526.90	6069.22	0.00	9.28
527.00	6069.68	0.00	-23.09
527.10	6063.39	0.00	-55.36
527.20	6051.68	0.00	-87.42
527.30	6034.08	0.00	-119.14
527.40	6009.99	0.00	-150.38
527.50	5978.60	0.00	-181.03
527.60	5938.95	0.00	-210.96
527.70	5889.95	0.00	-240.07
527.80	5830.40	0.00	-268.22
527.90	5759.02	0.00	-295.32
528.00	5674.46	0.00	-321.25
528.10	5575.36	0.00	-345.91
528.20	5460.35	0.00	-369.21
528.30	5328.13	0.00	-391.05
528.40	5177.45	0.00	-411.35
528.50	5007.17	0.00	-430.02
528.60	4816.29	0.00	-447.00
528.70	4603.99	0.00	-462.22
528.80	4369.64	0.00	-475.60
528.90	4112.81	0.00	-487.12
529.00	3833.36	0.00	-496.71
529.10	3531.37	0.00	-504.34
529.20	3207.23	0.00	-509.97
529.30	2861.61	0.00	-513.60
529.40	2495.48	0.00	-515.20
529.50	2110.11	0.00	-514.77
529.60	1707.06	0.00	-512.30
529.70	1288.21	0.00	-507.81
529.80	855.68	0.00	-501.32
529.90	411.88	0.00	-492.85
530.00	-40.55	0.00	-482.44
530.10	-498.73	0.00	-470.12
530.20	-959.61	0.00	-455.94
530.30	-1419.98	0.00	-439.97
530.40	-1876.50	0.00	-422.26
530.50	-2325.75	0.00	-402.88
530.60	-2764.25	0.00	-381.92
530.70	-3188.53	0.00	-359.44
530.80	-3595.13	0.00	-335.55
530.90	-3980.69	0.00	-310.34
531.00	-4341.95	0.00	-283.89
531.10	-4675.83	0.00	-256.33
531.20	-4979.41	0.00	-227.76
531.30	-5250.04	0.00	-198.29
531.40	-5485.30	0.00	-168.03
531.50	-5683.10	0.00	-137.11
531.60	-5841.64	0.00	-105.66
531.70	-5959.50	0.00	-73.78
531.80	-6035.59	0.00	-41.61
531.90	-6069.22	0.00	-9.28
532.00	-6069.68	0.00	23.09
532.10	-6063.39	0.00	55.36
532.20	-6051.68	0.00	87.42
532.30	-6034.08	0.00	119.14
532.40	-6009.99	0.00	150.38
532.50	-5978.60	0.00	181.03
532.60	-5938.95	0.00	210.96
532.70	-5889.95	0.00	240.07
532.80	-5830.40	0.00	268.22
532.90	-5759.02	0.00	295.32
533.00	-5674.46	0.00	321.25
533.10	-5575.36	0.00	345.91
533.20	-5460.35	0.00	369.21
533.30	-5328.13	0.00	391.05
533.40	-5177.45	0.00	411.35
533.50	-5007.17	0.00	430.02
533.60	-4816.29	0.00	447.00
533.70	-4603.99	0.00	462.22
533.80	-4369.64	0.00	475.60
533.90	-4112.81	0.00	487.12
534.00	-3833.36	0.00	496.71
534.10	-3531.37	0.00	504.34
534.20	-3207.23	0.00	509.97
534.30	-2861.61	0.00	513.60
534.40	-2495.48	0.00	515.20
534.50	-2110.11	0.00	514.77
534.60	-1707.06	0.00	512.30
534.70	-1288.21	0.00	507.81
534.80	-855.68	0.00	501.32
534.90	-411.88	0.00	492.85
535.00	40.55	0.00	482.44
535.10	498.73	0.00	470.12
535.20	959.61	0.00	455.94
535.30	1419.98	0.00	439.97
535.40	1876.50	0.00	422.26
535.50	2325.75	0.00	402.88
535.60	2764.25	0.00	381.92
535.70	3188.53	0.00	359.44
535.80	3595.13	0.00	335.55
535.90	3980.69	0.00	310.34
536.00	4341.95	0.00	283.89
536.10	4675.83	0.00	256.33
536.20	4979.41	0.00	227.76
536.30	5250.04	0.00	198.29
536.40	5485.30	0.00	168.03
536.50	5683.10	0.00	137.11
536.60	5841.64	0.00	105.66
536.70	5959.50	0.00	73.78
536.80	6035.59	0.00	41.61
536.90	6069.22	0.00	9.28
537.00	6069.68	0.00	-23.09
537.10	6063.39	0.00	-55.36
537.20	6051.68	0.00	-87.42
537.30	6034.08	0.00	-119.14
537.40	6009.99	0.00	-150.38
537.50	5978.60	0.00	-181.03
537.60	5938.95	0.00	-210.96
537.70	5889.95	0.00	-240.07
537.80	5830.40	0.00	-268.22
537.90	5759.02	0.00	-295.32
538.00	5674.46	0.00	-321.25
538.10	5575.36	0.00	-345.91
538.20	5460.35	0.00	-369.21
538.30	5328.13	0.00	-391.05
538.40	5177.45	0.00	-411.35
538.50	5007.17	0.00	-430.02
538.60	4816.29	0.00	-447.00
538.70	4603.99	0.00	-462.22
538.80	4369.64	0.00	-475.60
538.90	4112.81	0.00	-487.12
539.00	3833.36	0.00	-496.71
539.10	3531.37	0.00	-504.34
539.20	3207.23	0.00	-509.97
539.30	2861.61	0.00	-513.60
539.40	2495.48	0.00	-515.20
539.50	2110.11	0.00	-514.77
539.60	1707.06	0.00	-512.30
539.70	1288.21	0.00	-507.81
539.80	855.68	0.00	-501.32
539.90	411.88	0.00	-492.85
540.00	-40.55	0.00	-482.44
540.10	-498.73	0.00	-470.12
540.20	-959.61	0.00	-455.94
540.30	-1419.98	0.00	-439.97
540.40	-1876.50	0.00	-422.26
540.50	-2325.75	0.00	-402.88
540.60	-2764.25	0.00	-381.92
540.70	-3188.53	0.00	-359.44
540.80	-3595.13	0.00	-335.55
540.90	-3980.69	0.00	-310.34
541.00	-4341.95	0.00	-283.89
541.10	-4675.83	0.00	-256.33
541.20	-4979.41	0.00	-227.76
541.30	-5250.04	0.00	-198.29
541.40	-5485.30	0.00	-168.03
541.50	-5683.10	0.00	-137.11
541.60	-5841.64	0.00	-105.66
541.70	-5959.50	0.00	-73.78
541.80	-6035.59	0.00	-41.61
541.90	-6069.22	0.00	-9.28
542.00	-6069.68	0.00	23.09
542.10	-6063.39	0.00	55.36
542.20	-6051.68	0.00	87.42
542.30	-6034.08	0.00	119.14
542.40	-6009.99	0.00	150.38
542.50	-5978.60	0.00	181.03
542.60	-5938.95	0.00	210.96
542.70	-5889.95	0.00	240.07
542.80	-5830.40	0.00	268.22
542.90	-5759.02	0.00	295.32
543.00	-5674.46	0.00	321.25
543.10	-5575.36	0.00	345.91
543.20	-5460.35	0.00	369.21
543.30	-5328.13	0.00	391.05
543.40	-5177.45	0.00	411.35
543.50	-5007.17	0.00	430.02
543.60	-4816.29	0.00	447.00
543.70	-4603.99	0.00	462.22
543.80	-4369.64	0.00	475.60
543.90	-4112.81	0.00	487.12
544.00	-3833.36	0.00	496.71
544.10	-3531.37	0.00	504.34
544.20	-3207.23	0.00	509.97
544.30	-2861.61	0.00	513.60
544.40	-2495.48	0.00	515.20
544.50	-2110.11	0.00	514.77
544.60	-1707.06	0.00	512.30
544.70	-1288.21	0.00	507.81
544.80	-855.68	0.00	501.32
544.90	-411.88	0.00	492.85
545.00	40.55	0.00	482.44
545.10	498.73	0.00	470.12
545.20	959.61	0.00	455.94
545.30	1419.98	0.00	439.97
545.40	1876.50	0.00	422.26
545.50	2325.75	0.00	402.88
545.60	2764.25	0.00	381.92
545.70	3188.53	0.00	359.44
545.80	3595.13	0.00	335.55
545.90	3980.69	0.00	310.34
546.00	4341.95	0.00	283.89
546.10	4675.83	0.00	256.33
546.20	4979.41	0.00	227.76
546.30	5250.04	0.00	198.29
546.40	5485.30	0.00	168.03
546.50	5683.10	0.00	137.11
546.60	5841.64	0.00	105.66
546.70	5959.50	0.00	73.78
546.80	6035.59	0.00	41.61
546.90	6069.22	0.00	9.28
547.00	6069.68	0.00	-23.09
547.10	6063.39	0.00	-55.36
547.20	6051.68	0.00	-87.42
547.30	6034.08	0.00	-119.14
547.40	6009.99	0.00	-150.38
547.50	5978.60	0.00	-181.03
547.60	5938.95	0.00	-210.96
547.70	5889.95	0.00	-240.07
547.80	5830.40	0.00	-268.22
547.90	5759.02	0.00	-295.32
548.00	5674.46	0.00	-321.25
548.10	5575.36	0.00	-345.91
548.20	5460.35	0.00	-369.21
548.30	5328.13	0.00	-391.05
548.40	5177.45	0.00	-411.35
548.50	5007.17	0.00	-430.02
548.60	4816.29	0.00	-447.00
548.70	4603.99	0.00	-462.22
548.80	4369.64	0.00	-475.60
548.90	4112.81	0.00	-487.12
549.00	3833.36	0.00	-496.71
549.10	3531.37	0.00	-504.34
549.20	3207.23	0.00	-509.97
549.30	2861.61	0.00	-513.60
549.40	2495.48	0.00	-515.20
549.50	2110.11	0.00	-514.77
549.60	1707.06	0.00	-512.30
549.70	1288.21	0.00	-507.81
549.80	855.68	0.00	-501.32
549.90	411.88	0.00	-492.85
550.00	-40.55	0.00	-482.44
550.10	-498.73	0.00	-470.12
550.20	-959.61	0.00	-455.94
550.30	-1419.98	0.00	-439.97
550.40	-1876.50	0.00	-422.26
550.50	-2325.75	0.00	-402.88
550.60	-2764.25	0.00	-381.92
550.70	-3188.53	0.00	-359.44
550.80	-3595.13	0.00	-335.55
550.90	-3980.69	0.00	-310.34
551.00	-4341.95	0.00	-283.89
551.10	-4675.83	0.00	-256.33
551.20	-4979.41	0.00	-227.76
551.30	-5250.04	0.00	-198.29
551.40	-5485.30	0.00	-168.03
551.50	-5683.10	0.00	-137.11
551.60	-5841.64	0.00	-105.66
551.70	-5959.50	0.00	-73.78
551.80	-6035.59	0.00	-41.61
551.90	-6069.22	0.00	-9.28
552.00	-6069.68	0.00	23.09
552.10	-6063.39	0.00	55.36
552.20	-6051.68	0.00	87.42
552.30	-6034.08	0.00	119.14
552.40	-6009.99	0.00	150.38
552.50	-5978.60	0.00	181.03
552.60	-5938.95	0.00	210.96
552.70	-5889.95	0.00	240.07
552.80	-5830.40	0.00	268.22
552.90	-5759.02	0.00	295.32
553.00	-5674.46	0.00	321.25
553.10	-5575.36	0.00	345.91
553.20	-5460.35	0.00	369.21
553.30	-5328.13	0.00	391.05
553.40	-5177.45	0.00	411.35
553.50	-5007.17	0.00	430.02
553.60	-4816.29	0.00	447.00
553.70	-4603.99	0.00	462.22
553.80	-4369.64	0.00	475.60
553.90	-4112.81	0.00	487.12
554.00	-3833.36	0.00	496.71
554.10	-3531.37	0.00	504.34
554.20	-3207.23	0.00	509.97
554.30	-2861.61	0.00	513.60
554.40	-2495.48	0.00	515.20
554.50	-2110.11	0.00	514.77
554.60	-1707.06	0.00	512.30
554.70	-1288.21	0.00	507.81
554.80	-855.68	0.00	501.32
554.90	-411.88	0.00	492.85
555.00	40.55	0.00	482.44
555.10	498.73	0.00	470.12
555.20	959.61	0.00	455.94
555.30	1419.98	0.00	439.97
555.40	1876.50	0.00	422.26
555.50	2325.75	0.00	402.88
555.60	2764.25	0.00	381.92
555.70	3188.53	0.00	359.44
555.80	3595.13	0.00	335.55
555.90	3980.69	0.00	310.34
556.00	4341.95	0.00	283.89
556.10	4675.83	0.00	256.33
556.20	4979.41	0.00	227.76
556.30	5250.04	0.00	198.29
556.40	5485.30	0.00	168.03
556.50	5683.10	0.00	137.11
556.60	5841.64	0.00	105.66
556.70	5959.50	0.00	73.78
556.80	6035.59	0.00	41.61
556.90	6069.22	0.00	9.28
557.00	6069.68	0.00	-23.09
557.10	6063.39	0.00	-55.36
557.20	6051.68	0.00	-87.42
557.30	6034.08	0.00	-119.14
557.40	6009.99	0.00	-150.38
557.50	5978.60	0.00	-181.03
557.60	5938.95	0.00	-210.96
557.70	5889.95	0.00	-240.07
557.80	5830.40	0.00	-268.22
557.90	5759.02	0.00	-295.32
558.00	5674.46	0.00	-321.25
558.10	5575.36	0.00	-345.91
558.20	5460.35	0.00	-369.21
558.30	5328.13	0.00	-391.05
558.40	5177.45	0.00	-411.35
558.50	5007.17	0.00	-430.02
558.60	4816.29	0.00	-447.00
558.70	4603.99	0.00	-462.22
558.80	4369.64	0.00	-475.60
558.90	4112.81	0.00	-487.12
559.00	3833.36	0.00	-496.71
559.10	3531.37	0.00	-504.34
559.20	3207.23	0.00	-509.97
559.30	2861.61	0.00	-513.60
559.40	2495.48	0.00	-515.20
559.50	2110.11	0.00	-514.77
559.60	1707.06	0.00	-512.30
559.70	1288.21	0.00	-507.81
559.80	855.68	0.00	-501.32
559.90	411.88	0.00	-492.85
560.00	-40.55	0.00	-482.44
560.10	-498.73	0.00	-470.12
560.20	-959.61	0.00	-455.94
560.30	-1419.98	0.00	-439.97
560.40	-1876.50	0.00	-422.26
560.50	-2325.75	0.00	-402.88
560.60	-2764.25	0.00	-381.92
560.70	-3188.53	0.00	-359.44
560.80	-3595.13	0.00	-335.55
560.90	-3980.69	0.00	-310.34
561.00	-4341.95	0.00	-283.89
561.10	-4675.83	0.00	-256.33
561.20	-4979.41	0.00	-227.76
561.30	-5250.04	0.00	-198.29
561.40	-5485.30	0.00	-168.03
561.50	-5683.10	0.00	-137.11
561.60	-5841.64	0.00	-105.66
561.70	-5959.50	0.00	-73.78
561.80	-6035.59	0.00	-41.61
561.90	-6069.22	0.00	-9.28
562.00	-6069.68	0.00	23.09
562.10	-6063.39	0.00	55.36
562.20	-6051.68	0.00	87.42
562.30	-6034.08	0.00	119.14
562.40	-6009.99	0.00	150.38
562.50	-5978.60	0.00	181.03
562.60	-5938.95	0.00	210.96
562.70	-5889.95	0.00	240.07
562.80	-5830.40	0.00	268.22
562.90	-5759.02	0.00	295.32
563.00	-5674.46	0.00	321.25
563.10	-5575.36	0.00	345.91
563.20	-5460.35	0.00	369.21
563.30	-5328.13	0.00	391.05
563.40	-5177.45	0.00	411.35
563.50	-5007.17	0.00	430.02
563.60	-4816.29	0.00	447.00
563.70	-4603.99	0.00	462.22
563.80	-4369.64	0.00	475.60
563.90	-4112.81	0.00	487.12
564.00	-3833.36	0.00	496.71
564.10	-3531.37	0.00	504.34
564.20	-3207.23	0.00	509.97
564.30	-2861.61	0.00	513.60
564.40	-2495.48	0.00	515.20
564.50	-2110.11	0.00	514.77
564.60	-1707.06	0.00	512.30
564.70	-1288.21	0.00	507.81
564.80	-855.68	0.00	501.32
564.90	-411.88	0.00	492.85
565.00	40.55	0.00	482.44
565.10	498.73	0.00	470.12
565.20	959.61	0.00	455.94
565.30	1419.98	0.00	439.97
565.40	1876.50	0.00	422.26
565.50	2325.75	0.00	402.88
565.60	2764.25	0.00	381.92
565.70	3188.53	0.00	359.44
565.80	3595.13	0.00	335.55
565.90	3980.69	0.00	310.34
566.00	4341.95	0.00	283.89
566.10	4675.83	0.00	256.33
566.20	4979.41	0.00	227.76
566.30	5250.04	0.00	198.29
566.40	5485.30	0.00	168.03
566.50	5683.10	0.00	137.11
566.60	5841.64	0.00	105.66
566.70	5959.50	0.00	73.78
566.80	6035.59	0.00	41.61
566.90	6069.22	0.00	9.28
567.00	6069.68	0.00	-23.09
567.10	6063.39	0.00	-55.36
567.20	6051.68	0.00	-87.42
567.30	6034.08	0.00	-119.14
567.40	6009.99	0.00	-150.38
567.50	5978.60	0.00	-181.03
567.60	5938.95	0.00	-210.96
567.70	5889.95	0.00	-240.07
567.80	5830.40	0.00	-268.22
567.90	5759.02	0.00	-295.32
568.00	5674.46	0.00	-321.25
568.10	5575.36	0.00	-345.91
568.20	5460.35	0.00	-369.21
568.30	5328.13	0.00	-391.05
568.40	5177.45	0.00	-411.35
568.50	5007.17	0.00	-430.02
568.60	4816.29	0.00	-447.00
568.70	4603.99	0.00	-462.22
568.80	4369.64	0.00	-475.60
568.90	4112.81	0.00	-487.12
569.00	3833.36	0.00	-496.71
569.10	3531.37	0.00	-504.34
569.20	3207.23	0.00	-509.97
569.30	2861.61	0.00	-513.60
569.40	2495.48	0.00	-515.20
569.50	2110.11	0.00	-514.77
569.60	1707.06	0.00	-512.30
569.70	1288.21	0.00	-507.81
569.80	855.68	0.00	-501.32
569.90	411.88	0.00	-492.85
570.00	-40.55	0.00	-482.44
570.10	-498.73	0.00	-470.12
570.20	-959.61	0.00	-455.94
570.30	-1419.98	0.00	-439.97
570.40	-1876.50	0.00	-422.26
570.50	-2325.75	0.00	-402.88
570.60	-2764.25	0.00	-381.92
570.70	-3188.53	0.00	-359.44
570.80	-3595.13	0.00	-335.55
570.90	-3980.69	0.00	-310.34
571.00	-4341.95	0.00	-283.89
571.10	-4675.83	0.00	-256.33
571.20	-4979.41	0.00	-227.76
571.30	-5250.04	0.00	-198.29
571.40	-5485.30	0.00	-168.03
571.50	-5683.10	0.00	-137.11
571.60	-5841.64	0.00	-105.66
571.70	-5959.50	0.00	-73.78
571.80	-6035.59	0.00	-41.61
571.90	-6069.22	0.00	-9.28
572.00	-6069.68	0.00	23.09
572.10	-6063.39	0.00	55.36
572.20	-6051.68	0.00	87.42
572.30	-6034.08	0.00	119.14
572.40	-6009.99	0.00	150.38
572.50	-5978.60	0.00	181.03
572.60	-5938.95	0.00	210.96
572.70	-5889.95	0.00	240.07
572.80	-5830.40	0.00	268.22
572.90	-5759.02	0.00	295.32
573.00	-5674.46	0.00	321.25
573.10	-5575.36	0.00	345.91
573.20	-5460.35	0.00	369.21
573.30	-5328.13	0.00	391.05
573.40	-5177.45	0.00	411.35
573.50	-5007.17	0.00	430.02
573.60	-4816.29	0.00	447.00
573.70	-4603.99	0.00	462.22
573.80	-4369.64	0.00	475.60
573.90	-4112.81	0.00	487.12
574.00	-3833.36	0.00	496.71
574.10	-3531.37	0.00	504.34
574.20	-3207.23	0.00	509.97
574.30	-2861.61	0.00	513.60
574.40	-2495.48	0.00	515.20
574.50	-2110.11	0.00	514.77
574.60	-1707.06	0.00	512.30
574.70	-1288.21	0.00	507.81
574.80	-855.68	0.00	501.32
574.90	-411.88	0.00	492.85
575.00	40.55	0.00	482.44
575.10	498.73	0.00	470.12
575.20	959.61	0.00	455.94
575.30	1419.98	0.00	439.97
575.40	1876.50	0.00	422.26
575.50	2325.75	0.00	402.88
575.60	2764.25	0.00	381.92
575.70	3188.53	0.00	359.44
575.80	3595.13	0.00	335.55
575.90	3980.69	0.00	310.34
576.00	4341.95	0.00	283.89
576.10	4675.83	0.00	256.33
576.20	4979.41	0.00	227.76
576.30	5250.04	0.00	198.29
576.40	5485.30	0.00	168.03
576.50	5683.10	0.00	137.11
576.60	5841.64	0.00	105.66
576.70	5959.50	0.00	73.78
576.80	6035.59	0.00	41.61
576.90	6069.22	0.00	9.28
577.00	6069.68	0.00	-23.09
577.10	6063.39	0.00	-55.36
577.20	6051.68	0.00	-87.42
577.30	6034.08	0.00	-119.14
577.40	6009.99	0.00	-150.38
577.50	5978.60	0.00	-181.03
577.60	5938.95	0.00	-210.96
577.70	5889.95	0.00	-240.07
577.80	5830.40	0.00	-268.22
577.90	5759.02	0.00	-295.32
578.00	5674.46	0.00	-321.25
578.10	5575.36	0.00	-345.91
578.20	5460.35	0.00	-369.21
578.30	5328.13	0.00	-391.05
578.40	5177.45	0.00	-411.35
578.50	5007.17	0.00	-430.02
578.60	4816.29	0.00	-447.00
578.70	4603.99	0.00	-462.22
578.80	4369.64	0.00	-475.60
578.90	4112.81	0.00	-487.12
579.00	3833.36	0.00	-496.71
579.10	3531.37	0.00	-504.34
579.20	3207.23	0.00	-509.97
579.30	2861.61	0.00	-513.60
579.40	2495.48	0.00	-515.20
579.50	2110.11	0.00	-514.77
579.60	1707.06	0.00	-512.30
579.70	1288.21	0.00	-507.81
579.80	855.68	0.00	-501.32
579.90	411.88	0.00	-492.85
580.00	-40.55	0.00	-482.44
580.10	-498.73	0.00	-470.12
580.20	-959.61	0.00	-455.94
580.30	-1419.98	0.00	-439.97
580.40	-1876.50	0.00	-422.26
580.50	-2325.75	0.00	-402.88
580.60	-2764.25	0.00	-381.92
580.70	-3188.53	0.00	-359.44
580.80	-3595.13	0.00	-335.55
580.90	-3980.69	0.00	-310.34
581.00	-4341.95	0.00	-283.89
581.10	-4675.83	0.00	-256.33
581.20	-4979.41	0.00	-227.76
581.30	-5250.04	0.00	-198.29
581.40	-5485.30	0.00	-168.03
581.50	-5683.10	0.00	-137.11
581.60	-5841.64	0.00	-105.66
581.70	-5959.50	0.00	-73.78
581.80	-6035.59	0.00	-41.61
581.90	-6069.22	0.00	-9.28
582.00	-6069.68	0.00	23.09
582.10	-6063.39	0.00	55.36
582.20	-6051.68	0.00	87.42
582.30	-6034.08	0.00	119.14
582.40	-6009.99	0.00	150.38
582.50	-5978.60	0.00	181.03
582.60	-5938.95	0.00	210.96
582.70	-5889.95	0.00	240.07
582.80	-5830.40	0.00	268.22
582.90	-5759.02	0.00	295.32
583.00	-5674.46	0.00	321.25
583.10	-5575.36	0.00	345.91
583.20	-5460.35	0.00	369.21
583.30	-5328.13	0.00	391.05
583.40	-5177.45	0.00	411.35
583.50	-5007.17	0.00	430.02
583.60	-4816.29	0.00	447.00
583.70	-4603.99	0.00	462.22
583.80	-4369.64	0.00	475.60
583.90	-4112.81	0.00	487.12
584.00	-3833.36	0.00	496.71
584.10	-3531.37	0.00	504.34
584.20	-3207.23	0.00	509.97
584.30	-2861.61	0.00	513.60
584.40	-2495.48	0.00	515.20
584.50	-2110.11	0.00	514.77
584.60	-1707.06	0.00	512.30
584.70	-1288.21	0.00	507.81
584.80	-855.68	0.00	501.32
584.90	-411.88	0.00	492.85
585.00	40.55	0.00	482.44
585.10	498.73	0.00	470.12
585.20	959.61	0.00	455.94
585.30	1419.98	0.00	439.97
585.40	1876.50	0.00	422.26
585.50	2325.75	0.00	402.88
585.60	2764.25	0.00	381.92
585.70	3188.53	0.00	359.44
585.80	3595.13	0.00	335.55
585.90	3980.69	0.00	310.34
586.00	4341.95	0.00	283.89
586.10	4675.83	0.00	256.33
586.20	4979.41	0.00	227.76
586.30	5250.04	0.00	198.29
586.40	5485.30	0.00	168.03
586.50	5683.10	0.00	137.11
586.60	5841.64	0.00	105.66
586.70	5959.50	0.00	73.78
586.80	6035.59	0.00	41.61
586.90	6069.22	0.00	9.28
587.00	6069.68	0.00	-23.09
587.10	6063.39	0.00	-55.36
587.20	6051.68	0.00	-87.42
587.30	6034.08	0.00	-119.14
587.40	6009.99	0.00	-150.38
587.50	5978.60	0.00	-181.03
587.60	5938.95	0.00	-210.96
587.70	5889.95	0.00	-240.07
587.80	5830.40	0.00	-268.22
587.90	5759.02	0.00	-295.32
588.00	5674.46	0.00	-321.25
588.10	5575.36	0.00	-345.91
588.20	5460.35	0.00	-369.21
588.30	5328.13	0.00	-391.05
588.40	5177.45	0.00	-411.35
588.50	5007.17	0.00	-430.02
588.60	4816.29	0.00	-447.00
588.70	4603.99	0.00	-462.22
588.80	4369.64	0.00	-475.60
588.90	4112.81	0.00	-487.12
589.00	3833.36	0.00	-496.71
589.10	3531.37	0.00	-504.34
589.20	3207.23	0.00	-509.97
589.30	2861.61	0.00	-513.60
589.40	2495.48	0.00	-515.20
589.50	2110.11	0.00	-514.77
589.60	1707.06	0.00	-512.30
589.70	1288.21	0.00	-507.81
589.80	855.68	0.00	-501.32
589.90	411.88	0.00	-492.85
590.00	-40.55	0.00	-482.44
590.10	-498.73	0.00	-470.12
590.20	-959.61	0.00	-455.94
590.30	-1419.98	0.00	-439.97
590.40	-1876.50	0.00	-422.26
590.50	-2325.75	0.00	-402.88
590.60	-2764.25	0.00	-381.92
590.70	-3188.53	0.00	-359.44
590.80	-3595.13	0.00	-335.55
590.90	-3980.69	0.00	-310.34
591.00	-4341.95	0.00	-283.89
591.10	-4675.83	0.00	-256.33
591.20	-4979.41	0.00	-227.76
591.30	-5250.04	0.00	-198.29
591.40	-5485.30	0.00	-168.03
591.50	-5683.10	0.00	-137.11
591.60	-5841.64	0.00	-105.66
591.70	-5959.50	0.00	-73.78
591.80	-6035.59	0.00	-41.61
591.90	-6069.22	0.00	-9.28
592.00	-6069.68	0.00	23.09
592.10	-6063.39	0.00	55.36
592.20	-6051.68	0.00	87.42
592.30	-6034.08	0.00	119.14
592.40	-6009.99	0.00	150.38
592.50	-5978.60	0.00	181.03
592.60	-5938.95	0.00	210.96
592.70	-5889.95	0.00	240.07
592.80	-5830.40	0.00	268.22
592.90	-5759.02	0.00	295.32
593.00	-5674.46	0.00	321.25
593.10	-5575.36	0.00	345.91
593.20	-5460.35	0.00	369.21
593.30	-5328.13	0.00	391.05
593.40	-5177.45	0.00	411.35
593.50	-5007.17	0.00	430.02
593.60	-4816.29	0.00	447.00
593.70	-4603.99	0.00	462.22
593.80	-4369.64	0.00	475.60
593.90	-4112.81	0.00	487.12
594.00	-3833.36	0.00	496.71
594.10	-3531.37	0.00	504.34
594.20	-3207.23	0.00	509.97
594.30	-2861.61	0.00	513.60
594.40	-2495.48	0.00	515.20
594.50	-2110.11	0.00	514.77
594.60	-1707.06	0.00	512.30
594.70	-1288.21	0.00	507.81
594.80	-855.68	0.00	501.32
594.90	-411.88	0.00	492.85
595.00	40.55	0.00	482.44
595.10	498.73	0.00	470.12
595.20	959.61	0.00	455.94
595.30	1419.98	0.00	439.97
595.40	1876.50	0.00	422.26
595.50	2325.75	0.00	402.88
595.60	2764.25	0.00	381.92
595.70	3188.53	0.00	359.44
595.80	3595.13	0.00	335.55
595.90	3980.69	0.00	310.34
596.00	4341.95	0.00	283.89
596.10	4675.83	0.00	256.33
596.20	4979.41	0.00	227.76
596.30	5250.04	0.00	198.29
596.40	5485.30	0.00	168.03
596.50	5683.10	0.00	137.11
596.60	5841.64	0.00	105.66
596.70	5959.50	0.00	73.78
596.80	6035.59	0.00	41.61
596.90	6069.22	0.00	9.28
597.00	6069.68	0.00	-23.09
597.10	6063.39	0.00	-55.36
597.20	6051.68	0.00	-87.42
597.30	6034.08	0.00	-119.14
597.40	6009.99	0.00	-150.38
597.50	5978.60	0.00	-181.03
597.60	5938.95	0.00	-210.96
597.70	5889.95	0.00	-240.07
597.80	5830.40	0.00	-268.22
597.90	5759.02	0.00	-295.32
598.00	5674.46	0.00	-321.25
598.10	5575.36	0.00	-345.91
598.20	5460.35	0.00	-369.21
598.30	5328.13	0.00	-391.05
598.40	5177.45	0.00	-411.35
598.50	5007.17	0.00	-430.02
598.60	4816.29	0.00	-447.00
598.70	4603.99	0.00	-462.22
598.80	4369.64	0.00	-475.60
598.90	4112.81	0.00	-487.12
599.00	3833.36	0.00	-496.71
599.10	3531.37	0.00	-504.34
599.20	3207.23	0.00	-509.97
599.30	2861.61	0.00	-513.60
599.40	2495.48	0.00	-515.20
599.50	2110.11	0.00	-514.77
599.60	1707.06	0.00	-512.30
599.70	1288.21	0.00	-507.81
599.80	855.68	0.00	-501.32
599.90	411.88	0.00	-492.85
600.00	-40.55	0.00	-482.44
