Time(s)	Fx(N)	Fy(N)	Fz(N)
0.00	3884.58	0.00	-2708.46
0.10	3200.81	0.00	-2677.77
0.20	2518.22	0.00	-2637.48
0.30	1839.43	0.00	-2588.06
0.40	1167.04	0.00	-2529.97
0.50	503.60	0.00	-2463.65
0.60	-148.42	0.00	-2389.55
0.70	-786.59	0.00	-2308.11
0.80	-1408.55	0.00	-2219.77
0.90	-2012.02	0.00	-2124.96
1.00	-2594.79	0.00	-2024.08
1.10	-3154.76	0.00	-1917.55
1.20	-3689.90	0.00	-1805.78
1.30	-4198.30	0.00	-1689.17
1.40	-4678.12	0.00	-1568.12
1.50	-5127.69	0.00	-1443.02
1.60	-5545.41	0.00	-1314.27
1.70	-5929.85	0.00	-1182.27
1.80	-6279.68	0.00	-1047.42
1.90	-6593.73	0.00	-910.14
2.00	-6870.99	0.00	-770.84
2.10	-7110.57	0.00	-629.95
2.20	-7311.77	0.00	-487.90
2.30	-7474.05	0.00	-345.14
2.40	-7597.02	0.00	-202.14
2.50	-7680.49	0.00	-59.35
2.60	-7724.43	0.00	82.73
2.70	-7728.98	0.00	223.62
2.80	-7694.47	0.00	362.80
2.90	-7621.40	0.00	499.78
3.00	-7510.47	0.00	634.03
3.10	-7362.53	0.00	765.03
3.20	-7179.76	0.00	892.25
3.30	-6964.81	0.00	1015.17
3.40	-6718.82	0.00	1133.27
3.50	-6443.01	0.00	1246.05
3.60	-6138.70	0.00	1352.99
3.70	-5807.36	0.00	1453.61
3.80	-5450.57	0.00	1547.46
3.90	-5069.99	0.00	1634.07
4.00	-4667.41	0.00	1713.03
4.10	-4244.74	0.00	1783.96
4.20	-3803.95	0.00	1846.50
4.30	-3347.14	0.00	1900.32
4.40	-2876.46	0.00	1945.16
4.50	-2394.18	0.00	1980.77
4.60	-1902.59	0.00	2006.97
4.70	-1404.07	0.00	2023.60
4.80	-901.06	0.00	2030.58
4.90	-396.00	0.00	2027.86
5.00	108.60	0.00	2015.45
5.10	610.26	0.00	1993.40
5.20	1106.46	0.00	1961.82
5.30	1594.71	0.00	1920.87
5.40	2072.54	0.00	1870.75
5.50	2537.52	0.00	1811.73
5.60	2987.27	0.00	1744.09
5.70	3419.49	0.00	1668.20
5.80	3831.94	0.00	1584.42
5.90	4222.48	0.00	1493.19
6.00	4589.07	0.00	1394.95
6.10	4929.80	0.00	1290.21
6.20	5242.87	0.00	1179.48
6.30	5526.63	0.00	1063.30
6.40	5779.58	0.00	942.24
6.50	6000.36	0.00	816.86
6.60	6187.80	0.00	687.78
6.70	6340.87	0.00	555.57
6.80	6458.75	0.00	420.87
6.90	6540.76	0.00	284.27
7.00	6587.45	0.00	146.38
7.10	6599.79	0.00	7.81
7.20	6577.66	0.00	-130.83
7.30	6521.09	0.00	-268.96
7.40	6430.23	0.00	-405.99
7.50	6305.37	0.00	-541.36
7.60	6146.91	0.00	-674.52
7.70	5955.42	0.00	-804.93
7.80	5731.56	0.00	-932.07
7.90	5476.14	0.00	-1055.43
8.00	5190.07	0.00	-1174.53
8.10	4874.42	0.00	-1288.92
8.20	4530.34	0.00	-1398.15
8.30	4159.13	0.00	-1501.78
8.40	3762.21	0.00	-1599.43
8.50	3341.09	0.00	-1690.71
8.60	2897.41	0.00	-1775.25
8.70	2432.92	0.00	-1852.71
8.80	1949.48	0.00	-1922.78
8.90	1449.05	0.00	-1985.14
9.00	933.70	0.00	-2039.51
9.10	405.57	0.00	-2085.65
9.20	-133.06	0.00	-2123.30
9.30	-679.88	0.00	-2152.25
9.40	-1232.46	0.00	-2172.31
9.50	-1788.32	0.00	-2183.30
9.60	-2344.90	0.00	-2185.07
9.70	-2899.59	0.00	-2177.51
9.80	-3449.74	0.00	-2160.51
9.90	-3992.66	0.00	-2134.01
10.00	-4525.62	0.00	-2097.97
10.10	-5045.90	0.00	-2052.37
10.20	-5550.77	0.00	-1997.25
10.30	-6037.50	0.00	-1932.65
10.40	-6503.41	0.00	-1858.66
10.50	-6945.84	0.00	-1775.43
10.60	-7362.20	0.00	-1683.10
10.70	-7749.97	0.00	-1581.88
10.80	-8106.70	0.00	-1472.03
10.90	-8430.07	0.00	-1353.82
11.00	-8717.86	0.00	-1227.58
11.10	-8967.99	0.00	-1093.69
11.20	-9179.68	0.00	-952.55
11.30	-9354.32	0.00	-804.63
11.40	-9490.72	0.00	-650.42
11.50	-9587.61	0.00	-490.45
11.60	-9643.88	0.00	-325.32
11.70	-9658.52	0.00	-155.64
11.80	-9630.66	0.00	17.94
11.90	-9559.57	0.00	194.72
12.00	-9444.67	0.00	373.98
12.10	-9285.54	0.00	554.97
12.20	-9081.91	0.00	736.90
12.30	-8833.69	0.00	918.96
12.40	-8540.96	0.00	1100.34
12.50	-8203.98	0.00	1280.18
12.60	-7823.22	0.00	1457.63
12.70	-7399.31	0.00	1631.84
12.80	-6933.12	0.00	1801.92
12.90	-6425.70	0.00	1967.02
13.00	-5878.34	0.00	2126.28
13.10	-5292.52	0.00	2278.83
13.20	-4669.96	0.00	2423.83
13.30	-4012.59	0.00	2560.48
13.40	-3322.56	0.00	2687.96
13.50	-2602.27	0.00	2805.51
13.60	-1854.30	0.00	2912.38
13.70	-1081.47	0.00	3007.87
13.80	-286.82	0.00	3091.31
13.90	526.42	0.00	3162.08
14.00	1354.82	0.00	3219.61
14.10	2194.76	0.00	3263.36
14.20	3042.46	0.00	3292.87
14.30	3893.95	0.00	3307.70
14.40	4745.16	0.00	3307.52
14.50	5591.86	0.00	3292.02
14.60	6429.74	0.00	3260.97
14.70	7254.39	0.00	3214.20
14.80	8061.35	0.00	3151.62
14.90	8846.14	0.00	3073.21
15.00	9604.26	0.00	2978.99
15.10	10331.23	0.00	2869.10
15.20	11022.64	0.00	2743.73
15.30	11674.15	0.00	2603.15
15.40	12281.52	0.00	2447.69
15.50	12840.68	0.00	2277.78
15.60	13347.71	0.00	2093.91
15.70	13798.92	0.00	1896.67
15.80	14190.83	0.00	1686.70
15.90	14520.23	0.00	1464.73
16.00	14784.71	0.00	1231.55
16.10	14989.88	0.00	988.05
16.20	15136.70	0.00	735.17
16.30	15223.53	0.00	473.92
16.40	15248.87	0.00	205.40
16.50	15211.43	0.00	-69.24
16.60	15110.11	0.00	-348.81
16.70	14944.02	0.00	-632.01
16.80	14712.48	0.00	-917.55
16.90	14415.04	0.00	-1204.04
17.00	14051.50	0.00	-1490.07
17.10	13621.94	0.00	-1774.18
17.20	13126.68	0.00	-2054.91
17.30	12566.35	0.00	-2330.73
17.40	11941.88	0.00	-2600.14
17.50	11254.53	0.00	-2861.60
17.60	10505.87	0.00	-3113.58
17.70	9697.82	0.00	-3354.56
17.80	8832.68	0.00	-3583.04
17.90	7913.09	0.00	-3797.55
18.00	6942.06	0.00	-3996.65
18.10	5922.99	0.00	-4178.96
18.20	4859.66	0.00	-4343.16
18.30	3756.22	0.00	-4487.98
18.40	2617.19	0.00	-4612.25
18.50	1447.45	0.00	-4714.89
18.60	252.24	0.00	-4794.91
18.70	-962.89	0.00	-4851.42
18.80	-2192.06	0.00	-4883.69
18.90	-3429.12	0.00	-4891.08
19.00	-4667.68	0.00	-4873.09
19.10	-5901.11	0.00	-4829.39
19.20	-7122.64	0.00	-4759.77
19.30	-8325.35	0.00	-4664.20
19.40	-9502.25	0.00	-4542.79
19.50	-10646.31	0.00	-4395.82
19.60	-11750.54	0.00	-4223.74
19.70	-12808.03	0.00	-4027.18
19.80	-13812.00	0.00	-3806.91
19.90	-14755.88	0.00	-3563.88
20.00	-15633.36	0.00	-3299.19
20.10	-16438.44	0.00	-3014.12
20.20	-17165.52	0.00	-2710.08
20.30	-17809.40	0.00	-2388.64
20.40	-18365.38	0.00	-2051.49
20.50	-18829.30	0.00	-1700.45
20.60	-19197.56	0.00	-1337.46
20.70	-19467.18	0.00	-964.55
20.80	-19635.86	0.00	-583.86
20.90	-19708.38	0.00	-197.59
21.00	-19697.26	0.00	192.01
21.10	-19602.48	0.00	582.63
21.20	-19423.93	0.00	971.94
21.30	-19161.84	0.00	1357.60
21.40	-18816.79	0.00	1737.29
21.50	-18389.70	0.00	2108.69
21.60	-17881.86	0.00	2469.55
21.70	-17294.91	0.00	2817.66
21.80	-16630.89	0.00	3150.89
21.90	-15892.19	0.00	3467.21
22.00	-15081.57	0.00	3764.69
22.10	-14202.21	0.00	4041.52
22.20	-13257.62	0.00	4296.05
22.30	-12251.73	0.00	4526.75
22.40	-11188.81	0.00	4732.27
22.50	-10073.50	0.00	4911.41
22.60	-8910.80	0.00	5063.18
22.70	-7706.02	0.00	5186.76
22.80	-6464.81	0.00	5281.51
22.90	-5193.07	0.00	5347.00
23.00	-3896.99	0.00	5383.00
23.10	-2582.97	0.00	5389.47
23.20	-1257.61	0.00	5366.59
23.30	72.35	0.00	5314.70
23.40	1400.04	0.00	5234.36
23.50	2718.57	0.00	5126.29
23.60	4020.98	0.00	4991.42
23.70	5300.39	0.00	4830.82
23.80	6550.00	0.00	4645.74
23.90	7763.12	0.00	4437.55
24.00	8933.29	0.00	4207.78
24.10	10054.27	0.00	3958.08
24.20	11120.12	0.00	3690.19
24.30	12125.24	0.00	3405.97
24.40	13064.41	0.00	3107.33
24.50	13932.85	0.00	2796.26
24.60	14726.25	0.00	2474.80
24.70	15440.78	0.00	2145.00
24.80	16073.16	0.00	1808.94
24.90	16620.66	0.00	1468.70
25.00	17081.12	0.00	1126.35
25.10	17452.96	0.00	783.91
25.20	17735.21	0.00	443.38
25.30	17927.47	0.00	106.68
25.40	18029.94	0.00	-224.33
25.50	18043.41	0.00	-547.87
25.60	17969.21	0.00	-862.25
25.70	17809.33	0.00	-1165.89
25.80	17576.01	0.00	-1457.32
25.90	17278.06	0.00	-1735.16
26.00	16917.83	0.00	-1998.20
26.10	16497.90	0.00	-2245.32
26.20	16021.00	0.00	-2475.54
26.30	15490.02	0.00	-2688.03
26.40	14908.00	0.00	-2882.08
26.50	14278.12	0.00	-3057.12
26.60	13603.68	0.00	-3212.71
26.70	12888.12	0.00	-3348.56
26.80	12134.96	0.00	-3464.48
26.90	11347.80	0.00	-3560.44
27.00	10530.34	0.00	-3636.50
27.10	9686.33	0.00	-3692.88
27.20	8819.59	0.00	-3729.86
27.30	7933.96	0.00	-3747.87
27.40	7033.29	0.00	-3747.41
27.50	6121.46	0.00	-3729.08
27.60	5202.32	0.00	-3693.57
27.70	4279.72	0.00	-3641.63
27.80	3357.43	0.00	-3574.09
27.90	2439.20	0.00	-3491.84
28.00	1528.66	0.00	-3395.81
28.10	629.39	0.00	-3287.00
28.20	-255.18	0.00	-3166.42
28.30	-1121.71	0.00	-3035.11
28.40	-1967.04	0.00	-2894.15
28.50	-2788.13	0.00	-2744.62
28.60	-3582.14	0.00	-2587.61
28.70	-4346.39	0.00	-2424.21
28.80	-5078.43	0.00	-2255.51
28.90	-5775.98	0.00	-2082.57
29.00	-6437.00	0.00	-1906.45
29.10	-7059.67	0.00	-1728.20
29.20	-7642.41	0.00	-1548.80
29.30	-8183.84	0.00	-1369.25
29.40	-8682.87	0.00	-1190.47
29.50	-9138.61	0.00	-1013.36
29.60	-9550.43	0.00	-838.79
29.70	-9917.93	0.00	-667.57
29.80	-10240.95	0.00	-500.44
29.90	-10519.55	0.00	-338.14
30.00	-10754.01	0.00	-181.31
30.10	-10944.85	0.00	-30.56
30.20	-11092.75	0.00	113.56
30.30	-11198.63	0.00	250.57
30.40	-11263.54	0.00	380.02
30.50	-11288.75	0.00	501.57
30.60	-11275.63	0.00	614.88
30.70	-11225.73	0.00	719.71
30.80	-11140.69	0.00	815.87
30.90	-11022.29	0.00	903.23
31.00	-10872.36	0.00	981.71
31.10	-10693.14	0.00	1051.32
31.20	-10490.83	0.00	1112.09
31.30	-10268.51	0.00	1164.14
31.40	-10027.82	0.00	1207.62
31.50	-9770.39	0.00	1242.75
31.60	-9497.77	0.00	1269.80
31.70	-9211.52	0.00	1289.09
31.80	-8913.11	0.00	1300.99
31.90	-8603.96	0.00	1305.92
32.00	-8285.43	0.00	1304.32
32.10	-7958.79	0.00	1296.69
32.20	-7625.24	0.00	1283.57
32.30	-7285.90	0.00	1265.53
32.40	-6941.80	0.00	1243.15
32.50	-6593.87	0.00	1217.04
32.60	-6242.93	0.00	1187.85
32.70	-5889.72	0.00	1156.23
32.80	-5534.87	0.00	1122.82
32.90	-5178.91	0.00	1088.30
33.00	-4822.25	0.00	1053.32
33.10	-4465.20	0.00	1018.53
33.20	-4107.99	0.00	984.58
33.30	-3750.73	0.00	952.08
33.40	-3393.44	0.00	921.63
33.50	-3036.05	0.00	893.80
33.60	-2678.40	0.00	869.11
33.70	-2320.26	0.00	848.05
33.80	-1961.34	0.00	831.06
33.90	-1601.26	0.00	818.52
34.00	-1239.62	0.00	810.77
34.10	-875.97	0.00	808.06
34.20	-509.83	0.00	810.61
34.30	-140.71	0.00	818.54
34.40	231.87	0.00	831.90
34.50	608.40	0.00	850.67
34.60	989.32	0.00	874.77
34.70	1375.03	0.00	904.01
34.80	1765.90	0.00	938.13
34.90	2162.18	0.00	976.80
35.00	2564.07	0.00	1019.59
35.10	2971.65	0.00	1066.02
35.20	3384.88	0.00	1115.52
35.30	3803.62	0.00	1167.45
35.40	4227.54	0.00	1221.09
35.50	4656.19	0.00	1275.68
35.60	5088.96	0.00	1330.39
35.70	5525.04	0.00	1384.34
35.80	5963.46	0.00	1436.61
35.90	6403.07	0.00	1486.25
36.00	6842.51	0.00	1532.27
36.10	7280.25	0.00	1573.67
36.20	7714.58	0.00	1609.45
36.30	8143.57	0.00	1638.61
36.40	8565.15	0.00	1660.16
36.50	8977.05	0.00	1673.12
36.60	9376.87	0.00	1676.58
36.70	9762.04	0.00	1669.65
36.80	10129.87	0.00	1651.50
36.90	10477.56	0.00	1621.37
37.00	10802.23	0.00	1578.59
37.10	11100.92	0.00	1522.57
37.20	11370.64	0.00	1452.81
37.30	11608.84	0.00	1368.94
37.40	11817.77	0.00	1270.67
37.50	11996.26	0.00	1157.88
37.60	12141.72	0.00	1030.53
37.70	12251.59	0.00	888.76
37.80	12323.34	0.00	732.81
37.90	12354.52	0.00	563.09
38.00	12342.73	0.00	380.13
38.10	12285.72	0.00	184.64
38.20	12181.35	0.00	-22.57
38.30	12027.65	0.00	-240.53
38.40	11822.82	0.00	-468.12
38.50	11565.30	0.00	-704.11
38.60	11253.73	0.00	-947.14
38.70	10887.05	0.00	-1195.73
38.80	10464.45	0.00	-1448.29
38.90	9985.47	0.00	-1703.15
39.00	9449.95	0.00	-1958.53
39.10	8858.10	0.00	-2212.60
39.20	8210.52	0.00	-2463.46
39.30	7508.20	0.00	-2709.19
39.40	6752.53	0.00	-2947.81
39.50	5945.36	0.00	-3177.35
39.60	5088.93	0.00	-3395.85
39.70	4185.97	0.00	-3601.36
39.80	3239.64	0.00	-3792.00
39.90	2253.54	0.00	-3965.91
40.00	1231.75	0.00	-4121.33
40.10	178.74	0.00	-4256.59
40.20	-900.56	0.00	-4370.13
40.30	-2000.85	0.00	-4460.52
40.40	-3116.44	0.00	-4526.45
40.50	-4241.28	0.00	-4566.79
40.60	-5369.02	0.00	-4580.57
40.70	-6493.05	0.00	-4566.99
40.80	-7606.53	0.00	-4525.45
40.90	-8702.41	0.00	-4455.54
41.00	-9773.57	0.00	-4357.05
41.10	-10812.80	0.00	-4230.01
41.20	-11812.88	0.00	-4074.63
41.30	-12766.67	0.00	-3891.36
41.40	-13667.14	0.00	-3680.84
41.50	-14507.47	0.00	-3443.97
41.60	-15281.09	0.00	-3181.81
41.70	-15981.77	0.00	-2895.66
41.80	-16603.65	0.00	-2587.00
41.90	-17141.36	0.00	-2257.52
42.00	-17590.01	0.00	-1909.05
42.10	-17945.30	0.00	-1543.64
42.20	-18203.54	0.00	-1163.43
42.30	-18361.72	0.00	-770.75
42.40	-18425.58	0.00	-368.03
42.50	-18403.20	0.00	42.21
42.60	-18293.53	0.00	457.36
42.70	-18095.89	0.00	874.73
42.80	-17810.02	0.00	1291.60
42.90	-17436.08	0.00	1705.22
43.00	-16974.68	0.00	2112.86
43.10	-16426.85	0.00	2511.78
43.20	-15794.11	0.00	2899.28
43.30	-15078.43	0.00	3272.74
43.40	-14282.28	0.00	3629.62
43.50	-13408.58	0.00	3967.45
43.60	-12460.78	0.00	4283.92
43.70	-11442.78	0.00	4576.82
43.80	-10359.00	0.00	4844.11
43.90	-9214.33	0.00	5083.93
44.00	-8014.12	0.00	5294.58
44.10	-6764.19	0.00	5474.57
44.20	-5470.81	0.00	5622.61
44.30	-4140.62	0.00	5737.65
44.40	-2780.70	0.00	5818.82
44.50	-1398.43	0.00	5865.53
44.60	-1.53	0.00	5877.39
44.70	1402.05	0.00	5854.26
44.80	2804.13	0.00	5796.24
44.90	4196.38	0.00	5703.66
45.00	5570.38	0.00	5577.09
45.10	6917.68	0.00	5417.31
45.20	8229.87	0.00	5225.36
45.30	9498.64	0.00	5002.45
45.40	10715.86	0.00	4750.03
45.50	11873.64	0.00	4469.71
45.60	12964.42	0.00	4163.31
45.70	13981.02	0.00	3832.80
45.80	14916.70	0.00	3480.29
45.90	15765.26	0.00	3108.04
46.00	16521.06	0.00	2718.44
46.10	17179.08	0.00	2313.94
46.20	17735.00	0.00	1897.12
46.30	18185.18	0.00	1470.58
46.40	18526.78	0.00	1037.00
46.50	18757.69	0.00	599.05
46.60	18876.63	0.00	159.45
46.70	18883.11	0.00	-279.14
46.80	18781.92	0.00	-714.06
46.90	18587.18	0.00	-1142.69
47.00	18300.93	0.00	-1562.51
47.10	17924.76	0.00	-1971.05
47.20	17460.61	0.00	-2365.96
47.30	16910.80	0.00	-2745.00
47.40	16278.04	0.00	-3106.03
47.50	15565.38	0.00	-3447.08
47.60	14776.26	0.00	-3766.32
47.70	13914.48	0.00	-4062.07
47.80	12984.17	0.00	-4332.84
47.90	11989.84	0.00	-4577.30
48.00	10936.30	0.00	-4794.30
48.10	9828.72	0.00	-4982.88
48.20	8672.55	0.00	-5142.27
48.30	7473.55	0.00	-5271.90
48.40	6237.73	0.00	-5371.38
48.50	4971.39	0.00	-5440.51
48.60	3681.00	0.00	-5479.27
48.70	2373.25	0.00	-5487.85
48.80	1054.98	0.00	-5466.58
48.90	-266.85	0.00	-5416.00
49.00	-1585.20	0.00	-5336.79
49.10	-2892.98	0.00	-5229.80
49.20	-4183.13	0.00	-5096.02
49.30	-5448.61	0.00	-4936.57
49.40	-6682.50	0.00	-4752.71
49.50	-7878.02	0.00	-4545.81
49.60	-9028.56	0.00	-4317.35
49.70	-10127.78	0.00	-4068.90
49.80	-11169.60	0.00	-3802.09
49.90	-12148.29	0.00	-3518.65
50.00	-13058.48	0.00	-3220.34
50.10	-13895.22	0.00	-2908.96
50.20	-14653.99	0.00	-2586.37
50.30	-15330.78	0.00	-2254.40
50.40	-15922.06	0.00	-1914.92
50.50	-16424.85	0.00	-1569.78
50.60	-16836.72	0.00	-1220.82
50.70	-17155.80	0.00	-869.85
50.80	-17380.81	0.00	-518.64
50.90	-17511.04	0.00	-168.91
51.00	-17546.55	0.00	177.66
51.10	-17497.86	0.00	519.47
51.20	-17371.62	0.00	854.97
51.30	-17168.88	0.00	1182.71
51.40	-16890.90	0.00	1501.29
51.50	-16539.17	0.00	1809.43
51.60	-16115.40	0.00	2105.89
51.70	-15621.50	0.00	2389.58
51.80	-15059.61	0.00	2659.44
51.90	-14432.05	0.00	2914.55
52.00	-13741.36	0.00	3154.06
52.10	-12990.26	0.00	3377.23
52.20	-12181.71	0.00	3583.39
52.30	-11318.84	0.00	3771.99
52.40	-10404.99	0.00	3942.54
52.50	-9443.70	0.00	4094.66
52.60	-8438.69	0.00	4228.03
52.70	-7393.88	0.00	4342.43
52.80	-6313.38	0.00	4437.72
52.90	-5201.48	0.00	4513.82
53.00	-4062.63	0.00	4570.72
53.10	-2901.46	0.00	4608.48
53.20	-1722.74	0.00	4627.22
53.30	-531.38	0.00	4627.13
53.40	667.59	0.00	4608.43
53.50	1869.01	0.00	4571.41
53.60	3067.66	0.00	4516.40
53.70	4258.24	0.00	4443.77
53.80	5435.38	0.00	4353.95
53.90	6593.74	0.00	4247.37
54.00	7727.92	0.00	4124.53
54.10	8832.59	0.00	3985.95
54.20	9902.46	0.00	3832.19
54.30	10932.33	0.00	3663.82
54.40	11917.11	0.00	3481.46
54.50	12851.84	0.00	3285.74
54.60	13731.76	0.00	3077.34
54.70	14552.29	0.00	2856.94
54.80	15309.08	0.00	2625.26
54.90	15998.06	0.00	2383.05
55.00	16615.43	0.00	2131.08
55.10	17157.71	0.00	1870.14
55.20	17621.76	0.00	1601.07
55.30	18004.81	0.00	1324.71
55.40	18304.46	0.00	1041.94
55.50	18518.73	0.00	753.68
55.60	18651.08	0.00	460.84
55.70	18713.02	0.00	164.40
55.80	18704.50	0.00	-134.65
55.90	18625.02	0.00	-435.31
56.00	18474.23	0.00	-736.53
56.10	18251.93	0.00	-1037.25
56.20	17958.09	0.00	-1336.39
56.30	17592.83	0.00	-1632.82
56.40	17156.47	0.00	-1925.44
56.50	16649.53	0.00	-2213.09
56.60	16072.73	0.00	-2494.64
56.70	15427.03	0.00	-2768.91
56.80	14713.60	0.00	-3034.74
56.90	13933.91	0.00	-3290.97
57.00	13089.67	0.00	-3536.44
57.10	12182.90	0.00	-3770.01
57.20	11215.92	0.00	-3990.54
57.30	10191.34	0.00	-4196.92
57.40	9112.15	0.00	-4388.07
57.50	7981.63	0.00	-4562.95
57.60	6803.43	0.00	-4720.55
57.70	5581.55	0.00	-4859.91
57.80	4320.33	0.00	-4980.15
57.90	3024.46	0.00	-5080.41
58.00	1698.98	0.00	-5159.93
58.10	349.26	0.00	-5218.02
58.20	-1019.03	0.00	-5254.05
58.30	-2399.89	0.00	-5267.51
58.40	-3787.07	0.00	-5257.97
58.50	-5174.07	0.00	-5225.08
58.60	-6554.17	0.00	-5168.63
58.70	-7920.46	0.00	-5088.50
58.80	-9265.91	0.00	-4984.67
58.90	-10583.39	0.00	-4857.25
59.00	-11865.70	0.00	-4706.47
59.10	-13105.68	0.00	-4532.69
59.20	-14296.18	0.00	-4336.36
59.30	-15430.21	0.00	-4118.07
59.40	-16500.89	0.00	-3878.55
59.50	-17501.61	0.00	-3618.63
59.60	-18426.00	0.00	-3339.25
59.70	-19268.04	0.00	-3041.49
59.80	-20022.10	0.00	-2726.53
59.90	-20682.97	0.00	-2395.65
60.00	-21245.97	0.00	-2050.26
60.10	-21706.90	0.00	-1691.84
60.20	-22062.18	0.00	-1321.97
60.30	-22308.83	0.00	-942.32
60.40	-22448.57	0.00	-554.63
60.50	-22499.52	0.00	-160.70
60.60	-22463.29	0.00	237.61
60.70	-22339.16	0.00	638.37
60.80	-22126.62	0.00	1039.65
60.90	-21825.45	0.00	1439.46
61.00	-21435.66	0.00	1835.81
61.10	-20957.57	0.00	2226.70
61.20	-20391.77	0.00	2610.14
61.30	-19739.18	0.00	2984.16
61.40	-19001.03	0.00	3346.80
61.50	-18178.91	0.00	3696.16
61.60	-17274.77	0.00	4030.38
61.70	-16290.92	0.00	4347.68
61.80	-15230.11	0.00	4646.32
61.90	-14095.46	0.00	4924.67
62.00	-12890.55	0.00	5181.18
62.10	-11619.35	0.00	5414.42
62.20	-10286.32	0.00	5623.06
62.30	-8896.31	0.00	5805.87
62.40	-7454.66	0.00	5961.79
62.50	-5967.11	0.00	6089.86
62.60	-4439.83	0.00	6189.28
62.70	-2879.41	0.00	6259.38
62.80	-1292.81	0.00	6299.65
62.90	312.66	0.00	6309.75
63.00	1929.34	0.00	6289.46
63.10	3549.31	0.00	6238.76
63.20	5164.40	0.00	6157.76
63.30	6766.24	0.00	6046.74
63.40	8346.34	0.00	5906.15
63.50	9896.12	0.00	5736.59
63.60	11406.97	0.00	5538.80
63.70	12870.35	0.00	5313.68
63.80	14277.81	0.00	5062.29
63.90	15621.09	0.00	4785.82
64.00	16892.18	0.00	4485.58
64.10	18083.37	0.00	4163.04
64.20	19187.36	0.00	3819.75
64.30	20197.28	0.00	3457.41
64.40	21106.78	0.00	3077.79
64.50	21910.08	0.00	2682.77
64.60	22602.01	0.00	2274.29
64.70	23178.11	0.00	1854.40
64.80	23634.59	0.00	1425.16
64.90	23968.43	0.00	988.72
65.00	24177.42	0.00	547.24
65.10	24260.10	0.00	102.92
65.20	24225.24	0.00	-342.04
65.30	24093.53	0.00	-785.43
65.40	23865.98	0.00	-1225.08
65.50	23543.11	0.00	-1658.79
65.60	23125.73	0.00	-2084.45
65.70	22614.89	0.00	-2499.97
65.80	22011.96	0.00	-2903.33
65.90	21318.58	0.00	-3292.56
66.00	20536.69	0.00	-3665.79
66.10	19668.58	0.00	-4021.23
66.20	18716.84	0.00	-4357.20
66.30	17684.43	0.00	-4672.10
66.40	16574.65	0.00	-4964.49
66.50	15391.17	0.00	-5233.00
66.60	14138.05	0.00	-5476.42
66.70	12819.72	0.00	-5693.67
66.80	11441.01	0.00	-5883.80
66.90	10007.13	0.00	-6046.01
67.00	8523.66	0.00	-6179.65
67.10	6996.57	0.00	-6284.19
67.20	5432.19	0.00	-6359.27
67.30	3837.19	0.00	-6404.69
67.40	2218.55	0.00	-6420.37
67.50	583.55	0.00	-6406.39
67.60	-1060.25	0.00	-6362.97
67.70	-2705.10	0.00	-6290.47
67.80	-4343.04	0.00	-6189.41
67.90	-5965.98	0.00	-6060.40
68.00	-7565.76	0.00	-5904.21
68.10	-9134.17	0.00	-5721.71
68.20	-10663.00	0.00	-5513.90
68.30	-12144.17	0.00	-5281.88
68.40	-13569.68	0.00	-5026.86
68.50	-14931.76	0.00	-4750.12
68.60	-16222.88	0.00	-4453.04
68.70	-17435.84	0.00	-4137.08
68.80	-18563.79	0.00	-3803.75
68.90	-19600.32	0.00	-3454.65
69.00	-20539.49	0.00	-3091.38
69.10	-21375.89	0.00	-2715.62
69.20	-22104.69	0.00	-2329.08
69.30	-22721.65	0.00	-1933.47
69.40	-23223.19	0.00	-1530.54
69.50	-23606.40	0.00	-1122.04
69.60	-23869.08	0.00	-709.70
69.70	-24009.72	0.00	-295.28
69.80	-24030.03	0.00	119.51
69.90	-23952.30	0.00	532.95
70.00	-23782.12	0.00	943.39
70.10	-23519.87	0.00	1349.16
70.20	-23166.14	0.00	1748.67
70.30	-22721.70	0.00	2140.36
70.40	-22187.50	0.00	2522.71
70.50	-21564.73	0.00	2894.25
70.60	-20854.77	0.00	3253.59
70.70	-20059.25	0.00	3599.36
70.80	-19180.04	0.00	3930.27
70.90	-18219.30	0.00	4245.10
71.00	-17179.46	0.00	4542.69
71.10	-16063.25	0.00	4821.92
71.20	-14873.72	0.00	5081.78
71.30	-13614.27	0.00	5321.29
71.40	-12288.64	0.00	5539.55
71.50	-10900.95	0.00	5735.75
71.60	-9455.67	0.00	5909.12
71.70	-7957.69	0.00	6058.99
71.80	-6412.25	0.00	6184.73
71.90	-4825.00	0.00	6285.81
72.00	-3201.98	0.00	6361.76
72.10	-1549.59	0.00	6412.19
72.20	125.40	0.00	6436.78
72.30	1815.89	0.00	6435.28
72.40	3514.43	0.00	6407.55
72.50	5213.29	0.00	6353.48
72.60	6904.50	0.00	6273.09
72.70	8579.85	0.00	6166.44
72.80	10230.95	0.00	6033.71
72.90	11849.30	0.00	5875.14
73.00	13426.29	0.00	5691.07
73.10	14953.33	0.00	5481.93
73.20	16421.84	0.00	5248.25
73.30	17823.36	0.00	4990.63
73.40	19149.56	0.00	4709.79
73.50	20392.38	0.00	4406.54
73.60	21544.03	0.00	4081.78
73.70	22597.09	0.00	3736.52
73.80	23544.57	0.00	3371.87
73.90	24379.97	0.00	2989.04
74.00	25097.34	0.00	2589.33
74.10	25691.35	0.00	2174.15
74.20	26157.30	0.00	1745.00
74.30	26491.25	0.00	1303.48
74.40	26699.22	0.00	851.28
74.50	26805.38	0.00	390.17
74.60	26809.90	0.00	-77.99
74.70	26711.51	0.00	-551.26
74.80	26509.13	0.00	-1027.63
74.90	26201.85	0.00	-1505.03
75.00	25789.02	0.00	-1981.33
75.10	25270.19	0.00	-2454.37
75.20	24645.22	0.00	-2921.92
75.30	23914.25	0.00	-3381.76
75.40	23077.76	0.00	-3831.62
75.50	22136.59	0.00	-4269.25
75.60	21092.00	0.00	-4692.40
75.70	19945.68	0.00	-5098.85
75.80	18699.83	0.00	-5486.40
75.90	17357.14	0.00	-5852.90
76.00	15920.85	0.00	-6196.27
76.10	14394.81	0.00	-6514.50
76.20	12783.44	0.00	-6805.68
76.30	11091.83	0.00	-7068.00
76.40	9325.68	0.00	-7299.74
76.50	7491.37	0.00	-7499.34
76.60	5595.94	0.00	-7665.38
76.70	3647.07	0.00	-7796.57
76.80	1653.08	0.00	-7891.81
76.90	-377.07	0.00	-7950.15
77.00	-2433.86	0.00	-7970.86
77.10	-4507.23	0.00	-7953.36
77.20	-6586.62	0.00	-7897.30
77.30	-8661.04	0.00	-7802.51
77.40	-10719.14	0.00	-7669.05
77.50	-12749.29	0.00	-7497.17
77.60	-14739.65	0.00	-7287.37
77.70	-16678.30	0.00	-7040.32
77.80	-18553.29	0.00	-6756.94
77.90	-20352.76	0.00	-6438.33
78.00	-22065.07	0.00	-6085.80
78.10	-23678.86	0.00	-5700.89
78.20	-25183.21	0.00	-5285.31
78.30	-26567.69	0.00	-4840.93
78.40	-27822.53	0.00	-4369.85
78.50	-28938.67	0.00	-3874.29
78.60	-29907.87	0.00	-3356.63
78.70	-30722.79	0.00	-2819.41
78.80	-31377.10	0.00	-2265.27
78.90	-31865.50	0.00	-1696.96
79.00	-32183.84	0.00	-1117.34
79.10	-32356.38	0.00	-529.33
79.20	-32408.92	0.00	64.07
79.30	-32340.59	0.00	659.85
79.40	-32150.72	0.00	1254.94
79.50	-31838.89	0.00	1846.30
79.60	-31404.94	0.00	2430.86
79.70	-30848.97	0.00	3005.62
79.80	-30171.40	0.00	3567.61
79.90	-29372.97	0.00	4113.91
80.00	-28454.77	0.00	4641.70
80.10	-27418.31	0.00	5148.25
80.20	-26265.50	0.00	5630.94
80.30	-24998.75	0.00	6087.29
80.40	-23620.96	0.00	6514.95
80.50	-22135.59	0.00	6911.72
80.60	-20546.64	0.00	7275.58
80.70	-18858.77	0.00	7604.68
80.80	-17077.22	0.00	7897.36
80.90	-15207.91	0.00	8152.14
81.00	-13257.43	0.00	8367.77
81.10	-11233.00	0.00	8543.18
81.20	-9142.55	0.00	8677.54
81.30	-6994.63	0.00	8770.22
81.40	-4798.44	0.00	8820.81
81.50	-2563.77	0.00	8829.12
81.60	-300.96	0.00	8795.19
81.70	1979.12	0.00	8719.28
81.80	4265.17	0.00	8601.85
81.90	6545.51	0.00	8443.58
82.00	8808.16	0.00	8245.36
82.10	11040.92	0.00	8008.28
82.20	13231.48	0.00	7733.63
82.30	15367.48	0.00	7422.86
82.40	17436.66	0.00	7077.63
82.50	19426.94	0.00	6699.76
82.60	21326.51	0.00	6291.21
82.70	23123.98	0.00	5854.10
82.80	24808.42	0.00	5390.68
82.90	26369.55	0.00	4903.32
83.00	27797.77	0.00	4394.51
83.10	29084.26	0.00	3866.81
83.20	30221.10	0.00	3322.90
83.30	31201.33	0.00	2765.48
83.40	32019.01	0.00	2197.35
83.50	32669.28	0.00	1621.31
83.60	33148.43	0.00	1040.22
83.70	33453.90	0.00	456.92
83.80	33584.34	0.00	-125.74
83.90	33541.80	0.00	-704.92
84.00	33368.35	0.00	-1277.83
84.10	33080.58	0.00	-1841.71
84.20	32679.68	0.00	-2393.87
84.30	32167.04	0.00	-2931.69
84.40	31544.25	0.00	-3452.64
84.50	30813.09	0.00	-3954.26
84.60	29975.61	0.00	-4434.24
84.70	29034.13	0.00	-4890.36
84.80	27991.24	0.00	-5320.55
84.90	26849.87	0.00	-5722.85
85.00	25613.27	0.00	-6095.50
85.10	24285.11	0.00	-6436.85
85.20	22869.42	0.00	-6745.43
85.30	21370.67	0.00	-7019.96
85.40	19793.78	0.00	-7259.31
85.50	18144.10	0.00	-7462.56
85.60	16427.47	0.00	-7628.97
85.70	14650.20	0.00	-7757.97
85.80	12819.04	0.00	-7849.20
85.90	10941.21	0.00	-7902.52
86.00	9024.37	0.00	-7917.93
86.10	7076.58	0.00	-7895.67
86.20	5106.27	0.00	-7836.15
86.30	3122.24	0.00	-7739.98
86.40	1133.53	0.00	-7607.96
86.50	-850.55	0.00	-7441.06
86.60	-2820.53	0.00	-7240.42
86.70	-4766.83	0.00	-7007.39
86.80	-6679.85	0.00	-6743.43
86.90	-8550.00	0.00	-6450.20
87.00	-10367.83	0.00	-6129.47
87.10	-12124.08	0.00	-5783.16
87.20	-13809.74	0.00	-5413.33
87.30	-15416.18	0.00	-5022.13
87.40	-16935.19	0.00	-4611.81
87.50	-18359.08	0.00	-4184.72
87.60	-19680.70	0.00	-3743.29
87.70	-20893.58	0.00	-3289.98
87.80	-21991.92	0.00	-2827.33
87.90	-22970.70	0.00	-2357.89
88.00	-23825.68	0.00	-1884.24
88.10	-24553.45	0.00	-1408.94
88.20	-25151.50	0.00	-934.55
88.30	-25618.17	0.00	-463.61
88.40	-25952.71	0.00	1.41
88.50	-26155.26	0.00	458.08
88.60	-26226.86	0.00	904.05
88.70	-26169.40	0.00	1337.06
88.80	-25985.63	0.00	1754.96
88.90	-25679.11	0.00	2155.68
89.00	-25254.22	0.00	2537.33
89.10	-24734.46	0.00	2898.11
89.20	-24138.18	0.00	3236.40
89.30	-23469.13	0.00	3550.72
89.40	-22731.22	0.00	3839.77
89.50	-21928.52	0.00	4102.42
89.60	-21065.28	0.00	4337.70
89.70	-20145.91	0.00	4544.85
89.80	-19174.98	0.00	4723.30
89.90	-18157.20	0.00	4872.63
90.00	-17097.42	0.00	4992.66
90.10	-16000.61	0.00	5083.37
90.20	-14871.85	0.00	5144.93
90.30	-13716.32	0.00	5177.70
90.40	-12539.27	0.00	5182.21
90.50	-11346.01	0.00	5159.18
90.60	-10141.86	0.00	5109.48
90.70	-8932.16	0.00	5034.13
90.80	-7722.22	0.00	4934.31
90.90	-6517.29	0.00	4811.33
91.00	-5322.54	0.00	4666.63
91.10	-4143.02	0.00	4501.75
91.20	-2983.62	0.00	4318.34
91.30	-1849.08	0.00	4118.11
91.40	-743.89	0.00	3902.88
91.50	327.68	0.00	3674.49
91.60	1361.65	0.00	3434.83
91.70	2354.30	0.00	3185.81
91.80	3302.28	0.00	2929.36
91.90	4202.55	0.00	2667.39
92.00	5052.45	0.00	2401.80
92.10	5849.69	0.00	2134.46
92.20	6592.37	0.00	1867.18
92.30	7278.98	0.00	1601.72
92.40	7908.42	0.00	1339.75
92.50	8479.99	0.00	1082.88
92.60	8993.37	0.00	832.61
92.70	9448.65	0.00	590.35
92.80	9846.27	0.00	357.38
92.90	10187.05	0.00	134.87
93.00	10472.15	0.00	-76.11
93.10	10703.04	0.00	-274.64
93.20	10881.51	0.00	-459.94
93.30	11009.59	0.00	-631.34
93.40	11089.59	0.00	-788.30
93.50	11124.00	0.00	-930.43
93.60	11115.53	0.00	-1057.47
93.70	11067.01	0.00	-1169.27
93.80	10981.43	0.00	-1265.81
93.90	10861.83	0.00	-1347.19
94.00	10711.35	0.00	-1413.63
94.10	10533.14	0.00	-1465.45
94.20	10330.36	0.00	-1503.06
94.30	10106.14	0.00	-1526.98
94.40	9863.58	0.00	-1537.80
94.50	9605.68	0.00	-1536.18
94.60	9335.36	0.00	-1522.87
94.70	9055.43	0.00	-1498.65
94.80	8768.54	0.00	-1464.36
94.90	8477.22	0.00	-1420.88
95.00	8183.82	0.00	-1369.12
95.10	7891.05	0.00	-1310.01
95.20	7603.23	0.00	-1244.50
95.30	7322.17	0.00	-1173.52
95.40	7049.15	0.00	-1098.04
95.50	6785.28	0.00	-1018.98
95.60	6531.50	0.00	-937.27
95.70	6288.57	0.00	-853.81
95.80	6057.09	0.00	-769.46
95.90	5837.48	0.00	-685.08
96.00	5630.01	0.00	-601.46
96.10	5434.78	0.00	-519.36
96.20	5251.74	0.00	-439.50
96.30	5080.70	0.00	-362.56
96.40	4921.32	0.00	-289.15
96.50	4773.14	0.00	-219.86
96.60	4635.58	0.00	-155.20
96.70	4507.93	0.00	-95.63
96.80	4389.38	0.00	-41.58
96.90	4279.04	0.00	6.59
97.00	4175.92	0.00	48.57
97.10	4078.95	0.00	84.11
97.20	3987.01	0.00	113.00
97.30	3898.91	0.00	135.09
97.40	3813.43	0.00	150.28
97.50	3729.31	0.00	158.50
97.60	3645.24	0.00	159.76
97.70	3559.95	0.00	154.10
97.80	3472.11	0.00	141.59
97.90	3380.44	0.00	122.38
98.00	3283.64	0.00	96.63
98.10	3180.48	0.00	64.56
98.20	3069.71	0.00	26.42
98.30	2950.17	0.00	-17.50
98.40	2820.74	0.00	-66.87
98.50	2680.36	0.00	-121.33
98.60	2528.04	0.00	-180.48
98.70	2362.87	0.00	-243.89
98.80	2184.05	0.00	-311.10
98.90	1990.85	0.00	-381.64
99.00	1782.66	0.00	-455.00
99.10	1558.96	0.00	-530.64
99.20	1319.36	0.00	-608.01
99.30	1063.61	0.00	-686.55
99.40	791.56	0.00	-765.66
99.50	503.21	0.00	-844.76
99.60	198.68	0.00	-923.25
99.70	-121.75	0.00	-1000.51
99.80	-457.66	0.00	-1075.94
99.90	-808.51	0.00	-1148.93
100.00	-1173.58	0.00	-1218.89
100.10	-1552.04	0.00	-1285.22
100.20	-1942.89	0.00	-1347.35
100.30	-2344.99	0.00	-1404.72
100.40	-2757.10	0.00	-1456.80
100.50	-3177.79	0.00	-1503.08
100.60	-3605.56	0.00	-1543.09
100.70	-4038.74	0.00	-1576.37
100.80	-4475.59	0.00	-1602.53
100.90	-4914.23	0.00	-1621.20
101.00	-5352.72	0.00	-1632.06
101.10	-5789.01	0.00	-1634.84
101.20	-6221.01	0.00	-1629.31
101.30	-6646.55	0.00	-1615.30
101.40	-7063.42	0.00	-1592.70
101.50	-7469.39	0.00	-1561.44
101.60	-7862.21	0.00	-1521.52
101.70	-8239.65	0.00	-1473.00
101.80	-8599.48	0.00	-1415.96
101.90	-8939.52	0.00	-1350.60
102.00	-9257.62	0.00	-1277.11
102.10	-9551.71	0.00	-1195.78
102.20	-9819.81	0.00	-1106.94
102.30	-10060.04	0.00	-1010.96
102.40	-10270.61	0.00	-908.26
102.50	-10449.89	0.00	-799.33
102.60	-10596.39	0.00	-684.65
102.70	-10712.19	0.00	-564.79
102.80	-10798.70	0.00	-440.33
102.90	-10855.04	0.00	-311.87
103.00	-10880.40	0.00	-180.04
103.10	-10874.10	0.00	-45.51
103.20	-10835.56	0.00	91.07
103.30	-10764.33	0.00	229.00
103.40	-10660.06	0.00	367.62
103.50	-10522.55	0.00	506.23
103.60	-10351.71	0.00	644.16
103.70	-10147.57	0.00	780.73
103.80	-9910.29	0.00	915.29
103.90	-9640.15	0.00	1047.19
104.00	-9337.59	0.00	1175.81
104.10	-9003.13	0.00	1300.56
104.20	-8637.44	0.00	1420.88
104.30	-8241.33	0.00	1536.21
104.40	-7815.70	0.00	1646.07
104.50	-7361.61	0.00	1749.99
104.60	-6880.21	0.00	1847.52
104.70	-6372.79	0.00	1938.29
104.80	-5840.72	0.00	2021.95
104.90	-5285.53	0.00	2098.18
105.00	-4708.82	0.00	2166.71
105.10	-4112.31	0.00	2227.32
105.20	-3497.80	0.00	2279.83
105.30	-2867.20	0.00	2324.09
105.40	-2222.50	0.00	2359.99
105.50	-1565.76	0.00	2387.46
105.60	-899.12	0.00	2406.48
105.70	-224.79	0.00	2417.05
105.80	454.97	0.00	2419.22
105.90	1137.85	0.00	2413.04
106.00	1821.50	0.00	2398.63
106.10	2503.53	0.00	2376.10
106.20	3181.55	0.00	2345.62
106.30	3853.12	0.00	2307.37
106.40	4515.83	0.00	2261.53
106.50	5167.26	0.00	2208.34
106.60	5805.02	0.00	2148.02
106.70	6426.73	0.00	2080.84
106.80	7030.05	0.00	2007.04
106.90	7612.70	0.00	1926.91
107.00	8172.44	0.00	1840.73
107.10	8707.10	0.00	1748.80
107.20	9214.59	0.00	1651.42
107.30	9692.91	0.00	1548.90
107.40	10140.15	0.00	1441.55
107.50	10554.50	0.00	1329.69
107.60	10934.26	0.00	1213.64
107.70	11277.86	0.00	1093.72
107.80	11583.85	0.00	970.26
107.90	11850.91	0.00	843.59
108.00	12077.88	0.00	714.03
108.10	12263.73	0.00	581.94
108.20	12407.59	0.00	447.63
108.30	12508.74	0.00	311.46
108.40	12566.62	0.00	173.76
108.50	12580.91	0.00	34.89
108.60	12556.38	0.00	-104.82
108.70	12496.13	0.00	-244.99
108.80	12400.09	0.00	-385.27
108.90	12268.29	0.00	-525.29
109.00	12100.79	0.00	-664.67
109.10	11897.74	0.00	-803.04
109.20	11659.36	0.00	-940.01
109.30	11385.96	0.00	-1075.19
109.40	11077.94	0.00	-1208.17
109.50	10735.75	0.00	-1338.54
109.60	10359.98	0.00	-1465.89
109.70	9951.29	0.00	-1589.79
109.80	9510.46	0.00	-1709.82
109.90	9038.35	0.00	-1825.55
110.00	8535.96	0.00	-1936.54
110.10	8004.40	0.00	-2042.34
110.20	7444.89	0.00	-2142.51
110.30	6858.80	0.00	-2236.62
110.40	6247.61	0.00	-2324.23
110.50	5612.93	0.00	-2404.90
110.60	4956.51	0.00	-2478.20
110.70	4280.23	0.00	-2543.71
110.80	3586.11	0.00	-2601.03
110.90	2876.30	0.00	-2649.77
111.00	2153.08	0.00	-2689.55
111.10	1418.85	0.00	-2720.02
111.20	676.14	0.00	-2740.86
111.30	-72.42	0.00	-2751.76
111.40	-824.07	0.00	-2752.46
111.50	-1575.97	0.00	-2742.73
111.60	-2325.20	0.00	-2722.37
111.70	-3068.74	0.00	-2691.23
111.80	-3803.54	0.00	-2649.20
111.90	-4526.48	0.00	-2596.22
112.00	-5234.44	0.00	-2532.28
112.10	-5924.26	0.00	-2457.43
112.20	-6592.81	0.00	-2371.77
112.30	-7236.97	0.00	-2275.45
112.40	-7853.69	0.00	-2168.70
112.50	-8439.96	0.00	-2051.78
112.60	-8992.89	0.00	-1925.04
112.70	-9509.68	0.00	-1788.88
112.80	-9987.68	0.00	-1643.75
112.90	-10424.37	0.00	-1490.18
113.00	-10817.42	0.00	-1328.75
113.10	-11164.70	0.00	-1160.10
113.20	-11464.28	0.00	-984.92
113.30	-11714.47	0.00	-803.95
113.40	-11913.81	0.00	-618.00
113.50	-12061.11	0.00	-427.91
113.60	-12155.46	0.00	-234.56
113.70	-12196.23	0.00	-38.86
113.80	-12183.06	0.00	158.22
113.90	-12115.91	0.00	355.72
114.00	-11997.31	0.00	552.64
114.10	-11832.80	0.00	747.96
114.20	-11623.08	0.00	940.66
114.30	-11368.85	0.00	1129.74
114.40	-11070.95	0.00	1314.17
114.50	-10730.46	0.00	1492.96
114.60	-10348.60	0.00	1665.12
114.70	-9926.82	0.00	1829.71
114.80	-9466.73	0.00	1985.81
114.90	-8970.13	0.00	2132.53
115.00	-8439.01	0.00	2269.04
115.10	-7875.54	0.00	2394.57
115.20	-7282.06	0.00	2508.40
115.30	-6661.07	0.00	2609.87
115.40	-6015.26	0.00	2698.38
115.50	-5347.44	0.00	2773.44
115.60	-4660.59	0.00	2834.60
115.70	-3957.78	0.00	2881.51
115.80	-3242.23	0.00	2913.90
115.90	-2517.25	0.00	2931.59
116.00	-1786.23	0.00	2934.46
116.10	-1052.64	0.00	2922.53
116.20	-319.97	0.00	2895.87
116.30	408.23	0.00	2854.64
116.40	1128.42	0.00	2799.10
116.50	1837.09	0.00	2729.60
116.60	2530.73	0.00	2646.55
116.70	3205.92	0.00	2550.47
116.80	3859.31	0.00	2441.93
116.90	4487.67	0.00	2321.60
117.00	5087.87	0.00	2190.18
117.10	5656.96	0.00	2048.47
117.20	6192.15	0.00	1897.31
117.30	6690.82	0.00	1737.60
117.40	7150.59	0.00	1570.27
117.50	7569.29	0.00	1396.30
117.60	7944.99	0.00	1216.70
117.70	8276.03	0.00	1032.52
117.80	8560.99	0.00	844.79
117.90	8798.76	0.00	654.60
118.00	8988.49	0.00	463.00
118.10	9129.62	0.00	271.07
118.20	9221.89	0.00	79.86
118.30	9265.33	0.00	-109.59
118.40	9260.24	0.00	-296.26
118.50	9207.23	0.00	-479.17
118.60	9107.17	0.00	-657.35
118.70	8961.21	0.00	-829.90
118.80	8771.57	0.00	-995.95
118.90	8542.76	0.00	-1154.68
119.00	8276.58	0.00	-1305.34
119.10	7974.71	0.00	-1447.23
119.20	7638.98	0.00	-1579.69
119.30	7271.36	0.00	-1702.17
119.40	6873.94	0.00	-1814.14
119.50	6448.93	0.00	-1915.18
119.60	5998.65	0.00	-2004.92
119.70	5525.53	0.00	-2083.05
119.80	5032.05	0.00	-2149.37
119.90	4520.80	0.00	-2203.70
120.00	3994.42	0.00	-2245.98
120.10	3455.60	0.00	-2276.18
120.20	2907.07	0.00	-2294.36
120.30	2351.60	0.00	-2300.63
120.40	1791.95	0.00	-2295.19
120.50	1230.89	0.00	-2278.27
120.60	671.18	0.00	-2250.18
120.70	115.56	0.00	-2211.25
120.80	-433.30	0.00	-2161.91
120.90	-972.75	0.00	-2102.58
121.00	-1500.23	0.00	-2033.77
121.10	-2013.24	0.00	-1956.00
121.20	-2509.40	0.00	-1869.84
121.30	-2986.40	0.00	-1775.86
121.40	-3442.08	0.00	-1674.69
121.50	-3874.39	0.00	-1566.95
121.60	-4281.41	0.00	-1453.31
121.70	-4661.38	0.00	-1334.42
121.80	-5012.68	0.00	-1210.96
121.90	-5333.87	0.00	-1083.59
122.00	-5623.65	0.00	-953.00
122.10	-5880.93	0.00	-819.85
122.20	-6104.77	0.00	-684.82
122.30	-6294.40	0.00	-548.55
122.40	-6449.26	0.00	-411.70
122.50	-6568.97	0.00	-274.89
122.60	-6653.30	0.00	-138.74
122.70	-6702.22	0.00	-3.84
122.80	-6715.90	0.00	129.24
122.90	-6694.65	0.00	259.94
123.00	-6639.93	0.00	387.74
123.10	-6553.70	0.00	512.14
123.20	-6436.69	0.00	632.67
123.30	-6289.69	0.00	748.87
123.40	-6113.64	0.00	860.32
123.50	-5909.55	0.00	966.63
123.60	-5678.55	0.00	1067.44
123.70	-5421.83	0.00	1162.40
123.80	-5140.70	0.00	1251.21
123.90	-4836.54	0.00	1333.59
124.00	-4510.80	0.00	1409.29
124.10	-4165.02	0.00	1478.07
124.20	-3800.80	0.00	1539.76
124.30	-3419.82	0.00	1594.18
124.40	-3023.80	0.00	1641.18
124.50	-2614.52	0.00	1680.67
124.60	-2193.83	0.00	1712.54
124.70	-1763.58	0.00	1736.75
124.80	-1325.71	0.00	1753.27
124.90	-882.16	0.00	1762.09
125.00	-434.89	0.00	1763.24
125.10	14.11	0.00	1756.77
125.20	462.84	0.00	1742.74
125.30	909.30	0.00	1721.28
125.40	1351.50	0.00	1692.50
125.50	1787.46	0.00	1656.57
125.60	2215.23	0.00	1613.66
125.70	2632.88	0.00	1563.99
125.80	3038.53	0.00	1507.79
125.90	3430.34	0.00	1445.32
126.00	3806.54	0.00	1376.85
126.10	4165.42	0.00	1302.70
126.20	4505.35	0.00	1223.20
126.30	4824.79	0.00	1138.71
126.40	5122.27	0.00	1049.58
126.50	5396.44	0.00	956.23
126.60	5646.07	0.00	859.06
126.70	5870.02	0.00	758.50
126.80	6067.29	0.00	655.00
126.90	6236.99	0.00	549.03
127.00	6378.40	0.00	441.05
127.10	6490.90	0.00	331.55
127.20	6574.02	0.00	221.03
127.30	6627.63	0.00	109.97
127.40	6653.27	0.00	-1.11
127.50	6651.33	0.00	-111.72
127.60	6621.93	0.00	-221.36
127.70	6565.27	0.00	-329.53
127.80	6481.65	0.00	-435.74
127.90	6371.50	0.00	-539.51
128.00	6235.33	0.00	-640.38
128.10	6073.76	0.00	-737.90
128.20	5887.51	0.00	-831.63
128.30	5677.38	0.00	-921.16
128.40	5444.29	0.00	-1006.11
128.50	5189.23	0.00	-1086.11
128.60	4913.27	0.00	-1160.83
128.70	4617.59	0.00	-1229.96
128.80	4303.41	0.00	-1293.23
128.90	3972.06	0.00	-1350.39
129.00	3624.89	0.00	-1401.25
129.10	3263.36	0.00	-1445.64
129.20	2888.95	0.00	-1483.42
129.30	2503.20	0.00	-1514.50
129.40	2107.69	0.00	-1538.82
129.50	1704.04	0.00	-1556.36
129.60	1293.89	0.00	-1567.15
129.70	878.89	0.00	-1571.23
129.80	460.72	0.00	-1568.70
129.90	41.06	0.00	-1559.69
130.00	-378.42	0.00	-1544.35
130.10	-796.07	0.00	-1522.88
130.20	-1210.25	0.00	-1495.50
130.30	-1619.33	0.00	-1462.46
130.40	-2021.75	0.00	-1424.03
130.50	-2415.97	0.00	-1380.51
130.60	-2800.52	0.00	-1332.22
130.70	-3173.95	0.00	-1279.49
130.80	-3534.90	0.00	-1222.67
130.90	-3882.08	0.00	-1162.12
131.00	-4214.25	0.00	-1098.20
131.10	-4530.28	0.00	-1031.30
131.20	-4829.10	0.00	-961.79
131.30	-5109.73	0.00	-890.03
131.40	-5371.28	0.00	-816.40
131.50	-5612.95	0.00	-741.27
131.60	-5834.02	0.00	-664.98
131.70	-6033.89	0.00	-587.88
131.80	-6212.04	0.00	-510.30
131.90	-6368.03	0.00	-432.55
132.00	-6501.52	0.00	-354.92
132.10	-6612.28	0.00	-277.68
132.20	-6700.14	0.00	-201.10
132.30	-6765.02	0.00	-125.40
132.40	-6806.95	0.00	-50.80
132.50	-6826.02	0.00	22.53
132.60	-6823.88	0.00	94.40
132.70	-6801.71	0.00	164.69
132.80	-6759.77	0.00	233.27
132.90	-6698.36	0.00	300.04
133.00	-6617.81	0.00	364.92
133.10	-6518.48	0.00	427.85
133.20	-6400.75	0.00	488.79
133.30	-6265.04	0.00	547.72
133.40	-6111.78	0.00	604.61
133.50	-5941.41	0.00	659.47
133.60	-5754.39	0.00	712.30
133.70	-5551.22	0.00	763.12
133.80	-5332.39	0.00	811.95
133.90	-5098.43	0.00	858.81
134.00	-4849.87	0.00	903.73
134.10	-4587.26	0.00	946.72
134.20	-4311.17	0.00	987.80
134.30	-4022.21	0.00	1026.99
134.40	-3720.97	0.00	1064.27
134.50	-3408.11	0.00	1099.65
134.60	-3084.28	0.00	1133.11
134.70	-2750.18	0.00	1164.61
134.80	-2406.53	0.00	1194.10
134.90	-2054.08	0.00	1221.52
135.00	-1693.62	0.00	1246.80
135.10	-1325.98	0.00	1269.84
135.20	-952.02	0.00	1290.53
135.30	-572.65	0.00	1308.75
135.40	-188.81	0.00	1324.34
135.50	198.51	0.00	1337.17
135.60	588.26	0.00	1347.07
135.70	979.37	0.00	1353.84
135.80	1370.72	0.00	1357.32
135.90	1761.13	0.00	1357.29
136.00	2149.39	0.00	1353.57
136.10	2534.23	0.00	1345.94
136.20	2914.38	0.00	1334.22
136.30	3288.49	0.00	1318.19
136.40	3655.21	0.00	1297.67
136.50	4013.13	0.00	1272.47
136.60	4360.86	0.00	1242.42
136.70	4696.94	0.00	1207.38
136.80	5019.96	0.00	1167.20
136.90	5328.46	0.00	1121.78
137.00	5621.01	0.00	1071.03
137.10	5896.18	0.00	1014.89
137.20	6152.58	0.00	953.35
137.30	6388.84	0.00	886.41
137.40	6603.64	0.00	814.13
137.50	6795.70	0.00	736.58
137.60	6963.83	0.00	653.90
137.70	7106.89	0.00	566.26
137.80	7223.84	0.00	473.88
137.90	7313.73	0.00	377.03
138.00	7375.70	0.00	276.00
138.10	7409.04	0.00	171.15
138.20	7413.33	0.00	62.88
138.30	7390.18	0.00	-48.36
138.40	7339.83	0.00	-162.09
138.50	7262.03	0.00	-277.79
138.60	7156.62	0.00	-394.88
138.70	7023.58	0.00	-512.77
138.80	6862.99	0.00	-630.82
138.90	6675.10	0.00	-748.36
139.00	6460.25	0.00	-864.71
139.10	6218.96	0.00	-979.16
139.20	5951.87	0.00	-1090.97
139.30	5659.78	0.00	-1199.43
139.40	5343.63	0.00	-1303.77
139.50	5004.53	0.00	-1403.26
139.60	4643.73	0.00	-1497.18
139.70	4262.62	0.00	-1584.79
139.80	3862.76	0.00	-1665.39
139.90	3445.84	0.00	-1738.31
140.00	3013.71	0.00	-1802.91
140.10	2568.33	0.00	-1858.57
140.20	2111.81	0.00	-1904.74
140.30	1646.35	0.00	-1940.90
140.40	1174.30	0.00	-1966.60
140.50	698.06	0.00	-1981.44
140.60	220.14	0.00	-1985.10
140.70	-256.88	0.00	-1977.31
140.80	-730.39	0.00	-1957.90
140.90	-1197.74	0.00	-1926.77
141.00	-1656.24	0.00	-1883.90
141.10	-2103.23	0.00	-1829.35
141.20	-2536.06	0.00	-1763.27
141.30	-2952.14	0.00	-1685.92
141.40	-3348.93	0.00	-1597.61
141.50	-3723.99	0.00	-1498.75
141.60	-4074.96	0.00	-1389.87
141.70	-4399.64	0.00	-1271.53
141.80	-4695.96	0.00	-1144.42
141.90	-4962.03	0.00	-1009.27
142.00	-5196.14	0.00	-866.92
142.10	-5396.77	0.00	-718.25
142.20	-5562.65	0.00	-564.21
142.30	-5692.73	0.00	-405.82
142.40	-5786.20	0.00	-244.13
142.50	-5842.51	0.00	-80.26
142.60	-5861.37	0.00	84.67
142.70	-5842.78	0.00	249.50
142.80	-5787.00	0.00	413.03
142.90	-5694.55	0.00	574.10
143.00	-5566.25	0.00	731.52
143.10	-5403.17	0.00	884.12
143.20	-5206.66	0.00	1030.76
143.30	-4978.31	0.00	1170.31
143.40	-4720.16	0.00	1301.71
143.50	-4435.09	0.00	1423.94
143.60	-4125.25	0.00	1536.03
143.70	-3792.90	0.00	1637.08
143.80	-3440.45	0.00	1726.29
143.90	-3070.50	0.00	1802.91
144.00	-2685.76	0.00	1866.32
144.10	-2289.08	0.00	1915.95
144.20	-1883.42	0.00	1951.37
144.30	-1471.83	0.00	1972.24
144.40	-1057.43	0.00	1978.34
144.50	-643.36	0.00	1969.56
144.60	-232.81	0.00	1945.89
144.70	171.05	0.00	1907.46
144.80	565.08	0.00	1854.50
144.90	946.18	0.00	1787.36
145.00	1311.34	0.00	1706.50
145.10	1657.65	0.00	1612.48
145.20	1982.32	0.00	1505.97
145.30	2282.72	0.00	1387.75
145.40	2556.39	0.00	1258.68
145.50	2801.05	0.00	1119.70
145.60	3014.67	0.00	971.84
145.70	3195.41	0.00	816.21
145.80	3341.70	0.00	653.95
145.90	3452.25	0.00	486.28
146.00	3526.01	0.00	314.46
146.10	3562.23	0.00	139.76
146.20	3560.57	0.00	-36.51
146.30	3521.35	0.00	-213.03
146.40	3444.74	0.00	-388.49
146.50	3331.10	0.00	-561.56
146.60	3181.09	0.00	-730.97
146.70	2995.59	0.00	-895.46
146.80	2775.77	0.00	-1053.81
146.90	2523.04	0.00	-1204.85
147.00	2239.05	0.00	-1347.47
147.10	1925.68	0.00	-1480.62
147.20	1585.03	0.00	-1603.35
147.30	1219.43	0.00	-1714.75
147.40	831.37	0.00	-1814.04
147.50	423.55	0.00	-1900.50
147.60	-1.21	0.00	-1973.54
147.70	-439.91	0.00	-2032.63
147.80	-889.44	0.00	-2077.38
147.90	-1346.60	0.00	-2107.50
148.00	-1808.11	0.00	-2122.80
148.10	-2270.62	0.00	-2123.20
148.20	-2730.76	0.00	-2108.73
148.30	-3185.15	0.00	-2079.54
148.40	-3630.42	0.00	-2035.86
148.50	-4063.24	0.00	-1978.04
148.60	-4480.35	0.00	-1906.51
148.70	-4878.57	0.00	-1821.81
148.80	-5254.84	0.00	-1724.56
148.90	-5606.70	0.00	-1615.47
149.00	-5932.57	0.00	-1495.29
149.10	-6230.21	0.00	-1364.90
149.20	-6497.45	0.00	-1225.18
149.30	-6732.35	0.00	-1077.09
149.40	-6933.14	0.00	-921.66
149.50	-7098.25	0.00	-759.90
149.60	-7226.30	0.00	-592.89
149.70	-7316.14	0.00	-421.73
149.80	-7366.81	0.00	-247.51
149.90	-7377.58	0.00	-71.33
150.00	-7347.91	0.00	105.70
150.10	-7277.50	0.00	282.51
150.20	-7166.23	0.00	458.03
150.30	-7014.22	0.00	631.22
150.40	-6821.78	0.00	801.09
150.50	-6589.43	0.00	966.67
150.60	-6317.89	0.00	1127.07
150.70	-6008.06	0.00	1281.42
150.80	-5661.06	0.00	1428.93
150.90	-5278.15	0.00	1568.87
151.00	-4860.81	0.00	1700.58
151.10	-4410.66	0.00	1823.45
151.20	-3929.49	0.00	1936.96
151.30	-3419.22	0.00	2040.66
151.40	-2881.94	0.00	2134.18
151.50	-2319.86	0.00	2217.21
151.60	-1735.30	0.00	2289.53
151.70	-1130.70	0.00	2350.99
151.80	-508.60	0.00	2401.49
151.90	128.39	0.00	2441.03
152.00	777.58	0.00	2469.65
152.10	1436.22	0.00	2487.46
152.20	2101.49	0.00	2494.64
152.30	2770.57	0.00	2491.41
152.40	3440.60	0.00	2478.03
152.50	4108.71	0.00	2454.82
152.60	4772.04	0.00	2422.12
152.70	5427.73	0.00	2380.32
152.80	6072.97	0.00	2329.83
152.90	6704.97	0.00	2271.06
153.00	7320.99	0.00	2204.47
153.10	7918.38	0.00	2130.49
153.20	8494.51	0.00	2049.58
153.30	9046.89	0.00	1962.19
153.40	9573.06	0.00	1868.75
153.50	10070.71	0.00	1769.71
153.60	10537.60	0.00	1665.46
153.70	10971.62	0.00	1556.41
153.80	11370.77	0.00	1442.94
153.90	11733.17	0.00	1325.38
154.00	12057.07	0.00	1204.06
154.10	12340.87	0.00	1079.27
154.20	12584.65	0.00	951.29
154.30	12793.31	0.00	820.35
154.40	12966.59	0.00	686.67
154.50	13103.72	0.00	550.43
154.60	13203.94	0.00	411.81
154.70	13266.55	0.00	270.94
154.80	13290.85	0.00	127.97
154.90	13276.19	0.00	-17.00
155.00	13221.94	0.00	-163.84
155.10	13127.50	0.00	-312.45
155.20	12992.30	0.00	-462.72
155.30	12815.79	0.00	-614.54
155.40	12597.47	0.00	-767.77
155.50	12336.89	0.00	-922.25
155.60	12033.64	0.00	-1077.83
155.70	11687.37	0.00	-1234.30
155.80	11297.80	0.00	-1391.41
155.90	10864.74	0.00	-1548.91
156.00	10388.10	0.00	-1706.46
156.10	9867.88	0.00	-1863.71
156.20	9304.22	0.00	-2020.23
156.30	8697.40	0.00	-2175.57
156.40	8047.83	0.00	-2329.20
156.50	7356.13	0.00	-2480.55
156.60	6623.08	0.00	-2628.98
156.70	5849.68	0.00	-2773.82
156.80	5037.15	0.00	-2914.31
156.90	4186.93	0.00	-3049.68
157.00	3300.72	0.00	-3179.10
157.10	2380.50	0.00	-3301.68
157.20	1428.50	0.00	-3416.53
157.30	447.24	0.00	-3522.71
157.40	-560.46	0.00	-3619.26
157.50	-1591.50	0.00	-3705.21
157.60	-2642.46	0.00	-3779.59
157.70	-3709.65	0.00	-3841.43
157.80	-4789.07	0.00	-3889.78
157.90	-5876.46	0.00	-3923.73
158.00	-6967.26	0.00	-3942.37
158.10	-8056.68	0.00	-3944.89
158.20	-9139.68	0.00	-3930.49
158.30	-10211.03	0.00	-3898.48
158.40	-11265.30	0.00	-3848.24
158.50	-12296.93	0.00	-3779.24
158.60	-13300.21	0.00	-3691.04
158.70	-14269.39	0.00	-3583.34
158.80	-15198.66	0.00	-3455.95
158.90	-16082.25	0.00	-3308.80
159.00	-16914.42	0.00	-3141.96
159.10	-17689.55	0.00	-2955.64
159.20	-18402.18	0.00	-2750.21
159.30	-19047.04	0.00	-2526.17
159.40	-19619.14	0.00	-2284.18
159.50	-20113.80	0.00	-2025.04
159.60	-20526.68	0.00	-1749.71
159.70	-20853.87	0.00	-1459.29
159.80	-21101.36	0.00	-1155.04
159.90	-21280.10	0.00	-838.31
160.00	-21388.16	0.00	-510.64
160.10	-21423.70	0.00	-173.64
160.20	-21385.08	0.00	170.94
160.30	-21270.90	0.00	521.27
160.40	-21080.00	0.00	875.42
160.50	-20811.47	0.00	1231.40
160.60	-20464.69	0.00	1587.16
160.70	-20039.32	0.00	1940.61
160.80	-19535.34	0.00	2289.61
160.90	-18953.09	0.00	2632.05
161.00	-18293.22	0.00	2965.80
161.10	-17556.77	0.00	3288.77
161.20	-16745.16	0.00	3598.91
161.30	-15860.22	0.00	3894.23
161.40	-14904.18	0.00	4172.80
161.50	-13879.68	0.00	4432.81
161.60	-12789.81	0.00	4672.55
161.70	-11638.09	0.00	4890.42
161.80	-10428.46	0.00	5084.96
161.90	-9165.28	0.00	5254.88
162.00	-7853.36	0.00	5399.02
162.10	-6497.90	0.00	5516.42
162.20	-5104.47	0.00	5606.27
162.30	-3679.03	0.00	5667.96
162.40	-2227.86	0.00	5701.07
162.50	-757.57	0.00	5705.38
162.60	725.00	0.00	5680.85
162.70	2212.76	0.00	5627.63
162.80	3698.44	0.00	5546.10
162.90	5174.66	0.00	5436.79
163.00	6633.95	0.00	5300.42
163.10	8068.82	0.00	5137.92
163.20	9471.83	0.00	4950.35
163.30	10835.62	0.00	4738.94
163.40	12153.01	0.00	4505.08
163.50	13417.01	0.00	4250.29
163.60	14620.93	0.00	3976.22
163.70	15758.38	0.00	3684.60
163.80	16823.38	0.00	3377.28
163.90	17810.38	0.00	3056.19
164.00	18714.31	0.00	2723.31
164.10	19530.63	0.00	2380.66
164.20	20255.35	0.00	2030.31
164.30	20885.08	0.00	1674.33
164.40	21417.05	0.00	1314.78
164.50	21849.13	0.00	953.72
164.60	22179.83	0.00	593.15
164.70	22408.32	0.00	235.06
164.80	22534.43	0.00	-118.65
164.90	22558.64	0.00	-466.16
165.00	22482.04	0.00	-805.71
165.10	22310.46	0.00	-1135.65
165.20	22065.45	0.00	-1454.44
165.30	21751.43	0.00	-1760.65
165.40	21370.45	0.00	-2052.98
165.50	20924.68	0.00	-2330.22
165.60	20416.48	0.00	-2591.35
165.70	19848.30	0.00	-2835.43
165.80	19222.78	0.00	-3061.68
165.90	18542.64	0.00	-3269.46
166.00	17810.75	0.00	-3458.25
166.10	17030.09	0.00	-3627.67
166.20	16203.75	0.00	-3777.47
166.30	15334.93	0.00	-3907.53
166.40	14426.93	0.00	-4017.83
166.50	13483.12	0.00	-4108.49
166.60	12507.00	0.00	-4179.72
166.70	11502.09	0.00	-4231.84
166.80	10472.03	0.00	-4265.26
166.90	9420.48	0.00	-4280.48
167.00	8351.19	0.00	-4278.06
167.10	7267.90	0.00	-4258.64
167.20	6174.42	0.00	-4222.93
167.30	5074.55	0.00	-4171.67
167.40	3972.09	0.00	-4105.65
167.50	2870.85	0.00	-4025.70
167.60	1774.59	0.00	-3932.67
167.70	687.05	0.00	-3827.43
167.80	-388.10	0.00	-3710.86
167.90	-1447.26	0.00	-3583.84
168.00	-2486.88	0.00	-3447.27
168.10	-3503.55	0.00	-3302.03
168.20	-4493.94	0.00	-3148.97
168.30	-5454.86	0.00	-2988.96
168.40	-6383.25	0.00	-2822.82
168.50	-7276.20	0.00	-2651.37
168.60	-8130.97	0.00	-2475.40
168.70	-8944.98	0.00	-2295.66
168.80	-9715.85	0.00	-2112.89
168.90	-10441.37	0.00	-1927.80
169.00	-11119.55	0.00	-1741.05
169.10	-11748.60	0.00	-1553.30
169.20	-12326.95	0.00	-1365.16
169.30	-12853.24	0.00	-1177.23
169.40	-13326.35	0.00	-990.07
169.50	-13745.38	0.00	-804.22
169.60	-14109.65	0.00	-620.20
169.70	-14418.72	0.00	-438.50
169.80	-14672.40	0.00	-259.59
169.90	-14870.69	0.00	-83.93
170.00	-15013.85	0.00	88.04
170.10	-15102.35	0.00	255.92
170.20	-15136.87	0.00	419.30
170.30	-15118.31	0.00	577.79
170.40	-15047.79	0.00	731.02
170.50	-14926.62	0.00	878.64
170.60	-14756.27	0.00	1020.31
170.70	-14538.44	0.00	1155.69
170.80	-14277.14	0.00	1284.48
170.90	-13982.00	0.00	1406.38
171.00	-13655.21	0.00	1521.11
171.10	-13298.25	0.00	1628.41
171.20	-12912.66	0.00	1728.03
171.30	-12500.02	0.00	1819.76
171.40	-12061.95	0.00	1903.39
171.50	-11600.13	0.00	1978.75
171.60	-11116.26	0.00	2045.70
171.70	-10612.09	0.00	2104.11
171.80	-10089.41	0.00	2153.88
171.90	-9550.03	0.00	2194.97
172.00	-8995.82	0.00	2227.35
172.10	-8428.65	0.00	2251.02
172.20	-7850.44	0.00	2266.03
172.30	-7263.10	0.00	2272.47
172.40	-6668.57	0.00	2270.45
172.50	-6068.81	0.00	2260.13
172.60	-5465.74	0.00	2241.71
172.70	-4861.30	0.00	2215.42
172.80	-4257.41	0.00	2181.54
172.90	-3655.97	0.00	2140.38
173.00	-3058.83	0.00	2092.28
173.10	-2467.81	0.00	2037.63
173.20	-1884.67	0.00	1976.82
173.30	-1311.13	0.00	1910.32
173.40	-748.81	0.00	1838.57
173.50	-199.29	0.00	1762.08
173.60	335.97	0.00	1681.35
173.70	855.57	0.00	1596.90
173.80	1358.23	0.00	1509.29
173.90	1842.76	0.00	1419.06
174.00	2308.10	0.00	1326.75
174.10	2753.28	0.00	1232.93
174.20	3177.47	0.00	1138.13
174.30	3579.95	0.00	1042.91
174.40	3960.11	0.00	947.78
174.50	4317.49	0.00	853.26
174.60	4651.73	0.00	759.84
174.70	4962.61	0.00	667.98
174.80	5250.00	0.00	578.13
174.90	5513.91	0.00	490.67
175.00	5754.46	0.00	406.01
175.10	5971.85	0.00	324.45
175.20	6166.41	0.00	246.32
175.30	6338.55	0.00	171.86
175.40	6488.76	0.00	101.29
175.50	6617.61	0.00	34.80
175.60	6725.75	0.00	-27.49
175.70	6813.88	0.00	-85.49
175.80	6882.74	0.00	-139.13
175.90	6933.15	0.00	-188.41
176.00	6965.93	0.00	-233.37
176.10	6981.95	0.00	-274.05
176.20	6982.07	0.00	-310.57
176.30	6967.18	0.00	-343.04
176.40	6938.17	0.00	-371.64
176.50	6895.93	0.00	-396.54
176.60	6841.31	0.00	-417.96
176.70	6775.19	0.00	-436.12
176.80	6698.37	0.00	-451.26
176.90	6611.66	0.00	-463.64
177.00	6515.83	0.00	-473.52
177.10	6411.62	0.00	-481.17
177.20	6299.71	0.00	-486.86
177.30	6180.76	0.00	-490.84
177.40	6055.90	0.00	-493.37
177.50	5927.00	0.00	-494.71
177.60	5794.55	0.00	-495.09
177.70	5658.89	0.00	-494.72
177.80	5520.37	0.00	-493.82
177.90	5379.25	0.00	-492.56
178.00	5235.80	0.00	-491.10
178.10	5090.22	0.00	-489.59
178.20	4942.70	0.00	-488.14
178.30	4793.41	0.00	-486.84
178.40	4642.49	0.00	-485.76
178.50	4490.06	0.00	-484.94
178.60	4336.23	0.00	-484.41
178.70	4181.10	0.00	-484.16
178.80	4024.77	0.00	-484.17
178.90	3867.32	0.00	-484.40
179.00	3708.85	0.00	-484.78
179.10	3549.44	0.00	-485.24
179.20	3389.19	0.00	-485.70
179.30	3228.20	0.00	-486.05
179.40	3066.58	0.00	-486.18
179.50	2904.45	0.00	-485.99
179.60	2741.93	0.00	-485.36
179.70	2579.18	0.00	-484.17
179.80	2416.33	0.00	-482.32
179.90	2253.55	0.00	-479.71
180.00	2091.00	0.00	-476.22
180.10	1928.85	0.00	-471.79
180.20	1767.30	0.00	-466.35
180.30	1606.51	0.00	-459.83
180.40	1446.68	0.00	-452.20
180.50	1287.98	0.00	-443.44
180.60	1130.59	0.00	-433.55
180.70	974.68	0.00	-422.57
180.80	820.40	0.00	-410.53
180.90	667.91	0.00	-397.50
181.00	517.32	0.00	-383.58
181.10	368.73	0.00	-368.87
181.20	222.23	0.00	-353.52
181.30	77.87	0.00	-337.68
181.40	-64.33	0.00	-321.51
181.50	-204.38	0.00	-305.21
181.60	-342.32	0.00	-289.00
181.70	-478.24	0.00	-273.07
181.80	-612.24	0.00	-257.68
181.90	-744.48	0.00	-243.04
182.00	-875.15	0.00	-229.41
182.10	-1004.48	0.00	-217.02
182.20	-1132.73	0.00	-206.12
182.30	-1260.20	0.00	-196.94
182.40	-1387.22	0.00	-189.72
182.50	-1514.16	0.00	-184.67
182.60	-1641.38	0.00	-181.99
182.70	-1769.31	0.00	-181.87
182.80	-1898.36	0.00	-184.46
182.90	-2028.97	0.00	-189.92
183.00	-2161.59	0.00	-198.34
183.10	-2296.66	0.00	-209.82
183.20	-2434.61	0.00	-224.40
183.30	-2575.86	0.00	-242.09
183.40	-2720.83	0.00	-262.89
183.50	-2869.88	0.00	-286.71
183.60	-3023.36	0.00	-313.48
183.70	-3181.56	0.00	-343.05
183.80	-3344.74	0.00	-375.25
183.90	-3513.07	0.00	-409.85
184.00	-3686.68	0.00	-446.59
184.10	-3865.63	0.00	-485.19
184.20	-4049.87	0.00	-525.30
184.30	-4239.30	0.00	-566.56
184.40	-4433.70	0.00	-608.54
184.50	-4632.77	0.00	-650.82
184.60	-4836.09	0.00	-692.92
184.70	-5043.15	0.00	-734.35
184.80	-5253.31	0.00	-774.57
184.90	-5465.84	0.00	-813.06
185.00	-5679.89	0.00	-849.26
185.10	-5894.48	0.00	-882.59
185.20	-6108.53	0.00	-912.48
185.30	-6320.86	0.00	-938.35
185.40	-6530.16	0.00	-959.64
185.50	-6736.26	0.00	-975.76
185.60	-6938.88	0.00	-986.18
185.70	-7136.63	0.00	-990.35
185.80	-7328.05	0.00	-987.76
185.90	-7511.59	0.00	-977.94
186.00	-7685.63	0.00	-960.44
186.10	-7848.47	0.00	-934.86
186.20	-7998.38	0.00	-900.83
186.30	-8133.54	0.00	-858.04
186.40	-8252.13	0.00	-806.25
186.50	-8352.29	0.00	-745.25
186.60	-8432.12	0.00	-674.93
186.70	-8489.74	0.00	-595.21
186.80	-8523.27	0.00	-506.11
186.90	-8530.85	0.00	-407.71
187.00	-8510.67	0.00	-300.18
187.10	-8460.93	0.00	-183.74
187.20	-8379.94	0.00	-58.73
187.30	-8266.07	0.00	74.46
187.40	-8117.79	0.00	215.36
187.50	-7933.68	0.00	363.38
187.60	-7712.46	0.00	517.90
187.70	-7452.98	0.00	678.20
187.80	-7154.27	0.00	843.48
187.90	-6815.54	0.00	1012.87
188.00	-6436.19	0.00	1185.45
188.10	-6015.84	0.00	1360.21
188.20	-5554.34	0.00	1536.10
188.30	-5051.77	0.00	1712.02
188.40	-4508.50	0.00	1886.80
188.50	-3925.14	0.00	2059.27
188.60	-3302.60	0.00	2228.19
188.70	-2642.10	0.00	2392.32
188.80	-1945.13	0.00	2550.41
188.90	-1213.51	0.00	2701.19
189.00	-449.38	0.00	2843.40
189.10	344.80	0.00	2975.80
189.20	1166.28	0.00	3097.17
189.30	2011.97	0.00	3206.33
189.40	2878.48	0.00	3302.12
189.50	3762.12	0.00	3383.47
189.60	4658.91	0.00	3449.35
189.70	5564.61	0.00	3498.80
189.80	6474.72	0.00	3530.97
189.90	7384.51	0.00	3545.06
190.00	8289.05	0.00	3540.41
190.10	9183.24	0.00	3516.44
190.20	10061.84	0.00	3472.70
190.30	10919.48	0.00	3408.85
190.40	11750.75	0.00	3324.69
190.50	12550.21	0.00	3220.14
190.60	13312.40	0.00	3095.26
190.70	14031.97	0.00	2950.24
190.80	14703.63	0.00	2785.43
190.90	15322.26	0.00	2601.30
191.00	15882.93	0.00	2398.47
191.10	16380.97	0.00	2177.69
191.20	16811.97	0.00	1939.87
191.30	17171.87	0.00	1686.02
191.40	17458.43	0.00	1417.30
191.50	17680.43	0.00	1135.00
191.60	17838.09	0.00	840.49
191.70	17929.33	0.00	535.29
191.80	17952.28	0.00	220.98
191.90	17905.32	0.00	-100.73
192.00	17787.09	0.00	-428.09
192.10	17596.48	0.00	-759.27
192.20	17332.67	0.00	-1092.37
192.30	16995.16	0.00	-1425.46
192.40	16583.74	0.00	-1756.59
192.50	16098.53	0.00	-2083.77
192.60	15540.00	0.00	-2405.04
192.70	14908.97	0.00	-2718.42
192.80	14206.64	0.00	-3021.96
192.90	13434.58	0.00	-3313.78
193.00	12594.75	0.00	-3592.01
193.10	11689.54	0.00	-3854.88
193.20	10721.72	0.00	-4100.67
193.30	9694.47	0.00	-4327.79
193.40	8611.40	0.00	-4534.71
193.50	7476.52	0.00	-4720.05
193.60	6294.26	0.00	-4882.54
193.70	5069.42	0.00	-5021.03
193.80	3807.22	0.00	-5134.55
193.90	2513.20	0.00	-5222.24
194.00	1193.28	0.00	-5283.42
194.10	-146.33	0.00	-5317.57
194.20	-1499.12	0.00	-5324.34
194.30	-2858.35	0.00	-5303.52
194.40	-4217.05	0.00	-5255.11
194.50	-5568.11	0.00	-5179.26
194.60	-6904.28	0.00	-5076.29
194.70	-8218.26	0.00	-4946.69
194.80	-9502.74	0.00	-4791.11
194.90	-10750.43	0.00	-4610.36
195.00	-11954.16	0.00	-4405.42
195.10	-13106.92	0.00	-4177.40
195.20	-14201.90	0.00	-3927.55
195.30	-15232.57	0.00	-3657.25
195.40	-16192.74	0.00	-3368.01
195.50	-17076.58	0.00	-3061.45
195.60	-17878.71	0.00	-2739.27
195.70	-18594.23	0.00	-2403.29
195.80	-19218.77	0.00	-2055.37
195.90	-19748.53	0.00	-1697.45
196.00	-20180.30	0.00	-1331.52
196.10	-20511.51	0.00	-959.61
196.20	-20740.22	0.00	-583.76
196.30	-20865.19	0.00	-206.02
196.40	-20885.83	0.00	171.55
196.50	-20808.71	0.00	546.92
196.60	-20649.98	0.00	918.08
196.70	-20411.12	0.00	1283.09
196.80	-20093.15	0.00	1640.02
196.90	-19697.34	0.00	1987.04
197.00	-19225.27	0.00	2322.38
197.10	-18678.76	0.00	2644.36
197.20	-18059.88	0.00	2951.40
197.30	-17371.01	0.00	3242.03
197.40	-16614.77	0.00	3514.87
197.50	-15794.04	0.00	3768.67
197.60	-14912.00	0.00	4002.30
197.70	-13972.07	0.00	4214.77
197.80	-12977.95	0.00	4405.21
197.90	-11933.58	0.00	4572.89
198.00	-10843.17	0.00	4717.21
198.10	-9711.18	0.00	4837.71
198.20	-8542.29	0.00	4934.07
198.30	-7341.39	0.00	5006.10
198.40	-6113.60	0.00	5053.75
198.50	-4864.21	0.00	5077.10
198.60	-3598.68	0.00	5076.35
198.70	-2322.61	0.00	5051.84
198.80	-1041.72	0.00	5004.00
198.90	238.20	0.00	4933.39
199.00	1511.28	0.00	4840.69
199.10	2771.64	0.00	4726.66
199.20	4013.41	0.00	4592.15
199.30	5230.77	0.00	4438.10
199.40	6417.97	0.00	4265.54
199.50	7569.37	0.00	4075.56
199.60	8679.52	0.00	3869.31
199.70	9743.11	0.00	3648.00
199.80	10755.11	0.00	3412.87
199.90	11710.70	0.00	3165.21
200.00	12605.38	0.00	2906.36
200.10	13434.98	0.00	2637.64
200.20	14195.66	0.00	2360.41
200.30	14883.97	0.00	2076.05
200.40	15496.87	0.00	1785.91
200.50	16031.71	0.00	1491.36
200.60	16486.33	0.00	1193.74
200.70	16858.97	0.00	894.39
200.80	17148.35	0.00	594.61
200.90	17353.66	0.00	295.69
201.00	17474.55	0.00	-1.12
201.10	17511.16	0.00	-294.61
201.20	17464.05	0.00	-583.61
201.30	17334.26	0.00	-866.98
201.40	17126.14	0.00	-1143.65
201.50	16852.73	0.00	-1412.57
201.60	16516.71	0.00	-1672.75
201.70	16119.72	0.00	-1923.27
201.80	15663.56	0.00	-2163.24
201.90	15150.19	0.00	-2391.82
202.00	14581.71	0.00	-2608.26
202.10	13960.39	0.00	-2811.83
202.20	13288.68	0.00	-3001.87
202.30	12569.14	0.00	-3177.77
202.40	11804.55	0.00	-3338.99
202.50	10997.80	0.00	-3485.04
202.60	10151.98	0.00	-3615.48
202.70	9270.32	0.00	-3729.93
202.80	8356.23	0.00	-3828.08
202.90	7413.24	0.00	-3909.64
203.00	6445.08	0.00	-3974.42
203.10	5455.58	0.00	-4022.26
203.20	4448.75	0.00	-4053.05
203.30	3428.69	0.00	-4066.76
203.40	2399.63	0.00	-4063.39
203.50	1365.93	0.00	-4043.02
203.60	332.00	0.00	-4005.75
203.70	-697.66	0.00	-3951.78
203.80	-1718.50	0.00	-3881.33
203.90	-2725.95	0.00	-3794.69
204.00	-3715.41	0.00	-3692.21
204.10	-4682.31	0.00	-3574.28
204.20	-5622.12	0.00	-3441.37
204.30	-6530.37	0.00	-3293.97
204.40	-7402.70	0.00	-3132.66
204.50	-8234.84	0.00	-2958.05
204.60	-9022.71	0.00	-2770.82
204.70	-9762.36	0.00	-2571.70
204.80	-10450.10	0.00	-2361.47
204.90	-11082.42	0.00	-2140.95
205.00	-11656.11	0.00	-1911.03
205.10	-12168.21	0.00	-1672.63
205.20	-12616.08	0.00	-1426.72
205.30	-12997.43	0.00	-1174.33
205.40	-13310.28	0.00	-916.51
205.50	-13553.04	0.00	-654.36
205.60	-13724.49	0.00	-388.99
205.70	-13823.82	0.00	-121.58
205.80	-13850.60	0.00	146.71
205.90	-13804.82	0.00	414.65
206.00	-13686.88	0.00	681.03
206.10	-13502.58	0.00	944.63
206.20	-13257.52	0.00	1204.19
206.30	-12952.71	0.00	1458.47
206.40	-12589.39	0.00	1706.26
206.50	-12169.04	0.00	1946.32
206.60	-11693.35	0.00	2177.46
206.70	-11164.29	0.00	2398.48
206.80	-10584.02	0.00	2608.26
206.90	-9954.98	0.00	2805.68
207.00	-9279.84	0.00	2989.67
207.10	-8561.51	0.00	3159.23
207.20	-7803.13	0.00	3313.39
207.30	-7008.10	0.00	3451.28
207.40	-6180.04	0.00	3572.06
207.50	-5322.77	0.00	3675.00
207.60	-4440.37	0.00	3759.43
207.70	-3537.07	0.00	3824.78
207.80	-2617.33	0.00	3870.55
207.90	-1685.76	0.00	3896.38
208.00	-747.10	0.00	3901.96
208.10	193.74	0.00	3887.11
208.20	1131.79	0.00	3851.76
208.30	2061.98	0.00	3795.94
208.40	2979.21	0.00	3719.79
208.50	3878.34	0.00	3623.56
208.60	4754.29	0.00	3507.62
208.70	5602.00	0.00	3372.45
208.80	6416.52	0.00	3218.63
208.90	7193.00	0.00	3046.86
209.00	7926.78	0.00	2857.94
209.10	8613.38	0.00	2652.79
209.20	9248.57	0.00	2432.40
209.30	9828.39	0.00	2197.89
209.40	10349.16	0.00	1950.44
209.50	10807.56	0.00	1691.34
209.60	11200.63	0.00	1421.95
209.70	11525.81	0.00	1143.69
209.80	11780.95	0.00	858.07
209.90	11964.33	0.00	566.64
210.00	12074.72	0.00	271.00
210.10	12111.32	0.00	-27.20
210.20	12074.14	0.00	-326.29
210.30	11968.65	0.00	-624.57
210.40	11797.32	0.00	-920.33
210.50	11560.87	0.00	-1211.85
210.60	11260.38	0.00	-1497.42
210.70	10897.23	0.00	-1775.36
210.80	10473.11	0.00	-2044.00
210.90	9990.06	0.00	-2301.72
211.00	9450.40	0.00	-2546.94
211.10	8856.80	0.00	-2778.14
211.20	8212.22	0.00	-2993.86
211.30	7519.97	0.00	-3192.73
211.40	6783.62	0.00	-3373.46
211.50	6007.06	0.00	-3534.85
211.60	5194.45	0.00	-3675.81
211.70	4350.23	0.00	-3795.36
211.80	3479.11	0.00	-3892.64
211.90	2585.99	0.00	-3966.91
212.00	1676.03	0.00	-4017.57
212.10	754.54	0.00	-4044.14
212.20	-172.98	0.00	-4046.31
212.30	-1100.92	0.00	-4023.90
212.40	-2023.58	0.00	-3976.87
212.50	-2935.19	0.00	-3905.35
212.60	-3829.95	0.00	-3809.61
212.70	-4702.12	0.00	-3690.09
212.80	-5545.97	0.00	-3547.35
212.90	-6355.93	0.00	-3382.13
213.00	-7126.55	0.00	-3195.32
213.10	-7852.59	0.00	-2987.94
213.20	-8529.03	0.00	-2761.15
213.30	-9151.16	0.00	-2516.26
213.40	-9714.59	0.00	-2254.69
213.50	-10215.28	0.00	-1978.00
213.60	-10649.63	0.00	-1687.84
213.70	-11014.46	0.00	-1385.99
213.80	-11307.05	0.00	-1074.30
213.90	-11525.21	0.00	-754.71
214.00	-11667.26	0.00	-429.24
214.10	-11732.06	0.00	-99.95
214.20	-11720.19	0.00	231.04
214.30	-11636.96	0.00	561.60
214.40	-11483.40	0.00	889.56
214.50	-11260.25	0.00	1212.76
214.60	-10968.64	0.00	1529.04
214.70	-10610.10	0.00	1836.29
214.80	-10186.55	0.00	2132.44
214.90	-9700.28	0.00	2415.44
215.00	-9154.00	0.00	2683.36
215.10	-8550.78	0.00	2934.34
215.20	-7894.07	0.00	3166.60
215.30	-7187.70	0.00	3378.50
215.40	-6435.81	0.00	3568.53
215.50	-5642.92	0.00	3735.29
215.60	-4813.85	0.00	3877.56
215.70	-3953.71	0.00	3994.27
215.80	-3067.88	0.00	4084.52
215.90	-2161.98	0.00	4147.59
216.00	-1241.86	0.00	4182.95
216.10	-313.51	0.00	4190.24
216.20	616.91	0.00	4169.34
216.30	1543.19	0.00	4120.28
216.40	2459.03	0.00	4043.32
216.50	3358.15	0.00	3938.91
216.60	4234.31	0.00	3807.69
216.70	5081.38	0.00	3650.52
216.80	5893.36	0.00	3468.43
216.90	6664.46	0.00	3262.63
217.00	7389.14	0.00	3034.52
217.10	8062.17	0.00	2785.66
217.20	8678.64	0.00	2517.76
217.30	9234.08	0.00	2232.69
217.40	9724.42	0.00	1932.43
217.50	10146.09	0.00	1619.09
217.60	10496.03	0.00	1294.88
217.70	10771.72	0.00	962.09
217.80	10971.23	0.00	623.08
217.90	11093.20	0.00	280.26
218.00	11136.88	0.00	-63.92
218.10	11102.14	0.00	-407.01
218.20	10992.57	0.00	-746.57
218.30	10812.38	0.00	-1080.17
218.40	10562.89	0.00	-1405.43
218.50	10245.82	0.00	-1720.03
218.60	9863.34	0.00	-2021.73
218.70	9418.02	0.00	-2308.39
218.80	8912.84	0.00	-2577.97
218.90	8351.16	0.00	-2828.59
219.00	7736.72	0.00	-3058.49
219.10	7073.61	0.00	-3266.06
219.20	6366.25	0.00	-3449.88
219.30	5619.38	0.00	-3608.70
219.40	4838.03	0.00	-3741.47
219.50	4027.47	0.00	-3847.33
219.60	3193.22	0.00	-3925.61
219.70	2340.96	0.00	-3975.88
219.80	1476.55	0.00	-3997.90
219.90	605.95	0.00	-3991.64
220.00	-264.80	0.00	-3957.30
220.10	-1129.65	0.00	-3895.27
220.20	-1982.54	0.00	-3806.15
220.30	-2817.50	0.00	-3690.74
220.40	-3628.65	0.00	-3550.04
220.50	-4410.29	0.00	-3385.22
220.60	-5156.90	0.00	-3197.63
220.70	-5863.24	0.00	-2988.78
220.80	-6524.34	0.00	-2760.33
220.90	-7135.60	0.00	-2514.06
221.00	-7692.77	0.00	-2251.89
221.10	-8192.05	0.00	-1975.83
221.20	-8630.05	0.00	-1687.96
221.30	-9003.90	0.00	-1390.47
221.40	-9311.22	0.00	-1085.56
221.50	-9550.13	0.00	-775.49
221.60	-9719.33	0.00	-462.53
221.70	-9818.03	0.00	-148.94
221.80	-9846.03	0.00	163.03
221.90	-9803.71	0.00	471.18
222.00	-9695.15	0.00	773.33
222.10	-9523.30	0.00	1067.41
222.20	-9289.75	0.00	1351.41
222.30	-8996.46	0.00	1623.43
222.40	-8645.74	0.00	1881.66
222.50	-8240.25	0.00	2124.43
222.60	-7782.97	0.00	2350.22
222.70	-7277.19	0.00	2557.61
222.80	-6726.49	0.00	2745.38
222.90	-6134.70	0.00	2912.44
223.00	-5505.91	0.00	3057.87
223.10	-4844.43	0.00	3180.92
223.20	-4154.75	0.00	3281.02
223.30	-3441.53	0.00	3357.75
223.40	-2709.58	0.00	3410.90
223.50	-1963.79	0.00	3440.40
223.60	-1209.16	0.00	3446.35
223.70	-450.71	0.00	3429.04
223.80	306.54	0.00	3388.89
223.90	1057.58	0.00	3326.50
224.00	1797.45	0.00	3242.59
224.10	2521.31	0.00	3138.04
224.20	3224.43	0.00	3013.85
224.30	3902.25	0.00	2871.13
224.40	4550.40	0.00	2711.12
224.50	5164.76	0.00	2535.13
224.60	5741.42	0.00	2344.59
224.70	6276.81	0.00	2140.97
224.80	6767.63	0.00	1925.82
224.90	7210.94	0.00	1700.75
225.00	7604.15	0.00	1467.38
225.10	7945.03	0.00	1227.38
225.20	8231.76	0.00	982.43
225.30	8462.89	0.00	734.20
225.40	8637.41	0.00	484.37
225.50	8754.69	0.00	234.59
225.60	8814.53	0.00	-13.53
225.70	8817.17	0.00	-258.41
225.80	8765.76	0.00	-498.52
225.90	8662.67	0.00	-732.38
226.00	8509.07	0.00	-958.60
226.10	8306.40	0.00	-1175.85
226.20	8056.38	0.00	-1382.88
226.30	7760.95	0.00	-1578.53
226.40	7422.30	0.00	-1761.74
226.50	7042.82	0.00	-1931.54
226.60	6625.13	0.00	-2087.05
226.70	6172.02	0.00	-2227.53
226.80	5686.48	0.00	-2352.31
226.90	5171.63	0.00	-2460.85
227.00	4630.76	0.00	-2552.71
227.10	4067.27	0.00	-2627.58
227.20	3484.68	0.00	-2685.23
227.30	2886.58	0.00	-2725.56
227.40	2276.65	0.00	-2748.58
227.50	1658.59	0.00	-2754.39
227.60	1036.14	0.00	-2743.22
227.70	413.06	0.00	-2715.37
227.80	-206.94	0.00	-2671.27
227.90	-820.17	0.00	-2611.40
228.00	-1423.00	0.00	-2536.38
228.10	-2011.92	0.00	-2446.88
228.20	-2583.47	0.00	-2343.67
228.30	-3134.39	0.00	-2227.56
228.40	-3661.51	0.00	-2099.46
228.50	-4161.89	0.00	-1960.34
228.60	-4632.72	0.00	-1811.20
228.70	-5071.47	0.00	-1653.13
228.80	-5475.78	0.00	-1487.21
228.90	-5843.57	0.00	-1314.60
229.00	-6173.01	0.00	-1136.47
229.10	-6462.52	0.00	-954.00
229.20	-6710.84	0.00	-768.40
229.30	-6916.96	0.00	-580.87
229.40	-7080.18	0.00	-392.63
229.50	-7200.09	0.00	-204.86
229.60	-7276.58	0.00	-18.77
229.70	-7309.83	0.00	164.52
229.80	-7300.32	0.00	343.85
229.90	-7248.81	0.00	518.15
230.00	-7156.37	0.00	686.37
230.10	-7026.06	0.00	847.52
230.20	-6860.13	0.00	1000.66
230.30	-6660.16	0.00	1144.92
230.40	-6427.89	0.00	1279.49
230.50	-6165.24	0.00	1403.64
230.60	-5874.29	0.00	1516.72
230.70	-5557.22	0.00	1618.14
230.80	-5216.38	0.00	1707.44
230.90	-4854.20	0.00	1784.19
231.00	-4473.21	0.00	1848.10
231.10	-4076.04	0.00	1898.94
231.20	-3665.36	0.00	1936.59
231.30	-3243.90	0.00	1961.00
231.40	-2814.42	0.00	1972.24
231.50	-2379.67	0.00	1970.45
231.60	-1942.43	0.00	1955.88
231.70	-1505.43	0.00	1928.84
231.80	-1071.36	0.00	1889.74
231.90	-642.86	0.00	1839.07
232.00	-222.48	0.00	1777.39
232.10	187.31	0.00	1705.33
232.20	584.18	0.00	1623.58
232.30	965.89	0.00	1532.91
232.40	1330.37	0.00	1434.13
232.50	1675.70	0.00	1328.07
232.60	2000.13	0.00	1215.65
232.70	2302.07	0.00	1097.78
232.80	2580.16	0.00	975.40
232.90	2833.20	0.00	849.49
233.00	3060.21	0.00	721.01
233.10	3260.43	0.00	590.94
233.20	3433.28	0.00	460.24
233.30	3578.42	0.00	329.86
233.40	3695.72	0.00	200.74
233.50	3785.25	0.00	73.78
233.60	3847.29	0.00	-50.16
233.70	3882.31	0.00	-170.24
233.80	3890.99	0.00	-285.68
233.90	3874.16	0.00	-395.76
234.00	3832.86	0.00	-499.80
234.10	3768.26	0.00	-597.18
234.20	3681.69	0.00	-687.35
234.30	3574.60	0.00	-769.83
234.40	3448.59	0.00	-844.19
234.50	3305.31	0.00	-910.09
234.60	3146.54	0.00	-967.23
234.70	2974.12	0.00	-1015.43
234.80	2789.93	0.00	-1054.52
234.90	2595.91	0.00	-1084.44
235.00	2394.07	0.00	-1105.19
235.10	2186.56	0.00	-1116.83
235.20	1975.28	0.00	-1119.46
235.30	1762.09	0.00	-1113.29
235.40	1548.81	0.00	-1098.54
235.50	1337.23	0.00	-1075.51
235.60	1129.09	0.00	-1044.54
235.70	926.04	0.00	-1006.00
235.80	729.68	0.00	-960.34
235.90	541.51	0.00	-908.00
236.00	362.96	0.00	-849.49
236.10	195.33	0.00	-785.33
236.20	39.82	0.00	-716.07
236.30	-102.47	0.00	-642.27
236.40	-230.58	0.00	-564.51
236.50	-343.67	0.00	-483.40
236.60	-441.04	0.00	-399.53
236.70	-522.10	0.00	-313.52
236.80	-586.42	0.00	-225.98
236.90	-633.68	0.00	-137.52
237.00	-663.73	0.00	-48.75
237.10	-676.54	0.00	39.74
237.20	-672.21	0.00	127.34
237.30	-650.99	0.00	213.48
237.40	-613.25	0.00	297.58
237.50	-559.49	0.00	379.08
237.60	-490.36	0.00	457.45
237.70	-406.59	0.00	532.15
237.80	-309.05	0.00	602.69
237.90	-198.73	0.00	668.56
238.00	-76.71	0.00	729.31
238.10	55.83	0.00	784.49
238.20	197.62	0.00	833.68
238.30	347.29	0.00	876.48
238.40	503.40	0.00	912.52
238.50	664.46	0.00	941.47
238.60	828.89	0.00	963.02
238.70	995.08	0.00	976.88
238.80	1161.35	0.00	982.82
238.90	1326.01	0.00	980.63
239.00	1487.35	0.00	970.14
239.10	1643.62	0.00	951.22
239.20	1793.09	0.00	923.80
239.30	1934.01	0.00	887.84
239.40	2064.68	0.00	843.36
239.50	2183.40	0.00	790.42
239.60	2288.52	0.00	729.13
239.70	2378.46	0.00	659.69
239.80	2451.67	0.00	582.32
239.90	2506.69	0.00	497.32
240.00	2542.16	0.00	405.04
240.10	2556.80	0.00	305.91
240.20	2549.46	0.00	200.42
240.30	2519.09	0.00	89.10
240.40	2464.80	0.00	-27.42
240.50	2385.85	0.00	-148.47
240.60	2281.63	0.00	-273.31
240.70	2151.73	0.00	-401.16
240.80	1995.92	0.00	-531.14
240.90	1814.16	0.00	-662.36
241.00	1606.59	0.00	-793.86
241.10	1373.59	0.00	-924.64
241.20	1115.75	0.00	-1053.68
241.30	833.86	0.00	-1179.89
241.40	528.98	0.00	-1302.19
241.50	202.36	0.00	-1419.46
241.60	-144.49	0.00	-1530.61
241.70	-509.85	0.00	-1634.50
241.80	-891.75	0.00	-1730.04
241.90	-1288.01	0.00	-1816.14
242.00	-1696.22	0.00	-1891.75
242.10	-2113.78	0.00	-1955.86
242.20	-2537.89	0.00	-2007.51
242.30	-2965.54	0.00	-2045.81
242.40	-3393.60	0.00	-2069.92
242.50	-3818.77	0.00	-2079.11
242.60	-4237.61	0.00	-2072.74
242.70	-4646.63	0.00	-2050.24
242.80	-5042.20	0.00	-2011.19
242.90	-5420.71	0.00	-1955.28
243.00	-5778.50	0.00	-1882.30
243.10	-6111.92	0.00	-1792.21
243.20	-6417.40	0.00	-1685.09
243.30	-6691.43	0.00	-1561.15
243.40	-6931.36	0.00	-1420.76
243.50	-7135.73	0.00	-1264.46
243.60	-7301.78	0.00	-1092.88
243.70	-7426.82	0.00	-906.86
243.80	-7508.37	0.00	-707.34
243.90	-7544.16	0.00	-495.43
244.00	-7532.17	0.00	-272.34
244.10	-7470.62	0.00	-39.46
244.20	-7358.02	0.00	201.74
244.30	-7193.18	0.00	449.66
244.40	-6975.26	0.00	702.59
244.50	-6703.73	0.00	958.76
244.60	-6378.44	0.00	1216.28
244.70	-5999.62	0.00	1473.22
244.80	-5567.89	0.00	1727.61
244.90	-5084.26	0.00	1977.41
245.00	-4550.18	0.00	2220.61
245.10	-3967.52	0.00	2455.16
245.20	-3338.54	0.00	2679.04
245.30	-2665.98	0.00	2890.26
245.40	-1952.97	0.00	3086.88
245.50	-1203.07	0.00	3267.04
245.60	-420.25	0.00	3428.95
245.70	391.12	0.00	3570.92
245.80	1226.31	0.00	3691.39
245.90	2080.21	0.00	3788.92
246.00	2947.39	0.00	3862.23
246.10	3822.15	0.00	3910.18
246.20	4698.49	0.00	3931.82
246.30	5570.22	0.00	3926.38
246.40	6430.97	0.00	3893.28
246.50	7274.24	0.00	3832.14
246.60	8093.46	0.00	3742.79
246.70	8882.02	0.00	3625.26
246.80	9633.38	0.00	3479.83
246.90	10341.08	0.00	3306.96
247.00	10998.81	0.00	3107.33
247.10	11600.48	0.00	2881.86
247.20	12140.30	0.00	2631.66
247.30	12612.78	0.00	2358.04
247.40	13012.86	0.00	2062.53
247.50	13340.05	0.00	1746.81
247.60	13595.57	0.00	1412.77
247.70	13776.29	0.00	1062.44
247.80	13879.42	0.00	698.03
247.90	13902.60	0.00	321.84
248.00	13843.84	0.00	-63.67
248.10	13701.58	0.00	-455.96
248.20	13474.71	0.00	-852.41
248.30	13162.57	0.00	-1250.33
248.40	12764.98	0.00	-1647.00
248.50	12282.26	0.00	-2039.66
248.60	11715.21	0.00	-2425.56
248.70	11065.18	0.00	-2801.97
248.80	10334.04	0.00	-3166.21
248.90	9524.17	0.00	-3515.64
249.00	8638.54	0.00	-3847.71
249.10	7680.64	0.00	-4159.99
249.20	6654.52	0.00	-4450.14
249.30	5564.77	0.00	-4715.98
249.40	4416.52	0.00	-4955.48
249.50	3215.43	0.00	-5166.78
249.60	1967.64	0.00	-5348.20
249.70	679.81	0.00	-5498.28
249.80	-640.98	0.00	-5615.74
249.90	-1987.20	0.00	-5699.55
250.00	-3350.98	0.00	-5748.88
250.10	-4724.08	0.00	-5763.16
250.20	-6098.01	0.00	-5742.04
250.30	-7464.04	0.00	-5685.44
250.40	-8813.30	0.00	-5593.49
250.50	-10136.80	0.00	-5466.57
250.60	-11425.54	0.00	-5305.32
250.70	-12670.59	0.00	-5110.59
250.80	-13863.11	0.00	-4883.47
250.90	-14994.50	0.00	-4625.27
251.00	-16056.41	0.00	-4337.49
251.10	-17040.88	0.00	-4021.85
251.20	-17940.35	0.00	-3680.24
251.30	-18747.79	0.00	-3314.73
251.40	-19456.75	0.00	-2927.54
251.50	-20061.39	0.00	-2521.03
251.60	-20556.59	0.00	-2097.67
251.70	-20944.25	0.00	-1660.05
251.80	-21236.98	0.00	-1210.82
251.90	-21433.53	0.00	-752.70
252.00	-21532.30	0.00	-288.47
252.10	-21532.07	0.00	179.08
252.20	-21431.99	0.00	647.16
252.30	-21231.61	0.00	1112.99
252.40	-20930.85	0.00	1573.83
252.50	-20530.03	0.00	2026.97
252.60	-20029.87	0.00	2469.81
252.70	-19431.50	0.00	2899.81
252.80	-18736.45	0.00	3314.55
252.90	-17946.67	0.00	3711.71
253.00	-17064.55	0.00	4089.13
253.10	-16092.90	0.00	4444.78
253.20	-15034.98	0.00	4776.79
253.30	-13894.49	0.00	5083.46
253.40	-12675.57	0.00	5363.27
253.50	-11382.83	0.00	5614.87
253.60	-10021.30	0.00	5837.11
253.70	-8596.44	0.00	6029.03
253.80	-7114.17	0.00	6189.87
253.90	-5580.78	0.00	6319.04
254.00	-4002.99	0.00	6416.18
254.10	-2387.85	0.00	6481.10
254.20	-742.78	0.00	6513.80
254.30	924.50	0.00	6514.48
254.40	2606.02	0.00	6483.50
254.50	4293.56	0.00	6421.39
254.60	5978.73	0.00	6328.86
254.70	7653.02	0.00	6206.76
254.80	9307.83	0.00	6056.10
254.90	10934.53	0.00	5877.99
255.00	12524.54	0.00	5673.71
255.10	14069.38	0.00	5444.61
255.20	15560.72	0.00	5192.15
255.30	16990.44	0.00	4917.89
255.40	18350.70	0.00	4623.45
255.50	19634.00	0.00	4310.52
255.60	20833.23	0.00	3980.84
255.70	21941.72	0.00	3636.18
255.80	22953.30	0.00	3278.34
255.90	23862.35	0.00	2909.14
256.00	24663.81	0.00	2530.40
256.10	25353.27	0.00	2143.94
256.20	25926.95	0.00	1751.56
256.30	26381.75	0.00	1355.03
256.40	26715.29	0.00	956.11
256.50	26934.19	0.00	556.49
256.60	27065.13	0.00	157.84
256.70	27110.31	0.00	-238.25
256.80	27069.88	0.00	-630.22
256.90	26944.13	0.00	-1016.60
257.00	26733.43	0.00	-1395.96
257.10	26438.28	0.00	-1766.97
257.20	26059.28	0.00	-2128.34
257.30	25597.14	0.00	-2478.89
257.40	25052.68	0.00	-2817.49
257.50	24426.86	0.00	-3143.09
257.60	23720.78	0.00	-3454.73
257.70	22935.67	0.00	-3751.52
257.80	22072.96	0.00	-4032.65
257.90	21134.23	0.00	-4297.38
258.00	20121.29	0.00	-4545.04
258.10	19036.15	0.00	-4775.05
258.20	17881.04	0.00	-4986.90
258.30	16658.47	0.00	-5180.12
258.40	15371.20	0.00	-5354.34
258.50	14022.26	0.00	-5509.26
258.60	12614.97	0.00	-5644.61
258.70	11152.95	0.00	-5760.20
258.80	9640.14	0.00	-5855.92
258.90	8080.77	0.00	-5931.68
259.00	6479.39	0.00	-5987.47
259.10	4840.85	0.00	-6023.33
259.20	3170.32	0.00	-6039.35
259.30	1473.25	0.00	-6035.66
259.40	-244.64	0.00	-6012.46
259.50	-1977.33	0.00	-5969.98
259.60	-3718.60	0.00	-5908.49
259.70	-5461.97	0.00	-5828.33
259.80	-7200.79	0.00	-5729.86
259.90	-8928.24	0.00	-5613.49
260.00	-10637.36	0.00	-5479.67
260.10	-12321.11	0.00	-5328.88
260.20	-13972.37	0.00	-5161.65
260.30	-15584.04	0.00	-4978.54
260.40	-17149.02	0.00	-4780.16
260.50	-18660.27	0.00	-4567.12
260.60	-20110.89	0.00	-4340.11
260.70	-21494.12	0.00	-4099.81
260.80	-22803.40	0.00	-3846.95
260.90	-24032.45	0.00	-3582.28
261.00	-25175.25	0.00	-3306.61
261.10	-26226.11	0.00	-3020.72
261.20	-27179.75	0.00	-2725.46
261.30	-28031.28	0.00	-2421.69
261.40	-28776.26	0.00	-2110.28
261.50	-29410.75	0.00	-1792.14
261.60	-29931.30	0.00	-1468.17
261.70	-30335.02	0.00	-1139.30
261.80	-30619.58	0.00	-806.49
261.90	-30792.23	0.00	-470.68
262.00	-30888.65	0.00	-132.85
262.10	-30912.35	0.00	206.06
262.20	-30862.91	0.00	545.05
262.30	-30739.90	0.00	883.15
262.40	-30542.87	0.00	1219.39
262.50	-30271.37	0.00	1552.79
262.60	-29924.94	0.00	1882.39
262.70	-29503.15	0.00	2207.23
262.80	-29005.59	0.00	2526.36
262.90	-28431.90	0.00	2838.84
263.00	-27781.82	0.00	3143.74
263.10	-27055.14	0.00	3440.16
263.20	-26251.81	0.00	3727.22
263.30	-25371.91	0.00	4004.04
263.40	-24415.68	0.00	4269.79
263.50	-23383.59	0.00	4523.65
263.60	-22276.31	0.00	4764.83
263.70	-21094.79	0.00	4992.58
263.80	-19840.25	0.00	5206.16
263.90	-18514.21	0.00	5404.88
264.00	-17118.56	0.00	5588.10
264.10	-15655.50	0.00	5755.19
264.20	-14127.64	0.00	5905.57
264.30	-12537.95	0.00	6038.72
264.40	-10889.84	0.00	6154.13
264.50	-9187.12	0.00	6251.37
264.60	-7434.01	0.00	6330.03
264.70	-5635.18	0.00	6389.76
264.80	-3795.72	0.00	6430.27
264.90	-1921.11	0.00	6451.30
265.00	-17.26	0.00	6452.66
265.10	1909.52	0.00	6434.21
265.20	3852.56	0.00	6395.87
265.30	5804.86	0.00	6337.61
265.40	7759.07	0.00	6259.46
265.50	9707.59	0.00	6161.51
265.60	11642.56	0.00	6043.90
265.70	13555.90	0.00	5906.86
265.80	15439.42	0.00	5750.64
265.90	17284.76	0.00	5575.59
266.00	19083.56	0.00	5382.08
266.10	20827.43	0.00	5170.58
266.20	22508.03	0.00	4941.60
266.30	24117.15	0.00	4695.72
266.40	25646.74	0.00	4433.56
266.50	27088.99	0.00	4155.82
266.60	28436.37	0.00	3863.25
266.70	29681.69	0.00	3556.65
266.80	30818.18	0.00	3236.88
266.90	31839.52	0.00	2904.86
267.00	32739.90	0.00	2561.54
267.10	33514.07	0.00	2207.93
267.20	34157.38	0.00	1845.09
267.30	34665.81	0.00	1474.12
267.40	35036.05	0.00	1096.14
267.50	35265.47	0.00	712.34
267.60	35380.21	0.00	323.91
267.70	35416.48	0.00	-67.92
267.80	35373.75	0.00	-461.89
267.90	35251.22	0.00	-856.72
268.00	35048.09	0.00	-1251.13
268.10	34763.49	0.00	-1643.81
268.20	34396.54	0.00	-2033.44
268.30	33946.37	0.00	-2418.72
268.40	33412.10	0.00	-2798.34
268.50	32792.93	0.00	-3170.99
268.60	32088.12	0.00	-3535.38
268.70	31297.03	0.00	-3890.25
268.80	30419.19	0.00	-4234.32
268.90	29454.27	0.00	-4566.39
269.00	28402.18	0.00	-4885.26
269.10	27263.07	0.00	-5189.76
269.20	26037.39	0.00	-5478.78
269.30	24725.91	0.00	-5751.26
269.40	23329.75	0.00	-6006.16
269.50	21850.45	0.00	-6242.51
269.60	20289.96	0.00	-6459.42
269.70	18650.70	0.00	-6656.02
269.80	16935.57	0.00	-6831.54
269.90	15147.96	0.00	-6985.26
270.00	13291.81	0.00	-7116.54
270.10	11371.56	0.00	-7224.81
270.20	9392.21	0.00	-7309.58
270.30	7359.30	0.00	-7370.43
270.40	5278.91	0.00	-7407.05
270.50	3157.62	0.00	-7419.18
270.60	1002.54	0.00	-7406.65
270.70	-1178.74	0.00	-7369.41
270.80	-3378.18	0.00	-7307.46
270.90	-5587.32	0.00	-7220.89
271.00	-7797.35	0.00	-7109.89
271.10	-9999.09	0.00	-6974.75
271.20	-12183.11	0.00	-6815.81
271.30	-14339.78	0.00	-6633.52
271.40	-16459.28	0.00	-6428.41
271.50	-18531.73	0.00	-6201.11
271.60	-20547.21	0.00	-5952.29
271.70	-22495.88	0.00	-5682.73
271.80	-24368.00	0.00	-5393.29
271.90	-26154.04	0.00	-5084.89
272.00	-27844.74	0.00	-4758.53
272.10	-29431.19	0.00	-4415.26
272.20	-30904.90	0.00	-4056.22
272.30	-32257.87	0.00	-3682.60
272.40	-33482.64	0.00	-3295.64
272.50	-34572.40	0.00	-2896.64
272.60	-35521.00	0.00	-2486.95
272.70	-36323.00	0.00	-2067.96
272.80	-36973.78	0.00	-1641.09
272.90	-37469.50	0.00	-1207.82
273.00	-37807.21	0.00	-769.63
273.10	-37984.81	0.00	-328.03
273.20	-38010.40	0.00	115.44
273.30	-37940.32	0.00	559.23
273.40	-37784.00	0.00	1001.80
273.50	-37541.11	0.00	1441.59
273.60	-37211.30	0.00	1877.05
273.70	-36794.17	0.00	2306.65
273.80	-36289.30	0.00	2728.87
273.90	-35696.27	0.00	3142.21
274.00	-35014.71	0.00	3545.19
274.10	-34244.30	0.00	3936.39
274.20	-33384.83	0.00	4314.40
274.30	-32436.21	0.00	4677.89
274.40	-31398.56	0.00	5025.54
274.50	-30272.16	0.00	5356.11
274.60	-29057.58	0.00	5668.43
274.70	-27755.69	0.00	5961.38
274.80	-26367.66	0.00	6233.91
274.90	-24895.06	0.00	6485.06
275.00	-23339.84	0.00	6713.95
275.10	-21704.39	0.00	6919.75
275.20	-19991.58	0.00	7101.77
275.30	-18204.75	0.00	7259.37
275.40	-16347.75	0.00	7392.01
275.50	-14424.95	0.00	7499.27
275.60	-12441.25	0.00	7580.80
275.70	-10402.06	0.00	7636.37
275.80	-8313.35	0.00	7665.82
275.90	-6181.56	0.00	7669.11
276.00	-4013.66	0.00	7646.31
276.10	-1817.09	0.00	7597.58
276.20	400.30	0.00	7523.16
276.30	2630.23	0.00	7423.41
276.40	4864.05	0.00	7298.79
276.50	7092.81	0.00	7149.82
276.60	9307.31	0.00	6977.14
276.70	11498.11	0.00	6781.47
276.80	13655.67	0.00	6563.60
276.90	15770.34	0.00	6324.39
277.00	17832.49	0.00	6064.81
277.10	19832.51	0.00	5785.86
277.20	21760.96	0.00	5488.62
277.30	23608.58	0.00	5174.22
277.40	25366.40	0.00	4843.85
277.50	27025.76	0.00	4498.73
277.60	28578.45	0.00	4140.13
277.70	30016.70	0.00	3769.35
277.80	31333.28	0.00	3387.72
277.90	32521.57	0.00	2996.57
278.00	33575.57	0.00	2597.28
278.10	34490.00	0.00	2191.22
278.20	35260.27	0.00	1779.74
278.30	35882.60	0.00	1364.21
278.40	36353.98	0.00	946.01
278.50	36672.21	0.00	526.46
278.60	36835.94	0.00	106.91
278.70	36844.65	0.00	-311.36
278.80	36724.48	0.00	-727.06
278.90	36520.22	0.00	-1138.95
279.00	36232.86	0.00	-1545.80
279.10	35862.53	0.00	-1946.45
279.20	35409.30	0.00	-2339.76
279.30	34873.20	0.00	-2724.63
279.40	34254.21	0.00	-3099.99
279.50	33552.30	0.00	-3464.85
279.60	32767.49	0.00	-3818.22
279.70	31899.82	0.00	-4159.19
279.80	30949.40	0.00	-4486.86
279.90	29916.49	0.00	-4800.41
280.00	28801.47	0.00	-5099.04
280.10	27604.94	0.00	-5381.98
280.20	26327.68	0.00	-5648.55
280.30	24970.77	0.00	-5898.05
280.40	23535.58	0.00	-6129.87
280.50	22023.80	0.00	-6343.42
280.60	20437.49	0.00	-6538.12
280.70	18779.12	0.00	-6713.48
280.80	17051.58	0.00	-6869.00
280.90	15258.19	0.00	-7004.24
281.00	13402.76	0.00	-7118.78
281.10	11489.59	0.00	-7212.25
281.20	9523.45	0.00	-7284.30
281.30	7509.62	0.00	-7334.62
281.40	5453.91	0.00	-7362.93
281.50	3362.60	0.00	-7368.99
281.60	1242.45	0.00	-7352.60
281.70	-899.28	0.00	-7313.60
281.80	-3054.91	0.00	-7251.87
281.90	-5216.34	0.00	-7167.32
282.00	-7375.07	0.00	-7059.92
282.10	-9522.29	0.00	-6929.68
282.20	-11648.85	0.00	-6776.68
282.30	-13745.40	0.00	-6601.03
282.40	-15802.38	0.00	-6402.93
282.50	-17810.12	0.00	-6182.60
282.60	-19758.86	0.00	-5940.37
282.70	-21638.90	0.00	-5676.62
282.80	-23440.57	0.00	-5391.79
282.90	-25154.37	0.00	-5086.43
283.00	-26771.05	0.00	-4761.15
283.10	-28281.65	0.00	-4416.64
283.20	-29677.58	0.00	-4053.70
283.30	-30950.71	0.00	-3673.19
283.40	-32093.46	0.00	-3276.09
283.50	-33098.82	0.00	-2863.45
283.60	-33960.48	0.00	-2436.42
283.70	-34672.81	0.00	-1996.26
283.80	-35231.01	0.00	-1544.30
283.90	-35631.09	0.00	-1081.98
284.00	-35869.96	0.00	-610.82
284.10	-35945.42	0.00	-132.42
284.20	-35872.18	0.00	351.51
284.30	-35697.84	0.00	839.21
284.40	-35424.96	0.00	1328.83
284.50	-35052.78	0.00	1818.46
284.60	-34580.59	0.00	2306.13
284.70	-34007.74	0.00	2789.81
284.80	-33333.70	0.00	3267.45
284.90	-32558.09	0.00	3736.94
285.00	-31680.70	0.00	4196.17
285.10	-30701.57	0.00	4643.00
285.20	-29621.02	0.00	5075.31
285.30	-28439.69	0.00	5490.98
285.40	-27158.63	0.00	5887.91
285.50	-25779.28	0.00	6264.06
285.60	-24303.58	0.00	6617.42
285.70	-22734.02	0.00	6946.06
285.80	-21073.61	0.00	7248.12
285.90	-19326.00	0.00	7521.84
286.00	-17495.46	0.00	7765.57
286.10	-15586.94	0.00	7977.76
286.20	-13606.05	0.00	8157.00
286.30	-11559.11	0.00	8302.03
286.40	-9453.14	0.00	8411.73
286.50	-7295.81	0.00	8485.17
286.60	-5095.51	0.00	8521.56
286.70	-2861.23	0.00	8520.32
286.80	-602.59	0.00	8481.05
286.90	1670.26	0.00	8403.55
287.00	3946.66	0.00	8287.82
287.10	6215.52	0.00	8134.07
287.20	8465.39	0.00	7942.72
287.30	10684.57	0.00	7714.39
287.40	12861.17	0.00	7449.92
287.50	14983.23	0.00	7150.37
287.60	17038.82	0.00	6816.98
287.70	19016.14	0.00	6451.21
287.80	20903.61	0.00	6054.71
287.90	22690.05	0.00	5629.32
288.00	24364.70	0.00	5177.04
288.10	25917.40	0.00	4700.07
288.20	27338.63	0.00	4200.75
288.30	28619.69	0.00	3681.56
288.40	29752.69	0.00	3145.11
288.50	30730.74	0.00	2594.13
288.60	31547.92	0.00	2031.46
288.70	32199.45	0.00	1460.00
288.80	32681.64	0.00	882.72
288.90	32992.00	0.00	302.65
289.00	33129.25	0.00	-277.17
289.10	33093.31	0.00	-853.67
289.20	32885.35	0.00	-1423.82
289.30	32530.92	0.00	-1984.60
289.40	32064.79	0.00	-2533.04
289.50	31488.97	0.00	-3066.24
289.60	30805.51	0.00	-3581.39
289.70	30016.71	0.00	-4075.79
289.80	29125.15	0.00	-4546.85
289.90	28133.73	0.00	-4992.12
290.00	27045.68	0.00	-5409.33
290.10	25864.56	0.00	-5796.34
290.20	24594.32	0.00	-6151.23
290.30	23239.30	0.00	-6472.25
290.40	21804.23	0.00	-6757.86
290.50	20294.31	0.00	-7006.77
290.60	18715.11	0.00	-7217.86
290.70	17072.68	0.00	-7390.29
290.80	15373.48	0.00	-7523.42
290.90	13624.39	0.00	-7616.88
291.00	11832.70	0.00	-7670.53
291.10	10006.10	0.00	-7684.45
291.20	8152.59	0.00	-7658.99
291.30	6280.52	0.00	-7594.73
291.40	4398.49	0.00	-7492.47
291.50	2515.32	0.00	-7353.23
291.60	639.99	0.00	-7178.28
291.70	-1218.41	0.00	-6969.05
291.80	-3050.79	0.00	-6727.20
291.90	-4848.07	0.00	-6454.55
292.00	-6601.29	0.00	-6153.12
292.10	-8301.70	0.00	-5825.05
292.20	-9940.78	0.00	-5472.63
292.30	-11510.36	0.00	-5098.27
292.40	-13002.70	0.00	-4704.50
292.50	-14410.52	0.00	-4293.92
292.60	-15727.08	0.00	-3869.19
292.70	-16946.26	0.00	-3433.04
292.80	-18062.59	0.00	-2988.21
292.90	-19071.33	0.00	-2537.44
293.00	-19968.45	0.00	-2083.50
293.10	-20750.74	0.00	-1629.10
293.20	-21415.77	0.00	-1176.89
293.30	-21961.94	0.00	-729.50
293.40	-22388.46	0.00	-289.43
293.50	-22695.39	0.00	140.89
293.60	-22883.59	0.00	559.15
293.70	-22954.68	0.00	963.19
293.80	-22911.09	0.00	1350.95
293.90	-22755.94	0.00	1720.58
294.00	-22493.06	0.00	2070.35
294.10	-22126.88	0.00	2398.73
294.20	-21662.78	0.00	2704.36
294.30	-21121.65	0.00	2986.08
294.40	-20516.38	0.00	3242.92
294.50	-19851.16	0.00	3474.11
294.60	-19130.33	0.00	3679.07
294.70	-18358.30	0.00	3857.43
294.80	-17539.53	0.00	4009.02
294.90	-16678.58	0.00	4133.84
295.00	-15780.02	0.00	4232.12
295.10	-14848.45	0.00	4304.23
295.20	-13888.48	0.00	4350.75
295.30	-12904.73	0.00	4372.40
295.40	-11901.77	0.00	4370.09
295.50	-10884.12	0.00	4344.83
295.60	-9856.24	0.00	4297.81
295.70	-8822.51	0.00	4230.30
295.80	-7787.21	0.00	4143.70
295.90	-6754.45	0.00	4039.50
296.00	-5728.25	0.00	3919.25
296.10	-4712.42	0.00	3784.57
296.20	-3710.61	0.00	3637.13
296.30	-2726.26	0.00	3478.61
296.40	-1762.59	0.00	3310.72
296.50	-822.60	0.00	3135.16
296.60	90.96	0.00	2953.62
296.70	975.59	0.00	2767.73
296.80	1829.05	0.00	2579.11
296.90	2649.37	0.00	2389.30
297.00	3434.84	0.00	2199.76
297.10	4184.01	0.00	2011.87
297.20	4895.70	0.00	1826.93
297.30	5568.99	0.00	1646.12
297.40	6203.21	0.00	1470.51
297.50	6797.92	0.00	1301.05
297.60	7352.91	0.00	1138.57
297.70	7868.18	0.00	983.77
297.80	8343.92	0.00	837.21
297.90	8780.52	0.00	699.35
298.00	9178.50	0.00	570.47
298.10	9538.53	0.00	450.76
298.20	9861.39	0.00	340.26
298.30	10147.96	0.00	238.91
298.40	10399.19	0.00	146.51
298.50	10616.09	0.00	62.77
298.60	10799.71	0.00	-12.71
298.70	10951.08	0.00	-80.43
298.80	11071.28	0.00	-140.97
298.90	11161.33	0.00	-194.95
299.00	11222.22	0.00	-243.11
299.10	11254.91	0.00	-286.18
299.20	11260.30	0.00	-324.97
299.30	11239.20	0.00	-360.29
299.40	11192.38	0.00	-392.97
299.50	11120.50	0.00	-423.84
299.60	11024.16	0.00	-453.71
299.70	10903.93	0.00	-483.39
299.80	10764.08	0.00	-513.61
299.90	10607.04	0.00	-545.09
300.00	10432.84	0.00	-578.49
300.10	10241.38	0.00	-614.40
300.20	10032.49	0.00	-653.31
300.30	9805.90	0.00	-695.68
300.40	9561.31	0.00	-741.83
300.50	9298.36	0.00	-792.03
300.60	9016.68	0.00	-846.42
300.70	8715.86	0.00	-905.07
300.80	8395.52	0.00	-967.93
300.90	8055.30	0.00	-1034.87
301.00	7694.88	0.00	-1105.63
301.10	7314.00	0.00	-1179.89
301.20	6912.49	0.00	-1257.21
301.30	6490.27	0.00	-1337.08
301.40	6047.35	0.00	-1418.90
301.50	5583.90	0.00	-1502.01
301.60	5100.21	0.00	-1585.65
301.70	4596.74	0.00	-1669.05
301.80	4074.11	0.00	-1751.35
301.90	3533.10	0.00	-1831.68
302.00	2974.70	0.00	-1909.12
302.10	2400.07	0.00	-1982.76
302.20	1810.57	0.00	-2051.66
302.30	1207.75	0.00	-2114.90
302.40	593.35	0.00	-2171.57
302.50	-30.68	0.00	-2220.79
302.60	-662.23	0.00	-2261.72
302.70	-1299.00	0.00	-2293.57
302.80	-1938.54	0.00	-2315.61
302.90	-2578.22	0.00	-2327.17
303.00	-3215.31	0.00	-2327.66
303.10	-3846.92	0.00	-2316.58
303.20	-4470.10	0.00	-2293.50
303.30	-5081.78	0.00	-2258.11
303.40	-5678.87	0.00	-2210.20
303.50	-6258.24	0.00	-2149.63
303.60	-6816.73	0.00	-2076.41
303.70	-7351.23	0.00	-1990.64
303.80	-7858.67	0.00	-1892.52
303.90	-8336.04	0.00	-1782.36
304.00	-8780.46	0.00	-1660.59
304.10	-9189.15	0.00	-1527.72
304.20	-9559.51	0.00	-1384.38
304.30	-9889.11	0.00	-1231.29
304.40	-10175.73	0.00	-1069.24
304.50	-10417.37	0.00	-899.11
304.60	-10612.28	0.00	-721.87
304.70	-10758.99	0.00	-538.53
304.80	-10856.29	0.00	-350.17
304.90	-10903.30	0.00	-157.92
305.00	-10899.40	0.00	37.06
305.10	-10845.39	0.00	233.57
305.20	-10745.83	0.00	430.40
305.30	-10601.42	0.00	626.33
305.40	-10412.52	0.00	820.14
305.50	-10179.72	0.00	1010.62
305.60	-9903.83	0.00	1196.59
305.70	-9585.86	0.00	1376.87
305.80	-9227.04	0.00	1550.37
305.90	-8828.81	0.00	1715.99
306.00	-8392.82	0.00	1872.72
306.10	-7920.91	0.00	2019.61
306.20	-7415.14	0.00	2155.77
306.30	-6877.72	0.00	2280.39
306.40	-6311.06	0.00	2392.74
306.50	-5717.74	0.00	2492.18
306.60	-5100.49	0.00	2578.14
306.70	-4462.18	0.00	2650.17
306.80	-3805.81	0.00	2707.90
306.90	-3134.51	0.00	2751.05
307.00	-2451.48	0.00	2779.45
307.10	-1760.03	0.00	2793.02
307.20	-1063.51	0.00	2791.78
307.30	-365.34	0.00	2775.84
307.40	331.07	0.00	2745.40
307.50	1022.27	0.00	2700.76
307.60	1704.87	0.00	2642.29
307.70	2375.47	0.00	2570.47
307.80	3030.77	0.00	2485.82
307.90	3667.53	0.00	2388.97
308.00	4282.62	0.00	2280.60
308.10	4873.03	0.00	2161.45
308.20	5435.89	0.00	2032.33
308.30	5968.50	0.00	1894.07
308.40	6468.34	0.00	1747.58
308.50	6933.06	0.00	1593.79
308.60	7360.56	0.00	1433.65
308.70	7748.93	0.00	1268.16
308.80	8096.51	0.00	1098.31
308.90	8401.88	0.00	925.11
309.00	8663.89	0.00	749.58
309.10	8881.63	0.00	572.73
309.20	9054.47	0.00	395.55
309.30	9182.02	0.00	219.04
309.40	9264.18	0.00	44.16
309.50	9301.10	0.00	-128.16
309.60	9293.19	0.00	-297.01
309.70	9241.11	0.00	-461.53
309.80	9146.77	0.00	-620.89
309.90	9014.39	0.00	-774.33
310.00	8845.36	0.00	-921.12
310.10	8640.94	0.00	-1060.58
310.20	8402.53	0.00	-1192.11
310.30	8131.67	0.00	-1315.16
310.40	7829.99	0.00	-1429.23
310.50	7499.23	0.00	-1533.91
310.60	7141.24	0.00	-1628.85
310.70	6757.93	0.00	-1713.75
310.80	6351.30	0.00	-1788.40
310.90	5923.41	0.00	-1852.63
311.00	5476.40	0.00	-1906.38
311.10	5012.41	0.00	-1949.62
311.20	4533.66	0.00	-1982.41
311.30	4042.35	0.00	-2004.85
311.40	3540.74	0.00	-2017.13
311.50	3031.05	0.00	-2019.49
311.60	2515.51	0.00	-2012.21
311.70	1996.33	0.00	-1995.65
311.80	1475.69	0.00	-1970.22
311.90	955.71	0.00	-1936.34
312.00	438.49	0.00	-1894.53
312.10	-73.96	0.00	-1845.31
312.20	-579.69	0.00	-1789.23
312.30	-1076.85	0.00	-1726.90
312.40	-1563.65	0.00	-1658.93
312.50	-2038.42	0.00	-1585.96
312.60	-2499.59	0.00	-1508.64
312.70	-2945.70	0.00	-1427.63
312.80	-3375.40	0.00	-1343.59
312.90	-3787.48	0.00	-1257.18
313.00	-4180.83	0.00	-1169.05
313.10	-4554.48	0.00	-1079.85
313.20	-4907.59	0.00	-990.20
313.30	-5239.44	0.00	-900.69
313.40	-5549.44	0.00	-811.89
313.50	-5837.11	0.00	-724.35
313.60	-6102.12	0.00	-638.55
313.70	-6344.22	0.00	-554.98
313.80	-6563.31	0.00	-474.02
313.90	-6759.34	0.00	-396.06
314.00	-6932.42	0.00	-321.41
314.10	-7082.69	0.00	-250.33
314.20	-7210.41	0.00	-183.02
314.30	-7315.89	0.00	-119.65
314.40	-7399.51	0.00	-60.29
314.50	-7461.69	0.00	-4.98
314.60	-7502.91	0.00	46.30
314.70	-7524.42	0.00	93.63
314.80	-7528.82	0.00	137.15
314.90	-7516.75	0.00	177.04
315.00	-7488.71	0.00	213.56
315.10	-7445.16	0.00	246.97
315.20	-7386.49	0.00	277.63
315.30	-7313.09	0.00	305.88
315.40	-7225.26	0.00	332.16
315.50	-7123.25	0.00	356.87
315.60	-7007.23	0.00	380.49
315.70	-6877.34	0.00	403.50
315.80	-6733.61	0.00	426.37
315.90	-6576.04	0.00	449.61
316.00	-6404.52	0.00	473.69
316.10	-6218.91	0.00	499.11
316.20	-6019.00	0.00	526.32
316.30	-5804.50	0.00	555.77
316.40	-5575.09	0.00	587.87
316.50	-5330.41	0.00	622.99
316.60	-5070.03	0.00	661.46
316.70	-4793.52	0.00	703.57
316.80	-4500.44	0.00	749.55
316.90	-4190.31	0.00	799.55
317.00	-3862.68	0.00	853.69
317.10	-3517.12	0.00	911.98
317.20	-3153.24	0.00	974.40
317.30	-2770.67	0.00	1040.82
317.40	-2369.14	0.00	1111.06
317.50	-1948.43	0.00	1184.84
317.60	-1508.43	0.00	1261.82
317.70	-1049.15	0.00	1341.56
317.80	-570.69	0.00	1423.57
317.90	-73.33	0.00	1507.27
318.00	442.52	0.00	1592.02
318.10	976.27	0.00	1677.10
318.20	1527.16	0.00	1761.75
318.30	2094.22	0.00	1845.14
318.40	2676.30	0.00	1926.40
318.50	3272.04	0.00	2004.61
318.60	3879.84	0.00	2078.84
318.70	4497.91	0.00	2148.12
318.80	5124.22	0.00	2211.45
318.90	5756.52	0.00	2267.87
319.00	6392.37	0.00	2316.39
319.10	7029.07	0.00	2356.05
319.20	7663.76	0.00	2385.91
319.30	8293.37	0.00	2405.08
319.40	8914.64	0.00	2412.69
319.50	9524.17	0.00	2407.96
319.60	10118.40	0.00	2390.15
319.70	10693.67	0.00	2358.62
319.80	11246.21	0.00	2312.79
319.90	11772.18	0.00	2252.18
320.00	12267.70	0.00	2176.43
320.10	12728.89	0.00	2085.25
320.20	13151.90	0.00	1978.51
320.30	13534.11	0.00	1856.14
320.40	13879.19	0.00	1718.25
320.50	14185.42	0.00	1565.02
320.60	14449.94	0.00	1396.80
320.70	14670.01	0.00	1214.04
320.80	14842.93	0.00	1017.31
320.90	14966.11	0.00	807.33
321.00	15037.08	0.00	584.93
321.10	15053.52	0.00	351.04
321.20	15013.24	0.00	106.71
321.30	14914.23	0.00	-146.88
321.40	14754.68	0.00	-408.47
321.50	14532.99	0.00	-676.73
321.60	14247.78	0.00	-950.22
321.70	13897.95	0.00	-1227.42
321.80	13482.63	0.00	-1506.78
321.90	13001.27	0.00	-1786.68
322.00	12453.62	0.00	-2065.45
322.10	11839.76	0.00	-2341.42
322.20	11160.12	0.00	-2612.87
322.30	10415.47	0.00	-2878.10
322.40	9606.99	0.00	-3135.42
322.50	8736.23	0.00	-3383.14
322.60	7805.13	0.00	-3619.62
322.70	6816.08	0.00	-3843.26
322.80	5771.85	0.00	-4052.52
322.90	4675.65	0.00	-4245.93
323.00	3531.11	0.00	-4422.09
323.10	2342.28	0.00	-4579.68
323.20	1113.62	0.00	-4717.51
323.30	-150.01	0.00	-4834.47
323.40	-1443.36	0.00	-4929.57
323.50	-2760.80	0.00	-5001.96
323.60	-4096.38	0.00	-5050.88
323.70	-5443.80	0.00	-5075.75
323.80	-6796.51	0.00	-5076.10
323.90	-8147.69	0.00	-5051.61
324.00	-9490.30	0.00	-5002.09
324.10	-10817.16	0.00	-4927.52
324.20	-12120.95	0.00	-4827.99
324.30	-13394.30	0.00	-4703.78
324.40	-14629.80	0.00	-4555.28
324.50	-15820.12	0.00	-4383.02
324.60	-16957.98	0.00	-4187.69
324.70	-18036.29	0.00	-3970.08
324.80	-19048.15	0.00	-3731.14
324.90	-19986.95	0.00	-3471.91
325.00	-20846.38	0.00	-3193.57
325.10	-21620.53	0.00	-2897.40
325.20	-22303.92	0.00	-2584.76
325.30	-22891.54	0.00	-2257.12
325.40	-23378.92	0.00	-1916.03
325.50	-23762.16	0.00	-1563.10
325.60	-24048.38	0.00	-1200.00
325.70	-24254.57	0.00	-828.48
325.80	-24379.69	0.00	-450.30
325.90	-24422.48	0.00	-67.27
326.00	-24381.85	0.00	318.80
326.10	-24256.92	0.00	706.07
326.20	-24047.03	0.00	1092.71
326.30	-23751.69	0.00	1476.89
326.40	-23370.66	0.00	1856.81
326.50	-22903.90	0.00	2230.68
326.60	-22351.64	0.00	2596.78
326.70	-21714.34	0.00	2953.41
326.80	-20992.73	0.00	3298.93
326.90	-20187.86	0.00	3631.78
327.00	-19301.03	0.00	3950.43
327.10	-18333.90	0.00	4253.47
327.20	-17288.45	0.00	4539.55
327.30	-16167.01	0.00	4807.41
327.40	-14972.28	0.00	5055.88
327.50	-13707.32	0.00	5283.90
327.60	-12375.59	0.00	5490.49
327.70	-10980.96	0.00	5674.79
327.80	-9527.68	0.00	5836.04
327.90	-8020.40	0.00	5973.58
328.00	-6464.18	0.00	6086.87
328.10	-4864.48	0.00	6175.47
328.20	-3227.12	0.00	6239.04
328.30	-1558.31	0.00	6277.37
328.40	135.40	0.00	6290.34
328.50	1847.14	0.00	6277.94
328.60	3569.72	0.00	6240.25
328.70	5295.72	0.00	6177.47
328.80	7017.45	0.00	6089.89
328.90	8727.07	0.00	5977.89
329.00	10416.58	0.00	5841.95
329.10	12077.87	0.00	5682.63
329.20	13702.81	0.00	5500.58
329.30	15283.27	0.00	5296.52
329.40	16811.16	0.00	5071.27
329.50	18278.54	0.00	4825.69
329.60	19677.63	0.00	4560.74
329.70	21000.88	0.00	4277.43
329.80	22241.04	0.00	3976.84
329.90	23391.20	0.00	3660.09
330.00	24444.86	0.00	3328.38
330.10	25395.95	0.00	2982.93
330.20	26238.93	0.00	2625.03
330.30	26968.79	0.00	2256.01
330.40	27581.11	0.00	1877.23
330.50	28072.12	0.00	1490.08
330.60	28438.68	0.00	1096.00
330.70	28678.36	0.00	696.45
330.80	28791.84	0.00	292.91
330.90	28809.51	0.00	-113.11
331.00	28740.59	0.00	-520.09
331.10	28584.77	0.00	-926.50
331.20	28341.82	0.00	-1330.79
331.30	28011.65	0.00	-1731.41
331.40	27594.25	0.00	-2126.80
331.50	27089.79	0.00	-2515.43
331.60	26498.54	0.00	-2895.74
331.70	25820.99	0.00	-3266.22
331.80	25057.79	0.00	-3625.36
331.90	24209.85	0.00	-3971.66
332.00	23278.30	0.00	-4303.68
332.10	22264.57	0.00	-4620.00
332.20	21170.38	0.00	-4919.24
332.30	19997.80	0.00	-5200.07
332.40	18749.23	0.00	-5461.20
332.50	17427.47	0.00	-5701.44
332.60	16035.74	0.00	-5919.63
332.70	14577.66	0.00	-6114.70
332.80	13057.28	0.00	-6285.66
332.90	11479.11	0.00	-6431.61
333.00	9848.12	0.00	-6551.74
333.10	8169.73	0.00	-6645.35
333.20	6449.78	0.00	-6711.84
333.30	4694.59	0.00	-6750.73
333.40	2910.87	0.00	-6761.65
333.50	1105.73	0.00	-6744.37
333.60	-713.35	0.00	-6698.77
333.70	-2538.55	0.00	-6624.87
333.80	-4361.78	0.00	-6522.84
333.90	-6174.70	0.00	-6392.97
334.00	-7968.78	0.00	-6235.70
334.10	-9735.36	0.00	-6051.60
334.20	-11465.71	0.00	-5841.39
334.30	-13151.12	0.00	-5605.93
334.40	-14782.91	0.00	-5346.22
334.50	-16352.56	0.00	-5063.38
334.60	-17851.75	0.00	-4758.66
334.70	-19272.43	0.00	-4433.46
334.80	-20606.90	0.00	-4089.27
334.90	-21847.91	0.00	-3727.71
335.00	-22988.65	0.00	-3350.48
335.10	-24022.88	0.00	-2959.40
335.20	-24944.97	0.00	-2556.36
335.30	-25749.94	0.00	-2143.32
335.40	-26433.52	0.00	-1722.30
335.50	-26992.20	0.00	-1295.39
335.60	-27423.23	0.00	-864.69
335.70	-27724.69	0.00	-432.34
335.80	-27895.46	0.00	-0.48
335.90	-27935.28	0.00	428.76
336.00	-27844.72	0.00	853.24
336.10	-27634.40	0.00	1270.88
336.20	-27334.87	0.00	1679.64
336.30	-26949.66	0.00	2077.52
336.40	-26480.37	0.00	2462.63
336.50	-25928.81	0.00	2833.12
336.60	-25296.96	0.00	3187.26
336.70	-24587.02	0.00	3523.42
336.80	-23801.42	0.00	3840.10
336.90	-22942.76	0.00	4135.92
337.00	-22013.92	0.00	4409.63
337.10	-21017.97	0.00	4660.12
337.20	-19958.25	0.00	4886.44
337.30	-18838.33	0.00	5087.79
337.40	-17662.02	0.00	5263.52
337.50	-16433.39	0.00	5413.14
337.60	-15156.73	0.00	5536.33
337.70	-13836.58	0.00	5632.93
337.80	-12477.72	0.00	5702.93
337.90	-11085.11	0.00	5746.47
338.00	-9663.94	0.00	5763.86
338.10	-8219.57	0.00	5755.55
338.20	-6757.51	0.00	5722.13
338.30	-5283.43	0.00	5664.31
338.40	-3803.07	0.00	5582.94
338.50	-2322.27	0.00	5478.98
338.60	-846.93	0.00	5353.50
338.70	617.08	0.00	5207.67
338.80	2063.88	0.00	5042.72
338.90	3487.66	0.00	4859.98
339.00	4882.72	0.00	4660.82
339.10	6243.47	0.00	4446.68
339.20	7564.49	0.00	4219.03
339.30	8840.59	0.00	3979.34
339.40	10066.79	0.00	3729.13
339.50	11238.39	0.00	3469.91
339.60	12350.98	0.00	3203.16
339.70	13400.48	0.00	2930.37
339.80	14383.16	0.00	2652.99
339.90	15295.65	0.00	2372.43
340.00	16134.96	0.00	2090.05
340.10	16898.52	0.00	1807.16
340.20	17584.16	0.00	1525.00
340.30	18190.12	0.00	1244.77
340.40	18715.06	0.00	967.56
340.50	19158.07	0.00	694.41
340.60	19518.65	0.00	426.28
340.70	19796.70	0.00	164.03
340.80	19992.53	0.00	-91.53
340.90	20106.83	0.00	-339.70
341.00	20140.67	0.00	-579.84
341.10	20095.45	0.00	-811.42
341.20	19972.92	0.00	-1033.94
341.30	19775.14	0.00	-1247.03
341.40	19504.80	0.00	-1450.34
341.50	19177.25	0.00	-1643.62
341.60	18801.07	0.00	-1826.67
341.70	18378.07	0.00	-1999.35
341.80	17910.07	0.00	-2161.56
341.90	17398.87	0.00	-2313.27
342.00	16846.31	0.00	-2454.46
342.10	16254.22	0.00	-2585.18
342.20	15624.44	0.00	-2705.48
342.30	14958.85	0.00	-2815.46
342.40	14259.33	0.00	-2915.22
342.50	13527.80	0.00	-3004.89
342.60	12766.21	0.00	-3084.59
342.70	11976.53	0.00	-3154.47
342.80	11160.81	0.00	-3214.67
342.90	10321.13	0.00	-3265.34
343.00	9459.61	0.00	-3306.61
343.10	8578.46	0.00	-3338.61
343.20	7679.93	0.00	-3361.49
343.30	6766.34	0.00	-3375.35
343.40	5840.09	0.00	-3380.31
343.50	4903.64	0.00	-3376.49
343.60	3959.51	0.00	-3363.96
343.70	3010.31	0.00	-3342.84
343.80	2058.71	0.00	-3313.20
343.90	1107.42	0.00	-3275.13
344.00	159.24	0.00	-3228.70
344.10	-783.00	0.00	-3174.01
344.20	-1716.41	0.00	-3111.14
344.30	-2638.08	0.00	-3040.19
344.40	-3545.07	0.00	-2961.25
344.50	-4434.41	0.00	-2874.43
344.60	-5303.15	0.00	-2779.88
344.70	-6148.34	0.00	-2677.74
344.80	-6967.06	0.00	-2568.16
344.90	-7756.43	0.00	-2451.35
345.00	-8513.62	0.00	-2327.51
345.10	-9235.88	0.00	-2196.89
345.20	-9920.54	0.00	-2059.76
345.30	-10565.04	0.00	-1916.41
345.40	-11166.96	0.00	-1767.18
345.50	-11723.98	0.00	-1612.43
345.60	-12233.98	0.00	-1452.56
345.70	-12694.96	0.00	-1287.99
345.80	-13105.15	0.00	-1119.17
345.90	-13462.96	0.00	-946.60
346.00	-13767.01	0.00	-770.79
346.10	-14016.13	0.00	-592.29
346.20	-14209.41	0.00	-411.66
346.30	-14346.17	0.00	-229.50
346.40	-14425.97	0.00	-46.42
346.50	-14448.63	0.00	136.95
346.60	-14414.22	0.00	319.97
346.70	-14323.08	0.00	501.97
346.80	-14176.44	0.00	682.31
346.90	-13982.69	0.00	860.30
347.00	-13744.75	0.00	1035.28
347.10	-13463.36	0.00	1206.59
347.20	-13139.37	0.00	1373.56
347.30	-12773.74	0.00	1535.56
347.40	-12367.57	0.00	1691.94
347.50	-11922.05	0.00	1842.09
347.60	-11438.51	0.00	1985.42
347.70	-10918.40	0.00	2121.35
347.80	-10363.29	0.00	2249.34
347.90	-9774.90	0.00	2368.87
348.00	-9155.05	0.00	2479.47
348.10	-8505.70	0.00	2580.69
348.20	-7828.94	0.00	2672.12
348.30	-7126.96	0.00	2753.39
348.40	-6402.10	0.00	2824.16
348.50	-5656.81	0.00	2884.16
348.60	-4893.65	0.00	2933.14
348.70	-4115.28	0.00	2970.89
348.80	-3324.48	0.00	2997.27
348.90	-2524.10	0.00	3012.16
349.00	-1717.09	0.00	3015.50
349.10	-906.47	0.00	3007.27
349.20	-95.31	0.00	2987.50
349.30	713.25	0.00	2956.26
349.40	1516.04	0.00	2913.67
349.50	2309.87	0.00	2859.88
349.60	3091.55	0.00	2795.11
349.70	3857.88	0.00	2719.61
349.80	4605.69	0.00	2633.65
349.90	5331.85	0.00	2537.56
350.00	6033.31	0.00	2431.72
350.10	6707.04	0.00	2316.52
350.20	7350.16	0.00	2192.41
350.30	7959.87	0.00	2059.86
350.40	8533.49	0.00	1919.38
350.50	9068.49	0.00	1771.50
350.60	9562.52	0.00	1616.80
350.70	10013.36	0.00	1455.86
350.80	10419.01	0.00	1289.31
350.90	10777.66	0.00	1117.79
351.00	11087.72	0.00	941.97
351.10	11347.82	0.00	762.52
351.20	11556.83	0.00	580.17
351.30	11713.85	0.00	395.61
351.40	11818.25	0.00	209.58
351.50	11869.64	0.00	22.83
351.60	11867.90	0.00	-163.91
351.70	11813.14	0.00	-349.88
351.80	11709.44	0.00	-534.33
351.90	11560.86	0.00	-716.50
352.00	11367.99	0.00	-895.63
352.10	11131.56	0.00	-1070.99
352.20	10852.42	0.00	-1241.84
352.30	10531.57	0.00	-1407.45
352.40	10170.17	0.00	-1567.12
352.50	9769.50	0.00	-1720.16
352.60	9331.01	0.00	-1865.89
352.70	8856.27	0.00	-2003.68
352.80	8347.01	0.00	-2132.91
352.90	7805.11	0.00	-2252.99
353.00	7232.58	0.00	-2363.39
353.10	6631.58	0.00	-2463.57
353.20	6004.40	0.00	-2553.09
353.30	5353.47	0.00	-2631.50
353.40	4681.34	0.00	-2698.43
353.50	3990.70	0.00	-2753.54
353.60	3284.33	0.00	-2796.56
353.70	2565.13	0.00	-2827.26
353.80	1836.09	0.00	-2845.47
353.90	1100.30	0.00	-2851.09
354.00	360.89	0.00	-2844.05
354.10	-378.92	0.00	-2824.37
354.20	-1115.89	0.00	-2792.11
354.30	-1846.74	0.00	-2747.42
354.40	-2568.20	0.00	-2690.49
354.50	-3276.98	0.00	-2621.57
354.60	-3969.84	0.00	-2540.99
354.70	-4643.58	0.00	-2449.13
354.80	-5295.07	0.00	-2346.42
354.90	-5921.26	0.00	-2233.38
355.00	-6519.21	0.00	-2110.55
355.10	-7086.09	0.00	-1978.54
355.20	-7619.24	0.00	-1838.01
355.30	-8116.15	0.00	-1689.66
355.40	-8574.48	0.00	-1534.26
355.50	-8992.10	0.00	-1372.57
355.60	-9367.09	0.00	-1205.43
355.70	-9697.76	0.00	-1033.69
355.80	-9982.65	0.00	-858.22
355.90	-10220.54	0.00	-679.91
356.00	-10410.49	0.00	-499.69
356.10	-10551.81	0.00	-318.46
356.20	-10644.07	0.00	-137.15
356.30	-10687.12	0.00	43.33
356.40	-10681.11	0.00	222.07
356.50	-10629.86	0.00	398.18
356.60	-10536.42	0.00	570.79
356.70	-10401.50	0.00	739.06
356.80	-10225.96	0.00	902.18
356.90	-10010.81	0.00	1059.38
357.00	-9757.19	0.00	1209.92
357.10	-9466.41	0.00	1353.13
357.20	-9139.90	0.00	1488.38
357.30	-8779.19	0.00	1615.10
357.40	-8385.99	0.00	1732.77
357.50	-7962.07	0.00	1840.94
357.60	-7509.35	0.00	1939.24
357.70	-7029.82	0.00	2027.33
357.80	-6525.57	0.00	2104.98
357.90	-5998.78	0.00	2171.99
358.00	-5451.69	0.00	2228.27
358.10	-4886.62	0.00	2273.76
358.20	-4305.92	0.00	2308.50
358.30	-3712.00	0.00	2332.58
358.40	-3107.29	0.00	2346.14
358.50	-2494.25	0.00	2349.42
358.60	-1875.34	0.00	2342.69
358.70	-1253.01	0.00	2326.28
358.80	-629.71	0.00	2300.56
358.90	-7.86	0.00	2265.97
359.00	610.17	0.00	2222.97
359.10	1222.04	0.00	2172.06
359.20	1825.48	0.00	2113.78
359.30	2418.29	0.00	2048.69
359.40	2998.34	0.00	1977.34
359.50	3563.59	0.00	1900.33
359.60	4112.09	0.00	1818.26
359.70	4642.00	0.00	1731.71
359.80	5151.59	0.00	1641.27
359.90	5639.21	0.00	1547.51
360.00	6103.37	0.00	1450.99
360.10	6542.66	0.00	1352.26
360.20	6955.83	0.00	1251.82
360.30	7341.71	0.00	1150.15
360.40	7699.29	0.00	1047.70
360.50	8027.65	0.00	944.88
360.60	8326.02	0.00	842.07
360.70	8593.71	0.00	739.59
360.80	8830.18	0.00	637.74
360.90	9034.98	0.00	536.75
361.00	9207.77	0.00	436.83
361.10	9348.31	0.00	338.13
361.20	9456.46	0.00	240.77
361.30	9532.17	0.00	144.83
361.40	9575.47	0.00	50.35
361.50	9586.88	0.00	-42.68
361.60	9570.16	0.00	-134.27
361.70	9526.36	0.00	-224.48
361.80	9455.71	0.00	-313.39
361.90	9358.43	0.00	-401.09
362.00	9234.76	0.00	-487.68
362.10	9084.91	0.00	-573.29
362.20	8909.14	0.00	-658.02
362.30	8707.67	0.00	-742.00
362.40	8480.75	0.00	-825.33
362.50	8228.62	0.00	-908.08
362.60	7951.57	0.00	-990.35
362.70	7649.86	0.00	-1072.16
362.80	7323.81	0.00	-1153.54
362.90	6973.77	0.00	-1234.46
363.00	6600.11	0.00	-1314.88
363.10	6203.27	0.00	-1394.68
363.20	5783.74	0.00	-1473.74
363.30	5342.07	0.00	-1551.85
363.40	4878.90	0.00	-1628.79
363.50	4394.94	0.00	-1704.28
363.60	3891.00	0.00	-1777.97
363.70	3368.02	0.00	-1849.48
363.80	2827.02	0.00	-1918.40
363.90	2269.15	0.00	-1984.25
364.00	1695.70	0.00	-2046.51
364.10	1108.11	0.00	-2104.66
364.20	507.91	0.00	-2158.09
364.30	-103.16	0.00	-2206.22
364.40	-723.25	0.00	-2248.41
364.50	-1350.36	0.00	-2284.02
364.60	-1982.32	0.00	-2312.42
364.70	-2616.83	0.00	-2332.95
364.80	-3251.45	0.00	-2344.99
364.90	-3883.58	0.00	-2347.91
365.00	-4510.53	0.00	-2341.12
365.10	-5129.46	0.00	-2324.07
365.20	-5737.45	0.00	-2296.25
365.30	-6331.48	0.00	-2257.19
365.40	-6908.47	0.00	-2206.50
365.50	-7465.28	0.00	-2143.83
365.60	-7998.75	0.00	-2068.94
365.70	-8505.71	0.00	-1981.64
365.80	-8983.01	0.00	-1881.86
365.90	-9427.54	0.00	-1769.60
366.00	-9836.27	0.00	-1644.97
366.10	-10206.26	0.00	-1508.18
366.20	-10534.70	0.00	-1359.55
366.30	-10818.93	0.00	-1199.51
366.40	-11056.50	0.00	-1028.58
366.50	-11245.13	0.00	-847.42
366.60	-11382.79	0.00	-656.77
366.70	-11467.74	0.00	-457.50
366.80	-11500.82	0.00	-250.55
366.90	-11485.35	0.00	-36.99
367.00	-11420.50	0.00	182.04
367.10	-11305.56	0.00	405.31
367.20	-11140.05	0.00	631.51
367.30	-10923.73	0.00	859.28
367.40	-10656.61	0.00	1087.18
367.50	-10338.96	0.00	1313.74
367.60	-9971.34	0.00	1537.45
367.70	-9554.59	0.00	1756.78
367.80	-9089.84	0.00	1970.19
367.90	-8578.52	0.00	2176.13
368.00	-8022.38	0.00	2373.08
368.10	-7423.46	0.00	2559.56
368.20	-6784.11	0.00	2734.10
368.30	-6106.98	0.00	2895.31
368.40	-5395.05	0.00	3041.87
368.50	-4651.56	0.00	3172.53
368.60	-3880.04	0.00	3286.13
368.70	-3084.30	0.00	3381.63
368.80	-2268.39	0.00	3458.10
368.90	-1436.59	0.00	3514.73
369.00	-593.41	0.00	3550.84
369.10	256.49	0.00	3565.90
369.20	1108.28	0.00	3559.53
369.30	1957.00	0.00	3531.49
369.40	2797.62	0.00	3481.70
369.50	3625.05	0.00	3410.26
369.60	4434.19	0.00	3317.39
369.70	5219.97	0.00	3203.51
369.80	5977.39	0.00	3069.17
369.90	6701.56	0.00	2915.10
370.00	7387.74	0.00	2742.15
370.10	8031.41	0.00	2551.35
370.20	8628.25	0.00	2343.84
370.30	9174.24	0.00	2120.91
370.40	9665.68	0.00	1883.94
370.50	10099.20	0.00	1634.47
370.60	10471.84	0.00	1374.09
370.70	10781.02	0.00	1104.50
370.80	11024.63	0.00	827.47
370.90	11200.99	0.00	544.82
371.00	11308.93	0.00	258.44
371.10	11347.73	0.00	-29.77
371.20	11317.21	0.00	-317.90
371.30	11217.64	0.00	-604.02
371.40	11051.97	0.00	-886.22
371.50	10825.51	0.00	-1162.62
371.60	10539.70	0.00	-1431.39
371.70	10196.17	0.00	-1690.74
371.80	9796.92	0.00	-1938.95
371.90	9344.22	0.00	-2174.41
372.00	8840.69	0.00	-2395.57
372.10	8289.22	0.00	-2601.01
372.20	7693.02	0.00	-2789.41
372.30	7055.54	0.00	-2959.58
372.40	6380.52	0.00	-3110.46
372.50	5671.92	0.00	-3241.15
372.60	4933.92	0.00	-3350.86
372.70	4170.93	0.00	-3438.98
372.80	3387.49	0.00	-3505.03
372.90	2588.32	0.00	-3548.71
373.00	1778.25	0.00	-3569.85
373.10	962.22	0.00	-3568.46
373.20	145.21	0.00	-3544.69
373.30	-667.76	0.00	-3498.84
373.40	-1471.67	0.00	-3431.35
373.50	-2261.55	0.00	-3342.83
373.60	-3032.49	0.00	-3234.00
373.70	-3779.69	0.00	-3105.71
373.80	-4498.50	0.00	-2958.94
373.90	-5184.44	0.00	-2794.79
374.00	-5833.25	0.00	-2614.45
374.10	-6440.90	0.00	-2419.20
374.20	-7003.64	0.00	-2210.41
374.30	-7518.03	0.00	-1989.54
374.40	-7980.95	0.00	-1758.08
374.50	-8389.63	0.00	-1517.59
374.60	-8741.67	0.00	-1269.65
374.70	-9035.08	0.00	-1015.90
374.80	-9268.25	0.00	-757.97
374.90	-9440.00	0.00	-497.49
375.00	-9549.56	0.00	-236.10
375.10	-9596.59	0.00	24.58
375.20	-9581.24	0.00	282.97
375.30	-9506.94	0.00	537.50
375.40	-9376.29	0.00	786.69
375.50	-9190.34	0.00	1029.07
375.60	-8950.44	0.00	1263.27
375.70	-8658.18	0.00	1487.97
375.80	-8315.46	0.00	1701.94
375.90	-7924.36	0.00	1904.03
376.00	-7487.27	0.00	2093.18
376.10	-7006.75	0.00	2268.42
376.20	-6485.61	0.00	2428.90
376.30	-5926.86	0.00	2573.85
376.40	-5333.67	0.00	2702.61
376.50	-4709.42	0.00	2814.64
376.60	-4057.63	0.00	2909.50
376.70	-3381.98	0.00	2986.84
376.80	-2686.25	0.00	3046.46
376.90	-1974.34	0.00	3088.24
377.00	-1250.24	0.00	3112.15
377.10	-517.99	0.00	3118.30
377.20	218.29	0.00	3106.88
377.30	954.51	0.00	3078.18
377.40	1686.53	0.00	3032.58
377.50	2410.26	0.00	2970.57
377.60	3121.66	0.00	2892.70
377.70	3816.74	0.00	2799.62
377.80	4491.63	0.00	2692.03
377.90	5142.56	0.00	2570.73
378.00	5765.91	0.00	2436.56
378.10	6358.22	0.00	2290.43
378.20	6916.23	0.00	2133.29
378.30	7436.86	0.00	1966.15
378.40	7917.29	0.00	1790.04
378.50	8354.91	0.00	1606.04
378.60	8747.40	0.00	1415.24
378.70	9092.69	0.00	1218.75
378.80	9389.02	0.00	1017.71
378.90	9634.90	0.00	813.25
379.00	9829.17	0.00	606.50
379.10	9970.99	0.00	398.57
379.20	10062.89	0.00	190.59
379.30	10106.88	0.00	-16.36
379.40	10103.04	0.00	-221.21
379.50	10051.69	0.00	-422.93
379.60	9953.32	0.00	-620.50
379.70	9808.62	0.00	-812.97
379.80	9618.47	0.00	-999.43
379.90	9383.93	0.00	-1179.01
380.00	9106.21	0.00	-1350.90
380.10	8786.73	0.00	-1514.33
380.20	8427.04	0.00	-1668.61
380.30	8028.86	0.00	-1813.12
380.40	7594.05	0.00	-1947.27
380.50	7124.62	0.00	-2070.57
380.60	6622.70	0.00	-2182.59
380.70	6090.56	0.00	-2282.96
380.80	5530.58	0.00	-2371.40
380.90	4945.24	0.00	-2447.68
381.00	4337.12	0.00	-2511.65
381.10	3708.89	0.00	-2563.24
381.20	3063.29	0.00	-2602.43
381.30	2403.13	0.00	-2629.29
381.40	1731.26	0.00	-2643.93
381.50	1050.59	0.00	-2646.55
381.60	364.03	0.00	-2637.38
381.70	-325.49	0.00	-2616.75
381.80	-1015.04	0.00	-2585.01
381.90	-1701.68	0.00	-2542.57
382.00	-2382.55	0.00	-2489.89
382.10	-3054.79	0.00	-2427.47
382.20	-3715.62	0.00	-2355.86
382.30	-4362.32	0.00	-2275.62
382.40	-4992.25	0.00	-2187.37
382.50	-5602.88	0.00	-2091.72
382.60	-6191.77	0.00	-1989.33
382.70	-6756.62	0.00	-1880.85
382.80	-7295.24	0.00	-1766.95
382.90	-7805.60	0.00	-1648.31
383.00	-8285.79	0.00	-1525.59
383.10	-8734.07	0.00	-1399.47
383.20	-9148.88	0.00	-1270.60
383.30	-9528.79	0.00	-1139.62
383.40	-9872.57	0.00	-1007.15
383.50	-10179.14	0.00	-873.80
383.60	-10447.62	0.00	-740.13
383.70	-10677.28	0.00	-606.70
383.80	-10867.58	0.00	-474.02
383.90	-11018.13	0.00	-342.56
384.00	-11128.74	0.00	-212.77
384.10	-11200.29	0.00	-85.05
384.20	-11237.83	0.00	40.24
384.30	-11242.38	0.00	162.76
384.40	-11214.28	0.00	282.24
384.50	-11153.95	0.00	398.43
384.60	-11061.85	0.00	511.13
384.70	-10938.48	0.00	620.17
384.80	-10784.38	0.00	725.42
384.90	-10600.12	0.00	826.78
385.00	-10386.28	0.00	924.20
385.10	-10143.49	0.00	1017.66
385.20	-9872.40	0.00	1107.13
385.30	-9573.66	0.00	1192.66
385.40	-9247.95	0.00	1274.29
385.50	-8895.98	0.00	1352.08
385.60	-8518.45	0.00	1426.10
385.70	-8116.10	0.00	1496.47
385.80	-7689.69	0.00	1563.26
385.90	-7239.98	0.00	1626.59
386.00	-6767.78	0.00	1686.55
386.10	-6273.90	0.00	1743.26
386.20	-5759.19	0.00	1796.80
386.30	-5224.55	0.00	1847.27
386.40	-4670.88	0.00	1894.72
386.50	-4099.14	0.00	1939.22
386.60	-3510.35	0.00	1980.81
386.70	-2905.56	0.00	2019.51
386.80	-2285.87	0.00	2055.31
386.90	-1652.45	0.00	2088.18
387.00	-1006.54	0.00	2118.08
387.10	-349.44	0.00	2144.92
387.20	317.49	0.00	2168.60
387.30	992.79	0.00	2188.99
387.40	1674.94	0.00	2205.93
387.50	2362.32	0.00	2219.25
387.60	3053.24	0.00	2228.73
387.70	3745.93	0.00	2234.16
387.80	4438.50	0.00	2235.29
387.90	5129.02	0.00	2231.86
388.00	5815.43	0.00	2223.59
388.10	6495.63	0.00	2210.18
388.20	7167.39	0.00	2191.36
388.30	7828.46	0.00	2166.81
388.40	8476.48	0.00	2136.24
388.50	9109.05	0.00	2099.34
388.60	9723.69	0.00	2055.84
388.70	10317.92	0.00	2005.46
388.80	10889.18	0.00	1947.94
388.90	11434.90	0.00	1883.03
389.00	11952.53	0.00	1810.54
389.10	12439.49	0.00	1730.27
389.20	12893.23	0.00	1642.08
389.30	13311.24	0.00	1545.86
389.40	13691.06	0.00	1441.54
389.50	14030.30	0.00	1329.10
389.60	14326.66	0.00	1208.57
389.70	14577.93	0.00	1080.02
389.80	14783.91	0.00	943.59
389.90	14951.29	0.00	799.46
390.00	15079.67	0.00	647.89
390.10	15167.64	0.00	489.17
390.20	15213.84	0.00	323.67
390.30	15216.98	0.00	151.81
390.40	15175.82	0.00	-25.92
390.50	15089.19	0.00	-208.97
390.60	14956.01	0.00	-396.76
390.70	14775.30	0.00	-588.62
390.80	14546.18	0.00	-783.84
390.90	14267.90	0.00	-981.68
391.00	13939.84	0.00	-1181.31
391.10	13561.53	0.00	-1381.91
391.20	13132.65	0.00	-1582.57
391.30	12653.07	0.00	-1782.38
391.40	12122.85	0.00	-1980.41
391.50	11542.23	0.00	-2175.66
391.60	10911.71	0.00	-2367.17
391.70	10231.96	0.00	-2553.93
391.80	9503.95	0.00	-2734.93
391.90	8728.85	0.00	-2909.19
392.00	7908.14	0.00	-3075.70
392.10	7043.53	0.00	-3233.50
392.20	6137.03	0.00	-3381.62
392.30	5190.93	0.00	-3519.14
392.40	4207.80	0.00	-3645.17
392.50	3190.49	0.00	-3758.84
392.60	2142.15	0.00	-3859.37
392.70	1066.21	0.00	-3945.99
392.80	-33.63	0.00	-4018.02
392.90	-1153.41	0.00	-4074.81
393.00	-2288.91	0.00	-4115.81
393.10	-3435.67	0.00	-4140.52
393.20	-4589.00	0.00	-4148.54
393.30	-5744.04	0.00	-4139.51
393.40	-6895.71	0.00	-4113.20
393.50	-8038.82	0.00	-4069.42
393.60	-9168.03	0.00	-4008.10
393.70	-10277.92	0.00	-3929.24
393.80	-11363.00	0.00	-3832.94
393.90	-12417.78	0.00	-3719.36
394.00	-13436.75	0.00	-3588.79
394.10	-14414.48	0.00	-3441.58
394.20	-15345.60	0.00	-3278.16
394.30	-16224.89	0.00	-3099.06
394.40	-17047.29	0.00	-2904.88
394.50	-17807.94	0.00	-2696.31
394.60	-18502.22	0.00	-2474.09
394.70	-19125.81	0.00	-2239.06
394.80	-19674.67	0.00	-1992.10
394.90	-20145.15	0.00	-1734.16
395.00	-20533.94	0.00	-1466.26
395.10	-20838.16	0.00	-1189.46
395.20	-21055.36	0.00	-904.86
395.30	-21195.73	0.00	-613.61
395.40	-21269.16	0.00	-316.90
395.50	-21274.66	0.00	-15.93
395.60	-21211.39	0.00	288.06
395.70	-21078.63	0.00	593.81
395.80	-20875.84	0.00	900.06
395.90	-20602.62	0.00	1205.53
396.00	-20258.75	0.00	1508.95
396.10	-19844.17	0.00	1809.05
396.20	-19359.02	0.00	2104.56
396.30	-18803.64	0.00	2394.25
396.40	-18178.56	0.00	2676.89
396.50	-17484.57	0.00	2951.27
396.60	-16722.66	0.00	3216.22
396.70	-15894.11	0.00	3470.61
396.80	-15000.43	0.00	3713.34
396.90	-14043.45	0.00	3943.34
397.00	-13025.26	0.00	4159.61
397.10	-11948.27	0.00	4361.19
397.20	-10815.21	0.00	4547.15
397.30	-9629.12	0.00	4716.66
397.40	-8393.37	0.00	4868.90
397.50	-7111.69	0.00	5003.16
397.60	-5788.11	0.00	5118.74
397.70	-4427.02	0.00	5215.06
397.80	-3033.12	0.00	5291.57
397.90	-1611.45	0.00	5347.81
398.00	-167.35	0.00	5383.38
398.10	1293.56	0.00	5397.96
398.20	2765.35	0.00	5391.30
398.30	4241.87	0.00	5363.24
398.40	5716.74	0.00	5313.69
398.50	7183.36	0.00	5242.62
398.60	8635.00	0.00	5150.11
398.70	10064.78	0.00	5036.31
398.80	11465.75	0.00	4901.45
398.90	12830.91	0.00	4745.84
399.00	14153.28	0.00	4569.86
399.10	15425.89	0.00	4374.01
399.20	16641.92	0.00	4158.84
399.30	17794.67	0.00	3924.98
399.40	18877.63	0.00	3673.17
399.50	19884.57	0.00	3404.21
399.60	20809.54	0.00	3118.98
399.70	21646.95	0.00	2818.45
399.80	22391.59	0.00	2503.66
399.90	23038.72	0.00	2175.73
400.00	23584.06	0.00	1835.83
400.10	24023.88	0.00	1485.25
400.20	24354.99	0.00	1125.29
400.30	24574.81	0.00	757.35
400.40	24681.66	0.00	382.89
400.50	24694.00	0.00	3.40
400.60	24622.91	0.00	-379.56
400.70	24467.78	0.00	-764.38
400.80	24228.21	0.00	-1149.44
400.90	23903.95	0.00	-1533.05
401.00	23494.96	0.00	-1913.52
401.10	23001.40	0.00	-2289.14
401.20	22423.65	0.00	-2658.17
401.30	21762.36	0.00	-3018.88
401.40	21018.43	0.00	-3369.55
401.50	20193.06	0.00	-3708.48
401.60	19287.76	0.00	-4033.96
401.70	18304.39	0.00	-4344.35
401.80	17245.14	0.00	-4638.03
401.90	16112.62	0.00	-4913.44
402.00	14909.81	0.00	-5169.07
402.10	13640.11	0.00	-5403.49
402.20	12307.35	0.00	-5615.36
402.30	10915.82	0.00	-5803.40
402.40	9470.21	0.00	-5966.45
402.50	7975.69	0.00	-6103.45
402.60	6437.86	0.00	-6213.46
402.70	4862.75	0.00	-6295.66
402.80	3256.82	0.00	-6349.35
402.90	1626.90	0.00	-6374.00
403.00	-19.79	0.00	-6369.18
403.10	-1675.70	0.00	-6334.63
403.20	-3332.98	0.00	-6270.25
403.30	-4983.54	0.00	-6176.10
403.40	-6619.08	0.00	-6052.37
403.50	-8231.15	0.00	-5899.44
403.60	-9811.21	0.00	-5717.84
403.70	-11350.70	0.00	-5508.28
403.80	-12841.12	0.00	-5271.59
403.90	-14274.04	0.00	-5008.80
404.00	-15641.26	0.00	-4721.08
404.10	-16934.81	0.00	-4409.74
404.20	-18147.04	0.00	-4076.25
404.30	-19270.71	0.00	-3722.20
404.40	-20299.03	0.00	-3349.32
404.50	-21225.76	0.00	-2959.46
404.60	-22045.23	0.00	-2554.59
404.70	-22752.42	0.00	-2136.76
404.80	-23343.03	0.00	-1708.13
404.90	-23813.47	0.00	-1270.91
405.00	-24160.94	0.00	-827.40
405.10	-24383.46	0.00	-379.94
405.20	-24479.88	0.00	69.10
405.30	-24449.87	0.00	517.32
405.40	-24297.58	0.00	962.32
405.50	-24047.34	0.00	1401.71
405.60	-23704.42	0.00	1833.11
405.70	-23270.18	0.00	2254.19
405.80	-22746.28	0.00	2662.67
405.90	-22134.67	0.00	3056.34
406.00	-21437.64	0.00	3433.07
406.10	-20657.77	0.00	3790.83
406.20	-19798.00	0.00	4127.70
406.30	-18861.59	0.00	4441.87
406.40	-17852.13	0.00	4731.68
406.50	-16773.61	0.00	4995.62
406.60	-15630.31	0.00	5232.31
406.70	-14426.91	0.00	5440.55
406.80	-13168.42	0.00	5619.32
406.90	-11860.19	0.00	5767.77
407.00	-10507.91	0.00	5885.23
407.10	-9117.59	0.00	5971.23
407.20	-7695.51	0.00	6025.49
407.30	-6248.25	0.00	6047.91
407.40	-4782.62	0.00	6038.60
407.50	-3305.62	0.00	5997.86
407.60	-1824.45	0.00	5926.17
407.70	-346.40	0.00	5824.21
407.80	1121.12	0.00	5692.83
407.90	2570.71	0.00	5533.06
408.00	3994.97	0.00	5346.09
408.10	5386.58	0.00	5133.28
408.20	6738.36	0.00	4896.12
408.30	8043.32	0.00	4636.25
408.40	9294.71	0.00	4355.44
408.50	10486.08	0.00	4055.55
408.60	11611.36	0.00	3738.55
408.70	12664.85	0.00	3406.50
408.80	13641.33	0.00	3061.51
408.90	14536.08	0.00	2705.76
409.00	15344.92	0.00	2341.46
409.10	16064.23	0.00	1970.83
409.20	16691.01	0.00	1596.13
409.30	17222.88	0.00	1219.56
409.40	17658.10	0.00	843.34
409.50	17995.59	0.00	469.63
409.60	18234.92	0.00	100.53
409.70	18376.32	0.00	-261.93
409.80	18420.67	0.00	-615.77
409.90	18369.45	0.00	-959.16
410.00	18224.77	0.00	-1290.32
410.10	17989.31	0.00	-1607.63
410.20	17666.31	0.00	-1909.57
410.30	17268.21	0.00	-2194.77
410.40	16805.64	0.00	-2461.98
410.50	16281.86	0.00	-2710.11
410.60	15700.28	0.00	-2938.22
410.70	15064.49	0.00	-3145.53
410.80	14378.24	0.00	-3331.41
410.90	13645.39	0.00	-3495.37
411.00	12869.95	0.00	-3637.10
411.10	12056.03	0.00	-3756.41
411.20	11207.84	0.00	-3853.30
411.30	10329.66	0.00	-3927.88
411.40	9425.86	0.00	-3980.41
411.50	8500.81	0.00	-4011.29
411.60	7558.96	0.00	-4021.02
411.70	6604.73	0.00	-4010.23
411.80	5642.54	0.00	-3979.67
411.90	4676.81	0.00	-3930.16
412.00	3711.87	0.00	-3862.63
412.10	2752.00	0.00	-3778.05
412.20	1801.41	0.00	-3677.49
412.30	864.17	0.00	-3562.07
412.40	-55.76	0.00	-3432.92
412.50	-954.56	0.00	-3291.24
412.60	-1828.59	0.00	-3138.24
412.70	-2674.37	0.00	-2975.12
412.80	-3488.63	0.00	-2803.10
412.90	-4268.31	0.00	-2623.41
413.00	-5010.56	0.00	-2437.22
413.10	-5712.78	0.00	-2245.70
413.20	-6372.60	0.00	-2050.00
413.30	-6987.92	0.00	-1851.20
413.40	-7556.87	0.00	-1650.37
413.50	-8077.85	0.00	-1448.51
413.60	-8549.55	0.00	-1246.57
413.70	-8970.89	0.00	-1045.45
413.80	-9341.06	0.00	-845.99
413.90	-9659.53	0.00	-648.97
414.00	-9926.01	0.00	-455.11
414.10	-10140.47	0.00	-265.08
414.20	-10303.10	0.00	-79.48
414.30	-10414.35	0.00	101.14
414.40	-10474.89	0.00	276.30
414.50	-10485.59	0.00	445.54
414.60	-10447.56	0.00	608.49
414.70	-10362.05	0.00	764.78
414.80	-10230.54	0.00	914.13
414.90	-10054.65	0.00	1056.26
415.00	-9836.17	0.00	1190.95
415.10	-9577.45	0.00	1318.00
415.20	-9284.01	0.00	1437.25
415.30	-8958.41	0.00	1548.54
415.40	-8602.43	0.00	1651.75
415.50	-8217.88	0.00	1746.79
415.60	-7806.64	0.00	1833.55
415.70	-7370.63	0.00	1911.96
415.80	-6911.81	0.00	1981.95
415.90	-6432.22	0.00	2043.48
416.00	-5933.90	0.00	2096.49
416.10	-5418.96	0.00	2140.94
416.20	-4889.56	0.00	2176.81
416.30	-4347.88	0.00	2204.07
416.40	-3796.16	0.00	2222.71
416.50	-3236.66	0.00	2232.73
416.60	-2671.68	0.00	2234.14
416.70	-2103.55	0.00	2226.95
416.80	-1534.60	0.00	2211.20
416.90	-967.20	0.00	2186.95
417.00	-403.73	0.00	2154.27
417.10	153.44	0.00	2113.26
417.20	701.96	0.00	2064.03
417.30	1239.47	0.00	2006.73
417.40	1763.64	0.00	1941.53
417.50	2272.21	0.00	1868.62
417.60	2762.92	0.00	1788.26
417.70	3233.62	0.00	1700.69
417.80	3682.20	0.00	1606.22
417.90	4106.64	0.00	1505.19
418.00	4505.02	0.00	1397.97
418.10	4875.54	0.00	1284.96
418.20	5216.51	0.00	1166.60
418.30	5526.37	0.00	1043.37
418.40	5803.71	0.00	915.76
418.50	6047.28	0.00	784.33
418.60	6255.99	0.00	649.63
418.70	6428.91	0.00	512.24
418.80	6565.30	0.00	372.79
418.90	6664.62	0.00	231.91
419.00	6726.49	0.00	90.23
419.10	6750.75	0.00	-51.58
419.20	6737.43	0.00	-192.85
419.30	6686.75	0.00	-332.93
419.40	6599.47	0.00	-471.14
419.50	6477.86	0.00	-606.83
419.60	6322.86	0.00	-739.33
419.70	6135.29	0.00	-868.03
419.80	5916.08	0.00	-992.29
419.90	5666.34	0.00	-1111.53
420.00	5387.28	0.00	-1225.19
420.10	5080.25	0.00	-1332.71
420.20	4746.73	0.00	-1433.61
420.30	4388.32	0.00	-1527.41
420.40	4006.74	0.00	-1613.68
420.50	3603.79	0.00	-1692.05
420.60	3181.42	0.00	-1762.17
420.70	2741.63	0.00	-1823.73
420.80	2286.53	0.00	-1876.49
420.90	1818.31	0.00	-1920.24
421.00	1339.23	0.00	-1954.82
421.10	851.59	0.00	-1980.11
421.20	357.77	0.00	-1996.04
421.30	-139.83	0.00	-2002.58
421.40	-638.76	0.00	-1999.77
421.50	-1136.58	0.00	-1987.64
421.60	-1630.81	0.00	-1966.31
421.70	-2118.99	0.00	-1935.90
421.80	-2598.66	0.00	-1896.60
421.90	-3067.41	0.00	-1848.61
422.00	-3522.84	0.00	-1792.16
422.10	-3962.62	0.00	-1727.53
422.20	-4384.45	0.00	-1655.01
422.30	-4786.12	0.00	-1574.91
422.40	-5165.52	0.00	-1487.59
422.50	-5520.58	0.00	-1393.41
422.60	-5849.38	0.00	-1292.75
422.70	-6150.09	0.00	-1186.00
422.80	-6421.00	0.00	-1073.59
422.90	-6660.52	0.00	-955.94
423.00	-6867.22	0.00	-833.49
423.10	-7039.81	0.00	-706.71
423.20	-7177.96	0.00	-576.06
423.30	-7282.53	0.00	-442.01
423.40	-7352.86	0.00	-305.04
423.50	-7388.34	0.00	-165.67
423.60	-7388.47	0.00	-24.37
423.70	-7352.88	0.00	118.32
423.80	-7281.31	0.00	261.90
423.90	-7173.64	0.00	405.83
424.00	-7029.86	0.00	549.58
424.10	-6850.08	0.00	692.61
424.20	-6634.56	0.00	834.38
424.30	-6383.68	0.00	974.32
424.40	-6097.96	0.00	1111.89
424.50	-5778.07	0.00	1246.52
424.60	-5424.80	0.00	1377.65
424.70	-5039.11	0.00	1504.72
424.80	-4622.09	0.00	1627.15
424.90	-4174.99	0.00	1744.38
425.00	-3699.22	0.00	1855.87
425.10	-3196.32	0.00	1961.05
425.20	-2668.02	0.00	2059.38
425.30	-2116.17	0.00	2150.33
425.40	-1542.79	0.00	2233.38
425.50	-950.05	0.00	2308.03
425.60	-340.27	0.00	2373.79
425.70	284.08	0.00	2430.21
425.80	920.41	0.00	2476.86
425.90	1565.98	0.00	2513.32
426.00	2217.93	0.00	2539.24
426.10	2873.30	0.00	2554.28
426.20	3529.02	0.00	2558.13
426.30	4181.91	0.00	2550.55
426.40	4828.74	0.00	2531.34
426.50	5466.21	0.00	2500.32
426.60	6090.97	0.00	2457.40
426.70	6699.66	0.00	2402.51
426.80	7288.89	0.00	2335.65
426.90	7855.30	0.00	2256.88
427.00	8395.55	0.00	2166.30
427.10	8906.37	0.00	2064.08
427.20	9384.54	0.00	1950.46
427.30	9826.96	0.00	1825.71
427.40	10230.64	0.00	1690.19
427.50	10592.74	0.00	1544.30
427.60	10910.57	0.00	1388.51
427.70	11181.63	0.00	1223.33
427.80	11406.79	0.00	1049.35
427.90	11587.73	0.00	867.18
428.00	11722.88	0.00	677.52
428.10	11810.83	0.00	481.09
428.20	11850.29	0.00	278.67
428.30	11840.14	0.00	71.08
428.40	11779.41	0.00	-140.82
428.50	11667.30	0.00	-356.14
428.60	11503.19	0.00	-573.93
428.70	11286.64	0.00	-793.25
428.80	11017.40	0.00	-1013.09
428.90	10695.41	0.00	-1232.46
429.00	10320.84	0.00	-1450.33
429.10	9894.07	0.00	-1665.65
429.20	9415.69	0.00	-1877.38
429.30	8886.56	0.00	-2084.47
429.40	8307.74	0.00	-2285.84
429.50	7680.56	0.00	-2480.46
429.60	7006.63	0.00	-2667.28
429.70	6287.79	0.00	-2845.28
429.80	5526.17	0.00	-3013.43
429.90	4724.15	0.00	-3170.74
430.00	3884.40	0.00	-3316.26
430.10	3009.87	0.00	-3449.06
430.20	2103.78	0.00	-3568.24
430.30	1169.61	0.00	-3672.94
430.40	211.12	0.00	-3762.37
430.50	-767.69	0.00	-3835.77
430.60	-1762.55	0.00	-3892.44
430.70	-2768.98	0.00	-3931.76
430.80	-3782.28	0.00	-3953.14
430.90	-4797.54	0.00	-3956.10
431.00	-5809.68	0.00	-3940.21
431.10	-6813.47	0.00	-3905.15
431.20	-7803.55	0.00	-3850.64
431.30	-8774.49	0.00	-3776.54
431.40	-9720.78	0.00	-3682.78
431.50	-10636.88	0.00	-3569.38
431.60	-11517.27	0.00	-3436.47
431.70	-12356.49	0.00	-3284.30
431.80	-13149.16	0.00	-3113.20
431.90	-13890.04	0.00	-2923.64
432.00	-14574.07	0.00	-2716.17
432.10	-15196.39	0.00	-2491.48
432.20	-15752.41	0.00	-2250.35
432.30	-16237.86	0.00	-1993.68
432.40	-16648.80	0.00	-1722.49
432.50	-16981.65	0.00	-1437.90
432.60	-17233.41	0.00	-1141.15
432.70	-17411.00	0.00	-833.55
432.80	-17518.46	0.00	-516.53
432.90	-17554.23	0.00	-191.63
433.00	-17516.99	0.00	139.57
433.10	-17405.65	0.00	475.37
433.20	-17219.43	0.00	814.03
433.30	-16957.77	0.00	1153.73
433.40	-16620.43	0.00	1492.60
433.50	-16207.49	0.00	1828.75
433.60	-15719.32	0.00	2160.25
433.70	-15156.66	0.00	2485.15
433.80	-14520.59	0.00	2801.50
433.90	-13812.55	0.00	3107.38
434.00	-13034.39	0.00	3400.86
434.10	-12188.32	0.00	3680.07
434.20	-11276.99	0.00	3943.19
434.30	-10303.44	0.00	4188.48
434.40	-9271.13	0.00	4414.25
434.50	-8183.95	0.00	4618.94
434.60	-7046.21	0.00	4801.06
434.70	-5862.62	0.00	4959.27
434.80	-4638.30	0.00	5092.35
434.90	-3378.76	0.00	5199.23
435.00	-2089.87	0.00	5278.99
435.10	-777.85	0.00	5330.88
435.20	550.76	0.00	5354.32
435.30	1889.16	0.00	5348.89
435.40	3230.29	0.00	5314.39
435.50	4566.92	0.00	5250.79
435.60	5891.64	0.00	5158.24
435.70	7196.98	0.00	5037.10
435.80	8475.40	0.00	4887.93
435.90	9719.42	0.00	4711.45
436.00	10921.60	0.00	4508.58
436.10	12074.68	0.00	4280.45
436.20	13171.59	0.00	4028.31
436.30	14205.52	0.00	3753.63
436.40	15170.03	0.00	3457.99
436.50	16059.05	0.00	3143.15
436.60	16866.94	0.00	2810.97
436.70	17588.61	0.00	2463.47
436.80	18219.49	0.00	2102.74
436.90	18755.63	0.00	1730.97
437.00	19193.69	0.00	1350.41
437.10	19531.03	0.00	963.40
437.20	19765.69	0.00	572.27
437.30	19896.42	0.00	179.42
437.40	19922.71	0.00	-212.80
437.50	19853.22	0.00	-602.01
437.60	19700.82	0.00	-985.88
437.70	19466.61	0.00	-1362.15
437.80	19151.91	0.00	-1728.59
437.90	18758.34	0.00	-2083.09
438.00	18287.86	0.00	-2423.61
438.10	17742.73	0.00	-2748.23
438.20	17125.54	0.00	-3055.16
438.30	16439.16	0.00	-3342.75
438.40	15686.76	0.00	-3609.50
438.50	14871.82	0.00	-3854.05
438.60	13998.09	0.00	-4075.22
438.70	13069.59	0.00	-4271.99
438.80	12090.61	0.00	-4443.55
438.90	11065.69	0.00	-4589.21
439.00	9999.60	0.00	-4708.53
439.10	8897.32	0.00	-4801.19
439.20	7764.02	0.00	-4867.08
439.30	6605.06	0.00	-4906.29
439.40	5425.91	0.00	-4919.03
439.50	4232.19	0.00	-4905.71
439.60	3029.59	0.00	-4866.92
439.70	1823.87	0.00	-4803.35
439.80	620.77	0.00	-4715.89
439.90	-573.93	0.00	-4605.52
440.00	-1754.53	0.00	-4473.38
440.10	-2915.42	0.00	-4320.69
440.20	-4051.10	0.00	-4148.80
440.30	-5156.24	0.00	-3959.12
440.40	-6225.69	0.00	-3753.17
440.50	-7254.55	0.00	-3532.50
440.60	-8238.18	0.00	-3298.72
440.70	-9172.21	0.00	-3053.48
440.80	-10052.63	0.00	-2798.46
440.90	-10875.75	0.00	-2535.34
441.00	-11638.28	0.00	-2265.80
441.10	-12337.30	0.00	-1991.53
441.20	-12970.32	0.00	-1714.16
441.30	-13535.25	0.00	-1435.31
441.40	-14030.45	0.00	-1156.56
441.50	-14454.70	0.00	-879.42
441.60	-14807.24	0.00	-605.36
441.70	-15087.72	0.00	-335.77
441.80	-15296.24	0.00	-71.96
441.90	-15433.30	0.00	184.83
442.00	-15499.81	0.00	433.44
442.10	-15497.09	0.00	672.81
442.20	-15426.79	0.00	901.97
442.30	-15290.94	0.00	1120.06
442.40	-15091.89	0.00	1326.27
442.50	-14837.03	0.00	1519.95
442.60	-14535.77	0.00	1700.49
442.70	-14190.55	0.00	1867.42
442.80	-13803.81	0.00	2020.34
442.90	-13378.09	0.00	2158.95
443.00	-12915.98	0.00	2283.05
443.10	-12420.12	0.00	2392.53
443.20	-11893.18	0.00	2487.35
443.30	-11337.88	0.00	2567.57
443.40	-10756.96	0.00	2633.32
443.50	-10153.14	0.00	2684.82
443.60	-9529.20	0.00	2722.34
443.70	-8887.86	0.00	2746.22
443.80	-8231.87	0.00	2756.89
443.90	-7563.92	0.00	2754.80
444.00	-6886.70	0.00	2740.49
444.10	-6202.84	0.00	2714.50
444.20	-5514.91	0.00	2677.47
444.30	-4825.46	0.00	2630.04
444.40	-4136.92	0.00	2572.90
444.50	-3451.68	0.00	2506.76
444.60	-2772.02	0.00	2432.36
444.70	-2100.15	0.00	2350.46
444.80	-1438.15	0.00	2261.85
444.90	-787.99	0.00	2167.30
445.00	-151.55	0.00	2067.61
445.10	469.44	0.00	1963.59
445.20	1073.37	0.00	1856.02
445.30	1658.79	0.00	1745.69
445.40	2224.35	0.00	1633.40
445.50	2768.88	0.00	1519.89
445.60	3291.35	0.00	1405.92
445.70	3790.85	0.00	1292.21
445.80	4266.66	0.00	1179.47
445.90	4718.19	0.00	1068.36
446.00	5144.98	0.00	959.53
446.10	5546.75	0.00	853.57
446.20	5923.33	0.00	751.05
446.30	6274.69	0.00	652.48
446.40	6600.94	0.00	558.34
446.50	6902.31	0.00	469.05
446.60	7179.12	0.00	384.98
446.70	7431.84	0.00	306.45
446.80	7660.98	0.00	233.73
446.90	7867.18	0.00	167.01
447.00	8051.12	0.00	106.45
447.10	8213.57	0.00	52.13
447.20	8355.31	0.00	4.06
447.30	8477.19	0.00	-37.78
447.40	8580.07	0.00	-73.51
447.50	8664.82	0.00	-103.28
447.60	8732.30	0.00	-127.31
447.70	8783.37	0.00	-145.89
447.80	8818.86	0.00	-159.36
447.90	8839.54	0.00	-168.11
448.00	8846.15	0.00	-172.60
448.10	8839.36	0.00	-173.32
448.20	8819.78	0.00	-170.80
448.30	8788.65	0.00	-165.64
448.40	8749.38	0.00	-158.45
448.50	8702.60	0.00	-149.89
448.60	8648.46	0.00	-140.62
448.70	8587.02	0.00	-131.34
448.80	8518.21	0.00	-122.75
448.90	8441.82	0.00	-115.58
449.00	8357.56	0.00	-110.51
449.10	8264.98	0.00	-108.26
449.20	8163.54	0.00	-109.51
449.30	8052.58	0.00	-114.91
449.40	7931.34	0.00	-125.09
449.50	7798.95	0.00	-140.63
449.60	7654.48	0.00	-162.08
449.70	7496.89	0.00	-189.91
449.80	7325.10	0.00	-224.54
449.90	7137.94	0.00	-266.33
450.00	6934.24	0.00	-315.55
450.10	6712.78	0.00	-372.39
450.20	6472.34	0.00	-436.96
450.30	6211.71	0.00	-509.27
450.40	5929.70	0.00	-589.26
450.50	5625.19	0.00	-676.73
450.60	5297.08	0.00	-771.41
450.70	4944.41	0.00	-872.92
450.80	4566.29	0.00	-980.78
450.90	4161.96	0.00	-1094.40
451.00	3730.84	0.00	-1213.11
451.10	3272.48	0.00	-1336.11
451.20	2786.65	0.00	-1462.54
451.30	2273.29	0.00	-1591.44
451.40	1732.62	0.00	-1721.76
451.50	1165.05	0.00	-1852.39
451.60	571.28	0.00	-1982.14
451.70	-47.73	0.00	-2109.77
451.80	-690.72	0.00	-2233.98
451.90	-1356.16	0.00	-2353.46
452.00	-2042.20	0.00	-2466.85
452.10	-2746.69	0.00	-2572.77
452.20	-3467.18	0.00	-2669.88
452.30	-4200.90	0.00	-2756.81
452.40	-4944.81	0.00	-2832.23
452.50	-5695.55	0.00	-2894.86
452.60	-6449.49	0.00	-2943.46
452.70	-7202.75	0.00	-2976.87
452.80	-7951.21	0.00	-2993.99
452.90	-8690.52	0.00	-2993.83
453.00	-9416.14	0.00	-2975.51
453.10	-10123.39	0.00	-2938.25
453.20	-10807.45	0.00	-2881.42
453.30	-11463.43	0.00	-2804.52
453.40	-12086.38	0.00	-2707.20
453.50	-12671.35	0.00	-2589.25
453.60	-13213.46	0.00	-2450.65
453.70	-13707.88	0.00	-2291.55
453.80	-14149.94	0.00	-2112.25
453.90	-14535.17	0.00	-1913.24
454.00	-14859.31	0.00	-1695.19
454.10	-15118.80	0.00	-1458.93
454.20	-15318.38	0.00	-1205.49
454.30	-15458.44	0.00	-936.05
454.40	-15536.35	0.00	-651.97
454.50	-15549.71	0.00	-354.74
454.60	-15496.36	0.00	-46.03
454.70	-15374.44	0.00	272.37
454.80	-15182.37	0.00	598.54
454.90	-14918.90	0.00	930.45
455.00	-14583.12	0.00	1265.96
455.10	-14174.49	0.00	1602.85
455.20	-13692.86	0.00	1938.86
455.30	-13138.50	0.00	2271.64
455.40	-12512.10	0.00	2598.83
455.50	-11814.80	0.00	2918.06
455.60	-11048.21	0.00	3226.97
455.70	-10214.40	0.00	3523.22
455.80	-9315.95	0.00	3804.52
455.90	-8355.92	0.00	4068.63
456.00	-7337.88	0.00	4313.43
456.10	-6265.90	0.00	4536.87
456.20	-5144.54	0.00	4737.03
456.30	-3978.83	0.00	4912.15
456.40	-2774.29	0.00	5060.59
456.50	-1536.87	0.00	5180.91
456.60	-272.97	0.00	5271.84
456.70	1010.65	0.00	5332.30
456.80	2306.85	0.00	5361.43
456.90	3608.21	0.00	5358.57
457.00	4907.03	0.00	5323.31
457.10	6195.40	0.00	5255.43
457.20	7465.28	0.00	5154.98
457.30	8708.52	0.00	5022.21
457.40	9916.97	0.00	4857.64
457.50	11082.54	0.00	4661.98
457.60	12197.23	0.00	4436.21
457.70	13253.26	0.00	4181.49
457.80	14243.12	0.00	3899.24
457.90	15159.62	0.00	3591.05
458.00	15996.02	0.00	3258.71
458.10	16746.02	0.00	2904.20
458.20	17403.89	0.00	2529.66
458.30	17964.50	0.00	2137.39
458.40	18423.39	0.00	1729.82
458.50	18776.78	0.00	1309.48
458.60	19021.67	0.00	879.03
458.70	19155.84	0.00	441.18
458.80	19178.39	0.00	-1.27
458.90	19101.84	0.00	-445.53
459.00	18931.69	0.00	-888.74
459.10	18668.27	0.00	-1328.08
459.20	18312.36	0.00	-1760.74
459.30	17865.13	0.00	-2183.95
459.40	17328.23	0.00	-2595.02
459.50	16703.72	0.00	-2991.33
459.60	15994.12	0.00	-3370.36
459.70	15202.40	0.00	-3729.73
459.80	14331.97	0.00	-4067.17
459.90	13386.67	0.00	-4380.60
460.00	12370.81	0.00	-4668.06
460.10	11289.13	0.00	-4927.81
460.20	10146.78	0.00	-5158.27
460.30	8949.35	0.00	-5358.09
460.40	7702.82	0.00	-5526.11
460.50	6413.54	0.00	-5661.39
460.60	5088.22	0.00	-5763.22
460.70	3733.90	0.00	-5831.09
460.80	2357.88	0.00	-5864.74
460.90	967.74	0.00	-5864.12
461.00	-428.74	0.00	-5829.43
461.10	-1823.64	0.00	-5761.05
461.20	-3208.93	0.00	-5659.61
461.30	-4576.51	0.00	-5525.92
461.40	-5918.31	0.00	-5361.01
461.50	-7226.33	0.00	-5166.10
461.60	-8492.67	0.00	-4942.59
461.70	-9709.67	0.00	-4692.02
461.80	-10869.88	0.00	-4416.13
461.90	-11966.20	0.00	-4116.78
462.00	-12991.90	0.00	-3795.94
462.10	-13940.67	0.00	-3455.73
462.20	-14806.72	0.00	-3098.34
462.30	-15584.77	0.00	-2726.03
462.40	-16270.16	0.00	-2341.16
462.50	-16858.82	0.00	-1946.09
462.60	-17347.38	0.00	-1543.26
462.70	-17733.14	0.00	-1135.07
462.80	-18014.11	0.00	-723.96
462.90	-18189.02	0.00	-312.33
463.00	-18257.35	0.00	97.45
463.10	-18219.57	0.00	503.06
463.20	-18087.78	0.00	902.26
463.30	-17869.04	0.00	1292.85
463.40	-17564.85	0.00	1672.75
463.50	-17177.06	0.00	2039.98
463.60	-16707.79	0.00	2392.66
463.70	-16159.51	0.00	2729.04
463.80	-15534.96	0.00	3047.49
463.90	-14837.21	0.00	3346.53
464.00	-14069.60	0.00	3624.81
464.10	-13235.78	0.00	3881.15
464.20	-12339.65	0.00	4114.49
464.30	-11385.39	0.00	4323.95
464.40	-10377.48	0.00	4508.79
464.50	-9320.59	0.00	4668.44
464.60	-8219.69	0.00	4802.47
464.70	-7079.93	0.00	4910.60
464.80	-5906.69	0.00	4992.73
464.90	-4705.55	0.00	5048.86
465.00	-3482.23	0.00	5079.17
465.10	-2242.63	0.00	5083.95
465.20	-992.75	0.00	5063.63
465.30	261.32	0.00	5018.77
465.40	1513.40	0.00	4950.01
465.50	2757.32	0.00	4858.14
465.60	3986.87	0.00	4744.01
465.70	5195.90	0.00	4608.59
465.80	6378.31	0.00	4452.91
465.90	7528.14	0.00	4278.06
466.00	8639.54	0.00	4085.23
466.10	9706.86	0.00	3875.63
466.20	10724.64	0.00	3650.52
466.30	11687.69	0.00	3411.20
466.40	12591.09	0.00	3159.00
466.50	13430.24	0.00	2895.25
466.60	14200.88	0.00	2621.32
466.70	14899.12	0.00	2338.55
466.80	15521.45	0.00	2048.30
466.90	16064.80	0.00	1751.92
467.00	16526.52	0.00	1450.73
467.10	16904.41	0.00	1146.03
467.20	17196.73	0.00	839.11
467.30	17402.21	0.00	531.23
467.40	17520.05	0.00	223.59
467.50	17556.93	0.00	-82.62
467.60	17522.08	0.00	-386.26
467.70	17415.92	0.00	-686.22
467.80	17239.00	0.00	-981.44
467.90	16992.03	0.00	-1270.90
468.00	16675.90	0.00	-1553.64
468.10	16291.64	0.00	-1828.71
468.20	15840.46	0.00	-2095.23
468.30	15323.75	0.00	-2352.36
468.40	14743.04	0.00	-2599.29
468.50	14100.06	0.00	-2835.27
468.60	13396.73	0.00	-3059.58
468.70	12635.13	0.00	-3271.53
468.80	11817.58	0.00	-3470.50
468.90	10946.57	0.00	-3655.87
469.00	10024.81	0.00	-3827.08
469.10	9055.23	0.00	-3983.62
469.20	8040.98	0.00	-4124.98
469.30	6985.45	0.00	-4250.72
469.40	5892.22	0.00	-4360.41
469.50	4765.15	0.00	-4453.67
469.60	3608.29	0.00	-4530.17
469.70	2425.93	0.00	-4589.58
469.80	1222.57	0.00	-4631.64
469.90	2.95	0.00	-4656.12
470.00	-1228.04	0.00	-4662.82
470.10	-2465.26	0.00	-4651.60
470.20	-3703.46	0.00	-4622.34
470.30	-4937.19	0.00	-4575.01
470.40	-6160.90	0.00	-4509.57
470.50	-7368.92	0.00	-4426.08
470.60	-8555.52	0.00	-4324.63
470.70	-9714.89	0.00	-4205.38
470.80	-10841.23	0.00	-4068.52
470.90	-11928.76	0.00	-3914.33
471.00	-12971.73	0.00	-3743.15
471.10	-13964.52	0.00	-3555.38
471.20	-14901.61	0.00	-3351.48
471.30	-15777.66	0.00	-3131.99
471.40	-16587.54	0.00	-2897.52
471.50	-17326.37	0.00	-2648.75
471.60	-17989.56	0.00	-2386.44
471.70	-18572.86	0.00	-2111.41
471.80	-19072.36	0.00	-1824.56
471.90	-19484.56	0.00	-1526.86
472.00	-19806.40	0.00	-1219.36
472.10	-20035.27	0.00	-903.17
472.20	-20178.42	0.00	-579.47
472.30	-20246.24	0.00	-249.49
472.40	-20237.71	0.00	85.45
472.50	-20151.97	0.00	424.00
472.60	-19988.34	0.00	764.76
472.70	-19746.32	0.00	1106.26
472.80	-19425.64	0.00	1447.01
472.90	-19026.23	0.00	1785.50
473.00	-18548.28	0.00	2120.16
473.10	-17992.22	0.00	2449.43
473.20	-17358.75	0.00	2771.73
473.30	-16648.87	0.00	3085.47
473.40	-15863.89	0.00	3389.08
473.50	-15005.43	0.00	3681.00
473.60	-14075.47	0.00	3959.70
473.70	-13076.34	0.00	4223.67
473.80	-12010.77	0.00	4471.45
473.90	-10881.84	0.00	4701.65
474.00	-9693.06	0.00	4912.91
474.10	-8448.34	0.00	5103.97
474.20	-7152.00	0.00	5273.63
474.30	-5808.77	0.00	5420.77
474.40	-4423.78	0.00	5544.40
474.50	-3002.59	0.00	5643.61
474.60	-1551.12	0.00	5717.59
474.70	-75.66	0.00	5765.67
474.80	1417.13	0.00	5787.30
474.90	2920.30	0.00	5782.05
475.00	4426.61	0.00	5749.63
475.10	5928.54	0.00	5689.87
475.20	7418.40	0.00	5602.78
475.30	8888.34	0.00	5488.47
475.40	10330.38	0.00	5347.22
475.50	11736.53	0.00	5179.44
475.60	13098.76	0.00	4985.69
475.70	14409.14	0.00	4766.68
475.80	15659.87	0.00	4523.26
475.90	16843.34	0.00	4256.40
476.00	17952.19	0.00	3967.22
476.10	18979.41	0.00	3656.97
476.20	19918.34	0.00	3327.02
476.30	20762.81	0.00	2978.84
476.40	21507.12	0.00	2614.04
476.50	22146.15	0.00	2234.31
476.60	22675.39	0.00	1841.44
476.70	23090.96	0.00	1437.30
476.80	23389.70	0.00	1023.85
476.90	23569.18	0.00	603.09
477.00	23634.26	0.00	177.09
477.10	23605.10	0.00	-252.05
477.20	23482.84	0.00	-682.20
477.30	23267.25	0.00	-1111.19
477.40	22958.41	0.00	-1536.87
477.50	22556.66	0.00	-1957.08
477.60	22062.61	0.00	-2369.70
477.70	21477.19	0.00	-2772.60
477.80	20801.65	0.00	-3163.73
477.90	20037.54	0.00	-3541.07
478.00	19186.79	0.00	-3902.68
478.10	18251.68	0.00	-4246.68
478.20	17234.86	0.00	-4571.30
478.30	16139.38	0.00	-4874.83
478.40	14968.70	0.00	-5155.70
478.50	13726.69	0.00	-5412.44
478.60	12417.66	0.00	-5643.71
478.70	11046.32	0.00	-5848.29
478.80	9617.84	0.00	-6025.11
478.90	8137.80	0.00	-6173.23
479.00	6612.22	0.00	-6291.88
479.10	5047.50	0.00	-6380.43
479.20	3450.45	0.00	-6438.39
479.30	1828.23	0.00	-6465.47
479.40	188.35	0.00	-6461.50
479.50	-1461.41	0.00	-6426.51
479.60	-3112.97	0.00	-6360.65
479.70	-4758.06	0.00	-6264.27
479.80	-6388.25	0.00	-6137.85
479.90	-7994.98	0.00	-5982.03
480.00	-9569.65	0.00	-5797.61
480.10	-11103.66	0.00	-5585.53
480.20	-12588.51	0.00	-5346.88
480.30	-14015.80	0.00	-5082.86
480.40	-15377.36	0.00	-4794.82
480.50	-16665.30	0.00	-4484.21
480.60	-17872.04	0.00	-4152.62
480.70	-18990.45	0.00	-3801.70
480.80	-20013.81	0.00	-3433.22
480.90	-20935.97	0.00	-3049.02
481.00	-21751.34	0.00	-2651.02
481.10	-22454.98	0.00	-2241.18
481.20	-23042.59	0.00	-1821.54
481.30	-23510.61	0.00	-1394.15
481.40	-23856.23	0.00	-961.08
481.50	-24077.40	0.00	-524.46
481.60	-24172.86	0.00	-86.36
481.70	-24145.29	0.00	351.10
481.80	-24017.74	0.00	785.86
481.90	-23795.28	0.00	1215.87
482.00	-23478.59	0.00	1639.13
482.10	-23068.63	0.00	2053.68
482.20	-22566.57	0.00	2457.62
482.30	-21973.86	0.00	2849.14
482.40	-21292.21	0.00	3226.48
482.50	-20523.57	0.00	3587.98
482.60	-19670.22	0.00	3932.07
482.70	-18734.70	0.00	4257.27
482.80	-17719.87	0.00	4562.23
482.90	-16628.92	0.00	4845.68
483.00	-15465.34	0.00	5106.49
483.10	-14233.01	0.00	5343.62
483.20	-12936.10	0.00	5556.17
483.30	-11579.16	0.00	5743.36
483.40	-10167.11	0.00	5904.54
483.50	-8705.18	0.00	6039.16
483.60	-7198.99	0.00	6146.81
483.70	-5654.47	0.00	6227.21
483.80	-4077.89	0.00	6280.20
483.90	-2475.82	0.00	6305.72
484.00	-855.14	0.00	6303.84
484.10	777.03	0.00	6274.75
484.20	2413.34	0.00	6218.74
484.30	4046.23	0.00	6136.21
484.40	5667.98	0.00	6027.66
484.50	7270.75	0.00	5893.68
484.60	8846.64	0.00	5734.95
484.70	10387.71	0.00	5552.26
484.80	11886.06	0.00	5346.46
484.90	13333.84	0.00	5118.47
485.00	14723.36	0.00	4869.30
485.10	16047.11	0.00	4600.01
485.20	17297.79	0.00	4311.73
485.30	18468.42	0.00	4005.64
485.40	19552.37	0.00	3682.97
485.50	20543.38	0.00	3344.99
485.60	21435.66	0.00	2993.02
485.70	22223.91	0.00	2628.42
485.80	22903.36	0.00	2252.56
485.90	23469.81	0.00	1866.87
486.00	23919.68	0.00	1472.77
486.10	24250.02	0.00	1071.74
486.20	24458.55	0.00	665.24
486.30	24548.41	0.00	254.78
486.40	24542.29	0.00	-158.15
486.50	24442.98	0.00	-572.02
486.60	24250.22	0.00	-985.31
486.70	23963.88	0.00	-1396.49
486.80	23584.00	0.00	-1804.04
486.90	23110.82	0.00	-2206.42
487.00	22544.75	0.00	-2602.10
487.10	21886.43	0.00	-2989.57
487.20	21136.74	0.00	-3367.32
487.30	20296.80	0.00	-3733.84
487.40	19368.03	0.00	-4087.65
487.50	18352.15	0.00	-4427.29
487.60	17251.24	0.00	-4751.31
487.70	16067.72	0.00	-5058.30
487.80	14804.42	0.00	-5346.88
487.90	13464.59	0.00	-5615.70
488.00	12051.90	0.00	-5863.48
488.10	10570.51	0.00	-6088.94
488.20	9025.03	0.00	-6290.90
488.30	7420.60	0.00	-6468.21
488.40	5762.82	0.00	-6619.82
488.50	4057.82	0.00	-6744.71
488.60	2312.22	0.00	-6841.99
488.70	533.12	0.00	-6910.83
488.80	-1271.88	0.00	-6950.49
488.90	-3094.73	0.00	-6960.35
489.00	-4926.99	0.00	-6939.91
489.10	-6759.79	0.00	-6888.75
489.20	-8583.93	0.00	-6806.62
489.30	-10389.94	0.00	-6693.36
489.40	-12168.09	0.00	-6548.96
489.50	-13908.48	0.00	-6373.57
489.60	-15601.12	0.00	-6167.46
489.70	-17235.98	0.00	-5931.06
489.80	-18803.08	0.00	-5664.97
489.90	-20292.58	0.00	-5369.91
490.00	-21694.85	0.00	-5046.80
490.10	-23000.56	0.00	-4696.69
490.20	-24200.79	0.00	-4320.79
490.30	-25287.05	0.00	-3920.47
490.40	-26251.45	0.00	-3497.26
490.50	-27086.71	0.00	-3052.83
490.60	-27786.29	0.00	-2588.99
490.70	-28344.41	0.00	-2107.71
490.80	-28756.16	0.00	-1611.06
490.90	-29025.72	0.00	-1101.25
491.00	-29182.81	0.00	-580.60
491.10	-29229.02	0.00	-51.52
491.20	-29162.90	0.00	483.48
491.30	-28983.20	0.00	1021.81
491.40	-28688.90	0.00	1560.84
491.50	-28279.25	0.00	2097.88
491.60	-27753.79	0.00	2630.20
491.70	-27112.36	0.00	3155.05
491.80	-26355.14	0.00	3669.71
491.90	-25482.71	0.00	4171.44
492.00	-24496.05	0.00	4657.56
492.10	-23396.59	0.00	5125.42
492.20	-22186.26	0.00	5572.45
492.30	-20867.54	0.00	5996.16
492.40	-19443.45	0.00	6394.15
492.50	-17917.63	0.00	6764.15
492.60	-16294.34	0.00	7104.00
492.70	-14578.53	0.00	7411.71
492.80	-12775.81	0.00	7685.43
492.90	-10892.49	0.00	7923.48
493.00	-8935.59	0.00	8124.38
493.10	-6912.81	0.00	8286.83
493.20	-4832.56	0.00	8409.72
493.30	-2703.92	0.00	8492.18
493.40	-536.62	0.00	8533.53
493.50	1659.05	0.00	8533.32
493.60	3872.19	0.00	8491.34
493.70	6091.46	0.00	8407.59
493.80	8305.07	0.00	8282.31
493.90	10500.89	0.00	8115.95
494.00	12666.53	0.00	7909.22
494.10	14789.46	0.00	7663.02
494.20	16857.05	0.00	7378.48
494.30	18856.73	0.00	7056.95
494.40	20776.09	0.00	6699.96
494.50	22602.98	0.00	6309.27
494.60	24325.60	0.00	5886.78
494.70	25932.68	0.00	5434.61
494.80	27413.51	0.00	4955.01
494.90	28758.11	0.00	4450.37
495.00	29957.28	0.00	3923.26
495.10	31002.75	0.00	3376.31
495.20	31887.20	0.00	2812.29
495.30	32604.40	0.00	2234.06
495.40	33149.22	0.00	1644.54
495.50	33517.73	0.00	1046.69
495.60	33707.76	0.00	443.54
495.70	33754.71	0.00	-161.88
495.80	33680.42	0.00	-766.53
495.90	33484.88	0.00	-1367.37
496.00	33168.26	0.00	-1961.42
496.10	32730.98	0.00	-2545.71
496.20	32173.67	0.00	-3117.35
496.30	31497.23	0.00	-3673.51
496.40	30702.83	0.00	-4211.48
496.50	29791.95	0.00	-4728.62
496.60	28766.39	0.00	-5222.42
496.70	27628.37	0.00	-5690.51
496.80	26380.47	0.00	-6130.64
496.90	25025.75	0.00	-6540.74
497.00	23567.72	0.00	-6918.88
497.10	22010.44	0.00	-7263.31
497.20	20358.46	0.00	-7572.45
497.30	18616.94	0.00	-7844.92
497.40	16791.60	0.00	-8079.52
497.50	14888.76	0.00	-8275.25
497.60	12915.33	0.00	-8431.32
497.70	10878.85	0.00	-8547.12
497.80	8787.42	0.00	-8622.27
497.90	6649.72	0.00	-8656.59
498.00	4474.97	0.00	-8650.08
498.10	2272.89	0.00	-8602.97
498.20	53.67	0.00	-8515.69
498.30	-2172.10	0.00	-8388.85
498.40	-4393.51	0.00	-8223.28
498.50	-6599.37	0.00	-8019.98
498.60	-8778.30	0.00	-7780.13
498.70	-10918.81	0.00	-7505.09
498.80	-13009.40	0.00	-7196.40
498.90	-15038.67	0.00	-6855.75
499.00	-16995.36	0.00	-6484.96
499.10	-18868.49	0.00	-6086.03
499.20	-20647.47	0.00	-5661.06
499.30	-22322.15	0.00	-5212.27
499.40	-23882.95	0.00	-4742.01
499.50	-25320.96	0.00	-4252.71
499.60	-26627.96	0.00	-3746.87
499.70	-27796.59	0.00	-3227.08
499.80	-28820.34	0.00	-2695.98
499.90	-29693.68	0.00	-2156.25
500.00	-30412.03	0.00	-1610.60
500.10	-30971.91	0.00	-1061.75
500.20	-31370.87	0.00	-512.45
500.30	-31607.59	0.00	34.61
500.40	-31681.83	0.00	576.72
500.50	-31594.46	0.00	1111.24
500.60	-31353.03	0.00	1635.56
500.70	-30998.70	0.00	2147.17
500.80	-30540.96	0.00	2643.61
500.90	-29982.01	0.00	3122.52
501.00	-29324.25	0.00	3581.64
501.10	-28570.30	0.00	4018.85
501.20	-27723.03	0.00	4432.12
501.30	-26785.54	0.00	4819.60
501.40	-25761.19	0.00	5179.55
501.50	-24653.63	0.00	5510.41
501.60	-23466.81	0.00	5810.78
501.70	-22204.99	0.00	6079.42
501.80	-20872.76	0.00	6315.29
501.90	-19475.04	0.00	6517.53
502.00	-18017.08	0.00	6685.44
502.10	-16504.48	0.00	6818.56
502.20	-14943.17	0.00	6916.58
502.30	-13339.41	0.00	6979.42
502.40	-11699.75	0.00	7007.18
502.50	-10031.05	0.00	7000.15
502.60	-8340.43	0.00	6958.83
502.70	-6635.22	0.00	6883.88
502.80	-4922.97	0.00	6776.17
502.90	-3211.33	0.00	6636.75
503.00	-1508.11	0.00	6466.82
503.10	178.88	0.00	6267.75
503.20	1841.81	0.00	6041.09
503.30	3472.94	0.00	5788.49
503.40	5064.63	0.00	5511.77
503.50	6609.43	0.00	5212.86
503.60	8100.17	0.00	4893.78
503.70	9529.94	0.00	4556.67
503.80	10892.23	0.00	4203.74
503.90	12180.93	0.00	3837.26
504.00	13390.43	0.00	3459.55
504.10	14515.61	0.00	3072.99
504.20	15551.95	0.00	2679.93
504.30	16495.50	0.00	2282.77
504.40	17342.98	0.00	1883.87
504.50	18091.73	0.00	1485.57
504.60	18739.82	0.00	1090.17
504.70	19285.96	0.00	699.89
504.80	19729.57	0.00	316.90
504.90	20070.79	0.00	-56.73
505.00	20310.38	0.00	-419.02
505.10	20449.82	0.00	-768.14
505.20	20491.18	0.00	-1102.33
505.30	20437.16	0.00	-1420.00
505.40	20291.04	0.00	-1719.72
505.50	20056.60	0.00	-2000.17
505.60	19738.13	0.00	-2260.22
505.70	19340.34	0.00	-2498.89
505.80	18868.32	0.00	-2715.39
505.90	18329.05	0.00	-2909.07
506.00	17740.88	0.00	-3079.49
506.10	17111.15	0.00	-3226.35
506.20	16444.08	0.00	-3349.53
506.30	15743.91	0.00	-3449.09
506.40	15014.88	0.00	-3525.25
506.50	14261.24	0.00	-3578.38
506.60	13487.20	0.00	-3609.00
506.70	12696.92	0.00	-3617.78
506.80	11894.49	0.00	-3605.53
506.90	11083.95	0.00	-3573.18
507.00	10269.19	0.00	-3521.75
507.10	9454.01	0.00	-3452.41
507.20	8642.07	0.00	-3366.38
507.30	7836.87	0.00	-3264.97
507.40	7041.73	0.00	-3149.56
507.50	6259.81	0.00	-3021.58
507.60	5494.04	0.00	-2882.50
507.70	4747.15	0.00	-2733.80
507.80	4021.63	0.00	-2577.00
507.90	3319.74	0.00	-2413.60
508.00	2643.50	0.00	-2245.09
508.10	1994.66	0.00	-2072.94
508.20	1374.74	0.00	-1898.58
508.30	784.98	0.00	-1723.42
508.40	226.36	0.00	-1548.78
508.50	-300.40	0.00	-1375.93
508.60	-794.81	0.00	-1206.08
508.70	-1256.66	0.00	-1040.36
508.80	-1685.97	0.00	-879.79
508.90	-2082.98	0.00	-725.35
509.00	-2448.16	0.00	-577.88
509.10	-2782.19	0.00	-438.15
509.20	-3085.93	0.00	-306.83
509.30	-3360.43	0.00	-184.49
509.40	-3606.89	0.00	-71.61
509.50	-3826.65	0.00	31.44
509.60	-4021.20	0.00	124.38
509.70	-4192.11	0.00	207.01
509.80	-4341.05	0.00	279.24
509.90	-4469.75	0.00	341.06
510.00	-4580.00	0.00	392.53
510.10	-4673.63	0.00	433.80
510.20	-4752.46	0.00	465.09
510.30	-4818.35	0.00	486.69
510.40	-4873.09	0.00	498.94
510.50	-4918.49	0.00	502.24
510.60	-4956.27	0.00	497.06
510.70	-4988.12	0.00	483.88
510.80	-5015.63	0.00	463.25
510.90	-5040.33	0.00	435.73
511.00	-5063.64	0.00	401.94
511.10	-5086.87	0.00	362.48
511.20	-5111.25	0.00	318.00
511.30	-5137.85	0.00	269.16
511.40	-5167.64	0.00	216.62
511.50	-5201.46	0.00	161.03
511.60	-5240.00	0.00	103.08
511.70	-5283.83	0.00	43.43
511.80	-5333.39	0.00	-17.27
511.90	-5388.95	0.00	-78.37
512.00	-5450.68	0.00	-139.23
512.10	-5518.59	0.00	-199.23
512.20	-5592.55	0.00	-257.78
512.30	-5672.31	0.00	-314.28
512.40	-5757.50	0.00	-368.18
512.50	-5847.60	0.00	-418.96
512.60	-5941.99	0.00	-466.09
512.70	-6039.92	0.00	-509.10
512.80	-6140.55	0.00	-547.56
512.90	-6242.92	0.00	-581.03
513.00	-6346.00	0.00	-609.13
513.10	-6448.65	0.00	-631.54
513.20	-6550.04	0.00	-647.92
513.30	-6650.58	0.00	-658.02
513.40	-6749.27	0.00	-661.60
513.50	-6844.82	0.00	-658.48
513.60	-6935.92	0.00	-648.50
513.70	-7021.23	0.00	-631.57
513.80	-7099.37	0.00	-607.63
513.90	-7168.94	0.00	-576.66
514.00	-7228.57	0.00	-538.70
514.10	-7276.85	0.00	-493.84
514.20	-7312.41	0.00	-442.20
514.30	-7333.89	0.00	-383.95
514.40	-7339.97	0.00	-319.32
514.50	-7329.37	0.00	-248.57
514.60	-7300.85	0.00	-172.02
514.70	-7253.24	0.00	-90.04
514.80	-7185.43	0.00	-3.01
514.90	-7096.41	0.00	88.61
515.00	-6985.23	0.00	184.35
515.10	-6851.04	0.00	283.69
515.20	-6693.11	0.00	386.08
515.30	-6510.81	0.00	490.94
515.40	-6303.62	0.00	597.66
515.50	-6071.17	0.00	705.61
515.60	-5813.20	0.00	814.14
515.70	-5529.60	0.00	922.59
515.80	-5220.40	0.00	1030.30
515.90	-4885.78	0.00	1136.58
516.00	-4526.06	0.00	1240.75
516.10	-4141.74	0.00	1342.14
516.20	-3733.43	0.00	1440.09
516.30	-3301.95	0.00	1533.96
516.40	-2848.25	0.00	1623.11
516.50	-2373.42	0.00	1706.94
516.60	-1878.73	0.00	1784.87
516.70	-1365.59	0.00	1856.35
516.80	-835.54	0.00	1920.89
516.90	-290.30	0.00	1978.02
517.00	268.33	0.00	2027.32
517.10	838.38	0.00	2068.40
517.20	1417.79	0.00	2100.95
517.30	2004.40	0.00	2124.70
517.40	2595.93	0.00	2139.41
517.50	3190.02	0.00	2144.94
517.60	3784.27	0.00	2141.17
517.70	4376.19	0.00	2128.04
517.80	4963.26	0.00	2105.57
517.90	5542.94	0.00	2073.80
518.00	6112.66	0.00	2032.85
518.10	6669.86	0.00	1982.88
518.20	7212.00	0.00	1924.11
518.30	7736.58	0.00	1856.81
518.40	8241.13	0.00	1781.27
518.50	8723.26	0.00	1697.85
518.60	9180.66	0.00	1606.94
518.70	9611.11	0.00	1508.97
518.80	10012.50	0.00	1404.40
518.90	10382.83	0.00	1293.71
519.00	10720.26	0.00	1177.42
519.10	11023.05	0.00	1056.07
519.20	11289.67	0.00	930.20
519.30	11518.71	0.00	800.38
519.40	11708.96	0.00	667.17
519.50	11859.38	0.00	531.17
519.60	11969.10	0.00	392.94
519.70	12037.54	0.00	253.08
519.80	12069.04	0.00	112.14
519.90	12066.04	0.00	-29.29
520.00	12028.40	0.00	-170.68
520.10	11956.05	0.00	-311.46
520.20	11849.03	0.00	-451.13
520.30	11707.48	0.00	-589.16
520.40	11531.61	0.00	-725.08
520.50	11321.73	0.00	-858.40
520.60	11078.24	0.00	-988.69
520.70	10801.63	0.00	-1115.51
520.80	10492.48	0.00	-1238.48
520.90	10151.45	0.00	-1357.21
521.00	9779.29	0.00	-1471.35
521.10	9376.84	0.00	-1580.57
521.20	8945.02	0.00	-1684.57
521.30	8484.86	0.00	-1783.06
521.40	7997.45	0.00	-1875.80
521.50	7483.99	0.00	-1962.54
521.60	6945.74	0.00	-2043.07
521.70	6384.07	0.00	-2117.20
521.80	5800.44	0.00	-2184.75
521.90	5196.37	0.00	-2245.57
522.00	4573.48	0.00	-2299.52
522.10	3933.49	0.00	-2346.49
522.20	3278.18	0.00	-2386.36
522.30	2609.41	0.00	-2419.05
522.40	1929.13	0.00	-2444.48
522.50	1239.35	0.00	-2462.59
522.60	542.17	0.00	-2473.33
522.70	-160.27	0.00	-2476.66
522.80	-865.74	0.00	-2472.56
522.90	-1571.98	0.00	-2461.02
523.00	-2276.66	0.00	-2442.02
523.10	-2977.40	0.00	-2415.59
523.20	-3671.82	0.00	-2381.73
523.30	-4357.47	0.00	-2340.48
523.40	-5031.90	0.00	-2291.88
523.50	-5692.65	0.00	-2235.99
523.60	-6337.25	0.00	-2172.88
523.70	-6963.24	0.00	-2102.63
523.80	-7568.19	0.00	-2025.34
523.90	-8149.69	0.00	-1941.13
524.00	-8705.38	0.00	-1850.13
524.10	-9232.93	0.00	-1752.49
524.20	-9730.12	0.00	-1648.38
524.30	-10194.77	0.00	-1538.00
524.40	-10624.81	0.00	-1421.56
524.50	-11018.27	0.00	-1299.29
524.60	-11373.29	0.00	-1171.48
524.70	-11688.14	0.00	-1038.39
524.80	-11961.24	0.00	-900.36
524.90	-12191.16	0.00	-757.72
525.00	-12376.60	0.00	-610.85
525.10	-12516.48	0.00	-460.16
525.20	-12609.87	0.00	-306.07
525.30	-12656.05	0.00	-149.05
525.40	-12654.49	0.00	10.41
525.50	-12608.40	0.00	171.79
525.60	-12522.39	0.00	334.53
525.70	-12396.35	0.00	498.06
525.80	-12230.26	0.00	661.77
525.90	-12024.23	0.00	825.04
526.00	-11778.47	0.00	987.22
526.10	-11493.32	0.00	1147.63
526.20	-11169.24	0.00	1305.59
526.30	-10806.84	0.00	1460.40
526.40	-10406.86	0.00	1611.34
526.50	-9970.21	0.00	1757.70
526.60	-9497.92	0.00	1898.75
526.70	-8991.20	0.00	2033.78
526.80	-8451.43	0.00	2162.06
526.90	-7880.13	0.00	2282.90
527.00	-7279.00	0.00	2395.60
527.10	-6649.91	0.00	2499.51
527.20	-5994.91	0.00	2593.97
527.30	-5316.19	0.00	2678.38
527.40	-4616.13	0.00	2752.16
527.50	-3897.26	0.00	2814.78
527.60	-3162.25	0.00	2865.75
527.70	-2413.95	0.00	2904.64
527.80	-1655.31	0.00	2931.06
527.90	-889.42	0.00	2944.69
528.00	-119.50	0.00	2945.27
528.10	651.17	0.00	2932.61
528.20	1419.20	0.00	2906.60
528.30	2181.14	0.00	2867.18
528.40	2933.51	0.00	2814.37
528.50	3672.81	0.00	2748.30
528.60	4395.52	0.00	2669.12
528.70	5098.16	0.00	2577.12
528.80	5777.28	0.00	2472.62
528.90	6429.52	0.00	2356.05
529.00	7051.61	0.00	2227.89
529.10	7640.38	0.00	2088.72
529.20	8192.83	0.00	1939.17
529.30	8706.11	0.00	1779.95
529.40	9177.57	0.00	1611.83
529.50	9604.75	0.00	1435.65
529.60	9985.46	0.00	1252.30
529.70	10317.72	0.00	1062.72
529.80	10599.84	0.00	867.88
529.90	10830.42	0.00	668.82
530.00	11008.33	0.00	466.59
530.10	11132.76	0.00	262.26
530.20	11203.21	0.00	56.95
530.30	11219.50	0.00	-148.25
530.40	11181.77	0.00	-352.23
530.50	11090.46	0.00	-553.87
530.60	10946.40	0.00	-752.07
530.70	10754.35	0.00	-945.76
530.80	10517.89	0.00	-1133.89
530.90	10238.24	0.00	-1315.43
531.00	9916.82	0.00	-1489.41
531.10	9555.23	0.00	-1654.89
531.20	9155.27	0.00	-1811.00
531.30	8718.87	0.00	-1956.91
531.40	8248.19	0.00	-2091.86
531.50	7745.50	0.00	-2215.16
531.60	7213.24	0.00	-2326.19
531.70	6654.00	0.00	-2424.42
531.80	6070.50	0.00	-2509.38
531.90	5465.58	0.00	-2580.69
532.00	4842.20	0.00	-2638.05
532.10	4203.40	0.00	-2681.26
532.20	3552.32	0.00	-2710.19
532.30	2892.14	0.00	-2724.80
532.40	2226.14	0.00	-2725.14
532.50	1557.57	0.00	-2711.34
532.60	889.76	0.00	-2683.61
532.70	225.99	0.00	-2642.26
532.80	-430.45	0.00	-2587.65
532.90	-1076.33	0.00	-2520.22
533.00	-1708.47	0.00	-2440.50
533.10	-2323.77	0.00	-2349.07
533.20	-2919.21	0.00	-2246.57
533.30	-3491.92	0.00	-2133.69
533.40	-4039.14	0.00	-2011.19
533.50	-4558.26	0.00	-1879.86
533.60	-5046.84	0.00	-1740.53
533.70	-5502.63	0.00	-1594.08
533.80	-5923.58	0.00	-1441.40
533.90	-6307.82	0.00	-1283.40
534.00	-6653.73	0.00	-1121.01
534.10	-6959.91	0.00	-955.16
534.20	-7225.19	0.00	-786.81
534.30	-7448.66	0.00	-616.88
534.40	-7629.62	0.00	-446.31
534.50	-7767.66	0.00	-276.01
534.60	-7862.60	0.00	-106.86
534.70	-7914.49	0.00	60.26
534.80	-7923.65	0.00	224.51
534.90	-7890.63	0.00	385.09
535.00	-7816.19	0.00	541.24
535.10	-7701.33	0.00	692.23
535.20	-7548.19	0.00	837.38
535.30	-7360.09	0.00	976.05
535.40	-7138.46	0.00	1107.68
535.50	-6884.77	0.00	1231.71
535.60	-6600.61	0.00	1347.69
535.70	-6287.70	0.00	1455.18
535.80	-5947.83	0.00	1553.82
535.90	-5582.91	0.00	1643.29
536.00	-5194.91	0.00	1723.33
536.10	-4785.92	0.00	1793.74
536.20	-4358.05	0.00	1854.37
536.30	-3913.49	0.00	1905.12
536.40	-3454.50	0.00	1945.95
536.50	-2983.36	0.00	1976.85
536.60	-2502.37	0.00	1997.88
536.70	-2013.89	0.00	2009.12
536.80	-1520.26	0.00	2010.73
536.90	-1023.84	0.00	2002.87
537.00	-526.98	0.00	1985.76
537.10	-32.01	0.00	1959.66
537.20	458.75	0.00	1924.85
537.30	943.03	0.00	1881.64
537.40	1418.61	0.00	1830.39
537.50	1883.30	0.00	1771.45
537.60	2335.00	0.00	1705.22
537.70	2771.67	0.00	1632.10
537.80	3191.35	0.00	1552.54
537.90	3592.17	0.00	1466.96
538.00	3972.37	0.00	1375.83
538.10	4330.28	0.00	1279.62
538.20	4664.36	0.00	1178.81
538.30	4973.18	0.00	1073.87
538.40	5255.43	0.00	965.31
538.50	5509.94	0.00	853.60
538.60	5735.67	0.00	739.26
538.70	5931.75	0.00	622.77
538.80	6097.40	0.00	504.64
538.90	6232.05	0.00	385.37
539.00	6335.22	0.00	265.43
539.10	6406.62	0.00	145.33
539.20	6446.11	0.00	25.55
539.30	6454.60	0.00	-93.44
539.40	6433.50	0.00	-211.16
539.50	6383.08	0.00	-327.15
539.60	6303.70	0.00	-440.96
539.70	6195.84	0.00	-552.14
539.80	6060.07	0.00	-660.27
539.90	5897.07	0.00	-764.92
540.00	5707.60	0.00	-865.69
540.10	5492.55	0.00	-962.20
540.20	5252.88	0.00	-1054.06
540.30	4989.64	0.00	-1140.92
540.40	4703.98	0.00	-1222.44
540.50	4397.12	0.00	-1298.31
540.60	4070.40	0.00	-1368.23
540.70	3725.21	0.00	-1431.92
540.80	3363.01	0.00	-1489.15
540.90	2985.35	0.00	-1539.68
541.00	2593.85	0.00	-1583.33
541.10	2190.17	0.00	-1619.91
541.20	1776.05	0.00	-1649.31
541.30	1353.28	0.00	-1671.40
541.40	923.66	0.00	-1686.11
541.50	489.07	0.00	-1693.40
541.60	51.39	0.00	-1693.25
541.70	-387.47	0.00	-1685.69
541.80	-825.59	0.00	-1670.78
541.90	-1261.03	0.00	-1648.60
542.00	-1691.88	0.00	-1619.29
542.10	-2116.24	0.00	-1582.99
542.20	-2532.22	0.00	-1539.91
542.30	-2937.97	0.00	-1490.26
542.40	-3331.70	0.00	-1434.32
542.50	-3711.65	0.00	-1372.35
542.60	-4076.13	0.00	-1304.69
542.70	-4423.54	0.00	-1231.68
542.80	-4752.33	0.00	-1153.70
542.90	-5061.07	0.00	-1071.13
543.00	-5348.41	0.00	-984.40
543.10	-5613.12	0.00	-893.95
543.20	-5854.06	0.00	-800.23
543.30	-6070.24	0.00	-703.72
543.40	-6260.76	0.00	-604.88
543.50	-6424.89	0.00	-504.22
543.60	-6561.99	0.00	-402.22
543.70	-6671.60	0.00	-299.39
543.80	-6753.35	0.00	-196.22
543.90	-6807.06	0.00	-93.19
544.00	-6833.41	0.00	9.20
544.10	-6834.11	0.00	110.49
544.20	-6809.41	0.00	210.21
544.30	-6759.58	0.00	307.93
544.40	-6685.00	0.00	403.21
544.50	-6586.16	0.00	495.66
544.60	-6463.59	0.00	584.90
544.70	-6317.93	0.00	670.57
544.80	-6149.89	0.00	752.35
544.90	-5960.26	0.00	829.96
545.00	-5749.88	0.00	903.12
545.10	-5519.67	0.00	971.60
545.20	-5270.62	0.00	1035.21
545.30	-5003.74	0.00	1093.79
545.40	-4720.11	0.00	1147.20
545.50	-4420.86	0.00	1195.35
545.60	-4107.15	0.00	1238.18
545.70	-3780.17	0.00	1275.65
545.80	-3441.14	0.00	1307.77
545.90	-3091.32	0.00	1334.56
546.00	-2731.95	0.00	1356.10
546.10	-2364.33	0.00	1372.45
546.20	-1989.73	0.00	1383.75
546.30	-1609.45	0.00	1390.11
546.40	-1224.76	0.00	1391.70
546.50	-836.96	0.00	1388.69
546.60	-447.31	0.00	1381.26
546.70	-57.07	0.00	1369.62
546.80	332.52	0.00	1353.97
546.90	720.24	0.00	1334.54
547.00	1104.90	0.00	1311.54
547.10	1485.33	0.00	1285.21
547.20	1860.40	0.00	1255.75
547.30	2228.99	0.00	1223.40
547.40	2590.03	0.00	1188.36
547.50	2942.49	0.00	1150.84
547.60	3285.36	0.00	1111.04
547.70	3617.67	0.00	1069.15
547.80	3938.51	0.00	1025.33
547.90	4246.98	0.00	979.76
548.00	4542.24	0.00	932.56
548.10	4823.48	0.00	883.88
548.20	5089.92	0.00	833.82
548.30	5340.83	0.00	782.49
548.40	5575.53	0.00	729.96
548.50	5793.36	0.00	676.31
548.60	5993.71	0.00	621.58
548.70	6175.99	0.00	565.82
548.80	6339.68	0.00	509.05
548.90	6484.28	0.00	451.30
549.00	6609.34	0.00	392.57
549.10	6714.42	0.00	332.86
549.20	6799.16	0.00	272.18
549.30	6863.22	0.00	210.52
549.40	6906.31	0.00	147.88
549.50	6928.48	0.00	84.25
549.60	6931.41	0.00	19.65
549.70	6915.27	0.00	-45.93
549.80	6879.90	0.00	-112.44
549.90	6825.20	0.00	-179.87
550.00	6751.04	0.00	-248.17
550.10	6657.37	0.00	-317.26
550.20	6544.14	0.00	-387.06
550.30	6411.34	0.00	-457.48
550.40	6259.00	0.00	-528.38
550.50	6087.19	0.00	-599.63
550.60	5896.03	0.00	-671.03
550.70	5685.69	0.00	-742.41
550.80	5456.39	0.00	-813.53
550.90	5208.43	0.00	-884.15
551.00	4942.15	0.00	-954.01
551.10	4657.99	0.00	-1022.79
551.20	4356.43	0.00	-1090.20
551.30	4038.08	0.00	-1155.88
551.40	3703.59	0.00	-1219.48
551.50	3353.71	0.00	-1280.62
551.60	2989.30	0.00	-1338.91
551.70	2611.28	0.00	-1393.95
551.80	2220.71	0.00	-1445.32
551.90	1818.70	0.00	-1492.60
552.00	1406.50	0.00	-1535.38
552.10	985.42	0.00	-1573.22
552.20	556.88	0.00	-1605.73
552.30	122.41	0.00	-1632.48
552.40	-316.40	0.00	-1653.10
552.50	-757.87	0.00	-1667.20
552.60	-1200.22	0.00	-1674.44
552.70	-1641.61	0.00	-1674.50
552.80	-2080.16	0.00	-1667.07
552.90	-2513.89	0.00	-1651.92
553.00	-2940.81	0.00	-1628.81
553.10	-3358.90	0.00	-1597.57
553.20	-3766.08	0.00	-1558.08
553.30	-4160.30	0.00	-1510.27
553.40	-4539.50	0.00	-1454.11
553.50	-4901.65	0.00	-1389.63
553.60	-5244.74	0.00	-1316.94
553.70	-5566.81	0.00	-1236.18
553.80	-5865.99	0.00	-1147.57
553.90	-6140.47	0.00	-1051.39
554.00	-6388.53	0.00	-947.98
554.10	-6608.60	0.00	-837.75
554.20	-6799.20	0.00	-721.16
554.30	-6959.02	0.00	-598.75
554.40	-7086.89	0.00	-471.10
554.50	-7181.83	0.00	-338.86
554.60	-7243.01	0.00	-202.73
554.70	-7269.84	0.00	-63.45
554.80	-7261.89	0.00	78.18
554.90	-7218.97	0.00	221.33
555.00	-7141.14	0.00	365.12
555.10	-7030.41	0.00	508.67
555.20	-6887.95	0.00	651.03
555.30	-6714.26	0.00	791.28
555.40	-6510.05	0.00	928.46
555.50	-6276.19	0.00	1061.63
555.60	-6013.74	0.00	1189.83
555.70	-5723.95	0.00	1312.12
555.80	-5408.23	0.00	1427.61
555.90	-5068.21	0.00	1535.39
556.00	-4705.65	0.00	1634.63
556.10	-4322.51	0.00	1724.51
556.20	-3920.88	0.00	1804.29
556.30	-3503.04	0.00	1873.27
556.40	-3071.37	0.00	1930.83
556.50	-2628.40	0.00	1976.41
556.60	-2176.75	0.00	2009.53
556.70	-1719.17	0.00	2029.80
556.80	-1258.47	0.00	2036.93
556.90	-797.52	0.00	2030.70
557.00	-339.23	0.00	2011.00
557.10	113.46	0.00	1977.82
557.20	557.62	0.00	1931.25
557.30	990.33	0.00	1871.48
557.40	1408.72	0.00	1798.82
557.50	1810.00	0.00	1713.65
557.60	2191.47	0.00	1616.48
557.70	2550.53	0.00	1507.90
557.80	2884.74	0.00	1388.61
557.90	3191.81	0.00	1259.38
558.00	3469.62	0.00	1121.10
558.10	3716.28	0.00	974.70
558.20	3930.10	0.00	821.20
558.30	4109.62	0.00	661.69
558.40	4253.66	0.00	497.31
558.50	4361.27	0.00	329.24
558.60	4431.80	0.00	158.72
558.70	4464.87	0.00	-13.00
558.80	4460.40	0.00	-184.64
558.90	4418.58	0.00	-354.92
559.00	4339.90	0.00	-522.56
559.10	4225.15	0.00	-686.29
559.20	4075.38	0.00	-844.85
559.30	3891.94	0.00	-997.04
559.40	3676.43	0.00	-1141.69
559.50	3430.69	0.00	-1277.67
559.60	3156.81	0.00	-1403.93
559.70	2857.11	0.00	-1519.49
559.80	2534.13	0.00	-1623.45
559.90	2190.79	0.00	-1714.98
560.00	1829.84	0.00	-1793.36
560.10	1454.15	0.00	-1857.97
560.20	1066.70	0.00	-1908.29
560.30	670.59	0.00	-1943.91
560.40	268.99	0.00	-1964.53
560.50	-134.84	0.00	-1969.98
560.60	-537.63	0.00	-1960.18
560.70	-936.10	0.00	-1935.19
560.80	-1326.94	0.00	-1895.17
560.90	-1706.92	0.00	-1840.41
561.00	-2072.86	0.00	-1771.31
561.10	-2421.65	0.00	-1688.36
561.20	-2750.31	0.00	-1592.17
561.30	-3056.27	0.00	-1483.45
561.40	-3337.10	0.00	-1363.00
561.50	-3590.42	0.00	-1231.70
561.60	-3814.05	0.00	-1090.51
561.70	-4006.01	0.00	-940.47
561.80	-4164.55	0.00	-782.67
561.90	-4288.13	0.00	-618.27
562.00	-4375.45	0.00	-448.45
562.10	-4425.47	0.00	-274.45
562.20	-4437.37	0.00	-97.50
562.30	-4410.62	0.00	81.11
562.40	-4344.92	0.00	260.11
562.50	-4240.24	0.00	438.26
562.60	-4096.80	0.00	614.28
562.70	-3915.07	0.00	786.96
562.80	-3695.79	0.00	955.10
562.90	-3439.94	0.00	1117.56
563.00	-3148.74	0.00	1273.22
563.10	-2823.65	0.00	1421.05
563.20	-2466.35	0.00	1560.07
563.30	-2078.76	0.00	1689.37
563.40	-1662.98	0.00	1808.13
563.50	-1221.32	0.00	1915.59
563.60	-756.26	0.00	2011.10
563.70	-270.45	0.00	2094.09
563.80	233.30	0.00	2164.08
563.90	752.05	0.00	2220.70
564.00	1282.77	0.00	2263.66
564.10	1822.29	0.00	2292.78
564.20	2367.39	0.00	2307.96
564.30	2914.80	0.00	2309.21
564.40	3461.19	0.00	2296.65
564.50	4003.25	0.00	2270.44
564.60	4537.64	0.00	2230.89
564.70	5061.06	0.00	2178.34
564.80	5570.29	0.00	2113.25
564.90	6062.15	0.00	2036.13
565.00	6533.55	0.00	1947.57
565.10	6981.54	0.00	1848.21
565.20	7403.29	0.00	1738.76
565.30	7796.10	0.00	1619.98
565.40	8157.47	0.00	1492.65
565.50	8485.07	0.00	1357.62
565.60	8777.64	0.00	1215.74
565.70	9036.28	0.00	1067.88
565.80	9259.85	0.00	914.94
565.90	9447.14	0.00	757.82
566.00	9597.12	0.00	597.41
566.10	9708.93	0.00	434.61
566.20	9781.87	0.00	270.27
566.30	9815.39	0.00	105.25
566.40	9809.11	0.00	-59.61
566.50	9762.79	0.00	-223.54
566.60	9676.36	0.00	-385.78
566.70	9549.88	0.00	-545.62
566.80	9383.55	0.00	-702.38
566.90	9177.71	0.00	-855.45
567.00	8932.83	0.00	-1004.26
567.10	8649.52	0.00	-1148.30
567.20	8328.49	0.00	-1287.09
567.30	7970.57	0.00	-1420.24
567.40	7576.72	0.00	-1547.39
567.50	7148.00	0.00	-1668.23
567.60	6685.56	0.00	-1782.51
567.70	6190.67	0.00	-1890.02
567.80	5664.70	0.00	-1990.62
567.90	5109.08	0.00	-2084.19
568.00	4525.38	0.00	-2170.65
568.10	3915.20	0.00	-2249.96
568.20	3280.28	0.00	-2322.11
568.30	2622.40	0.00	-2387.12
568.40	1943.45	0.00	-2445.02
568.50	1245.38	0.00	-2495.88
568.60	530.21	0.00	-2539.75
568.70	-199.94	0.00	-2576.71
568.80	-942.90	0.00	-2606.82
568.90	-1696.42	0.00	-2630.16
569.00	-2458.17	0.00	-2646.78
569.10	-3225.77	0.00	-2656.74
569.20	-3996.76	0.00	-2660.06
569.30	-4768.62	0.00	-2656.76
569.40	-5538.76	0.00	-2646.84
569.50	-6304.53	0.00	-2630.26
569.60	-7063.24	0.00	-2606.96
569.70	-7812.12	0.00	-2576.88
569.80	-8548.37	0.00	-2539.90
569.90	-9269.13	0.00	-2495.91
570.00	-9971.51	0.00	-2444.74
570.10	-10652.59	0.00	-2386.23
570.20	-11309.41	0.00	-2320.20
570.30	-11939.01	0.00	-2246.44
570.40	-12538.43	0.00	-2164.76
570.50	-13104.68	0.00	-2074.94
570.60	-13634.84	0.00	-1976.77
570.70	-14125.98	0.00	-1870.06
570.80	-14575.24	0.00	-1754.63
570.90	-14979.81	0.00	-1630.31
571.00	-15336.96	0.00	-1496.98
571.10	-15644.45	0.00	-1354.54
571.20	-15908.70	0.00	-1202.95
571.30	-16131.51	0.00	-1042.20
571.40	-16311.10	0.00	-872.35
571.50	-16445.73	0.00	-693.52
571.60	-16533.66	0.00	-505.92
571.70	-16573.19	0.00	-309.82
571.80	-16562.64	0.00	-105.56
571.90	-16500.41	0.00	106.42
572.00	-16384.94	0.00	325.59
572.10	-16214.78	0.00	551.32
572.20	-15988.56	0.00	782.91
572.30	-15705.05	0.00	1019.55
572.40	-15363.15	0.00	1260.34
572.50	-14961.93	0.00	1504.29
572.60	-14500.65	0.00	1750.33
572.70	-13978.78	0.00	1997.29
572.80	-13396.03	0.00	2243.93
572.90	-12752.36	0.00	2488.94
573.00	-12048.02	0.00	2730.95
573.10	-11283.56	0.00	2968.53
573.20	-10459.88	0.00	3200.21
573.30	-9578.21	0.00	3424.47
573.40	-8640.14	0.00	3639.78
573.50	-7647.68	0.00	3844.62
573.60	-6603.21	0.00	4037.43
573.70	-5509.53	0.00	4216.70
573.80	-4369.88	0.00	4380.94
573.90	-3187.88	0.00	4528.71
574.00	-1967.62	0.00	4658.62
574.10	-713.59	0.00	4769.35
574.20	569.32	0.00	4859.70
574.30	1875.82	0.00	4928.53
574.40	3200.23	0.00	4974.82
574.50	4536.54	0.00	4997.71
574.60	5878.41	0.00	4996.44
574.70	7219.22	0.00	4970.40
574.80	8552.10	0.00	4919.17
574.90	9870.00	0.00	4842.45
575.00	11165.69	0.00	4740.13
575.10	12431.88	0.00	4612.29
575.20	13661.22	0.00	4459.16
575.30	14846.39	0.00	4281.18
575.40	15980.15	0.00	4078.95
575.50	17055.42	0.00	3853.25
575.60	18065.33	0.00	3605.04
575.70	19003.28	0.00	3335.46
575.80	19863.02	0.00	3045.81
575.90	20638.70	0.00	2737.53
576.00	21324.93	0.00	2412.23
576.10	21916.84	0.00	2071.64
576.20	22410.13	0.00	1717.62
576.30	22801.10	0.00	1352.13
576.40	23086.74	0.00	977.24
576.50	23264.67	0.00	595.10
576.60	23343.55	0.00	207.90
576.70	23340.40	0.00	-182.12
576.80	23255.15	0.00	-572.66
576.90	23087.67	0.00	-961.45
577.00	22838.13	0.00	-1346.21
577.10	22506.97	0.00	-1724.68
577.20	22094.94	0.00	-2094.66
577.30	21603.08	0.00	-2453.99
577.40	21032.73	0.00	-2800.62
577.50	20385.56	0.00	-3132.55
577.60	19663.53	0.00	-3447.93
577.70	18868.92	0.00	-3745.00
577.80	18004.36	0.00	-4022.15
577.90	17072.78	0.00	-4277.90
578.00	16077.43	0.00	-4510.95
578.10	15021.90	0.00	-4720.15
578.20	13910.08	0.00	-4904.52
578.30	12746.17	0.00	-5063.26
578.40	11534.68	0.00	-5195.74
578.50	10280.39	0.00	-5301.52
578.60	8988.35	0.00	-5380.34
578.70	7663.87	0.00	-5432.13
578.80	6312.47	0.00	-5456.98
578.90	4939.88	0.00	-5455.17
579.00	3551.97	0.00	-5427.14
579.10	2154.80	0.00	-5373.48
579.20	754.47	0.00	-5294.95
579.30	-642.82	0.00	-5192.45
579.40	-2030.86	0.00	-5067.00
579.50	-3403.43	0.00	-4919.76
579.60	-4754.40	0.00	-4751.98
579.70	-6077.72	0.00	-4565.01
579.80	-7367.47	0.00	-4360.31
579.90	-8617.93	0.00	-4139.37
580.00	-9823.59	0.00	-3903.75
580.10	-10979.19	0.00	-3655.07
580.20	-12079.78	0.00	-3394.96
580.30	-13120.71	0.00	-3125.06
580.40	-14097.73	0.00	-2847.04
580.50	-15006.93	0.00	-2562.54
580.60	-15844.83	0.00	-2273.19
580.70	-16608.39	0.00	-1980.57
580.80	-17294.98	0.00	-1686.24
580.90	-17902.46	0.00	-1391.69
581.00	-18429.13	0.00	-1098.38
581.10	-18873.78	0.00	-807.65
581.20	-19235.65	0.00	-520.83
581.30	-19514.45	0.00	-239.12
581.40	-19710.33	0.00	36.34
581.50	-19823.89	0.00	304.49
581.60	-19856.18	0.00	564.38
581.70	-19808.61	0.00	815.14
581.80	-19683.02	0.00	1055.99
581.90	-19481.60	0.00	1286.24
582.00	-19211.90	0.00	1505.29
582.10	-18890.04	0.00	1712.62
582.20	-18518.83	0.00	1907.82
582.30	-18100.38	0.00	2090.53
582.40	-17636.82	0.00	2260.48
582.50	-17130.31	0.00	2417.49
582.60	-16583.05	0.00	2561.42
582.70	-15997.30	0.00	2692.21
582.80	-15375.30	0.00	2809.86
582.90	-14719.35	0.00	2914.43
583.00	-14031.79	0.00	3006.01
583.10	-13314.97	0.00	3084.74
583.20	-12571.26	0.00	3150.82
583.30	-11803.08	0.00	3204.46
583.40	-11012.88	0.00	3245.92
583.50	-10203.11	0.00	3275.45
583.60	-9376.28	0.00	3293.38
583.70	-8534.90	0.00	3300.01
583.80	-7681.52	0.00	3295.67
583.90	-6818.70	0.00	3280.72
584.00	-5949.02	0.00	3255.51
584.10	-5075.09	0.00	3220.41
584.20	-4199.51	0.00	3175.80
584.30	-3324.88	0.00	3122.05
584.40	-2453.82	0.00	3059.56
584.50	-1588.93	0.00	2988.73
584.60	-732.78	0.00	2909.94
584.70	112.07	0.00	2823.61
584.80	943.09	0.00	2730.15
584.90	1757.81	0.00	2629.97
585.00	2553.81	0.00	2523.50
585.10	3328.71	0.00	2411.17
585.20	4080.24	0.00	2293.43
585.30	4806.19	0.00	2170.71
585.40	5504.45	0.00	2043.48
585.50	6173.02	0.00	1912.21
585.60	6810.03	0.00	1777.37
585.70	7413.71	0.00	1639.45
585.80	7982.45	0.00	1498.94
585.90	8514.78	0.00	1356.35
586.00	9009.39	0.00	1212.19
586.10	9465.11	0.00	1066.98
586.20	9880.96	0.00	921.25
586.30	10256.15	0.00	775.52
586.40	10590.04	0.00	630.33
586.50	10882.19	0.00	486.22
586.60	11132.35	0.00	343.70
586.70	11340.46	0.00	203.31
586.80	11506.62	0.00	65.56
586.90	11631.16	0.00	-69.03
587.00	11714.56	0.00	-199.99
587.10	11757.49	0.00	-326.82
587.20	11760.79	0.00	-449.08
587.30	11725.48	0.00	-566.33
587.40	11652.72	0.00	-678.17
587.50	11543.82	0.00	-784.21
587.60	11400.25	0.00	-884.12
587.70	11223.59	0.00	-977.59
587.80	11015.53	0.00	-1064.33
587.90	10777.96	0.00	-1144.13
588.00	10516.57	0.00	-1216.79
588.10	10235.05	0.00	-1282.17
588.20	9934.93	0.00	-1340.16
588.30	9617.77	0.00	-1390.71
588.40	9285.13	0.00	-1433.81
588.50	8938.59	0.00	-1469.49
588.60	8579.70	0.00	-1497.83
588.70	8210.03	0.00	-1518.97
588.80	7831.12	0.00	-1533.06
588.90	7444.47	0.00	-1540.32
589.00	7051.59	0.00	-1541.00
589.10	6653.91	0.00	-1535.38
589.20	6252.86	0.00	-1523.79
589.30	5849.79	0.00	-1506.56
589.40	5446.01	0.00	-1484.08
589.50	5042.78	0.00	-1456.76
589.60	4641.28	0.00	-1424.99
589.70	4242.64	0.00	-1389.23
589.80	3847.91	0.00	-1349.92
589.90	3458.06	0.00	-1307.50
590.00	3074.00	0.00	-1262.44
590.10	2696.55	0.00	-1215.17
590.20	2326.46	0.00	-1166.16
590.30	1964.39	0.00	-1115.83
590.40	1610.93	0.00	-1064.60
590.50	1266.60	0.00	-1012.88
590.60	931.82	0.00	-961.05
590.70	606.95	0.00	-909.46
590.80	292.28	0.00	-858.46
590.90	-11.96	0.00	-808.34
591.00	-305.64	0.00	-759.37
591.10	-588.64	0.00	-711.79
591.20	-860.94	0.00	-665.82
591.30	-1122.53	0.00	-621.61
591.40	-1373.49	0.00	-579.31
591.50	-1613.91	0.00	-539.02
591.60	-1843.91	0.00	-500.80
591.70	-2063.66	0.00	-464.71
591.80	-2273.35	0.00	-430.74
591.90	-2473.18	0.00	-398.88
592.00	-2663.36	0.00	-369.07
592.10	-2844.13	0.00	-341.23
592.20	-3015.72	0.00	-315.28
592.30	-3178.35	0.00	-291.10
592.40	-3332.26	0.00	-268.55
592.50	-3477.67	0.00	-247.50
592.60	-3614.80	0.00	-227.78
592.70	-3743.85	0.00	-209.24
592.80	-3865.01	0.00	-191.72
592.90	-3978.45	0.00	-175.05
593.00	-4084.34	0.00	-159.07
593.10	-4182.83	0.00	-143.63
593.20	-4274.04	0.00	-128.58
593.30	-4358.10	0.00	-113.78
593.40	-4435.12	0.00	-99.12
593.50	-4505.18	0.00	-84.49
593.60	-4568.38	0.00	-69.81
593.70	-4624.79	0.00	-55.00
593.80	-4674.49	0.00	-40.01
593.90	-4717.55	0.00	-24.82
594.00	-4754.05	0.00	-9.41
594.10	-4784.05	0.00	6.20
594.20	-4807.65	0.00	21.99
594.30	-4824.93	0.00	37.89
594.40	-4835.99	0.00	53.84
594.50	-4840.95	0.00	69.76
594.60	-4839.93	0.00	85.53
594.70	-4833.08	0.00	101.06
594.80	-4820.56	0.00	116.21
594.90	-4802.55	0.00	130.84
595.00	-4779.25	0.00	144.82
595.10	-4750.88	0.00	158.01
595.20	-4717.68	0.00	170.25
595.30	-4680.41	0.00	181.40
595.40	-4639.97	0.00	191.34
595.50	-4596.62	0.00	199.92
595.60	-4550.62	0.00	207.04
595.70	-4502.25	0.00	212.58
595.80	-4451.76	0.00	216.45
595.90	-4399.46	0.00	218.60
596.00	-4345.60	0.00	218.96
596.10	-4290.47	0.00	217.51
596.20	-4234.31	0.00	214.25
596.30	-4177.39	0.00	209.20
596.40	-4119.92	0.00	202.41
596.50	-4062.13	0.00	193.95
596.60	-4004.19	0.00	183.93
596.70	-3946.24	0.00	172.49
596.80	-3888.42	0.00	159.78
596.90	-3830.80	0.00	145.99
597.00	-3773.40	0.00	131.33
597.10	-3716.23	0.00	116.04
597.20	-3659.22	0.00	100.38
597.30	-3602.25	0.00	84.64
597.40	-3545.16	0.00	69.11
597.50	-3487.71	0.00	54.10
597.60	-3429.63	0.00	39.96
597.70	-3370.56	0.00	27.01
597.80	-3310.10	0.00	15.60
597.90	-3247.78	0.00	6.08
598.00	-3183.08	0.00	-1.20
598.10	-3115.43	0.00	-5.90
598.20	-3044.17	0.00	-7.68
598.30	-2968.63	0.00	-6.23
598.40	-2888.07	0.00	-1.23
598.50	-2801.71	0.00	7.60
598.60	-2708.75	0.00	20.52
598.70	-2608.34	0.00	37.77
598.80	-2499.60	0.00	59.54
598.90	-2381.66	0.00	86.01
599.00	-2253.61	0.00	117.30
599.10	-2114.57	0.00	153.51
599.20	-1963.66	0.00	194.66
599.30	-1800.00	0.00	240.76
599.40	-1622.77	0.00	291.77
599.50	-1431.16	0.00	347.56
599.60	-1224.45	0.00	407.99
599.70	-1001.93	0.00	472.85
599.80	-763.02	0.00	541.88
599.90	-507.18	0.00	614.76
600.00	-233.98	0.00	691.12
