Time(s)	Fx(N)	Fy(N)	Fz(N)
0.00	400.37	0.00	-115.67
0.10	319.38	0.00	-113.90
0.20	238.50	0.00	-111.73
0.30	158.02	0.00	-109.17
0.40	78.28	0.00	-106.26
0.50	-0.41	0.00	-102.99
0.60	-77.74	0.00	-99.40
0.70	-153.40	0.00	-95.50
0.80	-227.06	0.00	-91.30
0.90	-298.43	0.00	-86.83
1.00	-367.21	0.00	-82.10
1.10	-433.11	0.00	-77.13
1.20	-495.84	0.00	-71.93
1.30	-555.14	0.00	-66.54
1.40	-610.76	0.00	-60.95
1.50	-662.46	0.00	-55.21
1.60	-710.02	0.00	-49.31
1.70	-753.23	0.00	-43.29
1.80	-791.93	0.00	-37.16
1.90	-825.96	0.00	-30.94
2.00	-855.18	0.00	-24.65
2.10	-879.49	0.00	-18.32
2.20	-898.79	0.00	-11.97
2.30	-913.05	0.00	-5.62
2.40	-922.23	0.00	0.71
2.50	-926.33	0.00	6.99
2.60	-925.39	0.00	13.21
2.70	-919.44	0.00	19.33
2.80	-908.58	0.00	25.33
2.90	-892.91	0.00	31.19
3.00	-872.63	0.00	36.89
3.10	-848.44	0.00	42.40
3.20	-820.63	0.00	47.70
3.30	-789.32	0.00	52.76
3.40	-754.64	0.00	57.57
3.50	-716.76	0.00	62.10
3.60	-675.82	0.00	66.33
3.70	-632.01	0.00	70.24
3.80	-585.50	0.00	73.82
3.90	-536.49	0.00	77.04
4.00	-485.20	0.00	79.90
4.10	-431.85	0.00	82.38
4.20	-376.66	0.00	84.46
4.30	-319.88	0.00	86.15
4.40	-261.78	0.00	87.42
4.50	-202.61	0.00	88.27
4.60	-142.65	0.00	88.71
4.70	-82.19	0.00	88.72
4.80	-21.51	0.00	88.32
4.90	39.08	0.00	87.49
5.00	99.29	0.00	86.25
5.10	158.80	0.00	84.61
5.20	217.32	0.00	82.56
5.30	274.54	0.00	80.13
5.40	330.15	0.00	77.32
5.50	383.86	0.00	74.15
5.60	435.37	0.00	70.63
5.70	484.40	0.00	66.79
5.80	530.67	0.00	62.64
5.90	573.92	0.00	58.19
6.00	613.91	0.00	53.48
6.10	650.39	0.00	48.53
6.20	683.17	0.00	43.35
6.30	712.03	0.00	37.98
6.40	736.81	0.00	32.43
6.50	757.36	0.00	26.74
6.60	773.54	0.00	20.92
6.70	785.25	0.00	15.00
6.80	792.61	0.00	9.01
6.90	796.00	0.00	2.98
7.00	795.40	0.00	-3.08
7.10	790.80	0.00	-9.13
7.20	782.21	0.00	-15.15
7.30	769.62	0.00	-21.11
7.40	753.08	0.00	-27.00
7.50	732.60	0.00	-32.79
7.60	708.25	0.00	-38.45
7.70	680.08	0.00	-43.96
7.80	648.16	0.00	-49.31
7.90	612.59	0.00	-54.46
8.00	573.47	0.00	-59.40
8.10	530.92	0.00	-64.12
8.20	485.07	0.00	-68.58
8.30	436.07	0.00	-72.77
8.40	384.09	0.00	-76.68
8.50	329.30	0.00	-80.29
8.60	271.92	0.00	-83.58
8.70	212.14	0.00	-86.54
8.80	150.21	0.00	-89.15
8.90	86.38	0.00	-91.40
9.00	20.90	0.00	-93.28
9.10	-45.93	0.00	-94.77
9.20	-113.83	0.00	-95.87
9.30	-182.47	0.00	-96.57
9.40	-251.53	0.00	-96.86
9.50	-320.68	0.00	-96.73
9.60	-389.56	0.00	-96.18
9.70	-457.81	0.00	-95.20
9.80	-525.07	0.00	-93.80
9.90	-590.95	0.00	-91.96
10.00	-655.09	0.00	-89.69
10.10	-717.11	0.00	-86.99
10.20	-776.62	0.00	-83.87
10.30	-833.24	0.00	-80.33
10.40	-886.62	0.00	-76.38
10.50	-936.39	0.00	-72.02
10.60	-982.20	0.00	-67.27
10.70	-1023.72	0.00	-62.14
10.80	-1060.63	0.00	-56.64
10.90	-1092.63	0.00	-50.80
11.00	-1119.67	0.00	-44.62
11.10	-1142.46	0.00	-38.14
11.20	-1160.98	0.00	-31.36
11.30	-1175.07	0.00	-24.32
11.40	-1184.61	0.00	-17.04
11.50	-1189.47	0.00	-9.55
11.60	-1189.53	0.00	-1.88
11.70	-1184.69	0.00	5.94
11.80	-1174.84	0.00	13.89
11.90	-1159.91	0.00	21.92
12.00	-1139.82	0.00	30.00
12.10	-1114.51	0.00	38.10
12.20	-1083.93	0.00	46.18
12.30	-1048.06	0.00	54.20
12.40	-1006.88	0.00	62.13
12.50	-960.41	0.00	69.92
12.60	-908.67	0.00	77.54
12.70	-851.72	0.00	84.96
12.80	-789.64	0.00	92.12
12.90	-722.54	0.00	99.00
13.00	-650.55	0.00	105.56
13.10	-573.84	0.00	111.76
13.20	-492.62	0.00	117.56
13.30	-407.10	0.00	122.93
13.40	-317.57	0.00	127.84
13.50	-224.32	0.00	132.26
13.60	-127.69	0.00	136.14
13.70	-28.06	0.00	139.48
13.80	74.17	0.00	142.23
13.90	178.54	0.00	144.38
14.00	284.58	0.00	145.91
14.10	391.78	0.00	146.78
14.20	499.59	0.00	147.00
14.30	607.44	0.00	146.53
14.40	714.74	0.00	145.37
14.50	820.86	0.00	143.52
14.60	925.19	0.00	140.96
14.70	1027.06	0.00	137.69
14.80	1125.83	0.00	133.71
14.90	1220.83	0.00	129.03
15.00	1311.41	0.00	123.65
15.10	1396.91	0.00	117.59
15.20	1476.71	0.00	110.86
15.30	1550.19	0.00	103.47
15.40	1616.75	0.00	95.44
15.50	1675.84	0.00	86.81
15.60	1726.94	0.00	77.60
15.70	1769.57	0.00	67.84
15.80	1803.31	0.00	57.57
15.90	1829.77	0.00	46.82
16.00	1850.10	0.00	35.64
16.10	1864.11	0.00	24.07
16.20	1871.62	0.00	12.17
16.30	1872.46	0.00	-0.02
16.40	1866.47	0.00	-12.45
16.50	1853.48	0.00	-25.04
16.60	1833.35	0.00	-37.76
16.70	1805.94	0.00	-50.52
16.80	1771.12	0.00	-63.28
16.90	1728.78	0.00	-75.96
17.00	1678.84	0.00	-88.49
17.10	1621.24	0.00	-100.81
17.20	1555.94	0.00	-112.86
17.30	1482.94	0.00	-124.55
17.40	1402.28	0.00	-135.82
17.50	1314.02	0.00	-146.61
17.60	1218.30	0.00	-156.84
17.70	1115.27	0.00	-166.44
17.80	1005.18	0.00	-175.37
17.90	888.29	0.00	-183.54
18.00	764.94	0.00	-190.91
18.10	635.55	0.00	-197.42
18.20	500.56	0.00	-203.01
18.30	360.52	0.00	-207.64
18.40	216.01	0.00	-211.27
18.50	67.70	0.00	-213.85
18.60	-83.70	0.00	-215.35
18.70	-237.42	0.00	-215.76
18.80	-392.62	0.00	-215.03
18.90	-548.42	0.00	-213.17
19.00	-703.90	0.00	-210.17
19.10	-858.10	0.00	-206.02
19.20	-1010.03	0.00	-200.73
19.30	-1158.67	0.00	-194.31
19.40	-1303.02	0.00	-186.80
19.50	-1442.05	0.00	-178.20
19.60	-1574.75	0.00	-168.57
19.70	-1700.13	0.00	-157.94
19.80	-1817.23	0.00	-146.37
19.90	-1925.14	0.00	-133.90
20.00	-2023.00	0.00	-120.62
20.10	-2109.99	0.00	-106.57
20.20	-2185.41	0.00	-91.84
20.30	-2248.60	0.00	-76.52
20.40	-2299.01	0.00	-60.68
20.50	-2336.18	0.00	-44.41
20.60	-2359.77	0.00	-27.81
20.70	-2370.30	0.00	-10.97
20.80	-2371.96	0.00	6.00
20.90	-2365.35	0.00	23.02
21.00	-2350.41	0.00	39.97
21.10	-2327.11	0.00	56.75
21.20	-2295.43	0.00	73.28
21.30	-2255.34	0.00	89.43
21.40	-2206.85	0.00	105.13
21.50	-2149.97	0.00	120.28
21.60	-2084.76	0.00	134.78
21.70	-2011.27	0.00	148.54
21.80	-1929.62	0.00	161.49
21.90	-1839.93	0.00	173.55
22.00	-1742.39	0.00	184.65
22.10	-1637.21	0.00	194.72
22.20	-1524.67	0.00	203.71
22.30	-1405.09	0.00	211.57
22.40	-1278.84	0.00	218.25
22.50	-1146.35	0.00	223.72
22.60	-1008.10	0.00	227.95
22.70	-864.65	0.00	230.94
22.80	-716.59	0.00	232.65
22.90	-564.58	0.00	233.11
23.00	-409.33	0.00	232.31
23.10	-251.59	0.00	230.26
23.20	-92.17	0.00	227.00
23.30	68.10	0.00	222.55
23.40	228.34	0.00	216.96
23.50	387.66	0.00	210.26
23.60	545.14	0.00	202.51
23.70	699.87	0.00	193.77
23.80	850.91	0.00	184.10
23.90	997.37	0.00	173.58
24.00	1138.33	0.00	162.27
24.10	1272.94	0.00	150.25
24.20	1400.37	0.00	137.61
24.30	1519.83	0.00	124.42
24.40	1630.60	0.00	110.78
24.50	1732.00	0.00	96.76
24.60	1823.44	0.00	82.46
24.70	1904.39	0.00	67.97
24.80	1974.41	0.00	53.36
24.90	2033.15	0.00	38.73
25.00	2080.31	0.00	24.16
25.10	2115.74	0.00	9.74
25.20	2139.33	0.00	-4.47
25.30	2151.08	0.00	-18.38
25.40	2151.09	0.00	-31.93
25.50	2139.53	0.00	-45.04
25.60	2117.32	0.00	-57.65
25.70	2088.18	0.00	-69.71
25.80	2052.82	0.00	-81.16
25.90	2011.43	0.00	-91.95
26.00	1964.21	0.00	-102.04
26.10	1911.36	0.00	-111.40
26.20	1853.09	0.00	-119.98
26.30	1789.63	0.00	-127.77
26.40	1721.20	0.00	-134.75
26.50	1648.04	0.00	-140.90
26.60	1570.39	0.00	-146.21
26.70	1488.52	0.00	-150.67
26.80	1402.69	0.00	-154.30
26.90	1313.21	0.00	-157.08
27.00	1220.36	0.00	-159.04
27.10	1124.48	0.00	-160.19
27.20	1025.90	0.00	-160.55
27.30	924.97	0.00	-160.14
27.40	822.05	0.00	-158.99
27.50	717.53	0.00	-157.12
27.60	611.78	0.00	-154.58
27.70	505.23	0.00	-151.40
27.80	398.27	0.00	-147.61
27.90	291.32	0.00	-143.26
28.00	184.80	0.00	-138.38
28.10	79.13	0.00	-133.03
28.20	-25.26	0.00	-127.25
28.30	-127.97	0.00	-121.07
28.40	-228.59	0.00	-114.56
28.50	-326.73	0.00	-107.74
28.60	-421.99	0.00	-100.68
28.70	-514.02	0.00	-93.41
28.80	-602.47	0.00	-85.98
28.90	-687.02	0.00	-78.44
29.00	-767.36	0.00	-70.83
29.10	-843.23	0.00	-63.19
29.20	-914.38	0.00	-55.56
29.30	-980.59	0.00	-47.99
29.40	-1041.68	0.00	-40.50
29.50	-1097.50	0.00	-33.14
29.60	-1147.93	0.00	-25.95
29.70	-1192.89	0.00	-18.94
29.80	-1232.32	0.00	-12.16
29.90	-1266.21	0.00	-5.62
30.00	-1294.56	0.00	0.64
30.10	-1317.42	0.00	6.61
30.20	-1334.86	0.00	12.25
30.30	-1346.99	0.00	17.57
30.40	-1353.93	0.00	22.54
30.50	-1355.83	0.00	27.14
30.60	-1352.87	0.00	31.38
30.70	-1345.24	0.00	35.24
30.80	-1333.15	0.00	38.72
30.90	-1316.83	0.00	41.82
31.00	-1296.68	0.00	44.54
31.10	-1274.20	0.00	46.89
31.20	-1249.85	0.00	48.87
31.30	-1223.77	0.00	50.49
31.40	-1196.13	0.00	51.76
31.50	-1167.06	0.00	52.69
31.60	-1136.69	0.00	53.32
31.70	-1105.14	0.00	53.64
31.80	-1072.53	0.00	53.68
31.90	-1038.97	0.00	53.47
32.00	-1004.54	0.00	53.02
32.10	-969.34	0.00	52.36
32.20	-933.44	0.00	51.53
32.30	-896.90	0.00	50.53
32.40	-859.78	0.00	49.42
32.50	-822.13	0.00	48.20
32.60	-783.97	0.00	46.92
32.70	-745.34	0.00	45.59
32.80	-706.24	0.00	44.26
32.90	-666.69	0.00	42.95
33.00	-626.66	0.00	41.68
33.10	-586.16	0.00	40.49
33.20	-545.15	0.00	39.40
33.30	-503.60	0.00	38.43
33.40	-461.48	0.00	37.60
33.50	-418.74	0.00	36.95
33.60	-375.34	0.00	36.48
33.70	-331.21	0.00	36.22
33.80	-286.30	0.00	36.16
33.90	-240.56	0.00	36.34
34.00	-193.93	0.00	36.75
34.10	-146.35	0.00	37.39
34.20	-97.77	0.00	38.27
34.30	-48.16	0.00	39.39
34.40	2.54	0.00	40.74
34.50	54.35	0.00	42.31
34.60	107.29	0.00	44.08
34.70	161.37	0.00	46.05
34.80	216.57	0.00	48.18
34.90	272.87	0.00	50.46
35.00	330.22	0.00	52.86
35.10	388.57	0.00	55.35
35.20	447.82	0.00	57.89
35.30	507.87	0.00	60.45
35.40	568.59	0.00	62.99
35.50	629.81	0.00	65.48
35.60	691.37	0.00	67.87
35.70	753.05	0.00	70.11
35.80	814.62	0.00	72.17
35.90	875.82	0.00	73.99
36.00	936.37	0.00	75.54
36.10	995.95	0.00	76.78
36.20	1054.26	0.00	77.64
36.30	1110.92	0.00	78.10
36.40	1165.58	0.00	78.12
36.50	1217.84	0.00	77.65
36.60	1267.32	0.00	76.67
36.70	1313.61	0.00	75.13
36.80	1356.28	0.00	73.01
36.90	1394.93	0.00	70.30
37.00	1429.15	0.00	66.96
37.10	1458.53	0.00	62.98
37.20	1483.93	0.00	58.36
37.30	1506.01	0.00	53.09
37.40	1524.46	0.00	47.17
37.50	1539.03	0.00	40.61
37.60	1549.42	0.00	33.43
37.70	1555.34	0.00	25.64
37.80	1556.52	0.00	17.27
37.90	1552.67	0.00	8.36
38.00	1543.52	0.00	-1.06
38.10	1528.80	0.00	-10.93
38.20	1508.27	0.00	-21.22
38.30	1481.68	0.00	-31.86
38.40	1448.82	0.00	-42.79
38.50	1409.49	0.00	-53.94
38.60	1363.51	0.00	-65.25
38.70	1310.75	0.00	-76.63
38.80	1251.09	0.00	-88.01
38.90	1184.48	0.00	-99.31
39.00	1110.88	0.00	-110.44
39.10	1030.32	0.00	-121.32
39.20	942.87	0.00	-131.86
39.30	848.66	0.00	-141.98
39.40	747.87	0.00	-151.59
39.50	640.75	0.00	-160.60
39.60	527.62	0.00	-168.93
39.70	408.85	0.00	-176.52
39.80	284.88	0.00	-183.27
39.90	156.23	0.00	-189.11
40.00	23.48	0.00	-193.99
40.10	-112.72	0.00	-197.84
40.20	-251.68	0.00	-200.60
40.30	-392.60	0.00	-202.24
40.40	-534.68	0.00	-202.70
40.50	-677.02	0.00	-201.96
40.60	-818.71	0.00	-199.99
40.70	-958.80	0.00	-196.77
40.80	-1096.28	0.00	-192.31
40.90	-1230.16	0.00	-186.60
41.00	-1359.42	0.00	-179.66
41.10	-1483.04	0.00	-171.51
41.20	-1600.01	0.00	-162.17
41.30	-1709.37	0.00	-151.69
41.40	-1810.15	0.00	-140.12
41.50	-1901.47	0.00	-127.51
41.60	-1982.48	0.00	-113.93
41.70	-2052.41	0.00	-99.46
41.80	-2110.55	0.00	-84.17
41.90	-2156.31	0.00	-68.16
42.00	-2189.16	0.00	-51.52
42.10	-2208.71	0.00	-34.35
42.20	-2216.22	0.00	-16.75
42.30	-2214.84	0.00	1.16
42.40	-2204.55	0.00	19.27
42.50	-2185.24	0.00	37.46
42.60	-2156.80	0.00	55.62
42.70	-2119.17	0.00	73.64
42.80	-2072.29	0.00	91.38
42.90	-2016.13	0.00	108.74
43.00	-1950.71	0.00	125.59
43.10	-1876.08	0.00	141.83
43.20	-1792.31	0.00	157.35
43.30	-1699.54	0.00	172.04
43.40	-1597.96	0.00	185.80
43.50	-1487.81	0.00	198.53
43.60	-1369.39	0.00	210.16
43.70	-1243.06	0.00	220.60
43.80	-1109.26	0.00	229.78
43.90	-968.49	0.00	237.64
44.00	-821.34	0.00	244.11
44.10	-668.45	0.00	249.17
44.20	-510.55	0.00	252.76
44.30	-348.42	0.00	254.87
44.40	-182.93	0.00	255.47
44.50	-15.01	0.00	254.57
44.60	154.37	0.00	252.17
44.70	324.18	0.00	248.27
44.80	493.33	0.00	242.92
44.90	660.73	0.00	236.13
45.00	825.24	0.00	227.96
45.10	985.73	0.00	218.45
45.20	1141.04	0.00	207.67
45.30	1290.05	0.00	195.69
45.40	1431.65	0.00	182.58
45.50	1564.78	0.00	168.43
45.60	1688.42	0.00	153.32
45.70	1801.61	0.00	137.36
45.80	1903.47	0.00	120.65
45.90	1993.20	0.00	103.28
46.00	2070.11	0.00	85.38
46.10	2133.58	0.00	67.05
46.20	2183.12	0.00	48.40
46.30	2218.38	0.00	29.55
46.40	2239.08	0.00	10.62
46.50	2245.12	0.00	-8.29
46.60	2236.86	0.00	-27.05
46.70	2218.20	0.00	-45.56
46.80	2190.15	0.00	-63.71
46.90	2152.80	0.00	-81.39
47.00	2106.26	0.00	-98.51
47.10	2050.65	0.00	-114.96
47.20	1986.12	0.00	-130.66
47.30	1912.85	0.00	-145.52
47.40	1831.01	0.00	-159.46
47.50	1740.86	0.00	-172.41
47.60	1642.64	0.00	-184.30
47.70	1536.65	0.00	-195.08
47.80	1423.25	0.00	-204.70
47.90	1302.82	0.00	-213.11
48.00	1175.79	0.00	-220.29
48.10	1042.66	0.00	-226.20
48.20	903.95	0.00	-230.82
48.30	760.27	0.00	-234.16
48.40	612.25	0.00	-236.19
48.50	460.57	0.00	-236.94
48.60	305.99	0.00	-236.41
48.70	149.29	0.00	-234.62
48.80	-8.72	0.00	-231.60
48.90	-167.17	0.00	-227.39
49.00	-325.17	0.00	-222.02
49.10	-481.80	0.00	-215.55
49.20	-636.13	0.00	-208.01
49.30	-787.24	0.00	-199.47
49.40	-934.17	0.00	-189.99
49.50	-1076.01	0.00	-179.64
49.60	-1211.84	0.00	-168.48
49.70	-1340.78	0.00	-156.58
49.80	-1461.98	0.00	-144.01
49.90	-1574.64	0.00	-130.86
50.00	-1678.01	0.00	-117.20
50.10	-1771.40	0.00	-103.11
50.20	-1854.20	0.00	-88.66
50.30	-1925.86	0.00	-73.93
50.40	-1985.91	0.00	-59.01
50.50	-2033.98	0.00	-43.96
50.60	-2069.76	0.00	-28.86
50.70	-2093.06	0.00	-13.79
50.80	-2103.78	0.00	1.19
50.90	-2103.34	0.00	16.00
51.00	-2094.79	0.00	30.58
51.10	-2078.29	0.00	44.87
51.20	-2053.90	0.00	58.80
51.30	-2021.69	0.00	72.32
51.40	-1981.74	0.00	85.37
51.50	-1934.14	0.00	97.91
51.60	-1878.97	0.00	109.89
51.70	-1816.34	0.00	121.27
51.80	-1746.36	0.00	132.01
51.90	-1669.17	0.00	142.07
52.00	-1584.92	0.00	151.43
52.10	-1493.78	0.00	160.05
52.20	-1395.96	0.00	167.92
52.30	-1291.69	0.00	175.01
52.40	-1181.24	0.00	181.30
52.50	-1064.90	0.00	186.79
52.60	-943.01	0.00	191.47
52.70	-815.96	0.00	195.32
52.80	-684.17	0.00	198.34
52.90	-548.09	0.00	200.53
53.00	-408.23	0.00	201.90
53.10	-265.15	0.00	202.45
53.20	-119.43	0.00	202.17
53.30	28.30	0.00	201.09
53.40	177.36	0.00	199.22
53.50	327.06	0.00	196.56
53.60	476.66	0.00	193.13
53.70	625.39	0.00	188.94
53.80	772.49	0.00	184.03
53.90	917.13	0.00	178.40
54.00	1058.51	0.00	172.07
54.10	1195.81	0.00	165.08
54.20	1328.22	0.00	157.44
54.30	1454.92	0.00	149.19
54.40	1575.11	0.00	140.34
54.50	1688.04	0.00	130.93
54.60	1792.95	0.00	120.99
54.70	1889.14	0.00	110.55
54.80	1975.94	0.00	99.65
54.90	2052.74	0.00	88.31
55.00	2118.99	0.00	76.58
55.10	2174.17	0.00	64.50
55.20	2217.88	0.00	52.09
55.30	2249.74	0.00	39.41
55.40	2269.95	0.00	26.49
55.50	2282.24	0.00	13.38
55.60	2287.41	0.00	0.13
55.70	2285.37	0.00	-13.23
55.80	2276.03	0.00	-26.64
55.90	2259.29	0.00	-40.05
56.00	2235.05	0.00	-53.41
56.10	2203.22	0.00	-66.69
56.20	2163.67	0.00	-79.81
56.30	2116.33	0.00	-92.73
56.40	2061.09	0.00	-105.40
56.50	1997.87	0.00	-117.77
56.60	1926.62	0.00	-129.78
56.70	1847.30	0.00	-141.37
56.80	1759.89	0.00	-152.50
56.90	1664.41	0.00	-163.11
57.00	1560.94	0.00	-173.15
57.10	1449.56	0.00	-182.57
57.20	1330.45	0.00	-191.33
57.30	1203.80	0.00	-199.37
57.40	1069.88	0.00	-206.64
57.50	929.03	0.00	-213.11
57.60	781.64	0.00	-218.73
57.70	628.17	0.00	-223.47
57.80	469.16	0.00	-227.29
57.90	305.21	0.00	-230.16
58.00	136.99	0.00	-232.05
58.10	-34.75	0.00	-232.94
58.20	-209.21	0.00	-232.81
58.30	-385.51	0.00	-231.64
58.40	-562.74	0.00	-229.43
58.50	-739.91	0.00	-226.16
58.60	-915.99	0.00	-221.83
58.70	-1089.93	0.00	-216.46
58.80	-1260.64	0.00	-210.05
58.90	-1427.00	0.00	-202.61
59.00	-1587.90	0.00	-194.17
59.10	-1742.23	0.00	-184.76
59.20	-1888.87	0.00	-174.39
59.30	-2026.75	0.00	-163.12
59.40	-2154.84	0.00	-150.97
59.50	-2272.12	0.00	-138.01
59.60	-2377.67	0.00	-124.28
59.70	-2470.62	0.00	-109.83
59.80	-2550.18	0.00	-94.73
59.90	-2615.66	0.00	-79.04
60.00	-2666.46	0.00	-62.84
60.10	-2702.09	0.00	-46.20
60.20	-2722.43	0.00	-29.18
60.30	-2732.51	0.00	-11.88
60.40	-2734.24	0.00	5.63
60.50	-2727.52	0.00	23.26
60.60	-2712.21	0.00	40.93
60.70	-2688.19	0.00	58.55
60.80	-2655.30	0.00	76.03
60.90	-2613.40	0.00	93.29
61.00	-2562.36	0.00	110.24
61.10	-2502.04	0.00	126.78
61.20	-2432.33	0.00	142.85
61.30	-2353.11	0.00	158.34
61.40	-2264.34	0.00	173.18
61.50	-2165.96	0.00	187.30
61.60	-2057.98	0.00	200.61
61.70	-1940.47	0.00	213.04
61.80	-1813.53	0.00	224.53
61.90	-1677.34	0.00	235.01
62.00	-1532.15	0.00	244.42
62.10	-1378.28	0.00	252.71
62.20	-1216.14	0.00	259.83
62.30	-1046.21	0.00	265.74
62.40	-869.07	0.00	270.40
62.50	-685.39	0.00	273.78
62.60	-495.90	0.00	275.86
62.70	-301.45	0.00	276.63
62.80	-102.96	0.00	276.06
62.90	98.57	0.00	274.17
63.00	302.08	0.00	270.95
63.10	506.41	0.00	266.42
63.20	710.37	0.00	260.59
63.30	912.72	0.00	253.48
63.40	1112.18	0.00	245.14
63.50	1307.44	0.00	235.60
63.60	1497.19	0.00	224.90
63.70	1680.10	0.00	213.09
63.80	1854.88	0.00	200.23
63.90	2020.26	0.00	186.38
64.00	2175.02	0.00	171.62
64.10	2317.98	0.00	156.01
64.20	2448.04	0.00	139.62
64.30	2564.20	0.00	122.55
64.40	2665.55	0.00	104.86
64.50	2751.27	0.00	86.67
64.60	2820.67	0.00	68.04
64.70	2873.19	0.00	49.07
64.80	2908.41	0.00	29.87
64.90	2926.02	0.00	10.51
65.00	2926.70	0.00	-8.90
65.10	2916.91	0.00	-28.26
65.20	2898.09	0.00	-47.48
65.30	2870.18	0.00	-66.47
65.40	2833.15	0.00	-85.14
65.50	2786.92	0.00	-103.38
65.60	2731.44	0.00	-121.13
65.70	2666.64	0.00	-138.28
65.80	2592.46	0.00	-154.76
65.90	2508.86	0.00	-170.49
66.00	2415.83	0.00	-185.40
66.10	2313.35	0.00	-199.41
66.20	2201.47	0.00	-212.46
66.30	2080.27	0.00	-224.49
66.40	1949.89	0.00	-235.46
66.50	1810.51	0.00	-245.30
66.60	1662.39	0.00	-253.98
66.70	1505.85	0.00	-261.46
66.80	1341.29	0.00	-267.71
66.90	1169.18	0.00	-272.71
67.00	990.09	0.00	-276.44
67.10	804.64	0.00	-278.89
67.20	613.57	0.00	-280.05
67.30	417.67	0.00	-279.92
67.40	217.84	0.00	-278.52
67.50	15.01	0.00	-275.85
67.60	-189.77	0.00	-271.94
67.70	-395.42	0.00	-266.81
67.80	-600.81	0.00	-260.49
67.90	-804.73	0.00	-253.02
68.00	-1005.97	0.00	-244.43
68.10	-1203.28	0.00	-234.77
68.20	-1395.40	0.00	-224.10
68.30	-1581.07	0.00	-212.46
68.40	-1759.04	0.00	-199.92
68.50	-1928.09	0.00	-186.53
68.60	-2087.03	0.00	-172.35
68.70	-2234.75	0.00	-157.46
68.80	-2370.15	0.00	-141.92
68.90	-2492.27	0.00	-125.81
69.00	-2600.18	0.00	-109.18
69.10	-2693.08	0.00	-92.12
69.20	-2770.27	0.00	-74.71
69.30	-2831.16	0.00	-57.00
69.40	-2875.28	0.00	-39.09
69.50	-2902.29	0.00	-21.04
69.60	-2911.98	0.00	-2.93
69.70	-2908.94	0.00	15.16
69.80	-2897.14	0.00	33.18
69.90	-2876.55	0.00	51.03
70.00	-2847.09	0.00	68.66
70.10	-2808.70	0.00	85.99
70.20	-2761.28	0.00	102.96
70.30	-2704.72	0.00	119.51
70.40	-2638.92	0.00	135.56
70.50	-2563.77	0.00	151.06
70.60	-2479.16	0.00	165.95
70.70	-2385.02	0.00	180.18
70.80	-2281.29	0.00	193.68
70.90	-2167.93	0.00	206.42
71.00	-2044.96	0.00	218.33
71.10	-1912.44	0.00	229.38
71.20	-1770.48	0.00	239.52
71.30	-1619.27	0.00	248.71
71.40	-1459.06	0.00	256.92
71.50	-1290.17	0.00	264.11
71.60	-1113.03	0.00	270.25
71.70	-928.11	0.00	275.31
71.80	-736.03	0.00	279.26
71.90	-537.45	0.00	282.09
72.00	-333.14	0.00	283.78
72.10	-123.98	0.00	284.31
72.20	89.08	0.00	283.68
72.30	305.01	0.00	281.86
72.40	522.69	0.00	278.87
72.50	740.91	0.00	274.70
72.60	958.43	0.00	269.36
72.70	1173.91	0.00	262.85
72.80	1386.02	0.00	255.19
72.90	1593.34	0.00	246.39
73.00	1794.46	0.00	236.47
73.10	1987.97	0.00	225.46
73.20	2172.44	0.00	213.40
73.30	2346.48	0.00	200.31
73.40	2508.74	0.00	186.24
73.50	2657.92	0.00	171.22
73.60	2792.78	0.00	155.31
73.70	2912.17	0.00	138.57
73.80	3015.04	0.00	121.04
73.90	3100.44	0.00	102.80
74.00	3167.54	0.00	83.91
74.10	3215.67	0.00	64.44
74.20	3245.30	0.00	44.47
74.30	3264.12	0.00	24.08
74.40	3273.66	0.00	3.35
74.50	3273.72	0.00	-17.63
74.60	3264.10	0.00	-38.77
74.70	3244.54	0.00	-59.98
74.80	3214.78	0.00	-81.16
74.90	3174.51	0.00	-102.21
75.00	3123.41	0.00	-123.04
75.10	3061.17	0.00	-143.54
75.20	2987.47	0.00	-163.61
75.30	2901.99	0.00	-183.16
75.40	2804.45	0.00	-202.07
75.50	2694.61	0.00	-220.26
75.60	2572.26	0.00	-237.62
75.70	2437.26	0.00	-254.07
75.80	2289.53	0.00	-269.49
75.90	2129.11	0.00	-283.82
76.00	1956.10	0.00	-296.96
76.10	1770.73	0.00	-308.82
76.20	1573.33	0.00	-319.35
76.30	1364.37	0.00	-328.46
76.40	1144.45	0.00	-336.10
76.50	914.31	0.00	-342.20
76.60	674.81	0.00	-346.72
76.70	426.99	0.00	-349.62
76.80	171.99	0.00	-350.87
76.90	-88.89	0.00	-350.43
77.00	-354.23	0.00	-348.30
77.10	-622.50	0.00	-344.47
77.20	-892.04	0.00	-338.93
77.30	-1161.10	0.00	-331.71
77.40	-1427.87	0.00	-322.81
77.50	-1690.46	0.00	-312.28
77.60	-1946.94	0.00	-300.15
77.70	-2195.36	0.00	-286.47
77.80	-2433.76	0.00	-271.29
77.90	-2660.23	0.00	-254.68
78.00	-2872.86	0.00	-236.72
78.10	-3069.86	0.00	-217.49
78.20	-3249.50	0.00	-197.08
78.30	-3410.16	0.00	-175.58
78.40	-3550.37	0.00	-153.10
78.50	-3668.82	0.00	-129.75
78.60	-3764.35	0.00	-105.64
78.70	-3836.00	0.00	-80.89
78.80	-3883.02	0.00	-55.63
78.90	-3908.85	0.00	-29.97
79.00	-3924.17	0.00	-4.06
79.10	-3929.51	0.00	21.97
79.20	-3924.71	0.00	48.01
79.30	-3909.54	0.00	73.90
79.40	-3883.73	0.00	99.52
79.50	-3846.96	0.00	124.75
79.60	-3798.90	0.00	149.44
79.70	-3739.15	0.00	173.47
79.80	-3667.34	0.00	196.73
79.90	-3583.07	0.00	219.08
80.00	-3485.96	0.00	240.43
80.10	-3375.66	0.00	260.64
80.20	-3251.86	0.00	279.64
80.30	-3114.32	0.00	297.31
80.40	-2962.86	0.00	313.57
80.50	-2797.39	0.00	328.33
80.60	-2617.95	0.00	341.53
80.70	-2424.67	0.00	353.09
80.80	-2217.82	0.00	362.97
80.90	-1997.81	0.00	371.11
81.00	-1765.20	0.00	377.46
81.10	-1520.69	0.00	382.02
81.20	-1265.15	0.00	384.74
81.30	-999.61	0.00	385.63
81.40	-725.24	0.00	384.68
81.50	-443.37	0.00	381.90
81.60	-155.48	0.00	377.31
81.70	136.85	0.00	370.93
81.80	431.87	0.00	362.80
81.90	727.78	0.00	352.96
82.00	1022.65	0.00	341.48
82.10	1314.51	0.00	328.40
82.20	1601.33	0.00	313.80
82.30	1881.06	0.00	297.75
82.40	2151.65	0.00	280.35
82.50	2411.07	0.00	261.67
82.60	2657.34	0.00	241.82
82.70	2888.55	0.00	220.89
82.80	3102.88	0.00	198.99
82.90	3298.64	0.00	176.24
83.00	3474.27	0.00	152.75
83.10	3628.36	0.00	128.63
83.20	3759.69	0.00	104.00
83.30	3867.21	0.00	79.00
83.40	3950.11	0.00	53.73
83.50	4007.76	0.00	28.33
83.60	4039.75	0.00	2.92
83.70	4045.93	0.00	-22.38
83.80	4032.26	0.00	-47.44
83.90	4009.40	0.00	-72.14
84.00	3977.53	0.00	-96.37
84.10	3936.60	0.00	-120.01
84.20	3886.49	0.00	-142.94
84.30	3827.04	0.00	-165.07
84.40	3758.07	0.00	-186.28
84.50	3679.37	0.00	-206.48
84.60	3590.71	0.00	-225.57
84.70	3491.88	0.00	-243.48
84.80	3382.69	0.00	-260.11
84.90	3262.96	0.00	-275.39
85.00	3132.57	0.00	-289.27
85.10	2991.44	0.00	-301.68
85.20	2839.57	0.00	-312.56
85.30	2677.04	0.00	-321.88
85.40	2504.03	0.00	-329.61
85.50	2320.79	0.00	-335.71
85.60	2127.69	0.00	-340.16
85.70	1925.23	0.00	-342.97
85.80	1714.00	0.00	-344.12
85.90	1494.72	0.00	-343.63
86.00	1268.21	0.00	-341.51
86.10	1035.41	0.00	-337.79
86.20	797.36	0.00	-332.49
86.30	555.22	0.00	-325.67
86.40	310.22	0.00	-317.36
86.50	63.66	0.00	-307.64
86.60	-183.07	0.00	-296.55
86.70	-428.54	0.00	-284.17
86.80	-671.29	0.00	-270.58
86.90	-909.83	0.00	-255.86
87.00	-1142.66	0.00	-240.09
87.10	-1368.31	0.00	-223.38
87.20	-1585.33	0.00	-205.82
87.30	-1792.33	0.00	-187.51
87.40	-1987.97	0.00	-168.55
87.50	-2170.98	0.00	-149.06
87.60	-2340.23	0.00	-129.14
87.70	-2494.64	0.00	-108.91
87.80	-2633.30	0.00	-88.47
87.90	-2755.39	0.00	-67.95
88.00	-2860.27	0.00	-47.44
88.10	-2947.41	0.00	-27.06
88.20	-3016.46	0.00	-6.92
88.30	-3067.20	0.00	12.88
88.40	-3099.57	0.00	32.24
88.50	-3113.68	0.00	51.05
88.60	-3109.77	0.00	69.22
88.70	-3088.23	0.00	86.67
88.80	-3049.59	0.00	103.31
88.90	-2995.15	0.00	119.07
89.00	-2932.28	0.00	133.87
89.10	-2863.09	0.00	147.65
89.20	-2787.82	0.00	160.35
89.30	-2706.71	0.00	171.93
89.40	-2619.97	0.00	182.34
89.50	-2527.85	0.00	191.55
89.60	-2430.58	0.00	199.54
89.70	-2328.42	0.00	206.28
89.80	-2221.61	0.00	211.78
89.90	-2110.46	0.00	216.01
90.00	-1995.26	0.00	219.01
90.10	-1876.33	0.00	220.77
90.20	-1754.04	0.00	221.33
90.30	-1628.77	0.00	220.70
90.40	-1500.92	0.00	218.94
90.50	-1370.93	0.00	216.07
90.60	-1239.26	0.00	212.16
90.70	-1106.38	0.00	207.26
90.80	-972.80	0.00	201.42
90.90	-839.04	0.00	194.71
91.00	-705.62	0.00	187.21
91.10	-573.09	0.00	178.98
91.20	-441.98	0.00	170.10
91.30	-312.82	0.00	160.64
91.40	-186.16	0.00	150.70
91.50	-62.50	0.00	140.34
91.60	57.66	0.00	129.64
91.70	173.84	0.00	118.70
91.80	285.59	0.00	107.58
91.90	392.51	0.00	96.37
92.00	494.21	0.00	85.14
92.10	590.35	0.00	73.97
92.20	680.65	0.00	62.92
92.30	764.86	0.00	52.07
92.40	842.77	0.00	41.47
92.50	914.23	0.00	31.18
92.60	979.13	0.00	21.27
92.70	1037.44	0.00	11.78
92.80	1089.13	0.00	2.75
92.90	1134.24	0.00	-5.77
93.00	1172.88	0.00	-13.76
93.10	1205.16	0.00	-21.18
93.20	1231.25	0.00	-28.00
93.30	1251.36	0.00	-34.22
93.40	1265.73	0.00	-39.82
93.50	1274.62	0.00	-44.79
93.60	1278.34	0.00	-49.13
93.70	1277.20	0.00	-52.84
93.80	1271.54	0.00	-55.93
93.90	1261.71	0.00	-58.41
94.00	1248.06	0.00	-60.30
94.10	1230.96	0.00	-61.61
94.20	1210.78	0.00	-62.37
94.30	1187.88	0.00	-62.60
94.40	1162.62	0.00	-62.33
94.50	1135.37	0.00	-61.60
94.60	1106.45	0.00	-60.44
94.70	1076.20	0.00	-58.88
94.80	1044.93	0.00	-56.95
94.90	1012.93	0.00	-54.71
95.00	980.51	0.00	-52.18
95.10	948.58	0.00	-49.40
95.20	917.55	0.00	-46.42
95.30	887.56	0.00	-43.27
95.40	858.71	0.00	-39.98
95.50	831.07	0.00	-36.61
95.60	804.71	0.00	-33.18
95.70	779.68	0.00	-29.73
95.80	756.01	0.00	-26.29
95.90	733.71	0.00	-22.90
96.00	712.78	0.00	-19.59
96.10	693.20	0.00	-16.38
96.20	674.93	0.00	-13.31
96.30	657.93	0.00	-10.40
96.40	642.12	0.00	-7.68
96.50	627.45	0.00	-5.15
96.60	613.80	0.00	-2.86
96.70	601.09	0.00	-0.80
96.80	589.20	0.00	1.00
96.90	578.01	0.00	2.53
97.00	567.39	0.00	3.78
97.10	557.20	0.00	4.74
97.20	547.30	0.00	5.41
97.30	537.53	0.00	5.78
97.40	527.75	0.00	5.85
97.50	517.80	0.00	5.63
97.60	507.52	0.00	5.11
97.70	496.75	0.00	4.29
97.80	485.33	0.00	3.19
97.90	473.10	0.00	1.82
98.00	459.91	0.00	0.17
98.10	445.62	0.00	-1.72
98.20	430.07	0.00	-3.86
98.30	413.13	0.00	-6.22
98.40	394.67	0.00	-8.79
98.50	374.56	0.00	-11.55
98.60	352.70	0.00	-14.48
98.70	328.99	0.00	-17.56
98.80	303.34	0.00	-20.76
98.90	275.67	0.00	-24.06
99.00	245.92	0.00	-27.45
99.10	214.05	0.00	-30.88
99.20	180.03	0.00	-34.34
99.30	143.85	0.00	-37.80
99.40	105.52	0.00	-41.24
99.50	65.04	0.00	-44.62
99.60	22.48	0.00	-47.92
99.70	-22.11	0.00	-51.12
99.80	-68.65	0.00	-54.18
99.90	-117.03	0.00	-57.08
100.00	-167.14	0.00	-59.80
100.10	-218.84	0.00	-62.30
100.20	-271.96	0.00	-64.58
100.30	-326.32	0.00	-66.60
100.40	-381.74	0.00	-68.35
100.50	-437.99	0.00	-69.81
100.60	-494.84	0.00	-70.95
100.70	-552.05	0.00	-71.77
100.80	-609.36	0.00	-72.24
100.90	-666.48	0.00	-72.37
101.00	-723.14	0.00	-72.13
101.10	-779.05	0.00	-71.53
101.20	-833.89	0.00	-70.55
101.30	-887.36	0.00	-69.20
101.40	-939.16	0.00	-67.47
101.50	-988.98	0.00	-65.37
101.60	-1036.50	0.00	-62.91
101.70	-1081.42	0.00	-60.08
101.80	-1123.44	0.00	-56.90
101.90	-1162.28	0.00	-53.39
102.00	-1197.66	0.00	-49.55
102.10	-1229.32	0.00	-45.40
102.20	-1257.00	0.00	-40.96
102.30	-1280.49	0.00	-36.26
102.40	-1299.57	0.00	-31.30
102.50	-1314.44	0.00	-26.12
102.60	-1326.22	0.00	-20.74
102.70	-1334.93	0.00	-15.19
102.80	-1340.49	0.00	-9.49
102.90	-1342.79	0.00	-3.67
103.00	-1341.77	0.00	2.25
103.10	-1337.36	0.00	8.22
103.20	-1329.48	0.00	14.23
103.30	-1318.07	0.00	20.25
103.40	-1303.10	0.00	26.24
103.50	-1284.50	0.00	32.19
103.60	-1262.25	0.00	38.05
103.70	-1236.33	0.00	43.80
103.80	-1206.71	0.00	49.43
103.90	-1173.39	0.00	54.90
104.00	-1136.38	0.00	60.18
104.10	-1095.70	0.00	65.26
104.20	-1051.38	0.00	70.12
104.30	-1003.46	0.00	74.72
104.40	-952.00	0.00	79.07
104.50	-897.09	0.00	83.13
104.60	-838.80	0.00	86.89
104.70	-777.25	0.00	90.35
104.80	-712.56	0.00	93.48
104.90	-644.87	0.00	96.27
105.00	-574.35	0.00	98.73
105.10	-501.16	0.00	100.84
105.20	-425.50	0.00	102.59
105.30	-347.58	0.00	103.98
105.40	-267.64	0.00	105.01
105.50	-185.91	0.00	105.68
105.60	-102.67	0.00	105.99
105.70	-18.18	0.00	105.94
105.80	67.27	0.00	105.54
105.90	153.35	0.00	104.78
106.00	239.77	0.00	103.68
106.10	326.18	0.00	102.23
106.20	412.25	0.00	100.45
106.30	497.64	0.00	98.35
106.40	582.00	0.00	95.93
106.50	664.96	0.00	93.20
106.60	746.17	0.00	90.18
106.70	825.28	0.00	86.87
106.80	901.93	0.00	83.29
106.90	975.76	0.00	79.44
107.00	1046.44	0.00	75.35
107.10	1113.63	0.00	71.01
107.20	1177.01	0.00	66.45
107.30	1236.26	0.00	61.67
107.40	1291.09	0.00	56.70
107.50	1341.22	0.00	51.54
107.60	1386.39	0.00	46.20
107.70	1426.36	0.00	40.71
107.80	1460.93	0.00	35.08
107.90	1489.89	0.00	29.31
108.00	1513.09	0.00	23.43
108.10	1530.38	0.00	17.44
108.20	1541.66	0.00	11.37
108.30	1546.85	0.00	5.24
108.40	1546.33	0.00	-0.96
108.50	1541.89	0.00	-7.19
108.60	1533.71	0.00	-13.44
108.70	1521.75	0.00	-19.70
108.80	1505.99	0.00	-25.95
108.90	1486.41	0.00	-32.16
109.00	1462.99	0.00	-38.33
109.10	1435.71	0.00	-44.44
109.20	1404.56	0.00	-50.46
109.30	1369.51	0.00	-56.37
109.40	1330.58	0.00	-62.16
109.50	1287.76	0.00	-67.81
109.60	1241.07	0.00	-73.29
109.70	1190.54	0.00	-78.59
109.80	1136.20	0.00	-83.69
109.90	1078.12	0.00	-88.56
110.00	1016.34	0.00	-93.18
110.10	950.98	0.00	-97.54
110.20	882.12	0.00	-101.61
110.30	809.90	0.00	-105.37
110.40	734.47	0.00	-108.81
110.50	655.99	0.00	-111.90
110.60	574.66	0.00	-114.62
110.70	490.71	0.00	-116.95
110.80	404.37	0.00	-118.89
110.90	315.91	0.00	-120.40
111.00	225.62	0.00	-121.48
111.10	133.83	0.00	-122.12
111.20	40.86	0.00	-122.30
111.30	-52.92	0.00	-122.00
111.40	-147.13	0.00	-121.23
111.50	-241.37	0.00	-119.98
111.60	-335.23	0.00	-118.23
111.70	-428.26	0.00	-115.99
111.80	-520.05	0.00	-113.26
111.90	-610.12	0.00	-110.04
112.00	-698.04	0.00	-106.33
112.10	-783.34	0.00	-102.14
112.20	-865.56	0.00	-97.49
112.30	-944.27	0.00	-92.38
112.40	-1019.02	0.00	-86.84
112.50	-1089.39	0.00	-80.87
112.60	-1154.97	0.00	-74.50
112.70	-1215.37	0.00	-67.75
112.80	-1270.23	0.00	-60.66
112.90	-1319.21	0.00	-53.24
113.00	-1362.02	0.00	-45.53
113.10	-1398.39	0.00	-37.57
113.20	-1428.09	0.00	-29.38
113.30	-1450.92	0.00	-21.01
113.40	-1466.75	0.00	-12.50
113.50	-1475.48	0.00	-3.88
113.60	-1477.03	0.00	4.80
113.70	-1471.41	0.00	13.50
113.80	-1458.76	0.00	22.18
113.90	-1440.67	0.00	30.78
114.00	-1417.73	0.00	39.27
114.10	-1389.98	0.00	47.60
114.20	-1357.49	0.00	55.73
114.30	-1320.33	0.00	63.62
114.40	-1278.60	0.00	71.21
114.50	-1232.39	0.00	78.48
114.60	-1181.83	0.00	85.37
114.70	-1127.06	0.00	91.85
114.80	-1068.25	0.00	97.90
114.90	-1005.57	0.00	103.46
115.00	-939.22	0.00	108.51
115.10	-869.43	0.00	113.03
115.20	-796.44	0.00	116.98
115.30	-720.52	0.00	120.35
115.40	-641.95	0.00	123.12
115.50	-561.04	0.00	125.26
115.60	-478.13	0.00	126.78
115.70	-393.56	0.00	127.66
115.80	-307.70	0.00	127.89
115.90	-220.94	0.00	127.49
116.00	-133.68	0.00	126.44
116.10	-46.33	0.00	124.76
116.20	40.68	0.00	122.47
116.30	126.93	0.00	119.56
116.40	211.97	0.00	116.07
116.50	295.37	0.00	112.01
116.60	376.70	0.00	107.41
116.70	455.53	0.00	102.30
116.80	531.43	0.00	96.70
116.90	603.99	0.00	90.66
117.00	672.84	0.00	84.20
117.10	737.58	0.00	77.37
117.20	797.88	0.00	70.20
117.30	853.41	0.00	62.74
117.40	903.87	0.00	55.03
117.50	949.01	0.00	47.12
117.60	988.60	0.00	39.04
117.70	1022.45	0.00	30.85
117.80	1050.39	0.00	22.60
117.90	1072.33	0.00	14.31
118.00	1088.17	0.00	6.05
118.10	1097.90	0.00	-2.14
118.20	1101.51	0.00	-10.23
118.30	1099.06	0.00	-18.16
118.40	1090.63	0.00	-25.91
118.50	1076.35	0.00	-33.42
118.60	1056.39	0.00	-40.66
118.70	1031.57	0.00	-47.59
118.80	1002.54	0.00	-54.19
118.90	969.47	0.00	-60.42
119.00	932.52	0.00	-66.26
119.10	891.89	0.00	-71.67
119.20	847.78	0.00	-76.64
119.30	800.38	0.00	-81.15
119.40	749.94	0.00	-85.19
119.50	696.68	0.00	-88.73
119.60	640.85	0.00	-91.76
119.70	582.71	0.00	-94.29
119.80	522.53	0.00	-96.31
119.90	460.59	0.00	-97.80
120.00	397.17	0.00	-98.79
120.10	332.58	0.00	-99.26
120.20	267.11	0.00	-99.23
120.30	201.08	0.00	-98.71
120.40	134.80	0.00	-97.70
120.50	68.59	0.00	-96.23
120.60	2.77	0.00	-94.30
120.70	-62.35	0.00	-91.93
120.80	-126.45	0.00	-89.16
120.90	-189.21	0.00	-85.98
121.00	-250.32	0.00	-82.44
121.10	-309.50	0.00	-78.55
121.20	-366.43	0.00	-74.34
121.30	-420.85	0.00	-69.84
121.40	-472.49	0.00	-65.06
121.50	-521.09	0.00	-60.05
121.60	-566.42	0.00	-54.83
121.70	-608.27	0.00	-49.42
121.80	-646.44	0.00	-43.85
121.90	-680.75	0.00	-38.16
122.00	-711.04	0.00	-32.37
122.10	-737.19	0.00	-26.52
122.20	-759.09	0.00	-20.61
122.30	-776.65	0.00	-14.70
122.40	-789.83	0.00	-8.79
122.50	-798.59	0.00	-2.92
122.60	-802.92	0.00	2.89
122.70	-802.84	0.00	8.61
122.80	-798.48	0.00	14.22
122.90	-790.38	0.00	19.70
123.00	-778.71	0.00	25.03
123.10	-763.53	0.00	30.18
123.20	-744.93	0.00	35.14
123.30	-723.02	0.00	39.88
123.40	-697.89	0.00	44.40
123.50	-669.67	0.00	48.68
123.60	-638.48	0.00	52.70
123.70	-604.46	0.00	56.44
123.80	-567.75	0.00	59.90
123.90	-528.51	0.00	63.06
124.00	-486.91	0.00	65.92
124.10	-443.12	0.00	68.47
124.20	-397.32	0.00	70.69
124.30	-349.70	0.00	72.59
124.40	-300.47	0.00	74.15
124.50	-249.84	0.00	75.38
124.60	-198.02	0.00	76.27
124.70	-145.24	0.00	76.82
124.80	-91.72	0.00	77.03
124.90	-37.71	0.00	76.91
125.00	16.56	0.00	76.45
125.10	70.84	0.00	75.65
125.20	124.87	0.00	74.54
125.30	178.42	0.00	73.10
125.40	231.22	0.00	71.35
125.50	283.03	0.00	69.29
125.60	333.61	0.00	66.95
125.70	382.70	0.00	64.32
125.80	430.07	0.00	61.42
125.90	475.48	0.00	58.27
126.00	518.71	0.00	54.87
126.10	559.55	0.00	51.25
126.20	597.78	0.00	47.42
126.30	633.22	0.00	43.39
126.40	665.69	0.00	39.19
126.50	695.02	0.00	34.84
126.60	721.07	0.00	30.35
126.70	743.71	0.00	25.75
126.80	762.83	0.00	21.06
126.90	778.33	0.00	16.29
127.00	790.13	0.00	11.47
127.10	798.20	0.00	6.63
127.20	802.84	0.00	1.78
127.30	804.35	0.00	-3.06
127.40	802.75	0.00	-7.85
127.50	798.04	0.00	-12.59
127.60	790.26	0.00	-17.25
127.70	779.45	0.00	-21.80
127.80	765.65	0.00	-26.23
127.90	748.90	0.00	-30.52
128.00	729.29	0.00	-34.64
128.10	706.87	0.00	-38.59
128.20	681.74	0.00	-42.34
128.30	653.98	0.00	-45.88
128.40	623.70	0.00	-49.19
128.50	591.00	0.00	-52.27
128.60	556.00	0.00	-55.09
128.70	518.82	0.00	-57.65
128.80	479.61	0.00	-59.94
128.90	438.50	0.00	-61.96
129.00	395.65	0.00	-63.69
129.10	351.21	0.00	-65.13
129.20	305.35	0.00	-66.28
129.30	258.24	0.00	-67.15
129.40	210.06	0.00	-67.72
129.50	160.99	0.00	-68.01
129.60	111.22	0.00	-68.01
129.70	60.94	0.00	-67.74
129.80	10.35	0.00	-67.20
129.90	-40.37	0.00	-66.39
130.00	-91.00	0.00	-65.33
130.10	-141.36	0.00	-64.02
130.20	-191.25	0.00	-62.49
130.30	-240.46	0.00	-60.73
130.40	-288.81	0.00	-58.77
130.50	-336.10	0.00	-56.62
130.60	-382.16	0.00	-54.28
130.70	-426.79	0.00	-51.79
130.80	-469.84	0.00	-49.15
130.90	-511.12	0.00	-46.37
131.00	-550.49	0.00	-43.48
131.10	-587.80	0.00	-40.49
131.20	-622.90	0.00	-37.41
131.30	-655.66	0.00	-34.26
131.40	-685.97	0.00	-31.05
131.50	-713.72	0.00	-27.80
131.60	-738.82	0.00	-24.52
131.70	-761.17	0.00	-21.22
131.80	-780.71	0.00	-17.92
131.90	-797.38	0.00	-14.63
132.00	-811.13	0.00	-11.35
132.10	-821.93	0.00	-8.09
132.20	-829.75	0.00	-4.87
132.30	-834.58	0.00	-1.70
132.40	-836.53	0.00	1.43
132.50	-836.15	0.00	4.50
132.60	-833.53	0.00	7.52
132.70	-828.70	0.00	10.46
132.80	-821.66	0.00	13.35
132.90	-812.45	0.00	16.16
133.00	-801.09	0.00	18.90
133.10	-787.61	0.00	21.56
133.20	-772.04	0.00	24.15
133.30	-754.40	0.00	26.67
133.40	-734.73	0.00	29.11
133.50	-713.05	0.00	31.47
133.60	-689.41	0.00	33.76
133.70	-663.83	0.00	35.97
133.80	-636.35	0.00	38.11
133.90	-607.02	0.00	40.17
134.00	-575.88	0.00	42.15
134.10	-542.98	0.00	44.06
134.20	-508.36	0.00	45.89
134.30	-472.09	0.00	47.64
134.40	-434.23	0.00	49.30
134.50	-394.85	0.00	50.89
134.60	-354.01	0.00	52.38
134.70	-311.80	0.00	53.78
134.80	-268.31	0.00	55.09
134.90	-223.62	0.00	56.29
135.00	-177.85	0.00	57.38
135.10	-131.09	0.00	58.36
135.20	-83.48	0.00	59.21
135.30	-35.13	0.00	59.94
135.40	13.82	0.00	60.52
135.50	63.22	0.00	60.96
135.60	112.92	0.00	61.24
135.70	162.76	0.00	61.36
135.80	212.58	0.00	61.30
135.90	262.19	0.00	61.05
136.00	311.41	0.00	60.61
136.10	360.05	0.00	59.97
136.20	407.91	0.00	59.12
136.30	454.80	0.00	58.05
136.40	500.50	0.00	56.75
136.50	544.80	0.00	55.21
136.60	587.51	0.00	53.44
136.70	628.40	0.00	51.42
136.80	667.27	0.00	49.16
136.90	703.92	0.00	46.65
137.00	738.13	0.00	43.89
137.10	769.71	0.00	40.88
137.20	798.48	0.00	37.62
137.30	824.25	0.00	34.12
137.40	846.85	0.00	30.39
137.50	866.12	0.00	26.44
137.60	881.93	0.00	22.27
137.70	894.14	0.00	17.90
137.80	902.65	0.00	13.34
137.90	907.36	0.00	8.61
138.00	908.19	0.00	3.73
138.10	905.51	0.00	-1.29
138.20	899.72	0.00	-6.41
138.30	890.77	0.00	-11.62
138.40	878.65	0.00	-16.88
138.50	863.35	0.00	-22.18
138.60	844.89	0.00	-27.48
138.70	823.26	0.00	-32.75
138.80	798.51	0.00	-37.96
138.90	770.68	0.00	-43.08
139.00	739.82	0.00	-48.07
139.10	706.02	0.00	-52.91
139.20	669.38	0.00	-57.56
139.30	629.99	0.00	-61.99
139.40	587.98	0.00	-66.16
139.50	543.52	0.00	-70.04
139.60	496.75	0.00	-73.60
139.70	447.87	0.00	-76.82
139.80	397.07	0.00	-79.66
139.90	344.57	0.00	-82.10
140.00	290.62	0.00	-84.12
140.10	235.45	0.00	-85.68
140.20	179.35	0.00	-86.78
140.30	122.60	0.00	-87.39
140.40	65.48	0.00	-87.51
140.50	8.31	0.00	-87.11
140.60	-48.60	0.00	-86.21
140.70	-104.92	0.00	-84.78
140.80	-160.33	0.00	-82.84
140.90	-214.50	0.00	-80.38
141.00	-267.10	0.00	-77.42
141.10	-317.81	0.00	-73.96
141.20	-366.30	0.00	-70.03
141.30	-412.27	0.00	-65.64
141.40	-455.43	0.00	-60.81
141.50	-495.49	0.00	-55.57
141.60	-532.18	0.00	-49.95
141.70	-565.27	0.00	-43.99
141.80	-594.53	0.00	-37.73
141.90	-619.78	0.00	-31.19
142.00	-640.84	0.00	-24.43
142.10	-657.59	0.00	-17.49
142.20	-669.92	0.00	-10.41
142.30	-677.77	0.00	-3.25
142.40	-681.08	0.00	3.95
142.50	-679.88	0.00	11.13
142.60	-674.18	0.00	18.25
142.70	-664.07	0.00	25.25
142.80	-649.64	0.00	32.08
142.90	-631.04	0.00	38.69
143.00	-608.43	0.00	45.03
143.10	-582.02	0.00	51.06
143.20	-552.04	0.00	56.72
143.30	-518.85	0.00	61.98
143.40	-482.89	0.00	66.79
143.50	-444.42	0.00	71.12
143.60	-403.69	0.00	74.93
143.70	-361.01	0.00	78.19
143.80	-316.66	0.00	80.88
143.90	-270.97	0.00	82.96
144.00	-224.28	0.00	84.44
144.10	-176.92	0.00	85.28
144.20	-129.24	0.00	85.48
144.30	-81.60	0.00	85.04
144.40	-34.36	0.00	83.96
144.50	12.11	0.00	82.25
144.60	57.45	0.00	79.91
144.70	101.31	0.00	76.97
144.80	143.34	0.00	73.43
144.90	183.19	0.00	69.34
145.00	220.54	0.00	64.71
145.10	255.09	0.00	59.58
145.20	286.54	0.00	53.99
145.30	314.62	0.00	47.99
145.40	339.10	0.00	41.60
145.50	359.76	0.00	34.89
145.60	376.40	0.00	27.89
145.70	388.89	0.00	20.67
145.80	397.09	0.00	13.28
145.90	400.92	0.00	5.76
146.00	400.42	0.00	-1.82
146.10	395.65	0.00	-9.40
146.20	386.60	0.00	-16.93
146.30	373.33	0.00	-24.37
146.40	355.88	0.00	-31.64
146.50	334.37	0.00	-38.70
146.60	308.90	0.00	-45.49
146.70	279.64	0.00	-51.97
146.80	246.76	0.00	-58.09
146.90	210.46	0.00	-63.80
147.00	170.98	0.00	-69.07
147.10	128.57	0.00	-73.86
147.20	83.51	0.00	-78.12
147.30	36.09	0.00	-81.84
147.40	-13.36	0.00	-84.99
147.50	-64.51	0.00	-87.55
147.60	-116.99	0.00	-89.49
147.70	-170.43	0.00	-90.81
147.80	-224.46	0.00	-91.50
147.90	-278.68	0.00	-91.55
148.00	-332.70	0.00	-90.97
148.10	-386.09	0.00	-89.76
148.20	-438.47	0.00	-87.94
148.30	-489.43	0.00	-85.51
148.40	-538.56	0.00	-82.50
148.50	-585.48	0.00	-78.93
148.60	-629.81	0.00	-74.83
148.70	-671.42	0.00	-70.21
148.80	-710.22	0.00	-65.13
148.90	-745.95	0.00	-59.60
149.00	-778.39	0.00	-53.68
149.10	-807.31	0.00	-47.40
149.20	-832.53	0.00	-40.80
149.30	-853.87	0.00	-33.93
149.40	-871.16	0.00	-26.83
149.50	-884.27	0.00	-19.54
149.60	-893.07	0.00	-12.12
149.70	-897.47	0.00	-4.62
149.80	-897.38	0.00	2.94
149.90	-892.74	0.00	10.49
150.00	-883.49	0.00	17.99
150.10	-869.61	0.00	25.41
150.20	-851.10	0.00	32.69
150.30	-827.96	0.00	39.80
150.40	-800.23	0.00	46.70
150.50	-767.95	0.00	53.36
150.60	-731.19	0.00	59.74
150.70	-690.04	0.00	65.80
150.80	-644.60	0.00	71.54
150.90	-595.01	0.00	76.90
151.00	-541.41	0.00	81.89
151.10	-483.97	0.00	86.47
151.20	-422.88	0.00	90.63
151.30	-358.34	0.00	94.36
151.40	-290.57	0.00	97.65
151.50	-219.82	0.00	100.48
151.60	-146.35	0.00	102.87
151.70	-70.44	0.00	104.80
151.80	7.61	0.00	106.28
151.90	87.49	0.00	107.31
152.00	168.87	0.00	107.89
152.10	251.42	0.00	108.05
152.20	334.77	0.00	107.77
152.30	418.57	0.00	107.08
152.40	502.44	0.00	106.00
152.50	585.99	0.00	104.52
152.60	668.85	0.00	102.68
152.70	750.61	0.00	100.48
152.80	830.89	0.00	97.94
152.90	909.28	0.00	95.09
153.00	985.40	0.00	91.92
153.10	1058.86	0.00	88.47
153.20	1129.27	0.00	84.74
153.30	1196.26	0.00	80.76
153.40	1259.45	0.00	76.54
153.50	1318.51	0.00	72.08
153.60	1373.08	0.00	67.42
153.70	1422.84	0.00	62.55
153.80	1467.49	0.00	57.49
153.90	1506.74	0.00	52.25
154.00	1540.37	0.00	46.83
154.10	1569.75	0.00	41.26
154.20	1595.58	0.00	35.53
154.30	1617.75	0.00	29.65
154.40	1636.16	0.00	23.62
154.50	1650.72	0.00	17.46
154.60	1661.32	0.00	11.17
154.70	1667.84	0.00	4.76
154.80	1670.17	0.00	-1.79
154.90	1668.17	0.00	-8.44
155.00	1661.72	0.00	-15.21
155.10	1650.67	0.00	-22.08
155.20	1634.89	0.00	-29.05
155.30	1614.23	0.00	-36.11
155.40	1588.53	0.00	-43.24
155.50	1557.67	0.00	-50.45
155.60	1521.49	0.00	-57.70
155.70	1479.86	0.00	-65.00
155.80	1432.65	0.00	-72.32
155.90	1379.75	0.00	-79.64
156.00	1321.04	0.00	-86.93
156.10	1256.45	0.00	-94.19
156.20	1185.91	0.00	-101.37
156.30	1109.38	0.00	-108.46
156.40	1026.85	0.00	-115.41
156.50	938.35	0.00	-122.20
156.60	843.93	0.00	-128.78
156.70	743.68	0.00	-135.13
156.80	637.76	0.00	-141.20
156.90	526.34	0.00	-146.94
157.00	409.65	0.00	-152.33
157.10	287.99	0.00	-157.31
157.20	161.69	0.00	-161.83
157.30	31.14	0.00	-165.87
157.40	-103.21	0.00	-169.36
157.50	-240.86	0.00	-172.27
157.60	-381.25	0.00	-174.56
157.70	-523.78	0.00	-176.19
157.80	-667.78	0.00	-177.10
157.90	-812.54	0.00	-177.28
158.00	-957.30	0.00	-176.69
158.10	-1101.27	0.00	-175.29
158.20	-1243.62	0.00	-173.07
158.30	-1383.47	0.00	-170.00
158.40	-1519.96	0.00	-166.06
158.50	-1652.16	0.00	-161.24
158.60	-1779.17	0.00	-155.54
158.70	-1900.09	0.00	-148.96
158.80	-2014.00	0.00	-141.50
158.90	-2120.03	0.00	-133.18
159.00	-2217.32	0.00	-124.01
159.10	-2305.06	0.00	-114.02
159.20	-2382.46	0.00	-103.24
159.30	-2448.82	0.00	-91.71
159.40	-2503.48	0.00	-79.48
159.50	-2545.86	0.00	-66.59
159.60	-2576.71	0.00	-53.10
159.70	-2600.69	0.00	-39.08
159.80	-2618.12	0.00	-24.59
159.90	-2628.81	0.00	-9.71
160.00	-2632.56	0.00	5.49
160.10	-2629.16	0.00	20.93
160.20	-2618.41	0.00	36.51
160.30	-2600.09	0.00	52.16
160.40	-2574.00	0.00	67.79
160.50	-2539.93	0.00	83.30
160.60	-2497.69	0.00	98.60
160.70	-2447.10	0.00	113.59
160.80	-2387.99	0.00	128.20
160.90	-2320.24	0.00	142.33
161.00	-2243.74	0.00	155.88
161.10	-2158.42	0.00	168.78
161.20	-2064.26	0.00	180.95
161.30	-1961.29	0.00	192.30
161.40	-1849.58	0.00	202.77
161.50	-1729.28	0.00	212.28
161.60	-1600.60	0.00	220.79
161.70	-1463.80	0.00	228.22
161.80	-1319.24	0.00	234.54
161.90	-1167.34	0.00	239.71
162.00	-1008.58	0.00	243.69
162.10	-843.54	0.00	246.46
162.20	-672.88	0.00	248.00
162.30	-497.30	0.00	248.30
162.40	-317.59	0.00	247.37
162.50	-134.62	0.00	245.20
162.60	50.72	0.00	241.83
162.70	237.44	0.00	237.26
162.80	424.55	0.00	231.54
162.90	610.99	0.00	224.70
163.00	795.70	0.00	216.79
163.10	977.58	0.00	207.85
163.20	1155.53	0.00	197.96
163.30	1328.47	0.00	187.17
163.40	1495.32	0.00	175.55
163.50	1655.02	0.00	163.18
163.60	1806.57	0.00	150.13
163.70	1949.01	0.00	136.48
163.80	2081.44	0.00	122.32
163.90	2203.01	0.00	107.74
164.00	2312.98	0.00	92.81
164.10	2410.67	0.00	77.63
164.20	2495.50	0.00	62.28
164.30	2566.99	0.00	46.85
164.40	2624.76	0.00	31.42
164.50	2668.54	0.00	16.07
164.60	2698.15	0.00	0.89
164.70	2713.55	0.00	-14.05
164.80	2714.76	0.00	-28.68
164.90	2701.96	0.00	-42.93
165.00	2678.96	0.00	-56.72
165.10	2649.79	0.00	-70.01
165.20	2614.56	0.00	-82.73
165.30	2573.41	0.00	-94.84
165.40	2526.42	0.00	-106.28
165.50	2473.71	0.00	-117.03
165.60	2415.36	0.00	-127.04
165.70	2351.49	0.00	-136.29
165.80	2282.17	0.00	-144.75
165.90	2207.53	0.00	-152.40
166.00	2127.67	0.00	-159.24
166.10	2042.71	0.00	-165.25
166.20	1952.80	0.00	-170.44
166.30	1858.09	0.00	-174.80
166.40	1758.76	0.00	-178.34
166.50	1655.00	0.00	-181.07
166.60	1547.05	0.00	-183.00
166.70	1435.14	0.00	-184.16
166.80	1319.56	0.00	-184.56
166.90	1200.60	0.00	-184.23
167.00	1078.60	0.00	-183.20
167.10	953.91	0.00	-181.48
167.20	826.90	0.00	-179.13
167.30	697.99	0.00	-176.15
167.40	567.61	0.00	-172.60
167.50	436.20	0.00	-168.50
167.60	304.23	0.00	-163.89
167.70	172.19	0.00	-158.80
167.80	40.57	0.00	-153.27
167.90	-90.13	0.00	-147.34
168.00	-219.39	0.00	-141.04
168.10	-346.70	0.00	-134.40
168.20	-471.56	0.00	-127.47
168.30	-593.45	0.00	-120.27
168.40	-711.89	0.00	-112.84
168.50	-826.38	0.00	-105.22
168.60	-936.47	0.00	-97.42
168.70	-1041.70	0.00	-89.49
168.80	-1141.66	0.00	-81.45
168.90	-1235.95	0.00	-73.34
169.00	-1324.21	0.00	-65.18
169.10	-1406.10	0.00	-56.99
169.20	-1481.32	0.00	-48.81
169.30	-1549.61	0.00	-40.66
169.40	-1610.74	0.00	-32.56
169.50	-1664.54	0.00	-24.54
169.60	-1710.86	0.00	-16.61
169.70	-1749.59	0.00	-8.81
169.80	-1780.68	0.00	-1.16
169.90	-1804.12	0.00	6.34
170.00	-1819.91	0.00	13.65
170.10	-1828.13	0.00	20.76
170.20	-1828.89	0.00	27.65
170.30	-1822.32	0.00	34.30
170.40	-1808.60	0.00	40.69
170.50	-1787.96	0.00	46.82
170.60	-1760.63	0.00	52.66
170.70	-1728.06	0.00	58.19
170.80	-1692.36	0.00	63.41
170.90	-1653.69	0.00	68.31
171.00	-1612.16	0.00	72.87
171.10	-1567.89	0.00	77.07
171.20	-1521.01	0.00	80.92
171.30	-1471.64	0.00	84.40
171.40	-1419.90	0.00	87.51
171.50	-1365.93	0.00	90.24
171.60	-1309.84	0.00	92.59
171.70	-1251.78	0.00	94.55
171.80	-1191.89	0.00	96.12
171.90	-1130.31	0.00	97.32
172.00	-1067.19	0.00	98.12
172.10	-1002.70	0.00	98.55
172.20	-936.99	0.00	98.61
172.30	-870.24	0.00	98.30
172.40	-802.62	0.00	97.63
172.50	-734.32	0.00	96.62
172.60	-665.51	0.00	95.28
172.70	-596.38	0.00	93.61
172.80	-527.13	0.00	91.65
172.90	-457.96	0.00	89.40
173.00	-389.05	0.00	86.88
173.10	-320.60	0.00	84.11
173.20	-252.80	0.00	81.11
173.30	-185.85	0.00	77.91
173.40	-119.94	0.00	74.52
173.50	-55.24	0.00	70.97
173.60	8.07	0.00	67.29
173.70	69.82	0.00	63.48
173.80	129.84	0.00	59.59
173.90	187.99	0.00	55.63
174.00	244.13	0.00	51.62
174.10	298.13	0.00	47.59
174.20	349.87	0.00	43.56
174.30	399.25	0.00	39.55
174.40	446.16	0.00	35.59
174.50	490.55	0.00	31.68
174.60	532.34	0.00	27.85
174.70	571.47	0.00	24.12
174.80	607.93	0.00	20.51
174.90	641.67	0.00	17.01
175.00	672.69	0.00	13.65
175.10	700.99	0.00	10.45
175.20	726.58	0.00	7.39
175.30	749.50	0.00	4.51
175.40	769.77	0.00	1.79
175.50	787.45	0.00	-0.76
175.60	802.58	0.00	-3.13
175.70	815.24	0.00	-5.32
175.80	825.48	0.00	-7.34
175.90	833.40	0.00	-9.19
176.00	839.07	0.00	-10.87
176.10	842.57	0.00	-12.39
176.20	844.01	0.00	-13.75
176.30	843.47	0.00	-14.96
176.40	841.04	0.00	-16.03
176.50	836.82	0.00	-16.97
176.60	830.91	0.00	-17.79
176.70	823.41	0.00	-18.49
176.80	814.40	0.00	-19.09
176.90	803.98	0.00	-19.60
177.00	792.25	0.00	-20.02
177.10	779.28	0.00	-20.37
177.20	765.17	0.00	-20.66
177.30	750.18	0.00	-20.89
177.40	734.75	0.00	-21.08
177.50	718.95	0.00	-21.24
177.60	702.82	0.00	-21.36
177.70	686.37	0.00	-21.46
177.80	669.65	0.00	-21.55
177.90	652.68	0.00	-21.62
178.00	635.47	0.00	-21.69
178.10	618.06	0.00	-21.75
178.20	600.45	0.00	-21.81
178.30	582.66	0.00	-21.86
178.40	564.71	0.00	-21.92
178.50	546.61	0.00	-21.97
178.60	528.38	0.00	-22.03
178.70	510.01	0.00	-22.07
178.80	491.54	0.00	-22.11
178.90	472.96	0.00	-22.14
179.00	454.29	0.00	-22.16
179.10	435.55	0.00	-22.16
179.20	416.74	0.00	-22.14
179.30	397.88	0.00	-22.09
179.40	378.98	0.00	-22.01
179.50	360.06	0.00	-21.90
179.60	341.14	0.00	-21.74
179.70	322.23	0.00	-21.55
179.80	303.35	0.00	-21.32
179.90	284.51	0.00	-21.03
180.00	265.73	0.00	-20.70
180.10	247.04	0.00	-20.32
180.20	228.43	0.00	-19.89
180.30	209.94	0.00	-19.41
180.40	191.57	0.00	-18.88
180.50	173.34	0.00	-18.30
180.60	155.27	0.00	-17.69
180.70	137.35	0.00	-17.03
180.80	119.59	0.00	-16.34
180.90	102.01	0.00	-15.62
181.00	84.59	0.00	-14.88
181.10	67.35	0.00	-14.13
181.20	50.27	0.00	-13.37
181.30	33.35	0.00	-12.62
181.40	16.56	0.00	-11.88
181.50	-0.10	0.00	-11.16
181.60	-16.66	0.00	-10.48
181.70	-33.14	0.00	-9.84
181.80	-49.57	0.00	-9.25
181.90	-66.00	0.00	-8.74
182.00	-82.44	0.00	-8.29
182.10	-98.95	0.00	-7.94
182.20	-115.57	0.00	-7.68
182.30	-132.34	0.00	-7.53
182.40	-149.32	0.00	-7.49
182.50	-166.55	0.00	-7.57
182.60	-184.09	0.00	-7.78
182.70	-201.98	0.00	-8.12
182.80	-220.29	0.00	-8.60
182.90	-239.05	0.00	-9.23
183.00	-258.33	0.00	-9.99
183.10	-278.16	0.00	-10.90
183.20	-298.59	0.00	-11.95
183.30	-319.65	0.00	-13.13
183.40	-341.39	0.00	-14.44
183.50	-363.81	0.00	-15.89
183.60	-386.94	0.00	-17.44
183.70	-410.79	0.00	-19.10
183.80	-435.36	0.00	-20.86
183.90	-460.64	0.00	-22.70
184.00	-486.61	0.00	-24.59
184.10	-513.22	0.00	-26.54
184.20	-540.44	0.00	-28.51
184.30	-568.20	0.00	-30.49
184.40	-596.43	0.00	-32.46
184.50	-625.04	0.00	-34.39
184.60	-653.93	0.00	-36.26
184.70	-682.97	0.00	-38.04
184.80	-712.04	0.00	-39.72
184.90	-740.99	0.00	-41.25
185.00	-769.64	0.00	-42.63
185.10	-797.84	0.00	-43.82
185.20	-825.38	0.00	-44.79
185.30	-852.13	0.00	-45.53
185.40	-878.45	0.00	-46.00
185.50	-904.30	0.00	-46.18
185.60	-929.50	0.00	-46.06
185.70	-953.89	0.00	-45.60
185.80	-977.27	0.00	-44.79
185.90	-999.46	0.00	-43.62
186.00	-1020.24	0.00	-42.06
186.10	-1039.42	0.00	-40.10
186.20	-1056.76	0.00	-37.73
186.30	-1072.05	0.00	-34.95
186.40	-1085.07	0.00	-31.74
186.50	-1095.57	0.00	-28.12
186.60	-1103.33	0.00	-24.06
186.70	-1108.10	0.00	-19.59
186.80	-1109.66	0.00	-14.71
186.90	-1107.76	0.00	-9.43
187.00	-1102.18	0.00	-3.77
187.10	-1092.69	0.00	2.26
187.20	-1079.08	0.00	8.63
187.30	-1061.12	0.00	15.32
187.40	-1038.63	0.00	22.30
187.50	-1011.41	0.00	29.53
187.60	-979.30	0.00	36.98
187.70	-942.14	0.00	44.61
187.80	-899.81	0.00	52.38
187.90	-852.20	0.00	60.24
188.00	-799.24	0.00	68.14
188.10	-740.87	0.00	76.04
188.20	-677.07	0.00	83.89
188.30	-607.87	0.00	91.62
188.40	-533.33	0.00	99.19
188.50	-453.54	0.00	106.54
188.60	-368.64	0.00	113.62
188.70	-278.82	0.00	120.36
188.80	-184.31	0.00	126.71
188.90	-85.39	0.00	132.63
189.00	17.61	0.00	138.04
189.10	124.31	0.00	142.91
189.20	234.29	0.00	147.18
189.30	347.06	0.00	150.81
189.40	462.10	0.00	153.74
189.50	578.84	0.00	155.94
189.60	696.66	0.00	157.37
189.70	814.91	0.00	158.00
189.80	932.89	0.00	157.79
189.90	1049.89	0.00	156.73
190.00	1165.15	0.00	154.80
190.10	1277.90	0.00	151.97
190.20	1387.34	0.00	148.25
190.30	1492.69	0.00	143.62
190.40	1593.14	0.00	138.10
190.50	1687.91	0.00	131.70
190.60	1776.22	0.00	124.42
190.70	1857.32	0.00	116.29
190.80	1930.48	0.00	107.35
190.90	1995.02	0.00	97.61
191.00	2050.31	0.00	87.13
191.10	2095.76	0.00	75.95
191.20	2130.96	0.00	64.12
191.30	2158.59	0.00	51.70
191.40	2179.85	0.00	38.74
191.50	2194.51	0.00	25.32
191.60	2202.38	0.00	11.51
191.70	2203.23	0.00	-2.63
191.80	2196.86	0.00	-17.01
191.90	2183.09	0.00	-31.56
192.00	2161.71	0.00	-46.19
192.10	2132.57	0.00	-60.81
192.20	2095.49	0.00	-75.35
192.30	2050.34	0.00	-89.71
192.40	1997.00	0.00	-103.81
192.50	1935.37	0.00	-117.57
192.60	1865.40	0.00	-130.90
192.70	1787.06	0.00	-143.71
192.80	1700.36	0.00	-155.94
192.90	1605.38	0.00	-167.49
193.00	1502.23	0.00	-178.30
193.10	1391.07	0.00	-188.30
193.20	1272.13	0.00	-197.43
193.30	1145.71	0.00	-205.61
193.40	1012.16	0.00	-212.81
193.50	871.90	0.00	-218.96
193.60	725.44	0.00	-224.03
193.70	573.32	0.00	-227.98
193.80	416.19	0.00	-230.78
193.90	254.75	0.00	-232.41
194.00	89.75	0.00	-232.85
194.10	-77.97	0.00	-232.10
194.20	-247.53	0.00	-230.15
194.30	-418.01	0.00	-227.02
194.40	-588.41	0.00	-222.70
194.50	-757.74	0.00	-217.24
194.60	-924.94	0.00	-210.64
194.70	-1088.97	0.00	-202.95
194.80	-1248.76	0.00	-194.22
194.90	-1403.24	0.00	-184.48
195.00	-1551.36	0.00	-173.79
195.10	-1692.10	0.00	-162.21
195.20	-1824.47	0.00	-149.80
195.30	-1947.52	0.00	-136.64
195.40	-2060.37	0.00	-122.79
195.50	-2162.19	0.00	-108.34
195.60	-2252.25	0.00	-93.36
195.70	-2329.87	0.00	-77.93
195.80	-2394.49	0.00	-62.14
195.90	-2445.64	0.00	-46.09
196.00	-2482.95	0.00	-29.84
196.10	-2506.17	0.00	-13.50
196.20	-2515.15	0.00	2.85
196.30	-2510.23	0.00	19.13
196.40	-2496.14	0.00	35.24
196.50	-2474.31	0.00	51.10
196.60	-2444.77	0.00	66.64
196.70	-2407.55	0.00	81.77
196.80	-2362.69	0.00	96.41
196.90	-2310.24	0.00	110.50
197.00	-2250.25	0.00	123.97
197.10	-2182.78	0.00	136.74
197.20	-2107.91	0.00	148.77
197.30	-2025.74	0.00	159.99
197.40	-1936.41	0.00	170.37
197.50	-1840.05	0.00	179.85
197.60	-1736.87	0.00	188.39
197.70	-1627.07	0.00	195.97
197.80	-1510.93	0.00	202.55
197.90	-1388.75	0.00	208.12
198.00	-1260.88	0.00	212.66
198.10	-1127.71	0.00	216.15
198.20	-989.70	0.00	218.61
198.30	-847.32	0.00	220.01
198.40	-701.13	0.00	220.39
198.50	-551.71	0.00	219.73
198.60	-399.69	0.00	218.07
198.70	-245.75	0.00	215.42
198.80	-90.58	0.00	211.82
198.90	65.05	0.00	207.28
199.00	220.38	0.00	201.85
199.10	374.61	0.00	195.56
199.20	526.94	0.00	188.46
199.30	676.55	0.00	180.59
199.40	822.60	0.00	171.99
199.50	964.29	0.00	162.72
199.60	1100.81	0.00	152.83
199.70	1231.37	0.00	142.37
199.80	1355.22	0.00	131.40
199.90	1471.63	0.00	119.98
200.00	1579.92	0.00	108.15
200.10	1679.46	0.00	95.99
200.20	1769.68	0.00	83.54
200.30	1850.04	0.00	70.87
200.40	1920.10	0.00	58.03
200.50	1979.49	0.00	45.08
200.60	2027.88	0.00	32.07
200.70	2065.04	0.00	19.07
200.80	2090.82	0.00	6.12
200.90	2105.13	0.00	-6.72
201.00	2107.99	0.00	-19.40
201.10	2099.46	0.00	-31.86
201.20	2079.73	0.00	-44.07
201.30	2051.55	0.00	-55.98
201.40	2016.90	0.00	-67.53
201.50	1975.88	0.00	-78.69
201.60	1928.60	0.00	-89.42
201.70	1875.18	0.00	-99.69
201.80	1815.72	0.00	-109.44
201.90	1750.36	0.00	-118.66
202.00	1679.24	0.00	-127.30
202.10	1602.51	0.00	-135.35
202.20	1520.34	0.00	-142.76
202.30	1432.92	0.00	-149.53
202.40	1340.46	0.00	-155.63
202.50	1243.20	0.00	-161.04
202.60	1141.41	0.00	-165.73
202.70	1035.38	0.00	-169.71
202.80	925.43	0.00	-172.95
202.90	811.94	0.00	-175.45
203.00	695.28	0.00	-177.19
203.10	575.88	0.00	-178.18
203.20	454.20	0.00	-178.42
203.30	330.73	0.00	-177.90
203.40	205.98	0.00	-176.62
203.50	80.51	0.00	-174.60
203.60	-45.11	0.00	-171.84
203.70	-170.29	0.00	-168.35
203.80	-294.41	0.00	-164.15
203.90	-416.85	0.00	-159.26
204.00	-536.96	0.00	-153.68
204.10	-654.09	0.00	-147.45
204.20	-767.61	0.00	-140.58
204.30	-876.87	0.00	-133.11
204.40	-981.25	0.00	-125.06
204.50	-1080.13	0.00	-116.47
204.60	-1172.92	0.00	-107.36
204.70	-1259.07	0.00	-97.78
204.80	-1338.04	0.00	-87.77
204.90	-1409.35	0.00	-77.36
205.00	-1472.56	0.00	-66.60
205.10	-1527.27	0.00	-55.53
205.20	-1573.15	0.00	-44.21
205.30	-1609.90	0.00	-32.68
205.40	-1637.31	0.00	-20.98
205.50	-1655.21	0.00	-9.18
205.60	-1663.50	0.00	2.67
205.70	-1662.17	0.00	14.53
205.80	-1651.25	0.00	26.33
205.90	-1631.35	0.00	38.02
206.00	-1604.63	0.00	49.55
206.10	-1571.34	0.00	60.86
206.20	-1531.60	0.00	71.89
206.30	-1485.50	0.00	82.59
206.40	-1433.18	0.00	92.91
206.50	-1374.77	0.00	102.79
206.60	-1310.44	0.00	112.18
206.70	-1240.39	0.00	121.03
206.80	-1164.83	0.00	129.30
206.90	-1084.01	0.00	136.94
207.00	-998.20	0.00	143.90
207.10	-907.71	0.00	150.15
207.20	-812.87	0.00	155.65
207.30	-714.08	0.00	160.37
207.40	-611.73	0.00	164.27
207.50	-506.26	0.00	167.33
207.60	-398.17	0.00	169.53
207.70	-287.95	0.00	170.85
207.80	-176.16	0.00	171.28
207.90	-63.37	0.00	170.80
208.00	49.82	0.00	169.43
208.10	162.79	0.00	167.14
208.20	274.89	0.00	163.96
208.30	385.47	0.00	159.89
208.40	493.85	0.00	154.95
208.50	599.36	0.00	149.15
208.60	701.32	0.00	142.53
208.70	799.08	0.00	135.11
208.80	891.99	0.00	126.93
208.90	979.39	0.00	118.03
209.00	1060.71	0.00	108.45
209.10	1135.35	0.00	98.25
209.20	1202.79	0.00	87.46
209.30	1262.53	0.00	76.15
209.40	1314.14	0.00	64.38
209.50	1357.24	0.00	52.21
209.60	1391.50	0.00	39.71
209.70	1416.66	0.00	26.94
209.80	1432.53	0.00	13.98
209.90	1439.00	0.00	0.90
210.00	1436.00	0.00	-12.24
210.10	1424.75	0.00	-25.34
210.20	1406.20	0.00	-38.34
210.30	1380.42	0.00	-51.17
210.40	1347.47	0.00	-63.74
210.50	1307.48	0.00	-75.99
210.60	1260.59	0.00	-87.83
210.70	1206.97	0.00	-99.20
210.80	1146.80	0.00	-110.02
210.90	1080.34	0.00	-120.24
211.00	1007.84	0.00	-129.78
211.10	929.60	0.00	-138.58
211.20	845.98	0.00	-146.59
211.30	757.35	0.00	-153.76
211.40	664.12	0.00	-160.03
211.50	566.76	0.00	-165.36
211.60	465.75	0.00	-169.71
211.70	361.65	0.00	-173.06
211.80	255.01	0.00	-175.37
211.90	146.44	0.00	-176.62
212.00	36.59	0.00	-176.80
212.10	-73.88	0.00	-175.89
212.20	-184.28	0.00	-173.91
212.30	-293.90	0.00	-170.85
212.40	-402.01	0.00	-166.73
212.50	-507.87	0.00	-161.56
212.60	-610.75	0.00	-155.37
212.70	-709.91	0.00	-148.19
212.80	-804.63	0.00	-140.07
212.90	-894.21	0.00	-131.04
213.00	-977.96	0.00	-121.16
213.10	-1055.25	0.00	-110.48
213.20	-1125.47	0.00	-99.07
213.30	-1188.06	0.00	-87.00
213.40	-1242.53	0.00	-74.34
213.50	-1288.41	0.00	-61.17
213.60	-1325.35	0.00	-47.56
213.70	-1353.03	0.00	-33.62
213.80	-1371.21	0.00	-19.41
213.90	-1379.75	0.00	-5.04
214.00	-1378.77	0.00	9.40
214.10	-1369.73	0.00	23.82
214.20	-1352.94	0.00	38.12
214.30	-1328.46	0.00	52.21
214.40	-1296.39	0.00	66.00
214.50	-1256.87	0.00	79.39
214.60	-1210.06	0.00	92.29
214.70	-1156.17	0.00	104.61
214.80	-1095.45	0.00	116.27
214.90	-1028.17	0.00	127.19
215.00	-954.66	0.00	137.29
215.10	-875.29	0.00	146.50
215.20	-790.46	0.00	154.75
215.30	-700.62	0.00	161.98
215.40	-606.27	0.00	168.14
215.50	-507.94	0.00	173.19
215.60	-406.20	0.00	177.09
215.70	-301.67	0.00	179.80
215.80	-195.00	0.00	181.31
215.90	-86.87	0.00	181.60
216.00	22.02	0.00	180.66
216.10	130.93	0.00	178.50
216.20	239.12	0.00	175.13
216.30	345.80	0.00	170.58
216.40	450.23	0.00	164.86
216.50	551.63	0.00	158.02
216.60	649.24	0.00	150.11
216.70	742.33	0.00	141.18
216.80	830.16	0.00	131.28
216.90	912.07	0.00	120.50
217.00	987.39	0.00	108.89
217.10	1055.55	0.00	96.55
217.20	1115.97	0.00	83.57
217.30	1168.20	0.00	70.02
217.40	1211.80	0.00	56.01
217.50	1246.44	0.00	41.65
217.60	1271.83	0.00	27.02
217.70	1287.81	0.00	12.23
217.80	1294.25	0.00	-2.61
217.90	1291.13	0.00	-17.39
218.00	1279.10	0.00	-32.01
218.10	1259.34	0.00	-46.37
218.20	1232.00	0.00	-60.36
218.30	1197.24	0.00	-73.88
218.40	1155.27	0.00	-86.85
218.50	1106.33	0.00	-99.16
218.60	1050.69	0.00	-110.74
218.70	988.67	0.00	-121.50
218.80	920.63	0.00	-131.36
218.90	846.97	0.00	-140.26
219.00	768.12	0.00	-148.14
219.10	684.54	0.00	-154.95
219.20	596.76	0.00	-160.64
219.30	505.30	0.00	-165.17
219.40	410.76	0.00	-168.52
219.50	313.74	0.00	-170.68
219.60	214.87	0.00	-171.62
219.70	114.82	0.00	-171.36
219.80	14.27	0.00	-169.89
219.90	-86.10	0.00	-167.25
220.00	-185.57	0.00	-163.44
220.10	-283.43	0.00	-158.52
220.20	-378.99	0.00	-152.51
220.30	-471.53	0.00	-145.48
220.40	-560.38	0.00	-137.48
220.50	-644.88	0.00	-128.57
220.60	-724.40	0.00	-118.83
220.70	-798.33	0.00	-108.32
220.80	-866.12	0.00	-97.14
220.90	-927.26	0.00	-85.37
221.00	-981.30	0.00	-73.09
221.10	-1027.85	0.00	-60.40
221.20	-1066.55	0.00	-47.39
221.30	-1097.16	0.00	-34.16
221.40	-1119.46	0.00	-20.80
221.50	-1133.33	0.00	-7.42
221.60	-1138.71	0.00	5.91
221.70	-1135.63	0.00	19.07
221.80	-1124.81	0.00	31.98
221.90	-1107.04	0.00	44.56
222.00	-1082.47	0.00	56.71
222.10	-1051.28	0.00	68.36
222.20	-1013.69	0.00	79.43
222.30	-969.95	0.00	89.84
222.40	-920.33	0.00	99.54
222.50	-865.16	0.00	108.47
222.60	-804.76	0.00	116.57
222.70	-739.53	0.00	123.79
222.80	-669.85	0.00	130.09
222.90	-596.16	0.00	135.45
223.00	-518.92	0.00	139.84
223.10	-438.61	0.00	143.24
223.20	-355.73	0.00	145.64
223.30	-270.81	0.00	147.03
223.40	-184.39	0.00	147.42
223.50	-97.04	0.00	146.83
223.60	-9.32	0.00	145.26
223.70	78.19	0.00	142.74
223.80	164.91	0.00	139.30
223.90	250.26	0.00	134.98
224.00	333.66	0.00	129.82
224.10	414.55	0.00	123.87
224.20	492.39	0.00	117.16
224.30	566.63	0.00	109.77
224.40	636.78	0.00	101.75
224.50	702.35	0.00	93.16
224.60	762.90	0.00	84.06
224.70	818.04	0.00	74.53
224.80	867.38	0.00	64.63
224.90	910.61	0.00	54.43
225.00	947.47	0.00	44.01
225.10	977.72	0.00	33.43
225.20	1001.19	0.00	22.76
225.30	1017.78	0.00	12.08
225.40	1027.42	0.00	1.46
225.50	1030.10	0.00	-9.05
225.60	1026.33	0.00	-19.36
225.70	1016.81	0.00	-29.43
225.80	1001.66	0.00	-39.18
225.90	981.00	0.00	-48.56
226.00	955.01	0.00	-57.53
226.10	923.87	0.00	-66.01
226.20	887.77	0.00	-73.98
226.30	846.95	0.00	-81.38
226.40	801.65	0.00	-88.18
226.50	752.16	0.00	-94.35
226.60	698.76	0.00	-99.85
226.70	641.77	0.00	-104.66
226.80	581.52	0.00	-108.76
226.90	518.36	0.00	-112.14
227.00	452.65	0.00	-114.78
227.10	384.78	0.00	-116.67
227.20	315.15	0.00	-117.82
227.30	244.16	0.00	-118.23
227.40	172.23	0.00	-117.91
227.50	99.79	0.00	-116.87
227.60	27.27	0.00	-115.13
227.70	-44.89	0.00	-112.70
227.80	-116.27	0.00	-109.61
227.90	-186.43	0.00	-105.90
228.00	-254.95	0.00	-101.58
228.10	-321.41	0.00	-96.71
228.20	-385.42	0.00	-91.31
228.30	-446.59	0.00	-85.42
228.40	-504.55	0.00	-79.10
228.50	-558.96	0.00	-72.38
228.60	-609.50	0.00	-65.31
228.70	-655.88	0.00	-57.95
228.80	-697.84	0.00	-50.34
228.90	-735.16	0.00	-42.54
229.00	-767.64	0.00	-34.59
229.10	-795.13	0.00	-26.55
229.20	-817.50	0.00	-18.47
229.30	-834.68	0.00	-10.40
229.40	-846.63	0.00	-2.40
229.50	-853.35	0.00	5.48
229.60	-854.86	0.00	13.20
229.70	-851.25	0.00	20.71
229.80	-842.63	0.00	27.97
229.90	-829.32	0.00	34.92
230.00	-811.99	0.00	41.54
230.10	-790.84	0.00	47.78
230.20	-766.03	0.00	53.60
230.30	-737.78	0.00	58.98
230.40	-706.29	0.00	63.89
230.50	-671.79	0.00	68.30
230.60	-634.51	0.00	72.20
230.70	-594.72	0.00	75.56
230.80	-552.67	0.00	78.36
230.90	-508.63	0.00	80.61
231.00	-462.90	0.00	82.30
231.10	-415.75	0.00	83.42
231.20	-367.49	0.00	83.98
231.30	-318.41	0.00	83.98
231.40	-268.81	0.00	83.44
231.50	-218.99	0.00	82.36
231.60	-169.27	0.00	80.77
231.70	-119.92	0.00	78.68
231.80	-71.25	0.00	76.13
231.90	-23.53	0.00	73.13
232.00	22.95	0.00	69.71
232.10	67.93	0.00	65.92
232.20	111.17	0.00	61.78
232.30	152.43	0.00	57.32
232.40	191.50	0.00	52.59
232.50	228.16	0.00	47.63
232.60	262.25	0.00	42.47
232.70	293.60	0.00	37.16
232.80	322.08	0.00	31.73
232.90	347.58	0.00	26.23
233.00	370.01	0.00	20.70
233.10	389.31	0.00	15.18
233.20	405.43	0.00	9.71
233.30	418.37	0.00	4.32
233.40	428.14	0.00	-0.95
233.50	434.76	0.00	-6.06
233.60	438.31	0.00	-10.98
233.70	438.86	0.00	-15.69
233.80	436.51	0.00	-20.14
233.90	431.39	0.00	-24.32
234.00	423.63	0.00	-28.19
234.10	413.40	0.00	-31.75
234.20	400.87	0.00	-34.97
234.30	386.23	0.00	-37.84
234.40	369.67	0.00	-40.35
234.50	351.41	0.00	-42.47
234.60	331.67	0.00	-44.22
234.70	310.65	0.00	-45.58
234.80	288.60	0.00	-46.55
234.90	265.74	0.00	-47.14
235.00	242.32	0.00	-47.35
235.10	218.61	0.00	-47.18
235.20	194.80	0.00	-46.64
235.30	171.10	0.00	-45.75
235.40	147.72	0.00	-44.52
235.50	124.84	0.00	-42.96
235.60	102.65	0.00	-41.08
235.70	81.32	0.00	-38.92
235.80	61.04	0.00	-36.48
235.90	41.95	0.00	-33.79
236.00	24.20	0.00	-30.88
236.10	7.93	0.00	-27.75
236.20	-6.74	0.00	-24.45
236.30	-19.71	0.00	-20.98
236.40	-30.89	0.00	-17.39
236.50	-40.19	0.00	-13.69
236.60	-47.56	0.00	-9.91
236.70	-52.95	0.00	-6.08
236.80	-56.34	0.00	-2.21
236.90	-57.71	0.00	1.65
237.00	-57.07	0.00	5.48
237.10	-54.44	0.00	9.27
237.20	-49.87	0.00	12.97
237.30	-43.41	0.00	16.58
237.40	-35.13	0.00	20.06
237.50	-25.12	0.00	23.38
237.60	-13.47	0.00	26.53
237.70	-0.32	0.00	29.48
237.80	14.21	0.00	32.21
237.90	29.99	0.00	34.70
238.00	46.85	0.00	36.92
238.10	64.62	0.00	38.86
238.20	83.14	0.00	40.50
238.30	102.21	0.00	41.83
238.40	121.65	0.00	42.82
238.50	141.25	0.00	43.47
238.60	160.82	0.00	43.76
238.70	180.13	0.00	43.68
238.80	199.00	0.00	43.22
238.90	217.19	0.00	42.38
239.00	234.49	0.00	41.15
239.10	250.71	0.00	39.53
239.20	265.62	0.00	37.52
239.30	279.02	0.00	35.12
239.40	290.71	0.00	32.34
239.50	300.49	0.00	29.19
239.60	308.19	0.00	25.68
239.70	313.63	0.00	21.82
239.80	316.63	0.00	17.63
239.90	317.06	0.00	13.12
240.00	314.77	0.00	8.33
240.10	309.63	0.00	3.28
240.20	301.55	0.00	-2.01
240.30	290.42	0.00	-7.50
240.40	276.20	0.00	-13.15
240.50	258.83	0.00	-18.93
240.60	238.28	0.00	-24.81
240.70	214.56	0.00	-30.73
240.80	187.69	0.00	-36.65
240.90	157.73	0.00	-42.54
241.00	124.74	0.00	-48.33
241.10	88.85	0.00	-53.98
241.20	50.18	0.00	-59.44
241.30	8.91	0.00	-64.67
241.40	-34.78	0.00	-69.60
241.50	-80.65	0.00	-74.20
241.60	-128.46	0.00	-78.40
241.70	-177.91	0.00	-82.17
241.80	-228.71	0.00	-85.46
241.90	-280.51	0.00	-88.22
242.00	-332.94	0.00	-90.41
242.10	-385.62	0.00	-91.99
242.20	-438.15	0.00	-92.92
242.30	-490.09	0.00	-93.18
242.40	-541.02	0.00	-92.74
242.50	-590.46	0.00	-91.58
242.60	-637.98	0.00	-89.67
242.70	-683.09	0.00	-87.01
242.80	-725.35	0.00	-83.58
242.90	-764.28	0.00	-79.40
243.00	-799.45	0.00	-74.47
243.10	-830.43	0.00	-68.79
243.20	-857.24	0.00	-62.39
243.30	-879.81	0.00	-55.29
243.40	-897.86	0.00	-47.52
243.50	-911.07	0.00	-39.13
243.60	-919.18	0.00	-30.15
243.70	-921.94	0.00	-20.64
243.80	-919.11	0.00	-10.65
243.90	-910.50	0.00	-0.24
244.00	-895.92	0.00	10.51
244.10	-875.24	0.00	21.54
244.20	-848.33	0.00	32.77
244.30	-815.13	0.00	44.12
244.40	-775.59	0.00	55.51
244.50	-729.72	0.00	66.85
244.60	-677.56	0.00	78.05
244.70	-619.20	0.00	89.04
244.80	-554.78	0.00	99.71
244.90	-484.49	0.00	109.98
245.00	-408.57	0.00	119.76
245.10	-327.31	0.00	128.97
245.20	-241.08	0.00	137.51
245.30	-150.26	0.00	145.32
245.40	-55.32	0.00	152.31
245.50	43.22	0.00	158.42
245.60	144.79	0.00	163.57
245.70	248.78	0.00	167.70
245.80	354.51	0.00	170.76
245.90	461.27	0.00	172.70
246.00	568.31	0.00	173.49
246.10	674.84	0.00	173.09
246.20	780.03	0.00	171.47
246.30	883.05	0.00	168.63
246.40	983.03	0.00	164.56
246.50	1079.11	0.00	159.26
246.60	1170.44	0.00	152.74
246.70	1256.15	0.00	145.03
246.80	1335.41	0.00	136.17
246.90	1407.43	0.00	126.18
247.00	1471.43	0.00	115.12
247.10	1526.71	0.00	103.05
247.20	1572.63	0.00	90.04
247.30	1610.20	0.00	76.17
247.40	1639.98	0.00	61.50
247.50	1661.66	0.00	46.14
247.60	1674.92	0.00	30.18
247.70	1679.51	0.00	13.72
247.80	1675.18	0.00	-3.14
247.90	1661.70	0.00	-20.27
248.00	1638.90	0.00	-37.57
248.10	1606.63	0.00	-54.93
248.20	1564.76	0.00	-72.22
248.30	1513.24	0.00	-89.32
248.40	1452.01	0.00	-106.12
248.50	1381.12	0.00	-122.50
248.60	1300.62	0.00	-138.35
248.70	1210.65	0.00	-153.54
248.80	1111.41	0.00	-167.97
248.90	1003.14	0.00	-181.54
249.00	886.17	0.00	-194.15
249.10	760.92	0.00	-205.70
249.20	627.84	0.00	-216.10
249.30	487.51	0.00	-225.28
249.40	340.56	0.00	-233.17
249.50	187.69	0.00	-239.70
249.60	29.71	0.00	-244.82
249.70	-132.51	0.00	-248.49
249.80	-298.04	0.00	-250.67
249.90	-465.85	0.00	-251.34
250.00	-634.88	0.00	-250.47
250.10	-803.99	0.00	-248.08
250.20	-972.01	0.00	-244.17
250.30	-1137.72	0.00	-238.74
250.40	-1299.89	0.00	-231.84
250.50	-1457.27	0.00	-223.50
250.60	-1608.60	0.00	-213.76
250.70	-1752.64	0.00	-202.68
250.80	-1888.18	0.00	-190.33
250.90	-2014.05	0.00	-176.77
251.00	-2129.11	0.00	-162.09
251.10	-2232.33	0.00	-146.39
251.20	-2322.72	0.00	-129.74
251.30	-2399.41	0.00	-112.26
251.40	-2461.62	0.00	-94.05
251.50	-2510.01	0.00	-75.21
251.60	-2548.82	0.00	-55.87
251.70	-2578.28	0.00	-36.14
251.80	-2598.21	0.00	-16.13
251.90	-2608.46	0.00	4.04
252.00	-2608.86	0.00	24.24
252.10	-2599.27	0.00	44.36
252.20	-2579.52	0.00	64.28
252.30	-2549.47	0.00	83.89
252.40	-2509.00	0.00	103.08
252.50	-2457.98	0.00	121.73
252.60	-2396.31	0.00	139.75
252.70	-2323.92	0.00	157.03
252.80	-2240.77	0.00	173.49
252.90	-2146.85	0.00	189.03
253.00	-2042.21	0.00	203.58
253.10	-1926.93	0.00	217.07
253.20	-1801.18	0.00	229.42
253.30	-1665.15	0.00	240.57
253.40	-1519.15	0.00	250.49
253.50	-1363.52	0.00	259.13
253.60	-1198.71	0.00	266.44
253.70	-1025.25	0.00	272.42
253.80	-843.73	0.00	277.03
253.90	-654.86	0.00	280.26
254.00	-459.41	0.00	282.13
254.10	-258.26	0.00	282.62
254.20	-52.34	0.00	281.76
254.30	157.32	0.00	279.57
254.40	369.62	0.00	276.07
254.50	583.42	0.00	271.29
254.60	797.49	0.00	265.28
254.70	1010.57	0.00	258.08
254.80	1221.38	0.00	249.74
254.90	1428.58	0.00	240.32
255.00	1630.84	0.00	229.87
255.10	1826.84	0.00	218.46
255.20	2015.25	0.00	206.16
255.30	2194.78	0.00	193.04
255.40	2364.17	0.00	179.17
255.50	2522.22	0.00	164.61
255.60	2667.79	0.00	149.46
255.70	2799.81	0.00	133.77
255.80	2917.33	0.00	117.64
255.90	3019.45	0.00	101.13
256.00	3105.40	0.00	84.32
256.10	3174.55	0.00	67.29
256.20	3226.34	0.00	50.11
256.30	3260.72	0.00	32.85
256.40	3284.94	0.00	15.59
256.50	3302.04	0.00	-1.61
256.60	3312.02	0.00	-18.67
256.70	3314.84	0.00	-35.54
256.80	3310.42	0.00	-52.16
256.90	3298.66	0.00	-68.45
257.00	3279.41	0.00	-84.37
257.10	3252.51	0.00	-99.87
257.20	3217.76	0.00	-114.89
257.30	3174.94	0.00	-129.38
257.40	3123.83	0.00	-143.30
257.50	3064.19	0.00	-156.62
257.60	2995.77	0.00	-169.28
257.70	2918.36	0.00	-181.26
257.80	2831.72	0.00	-192.53
257.90	2735.68	0.00	-203.05
258.00	2630.06	0.00	-212.81
258.10	2514.73	0.00	-221.77
258.20	2389.63	0.00	-229.92
258.30	2254.72	0.00	-237.25
258.40	2110.05	0.00	-243.73
258.50	1955.70	0.00	-249.36
258.60	1791.86	0.00	-254.13
258.70	1618.78	0.00	-258.03
258.80	1436.78	0.00	-261.05
258.90	1246.29	0.00	-263.21
259.00	1047.80	0.00	-264.49
259.10	841.90	0.00	-264.91
259.20	629.26	0.00	-264.47
259.30	410.64	0.00	-263.17
259.40	186.88	0.00	-261.03
259.50	-41.11	0.00	-258.05
259.60	-272.32	0.00	-254.26
259.70	-505.70	0.00	-249.67
259.80	-740.14	0.00	-244.30
259.90	-974.45	0.00	-238.17
260.00	-1207.41	0.00	-231.29
260.10	-1437.77	0.00	-223.70
260.20	-1664.25	0.00	-215.41
260.30	-1885.55	0.00	-206.46
260.40	-2100.36	0.00	-196.87
260.50	-2307.40	0.00	-186.67
260.60	-2505.37	0.00	-175.89
260.70	-2693.05	0.00	-164.58
260.80	-2869.20	0.00	-152.75
260.90	-3032.69	0.00	-140.44
261.00	-3182.40	0.00	-127.70
261.10	-3317.34	0.00	-114.56
261.20	-3436.54	0.00	-101.05
261.30	-3539.18	0.00	-87.21
261.40	-3624.49	0.00	-73.10
261.50	-3691.85	0.00	-58.74
261.60	-3740.73	0.00	-44.17
261.70	-3770.78	0.00	-29.45
261.80	-3790.22	0.00	-14.61
261.90	-3805.02	0.00	0.31
262.00	-3815.12	0.00	15.26
262.10	-3820.40	0.00	30.20
262.20	-3820.67	0.00	45.09
262.30	-3815.71	0.00	59.88
262.40	-3805.24	0.00	74.53
262.50	-3788.93	0.00	89.00
262.60	-3766.41	0.00	103.24
262.70	-3737.27	0.00	117.22
262.80	-3701.07	0.00	130.89
262.90	-3657.35	0.00	144.21
263.00	-3605.63	0.00	157.14
263.10	-3545.43	0.00	169.65
263.20	-3476.27	0.00	181.69
263.30	-3397.67	0.00	193.22
263.40	-3309.21	0.00	204.22
263.50	-3210.45	0.00	214.64
263.60	-3101.03	0.00	224.46
263.70	-2980.62	0.00	233.64
263.80	-2848.97	0.00	242.15
263.90	-2705.88	0.00	249.96
264.00	-2551.24	0.00	257.04
264.10	-2385.03	0.00	263.38
264.20	-2207.30	0.00	268.95
264.30	-2018.22	0.00	273.72
264.40	-1818.05	0.00	277.68
264.50	-1607.18	0.00	280.80
264.60	-1386.08	0.00	283.08
264.70	-1155.34	0.00	284.51
264.80	-915.69	0.00	285.06
264.90	-667.93	0.00	284.75
265.00	-412.99	0.00	283.55
265.10	-151.90	0.00	281.46
265.20	114.20	0.00	278.49
265.30	384.09	0.00	274.65
265.40	656.47	0.00	269.92
265.50	929.94	0.00	264.33
265.60	1203.05	0.00	257.88
265.70	1474.29	0.00	250.58
265.80	1742.12	0.00	242.46
265.90	2004.94	0.00	233.53
266.00	2261.17	0.00	223.81
266.10	2509.19	0.00	213.32
266.20	2747.41	0.00	202.10
266.30	2974.26	0.00	190.18
266.40	3188.23	0.00	177.58
266.50	3387.83	0.00	164.33
266.60	3571.67	0.00	150.49
266.70	3738.43	0.00	136.08
266.80	3886.87	0.00	121.15
266.90	4015.90	0.00	105.74
267.00	4124.52	0.00	89.90
267.10	4211.86	0.00	73.68
267.20	4277.20	0.00	57.12
267.30	4319.98	0.00	40.28
267.40	4341.42	0.00	23.21
267.50	4355.58	0.00	5.96
267.60	4365.70	0.00	-11.41
267.70	4371.61	0.00	-28.84
267.80	4373.08	0.00	-46.28
267.90	4369.81	0.00	-63.67
268.00	4361.41	0.00	-80.96
268.10	4347.44	0.00	-98.08
268.20	4327.40	0.00	-114.97
268.30	4300.72	0.00	-131.59
268.40	4266.81	0.00	-147.86
268.50	4225.04	0.00	-163.74
268.60	4174.74	0.00	-179.17
268.70	4115.25	0.00	-194.10
268.80	4045.89	0.00	-208.46
268.90	3966.01	0.00	-222.22
269.00	3874.98	0.00	-235.31
269.10	3772.22	0.00	-247.70
269.20	3657.17	0.00	-259.33
269.30	3529.37	0.00	-270.16
269.40	3388.41	0.00	-280.15
269.50	3234.00	0.00	-289.27
269.60	3065.92	0.00	-297.46
269.70	2884.08	0.00	-304.72
269.80	2688.49	0.00	-310.99
269.90	2479.31	0.00	-316.26
270.00	2256.81	0.00	-320.51
270.10	2021.41	0.00	-323.70
270.20	1773.68	0.00	-325.84
270.30	1514.32	0.00	-326.90
270.40	1244.16	0.00	-326.87
270.50	964.19	0.00	-325.76
270.60	675.53	0.00	-323.56
270.70	379.43	0.00	-320.27
270.80	77.26	0.00	-315.90
270.90	-229.49	0.00	-310.45
271.00	-539.24	0.00	-303.95
271.10	-850.30	0.00	-296.42
271.20	-1160.93	0.00	-287.86
271.30	-1469.31	0.00	-278.31
271.40	-1773.56	0.00	-267.80
271.50	-2071.81	0.00	-256.36
271.60	-2362.14	0.00	-244.03
271.70	-2642.66	0.00	-230.83
271.80	-2911.50	0.00	-216.83
271.90	-3166.83	0.00	-202.06
272.00	-3406.88	0.00	-186.57
272.10	-3629.97	0.00	-170.41
272.20	-3834.51	0.00	-153.64
272.30	-4019.02	0.00	-136.31
272.40	-4182.14	0.00	-118.49
272.50	-4322.69	0.00	-100.22
272.60	-4439.60	0.00	-81.58
272.70	-4532.00	0.00	-62.63
272.80	-4599.18	0.00	-43.43
272.90	-4640.63	0.00	-24.05
273.00	-4656.00	0.00	-4.56
273.10	-4655.51	0.00	14.97
273.20	-4650.90	0.00	34.48
273.30	-4642.02	0.00	53.90
273.40	-4628.64	0.00	73.16
273.50	-4610.43	0.00	92.19
273.60	-4587.00	0.00	110.92
273.70	-4557.88	0.00	129.29
273.80	-4522.52	0.00	147.23
273.90	-4480.34	0.00	164.68
274.00	-4430.70	0.00	181.57
274.10	-4372.94	0.00	197.85
274.20	-4306.38	0.00	213.46
274.30	-4230.33	0.00	228.34
274.40	-4144.12	0.00	242.43
274.50	-4047.11	0.00	255.70
274.60	-3938.68	0.00	268.09
274.70	-3818.28	0.00	279.56
274.80	-3685.41	0.00	290.06
274.90	-3539.68	0.00	299.57
275.00	-3380.77	0.00	308.05
275.10	-3208.46	0.00	315.46
275.20	-3022.67	0.00	321.80
275.30	-2823.42	0.00	327.03
275.40	-2610.86	0.00	331.14
275.50	-2385.30	0.00	334.12
275.60	-2147.17	0.00	335.95
275.70	-1897.04	0.00	336.65
275.80	-1635.65	0.00	336.20
275.90	-1363.86	0.00	334.62
276.00	-1082.66	0.00	331.91
276.10	-793.19	0.00	328.09
276.20	-496.72	0.00	323.18
276.30	-194.62	0.00	317.20
276.40	111.61	0.00	310.17
276.50	420.41	0.00	302.12
276.60	730.09	0.00	293.09
276.70	1038.94	0.00	283.12
276.80	1345.17	0.00	272.23
276.90	1646.96	0.00	260.49
277.00	1942.47	0.00	247.92
277.10	2229.86	0.00	234.59
277.20	2507.31	0.00	220.53
277.30	2773.04	0.00	205.81
277.40	3025.30	0.00	190.47
277.50	3262.43	0.00	174.57
277.60	3482.84	0.00	158.17
277.70	3685.05	0.00	141.31
277.80	3867.70	0.00	124.07
277.90	4029.55	0.00	106.50
278.00	4169.49	0.00	88.66
278.10	4286.59	0.00	70.60
278.20	4380.06	0.00	52.38
278.30	4449.28	0.00	34.06
278.40	4493.82	0.00	15.71
278.50	4513.41	0.00	-2.64
278.60	4508.87	0.00	-20.91
278.70	4494.95	0.00	-39.06
278.80	4476.76	0.00	-57.03
278.90	4454.12	0.00	-74.78
279.00	4426.78	0.00	-92.25
279.10	4394.42	0.00	-109.39
279.20	4356.63	0.00	-126.16
279.30	4312.94	0.00	-142.52
279.40	4262.85	0.00	-158.41
279.50	4205.79	0.00	-173.79
279.60	4141.17	0.00	-188.64
279.70	4068.37	0.00	-202.90
279.80	3986.78	0.00	-216.54
279.90	3895.77	0.00	-229.53
280.00	3794.74	0.00	-241.83
280.10	3683.15	0.00	-253.40
280.20	3560.45	0.00	-264.23
280.30	3426.19	0.00	-274.27
280.40	3279.98	0.00	-283.51
280.50	3121.50	0.00	-291.91
280.60	2950.55	0.00	-299.45
280.70	2767.01	0.00	-306.11
280.80	2570.88	0.00	-311.86
280.90	2362.30	0.00	-316.69
281.00	2141.51	0.00	-320.58
281.10	1908.90	0.00	-323.50
281.20	1665.00	0.00	-325.44
281.30	1410.46	0.00	-326.40
281.40	1146.10	0.00	-326.35
281.50	872.84	0.00	-325.28
281.60	591.77	0.00	-323.19
281.70	304.09	0.00	-320.08
281.80	11.13	0.00	-315.92
281.90	-285.67	0.00	-310.74
282.00	-584.78	0.00	-304.51
282.10	-884.54	0.00	-297.26
282.20	-1183.25	0.00	-288.98
282.30	-1479.12	0.00	-279.68
282.40	-1770.33	0.00	-269.38
282.50	-2055.01	0.00	-258.09
282.60	-2331.30	0.00	-245.84
282.70	-2597.32	0.00	-232.63
282.80	-2851.22	0.00	-218.51
282.90	-3091.22	0.00	-203.50
283.00	-3315.56	0.00	-187.64
283.10	-3522.57	0.00	-170.97
283.20	-3710.71	0.00	-153.52
283.30	-3878.52	0.00	-135.35
283.40	-4024.69	0.00	-116.52
283.50	-4148.05	0.00	-97.07
283.60	-4247.60	0.00	-77.06
283.70	-4322.51	0.00	-56.57
283.80	-4372.14	0.00	-35.66
283.90	-4396.03	0.00	-14.41
284.00	-4394.45	0.00	7.12
284.10	-4380.63	0.00	28.83
284.20	-4360.32	0.00	50.65
284.30	-4333.26	0.00	72.49
284.40	-4299.12	0.00	94.26
284.50	-4257.50	0.00	115.87
284.60	-4207.93	0.00	137.22
284.70	-4149.93	0.00	158.23
284.80	-4082.92	0.00	178.79
284.90	-4006.35	0.00	198.82
285.00	-3919.63	0.00	218.20
285.10	-3822.19	0.00	236.86
285.20	-3713.46	0.00	254.70
285.30	-3592.93	0.00	271.63
285.40	-3460.14	0.00	287.55
285.50	-3314.69	0.00	302.38
285.60	-3156.27	0.00	316.03
285.70	-2984.68	0.00	328.44
285.80	-2799.84	0.00	339.53
285.90	-2601.77	0.00	349.22
286.00	-2390.65	0.00	357.46
286.10	-2166.82	0.00	364.19
286.20	-1930.77	0.00	369.35
286.30	-1683.12	0.00	372.92
286.40	-1424.69	0.00	374.86
286.50	-1156.46	0.00	375.13
286.60	-879.55	0.00	373.73
286.70	-595.25	0.00	370.64
286.80	-304.99	0.00	365.86
286.90	-10.33	0.00	359.41
287.00	287.03	0.00	351.30
287.10	585.29	0.00	341.56
287.20	882.58	0.00	330.23
287.30	1176.94	0.00	317.35
287.40	1466.36	0.00	302.98
287.50	1748.83	0.00	287.19
287.60	2022.32	0.00	270.04
287.70	2284.82	0.00	251.61
287.80	2534.36	0.00	232.00
287.90	2769.08	0.00	211.30
288.00	2987.16	0.00	189.61
288.10	3186.95	0.00	167.04
288.20	3366.89	0.00	143.70
288.30	3525.60	0.00	119.72
288.40	3661.89	0.00	95.22
288.50	3774.74	0.00	70.32
288.60	3863.34	0.00	45.16
288.70	3927.09	0.00	19.86
288.80	3965.61	0.00	-5.44
288.90	3978.75	0.00	-30.60
289.00	3966.59	0.00	-55.51
289.10	3930.79	0.00	-80.01
289.20	3883.45	0.00	-104.00
289.30	3827.33	0.00	-127.33
289.40	3762.41	0.00	-149.89
289.50	3688.62	0.00	-171.56
289.60	3605.87	0.00	-192.23
289.70	3514.06	0.00	-211.79
289.80	3413.08	0.00	-230.14
289.90	3302.84	0.00	-247.20
290.00	3183.26	0.00	-262.87
290.10	3054.30	0.00	-277.08
290.20	2915.94	0.00	-289.76
290.30	2768.26	0.00	-300.86
290.40	2611.36	0.00	-310.34
290.50	2445.45	0.00	-318.14
290.60	2270.82	0.00	-324.25
290.70	2087.82	0.00	-328.64
290.80	1896.94	0.00	-331.32
290.90	1698.73	0.00	-332.28
291.00	1493.87	0.00	-331.55
291.10	1283.11	0.00	-329.13
291.20	1067.31	0.00	-325.07
291.30	847.43	0.00	-319.42
291.40	624.49	0.00	-312.22
291.50	399.61	0.00	-303.54
291.60	173.94	0.00	-293.44
291.70	-51.28	0.00	-282.02
291.80	-274.80	0.00	-269.34
291.90	-495.32	0.00	-255.51
292.00	-711.55	0.00	-240.61
292.10	-922.19	0.00	-224.77
292.20	-1125.98	0.00	-208.07
292.30	-1321.66	0.00	-190.64
292.40	-1508.04	0.00	-172.59
292.50	-1684.01	0.00	-154.03
292.60	-1848.52	0.00	-135.08
292.70	-2000.59	0.00	-115.86
292.80	-2139.37	0.00	-96.49
292.90	-2264.12	0.00	-77.08
293.00	-2374.20	0.00	-57.74
293.10	-2469.10	0.00	-38.59
293.20	-2548.44	0.00	-19.74
293.30	-2611.99	0.00	-1.28
293.40	-2659.61	0.00	16.68
293.50	-2691.33	0.00	34.05
293.60	-2707.30	0.00	50.74
293.70	-2707.77	0.00	66.69
293.80	-2693.15	0.00	81.80
293.90	-2663.93	0.00	96.02
294.00	-2620.71	0.00	109.28
294.10	-2564.72	0.00	121.55
294.20	-2501.56	0.00	132.77
294.30	-2432.87	0.00	142.92
294.40	-2358.95	0.00	151.96
294.50	-2280.11	0.00	159.89
294.60	-2196.64	0.00	166.70
294.70	-2108.85	0.00	172.38
294.80	-2017.04	0.00	176.94
294.90	-1921.50	0.00	180.40
295.00	-1822.55	0.00	182.79
295.10	-1720.50	0.00	184.14
295.20	-1615.67	0.00	184.47
295.30	-1508.38	0.00	183.84
295.40	-1398.96	0.00	182.29
295.50	-1287.77	0.00	179.87
295.60	-1175.15	0.00	176.65
295.70	-1061.46	0.00	172.69
295.80	-947.05	0.00	168.04
295.90	-832.30	0.00	162.79
296.00	-717.56	0.00	156.98
296.10	-603.20	0.00	150.71
296.20	-489.58	0.00	144.03
296.30	-377.06	0.00	137.02
296.40	-265.99	0.00	129.74
296.50	-156.69	0.00	122.27
296.60	-49.49	0.00	114.67
296.70	55.30	0.00	107.00
296.80	157.39	0.00	99.32
296.90	256.50	0.00	91.70
297.00	352.38	0.00	84.17
297.10	444.81	0.00	76.80
297.20	533.57	0.00	69.62
297.30	618.47	0.00	62.67
297.40	699.35	0.00	55.98
297.50	776.08	0.00	49.59
297.60	848.52	0.00	43.52
297.70	916.59	0.00	37.77
297.80	980.20	0.00	32.37
297.90	1039.30	0.00	27.33
298.00	1093.84	0.00	22.63
298.10	1143.82	0.00	18.29
298.20	1189.21	0.00	14.28
298.30	1230.03	0.00	10.60
298.40	1266.29	0.00	7.24
298.50	1298.03	0.00	4.16
298.60	1325.27	0.00	1.36
298.70	1348.07	0.00	-1.21
298.80	1366.47	0.00	-3.56
298.90	1380.53	0.00	-5.73
299.00	1390.29	0.00	-7.76
299.10	1395.83	0.00	-9.66
299.20	1397.20	0.00	-11.47
299.30	1394.47	0.00	-13.24
299.40	1387.68	0.00	-14.98
299.50	1376.92	0.00	-16.73
299.60	1362.38	0.00	-18.53
299.70	1345.52	0.00	-20.38
299.80	1326.68	0.00	-22.33
299.90	1305.82	0.00	-24.38
300.00	1282.92	0.00	-26.57
300.10	1257.93	0.00	-28.90
300.20	1230.79	0.00	-31.39
300.30	1201.44	0.00	-34.04
300.40	1169.82	0.00	-36.85
300.50	1135.84	0.00	-39.84
300.60	1099.46	0.00	-42.98
300.70	1060.59	0.00	-46.28
300.80	1019.18	0.00	-49.72
300.90	975.17	0.00	-53.28
301.00	928.51	0.00	-56.94
301.10	879.18	0.00	-60.68
301.20	827.14	0.00	-64.48
301.30	772.40	0.00	-68.30
301.40	714.97	0.00	-72.11
301.50	654.87	0.00	-75.88
301.60	592.16	0.00	-79.57
301.70	526.92	0.00	-83.14
301.80	459.25	0.00	-86.55
301.90	389.26	0.00	-89.78
302.00	317.13	0.00	-92.77
302.10	243.01	0.00	-95.49
302.20	167.13	0.00	-97.90
302.30	89.71	0.00	-99.96
302.40	11.02	0.00	-101.65
302.50	-68.67	0.00	-102.93
302.60	-149.04	0.00	-103.77
302.70	-229.75	0.00	-104.14
302.80	-310.46	0.00	-104.03
302.90	-390.79	0.00	-103.40
303.00	-470.35	0.00	-102.25
303.10	-548.73	0.00	-100.56
303.20	-625.52	0.00	-98.33
303.30	-700.30	0.00	-95.56
303.40	-772.65	0.00	-92.23
303.50	-842.14	0.00	-88.37
303.60	-908.35	0.00	-83.98
303.70	-970.86	0.00	-79.08
303.80	-1029.29	0.00	-73.68
303.90	-1083.25	0.00	-67.80
304.00	-1132.37	0.00	-61.49
304.10	-1176.33	0.00	-54.76
304.20	-1214.80	0.00	-47.65
304.30	-1247.53	0.00	-40.20
304.40	-1274.25	0.00	-32.45
304.50	-1294.78	0.00	-24.45
304.60	-1308.94	0.00	-16.24
304.70	-1316.61	0.00	-7.87
304.80	-1317.73	0.00	0.61
304.90	-1312.27	0.00	9.16
305.00	-1301.41	0.00	17.71
305.10	-1285.73	0.00	26.22
305.20	-1265.25	0.00	34.64
305.30	-1240.01	0.00	42.91
305.40	-1210.06	0.00	50.98
305.50	-1175.48	0.00	58.81
305.60	-1136.35	0.00	66.35
305.70	-1092.79	0.00	73.55
305.80	-1044.93	0.00	80.37
305.90	-992.91	0.00	86.77
306.00	-936.91	0.00	92.71
306.10	-877.11	0.00	98.15
306.20	-813.74	0.00	103.07
306.30	-747.02	0.00	107.44
306.40	-677.20	0.00	111.24
306.50	-604.57	0.00	114.43
306.60	-529.42	0.00	117.02
306.70	-452.07	0.00	118.98
306.80	-372.85	0.00	120.31
306.90	-292.11	0.00	121.00
307.00	-210.23	0.00	121.06
307.10	-127.58	0.00	120.49
307.20	-44.56	0.00	119.30
307.30	38.42	0.00	117.49
307.40	120.97	0.00	115.09
307.50	202.66	0.00	112.12
307.60	283.07	0.00	108.59
307.70	361.79	0.00	104.53
307.80	438.42	0.00	99.97
307.90	512.55	0.00	94.95
308.00	583.79	0.00	89.49
308.10	651.76	0.00	83.63
308.20	716.11	0.00	77.41
308.30	776.50	0.00	70.87
308.40	832.62	0.00	64.05
308.50	884.17	0.00	56.99
308.60	930.91	0.00	49.74
308.70	972.59	0.00	42.33
308.80	1009.04	0.00	34.81
308.90	1040.07	0.00	27.23
309.00	1065.58	0.00	19.62
309.10	1085.47	0.00	12.03
309.20	1099.68	0.00	4.50
309.30	1108.20	0.00	-2.92
309.40	1111.06	0.00	-10.21
309.50	1108.31	0.00	-17.32
309.60	1100.05	0.00	-24.22
309.70	1087.17	0.00	-30.88
309.80	1070.24	0.00	-37.25
309.90	1049.39	0.00	-43.32
310.00	1024.74	0.00	-49.05
310.10	996.44	0.00	-54.43
310.20	964.64	0.00	-59.43
310.30	929.50	0.00	-64.03
310.40	891.19	0.00	-68.22
310.50	849.87	0.00	-71.99
310.60	805.75	0.00	-75.31
310.70	759.01	0.00	-78.20
310.80	709.85	0.00	-80.63
310.90	658.49	0.00	-82.63
311.00	605.12	0.00	-84.17
311.10	549.98	0.00	-85.27
311.20	493.28	0.00	-85.94
311.30	435.25	0.00	-86.19
311.40	376.13	0.00	-86.02
311.50	316.14	0.00	-85.46
311.60	255.52	0.00	-84.52
311.70	194.50	0.00	-83.22
311.80	133.33	0.00	-81.58
311.90	72.22	0.00	-79.62
312.00	11.40	0.00	-77.37
312.10	-48.89	0.00	-74.85
312.20	-108.45	0.00	-72.09
312.30	-167.06	0.00	-69.12
312.40	-224.52	0.00	-65.96
312.50	-280.63	0.00	-62.65
312.60	-335.22	0.00	-59.20
312.70	-388.10	0.00	-55.66
312.80	-439.11	0.00	-52.04
312.90	-488.11	0.00	-48.38
313.00	-534.96	0.00	-44.69
313.10	-579.53	0.00	-41.01
313.20	-621.71	0.00	-37.36
313.30	-661.40	0.00	-33.76
313.40	-698.52	0.00	-30.24
313.50	-733.01	0.00	-26.80
313.60	-764.79	0.00	-23.48
313.70	-793.82	0.00	-20.27
313.80	-820.07	0.00	-17.20
313.90	-843.52	0.00	-14.28
314.00	-864.16	0.00	-11.51
314.10	-881.98	0.00	-8.90
314.20	-896.98	0.00	-6.45
314.30	-909.19	0.00	-4.16
314.40	-918.62	0.00	-2.03
314.50	-925.30	0.00	-0.05
314.60	-929.69	0.00	1.77
314.70	-932.28	0.00	3.46
314.80	-933.10	0.00	5.03
314.90	-932.20	0.00	6.48
315.00	-929.59	0.00	7.83
315.10	-925.30	0.00	9.10
315.20	-919.33	0.00	10.31
315.30	-911.68	0.00	11.47
315.40	-902.35	0.00	12.61
315.50	-891.31	0.00	13.75
315.60	-878.54	0.00	14.90
315.70	-864.00	0.00	16.10
315.80	-847.66	0.00	17.35
315.90	-829.44	0.00	18.68
316.00	-809.30	0.00	20.11
316.10	-787.17	0.00	21.66
316.20	-762.98	0.00	23.34
316.30	-736.64	0.00	25.17
316.40	-708.08	0.00	27.16
316.50	-677.21	0.00	29.33
316.60	-643.96	0.00	31.67
316.70	-608.23	0.00	34.19
316.80	-569.94	0.00	36.90
316.90	-529.02	0.00	39.80
317.00	-485.41	0.00	42.87
317.10	-439.03	0.00	46.12
317.20	-389.85	0.00	49.53
317.30	-337.82	0.00	53.09
317.40	-282.92	0.00	56.79
317.50	-225.14	0.00	60.59
317.60	-164.51	0.00	64.48
317.70	-101.05	0.00	68.42
317.80	-34.83	0.00	72.40
317.90	34.08	0.00	76.37
318.00	105.54	0.00	80.30
318.10	179.43	0.00	84.16
318.20	255.58	0.00	87.90
318.30	333.77	0.00	91.48
318.40	413.78	0.00	94.87
318.50	495.34	0.00	98.01
318.60	578.14	0.00	100.87
318.70	661.85	0.00	103.41
318.80	746.11	0.00	105.57
318.90	830.51	0.00	107.32
319.00	914.64	0.00	108.63
319.10	998.03	0.00	109.44
319.20	1080.21	0.00	109.73
319.30	1160.67	0.00	109.45
319.40	1238.89	0.00	108.59
319.50	1314.33	0.00	107.11
319.60	1386.45	0.00	105.00
319.70	1454.69	0.00	102.22
319.80	1518.48	0.00	98.77
319.90	1577.28	0.00	94.63
320.00	1630.54	0.00	89.81
320.10	1677.81	0.00	84.30
320.20	1720.62	0.00	78.10
320.30	1759.47	0.00	71.23
320.40	1794.07	0.00	63.71
320.50	1824.15	0.00	55.55
320.60	1849.41	0.00	46.77
320.70	1869.58	0.00	37.43
320.80	1884.36	0.00	27.54
320.90	1893.47	0.00	17.15
321.00	1896.62	0.00	6.32
321.10	1893.53	0.00	-4.92
321.20	1883.92	0.00	-16.50
321.30	1867.51	0.00	-28.37
321.40	1844.05	0.00	-40.46
321.50	1813.28	0.00	-52.71
321.60	1774.99	0.00	-65.04
321.70	1728.96	0.00	-77.40
321.80	1675.01	0.00	-89.70
321.90	1612.98	0.00	-101.88
322.00	1542.75	0.00	-113.85
322.10	1464.24	0.00	-125.55
322.20	1377.41	0.00	-136.91
322.30	1282.27	0.00	-147.84
322.40	1178.88	0.00	-158.29
322.50	1067.37	0.00	-168.17
322.60	947.90	0.00	-177.43
322.70	820.72	0.00	-186.00
322.80	686.15	0.00	-193.82
322.90	544.57	0.00	-200.83
323.00	396.43	0.00	-206.99
323.10	242.26	0.00	-212.24
323.20	82.66	0.00	-216.54
323.30	-81.69	0.00	-219.86
323.40	-250.04	0.00	-222.16
323.50	-421.59	0.00	-223.41
323.60	-595.45	0.00	-223.60
323.70	-770.68	0.00	-222.71
323.80	-946.29	0.00	-220.73
323.90	-1121.24	0.00	-217.67
324.00	-1294.46	0.00	-213.51
324.10	-1464.82	0.00	-208.29
324.20	-1631.20	0.00	-202.01
324.30	-1792.44	0.00	-194.69
324.40	-1947.42	0.00	-186.36
324.50	-2094.98	0.00	-177.06
324.60	-2234.03	0.00	-166.82
324.70	-2363.47	0.00	-155.70
324.80	-2482.27	0.00	-143.74
324.90	-2589.45	0.00	-130.99
325.00	-2684.11	0.00	-117.51
325.10	-2765.40	0.00	-103.36
325.20	-2832.57	0.00	-88.62
325.30	-2884.98	0.00	-73.35
325.40	-2923.23	0.00	-57.62
325.50	-2953.49	0.00	-41.50
325.60	-2976.65	0.00	-25.07
325.70	-2992.56	0.00	-8.41
325.80	-3001.06	0.00	8.41
325.90	-3001.97	0.00	25.30
326.00	-2995.09	0.00	42.18
326.10	-2980.20	0.00	58.99
326.20	-2957.07	0.00	75.64
326.30	-2925.46	0.00	92.05
326.40	-2885.11	0.00	108.15
326.50	-2835.79	0.00	123.86
326.60	-2777.24	0.00	139.12
326.70	-2709.23	0.00	153.86
326.80	-2631.55	0.00	168.00
326.90	-2544.01	0.00	181.49
327.00	-2446.45	0.00	194.27
327.10	-2338.77	0.00	206.28
327.20	-2220.90	0.00	217.47
327.30	-2092.84	0.00	227.80
327.40	-1954.64	0.00	237.21
327.50	-1806.43	0.00	245.67
327.60	-1648.43	0.00	253.15
327.70	-1480.92	0.00	259.61
327.80	-1304.27	0.00	265.02
327.90	-1118.95	0.00	269.38
328.00	-925.52	0.00	272.65
328.10	-724.64	0.00	274.83
328.20	-517.03	0.00	275.90
328.30	-303.55	0.00	275.88
328.40	-85.11	0.00	274.74
328.50	137.27	0.00	272.51
328.60	362.52	0.00	269.19
328.70	589.46	0.00	264.79
328.80	816.89	0.00	259.34
328.90	1043.51	0.00	252.85
329.00	1268.01	0.00	245.34
329.10	1489.03	0.00	236.85
329.20	1705.19	0.00	227.42
329.30	1915.11	0.00	217.06
329.40	2117.39	0.00	205.84
329.50	2310.69	0.00	193.77
329.60	2493.65	0.00	180.92
329.70	2664.98	0.00	167.33
329.80	2823.47	0.00	153.04
329.90	2967.93	0.00	138.12
330.00	3097.31	0.00	122.61
330.10	3210.60	0.00	106.58
330.20	3306.93	0.00	90.08
330.30	3385.54	0.00	73.17
330.40	3445.80	0.00	55.92
330.50	3487.19	0.00	38.39
330.60	3509.35	0.00	20.65
330.70	3517.19	0.00	2.75
330.80	3518.04	0.00	-15.21
330.90	3511.88	0.00	-33.19
331.00	3498.58	0.00	-51.11
331.10	3477.97	0.00	-68.90
331.20	3449.84	0.00	-86.49
331.30	3413.96	0.00	-103.81
331.40	3370.05	0.00	-120.79
331.50	3317.85	0.00	-137.36
331.60	3257.05	0.00	-153.45
331.70	3187.36	0.00	-169.00
331.80	3108.48	0.00	-183.93
331.90	3020.12	0.00	-198.19
332.00	2922.05	0.00	-211.71
332.10	2814.05	0.00	-224.42
332.20	2695.93	0.00	-236.28
332.30	2567.60	0.00	-247.22
332.40	2428.98	0.00	-257.20
332.50	2280.12	0.00	-266.16
332.60	2121.12	0.00	-274.05
332.70	1952.16	0.00	-280.85
332.80	1773.54	0.00	-286.50
332.90	1585.64	0.00	-290.98
333.00	1388.97	0.00	-294.27
333.10	1184.11	0.00	-296.33
333.20	971.77	0.00	-297.16
333.30	752.76	0.00	-296.74
333.40	527.98	0.00	-295.07
333.50	298.45	0.00	-292.14
333.60	65.26	0.00	-287.97
333.70	-170.41	0.00	-282.57
333.80	-407.31	0.00	-275.95
333.90	-644.12	0.00	-268.15
334.00	-879.46	0.00	-259.20
334.10	-1111.94	0.00	-249.13
334.20	-1340.12	0.00	-237.99
334.30	-1562.56	0.00	-225.82
334.40	-1777.81	0.00	-212.69
334.50	-1984.48	0.00	-198.66
334.60	-2181.16	0.00	-183.78
334.70	-2366.53	0.00	-168.14
334.80	-2539.34	0.00	-151.80
334.90	-2698.38	0.00	-134.85
335.00	-2842.58	0.00	-117.38
335.10	-2970.95	0.00	-99.45
335.20	-3082.62	0.00	-81.17
335.30	-3176.85	0.00	-62.63
335.40	-3253.04	0.00	-43.91
335.50	-3310.72	0.00	-25.10
335.60	-3349.58	0.00	-6.31
335.70	-3369.45	0.00	12.37
335.80	-3370.33	0.00	30.86
335.90	-3352.45	0.00	49.07
336.00	-3323.21	0.00	66.90
336.10	-3286.91	0.00	84.27
336.20	-3243.60	0.00	101.10
336.30	-3193.29	0.00	117.31
336.40	-3135.96	0.00	132.83
336.50	-3071.60	0.00	147.58
336.60	-3000.18	0.00	161.51
336.70	-2921.66	0.00	174.54
336.80	-2836.02	0.00	186.64
336.90	-2743.25	0.00	197.75
337.00	-2643.34	0.00	207.83
337.10	-2536.33	0.00	216.84
337.20	-2422.27	0.00	224.77
337.30	-2301.25	0.00	231.58
337.40	-2173.43	0.00	237.27
337.50	-2038.98	0.00	241.82
337.60	-1898.14	0.00	245.24
337.70	-1751.20	0.00	247.53
337.80	-1598.51	0.00	248.71
337.90	-1440.47	0.00	248.79
338.00	-1277.54	0.00	247.79
338.10	-1110.25	0.00	245.75
338.20	-939.16	0.00	242.69
338.30	-764.90	0.00	238.67
338.40	-588.15	0.00	233.72
338.50	-409.61	0.00	227.89
338.60	-230.05	0.00	221.23
338.70	-50.25	0.00	213.80
338.80	128.98	0.00	205.66
338.90	306.81	0.00	196.85
339.00	482.39	0.00	187.45
339.10	654.89	0.00	177.51
339.20	823.45	0.00	167.10
339.30	987.26	0.00	156.28
339.40	1145.51	0.00	145.10
339.50	1297.41	0.00	133.64
339.60	1442.22	0.00	121.95
339.70	1579.23	0.00	110.09
339.80	1707.79	0.00	98.12
339.90	1827.28	0.00	86.08
340.00	1937.17	0.00	74.05
340.10	2036.95	0.00	62.05
340.20	2126.22	0.00	50.14
340.30	2204.62	0.00	38.37
340.40	2271.86	0.00	26.77
340.50	2327.74	0.00	15.39
340.60	2372.11	0.00	4.25
340.70	2404.91	0.00	-6.62
340.80	2426.14	0.00	-17.18
340.90	2435.88	0.00	-27.40
341.00	2434.26	0.00	-37.28
341.10	2421.49	0.00	-46.78
341.20	2397.84	0.00	-55.90
341.30	2364.29	0.00	-64.61
341.40	2325.44	0.00	-72.92
341.50	2282.18	0.00	-80.80
341.60	2234.62	0.00	-88.25
341.70	2182.84	0.00	-95.28
341.80	2126.92	0.00	-101.86
341.90	2066.92	0.00	-108.01
342.00	2002.90	0.00	-113.72
342.10	1934.92	0.00	-118.99
342.20	1863.04	0.00	-123.82
342.30	1787.31	0.00	-128.22
342.40	1707.81	0.00	-132.19
342.50	1624.60	0.00	-135.72
342.60	1537.78	0.00	-138.83
342.70	1447.43	0.00	-141.52
342.80	1353.69	0.00	-143.79
342.90	1256.67	0.00	-145.64
343.00	1156.54	0.00	-147.08
343.10	1053.47	0.00	-148.11
343.20	947.66	0.00	-148.73
343.30	839.33	0.00	-148.95
343.40	728.72	0.00	-148.76
343.50	616.11	0.00	-148.18
343.60	501.80	0.00	-147.21
343.70	386.10	0.00	-145.84
343.80	269.36	0.00	-144.08
343.90	151.95	0.00	-141.94
344.00	34.25	0.00	-139.42
344.10	-83.33	0.00	-136.53
344.20	-200.36	0.00	-133.26
344.30	-316.41	0.00	-129.62
344.40	-431.03	0.00	-125.62
344.50	-543.74	0.00	-121.27
344.60	-654.10	0.00	-116.58
344.70	-761.62	0.00	-111.55
344.80	-865.84	0.00	-106.20
344.90	-966.30	0.00	-100.53
345.00	-1062.53	0.00	-94.57
345.10	-1154.10	0.00	-88.32
345.20	-1240.57	0.00	-81.79
345.30	-1321.53	0.00	-75.02
345.40	-1396.59	0.00	-68.00
345.50	-1465.39	0.00	-60.77
345.60	-1527.60	0.00	-53.35
345.70	-1582.91	0.00	-45.75
345.80	-1631.06	0.00	-38.00
345.90	-1671.81	0.00	-30.13
346.00	-1704.98	0.00	-22.15
346.10	-1730.42	0.00	-14.10
346.20	-1748.01	0.00	-6.01
346.30	-1757.70	0.00	2.11
346.40	-1759.46	0.00	10.22
346.50	-1753.33	0.00	18.29
346.60	-1739.37	0.00	26.29
346.70	-1718.60	0.00	34.20
346.80	-1693.18	0.00	41.99
346.90	-1663.23	0.00	49.62
347.00	-1628.79	0.00	57.07
347.10	-1589.91	0.00	64.31
347.20	-1546.65	0.00	71.31
347.30	-1499.06	0.00	78.04
347.40	-1447.21	0.00	84.49
347.50	-1391.18	0.00	90.61
347.60	-1331.06	0.00	96.40
347.70	-1266.95	0.00	101.82
347.80	-1198.97	0.00	106.86
347.90	-1127.24	0.00	111.49
348.00	-1051.92	0.00	115.71
348.10	-973.18	0.00	119.48
348.20	-891.20	0.00	122.80
348.30	-806.20	0.00	125.65
348.40	-718.41	0.00	128.02
348.50	-628.07	0.00	129.90
348.60	-535.47	0.00	131.28
348.70	-440.91	0.00	132.16
348.80	-344.70	0.00	132.54
348.90	-247.18	0.00	132.41
349.00	-148.72	0.00	131.77
349.10	-49.68	0.00	130.62
349.20	49.52	0.00	128.98
349.30	148.49	0.00	126.84
349.40	246.81	0.00	124.20
349.50	344.03	0.00	121.10
349.60	439.72	0.00	117.52
349.70	533.43	0.00	113.49
349.80	624.72	0.00	109.02
349.90	713.15	0.00	104.14
350.00	798.27	0.00	98.84
350.10	879.66	0.00	93.17
350.20	956.90	0.00	87.14
350.30	1029.60	0.00	80.76
350.40	1097.35	0.00	74.08
350.50	1159.82	0.00	67.10
350.60	1216.66	0.00	59.86
350.70	1267.56	0.00	52.39
350.80	1312.26	0.00	44.72
350.90	1350.51	0.00	36.87
351.00	1382.11	0.00	28.89
351.10	1406.89	0.00	20.78
351.20	1424.72	0.00	12.60
351.30	1435.52	0.00	4.38
351.40	1439.24	0.00	-3.86
351.50	1435.89	0.00	-12.08
351.60	1425.79	0.00	-20.24
351.70	1410.57	0.00	-28.32
351.80	1390.50	0.00	-36.27
351.90	1365.64	0.00	-44.06
352.00	1336.04	0.00	-51.67
352.10	1301.78	0.00	-59.06
352.20	1262.92	0.00	-66.19
352.30	1219.58	0.00	-73.04
352.40	1171.84	0.00	-79.58
352.50	1119.84	0.00	-85.77
352.60	1063.70	0.00	-91.59
352.70	1003.57	0.00	-97.01
352.80	939.62	0.00	-102.01
352.90	872.04	0.00	-106.57
353.00	801.02	0.00	-110.65
353.10	726.81	0.00	-114.25
353.20	649.63	0.00	-117.35
353.30	569.75	0.00	-119.93
353.40	487.47	0.00	-121.97
353.50	403.08	0.00	-123.48
353.60	316.91	0.00	-124.43
353.70	229.31	0.00	-124.83
353.80	140.64	0.00	-124.68
353.90	51.27	0.00	-123.96
354.00	-38.40	0.00	-122.69
354.10	-127.97	0.00	-120.88
354.20	-217.02	0.00	-118.52
354.30	-305.13	0.00	-115.64
354.40	-391.88	0.00	-112.24
354.50	-476.82	0.00	-108.35
354.60	-559.54	0.00	-103.97
354.70	-639.62	0.00	-99.14
354.80	-716.63	0.00	-93.88
354.90	-790.17	0.00	-88.22
355.00	-859.86	0.00	-82.18
355.10	-925.32	0.00	-75.79
355.20	-986.20	0.00	-69.10
355.30	-1042.19	0.00	-62.12
355.40	-1092.97	0.00	-54.91
355.50	-1138.29	0.00	-47.49
355.60	-1177.91	0.00	-39.90
355.70	-1211.62	0.00	-32.19
355.80	-1239.27	0.00	-24.39
355.90	-1260.72	0.00	-16.54
356.00	-1275.89	0.00	-8.68
356.10	-1284.73	0.00	-0.86
356.20	-1287.23	0.00	6.89
356.30	-1283.75	0.00	14.54
356.40	-1275.59	0.00	22.03
356.50	-1262.93	0.00	29.35
356.60	-1245.85	0.00	36.45
356.70	-1224.44	0.00	43.29
356.80	-1198.79	0.00	49.86
356.90	-1169.00	0.00	56.11
357.00	-1135.19	0.00	62.03
357.10	-1097.49	0.00	67.59
357.20	-1056.03	0.00	72.76
357.30	-1010.95	0.00	77.53
357.40	-962.41	0.00	81.88
357.50	-910.58	0.00	85.80
357.60	-855.64	0.00	89.28
357.70	-797.77	0.00	92.31
357.80	-737.17	0.00	94.89
357.90	-674.06	0.00	97.01
358.00	-608.65	0.00	98.68
358.10	-541.17	0.00	99.90
358.20	-471.87	0.00	100.67
358.30	-400.98	0.00	101.01
358.40	-328.77	0.00	100.93
358.50	-255.50	0.00	100.44
358.60	-181.43	0.00	99.56
358.70	-106.84	0.00	98.30
358.80	-32.01	0.00	96.69
358.90	42.78	0.00	94.74
359.00	117.26	0.00	92.48
359.10	191.15	0.00	89.93
359.20	264.15	0.00	87.11
359.30	336.00	0.00	84.04
359.40	406.43	0.00	80.76
359.50	475.17	0.00	77.29
359.60	541.95	0.00	73.64
359.70	606.54	0.00	69.84
359.80	668.68	0.00	65.91
359.90	728.14	0.00	61.88
360.00	784.70	0.00	57.77
360.10	838.16	0.00	53.58
360.20	888.32	0.00	49.35
360.30	935.00	0.00	45.08
360.40	978.03	0.00	40.79
360.50	1017.27	0.00	36.50
360.60	1052.56	0.00	32.21
360.70	1083.80	0.00	27.93
360.80	1110.87	0.00	23.68
360.90	1133.70	0.00	19.44
361.00	1152.19	0.00	15.24
361.10	1166.31	0.00	11.07
361.20	1176.00	0.00	6.93
361.30	1181.24	0.00	2.83
361.40	1182.54	0.00	-1.24
361.50	1180.80	0.00	-5.28
361.60	1176.02	0.00	-9.30
361.70	1168.22	0.00	-13.29
361.80	1157.39	0.00	-17.27
361.90	1143.53	0.00	-21.23
362.00	1126.62	0.00	-25.17
362.10	1106.65	0.00	-29.11
362.20	1083.62	0.00	-33.04
362.30	1057.50	0.00	-36.97
362.40	1028.29	0.00	-40.89
362.50	995.97	0.00	-44.81
362.60	960.53	0.00	-48.72
362.70	921.98	0.00	-52.62
362.80	880.31	0.00	-56.51
362.90	835.53	0.00	-60.37
363.00	787.66	0.00	-64.20
363.10	736.72	0.00	-67.99
363.20	682.77	0.00	-71.73
363.30	625.84	0.00	-75.39
363.40	566.02	0.00	-78.96
363.50	503.39	0.00	-82.42
363.60	438.05	0.00	-85.76
363.70	370.14	0.00	-88.94
363.80	299.80	0.00	-91.94
363.90	227.20	0.00	-94.74
364.00	152.54	0.00	-97.31
364.10	76.03	0.00	-99.62
364.20	-2.08	0.00	-101.64
364.30	-81.51	0.00	-103.35
364.40	-161.99	0.00	-104.71
364.50	-243.19	0.00	-105.70
364.60	-324.77	0.00	-106.28
364.70	-406.36	0.00	-106.44
364.80	-487.59	0.00	-106.15
364.90	-568.05	0.00	-105.37
365.00	-647.32	0.00	-104.10
365.10	-724.97	0.00	-102.31
365.20	-800.55	0.00	-99.99
365.30	-873.61	0.00	-97.12
365.40	-943.70	0.00	-93.70
365.50	-1010.36	0.00	-89.71
365.60	-1073.15	0.00	-85.16
365.70	-1131.61	0.00	-80.05
365.80	-1185.32	0.00	-74.39
365.90	-1233.86	0.00	-68.19
366.00	-1276.85	0.00	-61.47
366.10	-1313.92	0.00	-54.24
366.20	-1344.73	0.00	-46.53
366.30	-1368.99	0.00	-38.38
366.40	-1386.43	0.00	-29.82
366.50	-1396.84	0.00	-20.89
366.60	-1400.38	0.00	-11.63
366.70	-1398.42	0.00	-2.09
366.80	-1391.03	0.00	7.67
366.90	-1378.13	0.00	17.61
367.00	-1359.64	0.00	27.66
367.10	-1335.53	0.00	37.76
367.20	-1305.76	0.00	47.85
367.30	-1270.34	0.00	57.86
367.40	-1229.27	0.00	67.73
367.50	-1182.61	0.00	77.39
367.60	-1130.43	0.00	86.78
367.70	-1072.84	0.00	95.82
367.80	-1009.97	0.00	104.45
367.90	-942.00	0.00	112.61
368.00	-869.13	0.00	120.23
368.10	-791.61	0.00	127.25
368.20	-709.72	0.00	133.62
368.30	-623.78	0.00	139.29
368.40	-534.16	0.00	144.20
368.50	-441.25	0.00	148.32
368.60	-345.48	0.00	151.59
368.70	-247.33	0.00	154.00
368.80	-147.32	0.00	155.51
368.90	-45.97	0.00	156.11
369.00	56.15	0.00	155.76
369.10	158.43	0.00	154.48
369.20	260.28	0.00	152.25
369.30	361.05	0.00	149.09
369.40	460.10	0.00	144.99
369.50	556.79	0.00	139.99
369.60	650.46	0.00	134.11
369.70	740.49	0.00	127.38
369.80	826.24	0.00	119.83
369.90	907.10	0.00	111.52
370.00	982.49	0.00	102.50
370.10	1051.87	0.00	92.81
370.20	1114.71	0.00	82.52
370.30	1170.56	0.00	71.70
370.40	1219.00	0.00	60.42
370.50	1259.67	0.00	48.74
370.60	1292.25	0.00	36.75
370.70	1316.52	0.00	24.52
370.80	1332.29	0.00	12.13
370.90	1339.46	0.00	-0.33
371.00	1337.99	0.00	-12.78
371.10	1327.90	0.00	-25.15
371.20	1309.52	0.00	-37.34
371.30	1284.30	0.00	-49.28
371.40	1252.58	0.00	-60.90
371.50	1214.53	0.00	-72.11
371.60	1170.30	0.00	-82.84
371.70	1120.11	0.00	-93.02
371.80	1064.20	0.00	-102.60
371.90	1002.82	0.00	-111.49
372.00	936.27	0.00	-119.67
372.10	864.87	0.00	-127.06
372.20	788.99	0.00	-133.62
372.30	709.00	0.00	-139.32
372.40	625.32	0.00	-144.13
372.50	538.41	0.00	-148.01
372.60	448.72	0.00	-150.95
372.70	356.76	0.00	-152.94
372.80	263.05	0.00	-153.95
372.90	168.13	0.00	-154.01
373.00	72.58	0.00	-153.10
373.10	-23.05	0.00	-151.25
373.20	-118.15	0.00	-148.48
373.30	-212.14	0.00	-144.80
373.40	-304.41	0.00	-140.24
373.50	-394.37	0.00	-134.85
373.60	-481.44	0.00	-128.67
373.70	-565.04	0.00	-121.73
373.80	-644.61	0.00	-114.10
373.90	-719.61	0.00	-105.82
374.00	-789.55	0.00	-96.95
374.10	-853.95	0.00	-87.55
374.20	-912.36	0.00	-77.69
374.30	-964.41	0.00	-67.43
374.40	-1009.74	0.00	-56.84
374.50	-1048.05	0.00	-45.99
374.60	-1079.10	0.00	-34.94
374.70	-1102.69	0.00	-23.78
374.80	-1118.69	0.00	-12.55
374.90	-1127.03	0.00	-1.35
375.00	-1127.67	0.00	9.78
375.10	-1121.22	0.00	20.75
375.20	-1108.49	0.00	31.51
375.30	-1089.56	0.00	41.99
375.40	-1064.57	0.00	52.14
375.50	-1033.65	0.00	61.90
375.60	-996.96	0.00	71.21
375.70	-954.70	0.00	80.02
375.80	-907.08	0.00	88.29
375.90	-854.34	0.00	95.98
376.00	-796.73	0.00	103.05
376.10	-734.54	0.00	109.46
376.20	-668.09	0.00	115.18
376.30	-597.69	0.00	120.19
376.40	-523.72	0.00	124.48
376.50	-446.53	0.00	128.01
376.60	-366.54	0.00	130.79
376.70	-284.16	0.00	132.81
376.80	-199.82	0.00	134.06
376.90	-113.99	0.00	134.54
377.00	-27.12	0.00	134.27
377.10	60.29	0.00	133.26
377.20	147.76	0.00	131.51
377.30	234.79	0.00	129.05
377.40	320.88	0.00	125.91
377.50	405.52	0.00	122.10
377.60	488.21	0.00	117.66
377.70	568.46	0.00	112.62
377.80	645.78	0.00	107.01
377.90	719.71	0.00	100.88
378.00	789.79	0.00	94.26
378.10	855.60	0.00	87.19
378.20	916.72	0.00	79.73
378.30	972.78	0.00	71.91
378.40	1023.44	0.00	63.79
378.50	1068.38	0.00	55.40
378.60	1107.33	0.00	46.81
378.70	1140.06	0.00	38.05
378.80	1166.38	0.00	29.17
378.90	1186.14	0.00	20.23
379.00	1199.77	0.00	11.27
379.10	1208.13	0.00	2.35
379.20	1211.25	0.00	-6.51
379.30	1209.16	0.00	-15.24
379.40	1201.87	0.00	-23.81
379.50	1189.45	0.00	-32.17
379.60	1171.95	0.00	-40.29
379.70	1149.45	0.00	-48.12
379.80	1122.04	0.00	-55.64
379.90	1089.83	0.00	-62.80
380.00	1052.94	0.00	-69.58
380.10	1011.50	0.00	-75.95
380.20	965.67	0.00	-81.88
380.30	915.60	0.00	-87.36
380.40	861.48	0.00	-92.35
380.50	803.50	0.00	-96.86
380.60	741.87	0.00	-100.85
380.70	676.82	0.00	-104.33
380.80	608.59	0.00	-107.29
380.90	537.45	0.00	-109.71
381.00	463.65	0.00	-111.61
381.10	387.49	0.00	-112.98
381.20	309.27	0.00	-113.83
381.30	229.30	0.00	-114.16
381.40	147.91	0.00	-113.99
381.50	65.42	0.00	-113.33
381.60	-17.81	0.00	-112.18
381.70	-101.43	0.00	-110.58
381.80	-185.09	0.00	-108.53
381.90	-268.42	0.00	-106.07
382.00	-351.07	0.00	-103.20
382.10	-432.66	0.00	-99.96
382.20	-512.85	0.00	-96.37
382.30	-591.26	0.00	-92.46
382.40	-667.56	0.00	-88.25
382.50	-741.40	0.00	-83.78
382.60	-812.45	0.00	-79.06
382.70	-880.39	0.00	-74.13
382.80	-944.92	0.00	-69.02
382.90	-1005.76	0.00	-63.74
383.00	-1062.64	0.00	-58.34
383.10	-1115.31	0.00	-52.84
383.20	-1163.54	0.00	-47.26
383.30	-1207.13	0.00	-41.63
383.40	-1245.90	0.00	-35.97
383.50	-1279.69	0.00	-30.30
383.60	-1308.39	0.00	-24.65
383.70	-1331.87	0.00	-19.04
383.80	-1350.06	0.00	-13.48
383.90	-1362.91	0.00	-7.99
384.00	-1371.32	0.00	-2.59
384.10	-1376.29	0.00	2.71
384.20	-1377.84	0.00	7.90
384.30	-1375.99	0.00	12.97
384.40	-1370.79	0.00	17.90
384.50	-1362.24	0.00	22.70
384.60	-1350.37	0.00	27.36
384.70	-1335.20	0.00	31.86
384.80	-1316.75	0.00	36.22
384.90	-1295.03	0.00	40.42
385.00	-1270.07	0.00	44.47
385.10	-1241.86	0.00	48.37
385.20	-1210.43	0.00	52.11
385.30	-1175.79	0.00	55.71
385.40	-1137.94	0.00	59.16
385.50	-1096.91	0.00	62.46
385.60	-1052.70	0.00	65.63
385.70	-1005.34	0.00	68.65
385.80	-954.86	0.00	71.55
385.90	-901.28	0.00	74.30
386.00	-844.63	0.00	76.94
386.10	-784.96	0.00	79.44
386.20	-722.33	0.00	81.82
386.30	-656.79	0.00	84.07
386.40	-588.42	0.00	86.20
386.50	-517.31	0.00	88.20
386.60	-443.54	0.00	90.08
386.70	-367.24	0.00	91.83
386.80	-288.54	0.00	93.44
386.90	-207.58	0.00	94.92
387.00	-124.53	0.00	96.25
387.10	-39.56	0.00	97.43
387.20	47.12	0.00	98.45
387.30	135.30	0.00	99.30
387.40	224.74	0.00	99.97
387.50	315.17	0.00	100.45
387.60	406.33	0.00	100.73
387.70	497.92	0.00	100.79
387.80	589.62	0.00	100.63
387.90	681.09	0.00	100.23
388.00	772.00	0.00	99.57
388.10	861.98	0.00	98.65
388.20	950.63	0.00	97.44
388.30	1037.59	0.00	95.94
388.40	1122.43	0.00	94.14
388.50	1204.75	0.00	92.01
388.60	1284.14	0.00	89.55
388.70	1360.16	0.00	86.76
388.80	1432.40	0.00	83.61
388.90	1500.43	0.00	80.11
389.00	1563.85	0.00	76.24
389.10	1622.24	0.00	72.00
389.20	1675.21	0.00	67.40
389.30	1722.38	0.00	62.42
389.40	1763.38	0.00	57.08
389.50	1797.87	0.00	51.38
389.60	1825.59	0.00	45.31
389.70	1848.38	0.00	38.90
389.80	1867.35	0.00	32.15
389.90	1882.33	0.00	25.08
390.00	1893.17	0.00	17.70
390.10	1899.73	0.00	10.04
390.20	1901.82	0.00	2.11
390.30	1899.29	0.00	-6.06
390.40	1891.95	0.00	-14.44
390.50	1879.64	0.00	-23.00
390.60	1862.16	0.00	-31.72
390.70	1839.35	0.00	-40.55
390.80	1811.04	0.00	-49.47
390.90	1777.05	0.00	-58.43
391.00	1737.23	0.00	-67.39
391.10	1691.43	0.00	-76.32
391.20	1639.53	0.00	-85.18
391.30	1581.40	0.00	-93.91
391.40	1516.96	0.00	-102.48
391.50	1446.13	0.00	-110.84
391.60	1368.89	0.00	-118.95
391.70	1285.23	0.00	-126.77
391.80	1195.17	0.00	-134.25
391.90	1098.78	0.00	-141.35
392.00	996.18	0.00	-148.02
392.10	887.52	0.00	-154.24
392.20	773.00	0.00	-159.95
392.30	652.88	0.00	-165.12
392.40	527.46	0.00	-169.71
392.50	397.10	0.00	-173.70
392.60	262.21	0.00	-177.05
392.70	123.24	0.00	-179.74
392.80	-19.28	0.00	-181.73
392.90	-164.79	0.00	-183.02
393.00	-312.68	0.00	-183.57
393.10	-462.27	0.00	-183.38
393.20	-612.86	0.00	-182.43
393.30	-763.71	0.00	-180.71
393.40	-914.04	0.00	-178.23
393.50	-1063.02	0.00	-174.98
393.60	-1209.83	0.00	-170.96
393.70	-1353.60	0.00	-166.18
393.80	-1493.48	0.00	-160.66
393.90	-1628.60	0.00	-154.40
394.00	-1758.08	0.00	-147.43
394.10	-1881.07	0.00	-139.77
394.20	-1996.74	0.00	-131.43
394.30	-2104.28	0.00	-122.46
394.40	-2202.91	0.00	-112.88
394.50	-2291.90	0.00	-102.73
394.60	-2370.57	0.00	-92.05
394.70	-2438.30	0.00	-80.86
394.80	-2494.52	0.00	-69.23
394.90	-2538.75	0.00	-57.20
395.00	-2570.57	0.00	-44.80
395.10	-2591.04	0.00	-32.09
395.20	-2604.96	0.00	-19.13
395.30	-2612.66	0.00	-5.95
395.40	-2614.00	0.00	7.38
395.50	-2608.86	0.00	20.80
395.60	-2597.08	0.00	34.27
395.70	-2578.50	0.00	47.74
395.80	-2552.95	0.00	61.13
395.90	-2520.24	0.00	74.41
396.00	-2480.21	0.00	87.51
396.10	-2432.67	0.00	100.38
396.20	-2377.45	0.00	112.96
396.30	-2314.38	0.00	125.21
396.40	-2243.32	0.00	137.07
396.50	-2164.13	0.00	148.48
396.60	-2076.73	0.00	159.41
396.70	-1981.03	0.00	169.80
396.80	-1877.02	0.00	179.61
396.90	-1764.71	0.00	188.80
397.00	-1644.15	0.00	197.31
397.10	-1515.48	0.00	205.12
397.20	-1378.87	0.00	212.18
397.30	-1234.57	0.00	218.47
397.40	-1082.88	0.00	223.95
397.50	-924.19	0.00	228.59
397.60	-758.95	0.00	232.36
397.70	-587.70	0.00	235.25
397.80	-411.03	0.00	237.23
397.90	-229.62	0.00	238.28
398.00	-44.23	0.00	238.40
398.10	144.34	0.00	237.58
398.20	335.19	0.00	235.80
398.30	527.39	0.00	233.06
398.40	719.93	0.00	229.37
398.50	911.76	0.00	224.73
398.60	1101.79	0.00	219.15
398.70	1288.91	0.00	212.63
398.80	1471.98	0.00	205.20
398.90	1649.83	0.00	196.88
399.00	1821.32	0.00	187.68
399.10	1985.29	0.00	177.64
399.20	2140.61	0.00	166.78
399.30	2286.20	0.00	155.14
399.40	2420.99	0.00	142.75
399.50	2543.98	0.00	129.67
399.60	2654.25	0.00	115.94
399.70	2750.94	0.00	101.59
399.80	2833.27	0.00	86.70
399.90	2900.56	0.00	71.30
400.00	2952.24	0.00	55.47
400.10	2987.85	0.00	39.26
400.20	3007.02	0.00	22.74
400.30	3012.21	0.00	5.97
400.40	3009.62	0.00	-10.97
400.50	2999.40	0.00	-28.02
400.60	2981.44	0.00	-45.10
400.70	2955.59	0.00	-62.13
400.80	2921.67	0.00	-79.05
400.90	2879.52	0.00	-95.76
401.00	2828.94	0.00	-112.20
401.10	2769.75	0.00	-128.29
401.20	2701.76	0.00	-143.95
401.30	2624.81	0.00	-159.11
401.40	2538.74	0.00	-173.68
401.50	2443.43	0.00	-187.59
401.60	2338.80	0.00	-200.78
401.70	2224.80	0.00	-213.17
401.80	2101.44	0.00	-224.69
401.90	1968.79	0.00	-235.28
402.00	1827.00	0.00	-244.88
402.10	1676.28	0.00	-253.43
402.20	1516.92	0.00	-260.88
402.30	1349.29	0.00	-267.19
402.40	1173.88	0.00	-272.30
402.50	991.23	0.00	-276.20
402.60	802.01	0.00	-278.83
402.70	606.96	0.00	-280.18
402.80	406.91	0.00	-280.24
402.90	202.78	0.00	-278.98
403.00	-4.41	0.00	-276.40
403.10	-213.59	0.00	-272.52
403.20	-423.60	0.00	-267.32
403.30	-633.23	0.00	-260.84
403.40	-841.23	0.00	-253.09
403.50	-1046.31	0.00	-244.11
403.60	-1247.14	0.00	-233.93
403.70	-1442.39	0.00	-222.60
403.80	-1630.73	0.00	-210.17
403.90	-1810.87	0.00	-196.69
404.00	-1981.51	0.00	-182.23
404.10	-2141.44	0.00	-166.87
404.20	-2289.48	0.00	-150.67
404.30	-2424.55	0.00	-133.72
404.40	-2545.63	0.00	-116.10
404.50	-2651.83	0.00	-97.91
404.60	-2742.36	0.00	-79.24
404.70	-2816.54	0.00	-60.18
404.80	-2873.85	0.00	-40.84
404.90	-2913.88	0.00	-21.31
405.00	-2936.36	0.00	-1.71
405.10	-2941.20	0.00	17.87
405.20	-2928.43	0.00	37.32
405.30	-2902.99	0.00	56.53
405.40	-2868.91	0.00	75.40
405.50	-2826.25	0.00	93.83
405.60	-2775.03	0.00	111.72
405.70	-2715.29	0.00	128.98
405.80	-2647.08	0.00	145.50
405.90	-2570.45	0.00	161.21
406.00	-2485.44	0.00	176.02
406.10	-2392.16	0.00	189.85
406.20	-2290.71	0.00	202.63
406.30	-2181.24	0.00	214.30
406.40	-2063.94	0.00	224.78
406.50	-1939.03	0.00	234.04
406.60	-1806.81	0.00	242.03
406.70	-1667.61	0.00	248.70
406.80	-1521.84	0.00	254.04
406.90	-1369.95	0.00	258.02
407.00	-1212.47	0.00	260.62
407.10	-1050.00	0.00	261.86
407.20	-883.20	0.00	261.72
407.30	-712.76	0.00	260.22
407.40	-539.48	0.00	257.39
407.50	-364.18	0.00	253.24
407.60	-187.74	0.00	247.83
407.70	-11.08	0.00	241.19
407.80	164.85	0.00	233.37
407.90	339.08	0.00	224.43
408.00	510.60	0.00	214.44
408.10	678.43	0.00	203.46
408.20	841.56	0.00	191.58
408.30	999.02	0.00	178.87
408.40	1149.86	0.00	165.41
408.50	1293.15	0.00	151.29
408.60	1428.04	0.00	136.61
408.70	1553.71	0.00	121.45
408.80	1669.40	0.00	105.91
408.90	1774.46	0.00	90.09
409.00	1868.29	0.00	74.07
409.10	1950.38	0.00	57.96
409.20	2020.32	0.00	41.85
409.30	2077.80	0.00	25.83
409.40	2122.61	0.00	9.98
409.50	2154.63	0.00	-5.60
409.60	2173.84	0.00	-20.83
409.70	2180.34	0.00	-35.63
409.80	2174.31	0.00	-49.93
409.90	2156.03	0.00	-63.66
410.00	2125.87	0.00	-76.76
410.10	2084.61	0.00	-89.16
410.20	2036.00	0.00	-100.81
410.30	1981.15	0.00	-111.67
410.40	1920.32	0.00	-121.70
410.50	1853.80	0.00	-130.85
410.60	1781.86	0.00	-139.12
410.70	1704.79	0.00	-146.46
410.80	1622.89	0.00	-152.88
410.90	1536.47	0.00	-158.35
411.00	1445.86	0.00	-162.88
411.10	1351.38	0.00	-166.47
411.20	1253.40	0.00	-169.14
411.30	1152.28	0.00	-170.89
411.40	1048.41	0.00	-171.74
411.50	942.18	0.00	-171.72
411.60	834.01	0.00	-170.87
411.70	724.33	0.00	-169.20
411.80	613.58	0.00	-166.76
411.90	502.20	0.00	-163.59
412.00	390.67	0.00	-159.72
412.10	279.45	0.00	-155.21
412.20	169.02	0.00	-150.10
412.30	59.84	0.00	-144.44
412.40	-47.61	0.00	-138.27
412.50	-152.86	0.00	-131.65
412.60	-255.46	0.00	-124.62
412.70	-354.96	0.00	-117.24
412.80	-450.93	0.00	-109.54
412.90	-542.94	0.00	-101.59
413.00	-630.62	0.00	-93.43
413.10	-713.58	0.00	-85.09
413.20	-791.49	0.00	-76.63
413.30	-864.03	0.00	-68.09
413.40	-930.92	0.00	-59.50
413.50	-991.92	0.00	-50.92
413.60	-1046.80	0.00	-42.36
413.70	-1095.39	0.00	-33.87
413.80	-1137.54	0.00	-25.47
413.90	-1173.17	0.00	-17.20
414.00	-1202.19	0.00	-9.08
414.10	-1224.58	0.00	-1.14
414.20	-1240.35	0.00	6.59
414.30	-1249.54	0.00	14.11
414.40	-1252.25	0.00	21.38
414.50	-1248.58	0.00	28.39
414.60	-1238.69	0.00	35.13
414.70	-1222.75	0.00	41.58
414.80	-1200.98	0.00	47.72
414.90	-1173.62	0.00	53.55
415.00	-1141.26	0.00	59.06
415.10	-1105.09	0.00	64.23
415.20	-1065.35	0.00	69.06
415.30	-1022.22	0.00	73.54
415.40	-975.87	0.00	77.66
415.50	-926.49	0.00	81.42
415.60	-874.28	0.00	84.81
415.70	-819.45	0.00	87.82
415.80	-762.18	0.00	90.45
415.90	-702.71	0.00	92.70
416.00	-641.25	0.00	94.57
416.10	-578.05	0.00	96.04
416.20	-513.33	0.00	97.13
416.30	-447.35	0.00	97.82
416.40	-380.36	0.00	98.12
416.50	-312.64	0.00	98.03
416.60	-244.45	0.00	97.55
416.70	-176.08	0.00	96.67
416.80	-107.82	0.00	95.42
416.90	-39.95	0.00	93.78
417.00	27.22	0.00	91.76
417.10	93.40	0.00	89.38
417.20	158.28	0.00	86.64
417.30	221.58	0.00	83.54
417.40	282.99	0.00	80.11
417.50	342.22	0.00	76.35
417.60	398.99	0.00	72.28
417.70	453.02	0.00	67.91
417.80	504.03	0.00	63.27
417.90	551.79	0.00	58.36
418.00	596.05	0.00	53.21
418.10	636.59	0.00	47.84
418.20	673.20	0.00	42.28
418.30	705.69	0.00	36.54
418.40	733.92	0.00	30.66
418.50	757.73	0.00	24.66
418.60	777.02	0.00	18.56
418.70	791.69	0.00	12.39
418.80	801.68	0.00	6.19
418.90	806.96	0.00	-0.02
419.00	807.52	0.00	-6.22
419.10	803.38	0.00	-12.36
419.20	794.59	0.00	-18.43
419.30	781.62	0.00	-24.39
419.40	764.78	0.00	-30.22
419.50	744.15	0.00	-35.90
419.60	719.81	0.00	-41.38
419.70	691.88	0.00	-46.66
419.80	660.46	0.00	-51.69
419.90	625.70	0.00	-56.48
420.00	587.73	0.00	-60.98
420.10	546.72	0.00	-65.18
420.20	502.84	0.00	-69.06
420.30	456.27	0.00	-72.61
420.40	407.20	0.00	-75.81
420.50	355.86	0.00	-78.64
420.60	302.47	0.00	-81.10
420.70	247.26	0.00	-83.18
420.80	190.49	0.00	-84.86
420.90	132.41	0.00	-86.15
421.00	73.29	0.00	-87.03
421.10	13.41	0.00	-87.51
421.20	-46.93	0.00	-87.59
421.30	-107.43	0.00	-87.26
421.40	-167.81	0.00	-86.54
421.50	-227.74	0.00	-85.42
421.60	-286.92	0.00	-83.90
421.70	-345.04	0.00	-82.01
421.80	-401.77	0.00	-79.74
421.90	-456.81	0.00	-77.11
422.00	-509.85	0.00	-74.12
422.10	-560.59	0.00	-70.80
422.20	-608.72	0.00	-67.14
422.30	-653.97	0.00	-63.18
422.40	-696.06	0.00	-58.92
422.50	-734.73	0.00	-54.37
422.60	-769.72	0.00	-49.56
422.70	-800.82	0.00	-44.51
422.80	-827.79	0.00	-39.23
422.90	-850.47	0.00	-33.73
423.00	-868.83	0.00	-28.05
423.10	-883.31	0.00	-22.21
423.20	-893.85	0.00	-16.21
423.30	-900.37	0.00	-10.09
423.40	-902.82	0.00	-3.87
423.50	-901.12	0.00	2.43
423.60	-895.22	0.00	8.79
423.70	-885.09	0.00	15.19
423.80	-870.71	0.00	21.59
423.90	-852.04	0.00	27.97
424.00	-829.09	0.00	34.32
424.10	-801.88	0.00	40.59
424.20	-770.42	0.00	46.78
424.30	-734.75	0.00	52.85
424.40	-694.92	0.00	58.77
424.50	-651.02	0.00	64.52
424.60	-603.13	0.00	70.08
424.70	-551.36	0.00	75.41
424.80	-495.84	0.00	80.50
424.90	-436.71	0.00	85.31
425.00	-374.16	0.00	89.83
425.10	-308.38	0.00	94.02
425.20	-239.58	0.00	97.87
425.30	-168.01	0.00	101.34
425.40	-93.94	0.00	104.43
425.50	-17.64	0.00	107.10
425.60	60.55	0.00	109.34
425.70	140.32	0.00	111.13
425.80	221.29	0.00	112.45
425.90	303.10	0.00	113.29
426.00	385.33	0.00	113.64
426.10	467.57	0.00	113.48
426.20	549.39	0.00	112.80
426.30	630.34	0.00	111.59
426.40	709.96	0.00	109.86
426.50	787.79	0.00	107.59
426.60	863.34	0.00	104.79
426.70	936.14	0.00	101.46
426.80	1005.72	0.00	97.61
426.90	1071.61	0.00	93.23
427.00	1133.34	0.00	88.34
427.10	1190.47	0.00	82.96
427.20	1242.57	0.00	77.09
427.30	1289.22	0.00	70.75
427.40	1330.03	0.00	63.97
427.50	1364.65	0.00	56.76
427.60	1393.37	0.00	49.16
427.70	1417.24	0.00	41.18
427.80	1436.14	0.00	32.86
427.90	1449.90	0.00	24.22
428.00	1458.37	0.00	15.31
428.10	1461.40	0.00	6.15
428.20	1458.85	0.00	-3.21
428.30	1450.59	0.00	-12.73
428.40	1436.49	0.00	-22.39
428.50	1416.46	0.00	-32.12
428.60	1390.38	0.00	-41.90
428.70	1358.17	0.00	-51.67
428.80	1319.78	0.00	-61.39
428.90	1275.14	0.00	-71.01
429.00	1224.24	0.00	-80.50
429.10	1167.08	0.00	-89.79
429.20	1103.67	0.00	-98.84
429.30	1034.07	0.00	-107.61
429.40	958.36	0.00	-116.05
429.50	876.68	0.00	-124.10
429.60	789.17	0.00	-131.74
429.70	696.04	0.00	-138.90
429.80	597.52	0.00	-145.55
429.90	493.90	0.00	-151.64
430.00	385.51	0.00	-157.13
430.10	272.73	0.00	-161.99
430.20	155.98	0.00	-166.16
430.30	35.73	0.00	-169.63
430.40	-87.49	0.00	-172.36
430.50	-213.12	0.00	-174.31
430.60	-340.54	0.00	-175.47
430.70	-469.12	0.00	-175.80
430.80	-598.15	0.00	-175.29
430.90	-726.92	0.00	-173.92
431.00	-854.66	0.00	-171.68
431.10	-980.59	0.00	-168.56
431.20	-1103.91	0.00	-164.56
431.30	-1223.81	0.00	-159.68
431.40	-1339.46	0.00	-153.92
431.50	-1450.04	0.00	-147.29
431.60	-1554.75	0.00	-139.82
431.70	-1652.78	0.00	-131.51
431.80	-1743.37	0.00	-122.40
431.90	-1825.78	0.00	-112.51
432.00	-1899.30	0.00	-101.89
432.10	-1963.30	0.00	-90.57
432.20	-2017.18	0.00	-78.60
432.30	-2060.40	0.00	-66.03
432.40	-2092.52	0.00	-52.91
432.50	-2115.10	0.00	-39.31
432.60	-2130.46	0.00	-25.29
432.70	-2138.47	0.00	-10.91
432.80	-2138.97	0.00	3.74
432.90	-2131.79	0.00	18.59
433.00	-2116.80	0.00	33.57
433.10	-2093.85	0.00	48.60
433.20	-2062.83	0.00	63.59
433.30	-2023.61	0.00	78.45
433.40	-1976.12	0.00	93.10
433.50	-1920.27	0.00	107.46
433.60	-1856.04	0.00	121.43
433.70	-1783.40	0.00	134.94
433.80	-1702.40	0.00	147.89
433.90	-1613.10	0.00	160.21
434.00	-1515.61	0.00	171.82
434.10	-1410.11	0.00	182.64
434.20	-1296.81	0.00	192.59
434.30	-1176.00	0.00	201.62
434.40	-1048.03	0.00	209.65
434.50	-913.31	0.00	216.63
434.60	-772.32	0.00	222.50
434.70	-625.60	0.00	227.23
434.80	-473.78	0.00	230.76
434.90	-317.54	0.00	233.08
435.00	-157.62	0.00	234.16
435.10	5.17	0.00	233.98
435.20	169.94	0.00	232.53
435.30	335.79	0.00	229.81
435.40	501.74	0.00	225.84
435.50	666.80	0.00	220.62
435.60	829.93	0.00	214.19
435.70	990.07	0.00	206.58
435.80	1146.17	0.00	197.83
435.90	1297.17	0.00	187.99
436.00	1442.01	0.00	177.10
436.10	1579.68	0.00	165.25
436.20	1709.19	0.00	152.50
436.30	1829.59	0.00	138.91
436.40	1939.99	0.00	124.59
436.50	2039.59	0.00	109.60
436.60	2127.65	0.00	94.04
436.70	2203.50	0.00	78.01
436.80	2266.59	0.00	61.60
436.90	2316.47	0.00	44.91
437.00	2352.78	0.00	28.05
437.10	2375.28	0.00	11.11
437.20	2383.84	0.00	-5.81
437.30	2379.23	0.00	-22.60
437.40	2365.86	0.00	-39.17
437.50	2344.48	0.00	-55.41
437.60	2315.16	0.00	-71.25
437.70	2277.98	0.00	-86.57
437.80	2233.04	0.00	-101.31
437.90	2180.43	0.00	-115.37
438.00	2120.29	0.00	-128.69
438.10	2052.75	0.00	-141.19
438.20	1977.97	0.00	-152.81
438.30	1896.13	0.00	-163.48
438.40	1807.44	0.00	-173.17
438.50	1712.14	0.00	-181.83
438.60	1610.50	0.00	-189.41
438.70	1502.83	0.00	-195.90
438.80	1389.48	0.00	-201.28
438.90	1270.83	0.00	-205.52
439.00	1147.31	0.00	-208.63
439.10	1019.37	0.00	-210.60
439.20	887.52	0.00	-211.45
439.30	752.31	0.00	-211.18
439.40	614.31	0.00	-209.84
439.50	474.13	0.00	-207.43
439.60	332.42	0.00	-204.00
439.70	189.85	0.00	-199.59
439.80	47.09	0.00	-194.25
439.90	-95.13	0.00	-188.02
440.00	-236.10	0.00	-180.96
440.10	-375.11	0.00	-173.13
440.20	-511.42	0.00	-164.60
440.30	-644.33	0.00	-155.41
440.40	-773.13	0.00	-145.65
440.50	-897.15	0.00	-135.39
440.60	-1015.74	0.00	-124.68
440.70	-1128.28	0.00	-113.60
440.80	-1234.20	0.00	-102.23
440.90	-1332.96	0.00	-90.63
441.00	-1424.07	0.00	-78.86
441.10	-1507.12	0.00	-67.01
441.20	-1581.72	0.00	-55.14
441.30	-1647.56	0.00	-43.30
441.40	-1704.40	0.00	-31.57
441.50	-1752.06	0.00	-20.00
441.60	-1790.41	0.00	-8.65
441.70	-1819.40	0.00	2.43
441.80	-1839.04	0.00	13.18
441.90	-1849.42	0.00	23.57
442.00	-1850.65	0.00	33.54
442.10	-1842.95	0.00	43.07
442.20	-1826.57	0.00	52.10
442.30	-1801.86	0.00	60.63
442.40	-1771.32	0.00	68.60
442.50	-1736.26	0.00	76.01
442.60	-1696.92	0.00	82.84
442.70	-1653.49	0.00	89.06
442.80	-1606.19	0.00	94.68
442.90	-1555.24	0.00	99.67
443.00	-1500.84	0.00	104.05
443.10	-1443.23	0.00	107.80
443.20	-1382.61	0.00	110.93
443.30	-1319.21	0.00	113.45
443.40	-1253.24	0.00	115.37
443.50	-1184.95	0.00	116.70
443.60	-1114.55	0.00	117.46
443.70	-1042.28	0.00	117.67
443.80	-968.38	0.00	117.34
443.90	-893.08	0.00	116.50
444.00	-816.63	0.00	115.17
444.10	-739.28	0.00	113.39
444.20	-661.26	0.00	111.18
444.30	-582.83	0.00	108.57
444.40	-504.22	0.00	105.60
444.50	-425.67	0.00	102.29
444.60	-347.44	0.00	98.67
444.70	-269.75	0.00	94.79
444.80	-192.82	0.00	90.68
444.90	-116.90	0.00	86.37
445.00	-42.17	0.00	81.89
445.10	31.14	0.00	77.29
445.20	102.84	0.00	72.59
445.30	172.77	0.00	67.83
445.40	240.73	0.00	63.04
445.50	306.59	0.00	58.26
445.60	370.20	0.00	53.51
445.70	431.43	0.00	48.82
445.80	490.18	0.00	44.23
445.90	546.34	0.00	39.76
446.00	599.86	0.00	35.43
446.10	650.65	0.00	31.28
446.20	698.67	0.00	27.31
446.30	743.90	0.00	23.54
446.40	786.32	0.00	20.00
446.50	825.91	0.00	16.70
446.60	862.70	0.00	13.65
446.70	896.70	0.00	10.86
446.80	927.94	0.00	8.32
446.90	956.47	0.00	6.06
447.00	982.33	0.00	4.06
447.10	1005.58	0.00	2.33
447.20	1026.27	0.00	0.86
447.30	1044.48	0.00	-0.36
447.40	1060.25	0.00	-1.34
447.50	1073.67	0.00	-2.09
447.60	1084.79	0.00	-2.62
447.70	1093.67	0.00	-2.97
447.80	1100.38	0.00	-3.14
447.90	1104.95	0.00	-3.16
448.00	1107.45	0.00	-3.05
448.10	1107.90	0.00	-2.85
448.20	1106.66	0.00	-2.57
448.30	1104.63	0.00	-2.25
448.40	1101.86	0.00	-1.92
448.50	1098.33	0.00	-1.61
448.60	1094.02	0.00	-1.35
448.70	1088.87	0.00	-1.17
448.80	1082.82	0.00	-1.11
448.90	1075.81	0.00	-1.19
449.00	1067.72	0.00	-1.44
449.10	1058.47	0.00	-1.89
449.20	1047.94	0.00	-2.58
449.30	1035.98	0.00	-3.52
449.40	1022.45	0.00	-4.73
449.50	1007.22	0.00	-6.24
449.60	990.10	0.00	-8.07
449.70	970.94	0.00	-10.22
449.80	949.56	0.00	-12.71
449.90	925.78	0.00	-15.55
450.00	899.43	0.00	-18.73
450.10	870.32	0.00	-22.25
450.20	838.29	0.00	-26.12
450.30	803.17	0.00	-30.31
450.40	764.79	0.00	-34.82
450.50	723.02	0.00	-39.63
450.60	677.71	0.00	-44.70
450.70	628.74	0.00	-50.02
450.80	576.04	0.00	-55.55
450.90	519.51	0.00	-61.25
451.00	459.11	0.00	-67.09
451.10	394.82	0.00	-73.01
451.20	326.67	0.00	-78.98
451.30	254.69	0.00	-84.93
451.40	178.96	0.00	-90.83
451.50	99.62	0.00	-96.60
451.60	16.83	0.00	-102.19
451.70	-69.21	0.00	-107.55
451.80	-158.24	0.00	-112.61
451.90	-249.97	0.00	-117.31
452.00	-344.05	0.00	-121.59
452.10	-440.10	0.00	-125.40
452.20	-537.69	0.00	-128.67
452.30	-636.33	0.00	-131.35
452.40	-735.52	0.00	-133.39
452.50	-834.70	0.00	-134.73
452.60	-933.28	0.00	-135.34
452.70	-1030.64	0.00	-135.16
452.80	-1126.11	0.00	-134.17
452.90	-1219.04	0.00	-132.32
453.00	-1308.74	0.00	-129.60
453.10	-1394.50	0.00	-125.98
453.20	-1475.62	0.00	-121.46
453.30	-1551.40	0.00	-116.02
453.40	-1621.16	0.00	-109.67
453.50	-1684.22	0.00	-102.42
453.60	-1739.95	0.00	-94.28
453.70	-1787.72	0.00	-85.29
453.80	-1826.97	0.00	-75.46
453.90	-1857.23	0.00	-64.84
454.00	-1880.18	0.00	-53.48
454.10	-1896.89	0.00	-41.42
454.20	-1907.07	0.00	-28.75
454.30	-1910.46	0.00	-15.51
454.40	-1906.81	0.00	-1.78
454.50	-1895.87	0.00	12.35
454.60	-1877.42	0.00	26.80
454.70	-1851.24	0.00	41.47
454.80	-1817.16	0.00	56.29
454.90	-1775.00	0.00	71.14
455.00	-1724.65	0.00	85.94
455.10	-1666.01	0.00	100.57
455.20	-1599.00	0.00	114.93
455.30	-1523.64	0.00	128.93
455.40	-1439.94	0.00	142.45
455.50	-1347.99	0.00	155.41
455.60	-1247.94	0.00	167.69
455.70	-1140.00	0.00	179.21
455.80	-1024.45	0.00	189.87
455.90	-901.61	0.00	199.58
456.00	-771.92	0.00	208.27
456.10	-635.86	0.00	215.85
456.20	-493.99	0.00	222.26
456.30	-346.96	0.00	227.45
456.40	-195.47	0.00	231.34
456.50	-40.32	0.00	233.91
456.60	117.65	0.00	235.11
456.70	277.51	0.00	234.92
456.80	438.30	0.00	233.32
456.90	598.98	0.00	230.31
457.00	758.49	0.00	225.88
457.10	915.74	0.00	220.05
457.20	1069.59	0.00	212.85
457.30	1218.93	0.00	204.30
457.40	1362.61	0.00	194.45
457.50	1499.52	0.00	183.35
457.60	1628.57	0.00	171.07
457.70	1748.70	0.00	157.67
457.80	1858.92	0.00	143.23
457.90	1958.29	0.00	127.83
458.00	2045.95	0.00	111.57
458.10	2121.12	0.00	94.55
458.20	2183.12	0.00	76.87
458.30	2231.39	0.00	58.65
458.40	2265.47	0.00	39.99
458.50	2285.02	0.00	21.01
458.60	2289.83	0.00	1.84
458.70	2282.55	0.00	-17.41
458.80	2265.76	0.00	-36.62
458.90	2239.46	0.00	-55.66
459.00	2203.64	0.00	-74.41
459.10	2158.33	0.00	-92.76
459.20	2103.58	0.00	-110.59
459.30	2039.46	0.00	-127.79
459.40	1966.07	0.00	-144.24
459.50	1883.56	0.00	-159.86
459.60	1792.10	0.00	-174.53
459.70	1691.91	0.00	-188.18
459.80	1583.26	0.00	-200.71
459.90	1466.48	0.00	-212.06
460.00	1341.94	0.00	-222.16
460.10	1210.09	0.00	-230.94
460.20	1071.43	0.00	-238.36
460.30	926.52	0.00	-244.38
460.40	776.00	0.00	-248.96
460.50	620.56	0.00	-252.09
460.60	460.97	0.00	-253.75
460.70	298.04	0.00	-253.94
460.80	132.65	0.00	-252.67
460.90	-34.27	0.00	-249.95
461.00	-201.74	0.00	-245.81
461.10	-368.76	0.00	-240.29
461.20	-534.27	0.00	-233.42
461.30	-697.21	0.00	-225.26
461.40	-856.52	0.00	-215.86
461.50	-1011.11	0.00	-205.30
461.60	-1159.91	0.00	-193.63
461.70	-1301.89	0.00	-180.96
461.80	-1436.04	0.00	-167.34
461.90	-1561.40	0.00	-152.88
462.00	-1677.05	0.00	-137.67
462.10	-1782.15	0.00	-121.80
462.20	-1875.94	0.00	-105.38
462.30	-1957.74	0.00	-88.49
462.40	-2026.96	0.00	-71.25
462.50	-2083.11	0.00	-53.76
462.60	-2125.82	0.00	-36.13
462.70	-2154.80	0.00	-18.44
462.80	-2169.90	0.00	-0.81
462.90	-2171.06	0.00	16.67
463.00	-2160.10	0.00	33.90
463.10	-2140.11	0.00	50.79
463.20	-2111.27	0.00	67.25
463.30	-2073.69	0.00	83.19
463.40	-2027.48	0.00	98.54
463.50	-1972.79	0.00	113.21
463.60	-1909.76	0.00	127.14
463.70	-1838.59	0.00	140.26
463.80	-1759.44	0.00	152.52
463.90	-1672.56	0.00	163.87
464.00	-1578.19	0.00	174.24
464.10	-1476.60	0.00	183.62
464.20	-1368.11	0.00	191.96
464.30	-1253.08	0.00	199.23
464.40	-1131.90	0.00	205.42
464.50	-1004.99	0.00	210.52
464.60	-872.85	0.00	214.51
464.70	-735.99	0.00	217.39
464.80	-594.98	0.00	219.17
464.90	-450.43	0.00	219.86
465.00	-302.99	0.00	219.47
465.10	-153.34	0.00	218.02
465.20	-2.23	0.00	215.55
465.30	149.60	0.00	212.07
465.40	301.34	0.00	207.62
465.50	452.20	0.00	202.25
465.60	601.33	0.00	195.99
465.70	747.89	0.00	188.88
465.80	891.05	0.00	180.98
465.90	1029.95	0.00	172.34
466.00	1163.76	0.00	162.99
466.10	1291.67	0.00	153.01
466.20	1412.88	0.00	142.44
466.30	1526.62	0.00	131.33
466.40	1632.18	0.00	119.75
466.50	1728.89	0.00	107.76
466.60	1816.11	0.00	95.39
466.70	1893.29	0.00	82.73
466.80	1959.91	0.00	69.81
466.90	2015.56	0.00	56.70
467.00	2059.87	0.00	43.44
467.10	2092.55	0.00	30.10
467.20	2113.41	0.00	16.73
467.30	2123.10	0.00	3.37
467.40	2125.00	0.00	-9.92
467.50	2119.53	0.00	-23.09
467.60	2106.70	0.00	-36.10
467.70	2086.50	0.00	-48.90
467.80	2058.96	0.00	-61.45
467.90	2024.06	0.00	-73.70
468.00	1981.83	0.00	-85.62
468.10	1932.26	0.00	-97.16
468.20	1875.38	0.00	-108.29
468.30	1811.22	0.00	-118.98
468.40	1739.81	0.00	-129.18
468.50	1661.22	0.00	-138.87
468.60	1575.52	0.00	-148.01
468.70	1482.83	0.00	-156.58
468.80	1383.28	0.00	-164.54
468.90	1277.04	0.00	-171.88
469.00	1164.33	0.00	-178.56
469.10	1045.38	0.00	-184.56
469.20	920.49	0.00	-189.86
469.30	790.01	0.00	-194.45
469.40	654.32	0.00	-198.30
469.50	513.85	0.00	-201.39
469.60	369.12	0.00	-203.71
469.70	220.64	0.00	-205.26
469.80	69.03	0.00	-206.01
469.90	-85.08	0.00	-205.95
470.00	-240.99	0.00	-205.09
470.10	-397.97	0.00	-203.42
470.20	-555.24	0.00	-200.93
470.30	-711.97	0.00	-197.62
470.40	-867.32	0.00	-193.50
470.50	-1020.41	0.00	-188.58
470.60	-1170.36	0.00	-182.85
470.70	-1316.24	0.00	-176.34
470.80	-1457.14	0.00	-169.05
470.90	-1592.16	0.00	-161.01
471.00	-1720.39	0.00	-152.23
471.10	-1840.95	0.00	-142.74
471.20	-1952.98	0.00	-132.56
471.30	-2055.67	0.00	-121.72
471.40	-2148.25	0.00	-110.27
471.50	-2230.00	0.00	-98.23
471.60	-2300.26	0.00	-85.64
471.70	-2358.45	0.00	-72.56
471.80	-2404.04	0.00	-59.01
471.90	-2436.62	0.00	-45.07
472.00	-2457.13	0.00	-30.77
472.10	-2469.83	0.00	-16.18
472.20	-2474.99	0.00	-1.35
472.30	-2472.48	0.00	13.65
472.40	-2462.18	0.00	28.77
472.50	-2443.94	0.00	43.94
472.60	-2417.62	0.00	59.09
472.70	-2383.07	0.00	74.15
472.80	-2340.14	0.00	89.06
472.90	-2288.71	0.00	103.74
473.00	-2228.63	0.00	118.13
473.10	-2159.81	0.00	132.14
473.20	-2082.15	0.00	145.72
473.30	-1995.60	0.00	158.80
473.40	-1900.13	0.00	171.30
473.50	-1795.76	0.00	183.15
473.60	-1682.57	0.00	194.31
473.70	-1560.66	0.00	204.69
473.80	-1430.23	0.00	214.24
473.90	-1291.52	0.00	222.91
474.00	-1144.85	0.00	230.64
474.10	-990.61	0.00	237.38
474.20	-829.28	0.00	243.09
474.30	-661.40	0.00	247.73
474.40	-487.60	0.00	251.26
474.50	-308.59	0.00	253.65
474.60	-125.17	0.00	254.88
474.70	61.80	0.00	254.93
474.80	251.38	0.00	253.77
474.90	442.56	0.00	251.42
475.00	634.28	0.00	247.86
475.10	825.40	0.00	243.10
475.20	1014.77	0.00	237.15
475.30	1201.18	0.00	230.03
475.40	1383.41	0.00	221.77
475.50	1560.22	0.00	212.39
475.60	1730.38	0.00	201.93
475.70	1892.65	0.00	190.43
475.80	2045.85	0.00	177.94
475.90	2188.81	0.00	164.51
476.00	2320.42	0.00	150.21
476.10	2439.65	0.00	135.10
476.20	2545.52	0.00	119.25
476.30	2637.17	0.00	102.72
476.40	2713.82	0.00	85.61
476.50	2774.80	0.00	67.99
476.60	2819.57	0.00	49.94
476.70	2847.69	0.00	31.55
476.80	2859.42	0.00	12.92
476.90	2860.71	0.00	-5.87
477.00	2853.18	0.00	-24.72
477.10	2836.75	0.00	-43.54
477.20	2811.33	0.00	-62.23
477.30	2776.82	0.00	-80.70
477.40	2733.09	0.00	-98.86
477.50	2680.03	0.00	-116.61
477.60	2617.55	0.00	-133.86
477.70	2545.54	0.00	-150.54
477.80	2463.92	0.00	-166.54
477.90	2372.64	0.00	-181.79
478.00	2271.67	0.00	-196.20
478.10	2161.05	0.00	-209.72
478.20	2040.83	0.00	-222.26
478.30	1911.14	0.00	-233.76
478.40	1772.17	0.00	-244.16
478.50	1624.17	0.00	-253.41
478.60	1467.47	0.00	-261.46
478.70	1302.48	0.00	-268.26
478.80	1129.70	0.00	-273.79
478.90	949.70	0.00	-278.02
479.00	763.17	0.00	-280.91
479.10	570.85	0.00	-282.46
479.20	373.58	0.00	-282.67
479.30	172.30	0.00	-281.52
479.40	-32.00	0.00	-279.02
479.50	-238.24	0.00	-275.19
479.60	-445.27	0.00	-270.05
479.70	-651.91	0.00	-263.63
479.80	-856.90	0.00	-255.95
479.90	-1058.97	0.00	-247.05
480.00	-1256.82	0.00	-236.99
480.10	-1449.12	0.00	-225.82
480.20	-1634.59	0.00	-213.58
480.30	-1811.92	0.00	-200.34
480.40	-1979.85	0.00	-186.18
480.50	-2137.17	0.00	-171.15
480.60	-2282.72	0.00	-155.35
480.70	-2415.41	0.00	-138.83
480.80	-2534.26	0.00	-121.69
480.90	-2638.35	0.00	-104.01
481.00	-2726.89	0.00	-85.89
481.10	-2799.19	0.00	-67.39
481.20	-2854.71	0.00	-48.62
481.30	-2893.03	0.00	-29.67
481.40	-2913.85	0.00	-10.63
481.50	-2917.05	0.00	8.42
481.60	-2907.61	0.00	27.39
481.70	-2889.21	0.00	46.17
481.80	-2861.84	0.00	64.70
481.90	-2825.47	0.00	82.88
482.00	-2780.05	0.00	100.63
482.10	-2725.54	0.00	117.88
482.20	-2661.88	0.00	134.54
482.30	-2589.03	0.00	150.54
482.40	-2506.94	0.00	165.82
482.50	-2415.58	0.00	180.30
482.60	-2314.96	0.00	193.94
482.70	-2205.09	0.00	206.67
482.80	-2086.05	0.00	218.44
482.90	-1957.94	0.00	229.21
483.00	-1820.93	0.00	238.94
483.10	-1675.22	0.00	247.58
483.20	-1521.12	0.00	255.11
483.30	-1358.97	0.00	261.51
483.40	-1189.20	0.00	266.74
483.50	-1012.32	0.00	270.81
483.60	-828.92	0.00	273.69
483.70	-639.66	0.00	275.38
483.80	-445.30	0.00	275.88
483.90	-246.65	0.00	275.20
484.00	-44.62	0.00	273.35
484.10	159.81	0.00	270.33
484.20	365.61	0.00	266.17
484.30	571.67	0.00	260.89
484.40	776.85	0.00	254.52
484.50	979.95	0.00	247.08
484.60	1179.74	0.00	238.61
484.70	1374.98	0.00	229.15
484.80	1564.41	0.00	218.74
484.90	1746.77	0.00	207.41
485.00	1920.82	0.00	195.22
485.10	2085.34	0.00	182.22
485.20	2239.16	0.00	168.45
485.30	2381.16	0.00	153.97
485.40	2510.27	0.00	138.83
485.50	2625.52	0.00	123.09
485.60	2726.01	0.00	106.82
485.70	2810.93	0.00	90.06
485.80	2879.60	0.00	72.89
485.90	2931.43	0.00	55.37
486.00	2965.98	0.00	37.55
486.10	2983.13	0.00	19.51
486.20	2988.79	0.00	1.31
486.30	2985.67	0.00	-16.97
486.40	2973.65	0.00	-35.28
486.50	2952.61	0.00	-53.54
486.60	2922.41	0.00	-71.69
486.70	2882.86	0.00	-89.65
486.80	2833.79	0.00	-107.35
486.90	2775.01	0.00	-124.74
487.00	2706.31	0.00	-141.72
487.10	2627.49	0.00	-158.25
487.20	2538.39	0.00	-174.25
487.30	2438.84	0.00	-189.64
487.40	2328.71	0.00	-204.37
487.50	2207.93	0.00	-218.37
487.60	2076.45	0.00	-231.57
487.70	1934.31	0.00	-243.92
487.80	1781.60	0.00	-255.34
487.90	1618.51	0.00	-265.79
488.00	1445.29	0.00	-275.20
488.10	1262.32	0.00	-283.53
488.20	1070.05	0.00	-290.72
488.30	869.05	0.00	-296.72
488.40	660.01	0.00	-301.50
488.50	443.70	0.00	-305.01
488.60	221.04	0.00	-307.22
488.70	-6.96	0.00	-308.11
488.80	-239.19	0.00	-307.64
488.90	-474.41	0.00	-305.79
489.00	-711.32	0.00	-302.57
489.10	-948.50	0.00	-297.94
489.20	-1184.49	0.00	-291.93
489.30	-1417.73	0.00	-284.53
489.40	-1646.63	0.00	-275.75
489.50	-1869.57	0.00	-265.61
489.60	-2084.90	0.00	-254.14
489.70	-2290.98	0.00	-241.38
489.80	-2486.17	0.00	-227.35
489.90	-2668.89	0.00	-212.12
490.00	-2837.60	0.00	-195.73
490.10	-2990.84	0.00	-178.24
490.20	-3127.23	0.00	-159.73
490.30	-3245.52	0.00	-140.26
490.40	-3344.56	0.00	-119.93
490.50	-3423.36	0.00	-98.80
490.60	-3481.09	0.00	-76.99
490.70	-3517.91	0.00	-54.57
490.80	-3542.62	0.00	-31.67
490.90	-3557.61	0.00	-8.38
491.00	-3562.69	0.00	15.18
491.10	-3557.63	0.00	38.91
491.20	-3542.16	0.00	62.68
491.30	-3515.96	0.00	86.37
491.40	-3478.70	0.00	109.88
491.50	-3430.03	0.00	133.06
491.60	-3369.56	0.00	155.82
491.70	-3296.92	0.00	178.01
491.80	-3211.75	0.00	199.54
491.90	-3113.70	0.00	220.28
492.00	-3002.46	0.00	240.11
492.10	-2877.77	0.00	258.94
492.20	-2739.44	0.00	276.65
492.30	-2587.35	0.00	293.15
492.40	-2421.48	0.00	308.33
492.50	-2241.91	0.00	322.13
492.60	-2048.84	0.00	334.44
492.70	-1842.60	0.00	345.20
492.80	-1623.65	0.00	354.35
492.90	-1392.62	0.00	361.82
493.00	-1150.25	0.00	367.57
493.10	-897.48	0.00	371.57
493.20	-635.37	0.00	373.76
493.30	-365.15	0.00	374.15
493.40	-88.18	0.00	372.72
493.50	194.02	0.00	369.46
493.60	479.81	0.00	364.38
493.70	767.44	0.00	357.52
493.80	1055.04	0.00	348.88
493.90	1340.67	0.00	338.52
494.00	1622.33	0.00	326.48
494.10	1897.96	0.00	312.81
494.20	2165.49	0.00	297.58
494.30	2422.84	0.00	280.87
494.40	2667.97	0.00	262.76
494.50	2898.88	0.00	243.33
494.60	3113.66	0.00	222.69
494.70	3310.48	0.00	200.93
494.80	3487.66	0.00	178.17
494.90	3643.63	0.00	154.52
495.00	3777.01	0.00	130.10
495.10	3886.61	0.00	105.03
495.20	3971.41	0.00	79.43
495.30	4030.62	0.00	53.44
495.40	4063.69	0.00	27.19
495.50	4075.67	0.00	0.80
495.60	4077.66	0.00	-25.58
495.70	4069.94	0.00	-51.84
495.80	4052.38	0.00	-77.84
495.90	4024.80	0.00	-103.44
496.00	3986.95	0.00	-128.53
496.10	3938.53	0.00	-152.98
496.20	3879.24	0.00	-176.68
496.30	3808.72	0.00	-199.50
496.40	3726.62	0.00	-221.33
496.50	3632.58	0.00	-242.08
496.60	3526.25	0.00	-261.64
496.70	3407.34	0.00	-279.91
496.80	3275.59	0.00	-296.82
496.90	3130.81	0.00	-312.29
497.00	2972.88	0.00	-326.24
497.10	2801.79	0.00	-338.61
497.20	2617.62	0.00	-349.34
497.30	2420.58	0.00	-358.40
497.40	2211.01	0.00	-365.74
497.50	1989.38	0.00	-371.34
497.60	1756.30	0.00	-375.16
497.70	1512.53	0.00	-377.22
497.80	1258.98	0.00	-377.49
497.90	996.70	0.00	-375.99
498.00	726.89	0.00	-372.73
498.10	450.88	0.00	-367.74
498.20	170.12	0.00	-361.05
498.30	-113.82	0.00	-352.70
498.40	-399.28	0.00	-342.74
498.50	-684.49	0.00	-331.23
498.60	-967.65	0.00	-318.24
498.70	-1246.89	0.00	-303.82
498.80	-1520.32	0.00	-288.07
498.90	-1786.03	0.00	-271.06
499.00	-2042.15	0.00	-252.89
499.10	-2286.84	0.00	-233.66
499.20	-2518.32	0.00	-213.45
499.30	-2734.88	0.00	-192.39
499.40	-2934.94	0.00	-170.57
499.50	-3117.02	0.00	-148.11
499.60	-3279.78	0.00	-125.12
499.70	-3422.04	0.00	-101.73
499.80	-3542.82	0.00	-78.04
499.90	-3641.26	0.00	-54.19
500.00	-3716.76	0.00	-30.28
500.10	-3768.87	0.00	-6.43
500.20	-3797.37	0.00	17.22
500.30	-3802.23	0.00	40.58
500.40	-3783.62	0.00	63.53
500.50	-3748.51	0.00	85.94
500.60	-3705.03	0.00	107.72
500.70	-3653.27	0.00	128.77
500.80	-3593.23	0.00	148.97
500.90	-3524.92	0.00	168.25
501.00	-3448.30	0.00	186.50
501.10	-3363.34	0.00	203.65
501.20	-3269.99	0.00	219.61
501.30	-3168.21	0.00	234.33
501.40	-3057.98	0.00	247.73
501.50	-2939.31	0.00	259.77
501.60	-2812.23	0.00	270.39
501.70	-2676.84	0.00	279.55
501.80	-2533.28	0.00	287.23
501.90	-2381.77	0.00	293.41
502.00	-2222.57	0.00	298.06
502.10	-2056.04	0.00	301.19
502.20	-1882.62	0.00	302.80
502.30	-1702.81	0.00	302.89
502.40	-1517.20	0.00	301.50
502.50	-1326.47	0.00	298.65
502.60	-1131.36	0.00	294.37
502.70	-932.71	0.00	288.71
502.80	-731.38	0.00	281.72
502.90	-528.34	0.00	273.46
503.00	-324.58	0.00	264.01
503.10	-121.13	0.00	253.41
503.20	80.93	0.00	241.77
503.30	280.51	0.00	229.16
503.40	476.52	0.00	215.66
503.50	667.88	0.00	201.37
503.60	853.50	0.00	186.38
503.70	1032.35	0.00	170.80
503.80	1203.43	0.00	154.72
503.90	1365.80	0.00	138.24
504.00	1518.56	0.00	121.47
504.10	1660.92	0.00	104.50
504.20	1792.14	0.00	87.44
504.30	1911.60	0.00	70.39
504.40	2018.75	0.00	53.45
504.50	2113.17	0.00	36.71
504.60	2194.52	0.00	20.27
504.70	2262.58	0.00	4.21
504.80	2317.24	0.00	-11.38
504.90	2358.48	0.00	-26.42
505.00	2386.42	0.00	-40.85
505.10	2401.24	0.00	-54.58
505.20	2403.26	0.00	-67.57
505.30	2392.86	0.00	-79.74
505.40	2370.53	0.00	-91.06
505.50	2336.81	0.00	-101.49
505.60	2292.33	0.00	-110.98
505.70	2237.78	0.00	-119.52
505.80	2174.49	0.00	-127.08
505.90	2106.75	0.00	-133.64
506.00	2035.57	0.00	-139.21
506.10	1961.27	0.00	-143.78
506.20	1884.20	0.00	-147.37
506.30	1804.67	0.00	-149.99
506.40	1723.02	0.00	-151.65
506.50	1639.57	0.00	-152.39
506.60	1554.64	0.00	-152.24
506.70	1468.56	0.00	-151.24
506.80	1381.63	0.00	-149.43
506.90	1294.18	0.00	-146.85
507.00	1206.51	0.00	-143.56
507.10	1118.94	0.00	-139.62
507.20	1031.77	0.00	-135.07
507.30	945.29	0.00	-129.97
507.40	859.79	0.00	-124.40
507.50	775.54	0.00	-118.40
507.60	692.81	0.00	-112.04
507.70	611.84	0.00	-105.39
507.80	532.89	0.00	-98.50
507.90	456.16	0.00	-91.44
508.00	381.85	0.00	-84.26
508.10	310.14	0.00	-77.02
508.20	241.20	0.00	-69.78
508.30	175.15	0.00	-62.60
508.40	112.11	0.00	-55.51
508.50	52.17	0.00	-48.58
508.60	-4.61	0.00	-41.84
508.70	-58.18	0.00	-35.33
508.80	-108.54	0.00	-29.10
508.90	-155.68	0.00	-23.17
509.00	-199.65	0.00	-17.57
509.10	-240.48	0.00	-12.33
509.20	-278.27	0.00	-7.47
509.30	-313.09	0.00	-3.01
509.40	-345.06	0.00	1.04
509.50	-374.30	0.00	4.67
509.60	-400.97	0.00	7.87
509.70	-425.21	0.00	10.64
509.80	-447.19	0.00	12.99
509.90	-467.09	0.00	14.90
510.00	-485.07	0.00	16.40
510.10	-501.34	0.00	17.49
510.20	-516.08	0.00	18.19
510.30	-529.47	0.00	18.50
510.40	-541.71	0.00	18.46
510.50	-552.97	0.00	18.06
510.60	-563.44	0.00	17.35
510.70	-573.29	0.00	16.33
510.80	-582.67	0.00	15.04
510.90	-591.75	0.00	13.50
511.00	-600.67	0.00	11.74
511.10	-609.56	0.00	9.77
511.20	-618.52	0.00	7.64
511.30	-627.68	0.00	5.37
511.40	-637.11	0.00	2.98
511.50	-646.88	0.00	0.51
511.60	-657.05	0.00	-2.02
511.70	-667.67	0.00	-4.58
511.80	-678.74	0.00	-7.13
511.90	-690.28	0.00	-9.66
512.00	-702.27	0.00	-12.14
512.10	-714.69	0.00	-14.54
512.20	-727.49	0.00	-16.83
512.30	-740.60	0.00	-18.99
512.40	-753.96	0.00	-21.01
512.50	-767.47	0.00	-22.85
512.60	-781.02	0.00	-24.49
512.70	-794.50	0.00	-25.93
512.80	-807.78	0.00	-27.13
512.90	-820.72	0.00	-28.09
513.00	-833.16	0.00	-28.78
513.10	-845.23	0.00	-29.21
513.20	-857.21	0.00	-29.35
513.30	-868.97	0.00	-29.19
513.40	-880.36	0.00	-28.74
513.50	-891.23	0.00	-27.99
513.60	-901.43	0.00	-26.92
513.70	-910.80	0.00	-25.55
513.80	-919.17	0.00	-23.88
513.90	-926.38	0.00	-21.90
514.00	-932.28	0.00	-19.62
514.10	-936.69	0.00	-17.05
514.20	-939.46	0.00	-14.21
514.30	-940.43	0.00	-11.09
514.40	-939.44	0.00	-7.73
514.50	-936.34	0.00	-4.12
514.60	-931.00	0.00	-0.30
514.70	-923.26	0.00	3.72
514.80	-913.00	0.00	7.93
514.90	-900.10	0.00	12.28
515.00	-884.43	0.00	16.77
515.10	-865.90	0.00	21.37
515.20	-844.42	0.00	26.04
515.30	-819.90	0.00	30.77
515.40	-792.28	0.00	35.52
515.50	-761.51	0.00	40.27
515.60	-727.56	0.00	44.98
515.70	-690.39	0.00	49.63
515.80	-650.02	0.00	54.19
515.90	-606.45	0.00	58.63
516.00	-559.73	0.00	62.91
516.10	-509.90	0.00	67.02
516.20	-457.05	0.00	70.92
516.30	-401.27	0.00	74.60
516.40	-342.67	0.00	78.02
516.50	-281.40	0.00	81.16
516.60	-217.62	0.00	84.01
516.70	-151.50	0.00	86.53
516.80	-83.25	0.00	88.72
516.90	-13.09	0.00	90.56
517.00	58.74	0.00	92.03
517.10	131.98	0.00	93.12
517.20	206.35	0.00	93.83
517.30	281.55	0.00	94.14
517.40	357.29	0.00	94.05
517.50	433.22	0.00	93.56
517.60	509.03	0.00	92.68
517.70	584.36	0.00	91.39
517.80	658.87	0.00	89.71
517.90	732.19	0.00	87.64
518.00	803.98	0.00	85.19
518.10	873.87	0.00	82.38
518.20	941.51	0.00	79.21
518.30	1006.54	0.00	75.70
518.40	1068.61	0.00	71.86
518.50	1127.40	0.00	67.72
518.60	1182.58	0.00	63.28
518.70	1233.84	0.00	58.58
518.80	1280.89	0.00	53.63
518.90	1323.46	0.00	48.46
519.00	1361.30	0.00	43.08
519.10	1394.19	0.00	37.53
519.20	1421.92	0.00	31.82
519.30	1444.31	0.00	25.97
519.40	1461.23	0.00	20.02
519.50	1472.55	0.00	13.99
519.60	1478.66	0.00	7.90
519.70	1481.12	0.00	1.77
519.80	1480.06	0.00	-4.37
519.90	1475.43	0.00	-10.50
520.00	1467.22	0.00	-16.60
520.10	1455.41	0.00	-22.64
520.20	1439.97	0.00	-28.60
520.30	1420.90	0.00	-34.47
520.40	1398.18	0.00	-40.22
520.50	1371.81	0.00	-45.84
520.60	1341.79	0.00	-51.31
520.70	1308.12	0.00	-56.61
520.80	1270.81	0.00	-61.72
520.90	1229.88	0.00	-66.64
521.00	1185.36	0.00	-71.34
521.10	1137.29	0.00	-75.82
521.20	1085.72	0.00	-80.06
521.30	1030.69	0.00	-84.05
521.40	972.29	0.00	-87.77
521.50	910.60	0.00	-91.24
521.60	845.72	0.00	-94.42
521.70	777.76	0.00	-97.31
521.80	706.86	0.00	-99.92
521.90	633.15	0.00	-102.22
522.00	556.82	0.00	-104.22
522.10	478.03	0.00	-105.90
522.20	397.00	0.00	-107.27
522.30	313.93	0.00	-108.32
522.40	229.07	0.00	-109.04
522.50	142.68	0.00	-109.44
522.60	55.02	0.00	-109.51
522.70	-33.62	0.00	-109.25
522.80	-122.92	0.00	-108.65
522.90	-212.57	0.00	-107.72
523.00	-302.24	0.00	-106.45
523.10	-391.57	0.00	-104.85
523.20	-480.21	0.00	-102.92
523.30	-567.80	0.00	-100.65
523.40	-653.95	0.00	-98.05
523.50	-738.28	0.00	-95.13
523.60	-820.43	0.00	-91.88
523.70	-899.99	0.00	-88.31
523.80	-976.60	0.00	-84.42
523.90	-1049.87	0.00	-80.23
524.00	-1119.44	0.00	-75.74
524.10	-1184.95	0.00	-70.95
524.20	-1246.05	0.00	-65.88
524.30	-1302.41	0.00	-60.54
524.40	-1353.73	0.00	-54.93
524.50	-1399.70	0.00	-49.08
524.60	-1440.06	0.00	-42.99
524.70	-1474.57	0.00	-36.69
524.80	-1503.01	0.00	-30.18
524.90	-1525.20	0.00	-23.50
525.00	-1540.98	0.00	-16.64
525.10	-1550.23	0.00	-9.65
525.20	-1552.87	0.00	-2.54
525.30	-1549.09	0.00	4.66
525.40	-1540.70	0.00	11.94
525.50	-1528.05	0.00	19.26
525.60	-1511.13	0.00	26.59
525.70	-1489.90	0.00	33.91
525.80	-1464.35	0.00	41.18
525.90	-1434.49	0.00	48.39
526.00	-1400.29	0.00	55.48
526.10	-1361.79	0.00	62.44
526.20	-1318.99	0.00	69.23
526.30	-1271.94	0.00	75.82
526.40	-1220.69	0.00	82.17
526.50	-1165.30	0.00	88.25
526.60	-1105.85	0.00	94.04
526.70	-1042.46	0.00	99.50
526.80	-975.24	0.00	104.59
526.90	-904.35	0.00	109.29
527.00	-829.96	0.00	113.57
527.10	-752.26	0.00	117.41
527.20	-671.48	0.00	120.77
527.30	-587.87	0.00	123.64
527.40	-501.70	0.00	125.98
527.50	-413.27	0.00	127.80
527.60	-322.91	0.00	129.06
527.70	-230.97	0.00	129.75
527.80	-137.82	0.00	129.87
527.90	-43.87	0.00	129.40
528.00	50.49	0.00	128.34
528.10	144.80	0.00	126.69
528.20	238.63	0.00	124.45
528.30	331.51	0.00	121.63
528.40	422.98	0.00	118.23
528.50	512.57	0.00	114.26
528.60	599.79	0.00	109.74
528.70	684.18	0.00	104.70
528.80	765.28	0.00	99.14
528.90	842.62	0.00	93.10
529.00	915.78	0.00	86.61
529.10	984.32	0.00	79.69
529.20	1047.86	0.00	72.38
529.30	1106.02	0.00	64.72
529.40	1158.47	0.00	56.74
529.50	1204.90	0.00	48.49
529.60	1245.04	0.00	40.01
529.70	1278.66	0.00	31.35
529.80	1305.58	0.00	22.54
529.90	1325.66	0.00	13.63
530.00	1338.80	0.00	4.69
530.10	1344.95	0.00	-4.26
530.20	1344.11	0.00	-13.16
530.30	1336.32	0.00	-21.96
530.40	1321.68	0.00	-30.61
530.50	1300.63	0.00	-39.07
530.60	1274.61	0.00	-47.29
530.70	1243.87	0.00	-55.24
530.80	1208.54	0.00	-62.86
530.90	1168.76	0.00	-70.12
531.00	1124.68	0.00	-76.97
531.10	1076.46	0.00	-83.39
531.20	1024.31	0.00	-89.34
531.30	968.42	0.00	-94.79
531.40	909.01	0.00	-99.71
531.50	846.33	0.00	-104.09
531.60	780.61	0.00	-107.89
531.70	712.15	0.00	-111.11
531.80	641.23	0.00	-113.73
531.90	568.14	0.00	-115.74
532.00	493.22	0.00	-117.14
532.10	416.80	0.00	-117.92
532.20	339.22	0.00	-118.09
532.30	260.85	0.00	-117.64
532.40	182.06	0.00	-116.60
532.50	103.21	0.00	-114.97
532.60	24.71	0.00	-112.77
532.70	-53.07	0.00	-110.01
532.80	-129.73	0.00	-106.72
532.90	-204.90	0.00	-102.92
533.00	-278.17	0.00	-98.64
533.10	-349.19	0.00	-93.90
533.20	-417.59	0.00	-88.75
533.30	-483.01	0.00	-83.21
533.40	-545.11	0.00	-77.31
533.50	-603.58	0.00	-71.10
533.60	-658.12	0.00	-64.62
533.70	-708.45	0.00	-57.89
533.80	-754.32	0.00	-50.97
533.90	-795.52	0.00	-43.88
534.00	-831.86	0.00	-36.67
534.10	-863.16	0.00	-29.39
534.20	-889.31	0.00	-22.06
534.30	-910.20	0.00	-14.73
534.40	-925.78	0.00	-7.43
534.50	-936.02	0.00	-0.21
534.60	-940.92	0.00	6.90
534.70	-940.52	0.00	13.87
534.80	-934.89	0.00	20.67
534.90	-924.15	0.00	27.25
535.00	-908.44	0.00	33.60
535.10	-888.49	0.00	39.69
535.20	-864.69	0.00	45.48
535.30	-837.18	0.00	50.96
535.40	-806.10	0.00	56.11
535.50	-771.64	0.00	60.90
535.60	-733.95	0.00	65.32
535.70	-693.23	0.00	69.36
535.80	-649.68	0.00	73.00
535.90	-603.50	0.00	76.24
536.00	-554.90	0.00	79.06
536.10	-504.11	0.00	81.45
536.20	-451.36	0.00	83.43
536.30	-396.90	0.00	84.98
536.40	-340.98	0.00	86.10
536.50	-283.85	0.00	86.81
536.60	-225.77	0.00	87.09
536.70	-167.02	0.00	86.97
536.80	-107.86	0.00	86.44
536.90	-48.57	0.00	85.52
537.00	10.57	0.00	84.22
537.10	69.29	0.00	82.55
537.20	127.30	0.00	80.52
537.30	184.32	0.00	78.14
537.40	240.09	0.00	75.44
537.50	294.33	0.00	72.43
537.60	346.79	0.00	69.13
537.70	397.20	0.00	65.56
537.80	445.33	0.00	61.73
537.90	490.94	0.00	57.67
538.00	533.80	0.00	53.39
538.10	573.70	0.00	48.92
538.20	610.46	0.00	44.27
538.30	643.90	0.00	39.47
538.40	673.85	0.00	34.54
538.50	700.17	0.00	29.51
538.60	722.75	0.00	24.39
538.70	741.47	0.00	19.20
538.80	756.27	0.00	13.97
538.90	767.08	0.00	8.72
539.00	773.86	0.00	3.47
539.10	776.70	0.00	-1.76
539.20	776.07	0.00	-6.94
539.30	772.04	0.00	-12.06
539.40	764.65	0.00	-17.09
539.50	753.94	0.00	-22.02
539.60	739.97	0.00	-26.83
539.70	722.79	0.00	-31.49
539.80	702.48	0.00	-35.98
539.90	679.12	0.00	-40.30
540.00	652.80	0.00	-44.42
540.10	623.63	0.00	-48.32
540.20	591.71	0.00	-52.00
540.30	557.17	0.00	-55.43
540.40	520.15	0.00	-58.60
540.50	480.77	0.00	-61.50
540.60	439.21	0.00	-64.12
540.70	395.61	0.00	-66.44
540.80	350.15	0.00	-68.47
540.90	303.01	0.00	-70.19
541.00	254.39	0.00	-71.59
541.10	204.47	0.00	-72.67
541.20	153.48	0.00	-73.42
541.30	101.61	0.00	-73.85
541.40	49.10	0.00	-73.96
541.50	-3.83	0.00	-73.73
541.60	-56.95	0.00	-73.19
541.70	-110.02	0.00	-72.32
541.80	-162.80	0.00	-71.14
541.90	-215.06	0.00	-69.65
542.00	-266.55	0.00	-67.87
542.10	-317.04	0.00	-65.79
542.20	-366.29	0.00	-63.44
542.30	-414.07	0.00	-60.82
542.40	-460.16	0.00	-57.96
542.50	-504.33	0.00	-54.85
542.60	-546.38	0.00	-51.53
542.70	-586.10	0.00	-48.01
542.80	-623.30	0.00	-44.30
542.90	-657.82	0.00	-40.42
543.00	-689.48	0.00	-36.41
543.10	-718.14	0.00	-32.26
543.20	-743.66	0.00	-28.02
543.30	-765.94	0.00	-23.69
543.40	-784.87	0.00	-19.30
543.50	-800.38	0.00	-14.87
543.60	-812.40	0.00	-10.42
543.70	-820.89	0.00	-5.97
543.80	-825.88	0.00	-1.54
543.90	-827.86	0.00	2.84
544.00	-826.99	0.00	7.16
544.10	-823.32	0.00	11.40
544.20	-816.87	0.00	15.54
544.30	-807.67	0.00	19.56
544.40	-795.78	0.00	23.45
544.50	-781.25	0.00	27.19
544.60	-764.15	0.00	30.77
544.70	-744.53	0.00	34.18
544.80	-722.47	0.00	37.41
544.90	-698.05	0.00	40.44
545.00	-671.36	0.00	43.26
545.10	-642.48	0.00	45.88
545.20	-611.51	0.00	48.28
545.30	-578.56	0.00	50.46
545.40	-543.72	0.00	52.43
545.50	-507.11	0.00	54.16
545.60	-468.85	0.00	55.68
545.70	-429.05	0.00	56.97
545.80	-387.84	0.00	58.04
545.90	-345.35	0.00	58.89
546.00	-301.71	0.00	59.54
546.10	-257.06	0.00	59.97
546.20	-211.53	0.00	60.20
546.30	-165.26	0.00	60.24
546.40	-118.40	0.00	60.09
546.50	-71.10	0.00	59.77
546.60	-23.49	0.00	59.27
546.70	24.26	0.00	58.61
546.80	72.02	0.00	57.79
546.90	119.63	0.00	56.83
547.00	166.94	0.00	55.73
547.10	213.80	0.00	54.50
547.20	260.06	0.00	53.15
547.30	305.58	0.00	51.69
547.40	350.20	0.00	50.12
547.50	393.79	0.00	48.46
547.60	436.19	0.00	46.70
547.70	477.28	0.00	44.86
547.80	516.90	0.00	42.93
547.90	554.93	0.00	40.93
548.00	591.25	0.00	38.86
548.10	625.71	0.00	36.71
548.20	658.20	0.00	34.51
548.30	688.61	0.00	32.23
548.40	716.82	0.00	29.90
548.50	742.73	0.00	27.50
548.60	766.23	0.00	25.05
548.70	787.24	0.00	22.54
548.80	805.66	0.00	19.96
548.90	821.43	0.00	17.33
549.00	834.45	0.00	14.64
549.10	844.68	0.00	11.90
549.20	852.06	0.00	9.09
549.30	856.54	0.00	6.22
549.40	858.43	0.00	3.30
549.50	858.11	0.00	0.33
549.60	855.54	0.00	-2.70
549.70	850.72	0.00	-5.79
549.80	843.61	0.00	-8.92
549.90	834.20	0.00	-12.10
550.00	822.46	0.00	-15.31
550.10	808.39	0.00	-18.56
550.20	791.96	0.00	-21.84
550.30	773.17	0.00	-25.14
550.40	752.02	0.00	-28.45
550.50	728.51	0.00	-31.76
550.60	702.64	0.00	-35.06
550.70	674.44	0.00	-38.34
550.80	643.91	0.00	-41.58
550.90	611.11	0.00	-44.77
551.00	576.06	0.00	-47.90
551.10	538.83	0.00	-50.95
551.20	499.46	0.00	-53.91
551.30	458.05	0.00	-56.74
551.40	414.67	0.00	-59.45
551.50	369.43	0.00	-62.00
551.60	322.44	0.00	-64.38
551.70	273.83	0.00	-66.57
551.80	223.74	0.00	-68.56
551.90	172.34	0.00	-70.31
552.00	119.79	0.00	-71.82
552.10	66.29	0.00	-73.06
552.20	12.02	0.00	-74.02
552.30	-42.80	0.00	-74.69
552.40	-97.93	0.00	-75.04
552.50	-153.15	0.00	-75.06
552.60	-208.20	0.00	-74.74
552.70	-262.83	0.00	-74.06
552.80	-316.77	0.00	-73.03
552.90	-369.76	0.00	-71.63
553.00	-421.51	0.00	-69.86
553.10	-471.74	0.00	-67.71
553.20	-520.19	0.00	-65.19
553.30	-566.58	0.00	-62.29
553.40	-610.62	0.00	-59.03
553.50	-652.07	0.00	-55.40
553.60	-690.65	0.00	-51.43
553.70	-726.14	0.00	-47.12
553.80	-758.29	0.00	-42.49
553.90	-786.89	0.00	-37.56
554.00	-811.75	0.00	-32.34
554.10	-832.69	0.00	-26.88
554.20	-849.55	0.00	-21.19
554.30	-862.22	0.00	-15.30
554.40	-870.59	0.00	-9.24
554.50	-874.58	0.00	-3.05
554.60	-874.15	0.00	3.24
554.70	-869.29	0.00	9.59
554.80	-860.00	0.00	15.96
554.90	-846.58	0.00	22.30
555.00	-829.57	0.00	28.59
555.10	-809.04	0.00	34.78
555.20	-785.06	0.00	40.82
555.30	-757.72	0.00	46.67
555.40	-727.15	0.00	52.30
555.50	-693.47	0.00	57.66
555.60	-656.84	0.00	62.71
555.70	-617.42	0.00	67.41
555.80	-575.40	0.00	71.73
555.90	-531.01	0.00	75.63
556.00	-484.46	0.00	79.08
556.10	-435.99	0.00	82.05
556.20	-385.89	0.00	84.52
556.30	-334.42	0.00	86.45
556.40	-281.87	0.00	87.84
556.50	-228.56	0.00	88.66
556.60	-174.81	0.00	88.91
556.70	-120.95	0.00	88.57
556.80	-67.30	0.00	87.64
556.90	-14.22	0.00	86.12
557.00	37.95	0.00	84.02
557.10	88.88	0.00	81.35
557.20	138.21	0.00	78.12
557.30	185.62	0.00	74.35
557.40	230.79	0.00	70.06
557.50	273.39	0.00	65.29
557.60	313.14	0.00	60.05
557.70	349.75	0.00	54.39
557.80	382.97	0.00	48.34
557.90	412.56	0.00	41.95
558.00	438.31	0.00	35.26
558.10	460.05	0.00	28.32
558.20	477.63	0.00	21.18
558.30	490.93	0.00	13.89
558.40	499.87	0.00	6.50
558.50	504.40	0.00	-0.94
558.60	504.52	0.00	-8.36
558.70	500.23	0.00	-15.71
558.80	491.61	0.00	-22.95
558.90	478.75	0.00	-30.00
559.00	461.78	0.00	-36.83
559.10	440.85	0.00	-43.37
559.20	416.17	0.00	-49.58
559.30	387.95	0.00	-55.41
559.40	356.46	0.00	-60.82
559.50	321.96	0.00	-65.77
559.60	284.75	0.00	-70.21
559.70	245.16	0.00	-74.12
559.80	203.56	0.00	-77.45
559.90	160.29	0.00	-80.20
560.00	115.69	0.00	-82.33
560.10	70.12	0.00	-83.82
560.20	23.92	0.00	-84.68
560.30	-22.51	0.00	-84.88
560.40	-68.82	0.00	-84.43
560.50	-114.61	0.00	-83.33
560.60	-159.52	0.00	-81.58
560.70	-203.15	0.00	-79.21
560.80	-245.14	0.00	-76.22
560.90	-285.16	0.00	-72.65
561.00	-322.90	0.00	-68.50
561.10	-358.08	0.00	-63.83
561.20	-390.42	0.00	-58.65
561.30	-419.63	0.00	-53.01
561.40	-445.49	0.00	-46.95
561.50	-467.77	0.00	-40.52
561.60	-486.27	0.00	-33.75
561.70	-500.82	0.00	-26.70
561.80	-511.27	0.00	-19.42
561.90	-517.49	0.00	-11.97
562.00	-519.39	0.00	-4.38
562.10	-516.88	0.00	3.27
562.20	-509.94	0.00	10.94
562.30	-498.52	0.00	18.58
562.40	-482.65	0.00	26.13
562.50	-462.35	0.00	33.54
562.60	-437.69	0.00	40.75
562.70	-408.75	0.00	47.73
562.80	-375.64	0.00	54.42
562.90	-338.51	0.00	60.78
563.00	-297.53	0.00	66.77
563.10	-252.88	0.00	72.34
563.20	-204.78	0.00	77.47
563.30	-153.48	0.00	82.13
563.40	-99.25	0.00	86.28
563.50	-42.36	0.00	89.89
563.60	16.87	0.00	92.96
563.70	78.10	0.00	95.47
563.80	141.01	0.00	97.39
563.90	205.21	0.00	98.74
564.00	270.33	0.00	99.49
564.10	335.98	0.00	99.65
564.20	401.77	0.00	99.22
564.30	467.28	0.00	98.22
564.40	532.10	0.00	96.65
564.50	595.82	0.00	94.53
564.60	658.03	0.00	91.88
564.70	718.31	0.00	88.72
564.80	776.27	0.00	85.07
564.90	831.52	0.00	80.96
565.00	883.68	0.00	76.41
565.10	932.38	0.00	71.47
565.20	977.29	0.00	66.16
565.30	1018.07	0.00	60.52
565.40	1054.59	0.00	54.57
565.50	1087.43	0.00	48.37
565.60	1116.60	0.00	41.94
565.70	1141.97	0.00	35.33
565.80	1163.41	0.00	28.56
565.90	1180.83	0.00	21.68
566.00	1194.13	0.00	14.72
566.10	1203.24	0.00	7.72
566.20	1208.08	0.00	0.71
566.30	1208.58	0.00	-6.28
566.40	1204.71	0.00	-13.22
566.50	1196.42	0.00	-20.08
566.60	1183.66	0.00	-26.82
566.70	1166.43	0.00	-33.44
566.80	1144.71	0.00	-39.89
566.90	1118.48	0.00	-46.16
567.00	1087.76	0.00	-52.24
567.10	1052.55	0.00	-58.10
567.20	1012.89	0.00	-63.73
567.30	968.81	0.00	-69.12
567.40	920.36	0.00	-74.25
567.50	867.59	0.00	-79.12
567.60	810.58	0.00	-83.72
567.70	749.41	0.00	-88.04
567.80	684.19	0.00	-92.09
567.90	615.05	0.00	-95.85
568.00	542.10	0.00	-99.32
568.10	465.50	0.00	-102.51
568.20	385.43	0.00	-105.40
568.30	302.07	0.00	-108.02
568.40	215.63	0.00	-110.34
568.50	126.34	0.00	-112.37
568.60	34.46	0.00	-114.12
568.70	-59.75	0.00	-115.58
568.80	-156.00	0.00	-116.75
568.90	-253.96	0.00	-117.64
569.00	-353.31	0.00	-118.23
569.10	-453.69	0.00	-118.52
569.20	-554.71	0.00	-118.51
569.30	-655.98	0.00	-118.20
569.40	-757.08	0.00	-117.58
569.50	-857.59	0.00	-116.65
569.60	-957.04	0.00	-115.38
569.70	-1054.97	0.00	-113.79
569.80	-1150.90	0.00	-111.85
569.90	-1244.34	0.00	-109.55
570.00	-1334.80	0.00	-106.90
570.10	-1421.76	0.00	-103.87
570.20	-1504.73	0.00	-100.45
570.30	-1583.19	0.00	-96.64
570.40	-1656.64	0.00	-92.43
570.50	-1724.59	0.00	-87.80
570.60	-1786.55	0.00	-82.75
570.70	-1842.06	0.00	-77.27
570.80	-1890.66	0.00	-71.35
570.90	-1931.92	0.00	-65.00
571.00	-1966.94	0.00	-58.21
571.10	-1997.83	0.00	-50.98
571.20	-2024.44	0.00	-43.32
571.30	-2046.60	0.00	-35.24
571.40	-2064.09	0.00	-26.74
571.50	-2076.71	0.00	-17.85
571.60	-2084.24	0.00	-8.58
571.70	-2086.44	0.00	1.04
571.80	-2083.08	0.00	11.00
571.90	-2073.91	0.00	21.26
572.00	-2058.69	0.00	31.77
572.10	-2037.16	0.00	42.52
572.20	-2009.08	0.00	53.44
572.30	-1974.21	0.00	64.51
572.40	-1932.32	0.00	75.65
572.50	-1883.20	0.00	86.83
572.60	-1826.64	0.00	97.98
572.70	-1762.48	0.00	109.04
572.80	-1690.58	0.00	119.95
572.90	-1610.82	0.00	130.65
573.00	-1523.14	0.00	141.07
573.10	-1427.52	0.00	151.14
573.20	-1323.98	0.00	160.79
573.30	-1212.60	0.00	169.96
573.40	-1093.54	0.00	178.58
573.50	-967.00	0.00	186.57
573.60	-833.26	0.00	193.89
573.70	-692.65	0.00	200.46
573.80	-545.61	0.00	206.22
573.90	-392.62	0.00	211.12
574.00	-234.26	0.00	215.11
574.10	-71.17	0.00	218.14
574.20	95.94	0.00	220.17
574.30	266.28	0.00	221.15
574.40	438.99	0.00	221.07
574.50	613.17	0.00	219.90
574.60	787.83	0.00	217.62
574.70	961.98	0.00	214.22
574.80	1134.54	0.00	209.69
574.90	1304.43	0.00	204.06
575.00	1470.53	0.00	197.32
575.10	1631.74	0.00	189.50
575.20	1786.91	0.00	180.63
575.30	1934.96	0.00	170.74
575.40	2074.79	0.00	159.88
575.50	2205.34	0.00	148.10
575.60	2325.64	0.00	135.46
575.70	2434.72	0.00	122.02
575.80	2531.71	0.00	107.85
575.90	2615.84	0.00	93.02
576.00	2686.39	0.00	77.63
576.10	2742.77	0.00	61.74
576.20	2784.47	0.00	45.46
576.30	2811.14	0.00	28.88
576.40	2823.41	0.00	12.08
576.50	2827.26	0.00	-4.83
576.60	2823.75	0.00	-21.76
576.70	2812.84	0.00	-38.61
576.80	2794.45	0.00	-55.28
576.90	2768.52	0.00	-71.68
577.00	2734.97	0.00	-87.71
577.10	2693.76	0.00	-103.29
577.20	2644.79	0.00	-118.32
577.30	2588.04	0.00	-132.73
577.40	2523.44	0.00	-146.42
577.50	2450.98	0.00	-159.34
577.60	2370.67	0.00	-171.42
577.70	2282.53	0.00	-182.58
577.80	2186.62	0.00	-192.78
577.90	2083.05	0.00	-201.96
578.00	1971.96	0.00	-210.10
578.10	1853.56	0.00	-217.14
578.20	1728.07	0.00	-223.08
578.30	1595.79	0.00	-227.88
578.40	1457.09	0.00	-231.54
578.50	1312.37	0.00	-234.05
578.60	1162.10	0.00	-235.42
578.70	1006.80	0.00	-235.66
578.80	847.06	0.00	-234.78
578.90	683.50	0.00	-232.81
579.00	516.81	0.00	-229.79
579.10	347.71	0.00	-225.74
579.20	176.97	0.00	-220.71
579.30	5.41	0.00	-214.75
579.40	-166.17	0.00	-207.90
579.50	-336.90	0.00	-200.23
579.60	-505.91	0.00	-191.79
579.70	-672.34	0.00	-182.64
579.80	-835.31	0.00	-172.86
579.90	-993.97	0.00	-162.49
580.00	-1147.47	0.00	-151.62
580.10	-1295.00	0.00	-140.31
580.20	-1435.78	0.00	-128.63
580.30	-1569.06	0.00	-116.64
580.40	-1694.16	0.00	-104.41
580.50	-1810.42	0.00	-92.01
580.60	-1917.28	0.00	-79.51
580.70	-2014.22	0.00	-66.96
580.80	-2100.78	0.00	-54.43
580.90	-2176.60	0.00	-41.97
581.00	-2241.38	0.00	-29.65
581.10	-2294.88	0.00	-17.50
581.20	-2336.96	0.00	-5.58
581.30	-2367.56	0.00	6.06
581.40	-2386.67	0.00	17.39
581.50	-2394.38	0.00	28.36
581.60	-2390.84	0.00	38.94
581.70	-2376.28	0.00	49.10
581.80	-2350.97	0.00	58.81
581.90	-2318.21	0.00	68.05
582.00	-2280.85	0.00	76.80
582.10	-2239.05	0.00	85.04
582.20	-2192.93	0.00	92.75
582.30	-2142.62	0.00	99.92
582.40	-2088.23	0.00	106.55
582.50	-2029.88	0.00	112.63
582.60	-1967.68	0.00	118.16
582.70	-1901.73	0.00	123.13
582.80	-1832.16	0.00	127.55
582.90	-1759.07	0.00	131.41
583.00	-1682.59	0.00	134.73
583.10	-1602.85	0.00	137.50
583.20	-1519.98	0.00	139.75
583.30	-1434.15	0.00	141.47
583.40	-1345.53	0.00	142.67
583.50	-1254.28	0.00	143.38
583.60	-1160.61	0.00	143.59
583.70	-1064.73	0.00	143.32
583.80	-966.87	0.00	142.59
583.90	-867.27	0.00	141.41
584.00	-766.20	0.00	139.80
584.10	-663.93	0.00	137.76
584.20	-560.77	0.00	135.33
584.30	-457.00	0.00	132.50
584.40	-352.96	0.00	129.31
584.50	-248.98	0.00	125.76
584.60	-145.38	0.00	121.88
584.70	-42.53	0.00	117.68
584.80	59.23	0.00	113.19
584.90	159.55	0.00	108.42
585.00	258.07	0.00	103.39
585.10	354.44	0.00	98.13
585.20	448.32	0.00	92.65
585.30	539.35	0.00	86.98
585.40	627.23	0.00	81.13
585.50	711.63	0.00	75.14
585.60	792.25	0.00	69.02
585.70	868.80	0.00	62.80
585.80	941.03	0.00	56.51
585.90	1008.69	0.00	50.15
586.00	1071.57	0.00	43.77
586.10	1129.47	0.00	37.38
586.20	1182.23	0.00	31.01
586.30	1229.71	0.00	24.68
586.40	1271.80	0.00	18.42
586.50	1308.42	0.00	12.25
586.60	1339.52	0.00	6.19
586.70	1365.09	0.00	0.27
586.80	1385.13	0.00	-5.50
586.90	1399.68	0.00	-11.09
587.00	1408.82	0.00	-16.48
587.10	1412.63	0.00	-21.65
587.20	1411.24	0.00	-26.59
587.30	1404.80	0.00	-31.28
587.40	1393.47	0.00	-35.70
587.50	1377.46	0.00	-39.84
587.60	1356.96	0.00	-43.70
587.70	1332.23	0.00	-47.25
587.80	1303.56	0.00	-50.50
587.90	1272.42	0.00	-53.44
588.00	1239.40	0.00	-56.05
588.10	1204.65	0.00	-58.35
588.20	1168.30	0.00	-60.34
588.30	1130.49	0.00	-62.00
588.40	1091.37	0.00	-63.35
588.50	1051.05	0.00	-64.40
588.60	1009.68	0.00	-65.14
588.70	967.38	0.00	-65.60
588.80	924.28	0.00	-65.77
588.90	880.51	0.00	-65.68
589.00	836.20	0.00	-65.34
589.10	791.45	0.00	-64.75
589.20	746.40	0.00	-63.94
589.30	701.15	0.00	-62.93
589.40	655.81	0.00	-61.72
589.50	610.49	0.00	-60.35
589.60	565.29	0.00	-58.82
589.70	520.31	0.00	-57.16
589.80	475.64	0.00	-55.38
589.90	431.38	0.00	-53.51
590.00	387.59	0.00	-51.55
590.10	344.36	0.00	-49.54
590.20	301.77	0.00	-47.48
590.30	259.87	0.00	-45.40
590.40	218.73	0.00	-43.30
590.50	178.40	0.00	-41.20
590.60	138.94	0.00	-39.12
590.70	100.38	0.00	-37.06
590.80	62.76	0.00	-35.05
590.90	26.12	0.00	-33.08
591.00	-9.51	0.00	-31.17
591.10	-44.11	0.00	-29.32
591.20	-77.67	0.00	-27.54
591.30	-110.15	0.00	-25.83
591.40	-141.56	0.00	-24.19
591.50	-171.88	0.00	-22.64
591.60	-201.11	0.00	-21.16
591.70	-229.25	0.00	-19.75
591.80	-256.29	0.00	-18.42
591.90	-282.23	0.00	-17.16
592.00	-307.08	0.00	-15.97
592.10	-330.84	0.00	-14.84
592.20	-353.52	0.00	-13.78
592.30	-375.13	0.00	-12.76
592.40	-395.66	0.00	-11.80
592.50	-415.12	0.00	-10.88
592.60	-433.53	0.00	-9.99
592.70	-450.89	0.00	-9.13
592.80	-467.20	0.00	-8.31
592.90	-482.48	0.00	-7.50
593.00	-496.73	0.00	-6.70
593.10	-509.96	0.00	-5.92
593.20	-522.18	0.00	-5.14
593.30	-533.39	0.00	-4.37
593.40	-543.61	0.00	-3.60
593.50	-552.84	0.00	-2.82
593.60	-561.09	0.00	-2.05
593.70	-568.39	0.00	-1.28
593.80	-574.73	0.00	-0.50
593.90	-580.14	0.00	0.27
594.00	-584.63	0.00	1.05
594.10	-588.21	0.00	1.81
594.20	-590.92	0.00	2.57
594.30	-592.76	0.00	3.32
594.40	-593.76	0.00	4.04
594.50	-593.96	0.00	4.75
594.60	-593.37	0.00	5.42
594.70	-592.03	0.00	6.06
594.80	-589.97	0.00	6.66
594.90	-587.23	0.00	7.21
595.00	-583.84	0.00	7.71
595.10	-579.83	0.00	8.15
595.20	-575.43	0.00	8.53
595.30	-570.82	0.00	8.84
595.40	-566.06	0.00	9.08
595.50	-561.16	0.00	9.24
595.60	-556.15	0.00	9.32
595.70	-551.08	0.00	9.33
595.80	-545.97	0.00	9.24
595.90	-540.84	0.00	9.08
596.00	-535.72	0.00	8.84
596.10	-530.63	0.00	8.51
596.20	-525.60	0.00	8.11
596.30	-520.63	0.00	7.64
596.40	-515.75	0.00	7.10
596.50	-510.95	0.00	6.50
596.60	-506.24	0.00	5.85
596.70	-501.62	0.00	5.16
596.80	-497.08	0.00	4.43
596.90	-492.61	0.00	3.69
597.00	-488.18	0.00	2.93
597.10	-483.77	0.00	2.18
597.20	-479.35	0.00	1.45
597.30	-474.88	0.00	0.75
597.40	-470.30	0.00	0.10
597.50	-465.56	0.00	-0.48
597.60	-460.61	0.00	-0.99
597.70	-455.36	0.00	-1.41
597.80	-449.74	0.00	-1.72
597.90	-443.68	0.00	-1.90
598.00	-437.07	0.00	-1.94
598.10	-429.82	0.00	-1.83
598.20	-421.83	0.00	-1.55
598.30	-413.00	0.00	-1.09
598.40	-403.20	0.00	-0.44
598.50	-392.33	0.00	0.40
598.60	-380.26	0.00	1.46
598.70	-366.89	0.00	2.74
598.80	-352.07	0.00	4.23
598.90	-335.71	0.00	5.95
599.00	-317.67	0.00	7.90
599.10	-297.83	0.00	10.07
599.20	-276.10	0.00	12.46
599.30	-252.35	0.00	15.07
599.40	-226.50	0.00	17.88
599.50	-198.44	0.00	20.90
599.60	-168.09	0.00	24.10
599.70	-135.40	0.00	27.48
599.80	-100.29	0.00	31.01
599.90	-62.72	0.00	34.67
600.00	-22.68	0.00	38.45
