Time(s)	Fx(N)	Fy(N)	Fz(N)
0.00	-1473.37	0.00	-438.00
0.10	-1929.22	0.00	-420.09
0.20	-2377.40	0.00	-400.52
0.30	-2814.42	0.00	-379.38
0.40	-3236.81	0.00	-356.73
0.50	-3641.14	0.00	-332.68
0.60	-4024.04	0.00	-307.32
0.70	-4382.27	0.00	-280.74
0.80	-4712.77	0.00	-253.06
0.90	-5012.65	0.00	-224.37
1.00	-5279.28	0.00	-194.80
1.10	-5510.28	0.00	-164.47
1.20	-5703.60	0.00	-133.48
1.30	-5857.47	0.00	-101.96
1.40	-5970.52	0.00	-70.05
1.50	-6041.70	0.00	-37.86
1.60	-6070.36	0.00	-5.51
1.70	-6069.22	0.00	26.85
1.80	-6062.32	0.00	59.11
1.90	-6049.94	0.00	91.13
2.00	-6031.63	0.00	122.80
2.10	-6006.73	0.00	153.98
2.20	-5974.43	0.00	184.55
2.30	-5933.75	0.00	214.40
2.40	-5883.59	0.00	243.39
2.50	-5822.73	0.00	271.43
2.60	-5749.88	0.00	298.40
2.70	-5663.70	0.00	324.19
2.80	-5562.82	0.00	348.70
2.90	-5445.88	0.00	371.83
3.00	-5311.57	0.00	393.50
3.10	-5158.66	0.00	413.61
3.20	-4986.03	0.00	432.09
3.30	-4792.71	0.00	448.86
3.40	-4577.87	0.00	463.87
3.50	-4340.91	0.00	477.04
3.60	-4081.46	0.00	488.33
3.70	-3799.37	0.00	497.70
3.80	-3494.78	0.00	505.09
3.90	-3168.10	0.00	510.50
4.00	-2820.04	0.00	513.89
4.10	-2451.60	0.00	515.25
4.20	-2064.08	0.00	514.58
4.30	-1659.10	0.00	511.88
4.40	-1238.53	0.00	507.16
4.50	-804.56	0.00	500.44
4.60	-359.62	0.00	491.74
4.70	93.62	0.00	481.10
4.80	552.28	0.00	468.56
4.90	1013.27	0.00	454.18
5.00	1473.37	0.00	438.00
5.10	1929.22	0.00	420.09
5.20	2377.40	0.00	400.52
5.30	2814.42	0.00	379.38
5.40	3236.81	0.00	356.73
5.50	3641.14	0.00	332.68
5.60	4024.04	0.00	307.32
5.70	4382.27	0.00	280.74
5.80	4712.77	0.00	253.06
5.90	5012.65	0.00	224.37
6.00	5279.28	0.00	194.80
6.10	5510.28	0.00	164.47
6.20	5703.60	0.00	133.48
6.30	5857.47	0.00	101.96
6.40	5970.52	0.00	70.05
6.50	6041.70	0.00	37.86
6.60	6070.36	0.00	5.51
6.70	6069.22	0.00	-26.85
6.80	6062.32	0.00	-59.11
6.90	6049.94	0.00	-91.13
7.00	6031.63	0.00	-122.80
7.10	6006.73	0.00	-153.98
7.20	5974.43	0.00	-184.55
7.30	5933.75	0.00	-214.40
7.40	5883.59	0.00	-243.39
7.50	5822.73	0.00	-271.43
7.60	5749.88	0.00	-298.40
7.70	5663.70	0.00	-324.19
7.80	5562.82	0.00	-348.70
7.90	5445.88	0.00	-371.83
8.00	5311.57	0.00	-393.50
8.10	5158.66	0.00	-413.61
8.20	4986.03	0.00	-432.09
8.30	4792.71	0.00	-448.86
8.40	4577.87	0.00	-463.87
8.50	4340.91	0.00	-477.04
8.60	4081.46	0.00	-488.33
8.70	3799.37	0.00	-497.70
8.80	3494.78	0.00	-505.09
8.90	3168.10	0.00	-510.50
9.00	2820.04	0.00	-513.89
9.10	2451.60	0.00	-515.25
9.20	2064.08	0.00	-514.58
9.30	1659.10	0.00	-511.88
9.40	1238.53	0.00	-507.16
9.50	804.56	0.00	-500.44
9.60	359.62	0.00	-491.74
9.70	-93.62	0.00	-481.10
9.80	-552.28	0.00	-468.56
9.90	-1013.27	0.00	-454.18
10.00	-1473.37	0.00	-438.00
10.10	-1929.22	0.00	-420.09
10.20	-2377.40	0.00	-400.52
10.30	-2814.42	0.00	-379.38
10.40	-3236.81	0.00	-356.73
10.50	-3641.14	0.00	-332.68
10.60	-4024.04	0.00	-307.32
10.70	-4382.27	0.00	-280.74
10.80	-4712.77	0.00	-253.06
10.90	-5012.65	0.00	-224.37
11.00	-5279.28	0.00	-194.80
11.10	-5510.28	0.00	-164.47
11.20	-5703.60	0.00	-133.48
11.30	-5857.47	0.00	-101.96
11.40	-5970.52	0.00	-70.05
11.50	-6041.70	0.00	-37.86
11.60	-6070.36	0.00	-5.51
11.70	-6069.22	0.00	26.85
11.80	-6062.32	0.00	59.11
11.90	-6049.94	0.00	91.13
12.00	-6031.63	0.00	122.80
12.10	-6006.73	0.00	153.98
12.20	-5974.43	0.00	184.55
12.30	-5933.75	0.00	214.40
12.40	-5883.59	0.00	243.39
12.50	-5822.73	0.00	271.43
12.60	-5749.88	0.00	298.40
12.70	-5663.70	0.00	324.19
12.80	-5562.82	0.00	348.70
12.90	-5445.88	0.00	371.83
13.00	-5311.57	0.00	393.50
13.10	-5158.66	0.00	413.61
13.20	-4986.03	0.00	432.09
13.30	-4792.71	0.00	448.86
13.40	-4577.87	0.00	463.87
13.50	-4340.91	0.00	477.04
13.60	-4081.46	0.00	488.33
13.70	-3799.37	0.00	497.70
13.80	-3494.78	0.00	505.09
13.90	-3168.10	0.00	510.50
14.00	-2820.04	0.00	513.89
14.10	-2451.60	0.00	515.25
14.20	-2064.08	0.00	514.58
14.30	-1659.10	0.00	511.88
14.40	-1238.53	0.00	507.16
14.50	-804.56	0.00	500.44
14.60	-359.62	0.00	491.74
14.70	93.62	0.00	481.10
14.80	552.28	0.00	468.56
14.90	1013.27	0.00	454.18
15.00	1473.37	0.00	438.00
15.10	1929.22	0.00	420.09
15.20	2377.40	0.00	400.52
15.30	2814.42	0.00	379.38
15.40	3236.81	0.00	356.73
15.50	3641.14	0.00	332.68
15.60	4024.04	0.00	307.32
15.70	4382.27	0.00	280.74
15.80	4712.77	0.00	253.06
15.90	5012.65	0.00	224.37
16.00	5279.28	0.00	194.80
16.10	5510.28	0.00	164.47
16.20	5703.60	0.00	133.48
16.30	5857.47	0.00	101.96
16.40	5970.52	0.00	70.05
16.50	6041.70	0.00	37.86
16.60	6070.36	0.00	5.51
16.70	6069.22	0.00	-26.85
16.80	6062.32	0.00	-59.11
16.90	6049.94	0.00	-91.13
17.00	6031.63	0.00	-122.80
17.10	6006.73	0.00	-153.98
17.20	5974.43	0.00	-184.55
17.30	5933.75	0.00	-214.40
17.40	5883.59	0.00	-243.39
17.50	5822.73	0.00	-271.43
17.60	5749.88	0.00	-298.40
17.70	5663.70	0.00	-324.19
17.80	5562.82	0.00	-348.70
17.90	5445.88	0.00	-371.83
18.00	5311.57	0.00	-393.50
18.10	5158.66	0.00	-413.61
18.20	4986.03	0.00	-432.09
18.30	4792.71	0.00	-448.86
18.40	4577.87	0.00	-463.87
18.50	4340.91	0.00	-477.04
18.60	4081.46	0.00	-488.33
18.70	3799.37	0.00	-497.70
18.80	3494.78	0.00	-505.09
18.90	3168.10	0.00	-510.50
19.00	2820.04	0.00	-513.89
19.10	2451.60	0.00	-515.25
19.20	2064.08	0.00	-514.58
19.30	1659.10	0.00	-511.88
19.40	1238.53	0.00	-507.16
19.50	804.56	0.00	-500.44
19.60	359.62	0.00	-491.74
19.70	-93.62	0.00	-481.10
19.80	-552.28	0.00	-468.56
19.90	-1013.27	0.00	-454.18
20.00	-1473.37	0.00	-438.00
20.10	-1929.22	0.00	-420.09
20.20	-2377.40	0.00	-400.52
20.30	-2814.42	0.00	-379.38
20.40	-3236.81	0.00	-356.73
20.50	-3641.14	0.00	-332.68
20.60	-4024.04	0.00	-307.32
20.70	-4382.27	0.00	-280.74
20.80	-4712.77	0.00	-253.06
20.90	-5012.65	0.00	-224.37
21.00	-5279.28	0.00	-194.80
21.10	-5510.28	0.00	-164.47
21.20	-5703.60	0.00	-133.48
21.30	-5857.47	0.00	-101.96
21.40	-5970.52	0.00	-70.05
21.50	-6041.70	0.00	-37.86
21.60	-6070.36	0.00	-5.51
21.70	-6069.22	0.00	26.85
21.80	-6062.32	0.00	59.11
21.90	-6049.94	0.00	91.13
22.00	-6031.63	0.00	122.80
22.10	-6006.73	0.00	153.98
22.20	-5974.43	0.00	184.55
22.30	-5933.75	0.00	214.40
22.40	-5883.59	0.00	243.39
22.50	-5822.73	0.00	271.43
22.60	-5749.88	0.00	298.40
22.70	-5663.70	0.00	324.19
22.80	-5562.82	0.00	348.70
22.90	-5445.88	0.00	371.83
23.00	-5311.57	0.00	393.50
23.10	-5158.66	0.00	413.61
23.20	-4986.03	0.00	432.09
23.30	-4792.71	0.00	448.86
23.40	-4577.87	0.00	463.87
23.50	-4340.91	0.00	477.04
23.60	-4081.46	0.00	488.33
23.70	-3799.37	0.00	497.70
23.80	-3494.78	0.00	505.09
23.90	-3168.10	0.00	510.50
24.00	-2820.04	0.00	513.89
24.10	-2451.60	0.00	515.25
24.20	-2064.08	0.00	514.58
24.30	-1659.10	0.00	511.88
24.40	-1238.53	0.00	507.16
24.50	-804.56	0.00	500.44
24.60	-359.62	0.00	491.74
24.70	93.62	0.00	481.10
24.80	552.28	0.00	468.56
24.90	1013.27	0.00	454.18
25.00	1473.37	0.00	438.00
25.10	1929.22	0.00	420.09
25.20	2377.40	0.00	400.52
25.30	2814.42	0.00	379.38
25.40	3236.81	0.00	356.73
25.50	3641.14	0.00	332.68
25.60	4024.04	0.00	307.32
25.70	4382.27	0.00	280.74
25.80	4712.77	0.00	253.06
25.90	5012.65	0.00	224.37
26.00	5279.28	0.00	194.80
26.10	5510.28	0.00	164.47
26.20	5703.60	0.00	133.48
26.30	5857.47	0.00	101.96
26.40	5970.52	0.00	70.05
26.50	6041.70	0.00	37.86
26.60	6070.36	0.00	5.51
26.70	6069.22	0.00	-26.85
26.80	6062.32	0.00	-59.11
26.90	6049.94	0.00	-91.13
27.00	6031.63	0.00	-122.80
27.10	6006.73	0.00	-153.98
27.20	5974.43	0.00	-184.55
27.30	5933.75	0.00	-214.40
27.40	5883.59	0.00	-243.39
27.50	5822.73	0.00	-271.43
27.60	5749.88	0.00	-298.40
27.70	5663.70	0.00	-324.19
27.80	5562.82	0.00	-348.70
27.90	5445.88	0.00	-371.83
28.00	5311.57	0.00	-393.50
28.10	5158.66	0.00	-413.61
28.20	4986.03	0.00	-432.09
28.30	4792.71	0.00	-448.86
28.40	4577.87	0.00	-463.87
28.50	4340.91	0.00	-477.04
28.60	4081.46	0.00	-488.33
28.70	3799.37	0.00	-497.70
28.80	3494.78	0.00	-505.09
28.90	3168.10	0.00	-510.50
29.00	2820.04	0.00	-513.89
29.10	2451.60	0.00	-515.25
29.20	2064.08	0.00	-514.58
29.30	1659.10	0.00	-511.88
29.40	1238.53	0.00	-507.16
29.50	804.56	0.00	-500.44
29.60	359.62	0.00	-491.74
29.70	-93.62	0.00	-481.10
29.80	-552.28	0.00	-468.56
29.90	-1013.27	0.00	-454.18
30.00	-1473.37	0.00	-438.00
30.10	-1929.22	0.00	-420.09
30.20	-2377.40	0.00	-400.52
30.30	-2814.42	0.00	-379.38
30.40	-3236.81	0.00	-356.73
30.50	-3641.14	0.00	-332.68
30.60	-4024.04	0.00	-307.32
30.70	-4382.27	0.00	-280.74
30.80	-4712.77	0.00	-253.06
30.90	-5012.65	0.00	-224.37
31.00	-5279.28	0.00	-194.80
31.10	-5510.28	0.00	-164.47
31.20	-5703.60	0.00	-133.48
31.30	-5857.47	0.00	-101.96
31.40	-5970.52	0.00	-70.05
31.50	-6041.70	0.00	-37.86
31.60	-6070.36	0.00	-5.51
31.70	-6069.22	0.00	26.85
31.80	-6062.32	0.00	59.11
31.90	-6049.94	0.00	91.13
32.00	-6031.63	0.00	122.80
32.10	-6006.73	0.00	153.98
32.20	-5974.43	0.00	184.55
32.30	-5933.75	0.00	214.40
32.40	-5883.59	0.00	243.39
32.50	-5822.73	0.00	271.43
32.60	-5749.88	0.00	298.40
32.70	-5663.70	0.00	324.19
32.80	-5562.82	0.00	348.70
32.90	-5445.88	0.00	371.83
33.00	-5311.57	0.00	393.50
33.10	-5158.66	0.00	413.61
33.20	-4986.03	0.00	432.09
33.30	-4792.71	0.00	448.86
33.40	-4577.87	0.00	463.87
33.50	-4340.91	0.00	477.04
33.60	-4081.46	0.00	488.33
33.70	-3799.37	0.00	497.70
33.80	-3494.78	0.00	505.09
33.90	-3168.10	0.00	510.50
34.00	-2820.04	0.00	513.89
34.10	-2451.60	0.00	515.25
34.20	-2064.08	0.00	514.58
34.30	-1659.10	0.00	511.88
34.40	-1238.53	0.00	507.16
34.50	-804.56	0.00	500.44
34.60	-359.62	0.00	491.74
34.70	93.62	0.00	481.10
34.80	552.28	0.00	468.56
34.90	1013.27	0.00	454.18
35.00	1473.37	0.00	438.00
35.10	1929.22	0.00	420.09
35.20	2377.40	0.00	400.52
35.30	2814.42	0.00	379.38
35.40	3236.81	0.00	356.73
35.50	3641.14	0.00	332.68
35.60	4024.04	0.00	307.32
35.70	4382.27	0.00	280.74
35.80	4712.77	0.00	253.06
35.90	5012.65	0.00	224.37
36.00	5279.28	0.00	194.80
36.10	5510.28	0.00	164.47
36.20	5703.60	0.00	133.48
36.30	5857.47	0.00	101.96
36.40	5970.52	0.00	70.05
36.50	6041.70	0.00	37.86
36.60	6070.36	0.00	5.51
36.70	6069.22	0.00	-26.85
36.80	6062.32	0.00	-59.11
36.90	6049.94	0.00	-91.13
37.00	6031.63	0.00	-122.80
37.10	6006.73	0.00	-153.98
37.20	5974.43	0.00	-184.55
37.30	5933.75	0.00	-214.40
37.40	5883.59	0.00	-243.39
37.50	5822.73	0.00	-271.43
37.60	5749.88	0.00	-298.40
37.70	5663.70	0.00	-324.19
37.80	5562.82	0.00	-348.70
37.90	5445.88	0.00	-371.83
38.00	5311.57	0.00	-393.50
38.10	5158.66	0.00	-413.61
38.20	4986.03	0.00	-432.09
38.30	4792.71	0.00	-448.86
38.40	4577.87	0.00	-463.87
38.50	4340.91	0.00	-477.04
38.60	4081.46	0.00	-488.33
38.70	3799.37	0.00	-497.70
38.80	3494.78	0.00	-505.09
38.90	3168.10	0.00	-510.50
39.00	2820.04	0.00	-513.89
39.10	2451.60	0.00	-515.25
39.20	2064.08	0.00	-514.58
39.30	1659.10	0.00	-511.88
39.40	1238.53	0.00	-507.16
39.50	804.56	0.00	-500.44
39.60	359.62	0.00	-491.74
39.70	-93.62	0.00	-481.10
39.80	-552.28	0.00	-468.56
39.90	-1013.27	0.00	-454.18
40.00	-1473.37	0.00	-438.00
40.10	-1929.22	0.00	-420.09
40.20	-2377.40	0.00	-400.52
40.30	-2814.42	0.00	-379.38
40.40	-3236.81	0.00	-356.73
40.50	-3641.14	0.00	-332.68
40.60	-4024.04	0.00	-307.32
40.70	-4382.27	0.00	-280.74
40.80	-4712.77	0.00	-253.06
40.90	-5012.65	0.00	-224.37
41.00	-5279.28	0.00	-194.80
41.10	-5510.28	0.00	-164.47
41.20	-5703.60	0.00	-133.48
41.30	-5857.47	0.00	-101.96
41.40	-5970.52	0.00	-70.05
41.50	-6041.70	0.00	-37.86
41.60	-6070.36	0.00	-5.51
41.70	-6069.22	0.00	26.85
41.80	-6062.32	0.00	59.11
41.90	-6049.94	0.00	91.13
42.00	-6031.63	0.00	122.80
42.10	-6006.73	0.00	153.98
42.20	-5974.43	0.00	184.55
42.30	-5933.75	0.00	214.40
42.40	-5883.59	0.00	243.39
42.50	-5822.73	0.00	271.43
42.60	-5749.88	0.00	298.40
42.70	-5663.70	0.00	324.19
42.80	-5562.82	0.00	348.70
42.90	-5445.88	0.00	371.83
43.00	-5311.57	0.00	393.50
43.10	-5158.66	0.00	413.61
43.20	-4986.03	0.00	432.09
43.30	-4792.71	0.00	448.86
43.40	-4577.87	0.00	463.87
43.50	-4340.91	0.00	477.04
43.60	-4081.46	0.00	488.33
43.70	-3799.37	0.00	497.70
43.80	-3494.78	0.00	505.09
43.90	-3168.10	0.00	510.50
44.00	-2820.04	0.00	513.89
44.10	-2451.60	0.00	515.25
44.20	-2064.08	0.00	514.58
44.30	-1659.10	0.00	511.88
44.40	-1238.53	0.00	507.16
44.50	-804.56	0.00	500.44
44.60	-359.62	0.00	491.74
44.70	93.62	0.00	481.10
44.80	552.28	0.00	468.56
44.90	1013.27	0.00	454.18
45.00	1473.37	0.00	438.00
45.10	1929.22	0.00	420.09
45.20	2377.40	0.00	400.52
45.30	2814.42	0.00	379.38
45.40	3236.81	0.00	356.73
45.50	3641.14	0.00	332.68
45.60	4024.04	0.00	307.32
45.70	4382.27	0.00	280.74
45.80	4712.77	0.00	253.06
45.90	5012.65	0.00	224.37
46.00	5279.28	0.00	194.80
46.10	5510.28	0.00	164.47
46.20	5703.60	0.00	133.48
46.30	5857.47	0.00	101.96
46.40	5970.52	0.00	70.05
46.50	6041.70	0.00	37.86
46.60	6070.36	0.00	5.51
46.70	6069.22	0.00	-26.85
46.80	6062.32	0.00	-59.11
46.90	6049.94	0.00	-91.13
47.00	6031.63	0.00	-122.80
47.10	6006.73	0.00	-153.98
47.20	5974.43	0.00	-184.55
47.30	5933.75	0.00	-214.40
47.40	5883.59	0.00	-243.39
47.50	5822.73	0.00	-271.43
47.60	5749.88	0.00	-298.40
47.70	5663.70	0.00	-324.19
47.80	5562.82	0.00	-348.70
47.90	5445.88	0.00	-371.83
48.00	5311.57	0.00	-393.50
48.10	5158.66	0.00	-413.61
48.20	4986.03	0.00	-432.09
48.30	4792.71	0.00	-448.86
48.40	4577.87	0.00	-463.87
48.50	4340.91	0.00	-477.04
48.60	4081.46	0.00	-488.33
48.70	3799.37	0.00	-497.70
48.80	3494.78	0.00	-505.09
48.90	3168.10	0.00	-510.50
49.00	2820.04	0.00	-513.89
49.10	2451.60	0.00	-515.25
49.20	2064.08	0.00	-514.58
49.30	1659.10	0.00	-511.88
49.40	1238.53	0.00	-507.16
49.50	804.56	0.00	-500.44
49.60	359.62	0.00	-491.74
49.70	-93.62	0.00	-481.10
49.80	-552.28	0.00	-468.56
49.90	-1013.27	0.00	-454.18
50.00	-1473.37	0.00	-438.00
50.10	-1929.22	0.00	-420.09
50.20	-2377.40	0.00	-400.52
50.30	-2814.42	0.00	-379.38
50.40	-3236.81	0.00	-356.73
50.50	-3641.14	0.00	-332.68
50.60	-4024.04	0.00	-307.32
50.70	-4382.27	0.00	-280.74
50.80	-4712.77	0.00	-253.06
50.90	-5012.65	0.00	-224.37
51.00	-5279.28	0.00	-194.80
51.10	-5510.28	0.00	-164.47
51.20	-5703.60	0.00	-133.48
51.30	-5857.47	0.00	-101.96
51.40	-5970.52	0.00	-70.05
51.50	-6041.70	0.00	-37.86
51.60	-6070.36	0.00	-5.51
51.70	-6069.22	0.00	26.85
51.80	-6062.32	0.00	59.11
51.90	-6049.94	0.00	91.13
52.00	-6031.63	0.00	122.80
52.10	-6006.73	0.00	153.98
52.20	-5974.43	0.00	184.55
52.30	-5933.75	0.00	214.40
52.40	-5883.59	0.00	243.39
52.50	-5822.73	0.00	271.43
52.60	-5749.88	0.00	298.40
52.70	-5663.70	0.00	324.19
52.80	-5562.82	0.00	348.70
52.90	-5445.88	0.00	371.83
53.00	-5311.57	0.00	393.50
53.10	-5158.66	0.00	413.61
53.20	-4986.03	0.00	432.09
53.30	-4792.71	0.00	448.86
53.40	-4577.87	0.00	463.87
53.50	-4340.91	0.00	477.04
53.60	-4081.46	0.00	488.33
53.70	-3799.37	0.00	497.70
53.80	-3494.78	0.00	505.09
53.90	-3168.10	0.00	510.50
54.00	-2820.04	0.00	513.89
54.10	-2451.60	0.00	515.25
54.20	-2064.08	0.00	514.58
54.30	-1659.10	0.00	511.88
54.40	-1238.53	0.00	507.16
54.50	-804.56	0.00	500.44
54.60	-359.62	0.00	491.74
54.70	93.62	0.00	481.10
54.80	552.28	0.00	468.56
54.90	1013.27	0.00	454.18
55.00	1473.37	0.00	438.00
55.10	1929.22	0.00	420.09
55.20	2377.40	0.00	400.52
55.30	2814.42	0.00	379.38
55.40	3236.81	0.00	356.73
55.50	3641.14	0.00	332.68
55.60	4024.04	0.00	307.32
55.70	4382.27	0.00	280.74
55.80	4712.77	0.00	253.06
55.90	5012.65	0.00	224.37
56.00	5279.28	0.00	194.80
56.10	5510.28	0.00	164.47
56.20	5703.60	0.00	133.48
56.30	5857.47	0.00	101.96
56.40	5970.52	0.00	70.05
56.50	6041.70	0.00	37.86
56.60	6070.36	0.00	5.51
56.70	6069.22	0.00	-26.85
56.80	6062.32	0.00	-59.11
56.90	6049.94	0.00	-91.13
57.00	6031.63	0.00	-122.80
57.10	6006.73	0.00	-153.98
57.20	5974.43	0.00	-184.55
57.30	5933.75	0.00	-214.40
57.40	5883.59	0.00	-243.39
57.50	5822.73	0.00	-271.43
57.60	5749.88	0.00	-298.40
57.70	5663.70	0.00	-324.19
57.80	5562.82	0.00	-348.70
57.90	5445.88	0.00	-371.83
58.00	5311.57	0.00	-393.50
58.10	5158.66	0.00	-413.61
58.20	4986.03	0.00	-432.09
58.30	4792.71	0.00	-448.86
58.40	4577.87	0.00	-463.87
58.50	4340.91	0.00	-477.04
58.60	4081.46	0.00	-488.33
58.70	3799.37	0.00	-497.70
58.80	3494.78	0.00	-505.09
58.90	3168.10	0.00	-510.50
59.00	2820.04	0.00	-513.89
59.10	2451.60	0.00	-515.25
59.20	2064.08	0.00	-514.58
59.30	1659.10	0.00	-511.88
59.40	1238.53	0.00	-507.16
59.50	804.56	0.00	-500.44
59.60	359.62	0.00	-491.74
59.70	-93.62	0.00	-481.10
59.80	-552.28	0.00	-468.56
59.90	-1013.27	0.00	-454.18
60.00	-1473.37	0.00	-438.00
60.10	-1929.22	0.00	-420.09
60.20	-2377.40	0.00	-400.52
60.30	-2814.42	0.00	-379.38
60.40	-3236.81	0.00	-356.73
60.50	-3641.14	0.00	-332.68
60.60	-4024.04	0.00	-307.32
60.70	-4382.27	0.00	-280.74
60.80	-4712.77	0.00	-253.06
60.90	-5012.65	0.00	-224.37
61.00	-5279.28	0.00	-194.80
61.10	-5510.28	0.00	-164.47
61.20	-5703.60	0.00	-133.48
61.30	-5857.47	0.00	-101.96
61.40	-5970.52	0.00	-70.05
61.50	-6041.70	0.00	-37.86
61.60	-6070.36	0.00	-5.51
61.70	-6069.22	0.00	26.85
61.80	-6062.32	0.00	59.11
61.90	-6049.94	0.00	91.13
62.00	-6031.63	0.00	122.80
62.10	-6006.73	0.00	153.98
62.20	-5974.43	0.00	184.55
62.30	-5933.75	0.00	214.40
62.40	-5883.59	0.00	243.39
62.50	-5822.73	0.00	271.43
62.60	-5749.88	0.00	298.40
62.70	-5663.70	0.00	324.19
62.80	-5562.82	0.00	348.70
62.90	-5445.88	0.00	371.83
63.00	-5311.57	0.00	393.50
63.10	-5158.66	0.00	413.61
63.20	-4986.03	0.00	432.09
63.30	-4792.71	0.00	448.86
63.40	-4577.87	0.00	463.87
63.50	-4340.91	0.00	477.04
63.60	-4081.46	0.00	488.33
63.70	-3799.37	0.00	497.70
63.80	-3494.78	0.00	505.09
63.90	-3168.10	0.00	510.50
64.00	-2820.04	0.00	513.89
64.10	-2451.60	0.00	515.25
64.20	-2064.08	0.00	514.58
64.30	-1659.10	0.00	511.88
64.40	-1238.53	0.00	507.16
64.50	-804.56	0.00	500.44
64.60	-359.62	0.00	491.74
64.70	93.62	0.00	481.10
64.80	552.28	0.00	468.56
64.90	1013.27	0.00	454.18
65.00	1473.37	0.00	438.00
65.10	1929.22	0.00	420.09
65.20	2377.40	0.00	400.52
65.30	2814.42	0.00	379.38
65.40	3236.81	0.00	356.73
65.50	3641.14	0.00	332.68
65.60	4024.04	0.00	307.32
65.70	4382.27	0.00	280.74
65.80	4712.77	0.00	253.06
65.90	5012.65	0.00	224.37
66.00	5279.28	0.00	194.80
66.10	5510.28	0.00	164.47
66.20	5703.60	0.00	133.48
66.30	5857.47	0.00	101.96
66.40	5970.52	0.00	70.05
66.50	6041.70	0.00	37.86
66.60	6070.36	0.00	5.51
66.70	6069.22	0.00	-26.85
66.80	6062.32	0.00	-59.11
66.90	6049.94	0.00	-91.13
67.00	6031.63	0.00	-122.80
67.10	6006.73	0.00	-153.98
67.20	5974.43	0.00	-184.55
67.30	5933.75	0.00	-214.40
67.40	5883.59	0.00	-243.39
67.50	5822.73	0.00	-271.43
67.60	5749.88	0.00	-298.40
67.70	5663.70	0.00	-324.19
67.80	5562.82	0.00	-348.70
67.90	5445.88	0.00	-371.83
68.00	5311.57	0.00	-393.50
68.10	5158.66	0.00	-413.61
68.20	4986.03	0.00	-432.09
68.30	4792.71	0.00	-448.86
68.40	4577.87	0.00	-463.87
68.50	4340.91	0.00	-477.04
68.60	4081.46	0.00	-488.33
68.70	3799.37	0.00	-497.70
68.80	3494.78	0.00	-505.09
68.90	3168.10	0.00	-510.50
69.00	2820.04	0.00	-513.89
69.10	2451.60	0.00	-515.25
69.20	2064.08	0.00	-514.58
69.30	1659.10	0.00	-511.88
69.40	1238.53	0.00	-507.16
69.50	804.56	0.00	-500.44
69.60	359.62	0.00	-491.74
69.70	-93.62	0.00	-481.10
69.80	-552.28	0.00	-468.56
69.90	-1013.27	0.00	-454.18
70.00	-1473.37	0.00	-438.00
70.10	-1929.22	0.00	-420.09
70.20	-2377.40	0.00	-400.52
70.30	-2814.42	0.00	-379.38
70.40	-3236.81	0.00	-356.73
70.50	-3641.14	0.00	-332.68
70.60	-4024.04	0.00	-307.32
70.70	-4382.27	0.00	-280.74
70.80	-4712.77	0.00	-253.06
70.90	-5012.65	0.00	-224.37
71.00	-5279.28	0.00	-194.80
71.10	-5510.28	0.00	-164.47
71.20	-5703.60	0.00	-133.48
71.30	-5857.47	0.00	-101.96
71.40	-5970.52	0.00	-70.05
71.50	-6041.70	0.00	-37.86
71.60	-6070.36	0.00	-5.51
71.70	-6069.22	0.00	26.85
71.80	-6062.32	0.00	59.11
71.90	-6049.94	0.00	91.13
72.00	-6031.63	0.00	122.80
72.10	-6006.73	0.00	153.98
72.20	-5974.43	0.00	184.55
72.30	-5933.75	0.00	214.40
72.40	-5883.59	0.00	243.39
72.50	-5822.73	0.00	271.43
72.60	-5749.88	0.00	298.40
72.70	-5663.70	0.00	324.19
72.80	-5562.82	0.00	348.70
72.90	-5445.88	0.00	371.83
73.00	-5311.57	0.00	393.50
73.10	-5158.66	0.00	413.61
73.20	-4986.03	0.00	432.09
73.30	-4792.71	0.00	448.86
73.40	-4577.87	0.00	463.87
73.50	-4340.91	0.00	477.04
73.60	-4081.46	0.00	488.33
73.70	-3799.37	0.00	497.70
73.80	-3494.78	0.00	505.09
73.90	-3168.10	0.00	510.50
74.00	-2820.04	0.00	513.89
74.10	-2451.60	0.00	515.25
74.20	-2064.08	0.00	514.58
74.30	-1659.10	0.00	511.88
74.40	-1238.53	0.00	507.16
74.50	-804.56	0.00	500.44
74.60	-359.62	0.00	491.74
74.70	93.62	0.00	481.10
74.80	552.28	0.00	468.56
74.90	1013.27	0.00	454.18
75.00	1473.37	0.00	438.00
75.10	1929.22	0.00	420.09
75.20	2377.40	0.00	400.52
75.30	2814.42	0.00	379.38
75.40	3236.81	0.00	356.73
75.50	3641.14	0.00	332.68
75.60	4024.04	0.00	307.32
75.70	4382.27	0.00	280.74
75.80	4712.77	0.00	253.06
75.90	5012.65	0.00	224.37
76.00	5279.28	0.00	194.80
76.10	5510.28	0.00	164.47
76.20	5703.60	0.00	133.48
76.30	5857.47	0.00	101.96
76.40	5970.52	0.00	70.05
76.50	6041.70	0.00	37.86
76.60	6070.36	0.00	5.51
76.70	6069.22	0.00	-26.85
76.80	6062.32	0.00	-59.11
76.90	6049.94	0.00	-91.13
77.00	6031.63	0.00	-122.80
77.10	6006.73	0.00	-153.98
77.20	5974.43	0.00	-184.55
77.30	5933.75	0.00	-214.40
77.40	5883.59	0.00	-243.39
77.50	5822.73	0.00	-271.43
77.60	5749.88	0.00	-298.40
77.70	5663.70	0.00	-324.19
77.80	5562.82	0.00	-348.70
77.90	5445.88	0.00	-371.83
78.00	5311.57	0.00	-393.50
78.10	5158.66	0.00	-413.61
78.20	4986.03	0.00	-432.09
78.30	4792.71	0.00	-448.86
78.40	4577.87	0.00	-463.87
78.50	4340.91	0.00	-477.04
78.60	4081.46	0.00	-488.33
78.70	3799.37	0.00	-497.70
78.80	3494.78	0.00	-505.09
78.90	3168.10	0.00	-510.50
79.00	2820.04	0.00	-513.89
79.10	2451.60	0.00	-515.25
79.20	2064.08	0.00	-514.58
79.30	1659.10	0.00	-511.88
79.40	1238.53	0.00	-507.16
79.50	804.56	0.00	-500.44
79.60	359.62	0.00	-491.74
79.70	-93.62	0.00	-481.10
79.80	-552.28	0.00	-468.56
79.90	-1013.27	0.00	-454.18
80.00	-1473.37	0.00	-438.00
80.10	-1929.22	0.00	-420.09
80.20	-2377.40	0.00	-400.52
80.30	-2814.42	0.00	-379.38
80.40	-3236.81	0.00	-356.73
80.50	-3641.14	0.00	-332.68
80.60	-4024.04	0.00	-307.32
80.70	-4382.27	0.00	-280.74
80.80	-4712.77	0.00	-253.06
80.90	-5012.65	0.00	-224.37
81.00	-5279.28	0.00	-194.80
81.10	-5510.28	0.00	-164.47
81.20	-5703.60	0.00	-133.48
81.30	-5857.47	0.00	-101.96
81.40	-5970.52	0.00	-70.05
81.50	-6041.70	0.00	-37.86
81.60	-6070.36	0.00	-5.51
81.70	-6069.22	0.00	26.85
81.80	-6062.32	0.00	59.11
81.90	-6049.94	0.00	91.13
82.00	-6031.63	0.00	122.80
82.10	-6006.73	0.00	153.98
82.20	-5974.43	0.00	184.55
82.30	-5933.75	0.00	214.40
82.40	-5883.59	0.00	243.39
82.50	-5822.73	0.00	271.43
82.60	-5749.88	0.00	298.40
82.70	-5663.70	0.00	324.19
82.80	-5562.82	0.00	348.70
82.90	-5445.88	0.00	371.83
83.00	-5311.57	0.00	393.50
83.10	-5158.66	0.00	413.61
83.20	-4986.03	0.00	432.09
83.30	-4792.71	0.00	448.86
83.40	-4577.87	0.00	463.87
83.50	-4340.91	0.00	477.04
83.60	-4081.46	0.00	488.33
83.70	-3799.37	0.00	497.70
83.80	-3494.78	0.00	505.09
83.90	-3168.10	0.00	510.50
84.00	-2820.04	0.00	513.89
84.10	-2451.60	0.00	515.25
84.20	-2064.08	0.00	514.58
84.30	-1659.10	0.00	511.88
84.40	-1238.53	0.00	507.16
84.50	-804.56	0.00	500.44
84.60	-359.62	0.00	491.74
84.70	93.62	0.00	481.10
84.80	552.28	0.00	468.56
84.90	1013.27	0.00	454.18
85.00	1473.37	0.00	438.00
85.10	1929.22	0.00	420.09
85.20	2377.40	0.00	400.52
85.30	2814.42	0.00	379.38
85.40	3236.81	0.00	356.73
85.50	3641.14	0.00	332.68
85.60	4024.04	0.00	307.32
85.70	4382.27	0.00	280.74
85.80	4712.77	0.00	253.06
85.90	5012.65	0.00	224.37
86.00	5279.28	0.00	194.80
86.10	5510.28	0.00	164.47
86.20	5703.60	0.00	133.48
86.30	5857.47	0.00	101.96
86.40	5970.52	0.00	70.05
86.50	6041.70	0.00	37.86
86.60	6070.36	0.00	5.51
86.70	6069.22	0.00	-26.85
86.80	6062.32	0.00	-59.11
86.90	6049.94	0.00	-91.13
87.00	6031.63	0.00	-122.80
87.10	6006.73	0.00	-153.98
87.20	5974.43	0.00	-184.55
87.30	5933.75	0.00	-214.40
87.40	5883.59	0.00	-243.39
87.50	5822.73	0.00	-271.43
87.60	5749.88	0.00	-298.40
87.70	5663.70	0.00	-324.19
87.80	5562.82	0.00	-348.70
87.90	5445.88	0.00	-371.83
88.00	5311.57	0.00	-393.50
88.10	5158.66	0.00	-413.61
88.20	4986.03	0.00	-432.09
88.30	4792.71	0.00	-448.86
88.40	4577.87	0.00	-463.87
88.50	4340.91	0.00	-477.04
88.60	4081.46	0.00	-488.33
88.70	3799.37	0.00	-497.70
88.80	3494.78	0.00	-505.09
88.90	3168.10	0.00	-510.50
89.00	2820.04	0.00	-513.89
89.10	2451.60	0.00	-515.25
89.20	2064.08	0.00	-514.58
89.30	1659.10	0.00	-511.88
89.40	1238.53	0.00	-507.16
89.50	804.56	0.00	-500.44
89.60	359.62	0.00	-491.74
89.70	-93.62	0.00	-481.10
89.80	-552.28	0.00	-468.56
89.90	-1013.27	0.00	-454.18
90.00	-1473.37	0.00	-438.00
90.10	-1929.22	0.00	-420.09
90.20	-2377.40	0.00	-400.52
90.30	-2814.42	0.00	-379.38
90.40	-3236.81	0.00	-356.73
90.50	-3641.14	0.00	-332.68
90.60	-4024.04	0.00	-307.32
90.70	-4382.27	0.00	-280.74
90.80	-4712.77	0.00	-253.06
90.90	-5012.65	0.00	-224.37
91.00	-5279.28	0.00	-194.80
91.10	-5510.28	0.00	-164.47
91.20	-5703.60	0.00	-133.48
91.30	-5857.47	0.00	-101.96
91.40	-5970.52	0.00	-70.05
91.50	-6041.70	0.00	-37.86
91.60	-6070.36	0.00	-5.51
91.70	-6069.22	0.00	26.85
91.80	-6062.32	0.00	59.11
91.90	-6049.94	0.00	91.13
92.00	-6031.63	0.00	122.80
92.10	-6006.73	0.00	153.98
92.20	-5974.43	0.00	184.55
92.30	-5933.75	0.00	214.40
92.40	-5883.59	0.00	243.39
92.50	-5822.73	0.00	271.43
92.60	-5749.88	0.00	298.40
92.70	-5663.70	0.00	324.19
92.80	-5562.82	0.00	348.70
92.90	-5445.88	0.00	371.83
93.00	-5311.57	0.00	393.50
93.10	-5158.66	0.00	413.61
93.20	-4986.03	0.00	432.09
93.30	-4792.71	0.00	448.86
93.40	-4577.87	0.00	463.87
93.50	-4340.91	0.00	477.04
93.60	-4081.46	0.00	488.33
93.70	-3799.37	0.00	497.70
93.80	-3494.78	0.00	505.09
93.90	-3168.10	0.00	510.50
94.00	-2820.04	0.00	513.89
94.10	-2451.60	0.00	515.25
94.20	-2064.08	0.00	514.58
94.30	-1659.10	0.00	511.88
94.40	-1238.53	0.00	507.16
94.50	-804.56	0.00	500.44
94.60	-359.62	0.00	491.74
94.70	93.62	0.00	481.10
94.80	552.28	0.00	468.56
94.90	1013.27	0.00	454.18
95.00	1473.37	0.00	438.00
95.10	1929.22	0.00	420.09
95.20	2377.40	0.00	400.52
95.30	2814.42	0.00	379.38
95.40	3236.81	0.00	356.73
95.50	3641.14	0.00	332.68
95.60	4024.04	0.00	307.32
95.70	4382.27	0.00	280.74
95.80	4712.77	0.00	253.06
95.90	5012.65	0.00	224.37
96.00	5279.28	0.00	194.80
96.10	5510.28	0.00	164.47
96.20	5703.60	0.00	133.48
96.30	5857.47	0.00	101.96
96.40	5970.52	0.00	70.05
96.50	6041.70	0.00	37.86
96.60	6070.36	0.00	5.51
96.70	6069.22	0.00	-26.85
96.80	6062.32	0.00	-59.11
96.90	6049.94	0.00	-91.13
97.00	6031.63	0.00	-122.80
97.10	6006.73	0.00	-153.98
97.20	5974.43	0.00	-184.55
97.30	5933.75	0.00	-214.40
97.40	5883.59	0.00	-243.39
97.50	5822.73	0.00	-271.43
97.60	5749.88	0.00	-298.40
97.70	5663.70	0.00	-324.19
97.80	5562.82	0.00	-348.70
97.90	5445.88	0.00	-371.83
98.00	5311.57	0.00	-393.50
98.10	5158.66	0.00	-413.61
98.20	4986.03	0.00	-432.09
98.30	4792.71	0.00	-448.86
98.40	4577.87	0.00	-463.87
98.50	4340.91	0.00	-477.04
98.60	4081.46	0.00	-488.33
98.70	3799.37	0.00	-497.70
98.80	3494.78	0.00	-505.09
98.90	3168.10	0.00	-510.50
99.00	2820.04	0.00	-513.89
99.10	2451.60	0.00	-515.25
99.20	2064.08	0.00	-514.58
99.30	1659.10	0.00	-511.88
99.40	1238.53	0.00	-507.16
99.50	804.56	0.00	-500.44
99.60	359.62	0.00	-491.74
99.70	-93.62	0.00	-481.10
99.80	-552.28	0.00	-468.56
99.90	-1013.27	0.00	-454.18
100.00	-1473.37	0.00	-438.00
100.10	-1929.22	0.00	-420.09
100.20	-2377.40	0.00	-400.52
100.30	-2814.42	0.00	-379.38
100.40	-3236.81	0.00	-356.73
100.50	-3641.14	0.00	-332.68
100.60	-4024.04	0.00	-307.32
100.70	-4382.27	0.00	-280.74
100.80	-4712.77	0.00	-253.06
100.90	-5012.65	0.00	-224.37
101.00	-5279.28	0.00	-194.80
101.10	-5510.28	0.00	-164.47
101.20	-5703.60	0.00	-133.48
101.30	-5857.47	0.00	-101.96
101.40	-5970.52	0.00	-70.05
101.50	-6041.70	0.00	-37.86
101.60	-6070.36	0.00	-5.51
101.70	-6069.22	0.00	26.85
101.80	-6062.32	0.00	59.11
101.90	-6049.94	0.00	91.13
102.00	-6031.63	0.00	122.80
102.10	-6006.73	0.00	153.98
102.20	-5974.43	0.00	184.55
102.30	-5933.75	0.00	214.40
102.40	-5883.59	0.00	243.39
102.50	-5822.73	0.00	271.43
102.60	-5749.88	0.00	298.40
102.70	-5663.70	0.00	324.19
102.80	-5562.82	0.00	348.70
102.90	-5445.88	0.00	371.83
103.00	-5311.57	0.00	393.50
103.10	-5158.66	0.00	413.61
103.20	-4986.03	0.00	432.09
103.30	-4792.71	0.00	448.86
103.40	-4577.87	0.00	463.87
103.50	-4340.91	0.00	477.04
103.60	-4081.46	0.00	488.33
103.70	-3799.37	0.00	497.70
103.80	-3494.78	0.00	505.09
103.90	-3168.10	0.00	510.50
104.00	-2820.04	0.00	513.89
104.10	-2451.60	0.00	515.25
104.20	-2064.08	0.00	514.58
104.30	-1659.10	0.00	511.88
104.40	-1238.53	0.00	507.16
104.50	-804.56	0.00	500.44
104.60	-359.62	0.00	491.74
104.70	93.62	0.00	481.10
104.80	552.28	0.00	468.56
104.90	1013.27	0.00	454.18
105.00	1473.37	0.00	438.00
105.10	1929.22	0.00	420.09
105.20	2377.40	0.00	400.52
105.30	2814.42	0.00	379.38
105.40	3236.81	0.00	356.73
105.50	3641.14	0.00	332.68
105.60	4024.04	0.00	307.32
105.70	4382.27	0.00	280.74
105.80	4712.77	0.00	253.06
105.90	5012.65	0.00	224.37
106.00	5279.28	0.00	194.80
106.10	5510.28	0.00	164.47
106.20	5703.60	0.00	133.48
106.30	5857.47	0.00	101.96
106.40	5970.52	0.00	70.05
106.50	6041.70	0.00	37.86
106.60	6070.36	0.00	5.51
106.70	6069.22	0.00	-26.85
106.80	6062.32	0.00	-59.11
106.90	6049.94	0.00	-91.13
107.00	6031.63	0.00	-122.80
107.10	6006.73	0.00	-153.98
107.20	5974.43	0.00	-184.55
107.30	5933.75	0.00	-214.40
107.40	5883.59	0.00	-243.39
107.50	5822.73	0.00	-271.43
107.60	5749.88	0.00	-298.40
107.70	5663.70	0.00	-324.19
107.80	5562.82	0.00	-348.70
107.90	5445.88	0.00	-371.83
108.00	5311.57	0.00	-393.50
108.10	5158.66	0.00	-413.61
108.20	4986.03	0.00	-432.09
108.30	4792.71	0.00	-448.86
108.40	4577.87	0.00	-463.87
108.50	4340.91	0.00	-477.04
108.60	4081.46	0.00	-488.33
108.70	3799.37	0.00	-497.70
108.80	3494.78	0.00	-505.09
108.90	3168.10	0.00	-510.50
109.00	2820.04	0.00	-513.89
109.10	2451.60	0.00	-515.25
109.20	2064.08	0.00	-514.58
109.30	1659.10	0.00	-511.88
109.40	1238.53	0.00	-507.16
109.50	804.56	0.00	-500.44
109.60	359.62	0.00	-491.74
109.70	-93.62	0.00	-481.10
109.80	-552.28	0.00	-468.56
109.90	-1013.27	0.00	-454.18
110.00	-1473.37	0.00	-438.00
110.10	-1929.22	0.00	-420.09
110.20	-2377.40	0.00	-400.52
110.30	-2814.42	0.00	-379.38
110.40	-3236.81	0.00	-356.73
110.50	-3641.14	0.00	-332.68
110.60	-4024.04	0.00	-307.32
110.70	-4382.27	0.00	-280.74
110.80	-4712.77	0.00	-253.06
110.90	-5012.65	0.00	-224.37
111.00	-5279.28	0.00	-194.80
111.10	-5510.28	0.00	-164.47
111.20	-5703.60	0.00	-133.48
111.30	-5857.47	0.00	-101.96
111.40	-5970.52	0.00	-70.05
111.50	-6041.70	0.00	-37.86
111.60	-6070.36	0.00	-5.51
111.70	-6069.22	0.00	26.85
111.80	-6062.32	0.00	59.11
111.90	-6049.94	0.00	91.13
112.00	-6031.63	0.00	122.80
112.10	-6006.73	0.00	153.98
112.20	-5974.43	0.00	184.55
112.30	-5933.75	0.00	214.40
112.40	-5883.59	0.00	243.39
112.50	-5822.73	0.00	271.43
112.60	-5749.88	0.00	298.40
112.70	-5663.70	0.00	324.19
112.80	-5562.82	0.00	348.70
112.90	-5445.88	0.00	371.83
113.00	-5311.57	0.00	393.50
113.10	-5158.66	0.00	413.61
113.20	-4986.03	0.00	432.09
113.30	-4792.71	0.00	448.86
113.40	-4577.87	0.00	463.87
113.50	-4340.91	0.00	477.04
113.60	-4081.46	0.00	488.33
113.70	-3799.37	0.00	497.70
113.80	-3494.78	0.00	505.09
113.90	-3168.10	0.00	510.50
114.00	-2820.04	0.00	513.89
114.10	-2451.60	0.00	515.25
114.20	-2064.08	0.00	514.58
114.30	-1659.10	0.00	511.88
114.40	-1238.53	0.00	507.16
114.50	-804.56	0.00	500.44
114.60	-359.62	0.00	491.74
114.70	93.62	0.00	481.10
114.80	552.28	0.00	468.56
114.90	1013.27	0.00	454.18
115.00	1473.37	0.00	438.00
115.10	1929.22	0.00	420.09
115.20	2377.40	0.00	400.52
115.30	2814.42	0.00	379.38
115.40	3236.81	0.00	356.73
115.50	3641.14	0.00	332.68
115.60	4024.04	0.00	307.32
115.70	4382.27	0.00	280.74
115.80	4712.77	0.00	253.06
115.90	5012.65	0.00	224.37
116.00	5279.28	0.00	194.80
116.10	5510.28	0.00	164.47
116.20	5703.60	0.00	133.48
116.30	5857.47	0.00	101.96
116.40	5970.52	0.00	70.05
116.50	6041.70	0.00	37.86
116.60	6070.36	0.00	5.51
116.70	6069.22	0.00	-26.85
116.80	6062.32	0.00	-59.11
116.90	6049.94	0.00	-91.13
117.00	6031.63	0.00	-122.80
117.10	6006.73	0.00	-153.98
117.20	5974.43	0.00	-184.55
117.30	5933.75	0.00	-214.40
117.40	5883.59	0.00	-243.39
117.50	5822.73	0.00	-271.43
117.60	5749.88	0.00	-298.40
117.70	5663.70	0.00	-324.19
117.80	5562.82	0.00	-348.70
117.90	5445.88	0.00	-371.83
118.00	5311.57	0.00	-393.50
118.10	5158.66	0.00	-413.61
118.20	4986.03	0.00	-432.09
118.30	4792.71	0.00	-448.86
118.40	4577.87	0.00	-463.87
118.50	4340.91	0.00	-477.04
118.60	4081.46	0.00	-488.33
118.70	3799.37	0.00	-497.70
118.80	3494.78	0.00	-505.09
118.90	3168.10	0.00	-510.50
119.00	2820.04	0.00	-513.89
119.10	2451.60	0.00	-515.25
119.20	2064.08	0.00	-514.58
119.30	1659.10	0.00	-511.88
119.40	1238.53	0.00	-507.16
119.50	804.56	0.00	-500.44
119.60	359.62	0.00	-491.74
119.70	-93.62	0.00	-481.10
119.80	-552.28	0.00	-468.56
119.90	-1013.27	0.00	-454.18
120.00	-1473.37	0.00	-438.00
120.10	-1929.22	0.00	-420.09
120.20	-2377.40	0.00	-400.52
120.30	-2814.42	0.00	-379.38
120.40	-3236.81	0.00	-356.73
120.50	-3641.14	0.00	-332.68
120.60	-4024.04	0.00	-307.32
120.70	-4382.27	0.00	-280.74
120.80	-4712.77	0.00	-253.06
120.90	-5012.65	0.00	-224.37
121.00	-5279.28	0.00	-194.80
121.10	-5510.28	0.00	-164.47
121.20	-5703.60	0.00	-133.48
121.30	-5857.47	0.00	-101.96
121.40	-5970.52	0.00	-70.05
121.50	-6041.70	0.00	-37.86
121.60	-6070.36	0.00	-5.51
121.70	-6069.22	0.00	26.85
121.80	-6062.32	0.00	59.11
121.90	-6049.94	0.00	91.13
122.00	-6031.63	0.00	122.80
122.10	-6006.73	0.00	153.98
122.20	-5974.43	0.00	184.55
122.30	-5933.75	0.00	214.40
122.40	-5883.59	0.00	243.39
122.50	-5822.73	0.00	271.43
122.60	-5749.88	0.00	298.40
122.70	-5663.70	0.00	324.19
122.80	-5562.82	0.00	348.70
122.90	-5445.88	0.00	371.83
123.00	-5311.57	0.00	393.50
123.10	-5158.66	0.00	413.61
123.20	-4986.03	0.00	432.09
123.30	-4792.71	0.00	448.86
123.40	-4577.87	0.00	463.87
123.50	-4340.91	0.00	477.04
123.60	-4081.46	0.00	488.33
123.70	-3799.37	0.00	497.70
123.80	-3494.78	0.00	505.09
123.90	-3168.10	0.00	510.50
124.00	-2820.04	0.00	513.89
124.10	-2451.60	0.00	515.25
124.20	-2064.08	0.00	514.58
124.30	-1659.10	0.00	511.88
124.40	-1238.53	0.00	507.16
124.50	-804.56	0.00	500.44
124.60	-359.62	0.00	491.74
124.70	93.62	0.00	481.10
124.80	552.28	0.00	468.56
124.90	1013.27	0.00	454.18
125.00	1473.37	0.00	438.00
125.10	1929.22	0.00	420.09
125.20	2377.40	0.00	400.52
125.30	2814.42	0.00	379.38
125.40	3236.81	0.00	356.73
125.50	3641.14	0.00	332.68
125.60	4024.04	0.00	307.32
125.70	4382.27	0.00	280.74
125.80	4712.77	0.00	253.06
125.90	5012.65	0.00	224.37
126.00	5279.28	0.00	194.80
126.10	5510.28	0.00	164.47
126.20	5703.60	0.00	133.48
126.30	5857.47	0.00	101.96
126.40	5970.52	0.00	70.05
126.50	6041.70	0.00	37.86
126.60	6070.36	0.00	5.51
126.70	6069.22	0.00	-26.85
126.80	6062.32	0.00	-59.11
126.90	6049.94	0.00	-91.13
127.00	6031.63	0.00	-122.80
127.10	6006.73	0.00	-153.98
127.20	5974.43	0.00	-184.55
127.30	5933.75	0.00	-214.40
127.40	5883.59	0.00	-243.39
127.50	5822.73	0.00	-271.43
127.60	5749.88	0.00	-298.40
127.70	5663.70	0.00	-324.19
127.80	5562.82	0.00	-348.70
127.90	5445.88	0.00	-371.83
128.00	5311.57	0.00	-393.50
128.10	5158.66	0.00	-413.61
128.20	4986.03	0.00	-432.09
128.30	4792.71	0.00	-448.86
128.40	4577.87	0.00	-463.87
128.50	4340.91	0.00	-477.04
128.60	4081.46	0.00	-488.33
128.70	3799.37	0.00	-497.70
128.80	3494.78	0.00	-505.09
128.90	3168.10	0.00	-510.50
129.00	2820.04	0.00	-513.89
129.10	2451.60	0.00	-515.25
129.20	2064.08	0.00	-514.58
129.30	1659.10	0.00	-511.88
129.40	1238.53	0.00	-507.16
129.50	804.56	0.00	-500.44
129.60	359.62	0.00	-491.74
129.70	-93.62	0.00	-481.10
129.80	-552.28	0.00	-468.56
129.90	-1013.27	0.00	-454.18
130.00	-1473.37	0.00	-438.00
130.10	-1929.22	0.00	-420.09
130.20	-2377.40	0.00	-400.52
130.30	-2814.42	0.00	-379.38
130.40	-3236.81	0.00	-356.73
130.50	-3641.14	0.00	-332.68
130.60	-4024.04	0.00	-307.32
130.70	-4382.27	0.00	-280.74
130.80	-4712.77	0.00	-253.06
130.90	-5012.65	0.00	-224.37
131.00	-5279.28	0.00	-194.80
131.10	-5510.28	0.00	-164.47
131.20	-5703.60	0.00	-133.48
131.30	-5857.47	0.00	-101.96
131.40	-5970.52	0.00	-70.05
131.50	-6041.70	0.00	-37.86
131.60	-6070.36	0.00	-5.51
131.70	-6069.22	0.00	26.85
131.80	-6062.32	0.00	59.11
131.90	-6049.94	0.00	91.13
132.00	-6031.63	0.00	122.80
132.10	-6006.73	0.00	153.98
132.20	-5974.43	0.00	184.55
132.30	-5933.75	0.00	214.40
132.40	-5883.59	0.00	243.39
132.50	-5822.73	0.00	271.43
132.60	-5749.88	0.00	298.40
132.70	-5663.70	0.00	324.19
132.80	-5562.82	0.00	348.70
132.90	-5445.88	0.00	371.83
133.00	-5311.57	0.00	393.50
133.10	-5158.66	0.00	413.61
133.20	-4986.03	0.00	432.09
133.30	-4792.71	0.00	448.86
133.40	-4577.87	0.00	463.87
133.50	-4340.91	0.00	477.04
133.60	-4081.46	0.00	488.33
133.70	-3799.37	0.00	497.70
133.80	-3494.78	0.00	505.09
133.90	-3168.10	0.00	510.50
134.00	-2820.04	0.00	513.89
134.10	-2451.60	0.00	515.25
134.20	-2064.08	0.00	514.58
134.30	-1659.10	0.00	511.88
134.40	-1238.53	0.00	507.16
134.50	-804.56	0.00	500.44
134.60	-359.62	0.00	491.74
134.70	93.62	0.00	481.10
134.80	552.28	0.00	468.56
134.90	1013.27	0.00	454.18
135.00	1473.37	0.00	438.00
135.10	1929.22	0.00	420.09
135.20	2377.40	0.00	400.52
135.30	2814.42	0.00	379.38
135.40	3236.81	0.00	356.73
135.50	3641.14	0.00	332.68
135.60	4024.04	0.00	307.32
135.70	4382.27	0.00	280.74
135.80	4712.77	0.00	253.06
135.90	5012.65	0.00	224.37
136.00	5279.28	0.00	194.80
136.10	5510.28	0.00	164.47
136.20	5703.60	0.00	133.48
136.30	5857.47	0.00	101.96
136.40	5970.52	0.00	70.05
136.50	6041.70	0.00	37.86
136.60	6070.36	0.00	5.51
136.70	6069.22	0.00	-26.85
136.80	6062.32	0.00	-59.11
136.90	6049.94	0.00	-91.13
137.00	6031.63	0.00	-122.80
137.10	6006.73	0.00	-153.98
137.20	5974.43	0.00	-184.55
137.30	5933.75	0.00	-214.40
137.40	5883.59	0.00	-243.39
137.50	5822.73	0.00	-271.43
137.60	5749.88	0.00	-298.40
137.70	5663.70	0.00	-324.19
137.80	5562.82	0.00	-348.70
137.90	5445.88	0.00	-371.83
138.00	5311.57	0.00	-393.50
138.10	5158.66	0.00	-413.61
138.20	4986.03	0.00	-432.09
138.30	4792.71	0.00	-448.86
138.40	4577.87	0.00	-463.87
138.50	4340.91	0.00	-477.04
138.60	4081.46	0.00	-488.33
138.70	3799.37	0.00	-497.70
138.80	3494.78	0.00	-505.09
138.90	3168.10	0.00	-510.50
139.00	2820.04	0.00	-513.89
139.10	2451.60	0.00	-515.25
139.20	2064.08	0.00	-514.58
139.30	1659.10	0.00	-511.88
139.40	1238.53	0.00	-507.16
139.50	804.56	0.00	-500.44
139.60	359.62	0.00	-491.74
139.70	-93.62	0.00	-481.10
139.80	-552.28	0.00	-468.56
139.90	-1013.27	0.00	-454.18
140.00	-1473.37	0.00	-438.00
140.10	-1929.22	0.00	-420.09
140.20	-2377.40	0.00	-400.52
140.30	-2814.42	0.00	-379.38
140.40	-3236.81	0.00	-356.73
140.50	-3641.14	0.00	-332.68
140.60	-4024.04	0.00	-307.32
140.70	-4382.27	0.00	-280.74
140.80	-4712.77	0.00	-253.06
140.90	-5012.65	0.00	-224.37
141.00	-5279.28	0.00	-194.80
141.10	-5510.28	0.00	-164.47
141.20	-5703.60	0.00	-133.48
141.30	-5857.47	0.00	-101.96
141.40	-5970.52	0.00	-70.05
141.50	-6041.70	0.00	-37.86
141.60	-6070.36	0.00	-5.51
141.70	-6069.22	0.00	26.85
141.80	-6062.32	0.00	59.11
141.90	-6049.94	0.00	91.13
142.00	-6031.63	0.00	122.80
142.10	-6006.73	0.00	153.98
142.20	-5974.43	0.00	184.55
142.30	-5933.75	0.00	214.40
142.40	-5883.59	0.00	243.39
142.50	-5822.73	0.00	271.43
142.60	-5749.88	0.00	298.40
142.70	-5663.70	0.00	324.19
142.80	-5562.82	0.00	348.70
142.90	-5445.88	0.00	371.83
143.00	-5311.57	0.00	393.50
143.10	-5158.66	0.00	413.61
143.20	-4986.03	0.00	432.09
143.30	-4792.71	0.00	448.86
143.40	-4577.87	0.00	463.87
143.50	-4340.91	0.00	477.04
143.60	-4081.46	0.00	488.33
143.70	-3799.37	0.00	497.70
143.80	-3494.78	0.00	505.09
143.90	-3168.10	0.00	510.50
144.00	-2820.04	0.00	513.89
144.10	-2451.60	0.00	515.25
144.20	-2064.08	0.00	514.58
144.30	-1659.10	0.00	511.88
144.40	-1238.53	0.00	507.16
144.50	-804.56	0.00	500.44
144.60	-359.62	0.00	491.74
144.70	93.62	0.00	481.10
144.80	552.28	0.00	468.56
144.90	1013.27	0.00	454.18
145.00	1473.37	0.00	438.00
145.10	1929.22	0.00	420.09
145.20	2377.40	0.00	400.52
145.30	2814.42	0.00	379.38
145.40	3236.81	0.00	356.73
145.50	3641.14	0.00	332.68
145.60	4024.04	0.00	307.32
145.70	4382.27	0.00	280.74
145.80	4712.77	0.00	253.06
145.90	5012.65	0.00	224.37
146.00	5279.28	0.00	194.80
146.10	5510.28	0.00	164.47
146.20	5703.60	0.00	133.48
146.30	5857.47	0.00	101.96
146.40	5970.52	0.00	70.05
146.50	6041.70	0.00	37.86
146.60	6070.36	0.00	5.51
146.70	6069.22	0.00	-26.85
146.80	6062.32	0.00	-59.11
146.90	6049.94	0.00	-91.13
147.00	6031.63	0.00	-122.80
147.10	6006.73	0.00	-153.98
147.20	5974.43	0.00	-184.55
147.30	5933.75	0.00	-214.40
147.40	5883.59	0.00	-243.39
147.50	5822.73	0.00	-271.43
147.60	5749.88	0.00	-298.40
147.70	5663.70	0.00	-324.19
147.80	5562.82	0.00	-348.70
147.90	5445.88	0.00	-371.83
148.00	5311.57	0.00	-393.50
148.10	5158.66	0.00	-413.61
148.20	4986.03	0.00	-432.09
148.30	4792.71	0.00	-448.86
148.40	4577.87	0.00	-463.87
148.50	4340.91	0.00	-477.04
148.60	4081.46	0.00	-488.33
148.70	3799.37	0.00	-497.70
148.80	3494.78	0.00	-505.09
148.90	3168.10	0.00	-510.50
149.00	2820.04	0.00	-513.89
149.10	2451.60	0.00	-515.25
149.20	2064.08	0.00	-514.58
149.30	1659.10	0.00	-511.88
149.40	1238.53	0.00	-507.16
149.50	804.56	0.00	-500.44
149.60	359.62	0.00	-491.74
149.70	-93.62	0.00	-481.10
149.80	-552.28	0.00	-468.56
149.90	-1013.27	0.00	-454.18
150.00	-1473.37	0.00	-438.00
150.10	-1929.22	0.00	-420.09
150.20	-2377.40	0.00	-400.52
150.30	-2814.42	0.00	-379.38
150.40	-3236.81	0.00	-356.73
150.50	-3641.14	0.00	-332.68
150.60	-4024.04	0.00	-307.32
150.70	-4382.27	0.00	-280.74
150.80	-4712.77	0.00	-253.06
150.90	-5012.65	0.00	-224.37
151.00	-5279.28	0.00	-194.80
151.10	-5510.28	0.00	-164.47
151.20	-5703.60	0.00	-133.48
151.30	-5857.47	0.00	-101.96
151.40	-5970.52	0.00	-70.05
151.50	-6041.70	0.00	-37.86
151.60	-6070.36	0.00	-5.51
151.70	-6069.22	0.00	26.85
151.80	-6062.32	0.00	59.11
151.90	-6049.94	0.00	91.13
152.00	-6031.63	0.00	122.80
152.10	-6006.73	0.00	153.98
152.20	-5974.43	0.00	184.55
152.30	-5933.75	0.00	214.40
152.40	-5883.59	0.00	243.39
152.50	-5822.73	0.00	271.43
152.60	-5749.88	0.00	298.40
152.70	-5663.70	0.00	324.19
152.80	-5562.82	0.00	348.70
152.90	-5445.88	0.00	371.83
153.00	-5311.57	0.00	393.50
153.10	-5158.66	0.00	413.61
153.20	-4986.03	0.00	432.09
153.30	-4792.71	0.00	448.86
153.40	-4577.87	0.00	463.87
153.50	-4340.91	0.00	477.04
153.60	-4081.46	0.00	488.33
153.70	-3799.37	0.00	497.70
153.80	-3494.78	0.00	505.09
153.90	-3168.10	0.00	510.50
154.00	-2820.04	0.00	513.89
154.10	-2451.60	0.00	515.25
154.20	-2064.08	0.00	514.58
154.30	-1659.10	0.00	511.88
154.40	-1238.53	0.00	507.16
154.50	-804.56	0.00	500.44
154.60	-359.62	0.00	491.74
154.70	93.62	0.00	481.10
154.80	552.28	0.00	468.56
154.90	1013.27	0.00	454.18
155.00	1473.37	0.00	438.00
155.10	1929.22	0.00	420.09
155.20	2377.40	0.00	400.52
155.30	2814.42	0.00	379.38
155.40	3236.81	0.00	356.73
155.50	3641.14	0.00	332.68
155.60	4024.04	0.00	307.32
155.70	4382.27	0.00	280.74
155.80	4712.77	0.00	253.06
155.90	5012.65	0.00	224.37
156.00	5279.28	0.00	194.80
156.10	5510.28	0.00	164.47
156.20	5703.60	0.00	133.48
156.30	5857.47	0.00	101.96
156.40	5970.52	0.00	70.05
156.50	6041.70	0.00	37.86
156.60	6070.36	0.00	5.51
156.70	6069.22	0.00	-26.85
156.80	6062.32	0.00	-59.11
156.90	6049.94	0.00	-91.13
157.00	6031.63	0.00	-122.80
157.10	6006.73	0.00	-153.98
157.20	5974.43	0.00	-184.55
157.30	5933.75	0.00	-214.40
157.40	5883.59	0.00	-243.39
157.50	5822.73	0.00	-271.43
157.60	5749.88	0.00	-298.40
157.70	5663.70	0.00	-324.19
157.80	5562.82	0.00	-348.70
157.90	5445.88	0.00	-371.83
158.00	5311.57	0.00	-393.50
158.10	5158.66	0.00	-413.61
158.20	4986.03	0.00	-432.09
158.30	4792.71	0.00	-448.86
158.40	4577.87	0.00	-463.87
158.50	4340.91	0.00	-477.04
158.60	4081.46	0.00	-488.33
158.70	3799.37	0.00	-497.70
158.80	3494.78	0.00	-505.09
158.90	3168.10	0.00	-510.50
159.00	2820.04	0.00	-513.89
159.10	2451.60	0.00	-515.25
159.20	2064.08	0.00	-514.58
159.30	1659.10	0.00	-511.88
159.40	1238.53	0.00	-507.16
159.50	804.56	0.00	-500.44
159.60	359.62	0.00	-491.74
159.70	-93.62	0.00	-481.10
159.80	-552.28	0.00	-468.56
159.90	-1013.27	0.00	-454.18
160.00	-1473.37	0.00	-438.00
160.10	-1929.22	0.00	-420.09
160.20	-2377.40	0.00	-400.52
160.30	-2814.42	0.00	-379.38
160.40	-3236.81	0.00	-356.73
160.50	-3641.14	0.00	-332.68
160.60	-4024.04	0.00	-307.32
160.70	-4382.27	0.00	-280.74
160.80	-4712.77	0.00	-253.06
160.90	-5012.65	0.00	-224.37
161.00	-5279.28	0.00	-194.80
161.10	-5510.28	0.00	-164.47
161.20	-5703.60	0.00	-133.48
161.30	-5857.47	0.00	-101.96
161.40	-5970.52	0.00	-70.05
161.50	-6041.70	0.00	-37.86
161.60	-6070.36	0.00	-5.51
161.70	-6069.22	0.00	26.85
161.80	-6062.32	0.00	59.11
161.90	-6049.94	0.00	91.13
162.00	-6031.63	0.00	122.80
162.10	-6006.73	0.00	153.98
162.20	-5974.43	0.00	184.55
162.30	-5933.75	0.00	214.40
162.40	-5883.59	0.00	243.39
162.50	-5822.73	0.00	271.43
162.60	-5749.88	0.00	298.40
162.70	-5663.70	0.00	324.19
162.80	-5562.82	0.00	348.70
162.90	-5445.88	0.00	371.83
163.00	-5311.57	0.00	393.50
163.10	-5158.66	0.00	413.61
163.20	-4986.03	0.00	432.09
163.30	-4792.71	0.00	448.86
163.40	-4577.87	0.00	463.87
163.50	-4340.91	0.00	477.04
163.60	-4081.46	0.00	488.33
163.70	-3799.37	0.00	497.70
163.80	-3494.78	0.00	505.09
163.90	-3168.10	0.00	510.50
164.00	-2820.04	0.00	513.89
164.10	-2451.60	0.00	515.25
164.20	-2064.08	0.00	514.58
164.30	-1659.10	0.00	511.88
164.40	-1238.53	0.00	507.16
164.50	-804.56	0.00	500.44
164.60	-359.62	0.00	491.74
164.70	93.62	0.00	481.10
164.80	552.28	0.00	468.56
164.90	1013.27	0.00	454.18
165.00	1473.37	0.00	438.00
165.10	1929.22	0.00	420.09
165.20	2377.40	0.00	400.52
165.30	2814.42	0.00	379.38
165.40	3236.81	0.00	356.73
165.50	3641.14	0.00	332.68
165.60	4024.04	0.00	307.32
165.70	4382.27	0.00	280.74
165.80	4712.77	0.00	253.06
165.90	5012.65	0.00	224.37
166.00	5279.28	0.00	194.80
166.10	5510.28	0.00	164.47
166.20	5703.60	0.00	133.48
166.30	5857.47	0.00	101.96
166.40	5970.52	0.00	70.05
166.50	6041.70	0.00	37.86
166.60	6070.36	0.00	5.51
166.70	6069.22	0.00	-26.85
166.80	6062.32	0.00	-59.11
166.90	6049.94	0.00	-91.13
167.00	6031.63	0.00	-122.80
167.10	6006.73	0.00	-153.98
167.20	5974.43	0.00	-184.55
167.30	5933.75	0.00	-214.40
167.40	5883.59	0.00	-243.39
167.50	5822.73	0.00	-271.43
167.60	5749.88	0.00	-298.40
167.70	5663.70	0.00	-324.19
167.80	5562.82	0.00	-348.70
167.90	5445.88	0.00	-371.83
168.00	5311.57	0.00	-393.50
168.10	5158.66	0.00	-413.61
168.20	4986.03	0.00	-432.09
168.30	4792.71	0.00	-448.86
168.40	4577.87	0.00	-463.87
168.50	4340.91	0.00	-477.04
168.60	4081.46	0.00	-488.33
168.70	3799.37	0.00	-497.70
168.80	3494.78	0.00	-505.09
168.90	3168.10	0.00	-510.50
169.00	2820.04	0.00	-513.89
169.10	2451.60	0.00	-515.25
169.20	2064.08	0.00	-514.58
169.30	1659.10	0.00	-511.88
169.40	1238.53	0.00	-507.16
169.50	804.56	0.00	-500.44
169.60	359.62	0.00	-491.74
169.70	-93.62	0.00	-481.10
169.80	-552.28	0.00	-468.56
169.90	-1013.27	0.00	-454.18
170.00	-1473.37	0.00	-438.00
170.10	-1929.22	0.00	-420.09
170.20	-2377.40	0.00	-400.52
170.30	-2814.42	0.00	-379.38
170.40	-3236.81	0.00	-356.73
170.50	-3641.14	0.00	-332.68
170.60	-4024.04	0.00	-307.32
170.70	-4382.27	0.00	-280.74
170.80	-4712.77	0.00	-253.06
170.90	-5012.65	0.00	-224.37
171.00	-5279.28	0.00	-194.80
171.10	-5510.28	0.00	-164.47
171.20	-5703.60	0.00	-133.48
171.30	-5857.47	0.00	-101.96
171.40	-5970.52	0.00	-70.05
171.50	-6041.70	0.00	-37.86
171.60	-6070.36	0.00	-5.51
171.70	-6069.22	0.00	26.85
171.80	-6062.32	0.00	59.11
171.90	-6049.94	0.00	91.13
172.00	-6031.63	0.00	122.80
172.10	-6006.73	0.00	153.98
172.20	-5974.43	0.00	184.55
172.30	-5933.75	0.00	214.40
172.40	-5883.59	0.00	243.39
172.50	-5822.73	0.00	271.43
172.60	-5749.88	0.00	298.40
172.70	-5663.70	0.00	324.19
172.80	-5562.82	0.00	348.70
172.90	-5445.88	0.00	371.83
173.00	-5311.57	0.00	393.50
173.10	-5158.66	0.00	413.61
173.20	-4986.03	0.00	432.09
173.30	-4792.71	0.00	448.86
173.40	-4577.87	0.00	463.87
173.50	-4340.91	0.00	477.04
173.60	-4081.46	0.00	488.33
173.70	-3799.37	0.00	497.70
173.80	-3494.78	0.00	505.09
173.90	-3168.10	0.00	510.50
174.00	-2820.04	0.00	513.89
174.10	-2451.60	0.00	515.25
174.20	-2064.08	0.00	514.58
174.30	-1659.10	0.00	511.88
174.40	-1238.53	0.00	507.16
174.50	-804.56	0.00	500.44
174.60	-359.62	0.00	491.74
174.70	93.62	0.00	481.10
174.80	552.28	0.00	468.56
174.90	1013.27	0.00	454.18
175.00	1473.37	0.00	438.00
175.10	1929.22	0.00	420.09
175.20	2377.40	0.00	400.52
175.30	2814.42	0.00	379.38
175.40	3236.81	0.00	356.73
175.50	3641.14	0.00	332.68
175.60	4024.04	0.00	307.32
175.70	4382.27	0.00	280.74
175.80	4712.77	0.00	253.06
175.90	5012.65	0.00	224.37
176.00	5279.28	0.00	194.80
176.10	5510.28	0.00	164.47
176.20	5703.60	0.00	133.48
176.30	5857.47	0.00	101.96
176.40	5970.52	0.00	70.05
176.50	6041.70	0.00	37.86
176.60	6070.36	0.00	5.51
176.70	6069.22	0.00	-26.85
176.80	6062.32	0.00	-59.11
176.90	6049.94	0.00	-91.13
177.00	6031.63	0.00	-122.80
177.10	6006.73	0.00	-153.98
177.20	5974.43	0.00	-184.55
177.30	5933.75	0.00	-214.40
177.40	5883.59	0.00	-243.39
177.50	5822.73	0.00	-271.43
177.60	5749.88	0.00	-298.40
177.70	5663.70	0.00	-324.19
177.80	5562.82	0.00	-348.70
177.90	5445.88	0.00	-371.83
178.00	5311.57	0.00	-393.50
178.10	5158.66	0.00	-413.61
178.20	4986.03	0.00	-432.09
178.30	4792.71	0.00	-448.86
178.40	4577.87	0.00	-463.87
178.50	4340.91	0.00	-477.04
178.60	4081.46	0.00	-488.33
178.70	3799.37	0.00	-497.70
178.80	3494.78	0.00	-505.09
178.90	3168.10	0.00	-510.50
179.00	2820.04	0.00	-513.89
179.10	2451.60	0.00	-515.25
179.20	2064.08	0.00	-514.58
179.30	1659.10	0.00	-511.88
179.40	1238.53	0.00	-507.16
179.50	804.56	0.00	-500.44
179.60	359.62	0.00	-491.74
179.70	-93.62	0.00	-481.10
179.80	-552.28	0.00	-468.56
179.90	-1013.27	0.00	-454.18
180.00	-1473.37	0.00	-438.00
180.10	-1929.22	0.00	-420.09
180.20	-2377.40	0.00	-400.52
180.30	-2814.42	0.00	-379.38
180.40	-3236.81	0.00	-356.73
180.50	-3641.14	0.00	-332.68
180.60	-4024.04	0.00	-307.32
180.70	-4382.27	0.00	-280.74
180.80	-4712.77	0.00	-253.06
180.90	-5012.65	0.00	-224.37
181.00	-5279.28	0.00	-194.80
181.10	-5510.28	0.00	-164.47
181.20	-5703.60	0.00	-133.48
181.30	-5857.47	0.00	-101.96
181.40	-5970.52	0.00	-70.05
181.50	-6041.70	0.00	-37.86
181.60	-6070.36	0.00	-5.51
181.70	-6069.22	0.00	26.85
181.80	-6062.32	0.00	59.11
181.90	-6049.94	0.00	91.13
182.00	-6031.63	0.00	122.80
182.10	-6006.73	0.00	153.98
182.20	-5974.43	0.00	184.55
182.30	-5933.75	0.00	214.40
182.40	-5883.59	0.00	243.39
182.50	-5822.73	0.00	271.43
182.60	-5749.88	0.00	298.40
182.70	-5663.70	0.00	324.19
182.80	-5562.82	0.00	348.70
182.90	-5445.88	0.00	371.83
183.00	-5311.57	0.00	393.50
183.10	-5158.66	0.00	413.61
183.20	-4986.03	0.00	432.09
183.30	-4792.71	0.00	448.86
183.40	-4577.87	0.00	463.87
183.50	-4340.91	0.00	477.04
183.60	-4081.46	0.00	488.33
183.70	-3799.37	0.00	497.70
183.80	-3494.78	0.00	505.09
183.90	-3168.10	0.00	510.50
184.00	-2820.04	0.00	513.89
184.10	-2451.60	0.00	515.25
184.20	-2064.08	0.00	514.58
184.30	-1659.10	0.00	511.88
184.40	-1238.53	0.00	507.16
184.50	-804.56	0.00	500.44
184.60	-359.62	0.00	491.74
184.70	93.62	0.00	481.10
184.80	552.28	0.00	468.56
184.90	1013.27	0.00	454.18
185.00	1473.37	0.00	438.00
185.10	1929.22	0.00	420.09
185.20	2377.40	0.00	400.52
185.30	2814.42	0.00	379.38
185.40	3236.81	0.00	356.73
185.50	3641.14	0.00	332.68
185.60	4024.04	0.00	307.32
185.70	4382.27	0.00	280.74
185.80	4712.77	0.00	253.06
185.90	5012.65	0.00	224.37
186.00	5279.28	0.00	194.80
186.10	5510.28	0.00	164.47
186.20	5703.60	0.00	133.48
186.30	5857.47	0.00	101.96
186.40	5970.52	0.00	70.05
186.50	6041.70	0.00	37.86
186.60	6070.36	0.00	5.51
186.70	6069.22	0.00	-26.85
186.80	6062.32	0.00	-59.11
186.90	6049.94	0.00	-91.13
187.00	6031.63	0.00	-122.80
187.10	6006.73	0.00	-153.98
187.20	5974.43	0.00	-184.55
187.30	5933.75	0.00	-214.40
187.40	5883.59	0.00	-243.39
187.50	5822.73	0.00	-271.43
187.60	5749.88	0.00	-298.40
187.70	5663.70	0.00	-324.19
187.80	5562.82	0.00	-348.70
187.90	5445.88	0.00	-371.83
188.00	5311.57	0.00	-393.50
188.10	5158.66	0.00	-413.61
188.20	4986.03	0.00	-432.09
188.30	4792.71	0.00	-448.86
188.40	4577.87	0.00	-463.87
188.50	4340.91	0.00	-477.04
188.60	4081.46	0.00	-488.33
188.70	3799.37	0.00	-497.70
188.80	3494.78	0.00	-505.09
188.90	3168.10	0.00	-510.50
189.00	2820.04	0.00	-513.89
189.10	2451.60	0.00	-515.25
189.20	2064.08	0.00	-514.58
189.30	1659.10	0.00	-511.88
189.40	1238.53	0.00	-507.16
189.50	804.56	0.00	-500.44
189.60	359.62	0.00	-491.74
189.70	-93.62	0.00	-481.10
189.80	-552.28	0.00	-468.56
189.90	-1013.27	0.00	-454.18
190.00	-1473.37	0.00	-438.00
190.10	-1929.22	0.00	-420.09
190.20	-2377.40	0.00	-400.52
190.30	-2814.42	0.00	-379.38
190.40	-3236.81	0.00	-356.73
190.50	-3641.14	0.00	-332.68
190.60	-4024.04	0.00	-307.32
190.70	-4382.27	0.00	-280.74
190.80	-4712.77	0.00	-253.06
190.90	-5012.65	0.00	-224.37
191.00	-5279.28	0.00	-194.80
191.10	-5510.28	0.00	-164.47
191.20	-5703.60	0.00	-133.48
191.30	-5857.47	0.00	-101.96
191.40	-5970.52	0.00	-70.05
191.50	-6041.70	0.00	-37.86
191.60	-6070.36	0.00	-5.51
191.70	-6069.22	0.00	26.85
191.80	-6062.32	0.00	59.11
191.90	-6049.94	0.00	91.13
192.00	-6031.63	0.00	122.80
192.10	-6006.73	0.00	153.98
192.20	-5974.43	0.00	184.55
192.30	-5933.75	0.00	214.40
192.40	-5883.59	0.00	243.39
192.50	-5822.73	0.00	271.43
192.60	-5749.88	0.00	298.40
192.70	-5663.70	0.00	324.19
192.80	-5562.82	0.00	348.70
192.90	-5445.88	0.00	371.83
193.00	-5311.57	0.00	393.50
193.10	-5158.66	0.00	413.61
193.20	-4986.03	0.00	432.09
193.30	-4792.71	0.00	448.86
193.40	-4577.87	0.00	463.87
193.50	-4340.91	0.00	477.04
193.60	-4081.46	0.00	488.33
193.70	-3799.37	0.00	497.70
193.80	-3494.78	0.00	505.09
193.90	-3168.10	0.00	510.50
194.00	-2820.04	0.00	513.89
194.10	-2451.60	0.00	515.25
194.20	-2064.08	0.00	514.58
194.30	-1659.10	0.00	511.88
194.40	-1238.53	0.00	507.16
194.50	-804.56	0.00	500.44
194.60	-359.62	0.00	491.74
194.70	93.62	0.00	481.10
194.80	552.28	0.00	468.56
194.90	1013.27	0.00	454.18
195.00	1473.37	0.00	438.00
195.10	1929.22	0.00	420.09
195.20	2377.40	0.00	400.52
195.30	2814.42	0.00	379.38
195.40	3236.81	0.00	356.73
195.50	3641.14	0.00	332.68
195.60	4024.04	0.00	307.32
195.70	4382.27	0.00	280.74
195.80	4712.77	0.00	253.06
195.90	5012.65	0.00	224.37
196.00	5279.28	0.00	194.80
196.10	5510.28	0.00	164.47
196.20	5703.60	0.00	133.48
196.30	5857.47	0.00	101.96
196.40	5970.52	0.00	70.05
196.50	6041.70	0.00	37.86
196.60	6070.36	0.00	5.51
196.70	6069.22	0.00	-26.85
196.80	6062.32	0.00	-59.11
196.90	6049.94	0.00	-91.13
197.00	6031.63	0.00	-122.80
197.10	6006.73	0.00	-153.98
197.20	5974.43	0.00	-184.55
197.30	5933.75	0.00	-214.40
197.40	5883.59	0.00	-243.39
197.50	5822.73	0.00	-271.43
197.60	5749.88	0.00	-298.40
197.70	5663.70	0.00	-324.19
197.80	5562.82	0.00	-348.70
197.90	5445.88	0.00	-371.83
198.00	5311.57	0.00	-393.50
198.10	5158.66	0.00	-413.61
198.20	4986.03	0.00	-432.09
198.30	4792.71	0.00	-448.86
198.40	4577.87	0.00	-463.87
198.50	4340.91	0.00	-477.04
198.60	4081.46	0.00	-488.33
198.70	3799.37	0.00	-497.70
198.80	3494.78	0.00	-505.09
198.90	3168.10	0.00	-510.50
199.00	2820.04	0.00	-513.89
199.10	2451.60	0.00	-515.25
199.20	2064.08	0.00	-514.58
199.30	1659.10	0.00	-511.88
199.40	1238.53	0.00	-507.16
199.50	804.56	0.00	-500.44
199.60	359.62	0.00	-491.74
199.70	-93.62	0.00	-481.10
199.80	-552.28	0.00	-468.56
199.90	-1013.27	0.00	-454.18
200.00	-1473.37	0.00	-438.00
200.10	-1929.22	0.00	-420.09
200.20	-2377.40	0.00	-400.52
200.30	-2814.42	0.00	-379.38
200.40	-3236.81	0.00	-356.73
200.50	-3641.14	0.00	-332.68
200.60	-4024.04	0.00	-307.32
200.70	-4382.27	0.00	-280.74
200.80	-4712.77	0.00	-253.06
200.90	-5012.65	0.00	-224.37
201.00	-5279.28	0.00	-194.80
201.10	-5510.28	0.00	-164.47
201.20	-5703.60	0.00	-133.48
201.30	-5857.47	0.00	-101.96
201.40	-5970.52	0.00	-70.05
201.50	-6041.70	0.00	-37.86
201.60	-6070.36	0.00	-5.51
201.70	-6069.22	0.00	26.85
201.80	-6062.32	0.00	59.11
201.90	-6049.94	0.00	91.13
202.00	-6031.63	0.00	122.80
202.10	-6006.73	0.00	153.98
202.20	-5974.43	0.00	184.55
202.30	-5933.75	0.00	214.40
202.40	-5883.59	0.00	243.39
202.50	-5822.73	0.00	271.43
202.60	-5749.88	0.00	298.40
202.70	-5663.70	0.00	324.19
202.80	-5562.82	0.00	348.70
202.90	-5445.88	0.00	371.83
203.00	-5311.57	0.00	393.50
203.10	-5158.66	0.00	413.61
203.20	-4986.03	0.00	432.09
203.30	-4792.71	0.00	448.86
203.40	-4577.87	0.00	463.87
203.50	-4340.91	0.00	477.04
203.60	-4081.46	0.00	488.33
203.70	-3799.37	0.00	497.70
203.80	-3494.78	0.00	505.09
203.90	-3168.10	0.00	510.50
204.00	-2820.04	0.00	513.89
204.10	-2451.60	0.00	515.25
204.20	-2064.08	0.00	514.58
204.30	-1659.10	0.00	511.88
204.40	-1238.53	0.00	507.16
204.50	-804.56	0.00	500.44
204.60	-359.62	0.00	491.74
204.70	93.62	0.00	481.10
204.80	552.28	0.00	468.56
204.90	1013.27	0.00	454.18
205.00	1473.37	0.00	438.00
205.10	1929.22	0.00	420.09
205.20	2377.40	0.00	400.52
205.30	2814.42	0.00	379.38
205.40	3236.81	0.00	356.73
205.50	3641.14	0.00	332.68
205.60	4024.04	0.00	307.32
205.70	4382.27	0.00	280.74
205.80	4712.77	0.00	253.06
205.90	5012.65	0.00	224.37
206.00	5279.28	0.00	194.80
206.10	5510.28	0.00	164.47
206.20	5703.60	0.00	133.48
206.30	5857.47	0.00	101.96
206.40	5970.52	0.00	70.05
206.50	6041.70	0.00	37.86
206.60	6070.36	0.00	5.51
206.70	6069.22	0.00	-26.85
206.80	6062.32	0.00	-59.11
206.90	6049.94	0.00	-91.13
207.00	6031.63	0.00	-122.80
207.10	6006.73	0.00	-153.98
207.20	5974.43	0.00	-184.55
207.30	5933.75	0.00	-214.40
207.40	5883.59	0.00	-243.39
207.50	5822.73	0.00	-271.43
207.60	5749.88	0.00	-298.40
207.70	5663.70	0.00	-324.19
207.80	5562.82	0.00	-348.70
207.90	5445.88	0.00	-371.83
208.00	5311.57	0.00	-393.50
208.10	5158.66	0.00	-413.61
208.20	4986.03	0.00	-432.09
208.30	4792.71	0.00	-448.86
208.40	4577.87	0.00	-463.87
208.50	4340.91	0.00	-477.04
208.60	4081.46	0.00	-488.33
208.70	3799.37	0.00	-497.70
208.80	3494.78	0.00	-505.09
208.90	3168.10	0.00	-510.50
209.00	2820.04	0.00	-513.89
209.10	2451.60	0.00	-515.25
209.20	2064.08	0.00	-514.58
209.30	1659.10	0.00	-511.88
209.40	1238.53	0.00	-507.16
209.50	804.56	0.00	-500.44
209.60	359.62	0.00	-491.74
209.70	-93.62	0.00	-481.10
209.80	-552.28	0.00	-468.56
209.90	-1013.27	0.00	-454.18
210.00	-1473.37	0.00	-438.00
210.10	-1929.22	0.00	-420.09
210.20	-2377.40	0.00	-400.52
210.30	-2814.42	0.00	-379.38
210.40	-3236.81	0.00	-356.73
210.50	-3641.14	0.00	-332.68
210.60	-4024.04	0.00	-307.32
210.70	-4382.27	0.00	-280.74
210.80	-4712.77	0.00	-253.06
210.90	-5012.65	0.00	-224.37
211.00	-5279.28	0.00	-194.80
211.10	-5510.28	0.00	-164.47
211.20	-5703.60	0.00	-133.48
211.30	-5857.47	0.00	-101.96
211.40	-5970.52	0.00	-70.05
211.50	-6041.70	0.00	-37.86
211.60	-6070.36	0.00	-5.51
211.70	-6069.22	0.00	26.85
211.80	-6062.32	0.00	59.11
211.90	-6049.94	0.00	91.13
212.00	-6031.63	0.00	122.80
212.10	-6006.73	0.00	153.98
212.20	-5974.43	0.00	184.55
212.30	-5933.75	0.00	214.40
212.40	-5883.59	0.00	243.39
212.50	-5822.73	0.00	271.43
212.60	-5749.88	0.00	298.40
212.70	-5663.70	0.00	324.19
212.80	-5562.82	0.00	348.70
212.90	-5445.88	0.00	371.83
213.00	-5311.57	0.00	393.50
213.10	-5158.66	0.00	413.61
213.20	-4986.03	0.00	432.09
213.30	-4792.71	0.00	448.86
213.40	-4577.87	0.00	463.87
213.50	-4340.91	0.00	477.04
213.60	-4081.46	0.00	488.33
213.70	-3799.37	0.00	497.70
213.80	-3494.78	0.00	505.09
213.90	-3168.10	0.00	510.50
214.00	-2820.04	0.00	513.89
214.10	-2451.60	0.00	515.25
214.20	-2064.08	0.00	514.58
214.30	-1659.10	0.00	511.88
214.40	-1238.53	0.00	507.16
214.50	-804.56	0.00	500.44
214.60	-359.62	0.00	491.74
214.70	93.62	0.00	481.10
214.80	552.28	0.00	468.56
214.90	1013.27	0.00	454.18
215.00	1473.37	0.00	438.00
215.10	1929.22	0.00	420.09
215.20	2377.40	0.00	400.52
215.30	2814.42	0.00	379.38
215.40	3236.81	0.00	356.73
215.50	3641.14	0.00	332.68
215.60	4024.04	0.00	307.32
215.70	4382.27	0.00	280.74
215.80	4712.77	0.00	253.06
215.90	5012.65	0.00	224.37
216.00	5279.28	0.00	194.80
216.10	5510.28	0.00	164.47
216.20	5703.60	0.00	133.48
216.30	5857.47	0.00	101.96
216.40	5970.52	0.00	70.05
216.50	6041.70	0.00	37.86
216.60	6070.36	0.00	5.51
216.70	6069.22	0.00	-26.85
216.80	6062.32	0.00	-59.11
216.90	6049.94	0.00	-91.13
217.00	6031.63	0.00	-122.80
217.10	6006.73	0.00	-153.98
217.20	5974.43	0.00	-184.55
217.30	5933.75	0.00	-214.40
217.40	5883.59	0.00	-243.39
217.50	5822.73	0.00	-271.43
217.60	5749.88	0.00	-298.40
217.70	5663.70	0.00	-324.19
217.80	5562.82	0.00	-348.70
217.90	5445.88	0.00	-371.83
218.00	5311.57	0.00	-393.50
218.10	5158.66	0.00	-413.61
218.20	4986.03	0.00	-432.09
218.30	4792.71	0.00	-448.86
218.40	4577.87	0.00	-463.87
218.50	4340.91	0.00	-477.04
218.60	4081.46	0.00	-488.33
218.70	3799.37	0.00	-497.70
218.80	3494.78	0.00	-505.09
218.90	3168.10	0.00	-510.50
219.00	2820.04	0.00	-513.89
219.10	2451.60	0.00	-515.25
219.20	2064.08	0.00	-514.58
219.30	1659.10	0.00	-511.88
219.40	1238.53	0.00	-507.16
219.50	804.56	0.00	-500.44
219.60	359.62	0.00	-491.74
219.70	-93.62	0.00	-481.10
219.80	-552.28	0.00	-468.56
219.90	-1013.27	0.00	-454.18
220.00	-1473.37	0.00	-438.00
220.10	-1929.22	0.00	-420.09
220.20	-2377.40	0.00	-400.52
220.30	-2814.42	0.00	-379.38
220.40	-3236.81	0.00	-356.73
220.50	-3641.14	0.00	-332.68
220.60	-4024.04	0.00	-307.32
220.70	-4382.27	0.00	-280.74
220.80	-4712.77	0.00	-253.06
220.90	-5012.65	0.00	-224.37
221.00	-5279.28	0.00	-194.80
221.10	-5510.28	0.00	-164.47
221.20	-5703.60	0.00	-133.48
221.30	-5857.47	0.00	-101.96
221.40	-5970.52	0.00	-70.05
221.50	-6041.70	0.00	-37.86
221.60	-6070.36	0.00	-5.51
221.70	-6069.22	0.00	26.85
221.80	-6062.32	0.00	59.11
221.90	-6049.94	0.00	91.13
222.00	-6031.63	0.00	122.80
222.10	-6006.73	0.00	153.98
222.20	-5974.43	0.00	184.55
222.30	-5933.75	0.00	214.40
222.40	-5883.59	0.00	243.39
222.50	-5822.73	0.00	271.43
222.60	-5749.88	0.00	298.40
222.70	-5663.70	0.00	324.19
222.80	-5562.82	0.00	348.70
222.90	-5445.88	0.00	371.83
223.00	-5311.57	0.00	393.50
223.10	-5158.66	0.00	413.61
223.20	-4986.03	0.00	432.09
223.30	-4792.71	0.00	448.86
223.40	-4577.87	0.00	463.87
223.50	-4340.91	0.00	477.04
223.60	-4081.46	0.00	488.33
223.70	-3799.37	0.00	497.70
223.80	-3494.78	0.00	505.09
223.90	-3168.10	0.00	510.50
224.00	-2820.04	0.00	513.89
224.10	-2451.60	0.00	515.25
224.20	-2064.08	0.00	514.58
224.30	-1659.10	0.00	511.88
224.40	-1238.53	0.00	507.16
224.50	-804.56	0.00	500.44
224.60	-359.62	0.00	491.74
224.70	93.62	0.00	481.10
224.80	552.28	0.00	468.56
224.90	1013.27	0.00	454.18
225.00	1473.37	0.00	438.00
225.10	1929.22	0.00	420.09
225.20	2377.40	0.00	400.52
225.30	2814.42	0.00	379.38
225.40	3236.81	0.00	356.73
225.50	3641.14	0.00	332.68
225.60	4024.04	0.00	307.32
225.70	4382.27	0.00	280.74
225.80	4712.77	0.00	253.06
225.90	5012.65	0.00	224.37
226.00	5279.28	0.00	194.80
226.10	5510.28	0.00	164.47
226.20	5703.60	0.00	133.48
226.30	5857.47	0.00	101.96
226.40	5970.52	0.00	70.05
226.50	6041.70	0.00	37.86
226.60	6070.36	0.00	5.51
226.70	6069.22	0.00	-26.85
226.80	6062.32	0.00	-59.11
226.90	6049.94	0.00	-91.13
227.00	6031.63	0.00	-122.80
227.10	6006.73	0.00	-153.98
227.20	5974.43	0.00	-184.55
227.30	5933.75	0.00	-214.40
227.40	5883.59	0.00	-243.39
227.50	5822.73	0.00	-271.43
227.60	5749.88	0.00	-298.40
227.70	5663.70	0.00	-324.19
227.80	5562.82	0.00	-348.70
227.90	5445.88	0.00	-371.83
228.00	5311.57	0.00	-393.50
228.10	5158.66	0.00	-413.61
228.20	4986.03	0.00	-432.09
228.30	4792.71	0.00	-448.86
228.40	4577.87	0.00	-463.87
228.50	4340.91	0.00	-477.04
228.60	4081.46	0.00	-488.33
228.70	3799.37	0.00	-497.70
228.80	3494.78	0.00	-505.09
228.90	3168.10	0.00	-510.50
229.00	2820.04	0.00	-513.89
229.10	2451.60	0.00	-515.25
229.20	2064.08	0.00	-514.58
229.30	1659.10	0.00	-511.88
229.40	1238.53	0.00	-507.16
229.50	804.56	0.00	-500.44
229.60	359.62	0.00	-491.74
229.70	-93.62	0.00	-481.10
229.80	-552.28	0.00	-468.56
229.90	-1013.27	0.00	-454.18
230.00	-1473.37	0.00	-438.00
230.10	-1929.22	0.00	-420.09
230.20	-2377.40	0.00	-400.52
230.30	-2814.42	0.00	-379.38
230.40	-3236.81	0.00	-356.73
230.50	-3641.14	0.00	-332.68
230.60	-4024.04	0.00	-307.32
230.70	-4382.27	0.00	-280.74
230.80	-4712.77	0.00	-253.06
230.90	-5012.65	0.00	-224.37
231.00	-5279.28	0.00	-194.80
231.10	-5510.28	0.00	-164.47
231.20	-5703.60	0.00	-133.48
231.30	-5857.47	0.00	-101.96
231.40	-5970.52	0.00	-70.05
231.50	-6041.70	0.00	-37.86
231.60	-6070.36	0.00	-5.51
231.70	-6069.22	0.00	26.85
231.80	-6062.32	0.00	59.11
231.90	-6049.94	0.00	91.13
232.00	-6031.63	0.00	122.80
232.10	-6006.73	0.00	153.98
232.20	-5974.43	0.00	184.55
232.30	-5933.75	0.00	214.40
232.40	-5883.59	0.00	243.39
232.50	-5822.73	0.00	271.43
232.60	-5749.88	0.00	298.40
232.70	-5663.70	0.00	324.19
232.80	-5562.82	0.00	348.70
232.90	-5445.88	0.00	371.83
233.00	-5311.57	0.00	393.50
233.10	-5158.66	0.00	413.61
233.20	-4986.03	0.00	432.09
233.30	-4792.71	0.00	448.86
233.40	-4577.87	0.00	463.87
233.50	-4340.91	0.00	477.04
233.60	-4081.46	0.00	488.33
233.70	-3799.37	0.00	497.70
233.80	-3494.78	0.00	505.09
233.90	-3168.10	0.00	510.50
234.00	-2820.04	0.00	513.89
234.10	-2451.60	0.00	515.25
234.20	-2064.08	0.00	514.58
234.30	-1659.10	0.00	511.88
234.40	-1238.53	0.00	507.16
234.50	-804.56	0.00	500.44
234.60	-359.62	0.00	491.74
234.70	93.62	0.00	481.10
234.80	552.28	0.00	468.56
234.90	1013.27	0.00	454.18
235.00	1473.37	0.00	438.00
235.10	1929.22	0.00	420.09
235.20	2377.40	0.00	400.52
235.30	2814.42	0.00	379.38
235.40	3236.81	0.00	356.73
235.50	3641.14	0.00	332.68
235.60	4024.04	0.00	307.32
235.70	4382.27	0.00	280.74
235.80	4712.77	0.00	253.06
235.90	5012.65	0.00	224.37
236.00	5279.28	0.00	194.80
236.10	5510.28	0.00	164.47
236.20	5703.60	0.00	133.48
236.30	5857.47	0.00	101.96
236.40	5970.52	0.00	70.05
236.50	6041.70	0.00	37.86
236.60	6070.36	0.00	5.51
236.70	6069.22	0.00	-26.85
236.80	6062.32	0.00	-59.11
236.90	6049.94	0.00	-91.13
237.00	6031.63	0.00	-122.80
237.10	6006.73	0.00	-153.98
237.20	5974.43	0.00	-184.55
237.30	5933.75	0.00	-214.40
237.40	5883.59	0.00	-243.39
237.50	5822.73	0.00	-271.43
237.60	5749.88	0.00	-298.40
237.70	5663.70	0.00	-324.19
237.80	5562.82	0.00	-348.70
237.90	5445.88	0.00	-371.83
238.00	5311.57	0.00	-393.50
238.10	5158.66	0.00	-413.61
238.20	4986.03	0.00	-432.09
238.30	4792.71	0.00	-448.86
238.40	4577.87	0.00	-463.87
238.50	4340.91	0.00	-477.04
238.60	4081.46	0.00	-488.33
238.70	3799.37	0.00	-497.70
238.80	3494.78	0.00	-505.09
238.90	3168.10	0.00	-510.50
239.00	2820.04	0.00	-513.89
239.10	2451.60	0.00	-515.25
239.20	2064.08	0.00	-514.58
239.30	1659.10	0.00	-511.88
239.40	1238.53	0.00	-507.16
239.50	804.56	0.00	-500.44
239.60	359.62	0.00	-491.74
239.70	-93.62	0.00	-481.10
239.80	-552.28	0.00	-468.56
239.90	-1013.27	0.00	-454.18
240.00	-1473.37	0.00	-438.00
240.10	-1929.22	0.00	-420.09
240.20	-2377.40	0.00	-400.52
240.30	-2814.42	0.00	-379.38
240.40	-3236.81	0.00	-356.73
240.50	-3641.14	0.00	-332.68
240.60	-4024.04	0.00	-307.32
240.70	-4382.27	0.00	-280.74
240.80	-4712.77	0.00	-253.06
240.90	-5012.65	0.00	-224.37
241.00	-5279.28	0.00	-194.80
241.10	-5510.28	0.00	-164.47
241.20	-5703.60	0.00	-133.48
241.30	-5857.47	0.00	-101.96
241.40	-5970.52	0.00	-70.05
241.50	-6041.70	0.00	-37.86
241.60	-6070.36	0.00	-5.51
241.70	-6069.22	0.00	26.85
241.80	-6062.32	0.00	59.11
241.90	-6049.94	0.00	91.13
242.00	-6031.63	0.00	122.80
242.10	-6006.73	0.00	153.98
242.20	-5974.43	0.00	184.55
242.30	-5933.75	0.00	214.40
242.40	-5883.59	0.00	243.39
242.50	-5822.73	0.00	271.43
242.60	-5749.88	0.00	298.40
242.70	-5663.70	0.00	324.19
242.80	-5562.82	0.00	348.70
242.90	-5445.88	0.00	371.83
243.00	-5311.57	0.00	393.50
243.10	-5158.66	0.00	413.61
243.20	-4986.03	0.00	432.09
243.30	-4792.71	0.00	448.86
243.40	-4577.87	0.00	463.87
243.50	-4340.91	0.00	477.04
243.60	-4081.46	0.00	488.33
243.70	-3799.37	0.00	497.70
243.80	-3494.78	0.00	505.09
243.90	-3168.10	0.00	510.50
244.00	-2820.04	0.00	513.89
244.10	-2451.60	0.00	515.25
244.20	-2064.08	0.00	514.58
244.30	-1659.10	0.00	511.88
244.40	-1238.53	0.00	507.16
244.50	-804.56	0.00	500.44
244.60	-359.62	0.00	491.74
244.70	93.62	0.00	481.10
244.80	552.28	0.00	468.56
244.90	1013.27	0.00	454.18
245.00	1473.37	0.00	438.00
245.10	1929.22	0.00	420.09
245.20	2377.40	0.00	400.52
245.30	2814.42	0.00	379.38
245.40	3236.81	0.00	356.73
245.50	3641.14	0.00	332.68
245.60	4024.04	0.00	307.32
245.70	4382.27	0.00	280.74
245.80	4712.77	0.00	253.06
245.90	5012.65	0.00	224.37
246.00	5279.28	0.00	194.80
246.10	5510.28	0.00	164.47
246.20	5703.60	0.00	133.48
246.30	5857.47	0.00	101.96
246.40	5970.52	0.00	70.05
246.50	6041.70	0.00	37.86
246.60	6070.36	0.00	5.51
246.70	6069.22	0.00	-26.85
246.80	6062.32	0.00	-59.11
246.90	6049.94	0.00	-91.13
247.00	6031.63	0.00	-122.80
247.10	6006.73	0.00	-153.98
247.20	5974.43	0.00	-184.55
247.30	5933.75	0.00	-214.40
247.40	5883.59	0.00	-243.39
247.50	5822.73	0.00	-271.43
247.60	5749.88	0.00	-298.40
247.70	5663.70	0.00	-324.19
247.80	5562.82	0.00	-348.70
247.90	5445.88	0.00	-371.83
248.00	5311.57	0.00	-393.50
248.10	5158.66	0.00	-413.61
248.20	4986.03	0.00	-432.09
248.30	4792.71	0.00	-448.86
248.40	4577.87	0.00	-463.87
248.50	4340.91	0.00	-477.04
248.60	4081.46	0.00	-488.33
248.70	3799.37	0.00	-497.70
248.80	3494.78	0.00	-505.09
248.90	3168.10	0.00	-510.50
249.00	2820.04	0.00	-513.89
249.10	2451.60	0.00	-515.25
249.20	2064.08	0.00	-514.58
249.30	1659.10	0.00	-511.88
249.40	1238.53	0.00	-507.16
249.50	804.56	0.00	-500.44
249.60	359.62	0.00	-491.74
249.70	-93.62	0.00	-481.10
249.80	-552.28	0.00	-468.56
249.90	-1013.27	0.00	-454.18
250.00	-1473.37	0.00	-438.00
250.10	-1929.22	0.00	-420.09
250.20	-2377.40	0.00	-400.52
250.30	-2814.42	0.00	-379.38
250.40	-3236.81	0.00	-356.73
250.50	-3641.14	0.00	-332.68
250.60	-4024.04	0.00	-307.32
250.70	-4382.27	0.00	-280.74
250.80	-4712.77	0.00	-253.06
250.90	-5012.65	0.00	-224.37
251.00	-5279.28	0.00	-194.80
251.10	-5510.28	0.00	-164.47
251.20	-5703.60	0.00	-133.48
251.30	-5857.47	0.00	-101.96
251.40	-5970.52	0.00	-70.05
251.50	-6041.70	0.00	-37.86
251.60	-6070.36	0.00	-5.51
251.70	-6069.22	0.00	26.85
251.80	-6062.32	0.00	59.11
251.90	-6049.94	0.00	91.13
252.00	-6031.63	0.00	122.80
252.10	-6006.73	0.00	153.98
252.20	-5974.43	0.00	184.55
252.30	-5933.75	0.00	214.40
252.40	-5883.59	0.00	243.39
252.50	-5822.73	0.00	271.43
252.60	-5749.88	0.00	298.40
252.70	-5663.70	0.00	324.19
252.80	-5562.82	0.00	348.70
252.90	-5445.88	0.00	371.83
253.00	-5311.57	0.00	393.50
253.10	-5158.66	0.00	413.61
253.20	-4986.03	0.00	432.09
253.30	-4792.71	0.00	448.86
253.40	-4577.87	0.00	463.87
253.50	-4340.91	0.00	477.04
253.60	-4081.46	0.00	488.33
253.70	-3799.37	0.00	497.70
253.80	-3494.78	0.00	505.09
253.90	-3168.10	0.00	510.50
254.00	-2820.04	0.00	513.89
254.10	-2451.60	0.00	515.25
254.20	-2064.08	0.00	514.58
254.30	-1659.10	0.00	511.88
254.40	-1238.53	0.00	507.16
254.50	-804.56	0.00	500.44
254.60	-359.62	0.00	491.74
254.70	93.62	0.00	481.10
254.80	552.28	0.00	468.56
254.90	1013.27	0.00	454.18
255.00	1473.37	0.00	438.00
255.10	1929.22	0.00	420.09
255.20	2377.40	0.00	400.52
255.30	2814.42	0.00	379.38
255.40	3236.81	0.00	356.73
255.50	3641.14	0.00	332.68
255.60	4024.04	0.00	307.32
255.70	4382.27	0.00	280.74
255.80	4712.77	0.00	253.06
255.90	5012.65	0.00	224.37
256.00	5279.28	0.00	194.80
256.10	5510.28	0.00	164.47
256.20	5703.60	0.00	133.48
256.30	5857.47	0.00	101.96
256.40	5970.52	0.00	70.05
256.50	6041.70	0.00	37.86
256.60	6070.36	0.00	5.51
256.70	6069.22	0.00	-26.85
256.80	6062.32	0.00	-59.11
256.90	6049.94	0.00	-91.13
257.00	6031.63	0.00	-122.80
257.10	6006.73	0.00	-153.98
257.20	5974.43	0.00	-184.55
257.30	5933.75	0.00	-214.40
257.40	5883.59	0.00	-243.39
257.50	5822.73	0.00	-271.43
257.60	5749.88	0.00	-298.40
257.70	5663.70	0.00	-324.19
257.80	5562.82	0.00	-348.70
257.90	5445.88	0.00	-371.83
258.00	5311.57	0.00	-393.50
258.10	5158.66	0.00	-413.61
258.20	4986.03	0.00	-432.09
258.30	4792.71	0.00	-448.86
258.40	4577.87	0.00	-463.87
258.50	4340.91	0.00	-477.04
258.60	4081.46	0.00	-488.33
258.70	3799.37	0.00	-497.70
258.80	3494.78	0.00	-505.09
258.90	3168.10	0.00	-510.50
259.00	2820.04	0.00	-513.89
259.10	2451.60	0.00	-515.25
259.20	2064.08	0.00	-514.58
259.30	1659.10	0.00	-511.88
259.40	1238.53	0.00	-507.16
259.50	804.56	0.00	-500.44
259.60	359.62	0.00	-491.74
259.70	-93.62	0.00	-481.10
259.80	-552.28	0.00	-468.56
259.90	-1013.27	0.00	-454.18
260.00	-1473.37	0.00	-438.00
260.10	-1929.22	0.00	-420.09
260.20	-2377.40	0.00	-400.52
260.30	-2814.42	0.00	-379.38
260.40	-3236.81	0.00	-356.73
260.50	-3641.14	0.00	-332.68
260.60	-4024.04	0.00	-307.32
260.70	-4382.27	0.00	-280.74
260.80	-4712.77	0.00	-253.06
260.90	-5012.65	0.00	-224.37
261.00	-5279.28	0.00	-194.80
261.10	-5510.28	0.00	-164.47
261.20	-5703.60	0.00	-133.48
261.30	-5857.47	0.00	-101.96
261.40	-5970.52	0.00	-70.05
261.50	-6041.70	0.00	-37.86
261.60	-6070.36	0.00	-5.51
261.70	-6069.22	0.00	26.85
261.80	-6062.32	0.00	59.11
261.90	-6049.94	0.00	91.13
262.00	-6031.63	0.00	122.80
262.10	-6006.73	0.00	153.98
262.20	-5974.43	0.00	184.55
262.30	-5933.75	0.00	214.40
262.40	-5883.59	0.00	243.39
262.50	-5822.73	0.00	271.43
262.60	-5749.88	0.00	298.40
262.70	-5663.70	0.00	324.19
262.80	-5562.82	0.00	348.70
262.90	-5445.88	0.00	371.83
263.00	-5311.57	0.00	393.50
263.10	-5158.66	0.00	413.61
263.20	-4986.03	0.00	432.09
263.30	-4792.71	0.00	448.86
263.40	-4577.87	0.00	463.87
263.50	-4340.91	0.00	477.04
263.60	-4081.46	0.00	488.33
263.70	-3799.37	0.00	497.70
263.80	-3494.78	0.00	505.09
263.90	-3168.10	0.00	510.50
264.00	-2820.04	0.00	513.89
264.10	-2451.60	0.00	515.25
264.20	-2064.08	0.00	514.58
264.30	-1659.10	0.00	511.88
264.40	-1238.53	0.00	507.16
264.50	-804.56	0.00	500.44
264.60	-359.62	0.00	491.74
264.70	93.62	0.00	481.10
264.80	552.28	0.00	468.56
264.90	1013.27	0.00	454.18
265.00	1473.37	0.00	438.00
265.10	1929.22	0.00	420.09
265.20	2377.40	0.00	400.52
265.30	2814.42	0.00	379.38
265.40	3236.81	0.00	356.73
265.50	3641.14	0.00	332.68
265.60	4024.04	0.00	307.32
265.70	4382.27	0.00	280.74
265.80	4712.77	0.00	253.06
265.90	5012.65	0.00	224.37
266.00	5279.28	0.00	194.80
266.10	5510.28	0.00	164.47
266.20	5703.60	0.00	133.48
266.30	5857.47	0.00	101.96
266.40	5970.52	0.00	70.05
266.50	6041.70	0.00	37.86
266.60	6070.36	0.00	5.51
266.70	6069.22	0.00	-26.85
266.80	6062.32	0.00	-59.11
266.90	6049.94	0.00	-91.13
267.00	6031.63	0.00	-122.80
267.10	6006.73	0.00	-153.98
267.20	5974.43	0.00	-184.55
267.30	5933.75	0.00	-214.40
267.40	5883.59	0.00	-243.39
267.50	5822.73	0.00	-271.43
267.60	5749.88	0.00	-298.40
267.70	5663.70	0.00	-324.19
267.80	5562.82	0.00	-348.70
267.90	5445.88	0.00	-371.83
268.00	5311.57	0.00	-393.50
268.10	5158.66	0.00	-413.61
268.20	4986.03	0.00	-432.09
268.30	4792.71	0.00	-448.86
268.40	4577.87	0.00	-463.87
268.50	4340.91	0.00	-477.04
268.60	4081.46	0.00	-488.33
268.70	3799.37	0.00	-497.70
268.80	3494.78	0.00	-505.09
268.90	3168.10	0.00	-510.50
269.00	2820.04	0.00	-513.89
269.10	2451.60	0.00	-515.25
269.20	2064.08	0.00	-514.58
269.30	1659.10	0.00	-511.88
269.40	1238.53	0.00	-507.16
269.50	804.56	0.00	-500.44
269.60	359.62	0.00	-491.74
269.70	-93.62	0.00	-481.10
269.80	-552.28	0.00	-468.56
269.90	-1013.27	0.00	-454.18
270.00	-1473.37	0.00	-438.00
270.10	-1929.22	0.00	-420.09
270.20	-2377.40	0.00	-400.52
270.30	-2814.42	0.00	-379.38
270.40	-3236.81	0.00	-356.73
270.50	-3641.14	0.00	-332.68
270.60	-4024.04	0.00	-307.32
270.70	-4382.27	0.00	-280.74
270.80	-4712.77	0.00	-253.06
270.90	-5012.65	0.00	-224.37
271.00	-5279.28	0.00	-194.80
271.10	-5510.28	0.00	-164.47
271.20	-5703.60	0.00	-133.48
271.30	-5857.47	0.00	-101.96
271.40	-5970.52	0.00	-70.05
271.50	-6041.70	0.00	-37.86
271.60	-6070.36	0.00	-5.51
271.70	-6069.22	0.00	26.85
271.80	-6062.32	0.00	59.11
271.90	-6049.94	0.00	91.13
272.00	-6031.63	0.00	122.80
272.10	-6006.73	0.00	153.98
272.20	-5974.43	0.00	184.55
272.30	-5933.75	0.00	214.40
272.40	-5883.59	0.00	243.39
272.50	-5822.73	0.00	271.43
272.60	-5749.88	0.00	298.40
272.70	-5663.70	0.00	324.19
272.80	-5562.82	0.00	348.70
272.90	-5445.88	0.00	371.83
273.00	-5311.57	0.00	393.50
273.10	-5158.66	0.00	413.61
273.20	-4986.03	0.00	432.09
273.30	-4792.71	0.00	448.86
273.40	-4577.87	0.00	463.87
273.50	-4340.91	0.00	477.04
273.60	-4081.46	0.00	488.33
273.70	-3799.37	0.00	497.70
273.80	-3494.78	0.00	505.09
273.90	-3168.10	0.00	510.50
274.00	-2820.04	0.00	513.89
274.10	-2451.60	0.00	515.25
274.20	-2064.08	0.00	514.58
274.30	-1659.10	0.00	511.88
274.40	-1238.53	0.00	507.16
274.50	-804.56	0.00	500.44
274.60	-359.62	0.00	491.74
274.70	93.62	0.00	481.10
274.80	552.28	0.00	468.56
274.90	1013.27	0.00	454.18
275.00	1473.37	0.00	438.00
275.10	1929.22	0.00	420.09
275.20	2377.40	0.00	400.52
275.30	2814.42	0.00	379.38
275.40	3236.81	0.00	356.73
275.50	3641.14	0.00	332.68
275.60	4024.04	0.00	307.32
275.70	4382.27	0.00	280.74
275.80	4712.77	0.00	253.06
275.90	5012.65	0.00	224.37
276.00	5279.28	0.00	194.80
276.10	5510.28	0.00	164.47
276.20	5703.60	0.00	133.48
276.30	5857.47	0.00	101.96
276.40	5970.52	0.00	70.05
276.50	6041.70	0.00	37.86
276.60	6070.36	0.00	5.51
276.70	6069.22	0.00	-26.85
276.80	6062.32	0.00	-59.11
276.90	6049.94	0.00	-91.13
277.00	6031.63	0.00	-122.80
277.10	6006.73	0.00	-153.98
277.20	5974.43	0.00	-184.55
277.30	5933.75	0.00	-214.40
277.40	5883.59	0.00	-243.39
277.50	5822.73	0.00	-271.43
277.60	5749.88	0.00	-298.40
277.70	5663.70	0.00	-324.19
277.80	5562.82	0.00	-348.70
277.90	5445.88	0.00	-371.83
278.00	5311.57	0.00	-393.50
278.10	5158.66	0.00	-413.61
278.20	4986.03	0.00	-432.09
278.30	4792.71	0.00	-448.86
278.40	4577.87	0.00	-463.87
278.50	4340.91	0.00	-477.04
278.60	4081.46	0.00	-488.33
278.70	3799.37	0.00	-497.70
278.80	3494.78	0.00	-505.09
278.90	3168.10	0.00	-510.50
279.00	2820.04	0.00	-513.89
279.10	2451.60	0.00	-515.25
279.20	2064.08	0.00	-514.58
279.30	1659.10	0.00	-511.88
279.40	1238.53	0.00	-507.16
279.50	804.56	0.00	-500.44
279.60	359.62	0.00	-491.74
279.70	-93.62	0.00	-481.10
279.80	-552.28	0.00	-468.56
279.90	-1013.27	0.00	-454.18
280.00	-1473.37	0.00	-438.00
280.10	-1929.22	0.00	-420.09
280.20	-2377.40	0.00	-400.52
280.30	-2814.42	0.00	-379.38
280.40	-3236.81	0.00	-356.73
280.50	-3641.14	0.00	-332.68
280.60	-4024.04	0.00	-307.32
280.70	-4382.27	0.00	-280.74
280.80	-4712.77	0.00	-253.06
280.90	-5012.65	0.00	-224.37
281.00	-5279.28	0.00	-194.80
281.10	-5510.28	0.00	-164.47
281.20	-5703.60	0.00	-133.48
281.30	-5857.47	0.00	-101.96
281.40	-5970.52	0.00	-70.05
281.50	-6041.70	0.00	-37.86
281.60	-6070.36	0.00	-5.51
281.70	-6069.22	0.00	26.85
281.80	-6062.32	0.00	59.11
281.90	-6049.94	0.00	91.13
282.00	-6031.63	0.00	122.80
282.10	-6006.73	0.00	153.98
282.20	-5974.43	0.00	184.55
282.30	-5933.75	0.00	214.40
282.40	-5883.59	0.00	243.39
282.50	-5822.73	0.00	271.43
282.60	-5749.88	0.00	298.40
282.70	-5663.70	0.00	324.19
282.80	-5562.82	0.00	348.70
282.90	-5445.88	0.00	371.83
283.00	-5311.57	0.00	393.50
283.10	-5158.66	0.00	413.61
283.20	-4986.03	0.00	432.09
283.30	-4792.71	0.00	448.86
283.40	-4577.87	0.00	463.87
283.50	-4340.91	0.00	477.04
283.60	-4081.46	0.00	488.33
283.70	-3799.37	0.00	497.70
283.80	-3494.78	0.00	505.09
283.90	-3168.10	0.00	510.50
284.00	-2820.04	0.00	513.89
284.10	-2451.60	0.00	515.25
284.20	-2064.08	0.00	514.58
284.30	-1659.10	0.00	511.88
284.40	-1238.53	0.00	507.16
284.50	-804.56	0.00	500.44
284.60	-359.62	0.00	491.74
284.70	93.62	0.00	481.10
284.80	552.28	0.00	468.56
284.90	1013.27	0.00	454.18
285.00	1473.37	0.00	438.00
285.10	1929.22	0.00	420.09
285.20	2377.40	0.00	400.52
285.30	2814.42	0.00	379.38
285.40	3236.81	0.00	356.73
285.50	3641.14	0.00	332.68
285.60	4024.04	0.00	307.32
285.70	4382.27	0.00	280.74
285.80	4712.77	0.00	253.06
285.90	5012.65	0.00	224.37
286.00	5279.28	0.00	194.80
286.10	5510.28	0.00	164.47
286.20	5703.60	0.00	133.48
286.30	5857.47	0.00	101.96
286.40	5970.52	0.00	70.05
286.50	6041.70	0.00	37.86
286.60	6070.36	0.00	5.51
286.70	6069.22	0.00	-26.85
286.80	6062.32	0.00	-59.11
286.90	6049.94	0.00	-91.13
287.00	6031.63	0.00	-122.80
287.10	6006.73	0.00	-153.98
287.20	5974.43	0.00	-184.55
287.30	5933.75	0.00	-214.40
287.40	5883.59	0.00	-243.39
287.50	5822.73	0.00	-271.43
287.60	5749.88	0.00	-298.40
287.70	5663.70	0.00	-324.19
287.80	5562.82	0.00	-348.70
287.90	5445.88	0.00	-371.83
288.00	5311.57	0.00	-393.50
288.10	5158.66	0.00	-413.61
288.20	4986.03	0.00	-432.09
288.30	4792.71	0.00	-448.86
288.40	4577.87	0.00	-463.87
288.50	4340.91	0.00	-477.04
288.60	4081.46	0.00	-488.33
288.70	3799.37	0.00	-497.70
288.80	3494.78	0.00	-505.09
288.90	3168.10	0.00	-510.50
289.00	2820.04	0.00	-513.89
289.10	2451.60	0.00	-515.25
289.20	2064.08	0.00	-514.58
289.30	1659.10	0.00	-511.88
289.40	1238.53	0.00	-507.16
289.50	804.56	0.00	-500.44
289.60	359.62	0.00	-491.74
289.70	-93.62	0.00	-481.10
289.80	-552.28	0.00	-468.56
289.90	-1013.27	0.00	-454.18
290.00	-1473.37	0.00	-438.00
290.10	-1929.22	0.00	-420.09
290.20	-2377.40	0.00	-400.52
290.30	-2814.42	0.00	-379.38
290.40	-3236.81	0.00	-356.73
290.50	-3641.14	0.00	-332.68
290.60	-4024.04	0.00	-307.32
290.70	-4382.27	0.00	-280.74
290.80	-4712.77	0.00	-253.06
290.90	-5012.65	0.00	-224.37
291.00	-5279.28	0.00	-194.80
291.10	-5510.28	0.00	-164.47
291.20	-5703.60	0.00	-133.48
291.30	-5857.47	0.00	-101.96
291.40	-5970.52	0.00	-70.05
291.50	-6041.70	0.00	-37.86
291.60	-6070.36	0.00	-5.51
291.70	-6069.22	0.00	26.85
291.80	-6062.32	0.00	59.11
291.90	-6049.94	0.00	91.13
292.00	-6031.63	0.00	122.80
292.10	-6006.73	0.00	153.98
292.20	-5974.43	0.00	184.55
292.30	-5933.75	0.00	214.40
292.40	-5883.59	0.00	243.39
292.50	-5822.73	0.00	271.43
292.60	-5749.88	0.00	298.40
292.70	-5663.70	0.00	324.19
292.80	-5562.82	0.00	348.70
292.90	-5445.88	0.00	371.83
293.00	-5311.57	0.00	393.50
293.10	-5158.66	0.00	413.61
293.20	-4986.03	0.00	432.09
293.30	-4792.71	0.00	448.86
293.40	-4577.87	0.00	463.87
293.50	-4340.91	0.00	477.04
293.60	-4081.46	0.00	488.33
293.70	-3799.37	0.00	497.70
293.80	-3494.78	0.00	505.09
293.90	-3168.10	0.00	510.50
294.00	-2820.04	0.00	513.89
294.10	-2451.60	0.00	515.25
294.20	-2064.08	0.00	514.58
294.30	-1659.10	0.00	511.88
294.40	-1238.53	0.00	507.16
294.50	-804.56	0.00	500.44
294.60	-359.62	0.00	491.74
294.70	93.62	0.00	481.10
294.80	552.28	0.00	468.56
294.90	1013.27	0.00	454.18
295.00	1473.37	0.00	438.00
295.10	1929.22	0.00	420.09
295.20	2377.40	0.00	400.52
295.30	2814.42	0.00	379.38
295.40	3236.81	0.00	356.73
295.50	3641.14	0.00	332.68
295.60	4024.04	0.00	307.32
295.70	4382.27	0.00	280.74
295.80	4712.77	0.00	253.06
295.90	5012.65	0.00	224.37
296.00	5279.28	0.00	194.80
296.10	5510.28	0.00	164.47
296.20	5703.60	0.00	133.48
296.30	5857.47	0.00	101.96
296.40	5970.52	0.00	70.05
296.50	6041.70	0.00	37.86
296.60	6070.36	0.00	5.51
296.70	6069.22	0.00	-26.85
296.80	6062.32	0.00	-59.11
296.90	6049.94	0.00	-91.13
297.00	6031.63	0.00	-122.80
297.10	6006.73	0.00	-153.98
297.20	5974.43	0.00	-184.55
297.30	5933.75	0.00	-214.40
297.40	5883.59	0.00	-243.39
297.50	5822.73	0.00	-271.43
297.60	5749.88	0.00	-298.40
297.70	5663.70	0.00	-324.19
297.80	5562.82	0.00	-348.70
297.90	5445.88	0.00	-371.83
298.00	5311.57	0.00	-393.50
298.10	5158.66	0.00	-413.61
298.20	4986.03	0.00	-432.09
298.30	4792.71	0.00	-448.86
298.40	4577.87	0.00	-463.87
298.50	4340.91	0.00	-477.04
298.60	4081.46	0.00	-488.33
298.70	3799.37	0.00	-497.70
298.80	3494.78	0.00	-505.09
298.90	3168.10	0.00	-510.50
299.00	2820.04	0.00	-513.89
299.10	2451.60	0.00	-515.25
299.20	2064.08	0.00	-514.58
299.30	1659.10	0.00	-511.88
299.40	1238.53	0.00	-507.16
299.50	804.56	0.00	-500.44
299.60	359.62	0.00	-491.74
299.70	-93.62	0.00	-481.10
299.80	-552.28	0.00	-468.56
299.90	-1013.27	0.00	-454.18
300.00	-1473.37	0.00	-438.00
300.10	-1929.22	0.00	-420.09
300.20	-2377.40	0.00	-400.52
300.30	-2814.42	0.00	-379.38
300.40	-3236.81	0.00	-356.73
300.50	-3641.14	0.00	-332.68
300.60	-4024.04	0.00	-307.32
300.70	-4382.27	0.00	-280.74
300.80	-4712.77	0.00	-253.06
300.90	-5012.65	0.00	-224.37
301.00	-5279.28	0.00	-194.80
301.10	-5510.28	0.00	-164.47
301.20	-5703.60	0.00	-133.48
301.30	-5857.47	0.00	-101.96
301.40	-5970.52	0.00	-70.05
301.50	-6041.70	0.00	-37.86
301.60	-6070.36	0.00	-5.51
301.70	-6069.22	0.00	26.85
301.80	-6062.32	0.00	59.11
301.90	-6049.94	0.00	91.13
302.00	-6031.63	0.00	122.80
302.10	-6006.73	0.00	153.98
302.20	-5974.43	0.00	184.55
302.30	-5933.75	0.00	214.40
302.40	-5883.59	0.00	243.39
302.50	-5822.73	0.00	271.43
302.60	-5749.88	0.00	298.40
302.70	-5663.70	0.00	324.19
302.80	-5562.82	0.00	348.70
302.90	-5445.88	0.00	371.83
303.00	-5311.57	0.00	393.50
303.10	-5158.66	0.00	413.61
303.20	-4986.03	0.00	432.09
303.30	-4792.71	0.00	448.86
303.40	-4577.87	0.00	463.87
303.50	-4340.91	0.00	477.04
303.60	-4081.46	0.00	488.33
303.70	-3799.37	0.00	497.70
303.80	-3494.78	0.00	505.09
303.90	-3168.10	0.00	510.50
304.00	-2820.04	0.00	513.89
304.10	-2451.60	0.00	515.25
304.20	-2064.08	0.00	514.58
304.30	-1659.10	0.00	511.88
304.40	-1238.53	0.00	507.16
304.50	-804.56	0.00	500.44
304.60	-359.62	0.00	491.74
304.70	93.62	0.00	481.10
304.80	552.28	0.00	468.56
304.90	1013.27	0.00	454.18
305.00	1473.37	0.00	438.00
305.10	1929.22	0.00	420.09
305.20	2377.40	0.00	400.52
305.30	2814.42	0.00	379.38
305.40	3236.81	0.00	356.73
305.50	3641.14	0.00	332.68
305.60	4024.04	0.00	307.32
305.70	4382.27	0.00	280.74
305.80	4712.77	0.00	253.06
305.90	5012.65	0.00	224.37
306.00	5279.28	0.00	194.80
306.10	5510.28	0.00	164.47
306.20	5703.60	0.00	133.48
306.30	5857.47	0.00	101.96
306.40	5970.52	0.00	70.05
306.50	6041.70	0.00	37.86
306.60	6070.36	0.00	5.51
306.70	6069.22	0.00	-26.85
306.80	6062.32	0.00	-59.11
306.90	6049.94	0.00	-91.13
307.00	6031.63	0.00	-122.80
307.10	6006.73	0.00	-153.98
307.20	5974.43	0.00	-184.55
307.30	5933.75	0.00	-214.40
307.40	5883.59	0.00	-243.39
307.50	5822.73	0.00	-271.43
307.60	5749.88	0.00	-298.40
307.70	5663.70	0.00	-324.19
307.80	5562.82	0.00	-348.70
307.90	5445.88	0.00	-371.83
308.00	5311.57	0.00	-393.50
308.10	5158.66	0.00	-413.61
308.20	4986.03	0.00	-432.09
308.30	4792.71	0.00	-448.86
308.40	4577.87	0.00	-463.87
308.50	4340.91	0.00	-477.04
308.60	4081.46	0.00	-488.33
308.70	3799.37	0.00	-497.70
308.80	3494.78	0.00	-505.09
308.90	3168.10	0.00	-510.50
309.00	2820.04	0.00	-513.89
309.10	2451.60	0.00	-515.25
309.20	2064.08	0.00	-514.58
309.30	1659.10	0.00	-511.88
309.40	1238.53	0.00	-507.16
309.50	804.56	0.00	-500.44
309.60	359.62	0.00	-491.74
309.70	-93.62	0.00	-481.10
309.80	-552.28	0.00	-468.56
309.90	-1013.27	0.00	-454.18
310.00	-1473.37	0.00	-438.00
310.10	-1929.22	0.00	-420.09
310.20	-2377.40	0.00	-400.52
310.30	-2814.42	0.00	-379.38
310.40	-3236.81	0.00	-356.73
310.50	-3641.14	0.00	-332.68
310.60	-4024.04	0.00	-307.32
310.70	-4382.27	0.00	-280.74
310.80	-4712.77	0.00	-253.06
310.90	-5012.65	0.00	-224.37
311.00	-5279.28	0.00	-194.80
311.10	-5510.28	0.00	-164.47
311.20	-5703.60	0.00	-133.48
311.30	-5857.47	0.00	-101.96
311.40	-5970.52	0.00	-70.05
311.50	-6041.70	0.00	-37.86
311.60	-6070.36	0.00	-5.51
311.70	-6069.22	0.00	26.85
311.80	-6062.32	0.00	59.11
311.90	-6049.94	0.00	91.13
312.00	-6031.63	0.00	122.80
312.10	-6006.73	0.00	153.98
312.20	-5974.43	0.00	184.55
312.30	-5933.75	0.00	214.40
312.40	-5883.59	0.00	243.39
312.50	-5822.73	0.00	271.43
312.60	-5749.88	0.00	298.40
312.70	-5663.70	0.00	324.19
312.80	-5562.82	0.00	348.70
312.90	-5445.88	0.00	371.83
313.00	-5311.57	0.00	393.50
313.10	-5158.66	0.00	413.61
313.20	-4986.03	0.00	432.09
313.30	-4792.71	0.00	448.86
313.40	-4577.87	0.00	463.87
313.50	-4340.91	0.00	477.04
313.60	-4081.46	0.00	488.33
313.70	-3799.37	0.00	497.70
313.80	-3494.78	0.00	505.09
313.90	-3168.10	0.00	510.50
314.00	-2820.04	0.00	513.89
314.10	-2451.60	0.00	515.25
314.20	-2064.08	0.00	514.58
314.30	-1659.10	0.00	511.88
314.40	-1238.53	0.00	507.16
314.50	-804.56	0.00	500.44
314.60	-359.62	0.00	491.74
314.70	93.62	0.00	481.10
314.80	552.28	0.00	468.56
314.90	1013.27	0.00	454.18
315.00	1473.37	0.00	438.00
315.10	1929.22	0.00	420.09
315.20	2377.40	0.00	400.52
315.30	2814.42	0.00	379.38
315.40	3236.81	0.00	356.73
315.50	3641.14	0.00	332.68
315.60	4024.04	0.00	307.32
315.70	4382.27	0.00	280.74
315.80	4712.77	0.00	253.06
315.90	5012.65	0.00	224.37
316.00	5279.28	0.00	194.80
316.10	5510.28	0.00	164.47
316.20	5703.60	0.00	133.48
316.30	5857.47	0.00	101.96
316.40	5970.52	0.00	70.05
316.50	6041.70	0.00	37.86
316.60	6070.36	0.00	5.51
316.70	6069.22	0.00	-26.85
316.80	6062.32	0.00	-59.11
316.90	6049.94	0.00	-91.13
317.00	6031.63	0.00	-122.80
317.10	6006.73	0.00	-153.98
317.20	5974.43	0.00	-184.55
317.30	5933.75	0.00	-214.40
317.40	5883.59	0.00	-243.39
317.50	5822.73	0.00	-271.43
317.60	5749.88	0.00	-298.40
317.70	5663.70	0.00	-324.19
317.80	5562.82	0.00	-348.70
317.90	5445.88	0.00	-371.83
318.00	5311.57	0.00	-393.50
318.10	5158.66	0.00	-413.61
318.20	4986.03	0.00	-432.09
318.30	4792.71	0.00	-448.86
318.40	4577.87	0.00	-463.87
318.50	4340.91	0.00	-477.04
318.60	4081.46	0.00	-488.33
318.70	3799.37	0.00	-497.70
318.80	3494.78	0.00	-505.09
318.90	3168.10	0.00	-510.50
319.00	2820.04	0.00	-513.89
319.10	2451.60	0.00	-515.25
319.20	2064.08	0.00	-514.58
319.30	1659.10	0.00	-511.88
319.40	1238.53	0.00	-507.16
319.50	804.56	0.00	-500.44
319.60	359.62	0.00	-491.74
319.70	-93.62	0.00	-481.10
319.80	-552.28	0.00	-468.56
319.90	-1013.27	0.00	-454.18
320.00	-1473.37	0.00	-438.00
320.10	-1929.22	0.00	-420.09
320.20	-2377.40	0.00	-400.52
320.30	-2814.42	0.00	-379.38
320.40	-3236.81	0.00	-356.73
320.50	-3641.14	0.00	-332.68
320.60	-4024.04	0.00	-307.32
320.70	-4382.27	0.00	-280.74
320.80	-4712.77	0.00	-253.06
320.90	-5012.65	0.00	-224.37
321.00	-5279.28	0.00	-194.80
321.10	-5510.28	0.00	-164.47
321.20	-5703.60	0.00	-133.48
321.30	-5857.47	0.00	-101.96
321.40	-5970.52	0.00	-70.05
321.50	-6041.70	0.00	-37.86
321.60	-6070.36	0.00	-5.51
321.70	-6069.22	0.00	26.85
321.80	-6062.32	0.00	59.11
321.90	-6049.94	0.00	91.13
322.00	-6031.63	0.00	122.80
322.10	-6006.73	0.00	153.98
322.20	-5974.43	0.00	184.55
322.30	-5933.75	0.00	214.40
322.40	-5883.59	0.00	243.39
322.50	-5822.73	0.00	271.43
322.60	-5749.88	0.00	298.40
322.70	-5663.70	0.00	324.19
322.80	-5562.82	0.00	348.70
322.90	-5445.88	0.00	371.83
323.00	-5311.57	0.00	393.50
323.10	-5158.66	0.00	413.61
323.20	-4986.03	0.00	432.09
323.30	-4792.71	0.00	448.86
323.40	-4577.87	0.00	463.87
323.50	-4340.91	0.00	477.04
323.60	-4081.46	0.00	488.33
323.70	-3799.37	0.00	497.70
323.80	-3494.78	0.00	505.09
323.90	-3168.10	0.00	510.50
324.00	-2820.04	0.00	513.89
324.10	-2451.60	0.00	515.25
324.20	-2064.08	0.00	514.58
324.30	-1659.10	0.00	511.88
324.40	-1238.53	0.00	507.16
324.50	-804.56	0.00	500.44
324.60	-359.62	0.00	491.74
324.70	93.62	0.00	481.10
324.80	552.28	0.00	468.56
324.90	1013.27	0.00	454.18
325.00	1473.37	0.00	438.00
325.10	1929.22	0.00	420.09
325.20	2377.40	0.00	400.52
325.30	2814.42	0.00	379.38
325.40	3236.81	0.00	356.73
325.50	3641.14	0.00	332.68
325.60	4024.04	0.00	307.32
325.70	4382.27	0.00	280.74
325.80	4712.77	0.00	253.06
325.90	5012.65	0.00	224.37
326.00	5279.28	0.00	194.80
326.10	5510.28	0.00	164.47
326.20	5703.60	0.00	133.48
326.30	5857.47	0.00	101.96
326.40	5970.52	0.00	70.05
326.50	6041.70	0.00	37.86
326.60	6070.36	0.00	5.51
326.70	6069.22	0.00	-26.85
326.80	6062.32	0.00	-59.11
326.90	6049.94	0.00	-91.13
327.00	6031.63	0.00	-122.80
327.10	6006.73	0.00	-153.98
327.20	5974.43	0.00	-184.55
327.30	5933.75	0.00	-214.40
327.40	5883.59	0.00	-243.39
327.50	5822.73	0.00	-271.43
327.60	5749.88	0.00	-298.40
327.70	5663.70	0.00	-324.19
327.80	5562.82	0.00	-348.70
327.90	5445.88	0.00	-371.83
328.00	5311.57	0.00	-393.50
328.10	5158.66	0.00	-413.61
328.20	4986.03	0.00	-432.09
328.30	4792.71	0.00	-448.86
328.40	4577.87	0.00	-463.87
328.50	4340.91	0.00	-477.04
328.60	4081.46	0.00	-488.33
328.70	3799.37	0.00	-497.70
328.80	3494.78	0.00	-505.09
328.90	3168.10	0.00	-510.50
329.00	2820.04	0.00	-513.89
329.10	2451.60	0.00	-515.25
329.20	2064.08	0.00	-514.58
329.30	1659.10	0.00	-511.88
329.40	1238.53	0.00	-507.16
329.50	804.56	0.00	-500.44
329.60	359.62	0.00	-491.74
329.70	-93.62	0.00	-481.10
329.80	-552.28	0.00	-468.56
329.90	-1013.27	0.00	-454.18
330.00	-1473.37	0.00	-438.00
330.10	-1929.22	0.00	-420.09
330.20	-2377.40	0.00	-400.52
330.30	-2814.42	0.00	-379.38
330.40	-3236.81	0.00	-356.73
330.50	-3641.14	0.00	-332.68
330.60	-4024.04	0.00	-307.32
330.70	-4382.27	0.00	-280.74
330.80	-4712.77	0.00	-253.06
330.90	-5012.65	0.00	-224.37
331.00	-5279.28	0.00	-194.80
331.10	-5510.28	0.00	-164.47
331.20	-5703.60	0.00	-133.48
331.30	-5857.47	0.00	-101.96
331.40	-5970.52	0.00	-70.05
331.50	-6041.70	0.00	-37.86
331.60	-6070.36	0.00	-5.51
331.70	-6069.22	0.00	26.85
331.80	-6062.32	0.00	59.11
331.90	-6049.94	0.00	91.13
332.00	-6031.63	0.00	122.80
332.10	-6006.73	0.00	153.98
332.20	-5974.43	0.00	184.55
332.30	-5933.75	0.00	214.40
332.40	-5883.59	0.00	243.39
332.50	-5822.73	0.00	271.43
332.60	-5749.88	0.00	298.40
332.70	-5663.70	0.00	324.19
332.80	-5562.82	0.00	348.70
332.90	-5445.88	0.00	371.83
333.00	-5311.57	0.00	393.50
333.10	-5158.66	0.00	413.61
333.20	-4986.03	0.00	432.09
333.30	-4792.71	0.00	448.86
333.40	-4577.87	0.00	463.87
333.50	-4340.91	0.00	477.04
333.60	-4081.46	0.00	488.33
333.70	-3799.37	0.00	497.70
333.80	-3494.78	0.00	505.09
333.90	-3168.10	0.00	510.50
334.00	-2820.04	0.00	513.89
334.10	-2451.60	0.00	515.25
334.20	-2064.08	0.00	514.58
334.30	-1659.10	0.00	511.88
334.40	-1238.53	0.00	507.16
334.50	-804.56	0.00	500.44
334.60	-359.62	0.00	491.74
334.70	93.62	0.00	481.10
334.80	552.28	0.00	468.56
334.90	1013.27	0.00	454.18
335.00	1473.37	0.00	438.00
335.10	1929.22	0.00	420.09
335.20	2377.40	0.00	400.52
335.30	2814.42	0.00	379.38
335.40	3236.81	0.00	356.73
335.50	3641.14	0.00	332.68
335.60	4024.04	0.00	307.32
335.70	4382.27	0.00	280.74
335.80	4712.77	0.00	253.06
335.90	5012.65	0.00	224.37
336.00	5279.28	0.00	194.80
336.10	5510.28	0.00	164.47
336.20	5703.60	0.00	133.48
336.30	5857.47	0.00	101.96
336.40	5970.52	0.00	70.05
336.50	6041.70	0.00	37.86
336.60	6070.36	0.00	5.51
336.70	6069.22	0.00	-26.85
336.80	6062.32	0.00	-59.11
336.90	6049.94	0.00	-91.13
337.00	6031.63	0.00	-122.80
337.10	6006.73	0.00	-153.98
337.20	5974.43	0.00	-184.55
337.30	5933.75	0.00	-214.40
337.40	5883.59	0.00	-243.39
337.50	5822.73	0.00	-271.43
337.60	5749.88	0.00	-298.40
337.70	5663.70	0.00	-324.19
337.80	5562.82	0.00	-348.70
337.90	5445.88	0.00	-371.83
338.00	5311.57	0.00	-393.50
338.10	5158.66	0.00	-413.61
338.20	4986.03	0.00	-432.09
338.30	4792.71	0.00	-448.86
338.40	4577.87	0.00	-463.87
338.50	4340.91	0.00	-477.04
338.60	4081.46	0.00	-488.33
338.70	3799.37	0.00	-497.70
338.80	3494.78	0.00	-505.09
338.90	3168.10	0.00	-510.50
339.00	2820.04	0.00	-513.89
339.10	2451.60	0.00	-515.25
339.20	2064.08	0.00	-514.58
339.30	1659.10	0.00	-511.88
339.40	1238.53	0.00	-507.16
339.50	804.56	0.00	-500.44
339.60	359.62	0.00	-491.74
339.70	-93.62	0.00	-481.10
339.80	-552.28	0.00	-468.56
339.90	-1013.27	0.00	-454.18
340.00	-1473.37	0.00	-438.00
340.10	-1929.22	0.00	-420.09
340.20	-2377.40	0.00	-400.52
340.30	-2814.42	0.00	-379.38
340.40	-3236.81	0.00	-356.73
340.50	-3641.14	0.00	-332.68
340.60	-4024.04	0.00	-307.32
340.70	-4382.27	0.00	-280.74
340.80	-4712.77	0.00	-253.06
340.90	-5012.65	0.00	-224.37
341.00	-5279.28	0.00	-194.80
341.10	-5510.28	0.00	-164.47
341.20	-5703.60	0.00	-133.48
341.30	-5857.47	0.00	-101.96
341.40	-5970.52	0.00	-70.05
341.50	-6041.70	0.00	-37.86
341.60	-6070.36	0.00	-5.51
341.70	-6069.22	0.00	26.85
341.80	-6062.32	0.00	59.11
341.90	-6049.94	0.00	91.13
342.00	-6031.63	0.00	122.80
342.10	-6006.73	0.00	153.98
342.20	-5974.43	0.00	184.55
342.30	-5933.75	0.00	214.40
342.40	-5883.59	0.00	243.39
342.50	-5822.73	0.00	271.43
342.60	-5749.88	0.00	298.40
342.70	-5663.70	0.00	324.19
342.80	-5562.82	0.00	348.70
342.90	-5445.88	0.00	371.83
343.00	-5311.57	0.00	393.50
343.10	-5158.66	0.00	413.61
343.20	-4986.03	0.00	432.09
343.30	-4792.71	0.00	448.86
343.40	-4577.87	0.00	463.87
343.50	-4340.91	0.00	477.04
343.60	-4081.46	0.00	488.33
343.70	-3799.37	0.00	497.70
343.80	-3494.78	0.00	505.09
343.90	-3168.10	0.00	510.50
344.00	-2820.04	0.00	513.89
344.10	-2451.60	0.00	515.25
344.20	-2064.08	0.00	514.58
344.30	-1659.10	0.00	511.88
344.40	-1238.53	0.00	507.16
344.50	-804.56	0.00	500.44
344.60	-359.62	0.00	491.74
344.70	93.62	0.00	481.10
344.80	552.28	0.00	468.56
344.90	1013.27	0.00	454.18
345.00	1473.37	0.00	438.00
345.10	1929.22	0.00	420.09
345.20	2377.40	0.00	400.52
345.30	2814.42	0.00	379.38
345.40	3236.81	0.00	356.73
345.50	3641.14	0.00	332.68
345.60	4024.04	0.00	307.32
345.70	4382.27	0.00	280.74
345.80	4712.77	0.00	253.06
345.90	5012.65	0.00	224.37
346.00	5279.28	0.00	194.80
346.10	5510.28	0.00	164.47
346.20	5703.60	0.00	133.48
346.30	5857.47	0.00	101.96
346.40	5970.52	0.00	70.05
346.50	6041.70	0.00	37.86
346.60	6070.36	0.00	5.51
346.70	6069.22	0.00	-26.85
346.80	6062.32	0.00	-59.11
346.90	6049.94	0.00	-91.13
347.00	6031.63	0.00	-122.80
347.10	6006.73	0.00	-153.98
347.20	5974.43	0.00	-184.55
347.30	5933.75	0.00	-214.40
347.40	5883.59	0.00	-243.39
347.50	5822.73	0.00	-271.43
347.60	5749.88	0.00	-298.40
347.70	5663.70	0.00	-324.19
347.80	5562.82	0.00	-348.70
347.90	5445.88	0.00	-371.83
348.00	5311.57	0.00	-393.50
348.10	5158.66	0.00	-413.61
348.20	4986.03	0.00	-432.09
348.30	4792.71	0.00	-448.86
348.40	4577.87	0.00	-463.87
348.50	4340.91	0.00	-477.04
348.60	4081.46	0.00	-488.33
348.70	3799.37	0.00	-497.70
348.80	3494.78	0.00	-505.09
348.90	3168.10	0.00	-510.50
349.00	2820.04	0.00	-513.89
349.10	2451.60	0.00	-515.25
349.20	2064.08	0.00	-514.58
349.30	1659.10	0.00	-511.88
349.40	1238.53	0.00	-507.16
349.50	804.56	0.00	-500.44
349.60	359.62	0.00	-491.74
349.70	-93.62	0.00	-481.10
349.80	-552.28	0.00	-468.56
349.90	-1013.27	0.00	-454.18
350.00	-1473.37	0.00	-438.00
350.10	-1929.22	0.00	-420.09
350.20	-2377.40	0.00	-400.52
350.30	-2814.42	0.00	-379.38
350.40	-3236.81	0.00	-356.73
350.50	-3641.14	0.00	-332.68
350.60	-4024.04	0.00	-307.32
350.70	-4382.27	0.00	-280.74
350.80	-4712.77	0.00	-253.06
350.90	-5012.65	0.00	-224.37
351.00	-5279.28	0.00	-194.80
351.10	-5510.28	0.00	-164.47
351.20	-5703.60	0.00	-133.48
351.30	-5857.47	0.00	-101.96
351.40	-5970.52	0.00	-70.05
351.50	-6041.70	0.00	-37.86
351.60	-6070.36	0.00	-5.51
351.70	-6069.22	0.00	26.85
351.80	-6062.32	0.00	59.11
351.90	-6049.94	0.00	91.13
352.00	-6031.63	0.00	122.80
352.10	-6006.73	0.00	153.98
352.20	-5974.43	0.00	184.55
352.30	-5933.75	0.00	214.40
352.40	-5883.59	0.00	243.39
352.50	-5822.73	0.00	271.43
352.60	-5749.88	0.00	298.40
352.70	-5663.70	0.00	324.19
352.80	-5562.82	0.00	348.70
352.90	-5445.88	0.00	371.83
353.00	-5311.57	0.00	393.50
353.10	-5158.66	0.00	413.61
353.20	-4986.03	0.00	432.09
353.30	-4792.71	0.00	448.86
353.40	-4577.87	0.00	463.87
353.50	-4340.91	0.00	477.04
353.60	-4081.46	0.00	488.33
353.70	-3799.37	0.00	497.70
353.80	-3494.78	0.00	505.09
353.90	-3168.10	0.00	510.50
354.00	-2820.04	0.00	513.89
354.10	-2451.60	0.00	515.25
354.20	-2064.08	0.00	514.58
354.30	-1659.10	0.00	511.88
354.40	-1238.53	0.00	507.16
354.50	-804.56	0.00	500.44
354.60	-359.62	0.00	491.74
354.70	93.62	0.00	481.10
354.80	552.28	0.00	468.56
354.90	1013.27	0.00	454.18
355.00	1473.37	0.00	438.00
355.10	1929.22	0.00	420.09
355.20	2377.40	0.00	400.52
355.30	2814.42	0.00	379.38
355.40	3236.81	0.00	356.73
355.50	3641.14	0.00	332.68
355.60	4024.04	0.00	307.32
355.70	4382.27	0.00	280.74
355.80	4712.77	0.00	253.06
355.90	5012.65	0.00	224.37
356.00	5279.28	0.00	194.80
356.10	5510.28	0.00	164.47
356.20	5703.60	0.00	133.48
356.30	5857.47	0.00	101.96
356.40	5970.52	0.00	70.05
356.50	6041.70	0.00	37.86
356.60	6070.36	0.00	5.51
356.70	6069.22	0.00	-26.85
356.80	6062.32	0.00	-59.11
356.90	6049.94	0.00	-91.13
357.00	6031.63	0.00	-122.80
357.10	6006.73	0.00	-153.98
357.20	5974.43	0.00	-184.55
357.30	5933.75	0.00	-214.40
357.40	5883.59	0.00	-243.39
357.50	5822.73	0.00	-271.43
357.60	5749.88	0.00	-298.40
357.70	5663.70	0.00	-324.19
357.80	5562.82	0.00	-348.70
357.90	5445.88	0.00	-371.83
358.00	5311.57	0.00	-393.50
358.10	5158.66	0.00	-413.61
358.20	4986.03	0.00	-432.09
358.30	4792.71	0.00	-448.86
358.40	4577.87	0.00	-463.87
358.50	4340.91	0.00	-477.04
358.60	4081.46	0.00	-488.33
358.70	3799.37	0.00	-497.70
358.80	3494.78	0.00	-505.09
358.90	3168.10	0.00	-510.50
359.00	2820.04	0.00	-513.89
359.10	2451.60	0.00	-515.25
359.20	2064.08	0.00	-514.58
359.30	1659.10	0.00	-511.88
359.40	1238.53	0.00	-507.16
359.50	804.56	0.00	-500.44
359.60	359.62	0.00	-491.74
359.70	-93.62	0.00	-481.10
359.80	-552.28	0.00	-468.56
359.90	-1013.27	0.00	-454.18
360.00	-1473.37	0.00	-438.00
360.10	-1929.22	0.00	-420.09
360.20	-2377.40	0.00	-400.52
360.30	-2814.42	0.00	-379.38
360.40	-3236.81	0.00	-356.73
360.50	-3641.14	0.00	-332.68
360.60	-4024.04	0.00	-307.32
360.70	-4382.27	0.00	-280.74
360.80	-4712.77	0.00	-253.06
360.90	-5012.65	0.00	-224.37
361.00	-5279.28	0.00	-194.80
361.10	-5510.28	0.00	-164.47
361.20	-5703.60	0.00	-133.48
361.30	-5857.47	0.00	-101.96
361.40	-5970.52	0.00	-70.05
361.50	-6041.70	0.00	-37.86
361.60	-6070.36	0.00	-5.51
361.70	-6069.22	0.00	26.85
361.80	-6062.32	0.00	59.11
361.90	-6049.94	0.00	91.13
362.00	-6031.63	0.00	122.80
362.10	-6006.73	0.00	153.98
362.20	-5974.43	0.00	184.55
362.30	-5933.75	0.00	214.40
362.40	-5883.59	0.00	243.39
362.50	-5822.73	0.00	271.43
362.60	-5749.88	0.00	298.40
362.70	-5663.70	0.00	324.19
362.80	-5562.82	0.00	348.70
362.90	-5445.88	0.00	371.83
363.00	-5311.57	0.00	393.50
363.10	-5158.66	0.00	413.61
363.20	-4986.03	0.00	432.09
363.30	-4792.71	0.00	448.86
363.40	-4577.87	0.00	463.87
363.50	-4340.91	0.00	477.04
363.60	-4081.46	0.00	488.33
363.70	-3799.37	0.00	497.70
363.80	-3494.78	0.00	505.09
363.90	-3168.10	0.00	510.50
364.00	-2820.04	0.00	513.89
364.10	-2451.60	0.00	515.25
364.20	-2064.08	0.00	514.58
364.30	-1659.10	0.00	511.88
364.40	-1238.53	0.00	507.16
364.50	-804.56	0.00	500.44
364.60	-359.62	0.00	491.74
364.70	93.62	0.00	481.10
364.80	552.28	0.00	468.56
364.90	1013.27	0.00	454.18
365.00	1473.37	0.00	438.00
365.10	1929.22	0.00	420.09
365.20	2377.40	0.00	400.52
365.30	2814.42	0.00	379.38
365.40	3236.81	0.00	356.73
365.50	3641.14	0.00	332.68
365.60	4024.04	0.00	307.32
365.70	4382.27	0.00	280.74
365.80	4712.77	0.00	253.06
365.90	5012.65	0.00	224.37
366.00	5279.28	0.00	194.80
366.10	5510.28	0.00	164.47
366.20	5703.60	0.00	133.48
366.30	5857.47	0.00	101.96
366.40	5970.52	0.00	70.05
366.50	6041.70	0.00	37.86
366.60	6070.36	0.00	5.51
366.70	6069.22	0.00	-26.85
366.80	6062.32	0.00	-59.11
366.90	6049.94	0.00	-91.13
367.00	6031.63	0.00	-122.80
367.10	6006.73	0.00	-153.98
367.20	5974.43	0.00	-184.55
367.30	5933.75	0.00	-214.40
367.40	5883.59	0.00	-243.39
367.50	5822.73	0.00	-271.43
367.60	5749.88	0.00	-298.40
367.70	5663.70	0.00	-324.19
367.80	5562.82	0.00	-348.70
367.90	5445.88	0.00	-371.83
368.00	5311.57	0.00	-393.50
368.10	5158.66	0.00	-413.61
368.20	4986.03	0.00	-432.09
368.30	4792.71	0.00	-448.86
368.40	4577.87	0.00	-463.87
368.50	4340.91	0.00	-477.04
368.60	4081.46	0.00	-488.33
368.70	3799.37	0.00	-497.70
368.80	3494.78	0.00	-505.09
368.90	3168.10	0.00	-510.50
369.00	2820.04	0.00	-513.89
369.10	2451.60	0.00	-515.25
369.20	2064.08	0.00	-514.58
369.30	1659.10	0.00	-511.88
369.40	1238.53	0.00	-507.16
369.50	804.56	0.00	-500.44
369.60	359.62	0.00	-491.74
369.70	-93.62	0.00	-481.10
369.80	-552.28	0.00	-468.56
369.90	-1013.27	0.00	-454.18
370.00	-1473.37	0.00	-438.00
370.10	-1929.22	0.00	-420.09
370.20	-2377.40	0.00	-400.52
370.30	-2814.42	0.00	-379.38
370.40	-3236.81	0.00	-356.73
370.50	-3641.14	0.00	-332.68
370.60	-4024.04	0.00	-307.32
370.70	-4382.27	0.00	-280.74
370.80	-4712.77	0.00	-253.06
370.90	-5012.65	0.00	-224.37
371.00	-5279.28	0.00	-194.80
371.10	-5510.28	0.00	-164.47
371.20	-5703.60	0.00	-133.48
371.30	-5857.47	0.00	-101.96
371.40	-5970.52	0.00	-70.05
371.50	-6041.70	0.00	-37.86
371.60	-6070.36	0.00	-5.51
371.70	-6069.22	0.00	26.85
371.80	-6062.32	0.00	59.11
371.90	-6049.94	0.00	91.13
372.00	-6031.63	0.00	122.80
372.10	-6006.73	0.00	153.98
372.20	-5974.43	0.00	184.55
372.30	-5933.75	0.00	214.40
372.40	-5883.59	0.00	243.39
372.50	-5822.73	0.00	271.43
372.60	-5749.88	0.00	298.40
372.70	-5663.70	0.00	324.19
372.80	-5562.82	0.00	348.70
372.90	-5445.88	0.00	371.83
373.00	-5311.57	0.00	393.50
373.10	-5158.66	0.00	413.61
373.20	-4986.03	0.00	432.09
373.30	-4792.71	0.00	448.86
373.40	-4577.87	0.00	463.87
373.50	-4340.91	0.00	477.04
373.60	-4081.46	0.00	488.33
373.70	-3799.37	0.00	497.70
373.80	-3494.78	0.00	505.09
373.90	-3168.10	0.00	510.50
374.00	-2820.04	0.00	513.89
374.10	-2451.60	0.00	515.25
374.20	-2064.08	0.00	514.58
374.30	-1659.10	0.00	511.88
374.40	-1238.53	0.00	507.16
374.50	-804.56	0.00	500.44
374.60	-359.62	0.00	491.74
374.70	93.62	0.00	481.10
374.80	552.28	0.00	468.56
374.90	1013.27	0.00	454.18
375.00	1473.37	0.00	438.00
375.10	1929.22	0.00	420.09
375.20	2377.40	0.00	400.52
375.30	2814.42	0.00	379.38
375.40	3236.81	0.00	356.73
375.50	3641.14	0.00	332.68
375.60	4024.04	0.00	307.32
375.70	4382.27	0.00	280.74
375.80	4712.77	0.00	253.06
375.90	5012.65	0.00	224.37
376.00	5279.28	0.00	194.80
376.10	5510.28	0.00	164.47
376.20	5703.60	0.00	133.48
376.30	5857.47	0.00	101.96
376.40	5970.52	0.00	70.05
376.50	6041.70	0.00	37.86
376.60	6070.36	0.00	5.51
376.70	6069.22	0.00	-26.85
376.80	6062.32	0.00	-59.11
376.90	6049.94	0.00	-91.13
377.00	6031.63	0.00	-122.80
377.10	6006.73	0.00	-153.98
377.20	5974.43	0.00	-184.55
377.30	5933.75	0.00	-214.40
377.40	5883.59	0.00	-243.39
377.50	5822.73	0.00	-271.43
377.60	5749.88	0.00	-298.40
377.70	5663.70	0.00	-324.19
377.80	5562.82	0.00	-348.70
377.90	5445.88	0.00	-371.83
378.00	5311.57	0.00	-393.50
378.10	5158.66	0.00	-413.61
378.20	4986.03	0.00	-432.09
378.30	4792.71	0.00	-448.86
378.40	4577.87	0.00	-463.87
378.50	4340.91	0.00	-477.04
378.60	4081.46	0.00	-488.33
378.70	3799.37	0.00	-497.70
378.80	3494.78	0.00	-505.09
378.90	3168.10	0.00	-510.50
379.00	2820.04	0.00	-513.89
379.10	2451.60	0.00	-515.25
379.20	2064.08	0.00	-514.58
379.30	1659.10	0.00	-511.88
379.40	1238.53	0.00	-507.16
379.50	804.56	0.00	-500.44
379.60	359.62	0.00	-491.74
379.70	-93.62	0.00	-481.10
379.80	-552.28	0.00	-468.56
379.90	-1013.27	0.00	-454.18
380.00	-1473.37	0.00	-438.00
380.10	-1929.22	0.00	-420.09
380.20	-2377.40	0.00	-400.52
380.30	-2814.42	0.00	-379.38
380.40	-3236.81	0.00	-356.73
380.50	-3641.14	0.00	-332.68
380.60	-4024.04	0.00	-307.32
380.70	-4382.27	0.00	-280.74
380.80	-4712.77	0.00	-253.06
380.90	-5012.65	0.00	-224.37
381.00	-5279.28	0.00	-194.80
381.10	-5510.28	0.00	-164.47
381.20	-5703.60	0.00	-133.48
381.30	-5857.47	0.00	-101.96
381.40	-5970.52	0.00	-70.05
381.50	-6041.70	0.00	-37.86
381.60	-6070.36	0.00	-5.51
381.70	-6069.22	0.00	26.85
381.80	-6062.32	0.00	59.11
381.90	-6049.94	0.00	91.13
382.00	-6031.63	0.00	122.80
382.10	-6006.73	0.00	153.98
382.20	-5974.43	0.00	184.55
382.30	-5933.75	0.00	214.40
382.40	-5883.59	0.00	243.39
382.50	-5822.73	0.00	271.43
382.60	-5749.88	0.00	298.40
382.70	-5663.70	0.00	324.19
382.80	-5562.82	0.00	348.70
382.90	-5445.88	0.00	371.83
383.00	-5311.57	0.00	393.50
383.10	-5158.66	0.00	413.61
383.20	-4986.03	0.00	432.09
383.30	-4792.71	0.00	448.86
383.40	-4577.87	0.00	463.87
383.50	-4340.91	0.00	477.04
383.60	-4081.46	0.00	488.33
383.70	-3799.37	0.00	497.70
383.80	-3494.78	0.00	505.09
383.90	-3168.10	0.00	510.50
384.00	-2820.04	0.00	513.89
384.10	-2451.60	0.00	515.25
384.20	-2064.08	0.00	514.58
384.30	-1659.10	0.00	511.88
384.40	-1238.53	0.00	507.16
384.50	-804.56	0.00	500.44
384.60	-359.62	0.00	491.74
384.70	93.62	0.00	481.10
384.80	552.28	0.00	468.56
384.90	1013.27	0.00	454.18
385.00	1473.37	0.00	438.00
385.10	1929.22	0.00	420.09
385.20	2377.40	0.00	400.52
385.30	2814.42	0.00	379.38
385.40	3236.81	0.00	356.73
385.50	3641.14	0.00	332.68
385.60	4024.04	0.00	307.32
385.70	4382.27	0.00	280.74
385.80	4712.77	0.00	253.06
385.90	5012.65	0.00	224.37
386.00	5279.28	0.00	194.80
386.10	5510.28	0.00	164.47
386.20	5703.60	0.00	133.48
386.30	5857.47	0.00	101.96
386.40	5970.52	0.00	70.05
386.50	6041.70	0.00	37.86
386.60	6070.36	0.00	5.51
386.70	6069.22	0.00	-26.85
386.80	6062.32	0.00	-59.11
386.90	6049.94	0.00	-91.13
387.00	6031.63	0.00	-122.80
387.10	6006.73	0.00	-153.98
387.20	5974.43	0.00	-184.55
387.30	5933.75	0.00	-214.40
387.40	5883.59	0.00	-243.39
387.50	5822.73	0.00	-271.43
387.60	5749.88	0.00	-298.40
387.70	5663.70	0.00	-324.19
387.80	5562.82	0.00	-348.70
387.90	5445.88	0.00	-371.83
388.00	5311.57	0.00	-393.50
388.10	5158.66	0.00	-413.61
388.20	4986.03	0.00	-432.09
388.30	4792.71	0.00	-448.86
388.40	4577.87	0.00	-463.87
388.50	4340.91	0.00	-477.04
388.60	4081.46	0.00	-488.33
388.70	3799.37	0.00	-497.70
388.80	3494.78	0.00	-505.09
388.90	3168.10	0.00	-510.50
389.00	2820.04	0.00	-513.89
389.10	2451.60	0.00	-515.25
389.20	2064.08	0.00	-514.58
389.30	1659.10	0.00	-511.88
389.40	1238.53	0.00	-507.16
389.50	804.56	0.00	-500.44
389.60	359.62	0.00	-491.74
389.70	-93.62	0.00	-481.10
389.80	-552.28	0.00	-468.56
389.90	-1013.27	0.00	-454.18
390.00	-1473.37	0.00	-438.00
390.10	-1929.22	0.00	-420.09
390.20	-2377.40	0.00	-400.52
390.30	-2814.42	0.00	-379.38
390.40	-3236.81	0.00	-356.73
390.50	-3641.14	0.00	-332.68
390.60	-4024.04	0.00	-307.32
390.70	-4382.27	0.00	-280.74
390.80	-4712.77	0.00	-253.06
390.90	-5012.65	0.00	-224.37
391.00	-5279.28	0.00	-194.80
391.10	-5510.28	0.00	-164.47
391.20	-5703.60	0.00	-133.48
391.30	-5857.47	0.00	-101.96
391.40	-5970.52	0.00	-70.05
391.50	-6041.70	0.00	-37.86
391.60	-6070.36	0.00	-5.51
391.70	-6069.22	0.00	26.85
391.80	-6062.32	0.00	59.11
391.90	-6049.94	0.00	91.13
392.00	-6031.63	0.00	122.80
392.10	-6006.73	0.00	153.98
392.20	-5974.43	0.00	184.55
392.30	-5933.75	0.00	214.40
392.40	-5883.59	0.00	243.39
392.50	-5822.73	0.00	271.43
392.60	-5749.88	0.00	298.40
392.70	-5663.70	0.00	324.19
392.80	-5562.82	0.00	348.70
392.90	-5445.88	0.00	371.83
393.00	-5311.57	0.00	393.50
393.10	-5158.66	0.00	413.61
393.20	-4986.03	0.00	432.09
393.30	-4792.71	0.00	448.86
393.40	-4577.87	0.00	463.87
393.50	-4340.91	0.00	477.04
393.60	-4081.46	0.00	488.33
393.70	-3799.37	0.00	497.70
393.80	-3494.78	0.00	505.09
393.90	-3168.10	0.00	510.50
394.00	-2820.04	0.00	513.89
394.10	-2451.60	0.00	515.25
394.20	-2064.08	0.00	514.58
394.30	-1659.10	0.00	511.88
394.40	-1238.53	0.00	507.16
394.50	-804.56	0.00	500.44
394.60	-359.62	0.00	491.74
394.70	93.62	0.00	481.10
394.80	552.28	0.00	468.56
394.90	1013.27	0.00	454.18
395.00	1473.37	0.00	438.00
395.10	1929.22	0.00	420.09
395.20	2377.40	0.00	400.52
395.30	2814.42	0.00	379.38
395.40	3236.81	0.00	356.73
395.50	3641.14	0.00	332.68
395.60	4024.04	0.00	307.32
395.70	4382.27	0.00	280.74
395.80	4712.77	0.00	253.06
395.90	5012.65	0.00	224.37
396.00	5279.28	0.00	194.80
396.10	5510.28	0.00	164.47
396.20	5703.60	0.00	133.48
396.30	5857.47	0.00	101.96
396.40	5970.52	0.00	70.05
396.50	6041.70	0.00	37.86
396.60	6070.36	0.00	5.51
396.70	6069.22	0.00	-26.85
396.80	6062.32	0.00	-59.11
396.90	6049.94	0.00	-91.13
397.00	6031.63	0.00	-122.80
397.10	6006.73	0.00	-153.98
397.20	5974.43	0.00	-184.55
397.30	5933.75	0.00	-214.40
397.40	5883.59	0.00	-243.39
397.50	5822.73	0.00	-271.43
397.60	5749.88	0.00	-298.40
397.70	5663.70	0.00	-324.19
397.80	5562.82	0.00	-348.70
397.90	5445.88	0.00	-371.83
398.00	5311.57	0.00	-393.50
398.10	5158.66	0.00	-413.61
398.20	4986.03	0.00	-432.09
398.30	4792.71	0.00	-448.86
398.40	4577.87	0.00	-463.87
398.50	4340.91	0.00	-477.04
398.60	4081.46	0.00	-488.33
398.70	3799.37	0.00	-497.70
398.80	3494.78	0.00	-505.09
398.90	3168.10	0.00	-510.50
399.00	2820.04	0.00	-513.89
399.10	2451.60	0.00	-515.25
399.20	2064.08	0.00	-514.58
399.30	1659.10	0.00	-511.88
399.40	1238.53	0.00	-507.16
399.50	804.56	0.00	-500.44
399.60	359.62	0.00	-491.74
399.70	-93.62	0.00	-481.10
399.80	-552.28	0.00	-468.56
399.90	-1013.27	0.00	-454.18
400.00	-1473.37	0.00	-438.00
400.10	-1929.22	0.00	-420.09
400.20	-2377.40	0.00	-400.52
400.30	-2814.42	0.00	-379.38
400.40	-3236.81	0.00	-356.73
400.50	-3641.14	0.00	-332.68
400.60	-4024.04	0.00	-307.32
400.70	-4382.27	0.00	-280.74
400.80	-4712.77	0.00	-253.06
400.90	-5012.65	0.00	-224.37
401.00	-5279.28	0.00	-194.80
401.10	-5510.28	0.00	-164.47
401.20	-5703.60	0.00	-133.48
401.30	-5857.47	0.00	-101.96
401.40	-5970.52	0.00	-70.05
401.50	-6041.70	0.00	-37.86
401.60	-6070.36	0.00	-5.51
401.70	-6069.22	0.00	26.85
401.80	-6062.32	0.00	59.11
401.90	-6049.94	0.00	91.13
402.00	-6031.63	0.00	122.80
402.10	-6006.73	0.00	153.98
402.20	-5974.43	0.00	184.55
402.30	-5933.75	0.00	214.40
402.40	-5883.59	0.00	243.39
402.50	-5822.73	0.00	271.43
402.60	-5749.88	0.00	298.40
402.70	-5663.70	0.00	324.19
402.80	-5562.82	0.00	348.70
402.90	-5445.88	0.00	371.83
403.00	-5311.57	0.00	393.50
403.10	-5158.66	0.00	413.61
403.20	-4986.03	0.00	432.09
403.30	-4792.71	0.00	448.86
403.40	-4577.87	0.00	463.87
403.50	-4340.91	0.00	477.04
403.60	-4081.46	0.00	488.33
403.70	-3799.37	0.00	497.70
403.80	-3494.78	0.00	505.09
403.90	-3168.10	0.00	510.50
404.00	-2820.04	0.00	513.89
404.10	-2451.60	0.00	515.25
404.20	-2064.08	0.00	514.58
404.30	-1659.10	0.00	511.88
404.40	-1238.53	0.00	507.16
404.50	-804.56	0.00	500.44
404.60	-359.62	0.00	491.74
404.70	93.62	0.00	481.10
404.80	552.28	0.00	468.56
404.90	1013.27	0.00	454.18
405.00	1473.37	0.00	438.00
405.10	1929.22	0.00	420.09
405.20	2377.40	0.00	400.52
405.30	2814.42	0.00	379.38
405.40	3236.81	0.00	356.73
405.50	3641.14	0.00	332.68
405.60	4024.04	0.00	307.32
405.70	4382.27	0.00	280.74
405.80	4712.77	0.00	253.06
405.90	5012.65	0.00	224.37
406.00	5279.28	0.00	194.80
406.10	5510.28	0.00	164.47
406.20	5703.60	0.00	133.48
406.30	5857.47	0.00	101.96
406.40	5970.52	0.00	70.05
406.50	6041.70	0.00	37.86
406.60	6070.36	0.00	5.51
406.70	6069.22	0.00	-26.85
406.80	6062.32	0.00	-59.11
406.90	6049.94	0.00	-91.13
407.00	6031.63	0.00	-122.80
407.10	6006.73	0.00	-153.98
407.20	5974.43	0.00	-184.55
407.30	5933.75	0.00	-214.40
407.40	5883.59	0.00	-243.39
407.50	5822.73	0.00	-271.43
407.60	5749.88	0.00	-298.40
407.70	5663.70	0.00	-324.19
407.80	5562.82	0.00	-348.70
407.90	5445.88	0.00	-371.83
408.00	5311.57	0.00	-393.50
408.10	5158.66	0.00	-413.61
408.20	4986.03	0.00	-432.09
408.30	4792.71	0.00	-448.86
408.40	4577.87	0.00	-463.87
408.50	4340.91	0.00	-477.04
408.60	4081.46	0.00	-488.33
408.70	3799.37	0.00	-497.70
408.80	3494.78	0.00	-505.09
408.90	3168.10	0.00	-510.50
409.00	2820.04	0.00	-513.89
409.10	2451.60	0.00	-515.25
409.20	2064.08	0.00	-514.58
409.30	1659.10	0.00	-511.88
409.40	1238.53	0.00	-507.16
409.50	804.56	0.00	-500.44
409.60	359.62	0.00	-491.74
409.70	-93.62	0.00	-481.10
409.80	-552.28	0.00	-468.56
409.90	-1013.27	0.00	-454.18
410.00	-1473.37	0.00	-438.00
410.10	-1929.22	0.00	-420.09
410.20	-2377.40	0.00	-400.52
410.30	-2814.42	0.00	-379.38
410.40	-3236.81	0.00	-356.73
410.50	-3641.14	0.00	-332.68
410.60	-4024.04	0.00	-307.32
410.70	-4382.27	0.00	-280.74
410.80	-4712.77	0.00	-253.06
410.90	-5012.65	0.00	-224.37
411.00	-5279.28	0.00	-194.80
411.10	-5510.28	0.00	-164.47
411.20	-5703.60	0.00	-133.48
411.30	-5857.47	0.00	-101.96
411.40	-5970.52	0.00	-70.05
411.50	-6041.70	0.00	-37.86
411.60	-6070.36	0.00	-5.51
411.70	-6069.22	0.00	26.85
411.80	-6062.32	0.00	59.11
411.90	-6049.94	0.00	91.13
412.00	-6031.63	0.00	122.80
412.10	-6006.73	0.00	153.98
412.20	-5974.43	0.00	184.55
412.30	-5933.75	0.00	214.40
412.40	-5883.59	0.00	243.39
412.50	-5822.73	0.00	271.43
412.60	-5749.88	0.00	298.40
412.70	-5663.70	0.00	324.19
412.80	-5562.82	0.00	348.70
412.90	-5445.88	0.00	371.83
413.00	-5311.57	0.00	393.50
413.10	-5158.66	0.00	413.61
413.20	-4986.03	0.00	432.09
413.30	-4792.71	0.00	448.86
413.40	-4577.87	0.00	463.87
413.50	-4340.91	0.00	477.04
413.60	-4081.46	0.00	488.33
413.70	-3799.37	0.00	497.70
413.80	-3494.78	0.00	505.09
413.90	-3168.10	0.00	510.50
414.00	-2820.04	0.00	513.89
414.10	-2451.60	0.00	515.25
414.20	-2064.08	0.00	514.58
414.30	-1659.10	0.00	511.88
414.40	-1238.53	0.00	507.16
414.50	-804.56	0.00	500.44
414.60	-359.62	0.00	491.74
414.70	93.62	0.00	481.10
414.80	552.28	0.00	468.56
414.90	1013.27	0.00	454.18
415.00	1473.37	0.00	438.00
415.10	1929.22	0.00	420.09
415.20	2377.40	0.00	400.52
415.30	2814.42	0.00	379.38
415.40	3236.81	0.00	356.73
415.50	3641.14	0.00	332.68
415.60	4024.04	0.00	307.32
415.70	4382.27	0.00	280.74
415.80	4712.77	0.00	253.06
415.90	5012.65	0.00	224.37
416.00	5279.28	0.00	194.80
416.10	5510.28	0.00	164.47
416.20	5703.60	0.00	133.48
416.30	5857.47	0.00	101.96
416.40	5970.52	0.00	70.05
416.50	6041.70	0.00	37.86
416.60	6070.36	0.00	5.51
416.70	6069.22	0.00	-26.85
416.80	6062.32	0.00	-59.11
416.90	6049.94	0.00	-91.13
417.00	6031.63	0.00	-122.80
417.10	6006.73	0.00	-153.98
417.20	5974.43	0.00	-184.55
417.30	5933.75	0.00	-214.40
417.40	5883.59	0.00	-243.39
417.50	5822.73	0.00	-271.43
417.60	5749.88	0.00	-298.40
417.70	5663.70	0.00	-324.19
417.80	5562.82	0.00	-348.70
417.90	5445.88	0.00	-371.83
418.00	5311.57	0.00	-393.50
418.10	5158.66	0.00	-413.61
418.20	4986.03	0.00	-432.09
418.30	4792.71	0.00	-448.86
418.40	4577.87	0.00	-463.87
418.50	4340.91	0.00	-477.04
418.60	4081.46	0.00	-488.33
418.70	3799.37	0.00	-497.70
418.80	3494.78	0.00	-505.09
418.90	3168.10	0.00	-510.50
419.00	2820.04	0.00	-513.89
419.10	2451.60	0.00	-515.25
419.20	2064.08	0.00	-514.58
419.30	1659.10	0.00	-511.88
419.40	1238.53	0.00	-507.16
419.50	804.56	0.00	-500.44
419.60	359.62	0.00	-491.74
419.70	-93.62	0.00	-481.10
419.80	-552.28	0.00	-468.56
419.90	-1013.27	0.00	-454.18
420.00	-1473.37	0.00	-438.00
420.10	-1929.22	0.00	-420.09
420.20	-2377.40	0.00	-400.52
420.30	-2814.42	0.00	-379.38
420.40	-3236.81	0.00	-356.73
420.50	-3641.14	0.00	-332.68
420.60	-4024.04	0.00	-307.32
420.70	-4382.27	0.00	-280.74
420.80	-4712.77	0.00	-253.06
420.90	-5012.65	0.00	-224.37
421.00	-5279.28	0.00	-194.80
421.10	-5510.28	0.00	-164.47
421.20	-5703.60	0.00	-133.48
421.30	-5857.47	0.00	-101.96
421.40	-5970.52	0.00	-70.05
421.50	-6041.70	0.00	-37.86
421.60	-6070.36	0.00	-5.51
421.70	-6069.22	0.00	26.85
421.80	-6062.32	0.00	59.11
421.90	-6049.94	0.00	91.13
422.00	-6031.63	0.00	122.80
422.10	-6006.73	0.00	153.98
422.20	-5974.43	0.00	184.55
422.30	-5933.75	0.00	214.40
422.40	-5883.59	0.00	243.39
422.50	-5822.73	0.00	271.43
422.60	-5749.88	0.00	298.40
422.70	-5663.70	0.00	324.19
422.80	-5562.82	0.00	348.70
422.90	-5445.88	0.00	371.83
423.00	-5311.57	0.00	393.50
423.10	-5158.66	0.00	413.61
423.20	-4986.03	0.00	432.09
423.30	-4792.71	0.00	448.86
423.40	-4577.87	0.00	463.87
423.50	-4340.91	0.00	477.04
423.60	-4081.46	0.00	488.33
423.70	-3799.37	0.00	497.70
423.80	-3494.78	0.00	505.09
423.90	-3168.10	0.00	510.50
424.00	-2820.04	0.00	513.89
424.10	-2451.60	0.00	515.25
424.20	-2064.08	0.00	514.58
424.30	-1659.10	0.00	511.88
424.40	-1238.53	0.00	507.16
424.50	-804.56	0.00	500.44
424.60	-359.62	0.00	491.74
424.70	93.62	0.00	481.10
424.80	552.28	0.00	468.56
424.90	1013.27	0.00	454.18
425.00	1473.37	0.00	438.00
425.10	1929.22	0.00	420.09
425.20	2377.40	0.00	400.52
425.30	2814.42	0.00	379.38
425.40	3236.81	0.00	356.73
425.50	3641.14	0.00	332.68
425.60	4024.04	0.00	307.32
425.70	4382.27	0.00	280.74
425.80	4712.77	0.00	253.06
425.90	5012.65	0.00	224.37
426.00	5279.28	0.00	194.80
426.10	5510.28	0.00	164.47
426.20	5703.60	0.00	133.48
426.30	5857.47	0.00	101.96
426.40	5970.52	0.00	70.05
426.50	6041.70	0.00	37.86
426.60	6070.36	0.00	5.51
426.70	6069.22	0.00	-26.85
426.80	6062.32	0.00	-59.11
426.90	6049.94	0.00	-91.13
427.00	6031.63	0.00	-122.80
427.10	6006.73	0.00	-153.98
427.20	5974.43	0.00	-184.55
427.30	5933.75	0.00	-214.40
427.40	5883.59	0.00	-243.39
427.50	5822.73	0.00	-271.43
427.60	5749.88	0.00	-298.40
427.70	5663.70	0.00	-324.19
427.80	5562.82	0.00	-348.70
427.90	5445.88	0.00	-371.83
428.00	5311.57	0.00	-393.50
428.10	5158.66	0.00	-413.61
428.20	4986.03	0.00	-432.09
428.30	4792.71	0.00	-448.86
428.40	4577.87	0.00	-463.87
428.50	4340.91	0.00	-477.04
428.60	4081.46	0.00	-488.33
428.70	3799.37	0.00	-497.70
428.80	3494.78	0.00	-505.09
428.90	3168.10	0.00	-510.50
429.00	2820.04	0.00	-513.89
429.10	2451.60	0.00	-515.25
429.20	2064.08	0.00	-514.58
429.30	1659.10	0.00	-511.88
429.40	1238.53	0.00	-507.16
429.50	804.56	0.00	-500.44
429.60	359.62	0.00	-491.74
429.70	-93.62	0.00	-481.10
429.80	-552.28	0.00	-468.56
429.90	-1013.27	0.00	-454.18
430.00	-1473.37	0.00	-438.00
430.10	-1929.22	0.00	-420.09
430.20	-2377.40	0.00	-400.52
430.30	-2814.42	0.00	-379.38
430.40	-3236.81	0.00	-356.73
430.50	-3641.14	0.00	-332.68
430.60	-4024.04	0.00	-307.32
430.70	-4382.27	0.00	-280.74
430.80	-4712.77	0.00	-253.06
430.90	-5012.65	0.00	-224.37
431.00	-5279.28	0.00	-194.80
431.10	-5510.28	0.00	-164.47
431.20	-5703.60	0.00	-133.48
431.30	-5857.47	0.00	-101.96
431.40	-5970.52	0.00	-70.05
431.50	-6041.70	0.00	-37.86
431.60	-6070.36	0.00	-5.51
431.70	-6069.22	0.00	26.85
431.80	-6062.32	0.00	59.11
431.90	-6049.94	0.00	91.13
432.00	-6031.63	0.00	122.80
432.10	-6006.73	0.00	153.98
432.20	-5974.43	0.00	184.55
432.30	-5933.75	0.00	214.40
432.40	-5883.59	0.00	243.39
432.50	-5822.73	0.00	271.43
432.60	-5749.88	0.00	298.40
432.70	-5663.70	0.00	324.19
432.80	-5562.82	0.00	348.70
432.90	-5445.88	0.00	371.83
433.00	-5311.57	0.00	393.50
433.10	-5158.66	0.00	413.61
433.20	-4986.03	0.00	432.09
433.30	-4792.71	0.00	448.86
433.40	-4577.87	0.00	463.87
433.50	-4340.91	0.00	477.04
433.60	-4081.46	0.00	488.33
433.70	-3799.37	0.00	497.70
433.80	-3494.78	0.00	505.09
433.90	-3168.10	0.00	510.50
434.00	-2820.04	0.00	513.89
434.10	-2451.60	0.00	515.25
434.20	-2064.08	0.00	514.58
434.30	-1659.10	0.00	511.88
434.40	-1238.53	0.00	507.16
434.50	-804.56	0.00	500.44
434.60	-359.62	0.00	491.74
434.70	93.62	0.00	481.10
434.80	552.28	0.00	468.56
434.90	1013.27	0.00	454.18
435.00	1473.37	0.00	438.00
435.10	1929.22	0.00	420.09
435.20	2377.40	0.00	400.52
435.30	2814.42	0.00	379.38
435.40	3236.81	0.00	356.73
435.50	3641.14	0.00	332.68
435.60	4024.04	0.00	307.32
435.70	4382.27	0.00	280.74
435.80	4712.77	0.00	253.06
435.90	5012.65	0.00	224.37
436.00	5279.28	0.00	194.80
436.10	5510.28	0.00	164.47
436.20	5703.60	0.00	133.48
436.30	5857.47	0.00	101.96
436.40	5970.52	0.00	70.05
436.50	6041.70	0.00	37.86
436.60	6070.36	0.00	5.51
436.70	6069.22	0.00	-26.85
436.80	6062.32	0.00	-59.11
436.90	6049.94	0.00	-91.13
437.00	6031.63	0.00	-122.80
437.10	6006.73	0.00	-153.98
437.20	5974.43	0.00	-184.55
437.30	5933.75	0.00	-214.40
437.40	5883.59	0.00	-243.39
437.50	5822.73	0.00	-271.43
437.60	5749.88	0.00	-298.40
437.70	5663.70	0.00	-324.19
437.80	5562.82	0.00	-348.70
437.90	5445.88	0.00	-371.83
438.00	5311.57	0.00	-393.50
438.10	5158.66	0.00	-413.61
438.20	4986.03	0.00	-432.09
438.30	4792.71	0.00	-448.86
438.40	4577.87	0.00	-463.87
438.50	4340.91	0.00	-477.04
438.60	4081.46	0.00	-488.33
438.70	3799.37	0.00	-497.70
438.80	3494.78	0.00	-505.09
438.90	3168.10	0.00	-510.50
439.00	2820.04	0.00	-513.89
439.10	2451.60	0.00	-515.25
439.20	2064.08	0.00	-514.58
439.30	1659.10	0.00	-511.88
439.40	1238.53	0.00	-507.16
439.50	804.56	0.00	-500.44
439.60	359.62	0.00	-491.74
439.70	-93.62	0.00	-481.10
439.80	-552.28	0.00	-468.56
439.90	-1013.27	0.00	-454.18
440.00	-1473.37	0.00	-438.00
440.10	-1929.22	0.00	-420.09
440.20	-2377.40	0.00	-400.52
440.30	-2814.42	0.00	-379.38
440.40	-3236.81	0.00	-356.73
440.50	-3641.14	0.00	-332.68
440.60	-4024.04	0.00	-307.32
440.70	-4382.27	0.00	-280.74
440.80	-4712.77	0.00	-253.06
440.90	-5012.65	0.00	-224.37
441.00	-5279.28	0.00	-194.80
441.10	-5510.28	0.00	-164.47
441.20	-5703.60	0.00	-133.48
441.30	-5857.47	0.00	-101.96
441.40	-5970.52	0.00	-70.05
441.50	-6041.70	0.00	-37.86
441.60	-6070.36	0.00	-5.51
441.70	-6069.22	0.00	26.85
441.80	-6062.32	0.00	59.11
441.90	-6049.94	0.00	91.13
442.00	-6031.63	0.00	122.80
442.10	-6006.73	0.00	153.98
442.20	-5974.43	0.00	184.55
442.30	-5933.75	0.00	214.40
442.40	-5883.59	0.00	243.39
442.50	-5822.73	0.00	271.43
442.60	-5749.88	0.00	298.40
442.70	-5663.70	0.00	324.19
442.80	-5562.82	0.00	348.70
442.90	-5445.88	0.00	371.83
443.00	-5311.57	0.00	393.50
443.10	-5158.66	0.00	413.61
443.20	-4986.03	0.00	432.09
443.30	-4792.71	0.00	448.86
443.40	-4577.87	0.00	463.87
443.50	-4340.91	0.00	477.04
443.60	-4081.46	0.00	488.33
443.70	-3799.37	0.00	497.70
443.80	-3494.78	0.00	505.09
443.90	-3168.10	0.00	510.50
444.00	-2820.04	0.00	513.89
444.10	-2451.60	0.00	515.25
444.20	-2064.08	0.00	514.58
444.30	-1659.10	0.00	511.88
444.40	-1238.53	0.00	507.16
444.50	-804.56	0.00	500.44
444.60	-359.62	0.00	491.74
444.70	93.62	0.00	481.10
444.80	552.28	0.00	468.56
444.90	1013.27	0.00	454.18
445.00	1473.37	0.00	438.00
445.10	1929.22	0.00	420.09
445.20	2377.40	0.00	400.52
445.30	2814.42	0.00	379.38
445.40	3236.81	0.00	356.73
445.50	3641.14	0.00	332.68
445.60	4024.04	0.00	307.32
445.70	4382.27	0.00	280.74
445.80	4712.77	0.00	253.06
445.90	5012.65	0.00	224.37
446.00	5279.28	0.00	194.80
446.10	5510.28	0.00	164.47
446.20	5703.60	0.00	133.48
446.30	5857.47	0.00	101.96
446.40	5970.52	0.00	70.05
446.50	6041.70	0.00	37.86
446.60	6070.36	0.00	5.51
446.70	6069.22	0.00	-26.85
446.80	6062.32	0.00	-59.11
446.90	6049.94	0.00	-91.13
447.00	6031.63	0.00	-122.80
447.10	6006.73	0.00	-153.98
447.20	5974.43	0.00	-184.55
447.30	5933.75	0.00	-214.40
447.40	5883.59	0.00	-243.39
447.50	5822.73	0.00	-271.43
447.60	5749.88	0.00	-298.40
447.70	5663.70	0.00	-324.19
447.80	5562.82	0.00	-348.70
447.90	5445.88	0.00	-371.83
448.00	5311.57	0.00	-393.50
448.10	5158.66	0.00	-413.61
448.20	4986.03	0.00	-432.09
448.30	4792.71	0.00	-448.86
448.40	4577.87	0.00	-463.87
448.50	4340.91	0.00	-477.04
448.60	4081.46	0.00	-488.33
448.70	3799.37	0.00	-497.70
448.80	3494.78	0.00	-505.09
448.90	3168.10	0.00	-510.50
449.00	2820.04	0.00	-513.89
449.10	2451.60	0.00	-515.25
449.20	2064.08	0.00	-514.58
449.30	1659.10	0.00	-511.88
449.40	1238.53	0.00	-507.16
449.50	804.56	0.00	-500.44
449.60	359.62	0.00	-491.74
449.70	-93.62	0.00	-481.10
449.80	-552.28	0.00	-468.56
449.90	-1013.27	0.00	-454.18
450.00	-1473.37	0.00	-438.00
450.10	-1929.22	0.00	-420.09
450.20	-2377.40	0.00	-400.52
450.30	-2814.42	0.00	-379.38
450.40	-3236.81	0.00	-356.73
450.50	-3641.14	0.00	-332.68
450.60	-4024.04	0.00	-307.32
450.70	-4382.27	0.00	-280.74
450.80	-4712.77	0.00	-253.06
450.90	-5012.65	0.00	-224.37
451.00	-5279.28	0.00	-194.80
451.10	-5510.28	0.00	-164.47
451.20	-5703.60	0.00	-133.48
451.30	-5857.47	0.00	-101.96
451.40	-5970.52	0.00	-70.05
451.50	-6041.70	0.00	-37.86
451.60	-6070.36	0.00	-5.51
451.70	-6069.22	0.00	26.85
451.80	-6062.32	0.00	59.11
451.90	-6049.94	0.00	91.13
452.00	-6031.63	0.00	122.80
452.10	-6006.73	0.00	153.98
452.20	-5974.43	0.00	184.55
452.30	-5933.75	0.00	214.40
452.40	-5883.59	0.00	243.39
452.50	-5822.73	0.00	271.43
452.60	-5749.88	0.00	298.40
452.70	-5663.70	0.00	324.19
452.80	-5562.82	0.00	348.70
452.90	-5445.88	0.00	371.83
453.00	-5311.57	0.00	393.50
453.10	-5158.66	0.00	413.61
453.20	-4986.03	0.00	432.09
453.30	-4792.71	0.00	448.86
453.40	-4577.87	0.00	463.87
453.50	-4340.91	0.00	477.04
453.60	-4081.46	0.00	488.33
453.70	-3799.37	0.00	497.70
453.80	-3494.78	0.00	505.09
453.90	-3168.10	0.00	510.50
454.00	-2820.04	0.00	513.89
454.10	-2451.60	0.00	515.25
454.20	-2064.08	0.00	514.58
454.30	-1659.10	0.00	511.88
454.40	-1238.53	0.00	507.16
454.50	-804.56	0.00	500.44
454.60	-359.62	0.00	491.74
454.70	93.62	0.00	481.10
454.80	552.28	0.00	468.56
454.90	1013.27	0.00	454.18
455.00	1473.37	0.00	438.00
455.10	1929.22	0.00	420.09
455.20	2377.40	0.00	400.52
455.30	2814.42	0.00	379.38
455.40	3236.81	0.00	356.73
455.50	3641.14	0.00	332.68
455.60	4024.04	0.00	307.32
455.70	4382.27	0.00	280.74
455.80	4712.77	0.00	253.06
455.90	5012.65	0.00	224.37
456.00	5279.28	0.00	194.80
456.10	5510.28	0.00	164.47
456.20	5703.60	0.00	133.48
456.30	5857.47	0.00	101.96
456.40	5970.52	0.00	70.05
456.50	6041.70	0.00	37.86
456.60	6070.36	0.00	5.51
456.70	6069.22	0.00	-26.85
456.80	6062.32	0.00	-59.11
456.90	6049.94	0.00	-91.13
457.00	6031.63	0.00	-122.80
457.10	6006.73	0.00	-153.98
457.20	5974.43	0.00	-184.55
457.30	5933.75	0.00	-214.40
457.40	5883.59	0.00	-243.39
457.50	5822.73	0.00	-271.43
457.60	5749.88	0.00	-298.40
457.70	5663.70	0.00	-324.19
457.80	5562.82	0.00	-348.70
457.90	5445.88	0.00	-371.83
458.00	5311.57	0.00	-393.50
458.10	5158.66	0.00	-413.61
458.20	4986.03	0.00	-432.09
458.30	4792.71	0.00	-448.86
458.40	4577.87	0.00	-463.87
458.50	4340.91	0.00	-477.04
458.60	4081.46	0.00	-488.33
458.70	3799.37	0.00	-497.70
458.80	3494.78	0.00	-505.09
458.90	3168.10	0.00	-510.50
459.00	2820.04	0.00	-513.89
459.10	2451.60	0.00	-515.25
459.20	2064.08	0.00	-514.58
459.30	1659.10	0.00	-511.88
459.40	1238.53	0.00	-507.16
459.50	804.56	0.00	-500.44
459.60	359.62	0.00	-491.74
459.70	-93.62	0.00	-481.10
459.80	-552.28	0.00	-468.56
459.90	-1013.27	0.00	-454.18
460.00	-1473.37	0.00	-438.00
460.10	-1929.22	0.00	-420.09
460.20	-2377.40	0.00	-400.52
460.30	-2814.42	0.00	-379.38
460.40	-3236.81	0.00	-356.73
460.50	-3641.14	0.00	-332.68
460.60	-4024.04	0.00	-307.32
460.70	-4382.27	0.00	-280.74
460.80	-4712.77	0.00	-253.06
460.90	-5012.65	0.00	-224.37
461.00	-5279.28	0.00	-194.80
461.10	-5510.28	0.00	-164.47
461.20	-5703.60	0.00	-133.48
461.30	-5857.47	0.00	-101.96
461.40	-5970.52	0.00	-70.05
461.50	-6041.70	0.00	-37.86
461.60	-6070.36	0.00	-5.51
461.70	-6069.22	0.00	26.85
461.80	-6062.32	0.00	59.11
461.90	-6049.94	0.00	91.13
462.00	-6031.63	0.00	122.80
462.10	-6006.73	0.00	153.98
462.20	-5974.43	0.00	184.55
462.30	-5933.75	0.00	214.40
462.40	-5883.59	0.00	243.39
462.50	-5822.73	0.00	271.43
462.60	-5749.88	0.00	298.40
462.70	-5663.70	0.00	324.19
462.80	-5562.82	0.00	348.70
462.90	-5445.88	0.00	371.83
463.00	-5311.57	0.00	393.50
463.10	-5158.66	0.00	413.61
463.20	-4986.03	0.00	432.09
463.30	-4792.71	0.00	448.86
463.40	-4577.87	0.00	463.87
463.50	-4340.91	0.00	477.04
463.60	-4081.46	0.00	488.33
463.70	-3799.37	0.00	497.70
463.80	-3494.78	0.00	505.09
463.90	-3168.10	0.00	510.50
464.00	-2820.04	0.00	513.89
464.10	-2451.60	0.00	515.25
464.20	-2064.08	0.00	514.58
464.30	-1659.10	0.00	511.88
464.40	-1238.53	0.00	507.16
464.50	-804.56	0.00	500.44
464.60	-359.62	0.00	491.74
464.70	93.62	0.00	481.10
464.80	552.28	0.00	468.56
464.90	1013.27	0.00	454.18
465.00	1473.37	0.00	438.00
465.10	1929.22	0.00	420.09
465.20	2377.40	0.00	400.52
465.30	2814.42	0.00	379.38
465.40	3236.81	0.00	356.73
465.50	3641.14	0.00	332.68
465.60	4024.04	0.00	307.32
465.70	4382.27	0.00	280.74
465.80	4712.77	0.00	253.06
465.90	5012.65	0.00	224.37
466.00	5279.28	0.00	194.80
466.10	5510.28	0.00	164.47
466.20	5703.60	0.00	133.48
466.30	5857.47	0.00	101.96
466.40	5970.52	0.00	70.05
466.50	6041.70	0.00	37.86
466.60	6070.36	0.00	5.51
466.70	6069.22	0.00	-26.85
466.80	6062.32	0.00	-59.11
466.90	6049.94	0.00	-91.13
467.00	6031.63	0.00	-122.80
467.10	6006.73	0.00	-153.98
467.20	5974.43	0.00	-184.55
467.30	5933.75	0.00	-214.40
467.40	5883.59	0.00	-243.39
467.50	5822.73	0.00	-271.43
467.60	5749.88	0.00	-298.40
467.70	5663.70	0.00	-324.19
467.80	5562.82	0.00	-348.70
467.90	5445.88	0.00	-371.83
468.00	5311.57	0.00	-393.50
468.10	5158.66	0.00	-413.61
468.20	4986.03	0.00	-432.09
468.30	4792.71	0.00	-448.86
468.40	4577.87	0.00	-463.87
468.50	4340.91	0.00	-477.04
468.60	4081.46	0.00	-488.33
468.70	3799.37	0.00	-497.70
468.80	3494.78	0.00	-505.09
468.90	3168.10	0.00	-510.50
469.00	2820.04	0.00	-513.89
469.10	2451.60	0.00	-515.25
469.20	2064.08	0.00	-514.58
469.30	1659.10	0.00	-511.88
469.40	1238.53	0.00	-507.16
469.50	804.56	0.00	-500.44
469.60	359.62	0.00	-491.74
469.70	-93.62	0.00	-481.10
469.80	-552.28	0.00	-468.56
469.90	-1013.27	0.00	-454.18
470.00	-1473.37	0.00	-438.00
470.10	-1929.22	0.00	-420.09
470.20	-2377.40	0.00	-400.52
470.30	-2814.42	0.00	-379.38
470.40	-3236.81	0.00	-356.73
470.50	-3641.14	0.00	-332.68
470.60	-4024.04	0.00	-307.32
470.70	-4382.27	0.00	-280.74
470.80	-4712.77	0.00	-253.06
470.90	-5012.65	0.00	-224.37
471.00	-5279.28	0.00	-194.80
471.10	-5510.28	0.00	-164.47
471.20	-5703.60	0.00	-133.48
471.30	-5857.47	0.00	-101.96
471.40	-5970.52	0.00	-70.05
471.50	-6041.70	0.00	-37.86
471.60	-6070.36	0.00	-5.51
471.70	-6069.22	0.00	26.85
471.80	-6062.32	0.00	59.11
471.90	-6049.94	0.00	91.13
472.00	-6031.63	0.00	122.80
472.10	-6006.73	0.00	153.98
472.20	-5974.43	0.00	184.55
472.30	-5933.75	0.00	214.40
472.40	-5883.59	0.00	243.39
472.50	-5822.73	0.00	271.43
472.60	-5749.88	0.00	298.40
472.70	-5663.70	0.00	324.19
472.80	-5562.82	0.00	348.70
472.90	-5445.88	0.00	371.83
473.00	-5311.57	0.00	393.50
473.10	-5158.66	0.00	413.61
473.20	-4986.03	0.00	432.09
473.30	-4792.71	0.00	448.86
473.40	-4577.87	0.00	463.87
473.50	-4340.91	0.00	477.04
473.60	-4081.46	0.00	488.33
473.70	-3799.37	0.00	497.70
473.80	-3494.78	0.00	505.09
473.90	-3168.10	0.00	510.50
474.00	-2820.04	0.00	513.89
474.10	-2451.60	0.00	515.25
474.20	-2064.08	0.00	514.58
474.30	-1659.10	0.00	511.88
474.40	-1238.53	0.00	507.16
474.50	-804.56	0.00	500.44
474.60	-359.62	0.00	491.74
474.70	93.62	0.00	481.10
474.80	552.28	0.00	468.56
474.90	1013.27	0.00	454.18
475.00	1473.37	0.00	438.00
475.10	1929.22	0.00	420.09
475.20	2377.40	0.00	400.52
475.30	2814.42	0.00	379.38
475.40	3236.81	0.00	356.73
475.50	3641.14	0.00	332.68
475.60	4024.04	0.00	307.32
475.70	4382.27	0.00	280.74
475.80	4712.77	0.00	253.06
475.90	5012.65	0.00	224.37
476.00	5279.28	0.00	194.80
476.10	5510.28	0.00	164.47
476.20	5703.60	0.00	133.48
476.30	5857.47	0.00	101.96
476.40	5970.52	0.00	70.05
476.50	6041.70	0.00	37.86
476.60	6070.36	0.00	5.51
476.70	6069.22	0.00	-26.85
476.80	6062.32	0.00	-59.11
476.90	6049.94	0.00	-91.13
477.00	6031.63	0.00	-122.80
477.10	6006.73	0.00	-153.98
477.20	5974.43	0.00	-184.55
477.30	5933.75	0.00	-214.40
477.40	5883.59	0.00	-243.39
477.50	5822.73	0.00	-271.43
477.60	5749.88	0.00	-298.40
477.70	5663.70	0.00	-324.19
477.80	5562.82	0.00	-348.70
477.90	5445.88	0.00	-371.83
478.00	5311.57	0.00	-393.50
478.10	5158.66	0.00	-413.61
478.20	4986.03	0.00	-432.09
478.30	4792.71	0.00	-448.86
478.40	4577.87	0.00	-463.87
478.50	4340.91	0.00	-477.04
478.60	4081.46	0.00	-488.33
478.70	3799.37	0.00	-497.70
478.80	3494.78	0.00	-505.09
478.90	3168.10	0.00	-510.50
479.00	2820.04	0.00	-513.89
479.10	2451.60	0.00	-515.25
479.20	2064.08	0.00	-514.58
479.30	1659.10	0.00	-511.88
479.40	1238.53	0.00	-507.16
479.50	804.56	0.00	-500.44
479.60	359.62	0.00	-491.74
479.70	-93.62	0.00	-481.10
479.80	-552.28	0.00	-468.56
479.90	-1013.27	0.00	-454.18
480.00	-1473.37	0.00	-438.00
480.10	-1929.22	0.00	-420.09
480.20	-2377.40	0.00	-400.52
480.30	-2814.42	0.00	-379.38
480.40	-3236.81	0.00	-356.73
480.50	-3641.14	0.00	-332.68
480.60	-4024.04	0.00	-307.32
480.70	-4382.27	0.00	-280.74
480.80	-4712.77	0.00	-253.06
480.90	-5012.65	0.00	-224.37
481.00	-5279.28	0.00	-194.80
481.10	-5510.28	0.00	-164.47
481.20	-5703.60	0.00	-133.48
481.30	-5857.47	0.00	-101.96
481.40	-5970.52	0.00	-70.05
481.50	-6041.70	0.00	-37.86
481.60	-6070.36	0.00	-5.51
481.70	-6069.22	0.00	26.85
481.80	-6062.32	0.00	59.11
481.90	-6049.94	0.00	91.13
482.00	-6031.63	0.00	122.80
482.10	-6006.73	0.00	153.98
482.20	-5974.43	0.00	184.55
482.30	-5933.75	0.00	214.40
482.40	-5883.59	0.00	243.39
482.50	-5822.73	0.00	271.43
482.60	-5749.88	0.00	298.40
482.70	-5663.70	0.00	324.19
482.80	-5562.82	0.00	348.70
482.90	-5445.88	0.00	371.83
483.00	-5311.57	0.00	393.50
483.10	-5158.66	0.00	413.61
483.20	-4986.03	0.00	432.09
483.30	-4792.71	0.00	448.86
483.40	-4577.87	0.00	463.87
483.50	-4340.91	0.00	477.04
483.60	-4081.46	0.00	488.33
483.70	-3799.37	0.00	497.70
483.80	-3494.78	0.00	505.09
483.90	-3168.10	0.00	510.50
484.00	-2820.04	0.00	513.89
484.10	-2451.60	0.00	515.25
484.20	-2064.08	0.00	514.58
484.30	-1659.10	0.00	511.88
484.40	-1238.53	0.00	507.16
484.50	-804.56	0.00	500.44
484.60	-359.62	0.00	491.74
484.70	93.62	0.00	481.10
484.80	552.28	0.00	468.56
484.90	1013.27	0.00	454.18
485.00	1473.37	0.00	438.00
485.10	1929.22	0.00	420.09
485.20	2377.40	0.00	400.52
485.30	2814.42	0.00	379.38
485.40	3236.81	0.00	356.73
485.50	3641.14	0.00	332.68
485.60	4024.04	0.00	307.32
485.70	4382.27	0.00	280.74
485.80	4712.77	0.00	253.06
485.90	5012.65	0.00	224.37
486.00	5279.28	0.00	194.80
486.10	5510.28	0.00	164.47
486.20	5703.60	0.00	133.48
486.30	5857.47	0.00	101.96
486.40	5970.52	0.00	70.05
486.50	6041.70	0.00	37.86
486.60	6070.36	0.00	5.51
486.70	6069.22	0.00	-26.85
486.80	6062.32	0.00	-59.11
486.90	6049.94	0.00	-91.13
487.00	6031.63	0.00	-122.80
487.10	6006.73	0.00	-153.98
487.20	5974.43	0.00	-184.55
487.30	5933.75	0.00	-214.40
487.40	5883.59	0.00	-243.39
487.50	5822.73	0.00	-271.43
487.60	5749.88	0.00	-298.40
487.70	5663.70	0.00	-324.19
487.80	5562.82	0.00	-348.70
487.90	5445.88	0.00	-371.83
488.00	5311.57	0.00	-393.50
488.10	5158.66	0.00	-413.61
488.20	4986.03	0.00	-432.09
488.30	4792.71	0.00	-448.86
488.40	4577.87	0.00	-463.87
488.50	4340.91	0.00	-477.04
488.60	4081.46	0.00	-488.33
488.70	3799.37	0.00	-497.70
488.80	3494.78	0.00	-505.09
488.90	3168.10	0.00	-510.50
489.00	2820.04	0.00	-513.89
489.10	2451.60	0.00	-515.25
489.20	2064.08	0.00	-514.58
489.30	1659.10	0.00	-511.88
489.40	1238.53	0.00	-507.16
489.50	804.56	0.00	-500.44
489.60	359.62	0.00	-491.74
489.70	-93.62	0.00	-481.10
489.80	-552.28	0.00	-468.56
489.90	-1013.27	0.00	-454.18
490.00	-1473.37	0.00	-438.00
490.10	-1929.22	0.00	-420.09
490.20	-2377.40	0.00	-400.52
490.30	-2814.42	0.00	-379.38
490.40	-3236.81	0.00	-356.73
490.50	-3641.14	0.00	-332.68
490.60	-4024.04	0.00	-307.32
490.70	-4382.27	0.00	-280.74
490.80	-4712.77	0.00	-253.06
490.90	-5012.65	0.00	-224.37
491.00	-5279.28	0.00	-194.80
491.10	-5510.28	0.00	-164.47
491.20	-5703.60	0.00	-133.48
491.30	-5857.47	0.00	-101.96
491.40	-5970.52	0.00	-70.05
491.50	-6041.70	0.00	-37.86
491.60	-6070.36	0.00	-5.51
491.70	-6069.22	0.00	26.85
491.80	-6062.32	0.00	59.11
491.90	-6049.94	0.00	91.13
492.00	-6031.63	0.00	122.80
492.10	-6006.73	0.00	153.98
492.20	-5974.43	0.00	184.55
492.30	-5933.75	0.00	214.40
492.40	-5883.59	0.00	243.39
492.50	-5822.73	0.00	271.43
492.60	-5749.88	0.00	298.40
492.70	-5663.70	0.00	324.19
492.80	-5562.82	0.00	348.70
492.90	-5445.88	0.00	371.83
493.00	-5311.57	0.00	393.50
493.10	-5158.66	0.00	413.61
493.20	-4986.03	0.00	432.09
493.30	-4792.71	0.00	448.86
493.40	-4577.87	0.00	463.87
493.50	-4340.91	0.00	477.04
493.60	-4081.46	0.00	488.33
493.70	-3799.37	0.00	497.70
493.80	-3494.78	0.00	505.09
493.90	-3168.10	0.00	510.50
494.00	-2820.04	0.00	513.89
494.10	-2451.60	0.00	515.25
494.20	-2064.08	0.00	514.58
494.30	-1659.10	0.00	511.88
494.40	-1238.53	0.00	507.16
494.50	-804.56	0.00	500.44
494.60	-359.62	0.00	491.74
494.70	93.62	0.00	481.10
494.80	552.28	0.00	468.56
494.90	1013.27	0.00	454.18
495.00	1473.37	0.00	438.00
495.10	1929.22	0.00	420.09
495.20	2377.40	0.00	400.52
495.30	2814.42	0.00	379.38
495.40	3236.81	0.00	356.73
495.50	3641.14	0.00	332.68
495.60	4024.04	0.00	307.32
495.70	4382.27	0.00	280.74
495.80	4712.77	0.00	253.06
495.90	5012.65	0.00	224.37
496.00	5279.28	0.00	194.80
496.10	5510.28	0.00	164.47
496.20	5703.60	0.00	133.48
496.30	5857.47	0.00	101.96
496.40	5970.52	0.00	70.05
496.50	6041.70	0.00	37.86
496.60	6070.36	0.00	5.51
496.70	6069.22	0.00	-26.85
496.80	6062.32	0.00	-59.11
496.90	6049.94	0.00	-91.13
497.00	6031.63	0.00	-122.80
497.10	6006.73	0.00	-153.98
497.20	5974.43	0.00	-184.55
497.30	5933.75	0.00	-214.40
497.40	5883.59	0.00	-243.39
497.50	5822.73	0.00	-271.43
497.60	5749.88	0.00	-298.40
497.70	5663.70	0.00	-324.19
497.80	5562.82	0.00	-348.70
497.90	5445.88	0.00	-371.83
498.00	5311.57	0.00	-393.50
498.10	5158.66	0.00	-413.61
498.20	4986.03	0.00	-432.09
498.30	4792.71	0.00	-448.86
498.40	4577.87	0.00	-463.87
498.50	4340.91	0.00	-477.04
498.60	4081.46	0.00	-488.33
498.70	3799.37	0.00	-497.70
498.80	3494.78	0.00	-505.09
498.90	3168.10	0.00	-510.50
499.00	2820.04	0.00	-513.89
499.10	2451.60	0.00	-515.25
499.20	2064.08	0.00	-514.58
499.30	1659.10	0.00	-511.88
499.40	1238.53	0.00	-507.16
499.50	804.56	0.00	-500.44
499.60	359.62	0.00	-491.74
499.70	-93.62	0.00	-481.10
499.80	-552.28	0.00	-468.56
499.90	-1013.27	0.00	-454.18
500.00	-1473.37	0.00	-438.00
500.10	-1929.22	0.00	-420.09
500.20	-2377.40	0.00	-400.52
500.30	-2814.42	0.00	-379.38
500.40	-3236.81	0.00	-356.73
500.50	-3641.14	0.00	-332.68
500.60	-4024.04	0.00	-307.32
500.70	-4382.27	0.00	-280.74
500.80	-4712.77	0.00	-253.06
500.90	-5012.65	0.00	-224.37
501.00	-5279.28	0.00	-194.80
501.10	-5510.28	0.00	-164.47
501.20	-5703.60	0.00	-133.48
501.30	-5857.47	0.00	-101.96
501.40	-5970.52	0.00	-70.05
501.50	-6041.70	0.00	-37.86
501.60	-6070.36	0.00	-5.51
501.70	-6069.22	0.00	26.85
501.80	-6062.32	0.00	59.11
501.90	-6049.94	0.00	91.13
502.00	-6031.63	0.00	122.80
502.10	-6006.73	0.00	153.98
502.20	-5974.43	0.00	184.55
502.30	-5933.75	0.00	214.40
502.40	-5883.59	0.00	243.39
502.50	-5822.73	0.00	271.43
502.60	-5749.88	0.00	298.40
502.70	-5663.70	0.00	324.19
502.80	-5562.82	0.00	348.70
502.90	-5445.88	0.00	371.83
503.00	-5311.57	0.00	393.50
503.10	-5158.66	0.00	413.61
503.20	-4986.03	0.00	432.09
503.30	-4792.71	0.00	448.86
503.40	-4577.87	0.00	463.87
503.50	-4340.91	0.00	477.04
503.60	-4081.46	0.00	488.33
503.70	-3799.37	0.00	497.70
503.80	-3494.78	0.00	505.09
503.90	-3168.10	0.00	510.50
504.00	-2820.04	0.00	513.89
504.10	-2451.60	0.00	515.25
504.20	-2064.08	0.00	514.58
504.30	-1659.10	0.00	511.88
504.40	-1238.53	0.00	507.16
504.50	-804.56	0.00	500.44
504.60	-359.62	0.00	491.74
504.70	93.62	0.00	481.10
504.80	552.28	0.00	468.56
504.90	1013.27	0.00	454.18
505.00	1473.37	0.00	438.00
505.10	1929.22	0.00	420.09
505.20	2377.40	0.00	400.52
505.30	2814.42	0.00	379.38
505.40	3236.81	0.00	356.73
505.50	3641.14	0.00	332.68
505.60	4024.04	0.00	307.32
505.70	4382.27	0.00	280.74
505.80	4712.77	0.00	253.06
505.90	5012.65	0.00	224.37
506.00	5279.28	0.00	194.80
506.10	5510.28	0.00	164.47
506.20	5703.60	0.00	133.48
506.30	5857.47	0.00	101.96
506.40	5970.52	0.00	70.05
506.50	6041.70	0.00	37.86
506.60	6070.36	0.00	5.51
506.70	6069.22	0.00	-26.85
506.80	6062.32	0.00	-59.11
506.90	6049.94	0.00	-91.13
507.00	6031.63	0.00	-122.80
507.10	6006.73	0.00	-153.98
507.20	5974.43	0.00	-184.55
507.30	5933.75	0.00	-214.40
507.40	5883.59	0.00	-243.39
507.50	5822.73	0.00	-271.43
507.60	5749.88	0.00	-298.40
507.70	5663.70	0.00	-324.19
507.80	5562.82	0.00	-348.70
507.90	5445.88	0.00	-371.83
508.00	5311.57	0.00	-393.50
508.10	5158.66	0.00	-413.61
508.20	4986.03	0.00	-432.09
508.30	4792.71	0.00	-448.86
508.40	4577.87	0.00	-463.87
508.50	4340.91	0.00	-477.04
508.60	4081.46	0.00	-488.33
508.70	3799.37	0.00	-497.70
508.80	3494.78	0.00	-505.09
508.90	3168.10	0.00	-510.50
509.00	2820.04	0.00	-513.89
509.10	2451.60	0.00	-515.25
509.20	2064.08	0.00	-514.58
509.30	1659.10	0.00	-511.88
509.40	1238.53	0.00	-507.16
509.50	804.56	0.00	-500.44
509.60	359.62	0.00	-491.74
509.70	-93.62	0.00	-481.10
509.80	-552.28	0.00	-468.56
509.90	-1013.27	0.00	-454.18
510.00	-1473.37	0.00	-438.00
510.10	-1929.22	0.00	-420.09
510.20	-2377.40	0.00	-400.52
510.30	-2814.42	0.00	-379.38
510.40	-3236.81	0.00	-356.73
510.50	-3641.14	0.00	-332.68
510.60	-4024.04	0.00	-307.32
510.70	-4382.27	0.00	-280.74
510.80	-4712.77	0.00	-253.06
510.90	-5012.65	0.00	-224.37
511.00	-5279.28	0.00	-194.80
511.10	-5510.28	0.00	-164.47
511.20	-5703.60	0.00	-133.48
511.30	-5857.47	0.00	-101.96
511.40	-5970.52	0.00	-70.05
511.50	-6041.70	0.00	-37.86
511.60	-6070.36	0.00	-5.51
511.70	-6069.22	0.00	26.85
511.80	-6062.32	0.00	59.11
511.90	-6049.94	0.00	91.13
512.00	-6031.63	0.00	122.80
512.10	-6006.73	0.00	153.98
512.20	-5974.43	0.00	184.55
512.30	-5933.75	0.00	214.40
512.40	-5883.59	0.00	243.39
512.50	-5822.73	0.00	271.43
512.60	-5749.88	0.00	298.40
512.70	-5663.70	0.00	324.19
512.80	-5562.82	0.00	348.70
512.90	-5445.88	0.00	371.83
513.00	-5311.57	0.00	393.50
513.10	-5158.66	0.00	413.61
513.20	-4986.03	0.00	432.09
513.30	-4792.71	0.00	448.86
513.40	-4577.87	0.00	463.87
513.50	-4340.91	0.00	477.04
513.60	-4081.46	0.00	488.33
513.70	-3799.37	0.00	497.70
513.80	-3494.78	0.00	505.09
513.90	-3168.10	0.00	510.50
514.00	-2820.04	0.00	513.89
514.10	-2451.60	0.00	515.25
514.20	-2064.08	0.00	514.58
514.30	-1659.10	0.00	511.88
514.40	-1238.53	0.00	507.16
514.50	-804.56	0.00	500.44
514.60	-359.62	0.00	491.74
514.70	93.62	0.00	481.10
514.80	552.28	0.00	468.56
514.90	1013.27	0.00	454.18
515.00	1473.37	0.00	438.00
515.10	1929.22	0.00	420.09
515.20	2377.40	0.00	400.52
515.30	2814.42	0.00	379.38
515.40	3236.81	0.00	356.73
515.50	3641.14	0.00	332.68
515.60	4024.04	0.00	307.32
515.70	4382.27	0.00	280.74
515.80	4712.77	0.00	253.06
515.90	5012.65	0.00	224.37
516.00	5279.28	0.00	194.80
516.10	5510.28	0.00	164.47
516.20	5703.60	0.00	133.48
516.30	5857.47	0.00	101.96
516.40	5970.52	0.00	70.05
516.50	6041.70	0.00	37.86
516.60	6070.36	0.00	5.51
516.70	6069.22	0.00	-26.85
516.80	6062.32	0.00	-59.11
516.90	6049.94	0.00	-91.13
517.00	6031.63	0.00	-122.80
517.10	6006.73	0.00	-153.98
517.20	5974.43	0.00	-184.55
517.30	5933.75	0.00	-214.40
517.40	5883.59	0.00	-243.39
517.50	5822.73	0.00	-271.43
517.60	5749.88	0.00	-298.40
517.70	5663.70	0.00	-324.19
517.80	5562.82	0.00	-348.70
517.90	5445.88	0.00	-371.83
518.00	5311.57	0.00	-393.50
518.10	5158.66	0.00	-413.61
518.20	4986.03	0.00	-432.09
518.30	4792.71	0.00	-448.86
518.40	4577.87	0.00	-463.87
518.50	4340.91	0.00	-477.04
518.60	4081.46	0.00	-488.33
518.70	3799.37	0.00	-497.70
518.80	3494.78	0.00	-505.09
518.90	3168.10	0.00	-510.50
519.00	2820.04	0.00	-513.89
519.10	2451.60	0.00	-515.25
519.20	2064.08	0.00	-514.58
519.30	1659.10	0.00	-511.88
519.40	1238.53	0.00	-507.16
519.50	804.56	0.00	-500.44
519.60	359.62	0.00	-491.74
519.70	-93.62	0.00	-481.10
519.80	-552.28	0.00	-468.56
519.90	-1013.27	0.00	-454.18
520.00	-1473.37	0.00	-438.00
520.10	-1929.22	0.00	-420.09
520.20	-2377.40	0.00	-400.52
520.30	-2814.42	0.00	-379.38
520.40	-3236.81	0.00	-356.73
520.50	-3641.14	0.00	-332.68
520.60	-4024.04	0.00	-307.32
520.70	-4382.27	0.00	-280.74
520.80	-4712.77	0.00	-253.06
520.90	-5012.65	0.00	-224.37
521.00	-5279.28	0.00	-194.80
521.10	-5510.28	0.00	-164.47
521.20	-5703.60	0.00	-133.48
521.30	-5857.47	0.00	-101.96
521.40	-5970.52	0.00	-70.05
521.50	-6041.70	0.00	-37.86
521.60	-6070.36	0.00	-5.51
521.70	-6069.22	0.00	26.85
521.80	-6062.32	0.00	59.11
521.90	-6049.94	0.00	91.13
522.00	-6031.63	0.00	122.80
522.10	-6006.73	0.00	153.98
522.20	-5974.43	0.00	184.55
522.30	-5933.75	0.00	214.40
522.40	-5883.59	0.00	243.39
522.50	-5822.73	0.00	271.43
522.60	-5749.88	0.00	298.40
522.70	-5663.70	0.00	324.19
522.80	-5562.82	0.00	348.70
522.90	-5445.88	0.00	371.83
523.00	-5311.57	0.00	393.50
523.10	-5158.66	0.00	413.61
523.20	-4986.03	0.00	432.09
523.30	-4792.71	0.00	448.86
523.40	-4577.87	0.00	463.87
523.50	-4340.91	0.00	477.04
523.60	-4081.46	0.00	488.33
523.70	-3799.37	0.00	497.70
523.80	-3494.78	0.00	505.09
523.90	-3168.10	0.00	510.50
524.00	-2820.04	0.00	513.89
524.10	-2451.60	0.00	515.25
524.20	-2064.08	0.00	514.58
524.30	-1659.10	0.00	511.88
524.40	-1238.53	0.00	507.16
524.50	-804.56	0.00	500.44
524.60	-359.62	0.00	491.74
524.70	93.62	0.00	481.10
524.80	552.28	0.00	468.56
524.90	1013.27	0.00	454.18
525.00	1473.37	0.00	438.00
525.10	1929.22	0.00	420.09
525.20	2377.40	0.00	400.52
525.30	2814.42	0.00	379.38
525.40	3236.81	0.00	356.73
525.50	3641.14	0.00	332.68
525.60	4024.04	0.00	307.32
525.70	4382.27	0.00	280.74
525.80	4712.77	0.00	253.06
525.90	5012.65	0.00	224.37
526.00	5279.28	0.00	194.80
526.10	5510.28	0.00	164.47
526.20	5703.60	0.00	133.48
526.30	5857.47	0.00	101.96
526.40	5970.52	0.00	70.05
526.50	6041.70	0.00	37.86
526.60	6070.36	0.00	5.51
526.70	6069.22	0.00	-26.85
526.80	6062.32	0.00	-59.11
526.90	6049.94	0.00	-91.13
527.00	6031.63	0.00	-122.80
527.10	6006.73	0.00	-153.98
527.20	5974.43	0.00	-184.55
527.30	5933.75	0.00	-214.40
527.40	5883.59	0.00	-243.39
527.50	5822.73	0.00	-271.43
527.60	5749.88	0.00	-298.40
527.70	5663.70	0.00	-324.19
527.80	5562.82	0.00	-348.70
527.90	5445.88	0.00	-371.83
528.00	5311.57	0.00	-393.50
528.10	5158.66	0.00	-413.61
528.20	4986.03	0.00	-432.09
528.30	4792.71	0.00	-448.86
528.40	4577.87	0.00	-463.87
528.50	4340.91	0.00	-477.04
528.60	4081.46	0.00	-488.33
528.70	3799.37	0.00	-497.70
528.80	3494.78	0.00	-505.09
528.90	3168.10	0.00	-510.50
529.00	2820.04	0.00	-513.89
529.10	2451.60	0.00	-515.25
529.20	2064.08	0.00	-514.58
529.30	1659.10	0.00	-511.88
529.40	1238.53	0.00	-507.16
529.50	804.56	0.00	-500.44
529.60	359.62	0.00	-491.74
529.70	-93.62	0.00	-481.10
529.80	-552.28	0.00	-468.56
529.90	-1013.27	0.00	-454.18
530.00	-1473.37	0.00	-438.00
530.10	-1929.22	0.00	-420.09
530.20	-2377.40	0.00	-400.52
530.30	-2814.42	0.00	-379.38
530.40	-3236.81	0.00	-356.73
530.50	-3641.14	0.00	-332.68
530.60	-4024.04	0.00	-307.32
530.70	-4382.27	0.00	-280.74
530.80	-4712.77	0.00	-253.06
530.90	-5012.65	0.00	-224.37
531.00	-5279.28	0.00	-194.80
531.10	-5510.28	0.00	-164.47
531.20	-5703.60	0.00	-133.48
531.30	-5857.47	0.00	-101.96
531.40	-5970.52	0.00	-70.05
531.50	-6041.70	0.00	-37.86
531.60	-6070.36	0.00	-5.51
531.70	-6069.22	0.00	26.85
531.80	-6062.32	0.00	59.11
531.90	-6049.94	0.00	91.13
532.00	-6031.63	0.00	122.80
532.10	-6006.73	0.00	153.98
532.20	-5974.43	0.00	184.55
532.30	-5933.75	0.00	214.40
532.40	-5883.59	0.00	243.39
532.50	-5822.73	0.00	271.43
532.60	-5749.88	0.00	298.40
532.70	-5663.70	0.00	324.19
532.80	-5562.82	0.00	348.70
532.90	-5445.88	0.00	371.83
533.00	-5311.57	0.00	393.50
533.10	-5158.66	0.00	413.61
533.20	-4986.03	0.00	432.09
533.30	-4792.71	0.00	448.86
533.40	-4577.87	0.00	463.87
533.50	-4340.91	0.00	477.04
533.60	-4081.46	0.00	488.33
533.70	-3799.37	0.00	497.70
533.80	-3494.78	0.00	505.09
533.90	-3168.10	0.00	510.50
534.00	-2820.04	0.00	513.89
534.10	-2451.60	0.00	515.25
534.20	-2064.08	0.00	514.58
534.30	-1659.10	0.00	511.88
534.40	-1238.53	0.00	507.16
534.50	-804.56	0.00	500.44
534.60	-359.62	0.00	491.74
534.70	93.62	0.00	481.10
534.80	552.28	0.00	468.56
534.90	1013.27	0.00	454.18
535.00	1473.37	0.00	438.00
535.10	1929.22	0.00	420.09
535.20	2377.40	0.00	400.52
535.30	2814.42	0.00	379.38
535.40	3236.81	0.00	356.73
535.50	3641.14	0.00	332.68
535.60	4024.04	0.00	307.32
535.70	4382.27	0.00	280.74
535.80	4712.77	0.00	253.06
535.90	5012.65	0.00	224.37
536.00	5279.28	0.00	194.80
536.10	5510.28	0.00	164.47
536.20	5703.60	0.00	133.48
536.30	5857.47	0.00	101.96
536.40	5970.52	0.00	70.05
536.50	6041.70	0.00	37.86
536.60	6070.36	0.00	5.51
536.70	6069.22	0.00	-26.85
536.80	6062.32	0.00	-59.11
536.90	6049.94	0.00	-91.13
537.00	6031.63	0.00	-122.80
537.10	6006.73	0.00	-153.98
537.20	5974.43	0.00	-184.55
537.30	5933.75	0.00	-214.40
537.40	5883.59	0.00	-243.39
537.50	5822.73	0.00	-271.43
537.60	5749.88	0.00	-298.40
537.70	5663.70	0.00	-324.19
537.80	5562.82	0.00	-348.70
537.90	5445.88	0.00	-371.83
538.00	5311.57	0.00	-393.50
538.10	5158.66	0.00	-413.61
538.20	4986.03	0.00	-432.09
538.30	4792.71	0.00	-448.86
538.40	4577.87	0.00	-463.87
538.50	4340.91	0.00	-477.04
538.60	4081.46	0.00	-488.33
538.70	3799.37	0.00	-497.70
538.80	3494.78	0.00	-505.09
538.90	3168.10	0.00	-510.50
539.00	2820.04	0.00	-513.89
539.10	2451.60	0.00	-515.25
539.20	2064.08	0.00	-514.58
539.30	1659.10	0.00	-511.88
539.40	1238.53	0.00	-507.16
539.50	804.56	0.00	-500.44
539.60	359.62	0.00	-491.74
539.70	-93.62	0.00	-481.10
539.80	-552.28	0.00	-468.56
539.90	-1013.27	0.00	-454.18
540.00	-1473.37	0.00	-438.00
540.10	-1929.22	0.00	-420.09
540.20	-2377.40	0.00	-400.52
540.30	-2814.42	0.00	-379.38
540.40	-3236.81	0.00	-356.73
540.50	-3641.14	0.00	-332.68
540.60	-4024.04	0.00	-307.32
540.70	-4382.27	0.00	-280.74
540.80	-4712.77	0.00	-253.06
540.90	-5012.65	0.00	-224.37
541.00	-5279.28	0.00	-194.80
541.10	-5510.28	0.00	-164.47
541.20	-5703.60	0.00	-133.48
541.30	-5857.47	0.00	-101.96
541.40	-5970.52	0.00	-70.05
541.50	-6041.70	0.00	-37.86
541.60	-6070.36	0.00	-5.51
541.70	-6069.22	0.00	26.85
541.80	-6062.32	0.00	59.11
541.90	-6049.94	0.00	91.13
542.00	-6031.63	0.00	122.80
542.10	-6006.73	0.00	153.98
542.20	-5974.43	0.00	184.55
542.30	-5933.75	0.00	214.40
542.40	-5883.59	0.00	243.39
542.50	-5822.73	0.00	271.43
542.60	-5749.88	0.00	298.40
542.70	-5663.70	0.00	324.19
542.80	-5562.82	0.00	348.70
542.90	-5445.88	0.00	371.83
543.00	-5311.57	0.00	393.50
543.10	-5158.66	0.00	413.61
543.20	-4986.03	0.00	432.09
543.30	-4792.71	0.00	448.86
543.40	-4577.87	0.00	463.87
543.50	-4340.91	0.00	477.04
543.60	-4081.46	0.00	488.33
543.70	-3799.37	0.00	497.70
543.80	-3494.78	0.00	505.09
543.90	-3168.10	0.00	510.50
544.00	-2820.04	0.00	513.89
544.10	-2451.60	0.00	515.25
544.20	-2064.08	0.00	514.58
544.30	-1659.10	0.00	511.88
544.40	-1238.53	0.00	507.16
544.50	-804.56	0.00	500.44
544.60	-359.62	0.00	491.74
544.70	93.62	0.00	481.10
544.80	552.28	0.00	468.56
544.90	1013.27	0.00	454.18
545.00	1473.37	0.00	438.00
545.10	1929.22	0.00	420.09
545.20	2377.40	0.00	400.52
545.30	2814.42	0.00	379.38
545.40	3236.81	0.00	356.73
545.50	3641.14	0.00	332.68
545.60	4024.04	0.00	307.32
545.70	4382.27	0.00	280.74
545.80	4712.77	0.00	253.06
545.90	5012.65	0.00	224.37
546.00	5279.28	0.00	194.80
546.10	5510.28	0.00	164.47
546.20	5703.60	0.00	133.48
546.30	5857.47	0.00	101.96
546.40	5970.52	0.00	70.05
546.50	6041.70	0.00	37.86
546.60	6070.36	0.00	5.51
546.70	6069.22	0.00	-26.85
546.80	6062.32	0.00	-59.11
546.90	6049.94	0.00	-91.13
547.00	6031.63	0.00	-122.80
547.10	6006.73	0.00	-153.98
547.20	5974.43	0.00	-184.55
547.30	5933.75	0.00	-214.40
547.40	5883.59	0.00	-243.39
547.50	5822.73	0.00	-271.43
547.60	5749.88	0.00	-298.40
547.70	5663.70	0.00	-324.19
547.80	5562.82	0.00	-348.70
547.90	5445.88	0.00	-371.83
548.00	5311.57	0.00	-393.50
548.10	5158.66	0.00	-413.61
548.20	4986.03	0.00	-432.09
548.30	4792.71	0.00	-448.86
548.40	4577.87	0.00	-463.87
548.50	4340.91	0.00	-477.04
548.60	4081.46	0.00	-488.33
548.70	3799.37	0.00	-497.70
548.80	3494.78	0.00	-505.09
548.90	3168.10	0.00	-510.50
549.00	2820.04	0.00	-513.89
549.10	2451.60	0.00	-515.25
549.20	2064.08	0.00	-514.58
549.30	1659.10	0.00	-511.88
549.40	1238.53	0.00	-507.16
549.50	804.56	0.00	-500.44
549.60	359.62	0.00	-491.74
549.70	-93.62	0.00	-481.10
549.80	-552.28	0.00	-468.56
549.90	-1013.27	0.00	-454.18
550.00	-1473.37	0.00	-438.00
550.10	-1929.22	0.00	-420.09
550.20	-2377.40	0.00	-400.52
550.30	-2814.42	0.00	-379.38
550.40	-3236.81	0.00	-356.73
550.50	-3641.14	0.00	-332.68
550.60	-4024.04	0.00	-307.32
550.70	-4382.27	0.00	-280.74
550.80	-4712.77	0.00	-253.06
550.90	-5012.65	0.00	-224.37
551.00	-5279.28	0.00	-194.80
551.10	-5510.28	0.00	-164.47
551.20	-5703.60	0.00	-133.48
551.30	-5857.47	0.00	-101.96
551.40	-5970.52	0.00	-70.05
551.50	-6041.70	0.00	-37.86
551.60	-6070.36	0.00	-5.51
551.70	-6069.22	0.00	26.85
551.80	-6062.32	0.00	59.11
551.90	-6049.94	0.00	91.13
552.00	-6031.63	0.00	122.80
552.10	-6006.73	0.00	153.98
552.20	-5974.43	0.00	184.55
552.30	-5933.75	0.00	214.40
552.40	-5883.59	0.00	243.39
552.50	-5822.73	0.00	271.43
552.60	-5749.88	0.00	298.40
552.70	-5663.70	0.00	324.19
552.80	-5562.82	0.00	348.70
552.90	-5445.88	0.00	371.83
553.00	-5311.57	0.00	393.50
553.10	-5158.66	0.00	413.61
553.20	-4986.03	0.00	432.09
553.30	-4792.71	0.00	448.86
553.40	-4577.87	0.00	463.87
553.50	-4340.91	0.00	477.04
553.60	-4081.46	0.00	488.33
553.70	-3799.37	0.00	497.70
553.80	-3494.78	0.00	505.09
553.90	-3168.10	0.00	510.50
554.00	-2820.04	0.00	513.89
554.10	-2451.60	0.00	515.25
554.20	-2064.08	0.00	514.58
554.30	-1659.10	0.00	511.88
554.40	-1238.53	0.00	507.16
554.50	-804.56	0.00	500.44
554.60	-359.62	0.00	491.74
554.70	93.62	0.00	481.10
554.80	552.28	0.00	468.56
554.90	1013.27	0.00	454.18
555.00	1473.37	0.00	438.00
555.10	1929.22	0.00	420.09
555.20	2377.40	0.00	400.52
555.30	2814.42	0.00	379.38
555.40	3236.81	0.00	356.73
555.50	3641.14	0.00	332.68
555.60	4024.04	0.00	307.32
555.70	4382.27	0.00	280.74
555.80	4712.77	0.00	253.06
555.90	5012.65	0.00	224.37
556.00	5279.28	0.00	194.80
556.10	5510.28	0.00	164.47
556.20	5703.60	0.00	133.48
556.30	5857.47	0.00	101.96
556.40	5970.52	0.00	70.05
556.50	6041.70	0.00	37.86
556.60	6070.36	0.00	5.51
556.70	6069.22	0.00	-26.85
556.80	6062.32	0.00	-59.11
556.90	6049.94	0.00	-91.13
557.00	6031.63	0.00	-122.80
557.10	6006.73	0.00	-153.98
557.20	5974.43	0.00	-184.55
557.30	5933.75	0.00	-214.40
557.40	5883.59	0.00	-243.39
557.50	5822.73	0.00	-271.43
557.60	5749.88	0.00	-298.40
557.70	5663.70	0.00	-324.19
557.80	5562.82	0.00	-348.70
557.90	5445.88	0.00	-371.83
558.00	5311.57	0.00	-393.50
558.10	5158.66	0.00	-413.61
558.20	4986.03	0.00	-432.09
558.30	4792.71	0.00	-448.86
558.40	4577.87	0.00	-463.87
558.50	4340.91	0.00	-477.04
558.60	4081.46	0.00	-488.33
558.70	3799.37	0.00	-497.70
558.80	3494.78	0.00	-505.09
558.90	3168.10	0.00	-510.50
559.00	2820.04	0.00	-513.89
559.10	2451.60	0.00	-515.25
559.20	2064.08	0.00	-514.58
559.30	1659.10	0.00	-511.88
559.40	1238.53	0.00	-507.16
559.50	804.56	0.00	-500.44
559.60	359.62	0.00	-491.74
559.70	-93.62	0.00	-481.10
559.80	-552.28	0.00	-468.56
559.90	-1013.27	0.00	-454.18
560.00	-1473.37	0.00	-438.00
560.10	-1929.22	0.00	-420.09
560.20	-2377.40	0.00	-400.52
560.30	-2814.42	0.00	-379.38
560.40	-3236.81	0.00	-356.73
560.50	-3641.14	0.00	-332.68
560.60	-4024.04	0.00	-307.32
560.70	-4382.27	0.00	-280.74
560.80	-4712.77	0.00	-253.06
560.90	-5012.65	0.00	-224.37
561.00	-5279.28	0.00	-194.80
561.10	-5510.28	0.00	-164.47
561.20	-5703.60	0.00	-133.48
561.30	-5857.47	0.00	-101.96
561.40	-5970.52	0.00	-70.05
561.50	-6041.70	0.00	-37.86
561.60	-6070.36	0.00	-5.51
561.70	-6069.22	0.00	26.85
561.80	-6062.32	0.00	59.11
561.90	-6049.94	0.00	91.13
562.00	-6031.63	0.00	122.80
562.10	-6006.73	0.00	153.98
562.20	-5974.43	0.00	184.55
562.30	-5933.75	0.00	214.40
562.40	-5883.59	0.00	243.39
562.50	-5822.73	0.00	271.43
562.60	-5749.88	0.00	298.40
562.70	-5663.70	0.00	324.19
562.80	-5562.82	0.00	348.70
562.90	-5445.88	0.00	371.83
563.00	-5311.57	0.00	393.50
563.10	-5158.66	0.00	413.61
563.20	-4986.03	0.00	432.09
563.30	-4792.71	0.00	448.86
563.40	-4577.87	0.00	463.87
563.50	-4340.91	0.00	477.04
563.60	-4081.46	0.00	488.33
563.70	-3799.37	0.00	497.70
563.80	-3494.78	0.00	505.09
563.90	-3168.10	0.00	510.50
564.00	-2820.04	0.00	513.89
564.10	-2451.60	0.00	515.25
564.20	-2064.08	0.00	514.58
564.30	-1659.10	0.00	511.88
564.40	-1238.53	0.00	507.16
564.50	-804.56	0.00	500.44
564.60	-359.62	0.00	491.74
564.70	93.62	0.00	481.10
564.80	552.28	0.00	468.56
564.90	1013.27	0.00	454.18
565.00	1473.37	0.00	438.00
565.10	1929.22	0.00	420.09
565.20	2377.40	0.00	400.52
565.30	2814.42	0.00	379.38
565.40	3236.81	0.00	356.73
565.50	3641.14	0.00	332.68
565.60	4024.04	0.00	307.32
565.70	4382.27	0.00	280.74
565.80	4712.77	0.00	253.06
565.90	5012.65	0.00	224.37
566.00	5279.28	0.00	194.80
566.10	5510.28	0.00	164.47
566.20	5703.60	0.00	133.48
566.30	5857.47	0.00	101.96
566.40	5970.52	0.00	70.05
566.50	6041.70	0.00	37.86
566.60	6070.36	0.00	5.51
566.70	6069.22	0.00	-26.85
566.80	6062.32	0.00	-59.11
566.90	6049.94	0.00	-91.13
567.00	6031.63	0.00	-122.80
567.10	6006.73	0.00	-153.98
567.20	5974.43	0.00	-184.55
567.30	5933.75	0.00	-214.40
567.40	5883.59	0.00	-243.39
567.50	5822.73	0.00	-271.43
567.60	5749.88	0.00	-298.40
567.70	5663.70	0.00	-324.19
567.80	5562.82	0.00	-348.70
567.90	5445.88	0.00	-371.83
568.00	5311.57	0.00	-393.50
568.10	5158.66	0.00	-413.61
568.20	4986.03	0.00	-432.09
568.30	4792.71	0.00	-448.86
568.40	4577.87	0.00	-463.87
568.50	4340.91	0.00	-477.04
568.60	4081.46	0.00	-488.33
568.70	3799.37	0.00	-497.70
568.80	3494.78	0.00	-505.09
568.90	3168.10	0.00	-510.50
569.00	2820.04	0.00	-513.89
569.10	2451.60	0.00	-515.25
569.20	2064.08	0.00	-514.58
569.30	1659.10	0.00	-511.88
569.40	1238.53	0.00	-507.16
569.50	804.56	0.00	-500.44
569.60	359.62	0.00	-491.74
569.70	-93.62	0.00	-481.10
569.80	-552.28	0.00	-468.56
569.90	-1013.27	0.00	-454.18
570.00	-1473.37	0.00	-438.00
570.10	-1929.22	0.00	-420.09
570.20	-2377.40	0.00	-400.52
570.30	-2814.42	0.00	-379.38
570.40	-3236.81	0.00	-356.73
570.50	-3641.14	0.00	-332.68
570.60	-4024.04	0.00	-307.32
570.70	-4382.27	0.00	-280.74
570.80	-4712.77	0.00	-253.06
570.90	-5012.65	0.00	-224.37
571.00	-5279.28	0.00	-194.80
571.10	-5510.28	0.00	-164.47
571.20	-5703.60	0.00	-133.48
571.30	-5857.47	0.00	-101.96
571.40	-5970.52	0.00	-70.05
571.50	-6041.70	0.00	-37.86
571.60	-6070.36	0.00	-5.51
571.70	-6069.22	0.00	26.85
571.80	-6062.32	0.00	59.11
571.90	-6049.94	0.00	91.13
572.00	-6031.63	0.00	122.80
572.10	-6006.73	0.00	153.98
572.20	-5974.43	0.00	184.55
572.30	-5933.75	0.00	214.40
572.40	-5883.59	0.00	243.39
572.50	-5822.73	0.00	271.43
572.60	-5749.88	0.00	298.40
572.70	-5663.70	0.00	324.19
572.80	-5562.82	0.00	348.70
572.90	-5445.88	0.00	371.83
573.00	-5311.57	0.00	393.50
573.10	-5158.66	0.00	413.61
573.20	-4986.03	0.00	432.09
573.30	-4792.71	0.00	448.86
573.40	-4577.87	0.00	463.87
573.50	-4340.91	0.00	477.04
573.60	-4081.46	0.00	488.33
573.70	-3799.37	0.00	497.70
573.80	-3494.78	0.00	505.09
573.90	-3168.10	0.00	510.50
574.00	-2820.04	0.00	513.89
574.10	-2451.60	0.00	515.25
574.20	-2064.08	0.00	514.58
574.30	-1659.10	0.00	511.88
574.40	-1238.53	0.00	507.16
574.50	-804.56	0.00	500.44
574.60	-359.62	0.00	491.74
574.70	93.62	0.00	481.10
574.80	552.28	0.00	468.56
574.90	1013.27	0.00	454.18
575.00	1473.37	0.00	438.00
575.10	1929.22	0.00	420.09
575.20	2377.40	0.00	400.52
575.30	2814.42	0.00	379.38
575.40	3236.81	0.00	356.73
575.50	3641.14	0.00	332.68
575.60	4024.04	0.00	307.32
575.70	4382.27	0.00	280.74
575.80	4712.77	0.00	253.06
575.90	5012.65	0.00	224.37
576.00	5279.28	0.00	194.80
576.10	5510.28	0.00	164.47
576.20	5703.60	0.00	133.48
576.30	5857.47	0.00	101.96
576.40	5970.52	0.00	70.05
576.50	6041.70	0.00	37.86
576.60	6070.36	0.00	5.51
576.70	6069.22	0.00	-26.85
576.80	6062.32	0.00	-59.11
576.90	6049.94	0.00	-91.13
577.00	6031.63	0.00	-122.80
577.10	6006.73	0.00	-153.98
577.20	5974.43	0.00	-184.55
577.30	5933.75	0.00	-214.40
577.40	5883.59	0.00	-243.39
577.50	5822.73	0.00	-271.43
577.60	5749.88	0.00	-298.40
577.70	5663.70	0.00	-324.19
577.80	5562.82	0.00	-348.70
577.90	5445.88	0.00	-371.83
578.00	5311.57	0.00	-393.50
578.10	5158.66	0.00	-413.61
578.20	4986.03	0.00	-432.09
578.30	4792.71	0.00	-448.86
578.40	4577.87	0.00	-463.87
578.50	4340.91	0.00	-477.04
578.60	4081.46	0.00	-488.33
578.70	3799.37	0.00	-497.70
578.80	3494.78	0.00	-505.09
578.90	3168.10	0.00	-510.50
579.00	2820.04	0.00	-513.89
579.10	2451.60	0.00	-515.25
579.20	2064.08	0.00	-514.58
579.30	1659.10	0.00	-511.88
579.40	1238.53	0.00	-507.16
579.50	804.56	0.00	-500.44
579.60	359.62	0.00	-491.74
579.70	-93.62	0.00	-481.10
579.80	-552.28	0.00	-468.56
579.90	-1013.27	0.00	-454.18
580.00	-1473.37	0.00	-438.00
580.10	-1929.22	0.00	-420.09
580.20	-2377.40	0.00	-400.52
580.30	-2814.42	0.00	-379.38
580.40	-3236.81	0.00	-356.73
580.50	-3641.14	0.00	-332.68
580.60	-4024.04	0.00	-307.32
580.70	-4382.27	0.00	-280.74
580.80	-4712.77	0.00	-253.06
580.90	-5012.65	0.00	-224.37
581.00	-5279.28	0.00	-194.80
581.10	-5510.28	0.00	-164.47
581.20	-5703.60	0.00	-133.48
581.30	-5857.47	0.00	-101.96
581.40	-5970.52	0.00	-70.05
581.50	-6041.70	0.00	-37.86
581.60	-6070.36	0.00	-5.51
581.70	-6069.22	0.00	26.85
581.80	-6062.32	0.00	59.11
581.90	-6049.94	0.00	91.13
582.00	-6031.63	0.00	122.80
582.10	-6006.73	0.00	153.98
582.20	-5974.43	0.00	184.55
582.30	-5933.75	0.00	214.40
582.40	-5883.59	0.00	243.39
582.50	-5822.73	0.00	271.43
582.60	-5749.88	0.00	298.40
582.70	-5663.70	0.00	324.19
582.80	-5562.82	0.00	348.70
582.90	-5445.88	0.00	371.83
583.00	-5311.57	0.00	393.50
583.10	-5158.66	0.00	413.61
583.20	-4986.03	0.00	432.09
583.30	-4792.71	0.00	448.86
583.40	-4577.87	0.00	463.87
583.50	-4340.91	0.00	477.04
583.60	-4081.46	0.00	488.33
583.70	-3799.37	0.00	497.70
583.80	-3494.78	0.00	505.09
583.90	-3168.10	0.00	510.50
584.00	-2820.04	0.00	513.89
584.10	-2451.60	0.00	515.25
584.20	-2064.08	0.00	514.58
584.30	-1659.10	0.00	511.88
584.40	-1238.53	0.00	507.16
584.50	-804.56	0.00	500.44
584.60	-359.62	0.00	491.74
584.70	93.62	0.00	481.10
584.80	552.28	0.00	468.56
584.90	1013.27	0.00	454.18
585.00	1473.37	0.00	438.00
585.10	1929.22	0.00	420.09
585.20	2377.40	0.00	400.52
585.30	2814.42	0.00	379.38
585.40	3236.81	0.00	356.73
585.50	3641.14	0.00	332.68
585.60	4024.04	0.00	307.32
585.70	4382.27	0.00	280.74
585.80	4712.77	0.00	253.06
585.90	5012.65	0.00	224.37
586.00	5279.28	0.00	194.80
586.10	5510.28	0.00	164.47
586.20	5703.60	0.00	133.48
586.30	5857.47	0.00	101.96
586.40	5970.52	0.00	70.05
586.50	6041.70	0.00	37.86
586.60	6070.36	0.00	5.51
586.70	6069.22	0.00	-26.85
586.80	6062.32	0.00	-59.11
586.90	6049.94	0.00	-91.13
587.00	6031.63	0.00	-122.80
587.10	6006.73	0.00	-153.98
587.20	5974.43	0.00	-184.55
587.30	5933.75	0.00	-214.40
587.40	5883.59	0.00	-243.39
587.50	5822.73	0.00	-271.43
587.60	5749.88	0.00	-298.40
587.70	5663.70	0.00	-324.19
587.80	5562.82	0.00	-348.70
587.90	5445.88	0.00	-371.83
588.00	5311.57	0.00	-393.50
588.10	5158.66	0.00	-413.61
588.20	4986.03	0.00	-432.09
588.30	4792.71	0.00	-448.86
588.40	4577.87	0.00	-463.87
588.50	4340.91	0.00	-477.04
588.60	4081.46	0.00	-488.33
588.70	3799.37	0.00	-497.70
588.80	3494.78	0.00	-505.09
588.90	3168.10	0.00	-510.50
589.00	2820.04	0.00	-513.89
589.10	2451.60	0.00	-515.25
589.20	2064.08	0.00	-514.58
589.30	1659.10	0.00	-511.88
589.40	1238.53	0.00	-507.16
589.50	804.56	0.00	-500.44
589.60	359.62	0.00	-491.74
589.70	-93.62	0.00	-481.10
589.80	-552.28	0.00	-468.56
589.90	-1013.27	0.00	-454.18
590.00	-1473.37	0.00	-438.00
590.10	-1929.22	0.00	-420.09
590.20	-2377.40	0.00	-400.52
590.30	-2814.42	0.00	-379.38
590.40	-3236.81	0.00	-356.73
590.50	-3641.14	0.00	-332.68
590.60	-4024.04	0.00	-307.32
590.70	-4382.27	0.00	-280.74
590.80	-4712.77	0.00	-253.06
590.90	-5012.65	0.00	-224.37
591.00	-5279.28	0.00	-194.80
591.10	-5510.28	0.00	-164.47
591.20	-5703.60	0.00	-133.48
591.30	-5857.47	0.00	-101.96
591.40	-5970.52	0.00	-70.05
591.50	-6041.70	0.00	-37.86
591.60	-6070.36	0.00	-5.51
591.70	-6069.22	0.00	26.85
591.80	-6062.32	0.00	59.11
591.90	-6049.94	0.00	91.13
592.00	-6031.63	0.00	122.80
592.10	-6006.73	0.00	153.98
592.20	-5974.43	0.00	184.55
592.30	-5933.75	0.00	214.40
592.40	-5883.59	0.00	243.39
592.50	-5822.73	0.00	271.43
592.60	-5749.88	0.00	298.40
592.70	-5663.70	0.00	324.19
592.80	-5562.82	0.00	348.70
592.90	-5445.88	0.00	371.83
593.00	-5311.57	0.00	393.50
593.10	-5158.66	0.00	413.61
593.20	-4986.03	0.00	432.09
593.30	-4792.71	0.00	448.86
593.40	-4577.87	0.00	463.87
593.50	-4340.91	0.00	477.04
593.60	-4081.46	0.00	488.33
593.70	-3799.37	0.00	497.70
593.80	-3494.78	0.00	505.09
593.90	-3168.10	0.00	510.50
594.00	-2820.04	0.00	513.89
594.10	-2451.60	0.00	515.25
594.20	-2064.08	0.00	514.58
594.30	-1659.10	0.00	511.88
594.40	-1238.53	0.00	507.16
594.50	-804.56	0.00	500.44
594.60	-359.62	0.00	491.74
594.70	93.62	0.00	481.10
594.80	552.28	0.00	468.56
594.90	1013.27	0.00	454.18
595.00	1473.37	0.00	438.00
595.10	1929.22	0.00	420.09
595.20	2377.40	0.00	400.52
595.30	2814.42	0.00	379.38
595.40	3236.81	0.00	356.73
595.50	3641.14	0.00	332.68
595.60	4024.04	0.00	307.32
595.70	4382.27	0.00	280.74
595.80	4712.77	0.00	253.06
595.90	5012.65	0.00	224.37
596.00	5279.28	0.00	194.80
596.10	5510.28	0.00	164.47
596.20	5703.60	0.00	133.48
596.30	5857.47	0.00	101.96
596.40	5970.52	0.00	70.05
596.50	6041.70	0.00	37.86
596.60	6070.36	0.00	5.51
596.70	6069.22	0.00	-26.85
596.80	6062.32	0.00	-59.11
596.90	6049.94	0.00	-91.13
597.00	6031.63	0.00	-122.80
597.10	6006.73	0.00	-153.98
597.20	5974.43	0.00	-184.55
597.30	5933.75	0.00	-214.40
597.40	5883.59	0.00	-243.39
597.50	5822.73	0.00	-271.43
597.60	5749.88	0.00	-298.40
597.70	5663.70	0.00	-324.19
597.80	5562.82	0.00	-348.70
597.90	5445.88	0.00	-371.83
598.00	5311.57	0.00	-393.50
598.10	5158.66	0.00	-413.61
598.20	4986.03	0.00	-432.09
598.30	4792.71	0.00	-448.86
598.40	4577.87	0.00	-463.87
598.50	4340.91	0.00	-477.04
598.60	4081.46	0.00	-488.33
598.70	3799.37	0.00	-497.70
598.80	3494.78	0.00	-505.09
598.90	3168.10	0.00	-510.50
599.00	2820.04	0.00	-513.89
599.10	2451.60	0.00	-515.25
599.20	2064.08	0.00	-514.58
599.30	1659.10	0.00	-511.88
599.40	1238.53	0.00	-507.16
599.50	804.56	0.00	-500.44
599.60	359.62	0.00	-491.74
599.70	-93.62	0.00	-481.10
599.80	-552.28	0.00	-468.56
599.90	-1013.27	0.00	-454.18
600.00	-1473.37	0.00	-438.00
