Time(s)	Fx(N)	Fy(N)	Fz(N)
0.00	461.35	0.00	-5494.72
0.10	61.41	0.00	-5440.36
0.20	-343.71	0.00	-5378.19
0.30	-753.87	0.00	-5306.78
0.40	-1168.65	0.00	-5224.57
0.50	-1587.30	0.00	-5129.94
0.60	-2008.77	0.00	-5021.21
0.70	-2431.66	0.00	-4896.73
0.80	-2854.26	0.00	-4754.91
0.90	-3274.54	0.00	-4594.27
1.00	-3690.21	0.00	-4413.46
1.10	-4098.69	0.00	-4211.34
1.20	-4497.16	0.00	-3987.01
1.30	-4882.62	0.00	-3739.82
1.40	-5251.92	0.00	-3469.42
1.50	-5601.81	0.00	-3175.77
1.60	-5928.97	0.00	-2859.17
1.70	-6230.10	0.00	-2520.28
1.80	-6501.95	0.00	-2160.08
1.90	-6741.38	0.00	-1779.95
2.00	-6945.45	0.00	-1381.58
2.10	-7111.42	0.00	-967.01
2.20	-7236.84	0.00	-538.58
2.30	-7319.59	0.00	-98.94
2.40	-7357.92	0.00	349.02
2.50	-7350.50	0.00	802.18
2.60	-7297.65	0.00	1257.22
2.70	-7203.06	0.00	1710.70
2.80	-7066.90	0.00	2159.06
2.90	-6889.31	0.00	2598.73
3.00	-6670.83	0.00	3026.10
3.10	-6412.36	0.00	3437.62
3.20	-6115.18	0.00	3829.86
3.30	-5780.95	0.00	4199.51
3.40	-5411.67	0.00	4543.47
3.50	-5009.71	0.00	4858.87
3.60	-4577.73	0.00	5143.11
3.70	-4118.73	0.00	5393.93
3.80	-3635.96	0.00	5609.36
3.90	-3132.90	0.00	5787.86
4.00	-2613.24	0.00	5928.21
4.10	-2080.84	0.00	6029.64
4.20	-1539.63	0.00	6091.77
4.30	-993.66	0.00	6114.62
4.40	-446.95	0.00	6098.62
4.50	96.47	0.00	6044.58
4.60	632.69	0.00	5953.68
4.70	1157.89	0.00	5827.45
4.80	1668.46	0.00	5667.74
4.90	2160.97	0.00	5476.68
5.00	2632.27	0.00	5256.63
5.10	3079.49	0.00	5010.18
5.20	3500.10	0.00	4740.06
5.30	3891.87	0.00	4449.12
5.40	4252.97	0.00	4140.27
5.50	4581.93	0.00	3816.47
5.60	4877.63	0.00	3480.62
5.70	5139.36	0.00	3135.57
5.80	5366.72	0.00	2784.08
5.90	5559.70	0.00	2428.74
6.00	5718.58	0.00	2071.98
6.10	5843.94	0.00	1716.03
6.20	5936.62	0.00	1362.86
6.30	5997.68	0.00	1014.23
6.40	6028.37	0.00	671.64
6.50	6030.07	0.00	336.29
6.60	6004.79	0.00	9.17
6.70	5956.95	0.00	-309.03
6.80	5888.48	0.00	-617.84
6.90	5800.78	0.00	-917.04
7.00	5695.12	0.00	-1206.58
7.10	5572.66	0.00	-1486.63
7.20	5434.42	0.00	-1757.49
7.30	5281.23	0.00	-2019.57
7.40	5113.77	0.00	-2273.38
7.50	4932.54	0.00	-2519.46
7.60	4737.86	0.00	-2758.38
7.70	4529.87	0.00	-2990.66
7.80	4308.55	0.00	-3216.77
7.90	4073.74	0.00	-3437.08
8.00	3825.14	0.00	-3651.85
8.10	3562.36	0.00	-3861.16
8.20	3284.93	0.00	-4064.96
8.30	2992.35	0.00	-4262.96
8.40	2684.10	0.00	-4454.71
8.50	2359.68	0.00	-4639.52
8.60	2018.69	0.00	-4816.51
8.70	1660.79	0.00	-4984.58
8.80	1285.82	0.00	-5142.43
8.90	893.78	0.00	-5288.61
9.00	484.88	0.00	-5421.47
9.10	59.56	0.00	-5539.26
9.20	-381.43	0.00	-5640.10
9.30	-837.11	0.00	-5722.05
9.40	-1306.15	0.00	-5783.15
9.50	-1786.91	0.00	-5821.42
9.60	-2277.45	0.00	-5834.95
9.70	-2775.48	0.00	-5821.88
9.80	-3278.42	0.00	-5780.52
9.90	-3783.38	0.00	-5709.32
10.00	-4287.20	0.00	-5606.92
10.10	-4786.47	0.00	-5472.22
10.20	-5277.59	0.00	-5304.37
10.30	-5756.76	0.00	-5102.83
10.40	-6220.08	0.00	-4867.35
10.50	-6663.55	0.00	-4598.04
10.60	-7083.18	0.00	-4295.34
10.70	-7475.00	0.00	-3960.03
10.80	-7835.12	0.00	-3593.26
10.90	-8159.82	0.00	-3196.49
11.00	-8445.57	0.00	-2771.54
11.10	-8689.12	0.00	-2320.53
11.20	-8891.61	0.00	-1845.87
11.30	-9055.00	0.00	-1350.24
11.40	-9177.48	0.00	-836.52
11.50	-9257.48	0.00	-307.83
11.60	-9293.73	0.00	232.58
11.70	-9285.20	0.00	781.35
11.80	-9231.17	0.00	1335.01
11.90	-9131.20	0.00	1890.09
12.00	-8985.15	0.00	2443.11
12.10	-8793.16	0.00	2990.63
12.20	-8555.66	0.00	3529.31
12.30	-8273.35	0.00	4055.92
12.40	-7947.18	0.00	4567.38
12.50	-7578.37	0.00	5060.79
12.60	-7168.35	0.00	5533.46
12.70	-6718.78	0.00	5982.92
12.80	-6231.51	0.00	6406.92
12.90	-5708.57	0.00	6803.48
13.00	-5152.14	0.00	7170.86
13.10	-4564.53	0.00	7507.56
13.20	-3948.18	0.00	7812.33
13.30	-3305.59	0.00	8084.16
13.40	-2639.38	0.00	8322.23
13.50	-1952.19	0.00	8525.94
13.60	-1246.70	0.00	8694.87
13.70	-525.66	0.00	8828.74
13.80	208.22	0.00	8927.41
13.90	952.16	0.00	8990.86
14.00	1703.43	0.00	9019.11
14.10	2459.26	0.00	9012.26
14.20	3216.87	0.00	8970.44
14.30	3973.50	0.00	8893.79
14.40	4726.35	0.00	8782.43
14.50	5472.59	0.00	8636.46
14.60	6209.39	0.00	8455.96
14.70	6933.82	0.00	8240.94
14.80	7642.93	0.00	7991.40
14.90	8333.68	0.00	7707.26
15.00	9002.97	0.00	7388.45
15.10	9647.57	0.00	7034.85
15.20	10264.19	0.00	6646.34
15.30	10849.43	0.00	6222.83
15.40	11399.78	0.00	5764.26
15.50	11911.66	0.00	5270.64
15.60	12381.40	0.00	4742.11
15.70	12805.26	0.00	4178.92
15.80	13179.47	0.00	3581.50
15.90	13500.32	0.00	2950.49
16.00	13775.51	0.00	2286.78
16.10	14010.61	0.00	1591.53
16.20	14202.94	0.00	866.22
16.30	14349.61	0.00	112.66
16.40	14447.62	0.00	-666.97
16.50	14493.86	0.00	-1470.11
16.60	14485.15	0.00	-2293.79
16.70	14418.27	0.00	-3134.63
16.80	14290.02	0.00	-3988.83
16.90	14097.25	0.00	-4852.20
17.00	13836.94	0.00	-5720.13
17.10	13506.26	0.00	-6587.62
17.20	13102.60	0.00	-7449.35
17.30	12623.69	0.00	-8299.63
17.40	12067.62	0.00	-9132.53
17.50	11432.98	0.00	-9941.85
17.60	10718.84	0.00	-10721.22
17.70	9924.91	0.00	-11464.16
17.80	9051.58	0.00	-12164.12
17.90	8099.97	0.00	-12814.55
18.00	7071.99	0.00	-13409.02
18.10	5970.44	0.00	-13941.22
18.20	4798.99	0.00	-14405.10
18.30	3562.27	0.00	-14794.92
18.40	2265.86	0.00	-15105.31
18.50	916.29	0.00	-15331.39
18.60	-478.94	0.00	-15468.81
18.70	-1911.40	0.00	-15513.81
18.80	-3371.78	0.00	-15463.32
18.90	-4849.94	0.00	-15314.97
19.00	-6334.99	0.00	-15067.18
19.10	-7815.40	0.00	-14719.18
19.20	-9279.11	0.00	-14271.05
19.30	-10713.64	0.00	-13723.75
19.40	-12106.29	0.00	-13079.12
19.50	-13444.23	0.00	-12339.89
19.60	-14714.72	0.00	-11509.68
19.70	-15905.27	0.00	-10593.00
19.80	-17003.81	0.00	-9595.16
19.90	-17998.90	0.00	-8522.33
20.00	-18879.85	0.00	-7381.40
20.10	-19636.95	0.00	-6179.98
20.20	-20261.59	0.00	-4926.31
20.30	-20746.43	0.00	-3629.20
20.40	-21085.49	0.00	-2297.94
20.50	-21274.30	0.00	-942.23
20.60	-21335.38	0.00	427.96
20.70	-21290.84	0.00	1802.41
20.80	-21140.01	0.00	3170.83
20.90	-20882.72	0.00	4522.91
21.00	-20519.28	0.00	5848.43
21.10	-20050.51	0.00	7137.40
21.20	-19477.80	0.00	8380.08
21.30	-18803.11	0.00	9567.17
21.40	-18028.98	0.00	10689.85
21.50	-17158.63	0.00	11739.84
21.60	-16195.89	0.00	12709.57
21.70	-15145.33	0.00	13592.16
21.80	-14012.16	0.00	14381.52
21.90	-12802.34	0.00	15072.43
22.00	-11522.50	0.00	15660.53
22.10	-10179.96	0.00	16142.42
22.20	-8782.70	0.00	16515.63
22.30	-7339.31	0.00	16778.65
22.40	-5858.92	0.00	16930.93
22.50	-4351.18	0.00	16972.90
22.60	-2826.10	0.00	16905.91
22.70	-1294.05	0.00	16732.20
22.80	234.44	0.00	16454.92
22.90	1748.73	0.00	16078.00
23.00	3238.19	0.00	15606.15
23.10	4692.37	0.00	15044.77
23.20	6101.06	0.00	14399.90
23.30	7454.49	0.00	13678.13
23.40	8743.36	0.00	12886.50
23.50	9959.04	0.00	12032.47
23.60	11093.60	0.00	11123.78
23.70	12139.97	0.00	10168.40
23.80	13091.94	0.00	9174.43
23.90	13944.31	0.00	8150.01
24.00	14692.87	0.00	7103.24
24.10	15334.47	0.00	6042.13
24.20	15867.02	0.00	4974.47
24.30	16289.48	0.00	3907.81
24.40	16601.86	0.00	2849.39
24.50	16805.19	0.00	1806.04
24.60	16901.44	0.00	784.20
24.70	16893.49	0.00	-210.18
24.80	16785.03	0.00	-1171.64
24.90	16580.51	0.00	-2095.27
25.00	16285.02	0.00	-2976.67
25.10	15910.28	0.00	-3812.03
25.20	15481.48	0.00	-4598.09
25.30	15004.36	0.00	-5332.15
25.40	14482.98	0.00	-6012.05
25.50	13921.34	0.00	-6636.17
25.60	13323.37	0.00	-7203.40
25.70	12692.88	0.00	-7713.11
25.80	12033.60	0.00	-8165.12
25.90	11349.14	0.00	-8559.67
26.00	10642.99	0.00	-8897.38
26.10	9918.53	0.00	-9179.22
26.20	9179.00	0.00	-9406.48
26.30	8427.54	0.00	-9580.67
26.40	7667.14	0.00	-9703.58
26.50	6900.70	0.00	-9777.16
26.60	6130.99	0.00	-9803.51
26.70	5360.66	0.00	-9784.87
26.80	4592.27	0.00	-9723.54
26.90	3828.26	0.00	-9621.90
27.00	3070.98	0.00	-9482.36
27.10	2322.71	0.00	-9307.33
27.20	1585.61	0.00	-9099.22
27.30	861.80	0.00	-8860.41
27.40	153.30	0.00	-8593.25
27.50	-537.94	0.00	-8300.03
27.60	-1210.02	0.00	-7983.02
27.70	-1861.11	0.00	-7644.39
27.80	-2489.45	0.00	-7286.29
27.90	-3093.34	0.00	-6910.80
28.00	-3671.14	0.00	-6519.95
28.10	-4221.30	0.00	-6115.71
28.20	-4742.32	0.00	-5700.01
28.30	-5232.81	0.00	-5274.76
28.40	-5691.46	0.00	-4841.79
28.50	-6117.04	0.00	-4402.96
28.60	-6508.46	0.00	-3960.05
28.70	-6864.73	0.00	-3514.86
28.80	-7185.01	0.00	-3069.15
28.90	-7468.59	0.00	-2624.67
29.00	-7714.90	0.00	-2183.17
29.10	-7923.57	0.00	-1746.35
29.20	-8094.37	0.00	-1315.94
29.30	-8227.27	0.00	-893.61
29.40	-8322.42	0.00	-481.02
29.50	-8380.16	0.00	-79.82
29.60	-8401.05	0.00	308.42
29.70	-8385.81	0.00	682.13
29.80	-8335.40	0.00	1039.83
29.90	-8250.94	0.00	1380.08
30.00	-8133.77	0.00	1701.52
30.10	-7985.39	0.00	2002.87
30.20	-7807.50	0.00	2282.95
30.30	-7601.93	0.00	2540.68
30.40	-7371.26	0.00	2775.09
30.50	-7121.86	0.00	2985.33
30.60	-6856.34	0.00	3170.69
30.70	-6576.45	0.00	3330.61
30.80	-6283.98	0.00	3464.65
30.90	-5980.79	0.00	3572.54
31.00	-5668.79	0.00	3654.19
31.10	-5349.95	0.00	3709.65
31.20	-5026.26	0.00	3739.16
31.30	-4699.76	0.00	3743.12
31.40	-4372.48	0.00	3722.12
31.50	-4046.48	0.00	3676.92
31.60	-3723.81	0.00	3608.47
31.70	-3406.46	0.00	3517.90
31.80	-3096.43	0.00	3406.49
31.90	-2795.64	0.00	3275.73
32.00	-2505.94	0.00	3127.26
32.10	-2229.10	0.00	2962.88
32.20	-1966.76	0.00	2784.55
32.30	-1720.46	0.00	2594.37
32.40	-1491.58	0.00	2394.60
32.50	-1281.33	0.00	2187.61
32.60	-1090.77	0.00	1975.85
32.70	-920.72	0.00	1761.93
32.80	-771.81	0.00	1548.47
32.90	-644.42	0.00	1338.20
33.00	-538.69	0.00	1133.86
33.10	-454.51	0.00	938.20
33.20	-391.49	0.00	753.98
33.30	-348.95	0.00	583.90
33.40	-325.95	0.00	430.61
33.50	-321.24	0.00	296.66
33.60	-333.31	0.00	184.47
33.70	-360.33	0.00	96.30
33.80	-400.23	0.00	34.23
33.90	-450.66	0.00	0.12
34.00	-509.04	0.00	-4.44
34.10	-572.54	0.00	21.87
34.20	-638.13	0.00	80.05
34.30	-702.62	0.00	170.78
34.40	-762.64	0.00	294.33
34.50	-814.73	0.00	450.63
34.60	-855.36	0.00	639.16
34.70	-880.94	0.00	859.01
34.80	-887.92	0.00	1108.81
34.90	-872.77	0.00	1386.76
35.00	-832.09	0.00	1690.62
35.10	-762.61	0.00	2017.71
35.20	-661.29	0.00	2364.91
35.30	-525.33	0.00	2728.72
35.40	-352.24	0.00	3105.20
35.50	-139.87	0.00	3490.09
35.60	113.49	0.00	3878.80
35.70	409.12	0.00	4266.42
35.80	747.79	0.00	4647.82
35.90	1129.72	0.00	5017.69
36.00	1554.55	0.00	5370.54
36.10	2021.32	0.00	5700.85
36.20	2528.41	0.00	6003.05
36.30	3073.54	0.00	6271.63
36.40	3653.78	0.00	6501.20
36.50	4265.50	0.00	6686.54
36.60	4904.39	0.00	6822.71
36.70	5565.49	0.00	6905.06
36.80	6243.23	0.00	6929.37
36.90	6931.40	0.00	6891.83
37.00	7623.29	0.00	6789.17
37.10	8311.66	0.00	6618.68
37.20	8988.87	0.00	6378.30
37.30	9646.93	0.00	6066.59
37.40	10277.63	0.00	5682.87
37.50	10872.57	0.00	5227.17
37.60	11425.46	0.00	4700.28
37.70	11938.95	0.00	4103.81
37.80	12407.99	0.00	3440.11
37.90	12826.38	0.00	2712.34
38.00	13188.04	0.00	1924.44
38.10	13487.09	0.00	1081.10
38.20	13717.91	0.00	187.73
38.30	13875.16	0.00	-749.58
38.40	13953.85	0.00	-1724.07
38.50	13949.39	0.00	-2728.43
38.60	13857.64	0.00	-3754.81
38.70	13674.95	0.00	-4794.91
38.80	13398.22	0.00	-5840.07
38.90	13024.99	0.00	-6881.30
39.00	12553.45	0.00	-7909.44
39.10	11982.51	0.00	-8915.21
39.20	11311.88	0.00	-9889.28
39.30	10542.08	0.00	-10822.42
39.40	9674.56	0.00	-11705.55
39.50	8711.67	0.00	-12529.85
39.60	7656.74	0.00	-13286.86
39.70	6514.11	0.00	-13968.55
39.80	5289.15	0.00	-14567.42
39.90	3988.26	0.00	-15076.59
40.00	2618.90	0.00	-15489.84
40.10	1189.50	0.00	-15801.74
40.20	-290.49	0.00	-16007.62
40.30	-1810.70	0.00	-16103.72
40.40	-3359.91	0.00	-16087.18
40.50	-4926.12	0.00	-15956.07
40.60	-6496.67	0.00	-15709.44
40.70	-8058.34	0.00	-15347.34
40.80	-9597.52	0.00	-14870.79
40.90	-11100.33	0.00	-14281.82
41.00	-12552.82	0.00	-13583.41
41.10	-13941.10	0.00	-12779.52
41.20	-15251.55	0.00	-11875.02
41.30	-16470.99	0.00	-10875.64
41.40	-17586.87	0.00	-9787.96
41.50	-18587.43	0.00	-8619.33
41.60	-19461.89	0.00	-7377.79
41.70	-20200.60	0.00	-6072.03
41.80	-20795.19	0.00	-4711.30
41.90	-21238.67	0.00	-3305.30
42.00	-21525.56	0.00	-1864.17
42.10	-21663.51	0.00	-398.31
42.20	-21686.65	0.00	1081.63
42.30	-21596.65	0.00	2564.89
42.40	-21392.94	0.00	4040.68
42.50	-21075.34	0.00	5498.26
42.60	-20644.14	0.00	6927.02
42.70	-20100.07	0.00	8316.62
42.80	-19444.34	0.00	9657.00
42.90	-18678.70	0.00	10938.50
43.00	-17805.47	0.00	12151.95
43.10	-16827.58	0.00	13288.71
43.20	-15748.63	0.00	14340.74
43.30	-14572.91	0.00	15300.68
43.40	-13305.45	0.00	16161.87
43.50	-11952.05	0.00	16918.42
43.60	-10519.29	0.00	17565.27
43.70	-9014.56	0.00	18098.15
43.80	-7446.03	0.00	18513.70
43.90	-5822.68	0.00	18809.40
44.00	-4154.20	0.00	18983.65
44.10	-2451.01	0.00	19035.71
44.20	-724.15	0.00	18965.78
44.30	1014.78	0.00	18774.89
44.40	2753.71	0.00	18464.95
44.50	4480.23	0.00	18038.72
44.60	6181.68	0.00	17499.75
44.70	7845.32	0.00	16852.37
44.80	9458.42	0.00	16101.65
44.90	11008.45	0.00	15253.33
45.00	12483.21	0.00	14313.78
45.10	13870.98	0.00	13289.98
45.20	15160.66	0.00	12189.38
45.30	16341.95	0.00	11019.94
45.40	17405.40	0.00	9789.99
45.50	18342.63	0.00	8508.17
45.60	19146.37	0.00	7183.41
45.70	19810.57	0.00	5824.82
45.80	20330.50	0.00	4441.63
45.90	20702.78	0.00	3043.11
46.00	20925.42	0.00	1638.54
46.10	20997.87	0.00	237.08
46.20	20920.94	0.00	-1152.22
46.30	20713.46	0.00	-2520.55
46.40	20407.41	0.00	-3859.37
46.50	20005.63	0.00	-5160.47
46.60	19510.64	0.00	-6416.02
46.70	18925.20	0.00	-7618.64
46.80	18252.33	0.00	-8761.43
46.90	17495.36	0.00	-9838.01
47.00	16657.91	0.00	-10842.55
47.10	15743.93	0.00	-11769.85
47.20	14757.74	0.00	-12615.28
47.30	13704.02	0.00	-13374.90
47.40	12587.83	0.00	-14045.40
47.50	11414.62	0.00	-14624.15
47.60	10190.23	0.00	-15109.17
47.70	8920.91	0.00	-15499.19
47.80	7613.25	0.00	-15793.57
47.90	6274.22	0.00	-15992.36
48.00	4911.10	0.00	-16096.22
48.10	3531.46	0.00	-16106.46
48.20	2143.08	0.00	-16024.95
48.30	753.96	0.00	-15854.16
48.40	-627.82	0.00	-15597.08
48.50	-1994.10	0.00	-15257.19
48.60	-3336.77	0.00	-14838.43
48.70	-4647.80	0.00	-14345.17
48.80	-5919.33	0.00	-13782.14
48.90	-7143.76	0.00	-13154.39
49.00	-8313.83	0.00	-12467.25
49.10	-9422.67	0.00	-11726.28
49.20	-10463.89	0.00	-10937.21
49.30	-11431.63	0.00	-10105.91
49.40	-12320.62	0.00	-9238.33
49.50	-13126.27	0.00	-8340.44
49.60	-13844.63	0.00	-7418.21
49.70	-14472.51	0.00	-6477.53
49.80	-15007.43	0.00	-5524.19
49.90	-15447.71	0.00	-4563.86
50.00	-15792.37	0.00	-3601.99
50.10	-16041.23	0.00	-2643.83
50.20	-16194.81	0.00	-1694.39
50.30	-16254.37	0.00	-758.38
50.40	-16221.80	0.00	159.79
50.50	-16099.72	0.00	1056.02
50.60	-15906.70	0.00	1926.57
50.70	-15657.64	0.00	2768.02
50.80	-15355.10	0.00	3577.36
50.90	-15001.64	0.00	4351.91
51.00	-14599.81	0.00	5089.37
51.10	-14152.14	0.00	5787.79
51.20	-13661.12	0.00	6445.57
51.30	-13129.22	0.00	7061.49
51.40	-12558.87	0.00	7634.61
51.50	-11952.43	0.00	8164.33
51.60	-11312.25	0.00	8650.33
51.70	-10640.63	0.00	9092.55
51.80	-9939.80	0.00	9491.18
51.90	-9211.97	0.00	9846.61
52.00	-8459.31	0.00	10159.44
52.10	-7683.94	0.00	10430.41
52.20	-6887.95	0.00	10660.38
52.30	-6073.40	0.00	10850.33
52.40	-5242.33	0.00	11001.30
52.50	-4396.78	0.00	11114.36
52.60	-3538.74	0.00	11190.62
52.70	-2670.25	0.00	11231.17
52.80	-1793.34	0.00	11237.07
52.90	-910.05	0.00	11209.33
53.00	-22.48	0.00	11148.89
53.10	867.24	0.00	11056.63
53.20	1756.92	0.00	10933.32
53.30	2644.28	0.00	10779.62
53.40	3527.00	0.00	10596.13
53.50	4402.62	0.00	10383.31
53.60	5268.60	0.00	10141.54
53.70	6122.29	0.00	9871.10
53.80	6960.93	0.00	9572.18
53.90	7781.60	0.00	9244.91
54.00	8581.31	0.00	8889.37
54.10	9356.91	0.00	8505.58
54.20	10105.15	0.00	8093.58
54.30	10822.66	0.00	7653.37
54.40	11506.00	0.00	7185.00
54.50	12151.64	0.00	6688.59
54.60	12755.97	0.00	6164.30
54.70	13315.39	0.00	5612.40
54.80	13826.26	0.00	5033.31
54.90	14284.99	0.00	4427.56
55.00	14688.05	0.00	3795.89
55.10	15032.01	0.00	3139.19
55.20	15313.58	0.00	2458.58
55.30	15529.84	0.00	1755.41
55.40	15693.71	0.00	1031.26
55.50	15813.34	0.00	287.94
55.60	15886.78	0.00	-472.46
55.70	15912.04	0.00	-1247.62
55.80	15887.09	0.00	-2034.93
55.90	15809.88	0.00	-2831.56
56.00	15678.41	0.00	-3634.43
56.10	15490.70	0.00	-4440.22
56.20	15244.86	0.00	-5245.40
56.30	14939.12	0.00	-6046.24
56.40	14571.87	0.00	-6838.84
56.50	14141.67	0.00	-7619.14
56.60	13647.34	0.00	-8382.96
56.70	13087.95	0.00	-9126.04
56.80	12462.89	0.00	-9844.04
56.90	11771.94	0.00	-10532.60
57.00	11015.23	0.00	-11187.38
57.10	10193.35	0.00	-11804.07
57.20	9307.37	0.00	-12378.45
57.30	8358.86	0.00	-12906.41
57.40	7349.92	0.00	-13383.99
57.50	6283.23	0.00	-13807.43
57.60	5162.03	0.00	-14173.18
57.70	3990.18	0.00	-14477.96
57.80	2772.13	0.00	-14718.77
57.90	1512.93	0.00	-14892.91
58.00	218.21	0.00	-14998.04
58.10	-1105.79	0.00	-15032.18
58.20	-2452.33	0.00	-14993.72
58.30	-3814.12	0.00	-14881.49
58.40	-5183.42	0.00	-14694.70
58.50	-6552.05	0.00	-14433.01
58.60	-7911.52	0.00	-14096.51
58.70	-9253.00	0.00	-13685.75
58.80	-10567.48	0.00	-13201.70
58.90	-11845.81	0.00	-12645.80
59.00	-13078.81	0.00	-12019.92
59.10	-14257.32	0.00	-11326.36
59.20	-15372.35	0.00	-10567.86
59.30	-16415.13	0.00	-9747.55
59.40	-17377.24	0.00	-8868.97
59.50	-18250.68	0.00	-7936.03
59.60	-19027.96	0.00	-6952.99
59.70	-19702.22	0.00	-5924.48
59.80	-20267.29	0.00	-4855.39
59.90	-20717.75	0.00	-3750.93
60.00	-21049.04	0.00	-2616.55
60.10	-21258.49	0.00	-1457.92
60.20	-21375.77	0.00	-280.92
60.30	-21414.95	0.00	908.42
60.40	-21374.86	0.00	2103.94
60.50	-21254.43	0.00	3299.39
60.60	-21052.65	0.00	4488.46
60.70	-20768.62	0.00	5664.81
60.80	-20401.57	0.00	6822.14
60.90	-19950.89	0.00	7954.17
61.00	-19416.15	0.00	9054.73
61.10	-18797.17	0.00	10117.75
61.20	-18094.06	0.00	11137.36
61.30	-17307.23	0.00	12107.85
61.40	-16437.49	0.00	13023.76
61.50	-15486.09	0.00	13879.88
61.60	-14454.73	0.00	14671.31
61.70	-13345.64	0.00	15393.46
61.80	-12161.63	0.00	16042.11
61.90	-10906.09	0.00	16613.43
62.00	-9583.07	0.00	17103.98
62.10	-8197.24	0.00	17510.76
62.20	-6753.98	0.00	17831.22
62.30	-5259.29	0.00	18063.28
62.40	-3719.89	0.00	18205.34
62.50	-2143.11	0.00	18256.29
62.60	-536.92	0.00	18215.54
62.70	1090.15	0.00	18082.98
62.80	2729.02	0.00	17859.03
62.90	4370.16	0.00	17544.61
63.00	6003.65	0.00	17141.15
63.10	7619.26	0.00	16650.56
63.20	9206.55	0.00	16075.25
63.30	10754.94	0.00	15418.10
63.40	12253.87	0.00	14682.43
63.50	13692.84	0.00	13871.99
63.60	15061.59	0.00	12990.97
63.70	16350.15	0.00	12043.91
63.80	17549.00	0.00	11035.74
63.90	18649.14	0.00	9971.70
64.00	19642.23	0.00	8857.33
64.10	20520.66	0.00	7698.44
64.20	21277.65	0.00	6501.09
64.30	21907.33	0.00	5271.52
64.40	22404.82	0.00	4016.13
64.50	22766.28	0.00	2741.46
64.60	22988.94	0.00	1454.14
64.70	23071.17	0.00	160.86
64.80	23027.46	0.00	-1131.70
64.90	22898.08	0.00	-2416.85
65.00	22685.44	0.00	-3687.97
65.10	22389.80	0.00	-4938.53
65.20	22011.48	0.00	-6162.12
65.30	21550.91	0.00	-7352.50
65.40	21008.60	0.00	-8503.63
65.50	20385.25	0.00	-9609.68
65.60	19681.73	0.00	-10665.10
65.70	18899.16	0.00	-11664.64
65.80	18038.95	0.00	-12603.33
65.90	17102.84	0.00	-13476.59
66.00	16092.95	0.00	-14280.21
66.10	15011.83	0.00	-15010.35
66.20	13862.48	0.00	-15663.62
66.30	12648.39	0.00	-16237.07
66.40	11373.61	0.00	-16728.18
66.50	10042.67	0.00	-17134.95
66.60	8660.71	0.00	-17455.81
66.70	7233.38	0.00	-17689.74
66.80	5766.89	0.00	-17836.19
66.90	4267.97	0.00	-17895.10
67.00	2743.83	0.00	-17866.95
67.10	1202.13	0.00	-17752.69
67.20	-349.08	0.00	-17553.76
67.30	-1901.41	0.00	-17272.09
67.40	-3446.21	0.00	-16910.04
67.50	-4974.68	0.00	-16470.44
67.60	-6477.88	0.00	-15956.51
67.70	-7946.90	0.00	-15371.87
67.80	-9372.91	0.00	-14720.50
67.90	-10747.24	0.00	-14006.68
68.00	-12061.54	0.00	-13234.99
68.10	-13307.78	0.00	-12410.25
68.20	-14478.44	0.00	-11537.46
68.30	-15566.50	0.00	-10621.81
68.40	-16565.56	0.00	-9668.58
68.50	-17469.92	0.00	-8683.12
68.60	-18274.60	0.00	-7670.81
68.70	-18975.41	0.00	-6636.98
68.80	-19568.98	0.00	-5586.94
68.90	-20052.76	0.00	-4525.84
69.00	-20425.09	0.00	-3458.71
69.10	-20685.10	0.00	-2390.41
69.20	-20832.79	0.00	-1325.55
69.30	-20868.96	0.00	-268.52
69.40	-20798.49	0.00	776.55
69.50	-20657.67	0.00	1805.85
69.60	-20457.34	0.00	2815.82
69.70	-20199.10	0.00	3803.25
69.80	-19884.46	0.00	4765.21
69.90	-19514.80	0.00	5699.10
70.00	-19091.36	0.00	6602.60
70.10	-18615.26	0.00	7473.69
70.20	-18087.48	0.00	8310.61
70.30	-17508.87	0.00	9111.85
70.40	-16880.17	0.00	9876.12
70.50	-16202.00	0.00	10602.34
70.60	-15474.93	0.00	11289.58
70.70	-14699.42	0.00	11937.03
70.80	-13875.92	0.00	12544.01
70.90	-13004.87	0.00	13109.87
71.00	-12086.72	0.00	13634.00
71.10	-11121.98	0.00	14115.81
71.20	-10111.25	0.00	14554.65
71.30	-9055.29	0.00	14949.83
71.40	-7955.01	0.00	15300.59
71.50	-6811.56	0.00	15606.04
71.60	-5626.35	0.00	15865.21
71.70	-4401.12	0.00	16077.00
71.80	-3137.97	0.00	16240.16
71.90	-1839.38	0.00	16353.36
72.00	-508.32	0.00	16415.12
72.10	851.79	0.00	16423.88
72.20	2236.99	0.00	16377.99
72.30	3642.78	0.00	16275.74
72.40	5064.10	0.00	16115.40
72.50	6495.29	0.00	15895.26
72.60	7930.12	0.00	15613.64
72.70	9361.77	0.00	15268.94
72.80	10782.88	0.00	14859.73
72.90	12185.52	0.00	14384.73
73.00	13561.31	0.00	13842.90
73.10	14901.39	0.00	13233.47
73.20	16196.57	0.00	12556.01
73.30	17437.33	0.00	11810.45
73.40	18613.97	0.00	10997.13
73.50	19716.67	0.00	10116.84
73.60	20735.63	0.00	9170.89
73.70	21661.16	0.00	8161.06
73.80	22483.85	0.00	7089.72
73.90	23194.65	0.00	5959.78
74.00	23785.04	0.00	4774.73
74.10	24247.13	0.00	3538.65
74.20	24592.49	0.00	2256.19
74.30	24860.03	0.00	932.58
74.40	25047.82	0.00	-426.39
74.50	25152.02	0.00	-1814.44
74.60	25168.72	0.00	-3224.76
74.70	25094.00	0.00	-4650.08
74.80	24923.96	0.00	-6082.76
74.90	24654.76	0.00	-7514.77
75.00	24282.73	0.00	-8937.81
75.10	23804.39	0.00	-10343.32
75.20	23216.58	0.00	-11722.60
75.30	22516.49	0.00	-13066.87
75.40	21701.82	0.00	-14367.30
75.50	20770.84	0.00	-15615.14
75.60	19722.49	0.00	-16801.80
75.70	18556.47	0.00	-17918.88
75.80	17273.39	0.00	-18958.28
75.90	15874.79	0.00	-19912.28
76.00	14363.28	0.00	-20773.60
76.10	12742.58	0.00	-21535.46
76.20	11017.61	0.00	-22191.68
76.30	9194.50	0.00	-22736.68
76.40	7280.67	0.00	-23165.61
76.50	5284.79	0.00	-23474.33
76.60	3216.80	0.00	-23659.48
76.70	1087.85	0.00	-23718.52
76.80	-1089.72	0.00	-23649.74
76.90	-3302.51	0.00	-23452.28
77.00	-5536.11	0.00	-23126.15
77.10	-7775.26	0.00	-22672.23
77.20	-10003.98	0.00	-22092.24
77.30	-12205.75	0.00	-21388.78
77.40	-14363.65	0.00	-20565.25
77.50	-16460.61	0.00	-19625.86
77.60	-18479.58	0.00	-18575.58
77.70	-20403.72	0.00	-17420.10
77.80	-22216.66	0.00	-16165.79
77.90	-23902.67	0.00	-14819.67
78.00	-25446.89	0.00	-13389.30
78.10	-26835.53	0.00	-11882.77
78.20	-28056.02	0.00	-10308.61
78.30	-29097.23	0.00	-8675.76
78.40	-29949.57	0.00	-6993.45
78.50	-30605.16	0.00	-5271.19
78.60	-31057.91	0.00	-3518.67
78.70	-31303.65	0.00	-1745.68
78.80	-31395.80	0.00	37.91
78.90	-31384.05	0.00	1822.25
79.00	-31268.25	0.00	3597.58
79.10	-31048.11	0.00	5354.26
79.20	-30723.14	0.00	7082.85
79.30	-30292.76	0.00	8774.15
79.40	-29756.31	0.00	10419.27
79.50	-29113.09	0.00	12009.67
79.60	-28362.48	0.00	13537.20
79.70	-27503.97	0.00	14994.14
79.80	-26537.29	0.00	16373.25
79.90	-25462.45	0.00	17667.78
80.00	-24279.89	0.00	18871.52
80.10	-22990.55	0.00	19978.81
80.20	-21595.95	0.00	20984.56
80.30	-20098.30	0.00	21884.27
80.40	-18500.56	0.00	22674.05
80.50	-16806.52	0.00	23350.63
80.60	-15020.85	0.00	23911.33
80.70	-13149.14	0.00	24354.10
80.80	-11197.95	0.00	24677.51
80.90	-9174.79	0.00	24880.75
81.00	-7088.16	0.00	24963.59
81.10	-4947.48	0.00	24926.42
81.20	-2763.09	0.00	24770.19
81.30	-546.16	0.00	24496.43
81.40	1691.36	0.00	24107.23
81.50	3936.81	0.00	23605.19
81.60	6176.98	0.00	22993.44
81.70	8398.17	0.00	22275.60
81.80	10586.35	0.00	21455.74
81.90	12727.28	0.00	20538.40
82.00	14806.67	0.00	19528.52
82.10	16810.33	0.00	18431.42
82.20	18724.29	0.00	17252.81
82.30	20535.01	0.00	15998.71
82.40	22229.48	0.00	14675.47
82.50	23795.40	0.00	13289.68
82.60	25221.33	0.00	11848.19
82.70	26496.77	0.00	10358.09
82.80	27612.36	0.00	8826.59
82.90	28559.92	0.00	7261.11
83.00	29332.59	0.00	5669.15
83.10	29924.90	0.00	4058.29
83.20	30332.81	0.00	2436.17
83.30	30553.82	0.00	810.45
83.40	30586.90	0.00	-811.24
83.50	30456.45	0.00	-2421.30
83.60	30235.05	0.00	-4012.24
83.70	29927.82	0.00	-5576.68
83.80	29534.81	0.00	-7107.36
83.90	29055.85	0.00	-8597.24
84.00	28490.62	0.00	-10039.46
84.10	27838.75	0.00	-11427.42
84.20	27099.80	0.00	-12754.78
84.30	26273.41	0.00	-14015.50
84.40	25359.37	0.00	-15203.87
84.50	24357.67	0.00	-16314.50
84.60	23268.61	0.00	-17342.42
84.70	22092.90	0.00	-18283.02
84.80	20831.70	0.00	-19132.13
84.90	19486.74	0.00	-19885.98
85.00	18060.37	0.00	-20541.29
85.10	16555.64	0.00	-21095.24
85.20	14976.33	0.00	-21545.47
85.30	13327.00	0.00	-21890.13
85.40	11613.05	0.00	-22127.88
85.50	9840.69	0.00	-22257.88
85.60	8016.98	0.00	-22279.82
85.70	6149.81	0.00	-22193.88
85.80	4247.84	0.00	-22000.81
85.90	2320.50	0.00	-21701.85
86.00	377.91	0.00	-21298.79
86.10	-1569.17	0.00	-20793.92
86.20	-3509.47	0.00	-20190.06
86.30	-5431.28	0.00	-19490.54
86.40	-7322.57	0.00	-18699.18
86.50	-9171.08	0.00	-17820.29
86.60	-10964.51	0.00	-16858.68
86.70	-12690.61	0.00	-15819.60
86.80	-14337.35	0.00	-14708.74
86.90	-15893.05	0.00	-13532.22
87.00	-17346.50	0.00	-12296.56
87.10	-18687.16	0.00	-11008.64
87.20	-19905.25	0.00	-9675.69
87.30	-20991.91	0.00	-8305.25
87.40	-21939.29	0.00	-6905.12
87.50	-22740.71	0.00	-5483.35
87.60	-23390.70	0.00	-4048.17
87.70	-23885.11	0.00	-2607.94
87.80	-24221.19	0.00	-1171.12
87.90	-24397.62	0.00	253.78
88.00	-24414.53	0.00	1658.28
88.10	-24273.51	0.00	3033.98
88.20	-23977.63	0.00	4372.61
88.30	-23531.42	0.00	5666.11
88.40	-22972.77	0.00	6906.67
88.50	-22331.73	0.00	8086.83
88.60	-21611.22	0.00	9199.50
88.70	-20814.47	0.00	10238.06
88.80	-19945.05	0.00	11196.43
88.90	-19006.92	0.00	12069.08
89.00	-18004.46	0.00	12851.13
89.10	-16942.50	0.00	13538.39
89.20	-15826.33	0.00	14127.39
89.30	-14661.73	0.00	14615.44
89.40	-13454.96	0.00	15000.69
89.50	-12212.73	0.00	15282.06
89.60	-10942.21	0.00	15459.39
89.70	-9650.95	0.00	15533.32
89.80	-8346.84	0.00	15505.40
89.90	-7038.06	0.00	15377.98
90.00	-5732.96	0.00	15154.29
90.10	-4440.01	0.00	14838.30
90.20	-3167.68	0.00	14434.78
90.30	-1924.31	0.00	13949.20
90.40	-718.06	0.00	13387.66
90.50	443.26	0.00	12756.86
90.60	1552.26	0.00	12064.00
90.70	2602.10	0.00	11316.71
90.80	3586.60	0.00	10522.96
90.90	4500.28	0.00	9690.97
91.00	5338.50	0.00	8829.11
91.10	6097.48	0.00	7945.82
91.20	6774.37	0.00	7049.50
91.30	7367.27	0.00	6148.40
91.40	7875.25	0.00	5250.59
91.50	8298.37	0.00	4363.79
91.60	8637.60	0.00	3495.35
91.70	8894.86	0.00	2652.13
91.80	9072.90	0.00	1840.49
91.90	9175.27	0.00	1066.15
92.00	9206.23	0.00	334.20
92.10	9170.66	0.00	-350.95
92.20	9073.97	0.00	-985.63
92.30	8921.97	0.00	-1566.87
92.40	8720.80	0.00	-2092.48
92.50	8476.79	0.00	-2561.00
92.60	8196.37	0.00	-2971.68
92.70	7885.97	0.00	-3324.48
92.80	7551.90	0.00	-3620.03
92.90	7200.29	0.00	-3859.59
93.00	6836.97	0.00	-4044.97
93.10	6467.44	0.00	-4178.52
93.20	6096.77	0.00	-4263.02
93.30	5729.60	0.00	-4301.65
93.40	5370.03	0.00	-4297.90
93.50	5021.66	0.00	-4255.49
93.60	4687.55	0.00	-4178.33
93.70	4370.20	0.00	-4070.41
93.80	4071.58	0.00	-3935.77
93.90	3793.15	0.00	-3778.40
94.00	3535.86	0.00	-3602.20
94.10	3300.21	0.00	-3410.91
94.20	3086.26	0.00	-3208.09
94.30	2893.75	0.00	-2997.04
94.40	2722.62	0.00	-2780.81
94.50	2572.09	0.00	-2562.12
94.60	2440.91	0.00	-2343.39
94.70	2327.69	0.00	-2126.72
94.80	2230.95	0.00	-1913.87
94.90	2149.16	0.00	-1706.27
95.00	2080.77	0.00	-1505.05
95.10	2024.31	0.00	-1311.04
95.20	1978.35	0.00	-1124.82
95.30	1941.58	0.00	-946.72
95.40	1912.82	0.00	-776.87
95.50	1891.04	0.00	-615.23
95.60	1875.39	0.00	-461.63
95.70	1865.19	0.00	-315.82
95.80	1859.92	0.00	-177.49
95.90	1859.25	0.00	-46.33
96.00	1863.00	0.00	77.96
96.10	1871.14	0.00	195.63
96.20	1883.75	0.00	306.82
96.30	1901.02	0.00	411.58
96.40	1923.21	0.00	509.84
96.50	1950.62	0.00	601.38
96.60	1983.56	0.00	685.82
96.70	2022.30	0.00	762.64
96.80	2067.08	0.00	831.17
96.90	2118.01	0.00	890.60
97.00	2175.14	0.00	940.00
97.10	2238.32	0.00	978.33
97.20	2307.27	0.00	1004.47
97.30	2381.50	0.00	1017.25
97.40	2460.34	0.00	1015.48
97.50	2542.89	0.00	997.98
97.60	2628.04	0.00	963.62
97.70	2714.49	0.00	911.35
97.80	2800.69	0.00	840.23
97.90	2884.94	0.00	749.50
98.00	2965.33	0.00	638.56
98.10	3039.80	0.00	507.04
98.20	3106.19	0.00	354.81
98.30	3162.21	0.00	181.99
98.40	3205.50	0.00	-10.99
98.50	3233.72	0.00	-223.42
98.60	3244.48	0.00	-454.30
98.70	3235.49	0.00	-702.29
98.80	3204.53	0.00	-965.79
98.90	3149.51	0.00	-1242.88
99.00	3068.52	0.00	-1531.40
99.10	2959.86	0.00	-1828.89
99.20	2822.07	0.00	-2132.72
99.30	2653.97	0.00	-2440.02
99.40	2454.71	0.00	-2747.79
99.50	2223.75	0.00	-3052.88
99.60	1960.92	0.00	-3352.10
99.70	1666.41	0.00	-3642.20
99.80	1340.81	0.00	-3919.93
99.90	985.11	0.00	-4182.12
100.00	600.66	0.00	-4425.68
100.10	189.23	0.00	-4647.66
100.20	-247.07	0.00	-4845.30
100.30	-705.74	0.00	-5016.06
100.40	-1183.97	0.00	-5157.66
100.50	-1678.63	0.00	-5268.11
100.60	-2186.31	0.00	-5345.72
100.70	-2703.39	0.00	-5389.15
100.80	-3226.02	0.00	-5397.40
100.90	-3750.24	0.00	-5369.86
101.00	-4271.96	0.00	-5306.26
101.10	-4787.04	0.00	-5206.73
101.20	-5291.35	0.00	-5071.73
101.30	-5780.81	0.00	-4902.10
101.40	-6251.43	0.00	-4699.02
101.50	-6699.37	0.00	-4463.96
101.60	-7120.99	0.00	-4198.72
101.70	-7512.89	0.00	-3905.35
101.80	-7871.93	0.00	-3586.12
101.90	-8195.29	0.00	-3243.51
102.00	-8480.51	0.00	-2880.18
102.10	-8725.46	0.00	-2498.90
102.20	-8928.42	0.00	-2102.55
102.30	-9088.05	0.00	-1694.03
102.40	-9203.41	0.00	-1276.30
102.50	-9276.84	0.00	-852.27
102.60	-9314.41	0.00	-424.82
102.70	-9316.59	0.00	3.26
102.80	-9283.85	0.00	429.29
102.90	-9216.84	0.00	850.70
103.00	-9116.39	0.00	1265.10
103.10	-8983.47	0.00	1670.25
103.20	-8819.17	0.00	2064.13
103.30	-8624.68	0.00	2444.86
103.40	-8401.29	0.00	2810.81
103.50	-8150.35	0.00	3160.52
103.60	-7873.27	0.00	3492.74
103.70	-7571.50	0.00	3806.44
103.80	-7246.49	0.00	4100.75
103.90	-6899.73	0.00	4374.99
104.00	-6532.70	0.00	4628.66
104.10	-6146.85	0.00	4861.41
104.20	-5743.65	0.00	5073.03
104.30	-5324.53	0.00	5263.45
104.40	-4890.91	0.00	5432.70
104.50	-4444.17	0.00	5580.91
104.60	-3985.69	0.00	5708.29
104.70	-3516.80	0.00	5815.11
104.80	-3038.84	0.00	5901.71
104.90	-2553.13	0.00	5968.46
105.00	-2060.96	0.00	6015.77
105.10	-1563.65	0.00	6044.05
105.20	-1062.48	0.00	6053.75
105.30	-558.78	0.00	6045.30
105.40	-53.85	0.00	6019.18
105.50	450.96	0.00	5975.81
105.60	954.30	0.00	5915.67
105.70	1454.81	0.00	5839.21
105.80	1951.09	0.00	5746.88
105.90	2441.73	0.00	5639.14
106.00	2925.30	0.00	5516.48
106.10	3400.37	0.00	5379.37
106.20	3865.49	0.00	5228.30
106.30	4319.20	0.00	5063.79
106.40	4760.07	0.00	4886.36
106.50	5186.67	0.00	4696.57
106.60	5597.61	0.00	4494.98
106.70	5991.51	0.00	4282.20
106.80	6367.07	0.00	4058.82
106.90	6723.01	0.00	3825.49
107.00	7058.16	0.00	3582.85
107.10	7371.39	0.00	3331.55
107.20	7661.68	0.00	3072.26
107.30	7928.08	0.00	2805.63
107.40	8169.74	0.00	2532.32
107.50	8385.94	0.00	2252.98
107.60	8576.03	0.00	1968.22
107.70	8739.48	0.00	1678.65
107.80	8875.85	0.00	1384.82
107.90	8984.81	0.00	1087.27
108.00	9066.13	0.00	786.48
108.10	9119.63	0.00	482.91
108.20	9145.33	0.00	176.96
108.30	9148.76	0.00	-131.01
108.40	9133.33	0.00	-440.67
108.50	9099.05	0.00	-751.73
108.60	9045.85	0.00	-1063.92
108.70	8973.63	0.00	-1377.01
108.80	8882.19	0.00	-1690.74
108.90	8771.30	0.00	-2004.88
109.00	8640.62	0.00	-2319.16
109.10	8489.75	0.00	-2633.27
109.20	8318.25	0.00	-2946.88
109.30	8125.56	0.00	-3259.56
109.40	7911.11	0.00	-3570.83
109.50	7674.27	0.00	-3880.09
109.60	7414.36	0.00	-4186.64
109.70	7130.72	0.00	-4489.67
109.80	6822.66	0.00	-4788.21
109.90	6489.56	0.00	-5081.18
110.00	6130.82	0.00	-5367.33
110.10	5745.93	0.00	-5645.28
110.20	5334.51	0.00	-5913.50
110.30	4896.30	0.00	-6170.31
110.40	4431.22	0.00	-6413.91
110.50	3939.37	0.00	-6642.39
110.60	3421.10	0.00	-6853.73
110.70	2877.01	0.00	-7045.83
110.80	2307.99	0.00	-7216.54
110.90	1715.22	0.00	-7363.67
111.00	1100.20	0.00	-7485.05
111.10	464.79	0.00	-7578.53
111.20	-188.84	0.00	-7642.03
111.30	-858.14	0.00	-7673.58
111.40	-1540.23	0.00	-7671.32
111.50	-2231.89	0.00	-7633.60
111.60	-2929.57	0.00	-7558.95
111.70	-3629.42	0.00	-7446.13
111.80	-4327.34	0.00	-7294.19
111.90	-5018.95	0.00	-7102.47
112.00	-5699.70	0.00	-6870.60
112.10	-6364.89	0.00	-6598.57
112.20	-7009.72	0.00	-6286.73
112.30	-7629.31	0.00	-5935.76
112.40	-8218.85	0.00	-5546.73
112.50	-8773.55	0.00	-5121.07
112.60	-9288.78	0.00	-4660.57
112.70	-9760.11	0.00	-4167.37
112.80	-10183.35	0.00	-3643.95
112.90	-10554.63	0.00	-3093.11
113.00	-10870.46	0.00	-2517.93
113.10	-11127.74	0.00	-1921.77
113.20	-11323.85	0.00	-1308.21
113.30	-11456.66	0.00	-681.03
113.40	-11524.59	0.00	-44.19
113.50	-11526.58	0.00	598.26
113.60	-11469.37	0.00	1242.15
113.70	-11359.88	0.00	1883.29
113.80	-11198.22	0.00	2517.47
113.90	-10984.78	0.00	3140.53
114.00	-10720.25	0.00	3748.38
114.10	-10405.61	0.00	4337.03
114.20	-10042.09	0.00	4902.65
114.30	-9631.23	0.00	5441.56
114.40	-9174.82	0.00	5950.31
114.50	-8674.94	0.00	6425.67
114.60	-8133.90	0.00	6864.66
114.70	-7554.30	0.00	7264.60
114.80	-6938.97	0.00	7623.07
114.90	-6290.98	0.00	7937.96
115.00	-5613.60	0.00	8207.49
115.10	-4910.35	0.00	8430.18
115.20	-4184.91	0.00	8604.90
115.30	-3441.15	0.00	8730.83
115.40	-2683.11	0.00	8807.49
115.50	-1914.93	0.00	8834.71
115.60	-1140.90	0.00	8812.65
115.70	-365.39	0.00	8741.77
115.80	407.20	0.00	8622.86
115.90	1172.40	0.00	8456.97
116.00	1925.76	0.00	8245.46
116.10	2662.86	0.00	7989.95
116.20	3379.34	0.00	7692.32
116.30	4070.93	0.00	7354.70
116.40	4733.51	0.00	6979.42
116.50	5363.12	0.00	6569.06
116.60	5956.00	0.00	6126.37
116.70	6508.63	0.00	5654.28
116.80	7017.74	0.00	5155.88
116.90	7480.38	0.00	4634.41
117.00	7893.92	0.00	4093.21
117.10	8256.08	0.00	3535.72
117.20	8564.95	0.00	2965.47
117.30	8819.04	0.00	2386.01
117.40	9017.26	0.00	1800.95
117.50	9158.92	0.00	1213.89
117.60	9243.80	0.00	628.39
117.70	9272.08	0.00	48.01
117.80	9244.39	0.00	-523.82
117.90	9161.79	0.00	-1083.72
118.00	9025.71	0.00	-1628.45
118.10	8839.19	0.00	-2154.91
118.20	8610.57	0.00	-2660.19
118.30	8342.73	0.00	-3141.53
118.40	8037.70	0.00	-3596.40
118.50	7697.71	0.00	-4022.52
118.60	7325.13	0.00	-4417.82
118.70	6922.48	0.00	-4780.51
118.80	6492.41	0.00	-5109.05
118.90	6037.71	0.00	-5402.21
119.00	5561.24	0.00	-5659.02
119.10	5065.97	0.00	-5878.80
119.20	4554.90	0.00	-6061.17
119.30	4031.10	0.00	-6206.02
119.40	3497.66	0.00	-6313.53
119.50	2957.65	0.00	-6384.14
119.60	2414.13	0.00	-6418.53
119.70	1870.12	0.00	-6417.65
119.80	1328.56	0.00	-6382.65
119.90	792.29	0.00	-6314.88
120.00	264.05	0.00	-6215.89
120.10	-253.53	0.00	-6087.38
120.20	-758.00	0.00	-5931.16
120.30	-1247.06	0.00	-5749.19
120.40	-1718.58	0.00	-5543.48
120.50	-2170.62	0.00	-5316.12
120.60	-2601.44	0.00	-5069.21
120.70	-3009.49	0.00	-4804.88
120.80	-3393.41	0.00	-4525.24
120.90	-3752.07	0.00	-4232.37
121.00	-4084.51	0.00	-3928.30
121.10	-4389.98	0.00	-3614.99
121.20	-4667.90	0.00	-3294.31
121.30	-4917.87	0.00	-2968.03
121.40	-5139.66	0.00	-2637.83
121.50	-5333.18	0.00	-2305.27
121.60	-5498.47	0.00	-1971.79
121.70	-5635.71	0.00	-1638.71
121.80	-5745.18	0.00	-1307.23
121.90	-5827.25	0.00	-978.45
122.00	-5882.38	0.00	-653.35
122.10	-5911.07	0.00	-332.79
122.20	-5913.91	0.00	-17.55
122.30	-5891.50	0.00	291.68
122.40	-5844.61	0.00	594.27
122.50	-5776.39	0.00	889.69
122.60	-5688.47	0.00	1177.44
122.70	-5581.38	0.00	1457.04
122.80	-5455.59	0.00	1728.09
122.90	-5311.55	0.00	1990.16
123.00	-5149.70	0.00	2242.85
123.10	-4970.43	0.00	2485.76
123.20	-4774.15	0.00	2718.46
123.30	-4561.24	0.00	2940.54
123.40	-4332.09	0.00	3151.52
123.50	-4087.13	0.00	3350.92
123.60	-3826.81	0.00	3538.24
123.70	-3551.59	0.00	3712.94
123.80	-3262.02	0.00	3874.44
123.90	-2958.71	0.00	4022.15
124.00	-2642.31	0.00	4155.47
124.10	-2313.58	0.00	4273.76
124.20	-1973.38	0.00	4376.40
124.30	-1622.63	0.00	4462.76
124.40	-1262.39	0.00	4532.21
124.50	-893.81	0.00	4584.16
124.60	-518.15	0.00	4618.05
124.70	-136.78	0.00	4633.35
124.80	248.82	0.00	4629.60
124.90	637.06	0.00	4606.40
125.00	1026.26	0.00	4563.42
125.10	1414.64	0.00	4500.44
125.20	1800.37	0.00	4417.31
125.30	2181.50	0.00	4314.00
125.40	2556.06	0.00	4190.59
125.50	2922.03	0.00	4047.28
125.60	3277.36	0.00	3884.40
125.70	3620.01	0.00	3702.40
125.80	3947.91	0.00	3501.87
125.90	4259.07	0.00	3283.53
126.00	4551.52	0.00	3048.23
126.10	4823.35	0.00	2796.97
126.20	5072.78	0.00	2530.85
126.30	5298.10	0.00	2251.11
126.40	5497.73	0.00	1959.10
126.50	5670.26	0.00	1656.27
126.60	5814.42	0.00	1344.20
126.70	5929.11	0.00	1024.51
126.80	6013.45	0.00	698.94
126.90	6066.73	0.00	369.29
127.00	6089.78	0.00	37.38
127.10	6084.94	0.00	-294.89
127.20	6052.20	0.00	-625.63
127.30	5991.61	0.00	-952.92
127.40	5903.41	0.00	-1274.85
127.50	5787.95	0.00	-1589.55
127.60	5645.75	0.00	-1895.17
127.70	5477.48	0.00	-2189.91
127.80	5283.96	0.00	-2472.05
127.90	5066.17	0.00	-2739.95
128.00	4825.22	0.00	-2992.07
128.10	4562.37	0.00	-3226.98
128.20	4279.00	0.00	-3443.35
128.30	3976.64	0.00	-3640.02
128.40	3656.93	0.00	-3815.96
128.50	3321.63	0.00	-3970.28
128.60	2972.57	0.00	-4102.27
128.70	2611.71	0.00	-4211.38
128.80	2241.06	0.00	-4297.24
128.90	1862.71	0.00	-4359.64
129.00	1478.77	0.00	-4398.55
129.10	1091.39	0.00	-4414.15
129.20	702.76	0.00	-4406.74
129.30	315.03	0.00	-4376.84
129.40	-69.66	0.00	-4325.10
129.50	-449.21	0.00	-4252.35
129.60	-821.58	0.00	-4159.58
129.70	-1184.80	0.00	-4047.88
129.80	-1537.01	0.00	-3918.51
129.90	-1876.45	0.00	-3772.83
130.00	-2201.49	0.00	-3612.28
130.10	-2510.65	0.00	-3438.42
130.20	-2802.59	0.00	-3252.86
130.30	-3076.15	0.00	-3057.26
130.40	-3330.33	0.00	-2853.32
130.50	-3564.33	0.00	-2642.74
130.60	-3777.52	0.00	-2427.24
130.70	-3969.48	0.00	-2208.51
130.80	-4139.95	0.00	-1988.19
130.90	-4288.90	0.00	-1767.87
131.00	-4416.43	0.00	-1549.07
131.10	-4522.85	0.00	-1333.22
131.20	-4608.63	0.00	-1121.65
131.30	-4674.38	0.00	-915.55
131.40	-4720.87	0.00	-716.02
131.50	-4748.97	0.00	-523.98
131.60	-4759.67	0.00	-340.24
131.70	-4754.06	0.00	-165.44
131.80	-4733.26	0.00	-0.05
131.90	-4698.49	0.00	155.58
132.00	-4650.96	0.00	301.29
132.10	-4592.13	0.00	437.07
132.20	-4524.88	0.00	563.05
132.30	-4450.68	0.00	679.50
132.40	-4370.56	0.00	786.84
132.50	-4285.47	0.00	885.60
132.60	-4196.30	0.00	976.42
132.70	-4103.80	0.00	1060.04
132.80	-4008.65	0.00	1137.29
132.90	-3911.41	0.00	1209.04
133.00	-3812.50	0.00	1276.23
133.10	-3712.25	0.00	1339.82
133.20	-3610.84	0.00	1400.79
133.30	-3508.33	0.00	1460.08
133.40	-3404.66	0.00	1518.66
133.50	-3299.66	0.00	1577.40
133.60	-3193.04	0.00	1637.15
133.70	-3084.41	0.00	1698.67
133.80	-2973.28	0.00	1762.63
133.90	-2859.08	0.00	1829.61
134.00	-2741.17	0.00	1900.05
134.10	-2618.86	0.00	1974.30
134.20	-2491.40	0.00	2052.56
134.30	-2358.03	0.00	2134.90
134.40	-2217.98	0.00	2221.26
134.50	-2070.47	0.00	2311.41
134.60	-1914.76	0.00	2405.02
134.70	-1750.13	0.00	2501.60
134.80	-1575.94	0.00	2600.54
134.90	-1391.59	0.00	2701.08
135.00	-1196.59	0.00	2802.38
135.10	-990.52	0.00	2903.46
135.20	-773.09	0.00	3003.26
135.30	-544.12	0.00	3100.63
135.40	-303.57	0.00	3194.36
135.50	-51.54	0.00	3283.15
135.60	211.75	0.00	3365.70
135.70	485.90	0.00	3440.65
135.80	770.37	0.00	3506.64
135.90	1064.46	0.00	3562.30
136.00	1367.31	0.00	3606.29
136.10	1677.92	0.00	3637.28
136.20	1995.12	0.00	3654.01
136.30	2317.60	0.00	3655.27
136.40	2643.90	0.00	3639.91
136.50	2972.43	0.00	3606.87
136.60	3301.48	0.00	3555.19
136.70	3629.21	0.00	3484.00
136.80	3953.67	0.00	3392.58
136.90	4272.84	0.00	3280.31
137.00	4584.60	0.00	3146.70
137.10	4886.76	0.00	2991.42
137.20	5177.09	0.00	2814.29
137.30	5453.31	0.00	2615.28
137.40	5713.14	0.00	2394.52
137.50	5954.29	0.00	2152.33
137.60	6174.50	0.00	1889.18
137.70	6371.52	0.00	1605.72
137.80	6543.19	0.00	1302.81
137.90	6687.41	0.00	981.46
138.00	6802.41	0.00	642.88
138.10	6889.88	0.00	288.47
138.20	6949.47	0.00	-80.19
138.30	6979.69	0.00	-461.33
138.40	6979.15	0.00	-853.01
138.50	6946.55	0.00	-1253.10
138.60	6880.69	0.00	-1659.32
138.70	6780.54	0.00	-2069.21
138.80	6645.20	0.00	-2480.17
138.90	6473.95	0.00	-2889.45
139.00	6266.25	0.00	-3294.18
139.10	6021.80	0.00	-3691.41
139.20	5740.50	0.00	-4078.05
139.30	5422.52	0.00	-4451.00
139.40	5068.32	0.00	-4807.07
139.50	4678.62	0.00	-5143.08
139.60	4254.49	0.00	-5455.87
139.70	3797.29	0.00	-5742.29
139.80	3308.76	0.00	-5999.31
139.90	2790.97	0.00	-6223.96
140.00	2246.34	0.00	-6413.44
140.10	1677.67	0.00	-6565.14
140.20	1088.12	0.00	-6676.62
140.30	481.19	0.00	-6745.73
140.40	-139.28	0.00	-6770.58
140.50	-769.14	0.00	-6749.60
140.60	-1403.92	0.00	-6681.56
140.70	-2038.93	0.00	-6565.62
140.80	-2669.24	0.00	-6401.32
140.90	-3289.73	0.00	-6188.64
141.00	-3895.18	0.00	-5927.99
141.10	-4480.28	0.00	-5620.24
141.20	-5039.74	0.00	-5266.70
141.30	-5568.28	0.00	-4869.19
141.40	-6060.80	0.00	-4429.94
141.50	-6512.33	0.00	-3951.69
141.60	-6918.22	0.00	-3437.57
141.70	-7274.09	0.00	-2891.17
141.80	-7576.01	0.00	-2316.45
141.90	-7820.47	0.00	-1717.75
142.00	-8004.48	0.00	-1099.73
142.10	-8125.63	0.00	-467.33
142.20	-8182.10	0.00	174.27
142.30	-8172.73	0.00	819.70
142.40	-8097.02	0.00	1463.45
142.50	-7956.09	0.00	2099.96
142.60	-7755.79	0.00	2723.64
142.70	-7497.98	0.00	3328.94
142.80	-7184.17	0.00	3910.41
142.90	-6816.34	0.00	4462.80
143.00	-6396.99	0.00	4981.04
143.10	-5929.08	0.00	5460.39
143.20	-5416.05	0.00	5896.40
143.30	-4861.79	0.00	6285.03
143.40	-4270.60	0.00	6622.68
143.50	-3647.18	0.00	6906.20
143.60	-2996.60	0.00	7132.97
143.70	-2324.21	0.00	7300.88
143.80	-1635.68	0.00	7408.39
143.90	-936.85	0.00	7454.55
144.00	-233.76	0.00	7438.95
144.10	467.48	0.00	7361.79
144.20	1160.70	0.00	7223.84
144.30	1839.78	0.00	7026.44
144.40	2498.68	0.00	6771.45
144.50	3131.51	0.00	6461.27
144.60	3732.63	0.00	6098.79
144.70	4296.68	0.00	5687.33
144.80	4818.66	0.00	5230.63
144.90	5293.96	0.00	4732.82
145.00	5718.46	0.00	4198.31
145.10	6088.50	0.00	3631.82
145.20	6401.00	0.00	3038.27
145.30	6653.45	0.00	2422.74
145.40	6843.90	0.00	1790.44
145.50	6971.06	0.00	1146.65
145.60	7034.20	0.00	496.64
145.70	7033.71	0.00	-154.33
145.80	6974.03	0.00	-801.09
145.90	6856.96	0.00	-1438.60
146.00	6683.81	0.00	-2061.98
146.10	6456.23	0.00	-2666.55
146.20	6176.20	0.00	-3247.86
146.30	5846.05	0.00	-3801.74
146.40	5468.41	0.00	-4324.30
146.50	5046.19	0.00	-4811.95
146.60	4582.58	0.00	-5261.46
146.70	4081.01	0.00	-5669.91
146.80	3545.13	0.00	-6034.77
146.90	2978.82	0.00	-6353.84
147.00	2386.13	0.00	-6625.32
147.10	1771.28	0.00	-6847.75
147.20	1138.63	0.00	-7020.06
147.30	492.67	0.00	-7141.53
147.40	-162.02	0.00	-7211.82
147.50	-820.80	0.00	-7230.91
147.60	-1478.98	0.00	-7199.17
147.70	-2131.86	0.00	-7117.26
147.80	-2774.75	0.00	-6986.19
147.90	-3403.00	0.00	-6807.29
148.00	-4012.07	0.00	-6582.16
148.10	-4597.50	0.00	-6312.70
148.20	-5155.00	0.00	-6001.09
148.30	-5680.42	0.00	-5649.75
148.40	-6169.88	0.00	-5261.34
148.50	-6619.69	0.00	-4838.75
148.60	-7026.47	0.00	-4385.07
148.70	-7387.14	0.00	-3903.55
148.80	-7698.97	0.00	-3397.64
148.90	-7959.58	0.00	-2870.89
149.00	-8167.42	0.00	-2327.01
149.10	-8326.22	0.00	-1769.77
149.20	-8436.74	0.00	-1203.03
149.30	-8498.48	0.00	-630.68
149.40	-8511.20	0.00	-56.63
149.50	-8474.96	0.00	515.21
149.60	-8390.06	0.00	1081.00
149.70	-8257.08	0.00	1636.93
149.80	-8076.89	0.00	2179.32
149.90	-7850.62	0.00	2704.62
150.00	-7579.66	0.00	3209.42
150.10	-7265.70	0.00	3690.51
150.20	-6910.69	0.00	4144.90
150.30	-6516.83	0.00	4569.83
150.40	-6086.58	0.00	4962.83
150.50	-5622.64	0.00	5321.71
150.60	-5127.96	0.00	5644.57
150.70	-4605.68	0.00	5929.89
150.80	-4059.13	0.00	6176.44
150.90	-3491.81	0.00	6383.40
151.00	-2907.38	0.00	6550.27
151.10	-2309.58	0.00	6676.93
151.20	-1702.24	0.00	6763.66
151.30	-1089.22	0.00	6811.05
151.40	-474.40	0.00	6820.07
151.50	138.40	0.00	6792.04
151.60	745.43	0.00	6728.58
151.70	1343.05	0.00	6631.62
151.80	1927.79	0.00	6503.35
151.90	2496.39	0.00	6346.23
152.00	3045.80	0.00	6162.91
152.10	3573.26	0.00	5956.21
152.20	4076.32	0.00	5729.09
152.30	4552.83	0.00	5484.60
152.40	5001.01	0.00	5225.85
152.50	5419.44	0.00	4955.95
152.60	5807.09	0.00	4677.96
152.70	6163.28	0.00	4394.88
152.80	6487.75	0.00	4109.57
152.90	6780.56	0.00	3824.74
153.00	7042.18	0.00	3542.87
153.10	7273.37	0.00	3266.22
153.20	7475.21	0.00	2996.76
153.30	7649.07	0.00	2736.18
153.40	7796.52	0.00	2485.81
153.50	7919.35	0.00	2246.66
153.60	8019.50	0.00	2019.35
153.70	8099.00	0.00	1804.14
153.80	8159.92	0.00	1600.93
153.90	8204.35	0.00	1409.23
154.00	8235.55	0.00	1228.17
154.10	8260.89	0.00	1056.56
154.20	8282.82	0.00	892.88
154.30	8302.94	0.00	735.28
154.40	8322.58	0.00	581.67
154.50	8342.81	0.00	429.71
154.60	8364.36	0.00	276.87
154.70	8387.60	0.00	120.49
154.80	8412.58	0.00	-42.21
154.90	8438.93	0.00	-214.02
155.00	8465.89	0.00	-397.75
155.10	8492.33	0.00	-596.13
155.20	8516.71	0.00	-811.75
155.30	8537.08	0.00	-1047.03
155.40	8551.15	0.00	-1304.16
155.50	8556.25	0.00	-1585.02
155.60	8549.37	0.00	-1891.16
155.70	8527.21	0.00	-2223.73
155.80	8486.21	0.00	-2583.46
155.90	8422.56	0.00	-2970.58
156.00	8332.31	0.00	-3384.85
156.10	8211.36	0.00	-3825.49
156.20	8055.56	0.00	-4291.15
156.30	7860.73	0.00	-4779.94
156.40	7622.77	0.00	-5289.42
156.50	7337.72	0.00	-5816.56
156.60	7001.81	0.00	-6357.82
156.70	6611.53	0.00	-6909.11
156.80	6163.75	0.00	-7465.88
156.90	5655.75	0.00	-8023.11
157.00	5085.31	0.00	-8575.36
157.10	4450.78	0.00	-9116.87
157.20	3751.18	0.00	-9641.57
157.30	2986.21	0.00	-10143.17
157.40	2156.38	0.00	-10615.24
157.50	1263.00	0.00	-11051.27
157.60	308.28	0.00	-11444.75
157.70	-704.67	0.00	-11789.28
157.80	-1771.77	0.00	-12078.62
157.90	-2888.00	0.00	-12306.81
158.00	-4047.38	0.00	-12468.23
158.10	-5242.97	0.00	-12557.68
158.20	-6466.93	0.00	-12570.50
158.30	-7710.51	0.00	-12502.59
158.40	-8964.20	0.00	-12350.52
158.50	-10217.73	0.00	-12111.58
158.60	-11460.22	0.00	-11783.83
158.70	-12680.26	0.00	-11366.17
158.80	-13866.06	0.00	-10858.35
158.90	-15005.61	0.00	-10261.02
159.00	-16086.78	0.00	-9575.73
159.10	-17097.56	0.00	-8804.96
159.20	-18026.17	0.00	-7952.09
159.30	-18861.28	0.00	-7021.43
159.40	-19592.15	0.00	-6018.12
159.50	-20208.84	0.00	-4948.16
159.60	-20702.36	0.00	-3818.32
159.70	-21087.79	0.00	-2636.12
159.80	-21383.99	0.00	-1409.72
159.90	-21587.08	0.00	-147.86
160.00	-21693.54	0.00	1140.22
160.10	-21700.30	0.00	2444.86
160.20	-21604.71	0.00	3756.13
160.30	-21404.61	0.00	5063.85
160.40	-21098.35	0.00	6357.79
160.50	-20684.83	0.00	7627.70
160.60	-20163.57	0.00	8863.45
160.70	-19534.72	0.00	10055.13
160.80	-18799.15	0.00	11193.19
160.90	-17958.45	0.00	12268.47
161.00	-17015.02	0.00	13272.36
161.10	-15972.08	0.00	14196.86
161.20	-14833.69	0.00	15034.68
161.30	-13604.83	0.00	15779.29
161.40	-12291.34	0.00	16425.01
161.50	-10899.96	0.00	16967.05
161.60	-9438.31	0.00	17401.57
161.70	-7914.84	0.00	17725.68
161.80	-6338.81	0.00	17937.52
161.90	-4720.19	0.00	18036.22
162.00	-3069.60	0.00	18021.91
162.10	-1398.22	0.00	17895.71
162.20	282.35	0.00	17659.73
162.30	1960.19	0.00	17317.00
162.40	3623.22	0.00	16871.45
162.50	5259.31	0.00	16327.82
162.60	6856.46	0.00	15691.65
162.70	8402.93	0.00	14969.17
162.80	9887.41	0.00	14167.24
162.90	11299.16	0.00	13293.26
163.00	12628.13	0.00	12355.07
163.10	13865.11	0.00	11360.89
163.20	15001.85	0.00	10319.22
163.30	16031.15	0.00	9238.71
163.40	16946.92	0.00	8128.11
163.50	17744.29	0.00	6996.18
163.60	18419.62	0.00	5851.55
163.70	18970.54	0.00	4702.69
163.80	19395.95	0.00	3557.82
163.90	19695.98	0.00	2424.79
164.00	19871.99	0.00	1311.09
164.10	19926.49	0.00	223.70
164.20	19863.07	0.00	-830.88
164.30	19686.32	0.00	-1846.75
164.40	19401.73	0.00	-2818.58
164.50	19018.37	0.00	-3741.69
164.60	18571.22	0.00	-4612.05
164.70	18072.59	0.00	-5426.30
164.80	17527.03	0.00	-6181.73
164.90	16939.01	0.00	-6876.29
165.00	16312.93	0.00	-7508.59
165.10	15653.12	0.00	-8077.88
165.20	14963.76	0.00	-8583.97
165.30	14248.93	0.00	-9027.28
165.40	13512.55	0.00	-9408.73
165.50	12758.37	0.00	-9729.73
165.60	11989.97	0.00	-9992.13
165.70	11210.74	0.00	-10198.17
165.80	10423.84	0.00	-10350.41
165.90	9632.25	0.00	-10451.69
166.00	8838.71	0.00	-10505.09
166.10	8045.71	0.00	-10513.83
166.20	7255.54	0.00	-10481.25
166.30	6470.23	0.00	-10410.75
166.40	5691.58	0.00	-10305.74
166.50	4921.19	0.00	-10169.60
166.60	4160.40	0.00	-10005.59
166.70	3410.37	0.00	-9816.88
166.80	2672.06	0.00	-9606.48
166.90	1946.26	0.00	-9377.18
167.00	1233.60	0.00	-9131.58
167.10	534.59	0.00	-8872.04
167.20	-150.38	0.00	-8600.66
167.30	-820.98	0.00	-8319.28
167.40	-1476.96	0.00	-8029.48
167.50	-2118.06	0.00	-7732.57
167.60	-2744.03	0.00	-7429.61
167.70	-3354.62	0.00	-7121.40
167.80	-3949.48	0.00	-6808.53
167.90	-4528.23	0.00	-6491.35
168.00	-5090.35	0.00	-6170.02
168.10	-5635.24	0.00	-5844.56
168.20	-6162.18	0.00	-5514.84
168.30	-6670.28	0.00	-5180.60
168.40	-7158.54	0.00	-4841.53
168.50	-7625.82	0.00	-4497.27
168.60	-8070.83	0.00	-4147.42
168.70	-8492.15	0.00	-3791.63
168.80	-8888.28	0.00	-3429.58
168.90	-9257.57	0.00	-3061.02
169.00	-9598.34	0.00	-2685.81
169.10	-9908.83	0.00	-2303.93
169.20	-10187.26	0.00	-1915.51
169.30	-10431.87	0.00	-1520.83
169.40	-10640.93	0.00	-1120.36
169.50	-10812.78	0.00	-714.74
169.60	-10945.86	0.00	-304.83
169.70	-11038.78	0.00	108.33
169.80	-11090.30	0.00	523.53
169.90	-11099.40	0.00	939.34
170.00	-11065.29	0.00	1354.17
170.10	-10987.46	0.00	1766.26
170.20	-10865.69	0.00	2173.71
170.30	-10706.77	0.00	2574.50
170.40	-10516.52	0.00	2966.49
170.50	-10294.92	0.00	3347.49
170.60	-10042.17	0.00	3715.24
170.70	-9758.67	0.00	4067.48
170.80	-9445.04	0.00	4401.94
170.90	-9102.12	0.00	4716.42
171.00	-8730.99	0.00	5008.78
171.10	-8332.97	0.00	5276.98
171.20	-7909.60	0.00	5519.14
171.30	-7462.69	0.00	5733.51
171.40	-6994.22	0.00	5918.58
171.50	-6506.44	0.00	6073.01
171.60	-6001.76	0.00	6195.72
171.70	-5482.80	0.00	6285.90
171.80	-4952.31	0.00	6342.99
171.90	-4413.21	0.00	6366.73
172.00	-3868.51	0.00	6357.14
172.10	-3321.29	0.00	6314.56
172.20	-2774.70	0.00	6239.61
172.30	-2231.89	0.00	6133.20
172.40	-1695.98	0.00	5996.55
172.50	-1170.05	0.00	5831.13
172.60	-657.06	0.00	5638.68
172.70	-159.88	0.00	5421.17
172.80	318.82	0.00	5180.80
172.90	776.55	0.00	4919.96
173.00	1211.04	0.00	4641.19
173.10	1620.27	0.00	4347.19
173.20	2002.50	0.00	4040.73
173.30	2356.30	0.00	3724.69
173.40	2680.51	0.00	3401.95
173.50	2974.32	0.00	3075.42
173.60	3237.23	0.00	2747.96
173.70	3469.08	0.00	2422.37
173.80	3670.01	0.00	2101.37
173.90	3840.50	0.00	1787.54
174.00	3981.30	0.00	1483.31
174.10	4093.48	0.00	1190.93
174.20	4178.33	0.00	912.45
174.30	4237.42	0.00	649.69
174.40	4272.49	0.00	404.24
174.50	4285.50	0.00	177.43
174.60	4278.52	0.00	-29.68
174.70	4253.76	0.00	-216.29
174.80	4213.50	0.00	-381.88
174.90	4160.07	0.00	-526.20
175.00	4095.80	0.00	-649.28
175.10	4023.01	0.00	-751.39
175.20	3943.97	0.00	-833.07
175.30	3860.84	0.00	-895.08
175.40	3775.70	0.00	-938.42
175.50	3690.47	0.00	-964.28
175.60	3606.92	0.00	-974.01
175.70	3526.63	0.00	-969.16
175.80	3450.98	0.00	-951.36
175.90	3381.16	0.00	-922.38
176.00	3318.11	0.00	-884.04
176.10	3262.56	0.00	-838.24
176.20	3215.00	0.00	-786.88
176.30	3175.70	0.00	-731.84
176.40	3144.71	0.00	-675.01
176.50	3121.84	0.00	-618.17
176.60	3106.70	0.00	-563.05
176.70	3098.72	0.00	-511.28
176.80	3097.13	0.00	-464.32
176.90	3101.01	0.00	-423.53
177.00	3109.30	0.00	-390.08
177.10	3121.36	0.00	-364.97
177.20	3136.41	0.00	-349.02
177.30	3153.13	0.00	-342.85
177.40	3170.12	0.00	-346.86
177.50	3185.98	0.00	-361.28
177.60	3199.31	0.00	-386.11
177.70	3208.72	0.00	-421.16
177.80	3212.89	0.00	-466.06
177.90	3210.54	0.00	-520.23
178.00	3200.50	0.00	-582.94
178.10	3181.68	0.00	-653.29
178.20	3153.13	0.00	-730.25
178.30	3114.02	0.00	-812.67
178.40	3063.70	0.00	-899.27
178.50	3001.63	0.00	-988.72
178.60	2927.48	0.00	-1079.63
178.70	2841.07	0.00	-1170.54
178.80	2742.40	0.00	-1260.01
178.90	2631.63	0.00	-1346.59
179.00	2509.12	0.00	-1428.88
179.10	2375.37	0.00	-1505.52
179.20	2231.07	0.00	-1575.23
179.30	2077.02	0.00	-1636.82
179.40	1914.20	0.00	-1689.21
179.50	1743.70	0.00	-1731.46
179.60	1566.71	0.00	-1762.76
179.70	1384.52	0.00	-1782.45
179.80	1198.52	0.00	-1790.05
179.90	1010.11	0.00	-1785.24
180.00	820.78	0.00	-1767.85
180.10	631.99	0.00	-1737.93
180.20	445.23	0.00	-1695.66
180.30	261.96	0.00	-1641.42
180.40	83.57	0.00	-1575.73
180.50	-88.57	0.00	-1499.30
180.60	-253.19	0.00	-1412.95
180.70	-409.13	0.00	-1317.66
180.80	-555.31	0.00	-1214.52
180.90	-690.79	0.00	-1104.73
181.00	-814.76	0.00	-989.59
181.10	-926.57	0.00	-870.45
181.20	-1025.70	0.00	-748.75
181.30	-1111.80	0.00	-625.94
181.40	-1184.68	0.00	-503.52
181.50	-1244.30	0.00	-382.98
181.60	-1290.78	0.00	-265.80
181.70	-1324.42	0.00	-153.43
181.80	-1345.64	0.00	-47.28
181.90	-1355.02	0.00	51.29
182.00	-1353.29	0.00	141.00
182.10	-1341.28	0.00	220.66
182.20	-1319.95	0.00	289.16
182.30	-1290.37	0.00	345.51
182.40	-1253.71	0.00	388.82
182.50	-1211.19	0.00	418.33
182.60	-1164.14	0.00	433.40
182.70	-1113.92	0.00	433.54
182.80	-1061.93	0.00	418.36
182.90	-1009.62	0.00	387.65
183.00	-958.43	0.00	341.30
183.10	-909.83	0.00	279.39
183.20	-865.26	0.00	202.08
183.30	-826.17	0.00	109.72
183.40	-793.94	0.00	2.78
183.50	-769.94	0.00	-118.15
183.60	-755.49	0.00	-252.31
183.70	-751.83	0.00	-398.84
183.80	-760.14	0.00	-556.75
183.90	-781.52	0.00	-724.90
184.00	-816.98	0.00	-902.07
184.10	-867.44	0.00	-1086.88
184.20	-933.69	0.00	-1277.89
184.30	-1016.43	0.00	-1473.53
184.40	-1116.22	0.00	-1672.11
184.50	-1233.50	0.00	-1871.89
184.60	-1368.54	0.00	-2071.02
184.70	-1521.50	0.00	-2267.59
184.80	-1692.33	0.00	-2459.59
184.90	-1880.86	0.00	-2645.00
185.00	-2086.70	0.00	-2821.70
185.10	-2309.30	0.00	-2987.57
185.20	-2547.90	0.00	-3140.46
185.30	-2801.54	0.00	-3278.19
185.40	-3069.07	0.00	-3398.61
185.50	-3349.11	0.00	-3499.57
185.60	-3640.06	0.00	-3578.96
185.70	-3940.13	0.00	-3634.75
185.80	-4247.27	0.00	-3664.95
185.90	-4559.68	0.00	-3667.68
186.00	-4876.68	0.00	-3641.18
186.10	-5196.24	0.00	-3583.83
186.20	-5516.02	0.00	-3494.16
186.30	-5833.55	0.00	-3370.88
186.40	-6146.18	0.00	-3212.91
186.50	-6451.17	0.00	-3019.39
186.60	-6745.62	0.00	-2789.71
186.70	-7026.54	0.00	-2523.52
186.80	-7290.84	0.00	-2220.78
186.90	-7535.34	0.00	-1881.71
187.00	-7756.82	0.00	-1506.89
187.10	-7952.00	0.00	-1097.20
187.20	-8117.58	0.00	-653.89
187.30	-8250.27	0.00	-178.54
187.40	-8346.80	0.00	326.92
187.50	-8403.98	0.00	860.19
187.60	-8418.68	0.00	1418.61
187.70	-8387.91	0.00	1999.21
187.80	-8308.80	0.00	2598.64
187.90	-8178.70	0.00	3213.26
188.00	-7995.17	0.00	3839.11
188.10	-7756.03	0.00	4471.96
188.20	-7459.40	0.00	5107.32
188.30	-7103.74	0.00	5740.48
188.40	-6687.89	0.00	6366.55
188.50	-6211.11	0.00	6980.47
188.60	-5673.13	0.00	7577.09
188.70	-5074.14	0.00	8151.18
188.80	-4414.91	0.00	8697.49
188.90	-3696.73	0.00	9210.82
189.00	-2921.52	0.00	9686.03
189.10	-2091.78	0.00	10118.10
189.20	-1210.66	0.00	10502.20
189.30	-281.95	0.00	10833.74
189.40	689.92	0.00	11108.38
189.50	1699.85	0.00	11322.15
189.60	2742.14	0.00	11471.41
189.70	3810.48	0.00	11552.95
189.80	4897.98	0.00	11564.04
189.90	5997.20	0.00	11502.40
190.00	7100.26	0.00	11366.33
190.10	8198.84	0.00	11154.63
190.20	9284.27	0.00	10866.72
190.30	10347.63	0.00	10502.58
190.40	11379.83	0.00	10062.82
190.50	12371.71	0.00	9548.66
190.60	13314.12	0.00	8961.91
190.70	14198.05	0.00	8305.01
190.80	15014.75	0.00	7581.00
190.90	15755.81	0.00	6793.47
191.00	16413.28	0.00	5946.60
191.10	16979.79	0.00	5045.06
191.20	17448.64	0.00	4094.05
191.30	17815.28	0.00	3099.19
191.40	18099.07	0.00	2066.53
191.50	18305.76	0.00	1002.50
191.60	18432.88	0.00	-86.18
191.70	18478.23	0.00	-1192.53
191.80	18439.88	0.00	-2309.33
191.90	18316.21	0.00	-3429.23
192.00	18105.90	0.00	-4544.81
192.10	17807.95	0.00	-5648.58
192.20	17421.74	0.00	-6733.09
192.30	16947.02	0.00	-7791.00
192.40	16383.97	0.00	-8815.07
192.50	15733.21	0.00	-9798.29
192.60	14995.85	0.00	-10733.90
192.70	14173.52	0.00	-11615.45
192.80	13268.40	0.00	-12436.83
192.90	12283.26	0.00	-13192.37
193.00	11221.48	0.00	-13876.80
193.10	10087.07	0.00	-14485.38
193.20	8884.70	0.00	-15013.86
193.30	7619.69	0.00	-15458.57
193.40	6298.01	0.00	-15816.38
193.50	4926.29	0.00	-16084.81
193.60	3511.78	0.00	-16261.96
193.70	2062.33	0.00	-16346.57
193.80	586.33	0.00	-16338.03
193.90	-907.32	0.00	-16236.36
194.00	-2409.30	0.00	-16042.21
194.10	-3909.90	0.00	-15756.88
194.20	-5399.19	0.00	-15382.27
194.30	-6867.01	0.00	-14920.89
194.40	-8303.15	0.00	-14375.81
194.50	-9697.41	0.00	-13750.69
194.60	-11039.75	0.00	-13049.67
194.70	-12320.35	0.00	-12277.41
194.80	-13529.78	0.00	-11439.01
194.90	-14659.06	0.00	-10539.97
195.00	-15699.81	0.00	-9586.17
195.10	-16644.32	0.00	-8583.80
195.20	-17485.64	0.00	-7539.31
195.30	-18217.72	0.00	-6459.39
195.40	-18835.39	0.00	-5350.89
195.50	-19334.51	0.00	-4220.75
195.60	-19711.97	0.00	-3075.99
195.70	-19965.72	0.00	-1923.65
195.80	-20094.80	0.00	-770.69
195.90	-20099.37	0.00	376.01
196.00	-19982.82	0.00	1509.72
196.10	-19778.00	0.00	2623.89
196.20	-19496.67	0.00	3712.25
196.30	-19140.66	0.00	4768.78
196.40	-18712.00	0.00	5787.80
196.50	-18212.87	0.00	6763.97
196.60	-17645.63	0.00	7692.37
196.70	-17012.81	0.00	8568.47
196.80	-16317.16	0.00	9388.20
196.90	-15561.60	0.00	10147.94
197.00	-14749.30	0.00	10844.53
197.10	-13883.61	0.00	11475.32
197.20	-12968.13	0.00	12038.14
197.30	-12006.70	0.00	12531.29
197.40	-11003.36	0.00	12953.58
197.50	-9962.39	0.00	13304.27
197.60	-8888.29	0.00	13583.10
197.70	-7785.76	0.00	13790.26
197.80	-6659.69	0.00	13926.37
197.90	-5515.14	0.00	13992.45
198.00	-4357.32	0.00	13989.91
198.10	-3191.54	0.00	13920.53
198.20	-2023.22	0.00	13786.40
198.30	-857.80	0.00	13589.91
198.40	299.23	0.00	13333.75
198.50	1442.42	0.00	13020.82
198.60	2566.38	0.00	12654.24
198.70	3665.83	0.00	12237.29
198.80	4735.62	0.00	11773.42
198.90	5770.76	0.00	11266.17
199.00	6766.49	0.00	10719.18
199.10	7718.32	0.00	10136.13
199.20	8621.99	0.00	9520.75
199.30	9473.60	0.00	8876.73
199.40	10269.55	0.00	8207.79
199.50	11006.61	0.00	7517.57
199.60	11681.93	0.00	6809.66
199.70	12293.04	0.00	6087.55
199.80	12837.87	0.00	5354.64
199.90	13314.76	0.00	4614.23
200.00	13722.45	0.00	3869.45
200.10	14060.10	0.00	3123.34
200.20	14327.25	0.00	2378.77
200.30	14523.83	0.00	1638.46
200.40	14650.17	0.00	904.98
200.50	14706.94	0.00	180.74
200.60	14695.14	0.00	-532.01
200.70	14616.13	0.00	-1231.17
200.80	14471.53	0.00	-1914.80
200.90	14273.38	0.00	-2581.09
201.00	14035.27	0.00	-3228.38
201.10	13758.35	0.00	-3855.16
201.20	13443.65	0.00	-4460.02
201.30	13092.19	0.00	-5041.67
201.40	12704.88	0.00	-5598.92
201.50	12282.63	0.00	-6130.67
201.60	11826.29	0.00	-6635.93
201.70	11336.68	0.00	-7113.74
201.80	10814.64	0.00	-7563.21
201.90	10260.98	0.00	-7983.51
202.00	9676.58	0.00	-8373.83
202.10	9062.31	0.00	-8733.40
202.20	8419.15	0.00	-9061.46
202.30	7748.13	0.00	-9357.27
202.40	7050.40	0.00	-9620.10
202.50	6327.23	0.00	-9849.21
202.60	5580.01	0.00	-10043.88
202.70	4810.33	0.00	-10203.37
202.80	4019.93	0.00	-10326.99
202.90	3210.77	0.00	-10414.00
203.00	2384.98	0.00	-10463.74
203.10	1544.96	0.00	-10475.53
203.20	693.33	0.00	-10448.74
203.30	-167.08	0.00	-10382.81
203.40	-1033.16	0.00	-10277.22
203.50	-1901.59	0.00	-10131.54
203.60	-2768.78	0.00	-9945.45
203.70	-3630.95	0.00	-9718.72
203.80	-4484.09	0.00	-9451.28
203.90	-5324.01	0.00	-9143.19
204.00	-6146.34	0.00	-8794.69
204.10	-6946.60	0.00	-8406.22
204.20	-7720.16	0.00	-7978.40
204.30	-8462.38	0.00	-7512.09
204.40	-9168.57	0.00	-7008.39
204.50	-9834.06	0.00	-6468.61
204.60	-10454.25	0.00	-5894.34
204.70	-11024.69	0.00	-5287.43
204.80	-11541.08	0.00	-4649.98
204.90	-11999.34	0.00	-3984.36
205.00	-12395.71	0.00	-3293.18
205.10	-12726.72	0.00	-2579.34
205.20	-12989.30	0.00	-1845.93
205.30	-13180.79	0.00	-1096.31
205.40	-13299.02	0.00	-334.02
205.50	-13342.30	0.00	437.20
205.60	-13313.28	0.00	1213.43
205.70	-13225.27	0.00	1990.64
205.80	-13079.01	0.00	2764.67
205.90	-12874.18	0.00	3531.28
206.00	-12610.64	0.00	4286.17
206.10	-12288.52	0.00	5025.04
206.20	-11908.19	0.00	5743.60
206.30	-11470.28	0.00	6437.60
206.40	-10975.73	0.00	7102.87
206.50	-10425.77	0.00	7735.38
206.60	-9821.95	0.00	8331.21
206.70	-9166.14	0.00	8886.65
206.80	-8460.56	0.00	9398.18
206.90	-7707.77	0.00	9862.52
207.00	-6910.68	0.00	10276.63
207.10	-6072.56	0.00	10637.78
207.20	-5197.02	0.00	10943.50
207.30	-4288.03	0.00	11191.67
207.40	-3349.89	0.00	11380.48
207.50	-2387.23	0.00	11508.48
207.60	-1404.96	0.00	11574.53
207.70	-408.30	0.00	11577.90
207.80	597.29	0.00	11518.17
207.90	1606.12	0.00	11395.30
208.00	2612.31	0.00	11209.61
208.10	3609.84	0.00	10961.77
208.20	4592.57	0.00	10652.80
208.30	5554.31	0.00	10284.05
208.40	6488.86	0.00	9857.21
208.50	7390.03	0.00	9374.30
208.60	8251.76	0.00	8837.64
208.70	9068.10	0.00	8249.85
208.80	9833.31	0.00	7613.83
208.90	10541.88	0.00	6932.74
209.00	11188.63	0.00	6210.03
209.10	11768.71	0.00	5449.35
209.20	12277.68	0.00	4654.59
209.30	12711.52	0.00	3829.84
209.40	13066.72	0.00	2979.37
209.50	13340.28	0.00	2107.64
209.60	13529.77	0.00	1219.24
209.70	13633.33	0.00	318.90
209.80	13652.89	0.00	-588.54
209.90	13602.76	0.00	-1498.17
210.00	13484.45	0.00	-2404.99
210.10	13297.78	0.00	-3303.95
210.20	13042.73	0.00	-4190.01
210.30	12719.51	0.00	-5058.10
210.40	12328.57	0.00	-5903.18
210.50	11870.58	0.00	-6720.29
210.60	11346.51	0.00	-7504.52
210.70	10757.63	0.00	-8251.06
210.80	10105.51	0.00	-8955.26
210.90	9392.10	0.00	-9612.60
211.00	8619.71	0.00	-10218.76
211.10	7791.07	0.00	-10769.62
211.20	6909.33	0.00	-11261.33
211.30	5978.06	0.00	-11690.27
211.40	5001.33	0.00	-12053.15
211.50	3983.65	0.00	-12346.98
211.60	2930.01	0.00	-12569.12
211.70	1845.87	0.00	-12717.31
211.80	737.17	0.00	-12789.67
211.90	-389.74	0.00	-12784.75
212.00	-1528.05	0.00	-12701.54
212.10	-2670.60	0.00	-12539.48
212.20	-3809.87	0.00	-12298.46
212.30	-4938.03	0.00	-11978.90
212.40	-6047.06	0.00	-11581.67
212.50	-7128.72	0.00	-11108.17
212.60	-8174.70	0.00	-10560.30
212.70	-9176.68	0.00	-9940.49
212.80	-10126.41	0.00	-9251.66
212.90	-11015.78	0.00	-8497.25
213.00	-11836.94	0.00	-7681.19
213.10	-12582.39	0.00	-6807.91
213.20	-13245.07	0.00	-5882.29
213.30	-13818.45	0.00	-4909.68
213.40	-14296.61	0.00	-3895.85
213.50	-14674.34	0.00	-2846.98
213.60	-14947.22	0.00	-1769.58
213.70	-15111.67	0.00	-670.55
213.80	-15170.92	0.00	442.98
213.90	-15140.93	0.00	1563.59
214.00	-15021.77	0.00	2683.68
214.10	-14812.68	0.00	3795.50
214.20	-14513.31	0.00	4891.21
214.30	-14123.73	0.00	5962.93
214.40	-13644.46	0.00	7002.81
214.50	-13076.55	0.00	8003.08
214.60	-12421.55	0.00	8956.11
214.70	-11681.61	0.00	9854.50
214.80	-10859.51	0.00	10691.13
214.90	-9958.65	0.00	11459.20
215.00	-8983.14	0.00	12152.34
215.10	-7937.79	0.00	12764.63
215.20	-6828.14	0.00	13290.68
215.30	-5660.45	0.00	13725.69
215.40	-4441.74	0.00	14065.50
215.50	-3179.71	0.00	14306.62
215.60	-1882.79	0.00	14446.29
215.70	-560.02	0.00	14482.54
215.80	778.93	0.00	14414.16
215.90	2123.92	0.00	14240.78
216.00	3464.33	0.00	13962.89
216.10	4789.24	0.00	13581.79
216.20	6087.48	0.00	13099.66
216.30	7347.79	0.00	12519.52
216.40	8558.96	0.00	11845.20
216.50	9709.92	0.00	11081.37
216.60	10789.94	0.00	10233.45
216.70	11788.73	0.00	9307.61
216.80	12696.62	0.00	8310.70
216.90	13504.66	0.00	7250.22
217.00	14204.80	0.00	6134.24
217.10	14789.95	0.00	4971.34
217.20	15254.18	0.00	3770.51
217.30	15592.70	0.00	2541.14
217.40	15802.03	0.00	1292.86
217.50	15880.02	0.00	35.50
217.60	15828.77	0.00	-1220.99
217.70	15668.90	0.00	-2466.67
217.80	15405.24	0.00	-3691.68
217.90	15039.27	0.00	-4886.30
218.00	14573.10	0.00	-6041.08
218.10	14009.40	0.00	-7146.91
218.20	13351.50	0.00	-8195.09
218.30	12603.33	0.00	-9177.43
218.40	11769.48	0.00	-10086.31
218.50	10855.17	0.00	-10914.74
218.60	9866.27	0.00	-11656.44
218.70	8809.29	0.00	-12305.87
218.80	7691.37	0.00	-12858.32
218.90	6520.25	0.00	-13309.90
219.00	5304.24	0.00	-13657.58
219.10	4052.18	0.00	-13899.25
219.20	2773.39	0.00	-14033.68
219.30	1477.59	0.00	-14060.58
219.40	174.83	0.00	-13980.54
219.50	-1124.59	0.00	-13795.06
219.60	-2410.22	0.00	-13506.50
219.70	-3671.61	0.00	-13118.07
219.80	-4898.33	0.00	-12633.80
219.90	-6080.17	0.00	-12058.45
220.00	-7207.24	0.00	-11397.52
220.10	-8270.04	0.00	-10657.16
220.20	-9259.67	0.00	-9844.11
220.30	-10167.84	0.00	-8965.62
220.40	-10987.07	0.00	-8029.41
220.50	-11710.70	0.00	-7043.57
220.60	-12333.06	0.00	-6016.49
220.70	-12849.47	0.00	-4956.79
220.80	-13256.34	0.00	-3873.23
220.90	-13551.20	0.00	-2774.61
221.00	-13732.72	0.00	-1669.74
221.10	-13800.73	0.00	-567.33
221.20	-13756.19	0.00	524.10
221.30	-13603.29	0.00	1596.27
221.40	-13359.85	0.00	2641.18
221.50	-13031.77	0.00	3651.25
221.60	-12622.41	0.00	4619.32
221.70	-12135.57	0.00	5538.71
221.80	-11575.44	0.00	6403.30
221.90	-10946.58	0.00	7207.53
222.00	-10253.94	0.00	7946.47
222.10	-9502.80	0.00	8615.84
222.20	-8698.75	0.00	9212.00
222.30	-7847.70	0.00	9732.01
222.40	-6955.80	0.00	10173.63
222.50	-6029.44	0.00	10535.29
222.60	-5075.20	0.00	10816.09
222.70	-4099.82	0.00	11015.82
222.80	-3110.14	0.00	11134.92
222.90	-2113.07	0.00	11174.43
223.00	-1115.51	0.00	11136.01
223.10	-124.33	0.00	11021.86
223.20	853.72	0.00	10834.71
223.30	1812.03	0.00	10577.75
223.40	2744.20	0.00	10254.61
223.50	3644.13	0.00	9869.30
223.60	4506.00	0.00	9426.15
223.70	5324.38	0.00	8929.77
223.80	6094.26	0.00	8385.00
223.90	6811.07	0.00	7796.87
224.00	7470.73	0.00	7170.49
224.10	8069.69	0.00	6511.10
224.20	8604.92	0.00	5823.91
224.30	9073.95	0.00	5114.18
224.40	9474.87	0.00	4387.05
224.50	9806.34	0.00	3647.61
224.60	10067.55	0.00	2900.81
224.70	10258.27	0.00	2151.44
224.80	10378.75	0.00	1404.10
224.90	10429.78	0.00	663.19
225.00	10412.60	0.00	-67.10
225.10	10328.90	0.00	-782.83
225.20	10186.86	0.00	-1480.31
225.30	9993.81	0.00	-2156.09
225.40	9751.81	0.00	-2806.98
225.50	9462.99	0.00	-3430.05
225.60	9129.54	0.00	-4022.61
225.70	8753.74	0.00	-4582.23
225.80	8337.90	0.00	-5106.72
225.90	7884.43	0.00	-5594.11
226.00	7395.75	0.00	-6042.67
226.10	6874.38	0.00	-6450.86
226.20	6322.90	0.00	-6817.38
226.30	5743.93	0.00	-7141.10
226.40	5140.21	0.00	-7421.08
226.50	4514.54	0.00	-7656.57
226.60	3869.83	0.00	-7846.98
226.70	3209.06	0.00	-7991.92
226.80	2535.34	0.00	-8091.14
226.90	1851.87	0.00	-8144.56
227.00	1161.95	0.00	-8152.27
227.10	469.01	0.00	-8114.52
227.20	-223.45	0.00	-8031.76
227.30	-911.82	0.00	-7904.57
227.40	-1592.41	0.00	-7733.75
227.50	-2261.47	0.00	-7520.27
227.60	-2915.19	0.00	-7265.28
227.70	-3549.74	0.00	-6970.17
227.80	-4161.29	0.00	-6636.48
227.90	-4746.03	0.00	-6266.01
228.00	-5300.20	0.00	-5860.75
228.10	-5820.16	0.00	-5422.92
228.20	-6302.38	0.00	-4954.94
228.30	-6743.48	0.00	-4459.46
228.40	-7140.34	0.00	-3939.34
228.50	-7490.02	0.00	-3397.64
228.60	-7789.92	0.00	-2837.64
228.70	-8037.74	0.00	-2262.76
228.80	-8231.54	0.00	-1676.63
228.90	-8369.78	0.00	-1082.99
229.00	-8451.32	0.00	-485.72
229.10	-8475.51	0.00	111.19
229.20	-8442.12	0.00	703.70
229.30	-8351.59	0.00	1287.73
229.40	-8209.57	0.00	1859.18
229.50	-8019.33	0.00	2414.00
229.60	-7782.04	0.00	2948.19
229.70	-7499.19	0.00	3457.87
229.80	-7172.58	0.00	3939.30
229.90	-6804.36	0.00	4388.92
230.00	-6397.00	0.00	4803.40
230.10	-5953.29	0.00	5179.67
230.20	-5476.35	0.00	5514.93
230.30	-4969.59	0.00	5806.74
230.40	-4436.70	0.00	6052.98
230.50	-3881.63	0.00	6251.96
230.60	-3308.58	0.00	6402.35
230.70	-2721.91	0.00	6503.27
230.80	-2126.19	0.00	6554.27
230.90	-1526.08	0.00	6555.36
231.00	-926.34	0.00	6506.99
231.10	-331.73	0.00	6410.08
231.20	252.97	0.00	6265.96
231.30	823.10	0.00	6076.43
231.40	1374.08	0.00	5843.68
231.50	1901.54	0.00	5570.31
231.60	2401.34	0.00	5259.28
231.70	2869.61	0.00	4913.88
231.80	3302.83	0.00	4537.70
231.90	3697.84	0.00	4134.58
232.00	4051.91	0.00	3708.60
232.10	4362.75	0.00	3263.97
232.20	4628.55	0.00	2805.04
232.30	4847.99	0.00	2336.24
232.40	5020.27	0.00	1861.99
232.50	5145.12	0.00	1386.72
232.60	5222.75	0.00	914.74
232.70	5253.92	0.00	450.25
232.80	5239.84	0.00	-2.72
232.90	5182.21	0.00	-440.38
233.00	5083.14	0.00	-859.17
233.10	4945.14	0.00	-1255.86
233.20	4771.09	0.00	-1627.51
233.30	4564.15	0.00	-1971.56
233.40	4327.74	0.00	-2285.83
233.50	4065.80	0.00	-2568.52
233.60	3783.30	0.00	-2818.24
233.70	3483.91	0.00	-3034.01
233.80	3171.12	0.00	-3215.25
233.90	2848.45	0.00	-3361.79
234.00	2519.35	0.00	-3473.85
234.10	2187.17	0.00	-3552.02
234.20	1855.16	0.00	-3597.23
234.30	1526.37	0.00	-3610.75
234.40	1203.68	0.00	-3594.11
234.50	889.72	0.00	-3549.12
234.60	586.88	0.00	-3477.80
234.70	297.27	0.00	-3382.33
234.80	22.73	0.00	-3265.03
234.90	-235.24	0.00	-3128.33
235.00	-475.42	0.00	-2974.69
235.10	-696.90	0.00	-2806.57
235.20	-899.06	0.00	-2626.42
235.30	-1081.60	0.00	-2436.59
235.40	-1244.45	0.00	-2239.33
235.50	-1387.84	0.00	-2036.77
235.60	-1512.19	0.00	-1830.84
235.70	-1618.13	0.00	-1623.31
235.80	-1706.46	0.00	-1415.73
235.90	-1778.11	0.00	-1209.41
236.00	-1834.10	0.00	-1005.46
236.10	-1875.53	0.00	-804.74
236.20	-1903.49	0.00	-607.88
236.30	-1919.09	0.00	-415.32
236.40	-1923.37	0.00	-227.26
236.50	-1917.32	0.00	-43.74
236.60	-1901.79	0.00	135.38
236.70	-1877.54	0.00	310.36
236.80	-1845.15	0.00	481.57
236.90	-1805.29	0.00	649.45
237.00	-1758.33	0.00	814.48
237.10	-1704.33	0.00	977.14
237.20	-1643.16	0.00	1137.86
237.30	-1574.54	0.00	1297.01
237.40	-1498.02	0.00	1454.87
237.50	-1413.01	0.00	1611.55
237.60	-1318.83	0.00	1767.03
237.70	-1214.67	0.00	1921.09
237.80	-1099.71	0.00	2073.28
237.90	-973.08	0.00	2222.95
238.00	-833.94	0.00	2369.22
238.10	-681.50	0.00	2510.95
238.20	-515.08	0.00	2646.79
238.30	-334.11	0.00	2775.15
238.40	-138.23	0.00	2894.24
238.50	72.73	0.00	3002.08
238.60	298.68	0.00	3096.50
238.70	539.26	0.00	3175.25
238.80	793.78	0.00	3235.94
238.90	1061.23	0.00	3276.17
239.00	1340.26	0.00	3293.50
239.10	1629.15	0.00	3285.55
239.20	1925.81	0.00	3250.03
239.30	2227.80	0.00	3184.80
239.40	2532.33	0.00	3087.90
239.50	2836.29	0.00	2957.63
239.60	3136.25	0.00	2792.58
239.70	3428.54	0.00	2591.68
239.80	3710.11	0.00	2354.23
239.90	3977.59	0.00	2079.97
240.00	4227.09	0.00	1769.09
240.10	4454.64	0.00	1422.23
240.20	4656.23	0.00	1040.57
240.30	4827.89	0.00	625.78
240.40	4965.73	0.00	180.05
240.50	5065.97	0.00	-293.93
240.60	5125.06	0.00	-792.94
240.70	5139.65	0.00	-1313.29
240.80	5106.71	0.00	-1850.82
240.90	5023.58	0.00	-2400.97
241.00	4887.96	0.00	-2958.76
241.10	4698.05	0.00	-3518.88
241.20	4452.52	0.00	-4075.76
241.30	4150.58	0.00	-4623.57
241.40	3792.04	0.00	-5156.34
241.50	3377.32	0.00	-5667.98
241.60	2907.47	0.00	-6152.39
241.70	2384.22	0.00	-6603.52
241.80	1809.98	0.00	-7015.42
241.90	1187.84	0.00	-7382.34
242.00	521.59	0.00	-7698.80
242.10	-184.29	0.00	-7959.64
242.20	-924.68	0.00	-8160.11
242.30	-1693.81	0.00	-8295.93
242.40	-2485.30	0.00	-8363.33
242.50	-3292.23	0.00	-8359.13
242.60	-4107.19	0.00	-8280.77
242.70	-4922.33	0.00	-8126.37
242.80	-5729.46	0.00	-7894.75
242.90	-6520.12	0.00	-7585.47
243.00	-7285.70	0.00	-7198.82
243.10	-8017.49	0.00	-6735.89
243.20	-8706.84	0.00	-6198.51
243.30	-9345.25	0.00	-5589.29
243.40	-9924.47	0.00	-4911.59
243.50	-10436.64	0.00	-4169.51
243.60	-10874.38	0.00	-3367.82
243.70	-11237.82	0.00	-2512.01
243.80	-11527.91	0.00	-1608.16
243.90	-11740.22	0.00	-662.93
244.00	-11870.77	0.00	316.48
244.10	-11916.08	0.00	1322.43
244.20	-11873.20	0.00	2346.89
244.30	-11739.71	0.00	3381.48
244.40	-11513.78	0.00	4417.60
244.50	-11194.20	0.00	5446.46
244.60	-10780.39	0.00	6459.18
244.70	-10272.48	0.00	7446.87
244.80	-9671.29	0.00	8400.71
244.90	-8978.39	0.00	9312.02
245.00	-8196.11	0.00	10172.36
245.10	-7327.62	0.00	10973.57
245.20	-6376.87	0.00	11707.89
245.30	-5348.69	0.00	12368.01
245.40	-4248.71	0.00	12947.13
245.50	-3083.47	0.00	13439.06
245.60	-1860.29	0.00	13838.23
245.70	-587.35	0.00	14139.76
245.80	726.40	0.00	14339.53
245.90	2071.27	0.00	14434.22
246.00	3436.89	0.00	14421.29
246.10	4812.28	0.00	14299.09
246.20	6185.96	0.00	14066.80
246.30	7546.02	0.00	13724.53
246.40	8880.26	0.00	13273.22
246.50	10176.30	0.00	12714.75
246.60	11421.72	0.00	12051.84
246.70	12604.23	0.00	11288.09
246.80	13711.76	0.00	10427.93
246.90	14732.67	0.00	9476.61
247.00	15655.88	0.00	8440.14
247.10	16471.02	0.00	7325.27
247.20	17168.57	0.00	6139.40
247.30	17740.01	0.00	4890.60
247.40	18178.04	0.00	3587.46
247.50	18496.97	0.00	2239.11
247.60	18708.66	0.00	855.07
247.70	18810.38	0.00	-554.74
247.80	18799.82	0.00	-1980.16
247.90	18675.11	0.00	-3410.80
248.00	18434.85	0.00	-4836.15
248.10	18078.12	0.00	-6245.67
248.20	17604.51	0.00	-7628.86
248.30	17014.19	0.00	-8975.34
248.40	16307.92	0.00	-10274.93
248.50	15487.15	0.00	-11517.77
248.60	14554.03	0.00	-12694.35
248.70	13511.48	0.00	-13795.60
248.80	12363.26	0.00	-14812.99
248.90	11113.99	0.00	-15738.56
249.00	9769.21	0.00	-16565.04
249.10	8335.41	0.00	-17285.85
249.20	6820.06	0.00	-17895.21
249.30	5231.58	0.00	-18388.15
249.40	3579.37	0.00	-18760.57
249.50	1873.78	0.00	-19009.29
249.60	126.02	0.00	-19132.04
249.70	-1651.83	0.00	-19127.54
249.80	-3446.99	0.00	-18995.45
249.90	-5246.00	0.00	-18736.41
250.00	-7034.92	0.00	-18352.03
250.10	-8799.42	0.00	-17844.88
250.20	-10524.95	0.00	-17218.48
250.30	-12196.91	0.00	-16477.22
250.40	-13800.83	0.00	-15626.39
250.50	-15322.53	0.00	-14672.09
250.60	-16748.34	0.00	-13621.20
250.70	-18065.29	0.00	-12481.29
250.80	-19261.23	0.00	-11260.61
250.90	-20325.09	0.00	-9967.93
251.00	-21246.95	0.00	-8612.56
251.10	-22018.26	0.00	-7204.19
251.20	-22631.92	0.00	-5752.84
251.30	-23082.40	0.00	-4268.77
251.40	-23365.81	0.00	-2762.39
251.50	-23506.44	0.00	-1244.15
251.60	-23536.73	0.00	275.52
251.70	-23457.41	0.00	1786.34
251.80	-23269.40	0.00	3278.21
251.90	-22973.93	0.00	4741.36
252.00	-22572.52	0.00	6166.38
252.10	-22067.00	0.00	7544.32
252.20	-21459.51	0.00	8866.74
252.30	-20752.56	0.00	10125.78
252.40	-19948.99	0.00	11314.26
252.50	-19052.07	0.00	12425.64
252.60	-18065.48	0.00	13454.12
252.70	-16993.32	0.00	14394.68
252.80	-15840.18	0.00	15243.07
252.90	-14611.10	0.00	15995.81
253.00	-13311.60	0.00	16650.27
253.10	-11947.68	0.00	17204.58
253.20	-10525.81	0.00	17657.67
253.30	-9052.88	0.00	18009.24
253.40	-7536.23	0.00	18259.72
253.50	-5983.54	0.00	18410.26
253.60	-4402.83	0.00	18462.67
253.70	-2802.40	0.00	18419.39
253.80	-1190.74	0.00	18283.41
253.90	423.49	0.00	18058.27
254.00	2031.58	0.00	17747.95
254.10	3624.83	0.00	17356.82
254.20	5194.60	0.00	16889.63
254.30	6732.42	0.00	16351.36
254.40	8230.05	0.00	15747.25
254.50	9679.56	0.00	15082.67
254.60	11073.36	0.00	14363.11
254.70	12404.32	0.00	13594.09
254.80	13665.77	0.00	12781.12
254.90	14851.58	0.00	11929.68
255.00	15956.18	0.00	11045.11
255.10	16974.61	0.00	10132.65
255.20	17902.51	0.00	9197.34
255.30	18736.19	0.00	8244.03
255.40	19472.56	0.00	7277.33
255.50	20109.21	0.00	6301.61
255.60	20644.33	0.00	5320.98
255.70	21076.75	0.00	4339.27
255.80	21405.90	0.00	3360.06
255.90	21631.78	0.00	2386.63
256.00	21754.94	0.00	1422.02
256.10	21777.20	0.00	468.98
256.20	21732.89	0.00	-469.95
256.30	21640.97	0.00	-1392.48
256.40	21502.67	0.00	-2296.54
256.50	21318.95	0.00	-3180.24
256.60	21090.50	0.00	-4041.87
256.70	20817.79	0.00	-4879.85
256.80	20501.06	0.00	-5692.76
256.90	20140.34	0.00	-6479.28
257.00	19735.48	0.00	-7238.16
257.10	19286.19	0.00	-7968.23
257.20	18792.04	0.00	-8668.39
257.30	18252.54	0.00	-9337.54
257.40	17667.14	0.00	-9974.62
257.50	17035.30	0.00	-10578.59
257.60	16356.51	0.00	-11148.39
257.70	15630.37	0.00	-11682.99
257.80	14856.56	0.00	-12181.34
257.90	14034.98	0.00	-12642.37
258.00	13165.71	0.00	-13065.05
258.10	12249.08	0.00	-13448.32
258.20	11285.73	0.00	-13791.16
258.30	10276.59	0.00	-14092.57
258.40	9222.98	0.00	-14351.58
258.50	8126.55	0.00	-14567.28
258.60	6989.40	0.00	-14738.83
258.70	5813.99	0.00	-14865.47
258.80	4603.25	0.00	-14946.55
258.90	3360.51	0.00	-14981.50
259.00	2089.52	0.00	-14969.93
259.10	794.45	0.00	-14911.56
259.20	-520.12	0.00	-14806.28
259.30	-1849.28	0.00	-14654.15
259.40	-3187.72	0.00	-14455.39
259.50	-4529.85	0.00	-14210.44
259.60	-5869.81	0.00	-13919.89
259.70	-7201.51	0.00	-13584.56
259.80	-8518.68	0.00	-13205.44
259.90	-9814.92	0.00	-12783.71
260.00	-11083.79	0.00	-12320.73
260.10	-12318.79	0.00	-11818.05
260.20	-13513.52	0.00	-11277.38
260.30	-14661.63	0.00	-10700.58
260.40	-15756.97	0.00	-10089.64
260.50	-16793.58	0.00	-9446.70
260.60	-17765.78	0.00	-8773.98
260.70	-18668.21	0.00	-8073.82
260.80	-19495.86	0.00	-7348.60
260.90	-20244.13	0.00	-6600.78
261.00	-20908.86	0.00	-5832.84
261.10	-21486.36	0.00	-5047.31
261.20	-21973.44	0.00	-4246.71
261.30	-22367.41	0.00	-3433.53
261.40	-22666.13	0.00	-2610.29
261.50	-22868.00	0.00	-1779.44
261.60	-22978.13	0.00	-943.41
261.70	-23038.69	0.00	-104.56
261.80	-23057.81	0.00	734.76
261.90	-23035.42	0.00	1572.28
262.00	-22971.29	0.00	2405.80
262.10	-22865.02	0.00	3233.16
262.20	-22716.03	0.00	4052.24
262.30	-22523.58	0.00	4860.98
262.40	-22286.80	0.00	5657.40
262.50	-22004.65	0.00	6439.51
262.60	-21676.00	0.00	7205.39
262.70	-21299.60	0.00	7953.14
262.80	-20874.17	0.00	8680.89
262.90	-20398.37	0.00	9386.81
263.00	-19870.86	0.00	10069.06
263.10	-19290.33	0.00	10725.84
263.20	-18655.56	0.00	11355.34
263.30	-17965.43	0.00	11955.80
263.40	-17218.97	0.00	12525.45
263.50	-16415.42	0.00	13062.55
263.60	-15554.25	0.00	13565.37
263.70	-14635.18	0.00	14032.22
263.80	-13658.29	0.00	14461.45
263.90	-12623.97	0.00	14851.44
264.00	-11533.02	0.00	15200.63
264.10	-10386.65	0.00	15507.53
264.20	-9186.49	0.00	15770.72
264.30	-7934.66	0.00	15988.85
264.40	-6633.76	0.00	16160.70
264.50	-5286.86	0.00	16285.12
264.60	-3897.55	0.00	16361.11
264.70	-2469.91	0.00	16387.79
264.80	-1008.52	0.00	16364.42
264.90	481.58	0.00	16290.42
265.00	1994.86	0.00	16165.35
265.10	3525.35	0.00	15988.96
265.20	5066.70	0.00	15761.17
265.30	6612.17	0.00	15482.06
265.40	8154.68	0.00	15151.91
265.50	9686.87	0.00	14771.18
265.60	11201.15	0.00	14340.51
265.70	12689.74	0.00	13860.74
265.80	14144.76	0.00	13332.87
265.90	15558.23	0.00	12758.12
266.00	16922.22	0.00	12137.86
266.10	18228.83	0.00	11473.66
266.20	19470.30	0.00	10767.23
266.30	20639.09	0.00	10020.49
266.40	21727.91	0.00	9235.50
266.50	22729.78	0.00	8414.47
266.60	23638.16	0.00	7559.77
266.70	24446.93	0.00	6673.93
266.80	25150.48	0.00	5759.59
266.90	25743.79	0.00	4819.54
267.00	26222.42	0.00	3856.68
267.10	26582.62	0.00	2874.03
267.20	26821.33	0.00	1874.72
267.30	26954.74	0.00	861.98
267.40	27037.32	0.00	-160.90
267.50	27072.04	0.00	-1190.51
267.60	27057.90	0.00	-2223.39
267.70	26993.70	0.00	-3256.03
267.80	26878.04	0.00	-4284.88
267.90	26709.33	0.00	-5306.33
268.00	26485.83	0.00	-6316.78
268.10	26205.68	0.00	-7312.62
268.20	25866.89	0.00	-8290.23
268.30	25467.47	0.00	-9246.04
268.40	25005.36	0.00	-10176.52
268.50	24478.58	0.00	-11078.18
268.60	23885.21	0.00	-11947.61
268.70	23223.46	0.00	-12781.51
268.80	22491.74	0.00	-13576.67
268.90	21688.69	0.00	-14330.00
269.00	20813.26	0.00	-15038.57
269.10	19864.71	0.00	-15699.58
269.20	18842.72	0.00	-16310.43
269.30	17747.39	0.00	-16868.68
269.40	16579.31	0.00	-17372.09
269.50	15339.58	0.00	-17818.64
269.60	14029.84	0.00	-18206.52
269.70	12652.32	0.00	-18534.14
269.80	11209.83	0.00	-18800.14
269.90	9705.79	0.00	-19003.41
270.00	8144.22	0.00	-19143.07
270.10	6529.78	0.00	-19218.49
270.20	4867.71	0.00	-19229.27
270.30	3163.83	0.00	-19175.27
270.40	1424.54	0.00	-19056.56
270.50	-343.25	0.00	-18873.47
270.60	-2132.11	0.00	-18626.55
270.70	-3934.18	0.00	-18316.55
270.80	-5741.18	0.00	-17944.47
270.90	-7544.52	0.00	-17511.49
271.00	-9335.28	0.00	-17019.00
271.10	-11104.35	0.00	-16468.57
271.20	-12842.44	0.00	-15861.96
271.30	-14540.21	0.00	-15201.09
271.40	-16188.27	0.00	-14488.05
271.50	-17777.31	0.00	-13725.10
271.60	-19298.18	0.00	-12914.61
271.70	-20741.91	0.00	-12059.12
271.80	-22099.82	0.00	-11161.28
271.90	-23363.62	0.00	-10223.90
272.00	-24525.42	0.00	-9249.86
272.10	-25577.85	0.00	-8242.20
272.20	-26514.10	0.00	-7204.05
272.30	-27328.00	0.00	-6138.64
272.40	-28014.03	0.00	-5049.32
272.50	-28567.46	0.00	-3939.52
272.60	-28984.31	0.00	-2812.76
272.70	-29261.43	0.00	-1672.67
272.80	-29396.54	0.00	-522.93
272.90	-29418.14	0.00	632.66
273.00	-29386.94	0.00	1790.26
273.10	-29303.95	0.00	2945.97
273.20	-29168.03	0.00	4095.80
273.30	-28977.77	0.00	5235.75
273.40	-28731.49	0.00	6361.78
273.50	-28427.32	0.00	7469.79
273.60	-28063.20	0.00	8555.72
273.70	-27636.94	0.00	9615.48
273.80	-27146.30	0.00	10645.02
273.90	-26589.01	0.00	11640.34
274.00	-25962.88	0.00	12597.47
274.10	-25265.81	0.00	13512.55
274.20	-24495.91	0.00	14381.81
274.30	-23651.54	0.00	15201.61
274.40	-22731.40	0.00	15968.46
274.50	-21734.59	0.00	16679.06
274.60	-20660.66	0.00	17330.28
274.70	-19509.69	0.00	17919.23
274.80	-18282.34	0.00	18443.26
274.90	-16979.91	0.00	18900.00
275.00	-15604.34	0.00	19287.36
275.10	-14158.31	0.00	19603.56
275.20	-12645.18	0.00	19847.17
275.30	-11069.08	0.00	20017.07
275.40	-9434.87	0.00	20112.53
275.50	-7748.12	0.00	20133.17
275.60	-6015.11	0.00	20079.00
275.70	-4242.79	0.00	19950.41
275.80	-2438.75	0.00	19748.16
275.90	-611.12	0.00	19473.40
276.00	1231.44	0.00	19127.67
276.10	3079.86	0.00	18712.85
276.20	4924.72	0.00	18231.19
276.30	6756.35	0.00	17685.27
276.40	8564.90	0.00	17077.99
276.50	10340.48	0.00	16412.52
276.60	12073.23	0.00	15692.34
276.70	13753.43	0.00	14921.14
276.80	15371.59	0.00	14102.83
276.90	16918.58	0.00	13241.48
277.00	18385.69	0.00	12341.31
277.10	19764.73	0.00	11406.67
277.20	21048.09	0.00	10441.94
277.30	22228.86	0.00	9451.57
277.40	23300.84	0.00	8439.99
277.50	24258.63	0.00	7411.60
277.60	25097.65	0.00	6370.75
277.70	25814.16	0.00	5321.66
277.80	26405.32	0.00	4268.43
277.90	26869.17	0.00	3215.03
278.00	27204.60	0.00	2165.22
278.10	27411.39	0.00	1122.57
278.20	27490.18	0.00	90.43
278.30	27442.37	0.00	-928.10
278.40	27289.06	0.00	-1930.13
278.50	27089.93	0.00	-2913.05
278.60	26850.16	0.00	-3874.49
278.70	26570.59	0.00	-4812.36
278.80	26251.83	0.00	-5724.78
278.90	25894.18	0.00	-6610.14
279.00	25497.73	0.00	-7467.06
279.10	25062.28	0.00	-8294.36
279.20	24587.42	0.00	-9091.10
279.30	24072.54	0.00	-9856.48
279.40	23516.84	0.00	-10589.88
279.50	22919.36	0.00	-11290.82
279.60	22279.02	0.00	-11958.93
279.70	21594.65	0.00	-12593.93
279.80	20864.98	0.00	-13195.60
279.90	20088.74	0.00	-13763.77
280.00	19264.66	0.00	-14298.26
280.10	18391.51	0.00	-14798.91
280.20	17468.15	0.00	-15265.50
280.30	16493.53	0.00	-15697.78
280.40	15466.80	0.00	-16095.38
280.50	14387.31	0.00	-16457.90
280.60	13254.63	0.00	-16784.78
280.70	12068.65	0.00	-17075.38
280.80	10829.58	0.00	-17328.92
280.90	9537.98	0.00	-17544.48
281.00	8194.87	0.00	-17721.02
281.10	6801.69	0.00	-17857.38
281.20	5360.36	0.00	-17952.26
281.30	3873.36	0.00	-18004.25
281.40	2343.69	0.00	-18011.85
281.50	774.93	0.00	-17973.46
281.60	-828.71	0.00	-17887.43
281.70	-2462.44	0.00	-17752.05
281.80	-4120.82	0.00	-17565.61
281.90	-5797.80	0.00	-17326.41
282.00	-7486.71	0.00	-17032.78
282.10	-9180.25	0.00	-16683.14
282.20	-10870.56	0.00	-16276.01
282.30	-12549.22	0.00	-15810.07
282.40	-14207.32	0.00	-15284.16
282.50	-15835.47	0.00	-14697.35
282.60	-17423.90	0.00	-14048.96
282.70	-18962.53	0.00	-13338.58
282.80	-20441.04	0.00	-12566.14
282.90	-21848.96	0.00	-11731.93
283.00	-23175.78	0.00	-10836.58
283.10	-24411.07	0.00	-9881.17
283.20	-25544.54	0.00	-8867.19
283.30	-26566.25	0.00	-7796.58
283.40	-27466.64	0.00	-6671.75
283.50	-28236.70	0.00	-5495.58
283.60	-28868.09	0.00	-4271.45
283.70	-29353.27	0.00	-3003.20
283.80	-29685.57	0.00	-1695.16
283.90	-29878.14	0.00	-352.14
284.00	-29997.25	0.00	1020.59
284.10	-30046.44	0.00	2417.35
284.20	-30022.31	0.00	3832.03
284.30	-29921.24	0.00	5258.14
284.40	-29739.42	0.00	6688.84
284.50	-29472.89	0.00	8117.00
284.60	-29117.58	0.00	9535.21
284.70	-28669.45	0.00	10935.86
284.80	-28124.48	0.00	12311.19
284.90	-27478.85	0.00	13653.31
285.00	-26728.95	0.00	14954.32
285.10	-25871.56	0.00	16206.29
285.20	-24903.91	0.00	17401.42
285.30	-23823.81	0.00	18532.01
285.40	-22629.77	0.00	19590.57
285.50	-21321.08	0.00	20569.90
285.60	-19897.98	0.00	21463.09
285.70	-18361.68	0.00	22263.64
285.80	-16714.50	0.00	22965.51
285.90	-14959.97	0.00	23563.12
286.00	-13102.82	0.00	24051.47
286.10	-11149.11	0.00	24426.16
286.20	-9106.17	0.00	24683.43
286.30	-6982.71	0.00	24820.18
286.40	-4788.72	0.00	24834.05
286.50	-2535.47	0.00	24723.43
286.60	-235.44	0.00	24487.45
286.70	2097.74	0.00	24126.03
286.80	4449.46	0.00	23639.90
286.90	6804.19	0.00	23030.58
287.00	9145.65	0.00	22300.37
287.10	11457.02	0.00	21452.37
287.20	13721.08	0.00	20490.45
287.30	15920.41	0.00	19419.25
287.40	18037.66	0.00	18244.13
287.50	20055.66	0.00	16971.13
287.60	21957.75	0.00	15606.97
287.70	23727.92	0.00	14159.00
287.80	25351.07	0.00	12635.12
287.90	26813.20	0.00	11043.77
288.00	28101.58	0.00	9393.85
288.10	29204.98	0.00	7694.70
288.20	30113.79	0.00	5955.99
288.30	30820.16	0.00	4187.66
288.40	31318.13	0.00	2399.92
288.50	31603.70	0.00	603.10
288.60	31674.89	0.00	-1192.38
288.70	31531.76	0.00	-2976.06
288.80	31227.04	0.00	-4737.55
288.90	30817.59	0.00	-6466.59
289.00	30303.90	0.00	-8153.11
289.10	29686.37	0.00	-9787.28
289.20	28965.47	0.00	-11359.62
289.30	28141.76	0.00	-12861.05
289.40	27215.98	0.00	-14282.91
289.50	26189.17	0.00	-15617.11
289.60	25062.75	0.00	-16856.08
289.70	23838.59	0.00	-17992.90
289.80	22519.16	0.00	-19021.32
289.90	21107.56	0.00	-19935.81
290.00	19607.61	0.00	-20731.58
290.10	18023.97	0.00	-21404.65
290.20	16362.10	0.00	-21951.84
290.30	14628.40	0.00	-22370.81
290.40	12830.12	0.00	-22660.07
290.50	10975.46	0.00	-22819.01
290.60	9073.47	0.00	-22847.85
290.70	7134.08	0.00	-22747.70
290.80	5167.95	0.00	-22520.52
290.90	3186.47	0.00	-22169.09
291.00	1201.61	0.00	-21697.01
291.10	-774.19	0.00	-21108.65
291.20	-2728.14	0.00	-20409.13
291.30	-4647.25	0.00	-19604.29
291.40	-6518.50	0.00	-18700.62
291.50	-8329.00	0.00	-17705.20
291.60	-10066.14	0.00	-16625.67
291.70	-11717.75	0.00	-15470.18
291.80	-13272.29	0.00	-14247.27
291.90	-14718.99	0.00	-12965.88
292.00	-16047.99	0.00	-11635.22
292.10	-17250.48	0.00	-10264.72
292.20	-18318.82	0.00	-8863.95
292.30	-19246.62	0.00	-7442.58
292.40	-20028.86	0.00	-6010.28
292.50	-20661.90	0.00	-4576.62
292.60	-21143.57	0.00	-3151.06
292.70	-21473.15	0.00	-1742.84
292.80	-21651.37	0.00	-360.93
292.90	-21680.40	0.00	986.04
293.00	-21563.80	0.00	2289.85
293.10	-21306.42	0.00	3542.73
293.20	-20914.37	0.00	4737.43
293.30	-20394.88	0.00	5867.25
293.40	-19758.56	0.00	6926.10
293.50	-19043.96	0.00	7908.53
293.60	-18266.03	0.00	8809.76
293.70	-17430.13	0.00	9625.74
293.80	-16541.80	0.00	10353.11
293.90	-15606.76	0.00	10989.27
294.00	-14630.92	0.00	11532.38
294.10	-13620.37	0.00	11981.36
294.20	-12581.35	0.00	12335.87
294.30	-11520.27	0.00	12596.33
294.40	-10443.66	0.00	12763.90
294.50	-9358.14	0.00	12840.45
294.60	-8270.39	0.00	12828.55
294.70	-7187.09	0.00	12731.44
294.80	-6114.88	0.00	12552.97
294.90	-5060.31	0.00	12297.60
295.00	-4029.75	0.00	11970.31
295.10	-3029.34	0.00	11576.60
295.20	-2064.93	0.00	11122.38
295.30	-1142.01	0.00	10613.97
295.40	-265.63	0.00	10057.99
295.50	559.64	0.00	9461.33
295.60	1329.80	0.00	8831.05
295.70	2041.44	0.00	8174.37
295.80	2691.79	0.00	7498.53
295.90	3278.78	0.00	6810.77
296.00	3801.05	0.00	6118.23
296.10	4257.96	0.00	5427.92
296.20	4649.63	0.00	4746.59
296.30	4976.88	0.00	4080.74
296.40	5241.26	0.00	3436.48
296.50	5445.03	0.00	2819.54
296.60	5591.08	0.00	2235.16
296.70	5682.91	0.00	1688.08
296.80	5724.59	0.00	1182.44
296.90	5720.65	0.00	721.82
297.00	5676.06	0.00	309.13
297.10	5596.14	0.00	-53.37
297.20	5486.44	0.00	-364.10
297.30	5352.73	0.00	-622.17
297.40	5200.85	0.00	-827.41
297.50	5036.66	0.00	-980.31
297.60	4865.93	0.00	-1082.07
297.70	4694.29	0.00	-1134.52
297.80	4527.14	0.00	-1140.14
297.90	4369.54	0.00	-1101.99
298.00	4226.20	0.00	-1023.68
298.10	4101.37	0.00	-909.32
298.20	3998.79	0.00	-763.47
298.30	3921.67	0.00	-591.06
298.40	3872.60	0.00	-397.32
298.50	3853.56	0.00	-187.73
298.60	3865.87	0.00	32.06
298.70	3910.18	0.00	256.31
298.80	3986.45	0.00	479.29
298.90	4093.97	0.00	695.31
299.00	4231.37	0.00	898.85
299.10	4396.62	0.00	1084.59
299.20	4587.08	0.00	1247.51
299.30	4799.51	0.00	1382.96
299.40	5030.16	0.00	1486.70
299.50	5274.78	0.00	1554.98
299.60	5528.71	0.00	1584.59
299.70	5787.76	0.00	1572.89
299.80	6049.37	0.00	1517.86
299.90	6308.70	0.00	1418.11
300.00	6560.66	0.00	1272.93
300.10	6800.11	0.00	1082.26
300.20	7021.92	0.00	846.75
300.30	7221.08	0.00	567.67
300.40	7392.70	0.00	246.98
300.50	7532.14	0.00	-112.77
300.60	7635.01	0.00	-508.43
300.70	7697.26	0.00	-936.30
300.80	7715.21	0.00	-1392.19
300.90	7685.62	0.00	-1871.47
301.00	7605.69	0.00	-2369.12
301.10	7473.15	0.00	-2879.81
301.20	7286.26	0.00	-3397.98
301.30	7043.81	0.00	-3917.88
301.40	6745.22	0.00	-4433.68
301.50	6390.48	0.00	-4939.53
301.60	5980.20	0.00	-5429.60
301.70	5515.60	0.00	-5898.23
301.80	4998.51	0.00	-6339.94
301.90	4431.37	0.00	-6749.49
302.00	3817.20	0.00	-7122.00
302.10	3159.58	0.00	-7452.96
302.20	2462.63	0.00	-7738.29
302.30	1730.98	0.00	-7974.41
302.40	969.71	0.00	-8158.22
302.50	184.31	0.00	-8287.21
302.60	-619.38	0.00	-8359.42
302.70	-1435.21	0.00	-8373.49
302.80	-2256.81	0.00	-8328.63
302.90	-3077.66	0.00	-8224.69
303.00	-3891.13	0.00	-8062.06
303.10	-4690.60	0.00	-7841.73
303.20	-5469.48	0.00	-7565.23
303.30	-6221.34	0.00	-7234.63
303.40	-6939.96	0.00	-6852.46
303.50	-7619.39	0.00	-6421.74
303.60	-8254.04	0.00	-5945.86
303.70	-8838.72	0.00	-5428.62
303.80	-9368.72	0.00	-4874.09
303.90	-9839.85	0.00	-4286.63
304.00	-10248.47	0.00	-3670.82
304.10	-10591.55	0.00	-3031.40
304.20	-10866.67	0.00	-2373.22
304.30	-11072.06	0.00	-1701.17
304.40	-11206.57	0.00	-1020.20
304.50	-11269.73	0.00	-335.19
304.60	-11261.68	0.00	349.04
304.70	-11186.91	0.00	1027.79
304.80	-11055.94	0.00	1696.50
304.90	-10870.58	0.00	2350.81
305.00	-10632.38	0.00	2986.58
305.10	-10343.15	0.00	3599.89
305.20	-10004.91	0.00	4187.09
305.30	-9619.85	0.00	4744.82
305.40	-9190.39	0.00	5270.00
305.50	-8719.09	0.00	5759.86
305.60	-8208.66	0.00	6211.93
305.70	-7661.99	0.00	6624.07
305.80	-7082.09	0.00	6994.44
305.90	-6472.09	0.00	7321.51
306.00	-5835.26	0.00	7604.09
306.10	-5174.96	0.00	7841.25
306.20	-4494.65	0.00	8032.39
306.30	-3797.89	0.00	8177.19
306.40	-3088.30	0.00	8275.60
306.50	-2369.55	0.00	8327.85
306.60	-1645.39	0.00	8334.43
306.70	-919.58	0.00	8296.05
306.80	-195.89	0.00	8213.68
306.90	521.90	0.00	8088.52
307.00	1230.04	0.00	7921.95
307.10	1924.81	0.00	7715.57
307.20	2602.59	0.00	7471.16
307.30	3259.79	0.00	7190.67
307.40	3892.98	0.00	6876.21
307.50	4498.85	0.00	6530.05
307.60	5074.22	0.00	6154.56
307.70	5616.13	0.00	5752.28
307.80	6121.80	0.00	5325.80
307.90	6588.68	0.00	4877.85
308.00	7014.47	0.00	4411.20
308.10	7397.12	0.00	3928.70
308.20	7734.90	0.00	3433.24
308.30	8026.33	0.00	2927.74
308.40	8270.26	0.00	2415.12
308.50	8465.88	0.00	1898.32
308.60	8612.67	0.00	1380.23
308.70	8710.46	0.00	863.72
308.80	8759.39	0.00	351.60
308.90	8759.94	0.00	-153.38
309.00	8712.91	0.00	-648.57
309.10	8619.37	0.00	-1131.43
309.20	8482.69	0.00	-1599.51
309.30	8309.86	0.00	-2050.50
309.40	8102.62	0.00	-2482.25
309.50	7862.50	0.00	-2892.73
309.60	7591.12	0.00	-3280.10
309.70	7290.20	0.00	-3642.67
309.80	6961.59	0.00	-3978.93
309.90	6607.19	0.00	-4287.57
310.00	6229.02	0.00	-4567.44
310.10	5829.15	0.00	-4817.60
310.20	5409.75	0.00	-5037.29
310.30	4973.04	0.00	-5225.93
310.40	4521.29	0.00	-5383.14
310.50	4056.84	0.00	-5508.73
310.60	3582.06	0.00	-5602.68
310.70	3099.36	0.00	-5665.15
310.80	2611.17	0.00	-5696.48
310.90	2119.94	0.00	-5697.18
311.00	1628.12	0.00	-5667.92
311.10	1138.18	0.00	-5609.51
311.20	652.54	0.00	-5522.94
311.30	173.63	0.00	-5409.33
311.40	-296.19	0.00	-5269.94
311.50	-754.58	0.00	-5106.17
311.60	-1199.29	0.00	-4919.53
311.70	-1628.12	0.00	-4711.66
311.80	-2039.00	0.00	-4484.32
311.90	-2429.93	0.00	-4239.38
312.00	-2799.06	0.00	-3978.78
312.10	-3144.67	0.00	-3704.59
312.20	-3465.18	0.00	-3418.93
312.30	-3759.21	0.00	-3124.02
312.40	-4025.56	0.00	-2822.11
312.50	-4263.21	0.00	-2515.54
312.60	-4471.37	0.00	-2206.66
312.70	-4649.50	0.00	-1897.85
312.80	-4797.28	0.00	-1591.49
312.90	-4914.64	0.00	-1289.97
313.00	-5001.78	0.00	-995.63
313.10	-5059.16	0.00	-710.78
313.20	-5087.51	0.00	-437.63
313.30	-5087.81	0.00	-178.33
313.40	-5061.33	0.00	65.10
313.50	-5009.58	0.00	290.79
313.60	-4934.31	0.00	497.03
313.70	-4837.51	0.00	682.29
313.80	-4721.37	0.00	845.26
313.90	-4588.28	0.00	984.86
314.00	-4440.80	0.00	1100.29
314.10	-4282.00	0.00	1191.00
314.20	-4116.05	0.00	1256.74
314.30	-3945.72	0.00	1297.58
314.40	-3773.68	0.00	1313.91
314.50	-3602.58	0.00	1306.43
314.60	-3435.04	0.00	1276.18
314.70	-3273.64	0.00	1224.54
314.80	-3120.82	0.00	1153.20
314.90	-2978.88	0.00	1064.18
315.00	-2849.97	0.00	959.78
315.10	-2735.98	0.00	842.58
315.20	-2638.58	0.00	715.43
315.30	-2559.13	0.00	581.39
315.40	-2498.68	0.00	443.69
315.50	-2457.95	0.00	305.74
315.60	-2437.26	0.00	171.03
315.70	-2436.57	0.00	43.14
315.80	-2455.44	0.00	-74.38
315.90	-2493.00	0.00	-177.99
316.00	-2548.01	0.00	-264.25
316.10	-2618.79	0.00	-329.87
316.20	-2703.30	0.00	-371.73
316.30	-2799.10	0.00	-387.00
316.40	-2903.42	0.00	-373.12
316.50	-3013.16	0.00	-327.86
316.60	-3124.93	0.00	-249.40
316.70	-3235.10	0.00	-136.34
316.80	-3339.83	0.00	12.29
316.90	-3435.12	0.00	196.93
317.00	-3516.88	0.00	417.55
317.10	-3580.96	0.00	673.60
317.20	-3623.23	0.00	963.97
317.30	-3639.59	0.00	1287.04
317.40	-3626.10	0.00	1640.68
317.50	-3578.96	0.00	2022.22
317.60	-3494.65	0.00	2428.52
317.70	-3369.91	0.00	2855.98
317.80	-3201.83	0.00	3300.56
317.90	-2987.91	0.00	3757.86
318.00	-2726.09	0.00	4223.11
318.10	-2414.81	0.00	4691.28
318.20	-2053.03	0.00	5157.11
318.30	-1640.29	0.00	5615.15
318.40	-1176.73	0.00	6059.87
318.50	-663.13	0.00	6485.69
318.60	-100.88	0.00	6887.04
318.70	507.93	0.00	7258.47
318.80	1160.58	0.00	7594.67
318.90	1853.68	0.00	7890.55
319.00	2583.20	0.00	8141.31
319.10	3344.48	0.00	8342.50
319.20	4132.25	0.00	8490.05
319.30	4940.71	0.00	8580.34
319.40	5763.55	0.00	8610.26
319.50	6593.96	0.00	8577.20
319.60	7424.81	0.00	8479.14
319.70	8248.59	0.00	8314.63
319.80	9057.58	0.00	8082.82
319.90	9843.91	0.00	7783.51
320.00	10599.64	0.00	7417.08
320.10	11316.85	0.00	6984.58
320.20	11987.75	0.00	6487.63
320.30	12604.80	0.00	5928.46
320.40	13160.73	0.00	5309.90
320.50	13654.00	0.00	4635.29
320.60	14092.88	0.00	3908.51
320.70	14474.08	0.00	3133.90
320.80	14793.92	0.00	2316.26
320.90	15049.04	0.00	1460.74
321.00	15236.35	0.00	572.86
321.10	15353.09	0.00	-341.58
321.20	15396.82	0.00	-1276.55
321.30	15365.41	0.00	-2225.83
321.40	15257.09	0.00	-3183.08
321.50	15070.40	0.00	-4141.89
321.60	14804.26	0.00	-5095.83
321.70	14457.96	0.00	-6038.50
321.80	14031.17	0.00	-6963.59
321.90	13523.94	0.00	-7864.91
322.00	12936.78	0.00	-8736.45
322.10	12270.60	0.00	-9572.44
322.20	11526.79	0.00	-10367.34
322.30	10707.18	0.00	-11115.92
322.40	9814.12	0.00	-11813.27
322.50	8850.45	0.00	-12454.83
322.60	7819.53	0.00	-13036.42
322.70	6725.22	0.00	-13554.26
322.80	5571.95	0.00	-14004.99
322.90	4364.63	0.00	-14385.67
323.00	3108.73	0.00	-14693.79
323.10	1810.22	0.00	-14927.31
323.20	475.54	0.00	-15084.63
323.30	-888.36	0.00	-15164.59
323.40	-2274.12	0.00	-15166.49
323.50	-3673.98	0.00	-15090.08
323.60	-5079.83	0.00	-14935.53
323.70	-6483.23	0.00	-14703.48
323.80	-7875.53	0.00	-14394.96
323.90	-9247.89	0.00	-14011.44
324.00	-10591.34	0.00	-13554.78
324.10	-11896.91	0.00	-13027.22
324.20	-13155.65	0.00	-12431.41
324.30	-14358.75	0.00	-11770.31
324.40	-15497.59	0.00	-11047.27
324.50	-16563.86	0.00	-10265.93
324.60	-17549.63	0.00	-9430.25
324.70	-18447.42	0.00	-8544.48
324.80	-19250.33	0.00	-7613.12
324.90	-19952.03	0.00	-6640.92
325.00	-20546.92	0.00	-5632.84
325.10	-21030.15	0.00	-4594.03
325.20	-21397.70	0.00	-3529.80
325.30	-21646.41	0.00	-2445.59
325.40	-21800.66	0.00	-1346.93
325.50	-21883.80	0.00	-239.44
325.60	-21895.44	0.00	871.25
325.70	-21835.26	0.00	1979.48
325.80	-21702.98	0.00	3079.65
325.90	-21498.43	0.00	4166.24
326.00	-21221.49	0.00	5233.81
326.10	-20872.19	0.00	6277.08
326.20	-20450.65	0.00	7290.96
326.30	-19957.18	0.00	8270.54
326.40	-19392.28	0.00	9211.21
326.50	-18756.63	0.00	10108.59
326.60	-18051.19	0.00	10958.65
326.70	-17277.17	0.00	11757.65
326.80	-16436.09	0.00	12502.26
326.90	-15529.77	0.00	13189.48
327.00	-14560.39	0.00	13816.74
327.10	-13530.44	0.00	14381.84
327.20	-12442.81	0.00	14883.01
327.30	-11300.74	0.00	15318.90
327.40	-10107.81	0.00	15688.54
327.50	-8867.98	0.00	15991.38
327.60	-7585.54	0.00	16227.25
327.70	-6265.09	0.00	16396.36
327.80	-4911.57	0.00	16499.25
327.90	-3530.14	0.00	16536.81
328.00	-2126.25	0.00	16510.19
328.10	-705.53	0.00	16420.84
328.20	726.20	0.00	16270.42
328.30	2162.99	0.00	16060.79
328.40	3598.77	0.00	15793.97
328.50	5027.42	0.00	15472.10
328.60	6442.79	0.00	15097.43
328.70	7838.71	0.00	14672.24
328.80	9209.07	0.00	14198.87
328.90	10547.80	0.00	13679.62
329.00	11848.93	0.00	13116.80
329.10	13106.60	0.00	12512.64
329.20	14315.09	0.00	11869.33
329.30	15468.81	0.00	11188.98
329.40	16562.36	0.00	10473.61
329.50	17590.51	0.00	9725.16
329.60	18548.25	0.00	8945.51
329.70	19430.77	0.00	8136.43
329.80	20233.48	0.00	7299.66
329.90	20952.04	0.00	6436.88
330.00	21582.38	0.00	5549.78
330.10	22120.71	0.00	4640.00
330.20	22563.53	0.00	3709.25
330.30	22907.66	0.00	2759.29
330.40	23150.28	0.00	1791.94
330.50	23292.56	0.00	809.17
330.60	23375.11	0.00	-186.94
330.70	23408.82	0.00	-1194.13
330.80	23392.05	0.00	-2209.93
330.90	23322.86	0.00	-3231.68
331.00	23199.03	0.00	-4256.48
331.10	23018.12	0.00	-5281.17
331.20	22777.49	0.00	-6302.36
331.30	22474.34	0.00	-7316.40
331.40	22105.81	0.00	-8319.35
331.50	21669.00	0.00	-9307.08
331.60	21161.04	0.00	-10275.20
331.70	20579.21	0.00	-11219.10
331.80	19920.96	0.00	-12134.01
331.90	19184.04	0.00	-13015.01
332.00	18366.55	0.00	-13857.04
332.10	17467.03	0.00	-14655.00
332.20	16484.55	0.00	-15403.76
332.30	15418.80	0.00	-16098.19
332.40	14270.15	0.00	-16733.27
332.50	13039.73	0.00	-17304.09
332.60	11729.47	0.00	-17805.95
332.70	10342.19	0.00	-18234.38
332.80	8881.62	0.00	-18585.22
332.90	7352.45	0.00	-18854.65
333.00	5760.32	0.00	-19039.28
333.10	4111.84	0.00	-19136.16
333.20	2414.57	0.00	-19142.87
333.30	677.01	0.00	-19057.52
333.40	-1091.47	0.00	-18878.80
333.50	-2880.71	0.00	-18606.03
333.60	-4679.79	0.00	-18239.16
333.70	-6477.15	0.00	-17778.82
333.80	-8260.75	0.00	-17226.29
333.90	-10018.10	0.00	-16583.55
334.00	-11736.50	0.00	-15853.26
334.10	-13403.11	0.00	-15038.73
334.20	-15005.14	0.00	-14143.96
334.30	-16530.02	0.00	-13173.56
334.40	-17965.55	0.00	-12132.76
334.50	-19300.06	0.00	-11027.36
334.60	-20522.56	0.00	-9863.68
334.70	-21622.93	0.00	-8648.53
334.80	-22592.02	0.00	-7389.16
334.90	-23421.83	0.00	-6093.17
335.00	-24105.55	0.00	-4768.50
335.10	-24637.75	0.00	-3423.32
335.20	-25014.39	0.00	-2065.99
335.30	-25232.91	0.00	-704.96
335.40	-25292.25	0.00	651.27
335.50	-25192.90	0.00	1994.23
335.60	-24950.02	0.00	3315.57
335.70	-24615.50	0.00	4607.11
335.80	-24195.73	0.00	5860.93
335.90	-23692.49	0.00	7069.43
336.00	-23107.78	0.00	8225.39
336.10	-22443.84	0.00	9322.05
336.20	-21703.20	0.00	10353.13
336.30	-20888.70	0.00	11312.94
336.40	-20003.49	0.00	12196.38
336.50	-19051.09	0.00	12998.99
336.60	-18035.43	0.00	13717.01
336.70	-16960.79	0.00	14347.38
336.80	-15831.89	0.00	14887.77
336.90	-14653.82	0.00	15336.59
337.00	-13432.09	0.00	15693.00
337.10	-12172.57	0.00	15956.92
337.20	-10881.49	0.00	16128.97
337.30	-9565.35	0.00	16210.53
337.40	-8230.94	0.00	16203.64
337.50	-6885.24	0.00	16111.01
337.60	-5535.36	0.00	15935.95
337.70	-4188.47	0.00	15682.38
337.80	-2851.75	0.00	15354.70
337.90	-1532.26	0.00	14957.80
338.00	-236.91	0.00	14496.96
338.10	1027.64	0.00	13977.80
338.20	2255.07	0.00	13406.22
338.30	3439.44	0.00	12788.30
338.40	4575.27	0.00	12130.28
338.50	5657.63	0.00	11438.44
338.60	6682.13	0.00	10719.06
338.70	7645.01	0.00	9978.34
338.80	8543.15	0.00	9222.33
338.90	9374.08	0.00	8456.90
339.00	10136.01	0.00	7687.64
339.10	10827.80	0.00	6919.84
339.20	11448.95	0.00	6158.42
339.30	11999.59	0.00	5407.91
339.40	12480.42	0.00	4672.40
339.50	12892.67	0.00	3955.52
339.60	13238.08	0.00	3260.41
339.70	13518.80	0.00	2589.74
339.80	13737.33	0.00	1945.66
339.90	13896.49	0.00	1329.83
340.00	13999.32	0.00	743.42
340.10	14049.00	0.00	187.13
340.20	14048.85	0.00	-338.79
340.30	14002.18	0.00	-834.50
340.40	13912.29	0.00	-1300.56
340.50	13782.40	0.00	-1737.88
340.60	13615.58	0.00	-2147.65
340.70	13414.75	0.00	-2531.35
340.80	13182.60	0.00	-2890.65
340.90	12927.01	0.00	-3227.38
341.00	12661.97	0.00	-3543.49
341.10	12388.76	0.00	-3840.99
341.20	12107.82	0.00	-4121.87
341.30	11819.28	0.00	-4388.13
341.40	11522.96	0.00	-4641.65
341.50	11218.41	0.00	-4884.18
341.60	10904.96	0.00	-5117.34
341.70	10581.70	0.00	-5342.51
341.80	10247.56	0.00	-5560.88
341.90	9901.33	0.00	-5773.37
342.00	9541.68	0.00	-5980.64
342.10	9167.24	0.00	-6183.08
342.20	8776.64	0.00	-6380.77
342.30	8368.50	0.00	-6573.53
342.40	7941.53	0.00	-6760.91
342.50	7494.56	0.00	-6942.18
342.60	7026.54	0.00	-7116.36
342.70	6536.65	0.00	-7282.26
342.80	6024.25	0.00	-7438.48
342.90	5489.00	0.00	-7583.45
343.00	4930.80	0.00	-7715.49
343.10	4349.88	0.00	-7832.78
343.20	3746.80	0.00	-7933.46
343.30	3122.45	0.00	-8015.66
343.40	2478.05	0.00	-8077.49
343.50	1815.20	0.00	-8117.13
343.60	1135.83	0.00	-8132.86
343.70	442.19	0.00	-8123.07
343.80	-263.12	0.00	-8086.29
343.90	-977.23	0.00	-8021.27
344.00	-1696.98	0.00	-7926.94
344.10	-2418.96	0.00	-7802.47
344.20	-3139.57	0.00	-7647.30
344.30	-3855.03	0.00	-7461.11
344.40	-4561.44	0.00	-7243.85
344.50	-5254.80	0.00	-6995.76
344.60	-5931.10	0.00	-6717.36
344.70	-6586.31	0.00	-6409.41
344.80	-7216.47	0.00	-6072.97
344.90	-7817.74	0.00	-5709.33
345.00	-8386.41	0.00	-5320.00
345.10	-8918.95	0.00	-4906.75
345.20	-9412.09	0.00	-4471.49
345.30	-9862.79	0.00	-4016.34
345.40	-10268.34	0.00	-3543.55
345.50	-10626.32	0.00	-3055.48
345.60	-10934.70	0.00	-2554.60
345.70	-11191.77	0.00	-2043.43
345.80	-11396.22	0.00	-1524.54
345.90	-11547.11	0.00	-1000.52
346.00	-11643.90	0.00	-473.94
346.10	-11686.41	0.00	52.67
346.20	-11674.83	0.00	576.82
346.30	-11609.73	0.00	1096.09
346.40	-11496.69	0.00	1608.15
346.50	-11346.06	0.00	2110.78
346.60	-11158.96	0.00	2601.86
346.70	-10936.34	0.00	3079.41
346.80	-10679.21	0.00	3541.56
346.90	-10388.63	0.00	3986.59
347.00	-10065.74	0.00	4412.89
347.10	-9711.71	0.00	4819.02
347.20	-9327.78	0.00	5203.66
347.30	-8915.22	0.00	5565.62
347.40	-8475.35	0.00	5903.85
347.50	-8009.54	0.00	6217.41
347.60	-7519.20	0.00	6505.50
347.70	-7005.80	0.00	6767.41
347.80	-6470.84	0.00	7002.56
347.90	-5915.90	0.00	7210.44
348.00	-5342.60	0.00	7390.68
348.10	-4752.62	0.00	7542.96
348.20	-4147.73	0.00	7667.06
348.30	-3529.73	0.00	7762.83
348.40	-2900.51	0.00	7830.21
348.50	-2262.03	0.00	7869.20
348.60	-1616.31	0.00	7879.86
348.70	-965.46	0.00	7862.32
348.80	-311.64	0.00	7816.79
348.90	342.93	0.00	7743.52
349.00	995.93	0.00	7642.84
349.10	1645.03	0.00	7515.12
349.20	2287.81	0.00	7360.81
349.30	2921.83	0.00	7180.41
349.40	3544.63	0.00	6974.49
349.50	4153.69	0.00	6743.69
349.60	4746.51	0.00	6488.71
349.70	5320.58	0.00	6210.30
349.80	5873.43	0.00	5909.30
349.90	6402.57	0.00	5586.62
350.00	6905.62	0.00	5243.21
350.10	7380.21	0.00	4880.11
350.20	7824.08	0.00	4498.43
350.30	8235.05	0.00	4099.33
350.40	8611.05	0.00	3684.07
350.50	8950.14	0.00	3253.93
350.60	9250.50	0.00	2810.31
350.70	9510.50	0.00	2354.63
350.80	9728.65	0.00	1888.40
350.90	9903.64	0.00	1413.17
351.00	10034.37	0.00	930.57
351.10	10119.93	0.00	442.28
351.20	10159.62	0.00	-49.99
351.30	10153.15	0.00	-544.44
351.40	10107.48	0.00	-1039.25
351.50	10026.09	0.00	-1532.55
351.60	9908.80	0.00	-2022.43
351.70	9755.51	0.00	-2506.94
351.80	9566.22	0.00	-2984.12
351.90	9340.96	0.00	-3451.95
352.00	9079.88	0.00	-3908.43
352.10	8783.22	0.00	-4351.53
352.20	8451.35	0.00	-4779.21
352.30	8084.74	0.00	-5189.44
352.40	7684.02	0.00	-5580.23
352.50	7249.96	0.00	-5949.57
352.60	6783.50	0.00	-6295.51
352.70	6285.76	0.00	-6616.14
352.80	5758.04	0.00	-6909.62
352.90	5201.86	0.00	-7174.17
353.00	4618.94	0.00	-7408.09
353.10	4011.21	0.00	-7609.80
353.20	3380.86	0.00	-7777.82
353.30	2730.26	0.00	-7910.81
353.40	2062.05	0.00	-8007.57
353.50	1379.08	0.00	-8067.06
353.60	684.42	0.00	-8088.42
353.70	-18.66	0.00	-8070.99
353.80	-726.67	0.00	-8014.30
353.90	-1435.97	0.00	-7918.11
354.00	-2142.73	0.00	-7782.40
354.10	-2843.03	0.00	-7607.40
354.20	-3532.80	0.00	-7393.59
354.30	-4207.94	0.00	-7141.69
354.40	-4864.29	0.00	-6852.69
354.50	-5497.70	0.00	-6527.85
354.60	-6104.07	0.00	-6168.66
354.70	-6679.39	0.00	-5776.91
354.80	-7219.76	0.00	-5354.61
354.90	-7721.47	0.00	-4904.02
355.00	-8181.02	0.00	-4427.64
355.10	-8595.16	0.00	-3928.17
355.20	-8960.96	0.00	-3408.52
355.30	-9275.80	0.00	-2871.78
355.40	-9537.45	0.00	-2321.19
355.50	-9744.06	0.00	-1760.12
355.60	-9894.24	0.00	-1192.06
355.70	-9987.00	0.00	-620.57
355.80	-10021.87	0.00	-49.24
355.90	-9998.79	0.00	518.29
356.00	-9921.99	0.00	1078.43
356.10	-9798.98	0.00	1627.60
356.20	-9630.79	0.00	2162.34
356.30	-9418.57	0.00	2679.28
356.40	-9163.71	0.00	3175.18
356.50	-8867.87	0.00	3646.98
356.60	-8532.91	0.00	4091.84
356.70	-8160.94	0.00	4507.13
356.80	-7754.29	0.00	4890.45
356.90	-7315.50	0.00	5239.70
357.00	-6847.33	0.00	5553.08
357.10	-6352.67	0.00	5829.06
357.20	-5834.64	0.00	6066.45
357.30	-5296.46	0.00	6264.41
357.40	-4741.50	0.00	6422.41
357.50	-4173.20	0.00	6540.27
357.60	-3595.10	0.00	6618.14
357.70	-3010.78	0.00	6656.52
357.80	-2423.81	0.00	6656.23
357.90	-1837.78	0.00	6618.42
358.00	-1256.19	0.00	6544.51
358.10	-682.48	0.00	6436.24
358.20	-119.98	0.00	6295.60
358.30	428.16	0.00	6124.82
358.40	958.93	0.00	5926.36
358.50	1469.57	0.00	5702.86
358.60	1957.52	0.00	5457.11
358.70	2420.53	0.00	5192.04
358.80	2856.60	0.00	4910.69
358.90	3264.04	0.00	4616.13
359.00	3641.51	0.00	4311.48
359.10	3987.98	0.00	3999.83
359.20	4302.76	0.00	3684.26
359.30	4585.52	0.00	3367.74
359.40	4836.25	0.00	3053.16
359.50	5055.30	0.00	2743.23
359.60	5243.31	0.00	2440.53
359.70	5401.26	0.00	2147.40
359.80	5530.38	0.00	1865.98
359.90	5632.20	0.00	1598.14
360.00	5708.44	0.00	1345.47
360.10	5761.05	0.00	1109.28
360.20	5792.13	0.00	890.59
360.30	5803.92	0.00	690.06
360.40	5798.74	0.00	508.08
360.50	5778.96	0.00	344.68
360.60	5746.95	0.00	199.56
360.70	5705.05	0.00	72.14
360.80	5655.55	0.00	-38.49
360.90	5600.60	0.00	-133.55
361.00	5542.20	0.00	-214.49
361.10	5482.22	0.00	-283.05
361.20	5424.25	0.00	-341.18
361.30	5370.77	0.00	-391.01
361.40	5322.77	0.00	-434.84
361.50	5280.97	0.00	-475.12
361.60	5245.80	0.00	-514.34
361.70	5217.37	0.00	-555.09
361.80	5195.51	0.00	-599.92
361.90	5179.70	0.00	-651.37
362.00	5169.14	0.00	-711.89
362.10	5162.70	0.00	-783.82
362.20	5158.98	0.00	-869.32
362.30	5156.28	0.00	-970.37
362.40	5152.65	0.00	-1088.70
362.50	5145.91	0.00	-1225.76
362.60	5133.65	0.00	-1382.70
362.70	5113.30	0.00	-1560.33
362.80	5082.14	0.00	-1759.11
362.90	5037.35	0.00	-1979.12
363.00	4976.02	0.00	-2220.02
363.10	4895.24	0.00	-2481.11
363.20	4792.11	0.00	-2761.25
363.30	4663.77	0.00	-3058.88
363.40	4507.51	0.00	-3372.08
363.50	4320.74	0.00	-3698.49
363.60	4101.09	0.00	-4035.42
363.70	3846.43	0.00	-4379.79
363.80	3554.94	0.00	-4728.22
363.90	3225.11	0.00	-5077.03
364.00	2855.83	0.00	-5422.29
364.10	2446.41	0.00	-5759.87
364.20	1996.61	0.00	-6085.44
364.30	1506.68	0.00	-6394.59
364.40	977.38	0.00	-6682.81
364.50	410.03	0.00	-6945.60
364.60	-193.52	0.00	-7178.51
364.70	-830.81	0.00	-7377.17
364.80	-1498.85	0.00	-7537.36
364.90	-2194.04	0.00	-7655.11
365.00	-2912.24	0.00	-7726.69
365.10	-3648.75	0.00	-7748.70
365.20	-4398.37	0.00	-7718.12
365.30	-5155.42	0.00	-7632.34
365.40	-5913.76	0.00	-7489.22
365.50	-6666.92	0.00	-7287.15
365.60	-7408.06	0.00	-7025.05
365.70	-8130.14	0.00	-6702.40
365.80	-8825.94	0.00	-6319.30
365.90	-9488.15	0.00	-5876.45
366.00	-10109.48	0.00	-5375.19
366.10	-10682.76	0.00	-4817.49
366.20	-11200.99	0.00	-4205.93
366.30	-11657.52	0.00	-3543.75
366.40	-12046.07	0.00	-2834.74
366.50	-12360.87	0.00	-2083.31
366.60	-12598.36	0.00	-1294.37
366.70	-12766.95	0.00	-473.39
366.80	-12866.09	0.00	373.76
366.90	-12892.97	0.00	1240.75
367.00	-12845.21	0.00	2120.94
367.10	-12720.88	0.00	3007.37
367.20	-12518.55	0.00	3892.88
367.30	-12237.28	0.00	4770.16
367.40	-11876.71	0.00	5631.80
367.50	-11437.03	0.00	6470.40
367.60	-10919.05	0.00	7278.63
367.70	-10324.20	0.00	8049.31
367.80	-9654.57	0.00	8775.49
367.90	-8912.92	0.00	9450.50
368.00	-8102.69	0.00	10068.05
368.10	-7227.99	0.00	10622.30
368.20	-6293.64	0.00	11107.87
368.30	-5305.10	0.00	11519.99
368.40	-4268.53	0.00	11854.45
368.50	-3190.68	0.00	12107.74
368.60	-2078.89	0.00	12277.01
368.70	-941.06	0.00	12360.15
368.80	214.47	0.00	12355.82
368.90	1378.94	0.00	12263.42
369.00	2543.27	0.00	12083.12
369.10	3698.15	0.00	11815.89
369.20	4834.13	0.00	11463.44
369.30	5941.75	0.00	11028.23
369.40	7011.61	0.00	10513.45
369.50	8034.52	0.00	9922.97
369.60	9001.59	0.00	9261.30
369.70	9904.36	0.00	8533.56
369.80	10734.87	0.00	7745.43
369.90	11485.81	0.00	6903.06
370.00	12150.61	0.00	6013.06
370.10	12723.49	0.00	5082.37
370.20	13199.55	0.00	4118.26
370.30	13574.88	0.00	3128.22
370.40	13846.53	0.00	2119.87
370.50	14012.60	0.00	1100.96
370.60	14072.22	0.00	79.23
370.70	14025.61	0.00	-937.65
370.80	13877.62	0.00	-1942.10
370.90	13645.61	0.00	-2926.75
371.00	13333.36	0.00	-3884.47
371.10	12943.26	0.00	-4808.45
371.20	12478.15	0.00	-5692.23
371.30	11941.21	0.00	-6529.77
371.40	11336.07	0.00	-7315.49
371.50	10666.70	0.00	-8044.27
371.60	9937.43	0.00	-8711.56
371.70	9152.97	0.00	-9313.33
371.80	8318.36	0.00	-9846.14
371.90	7438.93	0.00	-10307.13
372.00	6520.35	0.00	-10694.03
372.10	5568.53	0.00	-11005.19
372.20	4589.64	0.00	-11239.55
372.30	3590.04	0.00	-11396.64
372.40	2576.27	0.00	-11476.56
372.50	1554.99	0.00	-11480.00
372.60	532.95	0.00	-11408.17
372.70	-483.08	0.00	-11262.80
372.80	-1486.34	0.00	-11046.11
372.90	-2470.15	0.00	-10760.80
373.00	-3427.97	0.00	-10409.95
373.10	-4353.43	0.00	-9997.08
373.20	-5240.42	0.00	-9526.03
373.30	-6083.11	0.00	-9000.95
373.40	-6876.04	0.00	-8426.26
373.50	-7614.14	0.00	-7806.64
373.60	-8292.79	0.00	-7146.92
373.70	-8907.83	0.00	-6452.10
373.80	-9455.67	0.00	-5727.30
373.90	-9933.24	0.00	-4977.67
374.00	-10338.04	0.00	-4208.44
374.10	-10668.19	0.00	-3424.78
374.20	-10922.39	0.00	-2631.87
374.30	-11099.95	0.00	-1834.79
374.40	-11200.80	0.00	-1038.50
374.50	-11225.44	0.00	-247.84
374.60	-11174.95	0.00	532.52
374.70	-11054.48	0.00	1298.10
374.80	-10875.16	0.00	2044.62
374.90	-10639.40	0.00	2768.05
375.00	-10349.25	0.00	3464.60
375.10	-10006.95	0.00	4130.75
375.20	-9614.89	0.00	4763.26
375.30	-9175.61	0.00	5359.16
375.40	-8691.80	0.00	5915.80
375.50	-8166.29	0.00	6430.80
375.60	-7602.03	0.00	6902.11
375.70	-7002.11	0.00	7327.97
375.80	-6369.74	0.00	7706.92
375.90	-5708.23	0.00	8037.79
376.00	-5021.02	0.00	8319.73
376.10	-4311.64	0.00	8552.14
376.20	-3583.71	0.00	8734.72
376.30	-2840.93	0.00	8867.44
376.40	-2087.09	0.00	8950.50
376.50	-1326.01	0.00	8984.38
376.60	-561.57	0.00	8969.77
376.70	202.33	0.00	8907.60
376.80	961.77	0.00	8798.98
376.90	1712.83	0.00	8645.24
377.00	2451.63	0.00	8447.90
377.10	3174.32	0.00	8208.62
377.20	3877.10	0.00	7929.25
377.30	4556.28	0.00	7611.75
377.40	5208.26	0.00	7258.26
377.50	5829.56	0.00	6871.01
377.60	6416.86	0.00	6452.34
377.70	6966.99	0.00	6004.73
377.80	7477.00	0.00	5530.71
377.90	7944.11	0.00	5032.92
378.00	8365.81	0.00	4514.07
378.10	8739.80	0.00	3976.93
378.20	9064.10	0.00	3424.33
378.30	9336.97	0.00	2859.16
378.40	9556.99	0.00	2284.34
378.50	9723.05	0.00	1702.80
378.60	9834.38	0.00	1117.53
378.70	9890.53	0.00	531.49
378.80	9895.27	0.00	-52.33
378.90	9855.38	0.00	-630.97
379.00	9771.35	0.00	-1201.51
379.10	9643.71	0.00	-1761.05
379.20	9473.11	0.00	-2306.74
379.30	9260.40	0.00	-2835.83
379.40	9006.55	0.00	-3345.64
379.50	8712.73	0.00	-3833.58
379.60	8380.25	0.00	-4297.21
379.70	8010.64	0.00	-4734.20
379.80	7605.57	0.00	-5142.39
379.90	7166.93	0.00	-5519.79
380.00	6696.78	0.00	-5864.60
380.10	6197.37	0.00	-6175.23
380.20	5671.13	0.00	-6450.28
380.30	5120.68	0.00	-6688.63
380.40	4548.77	0.00	-6889.36
380.50	3958.34	0.00	-7051.84
380.60	3352.47	0.00	-7175.67
380.70	2734.32	0.00	-7260.75
380.80	2107.20	0.00	-7307.22
380.90	1474.46	0.00	-7315.52
381.00	839.52	0.00	-7286.33
381.10	205.81	0.00	-7220.61
381.20	-423.25	0.00	-7119.57
381.30	-1044.27	0.00	-6984.64
381.40	-1653.93	0.00	-6817.52
381.50	-2249.01	0.00	-6620.07
381.60	-2826.45	0.00	-6394.38
381.70	-3383.30	0.00	-6142.69
381.80	-3916.86	0.00	-5867.38
381.90	-4424.59	0.00	-5570.96
382.00	-4904.23	0.00	-5256.02
382.10	-5353.77	0.00	-4925.22
382.20	-5771.46	0.00	-4581.25
382.30	-6155.85	0.00	-4226.83
382.40	-6505.79	0.00	-3864.62
382.50	-6820.41	0.00	-3497.25
382.60	-7099.18	0.00	-3127.30
382.70	-7341.82	0.00	-2757.21
382.80	-7548.36	0.00	-2389.31
382.90	-7719.12	0.00	-2025.79
383.00	-7854.65	0.00	-1668.69
383.10	-7955.76	0.00	-1319.85
383.20	-8023.49	0.00	-980.93
383.30	-8059.04	0.00	-653.36
383.40	-8063.82	0.00	-338.41
383.50	-8039.37	0.00	-37.09
383.60	-7987.32	0.00	249.78
383.70	-7911.22	0.00	521.62
383.80	-7817.51	0.00	778.05
383.90	-7708.00	0.00	1018.88
384.00	-7584.21	0.00	1244.14
384.10	-7447.60	0.00	1454.04
384.20	-7299.53	0.00	1648.96
384.30	-7141.29	0.00	1829.44
384.40	-6974.07	0.00	1996.16
384.50	-6798.92	0.00	2149.93
384.60	-6616.80	0.00	2291.67
384.70	-6428.55	0.00	2422.37
384.80	-6234.87	0.00	2543.13
384.90	-6036.34	0.00	2655.06
385.00	-5833.40	0.00	2759.32
385.10	-5626.38	0.00	2857.10
385.20	-5415.47	0.00	2949.57
385.30	-5200.75	0.00	3037.88
385.40	-4982.17	0.00	3123.15
385.50	-4759.59	0.00	3206.45
385.60	-4532.74	0.00	3288.79
385.70	-4301.27	0.00	3371.08
385.80	-4064.76	0.00	3454.16
385.90	-3822.68	0.00	3538.77
386.00	-3574.46	0.00	3625.52
386.10	-3319.46	0.00	3714.93
386.20	-3057.01	0.00	3807.37
386.30	-2786.39	0.00	3903.09
386.40	-2506.89	0.00	4002.19
386.50	-2217.78	0.00	4104.63
386.60	-1918.32	0.00	4210.25
386.70	-1607.83	0.00	4318.70
386.80	-1285.65	0.00	4429.54
386.90	-951.17	0.00	4542.13
387.00	-603.85	0.00	4655.71
387.10	-243.24	0.00	4769.40
387.20	131.01	0.00	4882.14
387.30	519.14	0.00	4992.78
387.40	921.26	0.00	5100.03
387.50	1337.32	0.00	5202.48
387.60	1767.13	0.00	5298.63
387.70	2210.29	0.00	5386.89
387.80	2666.26	0.00	5465.57
387.90	3134.24	0.00	5532.93
388.00	3613.26	0.00	5587.18
388.10	4102.11	0.00	5626.51
388.20	4599.34	0.00	5649.06
388.30	5103.29	0.00	5653.03
388.40	5612.03	0.00	5636.59
388.50	6123.43	0.00	5598.01
388.60	6635.09	0.00	5535.61
388.70	7144.40	0.00	5447.78
388.80	7648.52	0.00	5333.06
388.90	8144.44	0.00	5190.12
389.00	8628.92	0.00	5017.78
389.10	9098.59	0.00	4815.06
389.20	9549.93	0.00	4581.15
389.30	9979.31	0.00	4315.50
389.40	10383.04	0.00	4017.77
389.50	10757.37	0.00	3687.89
389.60	11098.57	0.00	3326.04
389.70	11402.97	0.00	2932.69
389.80	11674.96	0.00	2508.59
389.90	11918.02	0.00	2054.78
390.00	12129.65	0.00	1572.59
390.10	12307.35	0.00	1063.63
390.20	12448.70	0.00	529.82
390.30	12551.31	0.00	-26.69
390.40	12612.88	0.00	-603.43
390.50	12631.22	0.00	-1197.73
390.60	12604.24	0.00	-1806.66
390.70	12530.01	0.00	-2427.08
390.80	12406.73	0.00	-3055.68
390.90	12232.82	0.00	-3688.95
391.00	12006.89	0.00	-4323.30
391.10	11727.77	0.00	-4954.98
391.20	11394.55	0.00	-5580.19
391.30	11006.60	0.00	-6195.10
391.40	10563.57	0.00	-6795.84
391.50	10065.44	0.00	-7378.58
391.60	9512.49	0.00	-7939.53
391.70	8905.39	0.00	-8475.00
391.80	8245.16	0.00	-8981.40
391.90	7533.20	0.00	-9455.31
392.00	6771.28	0.00	-9893.45
392.10	5961.61	0.00	-10292.77
392.20	5106.77	0.00	-10650.43
392.30	4209.74	0.00	-10963.83
392.40	3273.91	0.00	-11230.65
392.50	2303.06	0.00	-11448.83
392.60	1301.33	0.00	-11616.64
392.70	273.22	0.00	-11732.62
392.80	-776.41	0.00	-11795.64
392.90	-1842.42	0.00	-11804.90
393.00	-2919.39	0.00	-11759.89
393.10	-4001.64	0.00	-11660.46
393.20	-5083.29	0.00	-11506.76
393.30	-6158.32	0.00	-11299.25
393.40	-7220.58	0.00	-11038.70
393.50	-8263.86	0.00	-10726.19
393.60	-9281.94	0.00	-10363.06
393.70	-10268.62	0.00	-9950.94
393.80	-11217.82	0.00	-9491.70
393.90	-12123.59	0.00	-8987.48
394.00	-12980.17	0.00	-8440.61
394.10	-13782.06	0.00	-7853.64
394.20	-14524.06	0.00	-7229.28
394.30	-15201.31	0.00	-6570.45
394.40	-15809.35	0.00	-5880.16
394.50	-16344.15	0.00	-5161.58
394.60	-16802.12	0.00	-4417.96
394.70	-17180.21	0.00	-3652.64
394.80	-17475.86	0.00	-2869.03
394.90	-17687.06	0.00	-2070.56
395.00	-17815.37	0.00	-1260.70
395.10	-17885.40	0.00	-442.90
395.20	-17902.77	0.00	379.39
395.30	-17867.39	0.00	1202.75
395.40	-17779.20	0.00	2023.82
395.50	-17638.17	0.00	2839.30
395.60	-17444.28	0.00	3645.97
395.70	-17197.55	0.00	4440.69
395.80	-16898.00	0.00	5220.45
395.90	-16545.72	0.00	5982.32
396.00	-16140.83	0.00	6723.50
396.10	-15683.52	0.00	7441.32
396.20	-15174.04	0.00	8133.26
396.30	-14612.75	0.00	8796.89
396.40	-14000.08	0.00	9429.96
396.50	-13336.61	0.00	10030.35
396.60	-12623.05	0.00	10596.08
396.70	-11860.26	0.00	11125.29
396.80	-11049.29	0.00	11616.27
396.90	-10191.37	0.00	12067.46
397.00	-9287.94	0.00	12477.38
397.10	-8340.66	0.00	12844.73
397.20	-7351.44	0.00	13168.27
397.30	-6322.45	0.00	13446.91
397.40	-5256.12	0.00	13679.64
397.50	-4155.14	0.00	13865.57
397.60	-3022.52	0.00	14003.88
397.70	-1861.56	0.00	14093.86
397.80	-675.85	0.00	14134.86
397.90	530.72	0.00	14126.34
398.00	1753.94	0.00	14067.80
398.10	2989.30	0.00	13958.86
398.20	4232.00	0.00	13799.20
398.30	5476.94	0.00	13588.58
398.40	6718.75	0.00	13326.86
398.50	7951.80	0.00	13013.99
398.60	9170.22	0.00	12650.02
398.70	10367.92	0.00	12235.14
398.80	11538.62	0.00	11769.62
398.90	12675.89	0.00	11253.92
399.00	13773.18	0.00	10688.63
399.10	14823.86	0.00	10074.50
399.20	15821.28	0.00	9412.50
399.30	16758.80	0.00	8703.78
399.40	17629.88	0.00	7949.71
399.50	18428.08	0.00	7151.92
399.60	19147.19	0.00	6312.27
399.70	19781.24	0.00	5432.90
399.80	20324.61	0.00	4516.24
399.90	20772.06	0.00	3565.00
400.00	21118.81	0.00	2582.19
400.10	21360.61	0.00	1571.11
400.20	21513.22	0.00	535.41
400.30	21603.85	0.00	-521.01
400.40	21630.65	0.00	-1593.91
400.50	21591.35	0.00	-2678.78
400.60	21483.64	0.00	-3770.84
400.70	21305.19	0.00	-4865.05
400.80	21053.67	0.00	-5956.13
400.90	20726.84	0.00	-7038.61
401.00	20322.57	0.00	-8106.85
401.10	19838.87	0.00	-9155.04
401.20	19274.01	0.00	-10177.31
401.30	18626.54	0.00	-11167.71
401.40	17895.34	0.00	-12120.30
401.50	17079.74	0.00	-13029.13
401.60	16179.53	0.00	-13888.38
401.70	15195.07	0.00	-14692.35
401.80	14127.32	0.00	-15435.50
401.90	12977.92	0.00	-16112.54
402.00	11749.21	0.00	-16718.48
402.10	10444.31	0.00	-17248.62
402.20	9067.15	0.00	-17698.67
402.30	7622.48	0.00	-18064.74
402.40	6115.88	0.00	-18343.40
402.50	4553.79	0.00	-18531.73
402.60	2943.47	0.00	-18627.31
402.70	1292.99	0.00	-18628.31
402.80	-388.81	0.00	-18533.45
402.90	-2092.39	0.00	-18342.07
403.00	-3807.54	0.00	-18054.11
403.10	-5523.51	0.00	-17670.12
403.20	-7229.08	0.00	-17191.28
403.30	-8912.65	0.00	-16619.41
403.40	-10562.37	0.00	-15956.89
403.50	-12166.30	0.00	-15206.76
403.60	-13712.46	0.00	-14372.59
403.70	-15189.03	0.00	-13458.54
403.80	-16584.49	0.00	-12469.28
403.90	-17887.71	0.00	-11410.02
404.00	-19088.11	0.00	-10286.40
404.10	-20175.81	0.00	-9104.51
404.20	-21141.74	0.00	-7870.85
404.30	-21977.73	0.00	-6592.26
404.40	-22676.65	0.00	-5275.88
404.50	-23232.51	0.00	-3929.12
404.60	-23640.49	0.00	-2559.64
404.70	-23897.06	0.00	-1175.22
404.80	-23999.98	0.00	216.20
404.90	-23948.95	0.00	1606.61
405.00	-23782.48	0.00	2988.00
405.10	-23523.74	0.00	4352.36
405.20	-23173.01	0.00	5691.75
405.30	-22730.67	0.00	6998.36
405.40	-22197.29	0.00	8264.55
405.50	-21573.62	0.00	9482.89
405.60	-20860.64	0.00	10646.21
405.70	-20059.66	0.00	11747.66
405.80	-19172.32	0.00	12780.71
405.90	-18200.70	0.00	13739.26
406.00	-17147.32	0.00	14617.63
406.10	-16015.24	0.00	15410.61
406.20	-14808.12	0.00	16113.50
406.30	-13530.21	0.00	16722.17
406.40	-12186.42	0.00	17233.05
406.50	-10782.38	0.00	17643.18
406.60	-9324.38	0.00	17950.26
406.70	-7819.42	0.00	18152.62
406.80	-6275.22	0.00	18249.30
406.90	-4700.11	0.00	18240.02
407.00	-3103.07	0.00	18125.22
407.10	-1493.64	0.00	17906.05
407.20	118.18	0.00	17584.36
407.30	1721.98	0.00	17162.74
407.40	3307.06	0.00	16644.46
407.50	4862.54	0.00	16033.47
407.60	6377.50	0.00	15334.39
407.70	7841.06	0.00	14552.49
407.80	9242.59	0.00	13693.60
407.90	10571.82	0.00	12764.13
408.00	11818.93	0.00	11770.99
408.10	12974.77	0.00	10721.56
408.20	14030.93	0.00	9623.60
408.30	14979.89	0.00	8485.20
408.40	15815.13	0.00	7314.73
408.50	16531.20	0.00	6120.75
408.60	17123.83	0.00	4911.92
408.70	17589.97	0.00	3696.96
408.80	17927.85	0.00	2484.54
408.90	18137.00	0.00	1283.21
409.00	18218.23	0.00	101.33
409.10	18173.64	0.00	-1053.02
409.20	18006.56	0.00	-2172.11
409.30	17721.49	0.00	-3248.65
409.40	17324.04	0.00	-4275.82
409.50	16827.53	0.00	-5247.37
409.60	16260.67	0.00	-6157.64
409.70	15630.35	0.00	-7001.66
409.80	14941.82	0.00	-7775.14
409.90	14200.58	0.00	-8474.52
410.00	13412.32	0.00	-9097.02
410.10	12582.93	0.00	-9640.62
410.20	11718.43	0.00	-10104.07
410.30	10824.96	0.00	-10486.93
410.40	9908.71	0.00	-10789.49
410.50	8975.89	0.00	-11012.78
410.60	8032.68	0.00	-11158.55
410.70	7085.19	0.00	-11229.22
410.80	6139.35	0.00	-11227.82
410.90	5200.94	0.00	-11157.94
411.00	4275.43	0.00	-11023.67
411.10	3368.03	0.00	-10829.55
411.20	2483.57	0.00	-10580.46
411.30	1626.46	0.00	-10281.60
411.40	800.68	0.00	-9938.34
411.50	9.72	0.00	-9556.23
411.60	-743.43	0.00	-9140.84
411.70	-1456.33	0.00	-8697.74
411.80	-2127.06	0.00	-8232.41
411.90	-2754.24	0.00	-7750.17
412.00	-3337.04	0.00	-7256.11
412.10	-3875.11	0.00	-6755.05
412.20	-4368.61	0.00	-6251.47
412.30	-4818.14	0.00	-5749.46
412.40	-5224.70	0.00	-5252.71
412.50	-5589.66	0.00	-4764.46
412.60	-5914.69	0.00	-4287.50
412.70	-6201.70	0.00	-3824.11
412.80	-6452.81	0.00	-3376.13
412.90	-6670.24	0.00	-2944.89
413.00	-6856.30	0.00	-2531.28
413.10	-7013.29	0.00	-2135.75
413.20	-7143.47	0.00	-1758.32
413.30	-7249.00	0.00	-1398.64
413.40	-7331.89	0.00	-1056.02
413.50	-7393.97	0.00	-729.49
413.60	-7436.84	0.00	-417.80
413.70	-7461.86	0.00	-119.54
413.80	-7470.11	0.00	166.87
413.90	-7462.40	0.00	443.08
414.00	-7439.25	0.00	710.78
414.10	-7400.91	0.00	971.65
414.20	-7347.35	0.00	1227.30
414.30	-7278.30	0.00	1479.22
414.40	-7193.26	0.00	1728.73
414.50	-7093.45	0.00	1976.98
414.60	-6981.39	0.00	2224.87
414.70	-6855.91	0.00	2473.03
414.80	-6715.66	0.00	2721.82
414.90	-6559.21	0.00	2971.30
415.00	-6385.08	0.00	3221.21
415.10	-6191.83	0.00	3471.00
415.20	-5978.08	0.00	3719.79
415.30	-5742.53	0.00	3966.42
415.40	-5484.06	0.00	4209.44
415.50	-5201.72	0.00	4447.15
415.60	-4894.81	0.00	4677.61
415.70	-4562.87	0.00	4898.69
415.80	-4205.75	0.00	5108.12
415.90	-3823.63	0.00	5303.49
416.00	-3417.04	0.00	5482.32
416.10	-2986.84	0.00	5642.11
416.20	-2534.31	0.00	5780.37
416.30	-2061.07	0.00	5894.69
416.40	-1569.12	0.00	5982.75
416.50	-1060.86	0.00	6042.42
416.60	-538.99	0.00	6071.75
416.70	-6.58	0.00	6069.04
416.80	533.02	0.00	6032.87
416.90	1076.18	0.00	5962.14
417.00	1619.07	0.00	5856.08
417.10	2157.66	0.00	5714.29
417.20	2687.80	0.00	5536.75
417.30	3205.25	0.00	5323.84
417.40	3705.78	0.00	5076.32
417.50	4185.19	0.00	4795.35
417.60	4639.37	0.00	4482.48
417.70	5064.38	0.00	4139.64
417.80	5456.52	0.00	3769.09
417.90	5812.34	0.00	3373.44
418.00	6128.72	0.00	2955.58
418.10	6402.94	0.00	2518.65
418.20	6632.66	0.00	2066.02
418.30	6816.03	0.00	1601.24
418.40	6951.65	0.00	1127.96
418.50	7038.64	0.00	649.93
418.60	7076.62	0.00	170.94
418.70	7065.72	0.00	-305.28
418.80	7006.59	0.00	-775.04
418.90	6903.26	0.00	-1234.77
419.00	6759.44	0.00	-1681.08
419.10	6576.80	0.00	-2110.76
419.20	6357.30	0.00	-2520.88
419.30	6103.14	0.00	-2908.75
419.40	5816.79	0.00	-3272.02
419.50	5500.90	0.00	-3608.64
419.60	5158.29	0.00	-3916.94
419.70	4791.91	0.00	-4195.59
419.80	4404.80	0.00	-4443.63
419.90	4000.06	0.00	-4660.45
420.00	3580.78	0.00	-4845.82
420.10	3150.06	0.00	-4999.84
420.20	2710.89	0.00	-5122.93
420.30	2266.21	0.00	-5215.80
420.40	1818.80	0.00	-5279.46
420.50	1371.29	0.00	-5315.12
420.60	926.13	0.00	-5324.21
420.70	485.56	0.00	-5308.31
420.80	51.59	0.00	-5269.14
420.90	-373.98	0.00	-5208.47
421.00	-789.60	0.00	-5128.13
421.10	-1193.96	0.00	-5029.93
421.20	-1585.98	0.00	-4915.66
421.30	-1964.80	0.00	-4787.00
421.40	-2329.77	0.00	-4645.54
421.50	-2680.42	0.00	-4492.74
421.60	-3016.45	0.00	-4329.87
421.70	-3337.70	0.00	-4158.04
421.80	-3644.09	0.00	-3978.14
421.90	-3935.64	0.00	-3790.88
422.00	-4212.40	0.00	-3596.76
422.10	-4474.43	0.00	-3396.05
422.20	-4721.76	0.00	-3188.85
422.30	-4954.37	0.00	-2975.09
422.40	-5172.17	0.00	-2754.50
422.50	-5374.95	0.00	-2526.72
422.60	-5562.37	0.00	-2291.24
422.70	-5733.97	0.00	-2047.51
422.80	-5889.11	0.00	-1794.92
422.90	-6027.03	0.00	-1532.83
423.00	-6146.85	0.00	-1260.68
423.10	-6250.18	0.00	-977.93
423.20	-6337.32	0.00	-684.16
423.30	-6407.07	0.00	-379.07
423.40	-6458.10	0.00	-62.56
423.50	-6488.95	0.00	265.30
423.60	-6498.04	0.00	604.23
423.70	-6483.76	0.00	953.69
423.80	-6444.43	0.00	1312.90
423.90	-6378.38	0.00	1680.79
424.00	-6283.98	0.00	2056.06
424.10	-6159.65	0.00	2437.12
424.20	-6003.96	0.00	2822.12
424.30	-5815.61	0.00	3208.96
424.40	-5593.48	0.00	3595.33
424.50	-5336.68	0.00	3978.71
424.60	-5044.61	0.00	4356.41
424.70	-4716.91	0.00	4725.57
424.80	-4353.58	0.00	5083.27
424.90	-3954.94	0.00	5426.48
425.00	-3521.66	0.00	5752.19
425.10	-3054.81	0.00	6057.36
425.20	-2555.83	0.00	6339.06
425.30	-2026.54	0.00	6594.42
425.40	-1469.13	0.00	6820.76
425.50	-886.20	0.00	7015.55
425.60	-280.65	0.00	7176.50
425.70	344.24	0.00	7301.56
425.80	984.91	0.00	7389.00
425.90	1637.52	0.00	7437.35
426.00	2298.00	0.00	7445.51
426.10	2962.09	0.00	7412.70
426.20	3625.37	0.00	7338.50
426.30	4283.35	0.00	7222.84
426.40	4931.46	0.00	7066.01
426.50	5565.17	0.00	6868.62
426.60	6179.98	0.00	6631.63
426.70	6771.52	0.00	6356.30
426.80	7335.58	0.00	6044.19
426.90	7868.14	0.00	5697.09
427.00	8365.43	0.00	5317.04
427.10	8823.98	0.00	4906.28
427.20	9240.63	0.00	4467.21
427.30	9612.55	0.00	4002.34
427.40	9937.31	0.00	3514.29
427.50	10212.82	0.00	3005.73
427.60	10437.40	0.00	2479.35
427.70	10612.45	0.00	1937.85
427.80	10745.95	0.00	1383.85
427.90	10838.38	0.00	819.96
428.00	10889.71	0.00	248.66
428.10	10900.02	0.00	-327.64
428.20	10869.49	0.00	-906.66
428.30	10798.35	0.00	-1486.24
428.40	10686.90	0.00	-2064.35
428.50	10535.42	0.00	-2639.08
428.60	10344.21	0.00	-3208.64
428.70	10113.57	0.00	-3771.36
428.80	9843.75	0.00	-4325.65
428.90	9534.96	0.00	-4870.00
429.00	9187.39	0.00	-5402.98
429.10	8801.18	0.00	-5923.17
429.20	8376.41	0.00	-6429.18
429.30	7913.18	0.00	-6919.60
429.40	7411.55	0.00	-7393.00
429.50	6871.58	0.00	-7847.87
429.60	6293.38	0.00	-8282.65
429.70	5677.13	0.00	-8695.67
429.80	5023.09	0.00	-9085.13
429.90	4331.65	0.00	-9449.13
430.00	3603.37	0.00	-9785.63
430.10	2839.05	0.00	-10092.46
430.20	2039.71	0.00	-10367.31
430.30	1206.69	0.00	-10607.76
430.40	341.68	0.00	-10811.27
430.50	-553.26	0.00	-10975.21
430.60	-1475.65	0.00	-11096.89
430.70	-2422.54	0.00	-11173.59
430.80	-3390.50	0.00	-11202.59
430.90	-4375.59	0.00	-11181.20
431.00	-5373.36	0.00	-11106.83
431.10	-6378.81	0.00	-10977.03
431.20	-7386.44	0.00	-10789.50
431.30	-8390.21	0.00	-10542.21
431.40	-9383.61	0.00	-10233.39
431.50	-10359.70	0.00	-9861.61
431.60	-11311.11	0.00	-9425.85
431.70	-12230.14	0.00	-8925.51
431.80	-13108.85	0.00	-8360.46
431.90	-13939.09	0.00	-7731.11
432.00	-14712.62	0.00	-7038.44
432.10	-15421.25	0.00	-6283.99
432.20	-16056.87	0.00	-5469.93
432.30	-16611.64	0.00	-4599.06
432.40	-17078.07	0.00	-3674.83
432.50	-17451.91	0.00	-2701.31
432.60	-17751.51	0.00	-1683.21
432.70	-17978.12	0.00	-625.86
432.80	-18127.63	0.00	464.82
432.90	-18196.13	0.00	1582.36
433.00	-18179.92	0.00	2719.79
433.10	-18075.59	0.00	3869.64
433.20	-17880.06	0.00	5024.08
433.30	-17590.60	0.00	6174.94
433.40	-17204.97	0.00	7313.76
433.50	-16721.41	0.00	8431.92
433.60	-16138.76	0.00	9520.69
433.70	-15456.48	0.00	10571.35
433.80	-14674.75	0.00	11575.22
433.90	-13794.52	0.00	12523.82
434.00	-12817.59	0.00	13408.92
434.10	-11746.64	0.00	14222.63
434.20	-10585.28	0.00	14957.52
434.30	-9338.12	0.00	15606.68
434.40	-8010.76	0.00	16163.79
434.50	-6609.79	0.00	16623.23
434.60	-5142.85	0.00	16980.15
434.70	-3618.54	0.00	17230.47
434.80	-2046.42	0.00	17371.01
434.90	-436.93	0.00	17399.49
435.00	1198.67	0.00	17314.59
435.10	2848.43	0.00	17115.94
435.20	4499.77	0.00	16804.17
435.30	6139.68	0.00	16380.89
435.40	7754.82	0.00	15848.69
435.50	9331.70	0.00	15211.11
435.60	10856.85	0.00	14472.63
435.70	12316.98	0.00	13638.60
435.80	13699.22	0.00	12715.21
435.90	14991.24	0.00	11709.44
436.00	16181.43	0.00	10628.96
436.10	17259.12	0.00	9482.05
436.20	18214.70	0.00	8277.58
436.30	19039.76	0.00	7024.82
436.40	19727.23	0.00	5733.44
436.50	20271.50	0.00	4413.35
436.60	20668.44	0.00	3074.64
436.70	20915.52	0.00	1727.44
436.80	21011.79	0.00	381.85
436.90	20957.93	0.00	-952.17
437.00	20769.33	0.00	-2264.90
437.10	20481.05	0.00	-3546.94
437.20	20097.33	0.00	-4789.32
437.30	19621.35	0.00	-5983.54
437.40	19056.63	0.00	-7121.71
437.50	18407.09	0.00	-8196.54
437.60	17677.01	0.00	-9201.46
437.70	16871.02	0.00	-10130.64
437.80	15994.12	0.00	-10979.02
437.90	15051.65	0.00	-11742.36
438.00	14049.27	0.00	-12417.25
438.10	12992.99	0.00	-13001.14
438.20	11889.06	0.00	-13492.30
438.30	10744.06	0.00	-13889.82
438.40	9564.73	0.00	-14193.63
438.50	8358.05	0.00	-14404.42
438.60	7131.13	0.00	-14523.64
438.70	5891.14	0.00	-14553.43
438.80	4645.31	0.00	-14496.59
438.90	3400.85	0.00	-14356.51
439.00	2164.87	0.00	-14137.15
439.10	944.32	0.00	-13842.89
439.20	-254.04	0.00	-13478.55
439.30	-1423.73	0.00	-13049.30
439.40	-2558.59	0.00	-12560.55
439.50	-3652.86	0.00	-12017.94
439.60	-4701.19	0.00	-11427.23
439.70	-5698.71	0.00	-10794.25
439.80	-6641.03	0.00	-10124.86
439.90	-7524.31	0.00	-9424.86
440.00	-8345.24	0.00	-8699.95
440.10	-9101.09	0.00	-7955.68
440.20	-9789.67	0.00	-7197.42
440.30	-10409.34	0.00	-6430.29
440.40	-10959.01	0.00	-5659.17
440.50	-11438.13	0.00	-4888.64
440.60	-11846.61	0.00	-4123.00
440.70	-12184.86	0.00	-3366.18
440.80	-12453.73	0.00	-2621.83
440.90	-12654.45	0.00	-1893.25
441.00	-12788.63	0.00	-1183.40
441.10	-12858.20	0.00	-494.93
441.20	-12865.36	0.00	169.84
441.30	-12812.59	0.00	808.88
441.40	-12702.55	0.00	1420.44
441.50	-12538.07	0.00	2003.07
441.60	-12322.15	0.00	2555.54
441.70	-12057.86	0.00	3076.87
441.80	-11753.53	0.00	3566.26
441.90	-11421.51	0.00	4023.12
442.00	-11063.95	0.00	4447.04
442.10	-10682.67	0.00	4837.72
442.20	-10279.41	0.00	5195.03
442.30	-9855.82	0.00	5518.93
442.40	-9413.51	0.00	5809.49
442.50	-8954.02	0.00	6066.87
442.60	-8478.86	0.00	6291.29
442.70	-7989.55	0.00	6483.07
442.80	-7487.59	0.00	6642.56
442.90	-6974.47	0.00	6770.18
443.00	-6451.73	0.00	6866.44
443.10	-5920.94	0.00	6931.85
443.20	-5383.68	0.00	6967.01
443.30	-4841.62	0.00	6972.59
443.40	-4296.43	0.00	6949.29
443.50	-3749.86	0.00	6897.90
443.60	-3203.71	0.00	6819.27
443.70	-2659.82	0.00	6714.33
443.80	-2120.05	0.00	6584.08
443.90	-1586.31	0.00	6429.61
444.00	-1060.55	0.00	6252.09
444.10	-544.69	0.00	6052.78
444.20	-40.67	0.00	5833.02
444.30	449.60	0.00	5594.26
444.40	924.23	0.00	5338.01
444.50	1381.39	0.00	5065.89
444.60	1819.33	0.00	4779.58
444.70	2236.38	0.00	4480.85
444.80	2630.95	0.00	4171.55
444.90	3001.61	0.00	3853.57
445.00	3347.05	0.00	3528.88
445.10	3666.09	0.00	3199.49
445.20	3957.75	0.00	2867.43
445.30	4221.22	0.00	2534.78
445.40	4455.87	0.00	2203.61
445.50	4661.26	0.00	1876.03
445.60	4837.19	0.00	1554.08
445.70	4983.65	0.00	1239.84
445.80	5100.85	0.00	935.30
445.90	5189.21	0.00	642.42
446.00	5249.39	0.00	363.10
446.10	5282.25	0.00	99.13
446.20	5288.86	0.00	-147.76
446.30	5270.50	0.00	-375.97
446.40	5228.65	0.00	-584.03
446.50	5164.98	0.00	-770.59
446.60	5081.33	0.00	-934.48
446.70	4979.71	0.00	-1074.67
446.80	4862.26	0.00	-1190.33
446.90	4731.28	0.00	-1280.83
447.00	4589.16	0.00	-1345.71
447.10	4438.38	0.00	-1384.78
447.20	4281.51	0.00	-1398.03
447.30	4121.15	0.00	-1385.74
447.40	3959.93	0.00	-1348.40
447.50	3800.49	0.00	-1286.77
447.60	3645.41	0.00	-1201.87
447.70	3497.26	0.00	-1094.97
447.80	3358.48	0.00	-967.64
447.90	3231.79	0.00	-821.67
448.00	3120.09	0.00	-659.13
448.10	3025.35	0.00	-482.34
448.20	2949.31	0.00	-293.86
448.30	2893.51	0.00	-96.47
448.40	2859.29	0.00	106.83
448.50	2847.69	0.00	312.87
448.60	2859.50	0.00	518.30
448.70	2895.19	0.00	719.64
448.80	2954.90	0.00	913.32
448.90	3038.43	0.00	1095.67
449.00	3145.22	0.00	1263.03
449.10	3274.34	0.00	1411.72
449.20	3424.47	0.00	1538.12
449.30	3593.91	0.00	1638.72
449.40	3780.59	0.00	1710.14
449.50	3982.06	0.00	1749.20
449.60	4195.49	0.00	1752.95
449.70	4417.72	0.00	1718.75
449.80	4645.26	0.00	1644.28
449.90	4874.32	0.00	1527.57
450.00	5100.81	0.00	1367.12
450.10	5320.45	0.00	1161.84
450.20	5528.71	0.00	911.17
450.30	5720.94	0.00	615.05
450.40	5892.35	0.00	273.98
450.50	6038.12	0.00	-110.97
450.60	6153.39	0.00	-538.17
450.70	6233.35	0.00	-1005.38
450.80	6273.28	0.00	-1509.78
450.90	6268.65	0.00	-2047.99
451.00	6215.11	0.00	-2616.03
451.10	6108.61	0.00	-3209.40
451.20	5945.43	0.00	-3823.11
451.30	5722.25	0.00	-4451.67
451.40	5436.23	0.00	-5089.17
451.50	5085.03	0.00	-5729.34
451.60	4666.90	0.00	-6365.57
451.70	4180.74	0.00	-6991.02
451.80	3626.13	0.00	-7598.65
451.90	3003.38	0.00	-8181.33
452.00	2313.62	0.00	-8731.89
452.10	1558.76	0.00	-9243.19
452.20	741.59	0.00	-9708.23
452.30	-134.23	0.00	-10120.23
452.40	-1064.17	0.00	-10472.69
452.50	-2042.80	0.00	-10759.49
452.60	-3063.81	0.00	-10974.95
452.70	-4120.07	0.00	-11113.93
452.80	-5203.62	0.00	-11171.86
452.90	-6305.74	0.00	-11144.87
453.00	-7417.03	0.00	-11029.77
453.10	-8527.49	0.00	-10824.17
453.20	-9626.60	0.00	-10526.48
453.30	-10703.45	0.00	-10135.97
453.40	-11746.84	0.00	-9652.79
453.50	-12745.46	0.00	-9077.99
453.60	-13687.98	0.00	-8413.52
453.70	-14563.22	0.00	-7662.24
453.80	-15360.33	0.00	-6827.89
453.90	-16068.91	0.00	-5915.10
454.00	-16679.19	0.00	-4929.33
454.10	-17182.32	0.00	-3876.83
454.20	-17589.29	0.00	-2764.63
454.30	-17907.80	0.00	-1600.42
454.40	-18133.33	0.00	-392.53
454.50	-18261.77	0.00	850.15
454.60	-18289.49	0.00	2118.28
454.70	-18213.32	0.00	3402.11
454.80	-18030.61	0.00	4691.61
454.90	-17739.26	0.00	5976.52
455.00	-17337.74	0.00	7246.50
455.10	-16825.17	0.00	8491.18
455.20	-16201.35	0.00	9700.29
455.30	-15466.82	0.00	10863.72
455.40	-14622.86	0.00	11971.66
455.50	-13671.63	0.00	13014.66
455.60	-12616.14	0.00	13983.73
455.70	-11460.30	0.00	14870.41
455.80	-10209.01	0.00	15666.90
455.90	-8868.11	0.00	16366.04
456.00	-7444.44	0.00	16961.47
456.10	-5945.85	0.00	17447.64
456.20	-4381.13	0.00	17819.83
456.30	-2760.04	0.00	18074.28
456.40	-1093.25	0.00	18208.13
456.50	607.78	0.00	18219.50
456.60	2330.79	0.00	18107.48
456.70	4062.91	0.00	17872.15
456.80	5790.71	0.00	17514.57
456.90	7500.36	0.00	17036.75
457.00	9177.81	0.00	16441.66
457.10	10808.87	0.00	15733.19
457.20	12379.45	0.00	14916.10
457.30	13875.71	0.00	13995.98
457.40	15284.20	0.00	12979.23
457.50	16592.09	0.00	11872.94
457.60	17787.33	0.00	10684.90
457.70	18858.76	0.00	9423.48
457.80	19796.33	0.00	8097.57
457.90	20591.23	0.00	6716.54
458.00	21235.97	0.00	5290.10
458.10	21724.53	0.00	3828.28
458.20	22052.41	0.00	2341.30
458.30	22216.72	0.00	839.54
458.40	22218.94	0.00	-666.59
458.50	22097.46	0.00	-2166.71
458.60	21865.24	0.00	-3650.54
458.70	21523.29	0.00	-5108.00
458.80	21072.98	0.00	-6529.26
458.90	20515.98	0.00	-7904.83
459.00	19854.36	0.00	-9225.62
459.10	19090.57	0.00	-10483.01
459.20	18227.53	0.00	-11668.90
459.30	17268.61	0.00	-12775.77
459.40	16217.68	0.00	-13796.74
459.50	15079.21	0.00	-14725.60
459.60	13858.22	0.00	-15556.83
459.70	12560.34	0.00	-16285.68
459.80	11191.86	0.00	-16908.15
459.90	9759.67	0.00	-17421.05
460.00	8271.33	0.00	-17821.98
460.10	6735.01	0.00	-18109.33
460.20	5159.48	0.00	-18282.34
460.30	3554.07	0.00	-18341.01
460.40	1928.61	0.00	-18286.18
460.50	293.35	0.00	-18119.42
460.60	-1341.09	0.00	-17843.08
460.70	-2963.83	0.00	-17460.22
460.80	-4563.83	0.00	-16974.61
460.90	-6130.00	0.00	-16390.65
461.00	-7651.31	0.00	-15713.36
461.10	-9116.94	0.00	-14948.33
461.20	-10516.36	0.00	-14101.64
461.30	-11839.47	0.00	-13179.85
461.40	-13076.72	0.00	-12189.92
461.50	-14219.26	0.00	-11139.15
461.60	-15258.97	0.00	-10035.12
461.70	-16188.63	0.00	-8885.67
461.80	-17001.97	0.00	-7698.75
461.90	-17693.77	0.00	-6482.46
462.00	-18259.88	0.00	-5244.91
462.10	-18697.29	0.00	-3994.21
462.20	-19004.17	0.00	-2738.37
462.30	-19179.86	0.00	-1485.30
462.40	-19224.87	0.00	-242.69
462.50	-19140.85	0.00	982.01
462.60	-18936.34	0.00	2181.62
462.70	-18643.59	0.00	3349.31
462.80	-18269.39	0.00	4478.64
462.90	-17816.64	0.00	5563.56
463.00	-17288.41	0.00	6598.49
463.10	-16687.93	0.00	7578.32
463.20	-16018.65	0.00	8498.46
463.30	-15284.19	0.00	9354.81
463.40	-14488.35	0.00	10143.84
463.50	-13635.16	0.00	10862.56
463.60	-12728.84	0.00	11508.54
463.70	-11773.83	0.00	12079.88
463.80	-10774.77	0.00	12575.27
463.90	-9736.49	0.00	12993.91
464.00	-8664.03	0.00	13335.55
464.10	-7562.58	0.00	13600.45
464.20	-6437.52	0.00	13789.35
464.30	-5294.34	0.00	13903.46
464.40	-4138.63	0.00	13944.45
464.50	-2976.07	0.00	13914.38
464.60	-1812.38	0.00	13815.67
464.70	-653.26	0.00	13651.13
464.80	495.62	0.00	13423.81
464.90	1628.67	0.00	13137.06
465.00	2740.44	0.00	12794.46
465.10	3825.61	0.00	12399.73
465.20	4879.11	0.00	11956.78
465.30	5896.08	0.00	11469.59
465.40	6871.97	0.00	10942.21
465.50	7802.51	0.00	10378.71
465.60	8683.80	0.00	9783.15
465.70	9512.27	0.00	9159.55
465.80	10284.77	0.00	8511.83
465.90	10998.52	0.00	7843.82
466.00	11651.14	0.00	7159.19
466.10	12240.67	0.00	6461.47
466.20	12765.56	0.00	5753.99
466.30	13224.63	0.00	5039.91
466.40	13617.11	0.00	4322.14
466.50	13942.59	0.00	3603.40
466.60	14201.00	0.00	2886.17
466.70	14392.63	0.00	2172.72
466.80	14518.04	0.00	1465.08
466.90	14578.08	0.00	765.06
467.00	14573.87	0.00	74.26
467.10	14515.75	0.00	-605.90
467.20	14418.62	0.00	-1274.20
467.30	14283.68	0.00	-1929.60
467.40	14111.83	0.00	-2571.17
467.50	13903.84	0.00	-3198.13
467.60	13660.29	0.00	-3809.79
467.70	13381.65	0.00	-4405.56
467.80	13068.22	0.00	-4984.89
467.90	12720.17	0.00	-5547.25
468.00	12337.56	0.00	-6092.14
468.10	11920.31	0.00	-6619.04
468.20	11468.31	0.00	-7127.38
468.30	10981.35	0.00	-7616.56
468.40	10459.20	0.00	-8085.87
468.50	9901.63	0.00	-8534.56
468.60	9308.43	0.00	-8961.74
468.70	8679.45	0.00	-9366.43
468.80	8014.64	0.00	-9747.54
468.90	7314.07	0.00	-10103.84
469.00	6577.97	0.00	-10434.00
469.10	5806.79	0.00	-10736.59
469.20	5001.19	0.00	-11010.03
469.30	4162.11	0.00	-11252.71
469.40	3290.80	0.00	-11462.88
469.50	2388.81	0.00	-11638.75
469.60	1458.08	0.00	-11778.52
469.70	500.89	0.00	-11880.31
469.80	-480.05	0.00	-11942.29
469.90	-1481.65	0.00	-11962.65
470.00	-2500.38	0.00	-11939.63
470.10	-3532.32	0.00	-11871.57
470.20	-4573.11	0.00	-11756.92
470.30	-5618.02	0.00	-11594.28
470.40	-6661.92	0.00	-11382.44
470.50	-7699.32	0.00	-11120.38
470.60	-8724.43	0.00	-10807.31
470.70	-9731.17	0.00	-10442.72
470.80	-10713.21	0.00	-10026.36
470.90	-11664.05	0.00	-9558.29
471.00	-12577.08	0.00	-9038.90
471.10	-13445.62	0.00	-8468.90
471.20	-14263.00	0.00	-7849.38
471.30	-15022.63	0.00	-7181.75
471.40	-15718.10	0.00	-6467.80
471.50	-16343.20	0.00	-5709.69
471.60	-16892.06	0.00	-4909.95
471.70	-17359.18	0.00	-4071.43
471.80	-17739.53	0.00	-3197.35
471.90	-18028.59	0.00	-2291.27
472.00	-18240.83	0.00	-1357.04
472.10	-18390.68	0.00	-398.83
472.20	-18476.03	0.00	578.93
472.30	-18494.87	0.00	1571.58
472.40	-18445.29	0.00	2574.22
472.50	-18325.48	0.00	3581.78
472.60	-18133.77	0.00	4589.02
472.70	-17868.65	0.00	5590.61
472.80	-17528.78	0.00	6581.10
472.90	-17113.06	0.00	7555.02
473.00	-16620.61	0.00	8506.89
473.10	-16050.86	0.00	9431.24
473.20	-15403.54	0.00	10322.68
473.30	-14678.76	0.00	11175.92
473.40	-13877.02	0.00	11985.79
473.50	-12999.27	0.00	12747.32
473.60	-12046.94	0.00	13455.72
473.70	-11021.97	0.00	14106.46
473.80	-9926.87	0.00	14695.25
473.90	-8764.70	0.00	15218.14
474.00	-7539.17	0.00	15671.48
474.10	-6254.56	0.00	16051.96
474.20	-4915.83	0.00	16356.67
474.30	-3528.55	0.00	16583.09
474.40	-2098.93	0.00	16729.11
474.50	-633.80	0.00	16793.04
474.60	859.44	0.00	16773.64
474.70	2372.79	0.00	16670.12
474.80	3897.78	0.00	16482.18
474.90	5425.46	0.00	16209.95
475.00	6946.48	0.00	15854.05
475.10	8451.19	0.00	15415.56
475.20	9929.67	0.00	14896.05
475.30	11371.87	0.00	14297.53
475.40	12767.66	0.00	13622.49
475.50	14106.98	0.00	12873.85
475.60	15379.89	0.00	12054.96
475.70	16576.73	0.00	11169.59
475.80	17688.17	0.00	10221.92
475.90	18705.37	0.00	9216.50
476.00	19620.05	0.00	8158.22
476.10	20424.61	0.00	7052.32
476.20	21112.18	0.00	5904.32
476.30	21676.77	0.00	4720.04
476.40	22113.31	0.00	3505.49
476.50	22417.72	0.00	2266.93
476.60	22586.94	0.00	1010.77
476.70	22641.56	0.00	-256.46
476.80	22613.02	0.00	-1528.11
476.90	22500.99	0.00	-2797.51
477.00	22304.94	0.00	-4057.93
477.10	22024.43	0.00	-5302.70
477.20	21659.12	0.00	-6525.21
477.30	21208.78	0.00	-7718.93
477.40	20673.35	0.00	-8877.49
477.50	20052.97	0.00	-9994.69
477.60	19348.03	0.00	-11064.57
477.70	18559.20	0.00	-12081.38
477.80	17687.49	0.00	-13039.68
477.90	16734.29	0.00	-13934.36
478.00	15701.46	0.00	-14760.62
478.10	14591.29	0.00	-15514.08
478.20	13406.63	0.00	-16190.71
478.30	12150.87	0.00	-16786.93
478.40	10828.01	0.00	-17299.61
478.50	9442.64	0.00	-17726.04
478.60	8000.01	0.00	-18064.02
478.70	6505.97	0.00	-18311.82
478.80	4967.02	0.00	-18468.19
478.90	3390.29	0.00	-18532.38
479.00	1783.47	0.00	-18504.15
479.10	154.82	0.00	-18383.75
479.20	-1486.88	0.00	-18171.93
479.30	-3132.43	0.00	-17869.93
479.40	-4772.24	0.00	-17479.46
479.50	-6396.40	0.00	-17002.71
479.60	-7994.80	0.00	-16442.34
479.70	-9557.22	0.00	-15801.43
479.80	-11073.38	0.00	-15083.49
479.90	-12533.10	0.00	-14292.44
480.00	-13926.39	0.00	-13432.59
480.10	-15243.55	0.00	-12508.59
480.20	-16475.28	0.00	-11525.43
480.30	-17612.77	0.00	-10488.41
480.40	-18647.85	0.00	-9403.11
480.50	-19573.04	0.00	-8275.32
480.60	-20381.66	0.00	-7111.08
480.70	-21067.90	0.00	-5916.59
480.80	-21626.90	0.00	-4698.18
480.90	-22054.83	0.00	-3462.28
481.00	-22348.88	0.00	-2215.42
481.10	-22507.37	0.00	-964.11
481.20	-22529.68	0.00	285.13
481.30	-22429.18	0.00	1525.85
481.40	-22245.80	0.00	2751.68
481.50	-21983.11	0.00	3956.40
481.60	-21642.07	0.00	5133.95
481.70	-21223.72	0.00	6278.51
481.80	-20729.22	0.00	7384.48
481.90	-20159.86	0.00	8446.58
482.00	-19517.10	0.00	9459.84
482.10	-18802.62	0.00	10419.63
482.20	-18018.28	0.00	11321.73
482.30	-17166.24	0.00	12162.31
482.40	-16248.91	0.00	12937.98
482.50	-15269.01	0.00	13645.80
482.60	-14229.59	0.00	14283.28
482.70	-13134.02	0.00	14848.41
482.80	-11986.04	0.00	15339.67
482.90	-10789.70	0.00	15756.00
483.00	-9549.44	0.00	16096.82
483.10	-8269.99	0.00	16362.00
483.20	-6956.41	0.00	16551.88
483.30	-5614.07	0.00	16667.20
483.40	-4248.56	0.00	16709.13
483.50	-2865.74	0.00	16679.20
483.60	-1471.63	0.00	16579.29
483.70	-72.39	0.00	16411.59
483.80	1325.71	0.00	16178.56
483.90	2716.36	0.00	15882.91
484.00	4093.22	0.00	15527.51
484.10	5450.04	0.00	15115.41
484.20	6780.62	0.00	14649.76
484.30	8078.92	0.00	14133.77
484.40	9339.05	0.00	13570.71
484.50	10555.36	0.00	12963.80
484.60	11722.40	0.00	12316.25
484.70	12835.03	0.00	11631.18
484.80	13888.37	0.00	10911.62
484.90	14877.86	0.00	10160.49
485.00	15799.25	0.00	9380.53
485.10	16648.61	0.00	8574.37
485.20	17422.36	0.00	7744.45
485.30	18117.24	0.00	6893.06
485.40	18730.30	0.00	6022.33
485.50	19258.94	0.00	5134.25
485.60	19700.85	0.00	4230.66
485.70	20054.06	0.00	3313.27
485.80	20316.89	0.00	2383.73
485.90	20487.96	0.00	1443.59
486.00	20575.21	0.00	494.37
486.10	20611.34	0.00	-462.42
486.20	20598.87	0.00	-1425.24
486.30	20536.87	0.00	-2392.49
486.40	20424.12	0.00	-3362.48
486.50	20259.04	0.00	-4333.39
486.60	20039.81	0.00	-5303.27
486.70	19764.31	0.00	-6269.93
486.80	19430.23	0.00	-7231.00
486.90	19035.06	0.00	-8183.89
487.00	18576.19	0.00	-9125.72
487.10	18050.92	0.00	-10053.37
487.20	17456.58	0.00	-10963.44
487.30	16790.58	0.00	-11852.28
487.40	16050.45	0.00	-12715.94
487.50	15234.01	0.00	-13550.24
487.60	14339.37	0.00	-14350.76
487.70	13365.06	0.00	-15112.89
487.80	12310.11	0.00	-15831.82
487.90	11174.14	0.00	-16502.62
488.00	9957.47	0.00	-17120.24
488.10	8661.13	0.00	-17679.62
488.20	7287.01	0.00	-18175.68
488.30	5837.91	0.00	-18603.40
488.40	4317.56	0.00	-18957.89
488.50	2730.72	0.00	-19234.45
488.60	1083.18	0.00	-19428.62
488.70	-618.20	0.00	-19536.24
488.80	-2365.53	0.00	-19553.52
488.90	-4149.83	0.00	-19477.11
489.00	-5961.13	0.00	-19304.14
489.10	-7788.51	0.00	-19032.27
489.20	-9620.14	0.00	-18659.79
489.30	-11443.40	0.00	-18185.59
489.40	-13244.99	0.00	-17609.24
489.50	-15011.06	0.00	-16931.05
489.60	-16727.34	0.00	-16152.02
489.70	-18379.32	0.00	-15273.94
489.80	-19952.42	0.00	-14299.35
489.90	-21432.16	0.00	-13231.55
490.00	-22804.38	0.00	-12074.62
490.10	-24055.40	0.00	-10833.37
490.20	-25172.23	0.00	-9513.34
490.30	-26142.80	0.00	-8120.77
490.40	-26956.06	0.00	-6662.54
490.50	-27602.23	0.00	-5146.17
490.60	-28072.92	0.00	-3579.73
490.70	-28389.52	0.00	-1971.77
490.80	-28604.23	0.00	-331.31
490.90	-28716.02	0.00	1332.28
491.00	-28722.34	0.00	3009.32
491.10	-28620.64	0.00	4689.90
491.20	-28408.43	0.00	6363.98
491.30	-28083.29	0.00	8021.46
491.40	-27642.97	0.00	9652.24
491.50	-27085.40	0.00	11246.30
491.60	-26408.78	0.00	12793.84
491.70	-25611.68	0.00	14285.25
491.80	-24693.10	0.00	15711.29
491.90	-23652.58	0.00	17063.10
492.00	-22490.31	0.00	18332.26
492.10	-21207.18	0.00	19510.92
492.20	-19804.93	0.00	20591.75
492.30	-18286.18	0.00	21568.10
492.40	-16654.56	0.00	22433.98
492.50	-14914.72	0.00	23184.09
492.60	-13072.44	0.00	23813.91
492.70	-11134.62	0.00	24319.67
492.80	-9109.32	0.00	24698.40
492.90	-7005.75	0.00	24947.94
493.00	-4834.24	0.00	25066.91
493.10	-2606.24	0.00	25054.77
493.20	-334.18	0.00	24911.75
493.30	1968.54	0.00	24638.89
493.40	4287.69	0.00	24237.98
493.50	6608.34	0.00	23711.57
493.60	8914.99	0.00	23062.92
493.70	11191.70	0.00	22295.98
493.80	13422.30	0.00	21415.33
493.90	15590.53	0.00	20426.17
494.00	17680.24	0.00	19334.27
494.10	19675.58	0.00	18145.92
494.20	21561.16	0.00	16867.86
494.30	23322.27	0.00	15507.27
494.40	24945.01	0.00	14071.73
494.50	26416.49	0.00	12569.09
494.60	27725.01	0.00	11007.51
494.70	28860.12	0.00	9395.36
494.80	29812.84	0.00	7741.20
494.90	30575.69	0.00	6053.69
495.00	31142.84	0.00	4341.57
495.10	31510.11	0.00	2613.61
495.20	31675.09	0.00	878.57
495.30	31669.28	0.00	-854.87
495.40	31566.24	0.00	-2578.12
495.50	31369.18	0.00	-4282.75
495.60	31078.21	0.00	-5960.50
495.70	30693.18	0.00	-7603.34
495.80	30213.72	0.00	-9203.49
495.90	29639.32	0.00	-10753.48
496.00	28969.34	0.00	-12246.12
496.10	28203.14	0.00	-13674.59
496.20	27340.13	0.00	-15032.45
496.30	26379.87	0.00	-16313.63
496.40	25322.16	0.00	-17512.49
496.50	24167.15	0.00	-18623.84
496.60	22915.40	0.00	-19642.91
496.70	21568.01	0.00	-20565.44
496.80	20126.68	0.00	-21387.61
496.90	18593.80	0.00	-22106.14
497.00	16972.51	0.00	-22718.21
497.10	15266.78	0.00	-23221.54
497.20	13481.43	0.00	-23614.34
497.30	11622.17	0.00	-23895.37
497.40	9695.65	0.00	-24063.89
497.50	7709.40	0.00	-24119.69
497.60	5671.86	0.00	-24063.06
497.70	3592.36	0.00	-23894.83
497.80	1481.03	0.00	-23616.33
497.90	-651.23	0.00	-23229.38
498.00	-2792.86	0.00	-22736.31
498.10	-4931.67	0.00	-22139.90
498.20	-7055.04	0.00	-21443.42
498.30	-9149.94	0.00	-20650.59
498.40	-11203.11	0.00	-19765.54
498.50	-13201.21	0.00	-18792.83
498.60	-15130.91	0.00	-17737.41
498.70	-16979.06	0.00	-16604.61
498.80	-18732.86	0.00	-15400.07
498.90	-20379.95	0.00	-14129.79
499.00	-21908.60	0.00	-12800.05
499.10	-23307.83	0.00	-11417.39
499.20	-24567.55	0.00	-9988.59
499.30	-25678.63	0.00	-8520.64
499.40	-26633.10	0.00	-7020.69
499.50	-27424.14	0.00	-5496.05
499.60	-28046.27	0.00	-3954.15
499.70	-28495.31	0.00	-2402.46
499.80	-28768.52	0.00	-848.54
499.90	-28864.57	0.00	700.08
500.00	-28783.58	0.00	2235.85
500.10	-28543.90	0.00	3751.30
500.20	-28212.20	0.00	5239.05
500.30	-27795.48	0.00	6691.84
500.40	-27294.08	0.00	8102.55
500.50	-26708.27	0.00	9464.27
500.60	-26038.28	0.00	10770.31
500.70	-25284.42	0.00	12014.22
500.80	-24447.09	0.00	13189.85
500.90	-23526.90	0.00	14291.37
501.00	-22524.73	0.00	15313.28
501.10	-21441.83	0.00	16250.50
501.20	-20279.88	0.00	17098.32
501.30	-19041.06	0.00	17852.51
501.40	-17728.16	0.00	18509.29
501.50	-16344.59	0.00	19065.40
501.60	-14894.47	0.00	19518.08
501.70	-13382.66	0.00	19865.15
501.80	-11814.79	0.00	20104.99
501.90	-10197.28	0.00	20236.59
502.00	-8537.32	0.00	20259.55
502.10	-6842.86	0.00	20174.13
502.20	-5122.58	0.00	19981.20
502.30	-3385.86	0.00	19682.31
502.40	-1642.64	0.00	19279.69
502.50	96.61	0.00	18776.21
502.60	1820.98	0.00	18175.42
502.70	3519.31	0.00	17481.51
502.80	5180.23	0.00	16699.33
502.90	6792.36	0.00	15834.32
503.00	8344.44	0.00	14892.54
503.10	9825.48	0.00	13880.59
503.20	11224.90	0.00	12805.61
503.30	12532.70	0.00	11675.18
503.40	13739.60	0.00	10497.33
503.50	14837.19	0.00	9280.45
503.60	15818.05	0.00	8033.22
503.70	16675.84	0.00	6764.54
503.80	17405.45	0.00	5483.47
503.90	18003.06	0.00	4199.17
504.00	18466.18	0.00	2920.75
504.10	18793.71	0.00	1657.28
504.20	18985.97	0.00	417.61
504.30	19044.64	0.00	-789.63
504.40	18972.79	0.00	-1956.19
504.50	18774.80	0.00	-3074.20
504.60	18456.29	0.00	-4136.32
504.70	18024.03	0.00	-5135.79
504.80	17485.80	0.00	-6066.48
504.90	16850.31	0.00	-6922.97
505.00	16130.47	0.00	-7700.59
505.10	15356.38	0.00	-8395.49
505.20	14538.49	0.00	-9004.64
505.30	13683.45	0.00	-9525.90
505.40	12798.11	0.00	-9957.97
505.50	11889.38	0.00	-10300.46
505.60	10964.26	0.00	-10553.84
505.70	10029.72	0.00	-10719.44
505.80	9092.68	0.00	-10799.41
505.90	8159.95	0.00	-10796.67
506.00	7238.12	0.00	-10714.91
506.10	6333.52	0.00	-10558.44
506.20	5452.16	0.00	-10332.23
506.30	4599.65	0.00	-10041.74
506.40	3781.13	0.00	-9692.90
506.50	3001.23	0.00	-9292.00
506.60	2264.02	0.00	-8845.61
506.70	1572.94	0.00	-8360.47
506.80	930.82	0.00	-7843.44
506.90	339.78	0.00	-7301.36
507.00	-198.70	0.00	-6741.01
507.10	-683.81	0.00	-6168.98
507.20	-1115.43	0.00	-5591.64
507.30	-1494.05	0.00	-5015.02
507.40	-1820.78	0.00	-4444.80
507.50	-2097.29	0.00	-3886.20
507.60	-2325.73	0.00	-3343.97
507.70	-2508.74	0.00	-2822.33
507.80	-2649.30	0.00	-2324.96
507.90	-2750.72	0.00	-1854.96
508.00	-2816.53	0.00	-1414.88
508.10	-2850.46	0.00	-1006.67
508.20	-2856.28	0.00	-631.74
508.30	-2837.82	0.00	-290.96
508.40	-2798.85	0.00	15.33
508.50	-2743.02	0.00	287.23
508.60	-2673.85	0.00	525.31
508.70	-2594.62	0.00	730.51
508.80	-2508.36	0.00	904.09
508.90	-2417.83	0.00	1047.62
509.00	-2325.48	0.00	1162.85
509.10	-2233.43	0.00	1251.75
509.20	-2143.48	0.00	1316.36
509.30	-2057.09	0.00	1358.80
509.40	-1975.43	0.00	1381.18
509.50	-1899.35	0.00	1385.59
509.60	-1829.42	0.00	1374.03
509.70	-1765.96	0.00	1348.38
509.80	-1709.10	0.00	1310.37
509.90	-1658.74	0.00	1261.57
510.00	-1614.67	0.00	1203.34
510.10	-1576.57	0.00	1136.85
510.20	-1544.06	0.00	1063.09
510.30	-1516.70	0.00	982.81
510.40	-1494.10	0.00	896.59
510.50	-1475.90	0.00	804.84
510.60	-1461.78	0.00	707.80
510.70	-1451.57	0.00	605.59
510.80	-1445.18	0.00	498.22
510.90	-1442.67	0.00	385.64
511.00	-1444.24	0.00	267.74
511.10	-1450.22	0.00	144.43
511.20	-1461.12	0.00	15.62
511.30	-1477.54	0.00	-118.68
511.40	-1500.24	0.00	-258.40
511.50	-1530.07	0.00	-403.34
511.60	-1567.96	0.00	-553.14
511.70	-1614.88	0.00	-707.31
511.80	-1671.85	0.00	-865.13
511.90	-1739.84	0.00	-1025.74
512.00	-1819.82	0.00	-1188.03
512.10	-1912.63	0.00	-1350.73
512.20	-2019.02	0.00	-1512.36
512.30	-2139.58	0.00	-1671.27
512.40	-2274.71	0.00	-1825.65
512.50	-2424.60	0.00	-1973.52
512.60	-2589.18	0.00	-2112.82
512.70	-2768.13	0.00	-2241.40
512.80	-2960.84	0.00	-2357.04
512.90	-3166.38	0.00	-2457.53
513.00	-3383.55	0.00	-2540.68
513.10	-3610.81	0.00	-2604.36
513.20	-3846.33	0.00	-2646.57
513.30	-4087.99	0.00	-2665.42
513.40	-4333.39	0.00	-2659.23
513.50	-4580.27	0.00	-2626.55
513.60	-4827.53	0.00	-2566.16
513.70	-5072.69	0.00	-2477.15
513.80	-5312.93	0.00	-2358.90
513.90	-5545.36	0.00	-2211.13
514.00	-5767.01	0.00	-2033.91
514.10	-5974.87	0.00	-1827.66
514.20	-6165.98	0.00	-1593.16
514.30	-6337.40	0.00	-1331.54
514.40	-6486.32	0.00	-1044.31
514.50	-6610.02	0.00	-733.28
514.60	-6705.97	0.00	-400.59
514.70	-6771.83	0.00	-48.69
514.80	-6805.51	0.00	319.73
514.90	-6805.14	0.00	701.74
515.00	-6769.16	0.00	1094.21
515.10	-6696.32	0.00	1493.88
515.20	-6585.66	0.00	1897.34
515.30	-6436.58	0.00	2301.14
515.40	-6248.82	0.00	2701.79
515.50	-6022.47	0.00	3095.85
515.60	-5757.95	0.00	3479.90
515.70	-5456.06	0.00	3850.66
515.80	-5117.92	0.00	4204.98
515.90	-4744.97	0.00	4539.89
516.00	-4338.99	0.00	4852.65
516.10	-3902.03	0.00	5140.74
516.20	-3436.44	0.00	5401.93
516.30	-2944.81	0.00	5634.28
516.40	-2429.92	0.00	5836.14
516.50	-1894.80	0.00	6006.21
516.60	-1342.58	0.00	6143.48
516.70	-776.55	0.00	6247.29
516.80	-200.10	0.00	6317.27
516.90	383.36	0.00	6353.40
517.00	970.38	0.00	6355.92
517.10	1557.51	0.00	6325.40
517.20	2141.36	0.00	6262.64
517.30	2718.61	0.00	6168.68
517.40	3286.06	0.00	6044.79
517.50	3840.63	0.00	5892.43
517.60	4379.39	0.00	5713.23
517.70	4899.62	0.00	5508.92
517.80	5398.75	0.00	5281.37
517.90	5874.45	0.00	5032.51
518.00	6324.59	0.00	4764.31
518.10	6747.29	0.00	4478.80
518.20	7140.87	0.00	4177.96
518.30	7503.90	0.00	3863.79
518.40	7835.16	0.00	3538.22
518.50	8133.67	0.00	3203.13
518.60	8398.64	0.00	2860.33
518.70	8629.49	0.00	2511.55
518.80	8825.84	0.00	2158.40
518.90	8987.48	0.00	1802.44
519.00	9114.36	0.00	1445.07
519.10	9206.61	0.00	1087.64
519.20	9264.46	0.00	731.36
519.30	9288.31	0.00	377.37
519.40	9279.22	0.00	26.71
519.50	9244.54	0.00	-319.69
519.60	9186.75	0.00	-660.95
519.70	9106.37	0.00	-996.26
519.80	9003.91	0.00	-1324.90
519.90	8879.84	0.00	-1646.17
520.00	8734.62	0.00	-1959.45
520.10	8568.68	0.00	-2264.15
520.20	8382.43	0.00	-2559.70
520.30	8176.30	0.00	-2845.56
520.40	7950.68	0.00	-3121.25
520.50	7705.98	0.00	-3386.27
520.60	7442.64	0.00	-3640.16
520.70	7161.08	0.00	-3882.47
520.80	6861.79	0.00	-4112.78
520.90	6545.26	0.00	-4330.69
521.00	6212.05	0.00	-4535.82
521.10	5862.74	0.00	-4727.82
521.20	5497.98	0.00	-4906.37
521.30	5118.45	0.00	-5071.18
521.40	4724.89	0.00	-5222.00
521.50	4318.12	0.00	-5358.62
521.60	3898.96	0.00	-5480.87
521.70	3468.32	0.00	-5588.63
521.80	3027.14	0.00	-5681.82
521.90	2576.39	0.00	-5760.40
522.00	2117.10	0.00	-5824.37
522.10	1650.30	0.00	-5873.77
522.20	1177.06	0.00	-5908.70
522.30	698.46	0.00	-5929.25
522.40	215.60	0.00	-5935.54
522.50	-270.43	0.00	-5927.73
522.60	-758.52	0.00	-5905.95
522.70	-1247.58	0.00	-5870.35
522.80	-1736.50	0.00	-5821.06
522.90	-2224.19	0.00	-5758.18
523.00	-2709.55	0.00	-5681.80
523.10	-3191.47	0.00	-5591.93
523.20	-3668.86	0.00	-5488.59
523.30	-4140.57	0.00	-5371.69
523.40	-4605.48	0.00	-5241.13
523.50	-5062.39	0.00	-5096.72
523.60	-5510.09	0.00	-4938.25
523.70	-5947.31	0.00	-4765.42
523.80	-6372.73	0.00	-4577.90
523.90	-6784.94	0.00	-4375.33
524.00	-7182.48	0.00	-4157.31
524.10	-7563.78	0.00	-3923.44
524.20	-7927.22	0.00	-3673.30
524.30	-8271.05	0.00	-3406.52
524.40	-8593.47	0.00	-3122.76
524.50	-8892.59	0.00	-2821.74
524.60	-9166.42	0.00	-2503.26
524.70	-9412.95	0.00	-2167.25
524.80	-9630.09	0.00	-1813.77
524.90	-9815.75	0.00	-1443.01
525.00	-9967.82	0.00	-1055.35
525.10	-10084.23	0.00	-651.38
525.20	-10165.57	0.00	-231.89
525.30	-10217.93	0.00	202.11
525.40	-10240.12	0.00	649.36
525.50	-10230.44	0.00	1108.37
525.60	-10187.19	0.00	1577.39
525.70	-10108.75	0.00	2054.43
525.80	-9993.56	0.00	2537.25
525.90	-9840.20	0.00	3023.41
526.00	-9647.36	0.00	3510.21
526.10	-9413.96	0.00	3994.80
526.20	-9139.08	0.00	4474.13
526.30	-8822.09	0.00	4945.03
526.40	-8462.60	0.00	5404.20
526.50	-8060.54	0.00	5848.27
526.60	-7616.16	0.00	6273.85
526.70	-7130.06	0.00	6677.51
526.80	-6603.20	0.00	7055.90
526.90	-6036.94	0.00	7405.73
527.00	-5433.01	0.00	7723.84
527.10	-4793.56	0.00	8007.23
527.20	-4121.10	0.00	8253.09
527.30	-3418.56	0.00	8458.87
527.40	-2689.24	0.00	8622.27
527.50	-1936.78	0.00	8741.29
527.60	-1165.19	0.00	8814.27
527.70	-378.75	0.00	8839.88
527.80	417.95	0.00	8817.19
527.90	1220.12	0.00	8745.61
528.00	2022.76	0.00	8624.96
528.10	2820.73	0.00	8455.45
528.20	3608.80	0.00	8237.67
528.30	4381.70	0.00	7972.62
528.40	5134.17	0.00	7661.65
528.50	5861.02	0.00	7306.48
528.60	6557.19	0.00	6909.17
528.70	7217.78	0.00	6472.11
528.80	7838.13	0.00	5997.96
528.90	8413.88	0.00	5489.70
529.00	8940.95	0.00	4950.50
529.10	9415.66	0.00	4383.77
529.20	9834.73	0.00	3793.10
529.30	10195.29	0.00	3182.21
529.40	10494.98	0.00	2554.97
529.50	10731.88	0.00	1915.30
529.60	10904.58	0.00	1267.19
529.70	11012.20	0.00	614.66
529.80	11054.35	0.00	-38.29
529.90	11031.16	0.00	-687.69
530.00	10943.26	0.00	-1329.61
530.10	10795.12	0.00	-1960.25
530.20	10596.88	0.00	-2575.87
530.30	10350.27	0.00	-3172.90
530.40	10056.73	0.00	-3747.91
530.50	9717.90	0.00	-4297.63
530.60	9335.62	0.00	-4819.00
530.70	8911.90	0.00	-5309.14
530.80	8448.96	0.00	-5765.42
530.90	7949.20	0.00	-6185.41
531.00	7415.19	0.00	-6566.96
531.10	6849.70	0.00	-6908.15
531.20	6255.66	0.00	-7207.33
531.30	5636.19	0.00	-7463.14
531.40	4994.57	0.00	-7674.49
531.50	4334.21	0.00	-7840.56
531.60	3658.68	0.00	-7960.84
531.70	2971.68	0.00	-8035.12
531.80	2277.01	0.00	-8063.47
531.90	1578.55	0.00	-8046.24
532.00	880.24	0.00	-7984.09
532.10	186.07	0.00	-7877.97
532.20	-499.97	0.00	-7729.09
532.30	-1173.92	0.00	-7538.93
532.40	-1831.87	0.00	-7309.24
532.50	-2470.00	0.00	-7042.00
532.60	-3084.62	0.00	-6739.44
532.70	-3672.20	0.00	-6403.99
532.80	-4229.40	0.00	-6038.26
532.90	-4753.11	0.00	-5645.05
533.00	-5240.46	0.00	-5227.29
533.10	-5688.88	0.00	-4788.04
533.20	-6096.12	0.00	-4330.45
533.30	-6460.25	0.00	-3857.75
533.40	-6779.68	0.00	-3373.19
533.50	-7053.21	0.00	-2880.04
533.60	-7279.98	0.00	-2381.55
533.70	-7459.54	0.00	-1880.94
533.80	-7591.78	0.00	-1381.34
533.90	-7677.00	0.00	-885.78
534.00	-7715.82	0.00	-397.17
534.10	-7709.22	0.00	81.71
534.20	-7658.50	0.00	548.27
534.30	-7565.27	0.00	1000.10
534.40	-7431.38	0.00	1434.98
534.50	-7260.35	0.00	1850.93
534.60	-7058.39	0.00	2246.16
534.70	-6827.78	0.00	2619.13
534.80	-6570.58	0.00	2968.53
534.90	-6288.90	0.00	3293.30
535.00	-5984.88	0.00	3592.58
535.10	-5660.67	0.00	3865.76
535.20	-5318.41	0.00	4112.43
535.30	-4960.24	0.00	4332.42
535.40	-4588.24	0.00	4525.72
535.50	-4204.47	0.00	4692.52
535.60	-3810.92	0.00	4833.16
535.70	-3409.52	0.00	4948.13
535.80	-3002.11	0.00	5038.05
535.90	-2590.48	0.00	5103.64
536.00	-2176.30	0.00	5145.71
536.10	-1761.18	0.00	5165.14
536.20	-1346.63	0.00	5162.87
536.30	-934.09	0.00	5139.86
536.40	-524.89	0.00	5097.08
536.50	-120.31	0.00	5035.51
536.60	278.47	0.00	4956.13
536.70	670.33	0.00	4859.88
536.80	1054.20	0.00	4747.67
536.90	1429.07	0.00	4620.37
537.00	1793.99	0.00	4478.81
537.10	2148.02	0.00	4323.77
537.20	2490.26	0.00	4155.98
537.30	2819.85	0.00	3976.11
537.40	3135.93	0.00	3784.80
537.50	3437.64	0.00	3582.65
537.60	3724.15	0.00	3370.22
537.70	3994.61	0.00	3148.03
537.80	4248.19	0.00	2916.61
537.90	4484.05	0.00	2676.45
538.00	4701.34	0.00	2428.06
538.10	4899.25	0.00	2171.95
538.20	5076.94	0.00	1908.65
538.30	5233.62	0.00	1638.71
538.40	5368.50	0.00	1362.74
538.50	5480.83	0.00	1081.37
538.60	5569.91	0.00	795.31
538.70	5635.07	0.00	505.29
538.80	5675.73	0.00	212.13
538.90	5692.51	0.00	-83.28
539.00	5687.26	0.00	-380.00
539.10	5659.68	0.00	-677.01
539.20	5609.46	0.00	-973.23
539.30	5536.35	0.00	-1267.51
539.40	5440.16	0.00	-1558.65
539.50	5320.80	0.00	-1845.39
539.60	5178.26	0.00	-2126.44
539.70	5012.63	0.00	-2400.44
539.80	4824.11	0.00	-2666.03
539.90	4613.04	0.00	-2921.83
540.00	4379.87	0.00	-3166.46
540.10	4125.17	0.00	-3398.54
540.20	3849.66	0.00	-3616.70
540.30	3554.22	0.00	-3819.64
540.40	3239.85	0.00	-4006.07
540.50	2907.71	0.00	-4174.79
540.60	2559.08	0.00	-4324.65
540.70	2195.40	0.00	-4454.60
540.80	1818.26	0.00	-4563.69
540.90	1429.36	0.00	-4651.08
541.00	1030.54	0.00	-4716.04
541.10	623.72	0.00	-4757.99
541.20	210.98	0.00	-4776.46
541.30	-205.55	0.00	-4771.16
541.40	-623.66	0.00	-4741.93
541.50	-1041.06	0.00	-4688.77
541.60	-1455.42	0.00	-4611.84
541.70	-1864.40	0.00	-4511.47
541.80	-2265.63	0.00	-4388.14
541.90	-2656.78	0.00	-4242.48
542.00	-3035.51	0.00	-4075.32
542.10	-3399.58	0.00	-3887.58
542.20	-3746.79	0.00	-3680.39
542.30	-4075.05	0.00	-3454.97
542.40	-4382.38	0.00	-3212.71
542.50	-4666.93	0.00	-2955.08
542.60	-4927.00	0.00	-2683.69
542.70	-5161.06	0.00	-2400.25
542.80	-5367.77	0.00	-2106.52
542.90	-5545.99	0.00	-1804.37
543.00	-5694.78	0.00	-1495.71
543.10	-5813.41	0.00	-1182.46
543.20	-5901.40	0.00	-866.62
543.30	-5958.47	0.00	-550.14
543.40	-5984.61	0.00	-234.99
543.50	-5980.02	0.00	76.90
543.60	-5946.76	0.00	383.64
543.70	-5887.62	0.00	683.39
543.80	-5803.35	0.00	974.41
543.90	-5694.81	0.00	1255.04
544.00	-5563.01	0.00	1523.73
544.10	-5409.09	0.00	1779.04
544.20	-5234.29	0.00	2019.67
544.30	-5039.96	0.00	2244.48
544.40	-4827.56	0.00	2452.45
544.50	-4598.63	0.00	2642.74
544.60	-4354.76	0.00	2814.69
544.70	-4097.64	0.00	2967.78
544.80	-3828.96	0.00	3101.69
544.90	-3550.46	0.00	3216.27
545.00	-3263.90	0.00	3311.53
545.10	-2971.03	0.00	3387.67
545.20	-2673.58	0.00	3445.05
545.30	-2373.25	0.00	3484.17
545.40	-2071.70	0.00	3505.71
545.50	-1770.50	0.00	3510.46
545.60	-1471.16	0.00	3499.36
545.70	-1175.11	0.00	3473.45
545.80	-883.65	0.00	3433.87
545.90	-597.98	0.00	3381.83
546.00	-319.17	0.00	3318.62
546.10	-48.15	0.00	3245.57
546.20	214.26	0.00	3164.05
546.30	467.43	0.00	3075.40
546.40	710.83	0.00	2980.99
546.50	944.10	0.00	2882.15
546.60	1167.02	0.00	2780.16
546.70	1379.51	0.00	2676.24
546.80	1581.59	0.00	2571.52
546.90	1773.46	0.00	2467.06
547.00	1955.38	0.00	2363.79
547.10	2127.73	0.00	2262.53
547.20	2290.98	0.00	2163.98
547.30	2445.66	0.00	2068.70
547.40	2592.37	0.00	1977.10
547.50	2731.73	0.00	1889.46
547.60	2864.40	0.00	1805.90
547.70	2991.01	0.00	1726.41
547.80	3112.22	0.00	1650.84
547.90	3228.63	0.00	1578.90
548.00	3340.79	0.00	1510.16
548.10	3449.21	0.00	1444.10
548.20	3554.30	0.00	1380.07
548.30	3656.41	0.00	1317.34
548.40	3755.77	0.00	1255.10
548.50	3852.50	0.00	1192.46
548.60	3946.61	0.00	1128.52
548.70	4038.02	0.00	1062.31
548.80	4126.48	0.00	992.87
548.90	4211.65	0.00	919.24
549.00	4293.08	0.00	840.47
549.10	4370.17	0.00	755.67
549.20	4442.25	0.00	663.99
549.30	4508.75	0.00	564.65
549.40	4570.45	0.00	456.97
549.50	4626.80	0.00	340.34
549.60	4676.87	0.00	214.28
549.70	4719.64	0.00	78.42
549.80	4754.05	0.00	-67.47
549.90	4778.99	0.00	-223.49
550.00	4793.33	0.00	-389.62
550.10	4795.92	0.00	-565.67
550.20	4785.62	0.00	-751.32
550.30	4761.28	0.00	-946.10
550.40	4721.82	0.00	-1149.39
550.50	4666.15	0.00	-1360.45
550.60	4593.26	0.00	-1578.38
550.70	4502.20	0.00	-1802.16
550.80	4392.10	0.00	-2030.65
550.90	4262.18	0.00	-2262.57
551.00	4111.74	0.00	-2496.57
551.10	3940.23	0.00	-2731.16
551.20	3747.18	0.00	-2964.79
551.30	3532.27	0.00	-3195.81
551.40	3295.32	0.00	-3422.53
551.50	3036.31	0.00	-3643.18
551.60	2755.35	0.00	-3855.95
551.70	2452.74	0.00	-4059.01
551.80	2128.93	0.00	-4250.50
551.90	1784.58	0.00	-4428.56
552.00	1420.50	0.00	-4591.34
552.10	1037.71	0.00	-4737.00
552.20	637.43	0.00	-4863.74
552.30	221.07	0.00	-4969.81
552.40	-209.76	0.00	-5053.53
552.50	-653.25	0.00	-5113.29
552.60	-1107.40	0.00	-5147.59
552.70	-1569.98	0.00	-5155.01
552.80	-2038.59	0.00	-5134.29
552.90	-2510.66	0.00	-5084.28
553.00	-2983.41	0.00	-5004.03
553.10	-3453.92	0.00	-4892.72
553.20	-3919.10	0.00	-4749.75
553.30	-4375.76	0.00	-4574.73
553.40	-4820.56	0.00	-4367.46
553.50	-5250.10	0.00	-4128.02
553.60	-5660.92	0.00	-3856.72
553.70	-6049.52	0.00	-3554.12
553.80	-6412.40	0.00	-3221.08
553.90	-6746.12	0.00	-2858.73
554.00	-7047.29	0.00	-2468.49
554.10	-7312.65	0.00	-2052.08
554.20	-7539.10	0.00	-1611.50
554.30	-7723.72	0.00	-1149.05
554.40	-7863.86	0.00	-667.34
554.50	-7957.11	0.00	-169.22
554.60	-8001.76	0.00	342.16
554.70	-8001.03	0.00	863.42
554.80	-7955.18	0.00	1390.95
554.90	-7863.10	0.00	1920.91
555.00	-7723.98	0.00	2449.30
555.10	-7537.29	0.00	2971.99
555.20	-7302.87	0.00	3484.71
555.30	-7020.90	0.00	3983.13
555.40	-6691.94	0.00	4462.89
555.50	-6316.97	0.00	4919.65
555.60	-5897.36	0.00	5349.12
555.70	-5434.93	0.00	5747.12
555.80	-4931.94	0.00	6109.63
555.90	-4391.09	0.00	6432.84
556.00	-3815.53	0.00	6713.16
556.10	-3208.85	0.00	6947.35
556.20	-2575.06	0.00	7132.47
556.30	-1918.55	0.00	7265.99
556.40	-1244.13	0.00	7345.79
556.50	-556.92	0.00	7370.23
556.60	137.66	0.00	7338.13
556.70	833.93	0.00	7248.85
556.80	1526.03	0.00	7102.28
556.90	2207.95	0.00	6898.85
557.00	2873.64	0.00	6639.53
557.10	3517.04	0.00	6325.88
557.20	4132.18	0.00	5959.97
557.30	4713.22	0.00	5544.41
557.40	5254.59	0.00	5082.34
557.50	5751.02	0.00	4577.35
557.60	6197.59	0.00	4033.52
557.70	6589.87	0.00	3455.30
557.80	6923.92	0.00	2847.53
557.90	7196.39	0.00	2215.36
558.00	7404.54	0.00	1564.20
558.10	7546.29	0.00	899.65
558.20	7620.24	0.00	227.49
558.30	7625.73	0.00	-446.46
558.40	7562.80	0.00	-1116.32
558.50	7432.21	0.00	-1776.28
558.60	7237.01	0.00	-2420.61
558.70	6983.06	0.00	-3043.77
558.80	6672.70	0.00	-3640.40
558.90	6308.54	0.00	-4205.44
559.00	5893.63	0.00	-4734.15
559.10	5431.41	0.00	-5222.14
559.20	4925.74	0.00	-5665.46
559.30	4380.84	0.00	-6060.55
559.40	3801.22	0.00	-6404.37
559.50	3191.72	0.00	-6694.35
559.60	2557.41	0.00	-6928.42
559.70	1903.58	0.00	-7105.05
559.80	1235.67	0.00	-7223.22
559.90	559.25	0.00	-7282.43
560.00	-120.04	0.00	-7282.71
560.10	-796.55	0.00	-7224.58
560.20	-1464.67	0.00	-7109.04
560.30	-2118.85	0.00	-6937.57
560.40	-2753.68	0.00	-6712.06
560.50	-3363.93	0.00	-6434.85
560.60	-3944.62	0.00	-6108.61
560.70	-4491.00	0.00	-5736.38
560.80	-4998.67	0.00	-5321.50
560.90	-5463.57	0.00	-4867.59
561.00	-5882.02	0.00	-4378.48
561.10	-6250.77	0.00	-3858.22
561.20	-6567.01	0.00	-3311.00
561.30	-6828.37	0.00	-2741.13
561.40	-7032.99	0.00	-2153.01
561.50	-7180.48	0.00	-1551.10
561.60	-7274.12	0.00	-939.87
561.70	-7314.07	0.00	-323.77
561.80	-7300.41	0.00	292.80
561.90	-7233.49	0.00	905.48
562.00	-7113.99	0.00	1510.04
562.10	-6942.83	0.00	2102.36
562.20	-6721.22	0.00	2678.47
562.30	-6450.64	0.00	3234.56
562.40	-6132.82	0.00	3767.00
562.50	-5769.75	0.00	4272.38
562.60	-5363.67	0.00	4747.51
562.70	-4917.06	0.00	5189.41
562.80	-4432.64	0.00	5595.39
562.90	-3913.37	0.00	5962.99
563.00	-3362.41	0.00	6290.04
563.10	-2783.16	0.00	6574.67
563.20	-2179.23	0.00	6815.27
563.30	-1554.40	0.00	7010.58
563.40	-912.66	0.00	7159.63
563.50	-258.12	0.00	7261.76
563.60	404.94	0.00	7316.64
563.70	1072.14	0.00	7324.29
563.80	1739.01	0.00	7285.03
563.90	2401.04	0.00	7199.52
564.00	3053.68	0.00	7068.73
564.10	3692.41	0.00	6893.96
564.20	4312.77	0.00	6676.83
564.30	4910.38	0.00	6419.24
564.40	5481.01	0.00	6123.40
564.50	6020.62	0.00	5791.76
564.60	6525.37	0.00	5427.05
564.70	6991.71	0.00	5032.23
564.80	7416.39	0.00	4610.45
564.90	7796.48	0.00	4165.05
565.00	8129.47	0.00	3699.52
565.10	8413.23	0.00	3217.48
565.20	8646.06	0.00	2722.63
565.30	8826.75	0.00	2218.70
565.40	8954.52	0.00	1709.48
565.50	9033.51	0.00	1198.69
565.60	9068.33	0.00	690.02
565.70	9059.67	0.00	187.05
565.80	9008.49	0.00	-306.76
565.90	8916.04	0.00	-788.14
566.00	8783.82	0.00	-1254.01
566.10	8613.57	0.00	-1701.54
566.20	8407.26	0.00	-2128.16
566.30	8167.05	0.00	-2531.60
566.40	7895.32	0.00	-2909.91
566.50	7594.57	0.00	-3261.45
566.60	7267.46	0.00	-3584.98
566.70	6916.74	0.00	-3879.59
566.80	6545.25	0.00	-4144.74
566.90	6155.84	0.00	-4380.29
567.00	5751.41	0.00	-4586.43
567.10	5334.80	0.00	-4763.74
567.20	4908.81	0.00	-4913.11
567.30	4476.12	0.00	-5035.78
567.40	4039.32	0.00	-5133.28
567.50	3600.78	0.00	-5207.41
567.60	3162.73	0.00	-5260.20
567.70	2727.14	0.00	-5293.90
567.80	2295.74	0.00	-5310.91
567.90	1869.97	0.00	-5313.74
568.00	1451.02	0.00	-5304.98
568.10	1039.72	0.00	-5287.25
568.20	636.64	0.00	-5263.14
568.30	241.98	0.00	-5235.18
568.40	-144.32	0.00	-5205.76
568.50	-522.67	0.00	-5177.14
568.60	-893.75	0.00	-5151.34
568.70	-1258.51	0.00	-5130.15
568.80	-1618.14	0.00	-5115.06
568.90	-1974.05	0.00	-5107.25
569.00	-2327.81	0.00	-5107.54
569.10	-2681.13	0.00	-5116.37
569.20	-3035.80	0.00	-5133.77
569.30	-3393.64	0.00	-5159.39
569.40	-3756.46	0.00	-5192.45
569.50	-4125.98	0.00	-5231.74
569.60	-4503.81	0.00	-5275.66
569.70	-4891.35	0.00	-5322.19
569.80	-5289.77	0.00	-5368.95
569.90	-5699.94	0.00	-5413.22
570.00	-6122.38	0.00	-5451.93
570.10	-6557.23	0.00	-5481.77
570.20	-7004.16	0.00	-5499.17
570.30	-7462.39	0.00	-5500.41
570.40	-7930.63	0.00	-5481.62
570.50	-8407.05	0.00	-5438.89
570.60	-8889.29	0.00	-5368.28
570.70	-9374.42	0.00	-5265.94
570.80	-9858.98	0.00	-5128.14
570.90	-10338.99	0.00	-4951.34
571.00	-10809.94	0.00	-4732.29
571.10	-11266.86	0.00	-4468.04
571.20	-11708.33	0.00	-4156.06
571.30	-12139.32	0.00	-3794.26
571.40	-12555.85	0.00	-3381.07
571.50	-12953.15	0.00	-2915.46
571.60	-13326.21	0.00	-2397.05
571.70	-13669.80	0.00	-1826.04
571.80	-13978.53	0.00	-1203.37
571.90	-14246.86	0.00	-530.61
572.00	-14469.21	0.00	189.90
572.10	-14639.98	0.00	955.17
572.20	-14753.59	0.00	1761.44
572.30	-14804.60	0.00	2604.33
572.40	-14787.71	0.00	3478.73
572.50	-14697.88	0.00	4378.94
572.60	-14530.35	0.00	5298.67
572.70	-14280.77	0.00	6231.08
572.80	-13945.20	0.00	7168.88
572.90	-13520.29	0.00	8104.38
573.00	-13003.23	0.00	9029.55
573.10	-12391.95	0.00	9936.14
573.20	-11685.11	0.00	10815.74
573.30	-10882.20	0.00	11659.87
573.40	-9983.62	0.00	12460.11
573.50	-8990.75	0.00	13208.17
573.60	-7905.96	0.00	13895.98
573.70	-6732.70	0.00	14515.83
573.80	-5475.52	0.00	15060.39
573.90	-4140.10	0.00	15522.90
574.00	-2733.23	0.00	15897.17
574.10	-1262.81	0.00	16177.70
574.20	262.16	0.00	16359.77
574.30	1831.66	0.00	16439.48
574.40	3434.70	0.00	16413.80
574.50	5059.43	0.00	16280.64
574.60	6693.21	0.00	16038.89
574.70	8322.80	0.00	15688.43
574.80	9934.46	0.00	15230.14
574.90	11514.13	0.00	14665.90
575.00	13047.60	0.00	13998.63
575.10	14520.71	0.00	13232.19
575.20	15919.53	0.00	12371.41
575.30	17230.56	0.00	11422.00
575.40	18440.95	0.00	10390.54
575.50	19538.65	0.00	9284.37
575.60	20512.62	0.00	8111.56
575.70	21353.00	0.00	6880.77
575.80	22051.27	0.00	5601.22
575.90	22600.34	0.00	4282.57
576.00	22994.72	0.00	2934.79
576.10	23230.58	0.00	1568.12
576.20	23307.28	0.00	192.90
576.30	23263.89	0.00	-1180.50
576.40	23118.51	0.00	-2541.79
576.50	22872.19	0.00	-3880.88
576.60	22526.39	0.00	-5187.96
576.70	22082.98	0.00	-6453.61
576.80	21544.27	0.00	-7668.90
576.90	20912.97	0.00	-8825.45
577.00	20192.27	0.00	-9915.52
577.10	19385.80	0.00	-10932.08
577.20	18497.65	0.00	-11868.85
577.30	17532.38	0.00	-12720.40
577.40	16495.05	0.00	-13482.10
577.50	15391.15	0.00	-14150.26
577.60	14226.65	0.00	-14722.03
577.70	13007.96	0.00	-15195.52
577.80	11741.88	0.00	-15569.69
577.90	10435.60	0.00	-15844.42
578.00	9096.63	0.00	-16020.44
578.10	7732.73	0.00	-16099.31
578.20	6351.87	0.00	-16083.38
578.30	4962.15	0.00	-15975.74
578.40	3571.73	0.00	-15780.16
578.50	2188.74	0.00	-15501.03
578.60	821.18	0.00	-15143.28
578.70	-523.13	0.00	-14712.34
578.80	-1836.65	0.00	-14214.01
578.90	-3112.21	0.00	-13654.46
579.00	-4343.06	0.00	-13040.07
579.10	-5522.98	0.00	-12377.40
579.20	-6646.28	0.00	-11673.13
579.30	-7707.92	0.00	-10933.92
579.40	-8703.49	0.00	-10166.41
579.50	-9629.29	0.00	-9377.08
579.60	-10482.31	0.00	-8572.26
579.70	-11260.26	0.00	-7758.02
579.80	-11961.57	0.00	-6940.14
579.90	-12585.34	0.00	-6124.04
580.00	-13131.36	0.00	-5314.78
580.10	-13600.04	0.00	-4516.99
580.20	-13992.40	0.00	-3734.86
580.30	-14309.99	0.00	-2972.12
580.40	-14554.83	0.00	-2232.02
580.50	-14729.39	0.00	-1517.34
580.60	-14836.49	0.00	-830.38
580.70	-14879.24	0.00	-172.99
580.80	-14860.99	0.00	453.46
580.90	-14785.26	0.00	1048.01
581.00	-14655.67	0.00	1610.12
581.10	-14475.88	0.00	2139.63
581.20	-14249.56	0.00	2636.71
581.30	-13980.31	0.00	3101.84
581.40	-13676.19	0.00	3535.78
581.50	-13354.69	0.00	3939.51
581.60	-13018.69	0.00	4314.20
581.70	-12669.62	0.00	4661.14
581.80	-12308.63	0.00	4981.74
581.90	-11936.65	0.00	5277.48
582.00	-11554.31	0.00	5549.83
582.10	-11162.04	0.00	5800.26
582.20	-10760.06	0.00	6030.19
582.30	-10348.39	0.00	6240.95
582.40	-9926.90	0.00	6433.75
582.50	-9495.34	0.00	6609.69
582.60	-9053.33	0.00	6769.68
582.70	-8600.45	0.00	6914.49
582.80	-8136.23	0.00	7044.68
582.90	-7660.18	0.00	7160.66
583.00	-7171.88	0.00	7262.63
583.10	-6670.93	0.00	7350.58
583.20	-6157.04	0.00	7424.38
583.30	-5630.04	0.00	7483.68
583.40	-5089.92	0.00	7528.00
583.50	-4536.83	0.00	7556.74
583.60	-3971.12	0.00	7569.16
583.70	-3393.38	0.00	7564.46
583.80	-2804.41	0.00	7541.77
583.90	-2205.27	0.00	7500.18
584.00	-1597.27	0.00	7438.79
584.10	-981.97	0.00	7356.71
584.20	-361.18	0.00	7253.12
584.30	263.02	0.00	7127.28
584.40	888.33	0.00	6978.55
584.50	1512.23	0.00	6806.44
584.60	2132.00	0.00	6610.63
584.70	2744.76	0.00	6390.95
584.80	3347.47	0.00	6147.47
584.90	3936.98	0.00	5880.46
585.00	4510.09	0.00	5590.42
585.10	5063.54	0.00	5278.09
585.20	5594.11	0.00	4944.44
585.30	6098.59	0.00	4590.71
585.40	6573.92	0.00	4218.35
585.50	7017.13	0.00	3829.06
585.60	7425.46	0.00	3424.76
585.70	7796.36	0.00	3007.55
585.80	8127.55	0.00	2579.76
585.90	8417.04	0.00	2143.84
586.00	8663.17	0.00	1702.41
586.10	8864.64	0.00	1258.19
586.20	9020.51	0.00	813.98
586.30	9130.26	0.00	372.63
586.40	9193.75	0.00	-62.98
586.50	9211.26	0.00	-489.99
586.60	9183.47	0.00	-905.59
586.70	9111.48	0.00	-1307.06
586.80	8996.76	0.00	-1691.78
586.90	8841.15	0.00	-2057.27
587.00	8646.84	0.00	-2401.25
587.10	8416.34	0.00	-2721.61
587.20	8152.42	0.00	-3016.50
587.30	7861.80	0.00	-3284.28
587.40	7550.42	0.00	-3523.62
587.50	7220.85	0.00	-3733.44
587.60	6875.78	0.00	-3912.96
587.70	6517.95	0.00	-4061.71
587.80	6150.13	0.00	-4179.52
587.90	5775.13	0.00	-4266.52
588.00	5395.73	0.00	-4323.15
588.10	5014.66	0.00	-4350.14
588.20	4634.60	0.00	-4348.48
588.30	4258.13	0.00	-4319.46
588.40	3887.68	0.00	-4264.58
588.50	3525.57	0.00	-4185.60
588.60	3173.91	0.00	-4084.44
588.70	2834.65	0.00	-3963.22
588.80	2509.50	0.00	-3824.19
588.90	2199.95	0.00	-3669.73
589.00	1907.27	0.00	-3502.30
589.10	1632.44	0.00	-3324.39
589.20	1376.21	0.00	-3138.53
589.30	1139.06	0.00	-2947.24
589.40	921.21	0.00	-2752.98
589.50	722.62	0.00	-2558.16
589.60	543.01	0.00	-2365.08
589.70	381.85	0.00	-2175.90
589.80	238.41	0.00	-1992.64
589.90	111.74	0.00	-1817.16
590.00	0.69	0.00	-1651.11
590.10	-96.02	0.00	-1495.93
590.20	-179.83	0.00	-1352.87
590.30	-252.30	0.00	-1222.90
590.40	-315.05	0.00	-1106.80
590.50	-369.78	0.00	-1005.08
590.60	-418.22	0.00	-918.03
590.70	-462.10	0.00	-845.67
590.80	-503.13	0.00	-787.84
590.90	-542.96	0.00	-744.11
591.00	-583.17	0.00	-713.87
591.10	-625.24	0.00	-696.30
591.20	-670.55	0.00	-690.43
591.30	-720.31	0.00	-695.09
591.40	-775.61	0.00	-709.01
591.50	-837.32	0.00	-730.79
591.60	-906.18	0.00	-758.95
591.70	-982.72	0.00	-791.94
591.80	-1067.25	0.00	-828.16
591.90	-1159.91	0.00	-866.02
592.00	-1260.64	0.00	-903.92
592.10	-1369.17	0.00	-940.30
592.20	-1485.04	0.00	-973.67
592.30	-1607.63	0.00	-1002.62
592.40	-1736.12	0.00	-1025.83
592.50	-1869.57	0.00	-1042.10
592.60	-2006.86	0.00	-1050.40
592.70	-2146.79	0.00	-1049.83
592.80	-2288.03	0.00	-1039.65
592.90	-2429.19	0.00	-1019.31
593.00	-2568.81	0.00	-988.44
593.10	-2705.41	0.00	-946.86
593.20	-2837.49	0.00	-894.57
593.30	-2963.58	0.00	-831.76
593.40	-3082.23	0.00	-758.81
593.50	-3192.07	0.00	-676.26
593.60	-3291.82	0.00	-584.82
593.70	-3380.27	0.00	-485.37
593.80	-3456.36	0.00	-378.90
593.90	-3519.18	0.00	-266.55
594.00	-3567.95	0.00	-149.54
594.10	-3602.06	0.00	-29.21
594.20	-3621.09	0.00	93.07
594.30	-3624.80	0.00	215.86
594.40	-3613.11	0.00	337.72
594.50	-3586.16	0.00	457.18
594.60	-3544.25	0.00	572.80
594.70	-3487.86	0.00	683.19
594.80	-3418.00	0.00	787.00
594.90	-3336.33	0.00	882.97
595.00	-3243.77	0.00	969.94
595.10	-3141.29	0.00	1046.84
595.20	-3030.01	0.00	1112.73
595.30	-2911.11	0.00	1166.82
595.40	-2785.86	0.00	1208.45
595.50	-2655.58	0.00	1237.11
595.60	-2521.66	0.00	1252.47
595.70	-2385.50	0.00	1254.34
595.80	-2248.51	0.00	1242.69
595.90	-2112.11	0.00	1217.67
596.00	-1977.68	0.00	1179.59
596.10	-1846.59	0.00	1128.89
596.20	-1720.13	0.00	1066.19
596.30	-1599.53	0.00	992.23
596.40	-1485.96	0.00	907.89
596.50	-1380.48	0.00	814.17
596.60	-1284.05	0.00	712.18
596.70	-1197.53	0.00	603.13
596.80	-1121.65	0.00	488.33
596.90	-1057.01	0.00	369.13
597.00	-1004.09	0.00	246.98
597.10	-963.23	0.00	123.35
597.20	-934.63	0.00	-0.25
597.30	-918.37	0.00	-122.27
597.40	-914.36	0.00	-241.19
597.50	-922.40	0.00	-355.46
597.60	-942.14	0.00	-463.56
597.70	-973.09	0.00	-563.99
597.80	-1014.66	0.00	-655.29
597.90	-1066.10	0.00	-736.05
598.00	-1126.57	0.00	-804.92
598.10	-1195.11	0.00	-860.62
598.20	-1270.62	0.00	-901.93
598.30	-1351.95	0.00	-927.74
598.40	-1437.81	0.00	-937.01
598.50	-1526.85	0.00	-928.82
598.60	-1617.61	0.00	-902.35
598.70	-1708.59	0.00	-856.90
598.80	-1798.18	0.00	-791.88
598.90	-1884.74	0.00	-706.86
599.00	-1966.57	0.00	-601.52
599.10	-2041.91	0.00	-475.71
599.20	-2108.99	0.00	-329.40
599.30	-2165.99	0.00	-162.76
599.40	-2211.09	0.00	23.92
599.50	-2242.44	0.00	230.14
599.60	-2258.22	0.00	455.25
599.70	-2256.62	0.00	698.43
599.80	-2235.84	0.00	958.63
599.90	-2194.15	0.00	1234.67
600.00	-2129.87	0.00	1525.14
