Time(s)	Fx(N)	Fy(N)	Fz(N)
0.00	-4546.99	0.00	-566.80
0.10	-4619.53	0.00	-369.46
0.20	-4666.94	0.00	-173.26
0.30	-4689.33	0.00	20.96
0.40	-4686.97	0.00	212.43
0.50	-4660.24	0.00	400.41
0.60	-4609.64	0.00	584.18
0.70	-4535.82	0.00	763.11
0.80	-4441.02	0.00	936.58
0.90	-4326.46	0.00	1104.04
1.00	-4192.85	0.00	1264.95
1.10	-4040.90	0.00	1418.85
1.20	-3871.38	0.00	1565.29
1.30	-3685.12	0.00	1703.87
1.40	-3482.95	0.00	1834.24
1.50	-3265.75	0.00	1956.05
1.60	-3034.43	0.00	2069.00
1.70	-2789.96	0.00	2172.81
1.80	-2533.30	0.00	2267.23
1.90	-2265.48	0.00	2352.03
2.00	-1987.54	0.00	2427.00
2.10	-1700.58	0.00	2491.94
2.20	-1405.71	0.00	2546.68
2.30	-1104.09	0.00	2591.05
2.40	-796.91	0.00	2624.91
2.50	-485.40	0.00	2648.13
2.60	-170.82	0.00	2660.58
2.70	145.53	0.00	2662.19
2.80	462.32	0.00	2652.85
2.90	778.19	0.00	2632.53
3.00	1091.74	0.00	2601.18
3.10	1401.57	0.00	2558.79
3.20	1706.25	0.00	2505.38
3.30	2004.31	0.00	2441.01
3.40	2294.31	0.00	2365.75
3.50	2574.78	0.00	2279.74
3.60	2844.27	0.00	2183.14
3.70	3101.33	0.00	2076.15
3.80	3344.54	0.00	1959.04
3.90	3572.51	0.00	1832.10
4.00	3783.90	0.00	1695.70
4.10	3977.40	0.00	1550.23
4.20	4151.78	0.00	1396.18
4.30	4305.88	0.00	1234.03
4.40	4438.61	0.00	1064.38
4.50	4548.99	0.00	887.83
4.60	4636.21	0.00	705.06
4.70	4701.13	0.00	516.79
4.80	4743.78	0.00	323.79
4.90	4763.68	0.00	126.85
5.00	4760.42	0.00	-73.17
5.10	4733.68	0.00	-275.40
5.20	4683.24	0.00	-478.92
5.30	4608.97	0.00	-682.82
5.40	4510.84	0.00	-886.14
5.50	4388.92	0.00	-1087.93
5.60	4243.38	0.00	-1287.22
5.70	4074.51	0.00	-1483.06
5.80	3882.69	0.00	-1674.49
5.90	3668.44	0.00	-1860.57
6.00	3432.35	0.00	-2040.38
6.10	3175.14	0.00	-2213.03
6.20	2897.65	0.00	-2377.66
6.30	2600.80	0.00	-2533.43
6.40	2285.64	0.00	-2679.55
6.50	1953.32	0.00	-2815.27
6.60	1605.09	0.00	-2939.90
6.70	1242.28	0.00	-3052.78
6.80	866.35	0.00	-3153.31
6.90	478.82	0.00	-3240.94
7.00	81.30	0.00	-3315.17
7.10	-324.51	0.00	-3375.56
7.20	-736.84	0.00	-3421.72
7.30	-1153.87	0.00	-3453.33
7.40	-1573.69	0.00	-3470.09
7.50	-1994.38	0.00	-3471.79
7.60	-2413.92	0.00	-3458.24
7.70	-2830.31	0.00	-3429.31
7.80	-3241.48	0.00	-3384.92
7.90	-3645.36	0.00	-3325.05
8.00	-4039.86	0.00	-3249.71
8.10	-4422.90	0.00	-3158.94
8.20	-4792.39	0.00	-3052.87
8.30	-5146.26	0.00	-2931.63
8.40	-5482.49	0.00	-2795.41
8.50	-5799.06	0.00	-2644.45
8.60	-6094.02	0.00	-2479.03
8.70	-6365.47	0.00	-2299.48
8.80	-6611.57	0.00	-2106.17
8.90	-6830.56	0.00	-1899.52
9.00	-7020.77	0.00	-1680.02
9.10	-7182.54	0.00	-1448.19
9.20	-7318.07	0.00	-1204.61
9.30	-7426.35	0.00	-949.96
9.40	-7506.34	0.00	-684.93
9.50	-7557.06	0.00	-410.31
9.60	-7577.55	0.00	-126.95
9.70	-7566.91	0.00	164.22
9.80	-7524.27	0.00	462.19
9.90	-7448.86	0.00	765.89
10.00	-7339.95	0.00	1074.16
10.10	-7196.89	0.00	1385.76
10.20	-7019.14	0.00	1699.36
10.30	-6806.25	0.00	2013.56
10.40	-6557.88	0.00	2326.90
10.50	-6273.83	0.00	2637.82
10.60	-5954.05	0.00	2944.69
10.70	-5598.64	0.00	3245.85
10.80	-5207.89	0.00	3539.55
10.90	-4782.29	0.00	3823.99
11.00	-4322.51	0.00	4097.37
11.10	-3829.47	0.00	4357.82
11.20	-3304.33	0.00	4603.47
11.30	-2748.49	0.00	4832.46
11.40	-2163.62	0.00	5042.92
11.50	-1551.67	0.00	5233.04
11.60	-914.87	0.00	5401.01
11.70	-255.72	0.00	5545.12
11.80	422.99	0.00	5663.72
11.90	1118.18	0.00	5755.26
12.00	1826.48	0.00	5818.30
12.10	2544.29	0.00	5851.54
12.20	3267.72	0.00	5853.82
12.30	3992.67	0.00	5824.16
12.40	4714.82	0.00	5761.73
12.50	5429.67	0.00	5665.93
12.60	6132.57	0.00	5536.35
12.70	6818.74	0.00	5372.83
12.80	7483.35	0.00	5175.40
12.90	8121.51	0.00	4944.36
13.00	8728.36	0.00	4680.26
13.10	9299.07	0.00	4383.90
13.20	9828.96	0.00	4056.32
13.30	10313.48	0.00	3698.83
13.40	10748.30	0.00	3312.99
13.50	11129.35	0.00	2900.60
13.60	11452.87	0.00	2463.70
13.70	11715.46	0.00	2004.57
13.80	11914.54	0.00	1525.69
13.90	12058.09	0.00	1029.75
14.00	12148.87	0.00	519.62
14.10	12185.47	0.00	-1.66
14.20	12166.70	0.00	-530.93
14.30	12091.59	0.00	-1064.90
14.40	11959.39	0.00	-1600.18
14.50	11769.61	0.00	-2133.32
14.60	11522.02	0.00	-2660.83
14.70	11216.65	0.00	-3179.23
14.80	10853.86	0.00	-3685.02
14.90	10434.28	0.00	-4174.77
15.00	9958.88	0.00	-4645.14
15.10	9428.94	0.00	-5092.88
15.20	8846.11	0.00	-5514.86
15.30	8212.39	0.00	-5908.13
15.40	7530.13	0.00	-6269.92
15.50	6802.05	0.00	-6597.66
15.60	6031.24	0.00	-6889.02
15.70	5221.15	0.00	-7141.92
15.80	4375.59	0.00	-7354.55
15.90	3498.71	0.00	-7525.38
16.00	2594.99	0.00	-7653.18
16.10	1669.22	0.00	-7737.01
16.20	726.46	0.00	-7776.28
16.30	-227.95	0.00	-7770.69
16.40	-1188.50	0.00	-7720.27
16.50	-2149.47	0.00	-7625.35
16.60	-3105.04	0.00	-7486.61
16.70	-4049.27	0.00	-7305.00
16.80	-4976.23	0.00	-7081.80
16.90	-5880.00	0.00	-6818.56
17.00	-6754.72	0.00	-6517.08
17.10	-7594.69	0.00	-6179.45
17.20	-8394.37	0.00	-5807.99
17.30	-9148.50	0.00	-5405.20
17.40	-9852.09	0.00	-4973.80
17.50	-10500.50	0.00	-4516.69
17.60	-11089.49	0.00	-4036.89
17.70	-11615.26	0.00	-3537.54
17.80	-12074.49	0.00	-3021.90
17.90	-12464.34	0.00	-2493.25
18.00	-12782.53	0.00	-1954.97
18.10	-13027.34	0.00	-1410.40
18.20	-13197.59	0.00	-862.90
18.30	-13292.71	0.00	-315.79
18.40	-13312.66	0.00	227.67
18.50	-13259.83	0.00	764.30
18.60	-13149.34	0.00	1291.03
18.70	-12985.28	0.00	1804.89
18.80	-12768.87	0.00	2303.09
18.90	-12501.50	0.00	2782.95
19.00	-12184.71	0.00	3242.01
19.10	-11820.21	0.00	3677.95
19.20	-11409.83	0.00	4088.67
19.30	-10955.59	0.00	4472.29
19.40	-10459.63	0.00	4827.11
19.50	-9924.24	0.00	5151.66
19.60	-9351.86	0.00	5444.70
19.70	-8745.08	0.00	5705.20
19.80	-8106.60	0.00	5932.36
19.90	-7439.29	0.00	6125.60
20.00	-6746.12	0.00	6284.56
20.10	-6030.18	0.00	6409.09
20.20	-5294.69	0.00	6499.24
20.30	-4542.96	0.00	6555.26
20.40	-3778.39	0.00	6577.60
20.50	-3004.45	0.00	6566.88
20.60	-2224.68	0.00	6523.91
20.70	-1442.65	0.00	6449.64
20.80	-661.96	0.00	6345.17
20.90	113.79	0.00	6211.74
21.00	881.00	0.00	6050.73
21.10	1636.13	0.00	5863.60
21.20	2375.68	0.00	5651.92
21.30	3096.25	0.00	5417.37
21.40	3794.52	0.00	5161.67
21.50	4467.33	0.00	4886.63
21.60	5111.62	0.00	4594.07
21.70	5724.55	0.00	4285.89
21.80	6303.42	0.00	3964.00
21.90	6845.76	0.00	3630.31
22.00	7349.31	0.00	3286.75
22.10	7812.06	0.00	2935.24
22.20	8232.24	0.00	2577.70
22.30	8608.32	0.00	2216.00
22.40	8939.07	0.00	1851.98
22.50	9223.51	0.00	1487.48
22.60	9460.95	0.00	1124.24
22.70	9650.98	0.00	763.98
22.80	9793.46	0.00	408.35
22.90	9888.53	0.00	58.94
23.00	9936.61	0.00	-282.74
23.10	9938.37	0.00	-615.24
23.20	9894.74	0.00	-937.20
23.30	9806.89	0.00	-1247.33
23.40	9676.24	0.00	-1544.44
23.50	9508.07	0.00	-1827.41
23.60	9310.01	0.00	-2095.23
23.70	9083.48	0.00	-2346.97
23.80	8829.87	0.00	-2581.80
23.90	8550.63	0.00	-2798.98
24.00	8247.25	0.00	-2997.86
24.10	7921.28	0.00	-3177.90
24.20	7574.31	0.00	-3338.67
24.30	7207.99	0.00	-3479.82
24.40	6824.00	0.00	-3601.09
24.50	6424.06	0.00	-3702.36
24.60	6009.96	0.00	-3783.57
24.70	5583.50	0.00	-3844.78
24.80	5146.52	0.00	-3886.14
24.90	4700.90	0.00	-3907.90
25.00	4248.53	0.00	-3910.43
25.10	3791.32	0.00	-3894.15
25.20	3331.18	0.00	-3859.61
25.30	2870.05	0.00	-3807.45
25.40	2409.82	0.00	-3738.37
25.50	1952.41	0.00	-3653.20
25.60	1499.66	0.00	-3552.81
25.70	1053.40	0.00	-3438.18
25.80	615.40	0.00	-3310.34
25.90	187.39	0.00	-3170.41
26.00	-229.02	0.00	-3019.57
26.10	-632.28	0.00	-2859.05
26.20	-1020.93	0.00	-2690.13
26.30	-1393.65	0.00	-2514.14
26.40	-1749.21	0.00	-2332.45
26.50	-2086.53	0.00	-2146.44
26.60	-2404.68	0.00	-1957.53
26.70	-2702.84	0.00	-1767.13
26.80	-2980.38	0.00	-1576.67
26.90	-3236.84	0.00	-1387.54
27.00	-3471.88	0.00	-1201.15
27.10	-3685.37	0.00	-1018.83
27.20	-3877.32	0.00	-841.90
27.30	-4047.94	0.00	-671.61
27.40	-4197.57	0.00	-509.16
27.50	-4326.72	0.00	-355.65
27.60	-4436.06	0.00	-212.11
27.70	-4526.40	0.00	-79.47
27.80	-4598.68	0.00	41.45
27.90	-4653.98	0.00	149.94
28.00	-4693.47	0.00	245.43
28.10	-4718.41	0.00	327.47
28.20	-4730.17	0.00	395.75
28.30	-4730.15	0.00	450.10
28.40	-4719.81	0.00	490.52
28.50	-4700.63	0.00	517.13
28.60	-4674.09	0.00	530.22
28.70	-4641.67	0.00	530.25
28.80	-4604.81	0.00	517.79
28.90	-4564.90	0.00	493.59
29.00	-4523.26	0.00	458.54
29.10	-4481.11	0.00	413.65
29.20	-4439.58	0.00	360.07
29.30	-4399.67	0.00	299.08
29.40	-4362.91	0.00	232.04
29.50	-4331.34	0.00	160.42
29.60	-4305.51	0.00	85.79
29.70	-4285.74	0.00	9.75
29.80	-4272.22	0.00	-66.02
29.90	-4264.94	0.00	-139.84
30.00	-4263.70	0.00	-209.99
30.10	-4268.14	0.00	-274.76
30.20	-4277.71	0.00	-332.48
30.30	-4291.67	0.00	-381.52
30.40	-4309.11	0.00	-420.30
30.50	-4328.96	0.00	-447.34
30.60	-4349.97	0.00	-461.27
30.70	-4370.74	0.00	-460.82
30.80	-4389.75	0.00	-444.88
30.90	-4405.32	0.00	-412.48
31.00	-4415.70	0.00	-362.84
31.10	-4419.02	0.00	-295.36
31.20	-4413.33	0.00	-209.63
31.30	-4396.66	0.00	-105.45
31.40	-4366.99	0.00	17.16
31.50	-4322.27	0.00	157.95
31.60	-4260.51	0.00	316.46
31.70	-4179.73	0.00	491.99
31.80	-4078.03	0.00	683.62
31.90	-3953.58	0.00	890.20
32.00	-3804.70	0.00	1110.37
32.10	-3629.83	0.00	1342.57
32.20	-3427.59	0.00	1585.01
32.30	-3196.77	0.00	1835.75
32.40	-2936.40	0.00	2092.66
32.50	-2645.75	0.00	2353.48
32.60	-2324.35	0.00	2615.80
32.70	-1972.00	0.00	2877.11
32.80	-1588.80	0.00	3134.79
32.90	-1175.20	0.00	3386.19
33.00	-731.95	0.00	3628.61
33.10	-260.14	0.00	3859.32
33.20	238.77	0.00	4075.64
33.30	762.98	0.00	4274.91
33.40	1310.32	0.00	4454.54
33.50	1878.28	0.00	4612.05
33.60	2464.01	0.00	4745.06
33.70	3064.29	0.00	4851.38
33.80	3675.62	0.00	4928.97
33.90	4294.19	0.00	4975.97
34.00	4915.91	0.00	4990.77
34.10	5536.44	0.00	4971.99
34.20	6151.25	0.00	4918.50
34.30	6755.61	0.00	4829.46
34.40	7344.69	0.00	4704.31
34.50	7913.55	0.00	4542.76
34.60	8457.23	0.00	4344.87
34.70	8970.76	0.00	4110.99
34.80	9449.27	0.00	3841.78
34.90	9887.99	0.00	3538.21
35.00	10282.33	0.00	3201.57
35.10	10627.92	0.00	2833.46
35.20	10920.70	0.00	2435.74
35.30	11157.33	0.00	2010.59
35.40	11343.81	0.00	1560.45
35.50	11481.49	0.00	1087.98
35.60	11568.27	0.00	596.11
35.70	11602.22	0.00	87.96
35.80	11581.67	0.00	-433.17
35.90	11505.17	0.00	-963.80
36.00	11371.56	0.00	-1500.34
36.10	11179.93	0.00	-2039.08
36.20	10929.68	0.00	-2576.25
36.30	10620.51	0.00	-3108.02
36.40	10252.45	0.00	-3630.55
36.50	9825.88	0.00	-4140.03
36.60	9341.52	0.00	-4632.69
36.70	8800.49	0.00	-5104.84
36.80	8204.28	0.00	-5552.91
36.90	7554.79	0.00	-5973.44
37.00	6854.33	0.00	-6363.19
37.10	6105.63	0.00	-6719.06
37.20	5311.84	0.00	-7038.21
37.30	4476.52	0.00	-7318.03
37.40	3603.67	0.00	-7556.18
37.50	2697.67	0.00	-7750.59
37.60	1763.29	0.00	-7899.52
37.70	805.69	0.00	-8001.53
37.80	-169.63	0.00	-8055.51
37.90	-1156.89	0.00	-8060.70
38.00	-2150.01	0.00	-8016.68
38.10	-3142.68	0.00	-7923.37
38.20	-4128.43	0.00	-7781.07
38.30	-5100.64	0.00	-7590.39
38.40	-6052.63	0.00	-7352.32
38.50	-6977.73	0.00	-7068.16
38.60	-7869.29	0.00	-6739.58
38.70	-8720.81	0.00	-6368.51
38.80	-9525.97	0.00	-5957.22
38.90	-10278.71	0.00	-5508.26
39.00	-10973.26	0.00	-5024.43
39.10	-11604.28	0.00	-4508.78
39.20	-12166.83	0.00	-3964.59
39.30	-12656.50	0.00	-3395.31
39.40	-13069.42	0.00	-2804.60
39.50	-13402.30	0.00	-2196.21
39.60	-13652.50	0.00	-1574.06
39.70	-13818.04	0.00	-942.11
39.80	-13897.62	0.00	-304.40
39.90	-13891.25	0.00	335.00
40.00	-13813.19	0.00	972.05
40.10	-13669.76	0.00	1602.72
40.20	-13461.53	0.00	2223.04
40.30	-13189.36	0.00	2829.13
40.40	-12854.33	0.00	3417.24
40.50	-12457.79	0.00	3983.75
40.60	-12001.37	0.00	4525.22
40.70	-11486.96	0.00	5038.37
40.80	-10916.72	0.00	5520.17
40.90	-10293.11	0.00	5967.80
41.00	-9618.85	0.00	6378.68
41.10	-8896.98	0.00	6750.52
41.20	-8130.82	0.00	7081.29
41.30	-7323.99	0.00	7369.25
41.40	-6480.36	0.00	7612.98
41.50	-5604.13	0.00	7811.32
41.60	-4699.71	0.00	7963.47
41.70	-3771.82	0.00	8068.91
41.80	-2825.35	0.00	8127.43
41.90	-1865.43	0.00	8139.14
42.00	-897.35	0.00	8104.44
42.10	73.45	0.00	8024.04
42.20	1041.41	0.00	7898.91
42.30	2000.94	0.00	7730.32
42.40	2946.39	0.00	7519.78
42.50	3872.16	0.00	7269.06
42.60	4772.68	0.00	6980.14
42.70	5642.52	0.00	6655.23
42.80	6476.42	0.00	6296.72
42.90	7269.32	0.00	5907.18
43.00	8016.40	0.00	5489.31
43.10	8713.16	0.00	5045.96
43.20	9355.44	0.00	4580.07
43.30	9939.47	0.00	4094.66
43.40	10461.87	0.00	3592.84
43.50	10919.73	0.00	3077.72
43.60	11310.61	0.00	2552.44
43.70	11632.55	0.00	2020.14
43.80	11884.11	0.00	1483.93
43.90	12064.35	0.00	946.86
44.00	12172.86	0.00	411.93
44.10	12209.75	0.00	-117.96
44.20	12175.62	0.00	-640.00
44.30	12073.73	0.00	-1151.50
44.40	11917.29	0.00	-1649.92
44.50	11709.41	0.00	-2132.84
44.60	11451.56	0.00	-2598.01
44.70	11145.31	0.00	-3043.34
44.80	10792.37	0.00	-3466.92
44.90	10394.58	0.00	-3867.01
45.00	9953.90	0.00	-4242.06
45.10	9472.39	0.00	-4590.70
45.20	8952.26	0.00	-4911.76
45.30	8395.81	0.00	-5204.24
45.40	7805.48	0.00	-5467.34
45.50	7183.80	0.00	-5700.43
45.60	6533.44	0.00	-5903.08
45.70	5857.15	0.00	-6075.01
45.80	5157.80	0.00	-6216.11
45.90	4438.35	0.00	-6326.43
46.00	3701.88	0.00	-6406.17
46.10	2951.51	0.00	-6455.68
46.20	2190.46	0.00	-6475.42
46.30	1422.03	0.00	-6465.99
46.40	649.54	0.00	-6428.09
46.50	-123.61	0.00	-6362.52
46.60	-894.03	0.00	-6270.18
46.70	-1658.29	0.00	-6152.02
46.80	-2412.97	0.00	-6009.09
46.90	-3154.68	0.00	-5842.50
47.00	-3880.03	0.00	-5653.37
47.10	-4585.72	0.00	-5442.91
47.20	-5268.51	0.00	-5212.34
47.30	-5925.22	0.00	-4962.88
47.40	-6552.80	0.00	-4695.82
47.50	-7148.31	0.00	-4412.42
47.60	-7708.95	0.00	-4113.96
47.70	-8232.07	0.00	-3801.72
47.80	-8715.19	0.00	-3476.99
47.90	-9156.00	0.00	-3141.02
48.00	-9552.40	0.00	-2795.10
48.10	-9902.48	0.00	-2440.47
48.20	-10204.57	0.00	-2078.37
48.30	-10457.21	0.00	-1710.04
48.40	-10659.18	0.00	-1336.70
48.50	-10809.51	0.00	-959.55
48.60	-10907.48	0.00	-579.80
48.70	-10953.36	0.00	-198.63
48.80	-10956.31	0.00	182.79
48.90	-10919.11	0.00	563.26
49.00	-10841.79	0.00	941.64
49.10	-10724.41	0.00	1316.75
49.20	-10567.08	0.00	1687.44
49.30	-10369.95	0.00	2052.55
49.40	-10133.24	0.00	2410.92
49.50	-9857.22	0.00	2761.41
49.60	-9542.23	0.00	3102.85
49.70	-9188.70	0.00	3434.10
49.80	-8797.16	0.00	3754.00
49.90	-8368.23	0.00	4061.41
50.00	-7902.67	0.00	4355.20
50.10	-7401.35	0.00	4634.24
50.20	-6865.31	0.00	4897.40
50.30	-6295.72	0.00	5143.58
50.40	-5693.94	0.00	5371.72
50.50	-5061.51	0.00	5580.74
50.60	-4400.16	0.00	5769.62
50.70	-3711.81	0.00	5937.38
50.80	-2998.59	0.00	6083.07
50.90	-2262.86	0.00	6205.78
51.00	-1507.18	0.00	6304.67
51.10	-734.31	0.00	6378.96
51.20	52.76	0.00	6427.94
51.30	850.82	0.00	6450.97
51.40	1656.50	0.00	6447.51
51.50	2466.20	0.00	6417.08
51.60	3276.17	0.00	6359.34
51.70	4082.50	0.00	6274.01
51.80	4881.13	0.00	6160.95
51.90	5667.91	0.00	6020.12
52.00	6438.59	0.00	5851.62
52.10	7188.84	0.00	5655.67
52.20	7914.33	0.00	5432.60
52.30	8610.72	0.00	5182.90
52.40	9273.71	0.00	4907.19
52.50	9899.07	0.00	4606.21
52.60	10482.68	0.00	4280.87
52.70	11020.57	0.00	3932.20
52.80	11508.95	0.00	3561.37
52.90	11944.25	0.00	3169.68
53.00	12323.16	0.00	2758.58
53.10	12642.65	0.00	2329.65
53.20	12900.03	0.00	1884.56
53.30	13092.94	0.00	1425.15
53.40	13224.38	0.00	953.33
53.50	13306.04	0.00	471.13
53.60	13337.66	0.00	-19.31
53.70	13318.39	0.00	-515.80
53.80	13247.47	0.00	-1016.03
53.90	13124.28	0.00	-1517.67
54.00	12948.28	0.00	-2018.30
54.10	12719.10	0.00	-2515.49
54.20	12436.49	0.00	-3006.76
54.30	12100.39	0.00	-3489.64
54.40	11710.88	0.00	-3961.63
54.50	11268.27	0.00	-4420.28
54.60	10773.07	0.00	-4863.13
54.70	10226.00	0.00	-5287.80
54.80	9628.07	0.00	-5691.95
54.90	8980.53	0.00	-6073.30
55.00	8284.90	0.00	-6429.68
55.10	7543.04	0.00	-6759.01
55.20	6757.09	0.00	-7059.31
55.30	5929.53	0.00	-7328.75
55.40	5063.15	0.00	-7565.63
55.50	4161.11	0.00	-7768.38
55.60	3226.87	0.00	-7935.63
55.70	2264.25	0.00	-8066.13
55.80	1277.40	0.00	-8158.86
55.90	270.76	0.00	-8212.97
56.00	-750.89	0.00	-8227.78
56.10	-1782.52	0.00	-8202.85
56.20	-2818.83	0.00	-8137.92
56.30	-3854.32	0.00	-8032.95
56.40	-4883.26	0.00	-7888.12
56.50	-5899.81	0.00	-7703.81
56.60	-6897.99	0.00	-7480.61
56.70	-7871.79	0.00	-7219.34
56.80	-8815.16	0.00	-6921.03
56.90	-9722.09	0.00	-6586.89
57.00	-10586.70	0.00	-6218.35
57.10	-11403.20	0.00	-5817.04
57.20	-12166.05	0.00	-5384.77
57.30	-12869.95	0.00	-4923.53
57.40	-13509.89	0.00	-4435.49
57.50	-14081.25	0.00	-3922.95
57.60	-14579.81	0.00	-3388.38
57.70	-15001.81	0.00	-2834.39
57.80	-15343.96	0.00	-2263.69
57.90	-15603.53	0.00	-1679.12
58.00	-15778.35	0.00	-1083.59
58.10	-15867.56	0.00	-480.09
58.20	-15888.55	0.00	128.31
58.30	-15848.95	0.00	738.53
58.40	-15748.47	0.00	1347.45
58.50	-15586.98	0.00	1951.93
58.60	-15364.46	0.00	2548.86
58.70	-15081.05	0.00	3135.14
58.80	-14737.03	0.00	3707.74
58.90	-14332.87	0.00	4263.67
59.00	-13869.22	0.00	4800.04
59.10	-13346.94	0.00	5314.03
59.20	-12767.12	0.00	5802.97
59.30	-12131.07	0.00	6264.30
59.40	-11440.40	0.00	6695.61
59.50	-10696.98	0.00	7094.65
59.60	-9902.98	0.00	7459.34
59.70	-9060.89	0.00	7787.81
59.80	-8173.52	0.00	8078.34
59.90	-7244.01	0.00	8329.48
60.00	-6275.83	0.00	8539.94
60.10	-5272.80	0.00	8708.70
60.20	-4239.07	0.00	8834.95
60.30	-3179.10	0.00	8918.11
60.40	-2097.67	0.00	8957.86
60.50	-999.84	0.00	8954.09
60.60	109.07	0.00	8906.97
60.70	1223.48	0.00	8816.86
60.80	2337.65	0.00	8684.41
60.90	3445.65	0.00	8510.44
61.00	4541.45	0.00	8296.04
61.10	5618.95	0.00	8042.50
61.20	6672.01	0.00	7751.30
61.30	7694.54	0.00	7424.13
61.40	8680.54	0.00	7062.86
61.50	9624.13	0.00	6669.52
61.60	10519.64	0.00	6246.30
61.70	11361.64	0.00	5795.53
61.80	12144.99	0.00	5319.65
61.90	12864.91	0.00	4821.21
62.00	13517.01	0.00	4302.85
62.10	14097.32	0.00	3767.27
62.20	14602.37	0.00	3217.24
62.30	15029.18	0.00	2655.53
62.40	15375.29	0.00	2084.96
62.50	15638.81	0.00	1508.32
62.60	15818.43	0.00	928.40
62.70	15913.38	0.00	347.94
62.80	15923.51	0.00	-230.37
62.90	15859.47	0.00	-803.89
63.00	15738.62	0.00	-1370.08
63.10	15561.84	0.00	-1926.47
63.20	15329.85	0.00	-2470.72
63.30	15043.44	0.00	-3000.58
63.40	14703.47	0.00	-3513.92
63.50	14310.90	0.00	-4008.76
63.60	13866.75	0.00	-4483.22
63.70	13372.17	0.00	-4935.60
63.80	12828.40	0.00	-5364.30
63.90	12236.79	0.00	-5767.88
64.00	11598.85	0.00	-6145.05
64.10	10916.19	0.00	-6494.65
64.20	10190.60	0.00	-6815.65
64.30	9424.05	0.00	-7107.18
64.40	8618.64	0.00	-7368.48
64.50	7776.69	0.00	-7598.93
64.60	6900.71	0.00	-7798.02
64.70	5993.40	0.00	-7965.38
64.80	5057.67	0.00	-8100.71
64.90	4096.62	0.00	-8203.86
65.00	3113.59	0.00	-8274.74
65.10	2112.11	0.00	-8313.37
65.20	1095.89	0.00	-8319.84
65.30	68.87	0.00	-8294.35
65.40	-964.84	0.00	-8237.14
65.50	-2000.98	0.00	-8148.54
65.60	-3035.09	0.00	-8028.93
65.70	-4062.62	0.00	-7878.77
65.80	-5078.85	0.00	-7698.57
65.90	-6079.01	0.00	-7488.90
66.00	-7058.23	0.00	-7250.38
66.10	-8011.61	0.00	-6983.70
66.20	-8934.24	0.00	-6689.61
66.30	-9821.20	0.00	-6368.90
66.40	-10667.65	0.00	-6022.44
66.50	-11468.83	0.00	-5651.14
66.60	-12220.08	0.00	-5256.02
66.70	-12916.92	0.00	-4838.12
66.80	-13555.04	0.00	-4398.59
66.90	-14130.38	0.00	-3938.64
67.00	-14639.12	0.00	-3459.57
67.10	-15077.75	0.00	-2962.76
67.20	-15443.09	0.00	-2449.69
67.30	-15732.34	0.00	-1921.91
67.40	-15943.06	0.00	-1381.09
67.50	-16073.27	0.00	-828.97
67.60	-16131.98	0.00	-267.41
67.70	-16135.32	0.00	301.65
67.80	-16082.67	0.00	876.16
67.90	-15973.20	0.00	1453.99
68.00	-15806.11	0.00	2032.93
68.10	-15580.64	0.00	2610.65
68.20	-15296.09	0.00	3184.78
68.30	-14951.83	0.00	3752.86
68.40	-14547.39	0.00	4312.38
68.50	-14082.38	0.00	4860.76
68.60	-13556.62	0.00	5395.40
68.70	-12970.12	0.00	5913.68
68.80	-12323.13	0.00	6412.93
68.90	-11616.16	0.00	6890.54
69.00	-10850.04	0.00	7343.86
69.10	-10025.94	0.00	7770.32
69.20	-9145.37	0.00	8167.38
69.30	-8210.28	0.00	8532.59
69.40	-7223.01	0.00	8863.58
69.50	-6186.37	0.00	9158.08
69.60	-5103.63	0.00	9413.97
69.70	-3978.54	0.00	9629.26
69.80	-2815.34	0.00	9802.13
69.90	-1618.75	0.00	9930.93
70.00	-393.97	0.00	10014.23
70.10	853.32	0.00	10050.80
70.20	2117.01	0.00	10039.63
70.30	3390.55	0.00	9979.97
70.40	4667.03	0.00	9871.31
70.50	5939.18	0.00	9713.39
70.60	7199.45	0.00	9506.26
70.70	8440.08	0.00	9250.20
70.80	9653.11	0.00	8945.80
70.90	10830.50	0.00	8593.93
71.00	11964.20	0.00	8195.73
71.10	13046.19	0.00	7752.65
71.20	14068.60	0.00	7266.37
71.30	15023.78	0.00	6738.89
71.40	15904.38	0.00	6172.45
71.50	16703.44	0.00	5569.54
71.60	17414.44	0.00	4932.90
71.70	18031.42	0.00	4265.49
71.80	18549.03	0.00	3570.49
71.90	18962.59	0.00	2851.26
72.00	19268.16	0.00	2111.35
72.10	19463.98	0.00	1354.45
72.20	19576.18	0.00	584.40
72.30	19614.71	0.00	-194.89
72.40	19578.66	0.00	-979.37
72.50	19467.19	0.00	-1764.96
72.60	19279.58	0.00	-2547.54
72.70	19015.20	0.00	-3322.97
72.80	18673.59	0.00	-4087.13
72.90	18254.42	0.00	-4835.93
73.00	17757.56	0.00	-5565.35
73.10	17183.12	0.00	-6271.45
73.20	16531.43	0.00	-6950.40
73.30	15803.15	0.00	-7598.51
73.40	14999.23	0.00	-8212.25
73.50	14121.02	0.00	-8788.24
73.60	13170.26	0.00	-9323.34
73.70	12149.13	0.00	-9814.58
73.80	11060.30	0.00	-10259.24
73.90	9906.91	0.00	-10654.87
74.00	8692.64	0.00	-10999.24
74.10	7421.71	0.00	-11290.43
74.20	6098.90	0.00	-11526.78
74.30	4729.53	0.00	-11706.93
74.40	3319.47	0.00	-11829.84
74.50	1875.14	0.00	-11894.75
74.60	403.45	0.00	-11901.21
74.70	-1088.19	0.00	-11849.09
74.80	-2591.92	0.00	-11738.57
74.90	-4099.51	0.00	-11570.13
75.00	-5602.37	0.00	-11344.56
75.10	-7091.65	0.00	-11062.94
75.20	-8558.30	0.00	-10726.66
75.30	-9993.13	0.00	-10337.37
75.40	-11386.92	0.00	-9896.99
75.50	-12730.50	0.00	-9407.73
75.60	-14014.81	0.00	-8872.02
75.70	-15231.04	0.00	-8292.53
75.80	-16370.68	0.00	-7672.14
75.90	-17425.63	0.00	-7013.95
76.00	-18388.27	0.00	-6321.23
76.10	-19251.57	0.00	-5597.42
76.20	-20009.13	0.00	-4846.12
76.30	-20655.30	0.00	-4071.03
76.40	-21185.19	0.00	-3275.98
76.50	-21594.77	0.00	-2464.89
76.60	-21880.87	0.00	-1641.75
76.70	-22041.28	0.00	-810.57
76.80	-22093.75	0.00	24.56
76.90	-22070.79	0.00	859.60
77.00	-21972.89	0.00	1690.47
77.10	-21799.95	0.00	2513.16
77.20	-21551.92	0.00	3323.69
77.30	-21228.76	0.00	4118.15
77.40	-20830.46	0.00	4892.72
77.50	-20357.15	0.00	5643.70
77.60	-19809.01	0.00	6367.50
77.70	-19186.41	0.00	7060.67
77.80	-18489.88	0.00	7719.91
77.90	-17720.20	0.00	8342.10
78.00	-16878.41	0.00	8924.30
78.10	-15965.84	0.00	9463.76
78.20	-14984.20	0.00	9957.95
78.30	-13935.59	0.00	10404.56
78.40	-12822.51	0.00	10801.50
78.50	-11647.94	0.00	11146.93
78.60	-10415.35	0.00	11439.25
78.70	-9128.70	0.00	11677.11
78.80	-7792.48	0.00	11859.45
78.90	-6411.68	0.00	11985.44
79.00	-4991.86	0.00	12054.54
79.10	-3539.03	0.00	12066.49
79.20	-2059.76	0.00	12021.29
79.30	-561.03	0.00	11919.23
79.40	949.71	0.00	11760.86
79.50	2464.67	0.00	11547.03
79.60	3975.69	0.00	11278.85
79.70	5474.37	0.00	10957.68
79.80	6952.09	0.00	10585.17
79.90	8400.11	0.00	10163.22
80.00	9809.65	0.00	9693.98
80.10	11171.96	0.00	9179.83
80.20	12478.40	0.00	8623.42
80.30	13720.57	0.00	8027.56
80.40	14890.35	0.00	7395.32
80.50	15979.99	0.00	6729.95
80.60	16982.23	0.00	6034.86
80.70	17890.37	0.00	5313.64
80.80	18698.30	0.00	4570.03
80.90	19400.65	0.00	3807.88
81.00	19992.79	0.00	3031.17
81.10	20470.90	0.00	2243.93
81.20	20832.03	0.00	1450.30
81.30	21074.13	0.00	654.41
81.40	21196.05	0.00	-139.54
81.50	21197.59	0.00	-927.40
81.60	21081.12	0.00	-1705.03
81.70	20881.19	0.00	-2468.34
81.80	20611.93	0.00	-3213.35
81.90	20274.35	0.00	-3936.15
82.00	19869.57	0.00	-4632.98
82.10	19398.80	0.00	-5300.24
82.20	18863.41	0.00	-5934.49
82.30	18264.92	0.00	-6532.52
82.40	17605.03	0.00	-7091.31
82.50	16885.66	0.00	-7608.13
82.60	16108.99	0.00	-8080.45
82.70	15277.42	0.00	-8506.09
82.80	14393.68	0.00	-8883.11
82.90	13460.76	0.00	-9209.91
83.00	12482.01	0.00	-9485.21
83.10	11461.07	0.00	-9708.04
83.20	10401.92	0.00	-9877.79
83.30	9308.87	0.00	-9994.17
83.40	8186.54	0.00	-10057.24
83.50	7039.85	0.00	-10067.39
83.60	5874.01	0.00	-10025.35
83.70	4694.44	0.00	-9932.19
83.80	3506.83	0.00	-9789.27
83.90	2317.00	0.00	-9598.27
84.00	1130.91	0.00	-9361.15
84.10	-45.40	0.00	-9080.16
84.20	-1205.86	0.00	-8757.77
84.30	-2344.44	0.00	-8396.72
84.40	-3455.21	0.00	-7999.92
84.50	-4532.36	0.00	-7570.48
84.60	-5570.30	0.00	-7111.67
84.70	-6563.71	0.00	-6626.87
84.80	-7507.56	0.00	-6119.58
84.90	-8397.20	0.00	-5593.35
85.00	-9228.39	0.00	-5051.79
85.10	-9997.33	0.00	-4498.51
85.20	-10700.73	0.00	-3937.13
85.30	-11335.78	0.00	-3371.19
85.40	-11900.23	0.00	-2804.20
85.50	-12392.37	0.00	-2239.55
85.60	-12811.06	0.00	-1680.52
85.70	-13155.70	0.00	-1130.26
85.80	-13426.27	0.00	-591.74
85.90	-13623.28	0.00	-67.78
86.00	-13747.75	0.00	439.02
86.10	-13801.22	0.00	926.25
86.20	-13785.69	0.00	1391.72
86.30	-13703.60	0.00	1833.49
86.40	-13557.77	0.00	2249.82
86.50	-13351.38	0.00	2639.24
86.60	-13087.95	0.00	3000.49
86.70	-12771.23	0.00	3332.58
86.80	-12407.47	0.00	3634.73
86.90	-12012.84	0.00	3906.41
87.00	-11592.03	0.00	4147.30
87.10	-11147.66	0.00	4357.33
87.20	-10682.34	0.00	4536.58
87.30	-10198.61	0.00	4685.39
87.40	-9699.00	0.00	4804.24
87.50	-9185.97	0.00	4893.79
87.60	-8661.96	0.00	4954.87
87.70	-8129.32	0.00	4988.43
87.80	-7590.36	0.00	4995.57
87.90	-7047.32	0.00	4977.48
88.00	-6502.37	0.00	4935.47
88.10	-5957.62	0.00	4870.91
88.20	-5415.08	0.00	4785.24
88.30	-4876.71	0.00	4679.98
88.40	-4344.37	0.00	4556.66
88.50	-3819.82	0.00	4416.84
88.60	-3304.73	0.00	4262.12
88.70	-2800.70	0.00	4094.09
88.80	-2309.20	0.00	3914.34
88.90	-1831.60	0.00	3724.43
89.00	-1369.18	0.00	3525.92
89.10	-923.09	0.00	3320.33
89.20	-494.39	0.00	3109.16
89.30	-83.99	0.00	2893.84
89.40	307.28	0.00	2675.78
89.50	678.73	0.00	2456.33
89.60	1029.78	0.00	2236.79
89.70	1359.97	0.00	2018.41
89.80	1668.98	0.00	1802.36
89.90	1956.58	0.00	1589.78
90.00	2222.69	0.00	1381.73
90.10	2467.31	0.00	1179.21
90.20	2690.60	0.00	983.15
90.30	2892.81	0.00	794.42
90.40	3074.29	0.00	613.83
90.50	3235.52	0.00	442.11
90.60	3377.07	0.00	279.93
90.70	3499.62	0.00	127.89
90.80	3603.93	0.00	-13.50
90.90	3690.85	0.00	-143.77
91.00	3761.31	0.00	-262.55
91.10	3816.31	0.00	-369.52
91.20	3856.93	0.00	-464.47
91.30	3884.28	0.00	-547.24
91.40	3899.53	0.00	-617.74
91.50	3903.88	0.00	-675.99
91.60	3898.58	0.00	-722.06
91.70	3884.87	0.00	-756.11
91.80	3864.01	0.00	-778.38
91.90	3837.24	0.00	-789.18
92.00	3805.81	0.00	-788.89
92.10	3770.92	0.00	-778.00
92.20	3733.76	0.00	-757.03
92.30	3695.44	0.00	-726.59
92.40	3657.05	0.00	-687.35
92.50	3619.58	0.00	-640.05
92.60	3583.97	0.00	-585.48
92.70	3551.05	0.00	-524.49
92.80	3521.60	0.00	-457.97
92.90	3496.25	0.00	-386.84
93.00	3475.56	0.00	-312.07
93.10	3459.97	0.00	-234.65
93.20	3449.82	0.00	-155.58
93.30	3445.30	0.00	-75.87
93.40	3446.51	0.00	3.45
93.50	3453.43	0.00	81.39
93.60	3465.91	0.00	156.96
93.70	3483.69	0.00	229.18
93.80	3506.39	0.00	297.14
93.90	3534.13	0.00	359.95
94.00	3567.08	0.00	416.76
94.10	3604.59	0.00	466.81
94.20	3645.93	0.00	509.37
94.30	3690.30	0.00	543.80
94.40	3736.81	0.00	569.55
94.50	3784.54	0.00	586.12
94.60	3832.48	0.00	593.12
94.70	3879.61	0.00	590.25
94.80	3924.87	0.00	577.28
94.90	3967.17	0.00	554.10
95.00	4005.41	0.00	520.69
95.10	4038.48	0.00	477.10
95.20	4065.29	0.00	423.51
95.30	4084.76	0.00	360.16
95.40	4095.83	0.00	287.39
95.50	4097.49	0.00	205.64
95.60	4088.76	0.00	115.39
95.70	4068.72	0.00	17.24
95.80	4036.51	0.00	-88.18
95.90	3991.34	0.00	-200.14
96.00	3932.47	0.00	-317.88
96.10	3859.29	0.00	-440.59
96.20	3771.22	0.00	-567.41
96.30	3667.81	0.00	-697.45
96.40	3548.69	0.00	-829.79
96.50	3413.59	0.00	-963.51
96.60	3262.34	0.00	-1097.64
96.70	3094.89	0.00	-1231.25
96.80	2911.27	0.00	-1363.40
96.90	2711.63	0.00	-1493.15
97.00	2496.23	0.00	-1619.60
97.10	2265.43	0.00	-1741.86
97.20	2019.71	0.00	-1859.09
97.30	1759.63	0.00	-1970.46
97.40	1485.87	0.00	-2075.21
97.50	1199.21	0.00	-2172.62
97.60	900.51	0.00	-2262.02
97.70	590.74	0.00	-2342.80
97.80	270.95	0.00	-2414.40
97.90	-57.74	0.00	-2476.35
98.00	-394.11	0.00	-2528.20
98.10	-736.90	0.00	-2569.62
98.20	-1084.75	0.00	-2600.29
98.30	-1436.27	0.00	-2620.02
98.40	-1790.03	0.00	-2628.63
98.50	-2144.54	0.00	-2626.04
98.60	-2498.28	0.00	-2612.24
98.70	-2849.73	0.00	-2587.26
98.80	-3197.32	0.00	-2551.23
98.90	-3539.52	0.00	-2504.30
99.00	-3874.77	0.00	-2446.71
99.10	-4201.54	0.00	-2378.75
99.20	-4518.33	0.00	-2300.75
99.30	-4823.66	0.00	-2213.10
99.40	-5116.10	0.00	-2116.24
99.50	-5394.28	0.00	-2010.64
99.60	-5656.87	0.00	-1896.80
99.70	-5902.64	0.00	-1775.28
99.80	-6130.41	0.00	-1646.66
99.90	-6339.09	0.00	-1511.51
100.00	-6527.68	0.00	-1370.46
100.10	-6695.29	0.00	-1224.14
100.20	-6841.10	0.00	-1073.19
100.30	-6964.43	0.00	-918.25
100.40	-7064.68	0.00	-759.96
100.50	-7141.37	0.00	-598.97
100.60	-7194.13	0.00	-435.90
100.70	-7224.85	0.00	-271.39
100.80	-7236.83	0.00	-106.02
100.90	-7230.07	0.00	59.61
101.00	-7204.58	0.00	224.93
101.10	-7160.40	0.00	389.41
101.20	-7097.61	0.00	552.52
101.30	-7016.32	0.00	713.79
101.40	-6916.68	0.00	872.76
101.50	-6798.87	0.00	1028.99
101.60	-6663.08	0.00	1182.08
101.70	-6509.57	0.00	1331.67
101.80	-6338.58	0.00	1477.42
101.90	-6150.40	0.00	1619.01
102.00	-5945.35	0.00	1756.16
102.10	-5723.75	0.00	1888.61
102.20	-5485.98	0.00	2016.11
102.30	-5232.43	0.00	2138.44
102.40	-4963.49	0.00	2255.41
102.50	-4679.62	0.00	2366.81
102.60	-4381.29	0.00	2472.48
102.70	-4069.00	0.00	2572.24
102.80	-3743.28	0.00	2665.93
102.90	-3404.70	0.00	2753.37
103.00	-3053.86	0.00	2834.40
103.10	-2691.43	0.00	2908.85
103.20	-2318.07	0.00	2976.55
103.30	-1934.54	0.00	3037.30
103.40	-1541.62	0.00	3090.92
103.50	-1140.15	0.00	3137.19
103.60	-731.01	0.00	3175.90
103.70	-315.18	0.00	3206.81
103.80	106.35	0.00	3229.70
103.90	532.50	0.00	3244.29
104.00	962.12	0.00	3250.34
104.10	1394.01	0.00	3247.58
104.20	1826.91	0.00	3235.74
104.30	2259.47	0.00	3214.54
104.40	2690.31	0.00	3183.71
104.50	3117.96	0.00	3143.00
104.60	3540.90	0.00	3092.17
104.70	3957.57	0.00	3030.96
104.80	4366.33	0.00	2959.19
104.90	4765.54	0.00	2876.67
105.00	5153.49	0.00	2783.24
105.10	5528.45	0.00	2678.80
105.20	5888.68	0.00	2563.29
105.30	6232.44	0.00	2436.70
105.40	6557.96	0.00	2299.05
105.50	6863.54	0.00	2150.45
105.60	7147.45	0.00	1991.07
105.70	7408.04	0.00	1821.13
105.80	7643.71	0.00	1640.95
105.90	7852.92	0.00	1450.88
106.00	8034.23	0.00	1251.40
106.10	8186.29	0.00	1043.02
106.20	8307.86	0.00	826.36
106.30	8397.82	0.00	602.10
106.40	8455.21	0.00	371.01
106.50	8480.22	0.00	133.92
106.60	8478.01	0.00	-108.26
106.70	8448.96	0.00	-354.55
106.80	8392.61	0.00	-603.91
106.90	8308.59	0.00	-855.23
107.00	8196.59	0.00	-1107.37
107.10	8056.40	0.00	-1359.12
107.20	7887.91	0.00	-1609.24
107.30	7691.12	0.00	-1856.46
107.40	7466.13	0.00	-2099.49
107.50	7213.18	0.00	-2337.01
107.60	6932.61	0.00	-2567.70
107.70	6624.92	0.00	-2790.27
107.80	6290.74	0.00	-3003.41
107.90	5930.84	0.00	-3205.84
108.00	5546.13	0.00	-3396.34
108.10	5137.70	0.00	-3573.69
108.20	4706.76	0.00	-3736.75
108.30	4254.71	0.00	-3884.45
108.40	3783.08	0.00	-4015.76
108.50	3293.56	0.00	-4129.75
108.60	2788.00	0.00	-4225.59
108.70	2268.38	0.00	-4302.51
108.80	1736.83	0.00	-4359.87
108.90	1195.61	0.00	-4397.13
109.00	647.10	0.00	-4413.86
109.10	93.78	0.00	-4409.75
109.20	-461.76	0.00	-4384.62
109.30	-1016.86	0.00	-4338.40
109.40	-1568.78	0.00	-4271.17
109.50	-2114.76	0.00	-4183.12
109.60	-2652.00	0.00	-4074.56
109.70	-3177.68	0.00	-3945.96
109.80	-3689.01	0.00	-3797.89
109.90	-4183.24	0.00	-3631.05
110.00	-4657.67	0.00	-3446.25
110.10	-5109.67	0.00	-3244.43
110.20	-5536.75	0.00	-3026.64
110.30	-5936.49	0.00	-2794.02
110.40	-6306.68	0.00	-2547.80
110.50	-6645.21	0.00	-2289.32
110.60	-6950.21	0.00	-2019.98
110.70	-7219.98	0.00	-1741.25
110.80	-7453.05	0.00	-1454.66
110.90	-7648.19	0.00	-1161.81
111.00	-7804.38	0.00	-864.31
111.10	-7920.89	0.00	-563.79
111.20	-7997.23	0.00	-261.94
111.30	-8033.18	0.00	39.60
111.40	-8028.78	0.00	339.15
111.50	-7984.33	0.00	635.09
111.60	-7900.40	0.00	925.80
111.70	-7779.69	0.00	1209.72
111.80	-7627.61	0.00	1485.32
111.90	-7445.22	0.00	1751.15
112.00	-7233.53	0.00	2005.82
112.10	-6993.64	0.00	2248.04
112.20	-6726.80	0.00	2476.58
112.30	-6434.36	0.00	2690.32
112.40	-6117.76	0.00	2888.24
112.50	-5778.57	0.00	3069.42
112.60	-5418.45	0.00	3233.08
112.70	-5039.15	0.00	3378.52
112.80	-4642.50	0.00	3505.18
112.90	-4230.44	0.00	3612.61
113.00	-3804.94	0.00	3700.50
113.10	-3368.06	0.00	3768.64
113.20	-2921.89	0.00	3816.96
113.30	-2468.60	0.00	3845.49
113.40	-2010.35	0.00	3854.40
113.50	-1549.35	0.00	3843.94
113.60	-1087.81	0.00	3814.51
113.70	-627.93	0.00	3766.57
113.80	-171.90	0.00	3700.70
113.90	278.11	0.00	3617.58
114.00	719.99	0.00	3517.96
114.10	1151.65	0.00	3402.65
114.20	1571.11	0.00	3272.57
114.30	1976.42	0.00	3128.68
114.40	2365.77	0.00	2971.97
114.50	2737.39	0.00	2803.51
114.60	3089.68	0.00	2624.40
114.70	3421.12	0.00	2435.75
114.80	3730.33	0.00	2238.72
114.90	4016.07	0.00	2034.44
115.00	4277.22	0.00	1824.10
115.10	4512.84	0.00	1608.84
115.20	4722.11	0.00	1389.82
115.30	4904.38	0.00	1168.18
115.40	5059.16	0.00	945.02
115.50	5186.09	0.00	721.45
115.60	5284.99	0.00	498.52
115.70	5355.82	0.00	277.26
115.80	5398.70	0.00	58.65
115.90	5413.88	0.00	-156.37
116.00	5401.77	0.00	-366.89
116.10	5362.89	0.00	-572.08
116.20	5297.91	0.00	-771.12
116.30	5207.61	0.00	-963.28
116.40	5093.58	0.00	-1147.84
116.50	4958.74	0.00	-1324.17
116.60	4804.09	0.00	-1491.67
116.70	4630.54	0.00	-1649.81
116.80	4439.05	0.00	-1798.09
116.90	4230.62	0.00	-1936.07
117.00	4006.32	0.00	-2063.38
117.10	3767.22	0.00	-2179.67
117.20	3514.45	0.00	-2284.66
117.30	3249.17	0.00	-2378.09
117.40	2972.59	0.00	-2459.79
117.50	2685.94	0.00	-2529.60
117.60	2390.46	0.00	-2587.41
117.70	2087.45	0.00	-2633.16
117.80	1778.21	0.00	-2666.82
117.90	1464.09	0.00	-2688.43
118.00	1146.42	0.00	-2698.02
118.10	826.59	0.00	-2695.70
118.20	505.95	0.00	-2681.61
118.30	185.91	0.00	-2655.91
118.40	-132.16	0.00	-2618.80
118.50	-446.87	0.00	-2570.54
118.60	-756.83	0.00	-2511.39
118.70	-1060.68	0.00	-2441.68
118.80	-1357.06	0.00	-2361.75
118.90	-1644.66	0.00	-2271.97
119.00	-1922.16	0.00	-2172.77
119.10	-2188.32	0.00	-2064.58
119.20	-2441.90	0.00	-1947.90
119.30	-2681.75	0.00	-1823.23
119.40	-2906.75	0.00	-1691.11
119.50	-3115.84	0.00	-1552.13
119.60	-3308.05	0.00	-1406.87
119.70	-3482.47	0.00	-1255.97
119.80	-3638.27	0.00	-1100.09
119.90	-3774.73	0.00	-939.91
120.00	-3891.19	0.00	-776.13
120.10	-3987.11	0.00	-609.47
120.20	-4062.05	0.00	-440.69
120.30	-4115.67	0.00	-270.54
120.40	-4147.75	0.00	-99.79
120.50	-4158.17	0.00	70.77
120.60	-4147.60	0.00	240.37
120.70	-4117.31	0.00	408.21
120.80	-4067.50	0.00	573.49
120.90	-3998.42	0.00	735.45
121.00	-3910.42	0.00	893.31
121.10	-3803.90	0.00	1046.30
121.20	-3679.37	0.00	1193.69
121.30	-3537.40	0.00	1334.76
121.40	-3378.65	0.00	1468.82
121.50	-3203.85	0.00	1595.21
121.60	-3013.80	0.00	1713.32
121.70	-2809.39	0.00	1822.55
121.80	-2591.59	0.00	1922.38
121.90	-2361.40	0.00	2012.32
122.00	-2119.93	0.00	2091.94
122.10	-1868.31	0.00	2160.86
122.20	-1607.77	0.00	2218.76
122.30	-1339.56	0.00	2265.38
122.40	-1064.98	0.00	2300.53
122.50	-785.39	0.00	2324.09
122.60	-502.14	0.00	2336.00
122.70	-216.65	0.00	2336.26
122.80	69.66	0.00	2324.96
122.90	355.37	0.00	2302.24
123.00	639.06	0.00	2268.32
123.10	919.30	0.00	2223.48
123.20	1194.70	0.00	2168.05
123.30	1463.88	0.00	2102.46
123.40	1725.51	0.00	2027.15
123.50	1978.30	0.00	1942.67
123.60	2221.01	0.00	1849.57
123.70	2452.45	0.00	1748.47
123.80	2671.54	0.00	1640.05
123.90	2877.24	0.00	1524.99
124.00	3068.60	0.00	1404.03
124.10	3244.78	0.00	1277.92
124.20	3405.02	0.00	1147.44
124.30	3548.66	0.00	1013.37
124.40	3675.16	0.00	876.53
124.50	3784.06	0.00	737.69
124.60	3875.04	0.00	597.66
124.70	3947.87	0.00	457.22
124.80	4002.42	0.00	317.12
124.90	4038.70	0.00	178.13
125.00	4056.79	0.00	40.93
125.10	4057.66	0.00	-93.77
125.20	4042.61	0.00	-225.34
125.30	4011.99	0.00	-353.17
125.40	3966.23	0.00	-476.72
125.50	3905.80	0.00	-595.47
125.60	3831.22	0.00	-708.98
125.70	3743.06	0.00	-816.82
125.80	3641.93	0.00	-918.67
125.90	3528.48	0.00	-1014.23
126.00	3403.38	0.00	-1103.27
126.10	3267.32	0.00	-1185.61
126.20	3121.03	0.00	-1261.12
126.30	2965.24	0.00	-1329.74
126.40	2800.68	0.00	-1391.46
126.50	2628.12	0.00	-1446.30
126.60	2448.30	0.00	-1494.35
126.70	2261.96	0.00	-1535.74
126.80	2069.85	0.00	-1570.62
126.90	1872.70	0.00	-1599.21
127.00	1671.21	0.00	-1621.73
127.10	1466.10	0.00	-1638.44
127.20	1258.03	0.00	-1649.64
127.30	1047.67	0.00	-1655.62
127.40	835.65	0.00	-1656.70
127.50	622.58	0.00	-1653.21
127.60	409.04	0.00	-1645.48
127.70	195.60	0.00	-1633.83
127.80	-17.23	0.00	-1618.60
127.90	-228.93	0.00	-1600.11
128.00	-439.03	0.00	-1578.65
128.10	-647.07	0.00	-1554.51
128.20	-852.63	0.00	-1527.97
128.30	-1055.29	0.00	-1499.26
128.40	-1254.68	0.00	-1468.61
128.50	-1450.43	0.00	-1436.22
128.60	-1642.18	0.00	-1402.23
128.70	-1829.60	0.00	-1366.79
128.80	-2012.36	0.00	-1329.99
128.90	-2190.16	0.00	-1291.90
129.00	-2362.69	0.00	-1252.55
129.10	-2529.63	0.00	-1211.94
129.20	-2690.69	0.00	-1170.05
129.30	-2845.57	0.00	-1126.81
129.40	-2993.96	0.00	-1082.14
129.50	-3135.55	0.00	-1035.91
129.60	-3270.02	0.00	-988.00
129.70	-3397.05	0.00	-938.24
129.80	-3516.30	0.00	-886.45
129.90	-3627.42	0.00	-832.44
130.00	-3730.06	0.00	-776.01
130.10	-3823.84	0.00	-716.95
130.20	-3908.39	0.00	-655.04
130.30	-3983.31	0.00	-590.09
130.40	-4048.20	0.00	-521.89
130.50	-4102.66	0.00	-450.25
130.60	-4146.58	0.00	-375.01
130.70	-4180.94	0.00	-296.01
130.80	-4205.51	0.00	-213.13
130.90	-4219.89	0.00	-126.29
131.00	-4223.67	0.00	-35.43
131.10	-4216.45	0.00	59.46
131.20	-4197.78	0.00	158.35
131.30	-4167.25	0.00	261.15
131.40	-4124.43	0.00	367.73
131.50	-4068.91	0.00	477.91
131.60	-4000.29	0.00	591.42
131.70	-3918.20	0.00	707.97
131.80	-3822.27	0.00	827.18
131.90	-3712.20	0.00	948.62
132.00	-3587.72	0.00	1071.80
132.10	-3448.60	0.00	1196.16
132.20	-3294.68	0.00	1321.08
132.30	-3125.86	0.00	1445.90
132.40	-2942.12	0.00	1569.87
132.50	-2743.52	0.00	1692.23
132.60	-2530.19	0.00	1812.15
132.70	-2302.39	0.00	1928.76
132.80	-2060.46	0.00	2041.17
132.90	-1804.85	0.00	2148.44
133.00	-1536.14	0.00	2249.63
133.10	-1255.00	0.00	2343.79
133.20	-962.26	0.00	2429.95
133.30	-658.84	0.00	2507.16
133.40	-345.80	0.00	2574.50
133.50	-24.33	0.00	2631.05
133.60	304.27	0.00	2675.96
133.70	638.56	0.00	2708.39
133.80	976.99	0.00	2727.60
133.90	1317.92	0.00	2732.89
134.00	1659.60	0.00	2723.65
134.10	2000.16	0.00	2699.37
134.20	2337.70	0.00	2659.62
134.30	2670.21	0.00	2604.09
134.40	2995.66	0.00	2532.57
134.50	3311.97	0.00	2444.99
134.60	3617.04	0.00	2341.40
134.70	3908.77	0.00	2221.96
134.80	4185.09	0.00	2087.00
134.90	4443.97	0.00	1936.96
135.00	4683.43	0.00	1772.42
135.10	4901.57	0.00	1594.11
135.20	5096.62	0.00	1402.88
135.30	5266.90	0.00	1199.72
135.40	5410.88	0.00	985.73
135.50	5527.20	0.00	762.14
135.60	5614.68	0.00	530.29
135.70	5672.33	0.00	291.61
135.80	5699.35	0.00	47.63
135.90	5695.21	0.00	-200.03
136.00	5661.45	0.00	-449.72
136.10	5599.50	0.00	-699.69
136.20	5509.37	0.00	-948.20
136.30	5391.23	0.00	-1193.46
136.40	5245.44	0.00	-1433.67
136.50	5072.55	0.00	-1667.06
136.60	4873.27	0.00	-1891.86
136.70	4648.52	0.00	-2106.36
136.80	4399.39	0.00	-2308.89
136.90	4127.14	0.00	-2497.88
137.00	3833.24	0.00	-2671.80
137.10	3519.29	0.00	-2829.27
137.20	3187.09	0.00	-2969.00
137.30	2838.56	0.00	-3089.82
137.40	2475.80	0.00	-3190.71
137.50	2101.01	0.00	-3270.80
137.60	1716.54	0.00	-3329.37
137.70	1324.81	0.00	-3365.86
137.80	928.36	0.00	-3379.89
137.90	529.77	0.00	-3371.25
138.00	131.68	0.00	-3339.91
138.10	-263.23	0.00	-3285.99
138.20	-652.30	0.00	-3209.83
138.30	-1032.86	0.00	-3111.92
138.40	-1402.30	0.00	-2992.92
138.50	-1758.05	0.00	-2853.67
138.60	-2097.65	0.00	-2695.15
138.70	-2418.73	0.00	-2518.51
138.80	-2719.04	0.00	-2325.02
138.90	-2996.51	0.00	-2116.11
139.00	-3249.21	0.00	-1893.31
139.10	-3475.41	0.00	-1658.26
139.20	-3673.59	0.00	-1412.70
139.30	-3842.45	0.00	-1158.44
139.40	-3980.90	0.00	-897.36
139.50	-4088.12	0.00	-631.40
139.60	-4163.53	0.00	-362.52
139.70	-4206.80	0.00	-92.71
139.80	-4217.88	0.00	176.05
139.90	-4196.94	0.00	441.79
140.00	-4144.44	0.00	702.54
140.10	-4061.07	0.00	956.41
140.20	-3947.79	0.00	1201.56
140.30	-3805.77	0.00	1436.20
140.40	-3636.41	0.00	1658.65
140.50	-3441.74	0.00	1867.31
140.60	-3224.31	0.00	2060.70
140.70	-2985.88	0.00	2237.46
140.80	-2728.33	0.00	2396.35
140.90	-2453.65	0.00	2536.28
141.00	-2163.97	0.00	2656.32
141.10	-1861.52	0.00	2755.65
141.20	-1548.63	0.00	2833.66
141.30	-1227.69	0.00	2889.87
141.40	-901.18	0.00	2923.98
141.50	-571.60	0.00	2935.85
141.60	-241.49	0.00	2925.52
141.70	86.62	0.00	2893.17
141.80	410.17	0.00	2839.18
141.90	726.68	0.00	2764.06
142.00	1033.67	0.00	2668.49
142.10	1328.78	0.00	2553.31
142.20	1609.69	0.00	2419.49
142.30	1874.22	0.00	2268.14
142.40	2120.30	0.00	2100.48
142.50	2346.01	0.00	1917.86
142.60	2549.58	0.00	1721.75
142.70	2729.44	0.00	1513.67
142.80	2884.18	0.00	1295.27
142.90	3012.60	0.00	1068.23
143.00	3113.73	0.00	834.29
143.10	3187.36	0.00	595.23
143.20	3233.49	0.00	352.87
143.30	3251.87	0.00	109.02
143.40	3242.41	0.00	-134.52
143.50	3205.21	0.00	-375.94
143.60	3140.59	0.00	-613.49
143.70	3049.02	0.00	-845.47
143.80	2931.18	0.00	-1070.22
143.90	2787.91	0.00	-1286.18
144.00	2620.23	0.00	-1491.86
144.10	2429.33	0.00	-1685.88
144.20	2216.53	0.00	-1866.96
144.30	1983.33	0.00	-2033.96
144.40	1731.33	0.00	-2185.83
144.50	1462.29	0.00	-2321.69
144.60	1178.06	0.00	-2440.79
144.70	880.58	0.00	-2542.53
144.80	571.89	0.00	-2626.44
144.90	254.10	0.00	-2692.22
145.00	-70.63	0.00	-2739.73
145.10	-400.13	0.00	-2768.95
145.20	-732.16	0.00	-2780.03
145.30	-1064.53	0.00	-2773.25
145.40	-1395.03	0.00	-2749.04
145.50	-1721.50	0.00	-2707.96
145.60	-2041.82	0.00	-2650.69
145.70	-2353.95	0.00	-2578.00
145.80	-2655.91	0.00	-2490.80
145.90	-2945.85	0.00	-2390.08
146.00	-3222.00	0.00	-2276.89
146.10	-3482.74	0.00	-2152.36
146.20	-3726.57	0.00	-2017.68
146.30	-3952.15	0.00	-1874.06
146.40	-4158.27	0.00	-1722.75
146.50	-4343.92	0.00	-1565.00
146.60	-4508.22	0.00	-1402.06
146.70	-4650.55	0.00	-1235.16
146.80	-4771.98	0.00	-1065.50
146.90	-4872.99	0.00	-894.23
147.00	-4953.52	0.00	-722.44
147.10	-5013.60	0.00	-551.18
147.20	-5053.38	0.00	-381.38
147.30	-5073.13	0.00	-213.92
147.40	-5073.16	0.00	-49.57
147.50	-5053.89	0.00	111.00
147.60	-5015.77	0.00	267.22
147.70	-4959.34	0.00	418.62
147.80	-4885.16	0.00	564.85
147.90	-4793.80	0.00	705.65
148.00	-4685.88	0.00	840.88
148.10	-4562.02	0.00	970.50
148.20	-4422.82	0.00	1094.56
148.30	-4268.88	0.00	1213.18
148.40	-4100.78	0.00	1326.59
148.50	-3919.06	0.00	1435.08
148.60	-3724.25	0.00	1538.98
148.70	-3516.80	0.00	1638.69
148.80	-3297.16	0.00	1734.63
148.90	-3065.69	0.00	1827.26
149.00	-2822.73	0.00	1917.02
149.10	-2568.57	0.00	2004.37
149.20	-2303.45	0.00	2089.71
149.30	-2027.56	0.00	2173.46
149.40	-1741.07	0.00	2255.95
149.50	-1444.11	0.00	2337.45
149.60	-1136.79	0.00	2418.19
149.70	-819.20	0.00	2498.28
149.80	-491.47	0.00	2577.75
149.90	-153.69	0.00	2656.54
150.00	193.99	0.00	2734.47
150.10	551.38	0.00	2811.25
150.20	918.25	0.00	2886.48
150.30	1294.30	0.00	2959.63
150.40	1679.11	0.00	3030.07
150.50	2072.20	0.00	3097.05
150.60	2472.96	0.00	3159.72
150.70	2880.64	0.00	3217.11
150.80	3294.35	0.00	3268.20
150.90	3713.06	0.00	3311.86
151.00	4135.55	0.00	3346.89
151.10	4560.46	0.00	3372.06
151.20	4986.23	0.00	3386.10
151.30	5411.12	0.00	3387.71
151.40	5833.23	0.00	3375.59
151.50	6250.46	0.00	3348.48
151.60	6660.55	0.00	3305.15
151.70	7061.07	0.00	3244.42
151.80	7449.47	0.00	3165.20
151.90	7823.02	0.00	3066.49
152.00	8178.92	0.00	2947.44
152.10	8514.25	0.00	2807.30
152.20	8826.04	0.00	2645.51
152.30	9111.32	0.00	2461.65
152.40	9372.52	0.00	2255.51
152.50	9610.88	0.00	2027.08
152.60	9824.13	0.00	1776.55
152.70	10009.97	0.00	1504.34
152.80	10166.13	0.00	1211.10
152.90	10290.32	0.00	897.69
153.00	10380.32	0.00	565.22
153.10	10433.93	0.00	215.03
153.20	10449.06	0.00	-151.34
153.30	10423.70	0.00	-532.09
153.40	10355.97	0.00	-925.26
153.50	10244.12	0.00	-1328.66
153.60	10086.58	0.00	-1739.93
153.70	9881.96	0.00	-2156.55
153.80	9629.12	0.00	-2575.86
153.90	9327.11	0.00	-2995.07
154.00	8975.28	0.00	-3411.29
154.10	8573.27	0.00	-3821.59
154.20	8121.02	0.00	-4222.94
154.30	7618.80	0.00	-4612.35
154.40	7067.25	0.00	-4986.80
154.50	6467.36	0.00	-5343.31
154.60	5820.53	0.00	-5679.00
154.70	5128.54	0.00	-5991.05
154.80	4393.58	0.00	-6276.79
154.90	3618.27	0.00	-6533.67
155.00	2805.62	0.00	-6759.35
155.10	1959.05	0.00	-6951.67
155.20	1082.40	0.00	-7108.70
155.30	179.88	0.00	-7228.74
155.40	-743.95	0.00	-7310.37
155.50	-1684.16	0.00	-7352.42
155.60	-2635.54	0.00	-7354.04
155.70	-3592.58	0.00	-7314.66
155.80	-4549.57	0.00	-7234.01
155.90	-5500.60	0.00	-7112.14
156.00	-6439.63	0.00	-6949.41
156.10	-7360.52	0.00	-6746.49
156.20	-8257.14	0.00	-6504.34
156.30	-9123.37	0.00	-6224.24
156.40	-9953.21	0.00	-5907.74
156.50	-10740.81	0.00	-5556.66
156.60	-11480.53	0.00	-5173.08
156.70	-12167.03	0.00	-4759.32
156.80	-12795.29	0.00	-4317.91
156.90	-13360.69	0.00	-3851.58
157.00	-13859.08	0.00	-3363.23
157.10	-14286.75	0.00	-2855.90
157.20	-14640.56	0.00	-2332.76
157.30	-14917.92	0.00	-1797.07
157.40	-15116.84	0.00	-1252.14
157.50	-15235.93	0.00	-701.32
157.60	-15281.00	0.00	-147.99
157.70	-15269.52	0.00	404.51
157.80	-15202.66	0.00	952.88
157.90	-15080.82	0.00	1493.90
158.00	-14904.56	0.00	2024.43
158.10	-14674.63	0.00	2541.46
158.20	-14391.93	0.00	3042.11
158.30	-14057.53	0.00	3523.68
158.40	-13672.65	0.00	3983.64
158.50	-13238.72	0.00	4419.63
158.60	-12757.31	0.00	4829.54
158.70	-12230.16	0.00	5211.45
158.80	-11659.19	0.00	5563.68
158.90	-11046.51	0.00	5884.77
159.00	-10394.38	0.00	6173.52
159.10	-9705.25	0.00	6428.95
159.20	-8981.72	0.00	6650.34
159.30	-8226.58	0.00	6837.18
159.40	-7442.76	0.00	6989.22
159.50	-6633.35	0.00	7106.42
159.60	-5801.57	0.00	7188.97
159.70	-4950.79	0.00	7237.25
159.80	-4084.47	0.00	7251.85
159.90	-3206.19	0.00	7233.54
160.00	-2319.59	0.00	7183.26
160.10	-1428.39	0.00	7102.10
160.20	-536.34	0.00	6991.29
160.30	352.78	0.00	6852.20
160.40	1235.19	0.00	6686.29
160.50	2107.16	0.00	6495.11
160.60	2964.96	0.00	6280.30
160.70	3804.98	0.00	6043.55
160.80	4623.66	0.00	5786.60
160.90	5417.57	0.00	5511.21
161.00	6183.43	0.00	5219.16
161.10	6918.08	0.00	4912.24
161.20	7618.56	0.00	4592.22
161.30	8282.09	0.00	4260.87
161.40	8906.08	0.00	3919.90
161.50	9488.18	0.00	3571.00
161.60	10026.24	0.00	3215.81
161.70	10518.39	0.00	2855.92
161.80	10962.96	0.00	2492.85
161.90	11358.56	0.00	2128.08
162.00	11704.04	0.00	1763.00
162.10	11998.52	0.00	1398.94
162.20	12241.38	0.00	1037.18
162.30	12432.23	0.00	678.90
162.40	12570.96	0.00	325.23
162.50	12657.70	0.00	-22.76
162.60	12692.81	0.00	-364.08
162.70	12676.92	0.00	-697.80
162.80	12610.84	0.00	-1023.03
162.90	12495.79	0.00	-1338.96
163.00	12343.30	0.00	-1644.82
163.10	12160.51	0.00	-1939.89
163.20	11948.22	0.00	-2223.52
163.30	11707.19	0.00	-2495.06
163.40	11438.21	0.00	-2753.94
163.50	11142.08	0.00	-2999.61
163.60	10819.59	0.00	-3231.55
163.70	10471.58	0.00	-3449.31
163.80	10098.90	0.00	-3652.42
163.90	9702.43	0.00	-3840.49
164.00	9283.13	0.00	-4013.13
164.10	8841.99	0.00	-4170.01
164.20	8380.05	0.00	-4310.81
164.30	7898.43	0.00	-4435.25
164.40	7398.34	0.00	-4543.11
164.50	6881.04	0.00	-4634.16
164.60	6347.90	0.00	-4708.27
164.70	5800.35	0.00	-4765.30
164.80	5239.93	0.00	-4805.18
164.90	4668.25	0.00	-4827.90
165.00	4087.04	0.00	-4833.49
165.10	3498.07	0.00	-4822.02
165.20	2903.21	0.00	-4793.65
165.30	2304.43	0.00	-4748.57
165.40	1703.73	0.00	-4687.06
165.50	1103.18	0.00	-4609.43
165.60	504.90	0.00	-4516.09
165.70	-88.95	0.00	-4407.51
165.80	-676.19	0.00	-4284.20
165.90	-1254.64	0.00	-4146.78
166.00	-1822.10	0.00	-3995.91
166.10	-2376.43	0.00	-3832.32
166.20	-2915.48	0.00	-3656.81
166.30	-3437.20	0.00	-3470.23
166.40	-3939.57	0.00	-3273.49
166.50	-4420.69	0.00	-3067.56
166.60	-4878.72	0.00	-2853.45
166.70	-5311.98	0.00	-2632.22
166.80	-5718.90	0.00	-2404.95
166.90	-6098.03	0.00	-2172.78
167.00	-6448.13	0.00	-1936.83
167.10	-6768.07	0.00	-1698.28
167.20	-7056.93	0.00	-1458.28
167.30	-7313.96	0.00	-1217.99
167.40	-7538.60	0.00	-978.58
167.50	-7730.47	0.00	-741.17
167.60	-7889.41	0.00	-506.88
167.70	-8015.41	0.00	-276.79
167.80	-8108.69	0.00	-51.92
167.90	-8169.63	0.00	166.73
168.00	-8198.79	0.00	378.23
168.10	-8196.92	0.00	581.73
168.20	-8164.92	0.00	776.42
168.30	-8103.83	0.00	961.58
168.40	-8014.85	0.00	1136.57
168.50	-7899.28	0.00	1300.83
168.60	-7758.57	0.00	1453.89
168.70	-7594.22	0.00	1595.35
168.80	-7410.75	0.00	1724.92
168.90	-7212.67	0.00	1842.40
169.00	-7001.22	0.00	1947.67
169.10	-6777.61	0.00	2040.71
169.20	-6543.05	0.00	2121.56
169.30	-6298.75	0.00	2190.38
169.40	-6045.89	0.00	2247.38
169.50	-5785.63	0.00	2292.87
169.60	-5519.11	0.00	2327.20
169.70	-5247.42	0.00	2350.80
169.80	-4971.61	0.00	2364.17
169.90	-4692.72	0.00	2367.84
170.00	-4411.69	0.00	2362.39
170.10	-4129.45	0.00	2348.45
170.20	-3846.86	0.00	2326.66
170.30	-3564.73	0.00	2297.68
170.40	-3283.80	0.00	2262.21
170.50	-3004.75	0.00	2220.92
170.60	-2728.23	0.00	2174.50
170.70	-2454.79	0.00	2123.64
170.80	-2184.95	0.00	2068.98
170.90	-1919.16	0.00	2011.18
171.00	-1657.81	0.00	1950.85
171.10	-1401.24	0.00	1888.56
171.20	-1149.75	0.00	1824.85
171.30	-903.57	0.00	1760.24
171.40	-662.91	0.00	1695.17
171.50	-427.92	0.00	1630.04
171.60	-198.72	0.00	1565.23
171.70	24.58	0.00	1501.04
171.80	241.92	0.00	1437.73
171.90	453.26	0.00	1375.49
172.00	658.57	0.00	1314.50
172.10	857.83	0.00	1254.85
172.20	1051.03	0.00	1196.61
172.30	1238.16	0.00	1139.79
172.40	1419.23	0.00	1084.38
172.50	1594.20	0.00	1030.31
172.60	1763.07	0.00	977.50
172.70	1925.81	0.00	925.82
172.80	2082.36	0.00	875.12
172.90	2232.68	0.00	825.25
173.00	2376.69	0.00	776.04
173.10	2514.30	0.00	727.28
173.20	2645.40	0.00	678.80
173.30	2769.87	0.00	630.40
173.40	2887.58	0.00	581.90
173.50	2998.36	0.00	533.12
173.60	3102.05	0.00	483.91
173.70	3198.49	0.00	434.11
173.80	3287.49	0.00	383.62
173.90	3368.86	0.00	332.32
174.00	3442.43	0.00	280.15
174.10	3508.00	0.00	227.07
174.20	3565.41	0.00	173.06
174.30	3614.48	0.00	118.15
174.40	3655.07	0.00	62.39
174.50	3687.05	0.00	5.86
174.60	3710.30	0.00	-51.31
174.70	3724.75	0.00	-108.97
174.80	3730.33	0.00	-166.94
174.90	3727.04	0.00	-225.01
175.00	3714.87	0.00	-282.93
175.10	3693.88	0.00	-340.44
175.20	3664.16	0.00	-397.25
175.30	3625.86	0.00	-453.05
175.40	3579.14	0.00	-507.51
175.50	3524.22	0.00	-560.30
175.60	3461.40	0.00	-611.06
175.70	3391.83	0.00	-659.45
175.80	3316.20	0.00	-705.10
175.90	3234.83	0.00	-747.67
176.00	3148.07	0.00	-786.80
176.10	3056.30	0.00	-822.16
176.20	2959.94	0.00	-853.43
176.30	2859.42	0.00	-880.31
176.40	2755.24	0.00	-902.51
176.50	2647.89	0.00	-919.77
176.60	2537.92	0.00	-931.89
176.70	2425.86	0.00	-938.65
176.80	2312.30	0.00	-939.92
176.90	2197.82	0.00	-935.57
177.00	2083.02	0.00	-925.53
177.10	1968.52	0.00	-909.78
177.20	1854.91	0.00	-888.34
177.30	1742.82	0.00	-861.27
177.40	1632.83	0.00	-828.70
177.50	1525.54	0.00	-790.79
177.60	1421.53	0.00	-747.77
177.70	1321.33	0.00	-699.91
177.80	1225.48	0.00	-647.54
177.90	1134.44	0.00	-591.04
178.00	1048.68	0.00	-530.84
178.10	968.59	0.00	-467.42
178.20	894.52	0.00	-401.29
178.30	826.77	0.00	-333.03
178.40	765.58	0.00	-263.25
178.50	711.11	0.00	-192.60
178.60	663.47	0.00	-121.75
178.70	622.69	0.00	-51.42
178.80	588.72	0.00	17.67
178.90	561.44	0.00	84.75
179.00	540.64	0.00	149.06
179.10	526.04	0.00	209.84
179.20	517.26	0.00	266.30
179.30	513.86	0.00	317.69
179.40	515.30	0.00	363.24
179.50	520.96	0.00	402.25
179.60	530.15	0.00	433.99
179.70	542.10	0.00	457.82
179.80	555.96	0.00	473.11
179.90	570.84	0.00	479.29
180.00	585.76	0.00	475.86
180.10	599.69	0.00	462.37
180.20	611.58	0.00	438.47
180.30	620.29	0.00	403.87
180.40	624.71	0.00	358.37
180.50	623.66	0.00	301.87
180.60	615.97	0.00	234.36
180.70	600.47	0.00	155.93
180.80	576.01	0.00	66.80
180.90	541.44	0.00	-32.72
181.00	495.66	0.00	-142.22
181.10	437.62	0.00	-261.15
181.20	366.34	0.00	-388.87
181.30	280.90	0.00	-524.62
181.40	180.46	0.00	-667.53
181.50	64.30	0.00	-816.63
181.60	-68.19	0.00	-970.85
181.70	-217.50	0.00	-1129.01
181.80	-383.99	0.00	-1289.87
181.90	-567.86	0.00	-1452.08
182.00	-769.14	0.00	-1614.24
182.10	-987.71	0.00	-1774.88
182.20	-1223.27	0.00	-1932.47
182.30	-1475.32	0.00	-2085.47
182.40	-1743.18	0.00	-2232.28
182.50	-2025.97	0.00	-2371.30
182.60	-2322.62	0.00	-2500.95
182.70	-2631.84	0.00	-2619.63
182.80	-2952.15	0.00	-2725.80
182.90	-3281.88	0.00	-2817.94
183.00	-3619.17	0.00	-2894.62
183.10	-3961.96	0.00	-2954.45
183.20	-4308.03	0.00	-2996.14
183.30	-4655.00	0.00	-3018.52
183.40	-5000.31	0.00	-3020.52
183.50	-5341.32	0.00	-3001.20
183.60	-5675.24	0.00	-2959.76
183.70	-5999.21	0.00	-2895.55
183.80	-6310.28	0.00	-2808.10
183.90	-6605.48	0.00	-2697.10
184.00	-6883.91	0.00	-2562.40
184.10	-7145.76	0.00	-2404.07
184.20	-7388.67	0.00	-2222.35
184.30	-7610.26	0.00	-2017.66
184.40	-7808.23	0.00	-1790.64
184.50	-7980.28	0.00	-1542.12
184.60	-8124.22	0.00	-1273.10
184.70	-8237.90	0.00	-984.79
184.80	-8319.29	0.00	-678.58
184.90	-8366.44	0.00	-356.03
185.00	-8377.56	0.00	-18.87
185.10	-8350.98	0.00	331.01
185.20	-8285.16	0.00	691.58
185.30	-8178.78	0.00	1060.67
185.40	-8030.66	0.00	1436.00
185.50	-7839.86	0.00	1815.18
185.60	-7605.63	0.00	2195.74
185.70	-7327.45	0.00	2575.15
185.80	-7005.09	0.00	2950.81
185.90	-6638.54	0.00	3320.11
186.00	-6228.08	0.00	3680.42
186.10	-5774.30	0.00	4029.14
186.20	-5278.07	0.00	4363.67
186.30	-4740.59	0.00	4681.49
186.40	-4163.37	0.00	4980.13
186.50	-3548.26	0.00	5257.24
186.60	-2897.44	0.00	5510.56
186.70	-2213.40	0.00	5737.96
186.80	-1499.00	0.00	5937.46
186.90	-757.41	0.00	6107.25
187.00	7.91	0.00	6245.71
187.10	793.15	0.00	6351.39
187.20	1594.26	0.00	6423.06
187.30	2406.89	0.00	6459.71
187.40	3226.46	0.00	6460.56
187.50	4048.19	0.00	6425.06
187.60	4867.10	0.00	6352.91
187.70	5678.10	0.00	6244.05
187.80	6475.96	0.00	6098.66
187.90	7255.43	0.00	5917.19
188.00	8011.20	0.00	5700.32
188.10	8738.04	0.00	5448.98
188.20	9430.77	0.00	5164.33
188.30	10084.35	0.00	4847.78
188.40	10693.92	0.00	4500.94
188.50	11254.86	0.00	4125.63
188.60	11762.81	0.00	3723.88
188.70	12213.75	0.00	3297.90
188.80	12604.00	0.00	2850.07
188.90	12930.32	0.00	2382.91
189.00	13189.88	0.00	1899.08
189.10	13380.35	0.00	1401.36
189.20	13501.00	0.00	892.62
189.30	13564.78	0.00	375.80
189.40	13575.33	0.00	-146.11
189.50	13532.20	0.00	-670.06
189.60	13435.12	0.00	-1193.03
189.70	13284.01	0.00	-1711.97
189.80	13078.95	0.00	-2223.89
189.90	12820.23	0.00	-2725.85
190.00	12508.35	0.00	-3214.95
190.10	12143.97	0.00	-3688.41
190.20	11728.01	0.00	-4143.55
190.30	11261.57	0.00	-4577.82
190.40	10746.01	0.00	-4988.80
190.50	10182.90	0.00	-5374.25
190.60	9574.07	0.00	-5732.07
190.70	8921.58	0.00	-6060.37
190.80	8227.76	0.00	-6357.45
190.90	7495.18	0.00	-6621.79
191.00	6726.67	0.00	-6852.10
191.10	5925.31	0.00	-7047.31
191.20	5094.42	0.00	-7206.56
191.30	4237.56	0.00	-7329.23
191.40	3358.51	0.00	-7414.88
191.50	2461.28	0.00	-7463.35
191.60	1550.04	0.00	-7474.67
191.70	629.16	0.00	-7449.08
191.80	-296.87	0.00	-7387.05
191.90	-1223.43	0.00	-7289.24
192.00	-2145.81	0.00	-7156.52
192.10	-3059.24	0.00	-6989.93
192.20	-3958.93	0.00	-6790.70
192.30	-4840.13	0.00	-6560.22
192.40	-5698.10	0.00	-6300.03
192.50	-6528.21	0.00	-6011.82
192.60	-7325.96	0.00	-5697.39
192.70	-8087.00	0.00	-5358.66
192.80	-8807.18	0.00	-4997.65
192.90	-9482.59	0.00	-4616.45
193.00	-10109.59	0.00	-4217.23
193.10	-10684.81	0.00	-3802.21
193.20	-11205.23	0.00	-3373.63
193.30	-11668.18	0.00	-2933.79
193.40	-12071.33	0.00	-2484.96
193.50	-12412.77	0.00	-2029.42
193.60	-12690.96	0.00	-1569.43
193.70	-12904.79	0.00	-1107.24
193.80	-13053.56	0.00	-645.03
193.90	-13136.97	0.00	-184.93
194.00	-13155.16	0.00	270.98
194.10	-13108.65	0.00	720.69
194.20	-13002.60	0.00	1162.28
194.30	-12851.18	0.00	1593.92
194.40	-12656.25	0.00	2013.87
194.50	-12418.78	0.00	2420.48
194.60	-12139.80	0.00	2812.21
194.70	-11820.42	0.00	3187.63
194.80	-11461.82	0.00	3545.40
194.90	-11065.26	0.00	3884.33
195.00	-10632.06	0.00	4203.29
195.10	-10163.64	0.00	4501.30
195.20	-9661.50	0.00	4777.48
195.30	-9127.23	0.00	5031.04
195.40	-8562.51	0.00	5261.33
195.50	-7969.14	0.00	5467.78
195.60	-7349.02	0.00	5649.93
195.70	-6704.14	0.00	5807.41
195.80	-6036.63	0.00	5939.97
195.90	-5348.72	0.00	6047.43
196.00	-4642.75	0.00	6129.71
196.10	-3921.18	0.00	6186.81
196.20	-3186.58	0.00	6218.82
196.30	-2441.63	0.00	6225.89
196.40	-1689.11	0.00	6208.26
196.50	-931.88	0.00	6166.25
196.60	-172.93	0.00	6100.24
196.70	584.74	0.00	6010.66
196.80	1338.00	0.00	5898.03
196.90	2083.71	0.00	5762.91
197.00	2818.69	0.00	5605.96
197.10	3539.72	0.00	5427.84
197.20	4243.60	0.00	5229.30
197.30	4927.13	0.00	5011.16
197.40	5587.16	0.00	4774.25
197.50	6220.57	0.00	4519.50
197.60	6824.34	0.00	4247.86
197.70	7395.55	0.00	3960.33
197.80	7931.37	0.00	3657.99
197.90	8429.14	0.00	3341.94
198.00	8886.34	0.00	3013.34
198.10	9300.64	0.00	2673.39
198.20	9669.90	0.00	2323.34
198.30	9992.20	0.00	1964.49
198.40	10265.86	0.00	1598.16
198.50	10489.45	0.00	1225.72
198.60	10661.78	0.00	848.60
198.70	10781.97	0.00	468.22
198.80	10849.38	0.00	86.05
198.90	10863.71	0.00	-296.40
199.00	10824.92	0.00	-677.63
199.10	10734.42	0.00	-1056.10
199.20	10601.93	0.00	-1430.26
199.30	10429.84	0.00	-1798.57
199.40	10218.58	0.00	-2159.47
199.50	9968.69	0.00	-2511.43
199.60	9680.80	0.00	-2852.91
199.70	9355.66	0.00	-3182.42
199.80	8994.16	0.00	-3498.46
199.90	8597.30	0.00	-3799.58
200.00	8166.22	0.00	-4084.40
200.10	7702.22	0.00	-4351.55
200.20	7206.73	0.00	-4599.73
200.30	6681.37	0.00	-4827.72
200.40	6127.90	0.00	-5034.34
200.50	5548.25	0.00	-5218.54
200.60	4944.54	0.00	-5379.30
200.70	4319.05	0.00	-5515.73
200.80	3674.22	0.00	-5627.03
200.90	3012.68	0.00	-5712.50
201.00	2337.22	0.00	-5771.57
201.10	1650.77	0.00	-5803.75
201.20	956.42	0.00	-5808.71
201.30	257.38	0.00	-5786.23
201.40	-442.99	0.00	-5736.20
201.50	-1141.27	0.00	-5658.67
201.60	-1833.92	0.00	-5553.81
201.70	-2517.36	0.00	-5421.92
201.80	-3187.95	0.00	-5263.44
201.90	-3842.05	0.00	-5078.95
202.00	-4476.03	0.00	-4869.15
202.10	-5086.29	0.00	-4634.89
202.20	-5669.30	0.00	-4377.13
202.30	-6221.61	0.00	-4096.98
202.40	-6739.93	0.00	-3795.65
202.50	-7221.08	0.00	-3474.48
202.60	-7662.09	0.00	-3134.94
202.70	-8060.17	0.00	-2778.59
202.80	-8412.78	0.00	-2407.08
202.90	-8717.64	0.00	-2022.19
203.00	-8972.74	0.00	-1625.76
203.10	-9176.37	0.00	-1219.72
203.20	-9327.14	0.00	-806.06
203.30	-9424.00	0.00	-386.85
203.40	-9466.23	0.00	35.79
203.50	-9453.47	0.00	459.72
203.60	-9386.55	0.00	882.74
203.70	-9272.79	0.00	1302.64
203.80	-9114.15	0.00	1717.21
203.90	-8911.11	0.00	2124.23
204.00	-8664.32	0.00	2521.48
204.10	-8374.60	0.00	2906.78
204.20	-8042.98	0.00	3277.99
204.30	-7670.64	0.00	3633.00
204.40	-7258.98	0.00	3969.78
204.50	-6809.61	0.00	4286.33
204.60	-6324.31	0.00	4580.79
204.70	-5805.11	0.00	4851.34
204.80	-5254.24	0.00	5096.30
204.90	-4674.14	0.00	5314.09
205.00	-4067.48	0.00	5503.26
205.10	-3437.13	0.00	5662.50
205.20	-2786.19	0.00	5790.63
205.30	-2117.94	0.00	5886.66
205.40	-1435.87	0.00	5949.74
205.50	-743.67	0.00	5979.19
205.60	-45.15	0.00	5974.53
205.70	655.69	0.00	5935.45
205.80	1354.73	0.00	5861.84
205.90	2047.77	0.00	5753.79
206.00	2730.52	0.00	5611.60
206.10	3398.63	0.00	5435.74
206.20	4047.76	0.00	5226.94
206.30	4673.59	0.00	4986.08
206.40	5271.84	0.00	4714.29
206.50	5838.35	0.00	4412.88
206.60	6369.07	0.00	4083.37
206.70	6860.13	0.00	3727.47
206.80	7307.89	0.00	3347.07
206.90	7708.93	0.00	2944.26
207.00	8060.13	0.00	2521.30
207.10	8358.69	0.00	2080.58
207.20	8602.17	0.00	1624.68
207.30	8788.49	0.00	1156.29
207.40	8915.99	0.00	678.23
207.50	8983.44	0.00	193.42
207.60	8990.36	0.00	-295.13
207.70	8942.41	0.00	-784.35
207.80	8841.95	0.00	-1271.11
207.90	8689.17	0.00	-1752.25
208.00	8484.56	0.00	-2224.61
208.10	8228.85	0.00	-2685.05
208.20	7923.06	0.00	-3130.45
208.30	7568.51	0.00	-3557.77
208.40	7166.78	0.00	-3964.03
208.50	6719.76	0.00	-4346.37
208.60	6229.66	0.00	-4702.05
208.70	5698.97	0.00	-5028.48
208.80	5130.49	0.00	-5323.25
208.90	4527.32	0.00	-5584.12
209.00	3892.85	0.00	-5809.08
209.10	3230.79	0.00	-5996.35
209.20	2545.07	0.00	-6144.38
209.30	1839.93	0.00	-6251.89
209.40	1119.82	0.00	-6317.87
209.50	389.41	0.00	-6341.60
209.60	-346.43	0.00	-6322.66
209.70	-1082.69	0.00	-6260.93
209.80	-1814.24	0.00	-6156.58
209.90	-2535.87	0.00	-6010.12
210.00	-3242.34	0.00	-5822.35
210.10	-3928.41	0.00	-5594.38
210.20	-4588.92	0.00	-5327.63
210.30	-5218.80	0.00	-5023.80
210.40	-5813.16	0.00	-4684.91
210.50	-6367.30	0.00	-4313.20
210.60	-6876.80	0.00	-3911.21
210.70	-7337.55	0.00	-3481.71
210.80	-7745.78	0.00	-3027.67
210.90	-8098.14	0.00	-2552.29
211.00	-8391.72	0.00	-2058.92
211.10	-8624.08	0.00	-1551.07
211.20	-8793.29	0.00	-1032.38
211.30	-8897.95	0.00	-506.57
211.40	-8937.21	0.00	22.57
211.50	-8912.40	0.00	551.19
211.60	-8830.03	0.00	1075.47
211.70	-8691.27	0.00	1591.59
211.80	-8496.98	0.00	2095.80
211.90	-8248.34	0.00	2584.41
212.00	-7946.88	0.00	3053.87
212.10	-7594.44	0.00	3500.76
212.20	-7193.18	0.00	3921.85
212.30	-6745.62	0.00	4314.07
212.40	-6254.55	0.00	4674.61
212.50	-5723.10	0.00	5000.88
212.60	-5154.68	0.00	5290.57
212.70	-4553.00	0.00	5541.65
212.80	-3922.03	0.00	5752.39
212.90	-3265.98	0.00	5921.37
213.00	-2589.31	0.00	6047.49
213.10	-1896.66	0.00	6130.00
213.20	-1192.84	0.00	6168.47
213.30	-482.82	0.00	6162.83
213.40	228.37	0.00	6113.32
213.50	935.58	0.00	6020.55
213.60	1633.70	0.00	5885.43
213.70	2317.60	0.00	5709.20
213.80	2982.24	0.00	5493.43
213.90	3622.70	0.00	5239.94
214.00	4234.19	0.00	4950.87
214.10	4812.16	0.00	4628.58
214.20	5352.31	0.00	4275.70
214.30	5850.63	0.00	3895.06
214.40	6303.43	0.00	3489.66
214.50	6707.44	0.00	3062.69
214.60	7059.75	0.00	2617.47
214.70	7357.92	0.00	2157.41
214.80	7599.97	0.00	1686.02
214.90	7784.40	0.00	1206.84
215.00	7910.19	0.00	723.44
215.10	7976.85	0.00	239.40
215.20	7984.38	0.00	-241.78
215.30	7933.28	0.00	-716.63
215.40	7827.66	0.00	-1181.77
215.50	7672.35	0.00	-1633.95
215.60	7468.81	0.00	-2070.07
215.70	7218.79	0.00	-2487.16
215.80	6924.27	0.00	-2882.47
215.90	6587.50	0.00	-3253.41
216.00	6210.97	0.00	-3597.66
216.10	5797.40	0.00	-3913.09
216.20	5349.71	0.00	-4197.82
216.30	4871.02	0.00	-4450.26
216.40	4364.66	0.00	-4669.04
216.50	3834.09	0.00	-4853.08
216.60	3282.93	0.00	-5001.57
216.70	2714.92	0.00	-5113.96
216.80	2133.92	0.00	-5189.99
216.90	1543.86	0.00	-5229.64
217.00	948.70	0.00	-5233.16
217.10	352.47	0.00	-5201.07
217.20	-240.83	0.00	-5134.10
217.30	-827.22	0.00	-5033.25
217.40	-1402.76	0.00	-4899.71
217.50	-1963.61	0.00	-4734.88
217.60	-2506.05	0.00	-4540.35
217.70	-3026.49	0.00	-4317.90
217.80	-3521.51	0.00	-4069.46
217.90	-3987.89	0.00	-3797.08
218.00	-4422.65	0.00	-3502.96
218.10	-4823.01	0.00	-3189.38
218.20	-5186.51	0.00	-2858.73
218.30	-5510.93	0.00	-2513.44
218.40	-5794.39	0.00	-2156.01
218.50	-6035.30	0.00	-1788.96
218.60	-6232.39	0.00	-1414.82
218.70	-6384.76	0.00	-1036.15
218.80	-6491.81	0.00	-655.44
218.90	-6553.29	0.00	-275.17
219.00	-6569.30	0.00	102.21
219.10	-6540.24	0.00	474.35
219.20	-6469.02	0.00	838.95
219.30	-6358.97	0.00	1193.81
219.40	-6211.15	0.00	1536.83
219.50	-6026.81	0.00	1866.01
219.60	-5807.36	0.00	2179.49
219.70	-5554.40	0.00	2475.50
219.80	-5269.67	0.00	2752.44
219.90	-4955.07	0.00	3008.84
220.00	-4612.62	0.00	3243.37
220.10	-4244.52	0.00	3454.84
220.20	-3853.05	0.00	3642.25
220.30	-3440.65	0.00	3804.73
220.40	-3009.85	0.00	3941.58
220.50	-2563.30	0.00	4052.24
220.60	-2103.70	0.00	4136.34
220.70	-1633.88	0.00	4193.66
220.80	-1156.69	0.00	4224.13
220.90	-675.05	0.00	4227.86
221.00	-191.93	0.00	4205.11
221.10	289.72	0.00	4156.27
221.20	766.90	0.00	4081.91
221.30	1236.67	0.00	3982.75
221.40	1696.11	0.00	3859.62
221.50	2142.33	0.00	3713.51
221.60	2572.56	0.00	3545.53
221.70	2984.08	0.00	3356.94
221.80	3374.33	0.00	3149.06
221.90	3740.85	0.00	2923.39
222.00	4081.34	0.00	2681.46
222.10	4393.69	0.00	2424.95
222.20	4675.97	0.00	2155.58
222.30	4926.45	0.00	1875.15
222.40	5143.65	0.00	1585.55
222.50	5326.28	0.00	1288.68
222.60	5473.36	0.00	986.49
222.70	5584.10	0.00	680.96
222.80	5658.03	0.00	374.08
222.90	5694.91	0.00	67.85
223.00	5694.80	0.00	-235.77
223.10	5658.90	0.00	-534.81
223.20	5590.18	0.00	-827.38
223.30	5489.47	0.00	-1111.60
223.40	5357.65	0.00	-1385.68
223.50	5195.75	0.00	-1647.91
223.60	5004.97	0.00	-1896.66
223.70	4786.70	0.00	-2130.40
223.80	4542.46	0.00	-2347.71
223.90	4273.92	0.00	-2547.30
224.00	3982.90	0.00	-2728.02
224.10	3671.36	0.00	-2888.85
224.20	3341.37	0.00	-3028.90
224.30	2995.12	0.00	-3147.47
224.40	2634.88	0.00	-3244.00
224.50	2263.03	0.00	-3318.10
224.60	1882.01	0.00	-3369.54
224.70	1494.29	0.00	-3398.26
224.80	1102.42	0.00	-3404.36
224.90	708.94	0.00	-3388.13
225.00	316.39	0.00	-3350.00
225.10	-72.69	0.00	-3290.55
225.20	-455.83	0.00	-3210.54
225.30	-830.60	0.00	-3110.85
225.40	-1194.63	0.00	-2992.52
225.50	-1545.67	0.00	-2856.68
225.60	-1881.59	0.00	-2704.60
225.70	-2200.37	0.00	-2537.66
225.80	-2500.17	0.00	-2357.32
225.90	-2779.28	0.00	-2165.10
226.00	-3036.19	0.00	-1962.60
226.10	-3269.57	0.00	-1751.48
226.20	-3478.31	0.00	-1533.41
226.30	-3661.47	0.00	-1310.08
226.40	-3818.36	0.00	-1083.20
226.50	-3948.47	0.00	-854.45
226.60	-4051.55	0.00	-625.49
226.70	-4127.52	0.00	-397.96
226.80	-4176.54	0.00	-173.41
226.90	-4198.96	0.00	46.65
227.00	-4195.33	0.00	260.79
227.10	-4166.39	0.00	467.68
227.20	-4113.05	0.00	666.06
227.30	-4036.38	0.00	854.80
227.40	-3937.65	0.00	1032.87
227.50	-3819.33	0.00	1199.35
227.60	-3683.21	0.00	1353.45
227.70	-3530.66	0.00	1494.49
227.80	-3363.11	0.00	1621.92
227.90	-3182.05	0.00	1735.31
228.00	-2989.00	0.00	1834.36
228.10	-2785.49	0.00	1918.87
228.20	-2573.07	0.00	1988.77
228.30	-2353.30	0.00	2044.08
228.40	-2127.72	0.00	2084.95
228.50	-1897.86	0.00	2111.61
228.60	-1665.22	0.00	2124.36
228.70	-1431.25	0.00	2123.62
228.80	-1197.36	0.00	2109.86
228.90	-964.93	0.00	2083.60
229.00	-735.26	0.00	2045.45
229.10	-509.58	0.00	1996.04
229.20	-289.09	0.00	1936.04
229.30	-74.88	0.00	1866.17
229.40	132.02	0.00	1787.14
229.50	330.66	0.00	1699.69
229.60	520.14	0.00	1604.59
229.70	699.69	0.00	1502.58
229.80	868.56	0.00	1394.40
229.90	1026.12	0.00	1280.81
230.00	1171.81	0.00	1162.53
230.10	1305.12	0.00	1040.27
230.20	1425.64	0.00	914.75
230.30	1533.01	0.00	786.64
230.40	1626.97	0.00	656.61
230.50	1707.30	0.00	525.32
230.60	1773.85	0.00	393.39
230.70	1826.55	0.00	261.44
230.80	1865.38	0.00	130.08
230.90	1890.39	0.00	-0.10
231.00	1901.67	0.00	-128.52
231.10	1899.39	0.00	-254.60
231.20	1883.77	0.00	-377.77
231.30	1855.10	0.00	-497.46
231.40	1813.72	0.00	-613.12
231.50	1760.02	0.00	-724.17
231.60	1694.47	0.00	-830.05
231.70	1617.58	0.00	-930.19
231.80	1529.94	0.00	-1024.03
231.90	1432.17	0.00	-1111.01
232.00	1324.99	0.00	-1190.56
232.10	1209.16	0.00	-1262.12
232.20	1085.50	0.00	-1325.15
232.30	954.89	0.00	-1379.10
232.40	818.34	0.00	-1423.46
232.50	676.84	0.00	-1457.74
232.60	531.42	0.00	-1481.46
232.70	383.17	0.00	-1494.20
232.80	233.21	0.00	-1495.55
232.90	82.75	0.00	-1485.19
233.00	-66.98	0.00	-1462.83
233.10	-214.71	0.00	-1428.26
233.20	-359.13	0.00	-1381.32
233.30	-498.88	0.00	-1321.96
233.40	-632.63	0.00	-1250.20
233.50	-759.01	0.00	-1166.16
233.60	-876.66	0.00	-1070.06
233.70	-984.28	0.00	-962.22
233.80	-1080.63	0.00	-843.08
233.90	-1164.50	0.00	-713.17
234.00	-1234.72	0.00	-573.18
234.10	-1290.18	0.00	-423.87
234.20	-1329.86	0.00	-266.15
234.30	-1352.84	0.00	-101.01
234.40	-1358.28	0.00	70.41
234.50	-1345.51	0.00	246.89
234.60	-1313.94	0.00	427.11
234.70	-1263.16	0.00	609.65
234.80	-1192.90	0.00	793.01
234.90	-1103.05	0.00	975.60
235.00	-993.70	0.00	1155.81
235.10	-865.09	0.00	1331.95
235.20	-717.68	0.00	1502.31
235.30	-552.12	0.00	1665.16
235.40	-369.22	0.00	1818.76
235.50	-170.06	0.00	1961.41
235.60	44.15	0.00	2091.43
235.70	271.96	0.00	2207.18
235.80	511.73	0.00	2307.10
235.90	761.65	0.00	2389.72
236.00	1019.72	0.00	2453.68
236.10	1283.78	0.00	2497.72
236.20	1551.52	0.00	2520.73
236.30	1820.49	0.00	2521.77
236.40	2088.12	0.00	2500.04
236.50	2351.76	0.00	2454.93
236.60	2608.68	0.00	2386.04
236.70	2856.10	0.00	2293.15
236.80	3091.22	0.00	2176.25
236.90	3311.53	0.00	2035.58
237.00	3515.19	0.00	1871.57
237.10	3699.78	0.00	1684.88
237.20	3862.90	0.00	1476.41
237.30	4002.26	0.00	1247.26
237.40	4115.68	0.00	998.77
237.50	4201.14	0.00	732.47
237.60	4256.76	0.00	450.12
237.70	4280.85	0.00	153.66
237.80	4271.93	0.00	-154.80
237.90	4228.72	0.00	-472.98
238.00	4150.18	0.00	-798.43
238.10	4035.54	0.00	-1128.60
238.20	3884.27	0.00	-1460.82
238.30	3696.15	0.00	-1792.33
238.40	3471.23	0.00	-2120.30
238.50	3209.88	0.00	-2441.86
238.60	2912.77	0.00	-2754.14
238.70	2580.92	0.00	-3054.25
238.80	2215.66	0.00	-3339.36
238.90	1818.63	0.00	-3606.68
239.00	1391.85	0.00	-3853.52
239.10	937.63	0.00	-4077.29
239.20	458.61	0.00	-4275.55
239.30	-42.26	0.00	-4446.00
239.40	-561.72	0.00	-4586.55
239.50	-1096.23	0.00	-4695.29
239.60	-1641.99	0.00	-4770.54
239.70	-2194.97	0.00	-4810.88
239.80	-2750.91	0.00	-4815.13
239.90	-3305.39	0.00	-4782.39
240.00	-3853.84	0.00	-4712.06
240.10	-4391.59	0.00	-4603.82
240.20	-4913.89	0.00	-4457.68
240.30	-5415.99	0.00	-4273.93
240.40	-5893.15	0.00	-4053.19
240.50	-6340.74	0.00	-3796.40
240.60	-6754.21	0.00	-3504.80
240.70	-7129.22	0.00	-3179.93
240.80	-7461.63	0.00	-2823.65
240.90	-7747.60	0.00	-2438.07
241.00	-7983.57	0.00	-2025.62
241.10	-8169.49	0.00	-1588.93
241.20	-8306.76	0.00	-1130.91
241.30	-8393.34	0.00	-654.67
241.40	-8427.45	0.00	-163.53
241.50	-8407.61	0.00	339.06
241.60	-8332.63	0.00	849.45
241.70	-8201.68	0.00	1363.92
241.80	-8014.21	0.00	1878.65
241.90	-7770.07	0.00	2389.76
242.00	-7469.43	0.00	2893.35
242.10	-7112.87	0.00	3385.52
242.20	-6701.34	0.00	3862.43
242.30	-6236.19	0.00	4320.28
242.40	-5719.17	0.00	4755.41
242.50	-5152.44	0.00	5164.25
242.60	-4538.59	0.00	5543.43
242.70	-3880.63	0.00	5889.76
242.80	-3181.95	0.00	6200.27
242.90	-2446.38	0.00	6472.22
243.00	-1678.14	0.00	6703.18
243.10	-881.83	0.00	6890.97
243.20	-62.39	0.00	7033.74
243.30	774.89	0.00	7129.97
243.40	1624.41	0.00	7178.47
243.50	2480.33	0.00	7178.43
243.60	3336.57	0.00	7129.37
243.70	4186.89	0.00	7031.19
243.80	5024.90	0.00	6884.16
243.90	5844.17	0.00	6688.93
244.00	6638.25	0.00	6446.49
244.10	7400.75	0.00	6158.21
244.20	8125.40	0.00	5825.80
244.30	8806.10	0.00	5451.30
244.40	9437.02	0.00	5037.06
244.50	10012.61	0.00	4585.76
244.60	10527.74	0.00	4100.33
244.70	10977.68	0.00	3583.95
244.80	11358.20	0.00	3040.07
244.90	11665.61	0.00	2472.30
245.00	11896.81	0.00	1884.43
245.10	12057.35	0.00	1280.42
245.20	12153.13	0.00	664.32
245.30	12183.18	0.00	40.25
245.40	12146.80	0.00	-587.60
245.50	12043.62	0.00	-1215.03
245.60	11873.56	0.00	-1837.88
245.70	11636.85	0.00	-2452.01
245.80	11334.05	0.00	-3053.38
245.90	10966.01	0.00	-3638.05
246.00	10533.93	0.00	-4202.24
246.10	10039.31	0.00	-4742.30
246.20	9484.03	0.00	-5254.82
246.30	8870.27	0.00	-5736.57
246.40	8200.58	0.00	-6184.59
246.50	7477.85	0.00	-6596.13
246.60	6705.32	0.00	-6968.77
246.70	5886.58	0.00	-7300.34
246.80	5025.56	0.00	-7588.98
246.90	4126.51	0.00	-7833.15
247.00	3194.01	0.00	-8031.60
247.10	2232.95	0.00	-8183.42
247.20	1248.47	0.00	-8288.02
247.30	246.00	0.00	-8345.11
247.40	-768.83	0.00	-8354.71
247.50	-1790.19	0.00	-8317.18
247.60	-2812.10	0.00	-8233.13
247.70	-3828.47	0.00	-8103.49
247.80	-4833.13	0.00	-7929.45
247.90	-5819.92	0.00	-7712.46
248.00	-6782.67	0.00	-7454.20
248.10	-7715.32	0.00	-7156.59
248.20	-8611.94	0.00	-6821.74
248.30	-9466.78	0.00	-6451.96
248.40	-10274.30	0.00	-6049.71
248.50	-11029.29	0.00	-5617.59
248.60	-11726.83	0.00	-5158.35
248.70	-12362.38	0.00	-4674.79
248.80	-12931.84	0.00	-4169.84
248.90	-13431.53	0.00	-3646.45
249.00	-13858.27	0.00	-3107.63
249.10	-14209.37	0.00	-2556.40
249.20	-14482.69	0.00	-1995.77
249.30	-14676.64	0.00	-1428.74
249.40	-14798.94	0.00	-858.26
249.50	-14863.78	0.00	-287.24
249.60	-14871.52	0.00	281.48
249.70	-14822.41	0.00	845.15
249.80	-14716.82	0.00	1401.11
249.90	-14555.21	0.00	1946.82
250.00	-14338.15	0.00	2479.82
250.10	-14066.28	0.00	2997.83
250.20	-13740.36	0.00	3498.64
250.30	-13361.25	0.00	3980.23
250.40	-12929.93	0.00	4440.70
250.50	-12447.49	0.00	4878.29
250.60	-11915.15	0.00	5291.40
250.70	-11334.29	0.00	5678.58
250.80	-10706.41	0.00	6038.53
250.90	-10033.20	0.00	6370.10
251.00	-9316.52	0.00	6672.30
251.10	-8558.40	0.00	6944.28
251.20	-7761.07	0.00	7185.34
251.30	-6926.97	0.00	7394.93
251.40	-6058.73	0.00	7572.63
251.50	-5159.20	0.00	7718.16
251.60	-4231.42	0.00	7831.39
251.70	-3278.67	0.00	7912.30
251.80	-2304.42	0.00	7961.01
251.90	-1312.32	0.00	7977.75
252.00	-306.24	0.00	7962.86
252.10	709.80	0.00	7916.80
252.20	1731.60	0.00	7840.15
252.30	2754.83	0.00	7733.57
252.40	3775.05	0.00	7597.82
252.50	4787.68	0.00	7433.74
252.60	5788.12	0.00	7242.28
252.70	6771.69	0.00	7024.45
252.80	7733.70	0.00	6781.34
252.90	8669.48	0.00	6514.12
253.00	9574.41	0.00	6223.99
253.10	10443.94	0.00	5912.25
253.20	11273.64	0.00	5580.22
253.30	12059.22	0.00	5229.30
253.40	12796.56	0.00	4860.89
253.50	13481.77	0.00	4476.47
253.60	14111.17	0.00	4077.53
253.70	14681.37	0.00	3665.58
253.80	15189.28	0.00	3242.16
253.90	15632.10	0.00	2808.83
254.00	16007.39	0.00	2367.16
254.10	16313.09	0.00	1918.71
254.20	16547.49	0.00	1465.07
254.30	16709.27	0.00	1007.79
254.40	16808.57	0.00	548.44
254.50	16864.00	0.00	88.56
254.60	16875.87	0.00	-370.32
254.70	16844.10	0.00	-826.70
254.80	16768.64	0.00	-1279.10
254.90	16649.38	0.00	-1726.07
255.00	16486.24	0.00	-2166.21
255.10	16279.11	0.00	-2598.15
255.20	16027.90	0.00	-3020.54
255.30	15732.52	0.00	-3432.11
255.40	15392.91	0.00	-3831.62
255.50	15009.07	0.00	-4217.87
255.60	14581.02	0.00	-4589.74
255.70	14108.88	0.00	-4946.14
255.80	13592.83	0.00	-5286.04
255.90	13033.17	0.00	-5608.49
256.00	12430.31	0.00	-5912.57
256.10	11784.82	0.00	-6197.44
256.20	11097.39	0.00	-6462.31
256.30	10368.90	0.00	-6706.48
256.40	9600.42	0.00	-6929.27
256.50	8793.19	0.00	-7130.10
256.60	7948.70	0.00	-7308.43
256.70	7068.64	0.00	-7463.81
256.80	6154.92	0.00	-7595.84
256.90	5209.71	0.00	-7704.18
257.00	4235.42	0.00	-7788.55
257.10	3234.69	0.00	-7848.76
257.20	2210.40	0.00	-7884.67
257.30	1165.70	0.00	-7896.18
257.40	103.93	0.00	-7883.30
257.50	-971.29	0.00	-7846.06
257.60	-2056.19	0.00	-7784.57
257.70	-3146.74	0.00	-7699.00
257.80	-4238.78	0.00	-7589.58
257.90	-5327.95	0.00	-7456.61
258.00	-6409.76	0.00	-7300.44
258.10	-7479.61	0.00	-7121.46
258.20	-8532.80	0.00	-6920.16
258.30	-9564.58	0.00	-6697.05
258.40	-10570.15	0.00	-6452.72
258.50	-11544.72	0.00	-6187.79
258.60	-12483.54	0.00	-5902.97
258.70	-13381.90	0.00	-5598.99
258.80	-14235.20	0.00	-5276.66
258.90	-15038.98	0.00	-4936.81
259.00	-15788.93	0.00	-4580.36
259.10	-16480.95	0.00	-4208.24
259.20	-17111.16	0.00	-3821.45
259.30	-17675.93	0.00	-3421.04
259.40	-18171.96	0.00	-3008.09
259.50	-18596.23	0.00	-2583.74
259.60	-18946.08	0.00	-2149.14
259.70	-19219.22	0.00	-1705.52
259.80	-19413.74	0.00	-1254.12
259.90	-19536.57	0.00	-796.21
260.00	-19616.77	0.00	-333.13
260.10	-19656.51	0.00	133.80
260.20	-19655.28	0.00	603.21
260.30	-19612.49	0.00	1073.69
260.40	-19527.47	0.00	1543.84
260.50	-19399.50	0.00	2012.23
260.60	-19227.81	0.00	2477.41
260.70	-19011.57	0.00	2937.95
260.80	-18749.94	0.00	3392.37
260.90	-18442.06	0.00	3839.23
261.00	-18087.09	0.00	4277.08
261.10	-17684.21	0.00	4704.47
261.20	-17232.67	0.00	5119.98
261.30	-16731.80	0.00	5522.19
261.40	-16181.01	0.00	5909.74
261.50	-15579.88	0.00	6281.25
261.60	-14928.12	0.00	6635.41
261.70	-14225.63	0.00	6970.94
261.80	-13472.53	0.00	7286.60
261.90	-12669.18	0.00	7581.21
262.00	-11816.18	0.00	7853.64
262.10	-10914.44	0.00	8102.82
262.20	-9965.14	0.00	8327.74
262.30	-8969.82	0.00	8527.47
262.40	-7930.32	0.00	8701.16
262.50	-6848.86	0.00	8848.02
262.60	-5727.98	0.00	8967.35
262.70	-4570.63	0.00	9058.56
262.80	-3380.07	0.00	9121.12
262.90	-2159.95	0.00	9154.59
263.00	-914.28	0.00	9158.67
263.10	352.61	0.00	9133.10
263.20	1636.06	0.00	9077.77
263.30	2931.10	0.00	8992.63
263.40	4232.48	0.00	8877.77
263.50	5534.68	0.00	8733.36
263.60	6832.00	0.00	8559.67
263.70	8118.50	0.00	8357.09
263.80	9388.13	0.00	8126.10
263.90	10634.72	0.00	7867.27
264.00	11852.04	0.00	7581.30
264.10	13033.82	0.00	7268.95
264.20	14173.84	0.00	6931.11
264.30	15265.96	0.00	6568.73
264.40	16304.15	0.00	6182.86
264.50	17282.57	0.00	5774.65
264.60	18195.59	0.00	5345.30
264.70	19037.85	0.00	4896.12
264.80	19804.32	0.00	4428.47
264.90	20490.32	0.00	3943.79
265.00	21091.56	0.00	3443.58
265.10	21604.22	0.00	2929.39
265.20	22024.92	0.00	2402.86
265.30	22350.81	0.00	1865.64
265.40	22579.56	0.00	1319.44
265.50	22709.60	0.00	766.01
265.60	22771.88	0.00	207.14
265.70	22789.20	0.00	-355.35
265.80	22761.04	0.00	-919.63
265.90	22686.78	0.00	-1483.85
266.00	22565.70	0.00	-2046.11
266.10	22396.94	0.00	-2604.56
266.20	22179.58	0.00	-3157.30
266.30	21912.61	0.00	-3702.46
266.40	21594.97	0.00	-4238.16
266.50	21225.59	0.00	-4762.55
266.60	20803.38	0.00	-5273.78
266.70	20327.29	0.00	-5770.06
266.80	19796.32	0.00	-6249.60
266.90	19209.59	0.00	-6710.65
267.00	18566.33	0.00	-7151.54
267.10	17865.94	0.00	-7570.59
267.20	17108.04	0.00	-7966.24
267.30	16292.46	0.00	-8336.94
267.40	15419.34	0.00	-8681.26
267.50	14489.11	0.00	-8997.79
267.60	13502.52	0.00	-9285.26
267.70	12460.73	0.00	-9542.44
267.80	11365.25	0.00	-9768.23
267.90	10218.04	0.00	-9961.61
268.00	9021.47	0.00	-10121.67
268.10	7778.37	0.00	-10247.64
268.20	6492.02	0.00	-10338.83
268.30	5166.14	0.00	-10394.70
268.40	3804.92	0.00	-10414.83
268.50	2412.99	0.00	-10398.93
268.60	995.41	0.00	-10346.85
268.70	-442.36	0.00	-10258.59
268.80	-1894.46	0.00	-10134.29
268.90	-3354.71	0.00	-9974.22
269.00	-4816.60	0.00	-9778.81
269.10	-6273.34	0.00	-9548.65
269.20	-7717.94	0.00	-9284.44
269.30	-9143.24	0.00	-8987.06
269.40	-10541.96	0.00	-8657.52
269.50	-11906.75	0.00	-8296.98
269.60	-13230.30	0.00	-7906.71
269.70	-14505.35	0.00	-7488.16
269.80	-15724.77	0.00	-7042.86
269.90	-16881.64	0.00	-6572.49
270.00	-17969.29	0.00	-6078.82
270.10	-18981.39	0.00	-5563.75
270.20	-19911.97	0.00	-5029.26
270.30	-20755.51	0.00	-4477.41
270.40	-21506.99	0.00	-3910.34
270.50	-22161.93	0.00	-3330.27
270.60	-22716.42	0.00	-2739.46
270.70	-23167.17	0.00	-2140.20
270.80	-23511.57	0.00	-1534.82
270.90	-23747.66	0.00	-925.67
271.00	-23874.18	0.00	-315.09
271.10	-23890.76	0.00	294.57
271.20	-23832.55	0.00	901.00
271.30	-23725.96	0.00	1501.92
271.40	-23571.06	0.00	2095.09
271.50	-23367.79	0.00	2678.34
271.60	-23116.03	0.00	3249.56
271.70	-22815.56	0.00	3806.71
271.80	-22466.12	0.00	4347.87
271.90	-22067.38	0.00	4871.19
272.00	-21619.04	0.00	5374.94
272.10	-21120.75	0.00	5857.49
272.20	-20572.23	0.00	6317.36
272.30	-19973.27	0.00	6753.16
272.40	-19323.70	0.00	7163.65
272.50	-18623.52	0.00	7547.71
272.60	-17872.83	0.00	7904.36
272.70	-17071.93	0.00	8232.77
272.80	-16221.31	0.00	8532.21
272.90	-15321.67	0.00	8802.11
273.00	-14373.96	0.00	9042.02
273.10	-13379.38	0.00	9251.61
273.20	-12339.42	0.00	9430.70
273.30	-11255.87	0.00	9579.19
273.40	-10130.79	0.00	9697.11
273.50	-8966.59	0.00	9784.60
273.60	-7765.96	0.00	9841.90
273.70	-6531.92	0.00	9869.31
273.80	-5267.78	0.00	9867.24
273.90	-3977.19	0.00	9836.17
274.00	-2664.05	0.00	9776.65
274.10	-1332.58	0.00	9689.27
274.20	12.77	0.00	9574.69
274.30	1367.29	0.00	9433.59
274.40	2726.05	0.00	9266.70
274.50	4083.93	0.00	9074.77
274.60	5435.62	0.00	8858.57
274.70	6775.70	0.00	8618.90
274.80	8098.62	0.00	8356.55
274.90	9398.74	0.00	8072.33
275.00	10670.40	0.00	7767.03
275.10	11907.92	0.00	7441.45
275.20	13105.64	0.00	7096.40
275.30	14257.97	0.00	6732.67
275.40	15359.40	0.00	6351.06
275.50	16404.58	0.00	5952.33
275.60	17388.30	0.00	5537.29
275.70	18305.57	0.00	5106.72
275.80	19151.62	0.00	4661.41
275.90	19921.98	0.00	4202.14
276.00	20612.47	0.00	3729.74
276.10	21219.23	0.00	3245.03
276.20	21738.79	0.00	2748.85
276.30	22168.05	0.00	2242.09
276.40	22504.34	0.00	1725.66
276.50	22745.43	0.00	1200.51
276.60	22889.56	0.00	667.63
276.70	22936.26	0.00	128.08
276.80	22921.07	0.00	-417.04
276.90	22862.80	0.00	-966.55
277.00	22760.59	0.00	-1519.22
277.10	22613.43	0.00	-2073.75
277.20	22420.13	0.00	-2628.74
277.30	22179.38	0.00	-3182.74
277.40	21889.72	0.00	-3734.22
277.50	21549.61	0.00	-4281.56
277.60	21157.47	0.00	-4823.09
277.70	20711.65	0.00	-5357.03
277.80	20210.55	0.00	-5881.56
277.90	19652.60	0.00	-6394.77
278.00	19036.32	0.00	-6894.71
278.10	18360.38	0.00	-7379.37
278.20	17623.64	0.00	-7846.70
278.30	16825.19	0.00	-8294.59
278.40	15964.40	0.00	-8720.94
278.50	15040.95	0.00	-9123.63
278.60	14054.93	0.00	-9500.52
278.70	13006.83	0.00	-9849.50
278.80	11897.60	0.00	-10168.50
278.90	10728.68	0.00	-10455.47
279.00	9502.05	0.00	-10708.43
279.10	8220.24	0.00	-10925.48
279.20	6886.38	0.00	-11104.82
279.30	5504.18	0.00	-11244.74
279.40	4077.96	0.00	-11343.66
279.50	2612.64	0.00	-11400.16
279.60	1113.76	0.00	-11412.96
279.70	-412.58	0.00	-11380.95
279.80	-1959.71	0.00	-11303.24
279.90	-3520.41	0.00	-11179.10
280.00	-5087.00	0.00	-11008.05
280.10	-6651.35	0.00	-10789.81
280.20	-8204.95	0.00	-10524.35
280.30	-9738.97	0.00	-10211.91
280.40	-11244.36	0.00	-9852.93
280.50	-12711.88	0.00	-9448.16
280.60	-14132.23	0.00	-8998.59
280.70	-15496.12	0.00	-8505.47
280.80	-16794.35	0.00	-7970.34
280.90	-18017.95	0.00	-7395.00
281.00	-19158.21	0.00	-6781.48
281.10	-20206.84	0.00	-6132.09
281.20	-21156.03	0.00	-5449.41
281.30	-21998.52	0.00	-4736.20
281.40	-22727.76	0.00	-3995.51
281.50	-23337.90	0.00	-3230.55
281.60	-23823.92	0.00	-2444.76
281.70	-24181.69	0.00	-1641.74
281.80	-24407.99	0.00	-825.27
281.90	-24500.62	0.00	0.75
282.00	-24463.25	0.00	832.28
282.10	-24343.07	0.00	1665.21
282.20	-24151.52	0.00	2495.35
282.30	-23888.06	0.00	3318.44
282.40	-23552.11	0.00	4130.23
282.50	-23143.13	0.00	4926.48
282.60	-22660.65	0.00	5702.96
282.70	-22104.29	0.00	6455.51
282.80	-21473.85	0.00	7180.08
282.90	-20769.29	0.00	7872.70
283.00	-19990.84	0.00	8529.58
283.10	-19139.01	0.00	9147.06
283.20	-18214.68	0.00	9721.71
283.30	-17219.09	0.00	10250.28
283.40	-16153.96	0.00	10729.80
283.50	-15021.46	0.00	11157.53
283.60	-13824.32	0.00	11531.03
283.70	-12565.81	0.00	11848.15
283.80	-11249.75	0.00	12107.07
283.90	-9880.60	0.00	12306.27
284.00	-8463.39	0.00	12444.60
284.10	-7003.75	0.00	12521.26
284.20	-5507.91	0.00	12535.80
284.30	-3982.64	0.00	12488.13
284.40	-2435.25	0.00	12378.53
284.50	-873.50	0.00	12207.66
284.60	694.39	0.00	11976.52
284.70	2259.86	0.00	11686.50
284.80	3814.06	0.00	11339.30
284.90	5347.94	0.00	10936.99
285.00	6852.31	0.00	10481.97
285.10	8317.98	0.00	9976.94
285.20	9735.81	0.00	9424.89
285.30	11096.84	0.00	8829.10
285.40	12392.36	0.00	8193.12
285.50	13614.03	0.00	7520.69
285.60	14753.97	0.00	6815.81
285.70	15804.85	0.00	6082.61
285.80	16759.97	0.00	5325.42
285.90	17613.34	0.00	4548.68
286.00	18359.75	0.00	3756.90
286.10	18994.83	0.00	2954.70
286.20	19515.12	0.00	2146.70
286.30	19918.05	0.00	1337.56
286.40	20202.04	0.00	531.87
286.50	20366.45	0.00	-265.80
286.60	20411.63	0.00	-1050.99
286.70	20338.88	0.00	-1819.34
286.80	20150.44	0.00	-2566.64
286.90	19850.31	0.00	-3288.87
287.00	19470.05	0.00	-3982.19
287.10	19025.65	0.00	-4642.99
287.20	18519.39	0.00	-5267.91
287.30	17953.67	0.00	-5853.87
287.40	17331.01	0.00	-6398.05
287.50	16654.10	0.00	-6897.97
287.60	15925.79	0.00	-7351.45
287.70	15149.09	0.00	-7756.64
287.80	14327.22	0.00	-8112.04
287.90	13463.60	0.00	-8416.50
288.00	12561.83	0.00	-8669.23
288.10	11625.75	0.00	-8869.79
288.20	10659.38	0.00	-9018.09
288.30	9666.96	0.00	-9114.40
288.40	8652.90	0.00	-9159.33
288.50	7621.78	0.00	-9153.83
288.60	6578.34	0.00	-9099.17
288.70	5527.45	0.00	-8996.94
288.80	4474.05	0.00	-8849.01
288.90	3423.15	0.00	-8657.54
289.00	2379.79	0.00	-8424.94
289.10	1348.96	0.00	-8153.83
289.20	335.61	0.00	-7847.08
289.30	-655.42	0.00	-7507.71
289.40	-1619.45	0.00	-7138.91
289.50	-2552.00	0.00	-6743.97
289.60	-3448.82	0.00	-6326.32
289.70	-4305.94	0.00	-5889.42
289.80	-5119.70	0.00	-5436.79
289.90	-5886.81	0.00	-4971.95
290.00	-6604.35	0.00	-4498.39
290.10	-7269.79	0.00	-4019.59
290.20	-7881.06	0.00	-3538.90
290.30	-8436.49	0.00	-3059.59
290.40	-8934.89	0.00	-2584.82
290.50	-9375.49	0.00	-2117.56
290.60	-9758.00	0.00	-1660.63
290.70	-10082.55	0.00	-1216.64
290.80	-10349.68	0.00	-788.00
290.90	-10560.36	0.00	-376.88
291.00	-10715.93	0.00	14.79
291.10	-10818.08	0.00	385.32
291.20	-10868.81	0.00	733.30
291.30	-10870.43	0.00	1057.58
291.40	-10825.47	0.00	1357.26
291.50	-10736.68	0.00	1631.73
291.60	-10606.98	0.00	1880.62
291.70	-10439.41	0.00	2103.84
291.80	-10237.11	0.00	2301.54
291.90	-10003.25	0.00	2474.09
292.00	-9741.02	0.00	2622.11
292.10	-9456.58	0.00	2746.43
292.20	-9159.16	0.00	2848.04
292.30	-8851.10	0.00	2928.15
292.40	-8534.32	0.00	2988.07
292.50	-8210.60	0.00	3029.29
292.60	-7881.56	0.00	3053.37
292.70	-7548.65	0.00	3061.99
292.80	-7213.16	0.00	3056.85
292.90	-6876.20	0.00	3039.73
293.00	-6538.71	0.00	3012.40
293.10	-6201.47	0.00	2976.63
293.20	-5865.08	0.00	2934.15
293.30	-5529.98	0.00	2886.64
293.40	-5196.48	0.00	2835.73
293.50	-4864.72	0.00	2782.92
293.60	-4534.72	0.00	2729.63
293.70	-4206.37	0.00	2677.16
293.80	-3879.46	0.00	2626.65
293.90	-3553.69	0.00	2579.11
294.00	-3228.66	0.00	2535.39
294.10	-2903.96	0.00	2496.17
294.20	-2579.08	0.00	2461.97
294.30	-2253.52	0.00	2433.14
294.40	-1926.78	0.00	2409.86
294.50	-1598.36	0.00	2392.13
294.60	-1267.78	0.00	2379.81
294.70	-934.64	0.00	2372.59
294.80	-598.58	0.00	2370.00
294.90	-259.34	0.00	2371.46
295.00	83.25	0.00	2376.25
295.10	429.27	0.00	2383.54
295.20	778.63	0.00	2392.41
295.30	1131.15	0.00	2401.83
295.40	1486.50	0.00	2410.75
295.50	1844.19	0.00	2418.04
295.60	2203.58	0.00	2422.54
295.70	2563.91	0.00	2423.10
295.80	2924.22	0.00	2418.56
295.90	3283.44	0.00	2407.76
296.00	3640.33	0.00	2389.63
296.10	3993.55	0.00	2363.11
296.20	4341.59	0.00	2327.23
296.30	4682.85	0.00	2281.09
296.40	5015.64	0.00	2223.90
296.50	5338.16	0.00	2154.98
296.60	5648.56	0.00	2073.76
296.70	5944.95	0.00	1979.80
296.80	6225.39	0.00	1872.78
296.90	6487.94	0.00	1752.55
297.00	6730.70	0.00	1619.07
297.10	6951.76	0.00	1472.47
297.20	7149.30	0.00	1313.01
297.30	7321.59	0.00	1141.10
297.40	7466.98	0.00	957.29
297.50	7583.94	0.00	762.27
297.60	7671.10	0.00	556.85
297.70	7727.26	0.00	341.99
297.80	7751.45	0.00	118.74
297.90	7747.02	0.00	-111.75
298.00	7715.48	0.00	-348.20
298.10	7656.28	0.00	-589.28
298.20	7568.97	0.00	-833.57
298.30	7453.24	0.00	-1079.59
298.40	7308.93	0.00	-1325.82
298.50	7136.00	0.00	-1570.72
298.60	6934.55	0.00	-1812.70
298.70	6704.87	0.00	-2050.19
298.80	6447.35	0.00	-2281.61
298.90	6162.60	0.00	-2505.43
299.00	5851.33	0.00	-2720.12
299.10	5514.45	0.00	-2924.21
299.20	5153.02	0.00	-3116.31
299.30	4768.26	0.00	-3295.07
299.40	4361.55	0.00	-3459.25
299.50	3934.43	0.00	-3607.66
299.60	3488.59	0.00	-3739.26
299.70	3025.84	0.00	-3853.09
299.80	2548.17	0.00	-3948.30
299.90	2057.68	0.00	-4024.17
300.00	1556.58	0.00	-4080.13
300.10	1047.21	0.00	-4115.69
300.20	531.98	0.00	-4130.54
300.30	13.40	0.00	-4124.47
300.40	-505.96	0.00	-4097.44
300.50	-1023.47	0.00	-4049.52
300.60	-1536.49	0.00	-3980.91
300.70	-2042.34	0.00	-3891.96
300.80	-2538.36	0.00	-3783.14
300.90	-3021.91	0.00	-3655.05
301.00	-3490.38	0.00	-3508.40
301.10	-3941.25	0.00	-3344.01
301.20	-4372.06	0.00	-3162.82
301.30	-4780.46	0.00	-2965.87
301.40	-5164.21	0.00	-2754.27
301.50	-5521.22	0.00	-2529.25
301.60	-5849.56	0.00	-2292.08
301.70	-6147.45	0.00	-2044.11
301.80	-6413.31	0.00	-1786.76
301.90	-6645.74	0.00	-1521.47
302.00	-6843.58	0.00	-1249.74
302.10	-7005.87	0.00	-973.10
302.20	-7131.85	0.00	-693.07
302.30	-7221.03	0.00	-411.21
302.40	-7273.12	0.00	-129.06
302.50	-7288.10	0.00	151.83
302.60	-7266.14	0.00	429.97
302.70	-7207.68	0.00	703.84
302.80	-7115.15	0.00	972.01
302.90	-6992.90	0.00	1233.07
303.00	-6841.77	0.00	1485.65
303.10	-6662.63	0.00	1728.47
303.20	-6456.45	0.00	1960.30
303.30	-6224.30	0.00	2179.98
303.40	-5967.38	0.00	2386.43
303.50	-5686.96	0.00	2578.66
303.60	-5384.42	0.00	2755.77
303.70	-5061.23	0.00	2916.93
303.80	-4718.96	0.00	3061.44
303.90	-4359.25	0.00	3188.69
304.00	-3983.83	0.00	3298.15
304.10	-3594.50	0.00	3389.42
304.20	-3193.14	0.00	3462.19
304.30	-2781.68	0.00	3516.28
304.40	-2362.11	0.00	3551.58
304.50	-1936.45	0.00	3568.13
304.60	-1506.78	0.00	3566.05
304.70	-1075.18	0.00	3545.56
304.80	-643.78	0.00	3507.02
304.90	-214.67	0.00	3450.85
305.00	210.03	0.00	3377.60
305.10	628.25	0.00	3287.91
305.20	1037.93	0.00	3182.49
305.30	1437.07	0.00	3062.17
305.40	1823.73	0.00	2927.84
305.50	2196.04	0.00	2780.48
305.60	2552.23	0.00	2621.15
305.70	2890.61	0.00	2450.96
305.80	3209.62	0.00	2271.08
305.90	3507.83	0.00	2082.75
306.00	3783.92	0.00	1887.22
306.10	4036.75	0.00	1685.81
306.20	4265.31	0.00	1479.85
306.30	4468.76	0.00	1270.69
306.40	4646.46	0.00	1059.69
306.50	4797.90	0.00	848.21
306.60	4922.77	0.00	637.58
306.70	5020.96	0.00	429.15
306.80	5092.51	0.00	224.20
306.90	5137.67	0.00	23.98
307.00	5156.83	0.00	-170.29
307.10	5150.59	0.00	-357.48
307.20	5119.69	0.00	-536.52
307.30	5065.03	0.00	-706.42
307.40	4987.67	0.00	-866.25
307.50	4889.61	0.00	-1015.23
307.60	4773.81	0.00	-1152.62
307.70	4641.52	0.00	-1277.85
307.80	4494.03	0.00	-1390.41
307.90	4332.66	0.00	-1489.94
308.00	4158.78	0.00	-1576.19
308.10	3973.79	0.00	-1649.05
308.20	3779.11	0.00	-1708.51
308.30	3576.16	0.00	-1754.70
308.40	3366.37	0.00	-1787.88
308.50	3151.14	0.00	-1808.41
308.60	2931.85	0.00	-1816.79
308.70	2709.82	0.00	-1813.63
308.80	2486.33	0.00	-1799.61
308.90	2262.61	0.00	-1775.55
309.00	2039.80	0.00	-1742.35
309.10	1818.94	0.00	-1700.96
309.20	1601.00	0.00	-1652.44
309.30	1386.83	0.00	-1597.86
309.40	1177.18	0.00	-1538.37
309.50	972.68	0.00	-1475.12
309.60	773.85	0.00	-1409.31
309.70	581.05	0.00	-1342.11
309.80	394.57	0.00	-1274.69
309.90	214.52	0.00	-1208.19
310.00	40.93	0.00	-1143.70
310.10	-126.31	0.00	-1082.29
310.20	-287.43	0.00	-1024.91
310.30	-442.74	0.00	-972.48
310.40	-592.68	0.00	-925.78
310.50	-737.75	0.00	-885.52
310.60	-878.55	0.00	-852.29
310.70	-1015.73	0.00	-826.56
310.80	-1150.00	0.00	-808.65
310.90	-1282.09	0.00	-798.78
311.00	-1412.78	0.00	-797.01
311.10	-1542.82	0.00	-803.27
311.20	-1672.96	0.00	-817.36
311.30	-1803.94	0.00	-838.91
311.40	-1936.44	0.00	-867.44
311.50	-2071.06	0.00	-902.35
311.60	-2208.37	0.00	-942.88
311.70	-2348.82	0.00	-988.19
311.80	-2492.74	0.00	-1037.30
311.90	-2640.39	0.00	-1089.15
312.00	-2791.86	0.00	-1142.60
312.10	-2947.12	0.00	-1196.44
312.20	-3106.01	0.00	-1249.38
312.30	-3268.18	0.00	-1300.11
312.40	-3433.17	0.00	-1347.29
312.50	-3600.34	0.00	-1389.56
312.60	-3768.89	0.00	-1425.57
312.70	-3937.87	0.00	-1454.01
312.80	-4106.19	0.00	-1473.58
312.90	-4272.61	0.00	-1483.05
313.00	-4435.75	0.00	-1481.27
313.10	-4595.03	0.00	-1467.14
313.20	-4750.26	0.00	-1439.71
313.30	-4899.98	0.00	-1398.10
313.40	-5042.63	0.00	-1341.58
313.50	-5176.59	0.00	-1269.55
313.60	-5300.15	0.00	-1181.55
313.70	-5411.59	0.00	-1077.27
313.80	-5509.13	0.00	-956.58
313.90	-5590.99	0.00	-819.49
314.00	-5655.40	0.00	-666.20
314.10	-5700.58	0.00	-497.07
314.20	-5724.82	0.00	-312.62
314.30	-5726.44	0.00	-113.55
314.40	-5703.82	0.00	99.28
314.50	-5655.44	0.00	324.83
314.60	-5579.87	0.00	561.96
314.70	-5475.81	0.00	809.32
314.80	-5342.09	0.00	1065.48
314.90	-5177.68	0.00	1328.86
315.00	-4981.71	0.00	1597.76
315.10	-4753.52	0.00	1870.40
315.20	-4492.60	0.00	2144.91
315.30	-4198.69	0.00	2419.33
315.40	-3871.72	0.00	2691.68
315.50	-3511.86	0.00	2959.91
315.60	-3119.53	0.00	3221.97
315.70	-2695.39	0.00	3475.78
315.80	-2240.37	0.00	3719.29
315.90	-1755.64	0.00	3950.47
316.00	-1242.67	0.00	4167.33
316.10	-703.19	0.00	4367.96
316.20	-139.19	0.00	4550.50
316.30	447.07	0.00	4713.19
316.40	1053.04	0.00	4854.38
316.50	1675.96	0.00	4972.54
316.60	2312.78	0.00	5066.27
316.70	2960.25	0.00	5134.30
316.80	3614.89	0.00	5175.55
316.90	4273.03	0.00	5189.08
317.00	4930.81	0.00	5174.12
317.10	5584.25	0.00	5130.09
317.20	6229.22	0.00	5056.60
317.30	6861.52	0.00	4953.45
317.40	7476.87	0.00	4820.63
317.50	8070.99	0.00	4658.34
317.60	8639.58	0.00	4466.95
317.70	9178.42	0.00	4247.05
317.80	9683.35	0.00	3999.43
317.90	10150.37	0.00	3725.03
318.00	10575.60	0.00	3425.03
318.10	10955.40	0.00	3100.74
318.20	11286.34	0.00	2753.67
318.30	11565.60	0.00	2385.47
318.40	11800.05	0.00	1997.95
318.50	11992.47	0.00	1593.06
318.60	12141.30	0.00	1172.86
318.70	12245.13	0.00	739.56
318.80	12302.67	0.00	295.42
318.90	12312.78	0.00	-157.19
319.00	12274.45	0.00	-615.84
319.10	12186.82	0.00	-1078.05
319.20	12049.21	0.00	-1541.30
319.30	11861.08	0.00	-2003.08
319.40	11622.08	0.00	-2460.84
319.50	11332.03	0.00	-2912.08
319.60	10990.97	0.00	-3354.32
319.70	10599.11	0.00	-3785.13
319.80	10156.91	0.00	-4202.16
319.90	9665.05	0.00	-4603.11
320.00	9124.44	0.00	-4985.82
320.10	8536.26	0.00	-5348.20
320.20	7901.92	0.00	-5688.30
320.30	7223.12	0.00	-6004.31
320.40	6501.83	0.00	-6294.54
320.50	5740.28	0.00	-6557.49
320.60	4941.00	0.00	-6791.77
320.70	4106.80	0.00	-6996.21
320.80	3240.74	0.00	-7169.77
320.90	2346.17	0.00	-7311.61
321.00	1426.70	0.00	-7421.04
321.10	486.19	0.00	-7497.58
321.20	-471.29	0.00	-7540.91
321.30	-1441.42	0.00	-7550.87
321.40	-2419.71	0.00	-7527.50
321.50	-3401.49	0.00	-7470.99
321.60	-4381.96	0.00	-7381.69
321.70	-5356.19	0.00	-7260.10
321.80	-6319.19	0.00	-7106.89
321.90	-7265.90	0.00	-6922.83
322.00	-8191.25	0.00	-6708.86
322.10	-9090.21	0.00	-6466.02
322.20	-9957.79	0.00	-6195.46
322.30	-10789.10	0.00	-5898.43
322.40	-11579.38	0.00	-5576.27
322.50	-12324.05	0.00	-5230.43
322.60	-13018.73	0.00	-4862.38
322.70	-13659.27	0.00	-4473.69
322.80	-14241.78	0.00	-4065.98
322.90	-14762.70	0.00	-3640.89
323.00	-15218.78	0.00	-3200.13
323.10	-15607.10	0.00	-2745.41
323.20	-15925.16	0.00	-2278.48
323.30	-16170.81	0.00	-1801.09
323.40	-16342.52	0.00	-1315.02
323.50	-16456.37	0.00	-822.03
323.60	-16523.16	0.00	-323.90
323.70	-16542.53	0.00	177.60
323.80	-16514.08	0.00	680.70
323.90	-16437.42	0.00	1183.65
324.00	-16312.15	0.00	1684.69
324.10	-16137.87	0.00	2182.10
324.20	-15914.19	0.00	2674.14
324.30	-15640.74	0.00	3159.11
324.40	-15317.18	0.00	3635.32
324.50	-14943.21	0.00	4101.08
324.60	-14518.61	0.00	4554.73
324.70	-14043.25	0.00	4994.64
324.80	-13517.10	0.00	5419.18
324.90	-12940.26	0.00	5826.74
325.00	-12312.99	0.00	6215.74
325.10	-11635.74	0.00	6584.64
325.20	-10909.16	0.00	6931.92
325.30	-10134.15	0.00	7256.08
325.40	-9311.86	0.00	7555.67
325.50	-8443.72	0.00	7829.30
325.60	-7531.46	0.00	8075.59
325.70	-6577.15	0.00	8293.27
325.80	-5583.18	0.00	8481.08
325.90	-4552.32	0.00	8637.86
326.00	-3487.68	0.00	8762.54
326.10	-2392.75	0.00	8854.12
326.20	-1271.38	0.00	8911.69
326.30	-127.81	0.00	8934.48
326.40	1033.38	0.00	8921.80
326.50	2207.27	0.00	8873.12
326.60	3388.60	0.00	8788.03
326.70	4571.81	0.00	8666.26
326.80	5751.09	0.00	8507.71
326.90	6920.38	0.00	8312.44
327.00	8073.42	0.00	8080.67
327.10	9203.81	0.00	7812.81
327.20	10305.06	0.00	7509.44
327.30	11370.62	0.00	7171.36
327.40	12393.95	0.00	6799.52
327.50	13368.60	0.00	6395.11
327.60	14288.24	0.00	5959.46
327.70	15146.72	0.00	5494.16
327.80	15938.18	0.00	5000.93
327.90	16657.06	0.00	4481.73
328.00	17298.19	0.00	3938.66
328.10	17856.82	0.00	3374.04
328.20	18328.73	0.00	2790.30
328.30	18710.20	0.00	2190.08
328.40	18998.15	0.00	1576.13
328.50	19190.09	0.00	951.32
328.60	19284.22	0.00	318.66
328.70	19295.50	0.00	-318.77
328.80	19247.18	0.00	-957.79
328.90	19139.10	0.00	-1595.20
329.00	18970.92	0.00	-2227.73
329.10	18742.41	0.00	-2852.13
329.20	18453.43	0.00	-3465.12
329.30	18103.98	0.00	-4063.49
329.40	17694.18	0.00	-4644.07
329.50	17224.31	0.00	-5203.75
329.60	16694.84	0.00	-5739.56
329.70	16106.47	0.00	-6248.61
329.80	15460.11	0.00	-6728.19
329.90	14756.96	0.00	-7175.73
330.00	13998.48	0.00	-7588.87
330.10	13186.46	0.00	-7965.42
330.20	12322.99	0.00	-8303.43
330.30	11410.52	0.00	-8601.19
330.40	10451.85	0.00	-8857.23
330.50	9450.11	0.00	-9070.33
330.60	8408.84	0.00	-9239.55
330.70	7331.90	0.00	-9364.21
330.80	6223.50	0.00	-9443.93
330.90	5088.21	0.00	-9478.58
331.00	3930.87	0.00	-9468.35
331.10	2756.64	0.00	-9413.67
331.20	1570.92	0.00	-9315.26
331.30	379.34	0.00	-9174.10
331.40	-812.30	0.00	-8991.43
331.50	-1998.09	0.00	-8768.73
331.60	-3172.00	0.00	-8507.70
331.70	-4328.00	0.00	-8210.27
331.80	-5460.06	0.00	-7878.55
331.90	-6562.24	0.00	-7514.84
332.00	-7628.74	0.00	-7121.59
332.10	-8653.93	0.00	-6701.40
332.20	-9632.43	0.00	-6256.95
332.30	-10559.14	0.00	-5791.06
332.40	-11429.31	0.00	-5306.57
332.50	-12238.56	0.00	-4806.40
332.60	-12982.94	0.00	-4293.48
332.70	-13658.94	0.00	-3770.75
332.80	-14263.54	0.00	-3241.10
332.90	-14794.23	0.00	-2707.42
333.00	-15249.01	0.00	-2172.50
333.10	-15626.43	0.00	-1639.08
333.20	-15925.55	0.00	-1109.77
333.30	-16145.99	0.00	-587.09
333.40	-16287.88	0.00	-73.41
333.50	-16351.87	0.00	429.02
333.60	-16339.11	0.00	918.11
333.70	-16251.21	0.00	1391.95
333.80	-16090.23	0.00	1848.77
333.90	-15866.73	0.00	2286.99
334.00	-15601.47	0.00	2705.20
334.10	-15296.82	0.00	3102.18
334.20	-14954.41	0.00	3476.87
334.30	-14575.84	0.00	3828.40
334.40	-14162.73	0.00	4156.05
334.50	-13716.65	0.00	4459.30
334.60	-13239.20	0.00	4737.77
334.70	-12731.96	0.00	4991.22
334.80	-12196.50	0.00	5219.58
334.90	-11634.41	0.00	5422.89
335.00	-11047.30	0.00	5601.34
335.10	-10436.76	0.00	5755.20
335.20	-9804.44	0.00	5884.87
335.30	-9152.00	0.00	5990.82
335.40	-8481.12	0.00	6073.61
335.50	-7793.53	0.00	6133.87
335.60	-7090.98	0.00	6172.27
335.70	-6375.28	0.00	6189.54
335.80	-5648.28	0.00	6186.45
335.90	-4911.85	0.00	6163.78
336.00	-4167.94	0.00	6122.33
336.10	-3418.51	0.00	6062.93
336.20	-2665.58	0.00	5986.39
336.30	-1911.22	0.00	5893.53
336.40	-1157.53	0.00	5785.15
336.50	-406.64	0.00	5662.05
336.60	339.28	0.00	5525.00
336.70	1078.05	0.00	5374.77
336.80	1807.45	0.00	5212.08
336.90	2525.25	0.00	5037.66
337.00	3229.23	0.00	4852.20
337.10	3917.17	0.00	4656.37
337.20	4586.85	0.00	4450.83
337.30	5236.09	0.00	4236.22
337.40	5862.72	0.00	4013.15
337.50	6464.63	0.00	3782.23
337.60	7039.77	0.00	3544.06
337.70	7586.13	0.00	3299.23
337.80	8101.82	0.00	3048.32
337.90	8585.00	0.00	2791.91
338.00	9033.95	0.00	2530.59
338.10	9447.07	0.00	2264.95
338.20	9822.86	0.00	1995.58
338.30	10159.98	0.00	1723.09
338.40	10457.22	0.00	1448.09
338.50	10713.53	0.00	1171.21
338.60	10928.04	0.00	893.09
338.70	11100.02	0.00	614.39
338.80	11228.95	0.00	335.77
338.90	11314.48	0.00	57.92
339.00	11356.45	0.00	-218.47
339.10	11354.89	0.00	-492.67
339.20	11310.03	0.00	-763.98
339.30	11222.29	0.00	-1031.65
339.40	11096.26	0.00	-1294.96
339.50	10941.52	0.00	-1553.15
339.60	10758.81	0.00	-1805.50
339.70	10548.50	0.00	-2051.25
339.80	10311.03	0.00	-2289.66
339.90	10046.88	0.00	-2520.02
340.00	9756.56	0.00	-2741.61
340.10	9440.65	0.00	-2953.73
340.20	9099.78	0.00	-3155.70
340.30	8734.64	0.00	-3346.87
340.40	8346.01	0.00	-3526.61
340.50	7934.72	0.00	-3694.34
340.60	7501.70	0.00	-3849.49
340.70	7047.95	0.00	-3991.54
340.80	6574.56	0.00	-4120.02
340.90	6082.72	0.00	-4234.49
341.00	5573.69	0.00	-4334.56
341.10	5048.83	0.00	-4419.89
341.20	4509.61	0.00	-4490.20
341.30	3957.56	0.00	-4545.25
341.40	3394.32	0.00	-4584.87
341.50	2821.62	0.00	-4608.92
341.60	2241.26	0.00	-4617.35
341.70	1655.11	0.00	-4610.13
341.80	1065.12	0.00	-4587.31
341.90	473.32	0.00	-4548.99
342.00	-118.24	0.00	-4495.32
342.10	-707.43	0.00	-4426.52
342.20	-1292.10	0.00	-4342.85
342.30	-1870.07	0.00	-4244.61
342.40	-2439.15	0.00	-4132.19
342.50	-2997.14	0.00	-4005.98
342.60	-3541.85	0.00	-3866.45
342.70	-4071.12	0.00	-3714.10
342.80	-4582.81	0.00	-3549.48
342.90	-5074.83	0.00	-3373.18
343.00	-5545.17	0.00	-3185.81
343.10	-5991.87	0.00	-2988.04
343.20	-6413.05	0.00	-2780.55
343.30	-6806.95	0.00	-2564.07
343.40	-7171.90	0.00	-2339.34
343.50	-7506.36	0.00	-2107.13
343.60	-7808.91	0.00	-1868.22
343.70	-8078.27	0.00	-1623.45
343.80	-8313.33	0.00	-1373.63
343.90	-8513.10	0.00	-1119.60
344.00	-8676.76	0.00	-862.23
344.10	-8803.68	0.00	-602.37
344.20	-8893.38	0.00	-340.91
344.30	-8945.55	0.00	-78.72
344.40	-8960.07	0.00	183.31
344.50	-8936.99	0.00	444.30
344.60	-8876.53	0.00	703.37
344.70	-8782.05	0.00	959.61
344.80	-8659.26	0.00	1212.17
344.90	-8508.62	0.00	1460.15
345.00	-8330.53	0.00	1702.70
345.10	-8125.43	0.00	1938.95
345.20	-7893.85	0.00	2168.06
345.30	-7636.34	0.00	2389.20
345.40	-7353.54	0.00	2601.56
345.50	-7046.18	0.00	2804.32
345.60	-6715.04	0.00	2996.71
345.70	-6360.98	0.00	3177.99
345.80	-5984.96	0.00	3347.41
345.90	-5588.02	0.00	3504.29
346.00	-5171.29	0.00	3647.94
346.10	-4736.00	0.00	3777.74
346.20	-4283.48	0.00	3893.10
346.30	-3815.15	0.00	3993.45
346.40	-3332.53	0.00	4078.28
346.50	-2837.27	0.00	4147.14
346.60	-2331.08	0.00	4199.61
346.70	-1815.78	0.00	4235.34
346.80	-1293.31	0.00	4254.04
346.90	-765.66	0.00	4255.46
347.00	-234.94	0.00	4239.45
347.10	296.71	0.00	4205.89
347.20	827.02	0.00	4154.78
347.30	1353.73	0.00	4086.15
347.40	1874.49	0.00	4000.13
347.50	2386.92	0.00	3896.94
347.60	2888.64	0.00	3776.85
347.70	3377.25	0.00	3640.24
347.80	3850.38	0.00	3487.58
347.90	4305.66	0.00	3319.39
348.00	4740.78	0.00	3136.32
348.10	5153.50	0.00	2939.06
348.20	5541.66	0.00	2728.43
348.30	5903.17	0.00	2505.28
348.40	6236.09	0.00	2270.58
348.50	6538.60	0.00	2025.37
348.60	6809.02	0.00	1770.74
348.70	7045.86	0.00	1507.86
348.80	7247.78	0.00	1237.96
348.90	7413.66	0.00	962.34
349.00	7542.56	0.00	682.33
349.10	7633.78	0.00	399.31
349.20	7686.83	0.00	114.70
349.30	7701.45	0.00	-170.08
349.40	7677.62	0.00	-453.55
349.50	7617.15	0.00	-734.26
349.60	7524.84	0.00	-1010.73
349.70	7401.34	0.00	-1281.52
349.80	7247.20	0.00	-1545.20
349.90	7063.09	0.00	-1800.36
350.00	6849.81	0.00	-2045.64
350.10	6608.26	0.00	-2279.74
350.20	6339.50	0.00	-2501.40
350.30	6044.70	0.00	-2709.45
350.40	5725.16	0.00	-2902.78
350.50	5382.31	0.00	-3080.39
350.60	5017.68	0.00	-3241.35
350.70	4632.95	0.00	-3384.86
350.80	4229.88	0.00	-3510.22
350.90	3810.35	0.00	-3616.83
351.00	3376.34	0.00	-3704.23
351.10	2929.92	0.00	-3772.07
351.20	2473.22	0.00	-3820.15
351.30	2008.47	0.00	-3848.39
351.40	1537.93	0.00	-3856.82
351.50	1063.92	0.00	-3845.62
351.60	588.77	0.00	-3815.10
351.70	114.84	0.00	-3765.70
351.80	-355.52	0.00	-3697.97
351.90	-819.97	0.00	-3612.59
352.00	-1276.23	0.00	-3510.33
352.10	-1722.04	0.00	-3392.10
352.20	-2155.23	0.00	-3258.88
352.30	-2573.71	0.00	-3111.75
352.40	-2975.50	0.00	-2951.87
352.50	-3358.74	0.00	-2780.47
352.60	-3721.68	0.00	-2598.83
352.70	-4062.74	0.00	-2408.29
352.80	-4380.48	0.00	-2210.20
352.90	-4673.65	0.00	-2005.97
353.00	-4941.15	0.00	-1796.99
353.10	-5182.07	0.00	-1584.65
353.20	-5395.70	0.00	-1370.34
353.30	-5581.50	0.00	-1155.42
353.40	-5739.15	0.00	-941.19
353.50	-5868.49	0.00	-728.93
353.60	-5969.55	0.00	-519.84
353.70	-6042.56	0.00	-315.04
353.80	-6087.91	0.00	-115.61
353.90	-6106.15	0.00	77.50
354.00	-6097.99	0.00	263.43
354.10	-6064.27	0.00	441.39
354.20	-6006.72	0.00	610.74
354.30	-5929.25	0.00	770.93
354.40	-5833.16	0.00	921.51
354.50	-5719.50	0.00	1062.17
354.60	-5589.34	0.00	1192.69
354.70	-5443.77	0.00	1312.99
354.80	-5283.87	0.00	1423.07
354.90	-5110.72	0.00	1523.06
355.00	-4925.38	0.00	1613.17
355.10	-4728.88	0.00	1693.71
355.20	-4522.21	0.00	1765.08
355.30	-4306.33	0.00	1827.76
355.40	-4082.14	0.00	1882.28
355.50	-3850.51	0.00	1929.25
355.60	-3612.21	0.00	1969.30
355.70	-3367.98	0.00	2003.11
355.80	-3118.49	0.00	2031.38
355.90	-2864.31	0.00	2054.82
356.00	-2605.99	0.00	2074.12
356.10	-2343.97	0.00	2089.99
356.20	-2078.66	0.00	2103.07
356.30	-1810.38	0.00	2114.00
356.40	-1539.41	0.00	2123.35
356.50	-1265.97	0.00	2131.64
356.60	-990.24	0.00	2139.30
356.70	-712.36	0.00	2146.71
356.80	-432.44	0.00	2154.15
356.90	-150.58	0.00	2161.80
357.00	133.14	0.00	2169.77
357.10	418.62	0.00	2178.06
357.20	705.77	0.00	2186.55
357.30	994.46	0.00	2195.04
357.40	1284.52	0.00	2203.23
357.50	1575.73	0.00	2210.71
357.60	1867.82	0.00	2217.00
357.70	2160.45	0.00	2221.50
357.80	2453.20	0.00	2223.56
357.90	2745.54	0.00	2222.45
358.00	3036.87	0.00	2217.37
358.10	3326.48	0.00	2207.48
358.20	3613.55	0.00	2191.91
358.30	3897.14	0.00	2169.74
358.40	4176.22	0.00	2140.08
358.50	4449.62	0.00	2102.00
358.60	4716.08	0.00	2054.63
358.70	4974.25	0.00	1997.10
358.80	5222.65	0.00	1928.62
358.90	5459.73	0.00	1848.45
359.00	5683.87	0.00	1755.92
359.10	5893.38	0.00	1650.47
359.20	6086.51	0.00	1531.65
359.30	6261.49	0.00	1399.11
359.40	6416.54	0.00	1252.65
359.50	6549.89	0.00	1092.20
359.60	6661.32	0.00	917.84
359.70	6752.36	0.00	729.81
359.80	6821.61	0.00	528.50
359.90	6867.67	0.00	314.48
360.00	6889.13	0.00	88.48
360.10	6884.66	0.00	-148.63
360.20	6853.00	0.00	-395.77
360.30	6793.00	0.00	-651.74
360.40	6703.59	0.00	-915.18
360.50	6583.84	0.00	-1184.58
360.60	6432.96	0.00	-1458.30
360.70	6250.32	0.00	-1734.59
360.80	6035.48	0.00	-2011.58
360.90	5788.17	0.00	-2287.31
361.00	5508.34	0.00	-2559.77
361.10	5196.15	0.00	-2826.86
361.20	4852.02	0.00	-3086.47
361.30	4476.58	0.00	-3336.45
361.40	4070.73	0.00	-3574.68
361.50	3635.65	0.00	-3799.04
361.60	3172.76	0.00	-4007.46
361.70	2683.75	0.00	-4197.96
361.80	2170.59	0.00	-4368.61
361.90	1635.51	0.00	-4517.62
362.00	1081.01	0.00	-4643.32
362.10	509.82	0.00	-4744.16
362.20	-75.07	0.00	-4818.79
362.30	-670.47	0.00	-4866.01
362.40	-1272.95	0.00	-4884.82
362.50	-1878.95	0.00	-4874.45
362.60	-2484.71	0.00	-4834.30
362.70	-3086.38	0.00	-4764.04
362.80	-3679.98	0.00	-4663.55
362.90	-4261.50	0.00	-4532.95
363.00	-4826.89	0.00	-4372.60
363.10	-5372.10	0.00	-4183.08
363.20	-5893.16	0.00	-3965.25
363.30	-6386.18	0.00	-3720.16
363.40	-6847.39	0.00	-3449.11
363.50	-7273.20	0.00	-3153.61
363.60	-7660.23	0.00	-2835.37
363.70	-8005.34	0.00	-2496.31
363.80	-8305.70	0.00	-2138.50
363.90	-8558.75	0.00	-1764.20
364.00	-8762.30	0.00	-1375.81
364.10	-8914.54	0.00	-975.85
364.20	-9014.03	0.00	-566.93
364.30	-9059.74	0.00	-151.78
364.40	-9051.89	0.00	266.83
364.50	-8996.83	0.00	686.09
364.60	-8896.08	0.00	1103.16
364.70	-8749.90	0.00	1515.23
364.80	-8558.83	0.00	1919.49
364.90	-8323.64	0.00	2313.19
365.00	-8045.33	0.00	2693.66
365.10	-7725.18	0.00	3058.32
365.20	-7364.67	0.00	3404.69
365.30	-6965.56	0.00	3730.44
365.40	-6529.82	0.00	4033.38
365.50	-6059.67	0.00	4311.49
365.60	-5557.54	0.00	4562.93
365.70	-5026.11	0.00	4786.05
365.80	-4468.24	0.00	4979.43
365.90	-3887.02	0.00	5141.82
366.00	-3285.68	0.00	5272.25
366.10	-2667.67	0.00	5369.92
366.20	-2036.54	0.00	5434.32
366.30	-1396.02	0.00	5465.14
366.40	-749.91	0.00	5462.32
366.50	-102.10	0.00	5426.02
366.60	543.46	0.00	5356.65
366.70	1182.79	0.00	5254.83
366.80	1811.92	0.00	5121.41
366.90	2426.93	0.00	4957.44
367.00	3023.93	0.00	4764.16
367.10	3599.16	0.00	4543.03
367.20	4148.96	0.00	4295.65
367.30	4669.86	0.00	4023.80
367.40	5158.57	0.00	3729.41
367.50	5612.01	0.00	3414.51
367.60	6027.36	0.00	3081.29
367.70	6402.06	0.00	2732.00
367.80	6733.86	0.00	2368.99
367.90	7020.81	0.00	1994.66
368.00	7261.29	0.00	1611.46
368.10	7454.04	0.00	1221.87
368.20	7598.13	0.00	828.39
368.30	7693.01	0.00	433.48
368.40	7738.48	0.00	39.61
368.50	7734.70	0.00	-350.81
368.60	7682.19	0.00	-735.40
368.70	7581.81	0.00	-1111.89
368.80	7437.65	0.00	-1478.05
368.90	7254.15	0.00	-1831.77
369.00	7032.62	0.00	-2171.05
369.10	6774.57	0.00	-2493.99
369.20	6481.64	0.00	-2798.84
369.30	6155.66	0.00	-3083.96
369.40	5798.58	0.00	-3347.89
369.50	5412.52	0.00	-3589.29
369.60	4999.73	0.00	-3806.99
369.70	4562.58	0.00	-3999.97
369.80	4103.58	0.00	-4167.39
369.90	3625.34	0.00	-4308.55
370.00	3130.59	0.00	-4422.94
370.10	2622.12	0.00	-4510.21
370.20	2102.82	0.00	-4570.16
370.30	1575.66	0.00	-4602.77
370.40	1043.64	0.00	-4608.17
370.50	509.81	0.00	-4586.66
370.60	-22.79	0.00	-4538.66
370.70	-551.06	0.00	-4464.77
370.80	-1071.98	0.00	-4365.72
370.90	-1582.51	0.00	-4242.38
371.00	-2079.69	0.00	-4095.72
371.10	-2560.63	0.00	-3926.86
371.20	-3022.52	0.00	-3737.02
371.30	-3462.68	0.00	-3527.52
371.40	-3878.55	0.00	-3299.78
371.50	-4267.70	0.00	-3055.32
371.60	-4627.91	0.00	-2795.69
371.70	-4957.11	0.00	-2522.56
371.80	-5253.43	0.00	-2237.62
371.90	-5515.23	0.00	-1942.63
372.00	-5741.08	0.00	-1639.35
372.10	-5929.80	0.00	-1329.62
372.20	-6080.45	0.00	-1015.25
372.30	-6192.34	0.00	-698.07
372.40	-6265.04	0.00	-379.92
372.50	-6298.37	0.00	-62.60
372.60	-6292.61	0.00	252.09
372.70	-6251.10	0.00	562.41
372.80	-6175.40	0.00	866.64
372.90	-6066.15	0.00	1163.12
373.00	-5924.13	0.00	1450.27
373.10	-5750.27	0.00	1726.55
373.20	-5545.65	0.00	1990.53
373.30	-5311.47	0.00	2240.83
373.40	-5049.07	0.00	2476.21
373.50	-4759.93	0.00	2695.50
373.60	-4445.65	0.00	2897.63
373.70	-4107.93	0.00	3081.66
373.80	-3748.62	0.00	3246.77
373.90	-3369.64	0.00	3392.24
374.00	-2973.04	0.00	3517.49
374.10	-2560.95	0.00	3622.07
374.20	-2135.58	0.00	3705.63
374.30	-1699.21	0.00	3767.99
374.40	-1254.20	0.00	3809.06
374.50	-802.93	0.00	3828.91
374.60	-347.85	0.00	3827.72
374.70	108.58	0.00	3805.78
374.80	563.91	0.00	3763.52
374.90	1015.67	0.00	3701.49
375.00	1461.41	0.00	3620.34
375.10	1898.74	0.00	3520.81
375.20	2325.30	0.00	3403.78
375.30	2738.80	0.00	3270.18
375.40	3137.04	0.00	3121.05
375.50	3517.92	0.00	2957.49
375.60	3879.46	0.00	2780.67
375.70	4219.78	0.00	2591.84
375.80	4537.16	0.00	2392.27
375.90	4830.04	0.00	2183.28
376.00	5096.99	0.00	1966.22
376.10	5336.78	0.00	1742.46
376.20	5548.36	0.00	1513.39
376.30	5730.84	0.00	1280.37
376.40	5883.54	0.00	1044.78
376.50	6005.96	0.00	807.97
376.60	6097.80	0.00	571.26
376.70	6158.95	0.00	335.95
376.80	6190.20	0.00	103.26
376.90	6194.89	0.00	-125.60
377.00	6173.77	0.00	-349.51
377.10	6127.38	0.00	-567.40
377.20	6056.33	0.00	-778.29
377.30	5961.32	0.00	-981.25
377.40	5843.12	0.00	-1175.46
377.50	5702.59	0.00	-1360.15
377.60	5540.64	0.00	-1534.68
377.70	5358.25	0.00	-1698.46
377.80	5156.46	0.00	-1851.02
377.90	4936.34	0.00	-1991.96
378.00	4699.00	0.00	-2121.00
378.10	4445.63	0.00	-2237.91
378.20	4177.38	0.00	-2342.58
378.30	3895.49	0.00	-2434.97
378.40	3601.18	0.00	-2515.14
378.50	3295.68	0.00	-2583.21
378.60	2980.25	0.00	-2639.37
378.70	2656.13	0.00	-2683.91
378.80	2324.57	0.00	-2717.15
378.90	1986.80	0.00	-2739.48
379.00	1644.04	0.00	-2751.36
379.10	1297.48	0.00	-2753.26
379.20	948.29	0.00	-2745.72
379.30	597.63	0.00	-2729.29
379.40	246.59	0.00	-2704.56
379.50	-103.74	0.00	-2672.13
379.60	-452.33	0.00	-2632.61
379.70	-798.19	0.00	-2586.60
379.80	-1140.36	0.00	-2534.72
379.90	-1477.93	0.00	-2477.58
380.00	-1810.06	0.00	-2415.73
380.10	-2135.92	0.00	-2349.76
380.20	-2454.75	0.00	-2280.19
380.30	-2765.82	0.00	-2207.50
380.40	-3068.44	0.00	-2132.17
380.50	-3362.00	0.00	-2054.61
380.60	-3645.87	0.00	-1975.19
380.70	-3919.52	0.00	-1894.23
380.80	-4182.40	0.00	-1812.01
380.90	-4434.02	0.00	-1728.74
381.00	-4673.91	0.00	-1644.59
381.10	-4901.64	0.00	-1559.68
381.20	-5116.77	0.00	-1474.07
381.30	-5318.89	0.00	-1387.77
381.40	-5507.62	0.00	-1300.76
381.50	-5682.57	0.00	-1212.94
381.60	-5843.35	0.00	-1124.20
381.70	-5989.60	0.00	-1034.38
381.80	-6120.94	0.00	-943.29
381.90	-6236.99	0.00	-850.70
382.00	-6337.39	0.00	-756.37
382.10	-6421.75	0.00	-660.04
382.20	-6491.96	0.00	-561.44
382.30	-6549.95	0.00	-460.31
382.40	-6595.43	0.00	-356.36
382.50	-6628.07	0.00	-249.34
382.60	-6647.50	0.00	-139.00
382.70	-6653.32	0.00	-25.12
382.80	-6645.09	0.00	92.49
382.90	-6622.32	0.00	213.98
383.00	-6584.52	0.00	339.47
383.10	-6531.16	0.00	469.02
383.20	-6461.68	0.00	602.65
383.30	-6375.52	0.00	740.31
383.40	-6272.13	0.00	881.90
383.50	-6150.92	0.00	1027.24
383.60	-6011.35	0.00	1176.09
383.70	-5852.89	0.00	1328.17
383.80	-5675.02	0.00	1483.07
383.90	-5477.27	0.00	1640.37
384.00	-5259.24	0.00	1799.54
384.10	-5020.55	0.00	1960.01
384.20	-4760.91	0.00	2121.11
384.30	-4480.12	0.00	2282.15
384.40	-4178.05	0.00	2442.34
384.50	-3854.68	0.00	2600.87
384.60	-3510.11	0.00	2756.85
384.70	-3144.54	0.00	2909.38
384.80	-2758.32	0.00	3057.49
384.90	-2351.93	0.00	3200.21
385.00	-1925.98	0.00	3336.52
385.10	-1481.27	0.00	3465.42
385.20	-1018.71	0.00	3585.88
385.30	-539.42	0.00	3696.87
385.40	-44.64	0.00	3797.40
385.50	464.20	0.00	3886.48
385.60	985.50	0.00	3963.15
385.70	1517.51	0.00	4026.50
385.80	2058.31	0.00	4075.67
385.90	2605.83	0.00	4109.84
386.00	3157.87	0.00	4128.26
386.10	3712.05	0.00	4130.27
386.20	4265.90	0.00	4115.27
386.30	4816.82	0.00	4082.75
386.40	5362.11	0.00	4032.29
386.50	5899.00	0.00	3963.59
386.60	6424.64	0.00	3876.41
386.70	6936.13	0.00	3770.65
386.80	7430.56	0.00	3646.31
386.90	7905.02	0.00	3503.49
387.00	8356.59	0.00	3342.41
387.10	8782.42	0.00	3163.41
387.20	9179.73	0.00	2966.91
387.30	9545.79	0.00	2753.49
387.40	9878.04	0.00	2523.78
387.50	10174.01	0.00	2278.57
387.60	10431.42	0.00	2018.71
387.70	10648.15	0.00	1745.16
387.80	10822.44	0.00	1458.98
387.90	10960.60	0.00	1161.30
388.00	11066.10	0.00	853.32
388.10	11138.02	0.00	536.34
388.20	11175.48	0.00	211.69
388.30	11177.71	0.00	-119.22
388.40	11143.97	0.00	-454.95
388.50	11073.66	0.00	-794.03
388.60	10966.23	0.00	-1134.93
388.70	10821.24	0.00	-1476.13
388.80	10638.34	0.00	-1816.10
388.90	10417.29	0.00	-2153.29
389.00	10157.97	0.00	-2486.17
389.10	9860.37	0.00	-2813.22
389.20	9524.61	0.00	-3132.96
389.30	9150.94	0.00	-3443.91
389.40	8739.76	0.00	-3744.67
389.50	8291.61	0.00	-4033.84
389.60	7807.19	0.00	-4310.12
389.70	7287.38	0.00	-4572.24
389.80	6733.20	0.00	-4819.01
389.90	6145.88	0.00	-5049.28
390.00	5526.81	0.00	-5262.01
390.10	4877.56	0.00	-5456.22
390.20	4199.92	0.00	-5631.00
390.30	3495.83	0.00	-5785.55
390.40	2767.45	0.00	-5919.11
390.50	2017.12	0.00	-6031.05
390.60	1247.36	0.00	-6120.80
390.70	460.87	0.00	-6187.88
390.80	-339.46	0.00	-6231.90
390.90	-1150.58	0.00	-6252.55
391.00	-1969.30	0.00	-6249.61
391.10	-2792.27	0.00	-6222.93
391.20	-3616.01	0.00	-6172.47
391.30	-4436.92	0.00	-6098.25
391.40	-5251.32	0.00	-6000.36
391.50	-6055.43	0.00	-5878.98
391.60	-6845.43	0.00	-5734.37
391.70	-7617.44	0.00	-5566.85
391.80	-8367.58	0.00	-5376.84
391.90	-9091.97	0.00	-5164.79
392.00	-9786.77	0.00	-4931.25
392.10	-10448.20	0.00	-4676.84
392.20	-11072.56	0.00	-4402.22
392.30	-11656.25	0.00	-4108.16
392.40	-12195.82	0.00	-3795.45
392.50	-12687.98	0.00	-3464.98
392.60	-13129.61	0.00	-3117.69
392.70	-13517.83	0.00	-2754.59
392.80	-13849.98	0.00	-2376.75
392.90	-14123.64	0.00	-1985.32
393.00	-14336.71	0.00	-1581.49
393.10	-14487.35	0.00	-1166.54
393.20	-14584.36	0.00	-741.80
393.30	-14639.21	0.00	-308.65
393.40	-14651.14	0.00	131.45
393.50	-14619.39	0.00	576.99
393.60	-14543.22	0.00	1026.39
393.70	-14421.91	0.00	1478.03
393.80	-14254.75	0.00	1930.23
393.90	-14041.12	0.00	2381.26
394.00	-13780.40	0.00	2829.37
394.10	-13472.11	0.00	3272.72
394.20	-13115.80	0.00	3709.49
394.30	-12711.17	0.00	4137.79
394.40	-12258.05	0.00	4555.74
394.50	-11756.41	0.00	4961.42
394.60	-11206.40	0.00	5352.93
394.70	-10608.37	0.00	5728.35
394.80	-9962.91	0.00	6085.79
394.90	-9270.84	0.00	6423.38
395.00	-8533.24	0.00	6739.26
395.10	-7751.49	0.00	7031.66
395.20	-6927.29	0.00	7298.82
395.30	-6062.63	0.00	7539.07
395.40	-5159.87	0.00	7750.81
395.50	-4221.69	0.00	7932.54
395.60	-3251.14	0.00	8082.85
395.70	-2251.62	0.00	8200.44
395.80	-1226.88	0.00	8284.16
395.90	-181.05	0.00	8332.96
396.00	881.45	0.00	8345.96
396.10	1955.85	0.00	8322.43
396.20	3037.07	0.00	8261.81
396.30	4119.78	0.00	8163.69
396.40	5198.38	0.00	8027.88
396.50	6267.08	0.00	7854.35
396.60	7319.91	0.00	7643.28
396.70	8350.77	0.00	7395.03
396.80	9353.51	0.00	7110.18
396.90	10321.92	0.00	6789.51
397.00	11249.85	0.00	6434.01
397.10	12131.21	0.00	6044.87
397.20	12960.06	0.00	5623.48
397.30	13730.69	0.00	5171.43
397.40	14437.61	0.00	4690.53
397.50	15075.66	0.00	4182.75
397.60	15640.07	0.00	3650.27
397.70	16126.48	0.00	3095.41
397.80	16531.00	0.00	2520.70
397.90	16850.27	0.00	1928.79
398.00	17081.50	0.00	1322.48
398.10	17222.48	0.00	704.71
398.20	17272.77	0.00	78.51
398.30	17253.79	0.00	-552.97
398.40	17173.60	0.00	-1186.52
398.50	17031.77	0.00	-1818.86
398.60	16827.97	0.00	-2446.66
398.70	16561.99	0.00	-3066.58
398.80	16233.77	0.00	-3675.27
398.90	15843.42	0.00	-4269.39
399.00	15391.23	0.00	-4845.66
399.10	14877.70	0.00	-5400.84
399.20	14303.57	0.00	-5931.78
399.30	13669.83	0.00	-6435.42
399.40	12977.76	0.00	-6908.85
399.50	12228.96	0.00	-7349.27
399.60	11425.36	0.00	-7754.06
399.70	10569.25	0.00	-8120.79
399.80	9663.27	0.00	-8447.23
399.90	8710.47	0.00	-8731.34
400.00	7714.30	0.00	-8971.36
400.10	6678.61	0.00	-9165.74
400.20	5607.63	0.00	-9313.22
400.30	4506.03	0.00	-9412.80
400.40	3378.82	0.00	-9463.76
400.50	2231.38	0.00	-9465.70
400.60	1069.46	0.00	-9418.50
400.70	-100.94	0.00	-9322.33
400.80	-1273.51	0.00	-9177.68
400.90	-2441.76	0.00	-8985.35
401.00	-3599.00	0.00	-8746.43
401.10	-4738.45	0.00	-8462.30
401.20	-5853.29	0.00	-8134.66
401.30	-6936.69	0.00	-7765.44
401.40	-7981.91	0.00	-7356.87
401.50	-8982.38	0.00	-6911.43
401.60	-9931.73	0.00	-6431.82
401.70	-10823.88	0.00	-5920.98
401.80	-11653.09	0.00	-5382.02
401.90	-12414.08	0.00	-4818.25
402.00	-13102.00	0.00	-4233.11
402.10	-13712.55	0.00	-3630.18
402.20	-14242.01	0.00	-3013.13
402.30	-14687.28	0.00	-2385.72
402.40	-15045.92	0.00	-1751.73
402.50	-15316.16	0.00	-1114.98
402.60	-15496.95	0.00	-479.26
402.70	-15587.92	0.00	151.67
402.80	-15589.43	0.00	774.11
402.90	-15502.55	0.00	1384.47
403.00	-15329.12	0.00	1979.28
403.10	-15086.19	0.00	2555.19
403.20	-14785.97	0.00	3109.06
403.30	-14430.34	0.00	3637.92
403.40	-14021.35	0.00	4139.01
403.50	-13561.21	0.00	4609.80
403.60	-13052.32	0.00	5048.02
403.70	-12497.22	0.00	5451.64
403.80	-11898.62	0.00	5818.93
403.90	-11259.38	0.00	6148.41
404.00	-10582.56	0.00	6438.91
404.10	-9871.33	0.00	6689.53
404.20	-9129.04	0.00	6899.67
404.30	-8359.18	0.00	7069.02
404.40	-7565.35	0.00	7197.55
404.50	-6751.30	0.00	7285.50
404.60	-5920.86	0.00	7333.40
404.70	-5077.95	0.00	7342.00
404.80	-4226.56	0.00	7312.32
404.90	-3370.72	0.00	7245.60
405.00	-2514.47	0.00	7143.28
405.10	-1661.86	0.00	7007.00
405.20	-816.89	0.00	6838.57
405.30	16.50	0.00	6639.94
405.40	834.44	0.00	6413.21
405.50	1633.19	0.00	6160.55
405.60	2409.15	0.00	5884.25
405.70	3158.88	0.00	5586.64
405.80	3879.14	0.00	5270.11
405.90	4566.89	0.00	4937.05
406.00	5219.34	0.00	4589.86
406.10	5833.91	0.00	4230.92
406.20	6408.34	0.00	3862.56
406.30	6940.60	0.00	3487.07
406.40	7428.96	0.00	3106.67
406.50	7871.97	0.00	2723.49
406.60	8268.49	0.00	2339.56
406.70	8617.65	0.00	1956.81
406.80	8918.88	0.00	1577.06
406.90	9171.90	0.00	1201.99
407.00	9376.68	0.00	833.18
407.10	9533.47	0.00	472.08
407.20	9642.77	0.00	119.98
407.30	9705.32	0.00	-221.93
407.40	9722.08	0.00	-552.59
407.50	9694.19	0.00	-871.07
407.60	9623.03	0.00	-1176.57
407.70	9510.10	0.00	-1468.39
407.80	9357.08	0.00	-1745.94
407.90	9165.81	0.00	-2008.73
408.00	8943.22	0.00	-2256.37
408.10	8694.66	0.00	-2488.54
408.20	8421.46	0.00	-2705.00
408.30	8124.97	0.00	-2905.60
408.40	7806.50	0.00	-3090.23
408.50	7467.37	0.00	-3258.81
408.60	7108.89	0.00	-3411.35
408.70	6732.38	0.00	-3547.86
408.80	6339.16	0.00	-3668.40
408.90	5930.57	0.00	-3773.05
409.00	5507.95	0.00	-3861.90
409.10	5072.69	0.00	-3935.07
409.20	4626.19	0.00	-3992.68
409.30	4169.87	0.00	-4034.88
409.40	3705.21	0.00	-4061.82
409.50	3233.73	0.00	-4073.65
409.60	2756.96	0.00	-4070.55
409.70	2276.50	0.00	-4052.69
409.80	1793.99	0.00	-4020.28
409.90	1311.10	0.00	-3973.53
410.00	829.56	0.00	-3912.67
410.10	351.11	0.00	-3837.96
410.20	-122.47	0.00	-3749.70
410.30	-589.37	0.00	-3648.19
410.40	-1047.76	0.00	-3533.80
410.50	-1495.81	0.00	-3406.91
410.60	-1931.70	0.00	-3267.98
410.70	-2353.61	0.00	-3117.48
410.80	-2759.75	0.00	-2955.95
410.90	-3148.36	0.00	-2783.98
411.00	-3517.76	0.00	-2602.21
411.10	-3866.31	0.00	-2411.34
411.20	-4192.45	0.00	-2212.10
411.30	-4494.73	0.00	-2005.32
411.40	-4771.78	0.00	-1791.84
411.50	-5022.39	0.00	-1572.56
411.60	-5245.44	0.00	-1348.43
411.70	-5439.99	0.00	-1120.44
411.80	-5605.23	0.00	-889.61
411.90	-5740.53	0.00	-657.00
412.00	-5845.42	0.00	-423.68
412.10	-5919.61	0.00	-190.74
412.20	-5962.99	0.00	40.72
412.30	-5975.64	0.00	269.60
412.40	-5957.82	0.00	494.81
412.50	-5909.96	0.00	715.28
412.60	-5832.69	0.00	929.96
412.70	-5726.80	0.00	1137.84
412.80	-5593.75	0.00	1337.94
412.90	-5437.10	0.00	1529.35
413.00	-5258.19	0.00	1711.18
413.10	-5058.05	0.00	1882.65
413.20	-4837.84	0.00	2043.01
413.30	-4598.77	0.00	2191.60
413.40	-4342.13	0.00	2327.84
413.50	-4069.28	0.00	2451.21
413.60	-3781.64	0.00	2561.31
413.70	-3480.69	0.00	2657.79
413.80	-3167.93	0.00	2740.39
413.90	-2844.93	0.00	2808.97
414.00	-2513.29	0.00	2863.41
414.10	-2174.60	0.00	2903.74
414.20	-1830.51	0.00	2930.01
414.30	-1482.64	0.00	2942.37
414.40	-1132.64	0.00	2941.04
414.50	-782.11	0.00	2926.31
414.60	-432.69	0.00	2898.51
414.70	-85.94	0.00	2858.04
414.80	256.57	0.00	2805.33
414.90	593.32	0.00	2740.87
415.00	922.85	0.00	2665.18
415.10	1243.71	0.00	2578.80
415.20	1554.54	0.00	2482.31
415.30	1854.01	0.00	2376.29
415.40	2140.89	0.00	2261.34
415.50	2413.97	0.00	2138.09
415.60	2672.14	0.00	2007.13
415.70	2914.36	0.00	1869.10
415.80	3139.64	0.00	1724.60
415.90	3347.11	0.00	1574.25
416.00	3535.93	0.00	1418.65
416.10	3705.37	0.00	1258.40
416.20	3854.77	0.00	1094.09
416.30	3983.56	0.00	926.30
416.40	4091.25	0.00	755.62
416.50	4177.41	0.00	582.60
416.60	4241.74	0.00	407.83
416.70	4283.98	0.00	231.85
416.80	4303.98	0.00	55.23
416.90	4301.68	0.00	-121.47
417.00	4278.26	0.00	-297.69
417.10	4234.59	0.00	-472.87
417.20	4170.79	0.00	-646.43
417.30	4087.04	0.00	-817.80
417.40	3983.53	0.00	-986.40
417.50	3860.55	0.00	-1151.64
417.60	3718.44	0.00	-1312.93
417.70	3557.57	0.00	-1469.65
417.80	3378.41	0.00	-1621.20
417.90	3181.48	0.00	-1766.96
418.00	2967.40	0.00	-1906.32
418.10	2736.83	0.00	-2038.66
418.20	2490.54	0.00	-2163.37
418.30	2229.36	0.00	-2279.83
418.40	1954.21	0.00	-2387.45
418.50	1666.10	0.00	-2485.64
418.60	1366.13	0.00	-2573.85
418.70	1055.48	0.00	-2651.54
418.80	735.40	0.00	-2718.18
418.90	407.26	0.00	-2773.31
419.00	72.48	0.00	-2816.50
419.10	-267.44	0.00	-2847.34
419.20	-610.91	0.00	-2865.49
419.30	-956.32	0.00	-2870.67
419.40	-1301.95	0.00	-2862.64
419.50	-1646.06	0.00	-2841.23
419.60	-1986.88	0.00	-2806.33
419.70	-2322.59	0.00	-2757.90
419.80	-2651.37	0.00	-2695.97
419.90	-2971.38	0.00	-2620.63
420.00	-3280.79	0.00	-2532.06
420.10	-3577.81	0.00	-2430.50
420.20	-3860.65	0.00	-2316.24
420.30	-4127.59	0.00	-2189.67
420.40	-4376.96	0.00	-2051.23
420.50	-4607.16	0.00	-1901.42
420.60	-4816.67	0.00	-1740.81
420.70	-5004.08	0.00	-1570.02
420.80	-5168.06	0.00	-1389.74
420.90	-5307.42	0.00	-1200.67
421.00	-5422.28	0.00	-1003.58
421.10	-5513.68	0.00	-799.28
421.20	-5581.00	0.00	-588.62
421.30	-5623.64	0.00	-372.44
421.40	-5641.11	0.00	-151.64
421.50	-5633.00	0.00	72.86
421.60	-5598.99	0.00	300.16
421.70	-5538.85	0.00	529.31
421.80	-5452.41	0.00	759.37
421.90	-5339.63	0.00	989.42
422.00	-5200.52	0.00	1218.50
422.10	-5035.21	0.00	1445.68
422.20	-4843.89	0.00	1670.03
422.30	-4626.87	0.00	1890.62
422.40	-4384.53	0.00	2106.54
422.50	-4117.35	0.00	2316.89
422.60	-3825.91	0.00	2520.77
422.70	-3510.89	0.00	2717.31
422.80	-3173.06	0.00	2905.61
422.90	-2813.31	0.00	3084.84
423.00	-2432.61	0.00	3254.14
423.10	-2032.06	0.00	3412.68
423.20	-1612.86	0.00	3559.63
423.30	-1176.34	0.00	3694.19
423.40	-723.93	0.00	3815.55
423.50	-257.19	0.00	3922.95
423.60	222.22	0.00	4015.60
423.70	712.50	0.00	4092.78
423.80	1211.72	0.00	4153.74
423.90	1717.85	0.00	4197.80
424.00	2228.74	0.00	4224.28
424.10	2742.11	0.00	4232.54
424.20	3255.56	0.00	4221.99
424.30	3766.62	0.00	4192.07
424.40	4272.68	0.00	4142.27
424.50	4771.06	0.00	4072.16
424.60	5259.01	0.00	3981.36
424.70	5733.68	0.00	3869.55
424.80	6192.19	0.00	3736.53
424.90	6631.63	0.00	3582.16
425.00	7049.06	0.00	3406.41
425.10	7441.53	0.00	3209.36
425.20	7806.14	0.00	2991.21
425.30	8140.02	0.00	2752.27
425.40	8440.37	0.00	2493.02
425.50	8704.49	0.00	2214.03
425.60	8929.79	0.00	1916.04
425.70	9118.57	0.00	1599.95
425.80	9272.96	0.00	1266.80
425.90	9391.27	0.00	917.79
426.00	9471.90	0.00	554.27
426.10	9513.30	0.00	177.76
426.20	9514.04	0.00	-210.07
426.30	9472.77	0.00	-607.42
426.40	9388.29	0.00	-1012.31
426.50	9259.51	0.00	-1422.65
426.60	9085.50	0.00	-1836.23
426.70	8865.54	0.00	-2250.69
426.80	8599.06	0.00	-2663.60
426.90	8285.74	0.00	-3072.44
427.00	7925.47	0.00	-3474.60
427.10	7518.43	0.00	-3867.45
427.20	7065.03	0.00	-4248.30
427.30	6566.03	0.00	-4614.46
427.40	6022.46	0.00	-4963.25
427.50	5435.71	0.00	-5292.04
427.60	4807.50	0.00	-5598.23
427.70	4139.91	0.00	-5879.32
427.80	3435.37	0.00	-6132.90
427.90	2696.71	0.00	-6356.71
428.00	1927.10	0.00	-6548.61
428.10	1130.08	0.00	-6706.66
428.20	309.56	0.00	-6829.10
428.30	-530.22	0.00	-6914.40
428.40	-1384.70	0.00	-6961.24
428.50	-2249.01	0.00	-6968.57
428.60	-3118.01	0.00	-6935.60
428.70	-3986.34	0.00	-6861.81
428.80	-4848.44	0.00	-6746.98
428.90	-5698.60	0.00	-6591.17
429.00	-6531.00	0.00	-6394.74
429.10	-7339.79	0.00	-6158.38
429.20	-8119.12	0.00	-5883.05
429.30	-8863.22	0.00	-5570.02
429.40	-9566.41	0.00	-5220.85
429.50	-10223.25	0.00	-4837.39
429.60	-10828.51	0.00	-4421.76
429.70	-11377.29	0.00	-3976.33
429.80	-11865.03	0.00	-3503.70
429.90	-12287.62	0.00	-3006.73
430.00	-12641.39	0.00	-2488.43
430.10	-12923.19	0.00	-1952.01
430.20	-13130.44	0.00	-1400.84
430.30	-13261.13	0.00	-838.39
430.40	-13322.92	0.00	-268.23
430.50	-13325.08	0.00	305.99
430.60	-13267.29	0.00	880.58
430.70	-13149.47	0.00	1451.87
430.80	-12971.79	0.00	2016.19
430.90	-12734.67	0.00	2569.92
431.00	-12438.77	0.00	3109.54
431.10	-12085.05	0.00	3631.60
431.20	-11674.70	0.00	4132.83
431.30	-11209.22	0.00	4610.08
431.40	-10690.34	0.00	5060.42
431.50	-10120.13	0.00	5481.10
431.60	-9500.91	0.00	5869.60
431.70	-8835.29	0.00	6223.65
431.80	-8126.16	0.00	6541.23
431.90	-7376.73	0.00	6820.59
432.00	-6590.44	0.00	7060.26
432.10	-5771.02	0.00	7259.08
432.20	-4922.46	0.00	7416.14
432.30	-4048.97	0.00	7530.86
432.40	-3154.99	0.00	7602.94
432.50	-2245.15	0.00	7632.39
432.60	-1324.27	0.00	7619.47
432.70	-397.28	0.00	7564.76
432.80	530.77	0.00	7469.08
432.90	1454.76	0.00	7333.52
433.00	2369.53	0.00	7159.43
433.10	3269.94	0.00	6948.35
433.20	4150.90	0.00	6702.07
433.30	5007.40	0.00	6422.55
433.40	5834.55	0.00	6111.95
433.50	6627.67	0.00	5772.56
433.60	7382.26	0.00	5406.82
433.70	8094.08	0.00	5017.29
433.80	8759.20	0.00	4606.61
433.90	9373.99	0.00	4177.50
434.00	9935.18	0.00	3732.72
434.10	10439.88	0.00	3275.09
434.20	10885.61	0.00	2807.41
434.30	11270.31	0.00	2332.49
434.40	11592.34	0.00	1853.11
434.50	11850.53	0.00	1372.00
434.60	12044.15	0.00	891.85
434.70	12172.91	0.00	415.24
434.80	12236.98	0.00	-55.32
434.90	12236.96	0.00	-517.41
435.00	12173.87	0.00	-968.76
435.10	12051.01	0.00	-1407.18
435.20	11881.77	0.00	-1830.66
435.30	11669.65	0.00	-2237.29
435.40	11416.16	0.00	-2625.34
435.50	11122.90	0.00	-2993.21
435.60	10791.57	0.00	-3339.48
435.70	10423.92	0.00	-3662.86
435.80	10021.81	0.00	-3962.25
435.90	9587.17	0.00	-4236.70
436.00	9121.98	0.00	-4485.40
436.10	8628.34	0.00	-4707.73
436.20	8108.40	0.00	-4903.20
436.30	7564.38	0.00	-5071.50
436.40	6998.57	0.00	-5212.45
436.50	6413.36	0.00	-5326.02
436.60	5811.15	0.00	-5412.31
436.70	5194.45	0.00	-5471.57
436.80	4565.79	0.00	-5504.17
436.90	3927.77	0.00	-5510.60
437.00	3283.01	0.00	-5491.46
437.10	2634.16	0.00	-5447.46
437.20	1983.92	0.00	-5379.42
437.30	1334.96	0.00	-5288.25
437.40	689.97	0.00	-5174.93
437.50	51.62	0.00	-5040.55
437.60	-577.45	0.00	-4886.25
437.70	-1194.63	0.00	-4713.24
437.80	-1797.40	0.00	-4522.78
437.90	-2383.27	0.00	-4316.20
438.00	-2949.86	0.00	-4094.87
438.10	-3494.90	0.00	-3860.18
438.20	-4016.21	0.00	-3613.57
438.30	-4511.75	0.00	-3356.49
438.40	-4979.63	0.00	-3090.44
438.50	-5418.11	0.00	-2816.89
438.60	-5825.60	0.00	-2537.34
438.70	-6200.72	0.00	-2253.29
438.80	-6542.26	0.00	-1966.24
438.90	-6849.18	0.00	-1677.65
439.00	-7120.69	0.00	-1389.01
439.10	-7356.16	0.00	-1101.73
439.20	-7555.21	0.00	-817.24
439.30	-7717.64	0.00	-536.91
439.40	-7843.47	0.00	-262.09
439.50	-7932.94	0.00	5.95
439.60	-7986.50	0.00	265.97
439.70	-8004.79	0.00	516.77
439.80	-7988.65	0.00	757.25
439.90	-7939.11	0.00	986.35
440.00	-7857.38	0.00	1203.09
440.10	-7744.85	0.00	1406.58
440.20	-7603.04	0.00	1596.01
440.30	-7434.88	0.00	1770.65
440.40	-7246.40	0.00	1929.87
440.50	-7039.43	0.00	2073.15
440.60	-6815.45	0.00	2200.05
440.70	-6576.01	0.00	2310.25
440.80	-6322.66	0.00	2403.55
440.90	-6057.00	0.00	2479.84
441.00	-5780.65	0.00	2539.14
441.10	-5495.24	0.00	2581.59
441.20	-5202.40	0.00	2607.43
441.30	-4903.77	0.00	2617.04
441.40	-4600.97	0.00	2610.89
441.50	-4295.59	0.00	2589.58
441.60	-3989.20	0.00	2553.83
441.70	-3683.31	0.00	2504.44
441.80	-3379.39	0.00	2442.35
441.90	-3078.84	0.00	2368.58
442.00	-2782.97	0.00	2284.22
442.10	-2493.00	0.00	2190.49
442.20	-2210.07	0.00	2088.65
442.30	-1935.18	0.00	1980.02
442.40	-1669.24	0.00	1866.01
442.50	-1413.01	0.00	1748.04
442.60	-1167.11	0.00	1627.58
442.70	-932.02	0.00	1506.10
442.80	-708.09	0.00	1385.09
442.90	-495.49	0.00	1266.02
443.00	-294.24	0.00	1150.34
443.10	-104.21	0.00	1039.45
443.20	74.87	0.00	934.72
443.30	243.45	0.00	837.43
443.40	402.11	0.00	748.77
443.50	551.56	0.00	669.86
443.60	692.66	0.00	601.67
443.70	826.36	0.00	545.09
443.80	953.75	0.00	500.84
443.90	1075.99	0.00	469.50
444.00	1194.30	0.00	451.51
444.10	1310.00	0.00	447.12
444.20	1424.40	0.00	456.43
444.30	1538.88	0.00	479.35
444.40	1654.77	0.00	515.62
444.50	1773.41	0.00	564.79
444.60	1896.08	0.00	626.24
444.70	2024.01	0.00	699.17
444.80	2158.33	0.00	782.59
444.90	2300.06	0.00	875.37
445.00	2450.11	0.00	976.21
445.10	2609.22	0.00	1083.65
445.20	2777.98	0.00	1196.12
445.30	2956.78	0.00	1311.91
445.40	3145.83	0.00	1429.21
445.50	3345.12	0.00	1546.14
445.60	3554.41	0.00	1660.72
445.70	3773.24	0.00	1770.96
445.80	4000.90	0.00	1874.81
445.90	4236.45	0.00	1970.24
446.00	4478.70	0.00	2055.22
446.10	4726.22	0.00	2127.78
446.20	4977.34	0.00	2186.01
446.30	5230.20	0.00	2228.07
446.40	5482.68	0.00	2252.26
446.50	5732.49	0.00	2256.99
446.60	5977.16	0.00	2240.82
446.70	6214.07	0.00	2202.51
446.80	6440.73	0.00	2141.00
446.90	6657.62	0.00	2055.41
447.00	6863.17	0.00	1945.13
447.10	7054.81	0.00	1809.75
447.20	7229.95	0.00	1649.13
447.30	7385.96	0.00	1463.38
447.40	7520.22	0.00	1252.85
447.50	7630.11	0.00	1018.18
447.60	7713.07	0.00	760.27
447.70	7766.61	0.00	480.27
447.80	7788.32	0.00	179.60
447.90	7775.93	0.00	-140.06
448.00	7727.27	0.00	-476.83
448.10	7640.39	0.00	-828.55
448.20	7513.48	0.00	-1192.89
448.30	7344.99	0.00	-1567.30
448.40	7133.58	0.00	-1949.08
448.50	6878.17	0.00	-2335.36
448.60	6577.99	0.00	-2723.14
448.70	6232.57	0.00	-3109.34
448.80	5841.75	0.00	-3490.77
448.90	5405.74	0.00	-3864.22
449.00	4925.11	0.00	-4226.45
449.10	4400.81	0.00	-4574.23
449.20	3834.18	0.00	-4904.37
449.30	3226.97	0.00	-5213.75
449.40	2581.33	0.00	-5499.34
449.50	1899.85	0.00	-5758.25
449.60	1185.50	0.00	-5987.74
449.70	441.67	0.00	-6185.25
449.80	-327.84	0.00	-6348.43
449.90	-1118.88	0.00	-6475.15
450.00	-1926.90	0.00	-6563.54
450.10	-2747.05	0.00	-6612.00
450.20	-3574.16	0.00	-6619.23
450.30	-4402.79	0.00	-6584.22
450.40	-5227.29	0.00	-6506.28
450.50	-6041.80	0.00	-6385.04
450.60	-6840.36	0.00	-6220.48
450.70	-7616.91	0.00	-6012.91
450.80	-8365.41	0.00	-5762.96
450.90	-9079.82	0.00	-5471.62
451.00	-9754.24	0.00	-5140.21
451.10	-10382.91	0.00	-4770.35
451.20	-10960.34	0.00	-4364.00
451.30	-11481.29	0.00	-3923.41
451.40	-11940.92	0.00	-3451.12
451.50	-12334.77	0.00	-2949.91
451.60	-12658.87	0.00	-2422.84
451.70	-12909.76	0.00	-1873.18
451.80	-13084.54	0.00	-1304.40
451.90	-13186.21	0.00	-720.13
452.00	-13226.02	0.00	-124.17
452.10	-13203.49	0.00	479.60
452.20	-13117.88	0.00	1087.17
452.30	-12968.69	0.00	1694.52
452.40	-12755.72	0.00	2297.56
452.50	-12479.03	0.00	2892.24
452.60	-12139.01	0.00	3474.54
452.70	-11736.34	0.00	4040.50
452.80	-11272.02	0.00	4586.26
452.90	-10747.42	0.00	5108.10
453.00	-10164.21	0.00	5602.45
453.10	-9524.47	0.00	6065.91
453.20	-8830.62	0.00	6495.31
453.30	-8085.45	0.00	6887.70
453.40	-7292.16	0.00	7240.38
453.50	-6454.30	0.00	7550.93
453.60	-5575.83	0.00	7817.23
453.70	-4661.05	0.00	8037.45
453.80	-3714.65	0.00	8210.09
453.90	-2741.64	0.00	8333.97
454.00	-1747.36	0.00	8408.26
454.10	-737.46	0.00	8432.46
454.20	282.20	0.00	8406.43
454.30	1305.48	0.00	8330.35
454.40	2326.11	0.00	8204.75
454.50	3337.67	0.00	8030.50
454.60	4333.66	0.00	7808.80
454.70	5307.57	0.00	7541.16
454.80	6252.94	0.00	7229.40
454.90	7163.38	0.00	6875.60
455.00	8032.68	0.00	6482.15
455.10	8854.86	0.00	6051.67
455.20	9624.21	0.00	5587.01
455.30	10335.36	0.00	5091.25
455.40	10983.37	0.00	4567.63
455.50	11563.71	0.00	4019.56
455.60	12072.38	0.00	3450.58
455.70	12505.91	0.00	2864.35
455.80	12861.44	0.00	2264.60
455.90	13136.68	0.00	1655.12
456.00	13330.00	0.00	1039.72
456.10	13440.41	0.00	422.22
456.20	13467.57	0.00	-193.60
456.30	13411.86	0.00	-804.01
456.40	13284.85	0.00	-1405.35
456.50	13096.21	0.00	-1994.08
456.60	12847.14	0.00	-2566.77
456.70	12539.04	0.00	-3120.15
456.80	12173.53	0.00	-3651.12
456.90	11752.45	0.00	-4156.75
457.00	11277.83	0.00	-4634.34
457.10	10751.95	0.00	-5081.40
457.20	10177.28	0.00	-5495.67
457.30	9556.51	0.00	-5875.13
457.40	8892.56	0.00	-6218.03
457.50	8188.57	0.00	-6522.88
457.60	7447.87	0.00	-6788.43
457.70	6674.02	0.00	-7013.74
457.80	5870.76	0.00	-7198.09
457.90	5042.03	0.00	-7341.08
458.00	4191.95	0.00	-7442.54
458.10	3324.79	0.00	-7502.57
458.20	2444.97	0.00	-7521.51
458.30	1557.01	0.00	-7499.97
458.40	665.53	0.00	-7438.77
458.50	-224.77	0.00	-7338.97
458.60	-1109.16	0.00	-7201.80
458.70	-1982.93	0.00	-7028.73
458.80	-2841.36	0.00	-6821.38
458.90	-3679.82	0.00	-6581.53
459.00	-4493.75	0.00	-6311.12
459.10	-5278.76	0.00	-6012.20
459.20	-6030.58	0.00	-5686.94
459.30	-6745.17	0.00	-5337.58
459.40	-7418.71	0.00	-4966.47
459.50	-8047.63	0.00	-4575.98
459.60	-8628.67	0.00	-4168.52
459.70	-9158.84	0.00	-3746.54
459.80	-9635.53	0.00	-3312.48
459.90	-10056.46	0.00	-2868.77
460.00	-10419.71	0.00	-2417.80
460.10	-10723.75	0.00	-1961.93
460.20	-10967.44	0.00	-1503.48
460.30	-11150.00	0.00	-1044.67
460.40	-11271.07	0.00	-587.68
460.50	-11330.66	0.00	-134.57
460.60	-11329.16	0.00	312.66
460.70	-11269.26	0.00	752.14
460.80	-11162.20	0.00	1182.09
460.90	-11010.47	0.00	1600.84
461.00	-10815.12	0.00	2006.84
461.10	-10577.25	0.00	2398.65
461.20	-10298.04	0.00	2774.94
461.30	-9978.74	0.00	3134.52
461.40	-9620.68	0.00	3476.29
461.50	-9225.24	0.00	3799.27
461.60	-8793.87	0.00	4102.58
461.70	-8328.12	0.00	4385.46
461.80	-7829.59	0.00	4647.25
461.90	-7299.98	0.00	4887.37
462.00	-6741.06	0.00	5105.36
462.10	-6154.72	0.00	5300.81
462.20	-5542.90	0.00	5473.44
462.30	-4907.67	0.00	5622.99
462.40	-4251.20	0.00	5749.32
462.50	-3575.73	0.00	5852.33
462.60	-2883.64	0.00	5931.98
462.70	-2177.39	0.00	5988.30
462.80	-1459.55	0.00	6021.36
462.90	-732.80	0.00	6031.29
463.00	0.10	0.00	6018.26
463.10	736.29	0.00	5982.47
463.20	1472.83	0.00	5924.18
463.30	2206.69	0.00	5843.69
463.40	2934.79	0.00	5741.32
463.50	3653.98	0.00	5617.44
463.60	4361.08	0.00	5472.46
463.70	5052.86	0.00	5306.82
463.80	5726.10	0.00	5121.00
463.90	6377.55	0.00	4915.54
464.00	7004.02	0.00	4690.99
464.10	7602.31	0.00	4447.97
464.20	8169.33	0.00	4187.13
464.30	8702.04	0.00	3909.18
464.40	9197.50	0.00	3614.88
464.50	9652.90	0.00	3305.03
464.60	10065.57	0.00	2980.51
464.70	10433.00	0.00	2642.24
464.80	10752.87	0.00	2291.20
464.90	11023.06	0.00	1928.43
465.00	11241.69	0.00	1555.06
465.10	11407.11	0.00	1172.24
465.20	11518.69	0.00	781.22
465.30	11585.65	0.00	383.28
465.40	11610.57	0.00	-20.21
465.50	11592.83	0.00	-427.83
465.60	11531.90	0.00	-838.11
465.70	11427.32	0.00	-1249.52
465.80	11278.68	0.00	-1660.47
465.90	11085.67	0.00	-2069.35
466.00	10848.07	0.00	-2474.47
466.10	10565.77	0.00	-2874.14
466.20	10238.78	0.00	-3266.62
466.30	9867.24	0.00	-3650.17
466.40	9451.45	0.00	-4023.02
466.50	8991.88	0.00	-4383.39
466.60	8489.17	0.00	-4729.53
466.70	7944.17	0.00	-5059.69
466.80	7357.94	0.00	-5372.14
466.90	6731.78	0.00	-5665.18
467.00	6067.21	0.00	-5937.17
467.10	5366.04	0.00	-6186.52
467.20	4630.32	0.00	-6411.71
467.30	3862.37	0.00	-6611.27
467.40	3064.81	0.00	-6783.87
467.50	2240.53	0.00	-6928.22
467.60	1392.70	0.00	-7043.17
467.70	524.77	0.00	-7127.70
467.80	-359.54	0.00	-7180.88
467.90	-1256.26	0.00	-7201.94
468.00	-2161.15	0.00	-7190.25
468.10	-3069.79	0.00	-7145.34
468.20	-3977.50	0.00	-7066.88
468.30	-4879.48	0.00	-6954.71
468.40	-5770.75	0.00	-6808.85
468.50	-6646.24	0.00	-6629.48
468.60	-7500.77	0.00	-6416.97
468.70	-8329.17	0.00	-6171.85
468.80	-9126.24	0.00	-5894.83
468.90	-9886.85	0.00	-5586.82
469.00	-10605.95	0.00	-5248.89
469.10	-11278.65	0.00	-4882.28
469.20	-11900.23	0.00	-4488.41
469.30	-12466.21	0.00	-4068.86
469.40	-12972.39	0.00	-3625.37
469.50	-13414.88	0.00	-3159.84
469.60	-13790.17	0.00	-2674.30
469.70	-14095.13	0.00	-2170.93
469.80	-14327.09	0.00	-1652.02
469.90	-14483.98	0.00	-1119.99
470.00	-14577.84	0.00	-577.34
470.10	-14616.48	0.00	-26.68
470.20	-14599.12	0.00	529.31
470.30	-14525.13	0.00	1087.90
470.40	-14393.99	0.00	1646.31
470.50	-14205.30	0.00	2201.72
470.60	-13958.82	0.00	2751.29
470.70	-13654.45	0.00	3292.20
470.80	-13292.29	0.00	3821.64
470.90	-12872.59	0.00	4336.81
471.00	-12395.82	0.00	4834.98
471.10	-11862.70	0.00	5313.48
471.20	-11274.15	0.00	5769.72
471.30	-10631.39	0.00	6201.20
471.40	-9935.89	0.00	6605.52
471.50	-9189.46	0.00	6980.43
471.60	-8394.18	0.00	7323.80
471.70	-7552.50	0.00	7633.64
471.80	-6667.19	0.00	7908.15
471.90	-5741.37	0.00	8145.68
472.00	-4778.52	0.00	8344.79
472.10	-3782.46	0.00	8504.20
472.20	-2757.38	0.00	8622.87
472.30	-1707.79	0.00	8699.96
472.40	-638.54	0.00	8734.82
472.50	445.22	0.00	8727.07
472.60	1538.06	0.00	8676.52
472.70	2634.29	0.00	8583.21
472.80	3728.02	0.00	8447.43
472.90	4813.16	0.00	8269.69
473.00	5883.49	0.00	8050.73
473.10	6932.73	0.00	7791.51
473.20	7954.52	0.00	7493.22
473.30	8942.57	0.00	7157.25
473.40	9890.62	0.00	6785.22
473.50	10792.56	0.00	6378.95
473.60	11642.49	0.00	5940.42
473.70	12434.73	0.00	5471.84
473.80	13163.91	0.00	4975.54
473.90	13825.05	0.00	4454.05
474.00	14413.54	0.00	3910.00
474.10	14925.26	0.00	3346.18
474.20	15356.61	0.00	2765.48
474.30	15704.49	0.00	2170.87
474.40	15966.42	0.00	1565.43
474.50	16140.52	0.00	952.25
474.60	16225.52	0.00	334.50
474.70	16226.60	0.00	-284.64
474.80	16164.42	0.00	-901.99
474.90	16040.97	0.00	-1514.39
475.00	15856.50	0.00	-2118.72
475.10	15611.39	0.00	-2711.90
475.20	15306.17	0.00	-3290.94
475.30	14941.51	0.00	-3852.94
475.40	14518.23	0.00	-4395.08
475.50	14037.34	0.00	-4914.71
475.60	13500.04	0.00	-5409.29
475.70	12907.72	0.00	-5876.44
475.80	12261.99	0.00	-6313.97
475.90	11564.70	0.00	-6719.84
476.00	10817.95	0.00	-7092.21
476.10	10024.06	0.00	-7429.46
476.20	9185.67	0.00	-7730.15
476.30	8305.65	0.00	-7993.08
476.40	7387.17	0.00	-8217.24
476.50	6433.67	0.00	-8401.87
476.60	5448.87	0.00	-8546.41
476.70	4436.74	0.00	-8650.53
476.80	3401.52	0.00	-8714.12
476.90	2347.70	0.00	-8737.28
477.00	1279.98	0.00	-8720.32
477.10	203.25	0.00	-8663.75
477.20	-877.41	0.00	-8568.28
477.30	-1956.79	0.00	-8434.80
477.40	-3029.55	0.00	-8264.38
477.50	-4090.31	0.00	-8058.24
477.60	-5133.62	0.00	-7817.76
477.70	-6154.07	0.00	-7544.45
477.80	-7146.25	0.00	-7239.95
477.90	-8104.89	0.00	-6906.00
478.00	-9024.80	0.00	-6544.45
478.10	-9900.98	0.00	-6157.21
478.20	-10728.66	0.00	-5746.27
478.30	-11503.28	0.00	-5313.68
478.40	-12220.58	0.00	-4861.50
478.50	-12876.62	0.00	-4391.84
478.60	-13467.81	0.00	-3906.83
478.70	-13990.94	0.00	-3408.60
478.80	-14443.17	0.00	-2899.25
478.90	-14822.13	0.00	-2380.88
479.00	-15125.83	0.00	-1855.59
479.10	-15352.78	0.00	-1325.41
479.20	-15501.90	0.00	-792.35
479.30	-15572.60	0.00	-258.37
479.40	-15566.24	0.00	274.60
479.50	-15501.96	0.00	804.71
479.60	-15385.76	0.00	1330.12
479.70	-15217.95	0.00	1849.09
479.80	-14998.82	0.00	2359.89
479.90	-14728.70	0.00	2860.88
480.00	-14407.93	0.00	3350.45
480.10	-14036.89	0.00	3827.03
480.20	-13615.99	0.00	4289.13
480.30	-13145.71	0.00	4735.28
480.40	-12626.61	0.00	5164.07
480.50	-12059.33	0.00	5574.13
480.60	-11444.64	0.00	5964.11
480.70	-10783.44	0.00	6332.72
480.80	-10076.81	0.00	6678.70
480.90	-9325.98	0.00	7000.83
481.00	-8532.42	0.00	7297.93
481.10	-7697.80	0.00	7568.83
481.20	-6824.05	0.00	7812.43
481.30	-5913.35	0.00	8027.67
481.40	-4968.19	0.00	8213.50
481.50	-3991.33	0.00	8368.96
481.60	-2985.84	0.00	8493.11
481.70	-1955.12	0.00	8585.10
481.80	-902.86	0.00	8644.10
481.90	166.91	0.00	8669.41
482.00	1249.85	0.00	8660.35
482.10	2341.33	0.00	8616.38
482.20	3436.43	0.00	8537.04
482.30	4529.95	0.00	8421.95
482.40	5616.46	0.00	8270.90
482.50	6690.30	0.00	8083.76
482.60	7745.63	0.00	7860.57
482.70	8776.49	0.00	7601.48
482.80	9776.80	0.00	7306.84
482.90	10740.43	0.00	6977.12
483.00	11661.26	0.00	6612.98
483.10	12533.20	0.00	6215.25
483.20	13350.29	0.00	5784.96
483.30	14106.73	0.00	5323.31
483.40	14796.94	0.00	4831.69
483.50	15415.63	0.00	4311.68
483.60	15957.84	0.00	3765.05
483.70	16419.02	0.00	3193.78
483.80	16795.06	0.00	2600.01
483.90	17082.35	0.00	1986.08
484.00	17277.86	0.00	1354.47
484.10	17392.71	0.00	707.88
484.20	17443.99	0.00	49.11
484.30	17430.58	0.00	-618.86
484.40	17351.29	0.00	-1292.94
484.50	17205.04	0.00	-1969.91
484.60	16990.85	0.00	-2646.48
484.70	16707.84	0.00	-3319.26
484.80	16355.28	0.00	-3984.80
484.90	15932.63	0.00	-4639.63
485.00	15439.54	0.00	-5280.25
485.10	14875.89	0.00	-5903.16
485.20	14241.84	0.00	-6504.89
485.30	13537.85	0.00	-7082.04
485.40	12764.74	0.00	-7631.25
485.50	11923.69	0.00	-8149.29
485.60	11016.30	0.00	-8633.03
485.70	10044.63	0.00	-9079.47
485.80	9011.18	0.00	-9485.81
485.90	7918.99	0.00	-9849.41
486.00	6771.59	0.00	-10167.83
486.10	5573.07	0.00	-10438.86
486.20	4328.03	0.00	-10660.53
486.30	3041.65	0.00	-10831.13
486.40	1719.61	0.00	-10949.21
486.50	368.14	0.00	-11013.60
486.60	-1006.04	0.00	-11023.43
486.70	-2395.76	0.00	-10978.13
486.80	-3793.41	0.00	-10877.43
486.90	-5191.01	0.00	-10721.37
487.00	-6580.25	0.00	-10510.31
487.10	-7952.58	0.00	-10244.92
487.20	-9299.25	0.00	-9926.18
487.30	-10611.41	0.00	-9555.37
487.40	-11880.20	0.00	-9134.07
487.50	-13096.79	0.00	-8664.18
487.60	-14252.52	0.00	-8147.83
487.70	-15338.97	0.00	-7587.47
487.80	-16348.03	0.00	-6985.77
487.90	-17272.02	0.00	-6345.67
488.00	-18103.77	0.00	-5670.30
488.10	-18836.66	0.00	-4963.03
488.20	-19464.79	0.00	-4227.38
488.30	-19982.92	0.00	-3467.06
488.40	-20386.66	0.00	-2685.93
488.50	-20672.44	0.00	-1887.94
488.60	-20840.40	0.00	-1077.17
488.70	-20922.90	0.00	-257.75
488.80	-20929.23	0.00	566.11
488.90	-20858.86	0.00	1390.21
489.00	-20711.35	0.00	2210.31
489.10	-20486.29	0.00	3022.22
489.20	-20183.39	0.00	3821.77
489.30	-19802.45	0.00	4604.87
489.40	-19343.40	0.00	5367.52
489.50	-18806.33	0.00	6105.81
489.60	-18191.52	0.00	6815.99
489.70	-17499.51	0.00	7494.45
489.80	-16731.07	0.00	8137.73
489.90	-15887.31	0.00	8742.60
490.00	-14969.67	0.00	9305.99
490.10	-13979.99	0.00	9825.07
490.20	-12920.53	0.00	10297.26
490.30	-11794.01	0.00	10720.19
490.40	-10603.64	0.00	11091.77
490.50	-9353.13	0.00	11410.17
490.60	-8046.73	0.00	11673.83
490.70	-6689.23	0.00	11881.48
490.80	-5285.95	0.00	12032.12
490.90	-3842.77	0.00	12125.07
491.00	-2366.07	0.00	12159.89
491.10	-862.75	0.00	12136.49
491.20	659.83	0.00	12055.01
491.30	2193.88	0.00	11915.92
491.40	3731.21	0.00	11719.97
491.50	5263.32	0.00	11468.16
491.60	6781.43	0.00	11161.78
491.70	8276.59	0.00	10802.39
491.80	9739.71	0.00	10391.80
491.90	11161.67	0.00	9932.05
492.00	12533.40	0.00	9425.42
492.10	13845.96	0.00	8874.43
492.20	15090.64	0.00	8281.79
492.30	16259.03	0.00	7650.41
492.40	17343.13	0.00	6983.37
492.50	18335.40	0.00	6283.93
492.60	19228.88	0.00	5555.50
492.70	20017.26	0.00	4801.60
492.80	20694.92	0.00	4025.90
492.90	21257.00	0.00	3232.15
493.00	21699.49	0.00	2424.19
493.10	22019.24	0.00	1605.90
493.20	22214.00	0.00	781.24
493.30	22282.46	0.00	-45.81
493.40	22251.41	0.00	-871.28
493.50	22147.24	0.00	-1691.19
493.60	21970.09	0.00	-2501.58
493.70	21720.09	0.00	-3298.55
493.80	21397.42	0.00	-4078.27
493.90	21002.27	0.00	-4836.96
494.00	20534.91	0.00	-5570.96
494.10	19995.73	0.00	-6276.74
494.20	19385.23	0.00	-6950.86
494.30	18704.11	0.00	-7590.08
494.40	17953.26	0.00	-8191.29
494.50	17133.86	0.00	-8751.59
494.60	16247.36	0.00	-9268.26
494.70	15295.56	0.00	-9738.80
494.80	14280.65	0.00	-10160.94
494.90	13205.22	0.00	-10532.65
495.00	12072.29	0.00	-10852.15
495.10	10885.35	0.00	-11117.92
495.20	9648.40	0.00	-11328.74
495.30	8365.88	0.00	-11483.64
495.40	7042.78	0.00	-11581.98
495.50	5684.54	0.00	-11623.37
495.60	4297.09	0.00	-11607.78
495.70	2886.80	0.00	-11535.44
495.80	1460.48	0.00	-11406.92
495.90	25.29	0.00	-11223.07
496.00	-1411.25	0.00	-10985.07
496.10	-2841.39	0.00	-10694.39
496.20	-4257.14	0.00	-10352.80
496.30	-5650.39	0.00	-9962.36
496.40	-7012.97	0.00	-9525.40
496.50	-8336.74	0.00	-9044.52
496.60	-9613.64	0.00	-8522.57
496.70	-10835.82	0.00	-7962.65
496.80	-11995.69	0.00	-7368.04
496.90	-13086.04	0.00	-6742.26
497.00	-14100.07	0.00	-6088.97
497.10	-15031.52	0.00	-5412.02
497.20	-15874.68	0.00	-4715.34
497.30	-16624.54	0.00	-4003.02
497.40	-17276.77	0.00	-3279.16
497.50	-17827.80	0.00	-2547.96
497.60	-18274.87	0.00	-1813.61
497.70	-18616.03	0.00	-1080.29
497.80	-18850.20	0.00	-352.16
497.90	-18977.14	0.00	366.71
498.00	-18997.46	0.00	1072.34
498.10	-18912.63	0.00	1760.87
498.20	-18724.90	0.00	2428.61
498.30	-18442.84	0.00	3072.03
498.40	-18097.08	0.00	3687.80
498.50	-17693.68	0.00	4272.83
498.60	-17234.91	0.00	4824.27
498.70	-16723.17	0.00	5339.53
498.80	-16160.98	0.00	5816.29
498.90	-15550.99	0.00	6252.54
499.00	-14895.98	0.00	6646.58
499.10	-14198.87	0.00	6997.00
499.20	-13462.74	0.00	7302.73
499.30	-12690.78	0.00	7563.01
499.40	-11886.38	0.00	7777.39
499.50	-11053.01	0.00	7945.77
499.60	-10194.32	0.00	8068.32
499.70	-9314.07	0.00	8145.56
499.80	-8416.13	0.00	8178.26
499.90	-7504.46	0.00	8167.50
500.00	-6583.12	0.00	8114.62
500.10	-5656.19	0.00	8021.18
500.20	-4727.81	0.00	7889.00
500.30	-3802.11	0.00	7720.09
500.40	-2883.19	0.00	7516.65
500.50	-1975.11	0.00	7281.04
500.60	-1081.84	0.00	7015.75
500.70	-207.22	0.00	6723.40
500.80	645.02	0.00	6406.69
500.90	1471.35	0.00	6068.39
501.00	2268.42	0.00	5711.28
501.10	3033.14	0.00	5338.21
501.20	3762.61	0.00	4951.98
501.30	4454.25	0.00	4555.38
501.40	5105.73	0.00	4151.16
501.50	5715.03	0.00	3742.00
501.60	6280.44	0.00	3330.47
501.70	6800.55	0.00	2919.08
501.80	7274.30	0.00	2510.21
501.90	7700.90	0.00	2106.10
502.00	8079.92	0.00	1708.87
502.10	8411.21	0.00	1320.50
502.20	8694.94	0.00	942.80
502.30	8931.54	0.00	577.43
502.40	9121.74	0.00	225.91
502.50	9266.51	0.00	-110.44
502.60	9367.07	0.00	-430.42
502.70	9424.85	0.00	-733.02
502.80	9441.47	0.00	-1017.38
502.90	9418.76	0.00	-1282.79
503.00	9358.67	0.00	-1528.69
503.10	9263.31	0.00	-1754.67
503.20	9134.87	0.00	-1960.44
503.30	8975.67	0.00	-2145.87
503.40	8788.08	0.00	-2310.92
503.50	8574.51	0.00	-2455.69
503.60	8337.43	0.00	-2580.38
503.70	8079.28	0.00	-2685.29
503.80	7802.54	0.00	-2770.82
503.90	7512.16	0.00	-2837.43
504.00	7213.84	0.00	-2885.70
504.10	6909.26	0.00	-2916.24
504.20	6599.98	0.00	-2929.76
504.30	6287.52	0.00	-2926.99
504.40	5973.34	0.00	-2908.75
504.50	5658.83	0.00	-2875.89
504.60	5345.32	0.00	-2829.30
504.70	5034.10	0.00	-2769.90
504.80	4726.38	0.00	-2698.66
504.90	4423.28	0.00	-2616.56
505.00	4125.89	0.00	-2524.63
505.10	3835.20	0.00	-2423.88
505.20	3552.13	0.00	-2315.37
505.30	3277.53	0.00	-2200.15
505.40	3012.16	0.00	-2079.29
505.50	2756.68	0.00	-1953.87
505.60	2511.69	0.00	-1824.94
505.70	2277.69	0.00	-1693.59
505.80	2055.06	0.00	-1560.85
505.90	1844.11	0.00	-1427.78
506.00	1645.05	0.00	-1295.41
506.10	1457.97	0.00	-1164.72
506.20	1282.89	0.00	-1036.70
506.30	1119.70	0.00	-912.29
506.40	968.20	0.00	-792.38
506.50	828.11	0.00	-677.84
506.60	699.01	0.00	-569.46
506.70	580.43	0.00	-468.01
506.80	471.79	0.00	-374.16
506.90	372.44	0.00	-288.55
507.00	281.62	0.00	-211.73
507.10	198.54	0.00	-144.18
507.20	122.31	0.00	-86.29
507.30	52.02	0.00	-38.38
507.40	-13.33	0.00	-0.69
507.50	-74.72	0.00	26.65
507.60	-133.22	0.00	43.59
507.70	-189.86	0.00	50.17
507.80	-245.71	0.00	46.51
507.90	-301.83	0.00	32.85
508.00	-359.25	0.00	9.50
508.10	-418.97	0.00	-23.14
508.20	-481.97	0.00	-64.59
508.30	-549.17	0.00	-114.27
508.40	-621.42	0.00	-171.55
508.50	-699.52	0.00	-235.71
508.60	-784.17	0.00	-305.98
508.70	-875.99	0.00	-381.53
508.80	-975.51	0.00	-461.46
508.90	-1083.16	0.00	-544.87
509.00	-1199.24	0.00	-630.78
509.10	-1323.98	0.00	-718.22
509.20	-1457.44	0.00	-806.18
509.30	-1599.60	0.00	-893.68
509.40	-1750.31	0.00	-979.70
509.50	-1909.30	0.00	-1063.25
509.60	-2076.16	0.00	-1143.37
509.70	-2250.39	0.00	-1219.12
509.80	-2431.36	0.00	-1289.60
509.90	-2618.35	0.00	-1353.95
510.00	-2810.49	0.00	-1411.37
510.10	-3006.87	0.00	-1461.12
510.20	-3206.44	0.00	-1502.52
510.30	-3408.09	0.00	-1534.96
510.40	-3610.64	0.00	-1557.91
510.50	-3812.84	0.00	-1570.93
510.60	-4013.37	0.00	-1573.64
510.70	-4210.91	0.00	-1565.76
510.80	-4404.07	0.00	-1547.09
510.90	-4591.45	0.00	-1517.51
511.00	-4771.66	0.00	-1477.01
511.10	-4943.31	0.00	-1425.64
511.20	-5105.00	0.00	-1363.54
511.30	-5255.40	0.00	-1290.94
511.40	-5393.21	0.00	-1208.15
511.50	-5517.15	0.00	-1115.53
511.60	-5626.31	0.00	-1013.55
511.70	-5722.13	0.00	-902.70
511.80	-5804.34	0.00	-783.57
511.90	-5872.14	0.00	-656.79
512.00	-5924.77	0.00	-523.03
512.10	-5961.54	0.00	-383.02
512.20	-5981.83	0.00	-237.53
512.30	-5985.07	0.00	-87.34
512.40	-5970.79	0.00	66.71
512.50	-5938.57	0.00	223.81
512.60	-5888.08	0.00	383.09
512.70	-5819.06	0.00	543.69
512.80	-5731.32	0.00	704.75
512.90	-5624.76	0.00	865.43
513.00	-5499.35	0.00	1024.87
513.10	-5355.16	0.00	1182.25
513.20	-5192.32	0.00	1336.76
513.30	-5011.04	0.00	1487.62
513.40	-4811.62	0.00	1634.08
513.50	-4594.44	0.00	1775.42
513.60	-4359.96	0.00	1910.97
513.70	-4108.69	0.00	2040.09
513.80	-3841.26	0.00	2162.18
513.90	-3558.35	0.00	2276.72
514.00	-3260.71	0.00	2383.19
514.10	-2949.17	0.00	2481.17
514.20	-2624.62	0.00	2570.27
514.30	-2288.03	0.00	2650.14
514.40	-1940.42	0.00	2720.51
514.50	-1582.85	0.00	2781.16
514.60	-1216.47	0.00	2831.91
514.70	-842.45	0.00	2872.64
514.80	-462.01	0.00	2903.29
514.90	-76.41	0.00	2923.84
515.00	313.05	0.00	2934.33
515.10	705.05	0.00	2934.83
515.20	1098.25	0.00	2925.46
515.30	1491.30	0.00	2906.38
515.40	1882.82	0.00	2877.80
515.50	2271.46	0.00	2839.94
515.60	2655.84	0.00	2793.06
515.70	3034.61	0.00	2737.45
515.80	3406.42	0.00	2673.42
515.90	3769.97	0.00	2601.29
516.00	4123.94	0.00	2521.41
516.10	4467.09	0.00	2434.12
516.20	4798.18	0.00	2339.77
516.30	5116.02	0.00	2238.74
516.40	5419.49	0.00	2131.37
516.50	5707.47	0.00	2018.03
516.60	5978.94	0.00	1899.06
516.70	6232.90	0.00	1774.80
516.80	6468.42	0.00	1645.60
516.90	6684.64	0.00	1511.76
517.00	6880.75	0.00	1373.61
517.10	7055.99	0.00	1231.44
517.20	7209.69	0.00	1085.53
517.30	7341.22	0.00	936.16
517.40	7450.04	0.00	783.59
517.50	7535.66	0.00	628.09
517.60	7597.66	0.00	469.91
517.70	7635.73	0.00	309.28
517.80	7653.33	0.00	146.45
517.90	7652.77	0.00	-18.33
518.00	7633.87	0.00	-184.80
518.10	7596.44	0.00	-352.72
518.20	7540.29	0.00	-521.80
518.30	7465.24	0.00	-691.76
518.40	7371.11	0.00	-862.30
518.50	7257.73	0.00	-1033.09
518.60	7124.94	0.00	-1203.77
518.70	6972.60	0.00	-1373.98
518.80	6800.59	0.00	-1543.28
518.90	6608.81	0.00	-1711.26
519.00	6397.20	0.00	-1877.42
519.10	6165.76	0.00	-2041.27
519.20	5914.51	0.00	-2202.26
519.30	5643.54	0.00	-2359.81
519.40	5353.02	0.00	-2513.31
519.50	5043.16	0.00	-2662.12
519.60	4714.28	0.00	-2805.57
519.70	4366.78	0.00	-2942.97
519.80	4001.14	0.00	-3073.60
519.90	3617.98	0.00	-3196.73
520.00	3217.99	0.00	-3311.60
520.10	2802.01	0.00	-3417.46
520.20	2370.97	0.00	-3513.57
520.30	1925.95	0.00	-3599.16
520.40	1468.14	0.00	-3673.51
520.50	998.86	0.00	-3735.90
520.60	519.58	0.00	-3785.64
520.70	31.86	0.00	-3822.07
520.80	-462.58	0.00	-3844.58
520.90	-961.93	0.00	-3852.61
521.00	-1464.23	0.00	-3845.65
521.10	-1967.46	0.00	-3823.27
521.20	-2469.45	0.00	-3785.08
521.30	-2968.00	0.00	-3730.80
521.40	-3460.79	0.00	-3660.22
521.50	-3945.46	0.00	-3573.20
521.60	-4419.62	0.00	-3469.73
521.70	-4880.82	0.00	-3349.87
521.80	-5326.63	0.00	-3213.78
521.90	-5754.61	0.00	-3061.74
522.00	-6162.37	0.00	-2894.13
522.10	-6547.54	0.00	-2711.41
522.20	-6907.84	0.00	-2514.17
522.30	-7241.07	0.00	-2303.10
522.40	-7545.14	0.00	-2078.99
522.50	-7818.11	0.00	-1842.73
522.60	-8058.14	0.00	-1595.30
522.70	-8263.61	0.00	-1337.76
522.80	-8433.05	0.00	-1071.29
522.90	-8565.20	0.00	-797.11
523.00	-8659.01	0.00	-516.53
523.10	-8713.65	0.00	-230.93
523.20	-8728.54	0.00	58.27
523.30	-8704.02	0.00	349.59
523.40	-8646.00	0.00	641.52
523.50	-8555.88	0.00	932.53
523.60	-8433.72	0.00	1221.05
523.70	-8279.72	0.00	1505.54
523.80	-8094.22	0.00	1784.41
523.90	-7877.67	0.00	2056.15
524.00	-7630.67	0.00	2319.21
524.10	-7353.95	0.00	2572.14
524.20	-7048.39	0.00	2813.48
524.30	-6715.01	0.00	3041.87
524.40	-6354.98	0.00	3255.99
524.50	-5969.60	0.00	3454.61
524.60	-5560.32	0.00	3636.58
524.70	-5128.75	0.00	3800.86
524.80	-4676.61	0.00	3946.49
524.90	-4205.77	0.00	4072.63
525.00	-3718.25	0.00	4178.55
525.10	-3216.17	0.00	4263.65
525.20	-2701.76	0.00	4327.46
525.30	-2177.37	0.00	4369.61
525.40	-1645.44	0.00	4389.90
525.50	-1108.50	0.00	4388.25
525.60	-569.13	0.00	4364.69
525.70	-29.97	0.00	4319.42
525.80	506.30	0.00	4252.75
525.90	1036.99	0.00	4165.13
526.00	1559.41	0.00	4057.14
526.10	2070.89	0.00	3929.46
526.20	2568.80	0.00	3782.91
526.30	3050.56	0.00	3618.42
526.40	3513.68	0.00	3437.01
526.50	3955.78	0.00	3239.80
526.60	4374.58	0.00	3028.00
526.70	4767.94	0.00	2802.91
526.80	5133.87	0.00	2565.89
526.90	5470.57	0.00	2318.33
527.00	5776.40	0.00	2061.73
527.10	6049.93	0.00	1797.56
527.20	6289.93	0.00	1527.37
527.30	6495.41	0.00	1252.71
527.40	6665.57	0.00	975.11
527.50	6799.86	0.00	696.14
527.60	6897.96	0.00	417.32
527.70	6959.78	0.00	140.15
527.80	6985.46	0.00	-133.89
527.90	6975.36	0.00	-403.38
528.00	6930.06	0.00	-666.94
528.10	6850.37	0.00	-923.27
528.20	6737.29	0.00	-1171.12
528.30	6593.30	0.00	-1409.32
528.40	6422.90	0.00	-1636.78
528.50	6227.39	0.00	-1852.51
528.60	6007.99	0.00	-2055.58
528.70	5766.00	0.00	-2245.19
528.80	5502.80	0.00	-2420.61
528.90	5219.84	0.00	-2581.21
529.00	4918.62	0.00	-2726.46
529.10	4600.70	0.00	-2855.94
529.20	4267.69	0.00	-2969.31
529.30	3921.25	0.00	-3066.35
529.40	3563.08	0.00	-3146.90
529.50	3194.89	0.00	-3210.92
529.60	2818.44	0.00	-3258.45
529.70	2435.48	0.00	-3289.61
529.80	2047.80	0.00	-3304.60
529.90	1657.18	0.00	-3303.72
530.00	1265.38	0.00	-3287.31
530.10	874.18	0.00	-3255.78
530.20	485.32	0.00	-3209.62
530.30	100.51	0.00	-3149.37
530.40	-278.55	0.00	-3075.60
530.50	-650.22	0.00	-2988.96
530.60	-1012.90	0.00	-2890.10
530.70	-1365.05	0.00	-2779.74
530.80	-1705.17	0.00	-2658.61
530.90	-2031.86	0.00	-2527.47
531.00	-2343.77	0.00	-2387.09
531.10	-2639.63	0.00	-2238.28
531.20	-2918.27	0.00	-2081.84
531.30	-3178.58	0.00	-1918.58
531.40	-3419.58	0.00	-1749.32
531.50	-3640.36	0.00	-1574.89
531.60	-3840.12	0.00	-1396.11
531.70	-4018.17	0.00	-1213.78
531.80	-4173.91	0.00	-1028.71
531.90	-4306.87	0.00	-841.70
532.00	-4416.68	0.00	-653.55
532.10	-4503.08	0.00	-465.02
532.20	-4565.91	0.00	-276.87
532.30	-4605.14	0.00	-89.85
532.40	-4620.84	0.00	95.30
532.50	-4613.20	0.00	277.88
532.60	-4582.49	0.00	457.20
532.70	-4529.12	0.00	632.57
532.80	-4454.58	0.00	803.35
532.90	-4360.54	0.00	968.91
533.00	-4247.56	0.00	1128.63
533.10	-4116.22	0.00	1281.92
533.20	-3967.17	0.00	1428.23
533.30	-3801.12	0.00	1567.01
533.40	-3618.83	0.00	1697.76
533.50	-3421.13	0.00	1819.99
533.60	-3208.89	0.00	1933.24
533.70	-2983.04	0.00	2037.11
533.80	-2744.56	0.00	2131.19
533.90	-2494.49	0.00	2215.12
534.00	-2233.92	0.00	2288.60
534.10	-1963.98	0.00	2351.33
534.20	-1685.86	0.00	2403.07
534.30	-1400.78	0.00	2443.62
534.40	-1110.03	0.00	2472.82
534.50	-814.91	0.00	2490.54
534.60	-516.76	0.00	2496.74
534.70	-216.95	0.00	2491.37
534.80	83.13	0.00	2474.47
534.90	382.06	0.00	2446.11
535.00	678.43	0.00	2406.43
535.10	970.80	0.00	2355.61
535.20	1257.77	0.00	2293.87
535.30	1537.90	0.00	2221.52
535.40	1809.83	0.00	2138.87
535.50	2072.17	0.00	2046.34
535.60	2323.62	0.00	1944.35
535.70	2562.89	0.00	1833.41
535.80	2788.75	0.00	1714.05
535.90	3000.03	0.00	1586.86
536.00	3195.66	0.00	1452.49
536.10	3374.61	0.00	1311.59
536.20	3535.96	0.00	1164.89
536.30	3678.88	0.00	1013.13
536.40	3802.64	0.00	857.08
536.50	3906.61	0.00	697.57
536.60	3990.29	0.00	535.41
536.70	4053.27	0.00	371.44
536.80	4095.29	0.00	206.52
536.90	4116.29	0.00	41.52
537.00	4117.58	0.00	-122.70
537.10	4099.64	0.00	-285.29
537.20	4062.63	0.00	-445.39
537.30	4006.84	0.00	-602.18
537.40	3932.60	0.00	-754.83
537.50	3840.35	0.00	-902.58
537.60	3730.62	0.00	-1044.67
537.70	3603.99	0.00	-1180.39
537.80	3461.15	0.00	-1309.06
537.90	3302.85	0.00	-1430.08
538.00	3129.90	0.00	-1542.86
538.10	2943.20	0.00	-1646.90
538.20	2743.69	0.00	-1741.75
538.30	2532.38	0.00	-1827.01
538.40	2310.33	0.00	-1902.36
538.50	2078.65	0.00	-1967.54
538.60	1838.49	0.00	-2022.36
538.70	1591.01	0.00	-2066.69
538.80	1337.43	0.00	-2100.49
538.90	1078.98	0.00	-2123.77
539.00	816.89	0.00	-2136.61
539.10	552.41	0.00	-2139.16
539.20	286.78	0.00	-2131.64
539.30	21.23	0.00	-2114.30
539.40	-243.02	0.00	-2087.49
539.50	-504.78	0.00	-2051.58
539.60	-762.89	0.00	-2007.01
539.70	-1016.22	0.00	-1954.25
539.80	-1263.71	0.00	-1893.81
539.90	-1504.32	0.00	-1826.24
540.00	-1737.07	0.00	-1752.12
540.10	-1961.07	0.00	-1672.05
540.20	-2175.45	0.00	-1586.65
540.30	-2379.46	0.00	-1496.53
540.40	-2572.37	0.00	-1402.34
540.50	-2753.57	0.00	-1304.71
540.60	-2922.49	0.00	-1204.26
540.70	-3078.66	0.00	-1101.61
540.80	-3221.69	0.00	-997.36
540.90	-3351.25	0.00	-892.09
541.00	-3467.08	0.00	-786.35
541.10	-3569.03	0.00	-680.66
541.20	-3656.99	0.00	-575.52
541.30	-3730.93	0.00	-471.37
541.40	-3790.88	0.00	-368.65
541.50	-3836.94	0.00	-267.72
541.60	-3869.26	0.00	-168.91
541.70	-3888.03	0.00	-72.52
541.80	-3893.58	0.00	21.20
541.90	-3887.30	0.00	112.06
542.00	-3869.99	0.00	199.89
542.10	-3841.96	0.00	284.57
542.20	-3803.57	0.00	366.03
542.30	-3755.15	0.00	444.23
542.40	-3697.04	0.00	519.17
542.50	-3629.61	0.00	590.88
542.60	-3553.17	0.00	659.41
542.70	-3468.06	0.00	724.87
542.80	-3374.60	0.00	787.36
542.90	-3273.09	0.00	847.01
543.00	-3163.84	0.00	903.99
543.10	-3047.12	0.00	958.43
543.20	-2923.19	0.00	1010.53
543.30	-2792.31	0.00	1060.44
543.40	-2654.71	0.00	1108.33
543.50	-2510.61	0.00	1154.38
543.60	-2360.23	0.00	1198.74
543.70	-2203.75	0.00	1241.56
543.80	-2041.38	0.00	1282.96
543.90	-1873.28	0.00	1323.04
544.00	-1699.64	0.00	1361.91
544.10	-1520.63	0.00	1399.60
544.20	-1336.43	0.00	1436.15
544.30	-1147.22	0.00	1471.56
544.40	-953.18	0.00	1505.78
544.50	-754.52	0.00	1538.76
544.60	-551.46	0.00	1570.37
544.70	-344.22	0.00	1600.49
544.80	-133.08	0.00	1628.92
544.90	81.68	0.00	1655.46
545.00	299.73	0.00	1679.85
545.10	520.73	0.00	1701.80
545.20	744.27	0.00	1721.01
545.30	969.92	0.00	1737.11
545.40	1197.20	0.00	1749.75
545.50	1425.56	0.00	1758.51
545.60	1654.43	0.00	1762.99
545.70	1883.18	0.00	1762.76
545.80	2111.10	0.00	1757.37
545.90	2337.47	0.00	1746.37
546.00	2561.47	0.00	1729.33
546.10	2782.27	0.00	1705.80
546.20	2998.95	0.00	1675.36
546.30	3210.58	0.00	1637.60
546.40	3416.14	0.00	1592.14
546.50	3614.60	0.00	1538.64
546.60	3804.90	0.00	1476.78
546.70	3985.92	0.00	1406.30
546.80	4156.53	0.00	1327.01
546.90	4315.60	0.00	1238.74
547.00	4461.98	0.00	1141.41
547.10	4594.52	0.00	1035.01
547.20	4712.09	0.00	919.61
547.30	4813.58	0.00	795.33
547.40	4897.92	0.00	662.42
547.50	4964.18	0.00	521.19
547.60	5013.24	0.00	372.04
547.70	5045.00	0.00	215.47
547.80	5058.66	0.00	52.07
547.90	5053.50	0.00	-117.48
548.00	5028.85	0.00	-292.42
548.10	4984.11	0.00	-471.88
548.20	4918.76	0.00	-654.92
548.30	4832.37	0.00	-840.53
548.40	4724.62	0.00	-1027.61
548.50	4595.29	0.00	-1214.99
548.60	4444.28	0.00	-1401.48
548.70	4271.61	0.00	-1585.79
548.80	4077.45	0.00	-1766.62
548.90	3862.10	0.00	-1942.65
549.00	3626.01	0.00	-2112.51
549.10	3369.80	0.00	-2274.86
549.20	3094.21	0.00	-2428.35
549.30	2800.19	0.00	-2571.64
549.40	2488.82	0.00	-2703.45
549.50	2161.34	0.00	-2822.53
549.60	1819.17	0.00	-2927.69
549.70	1463.87	0.00	-3017.83
549.80	1097.16	0.00	-3091.92
549.90	720.90	0.00	-3149.02
550.00	337.08	0.00	-3188.33
550.10	-52.18	0.00	-3209.14
550.20	-444.66	0.00	-3210.89
550.30	-838.03	0.00	-3193.15
550.40	-1229.90	0.00	-3155.63
550.50	-1617.81	0.00	-3098.20
550.60	-1999.27	0.00	-3020.90
550.70	-2371.76	0.00	-2923.90
550.80	-2732.78	0.00	-2807.54
550.90	-3079.86	0.00	-2672.35
551.00	-3410.55	0.00	-2518.99
551.10	-3722.52	0.00	-2348.27
551.20	-4013.51	0.00	-2161.19
551.30	-4281.38	0.00	-1958.86
551.40	-4524.17	0.00	-1742.54
551.50	-4740.04	0.00	-1513.62
551.60	-4927.37	0.00	-1273.60
551.70	-5084.73	0.00	-1024.11
551.80	-5210.93	0.00	-766.85
551.90	-5304.98	0.00	-503.61
552.00	-5366.18	0.00	-236.23
552.10	-5394.05	0.00	33.38
552.20	-5388.40	0.00	303.28
552.30	-5349.30	0.00	571.53
552.40	-5277.08	0.00	836.16
552.50	-5172.47	0.00	1095.25
552.60	-5038.33	0.00	1346.89
552.70	-4876.27	0.00	1589.21
552.80	-4687.33	0.00	1820.44
552.90	-4472.78	0.00	2038.84
553.00	-4234.02	0.00	2242.82
553.10	-3972.65	0.00	2430.84
553.20	-3690.41	0.00	2601.52
553.30	-3389.22	0.00	2753.61
553.40	-3071.09	0.00	2885.97
553.50	-2738.22	0.00	2997.64
553.60	-2392.88	0.00	3087.82
553.70	-2037.46	0.00	3155.85
553.80	-1674.42	0.00	3201.27
553.90	-1306.32	0.00	3223.77
554.00	-935.73	0.00	3223.22
554.10	-565.28	0.00	3199.68
554.20	-197.60	0.00	3153.38
554.30	164.69	0.00	3084.70
554.40	518.99	0.00	2994.23
554.50	862.75	0.00	2882.68
554.60	1193.51	0.00	2750.96
554.70	1508.88	0.00	2600.11
554.80	1806.59	0.00	2431.30
554.90	2084.50	0.00	2245.84
555.00	2340.62	0.00	2045.18
555.10	2573.14	0.00	1830.86
555.20	2780.42	0.00	1604.52
555.30	2961.01	0.00	1367.89
555.40	3113.71	0.00	1122.76
555.50	3237.50	0.00	871.00
555.60	3331.61	0.00	614.48
555.70	3395.52	0.00	355.14
555.80	3428.93	0.00	94.91
555.90	3431.80	0.00	-164.27
556.00	3404.34	0.00	-420.50
556.10	3346.98	0.00	-671.88
556.20	3260.41	0.00	-916.57
556.30	3145.54	0.00	-1152.81
556.40	3003.61	0.00	-1378.87
556.50	2836.64	0.00	-1593.15
556.60	2646.14	0.00	-1794.12
556.70	2433.67	0.00	-1980.36
556.80	2200.89	0.00	-2150.59
556.90	1949.63	0.00	-2303.63
557.00	1681.85	0.00	-2438.47
557.10	1399.63	0.00	-2554.21
557.20	1105.16	0.00	-2650.12
557.30	800.70	0.00	-2725.63
557.40	488.60	0.00	-2780.32
557.50	171.26	0.00	-2813.93
557.60	-148.85	0.00	-2826.38
557.70	-469.27	0.00	-2817.72
557.80	-787.51	0.00	-2788.19
557.90	-1101.13	0.00	-2738.17
558.00	-1407.68	0.00	-2668.22
558.10	-1704.78	0.00	-2579.02
558.20	-1990.13	0.00	-2471.39
558.30	-2261.52	0.00	-2346.31
558.40	-2516.83	0.00	-2204.87
558.50	-2754.10	0.00	-2048.27
558.60	-2971.49	0.00	-1877.81
558.70	-3167.32	0.00	-1694.90
558.80	-3340.43	0.00	-1501.01
558.90	-3490.39	0.00	-1297.69
559.00	-3616.26	0.00	-1086.53
559.10	-3717.27	0.00	-869.15
559.20	-3792.81	0.00	-647.22
559.30	-3842.43	0.00	-422.38
559.40	-3865.90	0.00	-196.29
559.50	-3863.13	0.00	29.42
559.60	-3834.20	0.00	253.15
559.70	-3779.39	0.00	473.37
559.80	-3699.11	0.00	688.60
559.90	-3593.94	0.00	897.43
560.00	-3464.62	0.00	1098.55
560.10	-3312.02	0.00	1290.73
560.20	-3137.15	0.00	1472.88
560.30	-2941.13	0.00	1643.98
560.40	-2725.23	0.00	1803.18
560.50	-2490.78	0.00	1949.73
560.60	-2239.22	0.00	2083.01
560.70	-1972.08	0.00	2202.54
560.80	-1690.95	0.00	2307.98
560.90	-1397.46	0.00	2399.13
561.00	-1093.29	0.00	2475.90
561.10	-780.14	0.00	2538.34
561.20	-459.74	0.00	2586.64
561.30	-133.80	0.00	2621.07
561.40	195.98	0.00	2642.05
561.50	527.93	0.00	2650.06
561.60	860.39	0.00	2645.69
561.70	1191.80	0.00	2629.61
561.80	1520.63	0.00	2602.54
561.90	1845.41	0.00	2565.26
562.00	2164.76	0.00	2518.60
562.10	2477.41	0.00	2463.40
562.20	2782.14	0.00	2400.52
562.30	3077.84	0.00	2330.80
562.40	3363.51	0.00	2255.10
562.50	3638.22	0.00	2174.21
562.60	3901.15	0.00	2088.91
562.70	4151.59	0.00	1999.91
562.80	4388.90	0.00	1907.87
562.90	4612.52	0.00	1813.37
563.00	4821.98	0.00	1716.92
563.10	5016.89	0.00	1618.92
563.20	5196.91	0.00	1519.70
563.30	5361.75	0.00	1419.50
563.40	5511.17	0.00	1318.44
563.50	5644.97	0.00	1216.56
563.60	5764.44	0.00	1113.80
563.70	5871.56	0.00	1010.02
563.80	5966.34	0.00	904.98
563.90	6048.77	0.00	798.38
564.00	6118.76	0.00	689.82
564.10	6176.19	0.00	578.87
564.20	6220.84	0.00	465.04
564.30	6252.44	0.00	347.81
564.40	6270.65	0.00	226.65
564.50	6275.01	0.00	100.99
564.60	6265.01	0.00	-29.70
564.70	6240.06	0.00	-165.93
564.80	6199.46	0.00	-308.19
564.90	6142.46	0.00	-456.89
565.00	6068.23	0.00	-612.38
565.10	5975.88	0.00	-774.91
565.20	5864.47	0.00	-944.66
565.30	5733.01	0.00	-1121.67
565.40	5580.49	0.00	-1305.87
565.50	5405.91	0.00	-1497.05
565.60	5208.26	0.00	-1694.85
565.70	4986.54	0.00	-1898.77
565.80	4739.83	0.00	-2108.16
565.90	4467.27	0.00	-2322.20
566.00	4168.07	0.00	-2539.93
566.10	3841.58	0.00	-2760.23
566.20	3487.28	0.00	-2981.81
566.30	3104.79	0.00	-3203.26
566.40	2693.94	0.00	-3423.05
566.50	2254.76	0.00	-3639.49
566.60	1787.50	0.00	-3850.80
566.70	1292.66	0.00	-4055.12
566.80	771.01	0.00	-4250.49
566.90	223.59	0.00	-4434.91
567.00	-348.24	0.00	-4606.35
567.10	-942.83	0.00	-4762.74
567.20	-1558.22	0.00	-4902.06
567.30	-2192.11	0.00	-5022.27
567.40	-2841.90	0.00	-5121.44
567.50	-3504.67	0.00	-5197.69
567.60	-4177.19	0.00	-5249.26
567.70	-4855.92	0.00	-5274.51
567.80	-5537.09	0.00	-5271.95
567.90	-6216.62	0.00	-5240.27
568.00	-6890.25	0.00	-5178.36
568.10	-7553.50	0.00	-5085.31
568.20	-8201.74	0.00	-4960.44
568.30	-8830.22	0.00	-4803.33
568.40	-9434.12	0.00	-4613.80
568.50	-10008.59	0.00	-4391.94
568.60	-10548.80	0.00	-4138.11
568.70	-11050.01	0.00	-3852.95
568.80	-11507.58	0.00	-3537.38
568.90	-11917.10	0.00	-3192.61
569.00	-12274.35	0.00	-2820.08
569.10	-12575.41	0.00	-2421.55
569.20	-12823.54	0.00	-1998.98
569.30	-13026.55	0.00	-1554.62
569.40	-13182.51	0.00	-1090.90
569.50	-13289.50	0.00	-610.49
569.60	-13345.77	0.00	-116.22
569.70	-13349.79	0.00	388.90
569.80	-13300.18	0.00	901.72
569.90	-13195.79	0.00	1419.00
570.00	-13035.70	0.00	1937.40
570.10	-12819.22	0.00	2453.53
570.20	-12545.93	0.00	2963.98
570.30	-12215.66	0.00	3465.33
570.40	-11828.53	0.00	3954.21
570.50	-11384.98	0.00	4427.31
570.60	-10885.75	0.00	4881.40
570.70	-10331.90	0.00	5313.40
570.80	-9724.85	0.00	5720.35
570.90	-9066.36	0.00	6099.48
571.00	-8358.54	0.00	6448.20
571.10	-7603.87	0.00	6764.16
571.20	-6805.18	0.00	7045.23
571.30	-5965.67	0.00	7289.55
571.40	-5088.89	0.00	7495.51
571.50	-4178.72	0.00	7661.80
571.60	-3239.38	0.00	7787.40
571.70	-2275.38	0.00	7871.57
571.80	-1291.51	0.00	7913.89
571.90	-292.82	0.00	7914.22
572.00	715.43	0.00	7872.73
572.10	1727.80	0.00	7789.90
572.20	2738.71	0.00	7666.46
572.30	3742.50	0.00	7503.43
572.40	4733.46	0.00	7302.12
572.50	5705.86	0.00	7064.03
572.60	6654.06	0.00	6790.96
572.70	7572.50	0.00	6484.86
572.80	8455.78	0.00	6147.91
572.90	9298.71	0.00	5782.45
573.00	10096.36	0.00	5390.97
573.10	10844.08	0.00	4976.08
573.20	11537.58	0.00	4540.51
573.30	12172.94	0.00	4087.04
573.40	12746.66	0.00	3618.52
573.50	13255.69	0.00	3137.84
573.60	13697.45	0.00	2647.88
573.70	14069.83	0.00	2151.51
573.80	14371.24	0.00	1651.57
573.90	14600.61	0.00	1150.82
574.00	14757.35	0.00	651.98
574.10	14841.42	0.00	157.65
574.20	14853.25	0.00	-329.68
574.30	14794.15	0.00	-807.64
574.40	14680.70	0.00	-1273.98
574.50	14522.03	0.00	-1726.62
574.60	14319.40	0.00	-2163.63
574.70	14074.10	0.00	-2583.25
574.80	13787.51	0.00	-2983.86
574.90	13461.04	0.00	-3364.05
575.00	13096.15	0.00	-3722.56
575.10	12694.35	0.00	-4058.30
575.20	12257.20	0.00	-4370.38
575.30	11786.30	0.00	-4658.04
575.40	11283.29	0.00	-4920.70
575.50	10749.88	0.00	-5157.96
575.60	10187.82	0.00	-5369.52
575.70	9598.92	0.00	-5555.28
575.80	8985.05	0.00	-5715.23
575.90	8348.12	0.00	-5849.51
576.00	7690.11	0.00	-5958.36
576.10	7013.07	0.00	-6042.13
576.20	6319.08	0.00	-6101.28
576.30	5610.32	0.00	-6136.33
576.40	4888.98	0.00	-6147.89
576.50	4157.34	0.00	-6136.65
576.60	3417.71	0.00	-6103.31
576.70	2672.46	0.00	-6048.68
576.80	1924.01	0.00	-5973.55
576.90	1174.78	0.00	-5878.79
577.00	427.26	0.00	-5765.27
577.10	-316.06	0.00	-5633.88
577.20	-1052.67	0.00	-5485.52
577.30	-1780.05	0.00	-5321.13
577.40	-2495.69	0.00	-5141.61
577.50	-3197.09	0.00	-4947.90
577.60	-3881.79	0.00	-4740.92
577.70	-4547.35	0.00	-4521.59
577.80	-5191.37	0.00	-4290.84
577.90	-5811.55	0.00	-4049.59
578.00	-6405.61	0.00	-3798.75
578.10	-6971.40	0.00	-3539.24
578.20	-7506.85	0.00	-3271.98
578.30	-8009.99	0.00	-2997.88
578.40	-8478.99	0.00	-2717.84
578.50	-8912.14	0.00	-2432.80
578.60	-9307.90	0.00	-2143.66
578.70	-9664.85	0.00	-1851.36
578.80	-9981.78	0.00	-1556.81
578.90	-10257.63	0.00	-1260.96
579.00	-10491.52	0.00	-964.74
579.10	-10682.80	0.00	-669.09
579.20	-10830.98	0.00	-374.97
579.30	-10935.79	0.00	-83.32
579.40	-10997.19	0.00	204.91
579.50	-11015.32	0.00	488.75
579.60	-10990.55	0.00	767.27
579.70	-10923.45	0.00	1039.51
579.80	-10814.82	0.00	1304.56
579.90	-10667.95	0.00	1561.50
580.00	-10492.91	0.00	1809.42
580.10	-10291.36	0.00	2047.46
580.20	-10064.08	0.00	2274.77
580.30	-9811.88	0.00	2490.54
580.40	-9535.67	0.00	2694.01
580.50	-9236.37	0.00	2884.46
580.60	-8915.01	0.00	3061.22
580.70	-8572.67	0.00	3223.67
580.80	-8210.48	0.00	3371.27
580.90	-7829.67	0.00	3503.54
581.00	-7431.52	0.00	3620.07
581.10	-7017.39	0.00	3720.53
581.20	-6588.70	0.00	3804.68
581.30	-6146.93	0.00	3872.34
581.40	-5693.63	0.00	3923.44
581.50	-5230.39	0.00	3957.98
581.60	-4758.87	0.00	3976.08
581.70	-4280.76	0.00	3977.91
581.80	-3797.78	0.00	3963.76
581.90	-3311.68	0.00	3933.99
582.00	-2824.22	0.00	3889.06
582.10	-2337.19	0.00	3829.50
582.20	-1852.33	0.00	3755.92
582.30	-1371.41	0.00	3669.03
582.40	-896.14	0.00	3569.57
582.50	-428.20	0.00	3458.38
582.60	30.78	0.00	3336.32
582.70	479.22	0.00	3204.32
582.80	915.64	0.00	3063.37
582.90	1338.62	0.00	2914.45
583.00	1746.85	0.00	2758.61
583.10	2139.10	0.00	2596.89
583.20	2514.26	0.00	2430.34
583.30	2871.34	0.00	2260.01
583.40	3209.47	0.00	2086.97
583.50	3527.89	0.00	1912.23
583.60	3825.98	0.00	1736.79
583.70	4103.24	0.00	1561.64
583.80	4359.31	0.00	1387.69
583.90	4593.94	0.00	1215.84
584.00	4807.02	0.00	1046.90
584.10	4998.56	0.00	881.65
584.20	5168.66	0.00	720.80
584.30	5317.57	0.00	564.98
584.40	5445.61	0.00	414.76
584.50	5553.20	0.00	270.64
584.60	5640.87	0.00	133.02
584.70	5709.19	0.00	2.26
584.80	5758.83	0.00	-121.38
584.90	5790.49	0.00	-237.71
585.00	5804.95	0.00	-346.61
585.10	5803.00	0.00	-448.04
585.20	5785.47	0.00	-542.00
585.30	5753.22	0.00	-628.59
585.40	5707.09	0.00	-707.94
585.50	5647.95	0.00	-780.25
585.60	5576.65	0.00	-845.77
585.70	5494.04	0.00	-904.79
585.80	5400.93	0.00	-957.61
585.90	5298.12	0.00	-1004.61
586.00	5186.39	0.00	-1046.15
586.10	5067.91	0.00	-1082.63
586.20	4944.62	0.00	-1114.46
586.30	4816.98	0.00	-1142.05
586.40	4685.37	0.00	-1165.81
586.50	4550.16	0.00	-1186.13
586.60	4411.65	0.00	-1203.42
586.70	4270.12	0.00	-1218.03
586.80	4125.80	0.00	-1230.32
586.90	3978.89	0.00	-1240.62
587.00	3829.56	0.00	-1249.22
587.10	3677.94	0.00	-1256.37
587.20	3524.15	0.00	-1262.31
587.30	3368.31	0.00	-1267.22
587.40	3210.48	0.00	-1271.26
587.50	3050.75	0.00	-1274.54
587.60	2889.18	0.00	-1277.13
587.70	2725.86	0.00	-1279.08
587.80	2560.86	0.00	-1280.38
587.90	2394.25	0.00	-1281.00
588.00	2226.14	0.00	-1280.88
588.10	2056.63	0.00	-1279.92
588.20	1885.86	0.00	-1278.00
588.30	1713.97	0.00	-1274.98
588.40	1541.13	0.00	-1270.70
588.50	1367.54	0.00	-1264.97
588.60	1193.43	0.00	-1257.61
588.70	1019.04	0.00	-1248.42
588.80	844.66	0.00	-1237.20
588.90	670.58	0.00	-1223.75
589.00	497.15	0.00	-1207.89
589.10	324.71	0.00	-1189.42
589.20	153.64	0.00	-1168.19
589.30	-15.64	0.00	-1144.03
589.40	-182.73	0.00	-1116.83
589.50	-347.19	0.00	-1086.47
589.60	-508.56	0.00	-1052.87
589.70	-666.39	0.00	-1015.99
589.80	-820.22	0.00	-975.82
589.90	-969.59	0.00	-932.36
590.00	-1114.03	0.00	-885.68
590.10	-1253.10	0.00	-835.86
590.20	-1386.36	0.00	-783.02
590.30	-1513.39	0.00	-727.34
590.40	-1633.78	0.00	-669.02
590.50	-1747.18	0.00	-608.29
590.60	-1853.24	0.00	-545.42
590.70	-1951.65	0.00	-480.73
590.80	-2042.15	0.00	-414.55
590.90	-2124.51	0.00	-347.25
591.00	-2198.57	0.00	-279.24
591.10	-2264.19	0.00	-210.94
591.20	-2321.31	0.00	-142.79
591.30	-2369.90	0.00	-75.26
591.40	-2410.00	0.00	-8.83
591.50	-2441.71	0.00	56.01
591.60	-2465.18	0.00	118.76
591.70	-2480.62	0.00	178.93
591.80	-2488.32	0.00	236.01
591.90	-2488.60	0.00	289.51
592.00	-2481.84	0.00	338.95
592.10	-2468.50	0.00	383.86
592.20	-2449.07	0.00	423.80
592.30	-2424.10	0.00	458.35
592.40	-2394.18	0.00	487.12
592.50	-2359.95	0.00	509.75
592.60	-2322.09	0.00	525.93
592.70	-2281.30	0.00	535.39
592.80	-2238.31	0.00	537.91
592.90	-2193.90	0.00	533.32
593.00	-2148.83	0.00	521.49
593.10	-2103.89	0.00	502.39
593.20	-2059.87	0.00	476.02
593.30	-2017.54	0.00	442.45
593.40	-1977.69	0.00	401.82
593.50	-1941.06	0.00	354.36
593.60	-1908.37	0.00	300.34
593.70	-1880.32	0.00	240.12
593.80	-1857.71	0.00	174.12
593.90	-1841.34	0.00	102.85
594.00	-1831.73	0.00	26.88
594.10	-1829.36	0.00	-53.16
594.20	-1834.62	0.00	-136.57
594.30	-1847.83	0.00	-222.57
594.40	-1869.23	0.00	-310.35
594.50	-1898.97	0.00	-399.02
594.60	-1937.11	0.00	-487.66
594.70	-1983.62	0.00	-575.31
594.80	-2038.34	0.00	-660.95
594.90	-2101.04	0.00	-743.57
595.00	-2171.36	0.00	-822.11
595.10	-2248.83	0.00	-895.52
595.20	-2332.87	0.00	-962.73
595.30	-2422.80	0.00	-1022.70
595.40	-2517.81	0.00	-1074.40
595.50	-2617.00	0.00	-1116.82
595.60	-2719.35	0.00	-1149.00
595.70	-2823.75	0.00	-1170.03
595.80	-2928.99	0.00	-1179.06
595.90	-3033.77	0.00	-1175.31
596.00	-3136.70	0.00	-1158.08
596.10	-3236.33	0.00	-1126.76
596.20	-3331.14	0.00	-1080.85
596.30	-3419.54	0.00	-1019.96
596.40	-3499.92	0.00	-943.80
596.50	-3570.62	0.00	-852.22
596.60	-3629.97	0.00	-745.20
596.70	-3676.29	0.00	-622.85
596.80	-3707.90	0.00	-485.43
596.90	-3723.14	0.00	-333.33
597.00	-3720.40	0.00	-167.10
597.10	-3698.13	0.00	12.57
597.20	-3654.81	0.00	204.84
597.30	-3589.03	0.00	408.74
597.40	-3499.49	0.00	623.14
597.50	-3384.97	0.00	846.79
597.60	-3244.43	0.00	1078.31
597.70	-3076.93	0.00	1316.19
597.80	-2881.72	0.00	1558.83
597.90	-2658.23	0.00	1804.51
598.00	-2406.08	0.00	2051.42
598.10	-2125.10	0.00	2297.68
598.20	-1815.33	0.00	2541.34
598.30	-1477.05	0.00	2780.43
598.40	-1110.79	0.00	3012.90
598.50	-717.32	0.00	3236.73
598.60	-297.69	0.00	3449.87
598.70	146.80	0.00	3650.30
598.80	614.59	0.00	3836.03
598.90	1103.82	0.00	4005.14
599.00	1612.39	0.00	4155.74
599.10	2137.92	0.00	4286.08
599.20	2677.79	0.00	4394.47
599.30	3229.11	0.00	4479.37
599.40	3788.77	0.00	4539.36
599.50	4353.44	0.00	4573.18
599.60	4919.60	0.00	4579.73
599.70	5483.55	0.00	4558.08
599.80	6041.44	0.00	4507.50
599.90	6589.31	0.00	4427.46
600.00	7123.08	0.00	4317.62
