Time(s)	Fx(N)	Fy(N)	Fz(N)
0.00	-415.25	0.00	-77.36
0.10	-475.22	0.00	-72.40
0.20	-531.93	0.00	-67.16
0.30	-585.09	0.00	-61.68
0.40	-634.48	0.00	-55.97
0.50	-679.84	0.00	-50.07
0.60	-720.98	0.00	-44.00
0.70	-757.70	0.00	-37.78
0.80	-789.84	0.00	-31.44
0.90	-817.26	0.00	-25.02
1.00	-839.85	0.00	-18.54
1.10	-857.53	0.00	-12.04
1.20	-870.24	0.00	-5.53
1.30	-877.96	0.00	0.95
1.40	-880.69	0.00	7.37
1.50	-878.46	0.00	13.69
1.60	-871.32	0.00	19.91
1.70	-859.38	0.00	25.98
1.80	-842.75	0.00	31.88
1.90	-821.99	0.00	37.58
2.00	-797.52	0.00	43.07
2.10	-769.44	0.00	48.31
2.20	-737.91	0.00	53.29
2.30	-703.06	0.00	57.98
2.40	-665.04	0.00	62.37
2.50	-624.04	0.00	66.43
2.60	-580.22	0.00	70.16
2.70	-533.78	0.00	73.54
2.80	-484.92	0.00	76.56
2.90	-433.86	0.00	79.21
3.00	-380.81	0.00	81.48
3.10	-326.03	0.00	83.36
3.20	-269.75	0.00	84.84
3.30	-212.22	0.00	85.94
3.40	-153.71	0.00	86.63
3.50	-94.50	0.00	86.93
3.60	-34.86	0.00	86.84
3.70	24.92	0.00	86.35
3.80	84.55	0.00	85.48
3.90	143.74	0.00	84.22
4.00	202.18	0.00	82.60
4.10	259.59	0.00	80.60
4.20	315.67	0.00	78.25
4.30	370.11	0.00	75.56
4.40	422.63	0.00	72.53
4.50	472.94	0.00	69.19
4.60	520.76	0.00	65.53
4.70	565.83	0.00	61.59
4.80	607.88	0.00	57.37
4.90	646.67	0.00	52.89
5.00	681.97	0.00	48.16
5.10	713.56	0.00	43.21
5.20	741.25	0.00	38.05
5.30	764.85	0.00	32.71
5.40	784.21	0.00	27.20
5.50	799.19	0.00	21.53
5.60	809.98	0.00	15.74
5.70	816.86	0.00	9.85
5.80	819.79	0.00	3.87
5.90	818.70	0.00	-2.17
6.00	813.58	0.00	-8.25
6.10	804.40	0.00	-14.35
6.20	791.15	0.00	-20.43
6.30	773.84	0.00	-26.49
6.40	752.46	0.00	-32.48
6.50	727.07	0.00	-38.40
6.60	697.69	0.00	-44.21
6.70	664.38	0.00	-49.89
6.80	627.22	0.00	-55.42
6.90	586.29	0.00	-60.76
7.00	541.70	0.00	-65.90
7.10	493.57	0.00	-70.81
7.20	442.04	0.00	-75.47
7.30	387.27	0.00	-79.86
7.40	329.44	0.00	-83.94
7.50	268.75	0.00	-87.71
7.60	205.43	0.00	-91.13
7.70	139.70	0.00	-94.19
7.80	71.83	0.00	-96.87
7.90	2.11	0.00	-99.16
8.00	-69.18	0.00	-101.03
8.10	-141.70	0.00	-102.47
8.20	-215.11	0.00	-103.46
8.30	-289.07	0.00	-104.00
8.40	-363.21	0.00	-104.08
8.50	-437.13	0.00	-103.68
8.60	-510.43	0.00	-102.80
8.70	-582.72	0.00	-101.43
8.80	-653.58	0.00	-99.58
8.90	-722.57	0.00	-97.25
9.00	-789.29	0.00	-94.42
9.10	-853.30	0.00	-91.12
9.20	-914.19	0.00	-87.34
9.30	-971.54	0.00	-83.09
9.40	-1024.95	0.00	-78.39
9.50	-1074.02	0.00	-73.24
9.60	-1118.39	0.00	-67.67
9.70	-1157.71	0.00	-61.68
9.80	-1191.63	0.00	-55.30
9.90	-1220.27	0.00	-48.55
10.00	-1244.43	0.00	-41.44
10.10	-1264.00	0.00	-34.02
10.20	-1278.81	0.00	-26.29
10.30	-1288.72	0.00	-18.30
10.40	-1293.59	0.00	-10.07
10.50	-1293.27	0.00	-1.64
10.60	-1287.66	0.00	6.97
10.70	-1276.63	0.00	15.72
10.80	-1260.08	0.00	24.57
10.90	-1237.92	0.00	33.48
11.00	-1210.07	0.00	42.42
11.10	-1176.48	0.00	51.35
11.20	-1137.10	0.00	60.22
11.30	-1091.91	0.00	68.99
11.40	-1040.91	0.00	77.63
11.50	-984.11	0.00	86.09
11.60	-921.58	0.00	94.32
11.70	-853.38	0.00	102.29
11.80	-779.63	0.00	109.95
11.90	-700.47	0.00	117.26
12.00	-616.08	0.00	124.17
12.10	-526.67	0.00	130.65
12.20	-432.51	0.00	136.66
12.30	-333.88	0.00	142.14
12.40	-231.14	0.00	147.08
12.50	-124.65	0.00	151.41
12.60	-14.85	0.00	155.12
12.70	97.79	0.00	158.17
12.80	212.77	0.00	160.52
12.90	329.54	0.00	162.15
13.00	447.50	0.00	163.03
13.10	566.02	0.00	163.13
13.20	684.45	0.00	162.44
13.30	802.10	0.00	160.94
13.40	918.24	0.00	158.62
13.50	1032.16	0.00	155.46
13.60	1143.08	0.00	151.46
13.70	1250.26	0.00	146.62
13.80	1352.94	0.00	140.94
13.90	1450.35	0.00	134.44
14.00	1541.75	0.00	127.12
14.10	1626.43	0.00	119.01
14.20	1703.67	0.00	110.13
14.30	1772.81	0.00	100.50
14.40	1833.24	0.00	90.17
14.50	1884.37	0.00	79.16
14.60	1925.69	0.00	67.53
14.70	1957.05	0.00	55.33
14.80	1980.98	0.00	42.60
14.90	1997.98	0.00	29.41
15.00	2007.88	0.00	15.82
15.10	2010.48	0.00	1.89
15.20	2005.62	0.00	-12.29
15.30	1993.13	0.00	-26.67
15.40	1972.84	0.00	-41.15
15.50	1944.63	0.00	-55.66
15.60	1908.36	0.00	-70.11
15.70	1863.94	0.00	-84.43
15.80	1811.28	0.00	-98.52
15.90	1750.33	0.00	-112.31
16.00	1681.07	0.00	-125.70
16.10	1603.53	0.00	-138.61
16.20	1517.76	0.00	-150.96
16.30	1423.87	0.00	-162.66
16.40	1322.02	0.00	-173.64
16.50	1212.42	0.00	-183.82
16.60	1095.35	0.00	-193.14
16.70	971.14	0.00	-201.51
16.80	840.19	0.00	-208.89
16.90	702.97	0.00	-215.21
17.00	560.03	0.00	-220.42
17.10	411.95	0.00	-224.49
17.20	259.41	0.00	-227.36
17.30	103.16	0.00	-229.02
17.40	-56.02	0.00	-229.44
17.50	-217.26	0.00	-228.61
17.60	-379.66	0.00	-226.52
17.70	-542.25	0.00	-223.18
17.80	-704.04	0.00	-218.59
17.90	-864.02	0.00	-212.77
18.00	-1021.12	0.00	-205.76
18.10	-1174.29	0.00	-197.58
18.20	-1322.48	0.00	-188.29
18.30	-1464.62	0.00	-177.92
18.40	-1599.71	0.00	-166.55
18.50	-1726.73	0.00	-154.23
18.60	-1844.74	0.00	-141.03
18.70	-1952.84	0.00	-127.04
18.80	-2050.20	0.00	-112.34
18.90	-2136.07	0.00	-97.01
19.00	-2209.78	0.00	-81.14
19.10	-2270.75	0.00	-64.84
19.20	-2318.50	0.00	-48.20
19.30	-2352.66	0.00	-31.31
19.40	-2372.97	0.00	-14.28
19.50	-2379.36	0.00	2.78
19.60	-2375.45	0.00	19.78
19.70	-2363.32	0.00	36.62
19.80	-2343.00	0.00	53.19
19.90	-2314.51	0.00	69.41
20.00	-2277.91	0.00	85.18
20.10	-2233.26	0.00	100.40
20.20	-2180.64	0.00	114.99
20.30	-2120.12	0.00	128.88
20.40	-2051.83	0.00	141.98
20.50	-1975.89	0.00	154.23
20.60	-1892.46	0.00	165.57
20.70	-1801.74	0.00	175.93
20.80	-1703.95	0.00	185.27
20.90	-1599.35	0.00	193.55
21.00	-1488.24	0.00	200.72
21.10	-1370.98	0.00	206.77
21.20	-1247.95	0.00	211.67
21.30	-1119.58	0.00	215.41
21.40	-986.35	0.00	217.99
21.50	-848.79	0.00	219.40
21.60	-707.48	0.00	219.66
21.70	-563.02	0.00	218.79
21.80	-416.07	0.00	216.80
21.90	-267.32	0.00	213.73
22.00	-117.50	0.00	209.60
22.10	32.66	0.00	204.47
22.20	182.37	0.00	198.38
22.30	330.84	0.00	191.38
22.40	477.29	0.00	183.53
22.50	620.92	0.00	174.88
22.60	760.93	0.00	165.51
22.70	896.54	0.00	155.46
22.80	1026.99	0.00	144.82
22.90	1151.55	0.00	133.66
23.00	1269.53	0.00	122.04
23.10	1380.27	0.00	110.03
23.20	1483.16	0.00	97.71
23.30	1577.65	0.00	85.16
23.40	1663.24	0.00	72.44
23.50	1739.50	0.00	59.63
23.60	1806.08	0.00	46.79
23.70	1862.67	0.00	33.99
23.80	1909.06	0.00	21.30
23.90	1945.11	0.00	8.79
24.00	1970.74	0.00	-3.49
24.10	1985.95	0.00	-15.49
24.20	1990.83	0.00	-27.13
24.30	1985.53	0.00	-38.38
24.40	1970.26	0.00	-49.19
24.50	1945.85	0.00	-59.51
24.60	1915.50	0.00	-69.30
24.70	1879.84	0.00	-78.53
24.80	1839.07	0.00	-87.17
24.90	1793.40	0.00	-95.18
25.00	1743.01	0.00	-102.55
25.10	1688.13	0.00	-109.26
25.20	1628.95	0.00	-115.28
25.30	1565.70	0.00	-120.62
25.40	1498.60	0.00	-125.25
25.50	1427.87	0.00	-129.19
25.60	1353.76	0.00	-132.42
25.70	1276.52	0.00	-134.96
25.80	1196.40	0.00	-136.80
25.90	1113.67	0.00	-137.97
26.00	1028.61	0.00	-138.48
26.10	941.51	0.00	-138.34
26.20	852.68	0.00	-137.58
26.30	762.41	0.00	-136.21
26.40	671.02	0.00	-134.27
26.50	578.84	0.00	-131.77
26.60	486.20	0.00	-128.76
26.70	393.42	0.00	-125.27
26.80	300.85	0.00	-121.32
26.90	208.81	0.00	-116.96
27.00	117.64	0.00	-112.21
27.10	27.67	0.00	-107.13
27.20	-60.79	0.00	-101.74
27.30	-147.41	0.00	-96.10
27.40	-231.90	0.00	-90.23
27.50	-313.98	0.00	-84.18
27.60	-393.35	0.00	-77.99
27.70	-469.79	0.00	-71.70
27.80	-543.03	0.00	-65.34
27.90	-612.88	0.00	-58.97
28.00	-679.14	0.00	-52.62
28.10	-741.64	0.00	-46.32
28.20	-800.24	0.00	-40.11
28.30	-854.81	0.00	-34.02
28.40	-905.27	0.00	-28.09
28.50	-951.55	0.00	-22.35
28.60	-993.60	0.00	-16.83
28.70	-1031.40	0.00	-11.56
28.80	-1064.97	0.00	-6.55
28.90	-1094.34	0.00	-1.83
29.00	-1119.55	0.00	2.58
29.10	-1140.68	0.00	6.67
29.20	-1157.83	0.00	10.42
29.30	-1171.11	0.00	13.83
29.40	-1180.63	0.00	16.88
29.50	-1186.54	0.00	19.58
29.60	-1189.00	0.00	21.92
29.70	-1188.15	0.00	23.91
29.80	-1184.16	0.00	25.56
29.90	-1177.22	0.00	26.87
30.00	-1167.47	0.00	27.85
30.10	-1155.20	0.00	28.53
30.20	-1141.53	0.00	28.93
30.30	-1126.89	0.00	29.05
30.40	-1111.38	0.00	28.93
30.50	-1095.08	0.00	28.60
30.60	-1078.06	0.00	28.09
30.70	-1060.40	0.00	27.41
30.80	-1042.12	0.00	26.61
30.90	-1023.27	0.00	25.73
31.00	-1003.86	0.00	24.79
31.10	-983.88	0.00	23.82
31.20	-963.31	0.00	22.88
31.30	-942.14	0.00	21.98
31.40	-920.29	0.00	21.17
31.50	-897.72	0.00	20.48
31.60	-874.35	0.00	19.95
31.70	-850.08	0.00	19.60
31.80	-824.82	0.00	19.46
31.90	-798.45	0.00	19.57
32.00	-770.85	0.00	19.94
32.10	-741.88	0.00	20.60
32.20	-711.42	0.00	21.57
32.30	-679.30	0.00	22.85
32.40	-645.40	0.00	24.47
32.50	-609.56	0.00	26.42
32.60	-571.65	0.00	28.71
32.70	-531.50	0.00	31.33
32.80	-489.01	0.00	34.29
32.90	-444.03	0.00	37.56
33.00	-396.46	0.00	41.13
33.10	-346.20	0.00	44.97
33.20	-293.17	0.00	49.08
33.30	-237.31	0.00	53.40
33.40	-178.57	0.00	57.91
33.50	-116.95	0.00	62.57
33.60	-52.47	0.00	67.33
33.70	14.83	0.00	72.15
33.80	84.88	0.00	76.98
33.90	157.55	0.00	81.77
34.00	232.69	0.00	86.46
34.10	310.13	0.00	91.00
34.20	389.62	0.00	95.33
34.30	470.90	0.00	99.38
34.40	553.67	0.00	103.11
34.50	637.57	0.00	106.45
34.60	722.23	0.00	109.34
34.70	807.21	0.00	111.73
34.80	892.06	0.00	113.57
34.90	976.29	0.00	114.81
35.00	1059.37	0.00	115.39
35.10	1140.75	0.00	115.27
35.20	1219.86	0.00	114.42
35.30	1296.12	0.00	112.80
35.40	1368.91	0.00	110.39
35.50	1437.62	0.00	107.15
35.60	1501.65	0.00	103.09
35.70	1560.38	0.00	98.17
35.80	1613.23	0.00	92.41
35.90	1659.62	0.00	85.81
36.00	1698.99	0.00	78.37
36.10	1731.03	0.00	70.13
36.20	1757.53	0.00	61.11
36.30	1778.80	0.00	51.33
36.40	1794.52	0.00	40.85
36.50	1804.40	0.00	29.72
36.60	1808.14	0.00	17.98
36.70	1805.48	0.00	5.71
36.80	1796.12	0.00	-7.03
36.90	1779.82	0.00	-20.16
37.00	1756.34	0.00	-33.61
37.10	1725.45	0.00	-47.28
37.20	1686.97	0.00	-61.09
37.30	1640.73	0.00	-74.95
37.40	1586.59	0.00	-88.75
37.50	1524.46	0.00	-102.42
37.60	1454.28	0.00	-115.83
37.70	1376.05	0.00	-128.90
37.80	1289.82	0.00	-141.53
37.90	1195.67	0.00	-153.62
38.00	1093.78	0.00	-165.07
38.10	984.35	0.00	-175.80
38.20	867.70	0.00	-185.71
38.30	744.16	0.00	-194.71
38.40	614.19	0.00	-202.74
38.50	478.27	0.00	-209.71
38.60	337.01	0.00	-215.56
38.70	191.04	0.00	-220.23
38.80	41.11	0.00	-223.67
38.90	-112.01	0.00	-225.82
39.00	-267.44	0.00	-226.67
39.10	-424.27	0.00	-226.17
39.20	-581.52	0.00	-224.32
39.30	-738.17	0.00	-221.10
39.40	-893.16	0.00	-216.52
39.50	-1045.41	0.00	-210.59
39.60	-1193.82	0.00	-203.33
39.70	-1337.27	0.00	-194.77
39.80	-1474.65	0.00	-184.96
39.90	-1604.89	0.00	-173.94
40.00	-1726.93	0.00	-161.76
40.10	-1839.74	0.00	-148.51
40.20	-1942.37	0.00	-134.25
40.30	-2033.92	0.00	-119.07
40.40	-2113.59	0.00	-103.05
40.50	-2180.64	0.00	-86.30
40.60	-2234.45	0.00	-68.91
40.70	-2274.49	0.00	-51.00
40.80	-2300.36	0.00	-32.66
40.90	-2311.77	0.00	-14.02
41.00	-2310.43	0.00	4.80
41.10	-2299.77	0.00	23.69
41.20	-2279.83	0.00	42.53
41.30	-2250.56	0.00	61.20
41.40	-2211.96	0.00	79.59
41.50	-2164.03	0.00	97.57
41.60	-2106.80	0.00	115.03
41.70	-2040.32	0.00	131.86
41.80	-1964.67	0.00	147.96
41.90	-1879.99	0.00	163.22
42.00	-1786.44	0.00	177.55
42.10	-1684.24	0.00	190.86
42.20	-1573.63	0.00	203.07
42.30	-1454.95	0.00	214.10
42.40	-1328.56	0.00	223.89
42.50	-1194.91	0.00	232.38
42.60	-1054.50	0.00	239.51
42.70	-907.89	0.00	245.25
42.80	-755.73	0.00	249.57
42.90	-598.71	0.00	252.44
43.00	-437.61	0.00	253.86
43.10	-273.25	0.00	253.81
43.20	-106.52	0.00	252.31
43.30	61.65	0.00	249.38
43.40	230.26	0.00	245.03
43.50	398.30	0.00	239.30
43.60	564.71	0.00	232.23
43.70	728.41	0.00	223.88
43.80	888.33	0.00	214.30
43.90	1043.38	0.00	203.56
44.00	1192.50	0.00	191.72
44.10	1334.62	0.00	178.88
44.20	1468.75	0.00	165.11
44.30	1593.91	0.00	150.50
44.40	1709.21	0.00	135.14
44.50	1813.79	0.00	119.14
44.60	1906.90	0.00	102.58
44.70	1987.87	0.00	85.58
44.80	2056.11	0.00	68.23
44.90	2111.15	0.00	50.64
45.00	2152.61	0.00	32.91
45.10	2180.24	0.00	15.15
45.20	2193.90	0.00	-2.55
45.30	2193.54	0.00	-20.08
45.40	2180.17	0.00	-37.35
45.50	2157.53	0.00	-54.26
45.60	2126.09	0.00	-70.72
45.70	2085.97	0.00	-86.64
45.80	2037.31	0.00	-101.95
45.90	1980.25	0.00	-116.57
46.00	1914.96	0.00	-130.43
46.10	1841.62	0.00	-143.46
46.20	1760.43	0.00	-155.60
46.30	1671.64	0.00	-166.80
46.40	1575.49	0.00	-177.01
46.50	1472.29	0.00	-186.20
46.60	1362.35	0.00	-194.33
46.70	1246.05	0.00	-201.38
46.80	1123.80	0.00	-207.32
46.90	996.03	0.00	-212.14
47.00	863.25	0.00	-215.83
47.10	725.99	0.00	-218.40
47.20	584.83	0.00	-219.85
47.30	440.39	0.00	-220.19
47.40	293.32	0.00	-219.44
47.50	144.35	0.00	-217.62
47.60	-5.81	0.00	-214.75
47.70	-156.38	0.00	-210.88
47.80	-306.58	0.00	-206.03
47.90	-455.57	0.00	-200.25
48.00	-602.55	0.00	-193.58
48.10	-746.66	0.00	-186.07
48.20	-887.08	0.00	-177.76
48.30	-1022.96	0.00	-168.72
48.40	-1153.49	0.00	-158.99
48.50	-1277.86	0.00	-148.63
48.60	-1395.31	0.00	-137.69
48.70	-1505.10	0.00	-126.25
48.80	-1606.53	0.00	-114.35
48.90	-1698.95	0.00	-102.05
49.00	-1781.78	0.00	-89.41
49.10	-1854.49	0.00	-76.50
49.20	-1916.61	0.00	-63.37
49.30	-1967.75	0.00	-50.08
49.40	-2007.59	0.00	-36.69
49.50	-2035.89	0.00	-23.25
49.60	-2052.49	0.00	-9.81
49.70	-2057.94	0.00	3.57
49.80	-2055.49	0.00	16.83
49.90	-2045.60	0.00	29.94
50.00	-2028.31	0.00	42.84
50.10	-2003.64	0.00	55.48
50.20	-1971.62	0.00	67.83
50.30	-1932.28	0.00	79.83
50.40	-1885.65	0.00	91.46
50.50	-1831.79	0.00	102.66
50.60	-1770.74	0.00	113.40
50.70	-1702.56	0.00	123.66
50.80	-1627.34	0.00	133.39
50.90	-1545.17	0.00	142.57
51.00	-1456.19	0.00	151.16
51.10	-1360.53	0.00	159.14
51.20	-1258.39	0.00	166.48
51.30	-1149.98	0.00	173.16
51.40	-1035.55	0.00	179.16
51.50	-915.40	0.00	184.46
51.60	-789.87	0.00	189.04
51.70	-659.33	0.00	192.88
51.80	-524.22	0.00	195.97
51.90	-385.02	0.00	198.30
52.00	-242.24	0.00	199.85
52.10	-96.47	0.00	200.62
52.20	51.69	0.00	200.60
52.30	201.56	0.00	199.78
52.40	352.45	0.00	198.17
52.50	503.61	0.00	195.76
52.60	654.27	0.00	192.56
52.70	803.61	0.00	188.57
52.80	950.80	0.00	183.79
52.90	1094.99	0.00	178.24
53.00	1235.33	0.00	171.93
53.10	1370.93	0.00	164.88
53.20	1500.95	0.00	157.09
53.30	1624.51	0.00	148.60
53.40	1740.80	0.00	139.42
53.50	1848.98	0.00	129.59
53.60	1948.29	0.00	119.13
53.70	2038.00	0.00	108.08
53.80	2117.42	0.00	96.46
53.90	2185.92	0.00	84.33
54.00	2242.94	0.00	71.71
54.10	2287.99	0.00	58.66
54.20	2320.65	0.00	45.23
54.30	2341.88	0.00	31.46
54.40	2355.50	0.00	17.40
54.50	2361.65	0.00	3.11
54.60	2360.24	0.00	-11.34
54.70	2351.13	0.00	-25.91
54.80	2334.19	0.00	-40.53
54.90	2309.29	0.00	-55.14
55.00	2276.30	0.00	-69.68
55.10	2235.09	0.00	-84.07
55.20	2185.53	0.00	-98.25
55.30	2127.52	0.00	-112.16
55.40	2060.96	0.00	-125.73
55.50	1985.78	0.00	-138.89
55.60	1901.94	0.00	-151.57
55.70	1809.42	0.00	-163.72
55.80	1708.26	0.00	-175.27
55.90	1598.53	0.00	-186.15
56.00	1480.36	0.00	-196.31
56.10	1353.94	0.00	-205.68
56.20	1219.51	0.00	-214.22
56.30	1077.38	0.00	-221.87
56.40	927.95	0.00	-228.58
56.50	771.65	0.00	-234.31
56.60	609.04	0.00	-239.02
56.70	440.72	0.00	-242.67
56.80	267.38	0.00	-245.23
56.90	89.77	0.00	-246.69
57.00	-91.27	0.00	-247.00
57.10	-274.83	0.00	-246.17
57.20	-459.94	0.00	-244.17
57.30	-645.58	0.00	-241.01
57.40	-830.67	0.00	-236.70
57.50	-1014.08	0.00	-231.22
57.60	-1194.65	0.00	-224.61
57.70	-1371.22	0.00	-216.88
57.80	-1542.57	0.00	-208.06
57.90	-1707.53	0.00	-198.18
58.00	-1864.89	0.00	-187.27
58.10	-2013.51	0.00	-175.39
58.20	-2152.25	0.00	-162.58
58.30	-2280.04	0.00	-148.89
58.40	-2395.87	0.00	-134.39
58.50	-2498.79	0.00	-119.14
58.60	-2587.94	0.00	-103.21
58.70	-2662.56	0.00	-86.68
58.80	-2721.98	0.00	-69.61
58.90	-2765.67	0.00	-52.10
59.00	-2793.19	0.00	-34.22
59.10	-2806.06	0.00	-16.07
59.20	-2809.91	0.00	2.28
59.30	-2805.08	0.00	20.72
59.40	-2791.46	0.00	39.18
59.50	-2768.93	0.00	57.54
59.60	-2737.37	0.00	75.73
59.70	-2696.67	0.00	93.65
59.80	-2646.69	0.00	111.21
59.90	-2587.32	0.00	128.32
60.00	-2518.45	0.00	144.89
60.10	-2439.98	0.00	160.84
60.20	-2351.86	0.00	176.08
60.30	-2254.05	0.00	190.54
60.40	-2146.55	0.00	204.13
60.50	-2029.43	0.00	216.79
60.60	-1902.79	0.00	228.45
60.70	-1766.80	0.00	239.05
60.80	-1621.70	0.00	248.53
60.90	-1467.82	0.00	256.85
61.00	-1305.54	0.00	263.95
61.10	-1135.33	0.00	269.80
61.20	-957.78	0.00	274.36
61.30	-773.52	0.00	277.62
61.40	-583.29	0.00	279.55
61.50	-387.93	0.00	280.15
61.60	-188.33	0.00	279.40
61.70	14.51	0.00	277.31
61.80	219.54	0.00	273.89
61.90	425.62	0.00	269.16
62.00	631.57	0.00	263.14
62.10	836.15	0.00	255.86
62.20	1038.10	0.00	247.35
62.30	1236.12	0.00	237.67
62.40	1428.89	0.00	226.85
62.50	1615.12	0.00	214.96
62.60	1793.50	0.00	202.05
62.70	1962.77	0.00	188.19
62.80	2121.71	0.00	173.46
62.90	2269.14	0.00	157.91
63.00	2403.98	0.00	141.64
63.10	2525.20	0.00	124.72
63.20	2631.88	0.00	107.24
63.30	2723.20	0.00	89.28
63.40	2798.46	0.00	70.93
63.50	2857.09	0.00	52.29
63.60	2898.63	0.00	33.45
63.70	2922.77	0.00	14.48
63.80	2929.33	0.00	-4.50
63.90	2922.05	0.00	-23.42
64.00	2905.90	0.00	-42.18
64.10	2880.90	0.00	-60.69
64.20	2847.01	0.00	-78.87
64.30	2804.21	0.00	-96.64
64.40	2752.43	0.00	-113.91
64.50	2691.63	0.00	-130.61
64.60	2621.76	0.00	-146.66
64.70	2542.77	0.00	-161.99
64.80	2454.63	0.00	-176.54
64.90	2357.34	0.00	-190.24
65.00	2250.90	0.00	-203.05
65.10	2135.37	0.00	-214.90
65.20	2010.86	0.00	-225.75
65.30	1877.49	0.00	-235.56
65.40	1735.49	0.00	-244.29
65.50	1585.11	0.00	-251.91
65.60	1426.69	0.00	-258.41
65.70	1260.63	0.00	-263.74
65.80	1087.41	0.00	-267.91
65.90	907.59	0.00	-270.91
66.00	721.80	0.00	-272.72
66.10	530.76	0.00	-273.35
66.20	335.27	0.00	-272.80
66.30	136.19	0.00	-271.09
66.40	-65.54	0.00	-268.22
66.50	-268.92	0.00	-264.23
66.60	-472.88	0.00	-259.12
66.70	-676.30	0.00	-252.94
66.80	-878.04	0.00	-245.71
66.90	-1076.89	0.00	-237.46
67.00	-1271.63	0.00	-228.23
67.10	-1461.05	0.00	-218.07
67.20	-1643.91	0.00	-207.01
67.30	-1819.00	0.00	-195.11
67.40	-1985.11	0.00	-182.41
67.50	-2141.10	0.00	-168.97
67.60	-2285.85	0.00	-154.83
67.70	-2418.31	0.00	-140.05
67.80	-2537.51	0.00	-124.69
67.90	-2642.54	0.00	-108.81
68.00	-2732.59	0.00	-92.46
68.10	-2806.98	0.00	-75.71
68.20	-2865.09	0.00	-58.62
68.30	-2906.45	0.00	-41.25
68.40	-2930.71	0.00	-23.66
68.50	-2938.52	0.00	-5.92
68.60	-2936.36	0.00	11.90
68.70	-2925.52	0.00	29.75
68.80	-2905.89	0.00	47.55
68.90	-2877.36	0.00	65.25
69.00	-2839.80	0.00	82.76
69.10	-2793.05	0.00	100.03
69.20	-2736.95	0.00	116.99
69.30	-2671.34	0.00	133.58
69.40	-2596.04	0.00	149.72
69.50	-2510.90	0.00	165.36
69.60	-2415.78	0.00	180.43
69.70	-2310.57	0.00	194.86
69.80	-2195.20	0.00	208.59
69.90	-2069.63	0.00	221.56
70.00	-1933.89	0.00	233.72
70.10	-1788.06	0.00	245.00
70.20	-1632.32	0.00	255.34
70.30	-1466.89	0.00	264.70
70.40	-1292.11	0.00	273.02
70.50	-1108.41	0.00	280.25
70.60	-916.30	0.00	286.34
70.70	-716.40	0.00	291.27
70.80	-509.44	0.00	294.98
70.90	-296.27	0.00	297.45
71.00	-77.80	0.00	298.64
71.10	144.91	0.00	298.53
71.20	370.73	0.00	297.10
71.30	598.44	0.00	294.34
71.40	826.71	0.00	290.23
71.50	1054.17	0.00	284.78
71.60	1279.37	0.00	277.99
71.70	1500.80	0.00	269.86
71.80	1716.92	0.00	260.42
71.90	1926.20	0.00	249.68
72.00	2127.05	0.00	237.68
72.10	2317.92	0.00	224.46
72.20	2497.31	0.00	210.05
72.30	2663.72	0.00	194.50
72.40	2815.75	0.00	177.87
72.50	2952.07	0.00	160.23
72.60	3071.44	0.00	141.65
72.70	3172.75	0.00	122.19
72.80	3255.02	0.00	101.95
72.90	3317.39	0.00	81.00
73.00	3359.17	0.00	59.44
73.10	3384.62	0.00	37.38
73.20	3400.28	0.00	14.90
73.30	3406.04	0.00	-7.88
73.40	3401.69	0.00	-30.86
73.50	3387.00	0.00	-53.92
73.60	3361.68	0.00	-76.95
73.70	3325.44	0.00	-99.84
73.80	3277.96	0.00	-122.47
73.90	3218.91	0.00	-144.71
74.00	3147.97	0.00	-166.46
74.10	3064.81	0.00	-187.60
74.20	2969.12	0.00	-208.02
74.30	2860.65	0.00	-227.61
74.40	2739.16	0.00	-246.25
74.50	2604.50	0.00	-263.85
74.60	2456.58	0.00	-280.30
74.70	2295.40	0.00	-295.52
74.80	2121.05	0.00	-309.41
74.90	1933.74	0.00	-321.89
75.00	1733.80	0.00	-332.89
75.10	1521.70	0.00	-342.33
75.20	1298.02	0.00	-350.17
75.30	1063.51	0.00	-356.34
75.40	819.05	0.00	-360.81
75.50	565.68	0.00	-363.54
75.60	304.57	0.00	-364.51
75.70	37.05	0.00	-363.69
75.80	-235.45	0.00	-361.10
75.90	-511.33	0.00	-356.72
76.00	-788.91	0.00	-350.57
76.10	-1066.40	0.00	-342.67
76.20	-1341.93	0.00	-333.07
76.30	-1613.55	0.00	-321.79
76.40	-1879.30	0.00	-308.89
76.50	-2137.15	0.00	-294.43
76.60	-2385.11	0.00	-278.47
76.70	-2621.19	0.00	-261.10
76.80	-2843.46	0.00	-242.39
76.90	-3050.05	0.00	-222.44
77.00	-3239.19	0.00	-201.34
77.10	-3409.22	0.00	-179.20
77.20	-3558.62	0.00	-156.12
77.30	-3686.04	0.00	-132.23
77.40	-3790.29	0.00	-107.64
77.50	-3870.37	0.00	-82.47
77.60	-3925.50	0.00	-56.85
77.70	-3955.40	0.00	-30.90
77.80	-3970.23	0.00	-4.76
77.90	-3975.13	0.00	21.45
78.00	-3969.99	0.00	47.59
78.10	-3954.66	0.00	73.54
78.20	-3928.90	0.00	99.16
78.30	-3892.45	0.00	124.33
78.40	-3844.99	0.00	148.92
78.50	-3786.19	0.00	172.82
78.60	-3715.69	0.00	195.90
78.70	-3633.11	0.00	218.05
78.80	-3538.09	0.00	239.17
78.90	-3430.30	0.00	259.15
79.00	-3309.44	0.00	277.88
79.10	-3175.24	0.00	295.30
79.20	-3027.54	0.00	311.29
79.30	-2866.22	0.00	325.81
79.40	-2691.30	0.00	338.76
79.50	-2502.88	0.00	350.10
79.60	-2301.20	0.00	359.77
79.70	-2086.62	0.00	367.72
79.80	-1859.66	0.00	373.92
79.90	-1620.98	0.00	378.35
80.00	-1371.38	0.00	380.98
80.10	-1111.82	0.00	381.81
80.20	-843.42	0.00	380.84
80.30	-567.44	0.00	378.08
80.40	-285.26	0.00	373.54
80.50	1.56	0.00	367.25
80.60	291.40	0.00	359.25
80.70	582.50	0.00	349.57
80.80	873.02	0.00	338.29
80.90	1161.06	0.00	325.44
81.00	1444.65	0.00	311.11
81.10	1721.82	0.00	295.35
81.20	1990.58	0.00	278.27
81.30	2248.95	0.00	259.94
81.40	2495.01	0.00	240.46
81.50	2726.90	0.00	219.92
81.60	2942.83	0.00	198.44
81.70	3141.13	0.00	176.11
81.80	3320.28	0.00	153.06
81.90	3478.87	0.00	129.40
82.00	3615.69	0.00	105.25
82.10	3729.70	0.00	80.72
82.20	3820.05	0.00	55.95
82.30	3886.09	0.00	31.05
82.40	3927.40	0.00	6.15
82.50	3943.77	0.00	-18.62
82.60	3935.30	0.00	-43.16
82.70	3911.68	0.00	-67.32
82.80	3879.20	0.00	-91.01
82.90	3837.88	0.00	-114.09
83.00	3787.67	0.00	-136.47
83.10	3728.49	0.00	-158.02
83.20	3660.23	0.00	-178.66
83.30	3582.76	0.00	-198.27
83.40	3495.93	0.00	-216.77
83.50	3399.60	0.00	-234.08
83.60	3293.65	0.00	-250.10
83.70	3177.97	0.00	-264.78
83.80	3052.49	0.00	-278.04
83.90	2917.20	0.00	-289.84
84.00	2772.13	0.00	-300.11
84.10	2617.41	0.00	-308.83
84.20	2453.21	0.00	-315.96
84.30	2279.83	0.00	-321.47
84.40	2097.63	0.00	-325.37
84.50	1907.08	0.00	-327.63
84.60	1708.76	0.00	-328.27
84.70	1503.32	0.00	-327.31
84.80	1291.56	0.00	-324.76
84.90	1074.32	0.00	-320.65
85.00	852.56	0.00	-315.03
85.10	627.34	0.00	-307.95
85.20	399.77	0.00	-299.47
85.30	171.03	0.00	-289.63
85.40	-57.64	0.00	-278.53
85.50	-284.97	0.00	-266.23
85.60	-509.64	0.00	-252.83
85.70	-730.34	0.00	-238.40
85.80	-945.75	0.00	-223.05
85.90	-1154.57	0.00	-206.87
86.00	-1355.54	0.00	-189.97
86.10	-1547.44	0.00	-172.44
86.20	-1729.10	0.00	-154.41
86.30	-1899.44	0.00	-135.97
86.40	-2057.48	0.00	-117.24
86.50	-2202.30	0.00	-98.33
86.60	-2333.12	0.00	-79.34
86.70	-2449.26	0.00	-60.38
86.80	-2550.18	0.00	-41.57
86.90	-2635.45	0.00	-22.99
87.00	-2704.78	0.00	-4.76
87.10	-2758.01	0.00	13.05
87.20	-2795.12	0.00	30.32
87.30	-2816.21	0.00	46.99
87.40	-2821.51	0.00	62.96
87.50	-2811.37	0.00	78.18
87.60	-2786.26	0.00	92.56
87.70	-2746.75	0.00	106.06
87.80	-2693.53	0.00	118.61
87.90	-2630.81	0.00	130.18
88.00	-2562.86	0.00	140.73
88.10	-2489.95	0.00	150.21
88.20	-2412.38	0.00	158.63
88.30	-2330.42	0.00	165.95
88.40	-2244.36	0.00	172.17
88.50	-2154.48	0.00	177.29
88.60	-2061.05	0.00	181.32
88.70	-1964.36	0.00	184.27
88.80	-1864.72	0.00	186.17
88.90	-1762.44	0.00	187.03
89.00	-1657.81	0.00	186.90
89.10	-1551.19	0.00	185.81
89.20	-1442.89	0.00	183.80
89.30	-1333.28	0.00	180.93
89.40	-1222.71	0.00	177.23
89.50	-1111.55	0.00	172.78
89.60	-1000.17	0.00	167.62
89.70	-888.95	0.00	161.82
89.80	-778.28	0.00	155.43
89.90	-668.54	0.00	148.54
90.00	-560.10	0.00	141.18
90.10	-453.33	0.00	133.45
90.20	-348.60	0.00	125.39
90.30	-246.25	0.00	117.07
90.40	-146.62	0.00	108.56
90.50	-50.02	0.00	99.91
90.60	43.25	0.00	91.19
90.70	132.92	0.00	82.46
90.80	218.75	0.00	73.77
90.90	300.52	0.00	65.17
91.00	378.05	0.00	56.72
91.10	451.17	0.00	48.45
91.20	519.75	0.00	40.41
91.30	583.72	0.00	32.65
91.40	642.99	0.00	25.20
91.50	697.55	0.00	18.08
91.60	747.39	0.00	11.34
91.70	792.54	0.00	4.98
91.80	833.07	0.00	-0.96
91.90	869.06	0.00	-6.47
92.00	900.61	0.00	-11.54
92.10	927.88	0.00	-16.15
92.20	951.01	0.00	-20.30
92.30	970.18	0.00	-23.99
92.40	985.59	0.00	-27.22
92.50	997.45	0.00	-29.99
92.60	1005.97	0.00	-32.30
92.70	1011.39	0.00	-34.17
92.80	1013.94	0.00	-35.61
92.90	1013.86	0.00	-36.62
93.00	1011.39	0.00	-37.24
93.10	1006.78	0.00	-37.47
93.20	1000.26	0.00	-37.34
93.30	992.07	0.00	-36.86
93.40	982.43	0.00	-36.07
93.50	971.57	0.00	-34.99
93.60	959.68	0.00	-33.64
93.70	946.97	0.00	-32.04
93.80	933.61	0.00	-30.24
93.90	919.77	0.00	-28.25
94.00	905.62	0.00	-26.10
94.10	891.27	0.00	-23.83
94.20	876.85	0.00	-21.47
94.30	862.46	0.00	-19.04
94.40	848.46	0.00	-16.57
94.50	835.36	0.00	-14.09
94.60	823.19	0.00	-11.63
94.70	811.93	0.00	-9.21
94.80	801.57	0.00	-6.87
94.90	792.08	0.00	-4.63
95.00	783.42	0.00	-2.52
95.10	775.54	0.00	-0.55
95.20	768.35	0.00	1.25
95.30	761.78	0.00	2.86
95.40	755.74	0.00	4.27
95.50	750.12	0.00	5.44
95.60	744.81	0.00	6.38
95.70	739.68	0.00	7.06
95.80	734.61	0.00	7.48
95.90	729.46	0.00	7.63
96.00	724.08	0.00	7.50
96.10	718.33	0.00	7.08
96.20	712.06	0.00	6.38
96.30	705.11	0.00	5.40
96.40	697.33	0.00	4.13
96.50	688.57	0.00	2.59
96.60	678.66	0.00	0.78
96.70	667.46	0.00	-1.29
96.80	654.83	0.00	-3.61
96.90	640.62	0.00	-6.16
97.00	624.68	0.00	-8.93
97.10	606.91	0.00	-11.90
97.20	587.16	0.00	-15.05
97.30	565.34	0.00	-18.35
97.40	541.34	0.00	-21.79
97.50	515.07	0.00	-25.34
97.60	486.46	0.00	-28.97
97.70	455.46	0.00	-32.66
97.80	422.01	0.00	-36.38
97.90	386.09	0.00	-40.11
98.00	347.68	0.00	-43.81
98.10	306.79	0.00	-47.46
98.20	263.45	0.00	-51.03
98.30	217.70	0.00	-54.49
98.40	169.60	0.00	-57.82
98.50	119.24	0.00	-60.98
98.60	66.72	0.00	-63.96
98.70	12.16	0.00	-66.73
98.80	-44.30	0.00	-69.26
98.90	-102.49	0.00	-71.53
99.00	-162.24	0.00	-73.53
99.10	-223.33	0.00	-75.24
99.20	-285.56	0.00	-76.64
99.30	-348.69	0.00	-77.71
99.40	-412.47	0.00	-78.45
99.50	-476.63	0.00	-78.84
99.60	-540.89	0.00	-78.87
99.70	-604.97	0.00	-78.55
99.80	-668.57	0.00	-77.86
99.90	-731.38	0.00	-76.81
100.00	-793.09	0.00	-75.40
100.10	-853.38	0.00	-73.62
100.20	-911.94	0.00	-71.50
100.30	-968.45	0.00	-69.03
100.40	-1022.59	0.00	-66.22
100.50	-1074.06	0.00	-63.09
100.60	-1122.56	0.00	-59.64
100.70	-1167.80	0.00	-55.90
100.80	-1209.50	0.00	-51.88
100.90	-1247.40	0.00	-47.60
101.00	-1281.26	0.00	-43.08
101.10	-1310.84	0.00	-38.34
101.20	-1335.95	0.00	-33.39
101.30	-1356.39	0.00	-28.27
101.40	-1372.01	0.00	-22.99
101.50	-1383.06	0.00	-17.58
101.60	-1390.88	0.00	-12.05
101.70	-1395.53	0.00	-6.45
101.80	-1396.96	0.00	-0.78
101.90	-1395.11	0.00	4.93
102.00	-1389.95	0.00	10.65
102.10	-1381.42	0.00	16.36
102.20	-1369.48	0.00	22.04
102.30	-1354.11	0.00	27.66
102.40	-1335.26	0.00	33.22
102.50	-1312.92	0.00	38.67
102.60	-1287.07	0.00	44.01
102.70	-1257.69	0.00	49.22
102.80	-1224.78	0.00	54.27
102.90	-1188.34	0.00	59.16
103.00	-1148.39	0.00	63.85
103.10	-1104.95	0.00	68.35
103.20	-1058.05	0.00	72.64
103.30	-1007.73	0.00	76.69
103.40	-954.05	0.00	80.51
103.50	-897.08	0.00	84.08
103.60	-836.91	0.00	87.39
103.70	-773.62	0.00	90.43
103.80	-707.34	0.00	93.20
103.90	-638.18	0.00	95.68
104.00	-566.30	0.00	97.88
104.10	-491.86	0.00	99.78
104.20	-415.03	0.00	101.38
104.30	-336.02	0.00	102.68
104.40	-255.02	0.00	103.68
104.50	-172.29	0.00	104.37
104.60	-88.05	0.00	104.75
104.70	-2.58	0.00	104.83
104.80	83.85	0.00	104.59
104.90	170.94	0.00	104.04
105.00	258.38	0.00	103.18
105.10	345.86	0.00	102.02
105.20	433.05	0.00	100.55
105.30	519.60	0.00	98.77
105.40	605.15	0.00	96.69
105.50	689.36	0.00	94.30
105.60	771.86	0.00	91.62
105.70	852.29	0.00	88.65
105.80	930.28	0.00	85.39
105.90	1005.47	0.00	81.84
106.00	1077.49	0.00	78.01
106.10	1145.99	0.00	73.90
106.20	1210.63	0.00	69.53
106.30	1271.07	0.00	64.90
106.40	1327.00	0.00	60.02
106.50	1378.10	0.00	54.89
106.60	1424.08	0.00	49.53
106.70	1464.70	0.00	43.95
106.80	1499.68	0.00	38.15
106.90	1528.83	0.00	32.16
107.00	1551.95	0.00	25.99
107.10	1568.87	0.00	19.65
107.20	1579.47	0.00	13.15
107.30	1583.64	0.00	6.52
107.40	1582.28	0.00	-0.22
107.50	1576.93	0.00	-7.05
107.60	1567.55	0.00	-13.96
107.70	1554.09	0.00	-20.92
107.80	1536.52	0.00	-27.91
107.90	1514.80	0.00	-34.89
108.00	1488.89	0.00	-41.85
108.10	1458.76	0.00	-48.76
108.20	1424.39	0.00	-55.58
108.30	1385.77	0.00	-62.30
108.40	1342.89	0.00	-68.88
108.50	1295.77	0.00	-75.29
108.60	1244.43	0.00	-81.50
108.70	1188.91	0.00	-87.48
108.80	1129.27	0.00	-93.20
108.90	1065.59	0.00	-98.63
109.00	997.97	0.00	-103.73
109.10	926.53	0.00	-108.49
109.20	851.42	0.00	-112.88
109.30	772.81	0.00	-116.85
109.40	690.90	0.00	-120.40
109.50	605.91	0.00	-123.48
109.60	518.11	0.00	-126.09
109.70	427.76	0.00	-128.20
109.80	335.19	0.00	-129.79
109.90	240.73	0.00	-130.85
110.00	144.74	0.00	-131.36
110.10	47.60	0.00	-131.30
110.20	-50.26	0.00	-130.67
110.30	-148.43	0.00	-129.47
110.40	-246.46	0.00	-127.70
110.50	-343.87	0.00	-125.34
110.60	-440.20	0.00	-122.41
110.70	-534.95	0.00	-118.91
110.80	-627.63	0.00	-114.86
110.90	-717.76	0.00	-110.26
111.00	-804.85	0.00	-105.14
111.10	-888.40	0.00	-99.51
111.20	-967.95	0.00	-93.41
111.30	-1043.04	0.00	-86.84
111.40	-1113.24	0.00	-79.85
111.50	-1178.13	0.00	-72.46
111.60	-1237.33	0.00	-64.72
111.70	-1290.49	0.00	-56.65
111.80	-1337.29	0.00	-48.30
111.90	-1377.44	0.00	-39.71
112.00	-1410.72	0.00	-30.92
112.10	-1436.94	0.00	-21.98
112.20	-1455.93	0.00	-12.93
112.30	-1467.61	0.00	-3.82
112.40	-1471.93	0.00	5.30
112.50	-1468.87	0.00	14.39
112.60	-1458.50	0.00	23.39
112.70	-1441.10	0.00	32.27
112.80	-1418.37	0.00	40.96
112.90	-1390.76	0.00	49.44
113.00	-1358.34	0.00	57.64
113.10	-1321.23	0.00	65.54
113.20	-1279.55	0.00	73.08
113.30	-1233.43	0.00	80.23
113.40	-1183.02	0.00	86.96
113.50	-1128.49	0.00	93.22
113.60	-1070.03	0.00	98.98
113.70	-1007.84	0.00	104.23
113.80	-942.14	0.00	108.92
113.90	-873.17	0.00	113.04
114.00	-801.19	0.00	116.57
114.10	-726.48	0.00	119.50
114.20	-649.33	0.00	121.81
114.30	-570.06	0.00	123.49
114.40	-489.00	0.00	124.54
114.50	-406.49	0.00	124.97
114.60	-322.90	0.00	124.76
114.70	-238.61	0.00	123.94
114.80	-154.00	0.00	122.50
114.90	-69.47	0.00	120.47
115.00	14.58	0.00	117.86
115.10	97.74	0.00	114.69
115.20	179.60	0.00	110.98
115.30	259.77	0.00	106.75
115.40	337.82	0.00	102.05
115.50	413.37	0.00	96.89
115.60	486.04	0.00	91.31
115.70	555.45	0.00	85.35
115.80	621.25	0.00	79.03
115.90	683.11	0.00	72.41
116.00	740.71	0.00	65.52
116.10	793.77	0.00	58.39
116.20	842.03	0.00	51.07
116.30	885.25	0.00	43.60
116.40	923.25	0.00	36.03
116.50	955.86	0.00	28.38
116.60	982.95	0.00	20.70
116.70	1004.43	0.00	13.04
116.80	1020.23	0.00	5.43
116.90	1030.34	0.00	-2.10
117.00	1034.76	0.00	-9.50
117.10	1033.56	0.00	-16.74
117.20	1026.81	0.00	-23.78
117.30	1014.64	0.00	-30.60
117.40	997.18	0.00	-37.16
117.50	974.82	0.00	-43.44
117.60	948.46	0.00	-49.41
117.70	918.32	0.00	-55.05
117.80	884.56	0.00	-60.33
117.90	847.36	0.00	-65.24
118.00	806.90	0.00	-69.75
118.10	763.38	0.00	-73.86
118.20	717.00	0.00	-77.55
118.30	667.96	0.00	-80.82
118.40	616.51	0.00	-83.65
118.50	562.86	0.00	-86.03
118.60	507.26	0.00	-87.97
118.70	449.96	0.00	-89.47
118.80	391.22	0.00	-90.52
118.90	331.29	0.00	-91.14
119.00	270.46	0.00	-91.31
119.10	209.00	0.00	-91.06
119.20	147.18	0.00	-90.38
119.30	85.30	0.00	-89.30
119.40	23.65	0.00	-87.82
119.50	-37.50	0.00	-85.95
119.60	-97.86	0.00	-83.70
119.70	-157.13	0.00	-81.11
119.80	-215.04	0.00	-78.17
119.90	-271.31	0.00	-74.92
120.00	-325.66	0.00	-71.36
120.10	-377.85	0.00	-67.52
120.20	-427.61	0.00	-63.41
120.30	-474.71	0.00	-59.07
120.40	-518.92	0.00	-54.51
120.50	-560.03	0.00	-49.75
120.60	-597.83	0.00	-44.82
120.70	-632.16	0.00	-39.73
120.80	-662.84	0.00	-34.52
120.90	-689.75	0.00	-29.20
121.00	-712.75	0.00	-23.80
121.10	-731.76	0.00	-18.35
121.20	-746.69	0.00	-12.86
121.30	-757.49	0.00	-7.36
121.40	-764.14	0.00	-1.88
121.50	-766.62	0.00	3.57
121.60	-765.00	0.00	8.96
121.70	-759.75	0.00	14.27
121.80	-751.03	0.00	19.48
121.90	-738.90	0.00	24.56
122.00	-723.43	0.00	29.49
122.10	-704.69	0.00	34.26
122.20	-682.78	0.00	38.84
122.30	-657.78	0.00	43.22
122.40	-629.81	0.00	47.37
122.50	-598.99	0.00	51.28
122.60	-565.45	0.00	54.94
122.70	-529.32	0.00	58.33
122.80	-490.77	0.00	61.43
122.90	-449.94	0.00	64.23
123.00	-407.02	0.00	66.73
123.10	-362.17	0.00	68.91
123.20	-315.60	0.00	70.76
123.30	-267.51	0.00	72.28
123.40	-218.09	0.00	73.46
123.50	-167.57	0.00	74.29
123.60	-116.18	0.00	74.78
123.70	-64.13	0.00	74.92
123.80	-11.68	0.00	74.72
123.90	40.95	0.00	74.17
124.00	93.50	0.00	73.29
124.10	145.74	0.00	72.07
124.20	197.40	0.00	70.52
124.30	248.25	0.00	68.66
124.40	298.04	0.00	66.49
124.50	346.52	0.00	64.03
124.60	393.47	0.00	61.29
124.70	438.64	0.00	58.28
124.80	481.82	0.00	55.02
124.90	522.79	0.00	51.54
125.00	561.34	0.00	47.83
125.10	597.29	0.00	43.94
125.20	630.46	0.00	39.87
125.30	660.69	0.00	35.65
125.40	687.82	0.00	31.30
125.50	711.74	0.00	26.84
125.60	732.32	0.00	22.30
125.70	749.48	0.00	17.70
125.80	763.14	0.00	13.06
125.90	773.25	0.00	8.40
126.00	779.79	0.00	3.75
126.10	783.18	0.00	-0.86
126.20	783.61	0.00	-5.43
126.30	781.09	0.00	-9.92
126.40	775.66	0.00	-14.32
126.50	767.35	0.00	-18.60
126.60	756.21	0.00	-22.75
126.70	742.30	0.00	-26.75
126.80	725.68	0.00	-30.59
126.90	706.42	0.00	-34.24
127.00	684.60	0.00	-37.70
127.10	660.31	0.00	-40.95
127.20	633.64	0.00	-43.98
127.30	604.69	0.00	-46.78
127.40	573.56	0.00	-49.35
127.50	540.38	0.00	-51.67
127.60	505.26	0.00	-53.75
127.70	468.33	0.00	-55.58
127.80	429.71	0.00	-57.16
127.90	389.54	0.00	-58.50
128.00	347.96	0.00	-59.58
128.10	305.12	0.00	-60.41
128.20	261.16	0.00	-61.01
128.30	216.24	0.00	-61.37
128.40	170.51	0.00	-61.49
128.50	124.13	0.00	-61.40
128.60	77.25	0.00	-61.09
128.70	30.05	0.00	-60.58
128.80	-17.33	0.00	-59.87
128.90	-64.72	0.00	-58.97
129.00	-111.95	0.00	-57.90
129.10	-158.86	0.00	-56.67
129.20	-205.30	0.00	-55.28
129.30	-251.11	0.00	-53.76
129.40	-296.13	0.00	-52.10
129.50	-340.21	0.00	-50.32
129.60	-383.20	0.00	-48.44
129.70	-424.95	0.00	-46.45
129.80	-465.33	0.00	-44.38
129.90	-504.19	0.00	-42.23
130.00	-541.41	0.00	-40.00
130.10	-576.85	0.00	-37.71
130.20	-610.40	0.00	-35.37
130.30	-641.95	0.00	-32.98
130.40	-671.38	0.00	-30.54
130.50	-698.60	0.00	-28.07
130.60	-723.50	0.00	-25.56
130.70	-746.02	0.00	-23.03
130.80	-766.05	0.00	-20.46
130.90	-783.54	0.00	-17.87
131.00	-798.42	0.00	-15.26
131.10	-810.63	0.00	-12.63
131.20	-820.12	0.00	-9.97
131.30	-826.86	0.00	-7.30
131.40	-830.94	0.00	-4.60
131.50	-832.86	0.00	-1.88
131.60	-832.66	0.00	0.85
131.70	-830.33	0.00	3.61
131.80	-825.85	0.00	6.39
131.90	-819.20	0.00	9.19
132.00	-810.38	0.00	12.01
132.10	-799.37	0.00	14.84
132.20	-786.16	0.00	17.70
132.30	-770.74	0.00	20.57
132.40	-753.11	0.00	23.45
132.50	-733.25	0.00	26.34
132.60	-711.17	0.00	29.23
132.70	-686.87	0.00	32.12
132.80	-660.35	0.00	35.01
132.90	-631.64	0.00	37.88
133.00	-600.74	0.00	40.72
133.10	-567.69	0.00	43.53
133.20	-532.52	0.00	46.30
133.30	-495.28	0.00	49.01
133.40	-456.01	0.00	51.65
133.50	-414.78	0.00	54.21
133.60	-371.67	0.00	56.67
133.70	-326.76	0.00	59.02
133.80	-280.15	0.00	61.25
133.90	-231.95	0.00	63.33
134.00	-182.29	0.00	65.25
134.10	-131.31	0.00	66.99
134.20	-79.16	0.00	68.53
134.30	-26.00	0.00	69.87
134.40	27.98	0.00	70.97
134.50	82.59	0.00	71.82
134.60	137.62	0.00	72.41
134.70	192.85	0.00	72.73
134.80	248.06	0.00	72.74
134.90	302.99	0.00	72.45
135.00	357.41	0.00	71.84
135.10	411.04	0.00	70.90
135.20	463.63	0.00	69.62
135.30	514.91	0.00	67.98
135.40	564.59	0.00	66.00
135.50	612.41	0.00	63.66
135.60	658.09	0.00	60.96
135.70	701.36	0.00	57.90
135.80	741.96	0.00	54.49
135.90	779.63	0.00	50.74
136.00	814.13	0.00	46.65
136.10	845.21	0.00	42.24
136.20	872.67	0.00	37.52
136.30	896.29	0.00	32.51
136.40	915.91	0.00	27.23
136.50	931.35	0.00	21.70
136.60	942.49	0.00	15.94
136.70	949.21	0.00	10.00
136.80	951.43	0.00	3.89
136.90	949.10	0.00	-2.34
137.00	942.74	0.00	-8.67
137.10	932.70	0.00	-15.06
137.20	918.98	0.00	-21.47
137.30	901.59	0.00	-27.85
137.40	880.56	0.00	-34.18
137.50	855.93	0.00	-40.40
137.60	827.78	0.00	-46.48
137.70	796.18	0.00	-52.38
137.80	761.24	0.00	-58.04
137.90	723.09	0.00	-63.44
138.00	681.86	0.00	-68.53
138.10	637.72	0.00	-73.27
138.20	590.85	0.00	-77.63
138.30	541.46	0.00	-81.58
138.40	489.78	0.00	-85.06
138.50	436.04	0.00	-88.07
138.60	380.52	0.00	-90.57
138.70	323.49	0.00	-92.54
138.80	265.25	0.00	-93.95
138.90	206.11	0.00	-94.80
139.00	146.41	0.00	-95.06
139.10	86.48	0.00	-94.74
139.20	26.67	0.00	-93.82
139.30	-32.67	0.00	-92.30
139.40	-91.18	0.00	-90.20
139.50	-148.49	0.00	-87.51
139.60	-204.25	0.00	-84.26
139.70	-258.10	0.00	-80.45
139.80	-309.70	0.00	-76.12
139.90	-358.71	0.00	-71.29
140.00	-404.82	0.00	-65.99
140.10	-447.71	0.00	-60.26
140.20	-487.12	0.00	-54.12
140.30	-522.77	0.00	-47.63
140.40	-554.43	0.00	-40.83
140.50	-581.92	0.00	-33.76
140.60	-605.04	0.00	-26.47
140.70	-623.66	0.00	-19.02
140.80	-637.68	0.00	-11.46
140.90	-647.03	0.00	-3.84
141.00	-651.67	0.00	3.78
141.10	-651.62	0.00	11.36
141.20	-646.91	0.00	18.82
141.30	-637.62	0.00	26.13
141.40	-623.87	0.00	33.22
141.50	-605.82	0.00	40.04
141.60	-583.64	0.00	46.55
141.70	-557.56	0.00	52.70
141.80	-527.82	0.00	58.44
141.90	-494.69	0.00	63.72
142.00	-458.52	0.00	68.52
142.10	-419.77	0.00	72.79
142.20	-378.74	0.00	76.51
142.30	-335.75	0.00	79.64
142.40	-291.09	0.00	82.17
142.50	-245.12	0.00	84.08
142.60	-198.16	0.00	85.36
142.70	-150.59	0.00	85.99
142.80	-102.74	0.00	85.97
142.90	-54.99	0.00	85.30
143.00	-7.71	0.00	84.00
143.10	38.74	0.00	82.07
143.20	83.99	0.00	79.52
143.30	127.69	0.00	76.38
143.40	169.50	0.00	72.68
143.50	209.07	0.00	68.43
143.60	246.09	0.00	63.68
143.70	280.26	0.00	58.46
143.80	311.29	0.00	52.81
143.90	338.92	0.00	46.77
144.00	362.93	0.00	40.39
144.10	383.11	0.00	33.71
144.20	399.28	0.00	26.79
144.30	411.41	0.00	19.68
144.40	419.46	0.00	12.43
144.50	423.35	0.00	5.09
144.60	423.04	0.00	-2.29
144.70	418.52	0.00	-9.65
144.80	409.78	0.00	-16.93
144.90	396.88	0.00	-24.09
145.00	379.86	0.00	-31.08
145.10	358.83	0.00	-37.85
145.20	333.90	0.00	-44.34
145.30	305.21	0.00	-50.53
145.40	272.92	0.00	-56.35
145.50	237.23	0.00	-61.79
145.60	198.35	0.00	-66.79
145.70	156.51	0.00	-71.33
145.80	111.98	0.00	-75.39
145.90	65.02	0.00	-78.92
146.00	15.94	0.00	-81.93
146.10	-34.95	0.00	-84.38
146.20	-87.33	0.00	-86.27
146.30	-140.85	0.00	-87.58
146.40	-195.16	0.00	-88.33
146.50	-249.90	0.00	-88.49
146.60	-304.70	0.00	-88.09
146.70	-359.19	0.00	-87.12
146.80	-412.99	0.00	-85.60
146.90	-465.73	0.00	-83.55
147.00	-517.04	0.00	-80.98
147.10	-566.56	0.00	-77.92
147.20	-613.93	0.00	-74.39
147.30	-658.81	0.00	-70.42
147.40	-700.87	0.00	-66.05
147.50	-739.82	0.00	-61.29
147.60	-775.77	0.00	-56.19
147.70	-808.67	0.00	-50.79
147.80	-838.36	0.00	-45.11
147.90	-864.66	0.00	-39.20
148.00	-887.44	0.00	-33.10
148.10	-906.58	0.00	-26.84
148.20	-921.96	0.00	-20.47
148.30	-933.49	0.00	-14.01
148.40	-941.08	0.00	-7.51
148.50	-944.67	0.00	-1.00
148.60	-944.20	0.00	5.48
148.70	-939.64	0.00	11.90
148.80	-930.95	0.00	18.23
148.90	-918.13	0.00	24.45
149.00	-901.16	0.00	30.51
149.10	-880.05	0.00	36.41
149.20	-854.84	0.00	42.12
149.30	-825.55	0.00	47.61
149.40	-792.23	0.00	52.87
149.50	-754.93	0.00	57.89
149.60	-713.73	0.00	62.65
149.70	-668.71	0.00	67.14
149.80	-619.96	0.00	71.35
149.90	-567.60	0.00	75.29
150.00	-511.73	0.00	78.93
150.10	-452.50	0.00	82.29
150.20	-390.06	0.00	85.36
150.30	-324.55	0.00	88.15
150.40	-256.16	0.00	90.65
150.50	-185.08	0.00	92.86
150.60	-111.51	0.00	94.80
150.70	-35.66	0.00	96.46
150.80	42.22	0.00	97.86
150.90	121.90	0.00	98.98
151.00	203.11	0.00	99.85
151.10	285.58	0.00	100.46
151.20	369.02	0.00	100.82
151.30	453.12	0.00	100.92
151.40	537.56	0.00	100.78
151.50	622.01	0.00	100.39
151.60	706.13	0.00	99.75
151.70	789.57	0.00	98.85
151.80	871.95	0.00	97.71
151.90	952.90	0.00	96.30
152.00	1032.04	0.00	94.63
152.10	1108.97	0.00	92.69
152.20	1183.29	0.00	90.47
152.30	1254.61	0.00	87.97
152.40	1322.53	0.00	85.16
152.50	1386.63	0.00	82.06
152.60	1446.53	0.00	78.63
152.70	1501.82	0.00	74.88
152.80	1552.12	0.00	70.79
152.90	1597.05	0.00	66.36
153.00	1636.28	0.00	61.57
153.10	1671.26	0.00	56.41
153.20	1702.74	0.00	50.89
153.30	1730.56	0.00	44.99
153.40	1754.55	0.00	38.72
153.50	1774.50	0.00	32.08
153.60	1790.24	0.00	25.05
153.70	1801.54	0.00	17.67
153.80	1808.20	0.00	9.92
153.90	1810.01	0.00	1.83
154.00	1806.72	0.00	-6.59
154.10	1798.11	0.00	-15.32
154.20	1783.96	0.00	-24.34
154.30	1764.02	0.00	-33.61
154.40	1738.08	0.00	-43.11
154.50	1705.90	0.00	-52.79
154.60	1667.28	0.00	-62.63
154.70	1622.02	0.00	-72.56
154.80	1569.95	0.00	-82.56
154.90	1510.89	0.00	-92.56
155.00	1444.73	0.00	-102.51
155.10	1371.36	0.00	-112.36
155.20	1290.73	0.00	-122.04
155.30	1202.80	0.00	-131.49
155.40	1107.60	0.00	-140.65
155.50	1005.20	0.00	-149.46
155.60	895.74	0.00	-157.85
155.70	779.39	0.00	-165.75
155.80	656.40	0.00	-173.10
155.90	527.08	0.00	-179.84
156.00	391.80	0.00	-185.91
156.10	251.02	0.00	-191.25
156.20	105.24	0.00	-195.79
156.30	-44.95	0.00	-199.50
156.40	-198.91	0.00	-202.31
156.50	-355.92	0.00	-204.20
156.60	-515.21	0.00	-205.11
156.70	-675.94	0.00	-205.02
156.80	-837.22	0.00	-203.89
156.90	-998.11	0.00	-201.72
157.00	-1157.64	0.00	-198.48
157.10	-1314.79	0.00	-194.18
157.20	-1468.54	0.00	-188.80
157.30	-1617.83	0.00	-182.36
157.40	-1761.61	0.00	-174.88
157.50	-1898.83	0.00	-166.38
157.60	-2028.46	0.00	-156.89
157.70	-2149.50	0.00	-146.46
157.80	-2260.98	0.00	-135.11
157.90	-2362.00	0.00	-122.92
158.00	-2451.70	0.00	-109.93
158.10	-2529.29	0.00	-96.22
158.20	-2594.09	0.00	-81.86
158.30	-2645.48	0.00	-66.91
158.40	-2682.95	0.00	-51.48
158.50	-2706.98	0.00	-35.63
158.60	-2722.91	0.00	-19.45
158.70	-2731.63	0.00	-3.05
158.80	-2732.99	0.00	13.48
158.90	-2726.89	0.00	30.06
159.00	-2713.21	0.00	46.58
159.10	-2691.81	0.00	62.95
159.20	-2662.57	0.00	79.08
159.30	-2625.37	0.00	94.87
159.40	-2580.10	0.00	110.22
159.50	-2526.65	0.00	125.06
159.60	-2464.94	0.00	139.29
159.70	-2394.91	0.00	152.84
159.80	-2316.51	0.00	165.63
159.90	-2229.75	0.00	177.59
160.00	-2134.66	0.00	188.66
160.10	-2031.32	0.00	198.78
160.20	-1919.84	0.00	207.89
160.30	-1800.41	0.00	215.95
160.40	-1673.25	0.00	222.93
160.50	-1538.66	0.00	228.79
160.60	-1397.00	0.00	233.52
160.70	-1248.67	0.00	237.09
160.80	-1094.17	0.00	239.50
160.90	-934.03	0.00	240.75
161.00	-768.86	0.00	240.84
161.10	-599.33	0.00	239.79
161.20	-426.17	0.00	237.63
161.30	-250.16	0.00	234.37
161.40	-72.12	0.00	230.05
161.50	107.07	0.00	224.71
161.60	286.52	0.00	218.39
161.70	465.30	0.00	211.15
161.80	642.44	0.00	203.04
161.90	816.99	0.00	194.11
162.00	987.98	0.00	184.42
162.10	1154.46	0.00	174.05
162.20	1315.48	0.00	163.06
162.30	1470.12	0.00	151.50
162.40	1617.51	0.00	139.47
162.50	1756.79	0.00	127.01
162.60	1887.18	0.00	114.21
162.70	2007.95	0.00	101.14
162.80	2118.42	0.00	87.86
162.90	2217.99	0.00	74.44
163.00	2306.15	0.00	60.95
163.10	2382.46	0.00	47.45
163.20	2446.55	0.00	34.00
163.30	2498.16	0.00	20.68
163.40	2537.11	0.00	7.52
163.50	2563.29	0.00	-5.40
163.60	2576.71	0.00	-18.05
163.70	2577.44	0.00	-30.37
163.80	2565.65	0.00	-42.32
163.90	2542.72	0.00	-53.86
164.00	2513.81	0.00	-64.96
164.10	2479.64	0.00	-75.57
164.20	2440.32	0.00	-85.67
164.30	2395.94	0.00	-95.22
164.40	2346.61	0.00	-104.22
164.50	2292.40	0.00	-112.64
164.60	2233.39	0.00	-120.46
164.70	2169.67	0.00	-127.67
164.80	2101.31	0.00	-134.25
164.90	2028.40	0.00	-140.21
165.00	1951.03	0.00	-145.53
165.10	1869.30	0.00	-150.22
165.20	1783.33	0.00	-154.27
165.30	1693.25	0.00	-157.69
165.40	1599.20	0.00	-160.49
165.50	1501.36	0.00	-162.66
165.60	1399.91	0.00	-164.21
165.70	1295.07	0.00	-165.17
165.80	1187.07	0.00	-165.53
165.90	1076.18	0.00	-165.31
166.00	962.67	0.00	-164.53
166.10	846.87	0.00	-163.20
166.20	729.10	0.00	-161.34
166.30	609.72	0.00	-158.96
166.40	489.12	0.00	-156.09
166.50	367.69	0.00	-152.74
166.60	245.84	0.00	-148.93
166.70	124.02	0.00	-144.69
166.80	2.67	0.00	-140.04
166.90	-117.76	0.00	-135.00
167.00	-236.81	0.00	-129.59
167.10	-354.01	0.00	-123.84
167.20	-468.88	0.00	-117.77
167.30	-580.99	0.00	-111.42
167.40	-689.86	0.00	-104.79
167.50	-795.05	0.00	-97.93
167.60	-896.14	0.00	-90.86
167.70	-992.71	0.00	-83.61
167.80	-1084.38	0.00	-76.20
167.90	-1170.78	0.00	-68.67
168.00	-1251.57	0.00	-61.04
168.10	-1326.45	0.00	-53.35
168.20	-1395.13	0.00	-45.61
168.30	-1457.38	0.00	-37.87
168.40	-1513.00	0.00	-30.14
168.50	-1561.82	0.00	-22.47
168.60	-1603.71	0.00	-14.87
168.70	-1638.58	0.00	-7.37
168.80	-1666.40	0.00	-0.01
168.90	-1687.15	0.00	7.18
169.00	-1700.86	0.00	14.20
169.10	-1707.62	0.00	21.00
169.20	-1707.52	0.00	27.57
169.30	-1700.73	0.00	33.88
169.40	-1687.41	0.00	39.91
169.50	-1667.78	0.00	45.64
169.60	-1642.10	0.00	51.05
169.70	-1611.11	0.00	56.14
169.80	-1577.02	0.00	60.87
169.90	-1540.21	0.00	65.25
170.00	-1500.81	0.00	69.26
170.10	-1458.96	0.00	72.89
170.20	-1414.80	0.00	76.13
170.30	-1368.47	0.00	78.99
170.40	-1320.10	0.00	81.46
170.50	-1269.85	0.00	83.53
170.60	-1217.85	0.00	85.23
170.70	-1164.25	0.00	86.54
170.80	-1109.20	0.00	87.47
170.90	-1052.84	0.00	88.04
171.00	-995.31	0.00	88.25
171.10	-936.78	0.00	88.12
171.20	-877.40	0.00	87.66
171.30	-817.31	0.00	86.89
171.40	-756.68	0.00	85.82
171.50	-695.66	0.00	84.47
171.60	-634.39	0.00	82.86
171.70	-573.05	0.00	81.02
171.80	-511.77	0.00	78.95
171.90	-450.71	0.00	76.69
172.00	-390.01	0.00	74.25
172.10	-329.83	0.00	71.66
172.20	-270.30	0.00	68.93
172.30	-211.55	0.00	66.09
172.40	-153.73	0.00	63.17
172.50	-96.94	0.00	60.17
172.60	-41.33	0.00	57.12
172.70	13.01	0.00	54.04
172.80	65.97	0.00	50.95
172.90	117.45	0.00	47.86
173.00	167.35	0.00	44.79
173.10	215.60	0.00	41.75
173.20	262.11	0.00	38.75
173.30	306.82	0.00	35.81
173.40	349.68	0.00	32.94
173.50	390.62	0.00	30.14
173.60	429.61	0.00	27.43
173.70	466.60	0.00	24.80
173.80	501.56	0.00	22.26
173.90	534.48	0.00	19.82
174.00	565.34	0.00	17.48
174.10	594.12	0.00	15.23
174.20	620.82	0.00	13.08
174.30	645.44	0.00	11.02
174.40	667.99	0.00	9.05
174.50	688.48	0.00	7.18
174.60	706.93	0.00	5.39
174.70	723.35	0.00	3.67
174.80	737.77	0.00	2.04
174.90	750.21	0.00	0.47
175.00	760.70	0.00	-1.03
175.10	769.29	0.00	-2.47
175.20	775.99	0.00	-3.85
175.30	780.86	0.00	-5.19
175.40	783.93	0.00	-6.48
175.50	785.24	0.00	-7.73
175.60	784.85	0.00	-8.94
175.70	782.79	0.00	-10.12
175.80	779.12	0.00	-11.26
175.90	773.89	0.00	-12.38
176.00	767.15	0.00	-13.47
176.10	758.96	0.00	-14.53
176.20	749.38	0.00	-15.56
176.30	738.46	0.00	-16.57
176.40	726.28	0.00	-17.54
176.50	713.18	0.00	-18.48
176.60	699.46	0.00	-19.38
176.70	685.14	0.00	-20.24
176.80	670.27	0.00	-21.06
176.90	654.87	0.00	-21.83
177.00	639.00	0.00	-22.54
177.10	622.68	0.00	-23.20
177.20	605.97	0.00	-23.79
177.30	588.89	0.00	-24.31
177.40	571.50	0.00	-24.75
177.50	553.84	0.00	-25.11
177.60	535.94	0.00	-25.39
177.70	517.87	0.00	-25.57
177.80	499.66	0.00	-25.66
177.90	481.35	0.00	-25.65
178.00	463.01	0.00	-25.54
178.10	444.67	0.00	-25.33
178.20	426.39	0.00	-25.00
178.30	408.21	0.00	-24.58
178.40	390.17	0.00	-24.04
178.50	372.31	0.00	-23.41
178.60	354.69	0.00	-22.67
178.70	337.34	0.00	-21.83
178.80	320.30	0.00	-20.90
178.90	303.59	0.00	-19.89
179.00	287.26	0.00	-18.79
179.10	271.31	0.00	-17.63
179.20	255.78	0.00	-16.40
179.30	240.67	0.00	-15.12
179.40	226.00	0.00	-13.81
179.50	211.76	0.00	-12.47
179.60	197.95	0.00	-11.11
179.70	184.56	0.00	-9.76
179.80	171.57	0.00	-8.42
179.90	158.96	0.00	-7.11
180.00	146.68	0.00	-5.85
180.10	134.70	0.00	-4.65
180.20	122.97	0.00	-3.53
180.30	111.43	0.00	-2.50
180.40	100.02	0.00	-1.58
180.50	88.67	0.00	-0.79
180.60	77.30	0.00	-0.14
180.70	65.82	0.00	0.36
180.80	54.16	0.00	0.68
180.90	42.21	0.00	0.83
181.00	29.87	0.00	0.79
181.10	17.06	0.00	0.55
181.20	3.66	0.00	0.10
181.30	-10.43	0.00	-0.57
181.40	-25.32	0.00	-1.46
181.50	-41.11	0.00	-2.57
181.60	-57.90	0.00	-3.90
181.70	-75.78	0.00	-5.46
181.80	-94.87	0.00	-7.23
181.90	-115.23	0.00	-9.22
182.00	-136.96	0.00	-11.42
182.10	-160.13	0.00	-13.80
182.20	-184.79	0.00	-16.37
182.30	-211.00	0.00	-19.11
182.40	-238.79	0.00	-22.00
182.50	-268.19	0.00	-25.01
182.60	-299.21	0.00	-28.13
182.70	-331.84	0.00	-31.34
182.80	-366.04	0.00	-34.60
182.90	-401.78	0.00	-37.90
183.00	-438.98	0.00	-41.19
183.10	-477.57	0.00	-44.45
183.20	-517.42	0.00	-47.65
183.30	-558.42	0.00	-50.75
183.40	-600.40	0.00	-53.72
183.50	-643.19	0.00	-56.52
183.60	-686.60	0.00	-59.12
183.70	-730.40	0.00	-61.49
183.80	-774.35	0.00	-63.59
183.90	-818.19	0.00	-65.38
184.00	-861.63	0.00	-66.83
184.10	-904.39	0.00	-67.91
184.20	-946.13	0.00	-68.59
184.30	-986.54	0.00	-68.84
184.40	-1025.26	0.00	-68.63
184.50	-1062.19	0.00	-67.94
184.60	-1097.85	0.00	-66.75
184.70	-1132.03	0.00	-65.04
184.80	-1164.50	0.00	-62.80
184.90	-1194.97	0.00	-60.01
185.00	-1223.19	0.00	-56.66
185.10	-1248.87	0.00	-52.76
185.20	-1271.74	0.00	-48.30
185.30	-1291.52	0.00	-43.29
185.40	-1307.93	0.00	-37.73
185.50	-1320.69	0.00	-31.65
185.60	-1329.51	0.00	-25.06
185.70	-1334.12	0.00	-17.98
185.80	-1334.25	0.00	-10.44
185.90	-1329.64	0.00	-2.47
186.00	-1320.03	0.00	5.89
186.10	-1305.18	0.00	14.60
186.20	-1284.85	0.00	23.61
186.30	-1258.84	0.00	32.89
186.40	-1226.94	0.00	42.37
186.50	-1188.99	0.00	52.00
186.60	-1144.85	0.00	61.72
186.70	-1094.38	0.00	71.48
186.80	-1037.52	0.00	81.21
186.90	-974.20	0.00	90.84
187.00	-904.41	0.00	100.31
187.10	-828.19	0.00	109.56
187.20	-745.61	0.00	118.51
187.30	-656.78	0.00	127.11
187.40	-561.89	0.00	135.28
187.50	-461.17	0.00	142.95
187.60	-354.88	0.00	150.08
187.70	-243.36	0.00	156.59
187.80	-127.02	0.00	162.43
187.90	-6.31	0.00	167.54
188.00	118.27	0.00	171.87
188.10	246.16	0.00	175.38
188.20	376.72	0.00	178.02
188.30	509.29	0.00	179.75
188.40	643.15	0.00	180.55
188.50	777.53	0.00	180.38
188.60	911.62	0.00	179.23
188.70	1044.58	0.00	177.08
188.80	1175.56	0.00	173.92
188.90	1303.65	0.00	169.75
189.00	1427.96	0.00	164.58
189.10	1547.58	0.00	158.42
189.20	1661.62	0.00	151.28
189.30	1769.19	0.00	143.20
189.40	1869.41	0.00	134.20
189.50	1961.47	0.00	124.32
189.60	2044.56	0.00	113.60
189.70	2117.95	0.00	102.11
189.80	2180.95	0.00	89.88
189.90	2232.95	0.00	76.99
190.00	2273.41	0.00	63.50
190.10	2302.08	0.00	49.49
190.20	2322.43	0.00	35.02
190.30	2335.67	0.00	20.18
190.40	2341.64	0.00	5.04
190.50	2340.18	0.00	-10.30
190.60	2331.14	0.00	-25.76
190.70	2314.37	0.00	-41.26
190.80	2289.73	0.00	-56.70
190.90	2257.09	0.00	-72.00
191.00	2216.33	0.00	-87.06
191.10	2167.35	0.00	-101.80
191.20	2110.08	0.00	-116.14
191.30	2044.45	0.00	-129.99
191.40	1970.46	0.00	-143.26
191.50	1888.11	0.00	-155.89
191.60	1797.44	0.00	-167.79
191.70	1698.57	0.00	-178.90
191.80	1591.62	0.00	-189.16
191.90	1476.81	0.00	-198.50
192.00	1354.37	0.00	-206.86
192.10	1224.64	0.00	-214.21
192.20	1087.98	0.00	-220.49
192.30	944.84	0.00	-225.68
192.40	795.73	0.00	-229.74
192.50	641.23	0.00	-232.65
192.60	481.97	0.00	-234.40
192.70	318.66	0.00	-234.97
192.80	152.07	0.00	-234.37
192.90	-16.99	0.00	-232.60
193.00	-187.65	0.00	-229.67
193.10	-358.98	0.00	-225.60
193.20	-530.03	0.00	-220.43
193.30	-699.82	0.00	-214.17
193.40	-867.32	0.00	-206.86
193.50	-1031.53	0.00	-198.56
193.60	-1191.41	0.00	-189.31
193.70	-1345.94	0.00	-179.16
193.80	-1494.13	0.00	-168.17
193.90	-1634.98	0.00	-156.41
194.00	-1767.57	0.00	-143.93
194.10	-1890.99	0.00	-130.82
194.20	-2004.42	0.00	-117.14
194.30	-2107.07	0.00	-102.96
194.40	-2198.26	0.00	-88.37
194.50	-2277.37	0.00	-73.44
194.60	-2343.86	0.00	-58.25
194.70	-2397.31	0.00	-42.88
194.80	-2437.37	0.00	-27.41
194.90	-2463.82	0.00	-11.91
195.00	-2476.51	0.00	3.53
195.10	-2475.43	0.00	18.85
195.20	-2461.96	0.00	33.95
195.30	-2440.74	0.00	48.79
195.40	-2412.22	0.00	63.28
195.50	-2376.46	0.00	77.35
195.60	-2333.52	0.00	90.96
195.70	-2283.46	0.00	104.02
195.80	-2226.34	0.00	116.50
195.90	-2162.24	0.00	128.34
196.00	-2091.24	0.00	139.49
196.10	-2013.44	0.00	149.91
196.20	-1928.96	0.00	159.55
196.30	-1837.93	0.00	168.39
196.40	-1740.53	0.00	176.40
196.50	-1636.93	0.00	183.54
196.60	-1527.37	0.00	189.80
196.70	-1412.11	0.00	195.16
196.80	-1291.44	0.00	199.61
196.90	-1165.72	0.00	203.14
197.00	-1035.32	0.00	205.76
197.10	-900.67	0.00	207.45
197.20	-762.23	0.00	208.23
197.30	-620.52	0.00	208.10
197.40	-476.09	0.00	207.07
197.50	-329.53	0.00	205.18
197.60	-181.47	0.00	202.42
197.70	-32.56	0.00	198.83
197.80	116.49	0.00	194.43
197.90	264.97	0.00	189.25
198.00	412.16	0.00	183.32
198.10	557.28	0.00	176.67
198.20	699.59	0.00	169.35
198.30	838.33	0.00	161.38
198.40	972.74	0.00	152.80
198.50	1102.07	0.00	143.67
198.60	1225.59	0.00	134.02
198.70	1342.60	0.00	123.89
198.80	1452.42	0.00	113.32
198.90	1554.43	0.00	102.38
199.00	1648.03	0.00	91.09
199.10	1732.68	0.00	79.51
199.20	1807.88	0.00	67.69
199.30	1873.22	0.00	55.67
199.40	1928.32	0.00	43.51
199.50	1972.88	0.00	31.24
199.60	2006.68	0.00	18.92
199.70	2029.57	0.00	6.60
199.80	2041.44	0.00	-5.68
199.90	2042.31	0.00	-17.87
200.00	2032.22	0.00	-29.92
200.10	2011.53	0.00	-41.79
200.20	1983.35	0.00	-53.43
200.30	1948.76	0.00	-64.79
200.40	1907.84	0.00	-75.83
200.50	1860.69	0.00	-86.52
200.60	1807.38	0.00	-96.80
200.70	1748.03	0.00	-106.64
200.80	1682.74	0.00	-115.99
200.90	1611.65	0.00	-124.83
201.00	1534.89	0.00	-133.12
201.10	1452.65	0.00	-140.82
201.20	1365.09	0.00	-147.89
201.30	1272.44	0.00	-154.32
201.40	1174.95	0.00	-160.07
201.50	1072.88	0.00	-165.12
201.60	966.54	0.00	-169.44
201.70	856.27	0.00	-173.02
201.80	742.46	0.00	-175.84
201.90	625.50	0.00	-177.87
202.00	505.86	0.00	-179.12
202.10	384.02	0.00	-179.57
202.20	260.48	0.00	-179.22
202.30	135.81	0.00	-178.06
202.40	10.58	0.00	-176.10
202.50	-114.60	0.00	-173.33
202.60	-239.11	0.00	-169.78
202.70	-362.29	0.00	-165.44
202.80	-483.48	0.00	-160.34
202.90	-602.01	0.00	-154.50
203.00	-717.20	0.00	-147.93
203.10	-828.39	0.00	-140.66
203.20	-934.90	0.00	-132.72
203.30	-1036.09	0.00	-124.15
203.40	-1131.33	0.00	-114.98
203.50	-1220.02	0.00	-105.24
203.60	-1301.58	0.00	-94.99
203.70	-1375.49	0.00	-84.27
203.80	-1441.27	0.00	-73.12
203.90	-1498.47	0.00	-61.60
204.00	-1546.74	0.00	-49.76
204.10	-1585.73	0.00	-37.65
204.20	-1615.21	0.00	-25.34
204.30	-1634.97	0.00	-12.88
204.40	-1644.91	0.00	-0.33
204.50	-1644.96	0.00	12.25
204.60	-1635.16	0.00	24.78
204.70	-1616.04	0.00	37.22
204.80	-1589.71	0.00	49.49
204.90	-1556.50	0.00	61.53
205.00	-1516.50	0.00	73.28
205.10	-1469.83	0.00	84.68
205.20	-1416.64	0.00	95.67
205.30	-1357.07	0.00	106.18
205.40	-1291.31	0.00	116.16
205.50	-1219.57	0.00	125.56
205.60	-1142.10	0.00	134.31
205.70	-1059.17	0.00	142.37
205.80	-971.09	0.00	149.70
205.90	-878.18	0.00	156.24
206.00	-780.84	0.00	161.96
206.10	-679.46	0.00	166.82
206.20	-574.51	0.00	170.79
206.30	-466.47	0.00	173.85
206.40	-355.86	0.00	175.96
206.50	-243.24	0.00	177.11
206.60	-129.19	0.00	177.29
206.70	-14.35	0.00	176.50
206.80	100.64	0.00	174.72
206.90	215.12	0.00	171.96
207.00	328.40	0.00	168.23
207.10	439.76	0.00	163.54
207.20	548.51	0.00	157.92
207.30	653.94	0.00	151.39
207.40	755.33	0.00	143.98
207.50	852.00	0.00	135.72
207.60	943.27	0.00	126.66
207.70	1028.49	0.00	116.84
207.80	1107.04	0.00	106.32
207.90	1178.35	0.00	95.14
208.00	1241.87	0.00	83.38
208.10	1297.14	0.00	71.09
208.20	1343.73	0.00	58.35
208.30	1381.27	0.00	45.22
208.40	1409.47	0.00	31.78
208.50	1428.12	0.00	18.10
208.60	1437.07	0.00	4.27
208.70	1436.23	0.00	-9.63
208.80	1426.56	0.00	-23.51
208.90	1409.25	0.00	-37.31
209.00	1384.37	0.00	-50.93
209.10	1352.00	0.00	-64.28
209.20	1312.26	0.00	-77.29
209.30	1265.29	0.00	-89.87
209.40	1211.29	0.00	-101.95
209.50	1150.46	0.00	-113.43
209.60	1083.05	0.00	-124.26
209.70	1009.36	0.00	-134.36
209.80	929.70	0.00	-143.66
209.90	844.46	0.00	-152.09
210.00	754.03	0.00	-159.60
210.10	658.88	0.00	-166.14
210.20	559.49	0.00	-171.65
210.30	456.39	0.00	-176.10
210.40	350.16	0.00	-179.45
210.50	241.42	0.00	-181.67
210.60	130.81	0.00	-182.74
210.70	19.01	0.00	-182.66
210.80	-93.27	0.00	-181.40
210.90	-205.29	0.00	-178.97
211.00	-316.30	0.00	-175.39
211.10	-425.53	0.00	-170.67
211.20	-532.22	0.00	-164.83
211.30	-635.60	0.00	-157.91
211.40	-734.89	0.00	-149.94
211.50	-829.36	0.00	-140.98
211.60	-918.27	0.00	-131.08
211.70	-1000.95	0.00	-120.30
211.80	-1076.73	0.00	-108.70
211.90	-1145.00	0.00	-96.37
212.00	-1205.22	0.00	-83.38
212.10	-1256.90	0.00	-69.82
212.20	-1299.61	0.00	-55.77
212.30	-1333.00	0.00	-41.34
212.40	-1356.80	0.00	-26.61
212.50	-1370.80	0.00	-11.68
212.60	-1374.90	0.00	3.33
212.70	-1369.71	0.00	18.34
212.80	-1356.53	0.00	33.24
212.90	-1335.44	0.00	47.92
213.00	-1306.55	0.00	62.28
213.10	-1270.00	0.00	76.23
213.20	-1225.96	0.00	89.66
213.30	-1174.65	0.00	102.49
213.40	-1116.33	0.00	114.61
213.50	-1051.28	0.00	125.95
213.60	-979.84	0.00	136.43
213.70	-902.39	0.00	145.97
213.80	-819.35	0.00	154.51
213.90	-731.18	0.00	161.97
214.00	-638.39	0.00	168.32
214.10	-541.51	0.00	173.51
214.20	-441.13	0.00	177.49
214.30	-337.88	0.00	180.25
214.40	-232.41	0.00	181.76
214.50	-125.40	0.00	182.01
214.60	-17.56	0.00	181.01
214.70	90.36	0.00	178.75
214.80	197.62	0.00	175.27
214.90	303.46	0.00	170.58
215.00	407.12	0.00	164.73
215.10	507.82	0.00	157.75
215.20	604.83	0.00	149.69
215.30	697.40	0.00	140.63
215.40	784.84	0.00	130.62
215.50	866.46	0.00	119.75
215.60	941.64	0.00	108.08
215.70	1009.80	0.00	95.72
215.80	1070.39	0.00	82.74
215.90	1122.96	0.00	69.24
216.00	1167.10	0.00	55.33
216.10	1202.49	0.00	41.11
216.20	1228.86	0.00	26.67
216.30	1246.04	0.00	12.12
216.40	1253.93	0.00	-2.43
216.50	1252.52	0.00	-16.88
216.60	1242.03	0.00	-31.12
216.70	1223.77	0.00	-45.06
216.80	1198.13	0.00	-58.60
216.90	1165.28	0.00	-71.64
217.00	1125.44	0.00	-84.09
217.10	1078.85	0.00	-95.88
217.20	1025.81	0.00	-106.91
217.30	966.64	0.00	-117.11
217.40	901.69	0.00	-126.43
217.50	831.36	0.00	-134.79
217.60	756.07	0.00	-142.16
217.70	676.30	0.00	-148.47
217.80	592.52	0.00	-153.71
217.90	505.28	0.00	-157.83
218.00	415.12	0.00	-160.83
218.10	322.62	0.00	-162.68
218.20	228.39	0.00	-163.39
218.30	133.06	0.00	-162.97
218.40	37.25	0.00	-161.42
218.50	-58.37	0.00	-158.77
218.60	-153.15	0.00	-155.05
218.70	-246.44	0.00	-150.30
218.80	-337.56	0.00	-144.56
218.90	-425.88	0.00	-137.88
219.00	-510.77	0.00	-130.31
219.10	-591.62	0.00	-121.93
219.20	-667.84	0.00	-112.80
219.30	-738.88	0.00	-102.98
219.40	-804.24	0.00	-92.56
219.50	-863.45	0.00	-81.62
219.60	-916.09	0.00	-70.23
219.70	-961.79	0.00	-58.49
219.80	-1000.24	0.00	-46.47
219.90	-1031.19	0.00	-34.26
220.00	-1054.46	0.00	-21.95
220.10	-1069.93	0.00	-9.62
220.20	-1077.52	0.00	2.64
220.30	-1077.26	0.00	14.76
220.40	-1069.45	0.00	26.64
220.50	-1055.06	0.00	38.22
220.60	-1034.31	0.00	49.41
220.70	-1007.36	0.00	60.16
220.80	-974.42	0.00	70.39
220.90	-935.70	0.00	80.03
221.00	-891.47	0.00	89.05
221.10	-841.99	0.00	97.37
221.20	-787.58	0.00	104.97
221.30	-728.57	0.00	111.79
221.40	-665.33	0.00	117.80
221.50	-598.23	0.00	122.97
221.60	-527.69	0.00	127.29
221.70	-454.14	0.00	130.72
221.80	-378.02	0.00	133.27
221.90	-299.81	0.00	134.93
222.00	-219.99	0.00	135.70
222.10	-139.07	0.00	135.58
222.20	-57.54	0.00	134.59
222.30	24.06	0.00	132.75
222.40	105.22	0.00	130.08
222.50	185.41	0.00	126.60
222.60	264.11	0.00	122.36
222.70	340.81	0.00	117.38
222.80	415.00	0.00	111.71
222.90	486.19	0.00	105.40
223.00	553.92	0.00	98.49
223.10	617.73	0.00	91.03
223.20	677.21	0.00	83.08
223.30	731.97	0.00	74.70
223.40	781.65	0.00	65.94
223.50	825.93	0.00	56.86
223.60	864.55	0.00	47.53
223.70	897.26	0.00	38.01
223.80	923.87	0.00	28.35
223.90	944.26	0.00	18.63
224.00	958.31	0.00	8.90
224.10	965.99	0.00	-0.78
224.20	967.30	0.00	-10.34
224.30	962.76	0.00	-19.72
224.40	952.94	0.00	-28.88
224.50	937.94	0.00	-37.75
224.60	917.90	0.00	-46.28
224.70	892.96	0.00	-54.43
224.80	863.30	0.00	-62.14
224.90	829.12	0.00	-69.37
225.00	790.63	0.00	-76.08
225.10	748.06	0.00	-82.25
225.20	701.69	0.00	-87.82
225.30	651.77	0.00	-92.79
225.40	598.61	0.00	-97.11
225.50	542.53	0.00	-100.78
225.60	483.84	0.00	-103.77
225.70	422.89	0.00	-106.08
225.80	360.05	0.00	-107.70
225.90	295.67	0.00	-108.63
226.00	230.15	0.00	-108.88
226.10	163.87	0.00	-108.44
226.20	97.22	0.00	-107.33
226.30	30.60	0.00	-105.57
226.40	-35.59	0.00	-103.17
226.50	-100.96	0.00	-100.16
226.60	-165.10	0.00	-96.57
226.70	-227.64	0.00	-92.44
226.80	-288.21	0.00	-87.78
226.90	-346.44	0.00	-82.65
227.00	-401.99	0.00	-77.08
227.10	-454.53	0.00	-71.11
227.20	-503.76	0.00	-64.79
227.30	-549.40	0.00	-58.17
227.40	-591.21	0.00	-51.30
227.50	-628.95	0.00	-44.21
227.60	-662.44	0.00	-36.98
227.70	-691.52	0.00	-29.63
227.80	-716.05	0.00	-22.23
227.90	-735.96	0.00	-14.83
228.00	-751.19	0.00	-7.47
228.10	-761.71	0.00	-0.21
228.20	-767.54	0.00	6.92
228.30	-768.72	0.00	13.86
228.40	-765.35	0.00	20.58
228.50	-757.54	0.00	27.03
228.60	-745.43	0.00	33.17
228.70	-729.45	0.00	38.97
228.80	-710.09	0.00	44.39
228.90	-687.51	0.00	49.41
229.00	-661.93	0.00	54.00
229.10	-633.53	0.00	58.15
229.20	-602.55	0.00	61.82
229.30	-569.22	0.00	65.01
229.40	-533.76	0.00	67.70
229.50	-496.43	0.00	69.89
229.60	-457.48	0.00	71.58
229.70	-417.18	0.00	72.76
229.80	-375.77	0.00	73.44
229.90	-333.54	0.00	73.62
230.00	-290.75	0.00	73.32
230.10	-247.65	0.00	72.55
230.20	-204.53	0.00	71.32
230.30	-161.63	0.00	69.66
230.40	-119.22	0.00	67.58
230.50	-77.54	0.00	65.12
230.60	-36.83	0.00	62.29
230.70	2.67	0.00	59.13
230.80	40.76	0.00	55.66
230.90	77.22	0.00	51.92
231.00	111.87	0.00	47.94
231.10	144.53	0.00	43.74
231.20	175.03	0.00	39.37
231.30	203.25	0.00	34.86
231.40	229.06	0.00	30.23
231.50	252.36	0.00	25.53
231.60	273.05	0.00	20.79
231.70	291.09	0.00	16.03
231.80	306.43	0.00	11.29
231.90	319.05	0.00	6.61
232.00	328.94	0.00	2.00
232.10	336.13	0.00	-2.50
232.20	340.65	0.00	-6.86
232.30	342.57	0.00	-11.07
232.40	341.95	0.00	-15.09
232.50	338.88	0.00	-18.90
232.60	333.49	0.00	-22.49
232.70	325.89	0.00	-25.83
232.80	316.23	0.00	-28.91
232.90	304.65	0.00	-31.72
233.00	291.31	0.00	-34.23
233.10	276.40	0.00	-36.44
233.20	260.10	0.00	-38.34
233.30	242.58	0.00	-39.91
233.40	224.06	0.00	-41.16
233.50	204.73	0.00	-42.07
233.60	184.79	0.00	-42.65
233.70	164.45	0.00	-42.90
233.80	143.92	0.00	-42.80
233.90	123.39	0.00	-42.37
234.00	103.07	0.00	-41.61
234.10	83.15	0.00	-40.53
234.20	63.84	0.00	-39.12
234.30	45.31	0.00	-37.41
234.40	27.74	0.00	-35.39
234.50	11.31	0.00	-33.09
234.60	-3.82	0.00	-30.51
234.70	-17.51	0.00	-27.67
234.80	-29.62	0.00	-24.59
234.90	-40.01	0.00	-21.28
235.00	-48.58	0.00	-17.77
235.10	-55.22	0.00	-14.07
235.20	-59.85	0.00	-10.22
235.30	-62.41	0.00	-6.22
235.40	-62.83	0.00	-2.12
235.50	-61.10	0.00	2.07
235.60	-57.17	0.00	6.31
235.70	-51.07	0.00	10.58
235.80	-42.80	0.00	14.84
235.90	-32.40	0.00	19.07
236.00	-19.93	0.00	23.22
236.10	-5.47	0.00	27.28
236.20	10.89	0.00	31.19
236.30	29.03	0.00	34.93
236.40	48.83	0.00	38.47
236.50	70.13	0.00	41.77
236.60	92.75	0.00	44.80
236.70	116.51	0.00	47.53
236.80	141.21	0.00	49.92
236.90	166.62	0.00	51.95
237.00	192.51	0.00	53.58
237.10	218.66	0.00	54.79
237.20	244.83	0.00	55.56
237.30	270.76	0.00	55.86
237.40	296.21	0.00	55.68
237.50	320.91	0.00	55.00
237.60	344.59	0.00	53.81
237.70	366.97	0.00	52.09
237.80	387.81	0.00	49.85
237.90	406.82	0.00	47.09
238.00	423.76	0.00	43.80
238.10	438.36	0.00	40.00
238.20	450.39	0.00	35.69
238.30	459.61	0.00	30.91
238.40	465.79	0.00	25.66
238.50	468.74	0.00	19.97
238.60	468.25	0.00	13.88
238.70	464.17	0.00	7.42
238.80	456.32	0.00	0.64
238.90	444.60	0.00	-6.44
239.00	428.89	0.00	-13.74
239.10	409.11	0.00	-21.23
239.20	385.23	0.00	-28.85
239.30	357.21	0.00	-36.54
239.40	325.07	0.00	-44.24
239.50	288.87	0.00	-51.89
239.60	248.67	0.00	-59.41
239.70	204.61	0.00	-66.76
239.80	156.84	0.00	-73.85
239.90	105.54	0.00	-80.62
240.00	50.97	0.00	-87.02
240.10	-6.62	0.00	-92.96
240.20	-66.92	0.00	-98.40
240.30	-129.56	0.00	-103.26
240.40	-194.18	0.00	-107.49
240.50	-260.35	0.00	-111.04
240.60	-327.61	0.00	-113.86
240.70	-395.49	0.00	-115.90
240.80	-463.47	0.00	-117.11
240.90	-531.02	0.00	-117.47
241.00	-597.58	0.00	-116.95
241.10	-662.58	0.00	-115.52
241.20	-725.45	0.00	-113.17
241.30	-785.58	0.00	-109.89
241.40	-842.41	0.00	-105.68
241.50	-895.35	0.00	-100.54
241.60	-943.84	0.00	-94.49
241.70	-987.32	0.00	-87.55
241.80	-1025.27	0.00	-79.75
241.90	-1057.30	0.00	-71.12
242.00	-1083.82	0.00	-61.72
242.10	-1104.70	0.00	-51.59
242.20	-1119.62	0.00	-40.80
242.30	-1128.30	0.00	-29.40
242.40	-1130.49	0.00	-17.47
242.50	-1125.95	0.00	-5.09
242.60	-1114.49	0.00	7.66
242.70	-1095.94	0.00	20.70
242.80	-1070.17	0.00	33.93
242.90	-1037.08	0.00	47.25
243.00	-996.64	0.00	60.57
243.10	-948.81	0.00	73.79
243.20	-893.66	0.00	86.81
243.30	-831.26	0.00	99.53
243.40	-761.75	0.00	111.85
243.50	-685.33	0.00	123.66
243.60	-602.25	0.00	134.88
243.70	-512.81	0.00	145.40
243.80	-417.39	0.00	155.14
243.90	-316.41	0.00	164.02
244.00	-210.38	0.00	171.94
244.10	-99.84	0.00	178.84
244.20	14.60	0.00	184.64
244.30	132.25	0.00	189.29
244.40	252.40	0.00	192.74
244.50	374.26	0.00	194.93
244.60	497.00	0.00	195.83
244.70	619.75	0.00	195.42
244.80	741.62	0.00	193.68
244.90	861.65	0.00	190.60
245.00	978.91	0.00	186.17
245.10	1092.42	0.00	180.42
245.20	1201.22	0.00	173.36
245.30	1304.35	0.00	165.03
245.40	1400.87	0.00	155.47
245.50	1489.87	0.00	144.72
245.60	1570.49	0.00	132.85
245.70	1641.91	0.00	119.92
245.80	1703.37	0.00	106.02
245.90	1754.18	0.00	91.22
246.00	1794.27	0.00	75.61
246.10	1825.60	0.00	59.30
246.20	1848.22	0.00	42.39
246.30	1861.85	0.00	24.98
246.40	1866.27	0.00	7.19
246.50	1861.29	0.00	-10.87
246.60	1846.71	0.00	-29.07
246.70	1822.40	0.00	-47.31
246.80	1788.24	0.00	-65.45
246.90	1744.14	0.00	-83.37
247.00	1690.06	0.00	-100.96
247.10	1626.00	0.00	-118.11
247.20	1552.00	0.00	-134.68
247.30	1468.14	0.00	-150.58
247.40	1374.58	0.00	-165.70
247.50	1271.52	0.00	-179.93
247.60	1159.23	0.00	-193.18
247.70	1038.04	0.00	-205.36
247.80	908.36	0.00	-216.39
247.90	770.67	0.00	-226.20
248.00	625.53	0.00	-234.71
248.10	473.57	0.00	-241.88
248.20	315.49	0.00	-247.65
248.30	152.10	0.00	-252.00
248.40	-15.76	0.00	-254.87
248.50	-187.14	0.00	-256.27
248.60	-361.05	0.00	-256.18
248.70	-536.42	0.00	-254.60
248.80	-712.15	0.00	-251.54
248.90	-887.07	0.00	-247.03
249.00	-1059.98	0.00	-241.08
249.10	-1229.67	0.00	-233.74
249.20	-1394.89	0.00	-225.06
249.30	-1554.42	0.00	-215.08
249.40	-1707.04	0.00	-203.88
249.50	-1851.53	0.00	-191.52
249.60	-1986.73	0.00	-178.09
249.70	-2111.54	0.00	-163.65
249.80	-2224.90	0.00	-148.30
249.90	-2325.84	0.00	-132.13
250.00	-2413.47	0.00	-115.24
250.10	-2487.01	0.00	-97.73
250.20	-2545.78	0.00	-79.69
250.30	-2589.75	0.00	-61.24
250.40	-2623.62	0.00	-42.48
250.50	-2648.51	0.00	-23.52
250.60	-2664.31	0.00	-4.45
250.70	-2670.92	0.00	14.61
250.80	-2668.25	0.00	33.57
250.90	-2656.18	0.00	52.32
251.00	-2634.62	0.00	70.76
251.10	-2603.46	0.00	88.80
251.20	-2562.59	0.00	106.35
251.30	-2511.92	0.00	123.33
251.40	-2451.37	0.00	139.65
251.50	-2380.87	0.00	155.23
251.60	-2300.38	0.00	170.01
251.70	-2209.89	0.00	183.92
251.80	-2109.42	0.00	196.89
251.90	-1999.03	0.00	208.89
252.00	-1878.83	0.00	219.85
252.10	-1749.00	0.00	229.74
252.20	-1609.75	0.00	238.52
252.30	-1461.38	0.00	246.17
252.40	-1304.25	0.00	252.66
252.50	-1138.79	0.00	257.99
252.60	-965.51	0.00	262.13
252.70	-784.99	0.00	265.08
252.80	-597.90	0.00	266.85
252.90	-404.97	0.00	267.45
253.00	-207.03	0.00	266.89
253.10	-4.96	0.00	265.18
253.20	200.29	0.00	262.35
253.30	407.69	0.00	258.43
253.40	616.17	0.00	253.44
253.50	824.61	0.00	247.43
253.60	1031.84	0.00	240.43
253.70	1236.67	0.00	232.49
253.80	1437.87	0.00	223.64
253.90	1634.21	0.00	213.95
254.00	1824.48	0.00	203.45
254.10	2007.44	0.00	192.21
254.20	2181.90	0.00	180.27
254.30	2346.71	0.00	167.70
254.40	2500.74	0.00	154.54
254.50	2642.93	0.00	140.86
254.60	2772.30	0.00	126.72
254.70	2887.92	0.00	112.17
254.80	2988.96	0.00	97.27
254.90	3074.69	0.00	82.09
255.00	3144.47	0.00	66.67
255.10	3197.78	0.00	51.09
255.20	3234.21	0.00	35.40
255.30	3258.83	0.00	19.65
255.40	3276.98	0.00	3.90
255.50	3288.65	0.00	-11.79
255.60	3293.79	0.00	-27.38
255.70	3292.33	0.00	-42.80
255.80	3284.15	0.00	-58.00
255.90	3269.08	0.00	-72.94
256.00	3246.96	0.00	-87.57
256.10	3217.56	0.00	-101.85
256.20	3180.65	0.00	-115.72
256.30	3135.98	0.00	-129.15
256.40	3083.29	0.00	-142.09
256.50	3022.31	0.00	-154.51
256.60	2952.77	0.00	-166.37
256.70	2874.42	0.00	-177.64
256.80	2787.02	0.00	-188.29
256.90	2690.35	0.00	-198.28
257.00	2584.23	0.00	-207.59
257.10	2468.52	0.00	-216.19
257.20	2343.14	0.00	-224.07
257.30	2208.04	0.00	-231.19
257.40	2063.25	0.00	-237.55
257.50	1908.85	0.00	-243.13
257.60	1745.02	0.00	-247.90
257.70	1572.00	0.00	-251.87
257.80	1390.11	0.00	-255.03
257.90	1199.77	0.00	-257.36
258.00	1001.45	0.00	-258.87
258.10	795.75	0.00	-259.55
258.20	583.34	0.00	-259.40
258.30	364.96	0.00	-258.43
258.40	141.45	0.00	-256.64
258.50	-86.28	0.00	-254.04
258.60	-317.23	0.00	-250.64
258.70	-550.36	0.00	-246.45
258.80	-784.54	0.00	-241.48
258.90	-1018.60	0.00	-235.75
259.00	-1251.33	0.00	-229.28
259.10	-1481.45	0.00	-222.09
259.20	-1707.70	0.00	-214.20
259.30	-1928.77	0.00	-205.62
259.40	-2143.36	0.00	-196.40
259.50	-2350.16	0.00	-186.55
259.60	-2547.88	0.00	-176.11
259.70	-2735.28	0.00	-165.09
259.80	-2911.13	0.00	-153.55
259.90	-3074.26	0.00	-141.50
260.00	-3223.57	0.00	-128.98
260.10	-3358.02	0.00	-116.03
260.20	-3476.66	0.00	-102.69
260.30	-3578.63	0.00	-88.99
260.40	-3663.17	0.00	-74.97
260.50	-3729.63	0.00	-60.67
260.60	-3777.45	0.00	-46.13
260.70	-3806.66	0.00	-31.40
260.80	-3827.10	0.00	-16.51
260.90	-3842.99	0.00	-1.52
261.00	-3854.25	0.00	13.54
261.10	-3860.74	0.00	28.63
261.20	-3862.25	0.00	43.70
261.30	-3858.54	0.00	58.70
261.40	-3849.30	0.00	73.59
261.50	-3834.17	0.00	88.32
261.60	-3812.75	0.00	102.86
261.70	-3784.61	0.00	117.15
261.80	-3749.27	0.00	131.16
261.90	-3706.26	0.00	144.83
262.00	-3655.06	0.00	158.14
262.10	-3595.16	0.00	171.03
262.20	-3526.07	0.00	183.46
262.30	-3447.27	0.00	195.39
262.40	-3358.31	0.00	206.78
262.50	-3258.75	0.00	217.61
262.60	-3148.19	0.00	227.81
262.70	-3026.29	0.00	237.37
262.80	-2892.79	0.00	246.25
262.90	-2747.48	0.00	254.42
263.00	-2590.24	0.00	261.84
263.10	-2421.04	0.00	268.49
263.20	-2239.94	0.00	274.34
263.30	-2047.12	0.00	279.36
263.40	-1842.86	0.00	283.54
263.50	-1627.54	0.00	286.85
263.60	-1401.67	0.00	289.28
263.70	-1165.87	0.00	290.82
263.80	-920.89	0.00	291.44
263.90	-667.57	0.00	291.15
264.00	-406.89	0.00	289.93
264.10	-139.92	0.00	287.78
264.20	132.15	0.00	284.71
264.30	408.06	0.00	280.71
264.40	686.42	0.00	275.79
264.50	965.81	0.00	269.96
264.60	1244.71	0.00	263.23
264.70	1521.54	0.00	255.62
264.80	1794.69	0.00	247.14
264.90	2062.54	0.00	237.81
265.00	2323.40	0.00	227.66
265.10	2575.63	0.00	216.71
265.20	2817.58	0.00	205.01
265.30	3047.63	0.00	192.56
265.40	3264.21	0.00	179.43
265.50	3465.81	0.00	165.63
265.60	3651.00	0.00	151.22
265.70	3818.42	0.00	136.23
265.80	3966.83	0.00	120.71
265.90	4095.12	0.00	104.71
266.00	4202.27	0.00	88.28
266.10	4287.42	0.00	71.47
266.20	4349.88	0.00	54.33
266.30	4389.07	0.00	36.92
266.40	4407.78	0.00	19.29
266.50	4420.59	0.00	1.51
266.60	4429.30	0.00	-16.38
266.70	4433.72	0.00	-34.30
266.80	4433.60	0.00	-52.21
266.90	4428.63	0.00	-70.04
267.00	4418.38	0.00	-87.73
267.10	4402.41	0.00	-105.21
267.20	4380.18	0.00	-122.44
267.30	4351.10	0.00	-139.36
267.40	4314.57	0.00	-155.89
267.50	4269.92	0.00	-171.99
267.60	4216.47	0.00	-187.59
267.70	4153.54	0.00	-202.65
267.80	4080.45	0.00	-217.10
267.90	3996.53	0.00	-230.91
268.00	3901.16	0.00	-244.00
268.10	3793.73	0.00	-256.35
268.20	3673.71	0.00	-267.89
268.30	3540.65	0.00	-278.60
268.40	3394.16	0.00	-288.42
268.50	3233.96	0.00	-297.32
268.60	3059.86	0.00	-305.26
268.70	2871.81	0.00	-312.22
268.80	2669.87	0.00	-318.16
268.90	2454.22	0.00	-323.05
269.00	2225.20	0.00	-326.89
269.10	1983.28	0.00	-329.63
269.20	1729.08	0.00	-331.29
269.30	1463.36	0.00	-331.83
269.40	1187.04	0.00	-331.26
269.50	901.15	0.00	-329.57
269.60	606.88	0.00	-326.77
269.70	305.55	0.00	-322.85
269.80	-1.40	0.00	-317.83
269.90	-312.43	0.00	-311.72
270.00	-625.88	0.00	-304.53
270.10	-940.04	0.00	-296.29
270.20	-1253.07	0.00	-287.03
270.30	-1563.14	0.00	-276.77
270.40	-1868.32	0.00	-265.54
270.50	-2166.71	0.00	-253.38
270.60	-2456.38	0.00	-240.34
270.70	-2735.40	0.00	-226.45
270.80	-3001.91	0.00	-211.76
270.90	-3254.09	0.00	-196.32
271.00	-3490.18	0.00	-180.19
271.10	-3708.51	0.00	-163.42
271.20	-3907.54	0.00	-146.07
271.30	-4085.83	0.00	-128.19
271.40	-4242.08	0.00	-109.87
271.50	-4375.15	0.00	-91.15
271.60	-4484.06	0.00	-72.11
271.70	-4568.01	0.00	-52.81
271.80	-4626.37	0.00	-33.33
271.90	-4658.71	0.00	-13.73
272.00	-4665.34	0.00	5.91
272.10	-4661.17	0.00	25.53
272.20	-4652.86	0.00	45.05
272.30	-4640.24	0.00	64.40
272.40	-4623.06	0.00	83.52
272.50	-4601.00	0.00	102.33
272.60	-4573.64	0.00	120.77
272.70	-4540.51	0.00	138.77
272.80	-4501.07	0.00	156.27
272.90	-4454.74	0.00	173.20
273.00	-4400.88	0.00	189.52
273.10	-4338.85	0.00	205.15
273.20	-4267.99	0.00	220.05
273.30	-4187.63	0.00	234.17
273.40	-4097.14	0.00	247.46
273.50	-3995.88	0.00	259.87
273.60	-3883.29	0.00	271.38
273.70	-3758.85	0.00	281.93
273.80	-3622.11	0.00	291.51
273.90	-3472.71	0.00	300.08
274.00	-3310.36	0.00	307.62
274.10	-3134.91	0.00	314.11
274.20	-2946.30	0.00	319.53
274.30	-2744.58	0.00	323.88
274.40	-2529.97	0.00	327.15
274.50	-2302.78	0.00	329.33
274.60	-2063.48	0.00	330.43
274.70	-1812.66	0.00	330.45
274.80	-1551.06	0.00	329.40
274.90	-1279.56	0.00	327.30
275.00	-999.15	0.00	324.15
275.10	-710.97	0.00	319.99
275.20	-416.26	0.00	314.82
275.30	-116.39	0.00	308.68
275.40	187.19	0.00	301.60
275.50	492.94	0.00	293.60
275.60	799.21	0.00	284.71
275.70	1104.34	0.00	274.99
275.80	1406.58	0.00	264.45
275.90	1704.17	0.00	253.14
276.00	1995.32	0.00	241.09
276.10	2278.25	0.00	228.36
276.20	2551.19	0.00	214.98
276.30	2812.40	0.00	200.99
276.40	3060.20	0.00	186.44
276.50	3292.96	0.00	171.37
276.60	3509.14	0.00	155.83
276.70	3707.29	0.00	139.86
276.80	3886.08	0.00	123.50
276.90	4044.29	0.00	106.81
277.00	4180.83	0.00	89.82
277.10	4294.77	0.00	72.59
277.20	4385.32	0.00	55.15
277.30	4451.86	0.00	37.55
277.40	4493.92	0.00	19.84
277.50	4511.23	0.00	2.06
277.60	4506.41	0.00	-15.74
277.70	4495.03	0.00	-33.53
277.80	4479.40	0.00	-51.25
277.90	4459.31	0.00	-68.86
278.00	4434.44	0.00	-86.32
278.10	4404.41	0.00	-103.58
278.20	4368.77	0.00	-120.60
278.30	4326.99	0.00	-137.34
278.40	4278.48	0.00	-153.74
278.50	4222.64	0.00	-169.77
278.60	4158.81	0.00	-185.38
278.70	4086.30	0.00	-200.52
278.80	4004.45	0.00	-215.16
278.90	3912.56	0.00	-229.24
279.00	3810.00	0.00	-242.72
279.10	3696.15	0.00	-255.55
279.20	3570.43	0.00	-267.69
279.30	3432.35	0.00	-279.09
279.40	3281.49	0.00	-289.72
279.50	3117.51	0.00	-299.52
279.60	2940.18	0.00	-308.45
279.70	2749.41	0.00	-316.47
279.80	2545.20	0.00	-323.55
279.90	2327.70	0.00	-329.63
280.00	2097.23	0.00	-334.68
280.10	1854.21	0.00	-338.67
280.20	1599.25	0.00	-341.56
280.30	1333.10	0.00	-343.32
280.40	1056.68	0.00	-343.93
280.50	771.04	0.00	-343.35
280.60	477.41	0.00	-341.56
280.70	177.14	0.00	-338.56
280.80	-128.28	0.00	-334.31
280.90	-437.24	0.00	-328.82
281.00	-747.99	0.00	-322.08
281.10	-1058.72	0.00	-314.08
281.20	-1367.50	0.00	-304.84
281.30	-1672.38	0.00	-294.36
281.40	-1971.32	0.00	-282.66
281.50	-2262.28	0.00	-269.77
281.60	-2543.20	0.00	-255.71
281.70	-2812.07	0.00	-240.51
281.80	-3066.88	0.00	-224.22
281.90	-3305.70	0.00	-206.89
282.00	-3526.69	0.00	-188.56
282.10	-3728.10	0.00	-169.29
282.20	-3908.32	0.00	-149.16
282.30	-4065.89	0.00	-128.23
282.40	-4199.49	0.00	-106.58
282.50	-4308.02	0.00	-84.29
282.60	-4390.53	0.00	-61.44
282.70	-4446.31	0.00	-38.15
282.80	-4474.86	0.00	-14.48
282.90	-4475.91	0.00	9.44
283.00	-4459.27	0.00	33.52
283.10	-4435.39	0.00	57.64
283.20	-4404.03	0.00	81.71
283.30	-4364.90	0.00	105.60
283.40	-4317.61	0.00	129.20
283.50	-4261.73	0.00	152.41
283.60	-4196.77	0.00	175.10
283.70	-4122.23	0.00	197.16
283.80	-4037.56	0.00	218.48
283.90	-3942.22	0.00	238.95
284.00	-3835.68	0.00	258.47
284.10	-3717.44	0.00	276.93
284.20	-3587.04	0.00	294.23
284.30	-3444.10	0.00	310.27
284.40	-3288.30	0.00	324.97
284.50	-3119.44	0.00	338.25
284.60	-2937.40	0.00	350.03
284.70	-2742.21	0.00	360.23
284.80	-2534.04	0.00	368.81
284.90	-2313.20	0.00	375.70
285.00	-2080.15	0.00	380.86
285.10	-1835.51	0.00	384.26
285.20	-1580.07	0.00	385.87
285.30	-1314.80	0.00	385.67
285.40	-1040.78	0.00	383.67
285.50	-759.31	0.00	379.86
285.60	-471.78	0.00	374.26
285.70	-179.74	0.00	366.89
285.80	115.13	0.00	357.79
285.90	411.07	0.00	347.00
286.00	706.21	0.00	334.58
286.10	998.63	0.00	320.59
286.20	1286.35	0.00	305.10
286.30	1567.39	0.00	288.19
286.40	1839.76	0.00	269.96
286.50	2101.48	0.00	250.50
286.60	2350.65	0.00	229.91
286.70	2585.41	0.00	208.31
286.80	2804.04	0.00	185.82
286.90	3004.91	0.00	162.55
287.00	3186.52	0.00	138.64
287.10	3347.56	0.00	114.21
287.20	3486.88	0.00	89.39
287.30	3603.51	0.00	64.33
287.40	3696.70	0.00	39.15
287.50	3765.88	0.00	13.99
287.60	3810.74	0.00	-11.00
287.70	3831.15	0.00	-35.71
287.80	3827.20	0.00	-59.99
287.90	3799.23	0.00	-83.71
288.00	3750.39	0.00	-106.77
288.10	3691.83	0.00	-129.02
288.20	3624.79	0.00	-150.36
288.30	3549.35	0.00	-170.69
288.40	3465.53	0.00	-189.90
288.50	3373.36	0.00	-207.89
288.60	3272.85	0.00	-224.59
288.70	3164.01	0.00	-239.91
288.80	3046.89	0.00	-253.80
288.90	2921.54	0.00	-266.18
289.00	2788.05	0.00	-277.02
289.10	2646.57	0.00	-286.28
289.20	2497.27	0.00	-293.92
289.30	2340.41	0.00	-299.93
289.40	2176.31	0.00	-304.30
289.50	2005.36	0.00	-307.04
289.60	1828.02	0.00	-308.16
289.70	1644.83	0.00	-307.67
289.80	1456.41	0.00	-305.63
289.90	1263.44	0.00	-302.06
290.00	1066.71	0.00	-297.01
290.10	867.02	0.00	-290.55
290.20	665.29	0.00	-282.74
290.30	462.45	0.00	-273.66
290.40	259.48	0.00	-263.39
290.50	57.43	0.00	-252.01
290.60	-142.68	0.00	-239.63
290.70	-339.77	0.00	-226.32
290.80	-532.80	0.00	-212.20
290.90	-720.70	0.00	-197.37
291.00	-902.47	0.00	-181.94
291.10	-1077.11	0.00	-166.01
291.20	-1243.67	0.00	-149.68
291.30	-1401.28	0.00	-133.08
291.40	-1549.12	0.00	-116.30
291.50	-1686.44	0.00	-99.46
291.60	-1812.59	0.00	-82.64
291.70	-1927.00	0.00	-65.96
291.80	-2029.20	0.00	-49.50
291.90	-2118.82	0.00	-33.37
292.00	-2195.58	0.00	-17.63
292.10	-2259.30	0.00	-2.38
292.20	-2309.93	0.00	12.31
292.30	-2347.50	0.00	26.37
292.40	-2372.13	0.00	39.75
292.50	-2384.05	0.00	52.39
292.60	-2383.57	0.00	64.24
292.70	-2371.09	0.00	75.27
292.80	-2347.06	0.00	85.44
292.90	-2312.03	0.00	94.74
293.00	-2266.60	0.00	103.14
293.10	-2212.82	0.00	110.64
293.20	-2154.70	0.00	117.24
293.30	-2092.72	0.00	122.94
293.40	-2027.15	0.00	127.76
293.50	-1958.27	0.00	131.71
293.60	-1886.34	0.00	134.82
293.70	-1811.60	0.00	137.13
293.80	-1734.30	0.00	138.66
293.90	-1654.68	0.00	139.47
294.00	-1572.95	0.00	139.58
294.10	-1489.34	0.00	139.05
294.20	-1404.05	0.00	137.94
294.30	-1317.30	0.00	136.28
294.40	-1229.29	0.00	134.15
294.50	-1140.22	0.00	131.58
294.60	-1050.28	0.00	128.64
294.70	-959.66	0.00	125.38
294.80	-868.55	0.00	121.86
294.90	-777.13	0.00	118.12
295.00	-685.58	0.00	114.22
295.10	-594.06	0.00	110.20
295.20	-502.75	0.00	106.12
295.30	-411.81	0.00	102.00
295.40	-321.41	0.00	97.90
295.50	-231.69	0.00	93.84
295.60	-142.82	0.00	89.85
295.70	-54.93	0.00	85.96
295.80	31.81	0.00	82.20
295.90	117.27	0.00	78.57
296.00	201.31	0.00	75.09
296.10	283.78	0.00	71.77
296.20	364.55	0.00	68.60
296.30	443.47	0.00	65.60
296.40	520.41	0.00	62.75
296.50	595.23	0.00	60.05
296.60	667.78	0.00	57.48
296.70	737.92	0.00	55.02
296.80	805.52	0.00	52.67
296.90	870.41	0.00	50.39
297.00	932.45	0.00	48.16
297.10	991.50	0.00	45.97
297.20	1047.38	0.00	43.79
297.30	1099.96	0.00	41.58
297.40	1149.07	0.00	39.33
297.50	1194.56	0.00	37.00
297.60	1236.26	0.00	34.57
297.70	1274.03	0.00	32.02
297.80	1307.70	0.00	29.33
297.90	1337.14	0.00	26.47
298.00	1362.19	0.00	23.43
298.10	1382.72	0.00	20.18
298.20	1398.61	0.00	16.72
298.30	1409.73	0.00	13.04
298.40	1415.98	0.00	9.13
298.50	1417.28	0.00	4.99
298.60	1413.55	0.00	0.61
298.70	1405.50	0.00	-3.99
298.80	1394.30	0.00	-8.81
298.90	1379.92	0.00	-13.83
299.00	1362.26	0.00	-19.05
299.10	1341.27	0.00	-24.44
299.20	1316.85	0.00	-29.98
299.30	1288.95	0.00	-35.64
299.40	1257.51	0.00	-41.39
299.50	1222.47	0.00	-47.21
299.60	1183.79	0.00	-53.05
299.70	1141.46	0.00	-58.89
299.80	1095.45	0.00	-64.68
299.90	1045.77	0.00	-70.39
300.00	992.45	0.00	-75.97
300.10	935.53	0.00	-81.39
300.20	875.07	0.00	-86.60
300.30	811.18	0.00	-91.57
300.40	743.96	0.00	-96.24
300.50	673.56	0.00	-100.59
300.60	600.14	0.00	-104.57
300.70	523.92	0.00	-108.16
300.80	445.10	0.00	-111.31
300.90	363.94	0.00	-114.00
301.00	280.73	0.00	-116.19
301.10	195.77	0.00	-117.86
301.20	109.39	0.00	-118.99
301.30	21.96	0.00	-119.57
301.40	-66.16	0.00	-119.56
301.50	-154.55	0.00	-118.98
301.60	-242.80	0.00	-117.80
301.70	-330.49	0.00	-116.02
301.80	-417.15	0.00	-113.66
301.90	-502.35	0.00	-110.70
302.00	-585.62	0.00	-107.17
302.10	-666.51	0.00	-103.07
302.20	-744.55	0.00	-98.42
302.30	-819.31	0.00	-93.25
302.40	-890.34	0.00	-87.58
302.50	-957.22	0.00	-81.44
302.60	-1019.56	0.00	-74.85
302.70	-1076.96	0.00	-67.87
302.80	-1129.08	0.00	-60.51
302.90	-1175.60	0.00	-52.83
303.00	-1216.23	0.00	-44.87
303.10	-1250.72	0.00	-36.66
303.20	-1278.86	0.00	-28.27
303.30	-1300.47	0.00	-19.72
303.40	-1315.44	0.00	-11.08
303.50	-1323.69	0.00	-2.39
303.60	-1325.17	0.00	6.30
303.70	-1319.89	0.00	14.94
303.80	-1308.11	0.00	23.49
303.90	-1291.23	0.00	31.89
304.00	-1269.55	0.00	40.11
304.10	-1243.16	0.00	48.08
304.20	-1212.16	0.00	55.78
304.30	-1176.65	0.00	63.15
304.40	-1136.77	0.00	70.17
304.50	-1092.66	0.00	76.79
304.60	-1044.47	0.00	82.98
304.70	-992.38	0.00	88.70
304.80	-936.59	0.00	93.93
304.90	-877.30	0.00	98.65
305.00	-814.75	0.00	102.83
305.10	-749.16	0.00	106.45
305.20	-680.82	0.00	109.50
305.30	-609.99	0.00	111.96
305.40	-536.96	0.00	113.83
305.50	-462.06	0.00	115.11
305.60	-385.59	0.00	115.79
305.70	-307.91	0.00	115.88
305.80	-229.35	0.00	115.38
305.90	-150.27	0.00	114.30
306.00	-71.05	0.00	112.66
306.10	7.95	0.00	110.47
306.20	86.36	0.00	107.74
306.30	163.79	0.00	104.51
306.40	239.88	0.00	100.80
306.50	314.24	0.00	96.63
306.60	386.53	0.00	92.04
306.70	456.38	0.00	87.05
306.80	523.45	0.00	81.70
306.90	587.42	0.00	76.02
307.00	647.97	0.00	70.06
307.10	704.83	0.00	63.84
307.20	757.72	0.00	57.42
307.30	806.40	0.00	50.82
307.40	850.66	0.00	44.08
307.50	890.31	0.00	37.26
307.60	925.20	0.00	30.38
307.70	955.20	0.00	23.49
307.80	980.21	0.00	16.63
307.90	1000.18	0.00	9.83
308.00	1015.07	0.00	3.13
308.10	1024.89	0.00	-3.43
308.20	1029.66	0.00	-9.82
308.30	1029.46	0.00	-16.01
308.40	1024.38	0.00	-21.96
308.50	1014.58	0.00	-27.65
308.60	1000.90	0.00	-33.05
308.70	983.79	0.00	-38.15
308.80	963.38	0.00	-42.91
308.90	939.83	0.00	-47.32
309.00	913.27	0.00	-51.37
309.10	883.86	0.00	-55.04
309.20	851.77	0.00	-58.33
309.30	817.17	0.00	-61.22
309.40	780.21	0.00	-63.72
309.50	741.08	0.00	-65.82
309.60	699.94	0.00	-67.53
309.70	656.98	0.00	-68.85
309.80	612.38	0.00	-69.79
309.90	566.32	0.00	-70.37
310.00	518.97	0.00	-70.59
310.10	470.51	0.00	-70.47
310.20	421.12	0.00	-70.03
310.30	370.98	0.00	-69.29
310.40	320.26	0.00	-68.28
310.50	269.11	0.00	-67.01
310.60	217.72	0.00	-65.51
310.70	166.22	0.00	-63.81
310.80	114.78	0.00	-61.93
310.90	63.54	0.00	-59.91
311.00	12.63	0.00	-57.76
311.10	-37.81	0.00	-55.52
311.20	-87.66	0.00	-53.22
311.30	-136.82	0.00	-50.87
311.40	-185.16	0.00	-48.51
311.50	-232.61	0.00	-46.17
311.60	-279.06	0.00	-43.85
311.70	-324.44	0.00	-41.60
311.80	-368.66	0.00	-39.41
311.90	-411.68	0.00	-37.32
312.00	-453.41	0.00	-35.34
312.10	-493.82	0.00	-33.47
312.20	-532.85	0.00	-31.74
312.30	-570.45	0.00	-30.14
312.40	-606.58	0.00	-28.68
312.50	-641.21	0.00	-27.36
312.60	-674.29	0.00	-26.18
312.70	-705.79	0.00	-25.13
312.80	-735.66	0.00	-24.22
312.90	-763.88	0.00	-23.41
313.00	-790.39	0.00	-22.72
313.10	-815.15	0.00	-22.11
313.20	-838.12	0.00	-21.57
313.30	-859.23	0.00	-21.08
313.40	-878.43	0.00	-20.63
313.50	-895.65	0.00	-20.18
313.60	-910.83	0.00	-19.70
313.70	-924.37	0.00	-19.19
313.80	-936.59	0.00	-18.60
313.90	-947.43	0.00	-17.92
314.00	-956.82	0.00	-17.11
314.10	-964.69	0.00	-16.15
314.20	-970.93	0.00	-15.01
314.30	-975.44	0.00	-13.68
314.40	-978.11	0.00	-12.12
314.50	-978.81	0.00	-10.32
314.60	-977.40	0.00	-8.25
314.70	-973.74	0.00	-5.91
314.80	-967.68	0.00	-3.27
314.90	-959.06	0.00	-0.33
315.00	-947.71	0.00	2.92
315.10	-933.48	0.00	6.49
315.20	-916.19	0.00	10.37
315.30	-895.68	0.00	14.56
315.40	-871.79	0.00	19.06
315.50	-844.35	0.00	23.84
315.60	-813.22	0.00	28.90
315.70	-778.26	0.00	34.22
315.80	-739.34	0.00	39.77
315.90	-696.34	0.00	45.52
316.00	-649.17	0.00	51.45
316.10	-597.76	0.00	57.51
316.20	-542.06	0.00	63.68
316.30	-482.03	0.00	69.90
316.40	-417.69	0.00	76.14
316.50	-349.06	0.00	82.35
316.60	-276.22	0.00	88.48
316.70	-199.27	0.00	94.49
316.80	-118.35	0.00	100.31
316.90	-33.63	0.00	105.91
317.00	54.64	0.00	111.22
317.10	146.22	0.00	116.20
317.20	240.80	0.00	120.80
317.30	338.02	0.00	124.95
317.40	437.49	0.00	128.63
317.50	538.78	0.00	131.77
317.60	641.41	0.00	134.34
317.70	744.86	0.00	136.29
317.80	848.59	0.00	137.59
317.90	951.99	0.00	138.20
318.00	1054.47	0.00	138.08
318.10	1155.37	0.00	137.22
318.20	1254.02	0.00	135.60
318.30	1349.75	0.00	133.19
318.40	1441.87	0.00	129.98
318.50	1529.66	0.00	125.97
318.60	1612.44	0.00	121.15
318.70	1689.52	0.00	115.54
318.80	1760.21	0.00	109.14
318.90	1823.87	0.00	101.96
319.00	1879.88	0.00	94.04
319.10	1928.10	0.00	85.39
319.20	1970.90	0.00	76.05
319.30	2008.49	0.00	66.05
319.40	2040.59	0.00	55.44
319.50	2066.95	0.00	44.26
319.60	2087.30	0.00	32.57
319.70	2101.37	0.00	20.43
319.80	2108.90	0.00	7.88
319.90	2109.63	0.00	-5.00
320.00	2103.30	0.00	-18.15
320.10	2089.67	0.00	-31.50
320.20	2068.48	0.00	-44.97
320.30	2039.51	0.00	-58.51
320.40	2002.53	0.00	-72.02
320.50	1957.36	0.00	-85.44
320.60	1903.80	0.00	-98.70
320.70	1841.71	0.00	-111.71
320.80	1770.97	0.00	-124.41
320.90	1691.50	0.00	-136.72
321.00	1603.25	0.00	-148.57
321.10	1506.22	0.00	-159.88
321.20	1400.48	0.00	-170.60
321.30	1286.13	0.00	-180.67
321.40	1163.34	0.00	-190.01
321.50	1032.36	0.00	-198.57
321.60	893.48	0.00	-206.31
321.70	747.07	0.00	-213.16
321.80	593.60	0.00	-219.10
321.90	433.57	0.00	-224.08
322.00	267.58	0.00	-228.06
322.10	96.32	0.00	-231.03
322.20	-79.49	0.00	-232.95
322.30	-259.02	0.00	-233.81
322.40	-441.39	0.00	-233.60
322.50	-625.65	0.00	-232.31
322.60	-810.81	0.00	-229.95
322.70	-995.82	0.00	-226.52
322.80	-1179.57	0.00	-222.02
322.90	-1360.93	0.00	-216.49
323.00	-1538.77	0.00	-209.93
323.10	-1711.90	0.00	-202.38
323.20	-1879.15	0.00	-193.87
323.30	-2039.37	0.00	-184.43
323.40	-2191.39	0.00	-174.12
323.50	-2334.11	0.00	-162.96
323.60	-2466.44	0.00	-151.01
323.70	-2587.37	0.00	-138.33
323.80	-2695.92	0.00	-124.97
323.90	-2791.21	0.00	-110.99
324.00	-2872.43	0.00	-96.46
324.10	-2938.88	0.00	-81.42
324.20	-2989.93	0.00	-65.96
324.30	-3025.65	0.00	-50.14
324.40	-3052.47	0.00	-34.02
324.50	-3072.30	0.00	-17.68
324.60	-3085.02	0.00	-1.18
324.70	-3090.50	0.00	15.40
324.80	-3088.57	0.00	31.99
324.90	-3079.05	0.00	48.53
325.00	-3061.72	0.00	64.95
325.10	-3036.36	0.00	81.17
325.20	-3002.72	0.00	97.14
325.30	-2960.54	0.00	112.78
325.40	-2909.58	0.00	128.03
325.50	-2849.56	0.00	142.84
325.60	-2780.24	0.00	157.14
325.70	-2701.38	0.00	170.87
325.80	-2612.77	0.00	183.98
325.90	-2514.23	0.00	196.42
326.00	-2405.61	0.00	208.14
326.10	-2286.84	0.00	219.09
326.20	-2157.86	0.00	229.22
326.30	-2018.70	0.00	238.51
326.40	-1869.47	0.00	246.90
326.50	-1710.34	0.00	254.36
326.60	-1541.57	0.00	260.87
326.70	-1363.49	0.00	266.39
326.80	-1176.56	0.00	270.90
326.90	-981.31	0.00	274.38
327.00	-778.35	0.00	276.80
327.10	-568.43	0.00	278.17
327.20	-352.35	0.00	278.46
327.30	-131.05	0.00	277.67
327.40	94.49	0.00	275.79
327.50	323.16	0.00	272.83
327.60	553.81	0.00	268.78
327.70	785.20	0.00	263.67
327.80	1016.02	0.00	257.49
327.90	1244.94	0.00	250.27
328.00	1470.56	0.00	242.03
328.10	1691.48	0.00	232.78
328.20	1906.25	0.00	222.56
328.30	2113.46	0.00	211.40
328.40	2311.68	0.00	199.34
328.50	2499.53	0.00	186.41
328.60	2675.67	0.00	172.66
328.70	2838.80	0.00	158.13
328.80	2987.71	0.00	142.88
328.90	3121.27	0.00	126.97
329.00	3238.43	0.00	110.45
329.10	3338.27	0.00	93.38
329.20	3419.98	0.00	75.84
329.30	3482.89	0.00	57.88
329.40	3526.46	0.00	39.59
329.50	3550.28	0.00	21.03
329.60	3557.18	0.00	2.29
329.70	3556.29	0.00	-16.57
329.80	3548.14	0.00	-35.45
329.90	3532.61	0.00	-54.28
330.00	3509.54	0.00	-72.96
330.10	3478.73	0.00	-91.43
330.20	3439.93	0.00	-109.60
330.30	3392.91	0.00	-127.37
330.40	3337.38	0.00	-144.67
330.50	3273.08	0.00	-161.42
330.60	3199.72	0.00	-177.54
330.70	3117.03	0.00	-192.94
330.80	3024.77	0.00	-207.56
330.90	2922.72	0.00	-221.32
331.00	2810.71	0.00	-234.15
331.10	2688.60	0.00	-245.98
331.20	2556.34	0.00	-256.77
331.30	2413.92	0.00	-266.45
331.40	2261.44	0.00	-274.97
331.50	2099.04	0.00	-282.29
331.60	1927.00	0.00	-288.36
331.70	1745.67	0.00	-293.17
331.80	1555.50	0.00	-296.68
331.90	1357.06	0.00	-298.88
332.00	1150.99	0.00	-299.74
332.10	938.07	0.00	-299.28
332.20	719.15	0.00	-297.49
332.30	495.19	0.00	-294.39
332.40	267.25	0.00	-289.98
332.50	36.44	0.00	-284.30
332.60	-196.04	0.00	-277.38
332.70	-428.93	0.00	-269.26
332.80	-660.90	0.00	-259.97
332.90	-890.62	0.00	-249.58
333.00	-1116.71	0.00	-238.14
333.10	-1337.79	0.00	-225.71
333.20	-1552.48	0.00	-212.37
333.30	-1759.41	0.00	-198.18
333.40	-1957.26	0.00	-183.23
333.50	-2144.76	0.00	-167.59
333.60	-2320.68	0.00	-151.34
333.70	-2483.90	0.00	-134.59
333.80	-2633.35	0.00	-117.40
333.90	-2768.09	0.00	-99.89
334.00	-2887.27	0.00	-82.12
334.10	-2990.18	0.00	-64.21
334.20	-3076.21	0.00	-46.23
334.30	-3144.91	0.00	-28.28
334.40	-3195.94	0.00	-10.45
334.50	-3229.12	0.00	7.19
334.60	-3244.40	0.00	24.54
334.70	-3241.86	0.00	41.52
334.80	-3221.73	0.00	58.06
334.90	-3188.64	0.00	74.09
335.00	-3149.00	0.00	89.54
335.10	-3102.95	0.00	104.35
335.20	-3050.56	0.00	118.45
335.30	-2991.88	0.00	131.80
335.40	-2926.96	0.00	144.34
335.50	-2855.80	0.00	156.05
335.60	-2778.45	0.00	166.87
335.70	-2694.91	0.00	176.79
335.80	-2605.21	0.00	185.78
335.90	-2509.39	0.00	193.82
336.00	-2407.50	0.00	200.90
336.10	-2299.62	0.00	207.01
336.20	-2185.84	0.00	212.16
336.30	-2066.31	0.00	216.34
336.40	-1941.18	0.00	219.57
336.50	-1810.66	0.00	221.85
336.60	-1675.00	0.00	223.22
336.70	-1534.48	0.00	223.68
336.80	-1389.44	0.00	223.27
336.90	-1240.25	0.00	222.02
337.00	-1087.33	0.00	219.95
337.10	-931.13	0.00	217.11
337.20	-772.16	0.00	213.53
337.30	-610.97	0.00	209.24
337.40	-448.11	0.00	204.30
337.50	-284.21	0.00	198.74
337.60	-119.89	0.00	192.60
337.70	44.18	0.00	185.93
337.80	207.33	0.00	178.77
337.90	368.87	0.00	171.16
338.00	528.11	0.00	163.15
338.10	684.34	0.00	154.78
338.20	836.87	0.00	146.08
338.30	985.02	0.00	137.11
338.40	1128.10	0.00	127.89
338.50	1265.47	0.00	118.47
338.60	1396.50	0.00	108.88
338.70	1520.60	0.00	99.15
338.80	1637.20	0.00	89.33
338.90	1745.78	0.00	79.44
339.00	1845.86	0.00	69.50
339.10	1937.02	0.00	59.56
339.20	2018.86	0.00	49.64
339.30	2091.05	0.00	39.76
339.40	2153.33	0.00	29.94
339.50	2205.47	0.00	20.22
339.60	2247.31	0.00	10.60
339.70	2278.75	0.00	1.12
339.80	2299.74	0.00	-8.21
339.90	2310.30	0.00	-17.38
340.00	2310.50	0.00	-26.35
340.10	2300.46	0.00	-35.12
340.20	2280.36	0.00	-43.67
340.30	2251.37	0.00	-51.99
340.40	2217.53	0.00	-60.05
340.50	2179.35	0.00	-67.85
340.60	2136.89	0.00	-75.37
340.70	2090.17	0.00	-82.60
340.80	2039.24	0.00	-89.52
340.90	1984.12	0.00	-96.12
341.00	1924.86	0.00	-102.38
341.10	1861.47	0.00	-108.30
341.20	1793.99	0.00	-113.86
341.30	1722.46	0.00	-119.05
341.40	1646.93	0.00	-123.86
341.50	1567.46	0.00	-128.28
341.60	1484.13	0.00	-132.29
341.70	1397.04	0.00	-135.89
341.80	1306.29	0.00	-139.07
341.90	1212.02	0.00	-141.81
342.00	1114.38	0.00	-144.11
342.10	1013.57	0.00	-145.97
342.20	909.79	0.00	-147.37
342.30	803.27	0.00	-148.31
342.40	694.29	0.00	-148.79
342.50	583.12	0.00	-148.81
342.60	470.08	0.00	-148.35
342.70	355.52	0.00	-147.43
342.80	239.82	0.00	-146.05
342.90	123.35	0.00	-144.20
343.00	6.53	0.00	-141.89
343.10	-110.19	0.00	-139.12
343.20	-226.38	0.00	-135.91
343.30	-341.56	0.00	-132.26
343.40	-455.25	0.00	-128.18
343.50	-566.98	0.00	-123.69
343.60	-676.24	0.00	-118.80
343.70	-782.55	0.00	-113.52
343.80	-885.41	0.00	-107.86
343.90	-984.36	0.00	-101.86
344.00	-1078.91	0.00	-95.52
344.10	-1168.60	0.00	-88.87
344.20	-1253.01	0.00	-81.94
344.30	-1331.70	0.00	-74.73
344.40	-1404.30	0.00	-67.29
344.50	-1470.44	0.00	-59.62
344.60	-1529.79	0.00	-51.77
344.70	-1582.05	0.00	-43.75
344.80	-1626.98	0.00	-35.60
344.90	-1664.35	0.00	-27.34
345.00	-1693.99	0.00	-19.01
345.10	-1715.76	0.00	-10.63
345.20	-1729.60	0.00	-2.23
345.30	-1735.45	0.00	6.16
345.40	-1733.32	0.00	14.51
345.50	-1723.26	0.00	22.78
345.60	-1705.52	0.00	30.96
345.70	-1682.34	0.00	39.00
345.80	-1654.49	0.00	46.88
345.90	-1622.01	0.00	54.58
346.00	-1584.96	0.00	62.06
346.10	-1543.39	0.00	69.29
346.20	-1497.38	0.00	76.26
346.30	-1446.99	0.00	82.93
346.40	-1392.31	0.00	89.28
346.50	-1333.43	0.00	95.28
346.60	-1270.46	0.00	100.92
346.70	-1203.52	0.00	106.17
346.80	-1132.74	0.00	111.02
346.90	-1058.28	0.00	115.44
347.00	-980.31	0.00	119.41
347.10	-899.02	0.00	122.93
347.20	-814.62	0.00	125.97
347.30	-727.35	0.00	128.53
347.40	-637.46	0.00	130.60
347.50	-545.24	0.00	132.16
347.60	-450.98	0.00	133.20
347.70	-355.01	0.00	133.73
347.80	-257.67	0.00	133.74
347.90	-159.32	0.00	133.22
348.00	-60.36	0.00	132.19
348.10	38.81	0.00	130.63
348.20	137.79	0.00	128.55
348.30	236.13	0.00	125.97
348.40	333.40	0.00	122.88
348.50	429.15	0.00	119.31
348.60	522.92	0.00	115.25
348.70	614.26	0.00	110.73
348.80	702.72	0.00	105.76
348.90	787.84	0.00	100.36
349.00	869.18	0.00	94.55
349.10	946.33	0.00	88.35
349.20	1018.86	0.00	81.78
349.30	1086.39	0.00	74.88
349.40	1148.56	0.00	67.67
349.50	1205.01	0.00	60.18
349.60	1255.44	0.00	52.43
349.70	1299.57	0.00	44.47
349.80	1337.16	0.00	36.32
349.90	1368.00	0.00	28.02
350.00	1391.93	0.00	19.61
350.10	1408.83	0.00	11.11
350.20	1418.62	0.00	2.58
350.30	1421.26	0.00	-5.96
350.40	1416.76	0.00	-14.46
350.50	1405.62	0.00	-22.89
350.60	1389.38	0.00	-31.21
350.70	1368.21	0.00	-39.37
350.80	1342.17	0.00	-47.35
350.90	1311.34	0.00	-55.10
351.00	1275.80	0.00	-62.59
351.10	1235.66	0.00	-69.78
351.20	1191.02	0.00	-76.64
351.30	1142.02	0.00	-83.13
351.40	1088.79	0.00	-89.23
351.50	1031.50	0.00	-94.90
351.60	970.32	0.00	-100.12
351.70	905.44	0.00	-104.86
351.80	837.08	0.00	-109.09
351.90	765.46	0.00	-112.81
352.00	690.84	0.00	-115.99
352.10	613.48	0.00	-118.62
352.20	533.68	0.00	-120.68
352.30	451.74	0.00	-122.17
352.40	367.99	0.00	-123.08
352.50	282.77	0.00	-123.41
352.60	196.43	0.00	-123.16
352.70	109.36	0.00	-122.33
352.80	21.93	0.00	-120.94
352.90	-65.46	0.00	-119.00
353.00	-152.41	0.00	-116.51
353.10	-238.51	0.00	-113.49
353.20	-323.34	0.00	-109.97
353.30	-406.51	0.00	-105.97
353.40	-487.60	0.00	-101.51
353.50	-566.21	0.00	-96.62
353.60	-641.95	0.00	-91.33
353.70	-714.44	0.00	-85.68
353.80	-783.33	0.00	-79.69
353.90	-848.26	0.00	-73.41
354.00	-908.91	0.00	-66.86
354.10	-965.00	0.00	-60.09
354.20	-1016.23	0.00	-53.14
354.30	-1062.39	0.00	-46.05
354.40	-1103.25	0.00	-38.85
354.50	-1138.63	0.00	-31.59
354.60	-1168.40	0.00	-24.30
354.70	-1192.44	0.00	-17.02
354.80	-1210.67	0.00	-9.79
354.90	-1223.07	0.00	-2.65
355.00	-1229.62	0.00	4.37
355.10	-1230.36	0.00	11.23
355.20	-1225.71	0.00	17.91
355.30	-1216.86	0.00	24.38
355.40	-1203.99	0.00	30.60
355.50	-1187.18	0.00	36.56
355.60	-1166.53	0.00	42.23
355.70	-1142.17	0.00	47.59
355.80	-1114.19	0.00	52.63
355.90	-1082.72	0.00	57.34
356.00	-1047.88	0.00	61.69
356.10	-1009.80	0.00	65.69
356.20	-968.61	0.00	69.34
356.30	-924.46	0.00	72.61
356.40	-877.48	0.00	75.53
356.50	-827.84	0.00	78.08
356.60	-775.67	0.00	80.28
356.70	-721.14	0.00	82.13
356.80	-664.42	0.00	83.65
356.90	-605.67	0.00	84.83
357.00	-545.05	0.00	85.71
357.10	-482.76	0.00	86.28
357.20	-418.97	0.00	86.56
357.30	-353.86	0.00	86.58
357.40	-287.62	0.00	86.34
357.50	-220.44	0.00	85.86
357.60	-152.52	0.00	85.17
357.70	-84.06	0.00	84.27
357.80	-15.25	0.00	83.19
357.90	53.69	0.00	81.94
358.00	122.57	0.00	80.53
358.10	191.17	0.00	78.98
358.20	259.29	0.00	77.30
358.30	326.72	0.00	75.50
358.40	393.24	0.00	73.59
358.50	458.64	0.00	71.59
358.60	522.70	0.00	69.49
358.70	585.22	0.00	67.30
358.80	645.98	0.00	65.02
358.90	704.77	0.00	62.66
359.00	761.38	0.00	60.22
359.10	815.59	0.00	57.69
359.20	867.20	0.00	55.06
359.30	916.00	0.00	52.34
359.40	961.80	0.00	49.52
359.50	1004.40	0.00	46.59
359.60	1043.60	0.00	43.54
359.70	1079.22	0.00	40.37
359.80	1111.08	0.00	37.06
359.90	1139.02	0.00	33.61
360.00	1162.86	0.00	30.01
360.10	1182.45	0.00	26.24
360.20	1197.67	0.00	22.31
360.30	1208.37	0.00	18.20
360.40	1215.25	0.00	13.91
360.50	1218.93	0.00	9.44
360.60	1219.31	0.00	4.79
360.70	1216.32	0.00	-0.05
360.80	1209.87	0.00	-5.08
360.90	1199.87	0.00	-10.28
361.00	1186.25	0.00	-15.65
361.10	1168.91	0.00	-21.19
361.20	1147.77	0.00	-26.86
361.30	1122.78	0.00	-32.67
361.40	1093.84	0.00	-38.59
361.50	1060.91	0.00	-44.60
361.60	1023.93	0.00	-50.67
361.70	982.88	0.00	-56.77
361.80	937.74	0.00	-62.88
361.90	888.49	0.00	-68.96
362.00	835.17	0.00	-74.98
362.10	777.80	0.00	-80.89
362.20	716.47	0.00	-86.66
362.30	651.25	0.00	-92.25
362.40	582.27	0.00	-97.61
362.50	509.68	0.00	-102.70
362.60	433.66	0.00	-107.47
362.70	354.43	0.00	-111.89
362.80	272.23	0.00	-115.90
362.90	187.34	0.00	-119.48
363.00	100.09	0.00	-122.56
363.10	10.82	0.00	-125.12
363.20	-80.09	0.00	-127.12
363.30	-172.21	0.00	-128.53
363.40	-265.11	0.00	-129.30
363.50	-358.31	0.00	-129.42
363.60	-451.31	0.00	-128.86
363.70	-543.59	0.00	-127.59
363.80	-634.61	0.00	-125.61
363.90	-723.81	0.00	-122.91
364.00	-810.64	0.00	-119.47
364.10	-894.53	0.00	-115.29
364.20	-974.90	0.00	-110.40
364.30	-1051.20	0.00	-104.78
364.40	-1122.86	0.00	-98.47
364.50	-1189.37	0.00	-91.47
364.60	-1250.21	0.00	-83.83
364.70	-1304.90	0.00	-75.58
364.80	-1352.98	0.00	-66.74
364.90	-1394.06	0.00	-57.38
365.00	-1427.76	0.00	-47.53
365.10	-1453.77	0.00	-37.25
365.20	-1471.83	0.00	-26.60
365.30	-1481.74	0.00	-15.64
365.40	-1483.42	0.00	-4.44
365.50	-1478.31	0.00	6.94
365.60	-1467.01	0.00	18.42
365.70	-1449.49	0.00	29.93
365.80	-1425.73	0.00	41.40
365.90	-1395.74	0.00	52.75
366.00	-1359.57	0.00	63.91
366.10	-1317.26	0.00	74.80
366.20	-1268.93	0.00	85.35
366.30	-1214.68	0.00	95.48
366.40	-1154.67	0.00	105.13
366.50	-1089.08	0.00	114.22
366.60	-1018.14	0.00	122.69
366.70	-942.10	0.00	130.49
366.80	-861.25	0.00	137.55
366.90	-775.93	0.00	143.83
367.00	-686.49	0.00	149.27
367.10	-593.35	0.00	153.85
367.20	-496.94	0.00	157.51
367.30	-397.75	0.00	160.24
367.40	-296.28	0.00	162.01
367.50	-193.07	0.00	162.81
367.60	-88.69	0.00	162.63
367.70	16.25	0.00	161.46
367.80	121.15	0.00	159.32
367.90	225.36	0.00	156.21
368.00	328.26	0.00	152.15
368.10	429.18	0.00	147.17
368.20	527.47	0.00	141.30
368.30	622.49	0.00	134.58
368.40	713.60	0.00	127.05
368.50	800.19	0.00	118.76
368.60	881.66	0.00	109.77
368.70	957.45	0.00	100.12
368.80	1027.04	0.00	89.90
368.90	1089.95	0.00	79.16
369.00	1145.73	0.00	67.97
369.10	1194.00	0.00	56.42
369.20	1234.44	0.00	44.56
369.30	1266.77	0.00	32.49
369.40	1290.79	0.00	20.27
369.50	1306.37	0.00	7.99
369.60	1313.42	0.00	-4.27
369.70	1311.95	0.00	-16.45
369.80	1302.01	0.00	-28.45
369.90	1283.74	0.00	-40.21
370.00	1258.33	0.00	-51.65
370.10	1226.59	0.00	-62.71
370.20	1188.70	0.00	-73.31
370.30	1144.87	0.00	-83.40
370.40	1095.30	0.00	-92.91
370.50	1040.26	0.00	-101.78
370.60	980.02	0.00	-109.98
370.70	914.87	0.00	-117.45
370.80	845.16	0.00	-124.14
370.90	771.23	0.00	-130.04
371.00	693.46	0.00	-135.10
371.10	612.27	0.00	-139.30
371.20	528.08	0.00	-142.63
371.30	441.35	0.00	-145.08
371.40	352.55	0.00	-146.62
371.50	262.18	0.00	-147.27
371.60	170.76	0.00	-147.04
371.70	78.81	0.00	-145.92
371.80	-13.13	0.00	-143.93
371.90	-104.51	0.00	-141.11
372.00	-194.78	0.00	-137.46
372.10	-283.37	0.00	-133.03
372.20	-369.75	0.00	-127.84
372.30	-453.37	0.00	-121.94
372.40	-533.69	0.00	-115.37
372.50	-610.22	0.00	-108.17
372.60	-682.44	0.00	-100.40
372.70	-749.91	0.00	-92.11
372.80	-812.17	0.00	-83.34
372.90	-868.84	0.00	-74.17
373.00	-919.55	0.00	-64.64
373.10	-963.97	0.00	-54.83
373.20	-1001.83	0.00	-44.77
373.30	-1032.90	0.00	-34.55
373.40	-1056.99	0.00	-24.22
373.50	-1073.99	0.00	-13.85
373.60	-1083.79	0.00	-3.48
373.70	-1086.40	0.00	6.81
373.80	-1082.33	0.00	16.97
373.90	-1072.35	0.00	26.95
374.00	-1056.53	0.00	36.68
374.10	-1034.98	0.00	46.11
374.20	-1007.83	0.00	55.20
374.30	-975.23	0.00	63.90
374.40	-937.34	0.00	72.15
374.50	-894.35	0.00	79.93
374.60	-846.47	0.00	87.18
374.70	-793.94	0.00	93.88
374.80	-737.01	0.00	100.00
374.90	-675.96	0.00	105.51
375.00	-611.07	0.00	110.38
375.10	-542.67	0.00	114.59
375.20	-471.10	0.00	118.14
375.30	-396.70	0.00	121.00
375.40	-319.86	0.00	123.17
375.50	-240.96	0.00	124.65
375.60	-160.42	0.00	125.43
375.70	-78.65	0.00	125.53
375.80	3.91	0.00	124.94
375.90	86.81	0.00	123.69
376.00	169.62	0.00	121.79
376.10	251.86	0.00	119.25
376.20	333.08	0.00	116.10
376.30	412.82	0.00	112.36
376.40	490.63	0.00	108.06
376.50	566.06	0.00	103.24
376.60	638.68	0.00	97.92
376.70	708.06	0.00	92.15
376.80	773.79	0.00	85.95
376.90	835.51	0.00	79.38
377.00	892.84	0.00	72.46
377.10	945.44	0.00	65.24
377.20	993.03	0.00	57.77
377.30	1035.31	0.00	50.09
377.40	1072.06	0.00	42.25
377.50	1103.07	0.00	34.27
377.60	1128.18	0.00	26.22
377.70	1147.26	0.00	18.14
377.80	1160.52	0.00	10.06
377.90	1168.92	0.00	2.03
378.00	1172.56	0.00	-5.91
378.10	1171.45	0.00	-13.72
378.20	1165.63	0.00	-21.36
378.30	1155.17	0.00	-28.79
378.40	1140.11	0.00	-35.99
378.50	1120.54	0.00	-42.92
378.60	1096.54	0.00	-49.56
378.70	1068.21	0.00	-55.86
378.80	1035.66	0.00	-61.82
378.90	999.02	0.00	-67.40
379.00	958.40	0.00	-72.60
379.10	913.97	0.00	-77.38
379.20	865.86	0.00	-81.75
379.30	814.26	0.00	-85.69
379.40	759.33	0.00	-89.18
379.50	701.27	0.00	-92.24
379.60	640.27	0.00	-94.85
379.70	576.56	0.00	-97.01
379.80	510.34	0.00	-98.73
379.90	441.86	0.00	-100.02
380.00	371.35	0.00	-100.87
380.10	299.07	0.00	-101.31
380.20	225.28	0.00	-101.33
380.30	150.25	0.00	-100.96
380.40	74.24	0.00	-100.22
380.50	-2.44	0.00	-99.11
380.60	-79.53	0.00	-97.66
380.70	-156.73	0.00	-95.88
380.80	-233.75	0.00	-93.79
380.90	-310.30	0.00	-91.42
381.00	-386.07	0.00	-88.79
381.10	-460.79	0.00	-85.91
381.20	-534.16	0.00	-82.81
381.30	-605.90	0.00	-79.52
381.40	-675.73	0.00	-76.04
381.50	-743.37	0.00	-72.40
381.60	-808.56	0.00	-68.62
381.70	-871.06	0.00	-64.73
381.80	-930.60	0.00	-60.73
381.90	-986.97	0.00	-56.64
382.00	-1039.94	0.00	-52.49
382.10	-1089.30	0.00	-48.28
382.20	-1134.86	0.00	-44.03
382.30	-1176.44	0.00	-39.75
382.40	-1213.89	0.00	-35.45
382.50	-1247.04	0.00	-31.15
382.60	-1275.79	0.00	-26.85
382.70	-1300.01	0.00	-22.55
382.80	-1319.60	0.00	-18.26
382.90	-1334.50	0.00	-14.00
383.00	-1345.64	0.00	-9.75
383.10	-1353.84	0.00	-5.52
383.20	-1359.08	0.00	-1.32
383.30	-1361.37	0.00	2.85
383.40	-1360.67	0.00	7.01
383.50	-1356.98	0.00	11.14
383.60	-1350.26	0.00	15.24
383.70	-1340.49	0.00	19.33
383.80	-1327.63	0.00	23.40
383.90	-1311.65	0.00	27.44
384.00	-1292.49	0.00	31.48
384.10	-1270.11	0.00	35.50
384.20	-1244.47	0.00	39.50
384.30	-1215.52	0.00	43.49
384.40	-1183.21	0.00	47.46
384.50	-1147.48	0.00	51.42
384.60	-1108.31	0.00	55.36
384.70	-1065.63	0.00	59.27
384.80	-1019.43	0.00	63.16
384.90	-969.67	0.00	67.02
385.00	-916.33	0.00	70.83
385.10	-859.40	0.00	74.59
385.20	-798.90	0.00	78.30
385.30	-734.83	0.00	81.93
385.40	-667.23	0.00	85.48
385.50	-596.15	0.00	88.93
385.60	-521.67	0.00	92.27
385.70	-443.88	0.00	95.47
385.80	-362.89	0.00	98.53
385.90	-278.84	0.00	101.43
386.00	-191.90	0.00	104.14
386.10	-102.26	0.00	106.64
386.20	-10.13	0.00	108.91
386.30	84.24	0.00	110.94
386.40	180.58	0.00	112.70
386.50	278.58	0.00	114.16
386.60	377.92	0.00	115.31
386.70	478.24	0.00	116.13
386.80	579.16	0.00	116.60
386.90	680.26	0.00	116.69
387.00	781.13	0.00	116.38
387.10	881.30	0.00	115.67
387.20	980.31	0.00	114.53
387.30	1077.66	0.00	112.95
387.40	1172.85	0.00	110.91
387.50	1265.36	0.00	108.41
387.60	1354.68	0.00	105.44
387.70	1440.27	0.00	101.99
387.80	1521.62	0.00	98.06
387.90	1598.20	0.00	93.64
388.00	1669.49	0.00	88.74
388.10	1735.01	0.00	83.37
388.20	1794.26	0.00	77.52
388.30	1846.80	0.00	71.22
388.40	1892.19	0.00	64.46
388.50	1930.03	0.00	57.28
388.60	1960.04	0.00	49.69
388.70	1984.54	0.00	41.71
388.80	2004.58	0.00	33.36
388.90	2020.01	0.00	24.68
389.00	2030.67	0.00	15.70
389.10	2036.40	0.00	6.44
389.20	2037.02	0.00	-3.06
389.30	2032.36	0.00	-12.75
389.40	2022.24	0.00	-22.61
389.50	2006.50	0.00	-32.59
389.60	1984.95	0.00	-42.64
389.70	1957.42	0.00	-52.73
389.80	1923.75	0.00	-62.81
389.90	1883.78	0.00	-72.83
390.00	1837.36	0.00	-82.74
390.10	1784.37	0.00	-92.50
390.20	1724.69	0.00	-102.07
390.30	1658.23	0.00	-111.38
390.40	1584.93	0.00	-120.41
390.50	1504.75	0.00	-129.11
390.60	1417.70	0.00	-137.42
390.70	1323.80	0.00	-145.31
390.80	1223.14	0.00	-152.73
390.90	1115.83	0.00	-159.65
391.00	1002.04	0.00	-166.03
391.10	881.99	0.00	-171.83
391.20	755.95	0.00	-177.02
391.30	624.23	0.00	-181.57
391.40	487.22	0.00	-185.44
391.50	345.34	0.00	-188.63
391.60	199.09	0.00	-191.09
391.70	49.01	0.00	-192.83
391.80	-104.31	0.00	-193.80
391.90	-260.22	0.00	-194.02
392.00	-418.01	0.00	-193.46
392.10	-576.95	0.00	-192.13
392.20	-736.25	0.00	-190.01
392.30	-895.09	0.00	-187.11
392.40	-1052.62	0.00	-183.43
392.50	-1207.95	0.00	-178.99
392.60	-1360.19	0.00	-173.79
392.70	-1508.43	0.00	-167.84
392.80	-1651.75	0.00	-161.17
392.90	-1789.26	0.00	-153.79
393.00	-1920.04	0.00	-145.73
393.10	-2043.22	0.00	-137.01
393.20	-2157.95	0.00	-127.66
393.30	-2263.41	0.00	-117.72
393.40	-2358.84	0.00	-107.21
393.50	-2443.51	0.00	-96.18
393.60	-2516.77	0.00	-84.66
393.70	-2578.02	0.00	-72.69
393.80	-2626.75	0.00	-60.32
393.90	-2662.51	0.00	-47.58
394.00	-2685.27	0.00	-34.54
394.10	-2700.01	0.00	-21.22
394.20	-2708.44	0.00	-7.69
394.30	-2710.41	0.00	6.01
394.40	-2705.80	0.00	19.82
394.50	-2694.44	0.00	33.70
394.60	-2676.17	0.00	47.59
394.70	-2650.80	0.00	61.43
394.80	-2618.14	0.00	75.18
394.90	-2577.99	0.00	88.78
395.00	-2530.13	0.00	102.17
395.10	-2474.39	0.00	115.30
395.20	-2410.55	0.00	128.12
395.30	-2338.46	0.00	140.58
395.40	-2257.94	0.00	152.61
395.50	-2168.87	0.00	164.17
395.60	-2071.16	0.00	175.21
395.70	-1964.74	0.00	185.67
395.80	-1849.61	0.00	195.51
395.90	-1725.81	0.00	204.69
396.00	-1593.44	0.00	213.14
396.10	-1452.66	0.00	220.84
396.20	-1303.72	0.00	227.74
396.30	-1146.91	0.00	233.80
396.40	-982.64	0.00	238.98
396.50	-811.36	0.00	243.25
396.60	-633.62	0.00	246.59
396.70	-450.06	0.00	248.95
396.80	-261.39	0.00	250.33
396.90	-68.39	0.00	250.69
397.00	128.05	0.00	250.02
397.10	327.00	0.00	248.31
397.20	527.44	0.00	245.55
397.30	728.31	0.00	241.74
397.40	928.47	0.00	236.88
397.50	1126.75	0.00	230.96
397.60	1321.94	0.00	224.01
397.70	1512.81	0.00	216.04
397.80	1698.12	0.00	207.06
397.90	1876.61	0.00	197.10
398.00	2047.04	0.00	186.19
398.10	2208.21	0.00	174.37
398.20	2358.93	0.00	161.67
398.30	2498.07	0.00	148.14
398.40	2624.57	0.00	133.84
398.50	2737.43	0.00	118.80
398.60	2835.75	0.00	103.10
398.70	2918.71	0.00	86.80
398.80	2985.60	0.00	69.95
398.90	3035.85	0.00	52.65
399.00	3068.98	0.00	34.95
399.10	3084.67	0.00	16.94
399.20	3086.02	0.00	-1.30
399.30	3079.21	0.00	-19.68
399.40	3064.28	0.00	-38.12
399.50	3041.10	0.00	-56.54
399.60	3009.54	0.00	-74.84
399.70	2969.43	0.00	-92.93
399.80	2920.60	0.00	-110.72
399.90	2862.90	0.00	-128.12
400.00	2796.15	0.00	-145.05
400.10	2720.19	0.00	-161.41
400.20	2634.89	0.00	-177.11
400.30	2540.14	0.00	-192.08
400.40	2435.86	0.00	-206.22
400.50	2322.02	0.00	-219.47
400.60	2198.64	0.00	-231.74
400.70	2065.80	0.00	-242.98
400.80	1923.66	0.00	-253.10
400.90	1772.44	0.00	-262.05
401.00	1612.45	0.00	-269.79
401.10	1444.07	0.00	-276.25
401.20	1267.81	0.00	-281.40
401.30	1084.23	0.00	-285.20
401.40	894.00	0.00	-287.63
401.50	697.90	0.00	-288.66
401.60	496.77	0.00	-288.29
401.70	291.56	0.00	-286.50
401.80	83.30	0.00	-283.31
401.90	-126.91	0.00	-278.72
402.00	-337.91	0.00	-272.76
402.10	-548.46	0.00	-265.45
402.20	-757.30	0.00	-256.82
402.30	-963.13	0.00	-246.92
402.40	-1164.61	0.00	-235.80
402.50	-1360.42	0.00	-223.51
402.60	-1549.23	0.00	-210.13
402.70	-1729.73	0.00	-195.72
402.80	-1900.68	0.00	-180.37
402.90	-2060.85	0.00	-164.15
403.00	-2209.10	0.00	-147.15
403.10	-2344.38	0.00	-129.47
403.20	-2465.71	0.00	-111.20
403.30	-2572.22	0.00	-92.44
403.40	-2663.18	0.00	-73.31
403.50	-2737.96	0.00	-53.90
403.60	-2796.06	0.00	-34.32
403.70	-2837.14	0.00	-14.69
403.80	-2861.00	0.00	4.90
403.90	-2867.55	0.00	24.33
404.00	-2856.89	0.00	43.50
404.10	-2830.15	0.00	62.30
404.20	-2793.76	0.00	80.63
404.30	-2748.98	0.00	98.39
404.40	-2695.93	0.00	115.48
404.50	-2634.70	0.00	131.82
404.60	-2565.41	0.00	147.33
404.70	-2488.19	0.00	161.91
404.80	-2403.16	0.00	175.51
404.90	-2310.49	0.00	188.05
405.00	-2210.33	0.00	199.47
405.10	-2102.90	0.00	209.73
405.20	-1988.43	0.00	218.77
405.30	-1867.21	0.00	226.57
405.40	-1739.55	0.00	233.09
405.50	-1605.83	0.00	238.32
405.60	-1466.45	0.00	242.24
405.70	-1321.88	0.00	244.85
405.80	-1172.64	0.00	246.16
405.90	-1019.31	0.00	246.18
406.00	-862.50	0.00	244.93
406.10	-702.87	0.00	242.44
406.20	-541.15	0.00	238.74
406.30	-378.07	0.00	233.87
406.40	-214.44	0.00	227.89
406.50	-51.06	0.00	220.86
406.60	111.23	0.00	212.82
406.70	271.58	0.00	203.85
406.80	429.13	0.00	194.01
406.90	583.03	0.00	183.38
407.00	732.42	0.00	172.04
407.10	876.49	0.00	160.07
407.20	1014.44	0.00	147.54
407.30	1145.49	0.00	134.53
407.40	1268.95	0.00	121.14
407.50	1384.12	0.00	107.45
407.60	1490.42	0.00	93.53
407.70	1587.28	0.00	79.47
407.80	1674.24	0.00	65.35
407.90	1750.89	0.00	51.25
408.00	1816.90	0.00	37.24
408.10	1872.03	0.00	23.40
408.20	1916.12	0.00	9.79
408.30	1949.07	0.00	-3.53
408.40	1970.90	0.00	-16.48
408.50	1981.67	0.00	-29.01
408.60	1981.55	0.00	-41.08
408.70	1970.76	0.00	-52.63
408.80	1949.61	0.00	-63.62
408.90	1918.45	0.00	-74.01
409.00	1878.09	0.00	-83.78
409.10	1831.63	0.00	-92.88
409.20	1779.90	0.00	-101.31
409.30	1723.13	0.00	-109.04
409.40	1661.59	0.00	-116.06
409.50	1595.51	0.00	-122.35
409.60	1525.16	0.00	-127.92
409.70	1450.80	0.00	-132.77
409.80	1372.69	0.00	-136.89
409.90	1291.10	0.00	-140.29
410.00	1206.33	0.00	-142.98
410.10	1118.65	0.00	-144.98
410.20	1028.38	0.00	-146.30
410.30	935.83	0.00	-146.96
410.40	841.32	0.00	-146.98
410.50	745.19	0.00	-146.38
410.60	647.79	0.00	-145.18
410.70	549.47	0.00	-143.41
410.80	450.60	0.00	-141.10
410.90	351.54	0.00	-138.26
411.00	252.70	0.00	-134.94
411.10	154.44	0.00	-131.15
411.20	57.16	0.00	-126.92
411.30	-38.75	0.00	-122.29
411.40	-132.90	0.00	-117.29
411.50	-224.90	0.00	-111.93
411.60	-314.37	0.00	-106.25
411.70	-400.93	0.00	-100.28
411.80	-484.23	0.00	-94.04
411.90	-563.90	0.00	-87.57
412.00	-639.62	0.00	-80.89
412.10	-711.06	0.00	-74.02
412.20	-777.94	0.00	-67.00
412.30	-839.96	0.00	-59.84
412.40	-896.89	0.00	-52.59
412.50	-948.49	0.00	-45.25
412.60	-994.58	0.00	-37.86
412.70	-1034.98	0.00	-30.45
412.80	-1069.55	0.00	-23.04
412.90	-1098.21	0.00	-15.64
413.00	-1120.86	0.00	-8.30
413.10	-1137.48	0.00	-1.03
413.20	-1148.07	0.00	6.14
413.30	-1152.65	0.00	13.20
413.40	-1151.28	0.00	20.10
413.50	-1144.06	0.00	26.84
413.60	-1131.11	0.00	33.39
413.70	-1112.60	0.00	39.72
413.80	-1088.71	0.00	45.81
413.90	-1059.93	0.00	51.65
414.00	-1027.28	0.00	57.21
414.10	-990.99	0.00	62.46
414.20	-951.21	0.00	67.40
414.30	-908.11	0.00	72.00
414.40	-861.88	0.00	76.24
414.50	-812.69	0.00	80.12
414.60	-760.76	0.00	83.61
414.70	-706.28	0.00	86.70
414.80	-649.49	0.00	89.38
414.90	-590.60	0.00	91.65
415.00	-529.87	0.00	93.48
415.10	-467.55	0.00	94.89
415.20	-403.90	0.00	95.85
415.30	-339.19	0.00	96.38
415.40	-273.70	0.00	96.46
415.50	-207.72	0.00	96.11
415.60	-141.55	0.00	95.33
415.70	-75.49	0.00	94.11
415.80	-9.83	0.00	92.47
415.90	55.10	0.00	90.43
416.00	119.01	0.00	87.98
416.10	181.59	0.00	85.15
416.20	242.53	0.00	81.95
416.30	301.53	0.00	78.40
416.40	358.29	0.00	74.51
416.50	412.55	0.00	70.31
416.60	464.01	0.00	65.81
416.70	512.42	0.00	61.05
416.80	557.54	0.00	56.04
416.90	599.13	0.00	50.80
417.00	636.98	0.00	45.37
417.10	670.91	0.00	39.77
417.20	700.73	0.00	34.03
417.30	726.30	0.00	28.17
417.40	747.50	0.00	22.21
417.50	764.23	0.00	16.20
417.60	776.41	0.00	10.15
417.70	784.00	0.00	4.08
417.80	786.96	0.00	-1.97
417.90	785.31	0.00	-7.97
418.00	779.13	0.00	-13.92
418.10	768.92	0.00	-19.77
418.20	754.86	0.00	-25.50
418.30	736.99	0.00	-31.10
418.40	715.40	0.00	-36.54
418.50	690.18	0.00	-41.80
418.60	661.43	0.00	-46.86
418.70	629.25	0.00	-51.70
418.80	593.77	0.00	-56.30
418.90	555.13	0.00	-60.64
419.00	513.47	0.00	-64.72
419.10	468.97	0.00	-68.50
419.20	421.79	0.00	-71.99
419.30	372.12	0.00	-75.16
419.40	320.16	0.00	-78.01
419.50	266.14	0.00	-80.51
419.60	210.27	0.00	-82.68
419.70	152.79	0.00	-84.48
419.80	93.96	0.00	-85.92
419.90	34.05	0.00	-87.00
420.00	-26.68	0.00	-87.69
420.10	-87.94	0.00	-88.01
420.20	-149.42	0.00	-87.94
420.30	-210.83	0.00	-87.49
420.40	-271.86	0.00	-86.65
420.50	-332.19	0.00	-85.42
420.60	-391.50	0.00	-83.81
420.70	-449.46	0.00	-81.82
420.80	-505.76	0.00	-79.45
420.90	-560.06	0.00	-76.70
421.00	-612.05	0.00	-73.59
421.10	-661.41	0.00	-70.12
421.20	-707.83	0.00	-66.30
421.30	-751.02	0.00	-62.15
421.40	-790.69	0.00	-57.67
421.50	-826.57	0.00	-52.87
421.60	-858.40	0.00	-47.78
421.70	-885.95	0.00	-42.41
421.80	-909.04	0.00	-36.78
421.90	-928.10	0.00	-30.91
422.00	-943.19	0.00	-24.82
422.10	-954.20	0.00	-18.53
422.20	-961.02	0.00	-12.06
422.30	-963.57	0.00	-5.44
422.40	-961.75	0.00	1.30
422.50	-955.50	0.00	8.13
422.60	-944.76	0.00	15.04
422.70	-929.48	0.00	21.99
422.80	-909.63	0.00	28.95
422.90	-885.19	0.00	35.89
423.00	-856.14	0.00	42.77
423.10	-822.51	0.00	49.58
423.20	-784.31	0.00	56.28
423.30	-741.60	0.00	62.83
423.40	-694.45	0.00	69.20
423.50	-642.92	0.00	75.37
423.60	-587.15	0.00	81.30
423.70	-527.25	0.00	86.96
423.80	-463.39	0.00	92.32
423.90	-395.75	0.00	97.35
424.00	-324.52	0.00	102.03
424.10	-249.96	0.00	106.33
424.20	-172.32	0.00	110.22
424.30	-91.89	0.00	113.67
424.40	-8.98	0.00	116.67
424.50	76.06	0.00	119.19
424.60	162.85	0.00	121.21
424.70	251.01	0.00	122.71
424.80	340.11	0.00	123.68
424.90	429.70	0.00	124.10
425.00	519.33	0.00	123.95
425.10	608.50	0.00	123.24
425.20	696.71	0.00	121.95
425.30	783.46	0.00	120.07
425.40	868.21	0.00	117.60
425.50	950.43	0.00	114.54
425.60	1029.60	0.00	110.89
425.70	1105.16	0.00	106.65
425.80	1176.61	0.00	101.84
425.90	1243.41	0.00	96.45
426.00	1305.07	0.00	90.50
426.10	1361.09	0.00	84.01
426.20	1411.02	0.00	77.00
426.30	1454.41	0.00	69.47
426.40	1490.86	0.00	61.46
426.50	1520.95	0.00	52.99
426.60	1545.80	0.00	44.09
426.70	1565.23	0.00	34.79
426.80	1579.04	0.00	25.13
426.90	1587.07	0.00	15.13
427.00	1589.15	0.00	4.85
427.10	1585.10	0.00	-5.68
427.20	1574.78	0.00	-16.42
427.30	1558.04	0.00	-27.31
427.40	1534.75	0.00	-38.31
427.50	1504.79	0.00	-49.36
427.60	1468.05	0.00	-60.42
427.70	1424.47	0.00	-71.43
427.80	1373.96	0.00	-82.32
427.90	1316.51	0.00	-93.06
428.00	1252.10	0.00	-103.56
428.10	1180.76	0.00	-113.78
428.20	1102.56	0.00	-123.66
428.30	1017.60	0.00	-133.14
428.40	926.03	0.00	-142.15
428.50	828.03	0.00	-150.64
428.60	723.86	0.00	-158.54
428.70	613.80	0.00	-165.81
428.80	498.21	0.00	-172.39
428.90	377.48	0.00	-178.23
429.00	252.08	0.00	-183.27
429.10	122.53	0.00	-187.47
429.20	-10.60	0.00	-190.79
429.30	-146.68	0.00	-193.19
429.40	-285.03	0.00	-194.63
429.50	-424.92	0.00	-195.08
429.60	-565.56	0.00	-194.53
429.70	-706.12	0.00	-192.95
429.80	-845.76	0.00	-190.32
429.90	-983.59	0.00	-186.65
430.00	-1118.68	0.00	-181.93
430.10	-1250.12	0.00	-176.16
430.20	-1376.98	0.00	-169.36
430.30	-1498.31	0.00	-161.55
430.40	-1613.20	0.00	-152.75
430.50	-1720.76	0.00	-143.00
430.60	-1820.12	0.00	-132.34
430.70	-1910.45	0.00	-120.81
430.80	-1990.98	0.00	-108.46
430.90	-2061.00	0.00	-95.37
431.00	-2119.85	0.00	-81.58
431.10	-2166.98	0.00	-67.17
431.20	-2201.91	0.00	-52.23
431.30	-2224.69	0.00	-36.82
431.40	-2238.84	0.00	-21.03
431.50	-2245.03	0.00	-4.96
431.60	-2243.13	0.00	11.31
431.70	-2233.03	0.00	27.68
431.80	-2214.62	0.00	44.05
431.90	-2187.80	0.00	60.33
432.00	-2152.50	0.00	76.42
432.10	-2108.65	0.00	92.22
432.20	-2056.21	0.00	107.63
432.30	-1995.17	0.00	122.56
432.40	-1925.54	0.00	136.92
432.50	-1847.37	0.00	150.61
432.60	-1760.75	0.00	163.54
432.70	-1665.81	0.00	175.65
432.80	-1562.74	0.00	186.85
432.90	-1451.76	0.00	197.06
433.00	-1333.17	0.00	206.24
433.10	-1207.31	0.00	214.31
433.20	-1074.59	0.00	221.22
433.30	-935.50	0.00	226.94
433.40	-790.56	0.00	231.42
433.50	-640.39	0.00	234.65
433.60	-485.65	0.00	236.59
433.70	-327.07	0.00	237.25
433.80	-165.44	0.00	236.61
433.90	-1.59	0.00	234.69
434.00	163.57	0.00	231.49
434.10	329.13	0.00	227.05
434.20	494.12	0.00	221.39
434.30	657.53	0.00	214.56
434.40	818.37	0.00	206.59
434.50	975.62	0.00	197.54
434.60	1128.27	0.00	187.48
434.70	1275.30	0.00	176.46
434.80	1415.75	0.00	164.57
434.90	1548.66	0.00	151.87
435.00	1673.15	0.00	138.45
435.10	1788.36	0.00	124.39
435.20	1893.51	0.00	109.78
435.30	1987.89	0.00	94.71
435.40	2070.87	0.00	79.28
435.50	2141.92	0.00	63.57
435.60	2200.57	0.00	47.69
435.70	2246.48	0.00	31.72
435.80	2279.40	0.00	15.75
435.90	2299.19	0.00	-0.12
436.00	2305.80	0.00	-15.80
436.10	2299.29	0.00	-31.20
436.20	2282.67	0.00	-46.25
436.30	2258.62	0.00	-60.87
436.40	2227.28	0.00	-74.98
436.50	2188.79	0.00	-88.50
436.60	2143.27	0.00	-101.38
436.70	2090.90	0.00	-113.55
436.80	2031.82	0.00	-124.96
436.90	1966.21	0.00	-135.55
437.00	1894.25	0.00	-145.30
437.10	1816.15	0.00	-154.15
437.20	1732.13	0.00	-162.08
437.30	1642.43	0.00	-169.07
437.40	1547.33	0.00	-175.09
437.50	1447.12	0.00	-180.14
437.60	1342.12	0.00	-184.20
437.70	1232.67	0.00	-187.28
437.80	1119.17	0.00	-189.38
437.90	1002.02	0.00	-190.51
438.00	881.65	0.00	-190.70
438.10	758.53	0.00	-189.95
438.20	633.17	0.00	-188.31
438.30	506.06	0.00	-185.78
438.40	377.76	0.00	-182.42
438.50	248.81	0.00	-178.26
438.60	119.81	0.00	-173.34
438.70	-8.68	0.00	-167.71
438.80	-136.05	0.00	-161.41
438.90	-261.70	0.00	-154.49
439.00	-385.06	0.00	-147.00
439.10	-505.52	0.00	-139.00
439.20	-622.52	0.00	-130.54
439.30	-735.48	0.00	-121.68
439.40	-843.89	0.00	-112.48
439.50	-947.22	0.00	-102.98
439.60	-1045.00	0.00	-93.24
439.70	-1136.78	0.00	-83.33
439.80	-1222.16	0.00	-73.29
439.90	-1300.77	0.00	-63.18
440.00	-1372.29	0.00	-53.05
440.10	-1436.46	0.00	-42.96
440.20	-1493.04	0.00	-32.95
440.30	-1541.88	0.00	-23.07
440.40	-1582.85	0.00	-13.37
440.50	-1615.89	0.00	-3.89
440.60	-1640.98	0.00	5.33
440.70	-1658.16	0.00	14.25
440.80	-1667.52	0.00	22.82
440.90	-1669.19	0.00	31.03
441.00	-1663.36	0.00	38.84
441.10	-1650.25	0.00	46.22
441.20	-1630.12	0.00	53.15
441.30	-1603.73	0.00	59.60
441.40	-1573.33	0.00	65.56
441.50	-1539.35	0.00	71.02
441.60	-1502.01	0.00	75.95
441.70	-1461.49	0.00	80.36
441.80	-1418.01	0.00	84.24
441.90	-1371.76	0.00	87.58
442.00	-1322.94	0.00	90.39
442.10	-1271.75	0.00	92.67
442.20	-1218.40	0.00	94.43
442.30	-1163.08	0.00	95.68
442.40	-1106.00	0.00	96.42
442.50	-1047.35	0.00	96.69
442.60	-987.32	0.00	96.48
442.70	-926.12	0.00	95.84
442.80	-863.95	0.00	94.77
442.90	-800.98	0.00	93.30
443.00	-737.42	0.00	91.47
443.10	-673.45	0.00	89.30
443.20	-609.24	0.00	86.82
443.30	-544.98	0.00	84.06
443.40	-480.83	0.00	81.06
443.50	-416.95	0.00	77.85
443.60	-353.50	0.00	74.47
443.70	-290.61	0.00	70.96
443.80	-228.43	0.00	67.34
443.90	-167.07	0.00	63.66
444.00	-106.65	0.00	59.94
444.10	-47.27	0.00	56.23
444.20	10.99	0.00	52.56
444.30	68.04	0.00	48.97
444.40	123.84	0.00	45.47
444.50	178.31	0.00	42.11
444.60	231.44	0.00	38.91
444.70	283.18	0.00	35.89
444.80	333.52	0.00	33.08
444.90	382.45	0.00	30.51
445.00	429.99	0.00	28.17
445.10	476.13	0.00	26.10
445.20	520.89	0.00	24.30
445.30	564.31	0.00	22.77
445.40	606.40	0.00	21.53
445.50	647.19	0.00	20.57
445.60	686.71	0.00	19.89
445.70	724.99	0.00	19.48
445.80	762.06	0.00	19.34
445.90	797.94	0.00	19.44
446.00	832.63	0.00	19.77
446.10	866.16	0.00	20.30
446.20	898.52	0.00	21.02
446.30	929.68	0.00	21.89
446.40	959.64	0.00	22.89
446.50	988.35	0.00	23.98
446.60	1015.75	0.00	25.12
446.70	1041.79	0.00	26.28
446.80	1066.37	0.00	27.42
446.90	1089.41	0.00	28.50
447.00	1110.78	0.00	29.48
447.10	1130.35	0.00	30.31
447.20	1147.99	0.00	30.96
447.30	1163.54	0.00	31.39
447.40	1177.49	0.00	31.55
447.50	1190.43	0.00	31.40
447.60	1202.21	0.00	30.92
447.70	1212.65	0.00	30.07
447.80	1221.57	0.00	28.81
447.90	1228.78	0.00	27.12
448.00	1234.06	0.00	24.97
448.10	1237.20	0.00	22.35
448.20	1237.94	0.00	19.24
448.30	1236.06	0.00	15.63
448.40	1231.30	0.00	11.52
448.50	1223.41	0.00	6.90
448.60	1212.13	0.00	1.78
448.70	1197.21	0.00	-3.83
448.80	1178.39	0.00	-9.91
448.90	1155.43	0.00	-16.44
449.00	1128.09	0.00	-23.39
449.10	1096.14	0.00	-30.73
449.20	1059.39	0.00	-38.41
449.30	1017.63	0.00	-46.39
449.40	970.70	0.00	-54.62
449.50	918.46	0.00	-63.05
449.60	860.81	0.00	-71.61
449.70	797.67	0.00	-80.25
449.80	729.01	0.00	-88.89
449.90	654.82	0.00	-97.47
450.00	575.16	0.00	-105.92
450.10	490.13	0.00	-114.15
450.20	399.87	0.00	-122.10
450.30	304.59	0.00	-129.69
450.40	204.55	0.00	-136.84
450.50	100.06	0.00	-143.48
450.60	-8.50	0.00	-149.54
450.70	-120.70	0.00	-154.95
450.80	-236.06	0.00	-159.63
450.90	-354.03	0.00	-163.53
451.00	-474.00	0.00	-166.58
451.10	-595.31	0.00	-168.73
451.20	-717.27	0.00	-169.93
451.30	-839.13	0.00	-170.14
451.40	-960.09	0.00	-169.33
451.50	-1079.35	0.00	-167.46
451.60	-1196.04	0.00	-164.51
451.70	-1309.30	0.00	-160.46
451.80	-1418.26	0.00	-155.33
451.90	-1522.04	0.00	-149.09
452.00	-1619.77	0.00	-141.78
452.10	-1710.58	0.00	-133.40
452.20	-1793.67	0.00	-124.00
452.30	-1868.22	0.00	-113.59
452.40	-1933.51	0.00	-102.24
452.50	-1988.84	0.00	-90.00
452.60	-2033.59	0.00	-76.92
452.70	-2067.22	0.00	-63.08
452.80	-2089.77	0.00	-48.55
452.90	-2104.25	0.00	-33.42
453.00	-2111.00	0.00	-17.78
453.10	-2109.80	0.00	-1.72
453.20	-2100.46	0.00	14.66
453.30	-2082.79	0.00	31.25
453.40	-2056.62	0.00	47.95
453.50	-2021.81	0.00	64.65
453.60	-1978.23	0.00	81.24
453.70	-1925.79	0.00	97.61
453.80	-1864.44	0.00	113.65
453.90	-1794.16	0.00	129.24
454.00	-1714.96	0.00	144.28
454.10	-1626.92	0.00	158.66
454.20	-1530.16	0.00	172.28
454.30	-1424.86	0.00	185.04
454.40	-1311.27	0.00	196.85
454.50	-1189.69	0.00	207.63
454.60	-1060.50	0.00	217.28
454.70	-924.16	0.00	225.74
454.80	-781.19	0.00	232.95
454.90	-632.20	0.00	238.84
455.00	-477.86	0.00	243.37
455.10	-318.92	0.00	246.49
455.20	-156.21	0.00	248.19
455.30	9.38	0.00	248.43
455.40	176.90	0.00	247.20
455.50	345.34	0.00	244.52
455.60	513.64	0.00	240.38
455.70	680.71	0.00	234.80
455.80	845.41	0.00	227.82
455.90	1006.59	0.00	219.48
456.00	1163.12	0.00	209.82
456.10	1313.82	0.00	198.89
456.20	1457.58	0.00	186.77
456.30	1593.30	0.00	173.53
456.40	1719.90	0.00	159.25
456.50	1836.40	0.00	144.02
456.60	1941.85	0.00	127.92
456.70	2035.39	0.00	111.07
456.80	2116.28	0.00	93.57
456.90	2183.83	0.00	75.52
457.00	2237.50	0.00	57.04
457.10	2276.83	0.00	38.24
457.20	2301.52	0.00	19.24
457.30	2311.37	0.00	0.15
457.40	2306.43	0.00	-18.90
457.50	2290.41	0.00	-37.81
457.60	2265.01	0.00	-56.46
457.70	2230.28	0.00	-74.73
457.80	2186.28	0.00	-92.52
457.90	2133.11	0.00	-109.71
458.00	2070.88	0.00	-126.22
458.10	1999.73	0.00	-141.95
458.20	1919.81	0.00	-156.80
458.30	1831.31	0.00	-170.69
458.40	1734.49	0.00	-183.54
458.50	1629.59	0.00	-195.30
458.60	1516.95	0.00	-205.88
458.70	1396.92	0.00	-215.25
458.80	1269.92	0.00	-223.35
458.90	1136.43	0.00	-230.16
459.00	996.96	0.00	-235.63
459.10	852.11	0.00	-239.75
459.20	702.50	0.00	-242.51
459.30	548.84	0.00	-243.91
459.40	391.87	0.00	-243.94
459.50	232.40	0.00	-242.64
459.60	71.25	0.00	-240.01
459.70	-90.66	0.00	-236.09
459.80	-252.44	0.00	-230.91
459.90	-413.12	0.00	-224.53
460.00	-571.74	0.00	-216.98
460.10	-727.32	0.00	-208.33
460.20	-878.87	0.00	-198.64
460.30	-1025.42	0.00	-187.97
460.40	-1166.00	0.00	-176.40
460.50	-1299.69	0.00	-164.01
460.60	-1425.58	0.00	-150.87
460.70	-1542.83	0.00	-137.07
460.80	-1650.64	0.00	-122.69
460.90	-1748.27	0.00	-107.82
461.00	-1835.08	0.00	-92.54
461.10	-1910.47	0.00	-76.94
461.20	-1973.95	0.00	-61.12
461.30	-2025.12	0.00	-45.15
461.40	-2063.66	0.00	-29.13
461.50	-2089.36	0.00	-13.13
461.60	-2102.12	0.00	2.76
461.70	-2101.91	0.00	18.45
461.80	-2090.80	0.00	33.88
461.90	-2071.41	0.00	48.97
462.00	-2043.85	0.00	63.64
462.10	-2008.23	0.00	77.84
462.20	-1964.65	0.00	91.51
462.30	-1913.26	0.00	104.57
462.40	-1854.18	0.00	116.99
462.50	-1787.56	0.00	128.71
462.60	-1713.56	0.00	139.68
462.70	-1632.39	0.00	149.88
462.80	-1544.23	0.00	159.27
462.90	-1449.33	0.00	167.81
463.00	-1347.94	0.00	175.48
463.10	-1240.37	0.00	182.26
463.20	-1126.93	0.00	188.15
463.30	-1007.99	0.00	193.12
463.40	-883.95	0.00	197.17
463.50	-755.24	0.00	200.30
463.60	-622.35	0.00	202.51
463.70	-485.79	0.00	203.81
463.80	-346.13	0.00	204.20
463.90	-203.96	0.00	203.70
464.00	-59.90	0.00	202.33
464.10	85.36	0.00	200.09
464.20	231.14	0.00	197.02
464.30	376.71	0.00	193.14
464.40	521.33	0.00	188.48
464.50	664.21	0.00	183.05
464.60	804.60	0.00	176.90
464.70	941.70	0.00	170.05
464.80	1074.72	0.00	162.55
464.90	1202.89	0.00	154.41
465.00	1325.43	0.00	145.68
465.10	1441.59	0.00	136.40
465.20	1550.66	0.00	126.60
465.30	1651.93	0.00	116.32
465.40	1744.74	0.00	105.60
465.50	1828.50	0.00	94.49
465.60	1902.63	0.00	83.02
465.70	1966.64	0.00	71.23
465.80	2020.07	0.00	59.17
465.90	2062.55	0.00	46.88
466.00	2093.78	0.00	34.40
466.10	2113.50	0.00	21.77
466.20	2124.07	0.00	9.04
466.30	2127.51	0.00	-3.75
466.40	2123.76	0.00	-16.56
466.50	2112.80	0.00	-29.33
466.60	2094.57	0.00	-42.03
466.70	2069.01	0.00	-54.62
466.80	2036.09	0.00	-67.04
466.90	1995.74	0.00	-79.26
467.00	1947.93	0.00	-91.22
467.10	1892.61	0.00	-102.89
467.20	1829.78	0.00	-114.22
467.30	1759.41	0.00	-125.17
467.40	1681.52	0.00	-135.68
467.50	1596.15	0.00	-145.73
467.60	1503.37	0.00	-155.27
467.70	1403.28	0.00	-164.25
467.80	1296.03	0.00	-172.64
467.90	1181.80	0.00	-180.40
468.00	1060.82	0.00	-187.48
468.10	933.37	0.00	-193.86
468.20	799.80	0.00	-199.50
468.30	660.49	0.00	-204.36
468.40	515.91	0.00	-208.42
468.50	366.56	0.00	-211.64
468.60	213.02	0.00	-214.01
468.70	55.91	0.00	-215.50
468.80	-104.06	0.00	-216.10
468.90	-266.16	0.00	-215.77
469.00	-429.58	0.00	-214.52
469.10	-593.48	0.00	-212.34
469.20	-756.96	0.00	-209.21
469.30	-919.10	0.00	-205.14
469.40	-1078.93	0.00	-200.14
469.50	-1235.47	0.00	-194.20
469.60	-1387.73	0.00	-187.34
469.70	-1534.69	0.00	-179.58
469.80	-1675.35	0.00	-170.94
469.90	-1808.73	0.00	-161.44
470.00	-1933.86	0.00	-151.11
470.10	-2049.80	0.00	-139.99
470.20	-2155.66	0.00	-128.12
470.30	-2250.61	0.00	-115.54
470.40	-2333.86	0.00	-102.29
470.50	-2404.71	0.00	-88.44
470.60	-2462.54	0.00	-74.02
470.70	-2506.80	0.00	-59.11
470.80	-2537.06	0.00	-43.77
470.90	-2555.81	0.00	-28.06
471.00	-2566.65	0.00	-12.06
471.10	-2569.47	0.00	4.17
471.20	-2564.12	0.00	20.55
471.30	-2550.48	0.00	37.01
471.40	-2528.38	0.00	53.46
471.50	-2497.69	0.00	69.84
471.60	-2458.25	0.00	86.04
471.70	-2409.92	0.00	102.01
471.80	-2352.57	0.00	117.66
471.90	-2286.07	0.00	132.90
472.00	-2210.33	0.00	147.66
472.10	-2125.28	0.00	161.86
472.20	-2030.89	0.00	175.43
472.30	-1927.16	0.00	188.29
472.40	-1814.15	0.00	200.37
472.50	-1691.97	0.00	211.61
472.60	-1560.78	0.00	221.94
472.70	-1420.84	0.00	231.30
472.80	-1272.44	0.00	239.64
472.90	-1115.99	0.00	246.90
473.00	-951.94	0.00	253.04
473.10	-780.85	0.00	258.02
473.20	-603.36	0.00	261.81
473.30	-420.19	0.00	264.37
473.40	-232.13	0.00	265.69
473.50	-40.09	0.00	265.75
473.60	154.99	0.00	264.53
473.70	352.06	0.00	262.04
473.80	550.02	0.00	258.27
473.90	747.73	0.00	253.25
474.00	943.98	0.00	246.98
474.10	1137.53	0.00	239.49
474.20	1327.10	0.00	230.81
474.30	1511.42	0.00	220.97
474.40	1689.21	0.00	210.03
474.50	1859.19	0.00	198.02
474.60	2020.12	0.00	185.01
474.70	2170.80	0.00	171.05
474.80	2310.06	0.00	156.20
474.90	2436.84	0.00	140.55
475.00	2550.11	0.00	124.16
475.10	2648.97	0.00	107.11
475.20	2732.60	0.00	89.50
475.30	2800.31	0.00	71.39
475.40	2851.52	0.00	52.89
475.50	2885.77	0.00	34.08
475.60	2902.75	0.00	15.06
475.70	2905.31	0.00	-4.08
475.80	2898.87	0.00	-23.24
475.90	2883.50	0.00	-42.33
476.00	2859.12	0.00	-61.25
476.10	2825.66	0.00	-79.91
476.20	2783.03	0.00	-98.21
476.30	2731.14	0.00	-116.06
476.40	2669.91	0.00	-133.38
476.50	2599.25	0.00	-150.07
476.60	2519.09	0.00	-166.06
476.70	2429.40	0.00	-181.26
476.80	2330.15	0.00	-195.59
476.90	2221.37	0.00	-209.00
477.00	2103.11	0.00	-221.41
477.10	1975.51	0.00	-232.77
477.20	1838.72	0.00	-243.02
477.30	1693.00	0.00	-252.10
477.40	1538.64	0.00	-259.99
477.50	1376.05	0.00	-266.64
477.60	1205.68	0.00	-272.02
477.70	1028.08	0.00	-276.11
477.80	843.90	0.00	-278.90
477.90	653.84	0.00	-280.37
478.00	458.70	0.00	-280.53
478.10	259.38	0.00	-279.38
478.20	56.82	0.00	-276.92
478.30	-147.93	0.00	-273.18
478.40	-353.80	0.00	-268.18
478.50	-559.63	0.00	-261.94
478.60	-764.22	0.00	-254.52
478.70	-966.34	0.00	-245.94
478.80	-1164.73	0.00	-236.25
478.90	-1358.12	0.00	-225.51
479.00	-1545.24	0.00	-213.76
479.10	-1724.83	0.00	-201.08
479.20	-1895.66	0.00	-187.53
479.30	-2056.52	0.00	-173.17
479.40	-2206.29	0.00	-158.08
479.50	-2343.88	0.00	-142.32
479.60	-2468.29	0.00	-125.98
479.70	-2578.61	0.00	-109.14
479.80	-2674.02	0.00	-91.86
479.90	-2753.82	0.00	-74.24
480.00	-2817.42	0.00	-56.35
480.10	-2864.34	0.00	-38.28
480.20	-2894.25	0.00	-20.10
480.30	-2906.94	0.00	-1.89
480.40	-2903.62	0.00	16.27
480.50	-2890.75	0.00	34.29
480.60	-2869.22	0.00	52.11
480.70	-2839.01	0.00	69.65
480.80	-2800.06	0.00	86.84
480.90	-2752.33	0.00	103.61
481.00	-2695.75	0.00	119.89
481.10	-2630.25	0.00	135.62
481.20	-2555.76	0.00	150.74
481.30	-2472.21	0.00	165.20
481.40	-2379.57	0.00	178.93
481.50	-2277.80	0.00	191.88
481.60	-2166.90	0.00	204.02
481.70	-2046.93	0.00	215.29
481.80	-1917.96	0.00	225.66
481.90	-1780.13	0.00	235.09
482.00	-1633.64	0.00	243.54
482.10	-1478.74	0.00	250.99
482.20	-1315.77	0.00	257.42
482.30	-1145.14	0.00	262.79
482.40	-967.32	0.00	267.09
482.50	-782.88	0.00	270.31
482.60	-592.47	0.00	272.44
482.70	-396.82	0.00	273.46
482.80	-196.74	0.00	273.37
482.90	6.87	0.00	272.16
483.00	213.04	0.00	269.86
483.10	420.74	0.00	266.45
483.20	628.86	0.00	261.94
483.30	836.24	0.00	256.35
483.40	1041.66	0.00	249.70
483.50	1243.88	0.00	242.00
483.60	1441.62	0.00	233.27
483.70	1633.58	0.00	223.54
483.80	1818.48	0.00	212.84
483.90	1995.00	0.00	201.21
484.00	2161.89	0.00	188.66
484.10	2317.91	0.00	175.26
484.20	2461.88	0.00	161.03
484.30	2592.67	0.00	146.03
484.40	2709.23	0.00	130.30
484.50	2810.59	0.00	113.90
484.60	2895.90	0.00	96.89
484.70	2964.39	0.00	79.31
484.80	3015.42	0.00	61.24
484.90	3048.49	0.00	42.75
485.00	3065.10	0.00	23.90
485.10	3072.06	0.00	4.76
485.20	3069.92	0.00	-14.59
485.30	3058.52	0.00	-34.08
485.40	3037.66	0.00	-53.61
485.50	3007.14	0.00	-73.12
485.60	2966.73	0.00	-92.52
485.70	2916.18	0.00	-111.72
485.80	2855.25	0.00	-130.63
485.90	2783.69	0.00	-149.18
486.00	2701.25	0.00	-167.26
486.10	2607.72	0.00	-184.80
486.20	2502.91	0.00	-201.70
486.30	2386.67	0.00	-217.88
486.40	2258.90	0.00	-233.26
486.50	2119.56	0.00	-247.75
486.60	1968.71	0.00	-261.26
486.70	1806.45	0.00	-273.73
486.80	1633.00	0.00	-285.08
486.90	1448.69	0.00	-295.24
487.00	1253.95	0.00	-304.14
487.10	1049.31	0.00	-311.71
487.20	835.45	0.00	-317.92
487.30	613.16	0.00	-322.70
487.40	383.35	0.00	-326.01
487.50	147.06	0.00	-327.81
487.60	-94.54	0.00	-328.08
487.70	-340.19	0.00	-326.80
487.80	-588.48	0.00	-323.94
487.90	-837.95	0.00	-319.51
488.00	-1087.00	0.00	-313.50
488.10	-1334.00	0.00	-305.92
488.20	-1577.23	0.00	-296.80
488.30	-1814.94	0.00	-286.16
488.40	-2045.36	0.00	-274.03
488.50	-2266.70	0.00	-260.46
488.60	-2477.20	0.00	-245.51
488.70	-2675.11	0.00	-229.23
488.80	-2858.77	0.00	-211.69
488.90	-3026.58	0.00	-192.97
489.00	-3177.02	0.00	-173.15
489.10	-3308.72	0.00	-152.32
489.20	-3420.41	0.00	-130.58
489.30	-3511.01	0.00	-108.02
489.40	-3579.58	0.00	-84.77
489.50	-3625.38	0.00	-60.93
489.60	-3652.90	0.00	-36.61
489.70	-3670.26	0.00	-11.94
489.80	-3677.45	0.00	12.95
489.90	-3674.26	0.00	37.95
490.00	-3660.46	0.00	62.93
490.10	-3635.78	0.00	87.75
490.20	-3599.91	0.00	112.29
490.30	-3552.50	0.00	136.43
490.40	-3493.22	0.00	160.04
490.50	-3421.68	0.00	182.99
490.60	-3337.55	0.00	205.16
490.70	-3240.46	0.00	226.45
490.80	-3130.12	0.00	246.73
490.90	-3006.26	0.00	265.89
491.00	-2868.68	0.00	283.85
491.10	-2717.25	0.00	300.49
491.20	-2551.93	0.00	315.74
491.30	-2372.80	0.00	329.51
491.40	-2180.02	0.00	341.72
491.50	-1973.91	0.00	352.31
491.60	-1754.93	0.00	361.23
491.70	-1523.65	0.00	368.42
491.80	-1280.83	0.00	373.84
491.90	-1027.37	0.00	377.47
492.00	-764.30	0.00	379.28
492.10	-492.84	0.00	379.26
492.20	-214.35	0.00	377.40
492.30	69.70	0.00	373.73
492.40	357.67	0.00	368.24
492.50	647.83	0.00	360.98
492.60	938.33	0.00	351.96
492.70	1227.24	0.00	341.25
492.80	1512.56	0.00	328.89
492.90	1792.26	0.00	314.94
493.00	2064.26	0.00	299.47
493.10	2326.50	0.00	282.56
493.20	2576.94	0.00	264.29
493.30	2813.58	0.00	244.75
493.40	3034.50	0.00	224.05
493.50	3237.88	0.00	202.28
493.60	3422.00	0.00	179.56
493.70	3585.32	0.00	155.99
493.80	3726.42	0.00	131.69
493.90	3844.08	0.00	106.78
494.00	3937.28	0.00	81.38
494.10	4005.19	0.00	55.63
494.20	4047.22	0.00	29.64
494.30	4063.34	0.00	3.54
494.40	4064.58	0.00	-22.53
494.50	4056.28	0.00	-48.46
494.60	4038.37	0.00	-74.11
494.70	4010.70	0.00	-99.37
494.80	3973.10	0.00	-124.11
494.90	3925.31	0.00	-148.21
495.00	3867.07	0.00	-171.55
495.10	3798.07	0.00	-194.03
495.20	3718.00	0.00	-215.53
495.30	3626.52	0.00	-235.96
495.40	3523.34	0.00	-255.22
495.50	3408.16	0.00	-273.21
495.60	3280.75	0.00	-289.87
495.70	3140.93	0.00	-305.10
495.80	2988.58	0.00	-318.84
495.90	2823.69	0.00	-331.03
496.00	2646.32	0.00	-341.61
496.10	2456.65	0.00	-350.54
496.20	2255.01	0.00	-357.78
496.30	2041.81	0.00	-363.30
496.40	1817.63	0.00	-367.08
496.50	1583.17	0.00	-369.11
496.60	1339.28	0.00	-369.39
496.70	1086.94	0.00	-367.93
496.80	827.28	0.00	-364.73
496.90	561.53	0.00	-359.82
497.00	291.06	0.00	-353.25
497.10	17.36	0.00	-345.04
497.20	-258.02	0.00	-335.24
497.30	-533.40	0.00	-323.92
497.40	-807.09	0.00	-311.13
497.50	-1077.31	0.00	-296.96
497.60	-1342.28	0.00	-281.48
497.70	-1600.20	0.00	-264.77
497.80	-1849.28	0.00	-246.93
497.90	-2087.79	0.00	-228.05
498.00	-2314.03	0.00	-208.25
498.10	-2526.38	0.00	-187.61
498.20	-2723.35	0.00	-166.27
498.30	-2903.51	0.00	-144.32
498.40	-3065.61	0.00	-121.89
498.50	-3208.51	0.00	-99.09
498.60	-3331.27	0.00	-76.05
498.70	-3433.08	0.00	-52.89
498.80	-3513.34	0.00	-29.73
498.90	-3571.62	0.00	-6.68
499.00	-3607.71	0.00	16.13
499.10	-3621.54	0.00	38.58
499.20	-3613.28	0.00	60.57
499.30	-3583.32	0.00	81.98
499.40	-3539.57	0.00	102.70
499.50	-3487.85	0.00	122.64
499.60	-3428.25	0.00	141.70
499.70	-3360.88	0.00	159.78
499.80	-3285.81	0.00	176.81
499.90	-3203.08	0.00	192.70
500.00	-3112.75	0.00	207.40
500.10	-3014.88	0.00	220.82
500.20	-2909.53	0.00	232.93
500.30	-2796.79	0.00	243.68
500.40	-2676.79	0.00	253.03
500.50	-2549.67	0.00	260.94
500.60	-2415.63	0.00	267.41
500.70	-2274.92	0.00	272.43
500.80	-2127.84	0.00	275.98
500.90	-1974.74	0.00	278.08
501.00	-1816.05	0.00	278.75
501.10	-1652.24	0.00	278.01
501.20	-1483.85	0.00	275.88
501.30	-1311.50	0.00	272.43
501.40	-1135.83	0.00	267.68
501.50	-957.56	0.00	261.70
501.60	-777.44	0.00	254.55
501.70	-596.29	0.00	246.29
501.80	-414.93	0.00	237.00
501.90	-234.22	0.00	226.77
502.00	-55.06	0.00	215.66
502.10	121.68	0.00	203.76
502.20	295.10	0.00	191.18
502.30	464.34	0.00	177.99
502.40	628.52	0.00	164.28
502.50	786.84	0.00	150.17
502.60	938.49	0.00	135.72
502.70	1082.75	0.00	121.05
502.80	1218.91	0.00	106.24
502.90	1346.37	0.00	91.39
503.00	1464.56	0.00	76.57
503.10	1573.00	0.00	61.88
503.20	1671.30	0.00	47.40
503.30	1759.12	0.00	33.20
503.40	1836.23	0.00	19.37
503.50	1902.47	0.00	5.96
503.60	1957.76	0.00	-6.96
503.70	2002.12	0.00	-19.33
503.80	2035.64	0.00	-31.09
503.90	2058.47	0.00	-42.21
504.00	2070.87	0.00	-52.64
504.10	2073.14	0.00	-62.34
504.20	2065.65	0.00	-71.30
504.30	2048.84	0.00	-79.48
504.40	2023.17	0.00	-86.86
504.50	1989.18	0.00	-93.45
504.60	1947.43	0.00	-99.24
504.70	1898.52	0.00	-104.22
504.80	1843.09	0.00	-108.40
504.90	1783.90	0.00	-111.79
505.00	1722.56	0.00	-114.42
505.10	1659.37	0.00	-116.29
505.20	1594.62	0.00	-117.44
505.30	1528.57	0.00	-117.89
505.40	1461.51	0.00	-117.68
505.50	1393.69	0.00	-116.84
505.60	1325.37	0.00	-115.40
505.70	1256.78	0.00	-113.42
505.80	1188.16	0.00	-110.92
505.90	1119.74	0.00	-107.95
506.00	1051.74	0.00	-104.56
506.10	984.35	0.00	-100.79
506.20	917.77	0.00	-96.69
506.30	852.18	0.00	-92.29
506.40	787.76	0.00	-87.66
506.50	724.67	0.00	-82.83
506.60	663.04	0.00	-77.84
506.70	603.02	0.00	-72.75
506.80	544.71	0.00	-67.59
506.90	488.22	0.00	-62.40
507.00	433.63	0.00	-57.22
507.10	381.02	0.00	-52.08
507.20	330.43	0.00	-47.04
507.30	281.91	0.00	-42.10
507.40	235.47	0.00	-37.32
507.50	191.13	0.00	-32.71
507.60	148.86	0.00	-28.30
507.70	108.65	0.00	-24.12
507.80	70.44	0.00	-20.18
507.90	34.20	0.00	-16.52
508.00	-0.16	0.00	-13.13
508.10	-32.72	0.00	-10.04
508.20	-63.56	0.00	-7.26
508.30	-92.80	0.00	-4.79
508.40	-120.54	0.00	-2.65
508.50	-146.91	0.00	-0.83
508.60	-172.03	0.00	0.66
508.70	-196.03	0.00	1.82
508.80	-219.06	0.00	2.66
508.90	-241.24	0.00	3.18
509.00	-262.72	0.00	3.39
509.10	-283.64	0.00	3.31
509.20	-304.12	0.00	2.93
509.30	-324.31	0.00	2.28
509.40	-344.33	0.00	1.38
509.50	-364.29	0.00	0.23
509.60	-384.31	0.00	-1.14
509.70	-404.50	0.00	-2.71
509.80	-424.93	0.00	-4.45
509.90	-445.70	0.00	-6.36
510.00	-466.87	0.00	-8.39
510.10	-488.50	0.00	-10.53
510.20	-510.61	0.00	-12.75
510.30	-533.25	0.00	-15.02
510.40	-556.42	0.00	-17.31
510.50	-580.12	0.00	-19.61
510.60	-604.31	0.00	-21.88
510.70	-628.97	0.00	-24.09
510.80	-654.03	0.00	-26.23
510.90	-679.43	0.00	-28.25
511.00	-705.07	0.00	-30.15
511.10	-730.87	0.00	-31.88
511.20	-756.69	0.00	-33.44
511.30	-782.41	0.00	-34.80
511.40	-807.89	0.00	-35.93
511.50	-832.97	0.00	-36.82
511.60	-857.47	0.00	-37.46
511.70	-881.23	0.00	-37.82
511.80	-904.07	0.00	-37.90
511.90	-925.78	0.00	-37.68
512.00	-946.18	0.00	-37.15
512.10	-965.07	0.00	-36.32
512.20	-982.24	0.00	-35.17
512.30	-997.95	0.00	-33.71
512.40	-1012.59	0.00	-31.93
512.50	-1026.00	0.00	-29.83
512.60	-1038.03	0.00	-27.43
512.70	-1048.53	0.00	-24.74
512.80	-1057.35	0.00	-21.75
512.90	-1064.34	0.00	-18.50
513.00	-1069.35	0.00	-14.98
513.10	-1072.25	0.00	-11.22
513.20	-1072.89	0.00	-7.23
513.30	-1071.14	0.00	-3.05
513.40	-1066.87	0.00	1.32
513.50	-1059.97	0.00	5.85
513.60	-1050.31	0.00	10.51
513.70	-1037.80	0.00	15.28
513.80	-1022.34	0.00	20.13
513.90	-1003.85	0.00	25.03
514.00	-982.25	0.00	29.95
514.10	-957.47	0.00	34.88
514.20	-929.47	0.00	39.77
514.30	-898.21	0.00	44.61
514.40	-863.67	0.00	49.36
514.50	-825.84	0.00	54.00
514.60	-784.73	0.00	58.50
514.70	-740.37	0.00	62.83
514.80	-692.79	0.00	66.98
514.90	-642.06	0.00	70.92
515.00	-588.26	0.00	74.62
515.10	-531.47	0.00	78.07
515.20	-471.83	0.00	81.24
515.30	-409.45	0.00	84.13
515.40	-344.50	0.00	86.71
515.50	-277.14	0.00	88.98
515.60	-207.56	0.00	90.91
515.70	-135.99	0.00	92.50
515.80	-62.63	0.00	93.75
515.90	12.26	0.00	94.64
516.00	88.43	0.00	95.18
516.10	165.60	0.00	95.35
516.20	243.49	0.00	95.17
516.30	321.78	0.00	94.63
516.40	400.18	0.00	93.73
516.50	478.35	0.00	92.47
516.60	555.98	0.00	90.88
516.70	632.72	0.00	88.94
516.80	708.24	0.00	86.68
516.90	782.20	0.00	84.10
517.00	854.25	0.00	81.21
517.10	924.06	0.00	78.03
517.20	991.30	0.00	74.57
517.30	1055.63	0.00	70.84
517.40	1116.75	0.00	66.86
517.50	1174.34	0.00	62.64
517.60	1228.11	0.00	58.20
517.70	1277.78	0.00	53.56
517.80	1323.09	0.00	48.74
517.90	1363.80	0.00	43.74
518.00	1399.69	0.00	38.60
518.10	1430.55	0.00	33.32
518.20	1456.21	0.00	27.92
518.30	1476.52	0.00	22.42
518.40	1491.35	0.00	16.84
518.50	1500.60	0.00	11.19
518.60	1504.87	0.00	5.49
518.70	1505.70	0.00	-0.24
518.80	1503.11	0.00	-5.98
518.90	1497.08	0.00	-11.73
519.00	1487.58	0.00	-17.46
519.10	1474.59	0.00	-23.16
519.20	1458.07	0.00	-28.81
519.30	1438.00	0.00	-34.41
519.40	1414.36	0.00	-39.93
519.50	1387.11	0.00	-45.36
519.60	1356.25	0.00	-50.68
519.70	1321.75	0.00	-55.89
519.80	1283.62	0.00	-60.97
519.90	1241.84	0.00	-65.90
520.00	1196.43	0.00	-70.67
520.10	1147.40	0.00	-75.27
520.20	1094.79	0.00	-79.69
520.30	1038.61	0.00	-83.91
520.40	978.94	0.00	-87.91
520.50	915.84	0.00	-91.69
520.60	849.39	0.00	-95.24
520.70	779.70	0.00	-98.53
520.80	706.88	0.00	-101.55
520.90	631.08	0.00	-104.30
521.00	552.46	0.00	-106.76
521.10	471.19	0.00	-108.91
521.20	387.49	0.00	-110.75
521.30	301.57	0.00	-112.27
521.40	213.69	0.00	-113.44
521.50	124.11	0.00	-114.27
521.60	33.13	0.00	-114.73
521.70	-58.93	0.00	-114.83
521.80	-151.76	0.00	-114.54
521.90	-244.99	0.00	-113.87
522.00	-338.25	0.00	-112.80
522.10	-431.16	0.00	-111.34
522.20	-523.32	0.00	-109.47
522.30	-614.32	0.00	-107.18
522.40	-703.73	0.00	-104.49
522.50	-791.13	0.00	-101.39
522.60	-876.09	0.00	-97.88
522.70	-958.17	0.00	-93.96
522.80	-1036.95	0.00	-89.64
522.90	-1112.00	0.00	-84.93
523.00	-1182.92	0.00	-79.83
523.10	-1249.28	0.00	-74.36
523.20	-1310.72	0.00	-68.53
523.30	-1366.87	0.00	-62.36
523.40	-1417.38	0.00	-55.86
523.50	-1461.93	0.00	-49.06
523.60	-1500.25	0.00	-41.98
523.70	-1532.08	0.00	-34.64
523.80	-1557.19	0.00	-27.07
523.90	-1575.41	0.00	-19.29
524.00	-1586.59	0.00	-11.35
524.10	-1590.63	0.00	-3.27
524.20	-1587.49	0.00	4.92
524.30	-1578.61	0.00	13.17
524.40	-1565.07	0.00	21.45
524.50	-1546.86	0.00	29.73
524.60	-1523.96	0.00	37.95
524.70	-1496.38	0.00	46.09
524.80	-1464.13	0.00	54.11
524.90	-1427.23	0.00	61.95
525.00	-1385.72	0.00	69.58
525.10	-1339.64	0.00	76.97
525.20	-1289.06	0.00	84.07
525.30	-1234.07	0.00	90.84
525.40	-1174.77	0.00	97.24
525.50	-1111.29	0.00	103.25
525.60	-1043.76	0.00	108.82
525.70	-972.36	0.00	113.92
525.80	-897.29	0.00	118.52
525.90	-818.76	0.00	122.60
526.00	-737.01	0.00	126.13
526.10	-652.33	0.00	129.08
526.20	-565.00	0.00	131.44
526.30	-475.35	0.00	133.19
526.40	-383.73	0.00	134.32
526.50	-290.51	0.00	134.81
526.60	-196.08	0.00	134.67
526.70	-100.85	0.00	133.89
526.80	-5.26	0.00	132.47
526.90	90.24	0.00	130.42
527.00	185.19	0.00	127.74
527.10	279.13	0.00	124.46
527.20	371.58	0.00	120.58
527.30	462.05	0.00	116.12
527.40	550.07	0.00	111.11
527.50	635.18	0.00	105.58
527.60	716.90	0.00	99.55
527.70	794.79	0.00	93.06
527.80	868.41	0.00	86.13
527.90	937.37	0.00	78.82
528.00	1001.27	0.00	71.16
528.10	1059.77	0.00	63.18
528.20	1112.53	0.00	54.94
528.30	1159.28	0.00	46.48
528.40	1199.77	0.00	37.85
528.50	1233.79	0.00	29.09
528.60	1261.17	0.00	20.24
528.70	1281.80	0.00	11.37
528.80	1295.61	0.00	2.51
528.90	1302.56	0.00	-6.29
529.00	1302.68	0.00	-14.98
529.10	1296.02	0.00	-23.52
529.20	1282.70	0.00	-31.86
529.30	1262.87	0.00	-39.96
529.40	1237.40	0.00	-47.78
529.50	1207.38	0.00	-55.27
529.60	1172.94	0.00	-62.41
529.70	1134.25	0.00	-69.16
529.80	1091.47	0.00	-75.48
529.90	1044.80	0.00	-81.36
530.00	994.42	0.00	-86.75
530.10	940.56	0.00	-91.65
530.20	883.43	0.00	-96.03
530.30	823.28	0.00	-99.87
530.40	760.36	0.00	-103.16
530.50	694.94	0.00	-105.90
530.60	627.29	0.00	-108.06
530.70	557.71	0.00	-109.66
530.80	486.51	0.00	-110.70
530.90	413.99	0.00	-111.16
531.00	340.49	0.00	-111.07
531.10	266.34	0.00	-110.43
531.20	191.87	0.00	-109.25
531.30	117.44	0.00	-107.55
531.40	43.39	0.00	-105.34
531.50	-29.93	0.00	-102.65
531.60	-102.16	0.00	-99.49
531.70	-172.96	0.00	-95.89
531.80	-241.98	0.00	-91.88
531.90	-308.89	0.00	-87.48
532.00	-373.37	0.00	-82.72
532.10	-435.09	0.00	-77.64
532.20	-493.76	0.00	-72.25
532.30	-549.10	0.00	-66.60
532.40	-600.83	0.00	-60.72
532.50	-648.72	0.00	-54.64
532.60	-692.55	0.00	-48.39
532.70	-732.10	0.00	-42.00
532.80	-767.22	0.00	-35.51
532.90	-797.75	0.00	-28.96
533.00	-823.57	0.00	-22.37
533.10	-844.60	0.00	-15.77
533.20	-860.77	0.00	-9.20
533.30	-872.04	0.00	-2.69
533.40	-878.42	0.00	3.74
533.50	-879.93	0.00	10.05
533.60	-876.62	0.00	16.23
533.70	-868.57	0.00	22.24
533.80	-855.90	0.00	28.06
533.90	-839.08	0.00	33.66
534.00	-818.63	0.00	39.03
534.10	-794.65	0.00	44.15
534.20	-767.30	0.00	49.00
534.30	-736.69	0.00	53.55
534.40	-703.00	0.00	57.80
534.50	-666.37	0.00	61.73
534.60	-626.97	0.00	65.33
534.70	-584.99	0.00	68.59
534.80	-540.61	0.00	71.49
534.90	-494.04	0.00	74.04
535.00	-445.47	0.00	76.22
535.10	-395.13	0.00	78.03
535.20	-343.23	0.00	79.47
535.30	-290.00	0.00	80.53
535.40	-235.69	0.00	81.22
535.50	-180.54	0.00	81.53
535.60	-124.80	0.00	81.48
535.70	-68.72	0.00	81.05
535.80	-12.56	0.00	80.26
535.90	43.42	0.00	79.12
536.00	98.94	0.00	77.63
536.10	153.76	0.00	75.80
536.20	207.60	0.00	73.64
536.30	260.21	0.00	71.17
536.40	311.33	0.00	68.39
536.50	360.71	0.00	65.33
536.60	408.09	0.00	61.99
536.70	453.26	0.00	58.39
536.80	495.98	0.00	54.55
536.90	536.03	0.00	50.48
537.00	573.21	0.00	46.21
537.10	607.34	0.00	41.76
537.20	638.25	0.00	37.14
537.30	665.78	0.00	32.37
537.40	689.79	0.00	27.49
537.50	710.16	0.00	22.50
537.60	726.80	0.00	17.44
537.70	739.63	0.00	12.33
537.80	748.60	0.00	7.18
537.90	753.70	0.00	2.03
538.00	755.32	0.00	-3.10
538.10	753.63	0.00	-8.20
538.20	748.64	0.00	-13.23
538.30	740.39	0.00	-18.18
538.40	728.92	0.00	-23.02
538.50	714.28	0.00	-27.72
538.60	696.54	0.00	-32.28
538.70	675.78	0.00	-36.66
538.80	652.07	0.00	-40.85
538.90	625.52	0.00	-44.83
539.00	596.24	0.00	-48.58
539.10	564.33	0.00	-52.08
539.20	529.93	0.00	-55.32
539.30	493.17	0.00	-58.29
539.40	454.21	0.00	-60.97
539.50	413.19	0.00	-63.35
539.60	370.30	0.00	-65.43
539.70	325.69	0.00	-67.19
539.80	279.56	0.00	-68.63
539.90	232.10	0.00	-69.74
540.00	183.51	0.00	-70.53
540.10	133.99	0.00	-70.99
540.20	83.75	0.00	-71.13
540.30	33.02	0.00	-70.94
540.40	-17.99	0.00	-70.44
540.50	-69.06	0.00	-69.62
540.60	-119.95	0.00	-68.50
540.70	-170.45	0.00	-67.08
540.80	-220.33	0.00	-65.38
540.90	-269.36	0.00	-63.42
541.00	-317.33	0.00	-61.19
541.10	-364.03	0.00	-58.72
541.20	-409.23	0.00	-56.03
541.30	-452.75	0.00	-53.13
541.40	-494.39	0.00	-50.03
541.50	-533.96	0.00	-46.77
541.60	-571.29	0.00	-43.35
541.70	-606.22	0.00	-39.80
541.80	-638.60	0.00	-36.13
541.90	-668.29	0.00	-32.37
542.00	-695.17	0.00	-28.53
542.10	-719.14	0.00	-24.64
542.20	-740.10	0.00	-20.71
542.30	-757.98	0.00	-16.77
542.40	-772.72	0.00	-12.83
542.50	-784.27	0.00	-8.90
542.60	-792.61	0.00	-5.01
542.70	-797.74	0.00	-1.17
542.80	-800.02	0.00	2.60
542.90	-799.76	0.00	6.29
543.00	-796.99	0.00	9.89
543.10	-791.74	0.00	13.38
543.20	-784.05	0.00	16.76
543.30	-773.96	0.00	20.01
543.40	-761.52	0.00	23.13
543.50	-746.79	0.00	26.12
543.60	-729.81	0.00	28.96
543.70	-710.65	0.00	31.65
543.80	-689.36	0.00	34.19
543.90	-666.02	0.00	36.57
544.00	-640.69	0.00	38.80
544.10	-613.43	0.00	40.88
544.20	-584.33	0.00	42.80
544.30	-553.45	0.00	44.57
544.40	-520.88	0.00	46.19
544.50	-486.70	0.00	47.66
544.60	-450.98	0.00	48.98
544.70	-413.82	0.00	50.16
544.80	-375.31	0.00	51.21
544.90	-335.53	0.00	52.12
545.00	-294.59	0.00	52.91
545.10	-252.58	0.00	53.57
545.20	-209.60	0.00	54.11
545.30	-165.76	0.00	54.53
545.40	-121.17	0.00	54.84
545.50	-75.94	0.00	55.04
545.60	-30.19	0.00	55.12
545.70	15.96	0.00	55.11
545.80	62.39	0.00	54.99
545.90	108.98	0.00	54.76
546.00	155.58	0.00	54.43
546.10	202.07	0.00	54.00
546.20	248.30	0.00	53.46
546.30	294.14	0.00	52.82
546.40	339.43	0.00	52.07
546.50	384.03	0.00	51.20
546.60	427.79	0.00	50.23
546.70	470.56	0.00	49.13
546.80	512.17	0.00	47.91
546.90	552.47	0.00	46.56
547.00	591.31	0.00	45.09
547.10	628.51	0.00	43.47
547.20	663.94	0.00	41.72
547.30	697.42	0.00	39.82
547.40	728.81	0.00	37.77
547.50	757.95	0.00	35.57
547.60	784.70	0.00	33.21
547.70	808.90	0.00	30.69
547.80	830.43	0.00	28.01
547.90	849.15	0.00	25.17
548.00	864.94	0.00	22.17
548.10	877.68	0.00	19.01
548.20	887.27	0.00	15.68
548.30	893.62	0.00	12.21
548.40	897.17	0.00	8.58
548.50	898.14	0.00	4.81
548.60	896.49	0.00	0.91
548.70	892.16	0.00	-3.12
548.80	885.09	0.00	-7.26
548.90	875.25	0.00	-11.51
549.00	862.59	0.00	-15.83
549.10	847.09	0.00	-20.23
549.20	828.71	0.00	-24.68
549.30	807.45	0.00	-29.16
549.40	783.30	0.00	-33.64
549.50	756.27	0.00	-38.12
549.60	726.37	0.00	-42.56
549.70	693.63	0.00	-46.93
549.80	658.09	0.00	-51.22
549.90	619.83	0.00	-55.40
550.00	578.90	0.00	-59.43
550.10	535.41	0.00	-63.30
550.20	489.46	0.00	-66.96
550.30	441.17	0.00	-70.41
550.40	390.70	0.00	-73.59
550.50	338.20	0.00	-76.50
550.60	283.86	0.00	-79.10
550.70	227.88	0.00	-81.37
550.80	170.47	0.00	-83.28
550.90	111.87	0.00	-84.81
551.00	52.33	0.00	-85.95
551.10	-7.87	0.00	-86.66
551.20	-68.45	0.00	-86.93
551.30	-129.13	0.00	-86.76
551.40	-189.58	0.00	-86.12
551.50	-249.49	0.00	-85.02
551.60	-308.54	0.00	-83.44
551.70	-366.40	0.00	-81.38
551.80	-422.73	0.00	-78.84
551.90	-477.21	0.00	-75.83
552.00	-529.50	0.00	-72.36
552.10	-579.28	0.00	-68.44
552.20	-626.23	0.00	-64.08
552.30	-670.07	0.00	-59.30
552.40	-710.49	0.00	-54.12
552.50	-747.23	0.00	-48.57
552.60	-780.05	0.00	-42.69
552.70	-808.71	0.00	-36.49
552.80	-833.03	0.00	-30.02
552.90	-852.82	0.00	-23.31
553.00	-867.96	0.00	-16.41
553.10	-878.33	0.00	-9.36
553.20	-883.87	0.00	-2.20
553.30	-884.53	0.00	5.02
553.40	-880.31	0.00	12.25
553.50	-871.24	0.00	19.45
553.60	-857.39	0.00	26.57
553.70	-839.03	0.00	33.55
553.80	-816.78	0.00	40.35
553.90	-790.83	0.00	46.92
554.00	-761.30	0.00	53.20
554.10	-728.34	0.00	59.17
554.20	-692.14	0.00	64.77
554.30	-652.88	0.00	69.95
554.40	-610.79	0.00	74.69
554.50	-566.09	0.00	78.94
554.60	-519.06	0.00	82.67
554.70	-469.95	0.00	85.86
554.80	-419.06	0.00	88.47
554.90	-366.71	0.00	90.48
555.00	-313.20	0.00	91.88
555.10	-258.87	0.00	92.66
555.20	-204.08	0.00	92.81
555.30	-149.16	0.00	92.31
555.40	-94.48	0.00	91.18
555.50	-40.40	0.00	89.43
555.60	12.72	0.00	87.05
555.70	64.52	0.00	84.08
555.80	114.64	0.00	80.52
555.90	162.75	0.00	76.40
556.00	208.49	0.00	71.76
556.10	251.57	0.00	66.62
556.20	291.67	0.00	61.03
556.30	328.51	0.00	55.02
556.40	361.84	0.00	48.63
556.50	391.42	0.00	41.92
556.60	417.06	0.00	34.94
556.70	438.57	0.00	27.73
556.80	455.83	0.00	20.35
556.90	468.71	0.00	12.85
557.00	477.15	0.00	5.29
557.10	481.12	0.00	-2.28
557.20	480.61	0.00	-9.80
557.30	475.66	0.00	-17.21
557.40	466.34	0.00	-24.47
557.50	452.76	0.00	-31.51
557.60	435.06	0.00	-38.28
557.70	413.40	0.00	-44.74
557.80	388.01	0.00	-50.85
557.90	359.10	0.00	-56.54
558.00	326.93	0.00	-61.80
558.10	291.80	0.00	-66.56
558.20	254.01	0.00	-70.82
558.30	213.94	0.00	-74.52
558.40	171.88	0.00	-77.66
558.50	128.16	0.00	-80.20
558.60	83.12	0.00	-82.13
558.70	37.11	0.00	-83.44
558.80	-9.51	0.00	-84.12
558.90	-56.38	0.00	-84.17
559.00	-103.12	0.00	-83.60
559.10	-149.37	0.00	-82.40
559.20	-194.76	0.00	-80.58
559.30	-238.90	0.00	-78.17
559.40	-281.45	0.00	-75.19
559.50	-322.08	0.00	-71.65
559.60	-360.53	0.00	-67.59
559.70	-396.52	0.00	-63.04
559.80	-429.78	0.00	-58.03
559.90	-460.06	0.00	-52.60
560.00	-487.14	0.00	-46.79
560.10	-510.80	0.00	-40.64
560.20	-530.85	0.00	-34.21
560.30	-547.15	0.00	-27.52
560.40	-559.54	0.00	-20.64
560.50	-567.90	0.00	-13.61
560.60	-572.14	0.00	-6.47
560.70	-572.20	0.00	0.71
560.80	-568.02	0.00	7.90
560.90	-559.57	0.00	15.04
561.00	-546.86	0.00	22.08
561.10	-529.91	0.00	28.99
561.20	-508.77	0.00	35.72
561.30	-483.49	0.00	42.22
561.40	-454.18	0.00	48.46
561.50	-420.95	0.00	54.40
561.60	-383.93	0.00	59.99
561.70	-343.29	0.00	65.23
561.80	-299.19	0.00	70.06
561.90	-251.84	0.00	74.48
562.00	-201.46	0.00	78.45
562.10	-148.29	0.00	81.97
562.20	-92.58	0.00	85.01
562.30	-34.61	0.00	87.57
562.40	25.34	0.00	89.63
562.50	86.96	0.00	91.20
562.60	149.94	0.00	92.27
562.70	213.95	0.00	92.86
562.80	278.65	0.00	92.95
562.90	343.71	0.00	92.57
563.00	408.76	0.00	91.73
563.10	473.46	0.00	90.43
563.20	537.45	0.00	88.70
563.30	600.37	0.00	86.56
563.40	661.88	0.00	84.02
563.50	721.62	0.00	81.12
563.60	779.26	0.00	77.87
563.70	834.46	0.00	74.29
563.80	886.89	0.00	70.42
563.90	936.25	0.00	66.28
564.00	982.25	0.00	61.90
564.10	1024.60	0.00	57.29
564.20	1063.05	0.00	52.49
564.30	1097.37	0.00	47.52
564.40	1128.09	0.00	42.40
564.50	1155.58	0.00	37.16
564.60	1179.75	0.00	31.82
564.70	1200.52	0.00	26.40
564.80	1217.81	0.00	20.91
564.90	1231.54	0.00	15.38
565.00	1241.64	0.00	9.81
565.10	1248.04	0.00	4.23
565.20	1250.68	0.00	-1.35
565.30	1249.49	0.00	-6.93
565.40	1244.41	0.00	-12.49
565.50	1235.36	0.00	-18.03
565.60	1222.30	0.00	-23.54
565.70	1205.16	0.00	-29.01
565.80	1183.88	0.00	-34.44
565.90	1158.40	0.00	-39.82
566.00	1128.67	0.00	-45.16
566.10	1094.65	0.00	-50.44
566.20	1056.28	0.00	-55.67
566.30	1013.53	0.00	-60.84
566.40	966.37	0.00	-65.94
566.50	914.77	0.00	-70.98
566.60	858.74	0.00	-75.94
566.70	798.28	0.00	-80.82
566.80	733.39	0.00	-85.61
566.90	664.13	0.00	-90.30
567.00	590.56	0.00	-94.89
567.10	512.73	0.00	-99.34
567.20	430.78	0.00	-103.66
567.30	344.81	0.00	-107.83
567.40	254.99	0.00	-111.82
567.50	161.50	0.00	-115.61
567.60	64.57	0.00	-119.18
567.70	-35.56	0.00	-122.51
567.80	-138.60	0.00	-125.57
567.90	-244.23	0.00	-128.33
568.00	-352.09	0.00	-130.76
568.10	-461.79	0.00	-132.83
568.20	-572.89	0.00	-134.52
568.30	-684.94	0.00	-135.78
568.40	-797.42	0.00	-136.58
568.50	-909.82	0.00	-136.90
568.60	-1021.56	0.00	-136.71
568.70	-1132.05	0.00	-135.96
568.80	-1240.67	0.00	-134.65
568.90	-1346.79	0.00	-132.73
569.00	-1449.75	0.00	-130.18
569.10	-1548.87	0.00	-126.98
569.20	-1643.48	0.00	-123.12
569.30	-1732.91	0.00	-118.58
569.40	-1816.47	0.00	-113.35
569.50	-1893.51	0.00	-107.42
569.60	-1963.37	0.00	-100.78
569.70	-2025.43	0.00	-93.46
569.80	-2079.10	0.00	-85.44
569.90	-2123.83	0.00	-76.75
570.00	-2161.86	0.00	-67.41
570.10	-2194.80	0.00	-57.43
570.20	-2222.43	0.00	-46.86
570.30	-2244.50	0.00	-35.73
570.40	-2260.76	0.00	-24.08
570.50	-2270.96	0.00	-11.96
570.60	-2274.82	0.00	0.58
570.70	-2272.08	0.00	13.47
570.80	-2262.49	0.00	26.67
570.90	-2245.78	0.00	40.09
571.00	-2221.69	0.00	53.66
571.10	-2189.97	0.00	67.32
571.20	-2150.39	0.00	80.98
571.30	-2102.74	0.00	94.57
571.40	-2046.82	0.00	107.99
571.50	-1982.46	0.00	121.18
571.60	-1909.54	0.00	134.03
571.70	-1827.97	0.00	146.48
571.80	-1737.70	0.00	158.43
571.90	-1638.73	0.00	169.81
572.00	-1531.13	0.00	180.54
572.10	-1415.01	0.00	190.53
572.20	-1290.58	0.00	199.73
572.30	-1158.08	0.00	208.05
572.40	-1017.84	0.00	215.44
572.50	-870.28	0.00	221.84
572.60	-715.87	0.00	227.20
572.70	-555.18	0.00	231.47
572.80	-388.85	0.00	234.61
572.90	-217.59	0.00	236.60
573.00	-42.19	0.00	237.40
573.10	136.48	0.00	237.00
573.20	317.52	0.00	235.40
573.30	499.93	0.00	232.60
573.40	682.68	0.00	228.59
573.50	864.70	0.00	223.40
573.60	1044.89	0.00	217.06
573.70	1222.11	0.00	209.59
573.80	1395.21	0.00	201.04
573.90	1563.06	0.00	191.45
574.00	1724.53	0.00	180.87
574.10	1878.49	0.00	169.37
574.20	2023.88	0.00	157.01
574.30	2159.65	0.00	143.87
574.40	2284.85	0.00	130.01
574.50	2398.57	0.00	115.52
574.60	2499.97	0.00	100.48
574.70	2588.32	0.00	84.99
574.80	2662.99	0.00	69.12
574.90	2723.43	0.00	52.98
575.00	2769.22	0.00	36.64
575.10	2800.04	0.00	20.21
575.20	2815.70	0.00	3.78
575.30	2817.01	0.00	-12.57
575.40	2810.08	0.00	-28.75
575.50	2796.09	0.00	-44.66
575.60	2775.06	0.00	-60.24
575.70	2747.01	0.00	-75.39
575.80	2711.97	0.00	-90.04
575.90	2669.92	0.00	-104.13
576.00	2620.90	0.00	-117.58
576.10	2564.89	0.00	-130.33
576.20	2501.92	0.00	-142.34
576.30	2432.01	0.00	-153.54
576.40	2355.21	0.00	-163.90
576.50	2271.55	0.00	-173.37
576.60	2181.14	0.00	-181.94
576.70	2084.06	0.00	-189.56
576.80	1980.47	0.00	-196.23
576.90	1870.52	0.00	-201.92
577.00	1754.42	0.00	-206.64
577.10	1632.43	0.00	-210.38
577.20	1504.83	0.00	-213.14
577.30	1371.95	0.00	-214.93
577.40	1234.18	0.00	-215.77
577.50	1091.93	0.00	-215.69
577.60	945.67	0.00	-214.69
577.70	795.90	0.00	-212.81
577.80	643.17	0.00	-210.08
577.90	488.07	0.00	-206.53
578.00	331.22	0.00	-202.21
578.10	173.26	0.00	-197.15
578.20	14.87	0.00	-191.40
578.30	-143.25	0.00	-185.00
578.40	-300.40	0.00	-177.99
578.50	-455.85	0.00	-170.42
578.60	-608.86	0.00	-162.35
578.70	-758.73	0.00	-153.81
578.80	-904.73	0.00	-144.86
578.90	-1046.16	0.00	-135.55
579.00	-1182.33	0.00	-125.91
579.10	-1312.60	0.00	-116.01
579.20	-1436.32	0.00	-105.88
579.30	-1552.91	0.00	-95.58
579.40	-1661.83	0.00	-85.14
579.50	-1762.56	0.00	-74.61
579.60	-1854.65	0.00	-64.03
579.70	-1937.70	0.00	-53.44
579.80	-2011.37	0.00	-42.88
579.90	-2075.36	0.00	-32.39
580.00	-2129.46	0.00	-22.00
580.10	-2173.49	0.00	-11.75
580.20	-2207.35	0.00	-1.66
580.30	-2231.00	0.00	8.23
580.40	-2244.46	0.00	17.89
580.50	-2247.81	0.00	27.30
580.60	-2241.19	0.00	36.42
580.70	-2224.80	0.00	45.25
580.80	-2199.00	0.00	53.74
580.90	-2167.33	0.00	61.89
581.00	-2131.49	0.00	69.67
581.10	-2091.58	0.00	77.07
581.20	-2047.71	0.00	84.06
581.30	-1999.97	0.00	90.64
581.40	-1948.45	0.00	96.78
581.50	-1893.25	0.00	102.48
581.60	-1834.46	0.00	107.73
581.70	-1772.18	0.00	112.51
581.80	-1706.51	0.00	116.82
581.90	-1637.55	0.00	120.65
582.00	-1565.43	0.00	123.99
582.10	-1490.26	0.00	126.85
582.20	-1412.19	0.00	129.21
582.30	-1331.37	0.00	131.09
582.40	-1247.97	0.00	132.47
582.50	-1162.16	0.00	133.37
582.60	-1074.15	0.00	133.78
582.70	-984.15	0.00	133.71
582.80	-892.38	0.00	133.18
582.90	-799.10	0.00	132.18
583.00	-704.56	0.00	130.73
583.10	-609.04	0.00	128.84
583.20	-512.82	0.00	126.53
583.30	-416.20	0.00	123.82
583.40	-319.50	0.00	120.71
583.50	-223.03	0.00	117.23
583.60	-127.11	0.00	113.40
583.70	-32.08	0.00	109.24
583.80	61.75	0.00	104.78
583.90	154.04	0.00	100.04
584.00	244.47	0.00	95.04
584.10	332.71	0.00	89.81
584.20	418.47	0.00	84.38
584.30	501.43	0.00	78.78
584.40	581.31	0.00	73.03
584.50	657.84	0.00	67.17
584.60	730.77	0.00	61.21
584.70	799.86	0.00	55.20
584.80	864.90	0.00	49.16
584.90	925.69	0.00	43.12
585.00	982.07	0.00	37.10
585.10	1033.90	0.00	31.14
585.20	1081.06	0.00	25.26
585.30	1123.45	0.00	19.47
585.40	1161.02	0.00	13.82
585.50	1193.72	0.00	8.32
585.60	1221.55	0.00	2.98
585.70	1244.51	0.00	-2.16
585.80	1262.65	0.00	-7.10
585.90	1276.03	0.00	-11.82
586.00	1284.74	0.00	-16.30
586.10	1288.88	0.00	-20.53
586.20	1288.57	0.00	-24.51
586.30	1283.97	0.00	-28.22
586.40	1275.24	0.00	-31.66
586.50	1262.56	0.00	-34.83
586.60	1246.11	0.00	-37.72
586.70	1226.10	0.00	-40.34
586.80	1202.74	0.00	-42.68
586.90	1176.39	0.00	-44.76
587.00	1148.29	0.00	-46.58
587.10	1118.81	0.00	-48.14
587.20	1088.07	0.00	-49.45
587.30	1056.17	0.00	-50.52
587.40	1023.24	0.00	-51.37
587.50	989.36	0.00	-52.00
587.60	954.65	0.00	-52.42
587.70	919.19	0.00	-52.66
587.80	883.08	0.00	-52.73
587.90	846.41	0.00	-52.63
588.00	809.26	0.00	-52.38
588.10	771.71	0.00	-52.00
588.20	733.82	0.00	-51.50
588.30	695.68	0.00	-50.89
588.40	657.35	0.00	-50.19
588.50	618.89	0.00	-49.41
588.60	580.36	0.00	-48.56
588.70	541.82	0.00	-47.65
588.80	503.33	0.00	-46.69
588.90	464.94	0.00	-45.70
589.00	426.69	0.00	-44.67
589.10	388.64	0.00	-43.63
589.20	350.83	0.00	-42.56
589.30	313.30	0.00	-41.49
589.40	276.11	0.00	-40.40
589.50	239.28	0.00	-39.32
589.60	202.86	0.00	-38.23
589.70	166.90	0.00	-37.14
589.80	131.43	0.00	-36.05
589.90	96.50	0.00	-34.96
590.00	62.13	0.00	-33.87
590.10	28.37	0.00	-32.78
590.20	-4.73	0.00	-31.68
590.30	-37.15	0.00	-30.58
590.40	-68.85	0.00	-29.46
590.50	-99.77	0.00	-28.34
590.60	-129.90	0.00	-27.20
590.70	-159.18	0.00	-26.04
590.80	-187.59	0.00	-24.86
590.90	-215.08	0.00	-23.66
591.00	-241.62	0.00	-22.43
591.10	-267.18	0.00	-21.17
591.20	-291.72	0.00	-19.89
591.30	-315.21	0.00	-18.58
591.40	-337.62	0.00	-17.24
591.50	-358.94	0.00	-15.87
591.60	-379.13	0.00	-14.48
591.70	-398.17	0.00	-13.07
591.80	-416.05	0.00	-11.63
591.90	-432.76	0.00	-10.18
592.00	-448.29	0.00	-8.72
592.10	-462.63	0.00	-7.25
592.20	-475.78	0.00	-5.79
592.30	-487.75	0.00	-4.33
592.40	-498.56	0.00	-2.89
592.50	-508.21	0.00	-1.47
592.60	-516.73	0.00	-0.08
592.70	-524.15	0.00	1.26
592.80	-530.50	0.00	2.55
592.90	-535.81	0.00	3.79
593.00	-540.13	0.00	4.95
593.10	-543.51	0.00	6.04
593.20	-545.99	0.00	7.03
593.30	-547.65	0.00	7.93
593.40	-548.53	0.00	8.72
593.50	-548.69	0.00	9.40
593.60	-548.22	0.00	9.96
593.70	-547.17	0.00	10.39
593.80	-545.62	0.00	10.68
593.90	-543.65	0.00	10.84
594.00	-541.31	0.00	10.86
594.10	-538.69	0.00	10.73
594.20	-535.85	0.00	10.46
594.30	-532.87	0.00	10.04
594.40	-529.85	0.00	9.48
594.50	-527.06	0.00	8.78
594.60	-524.60	0.00	7.95
594.70	-522.50	0.00	7.00
594.80	-520.82	0.00	5.92
594.90	-519.60	0.00	4.73
595.00	-518.85	0.00	3.44
595.10	-518.62	0.00	2.07
595.20	-518.90	0.00	0.62
595.30	-519.71	0.00	-0.88
595.40	-521.05	0.00	-2.42
595.50	-522.90	0.00	-3.99
595.60	-525.24	0.00	-5.56
595.70	-528.04	0.00	-7.11
595.80	-531.26	0.00	-8.63
595.90	-534.84	0.00	-10.09
596.00	-538.72	0.00	-11.47
596.10	-542.83	0.00	-12.74
596.20	-547.07	0.00	-13.89
596.30	-551.35	0.00	-14.90
596.40	-555.57	0.00	-15.73
596.50	-559.59	0.00	-16.38
596.60	-563.31	0.00	-16.82
596.70	-566.57	0.00	-17.03
596.80	-569.24	0.00	-16.99
596.90	-571.15	0.00	-16.68
597.00	-572.15	0.00	-16.09
597.10	-572.07	0.00	-15.21
597.20	-570.73	0.00	-14.02
597.30	-567.95	0.00	-12.52
597.40	-563.57	0.00	-10.69
597.50	-557.38	0.00	-8.54
597.60	-549.21	0.00	-6.05
597.70	-538.88	0.00	-3.24
597.80	-526.20	0.00	-0.10
597.90	-511.01	0.00	3.35
598.00	-493.13	0.00	7.12
598.10	-472.40	0.00	11.18
598.20	-448.67	0.00	15.52
598.30	-421.80	0.00	20.12
598.40	-391.67	0.00	24.95
598.50	-358.16	0.00	30.00
598.60	-321.19	0.00	35.23
598.70	-280.69	0.00	40.61
598.80	-236.60	0.00	46.11
598.90	-188.91	0.00	51.69
599.00	-137.61	0.00	57.31
599.10	-82.74	0.00	62.94
599.20	-24.35	0.00	68.52
599.30	37.45	0.00	74.01
599.40	102.56	0.00	79.37
599.50	170.79	0.00	84.55
599.60	241.96	0.00	89.50
599.70	315.84	0.00	94.18
599.80	392.16	0.00	98.53
599.90	470.61	0.00	102.52
600.00	550.84	0.00	106.09
