Time(s)	Fx(N)	Fy(N)	Fz(N)
0.00	-11968.34	0.00	-30652.61
0.10	-15143.31	0.00	-29484.56
0.20	-18263.13	0.00	-28200.15
0.30	-21305.79	0.00	-26804.44
0.40	-24249.23	0.00	-25302.95
0.50	-27071.58	0.00	-23701.60
0.60	-29751.44	0.00	-22006.72
0.70	-32268.09	0.00	-20224.98
0.80	-34601.73	0.00	-18363.42
0.90	-36733.75	0.00	-16429.39
1.00	-38646.94	0.00	-14430.52
1.10	-40325.66	0.00	-12374.70
1.20	-41756.06	0.00	-10270.05
1.30	-42926.28	0.00	-8124.86
1.40	-43826.51	0.00	-5947.61
1.50	-44449.20	0.00	-3746.88
1.60	-44789.09	0.00	-1531.37
1.70	-44853.86	0.00	690.19
1.80	-44798.83	0.00	2909.02
1.90	-44675.11	0.00	5116.37
2.00	-44480.85	0.00	7303.53
2.10	-44213.28	0.00	9461.86
2.20	-43868.72	0.00	11582.86
2.30	-43442.66	0.00	13658.14
2.40	-42929.95	0.00	15679.52
2.50	-42324.83	0.00	17639.02
2.60	-41621.16	0.00	19528.91
2.70	-40812.49	0.00	21341.72
2.80	-39892.34	0.00	23070.31
2.90	-38854.27	0.00	24707.85
3.00	-37692.14	0.00	26247.88
3.10	-36400.26	0.00	27684.32
3.20	-34973.59	0.00	29011.51
3.30	-33407.89	0.00	30224.20
3.40	-31699.96	0.00	31317.61
3.50	-29847.70	0.00	32287.42
3.60	-27850.37	0.00	33129.81
3.70	-25708.62	0.00	33841.45
3.80	-23424.67	0.00	34419.53
3.90	-21002.37	0.00	34861.77
4.00	-18447.26	0.00	35166.44
4.10	-15766.63	0.00	35332.31
4.20	-12969.53	0.00	35358.75
4.30	-10066.75	0.00	35245.64
4.40	-7070.80	0.00	34993.43
4.50	-3995.82	0.00	34603.12
4.60	-857.51	0.00	34076.24
4.70	2327.02	0.00	33414.89
4.80	5539.35	0.00	32621.66
4.90	8759.95	0.00	31699.68
5.00	11968.34	0.00	30652.61
5.10	15143.31	0.00	29484.56
5.20	18263.13	0.00	28200.15
5.30	21305.79	0.00	26804.44
5.40	24249.23	0.00	25302.95
5.50	27071.58	0.00	23701.60
5.60	29751.44	0.00	22006.72
5.70	32268.09	0.00	20224.98
5.80	34601.73	0.00	18363.42
5.90	36733.75	0.00	16429.39
6.00	38646.94	0.00	14430.52
6.10	40325.66	0.00	12374.70
6.20	41756.06	0.00	10270.05
6.30	42926.28	0.00	8124.86
6.40	43826.51	0.00	5947.61
6.50	44449.20	0.00	3746.88
6.60	44789.09	0.00	1531.37
6.70	44853.86	0.00	-690.19
6.80	44798.83	0.00	-2909.02
6.90	44675.11	0.00	-5116.37
7.00	44480.85	0.00	-7303.53
7.10	44213.28	0.00	-9461.86
7.20	43868.72	0.00	-11582.86
7.30	43442.66	0.00	-13658.14
7.40	42929.95	0.00	-15679.52
7.50	42324.83	0.00	-17639.02
7.60	41621.16	0.00	-19528.91
7.70	40812.49	0.00	-21341.72
7.80	39892.34	0.00	-23070.31
7.90	38854.27	0.00	-24707.85
8.00	37692.14	0.00	-26247.88
8.10	36400.26	0.00	-27684.32
8.20	34973.59	0.00	-29011.51
8.30	33407.89	0.00	-30224.20
8.40	31699.96	0.00	-31317.61
8.50	29847.70	0.00	-32287.42
8.60	27850.37	0.00	-33129.81
8.70	25708.62	0.00	-33841.45
8.80	23424.67	0.00	-34419.53
8.90	21002.37	0.00	-34861.77
9.00	18447.26	0.00	-35166.44
9.10	15766.63	0.00	-35332.31
9.20	12969.53	0.00	-35358.75
9.30	10066.75	0.00	-35245.64
9.40	7070.80	0.00	-34993.43
9.50	3995.82	0.00	-34603.12
9.60	857.51	0.00	-34076.24
9.70	-2327.02	0.00	-33414.89
9.80	-5539.35	0.00	-32621.66
9.90	-8759.95	0.00	-31699.68
10.00	-11968.34	0.00	-30652.61
10.10	-15143.31	0.00	-29484.56
10.20	-18263.13	0.00	-28200.15
10.30	-21305.79	0.00	-26804.44
10.40	-24249.23	0.00	-25302.95
10.50	-27071.58	0.00	-23701.60
10.60	-29751.44	0.00	-22006.72
10.70	-32268.09	0.00	-20224.98
10.80	-34601.73	0.00	-18363.42
10.90	-36733.75	0.00	-16429.39
11.00	-38646.94	0.00	-14430.52
11.10	-40325.66	0.00	-12374.70
11.20	-41756.06	0.00	-10270.05
11.30	-42926.28	0.00	-8124.86
11.40	-43826.51	0.00	-5947.61
11.50	-44449.20	0.00	-3746.88
11.60	-44789.09	0.00	-1531.37
11.70	-44853.86	0.00	690.19
11.80	-44798.83	0.00	2909.02
11.90	-44675.11	0.00	5116.37
12.00	-44480.85	0.00	7303.53
12.10	-44213.28	0.00	9461.86
12.20	-43868.72	0.00	11582.86
12.30	-43442.66	0.00	13658.14
12.40	-42929.95	0.00	15679.52
12.50	-42324.83	0.00	17639.02
12.60	-41621.16	0.00	19528.91
12.70	-40812.49	0.00	21341.72
12.80	-39892.34	0.00	23070.31
12.90	-38854.27	0.00	24707.85
13.00	-37692.14	0.00	26247.88
13.10	-36400.26	0.00	27684.32
13.20	-34973.59	0.00	29011.51
13.30	-33407.89	0.00	30224.20
13.40	-31699.96	0.00	31317.61
13.50	-29847.70	0.00	32287.42
13.60	-27850.37	0.00	33129.81
13.70	-25708.62	0.00	33841.45
13.80	-23424.67	0.00	34419.53
13.90	-21002.37	0.00	34861.77
14.00	-18447.26	0.00	35166.44
14.10	-15766.63	0.00	35332.31
14.20	-12969.53	0.00	35358.75
14.30	-10066.75	0.00	35245.64
14.40	-7070.80	0.00	34993.43
14.50	-3995.82	0.00	34603.12
14.60	-857.51	0.00	34076.24
14.70	2327.02	0.00	33414.89
14.80	5539.35	0.00	32621.66
14.90	8759.95	0.00	31699.68
15.00	11968.34	0.00	30652.61
15.10	15143.31	0.00	29484.56
15.20	18263.13	0.00	28200.15
15.30	21305.79	0.00	26804.44
15.40	24249.23	0.00	25302.95
15.50	27071.58	0.00	23701.60
15.60	29751.44	0.00	22006.72
15.70	32268.09	0.00	20224.98
15.80	34601.73	0.00	18363.42
15.90	36733.75	0.00	16429.39
16.00	38646.94	0.00	14430.52
16.10	40325.66	0.00	12374.70
16.20	41756.06	0.00	10270.05
16.30	42926.28	0.00	8124.86
16.40	43826.51	0.00	5947.61
16.50	44449.20	0.00	3746.88
16.60	44789.09	0.00	1531.37
16.70	44853.86	0.00	-690.19
16.80	44798.83	0.00	-2909.02
16.90	44675.11	0.00	-5116.37
17.00	44480.85	0.00	-7303.53
17.10	44213.28	0.00	-9461.86
17.20	43868.72	0.00	-11582.86
17.30	43442.66	0.00	-13658.14
17.40	42929.95	0.00	-15679.52
17.50	42324.83	0.00	-17639.02
17.60	41621.16	0.00	-19528.91
17.70	40812.49	0.00	-21341.72
17.80	39892.34	0.00	-23070.31
17.90	38854.27	0.00	-24707.85
18.00	37692.14	0.00	-26247.88
18.10	36400.26	0.00	-27684.32
18.20	34973.59	0.00	-29011.51
18.30	33407.89	0.00	-30224.20
18.40	31699.96	0.00	-31317.61
18.50	29847.70	0.00	-32287.42
18.60	27850.37	0.00	-33129.81
18.70	25708.62	0.00	-33841.45
18.80	23424.67	0.00	-34419.53
18.90	21002.37	0.00	-34861.77
19.00	18447.26	0.00	-35166.44
19.10	15766.63	0.00	-35332.31
19.20	12969.53	0.00	-35358.75
19.30	10066.75	0.00	-35245.64
19.40	7070.80	0.00	-34993.43
19.50	3995.82	0.00	-34603.12
19.60	857.51	0.00	-34076.24
19.70	-2327.02	0.00	-33414.89
19.80	-5539.35	0.00	-32621.66
19.90	-8759.95	0.00	-31699.68
20.00	-11968.34	0.00	-30652.61
20.10	-15143.31	0.00	-29484.56
20.20	-18263.13	0.00	-28200.15
20.30	-21305.79	0.00	-26804.44
20.40	-24249.23	0.00	-25302.95
20.50	-27071.58	0.00	-23701.60
20.60	-29751.44	0.00	-22006.72
20.70	-32268.09	0.00	-20224.98
20.80	-34601.73	0.00	-18363.42
20.90	-36733.75	0.00	-16429.39
21.00	-38646.94	0.00	-14430.52
21.10	-40325.66	0.00	-12374.70
21.20	-41756.06	0.00	-10270.05
21.30	-42926.28	0.00	-8124.86
21.40	-43826.51	0.00	-5947.61
21.50	-44449.20	0.00	-3746.88
21.60	-44789.09	0.00	-1531.37
21.70	-44853.86	0.00	690.19
21.80	-44798.83	0.00	2909.02
21.90	-44675.11	0.00	5116.37
22.00	-44480.85	0.00	7303.53
22.10	-44213.28	0.00	9461.86
22.20	-43868.72	0.00	11582.86
22.30	-43442.66	0.00	13658.14
22.40	-42929.95	0.00	15679.52
22.50	-42324.83	0.00	17639.02
22.60	-41621.16	0.00	19528.91
22.70	-40812.49	0.00	21341.72
22.80	-39892.34	0.00	23070.31
22.90	-38854.27	0.00	24707.85
23.00	-37692.14	0.00	26247.88
23.10	-36400.26	0.00	27684.32
23.20	-34973.59	0.00	29011.51
23.30	-33407.89	0.00	30224.20
23.40	-31699.96	0.00	31317.61
23.50	-29847.70	0.00	32287.42
23.60	-27850.37	0.00	33129.81
23.70	-25708.62	0.00	33841.45
23.80	-23424.67	0.00	34419.53
23.90	-21002.37	0.00	34861.77
24.00	-18447.26	0.00	35166.44
24.10	-15766.63	0.00	35332.31
24.20	-12969.53	0.00	35358.75
24.30	-10066.75	0.00	35245.64
24.40	-7070.80	0.00	34993.43
24.50	-3995.82	0.00	34603.12
24.60	-857.51	0.00	34076.24
24.70	2327.02	0.00	33414.89
24.80	5539.35	0.00	32621.66
24.90	8759.95	0.00	31699.68
25.00	11968.34	0.00	30652.61
25.10	15143.31	0.00	29484.56
25.20	18263.13	0.00	28200.15
25.30	21305.79	0.00	26804.44
25.40	24249.23	0.00	25302.95
25.50	27071.58	0.00	23701.60
25.60	29751.44	0.00	22006.72
25.70	32268.09	0.00	20224.98
25.80	34601.73	0.00	18363.42
25.90	36733.75	0.00	16429.39
26.00	38646.94	0.00	14430.52
26.10	40325.66	0.00	12374.70
26.20	41756.06	0.00	10270.05
26.30	42926.28	0.00	8124.86
26.40	43826.51	0.00	5947.61
26.50	44449.20	0.00	3746.88
26.60	44789.09	0.00	1531.37
26.70	44853.86	0.00	-690.19
26.80	44798.83	0.00	-2909.02
26.90	44675.11	0.00	-5116.37
27.00	44480.85	0.00	-7303.53
27.10	44213.28	0.00	-9461.86
27.20	43868.72	0.00	-11582.86
27.30	43442.66	0.00	-13658.14
27.40	42929.95	0.00	-15679.52
27.50	42324.83	0.00	-17639.02
27.60	41621.16	0.00	-19528.91
27.70	40812.49	0.00	-21341.72
27.80	39892.34	0.00	-23070.31
27.90	38854.27	0.00	-24707.85
28.00	37692.14	0.00	-26247.88
28.10	36400.26	0.00	-27684.32
28.20	34973.59	0.00	-29011.51
28.30	33407.89	0.00	-30224.20
28.40	31699.96	0.00	-31317.61
28.50	29847.70	0.00	-32287.42
28.60	27850.37	0.00	-33129.81
28.70	25708.62	0.00	-33841.45
28.80	23424.67	0.00	-34419.53
28.90	21002.37	0.00	-34861.77
29.00	18447.26	0.00	-35166.44
29.10	15766.63	0.00	-35332.31
29.20	12969.53	0.00	-35358.75
29.30	10066.75	0.00	-35245.64
29.40	7070.80	0.00	-34993.43
29.50	3995.82	0.00	-34603.12
29.60	857.51	0.00	-34076.24
29.70	-2327.02	0.00	-33414.89
29.80	-5539.35	0.00	-32621.66
29.90	-8759.95	0.00	-31699.68
30.00	-11968.34	0.00	-30652.61
30.10	-15143.31	0.00	-29484.56
30.20	-18263.13	0.00	-28200.15
30.30	-21305.79	0.00	-26804.44
30.40	-24249.23	0.00	-25302.95
30.50	-27071.58	0.00	-23701.60
30.60	-29751.44	0.00	-22006.72
30.70	-32268.09	0.00	-20224.98
30.80	-34601.73	0.00	-18363.42
30.90	-36733.75	0.00	-16429.39
31.00	-38646.94	0.00	-14430.52
31.10	-40325.66	0.00	-12374.70
31.20	-41756.06	0.00	-10270.05
31.30	-42926.28	0.00	-8124.86
31.40	-43826.51	0.00	-5947.61
31.50	-44449.20	0.00	-3746.88
31.60	-44789.09	0.00	-1531.37
31.70	-44853.86	0.00	690.19
31.80	-44798.83	0.00	2909.02
31.90	-44675.11	0.00	5116.37
32.00	-44480.85	0.00	7303.53
32.10	-44213.28	0.00	9461.86
32.20	-43868.72	0.00	11582.86
32.30	-43442.66	0.00	13658.14
32.40	-42929.95	0.00	15679.52
32.50	-42324.83	0.00	17639.02
32.60	-41621.16	0.00	19528.91
32.70	-40812.49	0.00	21341.72
32.80	-39892.34	0.00	23070.31
32.90	-38854.27	0.00	24707.85
33.00	-37692.14	0.00	26247.88
33.10	-36400.26	0.00	27684.32
33.20	-34973.59	0.00	29011.51
33.30	-33407.89	0.00	30224.20
33.40	-31699.96	0.00	31317.61
33.50	-29847.70	0.00	32287.42
33.60	-27850.37	0.00	33129.81
33.70	-25708.62	0.00	33841.45
33.80	-23424.67	0.00	34419.53
33.90	-21002.37	0.00	34861.77
34.00	-18447.26	0.00	35166.44
34.10	-15766.63	0.00	35332.31
34.20	-12969.53	0.00	35358.75
34.30	-10066.75	0.00	35245.64
34.40	-7070.80	0.00	34993.43
34.50	-3995.82	0.00	34603.12
34.60	-857.51	0.00	34076.24
34.70	2327.02	0.00	33414.89
34.80	5539.35	0.00	32621.66
34.90	8759.95	0.00	31699.68
35.00	11968.34	0.00	30652.61
35.10	15143.31	0.00	29484.56
35.20	18263.13	0.00	28200.15
35.30	21305.79	0.00	26804.44
35.40	24249.23	0.00	25302.95
35.50	27071.58	0.00	23701.60
35.60	29751.44	0.00	22006.72
35.70	32268.09	0.00	20224.98
35.80	34601.73	0.00	18363.42
35.90	36733.75	0.00	16429.39
36.00	38646.94	0.00	14430.52
36.10	40325.66	0.00	12374.70
36.20	41756.06	0.00	10270.05
36.30	42926.28	0.00	8124.86
36.40	43826.51	0.00	5947.61
36.50	44449.20	0.00	3746.88
36.60	44789.09	0.00	1531.37
36.70	44853.86	0.00	-690.19
36.80	44798.83	0.00	-2909.02
36.90	44675.11	0.00	-5116.37
37.00	44480.85	0.00	-7303.53
37.10	44213.28	0.00	-9461.86
37.20	43868.72	0.00	-11582.86
37.30	43442.66	0.00	-13658.14
37.40	42929.95	0.00	-15679.52
37.50	42324.83	0.00	-17639.02
37.60	41621.16	0.00	-19528.91
37.70	40812.49	0.00	-21341.72
37.80	39892.34	0.00	-23070.31
37.90	38854.27	0.00	-24707.85
38.00	37692.14	0.00	-26247.88
38.10	36400.26	0.00	-27684.32
38.20	34973.59	0.00	-29011.51
38.30	33407.89	0.00	-30224.20
38.40	31699.96	0.00	-31317.61
38.50	29847.70	0.00	-32287.42
38.60	27850.37	0.00	-33129.81
38.70	25708.62	0.00	-33841.45
38.80	23424.67	0.00	-34419.53
38.90	21002.37	0.00	-34861.77
39.00	18447.26	0.00	-35166.44
39.10	15766.63	0.00	-35332.31
39.20	12969.53	0.00	-35358.75
39.30	10066.75	0.00	-35245.64
39.40	7070.80	0.00	-34993.43
39.50	3995.82	0.00	-34603.12
39.60	857.51	0.00	-34076.24
39.70	-2327.02	0.00	-33414.89
39.80	-5539.35	0.00	-32621.66
39.90	-8759.95	0.00	-31699.68
40.00	-11968.34	0.00	-30652.61
40.10	-15143.31	0.00	-29484.56
40.20	-18263.13	0.00	-28200.15
40.30	-21305.79	0.00	-26804.44
40.40	-24249.23	0.00	-25302.95
40.50	-27071.58	0.00	-23701.60
40.60	-29751.44	0.00	-22006.72
40.70	-32268.09	0.00	-20224.98
40.80	-34601.73	0.00	-18363.42
40.90	-36733.75	0.00	-16429.39
41.00	-38646.94	0.00	-14430.52
41.10	-40325.66	0.00	-12374.70
41.20	-41756.06	0.00	-10270.05
41.30	-42926.28	0.00	-8124.86
41.40	-43826.51	0.00	-5947.61
41.50	-44449.20	0.00	-3746.88
41.60	-44789.09	0.00	-1531.37
41.70	-44853.86	0.00	690.19
41.80	-44798.83	0.00	2909.02
41.90	-44675.11	0.00	5116.37
42.00	-44480.85	0.00	7303.53
42.10	-44213.28	0.00	9461.86
42.20	-43868.72	0.00	11582.86
42.30	-43442.66	0.00	13658.14
42.40	-42929.95	0.00	15679.52
42.50	-42324.83	0.00	17639.02
42.60	-41621.16	0.00	19528.91
42.70	-40812.49	0.00	21341.72
42.80	-39892.34	0.00	23070.31
42.90	-38854.27	0.00	24707.85
43.00	-37692.14	0.00	26247.88
43.10	-36400.26	0.00	27684.32
43.20	-34973.59	0.00	29011.51
43.30	-33407.89	0.00	30224.20
43.40	-31699.96	0.00	31317.61
43.50	-29847.70	0.00	32287.42
43.60	-27850.37	0.00	33129.81
43.70	-25708.62	0.00	33841.45
43.80	-23424.67	0.00	34419.53
43.90	-21002.37	0.00	34861.77
44.00	-18447.26	0.00	35166.44
44.10	-15766.63	0.00	35332.31
44.20	-12969.53	0.00	35358.75
44.30	-10066.75	0.00	35245.64
44.40	-7070.80	0.00	34993.43
44.50	-3995.82	0.00	34603.12
44.60	-857.51	0.00	34076.24
44.70	2327.02	0.00	33414.89
44.80	5539.35	0.00	32621.66
44.90	8759.95	0.00	31699.68
45.00	11968.34	0.00	30652.61
45.10	15143.31	0.00	29484.56
45.20	18263.13	0.00	28200.15
45.30	21305.79	0.00	26804.44
45.40	24249.23	0.00	25302.95
45.50	27071.58	0.00	23701.60
45.60	29751.44	0.00	22006.72
45.70	32268.09	0.00	20224.98
45.80	34601.73	0.00	18363.42
45.90	36733.75	0.00	16429.39
46.00	38646.94	0.00	14430.52
46.10	40325.66	0.00	12374.70
46.20	41756.06	0.00	10270.05
46.30	42926.28	0.00	8124.86
46.40	43826.51	0.00	5947.61
46.50	44449.20	0.00	3746.88
46.60	44789.09	0.00	1531.37
46.70	44853.86	0.00	-690.19
46.80	44798.83	0.00	-2909.02
46.90	44675.11	0.00	-5116.37
47.00	44480.85	0.00	-7303.53
47.10	44213.28	0.00	-9461.86
47.20	43868.72	0.00	-11582.86
47.30	43442.66	0.00	-13658.14
47.40	42929.95	0.00	-15679.52
47.50	42324.83	0.00	-17639.02
47.60	41621.16	0.00	-19528.91
47.70	40812.49	0.00	-21341.72
47.80	39892.34	0.00	-23070.31
47.90	38854.27	0.00	-24707.85
48.00	37692.14	0.00	-26247.88
48.10	36400.26	0.00	-27684.32
48.20	34973.59	0.00	-29011.51
48.30	33407.89	0.00	-30224.20
48.40	31699.96	0.00	-31317.61
48.50	29847.70	0.00	-32287.42
48.60	27850.37	0.00	-33129.81
48.70	25708.62	0.00	-33841.45
48.80	23424.67	0.00	-34419.53
48.90	21002.37	0.00	-34861.77
49.00	18447.26	0.00	-35166.44
49.10	15766.63	0.00	-35332.31
49.20	12969.53	0.00	-35358.75
49.30	10066.75	0.00	-35245.64
49.40	7070.80	0.00	-34993.43
49.50	3995.82	0.00	-34603.12
49.60	857.51	0.00	-34076.24
49.70	-2327.02	0.00	-33414.89
49.80	-5539.35	0.00	-32621.66
49.90	-8759.95	0.00	-31699.68
50.00	-11968.34	0.00	-30652.61
50.10	-15143.31	0.00	-29484.56
50.20	-18263.13	0.00	-28200.15
50.30	-21305.79	0.00	-26804.44
50.40	-24249.23	0.00	-25302.95
50.50	-27071.58	0.00	-23701.60
50.60	-29751.44	0.00	-22006.72
50.70	-32268.09	0.00	-20224.98
50.80	-34601.73	0.00	-18363.42
50.90	-36733.75	0.00	-16429.39
51.00	-38646.94	0.00	-14430.52
51.10	-40325.66	0.00	-12374.70
51.20	-41756.06	0.00	-10270.05
51.30	-42926.28	0.00	-8124.86
51.40	-43826.51	0.00	-5947.61
51.50	-44449.20	0.00	-3746.88
51.60	-44789.09	0.00	-1531.37
51.70	-44853.86	0.00	690.19
51.80	-44798.83	0.00	2909.02
51.90	-44675.11	0.00	5116.37
52.00	-44480.85	0.00	7303.53
52.10	-44213.28	0.00	9461.86
52.20	-43868.72	0.00	11582.86
52.30	-43442.66	0.00	13658.14
52.40	-42929.95	0.00	15679.52
52.50	-42324.83	0.00	17639.02
52.60	-41621.16	0.00	19528.91
52.70	-40812.49	0.00	21341.72
52.80	-39892.34	0.00	23070.31
52.90	-38854.27	0.00	24707.85
53.00	-37692.14	0.00	26247.88
53.10	-36400.26	0.00	27684.32
53.20	-34973.59	0.00	29011.51
53.30	-33407.89	0.00	30224.20
53.40	-31699.96	0.00	31317.61
53.50	-29847.70	0.00	32287.42
53.60	-27850.37	0.00	33129.81
53.70	-25708.62	0.00	33841.45
53.80	-23424.67	0.00	34419.53
53.90	-21002.37	0.00	34861.77
54.00	-18447.26	0.00	35166.44
54.10	-15766.63	0.00	35332.31
54.20	-12969.53	0.00	35358.75
54.30	-10066.75	0.00	35245.64
54.40	-7070.80	0.00	34993.43
54.50	-3995.82	0.00	34603.12
54.60	-857.51	0.00	34076.24
54.70	2327.02	0.00	33414.89
54.80	5539.35	0.00	32621.66
54.90	8759.95	0.00	31699.68
55.00	11968.34	0.00	30652.61
55.10	15143.31	0.00	29484.56
55.20	18263.13	0.00	28200.15
55.30	21305.79	0.00	26804.44
55.40	24249.23	0.00	25302.95
55.50	27071.58	0.00	23701.60
55.60	29751.44	0.00	22006.72
55.70	32268.09	0.00	20224.98
55.80	34601.73	0.00	18363.42
55.90	36733.75	0.00	16429.39
56.00	38646.94	0.00	14430.52
56.10	40325.66	0.00	12374.70
56.20	41756.06	0.00	10270.05
56.30	42926.28	0.00	8124.86
56.40	43826.51	0.00	5947.61
56.50	44449.20	0.00	3746.88
56.60	44789.09	0.00	1531.37
56.70	44853.86	0.00	-690.19
56.80	44798.83	0.00	-2909.02
56.90	44675.11	0.00	-5116.37
57.00	44480.85	0.00	-7303.53
57.10	44213.28	0.00	-9461.86
57.20	43868.72	0.00	-11582.86
57.30	43442.66	0.00	-13658.14
57.40	42929.95	0.00	-15679.52
57.50	42324.83	0.00	-17639.02
57.60	41621.16	0.00	-19528.91
57.70	40812.49	0.00	-21341.72
57.80	39892.34	0.00	-23070.31
57.90	38854.27	0.00	-24707.85
58.00	37692.14	0.00	-26247.88
58.10	36400.26	0.00	-27684.32
58.20	34973.59	0.00	-29011.51
58.30	33407.89	0.00	-30224.20
58.40	31699.96	0.00	-31317.61
58.50	29847.70	0.00	-32287.42
58.60	27850.37	0.00	-33129.81
58.70	25708.62	0.00	-33841.45
58.80	23424.67	0.00	-34419.53
58.90	21002.37	0.00	-34861.77
59.00	18447.26	0.00	-35166.44
59.10	15766.63	0.00	-35332.31
59.20	12969.53	0.00	-35358.75
59.30	10066.75	0.00	-35245.64
59.40	7070.80	0.00	-34993.43
59.50	3995.82	0.00	-34603.12
59.60	857.51	0.00	-34076.24
59.70	-2327.02	0.00	-33414.89
59.80	-5539.35	0.00	-32621.66
59.90	-8759.95	0.00	-31699.68
60.00	-11968.34	0.00	-30652.61
60.10	-15143.31	0.00	-29484.56
60.20	-18263.13	0.00	-28200.15
60.30	-21305.79	0.00	-26804.44
60.40	-24249.23	0.00	-25302.95
60.50	-27071.58	0.00	-23701.60
60.60	-29751.44	0.00	-22006.72
60.70	-32268.09	0.00	-20224.98
60.80	-34601.73	0.00	-18363.42
60.90	-36733.75	0.00	-16429.39
61.00	-38646.94	0.00	-14430.52
61.10	-40325.66	0.00	-12374.70
61.20	-41756.06	0.00	-10270.05
61.30	-42926.28	0.00	-8124.86
61.40	-43826.51	0.00	-5947.61
61.50	-44449.20	0.00	-3746.88
61.60	-44789.09	0.00	-1531.37
61.70	-44853.86	0.00	690.19
61.80	-44798.83	0.00	2909.02
61.90	-44675.11	0.00	5116.37
62.00	-44480.85	0.00	7303.53
62.10	-44213.28	0.00	9461.86
62.20	-43868.72	0.00	11582.86
62.30	-43442.66	0.00	13658.14
62.40	-42929.95	0.00	15679.52
62.50	-42324.83	0.00	17639.02
62.60	-41621.16	0.00	19528.91
62.70	-40812.49	0.00	21341.72
62.80	-39892.34	0.00	23070.31
62.90	-38854.27	0.00	24707.85
63.00	-37692.14	0.00	26247.88
63.10	-36400.26	0.00	27684.32
63.20	-34973.59	0.00	29011.51
63.30	-33407.89	0.00	30224.20
63.40	-31699.96	0.00	31317.61
63.50	-29847.70	0.00	32287.42
63.60	-27850.37	0.00	33129.81
63.70	-25708.62	0.00	33841.45
63.80	-23424.67	0.00	34419.53
63.90	-21002.37	0.00	34861.77
64.00	-18447.26	0.00	35166.44
64.10	-15766.63	0.00	35332.31
64.20	-12969.53	0.00	35358.75
64.30	-10066.75	0.00	35245.64
64.40	-7070.80	0.00	34993.43
64.50	-3995.82	0.00	34603.12
64.60	-857.51	0.00	34076.24
64.70	2327.02	0.00	33414.89
64.80	5539.35	0.00	32621.66
64.90	8759.95	0.00	31699.68
65.00	11968.34	0.00	30652.61
65.10	15143.31	0.00	29484.56
65.20	18263.13	0.00	28200.15
65.30	21305.79	0.00	26804.44
65.40	24249.23	0.00	25302.95
65.50	27071.58	0.00	23701.60
65.60	29751.44	0.00	22006.72
65.70	32268.09	0.00	20224.98
65.80	34601.73	0.00	18363.42
65.90	36733.75	0.00	16429.39
66.00	38646.94	0.00	14430.52
66.10	40325.66	0.00	12374.70
66.20	41756.06	0.00	10270.05
66.30	42926.28	0.00	8124.86
66.40	43826.51	0.00	5947.61
66.50	44449.20	0.00	3746.88
66.60	44789.09	0.00	1531.37
66.70	44853.86	0.00	-690.19
66.80	44798.83	0.00	-2909.02
66.90	44675.11	0.00	-5116.37
67.00	44480.85	0.00	-7303.53
67.10	44213.28	0.00	-9461.86
67.20	43868.72	0.00	-11582.86
67.30	43442.66	0.00	-13658.14
67.40	42929.95	0.00	-15679.52
67.50	42324.83	0.00	-17639.02
67.60	41621.16	0.00	-19528.91
67.70	40812.49	0.00	-21341.72
67.80	39892.34	0.00	-23070.31
67.90	38854.27	0.00	-24707.85
68.00	37692.14	0.00	-26247.88
68.10	36400.26	0.00	-27684.32
68.20	34973.59	0.00	-29011.51
68.30	33407.89	0.00	-30224.20
68.40	31699.96	0.00	-31317.61
68.50	29847.70	0.00	-32287.42
68.60	27850.37	0.00	-33129.81
68.70	25708.62	0.00	-33841.45
68.80	23424.67	0.00	-34419.53
68.90	21002.37	0.00	-34861.77
69.00	18447.26	0.00	-35166.44
69.10	15766.63	0.00	-35332.31
69.20	12969.53	0.00	-35358.75
69.30	10066.75	0.00	-35245.64
69.40	7070.80	0.00	-34993.43
69.50	3995.82	0.00	-34603.12
69.60	857.51	0.00	-34076.24
69.70	-2327.02	0.00	-33414.89
69.80	-5539.35	0.00	-32621.66
69.90	-8759.95	0.00	-31699.68
70.00	-11968.34	0.00	-30652.61
70.10	-15143.31	0.00	-29484.56
70.20	-18263.13	0.00	-28200.15
70.30	-21305.79	0.00	-26804.44
70.40	-24249.23	0.00	-25302.95
70.50	-27071.58	0.00	-23701.60
70.60	-29751.44	0.00	-22006.72
70.70	-32268.09	0.00	-20224.98
70.80	-34601.73	0.00	-18363.42
70.90	-36733.75	0.00	-16429.39
71.00	-38646.94	0.00	-14430.52
71.10	-40325.66	0.00	-12374.70
71.20	-41756.06	0.00	-10270.05
71.30	-42926.28	0.00	-8124.86
71.40	-43826.51	0.00	-5947.61
71.50	-44449.20	0.00	-3746.88
71.60	-44789.09	0.00	-1531.37
71.70	-44853.86	0.00	690.19
71.80	-44798.83	0.00	2909.02
71.90	-44675.11	0.00	5116.37
72.00	-44480.85	0.00	7303.53
72.10	-44213.28	0.00	9461.86
72.20	-43868.72	0.00	11582.86
72.30	-43442.66	0.00	13658.14
72.40	-42929.95	0.00	15679.52
72.50	-42324.83	0.00	17639.02
72.60	-41621.16	0.00	19528.91
72.70	-40812.49	0.00	21341.72
72.80	-39892.34	0.00	23070.31
72.90	-38854.27	0.00	24707.85
73.00	-37692.14	0.00	26247.88
73.10	-36400.26	0.00	27684.32
73.20	-34973.59	0.00	29011.51
73.30	-33407.89	0.00	30224.20
73.40	-31699.96	0.00	31317.61
73.50	-29847.70	0.00	32287.42
73.60	-27850.37	0.00	33129.81
73.70	-25708.62	0.00	33841.45
73.80	-23424.67	0.00	34419.53
73.90	-21002.37	0.00	34861.77
74.00	-18447.26	0.00	35166.44
74.10	-15766.63	0.00	35332.31
74.20	-12969.53	0.00	35358.75
74.30	-10066.75	0.00	35245.64
74.40	-7070.80	0.00	34993.43
74.50	-3995.82	0.00	34603.12
74.60	-857.51	0.00	34076.24
74.70	2327.02	0.00	33414.89
74.80	5539.35	0.00	32621.66
74.90	8759.95	0.00	31699.68
75.00	11968.34	0.00	30652.61
75.10	15143.31	0.00	29484.56
75.20	18263.13	0.00	28200.15
75.30	21305.79	0.00	26804.44
75.40	24249.23	0.00	25302.95
75.50	27071.58	0.00	23701.60
75.60	29751.44	0.00	22006.72
75.70	32268.09	0.00	20224.98
75.80	34601.73	0.00	18363.42
75.90	36733.75	0.00	16429.39
76.00	38646.94	0.00	14430.52
76.10	40325.66	0.00	12374.70
76.20	41756.06	0.00	10270.05
76.30	42926.28	0.00	8124.86
76.40	43826.51	0.00	5947.61
76.50	44449.20	0.00	3746.88
76.60	44789.09	0.00	1531.37
76.70	44853.86	0.00	-690.19
76.80	44798.83	0.00	-2909.02
76.90	44675.11	0.00	-5116.37
77.00	44480.85	0.00	-7303.53
77.10	44213.28	0.00	-9461.86
77.20	43868.72	0.00	-11582.86
77.30	43442.66	0.00	-13658.14
77.40	42929.95	0.00	-15679.52
77.50	42324.83	0.00	-17639.02
77.60	41621.16	0.00	-19528.91
77.70	40812.49	0.00	-21341.72
77.80	39892.34	0.00	-23070.31
77.90	38854.27	0.00	-24707.85
78.00	37692.14	0.00	-26247.88
78.10	36400.26	0.00	-27684.32
78.20	34973.59	0.00	-29011.51
78.30	33407.89	0.00	-30224.20
78.40	31699.96	0.00	-31317.61
78.50	29847.70	0.00	-32287.42
78.60	27850.37	0.00	-33129.81
78.70	25708.62	0.00	-33841.45
78.80	23424.67	0.00	-34419.53
78.90	21002.37	0.00	-34861.77
79.00	18447.26	0.00	-35166.44
79.10	15766.63	0.00	-35332.31
79.20	12969.53	0.00	-35358.75
79.30	10066.75	0.00	-35245.64
79.40	7070.80	0.00	-34993.43
79.50	3995.82	0.00	-34603.12
79.60	857.51	0.00	-34076.24
79.70	-2327.02	0.00	-33414.89
79.80	-5539.35	0.00	-32621.66
79.90	-8759.95	0.00	-31699.68
80.00	-11968.34	0.00	-30652.61
80.10	-15143.31	0.00	-29484.56
80.20	-18263.13	0.00	-28200.15
80.30	-21305.79	0.00	-26804.44
80.40	-24249.23	0.00	-25302.95
80.50	-27071.58	0.00	-23701.60
80.60	-29751.44	0.00	-22006.72
80.70	-32268.09	0.00	-20224.98
80.80	-34601.73	0.00	-18363.42
80.90	-36733.75	0.00	-16429.39
81.00	-38646.94	0.00	-14430.52
81.10	-40325.66	0.00	-12374.70
81.20	-41756.06	0.00	-10270.05
81.30	-42926.28	0.00	-8124.86
81.40	-43826.51	0.00	-5947.61
81.50	-44449.20	0.00	-3746.88
81.60	-44789.09	0.00	-1531.37
81.70	-44853.86	0.00	690.19
81.80	-44798.83	0.00	2909.02
81.90	-44675.11	0.00	5116.37
82.00	-44480.85	0.00	7303.53
82.10	-44213.28	0.00	9461.86
82.20	-43868.72	0.00	11582.86
82.30	-43442.66	0.00	13658.14
82.40	-42929.95	0.00	15679.52
82.50	-42324.83	0.00	17639.02
82.60	-41621.16	0.00	19528.91
82.70	-40812.49	0.00	21341.72
82.80	-39892.34	0.00	23070.31
82.90	-38854.27	0.00	24707.85
83.00	-37692.14	0.00	26247.88
83.10	-36400.26	0.00	27684.32
83.20	-34973.59	0.00	29011.51
83.30	-33407.89	0.00	30224.20
83.40	-31699.96	0.00	31317.61
83.50	-29847.70	0.00	32287.42
83.60	-27850.37	0.00	33129.81
83.70	-25708.62	0.00	33841.45
83.80	-23424.67	0.00	34419.53
83.90	-21002.37	0.00	34861.77
84.00	-18447.26	0.00	35166.44
84.10	-15766.63	0.00	35332.31
84.20	-12969.53	0.00	35358.75
84.30	-10066.75	0.00	35245.64
84.40	-7070.80	0.00	34993.43
84.50	-3995.82	0.00	34603.12
84.60	-857.51	0.00	34076.24
84.70	2327.02	0.00	33414.89
84.80	5539.35	0.00	32621.66
84.90	8759.95	0.00	31699.68
85.00	11968.34	0.00	30652.61
85.10	15143.31	0.00	29484.56
85.20	18263.13	0.00	28200.15
85.30	21305.79	0.00	26804.44
85.40	24249.23	0.00	25302.95
85.50	27071.58	0.00	23701.60
85.60	29751.44	0.00	22006.72
85.70	32268.09	0.00	20224.98
85.80	34601.73	0.00	18363.42
85.90	36733.75	0.00	16429.39
86.00	38646.94	0.00	14430.52
86.10	40325.66	0.00	12374.70
86.20	41756.06	0.00	10270.05
86.30	42926.28	0.00	8124.86
86.40	43826.51	0.00	5947.61
86.50	44449.20	0.00	3746.88
86.60	44789.09	0.00	1531.37
86.70	44853.86	0.00	-690.19
86.80	44798.83	0.00	-2909.02
86.90	44675.11	0.00	-5116.37
87.00	44480.85	0.00	-7303.53
87.10	44213.28	0.00	-9461.86
87.20	43868.72	0.00	-11582.86
87.30	43442.66	0.00	-13658.14
87.40	42929.95	0.00	-15679.52
87.50	42324.83	0.00	-17639.02
87.60	41621.16	0.00	-19528.91
87.70	40812.49	0.00	-21341.72
87.80	39892.34	0.00	-23070.31
87.90	38854.27	0.00	-24707.85
88.00	37692.14	0.00	-26247.88
88.10	36400.26	0.00	-27684.32
88.20	34973.59	0.00	-29011.51
88.30	33407.89	0.00	-30224.20
88.40	31699.96	0.00	-31317.61
88.50	29847.70	0.00	-32287.42
88.60	27850.37	0.00	-33129.81
88.70	25708.62	0.00	-33841.45
88.80	23424.67	0.00	-34419.53
88.90	21002.37	0.00	-34861.77
89.00	18447.26	0.00	-35166.44
89.10	15766.63	0.00	-35332.31
89.20	12969.53	0.00	-35358.75
89.30	10066.75	0.00	-35245.64
89.40	7070.80	0.00	-34993.43
89.50	3995.82	0.00	-34603.12
89.60	857.51	0.00	-34076.24
89.70	-2327.02	0.00	-33414.89
89.80	-5539.35	0.00	-32621.66
89.90	-8759.95	0.00	-31699.68
90.00	-11968.34	0.00	-30652.61
90.10	-15143.31	0.00	-29484.56
90.20	-18263.13	0.00	-28200.15
90.30	-21305.79	0.00	-26804.44
90.40	-24249.23	0.00	-25302.95
90.50	-27071.58	0.00	-23701.60
90.60	-29751.44	0.00	-22006.72
90.70	-32268.09	0.00	-20224.98
90.80	-34601.73	0.00	-18363.42
90.90	-36733.75	0.00	-16429.39
91.00	-38646.94	0.00	-14430.52
91.10	-40325.66	0.00	-12374.70
91.20	-41756.06	0.00	-10270.05
91.30	-42926.28	0.00	-8124.86
91.40	-43826.51	0.00	-5947.61
91.50	-44449.20	0.00	-3746.88
91.60	-44789.09	0.00	-1531.37
91.70	-44853.86	0.00	690.19
91.80	-44798.83	0.00	2909.02
91.90	-44675.11	0.00	5116.37
92.00	-44480.85	0.00	7303.53
92.10	-44213.28	0.00	9461.86
92.20	-43868.72	0.00	11582.86
92.30	-43442.66	0.00	13658.14
92.40	-42929.95	0.00	15679.52
92.50	-42324.83	0.00	17639.02
92.60	-41621.16	0.00	19528.91
92.70	-40812.49	0.00	21341.72
92.80	-39892.34	0.00	23070.31
92.90	-38854.27	0.00	24707.85
93.00	-37692.14	0.00	26247.88
93.10	-36400.26	0.00	27684.32
93.20	-34973.59	0.00	29011.51
93.30	-33407.89	0.00	30224.20
93.40	-31699.96	0.00	31317.61
93.50	-29847.70	0.00	32287.42
93.60	-27850.37	0.00	33129.81
93.70	-25708.62	0.00	33841.45
93.80	-23424.67	0.00	34419.53
93.90	-21002.37	0.00	34861.77
94.00	-18447.26	0.00	35166.44
94.10	-15766.63	0.00	35332.31
94.20	-12969.53	0.00	35358.75
94.30	-10066.75	0.00	35245.64
94.40	-7070.80	0.00	34993.43
94.50	-3995.82	0.00	34603.12
94.60	-857.51	0.00	34076.24
94.70	2327.02	0.00	33414.89
94.80	5539.35	0.00	32621.66
94.90	8759.95	0.00	31699.68
95.00	11968.34	0.00	30652.61
95.10	15143.31	0.00	29484.56
95.20	18263.13	0.00	28200.15
95.30	21305.79	0.00	26804.44
95.40	24249.23	0.00	25302.95
95.50	27071.58	0.00	23701.60
95.60	29751.44	0.00	22006.72
95.70	32268.09	0.00	20224.98
95.80	34601.73	0.00	18363.42
95.90	36733.75	0.00	16429.39
96.00	38646.94	0.00	14430.52
96.10	40325.66	0.00	12374.70
96.20	41756.06	0.00	10270.05
96.30	42926.28	0.00	8124.86
96.40	43826.51	0.00	5947.61
96.50	44449.20	0.00	3746.88
96.60	44789.09	0.00	1531.37
96.70	44853.86	0.00	-690.19
96.80	44798.83	0.00	-2909.02
96.90	44675.11	0.00	-5116.37
97.00	44480.85	0.00	-7303.53
97.10	44213.28	0.00	-9461.86
97.20	43868.72	0.00	-11582.86
97.30	43442.66	0.00	-13658.14
97.40	42929.95	0.00	-15679.52
97.50	42324.83	0.00	-17639.02
97.60	41621.16	0.00	-19528.91
97.70	40812.49	0.00	-21341.72
97.80	39892.34	0.00	-23070.31
97.90	38854.27	0.00	-24707.85
98.00	37692.14	0.00	-26247.88
98.10	36400.26	0.00	-27684.32
98.20	34973.59	0.00	-29011.51
98.30	33407.89	0.00	-30224.20
98.40	31699.96	0.00	-31317.61
98.50	29847.70	0.00	-32287.42
98.60	27850.37	0.00	-33129.81
98.70	25708.62	0.00	-33841.45
98.80	23424.67	0.00	-34419.53
98.90	21002.37	0.00	-34861.77
99.00	18447.26	0.00	-35166.44
99.10	15766.63	0.00	-35332.31
99.20	12969.53	0.00	-35358.75
99.30	10066.75	0.00	-35245.64
99.40	7070.80	0.00	-34993.43
99.50	3995.82	0.00	-34603.12
99.60	857.51	0.00	-34076.24
99.70	-2327.02	0.00	-33414.89
99.80	-5539.35	0.00	-32621.66
99.90	-8759.95	0.00	-31699.68
100.00	-11968.34	0.00	-30652.61
100.10	-15143.31	0.00	-29484.56
100.20	-18263.13	0.00	-28200.15
100.30	-21305.79	0.00	-26804.44
100.40	-24249.23	0.00	-25302.95
100.50	-27071.58	0.00	-23701.60
100.60	-29751.44	0.00	-22006.72
100.70	-32268.09	0.00	-20224.98
100.80	-34601.73	0.00	-18363.42
100.90	-36733.75	0.00	-16429.39
101.00	-38646.94	0.00	-14430.52
101.10	-40325.66	0.00	-12374.70
101.20	-41756.06	0.00	-10270.05
101.30	-42926.28	0.00	-8124.86
101.40	-43826.51	0.00	-5947.61
101.50	-44449.20	0.00	-3746.88
101.60	-44789.09	0.00	-1531.37
101.70	-44853.86	0.00	690.19
101.80	-44798.83	0.00	2909.02
101.90	-44675.11	0.00	5116.37
102.00	-44480.85	0.00	7303.53
102.10	-44213.28	0.00	9461.86
102.20	-43868.72	0.00	11582.86
102.30	-43442.66	0.00	13658.14
102.40	-42929.95	0.00	15679.52
102.50	-42324.83	0.00	17639.02
102.60	-41621.16	0.00	19528.91
102.70	-40812.49	0.00	21341.72
102.80	-39892.34	0.00	23070.31
102.90	-38854.27	0.00	24707.85
103.00	-37692.14	0.00	26247.88
103.10	-36400.26	0.00	27684.32
103.20	-34973.59	0.00	29011.51
103.30	-33407.89	0.00	30224.20
103.40	-31699.96	0.00	31317.61
103.50	-29847.70	0.00	32287.42
103.60	-27850.37	0.00	33129.81
103.70	-25708.62	0.00	33841.45
103.80	-23424.67	0.00	34419.53
103.90	-21002.37	0.00	34861.77
104.00	-18447.26	0.00	35166.44
104.10	-15766.63	0.00	35332.31
104.20	-12969.53	0.00	35358.75
104.30	-10066.75	0.00	35245.64
104.40	-7070.80	0.00	34993.43
104.50	-3995.82	0.00	34603.12
104.60	-857.51	0.00	34076.24
104.70	2327.02	0.00	33414.89
104.80	5539.35	0.00	32621.66
104.90	8759.95	0.00	31699.68
105.00	11968.34	0.00	30652.61
105.10	15143.31	0.00	29484.56
105.20	18263.13	0.00	28200.15
105.30	21305.79	0.00	26804.44
105.40	24249.23	0.00	25302.95
105.50	27071.58	0.00	23701.60
105.60	29751.44	0.00	22006.72
105.70	32268.09	0.00	20224.98
105.80	34601.73	0.00	18363.42
105.90	36733.75	0.00	16429.39
106.00	38646.94	0.00	14430.52
106.10	40325.66	0.00	12374.70
106.20	41756.06	0.00	10270.05
106.30	42926.28	0.00	8124.86
106.40	43826.51	0.00	5947.61
106.50	44449.20	0.00	3746.88
106.60	44789.09	0.00	1531.37
106.70	44853.86	0.00	-690.19
106.80	44798.83	0.00	-2909.02
106.90	44675.11	0.00	-5116.37
107.00	44480.85	0.00	-7303.53
107.10	44213.28	0.00	-9461.86
107.20	43868.72	0.00	-11582.86
107.30	43442.66	0.00	-13658.14
107.40	42929.95	0.00	-15679.52
107.50	42324.83	0.00	-17639.02
107.60	41621.16	0.00	-19528.91
107.70	40812.49	0.00	-21341.72
107.80	39892.34	0.00	-23070.31
107.90	38854.27	0.00	-24707.85
108.00	37692.14	0.00	-26247.88
108.10	36400.26	0.00	-27684.32
108.20	34973.59	0.00	-29011.51
108.30	33407.89	0.00	-30224.20
108.40	31699.96	0.00	-31317.61
108.50	29847.70	0.00	-32287.42
108.60	27850.37	0.00	-33129.81
108.70	25708.62	0.00	-33841.45
108.80	23424.67	0.00	-34419.53
108.90	21002.37	0.00	-34861.77
109.00	18447.26	0.00	-35166.44
109.10	15766.63	0.00	-35332.31
109.20	12969.53	0.00	-35358.75
109.30	10066.75	0.00	-35245.64
109.40	7070.80	0.00	-34993.43
109.50	3995.82	0.00	-34603.12
109.60	857.51	0.00	-34076.24
109.70	-2327.02	0.00	-33414.89
109.80	-5539.35	0.00	-32621.66
109.90	-8759.95	0.00	-31699.68
110.00	-11968.34	0.00	-30652.61
110.10	-15143.31	0.00	-29484.56
110.20	-18263.13	0.00	-28200.15
110.30	-21305.79	0.00	-26804.44
110.40	-24249.23	0.00	-25302.95
110.50	-27071.58	0.00	-23701.60
110.60	-29751.44	0.00	-22006.72
110.70	-32268.09	0.00	-20224.98
110.80	-34601.73	0.00	-18363.42
110.90	-36733.75	0.00	-16429.39
111.00	-38646.94	0.00	-14430.52
111.10	-40325.66	0.00	-12374.70
111.20	-41756.06	0.00	-10270.05
111.30	-42926.28	0.00	-8124.86
111.40	-43826.51	0.00	-5947.61
111.50	-44449.20	0.00	-3746.88
111.60	-44789.09	0.00	-1531.37
111.70	-44853.86	0.00	690.19
111.80	-44798.83	0.00	2909.02
111.90	-44675.11	0.00	5116.37
112.00	-44480.85	0.00	7303.53
112.10	-44213.28	0.00	9461.86
112.20	-43868.72	0.00	11582.86
112.30	-43442.66	0.00	13658.14
112.40	-42929.95	0.00	15679.52
112.50	-42324.83	0.00	17639.02
112.60	-41621.16	0.00	19528.91
112.70	-40812.49	0.00	21341.72
112.80	-39892.34	0.00	23070.31
112.90	-38854.27	0.00	24707.85
113.00	-37692.14	0.00	26247.88
113.10	-36400.26	0.00	27684.32
113.20	-34973.59	0.00	29011.51
113.30	-33407.89	0.00	30224.20
113.40	-31699.96	0.00	31317.61
113.50	-29847.70	0.00	32287.42
113.60	-27850.37	0.00	33129.81
113.70	-25708.62	0.00	33841.45
113.80	-23424.67	0.00	34419.53
113.90	-21002.37	0.00	34861.77
114.00	-18447.26	0.00	35166.44
114.10	-15766.63	0.00	35332.31
114.20	-12969.53	0.00	35358.75
114.30	-10066.75	0.00	35245.64
114.40	-7070.80	0.00	34993.43
114.50	-3995.82	0.00	34603.12
114.60	-857.51	0.00	34076.24
114.70	2327.02	0.00	33414.89
114.80	5539.35	0.00	32621.66
114.90	8759.95	0.00	31699.68
115.00	11968.34	0.00	30652.61
115.10	15143.31	0.00	29484.56
115.20	18263.13	0.00	28200.15
115.30	21305.79	0.00	26804.44
115.40	24249.23	0.00	25302.95
115.50	27071.58	0.00	23701.60
115.60	29751.44	0.00	22006.72
115.70	32268.09	0.00	20224.98
115.80	34601.73	0.00	18363.42
115.90	36733.75	0.00	16429.39
116.00	38646.94	0.00	14430.52
116.10	40325.66	0.00	12374.70
116.20	41756.06	0.00	10270.05
116.30	42926.28	0.00	8124.86
116.40	43826.51	0.00	5947.61
116.50	44449.20	0.00	3746.88
116.60	44789.09	0.00	1531.37
116.70	44853.86	0.00	-690.19
116.80	44798.83	0.00	-2909.02
116.90	44675.11	0.00	-5116.37
117.00	44480.85	0.00	-7303.53
117.10	44213.28	0.00	-9461.86
117.20	43868.72	0.00	-11582.86
117.30	43442.66	0.00	-13658.14
117.40	42929.95	0.00	-15679.52
117.50	42324.83	0.00	-17639.02
117.60	41621.16	0.00	-19528.91
117.70	40812.49	0.00	-21341.72
117.80	39892.34	0.00	-23070.31
117.90	38854.27	0.00	-24707.85
118.00	37692.14	0.00	-26247.88
118.10	36400.26	0.00	-27684.32
118.20	34973.59	0.00	-29011.51
118.30	33407.89	0.00	-30224.20
118.40	31699.96	0.00	-31317.61
118.50	29847.70	0.00	-32287.42
118.60	27850.37	0.00	-33129.81
118.70	25708.62	0.00	-33841.45
118.80	23424.67	0.00	-34419.53
118.90	21002.37	0.00	-34861.77
119.00	18447.26	0.00	-35166.44
119.10	15766.63	0.00	-35332.31
119.20	12969.53	0.00	-35358.75
119.30	10066.75	0.00	-35245.64
119.40	7070.80	0.00	-34993.43
119.50	3995.82	0.00	-34603.12
119.60	857.51	0.00	-34076.24
119.70	-2327.02	0.00	-33414.89
119.80	-5539.35	0.00	-32621.66
119.90	-8759.95	0.00	-31699.68
120.00	-11968.34	0.00	-30652.61
120.10	-15143.31	0.00	-29484.56
120.20	-18263.13	0.00	-28200.15
120.30	-21305.79	0.00	-26804.44
120.40	-24249.23	0.00	-25302.95
120.50	-27071.58	0.00	-23701.60
120.60	-29751.44	0.00	-22006.72
120.70	-32268.09	0.00	-20224.98
120.80	-34601.73	0.00	-18363.42
120.90	-36733.75	0.00	-16429.39
121.00	-38646.94	0.00	-14430.52
121.10	-40325.66	0.00	-12374.70
121.20	-41756.06	0.00	-10270.05
121.30	-42926.28	0.00	-8124.86
121.40	-43826.51	0.00	-5947.61
121.50	-44449.20	0.00	-3746.88
121.60	-44789.09	0.00	-1531.37
121.70	-44853.86	0.00	690.19
121.80	-44798.83	0.00	2909.02
121.90	-44675.11	0.00	5116.37
122.00	-44480.85	0.00	7303.53
122.10	-44213.28	0.00	9461.86
122.20	-43868.72	0.00	11582.86
122.30	-43442.66	0.00	13658.14
122.40	-42929.95	0.00	15679.52
122.50	-42324.83	0.00	17639.02
122.60	-41621.16	0.00	19528.91
122.70	-40812.49	0.00	21341.72
122.80	-39892.34	0.00	23070.31
122.90	-38854.27	0.00	24707.85
123.00	-37692.14	0.00	26247.88
123.10	-36400.26	0.00	27684.32
123.20	-34973.59	0.00	29011.51
123.30	-33407.89	0.00	30224.20
123.40	-31699.96	0.00	31317.61
123.50	-29847.70	0.00	32287.42
123.60	-27850.37	0.00	33129.81
123.70	-25708.62	0.00	33841.45
123.80	-23424.67	0.00	34419.53
123.90	-21002.37	0.00	34861.77
124.00	-18447.26	0.00	35166.44
124.10	-15766.63	0.00	35332.31
124.20	-12969.53	0.00	35358.75
124.30	-10066.75	0.00	35245.64
124.40	-7070.80	0.00	34993.43
124.50	-3995.82	0.00	34603.12
124.60	-857.51	0.00	34076.24
124.70	2327.02	0.00	33414.89
124.80	5539.35	0.00	32621.66
124.90	8759.95	0.00	31699.68
125.00	11968.34	0.00	30652.61
125.10	15143.31	0.00	29484.56
125.20	18263.13	0.00	28200.15
125.30	21305.79	0.00	26804.44
125.40	24249.23	0.00	25302.95
125.50	27071.58	0.00	23701.60
125.60	29751.44	0.00	22006.72
125.70	32268.09	0.00	20224.98
125.80	34601.73	0.00	18363.42
125.90	36733.75	0.00	16429.39
126.00	38646.94	0.00	14430.52
126.10	40325.66	0.00	12374.70
126.20	41756.06	0.00	10270.05
126.30	42926.28	0.00	8124.86
126.40	43826.51	0.00	5947.61
126.50	44449.20	0.00	3746.88
126.60	44789.09	0.00	1531.37
126.70	44853.86	0.00	-690.19
126.80	44798.83	0.00	-2909.02
126.90	44675.11	0.00	-5116.37
127.00	44480.85	0.00	-7303.53
127.10	44213.28	0.00	-9461.86
127.20	43868.72	0.00	-11582.86
127.30	43442.66	0.00	-13658.14
127.40	42929.95	0.00	-15679.52
127.50	42324.83	0.00	-17639.02
127.60	41621.16	0.00	-19528.91
127.70	40812.49	0.00	-21341.72
127.80	39892.34	0.00	-23070.31
127.90	38854.27	0.00	-24707.85
128.00	37692.14	0.00	-26247.88
128.10	36400.26	0.00	-27684.32
128.20	34973.59	0.00	-29011.51
128.30	33407.89	0.00	-30224.20
128.40	31699.96	0.00	-31317.61
128.50	29847.70	0.00	-32287.42
128.60	27850.37	0.00	-33129.81
128.70	25708.62	0.00	-33841.45
128.80	23424.67	0.00	-34419.53
128.90	21002.37	0.00	-34861.77
129.00	18447.26	0.00	-35166.44
129.10	15766.63	0.00	-35332.31
129.20	12969.53	0.00	-35358.75
129.30	10066.75	0.00	-35245.64
129.40	7070.80	0.00	-34993.43
129.50	3995.82	0.00	-34603.12
129.60	857.51	0.00	-34076.24
129.70	-2327.02	0.00	-33414.89
129.80	-5539.35	0.00	-32621.66
129.90	-8759.95	0.00	-31699.68
130.00	-11968.34	0.00	-30652.61
130.10	-15143.31	0.00	-29484.56
130.20	-18263.13	0.00	-28200.15
130.30	-21305.79	0.00	-26804.44
130.40	-24249.23	0.00	-25302.95
130.50	-27071.58	0.00	-23701.60
130.60	-29751.44	0.00	-22006.72
130.70	-32268.09	0.00	-20224.98
130.80	-34601.73	0.00	-18363.42
130.90	-36733.75	0.00	-16429.39
131.00	-38646.94	0.00	-14430.52
131.10	-40325.66	0.00	-12374.70
131.20	-41756.06	0.00	-10270.05
131.30	-42926.28	0.00	-8124.86
131.40	-43826.51	0.00	-5947.61
131.50	-44449.20	0.00	-3746.88
131.60	-44789.09	0.00	-1531.37
131.70	-44853.86	0.00	690.19
131.80	-44798.83	0.00	2909.02
131.90	-44675.11	0.00	5116.37
132.00	-44480.85	0.00	7303.53
132.10	-44213.28	0.00	9461.86
132.20	-43868.72	0.00	11582.86
132.30	-43442.66	0.00	13658.14
132.40	-42929.95	0.00	15679.52
132.50	-42324.83	0.00	17639.02
132.60	-41621.16	0.00	19528.91
132.70	-40812.49	0.00	21341.72
132.80	-39892.34	0.00	23070.31
132.90	-38854.27	0.00	24707.85
133.00	-37692.14	0.00	26247.88
133.10	-36400.26	0.00	27684.32
133.20	-34973.59	0.00	29011.51
133.30	-33407.89	0.00	30224.20
133.40	-31699.96	0.00	31317.61
133.50	-29847.70	0.00	32287.42
133.60	-27850.37	0.00	33129.81
133.70	-25708.62	0.00	33841.45
133.80	-23424.67	0.00	34419.53
133.90	-21002.37	0.00	34861.77
134.00	-18447.26	0.00	35166.44
134.10	-15766.63	0.00	35332.31
134.20	-12969.53	0.00	35358.75
134.30	-10066.75	0.00	35245.64
134.40	-7070.80	0.00	34993.43
134.50	-3995.82	0.00	34603.12
134.60	-857.51	0.00	34076.24
134.70	2327.02	0.00	33414.89
134.80	5539.35	0.00	32621.66
134.90	8759.95	0.00	31699.68
135.00	11968.34	0.00	30652.61
135.10	15143.31	0.00	29484.56
135.20	18263.13	0.00	28200.15
135.30	21305.79	0.00	26804.44
135.40	24249.23	0.00	25302.95
135.50	27071.58	0.00	23701.60
135.60	29751.44	0.00	22006.72
135.70	32268.09	0.00	20224.98
135.80	34601.73	0.00	18363.42
135.90	36733.75	0.00	16429.39
136.00	38646.94	0.00	14430.52
136.10	40325.66	0.00	12374.70
136.20	41756.06	0.00	10270.05
136.30	42926.28	0.00	8124.86
136.40	43826.51	0.00	5947.61
136.50	44449.20	0.00	3746.88
136.60	44789.09	0.00	1531.37
136.70	44853.86	0.00	-690.19
136.80	44798.83	0.00	-2909.02
136.90	44675.11	0.00	-5116.37
137.00	44480.85	0.00	-7303.53
137.10	44213.28	0.00	-9461.86
137.20	43868.72	0.00	-11582.86
137.30	43442.66	0.00	-13658.14
137.40	42929.95	0.00	-15679.52
137.50	42324.83	0.00	-17639.02
137.60	41621.16	0.00	-19528.91
137.70	40812.49	0.00	-21341.72
137.80	39892.34	0.00	-23070.31
137.90	38854.27	0.00	-24707.85
138.00	37692.14	0.00	-26247.88
138.10	36400.26	0.00	-27684.32
138.20	34973.59	0.00	-29011.51
138.30	33407.89	0.00	-30224.20
138.40	31699.96	0.00	-31317.61
138.50	29847.70	0.00	-32287.42
138.60	27850.37	0.00	-33129.81
138.70	25708.62	0.00	-33841.45
138.80	23424.67	0.00	-34419.53
138.90	21002.37	0.00	-34861.77
139.00	18447.26	0.00	-35166.44
139.10	15766.63	0.00	-35332.31
139.20	12969.53	0.00	-35358.75
139.30	10066.75	0.00	-35245.64
139.40	7070.80	0.00	-34993.43
139.50	3995.82	0.00	-34603.12
139.60	857.51	0.00	-34076.24
139.70	-2327.02	0.00	-33414.89
139.80	-5539.35	0.00	-32621.66
139.90	-8759.95	0.00	-31699.68
140.00	-11968.34	0.00	-30652.61
140.10	-15143.31	0.00	-29484.56
140.20	-18263.13	0.00	-28200.15
140.30	-21305.79	0.00	-26804.44
140.40	-24249.23	0.00	-25302.95
140.50	-27071.58	0.00	-23701.60
140.60	-29751.44	0.00	-22006.72
140.70	-32268.09	0.00	-20224.98
140.80	-34601.73	0.00	-18363.42
140.90	-36733.75	0.00	-16429.39
141.00	-38646.94	0.00	-14430.52
141.10	-40325.66	0.00	-12374.70
141.20	-41756.06	0.00	-10270.05
141.30	-42926.28	0.00	-8124.86
141.40	-43826.51	0.00	-5947.61
141.50	-44449.20	0.00	-3746.88
141.60	-44789.09	0.00	-1531.37
141.70	-44853.86	0.00	690.19
141.80	-44798.83	0.00	2909.02
141.90	-44675.11	0.00	5116.37
142.00	-44480.85	0.00	7303.53
142.10	-44213.28	0.00	9461.86
142.20	-43868.72	0.00	11582.86
142.30	-43442.66	0.00	13658.14
142.40	-42929.95	0.00	15679.52
142.50	-42324.83	0.00	17639.02
142.60	-41621.16	0.00	19528.91
142.70	-40812.49	0.00	21341.72
142.80	-39892.34	0.00	23070.31
142.90	-38854.27	0.00	24707.85
143.00	-37692.14	0.00	26247.88
143.10	-36400.26	0.00	27684.32
143.20	-34973.59	0.00	29011.51
143.30	-33407.89	0.00	30224.20
143.40	-31699.96	0.00	31317.61
143.50	-29847.70	0.00	32287.42
143.60	-27850.37	0.00	33129.81
143.70	-25708.62	0.00	33841.45
143.80	-23424.67	0.00	34419.53
143.90	-21002.37	0.00	34861.77
144.00	-18447.26	0.00	35166.44
144.10	-15766.63	0.00	35332.31
144.20	-12969.53	0.00	35358.75
144.30	-10066.75	0.00	35245.64
144.40	-7070.80	0.00	34993.43
144.50	-3995.82	0.00	34603.12
144.60	-857.51	0.00	34076.24
144.70	2327.02	0.00	33414.89
144.80	5539.35	0.00	32621.66
144.90	8759.95	0.00	31699.68
145.00	11968.34	0.00	30652.61
145.10	15143.31	0.00	29484.56
145.20	18263.13	0.00	28200.15
145.30	21305.79	0.00	26804.44
145.40	24249.23	0.00	25302.95
145.50	27071.58	0.00	23701.60
145.60	29751.44	0.00	22006.72
145.70	32268.09	0.00	20224.98
145.80	34601.73	0.00	18363.42
145.90	36733.75	0.00	16429.39
146.00	38646.94	0.00	14430.52
146.10	40325.66	0.00	12374.70
146.20	41756.06	0.00	10270.05
146.30	42926.28	0.00	8124.86
146.40	43826.51	0.00	5947.61
146.50	44449.20	0.00	3746.88
146.60	44789.09	0.00	1531.37
146.70	44853.86	0.00	-690.19
146.80	44798.83	0.00	-2909.02
146.90	44675.11	0.00	-5116.37
147.00	44480.85	0.00	-7303.53
147.10	44213.28	0.00	-9461.86
147.20	43868.72	0.00	-11582.86
147.30	43442.66	0.00	-13658.14
147.40	42929.95	0.00	-15679.52
147.50	42324.83	0.00	-17639.02
147.60	41621.16	0.00	-19528.91
147.70	40812.49	0.00	-21341.72
147.80	39892.34	0.00	-23070.31
147.90	38854.27	0.00	-24707.85
148.00	37692.14	0.00	-26247.88
148.10	36400.26	0.00	-27684.32
148.20	34973.59	0.00	-29011.51
148.30	33407.89	0.00	-30224.20
148.40	31699.96	0.00	-31317.61
148.50	29847.70	0.00	-32287.42
148.60	27850.37	0.00	-33129.81
148.70	25708.62	0.00	-33841.45
148.80	23424.67	0.00	-34419.53
148.90	21002.37	0.00	-34861.77
149.00	18447.26	0.00	-35166.44
149.10	15766.63	0.00	-35332.31
149.20	12969.53	0.00	-35358.75
149.30	10066.75	0.00	-35245.64
149.40	7070.80	0.00	-34993.43
149.50	3995.82	0.00	-34603.12
149.60	857.51	0.00	-34076.24
149.70	-2327.02	0.00	-33414.89
149.80	-5539.35	0.00	-32621.66
149.90	-8759.95	0.00	-31699.68
150.00	-11968.34	0.00	-30652.61
150.10	-15143.31	0.00	-29484.56
150.20	-18263.13	0.00	-28200.15
150.30	-21305.79	0.00	-26804.44
150.40	-24249.23	0.00	-25302.95
150.50	-27071.58	0.00	-23701.60
150.60	-29751.44	0.00	-22006.72
150.70	-32268.09	0.00	-20224.98
150.80	-34601.73	0.00	-18363.42
150.90	-36733.75	0.00	-16429.39
151.00	-38646.94	0.00	-14430.52
151.10	-40325.66	0.00	-12374.70
151.20	-41756.06	0.00	-10270.05
151.30	-42926.28	0.00	-8124.86
151.40	-43826.51	0.00	-5947.61
151.50	-44449.20	0.00	-3746.88
151.60	-44789.09	0.00	-1531.37
151.70	-44853.86	0.00	690.19
151.80	-44798.83	0.00	2909.02
151.90	-44675.11	0.00	5116.37
152.00	-44480.85	0.00	7303.53
152.10	-44213.28	0.00	9461.86
152.20	-43868.72	0.00	11582.86
152.30	-43442.66	0.00	13658.14
152.40	-42929.95	0.00	15679.52
152.50	-42324.83	0.00	17639.02
152.60	-41621.16	0.00	19528.91
152.70	-40812.49	0.00	21341.72
152.80	-39892.34	0.00	23070.31
152.90	-38854.27	0.00	24707.85
153.00	-37692.14	0.00	26247.88
153.10	-36400.26	0.00	27684.32
153.20	-34973.59	0.00	29011.51
153.30	-33407.89	0.00	30224.20
153.40	-31699.96	0.00	31317.61
153.50	-29847.70	0.00	32287.42
153.60	-27850.37	0.00	33129.81
153.70	-25708.62	0.00	33841.45
153.80	-23424.67	0.00	34419.53
153.90	-21002.37	0.00	34861.77
154.00	-18447.26	0.00	35166.44
154.10	-15766.63	0.00	35332.31
154.20	-12969.53	0.00	35358.75
154.30	-10066.75	0.00	35245.64
154.40	-7070.80	0.00	34993.43
154.50	-3995.82	0.00	34603.12
154.60	-857.51	0.00	34076.24
154.70	2327.02	0.00	33414.89
154.80	5539.35	0.00	32621.66
154.90	8759.95	0.00	31699.68
155.00	11968.34	0.00	30652.61
155.10	15143.31	0.00	29484.56
155.20	18263.13	0.00	28200.15
155.30	21305.79	0.00	26804.44
155.40	24249.23	0.00	25302.95
155.50	27071.58	0.00	23701.60
155.60	29751.44	0.00	22006.72
155.70	32268.09	0.00	20224.98
155.80	34601.73	0.00	18363.42
155.90	36733.75	0.00	16429.39
156.00	38646.94	0.00	14430.52
156.10	40325.66	0.00	12374.70
156.20	41756.06	0.00	10270.05
156.30	42926.28	0.00	8124.86
156.40	43826.51	0.00	5947.61
156.50	44449.20	0.00	3746.88
156.60	44789.09	0.00	1531.37
156.70	44853.86	0.00	-690.19
156.80	44798.83	0.00	-2909.02
156.90	44675.11	0.00	-5116.37
157.00	44480.85	0.00	-7303.53
157.10	44213.28	0.00	-9461.86
157.20	43868.72	0.00	-11582.86
157.30	43442.66	0.00	-13658.14
157.40	42929.95	0.00	-15679.52
157.50	42324.83	0.00	-17639.02
157.60	41621.16	0.00	-19528.91
157.70	40812.49	0.00	-21341.72
157.80	39892.34	0.00	-23070.31
157.90	38854.27	0.00	-24707.85
158.00	37692.14	0.00	-26247.88
158.10	36400.26	0.00	-27684.32
158.20	34973.59	0.00	-29011.51
158.30	33407.89	0.00	-30224.20
158.40	31699.96	0.00	-31317.61
158.50	29847.70	0.00	-32287.42
158.60	27850.37	0.00	-33129.81
158.70	25708.62	0.00	-33841.45
158.80	23424.67	0.00	-34419.53
158.90	21002.37	0.00	-34861.77
159.00	18447.26	0.00	-35166.44
159.10	15766.63	0.00	-35332.31
159.20	12969.53	0.00	-35358.75
159.30	10066.75	0.00	-35245.64
159.40	7070.80	0.00	-34993.43
159.50	3995.82	0.00	-34603.12
159.60	857.51	0.00	-34076.24
159.70	-2327.02	0.00	-33414.89
159.80	-5539.35	0.00	-32621.66
159.90	-8759.95	0.00	-31699.68
160.00	-11968.34	0.00	-30652.61
160.10	-15143.31	0.00	-29484.56
160.20	-18263.13	0.00	-28200.15
160.30	-21305.79	0.00	-26804.44
160.40	-24249.23	0.00	-25302.95
160.50	-27071.58	0.00	-23701.60
160.60	-29751.44	0.00	-22006.72
160.70	-32268.09	0.00	-20224.98
160.80	-34601.73	0.00	-18363.42
160.90	-36733.75	0.00	-16429.39
161.00	-38646.94	0.00	-14430.52
161.10	-40325.66	0.00	-12374.70
161.20	-41756.06	0.00	-10270.05
161.30	-42926.28	0.00	-8124.86
161.40	-43826.51	0.00	-5947.61
161.50	-44449.20	0.00	-3746.88
161.60	-44789.09	0.00	-1531.37
161.70	-44853.86	0.00	690.19
161.80	-44798.83	0.00	2909.02
161.90	-44675.11	0.00	5116.37
162.00	-44480.85	0.00	7303.53
162.10	-44213.28	0.00	9461.86
162.20	-43868.72	0.00	11582.86
162.30	-43442.66	0.00	13658.14
162.40	-42929.95	0.00	15679.52
162.50	-42324.83	0.00	17639.02
162.60	-41621.16	0.00	19528.91
162.70	-40812.49	0.00	21341.72
162.80	-39892.34	0.00	23070.31
162.90	-38854.27	0.00	24707.85
163.00	-37692.14	0.00	26247.88
163.10	-36400.26	0.00	27684.32
163.20	-34973.59	0.00	29011.51
163.30	-33407.89	0.00	30224.20
163.40	-31699.96	0.00	31317.61
163.50	-29847.70	0.00	32287.42
163.60	-27850.37	0.00	33129.81
163.70	-25708.62	0.00	33841.45
163.80	-23424.67	0.00	34419.53
163.90	-21002.37	0.00	34861.77
164.00	-18447.26	0.00	35166.44
164.10	-15766.63	0.00	35332.31
164.20	-12969.53	0.00	35358.75
164.30	-10066.75	0.00	35245.64
164.40	-7070.80	0.00	34993.43
164.50	-3995.82	0.00	34603.12
164.60	-857.51	0.00	34076.24
164.70	2327.02	0.00	33414.89
164.80	5539.35	0.00	32621.66
164.90	8759.95	0.00	31699.68
165.00	11968.34	0.00	30652.61
165.10	15143.31	0.00	29484.56
165.20	18263.13	0.00	28200.15
165.30	21305.79	0.00	26804.44
165.40	24249.23	0.00	25302.95
165.50	27071.58	0.00	23701.60
165.60	29751.44	0.00	22006.72
165.70	32268.09	0.00	20224.98
165.80	34601.73	0.00	18363.42
165.90	36733.75	0.00	16429.39
166.00	38646.94	0.00	14430.52
166.10	40325.66	0.00	12374.70
166.20	41756.06	0.00	10270.05
166.30	42926.28	0.00	8124.86
166.40	43826.51	0.00	5947.61
166.50	44449.20	0.00	3746.88
166.60	44789.09	0.00	1531.37
166.70	44853.86	0.00	-690.19
166.80	44798.83	0.00	-2909.02
166.90	44675.11	0.00	-5116.37
167.00	44480.85	0.00	-7303.53
167.10	44213.28	0.00	-9461.86
167.20	43868.72	0.00	-11582.86
167.30	43442.66	0.00	-13658.14
167.40	42929.95	0.00	-15679.52
167.50	42324.83	0.00	-17639.02
167.60	41621.16	0.00	-19528.91
167.70	40812.49	0.00	-21341.72
167.80	39892.34	0.00	-23070.31
167.90	38854.27	0.00	-24707.85
168.00	37692.14	0.00	-26247.88
168.10	36400.26	0.00	-27684.32
168.20	34973.59	0.00	-29011.51
168.30	33407.89	0.00	-30224.20
168.40	31699.96	0.00	-31317.61
168.50	29847.70	0.00	-32287.42
168.60	27850.37	0.00	-33129.81
168.70	25708.62	0.00	-33841.45
168.80	23424.67	0.00	-34419.53
168.90	21002.37	0.00	-34861.77
169.00	18447.26	0.00	-35166.44
169.10	15766.63	0.00	-35332.31
169.20	12969.53	0.00	-35358.75
169.30	10066.75	0.00	-35245.64
169.40	7070.80	0.00	-34993.43
169.50	3995.82	0.00	-34603.12
169.60	857.51	0.00	-34076.24
169.70	-2327.02	0.00	-33414.89
169.80	-5539.35	0.00	-32621.66
169.90	-8759.95	0.00	-31699.68
170.00	-11968.34	0.00	-30652.61
170.10	-15143.31	0.00	-29484.56
170.20	-18263.13	0.00	-28200.15
170.30	-21305.79	0.00	-26804.44
170.40	-24249.23	0.00	-25302.95
170.50	-27071.58	0.00	-23701.60
170.60	-29751.44	0.00	-22006.72
170.70	-32268.09	0.00	-20224.98
170.80	-34601.73	0.00	-18363.42
170.90	-36733.75	0.00	-16429.39
171.00	-38646.94	0.00	-14430.52
171.10	-40325.66	0.00	-12374.70
171.20	-41756.06	0.00	-10270.05
171.30	-42926.28	0.00	-8124.86
171.40	-43826.51	0.00	-5947.61
171.50	-44449.20	0.00	-3746.88
171.60	-44789.09	0.00	-1531.37
171.70	-44853.86	0.00	690.19
171.80	-44798.83	0.00	2909.02
171.90	-44675.11	0.00	5116.37
172.00	-44480.85	0.00	7303.53
172.10	-44213.28	0.00	9461.86
172.20	-43868.72	0.00	11582.86
172.30	-43442.66	0.00	13658.14
172.40	-42929.95	0.00	15679.52
172.50	-42324.83	0.00	17639.02
172.60	-41621.16	0.00	19528.91
172.70	-40812.49	0.00	21341.72
172.80	-39892.34	0.00	23070.31
172.90	-38854.27	0.00	24707.85
173.00	-37692.14	0.00	26247.88
173.10	-36400.26	0.00	27684.32
173.20	-34973.59	0.00	29011.51
173.30	-33407.89	0.00	30224.20
173.40	-31699.96	0.00	31317.61
173.50	-29847.70	0.00	32287.42
173.60	-27850.37	0.00	33129.81
173.70	-25708.62	0.00	33841.45
173.80	-23424.67	0.00	34419.53
173.90	-21002.37	0.00	34861.77
174.00	-18447.26	0.00	35166.44
174.10	-15766.63	0.00	35332.31
174.20	-12969.53	0.00	35358.75
174.30	-10066.75	0.00	35245.64
174.40	-7070.80	0.00	34993.43
174.50	-3995.82	0.00	34603.12
174.60	-857.51	0.00	34076.24
174.70	2327.02	0.00	33414.89
174.80	5539.35	0.00	32621.66
174.90	8759.95	0.00	31699.68
175.00	11968.34	0.00	30652.61
175.10	15143.31	0.00	29484.56
175.20	18263.13	0.00	28200.15
175.30	21305.79	0.00	26804.44
175.40	24249.23	0.00	25302.95
175.50	27071.58	0.00	23701.60
175.60	29751.44	0.00	22006.72
175.70	32268.09	0.00	20224.98
175.80	34601.73	0.00	18363.42
175.90	36733.75	0.00	16429.39
176.00	38646.94	0.00	14430.52
176.10	40325.66	0.00	12374.70
176.20	41756.06	0.00	10270.05
176.30	42926.28	0.00	8124.86
176.40	43826.51	0.00	5947.61
176.50	44449.20	0.00	3746.88
176.60	44789.09	0.00	1531.37
176.70	44853.86	0.00	-690.19
176.80	44798.83	0.00	-2909.02
176.90	44675.11	0.00	-5116.37
177.00	44480.85	0.00	-7303.53
177.10	44213.28	0.00	-9461.86
177.20	43868.72	0.00	-11582.86
177.30	43442.66	0.00	-13658.14
177.40	42929.95	0.00	-15679.52
177.50	42324.83	0.00	-17639.02
177.60	41621.16	0.00	-19528.91
177.70	40812.49	0.00	-21341.72
177.80	39892.34	0.00	-23070.31
177.90	38854.27	0.00	-24707.85
178.00	37692.14	0.00	-26247.88
178.10	36400.26	0.00	-27684.32
178.20	34973.59	0.00	-29011.51
178.30	33407.89	0.00	-30224.20
178.40	31699.96	0.00	-31317.61
178.50	29847.70	0.00	-32287.42
178.60	27850.37	0.00	-33129.81
178.70	25708.62	0.00	-33841.45
178.80	23424.67	0.00	-34419.53
178.90	21002.37	0.00	-34861.77
179.00	18447.26	0.00	-35166.44
179.10	15766.63	0.00	-35332.31
179.20	12969.53	0.00	-35358.75
179.30	10066.75	0.00	-35245.64
179.40	7070.80	0.00	-34993.43
179.50	3995.82	0.00	-34603.12
179.60	857.51	0.00	-34076.24
179.70	-2327.02	0.00	-33414.89
179.80	-5539.35	0.00	-32621.66
179.90	-8759.95	0.00	-31699.68
180.00	-11968.34	0.00	-30652.61
180.10	-15143.31	0.00	-29484.56
180.20	-18263.13	0.00	-28200.15
180.30	-21305.79	0.00	-26804.44
180.40	-24249.23	0.00	-25302.95
180.50	-27071.58	0.00	-23701.60
180.60	-29751.44	0.00	-22006.72
180.70	-32268.09	0.00	-20224.98
180.80	-34601.73	0.00	-18363.42
180.90	-36733.75	0.00	-16429.39
181.00	-38646.94	0.00	-14430.52
181.10	-40325.66	0.00	-12374.70
181.20	-41756.06	0.00	-10270.05
181.30	-42926.28	0.00	-8124.86
181.40	-43826.51	0.00	-5947.61
181.50	-44449.20	0.00	-3746.88
181.60	-44789.09	0.00	-1531.37
181.70	-44853.86	0.00	690.19
181.80	-44798.83	0.00	2909.02
181.90	-44675.11	0.00	5116.37
182.00	-44480.85	0.00	7303.53
182.10	-44213.28	0.00	9461.86
182.20	-43868.72	0.00	11582.86
182.30	-43442.66	0.00	13658.14
182.40	-42929.95	0.00	15679.52
182.50	-42324.83	0.00	17639.02
182.60	-41621.16	0.00	19528.91
182.70	-40812.49	0.00	21341.72
182.80	-39892.34	0.00	23070.31
182.90	-38854.27	0.00	24707.85
183.00	-37692.14	0.00	26247.88
183.10	-36400.26	0.00	27684.32
183.20	-34973.59	0.00	29011.51
183.30	-33407.89	0.00	30224.20
183.40	-31699.96	0.00	31317.61
183.50	-29847.70	0.00	32287.42
183.60	-27850.37	0.00	33129.81
183.70	-25708.62	0.00	33841.45
183.80	-23424.67	0.00	34419.53
183.90	-21002.37	0.00	34861.77
184.00	-18447.26	0.00	35166.44
184.10	-15766.63	0.00	35332.31
184.20	-12969.53	0.00	35358.75
184.30	-10066.75	0.00	35245.64
184.40	-7070.80	0.00	34993.43
184.50	-3995.82	0.00	34603.12
184.60	-857.51	0.00	34076.24
184.70	2327.02	0.00	33414.89
184.80	5539.35	0.00	32621.66
184.90	8759.95	0.00	31699.68
185.00	11968.34	0.00	30652.61
185.10	15143.31	0.00	29484.56
185.20	18263.13	0.00	28200.15
185.30	21305.79	0.00	26804.44
185.40	24249.23	0.00	25302.95
185.50	27071.58	0.00	23701.60
185.60	29751.44	0.00	22006.72
185.70	32268.09	0.00	20224.98
185.80	34601.73	0.00	18363.42
185.90	36733.75	0.00	16429.39
186.00	38646.94	0.00	14430.52
186.10	40325.66	0.00	12374.70
186.20	41756.06	0.00	10270.05
186.30	42926.28	0.00	8124.86
186.40	43826.51	0.00	5947.61
186.50	44449.20	0.00	3746.88
186.60	44789.09	0.00	1531.37
186.70	44853.86	0.00	-690.19
186.80	44798.83	0.00	-2909.02
186.90	44675.11	0.00	-5116.37
187.00	44480.85	0.00	-7303.53
187.10	44213.28	0.00	-9461.86
187.20	43868.72	0.00	-11582.86
187.30	43442.66	0.00	-13658.14
187.40	42929.95	0.00	-15679.52
187.50	42324.83	0.00	-17639.02
187.60	41621.16	0.00	-19528.91
187.70	40812.49	0.00	-21341.72
187.80	39892.34	0.00	-23070.31
187.90	38854.27	0.00	-24707.85
188.00	37692.14	0.00	-26247.88
188.10	36400.26	0.00	-27684.32
188.20	34973.59	0.00	-29011.51
188.30	33407.89	0.00	-30224.20
188.40	31699.96	0.00	-31317.61
188.50	29847.70	0.00	-32287.42
188.60	27850.37	0.00	-33129.81
188.70	25708.62	0.00	-33841.45
188.80	23424.67	0.00	-34419.53
188.90	21002.37	0.00	-34861.77
189.00	18447.26	0.00	-35166.44
189.10	15766.63	0.00	-35332.31
189.20	12969.53	0.00	-35358.75
189.30	10066.75	0.00	-35245.64
189.40	7070.80	0.00	-34993.43
189.50	3995.82	0.00	-34603.12
189.60	857.51	0.00	-34076.24
189.70	-2327.02	0.00	-33414.89
189.80	-5539.35	0.00	-32621.66
189.90	-8759.95	0.00	-31699.68
190.00	-11968.34	0.00	-30652.61
190.10	-15143.31	0.00	-29484.56
190.20	-18263.13	0.00	-28200.15
190.30	-21305.79	0.00	-26804.44
190.40	-24249.23	0.00	-25302.95
190.50	-27071.58	0.00	-23701.60
190.60	-29751.44	0.00	-22006.72
190.70	-32268.09	0.00	-20224.98
190.80	-34601.73	0.00	-18363.42
190.90	-36733.75	0.00	-16429.39
191.00	-38646.94	0.00	-14430.52
191.10	-40325.66	0.00	-12374.70
191.20	-41756.06	0.00	-10270.05
191.30	-42926.28	0.00	-8124.86
191.40	-43826.51	0.00	-5947.61
191.50	-44449.20	0.00	-3746.88
191.60	-44789.09	0.00	-1531.37
191.70	-44853.86	0.00	690.19
191.80	-44798.83	0.00	2909.02
191.90	-44675.11	0.00	5116.37
192.00	-44480.85	0.00	7303.53
192.10	-44213.28	0.00	9461.86
192.20	-43868.72	0.00	11582.86
192.30	-43442.66	0.00	13658.14
192.40	-42929.95	0.00	15679.52
192.50	-42324.83	0.00	17639.02
192.60	-41621.16	0.00	19528.91
192.70	-40812.49	0.00	21341.72
192.80	-39892.34	0.00	23070.31
192.90	-38854.27	0.00	24707.85
193.00	-37692.14	0.00	26247.88
193.10	-36400.26	0.00	27684.32
193.20	-34973.59	0.00	29011.51
193.30	-33407.89	0.00	30224.20
193.40	-31699.96	0.00	31317.61
193.50	-29847.70	0.00	32287.42
193.60	-27850.37	0.00	33129.81
193.70	-25708.62	0.00	33841.45
193.80	-23424.67	0.00	34419.53
193.90	-21002.37	0.00	34861.77
194.00	-18447.26	0.00	35166.44
194.10	-15766.63	0.00	35332.31
194.20	-12969.53	0.00	35358.75
194.30	-10066.75	0.00	35245.64
194.40	-7070.80	0.00	34993.43
194.50	-3995.82	0.00	34603.12
194.60	-857.51	0.00	34076.24
194.70	2327.02	0.00	33414.89
194.80	5539.35	0.00	32621.66
194.90	8759.95	0.00	31699.68
195.00	11968.34	0.00	30652.61
195.10	15143.31	0.00	29484.56
195.20	18263.13	0.00	28200.15
195.30	21305.79	0.00	26804.44
195.40	24249.23	0.00	25302.95
195.50	27071.58	0.00	23701.60
195.60	29751.44	0.00	22006.72
195.70	32268.09	0.00	20224.98
195.80	34601.73	0.00	18363.42
195.90	36733.75	0.00	16429.39
196.00	38646.94	0.00	14430.52
196.10	40325.66	0.00	12374.70
196.20	41756.06	0.00	10270.05
196.30	42926.28	0.00	8124.86
196.40	43826.51	0.00	5947.61
196.50	44449.20	0.00	3746.88
196.60	44789.09	0.00	1531.37
196.70	44853.86	0.00	-690.19
196.80	44798.83	0.00	-2909.02
196.90	44675.11	0.00	-5116.37
197.00	44480.85	0.00	-7303.53
197.10	44213.28	0.00	-9461.86
197.20	43868.72	0.00	-11582.86
197.30	43442.66	0.00	-13658.14
197.40	42929.95	0.00	-15679.52
197.50	42324.83	0.00	-17639.02
197.60	41621.16	0.00	-19528.91
197.70	40812.49	0.00	-21341.72
197.80	39892.34	0.00	-23070.31
197.90	38854.27	0.00	-24707.85
198.00	37692.14	0.00	-26247.88
198.10	36400.26	0.00	-27684.32
198.20	34973.59	0.00	-29011.51
198.30	33407.89	0.00	-30224.20
198.40	31699.96	0.00	-31317.61
198.50	29847.70	0.00	-32287.42
198.60	27850.37	0.00	-33129.81
198.70	25708.62	0.00	-33841.45
198.80	23424.67	0.00	-34419.53
198.90	21002.37	0.00	-34861.77
199.00	18447.26	0.00	-35166.44
199.10	15766.63	0.00	-35332.31
199.20	12969.53	0.00	-35358.75
199.30	10066.75	0.00	-35245.64
199.40	7070.80	0.00	-34993.43
199.50	3995.82	0.00	-34603.12
199.60	857.51	0.00	-34076.24
199.70	-2327.02	0.00	-33414.89
199.80	-5539.35	0.00	-32621.66
199.90	-8759.95	0.00	-31699.68
200.00	-11968.34	0.00	-30652.61
200.10	-15143.31	0.00	-29484.56
200.20	-18263.13	0.00	-28200.15
200.30	-21305.79	0.00	-26804.44
200.40	-24249.23	0.00	-25302.95
200.50	-27071.58	0.00	-23701.60
200.60	-29751.44	0.00	-22006.72
200.70	-32268.09	0.00	-20224.98
200.80	-34601.73	0.00	-18363.42
200.90	-36733.75	0.00	-16429.39
201.00	-38646.94	0.00	-14430.52
201.10	-40325.66	0.00	-12374.70
201.20	-41756.06	0.00	-10270.05
201.30	-42926.28	0.00	-8124.86
201.40	-43826.51	0.00	-5947.61
201.50	-44449.20	0.00	-3746.88
201.60	-44789.09	0.00	-1531.37
201.70	-44853.86	0.00	690.19
201.80	-44798.83	0.00	2909.02
201.90	-44675.11	0.00	5116.37
202.00	-44480.85	0.00	7303.53
202.10	-44213.28	0.00	9461.86
202.20	-43868.72	0.00	11582.86
202.30	-43442.66	0.00	13658.14
202.40	-42929.95	0.00	15679.52
202.50	-42324.83	0.00	17639.02
202.60	-41621.16	0.00	19528.91
202.70	-40812.49	0.00	21341.72
202.80	-39892.34	0.00	23070.31
202.90	-38854.27	0.00	24707.85
203.00	-37692.14	0.00	26247.88
203.10	-36400.26	0.00	27684.32
203.20	-34973.59	0.00	29011.51
203.30	-33407.89	0.00	30224.20
203.40	-31699.96	0.00	31317.61
203.50	-29847.70	0.00	32287.42
203.60	-27850.37	0.00	33129.81
203.70	-25708.62	0.00	33841.45
203.80	-23424.67	0.00	34419.53
203.90	-21002.37	0.00	34861.77
204.00	-18447.26	0.00	35166.44
204.10	-15766.63	0.00	35332.31
204.20	-12969.53	0.00	35358.75
204.30	-10066.75	0.00	35245.64
204.40	-7070.80	0.00	34993.43
204.50	-3995.82	0.00	34603.12
204.60	-857.51	0.00	34076.24
204.70	2327.02	0.00	33414.89
204.80	5539.35	0.00	32621.66
204.90	8759.95	0.00	31699.68
205.00	11968.34	0.00	30652.61
205.10	15143.31	0.00	29484.56
205.20	18263.13	0.00	28200.15
205.30	21305.79	0.00	26804.44
205.40	24249.23	0.00	25302.95
205.50	27071.58	0.00	23701.60
205.60	29751.44	0.00	22006.72
205.70	32268.09	0.00	20224.98
205.80	34601.73	0.00	18363.42
205.90	36733.75	0.00	16429.39
206.00	38646.94	0.00	14430.52
206.10	40325.66	0.00	12374.70
206.20	41756.06	0.00	10270.05
206.30	42926.28	0.00	8124.86
206.40	43826.51	0.00	5947.61
206.50	44449.20	0.00	3746.88
206.60	44789.09	0.00	1531.37
206.70	44853.86	0.00	-690.19
206.80	44798.83	0.00	-2909.02
206.90	44675.11	0.00	-5116.37
207.00	44480.85	0.00	-7303.53
207.10	44213.28	0.00	-9461.86
207.20	43868.72	0.00	-11582.86
207.30	43442.66	0.00	-13658.14
207.40	42929.95	0.00	-15679.52
207.50	42324.83	0.00	-17639.02
207.60	41621.16	0.00	-19528.91
207.70	40812.49	0.00	-21341.72
207.80	39892.34	0.00	-23070.31
207.90	38854.27	0.00	-24707.85
208.00	37692.14	0.00	-26247.88
208.10	36400.26	0.00	-27684.32
208.20	34973.59	0.00	-29011.51
208.30	33407.89	0.00	-30224.20
208.40	31699.96	0.00	-31317.61
208.50	29847.70	0.00	-32287.42
208.60	27850.37	0.00	-33129.81
208.70	25708.62	0.00	-33841.45
208.80	23424.67	0.00	-34419.53
208.90	21002.37	0.00	-34861.77
209.00	18447.26	0.00	-35166.44
209.10	15766.63	0.00	-35332.31
209.20	12969.53	0.00	-35358.75
209.30	10066.75	0.00	-35245.64
209.40	7070.80	0.00	-34993.43
209.50	3995.82	0.00	-34603.12
209.60	857.51	0.00	-34076.24
209.70	-2327.02	0.00	-33414.89
209.80	-5539.35	0.00	-32621.66
209.90	-8759.95	0.00	-31699.68
210.00	-11968.34	0.00	-30652.61
210.10	-15143.31	0.00	-29484.56
210.20	-18263.13	0.00	-28200.15
210.30	-21305.79	0.00	-26804.44
210.40	-24249.23	0.00	-25302.95
210.50	-27071.58	0.00	-23701.60
210.60	-29751.44	0.00	-22006.72
210.70	-32268.09	0.00	-20224.98
210.80	-34601.73	0.00	-18363.42
210.90	-36733.75	0.00	-16429.39
211.00	-38646.94	0.00	-14430.52
211.10	-40325.66	0.00	-12374.70
211.20	-41756.06	0.00	-10270.05
211.30	-42926.28	0.00	-8124.86
211.40	-43826.51	0.00	-5947.61
211.50	-44449.20	0.00	-3746.88
211.60	-44789.09	0.00	-1531.37
211.70	-44853.86	0.00	690.19
211.80	-44798.83	0.00	2909.02
211.90	-44675.11	0.00	5116.37
212.00	-44480.85	0.00	7303.53
212.10	-44213.28	0.00	9461.86
212.20	-43868.72	0.00	11582.86
212.30	-43442.66	0.00	13658.14
212.40	-42929.95	0.00	15679.52
212.50	-42324.83	0.00	17639.02
212.60	-41621.16	0.00	19528.91
212.70	-40812.49	0.00	21341.72
212.80	-39892.34	0.00	23070.31
212.90	-38854.27	0.00	24707.85
213.00	-37692.14	0.00	26247.88
213.10	-36400.26	0.00	27684.32
213.20	-34973.59	0.00	29011.51
213.30	-33407.89	0.00	30224.20
213.40	-31699.96	0.00	31317.61
213.50	-29847.70	0.00	32287.42
213.60	-27850.37	0.00	33129.81
213.70	-25708.62	0.00	33841.45
213.80	-23424.67	0.00	34419.53
213.90	-21002.37	0.00	34861.77
214.00	-18447.26	0.00	35166.44
214.10	-15766.63	0.00	35332.31
214.20	-12969.53	0.00	35358.75
214.30	-10066.75	0.00	35245.64
214.40	-7070.80	0.00	34993.43
214.50	-3995.82	0.00	34603.12
214.60	-857.51	0.00	34076.24
214.70	2327.02	0.00	33414.89
214.80	5539.35	0.00	32621.66
214.90	8759.95	0.00	31699.68
215.00	11968.34	0.00	30652.61
215.10	15143.31	0.00	29484.56
215.20	18263.13	0.00	28200.15
215.30	21305.79	0.00	26804.44
215.40	24249.23	0.00	25302.95
215.50	27071.58	0.00	23701.60
215.60	29751.44	0.00	22006.72
215.70	32268.09	0.00	20224.98
215.80	34601.73	0.00	18363.42
215.90	36733.75	0.00	16429.39
216.00	38646.94	0.00	14430.52
216.10	40325.66	0.00	12374.70
216.20	41756.06	0.00	10270.05
216.30	42926.28	0.00	8124.86
216.40	43826.51	0.00	5947.61
216.50	44449.20	0.00	3746.88
216.60	44789.09	0.00	1531.37
216.70	44853.86	0.00	-690.19
216.80	44798.83	0.00	-2909.02
216.90	44675.11	0.00	-5116.37
217.00	44480.85	0.00	-7303.53
217.10	44213.28	0.00	-9461.86
217.20	43868.72	0.00	-11582.86
217.30	43442.66	0.00	-13658.14
217.40	42929.95	0.00	-15679.52
217.50	42324.83	0.00	-17639.02
217.60	41621.16	0.00	-19528.91
217.70	40812.49	0.00	-21341.72
217.80	39892.34	0.00	-23070.31
217.90	38854.27	0.00	-24707.85
218.00	37692.14	0.00	-26247.88
218.10	36400.26	0.00	-27684.32
218.20	34973.59	0.00	-29011.51
218.30	33407.89	0.00	-30224.20
218.40	31699.96	0.00	-31317.61
218.50	29847.70	0.00	-32287.42
218.60	27850.37	0.00	-33129.81
218.70	25708.62	0.00	-33841.45
218.80	23424.67	0.00	-34419.53
218.90	21002.37	0.00	-34861.77
219.00	18447.26	0.00	-35166.44
219.10	15766.63	0.00	-35332.31
219.20	12969.53	0.00	-35358.75
219.30	10066.75	0.00	-35245.64
219.40	7070.80	0.00	-34993.43
219.50	3995.82	0.00	-34603.12
219.60	857.51	0.00	-34076.24
219.70	-2327.02	0.00	-33414.89
219.80	-5539.35	0.00	-32621.66
219.90	-8759.95	0.00	-31699.68
220.00	-11968.34	0.00	-30652.61
220.10	-15143.31	0.00	-29484.56
220.20	-18263.13	0.00	-28200.15
220.30	-21305.79	0.00	-26804.44
220.40	-24249.23	0.00	-25302.95
220.50	-27071.58	0.00	-23701.60
220.60	-29751.44	0.00	-22006.72
220.70	-32268.09	0.00	-20224.98
220.80	-34601.73	0.00	-18363.42
220.90	-36733.75	0.00	-16429.39
221.00	-38646.94	0.00	-14430.52
221.10	-40325.66	0.00	-12374.70
221.20	-41756.06	0.00	-10270.05
221.30	-42926.28	0.00	-8124.86
221.40	-43826.51	0.00	-5947.61
221.50	-44449.20	0.00	-3746.88
221.60	-44789.09	0.00	-1531.37
221.70	-44853.86	0.00	690.19
221.80	-44798.83	0.00	2909.02
221.90	-44675.11	0.00	5116.37
222.00	-44480.85	0.00	7303.53
222.10	-44213.28	0.00	9461.86
222.20	-43868.72	0.00	11582.86
222.30	-43442.66	0.00	13658.14
222.40	-42929.95	0.00	15679.52
222.50	-42324.83	0.00	17639.02
222.60	-41621.16	0.00	19528.91
222.70	-40812.49	0.00	21341.72
222.80	-39892.34	0.00	23070.31
222.90	-38854.27	0.00	24707.85
223.00	-37692.14	0.00	26247.88
223.10	-36400.26	0.00	27684.32
223.20	-34973.59	0.00	29011.51
223.30	-33407.89	0.00	30224.20
223.40	-31699.96	0.00	31317.61
223.50	-29847.70	0.00	32287.42
223.60	-27850.37	0.00	33129.81
223.70	-25708.62	0.00	33841.45
223.80	-23424.67	0.00	34419.53
223.90	-21002.37	0.00	34861.77
224.00	-18447.26	0.00	35166.44
224.10	-15766.63	0.00	35332.31
224.20	-12969.53	0.00	35358.75
224.30	-10066.75	0.00	35245.64
224.40	-7070.80	0.00	34993.43
224.50	-3995.82	0.00	34603.12
224.60	-857.51	0.00	34076.24
224.70	2327.02	0.00	33414.89
224.80	5539.35	0.00	32621.66
224.90	8759.95	0.00	31699.68
225.00	11968.34	0.00	30652.61
225.10	15143.31	0.00	29484.56
225.20	18263.13	0.00	28200.15
225.30	21305.79	0.00	26804.44
225.40	24249.23	0.00	25302.95
225.50	27071.58	0.00	23701.60
225.60	29751.44	0.00	22006.72
225.70	32268.09	0.00	20224.98
225.80	34601.73	0.00	18363.42
225.90	36733.75	0.00	16429.39
226.00	38646.94	0.00	14430.52
226.10	40325.66	0.00	12374.70
226.20	41756.06	0.00	10270.05
226.30	42926.28	0.00	8124.86
226.40	43826.51	0.00	5947.61
226.50	44449.20	0.00	3746.88
226.60	44789.09	0.00	1531.37
226.70	44853.86	0.00	-690.19
226.80	44798.83	0.00	-2909.02
226.90	44675.11	0.00	-5116.37
227.00	44480.85	0.00	-7303.53
227.10	44213.28	0.00	-9461.86
227.20	43868.72	0.00	-11582.86
227.30	43442.66	0.00	-13658.14
227.40	42929.95	0.00	-15679.52
227.50	42324.83	0.00	-17639.02
227.60	41621.16	0.00	-19528.91
227.70	40812.49	0.00	-21341.72
227.80	39892.34	0.00	-23070.31
227.90	38854.27	0.00	-24707.85
228.00	37692.14	0.00	-26247.88
228.10	36400.26	0.00	-27684.32
228.20	34973.59	0.00	-29011.51
228.30	33407.89	0.00	-30224.20
228.40	31699.96	0.00	-31317.61
228.50	29847.70	0.00	-32287.42
228.60	27850.37	0.00	-33129.81
228.70	25708.62	0.00	-33841.45
228.80	23424.67	0.00	-34419.53
228.90	21002.37	0.00	-34861.77
229.00	18447.26	0.00	-35166.44
229.10	15766.63	0.00	-35332.31
229.20	12969.53	0.00	-35358.75
229.30	10066.75	0.00	-35245.64
229.40	7070.80	0.00	-34993.43
229.50	3995.82	0.00	-34603.12
229.60	857.51	0.00	-34076.24
229.70	-2327.02	0.00	-33414.89
229.80	-5539.35	0.00	-32621.66
229.90	-8759.95	0.00	-31699.68
230.00	-11968.34	0.00	-30652.61
230.10	-15143.31	0.00	-29484.56
230.20	-18263.13	0.00	-28200.15
230.30	-21305.79	0.00	-26804.44
230.40	-24249.23	0.00	-25302.95
230.50	-27071.58	0.00	-23701.60
230.60	-29751.44	0.00	-22006.72
230.70	-32268.09	0.00	-20224.98
230.80	-34601.73	0.00	-18363.42
230.90	-36733.75	0.00	-16429.39
231.00	-38646.94	0.00	-14430.52
231.10	-40325.66	0.00	-12374.70
231.20	-41756.06	0.00	-10270.05
231.30	-42926.28	0.00	-8124.86
231.40	-43826.51	0.00	-5947.61
231.50	-44449.20	0.00	-3746.88
231.60	-44789.09	0.00	-1531.37
231.70	-44853.86	0.00	690.19
231.80	-44798.83	0.00	2909.02
231.90	-44675.11	0.00	5116.37
232.00	-44480.85	0.00	7303.53
232.10	-44213.28	0.00	9461.86
232.20	-43868.72	0.00	11582.86
232.30	-43442.66	0.00	13658.14
232.40	-42929.95	0.00	15679.52
232.50	-42324.83	0.00	17639.02
232.60	-41621.16	0.00	19528.91
232.70	-40812.49	0.00	21341.72
232.80	-39892.34	0.00	23070.31
232.90	-38854.27	0.00	24707.85
233.00	-37692.14	0.00	26247.88
233.10	-36400.26	0.00	27684.32
233.20	-34973.59	0.00	29011.51
233.30	-33407.89	0.00	30224.20
233.40	-31699.96	0.00	31317.61
233.50	-29847.70	0.00	32287.42
233.60	-27850.37	0.00	33129.81
233.70	-25708.62	0.00	33841.45
233.80	-23424.67	0.00	34419.53
233.90	-21002.37	0.00	34861.77
234.00	-18447.26	0.00	35166.44
234.10	-15766.63	0.00	35332.31
234.20	-12969.53	0.00	35358.75
234.30	-10066.75	0.00	35245.64
234.40	-7070.80	0.00	34993.43
234.50	-3995.82	0.00	34603.12
234.60	-857.51	0.00	34076.24
234.70	2327.02	0.00	33414.89
234.80	5539.35	0.00	32621.66
234.90	8759.95	0.00	31699.68
235.00	11968.34	0.00	30652.61
235.10	15143.31	0.00	29484.56
235.20	18263.13	0.00	28200.15
235.30	21305.79	0.00	26804.44
235.40	24249.23	0.00	25302.95
235.50	27071.58	0.00	23701.60
235.60	29751.44	0.00	22006.72
235.70	32268.09	0.00	20224.98
235.80	34601.73	0.00	18363.42
235.90	36733.75	0.00	16429.39
236.00	38646.94	0.00	14430.52
236.10	40325.66	0.00	12374.70
236.20	41756.06	0.00	10270.05
236.30	42926.28	0.00	8124.86
236.40	43826.51	0.00	5947.61
236.50	44449.20	0.00	3746.88
236.60	44789.09	0.00	1531.37
236.70	44853.86	0.00	-690.19
236.80	44798.83	0.00	-2909.02
236.90	44675.11	0.00	-5116.37
237.00	44480.85	0.00	-7303.53
237.10	44213.28	0.00	-9461.86
237.20	43868.72	0.00	-11582.86
237.30	43442.66	0.00	-13658.14
237.40	42929.95	0.00	-15679.52
237.50	42324.83	0.00	-17639.02
237.60	41621.16	0.00	-19528.91
237.70	40812.49	0.00	-21341.72
237.80	39892.34	0.00	-23070.31
237.90	38854.27	0.00	-24707.85
238.00	37692.14	0.00	-26247.88
238.10	36400.26	0.00	-27684.32
238.20	34973.59	0.00	-29011.51
238.30	33407.89	0.00	-30224.20
238.40	31699.96	0.00	-31317.61
238.50	29847.70	0.00	-32287.42
238.60	27850.37	0.00	-33129.81
238.70	25708.62	0.00	-33841.45
238.80	23424.67	0.00	-34419.53
238.90	21002.37	0.00	-34861.77
239.00	18447.26	0.00	-35166.44
239.10	15766.63	0.00	-35332.31
239.20	12969.53	0.00	-35358.75
239.30	10066.75	0.00	-35245.64
239.40	7070.80	0.00	-34993.43
239.50	3995.82	0.00	-34603.12
239.60	857.51	0.00	-34076.24
239.70	-2327.02	0.00	-33414.89
239.80	-5539.35	0.00	-32621.66
239.90	-8759.95	0.00	-31699.68
240.00	-11968.34	0.00	-30652.61
240.10	-15143.31	0.00	-29484.56
240.20	-18263.13	0.00	-28200.15
240.30	-21305.79	0.00	-26804.44
240.40	-24249.23	0.00	-25302.95
240.50	-27071.58	0.00	-23701.60
240.60	-29751.44	0.00	-22006.72
240.70	-32268.09	0.00	-20224.98
240.80	-34601.73	0.00	-18363.42
240.90	-36733.75	0.00	-16429.39
241.00	-38646.94	0.00	-14430.52
241.10	-40325.66	0.00	-12374.70
241.20	-41756.06	0.00	-10270.05
241.30	-42926.28	0.00	-8124.86
241.40	-43826.51	0.00	-5947.61
241.50	-44449.20	0.00	-3746.88
241.60	-44789.09	0.00	-1531.37
241.70	-44853.86	0.00	690.19
241.80	-44798.83	0.00	2909.02
241.90	-44675.11	0.00	5116.37
242.00	-44480.85	0.00	7303.53
242.10	-44213.28	0.00	9461.86
242.20	-43868.72	0.00	11582.86
242.30	-43442.66	0.00	13658.14
242.40	-42929.95	0.00	15679.52
242.50	-42324.83	0.00	17639.02
242.60	-41621.16	0.00	19528.91
242.70	-40812.49	0.00	21341.72
242.80	-39892.34	0.00	23070.31
242.90	-38854.27	0.00	24707.85
243.00	-37692.14	0.00	26247.88
243.10	-36400.26	0.00	27684.32
243.20	-34973.59	0.00	29011.51
243.30	-33407.89	0.00	30224.20
243.40	-31699.96	0.00	31317.61
243.50	-29847.70	0.00	32287.42
243.60	-27850.37	0.00	33129.81
243.70	-25708.62	0.00	33841.45
243.80	-23424.67	0.00	34419.53
243.90	-21002.37	0.00	34861.77
244.00	-18447.26	0.00	35166.44
244.10	-15766.63	0.00	35332.31
244.20	-12969.53	0.00	35358.75
244.30	-10066.75	0.00	35245.64
244.40	-7070.80	0.00	34993.43
244.50	-3995.82	0.00	34603.12
244.60	-857.51	0.00	34076.24
244.70	2327.02	0.00	33414.89
244.80	5539.35	0.00	32621.66
244.90	8759.95	0.00	31699.68
245.00	11968.34	0.00	30652.61
245.10	15143.31	0.00	29484.56
245.20	18263.13	0.00	28200.15
245.30	21305.79	0.00	26804.44
245.40	24249.23	0.00	25302.95
245.50	27071.58	0.00	23701.60
245.60	29751.44	0.00	22006.72
245.70	32268.09	0.00	20224.98
245.80	34601.73	0.00	18363.42
245.90	36733.75	0.00	16429.39
246.00	38646.94	0.00	14430.52
246.10	40325.66	0.00	12374.70
246.20	41756.06	0.00	10270.05
246.30	42926.28	0.00	8124.86
246.40	43826.51	0.00	5947.61
246.50	44449.20	0.00	3746.88
246.60	44789.09	0.00	1531.37
246.70	44853.86	0.00	-690.19
246.80	44798.83	0.00	-2909.02
246.90	44675.11	0.00	-5116.37
247.00	44480.85	0.00	-7303.53
247.10	44213.28	0.00	-9461.86
247.20	43868.72	0.00	-11582.86
247.30	43442.66	0.00	-13658.14
247.40	42929.95	0.00	-15679.52
247.50	42324.83	0.00	-17639.02
247.60	41621.16	0.00	-19528.91
247.70	40812.49	0.00	-21341.72
247.80	39892.34	0.00	-23070.31
247.90	38854.27	0.00	-24707.85
248.00	37692.14	0.00	-26247.88
248.10	36400.26	0.00	-27684.32
248.20	34973.59	0.00	-29011.51
248.30	33407.89	0.00	-30224.20
248.40	31699.96	0.00	-31317.61
248.50	29847.70	0.00	-32287.42
248.60	27850.37	0.00	-33129.81
248.70	25708.62	0.00	-33841.45
248.80	23424.67	0.00	-34419.53
248.90	21002.37	0.00	-34861.77
249.00	18447.26	0.00	-35166.44
249.10	15766.63	0.00	-35332.31
249.20	12969.53	0.00	-35358.75
249.30	10066.75	0.00	-35245.64
249.40	7070.80	0.00	-34993.43
249.50	3995.82	0.00	-34603.12
249.60	857.51	0.00	-34076.24
249.70	-2327.02	0.00	-33414.89
249.80	-5539.35	0.00	-32621.66
249.90	-8759.95	0.00	-31699.68
250.00	-11968.34	0.00	-30652.61
250.10	-15143.31	0.00	-29484.56
250.20	-18263.13	0.00	-28200.15
250.30	-21305.79	0.00	-26804.44
250.40	-24249.23	0.00	-25302.95
250.50	-27071.58	0.00	-23701.60
250.60	-29751.44	0.00	-22006.72
250.70	-32268.09	0.00	-20224.98
250.80	-34601.73	0.00	-18363.42
250.90	-36733.75	0.00	-16429.39
251.00	-38646.94	0.00	-14430.52
251.10	-40325.66	0.00	-12374.70
251.20	-41756.06	0.00	-10270.05
251.30	-42926.28	0.00	-8124.86
251.40	-43826.51	0.00	-5947.61
251.50	-44449.20	0.00	-3746.88
251.60	-44789.09	0.00	-1531.37
251.70	-44853.86	0.00	690.19
251.80	-44798.83	0.00	2909.02
251.90	-44675.11	0.00	5116.37
252.00	-44480.85	0.00	7303.53
252.10	-44213.28	0.00	9461.86
252.20	-43868.72	0.00	11582.86
252.30	-43442.66	0.00	13658.14
252.40	-42929.95	0.00	15679.52
252.50	-42324.83	0.00	17639.02
252.60	-41621.16	0.00	19528.91
252.70	-40812.49	0.00	21341.72
252.80	-39892.34	0.00	23070.31
252.90	-38854.27	0.00	24707.85
253.00	-37692.14	0.00	26247.88
253.10	-36400.26	0.00	27684.32
253.20	-34973.59	0.00	29011.51
253.30	-33407.89	0.00	30224.20
253.40	-31699.96	0.00	31317.61
253.50	-29847.70	0.00	32287.42
253.60	-27850.37	0.00	33129.81
253.70	-25708.62	0.00	33841.45
253.80	-23424.67	0.00	34419.53
253.90	-21002.37	0.00	34861.77
254.00	-18447.26	0.00	35166.44
254.10	-15766.63	0.00	35332.31
254.20	-12969.53	0.00	35358.75
254.30	-10066.75	0.00	35245.64
254.40	-7070.80	0.00	34993.43
254.50	-3995.82	0.00	34603.12
254.60	-857.51	0.00	34076.24
254.70	2327.02	0.00	33414.89
254.80	5539.35	0.00	32621.66
254.90	8759.95	0.00	31699.68
255.00	11968.34	0.00	30652.61
255.10	15143.31	0.00	29484.56
255.20	18263.13	0.00	28200.15
255.30	21305.79	0.00	26804.44
255.40	24249.23	0.00	25302.95
255.50	27071.58	0.00	23701.60
255.60	29751.44	0.00	22006.72
255.70	32268.09	0.00	20224.98
255.80	34601.73	0.00	18363.42
255.90	36733.75	0.00	16429.39
256.00	38646.94	0.00	14430.52
256.10	40325.66	0.00	12374.70
256.20	41756.06	0.00	10270.05
256.30	42926.28	0.00	8124.86
256.40	43826.51	0.00	5947.61
256.50	44449.20	0.00	3746.88
256.60	44789.09	0.00	1531.37
256.70	44853.86	0.00	-690.19
256.80	44798.83	0.00	-2909.02
256.90	44675.11	0.00	-5116.37
257.00	44480.85	0.00	-7303.53
257.10	44213.28	0.00	-9461.86
257.20	43868.72	0.00	-11582.86
257.30	43442.66	0.00	-13658.14
257.40	42929.95	0.00	-15679.52
257.50	42324.83	0.00	-17639.02
257.60	41621.16	0.00	-19528.91
257.70	40812.49	0.00	-21341.72
257.80	39892.34	0.00	-23070.31
257.90	38854.27	0.00	-24707.85
258.00	37692.14	0.00	-26247.88
258.10	36400.26	0.00	-27684.32
258.20	34973.59	0.00	-29011.51
258.30	33407.89	0.00	-30224.20
258.40	31699.96	0.00	-31317.61
258.50	29847.70	0.00	-32287.42
258.60	27850.37	0.00	-33129.81
258.70	25708.62	0.00	-33841.45
258.80	23424.67	0.00	-34419.53
258.90	21002.37	0.00	-34861.77
259.00	18447.26	0.00	-35166.44
259.10	15766.63	0.00	-35332.31
259.20	12969.53	0.00	-35358.75
259.30	10066.75	0.00	-35245.64
259.40	7070.80	0.00	-34993.43
259.50	3995.82	0.00	-34603.12
259.60	857.51	0.00	-34076.24
259.70	-2327.02	0.00	-33414.89
259.80	-5539.35	0.00	-32621.66
259.90	-8759.95	0.00	-31699.68
260.00	-11968.34	0.00	-30652.61
260.10	-15143.31	0.00	-29484.56
260.20	-18263.13	0.00	-28200.15
260.30	-21305.79	0.00	-26804.44
260.40	-24249.23	0.00	-25302.95
260.50	-27071.58	0.00	-23701.60
260.60	-29751.44	0.00	-22006.72
260.70	-32268.09	0.00	-20224.98
260.80	-34601.73	0.00	-18363.42
260.90	-36733.75	0.00	-16429.39
261.00	-38646.94	0.00	-14430.52
261.10	-40325.66	0.00	-12374.70
261.20	-41756.06	0.00	-10270.05
261.30	-42926.28	0.00	-8124.86
261.40	-43826.51	0.00	-5947.61
261.50	-44449.20	0.00	-3746.88
261.60	-44789.09	0.00	-1531.37
261.70	-44853.86	0.00	690.19
261.80	-44798.83	0.00	2909.02
261.90	-44675.11	0.00	5116.37
262.00	-44480.85	0.00	7303.53
262.10	-44213.28	0.00	9461.86
262.20	-43868.72	0.00	11582.86
262.30	-43442.66	0.00	13658.14
262.40	-42929.95	0.00	15679.52
262.50	-42324.83	0.00	17639.02
262.60	-41621.16	0.00	19528.91
262.70	-40812.49	0.00	21341.72
262.80	-39892.34	0.00	23070.31
262.90	-38854.27	0.00	24707.85
263.00	-37692.14	0.00	26247.88
263.10	-36400.26	0.00	27684.32
263.20	-34973.59	0.00	29011.51
263.30	-33407.89	0.00	30224.20
263.40	-31699.96	0.00	31317.61
263.50	-29847.70	0.00	32287.42
263.60	-27850.37	0.00	33129.81
263.70	-25708.62	0.00	33841.45
263.80	-23424.67	0.00	34419.53
263.90	-21002.37	0.00	34861.77
264.00	-18447.26	0.00	35166.44
264.10	-15766.63	0.00	35332.31
264.20	-12969.53	0.00	35358.75
264.30	-10066.75	0.00	35245.64
264.40	-7070.80	0.00	34993.43
264.50	-3995.82	0.00	34603.12
264.60	-857.51	0.00	34076.24
264.70	2327.02	0.00	33414.89
264.80	5539.35	0.00	32621.66
264.90	8759.95	0.00	31699.68
265.00	11968.34	0.00	30652.61
265.10	15143.31	0.00	29484.56
265.20	18263.13	0.00	28200.15
265.30	21305.79	0.00	26804.44
265.40	24249.23	0.00	25302.95
265.50	27071.58	0.00	23701.60
265.60	29751.44	0.00	22006.72
265.70	32268.09	0.00	20224.98
265.80	34601.73	0.00	18363.42
265.90	36733.75	0.00	16429.39
266.00	38646.94	0.00	14430.52
266.10	40325.66	0.00	12374.70
266.20	41756.06	0.00	10270.05
266.30	42926.28	0.00	8124.86
266.40	43826.51	0.00	5947.61
266.50	44449.20	0.00	3746.88
266.60	44789.09	0.00	1531.37
266.70	44853.86	0.00	-690.19
266.80	44798.83	0.00	-2909.02
266.90	44675.11	0.00	-5116.37
267.00	44480.85	0.00	-7303.53
267.10	44213.28	0.00	-9461.86
267.20	43868.72	0.00	-11582.86
267.30	43442.66	0.00	-13658.14
267.40	42929.95	0.00	-15679.52
267.50	42324.83	0.00	-17639.02
267.60	41621.16	0.00	-19528.91
267.70	40812.49	0.00	-21341.72
267.80	39892.34	0.00	-23070.31
267.90	38854.27	0.00	-24707.85
268.00	37692.14	0.00	-26247.88
268.10	36400.26	0.00	-27684.32
268.20	34973.59	0.00	-29011.51
268.30	33407.89	0.00	-30224.20
268.40	31699.96	0.00	-31317.61
268.50	29847.70	0.00	-32287.42
268.60	27850.37	0.00	-33129.81
268.70	25708.62	0.00	-33841.45
268.80	23424.67	0.00	-34419.53
268.90	21002.37	0.00	-34861.77
269.00	18447.26	0.00	-35166.44
269.10	15766.63	0.00	-35332.31
269.20	12969.53	0.00	-35358.75
269.30	10066.75	0.00	-35245.64
269.40	7070.80	0.00	-34993.43
269.50	3995.82	0.00	-34603.12
269.60	857.51	0.00	-34076.24
269.70	-2327.02	0.00	-33414.89
269.80	-5539.35	0.00	-32621.66
269.90	-8759.95	0.00	-31699.68
270.00	-11968.34	0.00	-30652.61
270.10	-15143.31	0.00	-29484.56
270.20	-18263.13	0.00	-28200.15
270.30	-21305.79	0.00	-26804.44
270.40	-24249.23	0.00	-25302.95
270.50	-27071.58	0.00	-23701.60
270.60	-29751.44	0.00	-22006.72
270.70	-32268.09	0.00	-20224.98
270.80	-34601.73	0.00	-18363.42
270.90	-36733.75	0.00	-16429.39
271.00	-38646.94	0.00	-14430.52
271.10	-40325.66	0.00	-12374.70
271.20	-41756.06	0.00	-10270.05
271.30	-42926.28	0.00	-8124.86
271.40	-43826.51	0.00	-5947.61
271.50	-44449.20	0.00	-3746.88
271.60	-44789.09	0.00	-1531.37
271.70	-44853.86	0.00	690.19
271.80	-44798.83	0.00	2909.02
271.90	-44675.11	0.00	5116.37
272.00	-44480.85	0.00	7303.53
272.10	-44213.28	0.00	9461.86
272.20	-43868.72	0.00	11582.86
272.30	-43442.66	0.00	13658.14
272.40	-42929.95	0.00	15679.52
272.50	-42324.83	0.00	17639.02
272.60	-41621.16	0.00	19528.91
272.70	-40812.49	0.00	21341.72
272.80	-39892.34	0.00	23070.31
272.90	-38854.27	0.00	24707.85
273.00	-37692.14	0.00	26247.88
273.10	-36400.26	0.00	27684.32
273.20	-34973.59	0.00	29011.51
273.30	-33407.89	0.00	30224.20
273.40	-31699.96	0.00	31317.61
273.50	-29847.70	0.00	32287.42
273.60	-27850.37	0.00	33129.81
273.70	-25708.62	0.00	33841.45
273.80	-23424.67	0.00	34419.53
273.90	-21002.37	0.00	34861.77
274.00	-18447.26	0.00	35166.44
274.10	-15766.63	0.00	35332.31
274.20	-12969.53	0.00	35358.75
274.30	-10066.75	0.00	35245.64
274.40	-7070.80	0.00	34993.43
274.50	-3995.82	0.00	34603.12
274.60	-857.51	0.00	34076.24
274.70	2327.02	0.00	33414.89
274.80	5539.35	0.00	32621.66
274.90	8759.95	0.00	31699.68
275.00	11968.34	0.00	30652.61
275.10	15143.31	0.00	29484.56
275.20	18263.13	0.00	28200.15
275.30	21305.79	0.00	26804.44
275.40	24249.23	0.00	25302.95
275.50	27071.58	0.00	23701.60
275.60	29751.44	0.00	22006.72
275.70	32268.09	0.00	20224.98
275.80	34601.73	0.00	18363.42
275.90	36733.75	0.00	16429.39
276.00	38646.94	0.00	14430.52
276.10	40325.66	0.00	12374.70
276.20	41756.06	0.00	10270.05
276.30	42926.28	0.00	8124.86
276.40	43826.51	0.00	5947.61
276.50	44449.20	0.00	3746.88
276.60	44789.09	0.00	1531.37
276.70	44853.86	0.00	-690.19
276.80	44798.83	0.00	-2909.02
276.90	44675.11	0.00	-5116.37
277.00	44480.85	0.00	-7303.53
277.10	44213.28	0.00	-9461.86
277.20	43868.72	0.00	-11582.86
277.30	43442.66	0.00	-13658.14
277.40	42929.95	0.00	-15679.52
277.50	42324.83	0.00	-17639.02
277.60	41621.16	0.00	-19528.91
277.70	40812.49	0.00	-21341.72
277.80	39892.34	0.00	-23070.31
277.90	38854.27	0.00	-24707.85
278.00	37692.14	0.00	-26247.88
278.10	36400.26	0.00	-27684.32
278.20	34973.59	0.00	-29011.51
278.30	33407.89	0.00	-30224.20
278.40	31699.96	0.00	-31317.61
278.50	29847.70	0.00	-32287.42
278.60	27850.37	0.00	-33129.81
278.70	25708.62	0.00	-33841.45
278.80	23424.67	0.00	-34419.53
278.90	21002.37	0.00	-34861.77
279.00	18447.26	0.00	-35166.44
279.10	15766.63	0.00	-35332.31
279.20	12969.53	0.00	-35358.75
279.30	10066.75	0.00	-35245.64
279.40	7070.80	0.00	-34993.43
279.50	3995.82	0.00	-34603.12
279.60	857.51	0.00	-34076.24
279.70	-2327.02	0.00	-33414.89
279.80	-5539.35	0.00	-32621.66
279.90	-8759.95	0.00	-31699.68
280.00	-11968.34	0.00	-30652.61
280.10	-15143.31	0.00	-29484.56
280.20	-18263.13	0.00	-28200.15
280.30	-21305.79	0.00	-26804.44
280.40	-24249.23	0.00	-25302.95
280.50	-27071.58	0.00	-23701.60
280.60	-29751.44	0.00	-22006.72
280.70	-32268.09	0.00	-20224.98
280.80	-34601.73	0.00	-18363.42
280.90	-36733.75	0.00	-16429.39
281.00	-38646.94	0.00	-14430.52
281.10	-40325.66	0.00	-12374.70
281.20	-41756.06	0.00	-10270.05
281.30	-42926.28	0.00	-8124.86
281.40	-43826.51	0.00	-5947.61
281.50	-44449.20	0.00	-3746.88
281.60	-44789.09	0.00	-1531.37
281.70	-44853.86	0.00	690.19
281.80	-44798.83	0.00	2909.02
281.90	-44675.11	0.00	5116.37
282.00	-44480.85	0.00	7303.53
282.10	-44213.28	0.00	9461.86
282.20	-43868.72	0.00	11582.86
282.30	-43442.66	0.00	13658.14
282.40	-42929.95	0.00	15679.52
282.50	-42324.83	0.00	17639.02
282.60	-41621.16	0.00	19528.91
282.70	-40812.49	0.00	21341.72
282.80	-39892.34	0.00	23070.31
282.90	-38854.27	0.00	24707.85
283.00	-37692.14	0.00	26247.88
283.10	-36400.26	0.00	27684.32
283.20	-34973.59	0.00	29011.51
283.30	-33407.89	0.00	30224.20
283.40	-31699.96	0.00	31317.61
283.50	-29847.70	0.00	32287.42
283.60	-27850.37	0.00	33129.81
283.70	-25708.62	0.00	33841.45
283.80	-23424.67	0.00	34419.53
283.90	-21002.37	0.00	34861.77
284.00	-18447.26	0.00	35166.44
284.10	-15766.63	0.00	35332.31
284.20	-12969.53	0.00	35358.75
284.30	-10066.75	0.00	35245.64
284.40	-7070.80	0.00	34993.43
284.50	-3995.82	0.00	34603.12
284.60	-857.51	0.00	34076.24
284.70	2327.02	0.00	33414.89
284.80	5539.35	0.00	32621.66
284.90	8759.95	0.00	31699.68
285.00	11968.34	0.00	30652.61
285.10	15143.31	0.00	29484.56
285.20	18263.13	0.00	28200.15
285.30	21305.79	0.00	26804.44
285.40	24249.23	0.00	25302.95
285.50	27071.58	0.00	23701.60
285.60	29751.44	0.00	22006.72
285.70	32268.09	0.00	20224.98
285.80	34601.73	0.00	18363.42
285.90	36733.75	0.00	16429.39
286.00	38646.94	0.00	14430.52
286.10	40325.66	0.00	12374.70
286.20	41756.06	0.00	10270.05
286.30	42926.28	0.00	8124.86
286.40	43826.51	0.00	5947.61
286.50	44449.20	0.00	3746.88
286.60	44789.09	0.00	1531.37
286.70	44853.86	0.00	-690.19
286.80	44798.83	0.00	-2909.02
286.90	44675.11	0.00	-5116.37
287.00	44480.85	0.00	-7303.53
287.10	44213.28	0.00	-9461.86
287.20	43868.72	0.00	-11582.86
287.30	43442.66	0.00	-13658.14
287.40	42929.95	0.00	-15679.52
287.50	42324.83	0.00	-17639.02
287.60	41621.16	0.00	-19528.91
287.70	40812.49	0.00	-21341.72
287.80	39892.34	0.00	-23070.31
287.90	38854.27	0.00	-24707.85
288.00	37692.14	0.00	-26247.88
288.10	36400.26	0.00	-27684.32
288.20	34973.59	0.00	-29011.51
288.30	33407.89	0.00	-30224.20
288.40	31699.96	0.00	-31317.61
288.50	29847.70	0.00	-32287.42
288.60	27850.37	0.00	-33129.81
288.70	25708.62	0.00	-33841.45
288.80	23424.67	0.00	-34419.53
288.90	21002.37	0.00	-34861.77
289.00	18447.26	0.00	-35166.44
289.10	15766.63	0.00	-35332.31
289.20	12969.53	0.00	-35358.75
289.30	10066.75	0.00	-35245.64
289.40	7070.80	0.00	-34993.43
289.50	3995.82	0.00	-34603.12
289.60	857.51	0.00	-34076.24
289.70	-2327.02	0.00	-33414.89
289.80	-5539.35	0.00	-32621.66
289.90	-8759.95	0.00	-31699.68
290.00	-11968.34	0.00	-30652.61
290.10	-15143.31	0.00	-29484.56
290.20	-18263.13	0.00	-28200.15
290.30	-21305.79	0.00	-26804.44
290.40	-24249.23	0.00	-25302.95
290.50	-27071.58	0.00	-23701.60
290.60	-29751.44	0.00	-22006.72
290.70	-32268.09	0.00	-20224.98
290.80	-34601.73	0.00	-18363.42
290.90	-36733.75	0.00	-16429.39
291.00	-38646.94	0.00	-14430.52
291.10	-40325.66	0.00	-12374.70
291.20	-41756.06	0.00	-10270.05
291.30	-42926.28	0.00	-8124.86
291.40	-43826.51	0.00	-5947.61
291.50	-44449.20	0.00	-3746.88
291.60	-44789.09	0.00	-1531.37
291.70	-44853.86	0.00	690.19
291.80	-44798.83	0.00	2909.02
291.90	-44675.11	0.00	5116.37
292.00	-44480.85	0.00	7303.53
292.10	-44213.28	0.00	9461.86
292.20	-43868.72	0.00	11582.86
292.30	-43442.66	0.00	13658.14
292.40	-42929.95	0.00	15679.52
292.50	-42324.83	0.00	17639.02
292.60	-41621.16	0.00	19528.91
292.70	-40812.49	0.00	21341.72
292.80	-39892.34	0.00	23070.31
292.90	-38854.27	0.00	24707.85
293.00	-37692.14	0.00	26247.88
293.10	-36400.26	0.00	27684.32
293.20	-34973.59	0.00	29011.51
293.30	-33407.89	0.00	30224.20
293.40	-31699.96	0.00	31317.61
293.50	-29847.70	0.00	32287.42
293.60	-27850.37	0.00	33129.81
293.70	-25708.62	0.00	33841.45
293.80	-23424.67	0.00	34419.53
293.90	-21002.37	0.00	34861.77
294.00	-18447.26	0.00	35166.44
294.10	-15766.63	0.00	35332.31
294.20	-12969.53	0.00	35358.75
294.30	-10066.75	0.00	35245.64
294.40	-7070.80	0.00	34993.43
294.50	-3995.82	0.00	34603.12
294.60	-857.51	0.00	34076.24
294.70	2327.02	0.00	33414.89
294.80	5539.35	0.00	32621.66
294.90	8759.95	0.00	31699.68
295.00	11968.34	0.00	30652.61
295.10	15143.31	0.00	29484.56
295.20	18263.13	0.00	28200.15
295.30	21305.79	0.00	26804.44
295.40	24249.23	0.00	25302.95
295.50	27071.58	0.00	23701.60
295.60	29751.44	0.00	22006.72
295.70	32268.09	0.00	20224.98
295.80	34601.73	0.00	18363.42
295.90	36733.75	0.00	16429.39
296.00	38646.94	0.00	14430.52
296.10	40325.66	0.00	12374.70
296.20	41756.06	0.00	10270.05
296.30	42926.28	0.00	8124.86
296.40	43826.51	0.00	5947.61
296.50	44449.20	0.00	3746.88
296.60	44789.09	0.00	1531.37
296.70	44853.86	0.00	-690.19
296.80	44798.83	0.00	-2909.02
296.90	44675.11	0.00	-5116.37
297.00	44480.85	0.00	-7303.53
297.10	44213.28	0.00	-9461.86
297.20	43868.72	0.00	-11582.86
297.30	43442.66	0.00	-13658.14
297.40	42929.95	0.00	-15679.52
297.50	42324.83	0.00	-17639.02
297.60	41621.16	0.00	-19528.91
297.70	40812.49	0.00	-21341.72
297.80	39892.34	0.00	-23070.31
297.90	38854.27	0.00	-24707.85
298.00	37692.14	0.00	-26247.88
298.10	36400.26	0.00	-27684.32
298.20	34973.59	0.00	-29011.51
298.30	33407.89	0.00	-30224.20
298.40	31699.96	0.00	-31317.61
298.50	29847.70	0.00	-32287.42
298.60	27850.37	0.00	-33129.81
298.70	25708.62	0.00	-33841.45
298.80	23424.67	0.00	-34419.53
298.90	21002.37	0.00	-34861.77
299.00	18447.26	0.00	-35166.44
299.10	15766.63	0.00	-35332.31
299.20	12969.53	0.00	-35358.75
299.30	10066.75	0.00	-35245.64
299.40	7070.80	0.00	-34993.43
299.50	3995.82	0.00	-34603.12
299.60	857.51	0.00	-34076.24
299.70	-2327.02	0.00	-33414.89
299.80	-5539.35	0.00	-32621.66
299.90	-8759.95	0.00	-31699.68
300.00	-11968.34	0.00	-30652.61
300.10	-15143.31	0.00	-29484.56
300.20	-18263.13	0.00	-28200.15
300.30	-21305.79	0.00	-26804.44
300.40	-24249.23	0.00	-25302.95
300.50	-27071.58	0.00	-23701.60
300.60	-29751.44	0.00	-22006.72
300.70	-32268.09	0.00	-20224.98
300.80	-34601.73	0.00	-18363.42
300.90	-36733.75	0.00	-16429.39
301.00	-38646.94	0.00	-14430.52
301.10	-40325.66	0.00	-12374.70
301.20	-41756.06	0.00	-10270.05
301.30	-42926.28	0.00	-8124.86
301.40	-43826.51	0.00	-5947.61
301.50	-44449.20	0.00	-3746.88
301.60	-44789.09	0.00	-1531.37
301.70	-44853.86	0.00	690.19
301.80	-44798.83	0.00	2909.02
301.90	-44675.11	0.00	5116.37
302.00	-44480.85	0.00	7303.53
302.10	-44213.28	0.00	9461.86
302.20	-43868.72	0.00	11582.86
302.30	-43442.66	0.00	13658.14
302.40	-42929.95	0.00	15679.52
302.50	-42324.83	0.00	17639.02
302.60	-41621.16	0.00	19528.91
302.70	-40812.49	0.00	21341.72
302.80	-39892.34	0.00	23070.31
302.90	-38854.27	0.00	24707.85
303.00	-37692.14	0.00	26247.88
303.10	-36400.26	0.00	27684.32
303.20	-34973.59	0.00	29011.51
303.30	-33407.89	0.00	30224.20
303.40	-31699.96	0.00	31317.61
303.50	-29847.70	0.00	32287.42
303.60	-27850.37	0.00	33129.81
303.70	-25708.62	0.00	33841.45
303.80	-23424.67	0.00	34419.53
303.90	-21002.37	0.00	34861.77
304.00	-18447.26	0.00	35166.44
304.10	-15766.63	0.00	35332.31
304.20	-12969.53	0.00	35358.75
304.30	-10066.75	0.00	35245.64
304.40	-7070.80	0.00	34993.43
304.50	-3995.82	0.00	34603.12
304.60	-857.51	0.00	34076.24
304.70	2327.02	0.00	33414.89
304.80	5539.35	0.00	32621.66
304.90	8759.95	0.00	31699.68
305.00	11968.34	0.00	30652.61
305.10	15143.31	0.00	29484.56
305.20	18263.13	0.00	28200.15
305.30	21305.79	0.00	26804.44
305.40	24249.23	0.00	25302.95
305.50	27071.58	0.00	23701.60
305.60	29751.44	0.00	22006.72
305.70	32268.09	0.00	20224.98
305.80	34601.73	0.00	18363.42
305.90	36733.75	0.00	16429.39
306.00	38646.94	0.00	14430.52
306.10	40325.66	0.00	12374.70
306.20	41756.06	0.00	10270.05
306.30	42926.28	0.00	8124.86
306.40	43826.51	0.00	5947.61
306.50	44449.20	0.00	3746.88
306.60	44789.09	0.00	1531.37
306.70	44853.86	0.00	-690.19
306.80	44798.83	0.00	-2909.02
306.90	44675.11	0.00	-5116.37
307.00	44480.85	0.00	-7303.53
307.10	44213.28	0.00	-9461.86
307.20	43868.72	0.00	-11582.86
307.30	43442.66	0.00	-13658.14
307.40	42929.95	0.00	-15679.52
307.50	42324.83	0.00	-17639.02
307.60	41621.16	0.00	-19528.91
307.70	40812.49	0.00	-21341.72
307.80	39892.34	0.00	-23070.31
307.90	38854.27	0.00	-24707.85
308.00	37692.14	0.00	-26247.88
308.10	36400.26	0.00	-27684.32
308.20	34973.59	0.00	-29011.51
308.30	33407.89	0.00	-30224.20
308.40	31699.96	0.00	-31317.61
308.50	29847.70	0.00	-32287.42
308.60	27850.37	0.00	-33129.81
308.70	25708.62	0.00	-33841.45
308.80	23424.67	0.00	-34419.53
308.90	21002.37	0.00	-34861.77
309.00	18447.26	0.00	-35166.44
309.10	15766.63	0.00	-35332.31
309.20	12969.53	0.00	-35358.75
309.30	10066.75	0.00	-35245.64
309.40	7070.80	0.00	-34993.43
309.50	3995.82	0.00	-34603.12
309.60	857.51	0.00	-34076.24
309.70	-2327.02	0.00	-33414.89
309.80	-5539.35	0.00	-32621.66
309.90	-8759.95	0.00	-31699.68
310.00	-11968.34	0.00	-30652.61
310.10	-15143.31	0.00	-29484.56
310.20	-18263.13	0.00	-28200.15
310.30	-21305.79	0.00	-26804.44
310.40	-24249.23	0.00	-25302.95
310.50	-27071.58	0.00	-23701.60
310.60	-29751.44	0.00	-22006.72
310.70	-32268.09	0.00	-20224.98
310.80	-34601.73	0.00	-18363.42
310.90	-36733.75	0.00	-16429.39
311.00	-38646.94	0.00	-14430.52
311.10	-40325.66	0.00	-12374.70
311.20	-41756.06	0.00	-10270.05
311.30	-42926.28	0.00	-8124.86
311.40	-43826.51	0.00	-5947.61
311.50	-44449.20	0.00	-3746.88
311.60	-44789.09	0.00	-1531.37
311.70	-44853.86	0.00	690.19
311.80	-44798.83	0.00	2909.02
311.90	-44675.11	0.00	5116.37
312.00	-44480.85	0.00	7303.53
312.10	-44213.28	0.00	9461.86
312.20	-43868.72	0.00	11582.86
312.30	-43442.66	0.00	13658.14
312.40	-42929.95	0.00	15679.52
312.50	-42324.83	0.00	17639.02
312.60	-41621.16	0.00	19528.91
312.70	-40812.49	0.00	21341.72
312.80	-39892.34	0.00	23070.31
312.90	-38854.27	0.00	24707.85
313.00	-37692.14	0.00	26247.88
313.10	-36400.26	0.00	27684.32
313.20	-34973.59	0.00	29011.51
313.30	-33407.89	0.00	30224.20
313.40	-31699.96	0.00	31317.61
313.50	-29847.70	0.00	32287.42
313.60	-27850.37	0.00	33129.81
313.70	-25708.62	0.00	33841.45
313.80	-23424.67	0.00	34419.53
313.90	-21002.37	0.00	34861.77
314.00	-18447.26	0.00	35166.44
314.10	-15766.63	0.00	35332.31
314.20	-12969.53	0.00	35358.75
314.30	-10066.75	0.00	35245.64
314.40	-7070.80	0.00	34993.43
314.50	-3995.82	0.00	34603.12
314.60	-857.51	0.00	34076.24
314.70	2327.02	0.00	33414.89
314.80	5539.35	0.00	32621.66
314.90	8759.95	0.00	31699.68
315.00	11968.34	0.00	30652.61
315.10	15143.31	0.00	29484.56
315.20	18263.13	0.00	28200.15
315.30	21305.79	0.00	26804.44
315.40	24249.23	0.00	25302.95
315.50	27071.58	0.00	23701.60
315.60	29751.44	0.00	22006.72
315.70	32268.09	0.00	20224.98
315.80	34601.73	0.00	18363.42
315.90	36733.75	0.00	16429.39
316.00	38646.94	0.00	14430.52
316.10	40325.66	0.00	12374.70
316.20	41756.06	0.00	10270.05
316.30	42926.28	0.00	8124.86
316.40	43826.51	0.00	5947.61
316.50	44449.20	0.00	3746.88
316.60	44789.09	0.00	1531.37
316.70	44853.86	0.00	-690.19
316.80	44798.83	0.00	-2909.02
316.90	44675.11	0.00	-5116.37
317.00	44480.85	0.00	-7303.53
317.10	44213.28	0.00	-9461.86
317.20	43868.72	0.00	-11582.86
317.30	43442.66	0.00	-13658.14
317.40	42929.95	0.00	-15679.52
317.50	42324.83	0.00	-17639.02
317.60	41621.16	0.00	-19528.91
317.70	40812.49	0.00	-21341.72
317.80	39892.34	0.00	-23070.31
317.90	38854.27	0.00	-24707.85
318.00	37692.14	0.00	-26247.88
318.10	36400.26	0.00	-27684.32
318.20	34973.59	0.00	-29011.51
318.30	33407.89	0.00	-30224.20
318.40	31699.96	0.00	-31317.61
318.50	29847.70	0.00	-32287.42
318.60	27850.37	0.00	-33129.81
318.70	25708.62	0.00	-33841.45
318.80	23424.67	0.00	-34419.53
318.90	21002.37	0.00	-34861.77
319.00	18447.26	0.00	-35166.44
319.10	15766.63	0.00	-35332.31
319.20	12969.53	0.00	-35358.75
319.30	10066.75	0.00	-35245.64
319.40	7070.80	0.00	-34993.43
319.50	3995.82	0.00	-34603.12
319.60	857.51	0.00	-34076.24
319.70	-2327.02	0.00	-33414.89
319.80	-5539.35	0.00	-32621.66
319.90	-8759.95	0.00	-31699.68
320.00	-11968.34	0.00	-30652.61
320.10	-15143.31	0.00	-29484.56
320.20	-18263.13	0.00	-28200.15
320.30	-21305.79	0.00	-26804.44
320.40	-24249.23	0.00	-25302.95
320.50	-27071.58	0.00	-23701.60
320.60	-29751.44	0.00	-22006.72
320.70	-32268.09	0.00	-20224.98
320.80	-34601.73	0.00	-18363.42
320.90	-36733.75	0.00	-16429.39
321.00	-38646.94	0.00	-14430.52
321.10	-40325.66	0.00	-12374.70
321.20	-41756.06	0.00	-10270.05
321.30	-42926.28	0.00	-8124.86
321.40	-43826.51	0.00	-5947.61
321.50	-44449.20	0.00	-3746.88
321.60	-44789.09	0.00	-1531.37
321.70	-44853.86	0.00	690.19
321.80	-44798.83	0.00	2909.02
321.90	-44675.11	0.00	5116.37
322.00	-44480.85	0.00	7303.53
322.10	-44213.28	0.00	9461.86
322.20	-43868.72	0.00	11582.86
322.30	-43442.66	0.00	13658.14
322.40	-42929.95	0.00	15679.52
322.50	-42324.83	0.00	17639.02
322.60	-41621.16	0.00	19528.91
322.70	-40812.49	0.00	21341.72
322.80	-39892.34	0.00	23070.31
322.90	-38854.27	0.00	24707.85
323.00	-37692.14	0.00	26247.88
323.10	-36400.26	0.00	27684.32
323.20	-34973.59	0.00	29011.51
323.30	-33407.89	0.00	30224.20
323.40	-31699.96	0.00	31317.61
323.50	-29847.70	0.00	32287.42
323.60	-27850.37	0.00	33129.81
323.70	-25708.62	0.00	33841.45
323.80	-23424.67	0.00	34419.53
323.90	-21002.37	0.00	34861.77
324.00	-18447.26	0.00	35166.44
324.10	-15766.63	0.00	35332.31
324.20	-12969.53	0.00	35358.75
324.30	-10066.75	0.00	35245.64
324.40	-7070.80	0.00	34993.43
324.50	-3995.82	0.00	34603.12
324.60	-857.51	0.00	34076.24
324.70	2327.02	0.00	33414.89
324.80	5539.35	0.00	32621.66
324.90	8759.95	0.00	31699.68
325.00	11968.34	0.00	30652.61
325.10	15143.31	0.00	29484.56
325.20	18263.13	0.00	28200.15
325.30	21305.79	0.00	26804.44
325.40	24249.23	0.00	25302.95
325.50	27071.58	0.00	23701.60
325.60	29751.44	0.00	22006.72
325.70	32268.09	0.00	20224.98
325.80	34601.73	0.00	18363.42
325.90	36733.75	0.00	16429.39
326.00	38646.94	0.00	14430.52
326.10	40325.66	0.00	12374.70
326.20	41756.06	0.00	10270.05
326.30	42926.28	0.00	8124.86
326.40	43826.51	0.00	5947.61
326.50	44449.20	0.00	3746.88
326.60	44789.09	0.00	1531.37
326.70	44853.86	0.00	-690.19
326.80	44798.83	0.00	-2909.02
326.90	44675.11	0.00	-5116.37
327.00	44480.85	0.00	-7303.53
327.10	44213.28	0.00	-9461.86
327.20	43868.72	0.00	-11582.86
327.30	43442.66	0.00	-13658.14
327.40	42929.95	0.00	-15679.52
327.50	42324.83	0.00	-17639.02
327.60	41621.16	0.00	-19528.91
327.70	40812.49	0.00	-21341.72
327.80	39892.34	0.00	-23070.31
327.90	38854.27	0.00	-24707.85
328.00	37692.14	0.00	-26247.88
328.10	36400.26	0.00	-27684.32
328.20	34973.59	0.00	-29011.51
328.30	33407.89	0.00	-30224.20
328.40	31699.96	0.00	-31317.61
328.50	29847.70	0.00	-32287.42
328.60	27850.37	0.00	-33129.81
328.70	25708.62	0.00	-33841.45
328.80	23424.67	0.00	-34419.53
328.90	21002.37	0.00	-34861.77
329.00	18447.26	0.00	-35166.44
329.10	15766.63	0.00	-35332.31
329.20	12969.53	0.00	-35358.75
329.30	10066.75	0.00	-35245.64
329.40	7070.80	0.00	-34993.43
329.50	3995.82	0.00	-34603.12
329.60	857.51	0.00	-34076.24
329.70	-2327.02	0.00	-33414.89
329.80	-5539.35	0.00	-32621.66
329.90	-8759.95	0.00	-31699.68
330.00	-11968.34	0.00	-30652.61
330.10	-15143.31	0.00	-29484.56
330.20	-18263.13	0.00	-28200.15
330.30	-21305.79	0.00	-26804.44
330.40	-24249.23	0.00	-25302.95
330.50	-27071.58	0.00	-23701.60
330.60	-29751.44	0.00	-22006.72
330.70	-32268.09	0.00	-20224.98
330.80	-34601.73	0.00	-18363.42
330.90	-36733.75	0.00	-16429.39
331.00	-38646.94	0.00	-14430.52
331.10	-40325.66	0.00	-12374.70
331.20	-41756.06	0.00	-10270.05
331.30	-42926.28	0.00	-8124.86
331.40	-43826.51	0.00	-5947.61
331.50	-44449.20	0.00	-3746.88
331.60	-44789.09	0.00	-1531.37
331.70	-44853.86	0.00	690.19
331.80	-44798.83	0.00	2909.02
331.90	-44675.11	0.00	5116.37
332.00	-44480.85	0.00	7303.53
332.10	-44213.28	0.00	9461.86
332.20	-43868.72	0.00	11582.86
332.30	-43442.66	0.00	13658.14
332.40	-42929.95	0.00	15679.52
332.50	-42324.83	0.00	17639.02
332.60	-41621.16	0.00	19528.91
332.70	-40812.49	0.00	21341.72
332.80	-39892.34	0.00	23070.31
332.90	-38854.27	0.00	24707.85
333.00	-37692.14	0.00	26247.88
333.10	-36400.26	0.00	27684.32
333.20	-34973.59	0.00	29011.51
333.30	-33407.89	0.00	30224.20
333.40	-31699.96	0.00	31317.61
333.50	-29847.70	0.00	32287.42
333.60	-27850.37	0.00	33129.81
333.70	-25708.62	0.00	33841.45
333.80	-23424.67	0.00	34419.53
333.90	-21002.37	0.00	34861.77
334.00	-18447.26	0.00	35166.44
334.10	-15766.63	0.00	35332.31
334.20	-12969.53	0.00	35358.75
334.30	-10066.75	0.00	35245.64
334.40	-7070.80	0.00	34993.43
334.50	-3995.82	0.00	34603.12
334.60	-857.51	0.00	34076.24
334.70	2327.02	0.00	33414.89
334.80	5539.35	0.00	32621.66
334.90	8759.95	0.00	31699.68
335.00	11968.34	0.00	30652.61
335.10	15143.31	0.00	29484.56
335.20	18263.13	0.00	28200.15
335.30	21305.79	0.00	26804.44
335.40	24249.23	0.00	25302.95
335.50	27071.58	0.00	23701.60
335.60	29751.44	0.00	22006.72
335.70	32268.09	0.00	20224.98
335.80	34601.73	0.00	18363.42
335.90	36733.75	0.00	16429.39
336.00	38646.94	0.00	14430.52
336.10	40325.66	0.00	12374.70
336.20	41756.06	0.00	10270.05
336.30	42926.28	0.00	8124.86
336.40	43826.51	0.00	5947.61
336.50	44449.20	0.00	3746.88
336.60	44789.09	0.00	1531.37
336.70	44853.86	0.00	-690.19
336.80	44798.83	0.00	-2909.02
336.90	44675.11	0.00	-5116.37
337.00	44480.85	0.00	-7303.53
337.10	44213.28	0.00	-9461.86
337.20	43868.72	0.00	-11582.86
337.30	43442.66	0.00	-13658.14
337.40	42929.95	0.00	-15679.52
337.50	42324.83	0.00	-17639.02
337.60	41621.16	0.00	-19528.91
337.70	40812.49	0.00	-21341.72
337.80	39892.34	0.00	-23070.31
337.90	38854.27	0.00	-24707.85
338.00	37692.14	0.00	-26247.88
338.10	36400.26	0.00	-27684.32
338.20	34973.59	0.00	-29011.51
338.30	33407.89	0.00	-30224.20
338.40	31699.96	0.00	-31317.61
338.50	29847.70	0.00	-32287.42
338.60	27850.37	0.00	-33129.81
338.70	25708.62	0.00	-33841.45
338.80	23424.67	0.00	-34419.53
338.90	21002.37	0.00	-34861.77
339.00	18447.26	0.00	-35166.44
339.10	15766.63	0.00	-35332.31
339.20	12969.53	0.00	-35358.75
339.30	10066.75	0.00	-35245.64
339.40	7070.80	0.00	-34993.43
339.50	3995.82	0.00	-34603.12
339.60	857.51	0.00	-34076.24
339.70	-2327.02	0.00	-33414.89
339.80	-5539.35	0.00	-32621.66
339.90	-8759.95	0.00	-31699.68
340.00	-11968.34	0.00	-30652.61
340.10	-15143.31	0.00	-29484.56
340.20	-18263.13	0.00	-28200.15
340.30	-21305.79	0.00	-26804.44
340.40	-24249.23	0.00	-25302.95
340.50	-27071.58	0.00	-23701.60
340.60	-29751.44	0.00	-22006.72
340.70	-32268.09	0.00	-20224.98
340.80	-34601.73	0.00	-18363.42
340.90	-36733.75	0.00	-16429.39
341.00	-38646.94	0.00	-14430.52
341.10	-40325.66	0.00	-12374.70
341.20	-41756.06	0.00	-10270.05
341.30	-42926.28	0.00	-8124.86
341.40	-43826.51	0.00	-5947.61
341.50	-44449.20	0.00	-3746.88
341.60	-44789.09	0.00	-1531.37
341.70	-44853.86	0.00	690.19
341.80	-44798.83	0.00	2909.02
341.90	-44675.11	0.00	5116.37
342.00	-44480.85	0.00	7303.53
342.10	-44213.28	0.00	9461.86
342.20	-43868.72	0.00	11582.86
342.30	-43442.66	0.00	13658.14
342.40	-42929.95	0.00	15679.52
342.50	-42324.83	0.00	17639.02
342.60	-41621.16	0.00	19528.91
342.70	-40812.49	0.00	21341.72
342.80	-39892.34	0.00	23070.31
342.90	-38854.27	0.00	24707.85
343.00	-37692.14	0.00	26247.88
343.10	-36400.26	0.00	27684.32
343.20	-34973.59	0.00	29011.51
343.30	-33407.89	0.00	30224.20
343.40	-31699.96	0.00	31317.61
343.50	-29847.70	0.00	32287.42
343.60	-27850.37	0.00	33129.81
343.70	-25708.62	0.00	33841.45
343.80	-23424.67	0.00	34419.53
343.90	-21002.37	0.00	34861.77
344.00	-18447.26	0.00	35166.44
344.10	-15766.63	0.00	35332.31
344.20	-12969.53	0.00	35358.75
344.30	-10066.75	0.00	35245.64
344.40	-7070.80	0.00	34993.43
344.50	-3995.82	0.00	34603.12
344.60	-857.51	0.00	34076.24
344.70	2327.02	0.00	33414.89
344.80	5539.35	0.00	32621.66
344.90	8759.95	0.00	31699.68
345.00	11968.34	0.00	30652.61
345.10	15143.31	0.00	29484.56
345.20	18263.13	0.00	28200.15
345.30	21305.79	0.00	26804.44
345.40	24249.23	0.00	25302.95
345.50	27071.58	0.00	23701.60
345.60	29751.44	0.00	22006.72
345.70	32268.09	0.00	20224.98
345.80	34601.73	0.00	18363.42
345.90	36733.75	0.00	16429.39
346.00	38646.94	0.00	14430.52
346.10	40325.66	0.00	12374.70
346.20	41756.06	0.00	10270.05
346.30	42926.28	0.00	8124.86
346.40	43826.51	0.00	5947.61
346.50	44449.20	0.00	3746.88
346.60	44789.09	0.00	1531.37
346.70	44853.86	0.00	-690.19
346.80	44798.83	0.00	-2909.02
346.90	44675.11	0.00	-5116.37
347.00	44480.85	0.00	-7303.53
347.10	44213.28	0.00	-9461.86
347.20	43868.72	0.00	-11582.86
347.30	43442.66	0.00	-13658.14
347.40	42929.95	0.00	-15679.52
347.50	42324.83	0.00	-17639.02
347.60	41621.16	0.00	-19528.91
347.70	40812.49	0.00	-21341.72
347.80	39892.34	0.00	-23070.31
347.90	38854.27	0.00	-24707.85
348.00	37692.14	0.00	-26247.88
348.10	36400.26	0.00	-27684.32
348.20	34973.59	0.00	-29011.51
348.30	33407.89	0.00	-30224.20
348.40	31699.96	0.00	-31317.61
348.50	29847.70	0.00	-32287.42
348.60	27850.37	0.00	-33129.81
348.70	25708.62	0.00	-33841.45
348.80	23424.67	0.00	-34419.53
348.90	21002.37	0.00	-34861.77
349.00	18447.26	0.00	-35166.44
349.10	15766.63	0.00	-35332.31
349.20	12969.53	0.00	-35358.75
349.30	10066.75	0.00	-35245.64
349.40	7070.80	0.00	-34993.43
349.50	3995.82	0.00	-34603.12
349.60	857.51	0.00	-34076.24
349.70	-2327.02	0.00	-33414.89
349.80	-5539.35	0.00	-32621.66
349.90	-8759.95	0.00	-31699.68
350.00	-11968.34	0.00	-30652.61
350.10	-15143.31	0.00	-29484.56
350.20	-18263.13	0.00	-28200.15
350.30	-21305.79	0.00	-26804.44
350.40	-24249.23	0.00	-25302.95
350.50	-27071.58	0.00	-23701.60
350.60	-29751.44	0.00	-22006.72
350.70	-32268.09	0.00	-20224.98
350.80	-34601.73	0.00	-18363.42
350.90	-36733.75	0.00	-16429.39
351.00	-38646.94	0.00	-14430.52
351.10	-40325.66	0.00	-12374.70
351.20	-41756.06	0.00	-10270.05
351.30	-42926.28	0.00	-8124.86
351.40	-43826.51	0.00	-5947.61
351.50	-44449.20	0.00	-3746.88
351.60	-44789.09	0.00	-1531.37
351.70	-44853.86	0.00	690.19
351.80	-44798.83	0.00	2909.02
351.90	-44675.11	0.00	5116.37
352.00	-44480.85	0.00	7303.53
352.10	-44213.28	0.00	9461.86
352.20	-43868.72	0.00	11582.86
352.30	-43442.66	0.00	13658.14
352.40	-42929.95	0.00	15679.52
352.50	-42324.83	0.00	17639.02
352.60	-41621.16	0.00	19528.91
352.70	-40812.49	0.00	21341.72
352.80	-39892.34	0.00	23070.31
352.90	-38854.27	0.00	24707.85
353.00	-37692.14	0.00	26247.88
353.10	-36400.26	0.00	27684.32
353.20	-34973.59	0.00	29011.51
353.30	-33407.89	0.00	30224.20
353.40	-31699.96	0.00	31317.61
353.50	-29847.70	0.00	32287.42
353.60	-27850.37	0.00	33129.81
353.70	-25708.62	0.00	33841.45
353.80	-23424.67	0.00	34419.53
353.90	-21002.37	0.00	34861.77
354.00	-18447.26	0.00	35166.44
354.10	-15766.63	0.00	35332.31
354.20	-12969.53	0.00	35358.75
354.30	-10066.75	0.00	35245.64
354.40	-7070.80	0.00	34993.43
354.50	-3995.82	0.00	34603.12
354.60	-857.51	0.00	34076.24
354.70	2327.02	0.00	33414.89
354.80	5539.35	0.00	32621.66
354.90	8759.95	0.00	31699.68
355.00	11968.34	0.00	30652.61
355.10	15143.31	0.00	29484.56
355.20	18263.13	0.00	28200.15
355.30	21305.79	0.00	26804.44
355.40	24249.23	0.00	25302.95
355.50	27071.58	0.00	23701.60
355.60	29751.44	0.00	22006.72
355.70	32268.09	0.00	20224.98
355.80	34601.73	0.00	18363.42
355.90	36733.75	0.00	16429.39
356.00	38646.94	0.00	14430.52
356.10	40325.66	0.00	12374.70
356.20	41756.06	0.00	10270.05
356.30	42926.28	0.00	8124.86
356.40	43826.51	0.00	5947.61
356.50	44449.20	0.00	3746.88
356.60	44789.09	0.00	1531.37
356.70	44853.86	0.00	-690.19
356.80	44798.83	0.00	-2909.02
356.90	44675.11	0.00	-5116.37
357.00	44480.85	0.00	-7303.53
357.10	44213.28	0.00	-9461.86
357.20	43868.72	0.00	-11582.86
357.30	43442.66	0.00	-13658.14
357.40	42929.95	0.00	-15679.52
357.50	42324.83	0.00	-17639.02
357.60	41621.16	0.00	-19528.91
357.70	40812.49	0.00	-21341.72
357.80	39892.34	0.00	-23070.31
357.90	38854.27	0.00	-24707.85
358.00	37692.14	0.00	-26247.88
358.10	36400.26	0.00	-27684.32
358.20	34973.59	0.00	-29011.51
358.30	33407.89	0.00	-30224.20
358.40	31699.96	0.00	-31317.61
358.50	29847.70	0.00	-32287.42
358.60	27850.37	0.00	-33129.81
358.70	25708.62	0.00	-33841.45
358.80	23424.67	0.00	-34419.53
358.90	21002.37	0.00	-34861.77
359.00	18447.26	0.00	-35166.44
359.10	15766.63	0.00	-35332.31
359.20	12969.53	0.00	-35358.75
359.30	10066.75	0.00	-35245.64
359.40	7070.80	0.00	-34993.43
359.50	3995.82	0.00	-34603.12
359.60	857.51	0.00	-34076.24
359.70	-2327.02	0.00	-33414.89
359.80	-5539.35	0.00	-32621.66
359.90	-8759.95	0.00	-31699.68
360.00	-11968.34	0.00	-30652.61
360.10	-15143.31	0.00	-29484.56
360.20	-18263.13	0.00	-28200.15
360.30	-21305.79	0.00	-26804.44
360.40	-24249.23	0.00	-25302.95
360.50	-27071.58	0.00	-23701.60
360.60	-29751.44	0.00	-22006.72
360.70	-32268.09	0.00	-20224.98
360.80	-34601.73	0.00	-18363.42
360.90	-36733.75	0.00	-16429.39
361.00	-38646.94	0.00	-14430.52
361.10	-40325.66	0.00	-12374.70
361.20	-41756.06	0.00	-10270.05
361.30	-42926.28	0.00	-8124.86
361.40	-43826.51	0.00	-5947.61
361.50	-44449.20	0.00	-3746.88
361.60	-44789.09	0.00	-1531.37
361.70	-44853.86	0.00	690.19
361.80	-44798.83	0.00	2909.02
361.90	-44675.11	0.00	5116.37
362.00	-44480.85	0.00	7303.53
362.10	-44213.28	0.00	9461.86
362.20	-43868.72	0.00	11582.86
362.30	-43442.66	0.00	13658.14
362.40	-42929.95	0.00	15679.52
362.50	-42324.83	0.00	17639.02
362.60	-41621.16	0.00	19528.91
362.70	-40812.49	0.00	21341.72
362.80	-39892.34	0.00	23070.31
362.90	-38854.27	0.00	24707.85
363.00	-37692.14	0.00	26247.88
363.10	-36400.26	0.00	27684.32
363.20	-34973.59	0.00	29011.51
363.30	-33407.89	0.00	30224.20
363.40	-31699.96	0.00	31317.61
363.50	-29847.70	0.00	32287.42
363.60	-27850.37	0.00	33129.81
363.70	-25708.62	0.00	33841.45
363.80	-23424.67	0.00	34419.53
363.90	-21002.37	0.00	34861.77
364.00	-18447.26	0.00	35166.44
364.10	-15766.63	0.00	35332.31
364.20	-12969.53	0.00	35358.75
364.30	-10066.75	0.00	35245.64
364.40	-7070.80	0.00	34993.43
364.50	-3995.82	0.00	34603.12
364.60	-857.51	0.00	34076.24
364.70	2327.02	0.00	33414.89
364.80	5539.35	0.00	32621.66
364.90	8759.95	0.00	31699.68
365.00	11968.34	0.00	30652.61
365.10	15143.31	0.00	29484.56
365.20	18263.13	0.00	28200.15
365.30	21305.79	0.00	26804.44
365.40	24249.23	0.00	25302.95
365.50	27071.58	0.00	23701.60
365.60	29751.44	0.00	22006.72
365.70	32268.09	0.00	20224.98
365.80	34601.73	0.00	18363.42
365.90	36733.75	0.00	16429.39
366.00	38646.94	0.00	14430.52
366.10	40325.66	0.00	12374.70
366.20	41756.06	0.00	10270.05
366.30	42926.28	0.00	8124.86
366.40	43826.51	0.00	5947.61
366.50	44449.20	0.00	3746.88
366.60	44789.09	0.00	1531.37
366.70	44853.86	0.00	-690.19
366.80	44798.83	0.00	-2909.02
366.90	44675.11	0.00	-5116.37
367.00	44480.85	0.00	-7303.53
367.10	44213.28	0.00	-9461.86
367.20	43868.72	0.00	-11582.86
367.30	43442.66	0.00	-13658.14
367.40	42929.95	0.00	-15679.52
367.50	42324.83	0.00	-17639.02
367.60	41621.16	0.00	-19528.91
367.70	40812.49	0.00	-21341.72
367.80	39892.34	0.00	-23070.31
367.90	38854.27	0.00	-24707.85
368.00	37692.14	0.00	-26247.88
368.10	36400.26	0.00	-27684.32
368.20	34973.59	0.00	-29011.51
368.30	33407.89	0.00	-30224.20
368.40	31699.96	0.00	-31317.61
368.50	29847.70	0.00	-32287.42
368.60	27850.37	0.00	-33129.81
368.70	25708.62	0.00	-33841.45
368.80	23424.67	0.00	-34419.53
368.90	21002.37	0.00	-34861.77
369.00	18447.26	0.00	-35166.44
369.10	15766.63	0.00	-35332.31
369.20	12969.53	0.00	-35358.75
369.30	10066.75	0.00	-35245.64
369.40	7070.80	0.00	-34993.43
369.50	3995.82	0.00	-34603.12
369.60	857.51	0.00	-34076.24
369.70	-2327.02	0.00	-33414.89
369.80	-5539.35	0.00	-32621.66
369.90	-8759.95	0.00	-31699.68
370.00	-11968.34	0.00	-30652.61
370.10	-15143.31	0.00	-29484.56
370.20	-18263.13	0.00	-28200.15
370.30	-21305.79	0.00	-26804.44
370.40	-24249.23	0.00	-25302.95
370.50	-27071.58	0.00	-23701.60
370.60	-29751.44	0.00	-22006.72
370.70	-32268.09	0.00	-20224.98
370.80	-34601.73	0.00	-18363.42
370.90	-36733.75	0.00	-16429.39
371.00	-38646.94	0.00	-14430.52
371.10	-40325.66	0.00	-12374.70
371.20	-41756.06	0.00	-10270.05
371.30	-42926.28	0.00	-8124.86
371.40	-43826.51	0.00	-5947.61
371.50	-44449.20	0.00	-3746.88
371.60	-44789.09	0.00	-1531.37
371.70	-44853.86	0.00	690.19
371.80	-44798.83	0.00	2909.02
371.90	-44675.11	0.00	5116.37
372.00	-44480.85	0.00	7303.53
372.10	-44213.28	0.00	9461.86
372.20	-43868.72	0.00	11582.86
372.30	-43442.66	0.00	13658.14
372.40	-42929.95	0.00	15679.52
372.50	-42324.83	0.00	17639.02
372.60	-41621.16	0.00	19528.91
372.70	-40812.49	0.00	21341.72
372.80	-39892.34	0.00	23070.31
372.90	-38854.27	0.00	24707.85
373.00	-37692.14	0.00	26247.88
373.10	-36400.26	0.00	27684.32
373.20	-34973.59	0.00	29011.51
373.30	-33407.89	0.00	30224.20
373.40	-31699.96	0.00	31317.61
373.50	-29847.70	0.00	32287.42
373.60	-27850.37	0.00	33129.81
373.70	-25708.62	0.00	33841.45
373.80	-23424.67	0.00	34419.53
373.90	-21002.37	0.00	34861.77
374.00	-18447.26	0.00	35166.44
374.10	-15766.63	0.00	35332.31
374.20	-12969.53	0.00	35358.75
374.30	-10066.75	0.00	35245.64
374.40	-7070.80	0.00	34993.43
374.50	-3995.82	0.00	34603.12
374.60	-857.51	0.00	34076.24
374.70	2327.02	0.00	33414.89
374.80	5539.35	0.00	32621.66
374.90	8759.95	0.00	31699.68
375.00	11968.34	0.00	30652.61
375.10	15143.31	0.00	29484.56
375.20	18263.13	0.00	28200.15
375.30	21305.79	0.00	26804.44
375.40	24249.23	0.00	25302.95
375.50	27071.58	0.00	23701.60
375.60	29751.44	0.00	22006.72
375.70	32268.09	0.00	20224.98
375.80	34601.73	0.00	18363.42
375.90	36733.75	0.00	16429.39
376.00	38646.94	0.00	14430.52
376.10	40325.66	0.00	12374.70
376.20	41756.06	0.00	10270.05
376.30	42926.28	0.00	8124.86
376.40	43826.51	0.00	5947.61
376.50	44449.20	0.00	3746.88
376.60	44789.09	0.00	1531.37
376.70	44853.86	0.00	-690.19
376.80	44798.83	0.00	-2909.02
376.90	44675.11	0.00	-5116.37
377.00	44480.85	0.00	-7303.53
377.10	44213.28	0.00	-9461.86
377.20	43868.72	0.00	-11582.86
377.30	43442.66	0.00	-13658.14
377.40	42929.95	0.00	-15679.52
377.50	42324.83	0.00	-17639.02
377.60	41621.16	0.00	-19528.91
377.70	40812.49	0.00	-21341.72
377.80	39892.34	0.00	-23070.31
377.90	38854.27	0.00	-24707.85
378.00	37692.14	0.00	-26247.88
378.10	36400.26	0.00	-27684.32
378.20	34973.59	0.00	-29011.51
378.30	33407.89	0.00	-30224.20
378.40	31699.96	0.00	-31317.61
378.50	29847.70	0.00	-32287.42
378.60	27850.37	0.00	-33129.81
378.70	25708.62	0.00	-33841.45
378.80	23424.67	0.00	-34419.53
378.90	21002.37	0.00	-34861.77
379.00	18447.26	0.00	-35166.44
379.10	15766.63	0.00	-35332.31
379.20	12969.53	0.00	-35358.75
379.30	10066.75	0.00	-35245.64
379.40	7070.80	0.00	-34993.43
379.50	3995.82	0.00	-34603.12
379.60	857.51	0.00	-34076.24
379.70	-2327.02	0.00	-33414.89
379.80	-5539.35	0.00	-32621.66
379.90	-8759.95	0.00	-31699.68
380.00	-11968.34	0.00	-30652.61
380.10	-15143.31	0.00	-29484.56
380.20	-18263.13	0.00	-28200.15
380.30	-21305.79	0.00	-26804.44
380.40	-24249.23	0.00	-25302.95
380.50	-27071.58	0.00	-23701.60
380.60	-29751.44	0.00	-22006.72
380.70	-32268.09	0.00	-20224.98
380.80	-34601.73	0.00	-18363.42
380.90	-36733.75	0.00	-16429.39
381.00	-38646.94	0.00	-14430.52
381.10	-40325.66	0.00	-12374.70
381.20	-41756.06	0.00	-10270.05
381.30	-42926.28	0.00	-8124.86
381.40	-43826.51	0.00	-5947.61
381.50	-44449.20	0.00	-3746.88
381.60	-44789.09	0.00	-1531.37
381.70	-44853.86	0.00	690.19
381.80	-44798.83	0.00	2909.02
381.90	-44675.11	0.00	5116.37
382.00	-44480.85	0.00	7303.53
382.10	-44213.28	0.00	9461.86
382.20	-43868.72	0.00	11582.86
382.30	-43442.66	0.00	13658.14
382.40	-42929.95	0.00	15679.52
382.50	-42324.83	0.00	17639.02
382.60	-41621.16	0.00	19528.91
382.70	-40812.49	0.00	21341.72
382.80	-39892.34	0.00	23070.31
382.90	-38854.27	0.00	24707.85
383.00	-37692.14	0.00	26247.88
383.10	-36400.26	0.00	27684.32
383.20	-34973.59	0.00	29011.51
383.30	-33407.89	0.00	30224.20
383.40	-31699.96	0.00	31317.61
383.50	-29847.70	0.00	32287.42
383.60	-27850.37	0.00	33129.81
383.70	-25708.62	0.00	33841.45
383.80	-23424.67	0.00	34419.53
383.90	-21002.37	0.00	34861.77
384.00	-18447.26	0.00	35166.44
384.10	-15766.63	0.00	35332.31
384.20	-12969.53	0.00	35358.75
384.30	-10066.75	0.00	35245.64
384.40	-7070.80	0.00	34993.43
384.50	-3995.82	0.00	34603.12
384.60	-857.51	0.00	34076.24
384.70	2327.02	0.00	33414.89
384.80	5539.35	0.00	32621.66
384.90	8759.95	0.00	31699.68
385.00	11968.34	0.00	30652.61
385.10	15143.31	0.00	29484.56
385.20	18263.13	0.00	28200.15
385.30	21305.79	0.00	26804.44
385.40	24249.23	0.00	25302.95
385.50	27071.58	0.00	23701.60
385.60	29751.44	0.00	22006.72
385.70	32268.09	0.00	20224.98
385.80	34601.73	0.00	18363.42
385.90	36733.75	0.00	16429.39
386.00	38646.94	0.00	14430.52
386.10	40325.66	0.00	12374.70
386.20	41756.06	0.00	10270.05
386.30	42926.28	0.00	8124.86
386.40	43826.51	0.00	5947.61
386.50	44449.20	0.00	3746.88
386.60	44789.09	0.00	1531.37
386.70	44853.86	0.00	-690.19
386.80	44798.83	0.00	-2909.02
386.90	44675.11	0.00	-5116.37
387.00	44480.85	0.00	-7303.53
387.10	44213.28	0.00	-9461.86
387.20	43868.72	0.00	-11582.86
387.30	43442.66	0.00	-13658.14
387.40	42929.95	0.00	-15679.52
387.50	42324.83	0.00	-17639.02
387.60	41621.16	0.00	-19528.91
387.70	40812.49	0.00	-21341.72
387.80	39892.34	0.00	-23070.31
387.90	38854.27	0.00	-24707.85
388.00	37692.14	0.00	-26247.88
388.10	36400.26	0.00	-27684.32
388.20	34973.59	0.00	-29011.51
388.30	33407.89	0.00	-30224.20
388.40	31699.96	0.00	-31317.61
388.50	29847.70	0.00	-32287.42
388.60	27850.37	0.00	-33129.81
388.70	25708.62	0.00	-33841.45
388.80	23424.67	0.00	-34419.53
388.90	21002.37	0.00	-34861.77
389.00	18447.26	0.00	-35166.44
389.10	15766.63	0.00	-35332.31
389.20	12969.53	0.00	-35358.75
389.30	10066.75	0.00	-35245.64
389.40	7070.80	0.00	-34993.43
389.50	3995.82	0.00	-34603.12
389.60	857.51	0.00	-34076.24
389.70	-2327.02	0.00	-33414.89
389.80	-5539.35	0.00	-32621.66
389.90	-8759.95	0.00	-31699.68
390.00	-11968.34	0.00	-30652.61
390.10	-15143.31	0.00	-29484.56
390.20	-18263.13	0.00	-28200.15
390.30	-21305.79	0.00	-26804.44
390.40	-24249.23	0.00	-25302.95
390.50	-27071.58	0.00	-23701.60
390.60	-29751.44	0.00	-22006.72
390.70	-32268.09	0.00	-20224.98
390.80	-34601.73	0.00	-18363.42
390.90	-36733.75	0.00	-16429.39
391.00	-38646.94	0.00	-14430.52
391.10	-40325.66	0.00	-12374.70
391.20	-41756.06	0.00	-10270.05
391.30	-42926.28	0.00	-8124.86
391.40	-43826.51	0.00	-5947.61
391.50	-44449.20	0.00	-3746.88
391.60	-44789.09	0.00	-1531.37
391.70	-44853.86	0.00	690.19
391.80	-44798.83	0.00	2909.02
391.90	-44675.11	0.00	5116.37
392.00	-44480.85	0.00	7303.53
392.10	-44213.28	0.00	9461.86
392.20	-43868.72	0.00	11582.86
392.30	-43442.66	0.00	13658.14
392.40	-42929.95	0.00	15679.52
392.50	-42324.83	0.00	17639.02
392.60	-41621.16	0.00	19528.91
392.70	-40812.49	0.00	21341.72
392.80	-39892.34	0.00	23070.31
392.90	-38854.27	0.00	24707.85
393.00	-37692.14	0.00	26247.88
393.10	-36400.26	0.00	27684.32
393.20	-34973.59	0.00	29011.51
393.30	-33407.89	0.00	30224.20
393.40	-31699.96	0.00	31317.61
393.50	-29847.70	0.00	32287.42
393.60	-27850.37	0.00	33129.81
393.70	-25708.62	0.00	33841.45
393.80	-23424.67	0.00	34419.53
393.90	-21002.37	0.00	34861.77
394.00	-18447.26	0.00	35166.44
394.10	-15766.63	0.00	35332.31
394.20	-12969.53	0.00	35358.75
394.30	-10066.75	0.00	35245.64
394.40	-7070.80	0.00	34993.43
394.50	-3995.82	0.00	34603.12
394.60	-857.51	0.00	34076.24
394.70	2327.02	0.00	33414.89
394.80	5539.35	0.00	32621.66
394.90	8759.95	0.00	31699.68
395.00	11968.34	0.00	30652.61
395.10	15143.31	0.00	29484.56
395.20	18263.13	0.00	28200.15
395.30	21305.79	0.00	26804.44
395.40	24249.23	0.00	25302.95
395.50	27071.58	0.00	23701.60
395.60	29751.44	0.00	22006.72
395.70	32268.09	0.00	20224.98
395.80	34601.73	0.00	18363.42
395.90	36733.75	0.00	16429.39
396.00	38646.94	0.00	14430.52
396.10	40325.66	0.00	12374.70
396.20	41756.06	0.00	10270.05
396.30	42926.28	0.00	8124.86
396.40	43826.51	0.00	5947.61
396.50	44449.20	0.00	3746.88
396.60	44789.09	0.00	1531.37
396.70	44853.86	0.00	-690.19
396.80	44798.83	0.00	-2909.02
396.90	44675.11	0.00	-5116.37
397.00	44480.85	0.00	-7303.53
397.10	44213.28	0.00	-9461.86
397.20	43868.72	0.00	-11582.86
397.30	43442.66	0.00	-13658.14
397.40	42929.95	0.00	-15679.52
397.50	42324.83	0.00	-17639.02
397.60	41621.16	0.00	-19528.91
397.70	40812.49	0.00	-21341.72
397.80	39892.34	0.00	-23070.31
397.90	38854.27	0.00	-24707.85
398.00	37692.14	0.00	-26247.88
398.10	36400.26	0.00	-27684.32
398.20	34973.59	0.00	-29011.51
398.30	33407.89	0.00	-30224.20
398.40	31699.96	0.00	-31317.61
398.50	29847.70	0.00	-32287.42
398.60	27850.37	0.00	-33129.81
398.70	25708.62	0.00	-33841.45
398.80	23424.67	0.00	-34419.53
398.90	21002.37	0.00	-34861.77
399.00	18447.26	0.00	-35166.44
399.10	15766.63	0.00	-35332.31
399.20	12969.53	0.00	-35358.75
399.30	10066.75	0.00	-35245.64
399.40	7070.80	0.00	-34993.43
399.50	3995.82	0.00	-34603.12
399.60	857.51	0.00	-34076.24
399.70	-2327.02	0.00	-33414.89
399.80	-5539.35	0.00	-32621.66
399.90	-8759.95	0.00	-31699.68
400.00	-11968.34	0.00	-30652.61
400.10	-15143.31	0.00	-29484.56
400.20	-18263.13	0.00	-28200.15
400.30	-21305.79	0.00	-26804.44
400.40	-24249.23	0.00	-25302.95
400.50	-27071.58	0.00	-23701.60
400.60	-29751.44	0.00	-22006.72
400.70	-32268.09	0.00	-20224.98
400.80	-34601.73	0.00	-18363.42
400.90	-36733.75	0.00	-16429.39
401.00	-38646.94	0.00	-14430.52
401.10	-40325.66	0.00	-12374.70
401.20	-41756.06	0.00	-10270.05
401.30	-42926.28	0.00	-8124.86
401.40	-43826.51	0.00	-5947.61
401.50	-44449.20	0.00	-3746.88
401.60	-44789.09	0.00	-1531.37
401.70	-44853.86	0.00	690.19
401.80	-44798.83	0.00	2909.02
401.90	-44675.11	0.00	5116.37
402.00	-44480.85	0.00	7303.53
402.10	-44213.28	0.00	9461.86
402.20	-43868.72	0.00	11582.86
402.30	-43442.66	0.00	13658.14
402.40	-42929.95	0.00	15679.52
402.50	-42324.83	0.00	17639.02
402.60	-41621.16	0.00	19528.91
402.70	-40812.49	0.00	21341.72
402.80	-39892.34	0.00	23070.31
402.90	-38854.27	0.00	24707.85
403.00	-37692.14	0.00	26247.88
403.10	-36400.26	0.00	27684.32
403.20	-34973.59	0.00	29011.51
403.30	-33407.89	0.00	30224.20
403.40	-31699.96	0.00	31317.61
403.50	-29847.70	0.00	32287.42
403.60	-27850.37	0.00	33129.81
403.70	-25708.62	0.00	33841.45
403.80	-23424.67	0.00	34419.53
403.90	-21002.37	0.00	34861.77
404.00	-18447.26	0.00	35166.44
404.10	-15766.63	0.00	35332.31
404.20	-12969.53	0.00	35358.75
404.30	-10066.75	0.00	35245.64
404.40	-7070.80	0.00	34993.43
404.50	-3995.82	0.00	34603.12
404.60	-857.51	0.00	34076.24
404.70	2327.02	0.00	33414.89
404.80	5539.35	0.00	32621.66
404.90	8759.95	0.00	31699.68
405.00	11968.34	0.00	30652.61
405.10	15143.31	0.00	29484.56
405.20	18263.13	0.00	28200.15
405.30	21305.79	0.00	26804.44
405.40	24249.23	0.00	25302.95
405.50	27071.58	0.00	23701.60
405.60	29751.44	0.00	22006.72
405.70	32268.09	0.00	20224.98
405.80	34601.73	0.00	18363.42
405.90	36733.75	0.00	16429.39
406.00	38646.94	0.00	14430.52
406.10	40325.66	0.00	12374.70
406.20	41756.06	0.00	10270.05
406.30	42926.28	0.00	8124.86
406.40	43826.51	0.00	5947.61
406.50	44449.20	0.00	3746.88
406.60	44789.09	0.00	1531.37
406.70	44853.86	0.00	-690.19
406.80	44798.83	0.00	-2909.02
406.90	44675.11	0.00	-5116.37
407.00	44480.85	0.00	-7303.53
407.10	44213.28	0.00	-9461.86
407.20	43868.72	0.00	-11582.86
407.30	43442.66	0.00	-13658.14
407.40	42929.95	0.00	-15679.52
407.50	42324.83	0.00	-17639.02
407.60	41621.16	0.00	-19528.91
407.70	40812.49	0.00	-21341.72
407.80	39892.34	0.00	-23070.31
407.90	38854.27	0.00	-24707.85
408.00	37692.14	0.00	-26247.88
408.10	36400.26	0.00	-27684.32
408.20	34973.59	0.00	-29011.51
408.30	33407.89	0.00	-30224.20
408.40	31699.96	0.00	-31317.61
408.50	29847.70	0.00	-32287.42
408.60	27850.37	0.00	-33129.81
408.70	25708.62	0.00	-33841.45
408.80	23424.67	0.00	-34419.53
408.90	21002.37	0.00	-34861.77
409.00	18447.26	0.00	-35166.44
409.10	15766.63	0.00	-35332.31
409.20	12969.53	0.00	-35358.75
409.30	10066.75	0.00	-35245.64
409.40	7070.80	0.00	-34993.43
409.50	3995.82	0.00	-34603.12
409.60	857.51	0.00	-34076.24
409.70	-2327.02	0.00	-33414.89
409.80	-5539.35	0.00	-32621.66
409.90	-8759.95	0.00	-31699.68
410.00	-11968.34	0.00	-30652.61
410.10	-15143.31	0.00	-29484.56
410.20	-18263.13	0.00	-28200.15
410.30	-21305.79	0.00	-26804.44
410.40	-24249.23	0.00	-25302.95
410.50	-27071.58	0.00	-23701.60
410.60	-29751.44	0.00	-22006.72
410.70	-32268.09	0.00	-20224.98
410.80	-34601.73	0.00	-18363.42
410.90	-36733.75	0.00	-16429.39
411.00	-38646.94	0.00	-14430.52
411.10	-40325.66	0.00	-12374.70
411.20	-41756.06	0.00	-10270.05
411.30	-42926.28	0.00	-8124.86
411.40	-43826.51	0.00	-5947.61
411.50	-44449.20	0.00	-3746.88
411.60	-44789.09	0.00	-1531.37
411.70	-44853.86	0.00	690.19
411.80	-44798.83	0.00	2909.02
411.90	-44675.11	0.00	5116.37
412.00	-44480.85	0.00	7303.53
412.10	-44213.28	0.00	9461.86
412.20	-43868.72	0.00	11582.86
412.30	-43442.66	0.00	13658.14
412.40	-42929.95	0.00	15679.52
412.50	-42324.83	0.00	17639.02
412.60	-41621.16	0.00	19528.91
412.70	-40812.49	0.00	21341.72
412.80	-39892.34	0.00	23070.31
412.90	-38854.27	0.00	24707.85
413.00	-37692.14	0.00	26247.88
413.10	-36400.26	0.00	27684.32
413.20	-34973.59	0.00	29011.51
413.30	-33407.89	0.00	30224.20
413.40	-31699.96	0.00	31317.61
413.50	-29847.70	0.00	32287.42
413.60	-27850.37	0.00	33129.81
413.70	-25708.62	0.00	33841.45
413.80	-23424.67	0.00	34419.53
413.90	-21002.37	0.00	34861.77
414.00	-18447.26	0.00	35166.44
414.10	-15766.63	0.00	35332.31
414.20	-12969.53	0.00	35358.75
414.30	-10066.75	0.00	35245.64
414.40	-7070.80	0.00	34993.43
414.50	-3995.82	0.00	34603.12
414.60	-857.51	0.00	34076.24
414.70	2327.02	0.00	33414.89
414.80	5539.35	0.00	32621.66
414.90	8759.95	0.00	31699.68
415.00	11968.34	0.00	30652.61
415.10	15143.31	0.00	29484.56
415.20	18263.13	0.00	28200.15
415.30	21305.79	0.00	26804.44
415.40	24249.23	0.00	25302.95
415.50	27071.58	0.00	23701.60
415.60	29751.44	0.00	22006.72
415.70	32268.09	0.00	20224.98
415.80	34601.73	0.00	18363.42
415.90	36733.75	0.00	16429.39
416.00	38646.94	0.00	14430.52
416.10	40325.66	0.00	12374.70
416.20	41756.06	0.00	10270.05
416.30	42926.28	0.00	8124.86
416.40	43826.51	0.00	5947.61
416.50	44449.20	0.00	3746.88
416.60	44789.09	0.00	1531.37
416.70	44853.86	0.00	-690.19
416.80	44798.83	0.00	-2909.02
416.90	44675.11	0.00	-5116.37
417.00	44480.85	0.00	-7303.53
417.10	44213.28	0.00	-9461.86
417.20	43868.72	0.00	-11582.86
417.30	43442.66	0.00	-13658.14
417.40	42929.95	0.00	-15679.52
417.50	42324.83	0.00	-17639.02
417.60	41621.16	0.00	-19528.91
417.70	40812.49	0.00	-21341.72
417.80	39892.34	0.00	-23070.31
417.90	38854.27	0.00	-24707.85
418.00	37692.14	0.00	-26247.88
418.10	36400.26	0.00	-27684.32
418.20	34973.59	0.00	-29011.51
418.30	33407.89	0.00	-30224.20
418.40	31699.96	0.00	-31317.61
418.50	29847.70	0.00	-32287.42
418.60	27850.37	0.00	-33129.81
418.70	25708.62	0.00	-33841.45
418.80	23424.67	0.00	-34419.53
418.90	21002.37	0.00	-34861.77
419.00	18447.26	0.00	-35166.44
419.10	15766.63	0.00	-35332.31
419.20	12969.53	0.00	-35358.75
419.30	10066.75	0.00	-35245.64
419.40	7070.80	0.00	-34993.43
419.50	3995.82	0.00	-34603.12
419.60	857.51	0.00	-34076.24
419.70	-2327.02	0.00	-33414.89
419.80	-5539.35	0.00	-32621.66
419.90	-8759.95	0.00	-31699.68
420.00	-11968.34	0.00	-30652.61
420.10	-15143.31	0.00	-29484.56
420.20	-18263.13	0.00	-28200.15
420.30	-21305.79	0.00	-26804.44
420.40	-24249.23	0.00	-25302.95
420.50	-27071.58	0.00	-23701.60
420.60	-29751.44	0.00	-22006.72
420.70	-32268.09	0.00	-20224.98
420.80	-34601.73	0.00	-18363.42
420.90	-36733.75	0.00	-16429.39
421.00	-38646.94	0.00	-14430.52
421.10	-40325.66	0.00	-12374.70
421.20	-41756.06	0.00	-10270.05
421.30	-42926.28	0.00	-8124.86
421.40	-43826.51	0.00	-5947.61
421.50	-44449.20	0.00	-3746.88
421.60	-44789.09	0.00	-1531.37
421.70	-44853.86	0.00	690.19
421.80	-44798.83	0.00	2909.02
421.90	-44675.11	0.00	5116.37
422.00	-44480.85	0.00	7303.53
422.10	-44213.28	0.00	9461.86
422.20	-43868.72	0.00	11582.86
422.30	-43442.66	0.00	13658.14
422.40	-42929.95	0.00	15679.52
422.50	-42324.83	0.00	17639.02
422.60	-41621.16	0.00	19528.91
422.70	-40812.49	0.00	21341.72
422.80	-39892.34	0.00	23070.31
422.90	-38854.27	0.00	24707.85
423.00	-37692.14	0.00	26247.88
423.10	-36400.26	0.00	27684.32
423.20	-34973.59	0.00	29011.51
423.30	-33407.89	0.00	30224.20
423.40	-31699.96	0.00	31317.61
423.50	-29847.70	0.00	32287.42
423.60	-27850.37	0.00	33129.81
423.70	-25708.62	0.00	33841.45
423.80	-23424.67	0.00	34419.53
423.90	-21002.37	0.00	34861.77
424.00	-18447.26	0.00	35166.44
424.10	-15766.63	0.00	35332.31
424.20	-12969.53	0.00	35358.75
424.30	-10066.75	0.00	35245.64
424.40	-7070.80	0.00	34993.43
424.50	-3995.82	0.00	34603.12
424.60	-857.51	0.00	34076.24
424.70	2327.02	0.00	33414.89
424.80	5539.35	0.00	32621.66
424.90	8759.95	0.00	31699.68
425.00	11968.34	0.00	30652.61
425.10	15143.31	0.00	29484.56
425.20	18263.13	0.00	28200.15
425.30	21305.79	0.00	26804.44
425.40	24249.23	0.00	25302.95
425.50	27071.58	0.00	23701.60
425.60	29751.44	0.00	22006.72
425.70	32268.09	0.00	20224.98
425.80	34601.73	0.00	18363.42
425.90	36733.75	0.00	16429.39
426.00	38646.94	0.00	14430.52
426.10	40325.66	0.00	12374.70
426.20	41756.06	0.00	10270.05
426.30	42926.28	0.00	8124.86
426.40	43826.51	0.00	5947.61
426.50	44449.20	0.00	3746.88
426.60	44789.09	0.00	1531.37
426.70	44853.86	0.00	-690.19
426.80	44798.83	0.00	-2909.02
426.90	44675.11	0.00	-5116.37
427.00	44480.85	0.00	-7303.53
427.10	44213.28	0.00	-9461.86
427.20	43868.72	0.00	-11582.86
427.30	43442.66	0.00	-13658.14
427.40	42929.95	0.00	-15679.52
427.50	42324.83	0.00	-17639.02
427.60	41621.16	0.00	-19528.91
427.70	40812.49	0.00	-21341.72
427.80	39892.34	0.00	-23070.31
427.90	38854.27	0.00	-24707.85
428.00	37692.14	0.00	-26247.88
428.10	36400.26	0.00	-27684.32
428.20	34973.59	0.00	-29011.51
428.30	33407.89	0.00	-30224.20
428.40	31699.96	0.00	-31317.61
428.50	29847.70	0.00	-32287.42
428.60	27850.37	0.00	-33129.81
428.70	25708.62	0.00	-33841.45
428.80	23424.67	0.00	-34419.53
428.90	21002.37	0.00	-34861.77
429.00	18447.26	0.00	-35166.44
429.10	15766.63	0.00	-35332.31
429.20	12969.53	0.00	-35358.75
429.30	10066.75	0.00	-35245.64
429.40	7070.80	0.00	-34993.43
429.50	3995.82	0.00	-34603.12
429.60	857.51	0.00	-34076.24
429.70	-2327.02	0.00	-33414.89
429.80	-5539.35	0.00	-32621.66
429.90	-8759.95	0.00	-31699.68
430.00	-11968.34	0.00	-30652.61
430.10	-15143.31	0.00	-29484.56
430.20	-18263.13	0.00	-28200.15
430.30	-21305.79	0.00	-26804.44
430.40	-24249.23	0.00	-25302.95
430.50	-27071.58	0.00	-23701.60
430.60	-29751.44	0.00	-22006.72
430.70	-32268.09	0.00	-20224.98
430.80	-34601.73	0.00	-18363.42
430.90	-36733.75	0.00	-16429.39
431.00	-38646.94	0.00	-14430.52
431.10	-40325.66	0.00	-12374.70
431.20	-41756.06	0.00	-10270.05
431.30	-42926.28	0.00	-8124.86
431.40	-43826.51	0.00	-5947.61
431.50	-44449.20	0.00	-3746.88
431.60	-44789.09	0.00	-1531.37
431.70	-44853.86	0.00	690.19
431.80	-44798.83	0.00	2909.02
431.90	-44675.11	0.00	5116.37
432.00	-44480.85	0.00	7303.53
432.10	-44213.28	0.00	9461.86
432.20	-43868.72	0.00	11582.86
432.30	-43442.66	0.00	13658.14
432.40	-42929.95	0.00	15679.52
432.50	-42324.83	0.00	17639.02
432.60	-41621.16	0.00	19528.91
432.70	-40812.49	0.00	21341.72
432.80	-39892.34	0.00	23070.31
432.90	-38854.27	0.00	24707.85
433.00	-37692.14	0.00	26247.88
433.10	-36400.26	0.00	27684.32
433.20	-34973.59	0.00	29011.51
433.30	-33407.89	0.00	30224.20
433.40	-31699.96	0.00	31317.61
433.50	-29847.70	0.00	32287.42
433.60	-27850.37	0.00	33129.81
433.70	-25708.62	0.00	33841.45
433.80	-23424.67	0.00	34419.53
433.90	-21002.37	0.00	34861.77
434.00	-18447.26	0.00	35166.44
434.10	-15766.63	0.00	35332.31
434.20	-12969.53	0.00	35358.75
434.30	-10066.75	0.00	35245.64
434.40	-7070.80	0.00	34993.43
434.50	-3995.82	0.00	34603.12
434.60	-857.51	0.00	34076.24
434.70	2327.02	0.00	33414.89
434.80	5539.35	0.00	32621.66
434.90	8759.95	0.00	31699.68
435.00	11968.34	0.00	30652.61
435.10	15143.31	0.00	29484.56
435.20	18263.13	0.00	28200.15
435.30	21305.79	0.00	26804.44
435.40	24249.23	0.00	25302.95
435.50	27071.58	0.00	23701.60
435.60	29751.44	0.00	22006.72
435.70	32268.09	0.00	20224.98
435.80	34601.73	0.00	18363.42
435.90	36733.75	0.00	16429.39
436.00	38646.94	0.00	14430.52
436.10	40325.66	0.00	12374.70
436.20	41756.06	0.00	10270.05
436.30	42926.28	0.00	8124.86
436.40	43826.51	0.00	5947.61
436.50	44449.20	0.00	3746.88
436.60	44789.09	0.00	1531.37
436.70	44853.86	0.00	-690.19
436.80	44798.83	0.00	-2909.02
436.90	44675.11	0.00	-5116.37
437.00	44480.85	0.00	-7303.53
437.10	44213.28	0.00	-9461.86
437.20	43868.72	0.00	-11582.86
437.30	43442.66	0.00	-13658.14
437.40	42929.95	0.00	-15679.52
437.50	42324.83	0.00	-17639.02
437.60	41621.16	0.00	-19528.91
437.70	40812.49	0.00	-21341.72
437.80	39892.34	0.00	-23070.31
437.90	38854.27	0.00	-24707.85
438.00	37692.14	0.00	-26247.88
438.10	36400.26	0.00	-27684.32
438.20	34973.59	0.00	-29011.51
438.30	33407.89	0.00	-30224.20
438.40	31699.96	0.00	-31317.61
438.50	29847.70	0.00	-32287.42
438.60	27850.37	0.00	-33129.81
438.70	25708.62	0.00	-33841.45
438.80	23424.67	0.00	-34419.53
438.90	21002.37	0.00	-34861.77
439.00	18447.26	0.00	-35166.44
439.10	15766.63	0.00	-35332.31
439.20	12969.53	0.00	-35358.75
439.30	10066.75	0.00	-35245.64
439.40	7070.80	0.00	-34993.43
439.50	3995.82	0.00	-34603.12
439.60	857.51	0.00	-34076.24
439.70	-2327.02	0.00	-33414.89
439.80	-5539.35	0.00	-32621.66
439.90	-8759.95	0.00	-31699.68
440.00	-11968.34	0.00	-30652.61
440.10	-15143.31	0.00	-29484.56
440.20	-18263.13	0.00	-28200.15
440.30	-21305.79	0.00	-26804.44
440.40	-24249.23	0.00	-25302.95
440.50	-27071.58	0.00	-23701.60
440.60	-29751.44	0.00	-22006.72
440.70	-32268.09	0.00	-20224.98
440.80	-34601.73	0.00	-18363.42
440.90	-36733.75	0.00	-16429.39
441.00	-38646.94	0.00	-14430.52
441.10	-40325.66	0.00	-12374.70
441.20	-41756.06	0.00	-10270.05
441.30	-42926.28	0.00	-8124.86
441.40	-43826.51	0.00	-5947.61
441.50	-44449.20	0.00	-3746.88
441.60	-44789.09	0.00	-1531.37
441.70	-44853.86	0.00	690.19
441.80	-44798.83	0.00	2909.02
441.90	-44675.11	0.00	5116.37
442.00	-44480.85	0.00	7303.53
442.10	-44213.28	0.00	9461.86
442.20	-43868.72	0.00	11582.86
442.30	-43442.66	0.00	13658.14
442.40	-42929.95	0.00	15679.52
442.50	-42324.83	0.00	17639.02
442.60	-41621.16	0.00	19528.91
442.70	-40812.49	0.00	21341.72
442.80	-39892.34	0.00	23070.31
442.90	-38854.27	0.00	24707.85
443.00	-37692.14	0.00	26247.88
443.10	-36400.26	0.00	27684.32
443.20	-34973.59	0.00	29011.51
443.30	-33407.89	0.00	30224.20
443.40	-31699.96	0.00	31317.61
443.50	-29847.70	0.00	32287.42
443.60	-27850.37	0.00	33129.81
443.70	-25708.62	0.00	33841.45
443.80	-23424.67	0.00	34419.53
443.90	-21002.37	0.00	34861.77
444.00	-18447.26	0.00	35166.44
444.10	-15766.63	0.00	35332.31
444.20	-12969.53	0.00	35358.75
444.30	-10066.75	0.00	35245.64
444.40	-7070.80	0.00	34993.43
444.50	-3995.82	0.00	34603.12
444.60	-857.51	0.00	34076.24
444.70	2327.02	0.00	33414.89
444.80	5539.35	0.00	32621.66
444.90	8759.95	0.00	31699.68
445.00	11968.34	0.00	30652.61
445.10	15143.31	0.00	29484.56
445.20	18263.13	0.00	28200.15
445.30	21305.79	0.00	26804.44
445.40	24249.23	0.00	25302.95
445.50	27071.58	0.00	23701.60
445.60	29751.44	0.00	22006.72
445.70	32268.09	0.00	20224.98
445.80	34601.73	0.00	18363.42
445.90	36733.75	0.00	16429.39
446.00	38646.94	0.00	14430.52
446.10	40325.66	0.00	12374.70
446.20	41756.06	0.00	10270.05
446.30	42926.28	0.00	8124.86
446.40	43826.51	0.00	5947.61
446.50	44449.20	0.00	3746.88
446.60	44789.09	0.00	1531.37
446.70	44853.86	0.00	-690.19
446.80	44798.83	0.00	-2909.02
446.90	44675.11	0.00	-5116.37
447.00	44480.85	0.00	-7303.53
447.10	44213.28	0.00	-9461.86
447.20	43868.72	0.00	-11582.86
447.30	43442.66	0.00	-13658.14
447.40	42929.95	0.00	-15679.52
447.50	42324.83	0.00	-17639.02
447.60	41621.16	0.00	-19528.91
447.70	40812.49	0.00	-21341.72
447.80	39892.34	0.00	-23070.31
447.90	38854.27	0.00	-24707.85
448.00	37692.14	0.00	-26247.88
448.10	36400.26	0.00	-27684.32
448.20	34973.59	0.00	-29011.51
448.30	33407.89	0.00	-30224.20
448.40	31699.96	0.00	-31317.61
448.50	29847.70	0.00	-32287.42
448.60	27850.37	0.00	-33129.81
448.70	25708.62	0.00	-33841.45
448.80	23424.67	0.00	-34419.53
448.90	21002.37	0.00	-34861.77
449.00	18447.26	0.00	-35166.44
449.10	15766.63	0.00	-35332.31
449.20	12969.53	0.00	-35358.75
449.30	10066.75	0.00	-35245.64
449.40	7070.80	0.00	-34993.43
449.50	3995.82	0.00	-34603.12
449.60	857.51	0.00	-34076.24
449.70	-2327.02	0.00	-33414.89
449.80	-5539.35	0.00	-32621.66
449.90	-8759.95	0.00	-31699.68
450.00	-11968.34	0.00	-30652.61
450.10	-15143.31	0.00	-29484.56
450.20	-18263.13	0.00	-28200.15
450.30	-21305.79	0.00	-26804.44
450.40	-24249.23	0.00	-25302.95
450.50	-27071.58	0.00	-23701.60
450.60	-29751.44	0.00	-22006.72
450.70	-32268.09	0.00	-20224.98
450.80	-34601.73	0.00	-18363.42
450.90	-36733.75	0.00	-16429.39
451.00	-38646.94	0.00	-14430.52
451.10	-40325.66	0.00	-12374.70
451.20	-41756.06	0.00	-10270.05
451.30	-42926.28	0.00	-8124.86
451.40	-43826.51	0.00	-5947.61
451.50	-44449.20	0.00	-3746.88
451.60	-44789.09	0.00	-1531.37
451.70	-44853.86	0.00	690.19
451.80	-44798.83	0.00	2909.02
451.90	-44675.11	0.00	5116.37
452.00	-44480.85	0.00	7303.53
452.10	-44213.28	0.00	9461.86
452.20	-43868.72	0.00	11582.86
452.30	-43442.66	0.00	13658.14
452.40	-42929.95	0.00	15679.52
452.50	-42324.83	0.00	17639.02
452.60	-41621.16	0.00	19528.91
452.70	-40812.49	0.00	21341.72
452.80	-39892.34	0.00	23070.31
452.90	-38854.27	0.00	24707.85
453.00	-37692.14	0.00	26247.88
453.10	-36400.26	0.00	27684.32
453.20	-34973.59	0.00	29011.51
453.30	-33407.89	0.00	30224.20
453.40	-31699.96	0.00	31317.61
453.50	-29847.70	0.00	32287.42
453.60	-27850.37	0.00	33129.81
453.70	-25708.62	0.00	33841.45
453.80	-23424.67	0.00	34419.53
453.90	-21002.37	0.00	34861.77
454.00	-18447.26	0.00	35166.44
454.10	-15766.63	0.00	35332.31
454.20	-12969.53	0.00	35358.75
454.30	-10066.75	0.00	35245.64
454.40	-7070.80	0.00	34993.43
454.50	-3995.82	0.00	34603.12
454.60	-857.51	0.00	34076.24
454.70	2327.02	0.00	33414.89
454.80	5539.35	0.00	32621.66
454.90	8759.95	0.00	31699.68
455.00	11968.34	0.00	30652.61
455.10	15143.31	0.00	29484.56
455.20	18263.13	0.00	28200.15
455.30	21305.79	0.00	26804.44
455.40	24249.23	0.00	25302.95
455.50	27071.58	0.00	23701.60
455.60	29751.44	0.00	22006.72
455.70	32268.09	0.00	20224.98
455.80	34601.73	0.00	18363.42
455.90	36733.75	0.00	16429.39
456.00	38646.94	0.00	14430.52
456.10	40325.66	0.00	12374.70
456.20	41756.06	0.00	10270.05
456.30	42926.28	0.00	8124.86
456.40	43826.51	0.00	5947.61
456.50	44449.20	0.00	3746.88
456.60	44789.09	0.00	1531.37
456.70	44853.86	0.00	-690.19
456.80	44798.83	0.00	-2909.02
456.90	44675.11	0.00	-5116.37
457.00	44480.85	0.00	-7303.53
457.10	44213.28	0.00	-9461.86
457.20	43868.72	0.00	-11582.86
457.30	43442.66	0.00	-13658.14
457.40	42929.95	0.00	-15679.52
457.50	42324.83	0.00	-17639.02
457.60	41621.16	0.00	-19528.91
457.70	40812.49	0.00	-21341.72
457.80	39892.34	0.00	-23070.31
457.90	38854.27	0.00	-24707.85
458.00	37692.14	0.00	-26247.88
458.10	36400.26	0.00	-27684.32
458.20	34973.59	0.00	-29011.51
458.30	33407.89	0.00	-30224.20
458.40	31699.96	0.00	-31317.61
458.50	29847.70	0.00	-32287.42
458.60	27850.37	0.00	-33129.81
458.70	25708.62	0.00	-33841.45
458.80	23424.67	0.00	-34419.53
458.90	21002.37	0.00	-34861.77
459.00	18447.26	0.00	-35166.44
459.10	15766.63	0.00	-35332.31
459.20	12969.53	0.00	-35358.75
459.30	10066.75	0.00	-35245.64
459.40	7070.80	0.00	-34993.43
459.50	3995.82	0.00	-34603.12
459.60	857.51	0.00	-34076.24
459.70	-2327.02	0.00	-33414.89
459.80	-5539.35	0.00	-32621.66
459.90	-8759.95	0.00	-31699.68
460.00	-11968.34	0.00	-30652.61
460.10	-15143.31	0.00	-29484.56
460.20	-18263.13	0.00	-28200.15
460.30	-21305.79	0.00	-26804.44
460.40	-24249.23	0.00	-25302.95
460.50	-27071.58	0.00	-23701.60
460.60	-29751.44	0.00	-22006.72
460.70	-32268.09	0.00	-20224.98
460.80	-34601.73	0.00	-18363.42
460.90	-36733.75	0.00	-16429.39
461.00	-38646.94	0.00	-14430.52
461.10	-40325.66	0.00	-12374.70
461.20	-41756.06	0.00	-10270.05
461.30	-42926.28	0.00	-8124.86
461.40	-43826.51	0.00	-5947.61
461.50	-44449.20	0.00	-3746.88
461.60	-44789.09	0.00	-1531.37
461.70	-44853.86	0.00	690.19
461.80	-44798.83	0.00	2909.02
461.90	-44675.11	0.00	5116.37
462.00	-44480.85	0.00	7303.53
462.10	-44213.28	0.00	9461.86
462.20	-43868.72	0.00	11582.86
462.30	-43442.66	0.00	13658.14
462.40	-42929.95	0.00	15679.52
462.50	-42324.83	0.00	17639.02
462.60	-41621.16	0.00	19528.91
462.70	-40812.49	0.00	21341.72
462.80	-39892.34	0.00	23070.31
462.90	-38854.27	0.00	24707.85
463.00	-37692.14	0.00	26247.88
463.10	-36400.26	0.00	27684.32
463.20	-34973.59	0.00	29011.51
463.30	-33407.89	0.00	30224.20
463.40	-31699.96	0.00	31317.61
463.50	-29847.70	0.00	32287.42
463.60	-27850.37	0.00	33129.81
463.70	-25708.62	0.00	33841.45
463.80	-23424.67	0.00	34419.53
463.90	-21002.37	0.00	34861.77
464.00	-18447.26	0.00	35166.44
464.10	-15766.63	0.00	35332.31
464.20	-12969.53	0.00	35358.75
464.30	-10066.75	0.00	35245.64
464.40	-7070.80	0.00	34993.43
464.50	-3995.82	0.00	34603.12
464.60	-857.51	0.00	34076.24
464.70	2327.02	0.00	33414.89
464.80	5539.35	0.00	32621.66
464.90	8759.95	0.00	31699.68
465.00	11968.34	0.00	30652.61
465.10	15143.31	0.00	29484.56
465.20	18263.13	0.00	28200.15
465.30	21305.79	0.00	26804.44
465.40	24249.23	0.00	25302.95
465.50	27071.58	0.00	23701.60
465.60	29751.44	0.00	22006.72
465.70	32268.09	0.00	20224.98
465.80	34601.73	0.00	18363.42
465.90	36733.75	0.00	16429.39
466.00	38646.94	0.00	14430.52
466.10	40325.66	0.00	12374.70
466.20	41756.06	0.00	10270.05
466.30	42926.28	0.00	8124.86
466.40	43826.51	0.00	5947.61
466.50	44449.20	0.00	3746.88
466.60	44789.09	0.00	1531.37
466.70	44853.86	0.00	-690.19
466.80	44798.83	0.00	-2909.02
466.90	44675.11	0.00	-5116.37
467.00	44480.85	0.00	-7303.53
467.10	44213.28	0.00	-9461.86
467.20	43868.72	0.00	-11582.86
467.30	43442.66	0.00	-13658.14
467.40	42929.95	0.00	-15679.52
467.50	42324.83	0.00	-17639.02
467.60	41621.16	0.00	-19528.91
467.70	40812.49	0.00	-21341.72
467.80	39892.34	0.00	-23070.31
467.90	38854.27	0.00	-24707.85
468.00	37692.14	0.00	-26247.88
468.10	36400.26	0.00	-27684.32
468.20	34973.59	0.00	-29011.51
468.30	33407.89	0.00	-30224.20
468.40	31699.96	0.00	-31317.61
468.50	29847.70	0.00	-32287.42
468.60	27850.37	0.00	-33129.81
468.70	25708.62	0.00	-33841.45
468.80	23424.67	0.00	-34419.53
468.90	21002.37	0.00	-34861.77
469.00	18447.26	0.00	-35166.44
469.10	15766.63	0.00	-35332.31
469.20	12969.53	0.00	-35358.75
469.30	10066.75	0.00	-35245.64
469.40	7070.80	0.00	-34993.43
469.50	3995.82	0.00	-34603.12
469.60	857.51	0.00	-34076.24
469.70	-2327.02	0.00	-33414.89
469.80	-5539.35	0.00	-32621.66
469.90	-8759.95	0.00	-31699.68
470.00	-11968.34	0.00	-30652.61
470.10	-15143.31	0.00	-29484.56
470.20	-18263.13	0.00	-28200.15
470.30	-21305.79	0.00	-26804.44
470.40	-24249.23	0.00	-25302.95
470.50	-27071.58	0.00	-23701.60
470.60	-29751.44	0.00	-22006.72
470.70	-32268.09	0.00	-20224.98
470.80	-34601.73	0.00	-18363.42
470.90	-36733.75	0.00	-16429.39
471.00	-38646.94	0.00	-14430.52
471.10	-40325.66	0.00	-12374.70
471.20	-41756.06	0.00	-10270.05
471.30	-42926.28	0.00	-8124.86
471.40	-43826.51	0.00	-5947.61
471.50	-44449.20	0.00	-3746.88
471.60	-44789.09	0.00	-1531.37
471.70	-44853.86	0.00	690.19
471.80	-44798.83	0.00	2909.02
471.90	-44675.11	0.00	5116.37
472.00	-44480.85	0.00	7303.53
472.10	-44213.28	0.00	9461.86
472.20	-43868.72	0.00	11582.86
472.30	-43442.66	0.00	13658.14
472.40	-42929.95	0.00	15679.52
472.50	-42324.83	0.00	17639.02
472.60	-41621.16	0.00	19528.91
472.70	-40812.49	0.00	21341.72
472.80	-39892.34	0.00	23070.31
472.90	-38854.27	0.00	24707.85
473.00	-37692.14	0.00	26247.88
473.10	-36400.26	0.00	27684.32
473.20	-34973.59	0.00	29011.51
473.30	-33407.89	0.00	30224.20
473.40	-31699.96	0.00	31317.61
473.50	-29847.70	0.00	32287.42
473.60	-27850.37	0.00	33129.81
473.70	-25708.62	0.00	33841.45
473.80	-23424.67	0.00	34419.53
473.90	-21002.37	0.00	34861.77
474.00	-18447.26	0.00	35166.44
474.10	-15766.63	0.00	35332.31
474.20	-12969.53	0.00	35358.75
474.30	-10066.75	0.00	35245.64
474.40	-7070.80	0.00	34993.43
474.50	-3995.82	0.00	34603.12
474.60	-857.51	0.00	34076.24
474.70	2327.02	0.00	33414.89
474.80	5539.35	0.00	32621.66
474.90	8759.95	0.00	31699.68
475.00	11968.34	0.00	30652.61
475.10	15143.31	0.00	29484.56
475.20	18263.13	0.00	28200.15
475.30	21305.79	0.00	26804.44
475.40	24249.23	0.00	25302.95
475.50	27071.58	0.00	23701.60
475.60	29751.44	0.00	22006.72
475.70	32268.09	0.00	20224.98
475.80	34601.73	0.00	18363.42
475.90	36733.75	0.00	16429.39
476.00	38646.94	0.00	14430.52
476.10	40325.66	0.00	12374.70
476.20	41756.06	0.00	10270.05
476.30	42926.28	0.00	8124.86
476.40	43826.51	0.00	5947.61
476.50	44449.20	0.00	3746.88
476.60	44789.09	0.00	1531.37
476.70	44853.86	0.00	-690.19
476.80	44798.83	0.00	-2909.02
476.90	44675.11	0.00	-5116.37
477.00	44480.85	0.00	-7303.53
477.10	44213.28	0.00	-9461.86
477.20	43868.72	0.00	-11582.86
477.30	43442.66	0.00	-13658.14
477.40	42929.95	0.00	-15679.52
477.50	42324.83	0.00	-17639.02
477.60	41621.16	0.00	-19528.91
477.70	40812.49	0.00	-21341.72
477.80	39892.34	0.00	-23070.31
477.90	38854.27	0.00	-24707.85
478.00	37692.14	0.00	-26247.88
478.10	36400.26	0.00	-27684.32
478.20	34973.59	0.00	-29011.51
478.30	33407.89	0.00	-30224.20
478.40	31699.96	0.00	-31317.61
478.50	29847.70	0.00	-32287.42
478.60	27850.37	0.00	-33129.81
478.70	25708.62	0.00	-33841.45
478.80	23424.67	0.00	-34419.53
478.90	21002.37	0.00	-34861.77
479.00	18447.26	0.00	-35166.44
479.10	15766.63	0.00	-35332.31
479.20	12969.53	0.00	-35358.75
479.30	10066.75	0.00	-35245.64
479.40	7070.80	0.00	-34993.43
479.50	3995.82	0.00	-34603.12
479.60	857.51	0.00	-34076.24
479.70	-2327.02	0.00	-33414.89
479.80	-5539.35	0.00	-32621.66
479.90	-8759.95	0.00	-31699.68
480.00	-11968.34	0.00	-30652.61
480.10	-15143.31	0.00	-29484.56
480.20	-18263.13	0.00	-28200.15
480.30	-21305.79	0.00	-26804.44
480.40	-24249.23	0.00	-25302.95
480.50	-27071.58	0.00	-23701.60
480.60	-29751.44	0.00	-22006.72
480.70	-32268.09	0.00	-20224.98
480.80	-34601.73	0.00	-18363.42
480.90	-36733.75	0.00	-16429.39
481.00	-38646.94	0.00	-14430.52
481.10	-40325.66	0.00	-12374.70
481.20	-41756.06	0.00	-10270.05
481.30	-42926.28	0.00	-8124.86
481.40	-43826.51	0.00	-5947.61
481.50	-44449.20	0.00	-3746.88
481.60	-44789.09	0.00	-1531.37
481.70	-44853.86	0.00	690.19
481.80	-44798.83	0.00	2909.02
481.90	-44675.11	0.00	5116.37
482.00	-44480.85	0.00	7303.53
482.10	-44213.28	0.00	9461.86
482.20	-43868.72	0.00	11582.86
482.30	-43442.66	0.00	13658.14
482.40	-42929.95	0.00	15679.52
482.50	-42324.83	0.00	17639.02
482.60	-41621.16	0.00	19528.91
482.70	-40812.49	0.00	21341.72
482.80	-39892.34	0.00	23070.31
482.90	-38854.27	0.00	24707.85
483.00	-37692.14	0.00	26247.88
483.10	-36400.26	0.00	27684.32
483.20	-34973.59	0.00	29011.51
483.30	-33407.89	0.00	30224.20
483.40	-31699.96	0.00	31317.61
483.50	-29847.70	0.00	32287.42
483.60	-27850.37	0.00	33129.81
483.70	-25708.62	0.00	33841.45
483.80	-23424.67	0.00	34419.53
483.90	-21002.37	0.00	34861.77
484.00	-18447.26	0.00	35166.44
484.10	-15766.63	0.00	35332.31
484.20	-12969.53	0.00	35358.75
484.30	-10066.75	0.00	35245.64
484.40	-7070.80	0.00	34993.43
484.50	-3995.82	0.00	34603.12
484.60	-857.51	0.00	34076.24
484.70	2327.02	0.00	33414.89
484.80	5539.35	0.00	32621.66
484.90	8759.95	0.00	31699.68
485.00	11968.34	0.00	30652.61
485.10	15143.31	0.00	29484.56
485.20	18263.13	0.00	28200.15
485.30	21305.79	0.00	26804.44
485.40	24249.23	0.00	25302.95
485.50	27071.58	0.00	23701.60
485.60	29751.44	0.00	22006.72
485.70	32268.09	0.00	20224.98
485.80	34601.73	0.00	18363.42
485.90	36733.75	0.00	16429.39
486.00	38646.94	0.00	14430.52
486.10	40325.66	0.00	12374.70
486.20	41756.06	0.00	10270.05
486.30	42926.28	0.00	8124.86
486.40	43826.51	0.00	5947.61
486.50	44449.20	0.00	3746.88
486.60	44789.09	0.00	1531.37
486.70	44853.86	0.00	-690.19
486.80	44798.83	0.00	-2909.02
486.90	44675.11	0.00	-5116.37
487.00	44480.85	0.00	-7303.53
487.10	44213.28	0.00	-9461.86
487.20	43868.72	0.00	-11582.86
487.30	43442.66	0.00	-13658.14
487.40	42929.95	0.00	-15679.52
487.50	42324.83	0.00	-17639.02
487.60	41621.16	0.00	-19528.91
487.70	40812.49	0.00	-21341.72
487.80	39892.34	0.00	-23070.31
487.90	38854.27	0.00	-24707.85
488.00	37692.14	0.00	-26247.88
488.10	36400.26	0.00	-27684.32
488.20	34973.59	0.00	-29011.51
488.30	33407.89	0.00	-30224.20
488.40	31699.96	0.00	-31317.61
488.50	29847.70	0.00	-32287.42
488.60	27850.37	0.00	-33129.81
488.70	25708.62	0.00	-33841.45
488.80	23424.67	0.00	-34419.53
488.90	21002.37	0.00	-34861.77
489.00	18447.26	0.00	-35166.44
489.10	15766.63	0.00	-35332.31
489.20	12969.53	0.00	-35358.75
489.30	10066.75	0.00	-35245.64
489.40	7070.80	0.00	-34993.43
489.50	3995.82	0.00	-34603.12
489.60	857.51	0.00	-34076.24
489.70	-2327.02	0.00	-33414.89
489.80	-5539.35	0.00	-32621.66
489.90	-8759.95	0.00	-31699.68
490.00	-11968.34	0.00	-30652.61
490.10	-15143.31	0.00	-29484.56
490.20	-18263.13	0.00	-28200.15
490.30	-21305.79	0.00	-26804.44
490.40	-24249.23	0.00	-25302.95
490.50	-27071.58	0.00	-23701.60
490.60	-29751.44	0.00	-22006.72
490.70	-32268.09	0.00	-20224.98
490.80	-34601.73	0.00	-18363.42
490.90	-36733.75	0.00	-16429.39
491.00	-38646.94	0.00	-14430.52
491.10	-40325.66	0.00	-12374.70
491.20	-41756.06	0.00	-10270.05
491.30	-42926.28	0.00	-8124.86
491.40	-43826.51	0.00	-5947.61
491.50	-44449.20	0.00	-3746.88
491.60	-44789.09	0.00	-1531.37
491.70	-44853.86	0.00	690.19
491.80	-44798.83	0.00	2909.02
491.90	-44675.11	0.00	5116.37
492.00	-44480.85	0.00	7303.53
492.10	-44213.28	0.00	9461.86
492.20	-43868.72	0.00	11582.86
492.30	-43442.66	0.00	13658.14
492.40	-42929.95	0.00	15679.52
492.50	-42324.83	0.00	17639.02
492.60	-41621.16	0.00	19528.91
492.70	-40812.49	0.00	21341.72
492.80	-39892.34	0.00	23070.31
492.90	-38854.27	0.00	24707.85
493.00	-37692.14	0.00	26247.88
493.10	-36400.26	0.00	27684.32
493.20	-34973.59	0.00	29011.51
493.30	-33407.89	0.00	30224.20
493.40	-31699.96	0.00	31317.61
493.50	-29847.70	0.00	32287.42
493.60	-27850.37	0.00	33129.81
493.70	-25708.62	0.00	33841.45
493.80	-23424.67	0.00	34419.53
493.90	-21002.37	0.00	34861.77
494.00	-18447.26	0.00	35166.44
494.10	-15766.63	0.00	35332.31
494.20	-12969.53	0.00	35358.75
494.30	-10066.75	0.00	35245.64
494.40	-7070.80	0.00	34993.43
494.50	-3995.82	0.00	34603.12
494.60	-857.51	0.00	34076.24
494.70	2327.02	0.00	33414.89
494.80	5539.35	0.00	32621.66
494.90	8759.95	0.00	31699.68
495.00	11968.34	0.00	30652.61
495.10	15143.31	0.00	29484.56
495.20	18263.13	0.00	28200.15
495.30	21305.79	0.00	26804.44
495.40	24249.23	0.00	25302.95
495.50	27071.58	0.00	23701.60
495.60	29751.44	0.00	22006.72
495.70	32268.09	0.00	20224.98
495.80	34601.73	0.00	18363.42
495.90	36733.75	0.00	16429.39
496.00	38646.94	0.00	14430.52
496.10	40325.66	0.00	12374.70
496.20	41756.06	0.00	10270.05
496.30	42926.28	0.00	8124.86
496.40	43826.51	0.00	5947.61
496.50	44449.20	0.00	3746.88
496.60	44789.09	0.00	1531.37
496.70	44853.86	0.00	-690.19
496.80	44798.83	0.00	-2909.02
496.90	44675.11	0.00	-5116.37
497.00	44480.85	0.00	-7303.53
497.10	44213.28	0.00	-9461.86
497.20	43868.72	0.00	-11582.86
497.30	43442.66	0.00	-13658.14
497.40	42929.95	0.00	-15679.52
497.50	42324.83	0.00	-17639.02
497.60	41621.16	0.00	-19528.91
497.70	40812.49	0.00	-21341.72
497.80	39892.34	0.00	-23070.31
497.90	38854.27	0.00	-24707.85
498.00	37692.14	0.00	-26247.88
498.10	36400.26	0.00	-27684.32
498.20	34973.59	0.00	-29011.51
498.30	33407.89	0.00	-30224.20
498.40	31699.96	0.00	-31317.61
498.50	29847.70	0.00	-32287.42
498.60	27850.37	0.00	-33129.81
498.70	25708.62	0.00	-33841.45
498.80	23424.67	0.00	-34419.53
498.90	21002.37	0.00	-34861.77
499.00	18447.26	0.00	-35166.44
499.10	15766.63	0.00	-35332.31
499.20	12969.53	0.00	-35358.75
499.30	10066.75	0.00	-35245.64
499.40	7070.80	0.00	-34993.43
499.50	3995.82	0.00	-34603.12
499.60	857.51	0.00	-34076.24
499.70	-2327.02	0.00	-33414.89
499.80	-5539.35	0.00	-32621.66
499.90	-8759.95	0.00	-31699.68
500.00	-11968.34	0.00	-30652.61
500.10	-15143.31	0.00	-29484.56
500.20	-18263.13	0.00	-28200.15
500.30	-21305.79	0.00	-26804.44
500.40	-24249.23	0.00	-25302.95
500.50	-27071.58	0.00	-23701.60
500.60	-29751.44	0.00	-22006.72
500.70	-32268.09	0.00	-20224.98
500.80	-34601.73	0.00	-18363.42
500.90	-36733.75	0.00	-16429.39
501.00	-38646.94	0.00	-14430.52
501.10	-40325.66	0.00	-12374.70
501.20	-41756.06	0.00	-10270.05
501.30	-42926.28	0.00	-8124.86
501.40	-43826.51	0.00	-5947.61
501.50	-44449.20	0.00	-3746.88
501.60	-44789.09	0.00	-1531.37
501.70	-44853.86	0.00	690.19
501.80	-44798.83	0.00	2909.02
501.90	-44675.11	0.00	5116.37
502.00	-44480.85	0.00	7303.53
502.10	-44213.28	0.00	9461.86
502.20	-43868.72	0.00	11582.86
502.30	-43442.66	0.00	13658.14
502.40	-42929.95	0.00	15679.52
502.50	-42324.83	0.00	17639.02
502.60	-41621.16	0.00	19528.91
502.70	-40812.49	0.00	21341.72
502.80	-39892.34	0.00	23070.31
502.90	-38854.27	0.00	24707.85
503.00	-37692.14	0.00	26247.88
503.10	-36400.26	0.00	27684.32
503.20	-34973.59	0.00	29011.51
503.30	-33407.89	0.00	30224.20
503.40	-31699.96	0.00	31317.61
503.50	-29847.70	0.00	32287.42
503.60	-27850.37	0.00	33129.81
503.70	-25708.62	0.00	33841.45
503.80	-23424.67	0.00	34419.53
503.90	-21002.37	0.00	34861.77
504.00	-18447.26	0.00	35166.44
504.10	-15766.63	0.00	35332.31
504.20	-12969.53	0.00	35358.75
504.30	-10066.75	0.00	35245.64
504.40	-7070.80	0.00	34993.43
504.50	-3995.82	0.00	34603.12
504.60	-857.51	0.00	34076.24
504.70	2327.02	0.00	33414.89
504.80	5539.35	0.00	32621.66
504.90	8759.95	0.00	31699.68
505.00	11968.34	0.00	30652.61
505.10	15143.31	0.00	29484.56
505.20	18263.13	0.00	28200.15
505.30	21305.79	0.00	26804.44
505.40	24249.23	0.00	25302.95
505.50	27071.58	0.00	23701.60
505.60	29751.44	0.00	22006.72
505.70	32268.09	0.00	20224.98
505.80	34601.73	0.00	18363.42
505.90	36733.75	0.00	16429.39
506.00	38646.94	0.00	14430.52
506.10	40325.66	0.00	12374.70
506.20	41756.06	0.00	10270.05
506.30	42926.28	0.00	8124.86
506.40	43826.51	0.00	5947.61
506.50	44449.20	0.00	3746.88
506.60	44789.09	0.00	1531.37
506.70	44853.86	0.00	-690.19
506.80	44798.83	0.00	-2909.02
506.90	44675.11	0.00	-5116.37
507.00	44480.85	0.00	-7303.53
507.10	44213.28	0.00	-9461.86
507.20	43868.72	0.00	-11582.86
507.30	43442.66	0.00	-13658.14
507.40	42929.95	0.00	-15679.52
507.50	42324.83	0.00	-17639.02
507.60	41621.16	0.00	-19528.91
507.70	40812.49	0.00	-21341.72
507.80	39892.34	0.00	-23070.31
507.90	38854.27	0.00	-24707.85
508.00	37692.14	0.00	-26247.88
508.10	36400.26	0.00	-27684.32
508.20	34973.59	0.00	-29011.51
508.30	33407.89	0.00	-30224.20
508.40	31699.96	0.00	-31317.61
508.50	29847.70	0.00	-32287.42
508.60	27850.37	0.00	-33129.81
508.70	25708.62	0.00	-33841.45
508.80	23424.67	0.00	-34419.53
508.90	21002.37	0.00	-34861.77
509.00	18447.26	0.00	-35166.44
509.10	15766.63	0.00	-35332.31
509.20	12969.53	0.00	-35358.75
509.30	10066.75	0.00	-35245.64
509.40	7070.80	0.00	-34993.43
509.50	3995.82	0.00	-34603.12
509.60	857.51	0.00	-34076.24
509.70	-2327.02	0.00	-33414.89
509.80	-5539.35	0.00	-32621.66
509.90	-8759.95	0.00	-31699.68
510.00	-11968.34	0.00	-30652.61
510.10	-15143.31	0.00	-29484.56
510.20	-18263.13	0.00	-28200.15
510.30	-21305.79	0.00	-26804.44
510.40	-24249.23	0.00	-25302.95
510.50	-27071.58	0.00	-23701.60
510.60	-29751.44	0.00	-22006.72
510.70	-32268.09	0.00	-20224.98
510.80	-34601.73	0.00	-18363.42
510.90	-36733.75	0.00	-16429.39
511.00	-38646.94	0.00	-14430.52
511.10	-40325.66	0.00	-12374.70
511.20	-41756.06	0.00	-10270.05
511.30	-42926.28	0.00	-8124.86
511.40	-43826.51	0.00	-5947.61
511.50	-44449.20	0.00	-3746.88
511.60	-44789.09	0.00	-1531.37
511.70	-44853.86	0.00	690.19
511.80	-44798.83	0.00	2909.02
511.90	-44675.11	0.00	5116.37
512.00	-44480.85	0.00	7303.53
512.10	-44213.28	0.00	9461.86
512.20	-43868.72	0.00	11582.86
512.30	-43442.66	0.00	13658.14
512.40	-42929.95	0.00	15679.52
512.50	-42324.83	0.00	17639.02
512.60	-41621.16	0.00	19528.91
512.70	-40812.49	0.00	21341.72
512.80	-39892.34	0.00	23070.31
512.90	-38854.27	0.00	24707.85
513.00	-37692.14	0.00	26247.88
513.10	-36400.26	0.00	27684.32
513.20	-34973.59	0.00	29011.51
513.30	-33407.89	0.00	30224.20
513.40	-31699.96	0.00	31317.61
513.50	-29847.70	0.00	32287.42
513.60	-27850.37	0.00	33129.81
513.70	-25708.62	0.00	33841.45
513.80	-23424.67	0.00	34419.53
513.90	-21002.37	0.00	34861.77
514.00	-18447.26	0.00	35166.44
514.10	-15766.63	0.00	35332.31
514.20	-12969.53	0.00	35358.75
514.30	-10066.75	0.00	35245.64
514.40	-7070.80	0.00	34993.43
514.50	-3995.82	0.00	34603.12
514.60	-857.51	0.00	34076.24
514.70	2327.02	0.00	33414.89
514.80	5539.35	0.00	32621.66
514.90	8759.95	0.00	31699.68
515.00	11968.34	0.00	30652.61
515.10	15143.31	0.00	29484.56
515.20	18263.13	0.00	28200.15
515.30	21305.79	0.00	26804.44
515.40	24249.23	0.00	25302.95
515.50	27071.58	0.00	23701.60
515.60	29751.44	0.00	22006.72
515.70	32268.09	0.00	20224.98
515.80	34601.73	0.00	18363.42
515.90	36733.75	0.00	16429.39
516.00	38646.94	0.00	14430.52
516.10	40325.66	0.00	12374.70
516.20	41756.06	0.00	10270.05
516.30	42926.28	0.00	8124.86
516.40	43826.51	0.00	5947.61
516.50	44449.20	0.00	3746.88
516.60	44789.09	0.00	1531.37
516.70	44853.86	0.00	-690.19
516.80	44798.83	0.00	-2909.02
516.90	44675.11	0.00	-5116.37
517.00	44480.85	0.00	-7303.53
517.10	44213.28	0.00	-9461.86
517.20	43868.72	0.00	-11582.86
517.30	43442.66	0.00	-13658.14
517.40	42929.95	0.00	-15679.52
517.50	42324.83	0.00	-17639.02
517.60	41621.16	0.00	-19528.91
517.70	40812.49	0.00	-21341.72
517.80	39892.34	0.00	-23070.31
517.90	38854.27	0.00	-24707.85
518.00	37692.14	0.00	-26247.88
518.10	36400.26	0.00	-27684.32
518.20	34973.59	0.00	-29011.51
518.30	33407.89	0.00	-30224.20
518.40	31699.96	0.00	-31317.61
518.50	29847.70	0.00	-32287.42
518.60	27850.37	0.00	-33129.81
518.70	25708.62	0.00	-33841.45
518.80	23424.67	0.00	-34419.53
518.90	21002.37	0.00	-34861.77
519.00	18447.26	0.00	-35166.44
519.10	15766.63	0.00	-35332.31
519.20	12969.53	0.00	-35358.75
519.30	10066.75	0.00	-35245.64
519.40	7070.80	0.00	-34993.43
519.50	3995.82	0.00	-34603.12
519.60	857.51	0.00	-34076.24
519.70	-2327.02	0.00	-33414.89
519.80	-5539.35	0.00	-32621.66
519.90	-8759.95	0.00	-31699.68
520.00	-11968.34	0.00	-30652.61
520.10	-15143.31	0.00	-29484.56
520.20	-18263.13	0.00	-28200.15
520.30	-21305.79	0.00	-26804.44
520.40	-24249.23	0.00	-25302.95
520.50	-27071.58	0.00	-23701.60
520.60	-29751.44	0.00	-22006.72
520.70	-32268.09	0.00	-20224.98
520.80	-34601.73	0.00	-18363.42
520.90	-36733.75	0.00	-16429.39
521.00	-38646.94	0.00	-14430.52
521.10	-40325.66	0.00	-12374.70
521.20	-41756.06	0.00	-10270.05
521.30	-42926.28	0.00	-8124.86
521.40	-43826.51	0.00	-5947.61
521.50	-44449.20	0.00	-3746.88
521.60	-44789.09	0.00	-1531.37
521.70	-44853.86	0.00	690.19
521.80	-44798.83	0.00	2909.02
521.90	-44675.11	0.00	5116.37
522.00	-44480.85	0.00	7303.53
522.10	-44213.28	0.00	9461.86
522.20	-43868.72	0.00	11582.86
522.30	-43442.66	0.00	13658.14
522.40	-42929.95	0.00	15679.52
522.50	-42324.83	0.00	17639.02
522.60	-41621.16	0.00	19528.91
522.70	-40812.49	0.00	21341.72
522.80	-39892.34	0.00	23070.31
522.90	-38854.27	0.00	24707.85
523.00	-37692.14	0.00	26247.88
523.10	-36400.26	0.00	27684.32
523.20	-34973.59	0.00	29011.51
523.30	-33407.89	0.00	30224.20
523.40	-31699.96	0.00	31317.61
523.50	-29847.70	0.00	32287.42
523.60	-27850.37	0.00	33129.81
523.70	-25708.62	0.00	33841.45
523.80	-23424.67	0.00	34419.53
523.90	-21002.37	0.00	34861.77
524.00	-18447.26	0.00	35166.44
524.10	-15766.63	0.00	35332.31
524.20	-12969.53	0.00	35358.75
524.30	-10066.75	0.00	35245.64
524.40	-7070.80	0.00	34993.43
524.50	-3995.82	0.00	34603.12
524.60	-857.51	0.00	34076.24
524.70	2327.02	0.00	33414.89
524.80	5539.35	0.00	32621.66
524.90	8759.95	0.00	31699.68
525.00	11968.34	0.00	30652.61
525.10	15143.31	0.00	29484.56
525.20	18263.13	0.00	28200.15
525.30	21305.79	0.00	26804.44
525.40	24249.23	0.00	25302.95
525.50	27071.58	0.00	23701.60
525.60	29751.44	0.00	22006.72
525.70	32268.09	0.00	20224.98
525.80	34601.73	0.00	18363.42
525.90	36733.75	0.00	16429.39
526.00	38646.94	0.00	14430.52
526.10	40325.66	0.00	12374.70
526.20	41756.06	0.00	10270.05
526.30	42926.28	0.00	8124.86
526.40	43826.51	0.00	5947.61
526.50	44449.20	0.00	3746.88
526.60	44789.09	0.00	1531.37
526.70	44853.86	0.00	-690.19
526.80	44798.83	0.00	-2909.02
526.90	44675.11	0.00	-5116.37
527.00	44480.85	0.00	-7303.53
527.10	44213.28	0.00	-9461.86
527.20	43868.72	0.00	-11582.86
527.30	43442.66	0.00	-13658.14
527.40	42929.95	0.00	-15679.52
527.50	42324.83	0.00	-17639.02
527.60	41621.16	0.00	-19528.91
527.70	40812.49	0.00	-21341.72
527.80	39892.34	0.00	-23070.31
527.90	38854.27	0.00	-24707.85
528.00	37692.14	0.00	-26247.88
528.10	36400.26	0.00	-27684.32
528.20	34973.59	0.00	-29011.51
528.30	33407.89	0.00	-30224.20
528.40	31699.96	0.00	-31317.61
528.50	29847.70	0.00	-32287.42
528.60	27850.37	0.00	-33129.81
528.70	25708.62	0.00	-33841.45
528.80	23424.67	0.00	-34419.53
528.90	21002.37	0.00	-34861.77
529.00	18447.26	0.00	-35166.44
529.10	15766.63	0.00	-35332.31
529.20	12969.53	0.00	-35358.75
529.30	10066.75	0.00	-35245.64
529.40	7070.80	0.00	-34993.43
529.50	3995.82	0.00	-34603.12
529.60	857.51	0.00	-34076.24
529.70	-2327.02	0.00	-33414.89
529.80	-5539.35	0.00	-32621.66
529.90	-8759.95	0.00	-31699.68
530.00	-11968.34	0.00	-30652.61
530.10	-15143.31	0.00	-29484.56
530.20	-18263.13	0.00	-28200.15
530.30	-21305.79	0.00	-26804.44
530.40	-24249.23	0.00	-25302.95
530.50	-27071.58	0.00	-23701.60
530.60	-29751.44	0.00	-22006.72
530.70	-32268.09	0.00	-20224.98
530.80	-34601.73	0.00	-18363.42
530.90	-36733.75	0.00	-16429.39
531.00	-38646.94	0.00	-14430.52
531.10	-40325.66	0.00	-12374.70
531.20	-41756.06	0.00	-10270.05
531.30	-42926.28	0.00	-8124.86
531.40	-43826.51	0.00	-5947.61
531.50	-44449.20	0.00	-3746.88
531.60	-44789.09	0.00	-1531.37
531.70	-44853.86	0.00	690.19
531.80	-44798.83	0.00	2909.02
531.90	-44675.11	0.00	5116.37
532.00	-44480.85	0.00	7303.53
532.10	-44213.28	0.00	9461.86
532.20	-43868.72	0.00	11582.86
532.30	-43442.66	0.00	13658.14
532.40	-42929.95	0.00	15679.52
532.50	-42324.83	0.00	17639.02
532.60	-41621.16	0.00	19528.91
532.70	-40812.49	0.00	21341.72
532.80	-39892.34	0.00	23070.31
532.90	-38854.27	0.00	24707.85
533.00	-37692.14	0.00	26247.88
533.10	-36400.26	0.00	27684.32
533.20	-34973.59	0.00	29011.51
533.30	-33407.89	0.00	30224.20
533.40	-31699.96	0.00	31317.61
533.50	-29847.70	0.00	32287.42
533.60	-27850.37	0.00	33129.81
533.70	-25708.62	0.00	33841.45
533.80	-23424.67	0.00	34419.53
533.90	-21002.37	0.00	34861.77
534.00	-18447.26	0.00	35166.44
534.10	-15766.63	0.00	35332.31
534.20	-12969.53	0.00	35358.75
534.30	-10066.75	0.00	35245.64
534.40	-7070.80	0.00	34993.43
534.50	-3995.82	0.00	34603.12
534.60	-857.51	0.00	34076.24
534.70	2327.02	0.00	33414.89
534.80	5539.35	0.00	32621.66
534.90	8759.95	0.00	31699.68
535.00	11968.34	0.00	30652.61
535.10	15143.31	0.00	29484.56
535.20	18263.13	0.00	28200.15
535.30	21305.79	0.00	26804.44
535.40	24249.23	0.00	25302.95
535.50	27071.58	0.00	23701.60
535.60	29751.44	0.00	22006.72
535.70	32268.09	0.00	20224.98
535.80	34601.73	0.00	18363.42
535.90	36733.75	0.00	16429.39
536.00	38646.94	0.00	14430.52
536.10	40325.66	0.00	12374.70
536.20	41756.06	0.00	10270.05
536.30	42926.28	0.00	8124.86
536.40	43826.51	0.00	5947.61
536.50	44449.20	0.00	3746.88
536.60	44789.09	0.00	1531.37
536.70	44853.86	0.00	-690.19
536.80	44798.83	0.00	-2909.02
536.90	44675.11	0.00	-5116.37
537.00	44480.85	0.00	-7303.53
537.10	44213.28	0.00	-9461.86
537.20	43868.72	0.00	-11582.86
537.30	43442.66	0.00	-13658.14
537.40	42929.95	0.00	-15679.52
537.50	42324.83	0.00	-17639.02
537.60	41621.16	0.00	-19528.91
537.70	40812.49	0.00	-21341.72
537.80	39892.34	0.00	-23070.31
537.90	38854.27	0.00	-24707.85
538.00	37692.14	0.00	-26247.88
538.10	36400.26	0.00	-27684.32
538.20	34973.59	0.00	-29011.51
538.30	33407.89	0.00	-30224.20
538.40	31699.96	0.00	-31317.61
538.50	29847.70	0.00	-32287.42
538.60	27850.37	0.00	-33129.81
538.70	25708.62	0.00	-33841.45
538.80	23424.67	0.00	-34419.53
538.90	21002.37	0.00	-34861.77
539.00	18447.26	0.00	-35166.44
539.10	15766.63	0.00	-35332.31
539.20	12969.53	0.00	-35358.75
539.30	10066.75	0.00	-35245.64
539.40	7070.80	0.00	-34993.43
539.50	3995.82	0.00	-34603.12
539.60	857.51	0.00	-34076.24
539.70	-2327.02	0.00	-33414.89
539.80	-5539.35	0.00	-32621.66
539.90	-8759.95	0.00	-31699.68
540.00	-11968.34	0.00	-30652.61
540.10	-15143.31	0.00	-29484.56
540.20	-18263.13	0.00	-28200.15
540.30	-21305.79	0.00	-26804.44
540.40	-24249.23	0.00	-25302.95
540.50	-27071.58	0.00	-23701.60
540.60	-29751.44	0.00	-22006.72
540.70	-32268.09	0.00	-20224.98
540.80	-34601.73	0.00	-18363.42
540.90	-36733.75	0.00	-16429.39
541.00	-38646.94	0.00	-14430.52
541.10	-40325.66	0.00	-12374.70
541.20	-41756.06	0.00	-10270.05
541.30	-42926.28	0.00	-8124.86
541.40	-43826.51	0.00	-5947.61
541.50	-44449.20	0.00	-3746.88
541.60	-44789.09	0.00	-1531.37
541.70	-44853.86	0.00	690.19
541.80	-44798.83	0.00	2909.02
541.90	-44675.11	0.00	5116.37
542.00	-44480.85	0.00	7303.53
542.10	-44213.28	0.00	9461.86
542.20	-43868.72	0.00	11582.86
542.30	-43442.66	0.00	13658.14
542.40	-42929.95	0.00	15679.52
542.50	-42324.83	0.00	17639.02
542.60	-41621.16	0.00	19528.91
542.70	-40812.49	0.00	21341.72
542.80	-39892.34	0.00	23070.31
542.90	-38854.27	0.00	24707.85
543.00	-37692.14	0.00	26247.88
543.10	-36400.26	0.00	27684.32
543.20	-34973.59	0.00	29011.51
543.30	-33407.89	0.00	30224.20
543.40	-31699.96	0.00	31317.61
543.50	-29847.70	0.00	32287.42
543.60	-27850.37	0.00	33129.81
543.70	-25708.62	0.00	33841.45
543.80	-23424.67	0.00	34419.53
543.90	-21002.37	0.00	34861.77
544.00	-18447.26	0.00	35166.44
544.10	-15766.63	0.00	35332.31
544.20	-12969.53	0.00	35358.75
544.30	-10066.75	0.00	35245.64
544.40	-7070.80	0.00	34993.43
544.50	-3995.82	0.00	34603.12
544.60	-857.51	0.00	34076.24
544.70	2327.02	0.00	33414.89
544.80	5539.35	0.00	32621.66
544.90	8759.95	0.00	31699.68
545.00	11968.34	0.00	30652.61
545.10	15143.31	0.00	29484.56
545.20	18263.13	0.00	28200.15
545.30	21305.79	0.00	26804.44
545.40	24249.23	0.00	25302.95
545.50	27071.58	0.00	23701.60
545.60	29751.44	0.00	22006.72
545.70	32268.09	0.00	20224.98
545.80	34601.73	0.00	18363.42
545.90	36733.75	0.00	16429.39
546.00	38646.94	0.00	14430.52
546.10	40325.66	0.00	12374.70
546.20	41756.06	0.00	10270.05
546.30	42926.28	0.00	8124.86
546.40	43826.51	0.00	5947.61
546.50	44449.20	0.00	3746.88
546.60	44789.09	0.00	1531.37
546.70	44853.86	0.00	-690.19
546.80	44798.83	0.00	-2909.02
546.90	44675.11	0.00	-5116.37
547.00	44480.85	0.00	-7303.53
547.10	44213.28	0.00	-9461.86
547.20	43868.72	0.00	-11582.86
547.30	43442.66	0.00	-13658.14
547.40	42929.95	0.00	-15679.52
547.50	42324.83	0.00	-17639.02
547.60	41621.16	0.00	-19528.91
547.70	40812.49	0.00	-21341.72
547.80	39892.34	0.00	-23070.31
547.90	38854.27	0.00	-24707.85
548.00	37692.14	0.00	-26247.88
548.10	36400.26	0.00	-27684.32
548.20	34973.59	0.00	-29011.51
548.30	33407.89	0.00	-30224.20
548.40	31699.96	0.00	-31317.61
548.50	29847.70	0.00	-32287.42
548.60	27850.37	0.00	-33129.81
548.70	25708.62	0.00	-33841.45
548.80	23424.67	0.00	-34419.53
548.90	21002.37	0.00	-34861.77
549.00	18447.26	0.00	-35166.44
549.10	15766.63	0.00	-35332.31
549.20	12969.53	0.00	-35358.75
549.30	10066.75	0.00	-35245.64
549.40	7070.80	0.00	-34993.43
549.50	3995.82	0.00	-34603.12
549.60	857.51	0.00	-34076.24
549.70	-2327.02	0.00	-33414.89
549.80	-5539.35	0.00	-32621.66
549.90	-8759.95	0.00	-31699.68
550.00	-11968.34	0.00	-30652.61
550.10	-15143.31	0.00	-29484.56
550.20	-18263.13	0.00	-28200.15
550.30	-21305.79	0.00	-26804.44
550.40	-24249.23	0.00	-25302.95
550.50	-27071.58	0.00	-23701.60
550.60	-29751.44	0.00	-22006.72
550.70	-32268.09	0.00	-20224.98
550.80	-34601.73	0.00	-18363.42
550.90	-36733.75	0.00	-16429.39
551.00	-38646.94	0.00	-14430.52
551.10	-40325.66	0.00	-12374.70
551.20	-41756.06	0.00	-10270.05
551.30	-42926.28	0.00	-8124.86
551.40	-43826.51	0.00	-5947.61
551.50	-44449.20	0.00	-3746.88
551.60	-44789.09	0.00	-1531.37
551.70	-44853.86	0.00	690.19
551.80	-44798.83	0.00	2909.02
551.90	-44675.11	0.00	5116.37
552.00	-44480.85	0.00	7303.53
552.10	-44213.28	0.00	9461.86
552.20	-43868.72	0.00	11582.86
552.30	-43442.66	0.00	13658.14
552.40	-42929.95	0.00	15679.52
552.50	-42324.83	0.00	17639.02
552.60	-41621.16	0.00	19528.91
552.70	-40812.49	0.00	21341.72
552.80	-39892.34	0.00	23070.31
552.90	-38854.27	0.00	24707.85
553.00	-37692.14	0.00	26247.88
553.10	-36400.26	0.00	27684.32
553.20	-34973.59	0.00	29011.51
553.30	-33407.89	0.00	30224.20
553.40	-31699.96	0.00	31317.61
553.50	-29847.70	0.00	32287.42
553.60	-27850.37	0.00	33129.81
553.70	-25708.62	0.00	33841.45
553.80	-23424.67	0.00	34419.53
553.90	-21002.37	0.00	34861.77
554.00	-18447.26	0.00	35166.44
554.10	-15766.63	0.00	35332.31
554.20	-12969.53	0.00	35358.75
554.30	-10066.75	0.00	35245.64
554.40	-7070.80	0.00	34993.43
554.50	-3995.82	0.00	34603.12
554.60	-857.51	0.00	34076.24
554.70	2327.02	0.00	33414.89
554.80	5539.35	0.00	32621.66
554.90	8759.95	0.00	31699.68
555.00	11968.34	0.00	30652.61
555.10	15143.31	0.00	29484.56
555.20	18263.13	0.00	28200.15
555.30	21305.79	0.00	26804.44
555.40	24249.23	0.00	25302.95
555.50	27071.58	0.00	23701.60
555.60	29751.44	0.00	22006.72
555.70	32268.09	0.00	20224.98
555.80	34601.73	0.00	18363.42
555.90	36733.75	0.00	16429.39
556.00	38646.94	0.00	14430.52
556.10	40325.66	0.00	12374.70
556.20	41756.06	0.00	10270.05
556.30	42926.28	0.00	8124.86
556.40	43826.51	0.00	5947.61
556.50	44449.20	0.00	3746.88
556.60	44789.09	0.00	1531.37
556.70	44853.86	0.00	-690.19
556.80	44798.83	0.00	-2909.02
556.90	44675.11	0.00	-5116.37
557.00	44480.85	0.00	-7303.53
557.10	44213.28	0.00	-9461.86
557.20	43868.72	0.00	-11582.86
557.30	43442.66	0.00	-13658.14
557.40	42929.95	0.00	-15679.52
557.50	42324.83	0.00	-17639.02
557.60	41621.16	0.00	-19528.91
557.70	40812.49	0.00	-21341.72
557.80	39892.34	0.00	-23070.31
557.90	38854.27	0.00	-24707.85
558.00	37692.14	0.00	-26247.88
558.10	36400.26	0.00	-27684.32
558.20	34973.59	0.00	-29011.51
558.30	33407.89	0.00	-30224.20
558.40	31699.96	0.00	-31317.61
558.50	29847.70	0.00	-32287.42
558.60	27850.37	0.00	-33129.81
558.70	25708.62	0.00	-33841.45
558.80	23424.67	0.00	-34419.53
558.90	21002.37	0.00	-34861.77
559.00	18447.26	0.00	-35166.44
559.10	15766.63	0.00	-35332.31
559.20	12969.53	0.00	-35358.75
559.30	10066.75	0.00	-35245.64
559.40	7070.80	0.00	-34993.43
559.50	3995.82	0.00	-34603.12
559.60	857.51	0.00	-34076.24
559.70	-2327.02	0.00	-33414.89
559.80	-5539.35	0.00	-32621.66
559.90	-8759.95	0.00	-31699.68
560.00	-11968.34	0.00	-30652.61
560.10	-15143.31	0.00	-29484.56
560.20	-18263.13	0.00	-28200.15
560.30	-21305.79	0.00	-26804.44
560.40	-24249.23	0.00	-25302.95
560.50	-27071.58	0.00	-23701.60
560.60	-29751.44	0.00	-22006.72
560.70	-32268.09	0.00	-20224.98
560.80	-34601.73	0.00	-18363.42
560.90	-36733.75	0.00	-16429.39
561.00	-38646.94	0.00	-14430.52
561.10	-40325.66	0.00	-12374.70
561.20	-41756.06	0.00	-10270.05
561.30	-42926.28	0.00	-8124.86
561.40	-43826.51	0.00	-5947.61
561.50	-44449.20	0.00	-3746.88
561.60	-44789.09	0.00	-1531.37
561.70	-44853.86	0.00	690.19
561.80	-44798.83	0.00	2909.02
561.90	-44675.11	0.00	5116.37
562.00	-44480.85	0.00	7303.53
562.10	-44213.28	0.00	9461.86
562.20	-43868.72	0.00	11582.86
562.30	-43442.66	0.00	13658.14
562.40	-42929.95	0.00	15679.52
562.50	-42324.83	0.00	17639.02
562.60	-41621.16	0.00	19528.91
562.70	-40812.49	0.00	21341.72
562.80	-39892.34	0.00	23070.31
562.90	-38854.27	0.00	24707.85
563.00	-37692.14	0.00	26247.88
563.10	-36400.26	0.00	27684.32
563.20	-34973.59	0.00	29011.51
563.30	-33407.89	0.00	30224.20
563.40	-31699.96	0.00	31317.61
563.50	-29847.70	0.00	32287.42
563.60	-27850.37	0.00	33129.81
563.70	-25708.62	0.00	33841.45
563.80	-23424.67	0.00	34419.53
563.90	-21002.37	0.00	34861.77
564.00	-18447.26	0.00	35166.44
564.10	-15766.63	0.00	35332.31
564.20	-12969.53	0.00	35358.75
564.30	-10066.75	0.00	35245.64
564.40	-7070.80	0.00	34993.43
564.50	-3995.82	0.00	34603.12
564.60	-857.51	0.00	34076.24
564.70	2327.02	0.00	33414.89
564.80	5539.35	0.00	32621.66
564.90	8759.95	0.00	31699.68
565.00	11968.34	0.00	30652.61
565.10	15143.31	0.00	29484.56
565.20	18263.13	0.00	28200.15
565.30	21305.79	0.00	26804.44
565.40	24249.23	0.00	25302.95
565.50	27071.58	0.00	23701.60
565.60	29751.44	0.00	22006.72
565.70	32268.09	0.00	20224.98
565.80	34601.73	0.00	18363.42
565.90	36733.75	0.00	16429.39
566.00	38646.94	0.00	14430.52
566.10	40325.66	0.00	12374.70
566.20	41756.06	0.00	10270.05
566.30	42926.28	0.00	8124.86
566.40	43826.51	0.00	5947.61
566.50	44449.20	0.00	3746.88
566.60	44789.09	0.00	1531.37
566.70	44853.86	0.00	-690.19
566.80	44798.83	0.00	-2909.02
566.90	44675.11	0.00	-5116.37
567.00	44480.85	0.00	-7303.53
567.10	44213.28	0.00	-9461.86
567.20	43868.72	0.00	-11582.86
567.30	43442.66	0.00	-13658.14
567.40	42929.95	0.00	-15679.52
567.50	42324.83	0.00	-17639.02
567.60	41621.16	0.00	-19528.91
567.70	40812.49	0.00	-21341.72
567.80	39892.34	0.00	-23070.31
567.90	38854.27	0.00	-24707.85
568.00	37692.14	0.00	-26247.88
568.10	36400.26	0.00	-27684.32
568.20	34973.59	0.00	-29011.51
568.30	33407.89	0.00	-30224.20
568.40	31699.96	0.00	-31317.61
568.50	29847.70	0.00	-32287.42
568.60	27850.37	0.00	-33129.81
568.70	25708.62	0.00	-33841.45
568.80	23424.67	0.00	-34419.53
568.90	21002.37	0.00	-34861.77
569.00	18447.26	0.00	-35166.44
569.10	15766.63	0.00	-35332.31
569.20	12969.53	0.00	-35358.75
569.30	10066.75	0.00	-35245.64
569.40	7070.80	0.00	-34993.43
569.50	3995.82	0.00	-34603.12
569.60	857.51	0.00	-34076.24
569.70	-2327.02	0.00	-33414.89
569.80	-5539.35	0.00	-32621.66
569.90	-8759.95	0.00	-31699.68
570.00	-11968.34	0.00	-30652.61
570.10	-15143.31	0.00	-29484.56
570.20	-18263.13	0.00	-28200.15
570.30	-21305.79	0.00	-26804.44
570.40	-24249.23	0.00	-25302.95
570.50	-27071.58	0.00	-23701.60
570.60	-29751.44	0.00	-22006.72
570.70	-32268.09	0.00	-20224.98
570.80	-34601.73	0.00	-18363.42
570.90	-36733.75	0.00	-16429.39
571.00	-38646.94	0.00	-14430.52
571.10	-40325.66	0.00	-12374.70
571.20	-41756.06	0.00	-10270.05
571.30	-42926.28	0.00	-8124.86
571.40	-43826.51	0.00	-5947.61
571.50	-44449.20	0.00	-3746.88
571.60	-44789.09	0.00	-1531.37
571.70	-44853.86	0.00	690.19
571.80	-44798.83	0.00	2909.02
571.90	-44675.11	0.00	5116.37
572.00	-44480.85	0.00	7303.53
572.10	-44213.28	0.00	9461.86
572.20	-43868.72	0.00	11582.86
572.30	-43442.66	0.00	13658.14
572.40	-42929.95	0.00	15679.52
572.50	-42324.83	0.00	17639.02
572.60	-41621.16	0.00	19528.91
572.70	-40812.49	0.00	21341.72
572.80	-39892.34	0.00	23070.31
572.90	-38854.27	0.00	24707.85
573.00	-37692.14	0.00	26247.88
573.10	-36400.26	0.00	27684.32
573.20	-34973.59	0.00	29011.51
573.30	-33407.89	0.00	30224.20
573.40	-31699.96	0.00	31317.61
573.50	-29847.70	0.00	32287.42
573.60	-27850.37	0.00	33129.81
573.70	-25708.62	0.00	33841.45
573.80	-23424.67	0.00	34419.53
573.90	-21002.37	0.00	34861.77
574.00	-18447.26	0.00	35166.44
574.10	-15766.63	0.00	35332.31
574.20	-12969.53	0.00	35358.75
574.30	-10066.75	0.00	35245.64
574.40	-7070.80	0.00	34993.43
574.50	-3995.82	0.00	34603.12
574.60	-857.51	0.00	34076.24
574.70	2327.02	0.00	33414.89
574.80	5539.35	0.00	32621.66
574.90	8759.95	0.00	31699.68
575.00	11968.34	0.00	30652.61
575.10	15143.31	0.00	29484.56
575.20	18263.13	0.00	28200.15
575.30	21305.79	0.00	26804.44
575.40	24249.23	0.00	25302.95
575.50	27071.58	0.00	23701.60
575.60	29751.44	0.00	22006.72
575.70	32268.09	0.00	20224.98
575.80	34601.73	0.00	18363.42
575.90	36733.75	0.00	16429.39
576.00	38646.94	0.00	14430.52
576.10	40325.66	0.00	12374.70
576.20	41756.06	0.00	10270.05
576.30	42926.28	0.00	8124.86
576.40	43826.51	0.00	5947.61
576.50	44449.20	0.00	3746.88
576.60	44789.09	0.00	1531.37
576.70	44853.86	0.00	-690.19
576.80	44798.83	0.00	-2909.02
576.90	44675.11	0.00	-5116.37
577.00	44480.85	0.00	-7303.53
577.10	44213.28	0.00	-9461.86
577.20	43868.72	0.00	-11582.86
577.30	43442.66	0.00	-13658.14
577.40	42929.95	0.00	-15679.52
577.50	42324.83	0.00	-17639.02
577.60	41621.16	0.00	-19528.91
577.70	40812.49	0.00	-21341.72
577.80	39892.34	0.00	-23070.31
577.90	38854.27	0.00	-24707.85
578.00	37692.14	0.00	-26247.88
578.10	36400.26	0.00	-27684.32
578.20	34973.59	0.00	-29011.51
578.30	33407.89	0.00	-30224.20
578.40	31699.96	0.00	-31317.61
578.50	29847.70	0.00	-32287.42
578.60	27850.37	0.00	-33129.81
578.70	25708.62	0.00	-33841.45
578.80	23424.67	0.00	-34419.53
578.90	21002.37	0.00	-34861.77
579.00	18447.26	0.00	-35166.44
579.10	15766.63	0.00	-35332.31
579.20	12969.53	0.00	-35358.75
579.30	10066.75	0.00	-35245.64
579.40	7070.80	0.00	-34993.43
579.50	3995.82	0.00	-34603.12
579.60	857.51	0.00	-34076.24
579.70	-2327.02	0.00	-33414.89
579.80	-5539.35	0.00	-32621.66
579.90	-8759.95	0.00	-31699.68
580.00	-11968.34	0.00	-30652.61
580.10	-15143.31	0.00	-29484.56
580.20	-18263.13	0.00	-28200.15
580.30	-21305.79	0.00	-26804.44
580.40	-24249.23	0.00	-25302.95
580.50	-27071.58	0.00	-23701.60
580.60	-29751.44	0.00	-22006.72
580.70	-32268.09	0.00	-20224.98
580.80	-34601.73	0.00	-18363.42
580.90	-36733.75	0.00	-16429.39
581.00	-38646.94	0.00	-14430.52
581.10	-40325.66	0.00	-12374.70
581.20	-41756.06	0.00	-10270.05
581.30	-42926.28	0.00	-8124.86
581.40	-43826.51	0.00	-5947.61
581.50	-44449.20	0.00	-3746.88
581.60	-44789.09	0.00	-1531.37
581.70	-44853.86	0.00	690.19
581.80	-44798.83	0.00	2909.02
581.90	-44675.11	0.00	5116.37
582.00	-44480.85	0.00	7303.53
582.10	-44213.28	0.00	9461.86
582.20	-43868.72	0.00	11582.86
582.30	-43442.66	0.00	13658.14
582.40	-42929.95	0.00	15679.52
582.50	-42324.83	0.00	17639.02
582.60	-41621.16	0.00	19528.91
582.70	-40812.49	0.00	21341.72
582.80	-39892.34	0.00	23070.31
582.90	-38854.27	0.00	24707.85
583.00	-37692.14	0.00	26247.88
583.10	-36400.26	0.00	27684.32
583.20	-34973.59	0.00	29011.51
583.30	-33407.89	0.00	30224.20
583.40	-31699.96	0.00	31317.61
583.50	-29847.70	0.00	32287.42
583.60	-27850.37	0.00	33129.81
583.70	-25708.62	0.00	33841.45
583.80	-23424.67	0.00	34419.53
583.90	-21002.37	0.00	34861.77
584.00	-18447.26	0.00	35166.44
584.10	-15766.63	0.00	35332.31
584.20	-12969.53	0.00	35358.75
584.30	-10066.75	0.00	35245.64
584.40	-7070.80	0.00	34993.43
584.50	-3995.82	0.00	34603.12
584.60	-857.51	0.00	34076.24
584.70	2327.02	0.00	33414.89
584.80	5539.35	0.00	32621.66
584.90	8759.95	0.00	31699.68
585.00	11968.34	0.00	30652.61
585.10	15143.31	0.00	29484.56
585.20	18263.13	0.00	28200.15
585.30	21305.79	0.00	26804.44
585.40	24249.23	0.00	25302.95
585.50	27071.58	0.00	23701.60
585.60	29751.44	0.00	22006.72
585.70	32268.09	0.00	20224.98
585.80	34601.73	0.00	18363.42
585.90	36733.75	0.00	16429.39
586.00	38646.94	0.00	14430.52
586.10	40325.66	0.00	12374.70
586.20	41756.06	0.00	10270.05
586.30	42926.28	0.00	8124.86
586.40	43826.51	0.00	5947.61
586.50	44449.20	0.00	3746.88
586.60	44789.09	0.00	1531.37
586.70	44853.86	0.00	-690.19
586.80	44798.83	0.00	-2909.02
586.90	44675.11	0.00	-5116.37
587.00	44480.85	0.00	-7303.53
587.10	44213.28	0.00	-9461.86
587.20	43868.72	0.00	-11582.86
587.30	43442.66	0.00	-13658.14
587.40	42929.95	0.00	-15679.52
587.50	42324.83	0.00	-17639.02
587.60	41621.16	0.00	-19528.91
587.70	40812.49	0.00	-21341.72
587.80	39892.34	0.00	-23070.31
587.90	38854.27	0.00	-24707.85
588.00	37692.14	0.00	-26247.88
588.10	36400.26	0.00	-27684.32
588.20	34973.59	0.00	-29011.51
588.30	33407.89	0.00	-30224.20
588.40	31699.96	0.00	-31317.61
588.50	29847.70	0.00	-32287.42
588.60	27850.37	0.00	-33129.81
588.70	25708.62	0.00	-33841.45
588.80	23424.67	0.00	-34419.53
588.90	21002.37	0.00	-34861.77
589.00	18447.26	0.00	-35166.44
589.10	15766.63	0.00	-35332.31
589.20	12969.53	0.00	-35358.75
589.30	10066.75	0.00	-35245.64
589.40	7070.80	0.00	-34993.43
589.50	3995.82	0.00	-34603.12
589.60	857.51	0.00	-34076.24
589.70	-2327.02	0.00	-33414.89
589.80	-5539.35	0.00	-32621.66
589.90	-8759.95	0.00	-31699.68
590.00	-11968.34	0.00	-30652.61
590.10	-15143.31	0.00	-29484.56
590.20	-18263.13	0.00	-28200.15
590.30	-21305.79	0.00	-26804.44
590.40	-24249.23	0.00	-25302.95
590.50	-27071.58	0.00	-23701.60
590.60	-29751.44	0.00	-22006.72
590.70	-32268.09	0.00	-20224.98
590.80	-34601.73	0.00	-18363.42
590.90	-36733.75	0.00	-16429.39
591.00	-38646.94	0.00	-14430.52
591.10	-40325.66	0.00	-12374.70
591.20	-41756.06	0.00	-10270.05
591.30	-42926.28	0.00	-8124.86
591.40	-43826.51	0.00	-5947.61
591.50	-44449.20	0.00	-3746.88
591.60	-44789.09	0.00	-1531.37
591.70	-44853.86	0.00	690.19
591.80	-44798.83	0.00	2909.02
591.90	-44675.11	0.00	5116.37
592.00	-44480.85	0.00	7303.53
592.10	-44213.28	0.00	9461.86
592.20	-43868.72	0.00	11582.86
592.30	-43442.66	0.00	13658.14
592.40	-42929.95	0.00	15679.52
592.50	-42324.83	0.00	17639.02
592.60	-41621.16	0.00	19528.91
592.70	-40812.49	0.00	21341.72
592.80	-39892.34	0.00	23070.31
592.90	-38854.27	0.00	24707.85
593.00	-37692.14	0.00	26247.88
593.10	-36400.26	0.00	27684.32
593.20	-34973.59	0.00	29011.51
593.30	-33407.89	0.00	30224.20
593.40	-31699.96	0.00	31317.61
593.50	-29847.70	0.00	32287.42
593.60	-27850.37	0.00	33129.81
593.70	-25708.62	0.00	33841.45
593.80	-23424.67	0.00	34419.53
593.90	-21002.37	0.00	34861.77
594.00	-18447.26	0.00	35166.44
594.10	-15766.63	0.00	35332.31
594.20	-12969.53	0.00	35358.75
594.30	-10066.75	0.00	35245.64
594.40	-7070.80	0.00	34993.43
594.50	-3995.82	0.00	34603.12
594.60	-857.51	0.00	34076.24
594.70	2327.02	0.00	33414.89
594.80	5539.35	0.00	32621.66
594.90	8759.95	0.00	31699.68
595.00	11968.34	0.00	30652.61
595.10	15143.31	0.00	29484.56
595.20	18263.13	0.00	28200.15
595.30	21305.79	0.00	26804.44
595.40	24249.23	0.00	25302.95
595.50	27071.58	0.00	23701.60
595.60	29751.44	0.00	22006.72
595.70	32268.09	0.00	20224.98
595.80	34601.73	0.00	18363.42
595.90	36733.75	0.00	16429.39
596.00	38646.94	0.00	14430.52
596.10	40325.66	0.00	12374.70
596.20	41756.06	0.00	10270.05
596.30	42926.28	0.00	8124.86
596.40	43826.51	0.00	5947.61
596.50	44449.20	0.00	3746.88
596.60	44789.09	0.00	1531.37
596.70	44853.86	0.00	-690.19
596.80	44798.83	0.00	-2909.02
596.90	44675.11	0.00	-5116.37
597.00	44480.85	0.00	-7303.53
597.10	44213.28	0.00	-9461.86
597.20	43868.72	0.00	-11582.86
597.30	43442.66	0.00	-13658.14
597.40	42929.95	0.00	-15679.52
597.50	42324.83	0.00	-17639.02
597.60	41621.16	0.00	-19528.91
597.70	40812.49	0.00	-21341.72
597.80	39892.34	0.00	-23070.31
597.90	38854.27	0.00	-24707.85
598.00	37692.14	0.00	-26247.88
598.10	36400.26	0.00	-27684.32
598.20	34973.59	0.00	-29011.51
598.30	33407.89	0.00	-30224.20
598.40	31699.96	0.00	-31317.61
598.50	29847.70	0.00	-32287.42
598.60	27850.37	0.00	-33129.81
598.70	25708.62	0.00	-33841.45
598.80	23424.67	0.00	-34419.53
598.90	21002.37	0.00	-34861.77
599.00	18447.26	0.00	-35166.44
599.10	15766.63	0.00	-35332.31
599.20	12969.53	0.00	-35358.75
599.30	10066.75	0.00	-35245.64
599.40	7070.80	0.00	-34993.43
599.50	3995.82	0.00	-34603.12
599.60	857.51	0.00	-34076.24
599.70	-2327.02	0.00	-33414.89
599.80	-5539.35	0.00	-32621.66
599.90	-8759.95	0.00	-31699.68
600.00	-11968.34	0.00	-30652.61
