Time(s)	Fx(N)	Fy(N)	Fz(N)
0.00	1035.09	0.00	-663.72
0.10	835.16	0.00	-654.76
0.20	635.68	0.00	-643.50
0.30	437.42	0.00	-630.05
0.40	241.13	0.00	-614.50
0.50	47.57	0.00	-596.97
0.60	-142.52	0.00	-577.56
0.70	-328.43	0.00	-556.36
0.80	-509.42	0.00	-533.49
0.90	-684.80	0.00	-509.03
1.00	-853.90	0.00	-483.10
1.10	-1016.06	0.00	-455.79
1.20	-1170.66	0.00	-427.20
1.30	-1317.09	0.00	-397.43
1.40	-1454.80	0.00	-366.58
1.50	-1583.25	0.00	-334.75
1.60	-1701.95	0.00	-302.04
1.70	-1810.45	0.00	-268.56
1.80	-1908.35	0.00	-234.41
1.90	-1995.29	0.00	-199.71
2.00	-2070.96	0.00	-164.55
2.10	-2135.10	0.00	-129.06
2.20	-2187.51	0.00	-93.35
2.30	-2228.05	0.00	-57.55
2.40	-2256.63	0.00	-21.76
2.50	-2273.21	0.00	13.87
2.60	-2277.81	0.00	49.22
2.70	-2270.53	0.00	84.17
2.80	-2251.52	0.00	118.58
2.90	-2220.96	0.00	152.31
3.00	-2179.13	0.00	185.24
3.10	-2126.67	0.00	217.22
3.20	-2064.77	0.00	248.13
3.30	-1993.81	0.00	277.84
3.40	-1914.11	0.00	306.21
3.50	-1826.05	0.00	333.12
3.60	-1730.05	0.00	358.45
3.70	-1626.52	0.00	382.08
3.80	-1515.95	0.00	403.90
3.90	-1398.84	0.00	423.81
4.00	-1275.71	0.00	441.71
4.10	-1147.13	0.00	457.51
4.20	-1013.68	0.00	471.14
4.30	-875.98	0.00	482.53
4.40	-734.67	0.00	491.62
4.50	-590.42	0.00	498.36
4.60	-443.91	0.00	502.73
4.70	-295.84	0.00	504.70
4.80	-146.93	0.00	504.26
4.90	2.09	0.00	501.41
5.00	150.49	0.00	496.17
5.10	297.52	0.00	488.58
5.20	442.45	0.00	478.65
5.30	584.53	0.00	466.46
5.40	723.03	0.00	452.06
5.50	857.23	0.00	435.52
5.60	986.44	0.00	416.94
5.70	1109.97	0.00	396.40
5.80	1227.15	0.00	374.01
5.90	1337.37	0.00	349.89
6.00	1440.03	0.00	324.14
6.10	1534.57	0.00	296.90
6.20	1620.46	0.00	268.29
6.30	1697.24	0.00	238.46
6.40	1764.48	0.00	207.55
6.50	1821.80	0.00	175.69
6.60	1868.87	0.00	143.04
6.70	1905.42	0.00	109.74
6.80	1931.23	0.00	75.95
6.90	1946.56	0.00	41.80
7.00	1951.93	0.00	7.45
7.10	1947.29	0.00	-26.96
7.20	1932.63	0.00	-61.28
7.30	1907.98	0.00	-95.37
7.40	1873.39	0.00	-129.09
7.50	1828.96	0.00	-162.30
7.60	1774.83	0.00	-194.87
7.70	1711.16	0.00	-226.68
7.80	1638.16	0.00	-257.59
7.90	1556.05	0.00	-287.48
8.00	1465.11	0.00	-316.25
8.10	1365.64	0.00	-343.77
8.20	1258.01	0.00	-369.94
8.30	1142.57	0.00	-394.65
8.40	1019.75	0.00	-417.81
8.50	890.00	0.00	-439.32
8.60	753.81	0.00	-459.10
8.70	611.70	0.00	-477.05
8.80	464.23	0.00	-493.11
8.90	311.99	0.00	-507.18
9.00	155.62	0.00	-519.22
9.10	-4.23	0.00	-529.14
9.20	-166.88	0.00	-536.90
9.30	-331.59	0.00	-542.43
9.40	-497.62	0.00	-545.70
9.50	-664.19	0.00	-546.66
9.60	-830.52	0.00	-545.27
9.70	-995.78	0.00	-541.51
9.80	-1159.14	0.00	-535.36
9.90	-1319.77	0.00	-526.81
10.00	-1476.80	0.00	-515.84
10.10	-1629.38	0.00	-502.47
10.20	-1776.66	0.00	-486.70
10.30	-1917.79	0.00	-468.56
10.40	-2051.92	0.00	-448.08
10.50	-2178.23	0.00	-425.30
10.60	-2295.93	0.00	-400.26
10.70	-2404.23	0.00	-373.03
10.80	-2502.40	0.00	-343.69
10.90	-2589.73	0.00	-312.31
11.00	-2665.56	0.00	-278.98
11.10	-2729.72	0.00	-243.82
11.20	-2783.16	0.00	-206.93
11.30	-2825.60	0.00	-168.44
11.40	-2856.68	0.00	-128.49
11.50	-2876.06	0.00	-87.22
11.60	-2883.44	0.00	-44.78
11.70	-2878.56	0.00	-1.35
11.80	-2861.17	0.00	42.90
11.90	-2831.07	0.00	87.80
12.00	-2788.12	0.00	133.15
12.10	-2732.18	0.00	178.75
12.20	-2663.19	0.00	224.42
12.30	-2581.11	0.00	269.93
12.40	-2485.96	0.00	315.08
12.50	-2377.82	0.00	359.65
12.60	-2256.80	0.00	403.43
12.70	-2123.10	0.00	446.20
12.80	-1976.96	0.00	487.75
12.90	-1818.68	0.00	527.85
13.00	-1648.64	0.00	566.30
13.10	-1467.28	0.00	602.88
13.20	-1275.10	0.00	637.39
13.30	-1072.68	0.00	669.63
13.40	-860.69	0.00	699.40
13.50	-639.84	0.00	726.52
13.60	-410.93	0.00	750.82
13.70	-174.85	0.00	772.11
13.80	67.48	0.00	790.25
13.90	315.03	0.00	805.09
14.00	566.73	0.00	816.49
14.10	821.43	0.00	824.33
14.20	1077.92	0.00	828.51
14.30	1334.95	0.00	828.93
14.40	1591.21	0.00	825.52
14.50	1845.34	0.00	818.22
14.60	2095.96	0.00	806.97
14.70	2341.66	0.00	791.76
14.80	2581.00	0.00	772.56
14.90	2812.54	0.00	749.40
15.00	3034.84	0.00	722.28
15.10	3246.48	0.00	691.27
15.20	3446.04	0.00	656.42
15.30	3632.16	0.00	617.82
15.40	3803.50	0.00	575.57
15.50	3958.79	0.00	529.78
15.60	4096.83	0.00	480.61
15.70	4216.48	0.00	428.22
15.80	4316.72	0.00	372.77
15.90	4396.72	0.00	314.49
16.00	4459.24	0.00	253.57
16.10	4505.35	0.00	190.27
16.20	4534.57	0.00	124.83
16.30	4546.46	0.00	57.54
16.40	4540.63	0.00	-11.33
16.50	4516.70	0.00	-81.46
16.60	4474.37	0.00	-152.53
16.70	4413.36	0.00	-224.21
16.80	4333.46	0.00	-296.15
16.90	4234.51	0.00	-368.00
17.00	4116.42	0.00	-439.38
17.10	3979.15	0.00	-509.92
17.20	3822.76	0.00	-579.24
17.30	3647.39	0.00	-646.95
17.40	3453.26	0.00	-712.67
17.50	3240.68	0.00	-776.01
17.60	3010.07	0.00	-836.58
17.70	2761.96	0.00	-894.00
17.80	2497.00	0.00	-947.91
17.90	2215.95	0.00	-997.94
18.00	1919.69	0.00	-1043.74
18.10	1609.22	0.00	-1084.98
18.20	1285.70	0.00	-1121.35
18.30	950.38	0.00	-1152.54
18.40	604.65	0.00	-1178.28
18.50	250.05	0.00	-1198.34
18.60	-111.79	0.00	-1212.50
18.70	-479.12	0.00	-1220.56
18.80	-850.08	0.00	-1222.37
18.90	-1222.70	0.00	-1217.82
19.00	-1594.94	0.00	-1206.81
19.10	-1964.67	0.00	-1189.32
19.20	-2329.73	0.00	-1165.33
19.30	-2687.89	0.00	-1134.87
19.40	-3036.91	0.00	-1098.03
19.50	-3374.54	0.00	-1054.92
19.60	-3698.55	0.00	-1005.70
19.70	-4006.74	0.00	-950.57
19.80	-4296.97	0.00	-889.79
19.90	-4567.17	0.00	-823.62
20.00	-4815.40	0.00	-752.39
20.10	-5039.80	0.00	-676.47
20.20	-5238.67	0.00	-596.24
20.30	-5410.47	0.00	-512.13
20.40	-5553.83	0.00	-424.61
20.50	-5667.58	0.00	-334.15
20.60	-5750.75	0.00	-241.28
20.70	-5802.60	0.00	-146.51
20.80	-5824.92	0.00	-50.41
20.90	-5823.97	0.00	46.47
21.00	-5800.02	0.00	143.55
21.10	-5753.00	0.00	240.26
21.20	-5682.92	0.00	336.00
21.30	-5589.85	0.00	430.22
21.40	-5473.95	0.00	522.33
21.50	-5335.46	0.00	611.78
21.60	-5174.68	0.00	698.02
21.70	-4992.03	0.00	780.54
21.80	-4788.00	0.00	858.82
21.90	-4563.18	0.00	932.41
22.00	-4318.29	0.00	1000.86
22.10	-4054.12	0.00	1063.75
22.20	-3771.60	0.00	1120.73
22.30	-3471.76	0.00	1171.47
22.40	-3155.74	0.00	1215.67
22.50	-2824.80	0.00	1253.09
22.60	-2480.33	0.00	1283.54
22.70	-2123.81	0.00	1306.87
22.80	-1756.82	0.00	1322.98
22.90	-1381.08	0.00	1331.82
23.00	-998.36	0.00	1333.38
23.10	-610.55	0.00	1327.71
23.20	-219.59	0.00	1314.90
23.30	172.52	0.00	1295.09
23.40	563.70	0.00	1268.47
23.50	951.87	0.00	1235.26
23.60	1334.93	0.00	1195.73
23.70	1710.76	0.00	1150.19
23.80	2077.27	0.00	1098.99
23.90	2432.42	0.00	1042.49
24.00	2774.20	0.00	981.10
24.10	3100.67	0.00	915.25
24.20	3410.02	0.00	845.40
24.30	3700.50	0.00	772.01
24.40	3970.50	0.00	695.58
24.50	4218.55	0.00	616.60
24.60	4443.34	0.00	535.56
24.70	4643.71	0.00	452.99
24.80	4818.67	0.00	369.39
24.90	4967.42	0.00	285.26
25.00	5089.35	0.00	201.09
25.10	5184.04	0.00	117.38
25.20	5251.25	0.00	34.59
25.30	5290.96	0.00	-46.82
25.40	5303.31	0.00	-126.43
25.50	5288.65	0.00	-203.82
25.60	5247.50	0.00	-278.60
25.70	5183.62	0.00	-350.41
25.80	5101.99	0.00	-418.92
25.90	5003.26	0.00	-483.84
26.00	4888.08	0.00	-544.88
26.10	4757.12	0.00	-601.81
26.20	4611.08	0.00	-654.43
26.30	4450.71	0.00	-702.55
26.40	4276.79	0.00	-746.04
26.50	4090.12	0.00	-784.79
26.60	3891.53	0.00	-818.73
26.70	3681.89	0.00	-847.80
26.80	3462.10	0.00	-871.99
26.90	3233.08	0.00	-891.33
27.00	2995.77	0.00	-905.84
27.10	2751.16	0.00	-915.61
27.20	2500.24	0.00	-920.73
27.30	2244.02	0.00	-921.32
27.40	1983.53	0.00	-917.52
27.50	1719.83	0.00	-909.50
27.60	1453.96	0.00	-897.43
27.70	1186.98	0.00	-881.52
27.80	919.95	0.00	-861.98
27.90	653.92	0.00	-839.03
28.00	389.93	0.00	-812.91
28.10	129.01	0.00	-783.88
28.20	-127.84	0.00	-752.17
28.30	-379.65	0.00	-718.06
28.40	-625.46	0.00	-681.80
28.50	-864.39	0.00	-643.66
28.60	-1095.57	0.00	-603.91
28.70	-1318.18	0.00	-562.82
28.80	-1531.47	0.00	-520.63
28.90	-1734.74	0.00	-477.62
29.00	-1927.36	0.00	-434.04
29.10	-2108.74	0.00	-390.14
29.20	-2278.40	0.00	-346.15
29.30	-2435.88	0.00	-302.31
29.40	-2580.84	0.00	-258.84
29.50	-2712.99	0.00	-215.96
29.60	-2832.11	0.00	-173.87
29.70	-2938.06	0.00	-132.75
29.80	-3030.79	0.00	-92.79
29.90	-3110.28	0.00	-54.15
30.00	-3176.63	0.00	-16.98
30.10	-3229.96	0.00	18.59
30.20	-3270.50	0.00	52.41
30.30	-3298.51	0.00	84.40
30.40	-3314.31	0.00	114.45
30.50	-3318.28	0.00	142.48
30.60	-3310.85	0.00	168.43
30.70	-3292.49	0.00	192.25
30.80	-3263.70	0.00	213.91
30.90	-3225.02	0.00	233.38
31.00	-3177.03	0.00	250.67
31.10	-3121.52	0.00	265.79
31.20	-3060.49	0.00	278.75
31.30	-2994.39	0.00	289.60
31.40	-2923.65	0.00	298.40
31.50	-2848.70	0.00	305.21
31.60	-2769.94	0.00	310.11
31.70	-2687.76	0.00	313.19
31.80	-2602.53	0.00	314.55
31.90	-2514.61	0.00	314.32
32.00	-2424.32	0.00	312.62
32.10	-2331.97	0.00	309.57
32.20	-2237.84	0.00	305.32
32.30	-2142.18	0.00	300.03
32.40	-2045.22	0.00	293.84
32.50	-1947.17	0.00	286.92
32.60	-1848.19	0.00	279.42
32.70	-1748.43	0.00	271.52
32.80	-1648.00	0.00	263.38
32.90	-1546.99	0.00	255.16
33.00	-1445.47	0.00	247.03
33.10	-1343.45	0.00	239.14
33.20	-1240.94	0.00	231.66
33.30	-1137.93	0.00	224.73
33.40	-1034.37	0.00	218.49
33.50	-930.19	0.00	213.07
33.60	-825.29	0.00	208.58
33.70	-719.59	0.00	205.15
33.80	-612.96	0.00	202.86
33.90	-505.26	0.00	201.78
34.00	-396.37	0.00	201.99
34.10	-286.13	0.00	203.53
34.20	-174.40	0.00	206.42
34.30	-61.04	0.00	210.68
34.40	54.08	0.00	216.29
34.50	171.08	0.00	223.23
34.60	290.06	0.00	231.44
34.70	411.12	0.00	240.86
34.80	534.30	0.00	251.38
34.90	659.63	0.00	262.91
35.00	787.11	0.00	275.32
35.10	916.68	0.00	288.44
35.20	1048.27	0.00	302.12
35.30	1181.72	0.00	316.18
35.40	1316.87	0.00	330.41
35.50	1453.46	0.00	344.60
35.60	1591.21	0.00	358.53
35.70	1729.76	0.00	371.97
35.80	1868.71	0.00	384.66
35.90	2007.58	0.00	396.36
36.00	2145.85	0.00	406.83
36.10	2282.93	0.00	415.80
36.20	2418.18	0.00	423.02
36.30	2550.90	0.00	428.25
36.40	2680.35	0.00	431.24
36.50	2805.72	0.00	431.77
36.60	2926.19	0.00	429.61
36.70	3040.88	0.00	424.56
36.80	3148.88	0.00	416.44
36.90	3249.27	0.00	405.08
37.00	3341.11	0.00	390.34
37.10	3423.46	0.00	372.10
37.20	3495.44	0.00	350.28
37.30	3558.39	0.00	324.81
37.40	3612.59	0.00	295.66
37.50	3657.30	0.00	262.85
37.60	3691.77	0.00	226.41
37.70	3715.29	0.00	186.41
37.80	3727.12	0.00	142.96
37.90	3726.57	0.00	96.21
38.00	3712.95	0.00	46.34
38.10	3685.62	0.00	-6.43
38.20	3643.96	0.00	-61.85
38.30	3587.41	0.00	-119.64
38.40	3515.45	0.00	-179.47
38.50	3427.65	0.00	-241.01
38.60	3323.61	0.00	-303.87
38.70	3203.03	0.00	-367.64
38.80	3065.69	0.00	-431.91
38.90	2911.46	0.00	-496.23
39.00	2740.34	0.00	-560.13
39.10	2552.39	0.00	-623.14
39.20	2347.83	0.00	-684.77
39.30	2126.98	0.00	-744.53
39.40	1890.30	0.00	-801.93
39.50	1638.38	0.00	-856.47
39.60	1371.97	0.00	-907.68
39.70	1091.92	0.00	-955.09
39.80	799.28	0.00	-998.23
39.90	495.19	0.00	-1036.68
40.00	180.98	0.00	-1070.02
40.10	-141.91	0.00	-1097.86
40.20	-471.88	0.00	-1119.87
40.30	-807.23	0.00	-1135.71
40.40	-1146.11	0.00	-1145.13
40.50	-1486.58	0.00	-1147.88
40.60	-1826.58	0.00	-1143.77
40.70	-2163.99	0.00	-1132.67
40.80	-2496.61	0.00	-1114.47
40.90	-2822.20	0.00	-1089.16
41.00	-3138.47	0.00	-1056.72
41.10	-3443.15	0.00	-1017.24
41.20	-3733.95	0.00	-970.82
41.30	-4008.66	0.00	-917.65
41.40	-4265.07	0.00	-857.95
41.50	-4501.10	0.00	-791.99
41.60	-4714.76	0.00	-720.11
41.70	-4904.18	0.00	-642.68
41.80	-5067.64	0.00	-560.13
41.90	-5203.61	0.00	-472.92
42.00	-5310.71	0.00	-381.55
42.10	-5387.81	0.00	-286.58
42.20	-5433.98	0.00	-188.58
42.30	-5451.88	0.00	-88.16
42.40	-5445.77	0.00	14.06
42.50	-5415.35	0.00	117.41
42.60	-5360.40	0.00	221.25
42.70	-5280.80	0.00	324.89
42.80	-5176.49	0.00	427.65
42.90	-5047.54	0.00	528.86
43.00	-4894.12	0.00	627.84
43.10	-4716.51	0.00	723.92
43.20	-4515.11	0.00	816.46
43.30	-4290.46	0.00	904.82
43.40	-4043.21	0.00	988.42
43.50	-3774.15	0.00	1066.67
43.60	-3484.24	0.00	1139.04
43.70	-3174.55	0.00	1205.02
43.80	-2846.32	0.00	1264.17
43.90	-2500.94	0.00	1316.06
44.00	-2139.95	0.00	1360.34
44.10	-1765.03	0.00	1396.69
44.20	-1378.02	0.00	1424.85
44.30	-980.88	0.00	1444.63
44.40	-575.72	0.00	1455.88
44.50	-164.75	0.00	1458.50
44.60	249.68	0.00	1452.47
44.70	665.16	0.00	1437.82
44.80	1079.18	0.00	1414.64
44.90	1489.20	0.00	1383.06
45.00	1892.62	0.00	1343.30
45.10	2286.82	0.00	1295.60
45.20	2669.21	0.00	1240.28
45.30	3037.23	0.00	1177.68
45.40	3388.35	0.00	1108.21
45.50	3720.17	0.00	1032.33
45.60	4030.35	0.00	950.51
45.70	4316.70	0.00	863.28
45.80	4577.20	0.00	771.21
45.90	4809.99	0.00	674.87
46.00	5013.40	0.00	574.88
46.10	5185.99	0.00	471.86
46.20	5326.54	0.00	366.46
46.30	5434.08	0.00	259.34
46.40	5507.88	0.00	151.16
46.50	5547.50	0.00	42.58
46.60	5552.73	0.00	-65.74
46.70	5525.23	0.00	-173.15
46.80	5471.41	0.00	-279.01
46.90	5392.17	0.00	-382.70
47.00	5287.90	0.00	-483.60
47.10	5159.03	0.00	-581.16
47.20	5006.11	0.00	-674.80
47.30	4829.75	0.00	-764.02
47.40	4630.66	0.00	-848.32
47.50	4409.65	0.00	-927.27
47.60	4167.62	0.00	-1000.44
47.70	3905.56	0.00	-1067.47
47.80	3624.55	0.00	-1128.04
47.90	3325.81	0.00	-1181.86
48.00	3010.62	0.00	-1228.71
48.10	2680.40	0.00	-1268.38
48.20	2336.63	0.00	-1300.74
48.30	1980.92	0.00	-1325.70
48.40	1614.97	0.00	-1343.20
48.50	1240.57	0.00	-1353.23
48.60	859.58	0.00	-1355.85
48.70	473.94	0.00	-1351.14
48.80	85.67	0.00	-1339.22
48.90	-303.17	0.00	-1320.25
49.00	-690.47	0.00	-1294.45
49.10	-1074.11	0.00	-1262.06
49.20	-1451.93	0.00	-1223.35
49.30	-1821.80	0.00	-1178.62
49.40	-2181.59	0.00	-1128.20
49.50	-2529.21	0.00	-1072.47
49.60	-2862.63	0.00	-1011.79
49.70	-3179.88	0.00	-946.57
49.80	-3479.09	0.00	-877.23
49.90	-3758.47	0.00	-804.19
50.00	-4016.37	0.00	-727.89
50.10	-4251.26	0.00	-648.79
50.20	-4461.78	0.00	-567.33
50.30	-4646.69	0.00	-483.97
50.40	-4804.94	0.00	-399.15
50.50	-4935.67	0.00	-313.34
50.60	-5038.18	0.00	-226.96
50.70	-5111.97	0.00	-140.45
50.80	-5156.74	0.00	-54.23
50.90	-5172.37	0.00	31.28
51.00	-5162.85	0.00	115.70
51.10	-5131.76	0.00	198.65
51.20	-5079.34	0.00	279.77
51.30	-5005.89	0.00	358.72
51.40	-4911.72	0.00	435.17
51.50	-4797.21	0.00	508.83
51.60	-4662.77	0.00	579.43
51.70	-4508.88	0.00	646.70
51.80	-4336.04	0.00	710.41
51.90	-4144.80	0.00	770.35
52.00	-3935.78	0.00	826.33
52.10	-3709.65	0.00	878.19
52.20	-3467.13	0.00	925.77
52.30	-3209.02	0.00	968.97
52.40	-2936.17	0.00	1007.66
52.50	-2649.50	0.00	1041.78
52.60	-2350.00	0.00	1071.25
52.70	-2038.74	0.00	1096.04
52.80	-1716.85	0.00	1116.11
52.90	-1385.54	0.00	1131.45
53.00	-1046.08	0.00	1142.08
53.10	-699.82	0.00	1148.00
53.20	-348.17	0.00	1149.26
53.30	7.39	0.00	1145.91
53.40	365.34	0.00	1138.00
53.50	724.08	0.00	1125.60
53.60	1081.97	0.00	1108.81
53.70	1437.37	0.00	1087.71
53.80	1788.55	0.00	1062.41
53.90	2133.80	0.00	1033.01
54.00	2471.38	0.00	999.65
54.10	2799.56	0.00	962.45
54.20	3116.62	0.00	921.55
54.30	3420.85	0.00	877.09
54.40	3710.59	0.00	829.22
54.50	3984.21	0.00	778.12
54.60	4240.14	0.00	723.94
54.70	4476.89	0.00	666.86
54.80	4693.06	0.00	607.06
54.90	4887.31	0.00	544.74
55.00	5058.43	0.00	480.09
55.10	5205.33	0.00	413.31
55.20	5327.03	0.00	344.62
55.30	5422.69	0.00	274.24
55.40	5491.60	0.00	202.39
55.50	5534.84	0.00	129.31
55.60	5558.19	0.00	55.25
55.70	5562.03	0.00	-19.55
55.80	5546.19	0.00	-94.83
55.90	5510.49	0.00	-170.33
56.00	5454.82	0.00	-245.78
56.10	5379.05	0.00	-320.89
56.20	5283.10	0.00	-395.39
56.30	5166.93	0.00	-468.99
56.40	5030.52	0.00	-541.41
56.50	4873.92	0.00	-612.34
56.60	4697.20	0.00	-681.49
56.70	4500.53	0.00	-748.57
56.80	4284.12	0.00	-813.28
56.90	4048.28	0.00	-875.32
57.00	3793.37	0.00	-934.40
57.10	3519.88	0.00	-990.24
57.20	3228.39	0.00	-1042.55
57.30	2919.57	0.00	-1091.06
57.40	2594.22	0.00	-1135.50
57.50	2253.27	0.00	-1175.62
57.60	1897.74	0.00	-1211.17
57.70	1528.81	0.00	-1241.93
57.80	1147.78	0.00	-1267.68
57.90	756.06	0.00	-1288.24
58.00	355.21	0.00	-1303.42
58.10	-53.09	0.00	-1313.06
58.20	-467.04	0.00	-1317.05
58.30	-884.75	0.00	-1315.26
58.40	-1304.18	0.00	-1307.62
58.50	-1723.23	0.00	-1294.06
58.60	-2139.72	0.00	-1274.56
58.70	-2551.38	0.00	-1249.11
58.80	-2955.90	0.00	-1217.75
58.90	-3350.93	0.00	-1180.52
59.00	-3734.11	0.00	-1137.52
59.10	-4103.08	0.00	-1088.87
59.20	-4455.49	0.00	-1034.71
59.30	-4789.05	0.00	-975.22
59.40	-5101.52	0.00	-910.61
59.50	-5390.75	0.00	-841.12
59.60	-5654.71	0.00	-767.01
59.70	-5891.47	0.00	-688.59
59.80	-6099.28	0.00	-606.18
59.90	-6276.53	0.00	-520.12
60.00	-6421.80	0.00	-430.79
60.10	-6533.88	0.00	-338.59
60.20	-6611.77	0.00	-243.92
60.30	-6655.91	0.00	-147.22
60.40	-6674.83	0.00	-48.96
60.50	-6670.05	0.00	50.42
60.60	-6641.33	0.00	150.43
60.70	-6588.44	0.00	250.59
60.80	-6511.20	0.00	350.40
60.90	-6409.50	0.00	449.36
61.00	-6283.22	0.00	546.98
61.10	-6132.35	0.00	642.76
61.20	-5956.91	0.00	736.20
61.30	-5757.01	0.00	826.83
61.40	-5532.84	0.00	914.17
61.50	-5284.67	0.00	997.74
61.60	-5012.89	0.00	1077.12
61.70	-4718.00	0.00	1151.86
61.80	-4400.60	0.00	1221.57
61.90	-4061.46	0.00	1285.84
62.00	-3701.47	0.00	1344.34
62.10	-3321.66	0.00	1396.72
62.20	-2923.22	0.00	1442.68
62.30	-2507.51	0.00	1481.95
62.40	-2076.03	0.00	1514.30
62.50	-1630.47	0.00	1539.53
62.60	-1172.63	0.00	1557.47
62.70	-704.52	0.00	1567.99
62.80	-228.26	0.00	1571.01
62.90	253.88	0.00	1566.47
63.00	739.50	0.00	1554.36
63.10	1226.08	0.00	1534.71
63.20	1711.03	0.00	1507.60
63.30	2191.64	0.00	1473.13
63.40	2665.17	0.00	1431.45
63.50	3128.83	0.00	1382.74
63.60	3579.81	0.00	1327.22
63.70	4015.33	0.00	1265.17
63.80	4432.63	0.00	1196.87
63.90	4829.01	0.00	1122.64
64.00	5201.86	0.00	1042.85
64.10	5548.69	0.00	957.89
64.20	5867.14	0.00	868.18
64.30	6155.02	0.00	774.15
64.40	6410.31	0.00	676.27
64.50	6631.23	0.00	575.02
64.60	6816.19	0.00	470.90
64.70	6963.86	0.00	364.44
64.80	7073.17	0.00	256.16
64.90	7143.32	0.00	146.60
65.00	7173.79	0.00	36.29
65.10	7167.39	0.00	-74.20
65.20	7134.26	0.00	-184.35
65.30	7075.25	0.00	-293.60
65.40	6990.39	0.00	-401.41
65.50	6879.77	0.00	-507.26
65.60	6743.53	0.00	-610.64
65.70	6581.83	0.00	-711.03
65.80	6394.90	0.00	-807.96
65.90	6183.03	0.00	-900.96
66.00	5946.58	0.00	-989.59
66.10	5685.98	0.00	-1073.42
66.20	5401.77	0.00	-1152.07
66.30	5094.58	0.00	-1225.16
66.40	4765.14	0.00	-1292.38
66.50	4414.30	0.00	-1353.40
66.60	4043.05	0.00	-1407.98
66.70	3652.50	0.00	-1455.85
66.80	3243.91	0.00	-1496.84
66.90	2818.66	0.00	-1530.77
67.00	2378.28	0.00	-1557.51
67.10	1924.47	0.00	-1576.98
67.20	1459.04	0.00	-1589.11
67.30	983.95	0.00	-1593.89
67.40	501.29	0.00	-1591.33
67.50	13.28	0.00	-1581.48
67.60	-477.76	0.00	-1564.43
67.70	-969.39	0.00	-1540.31
67.80	-1459.12	0.00	-1509.25
67.90	-1944.37	0.00	-1471.45
68.00	-2422.50	0.00	-1427.12
68.10	-2890.86	0.00	-1376.50
68.20	-3346.78	0.00	-1319.86
68.30	-3787.63	0.00	-1257.49
68.40	-4210.78	0.00	-1189.71
68.50	-4613.67	0.00	-1116.84
68.60	-4993.85	0.00	-1039.25
68.70	-5348.93	0.00	-957.30
68.80	-5676.69	0.00	-871.39
68.90	-5975.04	0.00	-781.91
69.00	-6242.05	0.00	-689.26
69.10	-6476.00	0.00	-593.86
69.20	-6675.35	0.00	-496.14
69.30	-6838.80	0.00	-396.52
69.40	-6965.27	0.00	-295.43
69.50	-7053.92	0.00	-193.29
69.60	-7104.17	0.00	-90.55
69.70	-7116.23	0.00	12.39
69.80	-7099.66	0.00	115.10
69.90	-7058.09	0.00	217.16
70.00	-6991.56	0.00	318.18
70.10	-6900.10	0.00	417.75
70.20	-6783.74	0.00	515.48
70.30	-6642.57	0.00	611.00
70.40	-6476.69	0.00	703.94
70.50	-6286.22	0.00	793.96
70.60	-6071.35	0.00	880.71
70.70	-5832.31	0.00	963.87
70.80	-5569.40	0.00	1043.12
70.90	-5282.98	0.00	1118.17
71.00	-4973.51	0.00	1188.75
71.10	-4641.56	0.00	1254.59
71.20	-4287.79	0.00	1315.43
71.30	-3912.98	0.00	1371.05
71.40	-3518.04	0.00	1421.24
71.50	-3104.03	0.00	1465.79
71.60	-2672.13	0.00	1504.52
71.70	-2223.70	0.00	1537.28
71.80	-1760.23	0.00	1563.91
71.90	-1283.39	0.00	1584.29
72.00	-794.97	0.00	1598.31
72.10	-296.95	0.00	1605.88
72.20	208.55	0.00	1606.93
72.30	719.27	0.00	1601.41
72.40	1232.81	0.00	1589.29
72.50	1746.64	0.00	1570.55
72.60	2258.15	0.00	1545.21
72.70	2764.60	0.00	1513.29
72.80	3263.17	0.00	1474.86
72.90	3751.03	0.00	1430.00
73.00	4225.25	0.00	1378.79
73.10	4682.95	0.00	1321.37
73.20	5121.21	0.00	1257.89
73.30	5537.18	0.00	1188.52
73.40	5928.06	0.00	1113.45
73.50	6291.15	0.00	1032.93
73.60	6623.85	0.00	947.18
73.70	6923.72	0.00	856.50
73.80	7188.48	0.00	761.18
73.90	7416.06	0.00	661.56
74.00	7604.57	0.00	557.98
74.10	7752.39	0.00	450.83
74.20	7858.15	0.00	340.50
74.30	7923.92	0.00	227.44
74.40	7961.59	0.00	112.07
74.50	7972.05	0.00	-5.12
74.60	7954.89	0.00	-123.65
74.70	7909.68	0.00	-243.00
74.80	7836.03	0.00	-362.67
74.90	7733.52	0.00	-482.09
75.00	7601.80	0.00	-600.74
75.10	7440.51	0.00	-718.05
75.20	7249.37	0.00	-833.45
75.30	7028.15	0.00	-946.38
75.40	6776.70	0.00	-1056.26
75.50	6494.96	0.00	-1162.54
75.60	6183.00	0.00	-1264.65
75.70	5841.01	0.00	-1362.04
75.80	5469.34	0.00	-1454.16
75.90	5068.52	0.00	-1540.50
76.00	4639.24	0.00	-1620.56
76.10	4182.43	0.00	-1693.85
76.20	3699.22	0.00	-1759.92
76.30	3190.96	0.00	-1818.35
76.40	2659.27	0.00	-1868.73
76.50	2105.99	0.00	-1910.72
76.60	1533.22	0.00	-1944.00
76.70	943.34	0.00	-1968.30
76.80	338.92	0.00	-1983.37
76.90	-277.18	0.00	-1989.04
77.00	-901.89	0.00	-1985.17
77.10	-1531.93	0.00	-1971.67
77.20	-2163.83	0.00	-1948.50
77.30	-2793.94	0.00	-1915.67
77.40	-3418.47	0.00	-1873.27
77.50	-4033.52	0.00	-1821.40
77.60	-4635.12	0.00	-1760.23
77.70	-5219.25	0.00	-1690.01
77.80	-5781.90	0.00	-1611.01
77.90	-6319.06	0.00	-1523.55
78.00	-6826.85	0.00	-1428.02
78.10	-7301.48	0.00	-1324.84
78.20	-7739.32	0.00	-1214.49
78.30	-8136.96	0.00	-1097.48
78.40	-8491.23	0.00	-974.37
78.50	-8799.22	0.00	-845.75
78.60	-9058.37	0.00	-712.25
78.70	-9266.43	0.00	-574.53
78.80	-9421.54	0.00	-433.28
78.90	-9522.26	0.00	-289.19
79.00	-9577.64	0.00	-143.00
79.10	-9601.89	0.00	4.55
79.20	-9594.85	0.00	152.72
79.30	-9556.23	0.00	300.73
79.40	-9485.74	0.00	447.85
79.50	-9383.06	0.00	593.30
79.60	-9247.90	0.00	736.35
79.70	-9079.99	0.00	876.25
79.80	-8879.09	0.00	1012.29
79.90	-8644.99	0.00	1143.76
80.00	-8377.59	0.00	1269.99
80.10	-8076.86	0.00	1390.33
80.20	-7742.87	0.00	1504.17
80.30	-7375.86	0.00	1610.91
80.40	-6976.19	0.00	1710.02
80.50	-6544.41	0.00	1800.99
80.60	-6081.29	0.00	1883.36
80.70	-5587.80	0.00	1956.72
80.80	-5065.12	0.00	2020.70
80.90	-4514.73	0.00	2074.99
81.00	-3938.31	0.00	2119.32
81.10	-3337.84	0.00	2153.48
81.20	-2715.57	0.00	2177.32
81.30	-2073.98	0.00	2190.72
81.40	-1415.85	0.00	2193.64
81.50	-744.19	0.00	2186.09
81.60	-62.25	0.00	2168.11
81.70	626.51	0.00	2139.83
81.80	1318.41	0.00	2101.41
81.90	2009.63	0.00	2053.07
82.00	2696.20	0.00	1995.06
82.10	3374.04	0.00	1927.71
82.20	4039.02	0.00	1851.37
82.30	4686.96	0.00	1766.44
82.40	5313.70	0.00	1673.39
82.50	5915.15	0.00	1572.68
82.60	6487.28	0.00	1464.83
82.70	7026.24	0.00	1350.42
82.80	7528.33	0.00	1230.01
82.90	7990.08	0.00	1104.22
83.00	8408.28	0.00	973.68
83.10	8780.02	0.00	839.07
83.20	9102.70	0.00	701.04
83.30	9374.10	0.00	560.28
83.40	9592.37	0.00	417.50
83.50	9756.06	0.00	273.40
83.60	9864.13	0.00	128.69
83.70	9916.00	0.00	-15.93
83.80	9911.69	0.00	-159.76
83.90	9867.64	0.00	-302.09
84.00	9794.47	0.00	-442.25
84.10	9692.36	0.00	-579.56
84.20	9561.48	0.00	-713.37
84.30	9401.97	0.00	-843.05
84.40	9214.00	0.00	-967.99
84.50	8997.73	0.00	-1087.60
84.60	8753.35	0.00	-1201.35
84.70	8481.11	0.00	-1308.70
84.80	8181.30	0.00	-1409.17
84.90	7854.31	0.00	-1502.32
85.00	7500.63	0.00	-1587.73
85.10	7120.85	0.00	-1665.03
85.20	6715.69	0.00	-1733.91
85.30	6286.06	0.00	-1794.08
85.40	5832.98	0.00	-1845.30
85.50	5357.66	0.00	-1887.39
85.60	4861.52	0.00	-1920.20
85.70	4346.13	0.00	-1943.64
85.80	3813.27	0.00	-1957.68
85.90	3264.91	0.00	-1962.30
86.00	2703.20	0.00	-1957.57
86.10	2130.47	0.00	-1943.58
86.20	1549.23	0.00	-1920.49
86.30	962.13	0.00	-1888.48
86.40	371.97	0.00	-1847.81
86.50	-218.35	0.00	-1798.74
86.60	-805.82	0.00	-1741.62
86.70	-1387.36	0.00	-1676.81
86.80	-1959.85	0.00	-1604.71
86.90	-2520.18	0.00	-1525.77
87.00	-3065.22	0.00	-1440.46
87.10	-3591.92	0.00	-1349.30
87.20	-4097.29	0.00	-1252.81
87.30	-4578.46	0.00	-1151.56
87.40	-5032.69	0.00	-1046.13
87.50	-5457.42	0.00	-937.12
87.60	-5850.27	0.00	-825.15
87.70	-6209.11	0.00	-710.85
87.80	-6532.01	0.00	-594.84
87.90	-6817.35	0.00	-477.77
88.00	-7063.75	0.00	-360.27
88.10	-7270.15	0.00	-242.99
88.20	-7435.76	0.00	-126.54
88.30	-7560.15	0.00	-11.54
88.40	-7643.14	0.00	101.40
88.50	-7684.91	0.00	211.71
88.60	-7685.91	0.00	318.82
88.70	-7646.91	0.00	422.21
88.80	-7568.94	0.00	521.36
88.90	-7453.33	0.00	615.81
89.00	-7306.50	0.00	705.10
89.10	-7139.40	0.00	788.85
89.20	-6953.20	0.00	866.69
89.30	-6748.81	0.00	938.30
89.40	-6527.19	0.00	1003.40
89.50	-6289.30	0.00	1061.76
89.60	-6036.15	0.00	1113.18
89.70	-5768.78	0.00	1157.54
89.80	-5488.27	0.00	1194.73
89.90	-5195.75	0.00	1224.70
90.00	-4892.36	0.00	1247.46
90.10	-4579.33	0.00	1263.06
90.20	-4257.89	0.00	1271.57
90.30	-3929.33	0.00	1273.14
90.40	-3594.96	0.00	1267.94
90.50	-3256.16	0.00	1256.19
90.60	-2914.29	0.00	1238.15
90.70	-2570.75	0.00	1214.10
90.80	-2226.97	0.00	1184.37
90.90	-1884.35	0.00	1149.32
91.00	-1544.30	0.00	1109.31
91.10	-1208.23	0.00	1064.77
91.20	-877.50	0.00	1016.10
91.30	-553.44	0.00	963.75
91.40	-237.34	0.00	908.18
91.50	69.57	0.00	849.85
91.60	366.13	0.00	789.22
91.70	651.25	0.00	726.76
91.80	923.93	0.00	662.95
91.90	1183.27	0.00	598.24
92.00	1428.47	0.00	533.09
92.10	1658.81	0.00	467.93
92.20	1873.71	0.00	403.21
92.30	2072.70	0.00	339.32
92.40	2255.41	0.00	276.65
92.50	2421.62	0.00	215.57
92.60	2571.19	0.00	156.43
92.70	2704.11	0.00	99.52
92.80	2820.50	0.00	45.14
92.90	2920.55	0.00	-6.46
93.00	3004.58	0.00	-55.06
93.10	3073.01	0.00	-100.45
93.20	3126.34	0.00	-142.49
93.30	3165.13	0.00	-181.04
93.40	3190.07	0.00	-216.01
93.50	3201.85	0.00	-247.33
93.60	3201.26	0.00	-274.96
93.70	3189.12	0.00	-298.90
93.80	3166.29	0.00	-319.18
93.90	3133.65	0.00	-335.83
94.00	3092.11	0.00	-348.95
94.10	3042.57	0.00	-358.62
94.20	2985.96	0.00	-364.97
94.30	2923.18	0.00	-368.14
94.40	2855.12	0.00	-368.29
94.50	2782.64	0.00	-365.59
94.60	2706.58	0.00	-360.24
94.70	2627.75	0.00	-352.43
94.80	2546.90	0.00	-342.37
94.90	2464.75	0.00	-330.28
95.00	2381.98	0.00	-316.39
95.10	2299.90	0.00	-300.91
95.20	2219.76	0.00	-284.08
95.30	2141.92	0.00	-266.13
95.40	2066.70	0.00	-247.28
95.50	1994.34	0.00	-227.75
95.60	1925.07	0.00	-207.77
95.70	1859.05	0.00	-187.53
95.80	1796.40	0.00	-167.26
95.90	1737.19	0.00	-147.13
96.00	1681.46	0.00	-127.34
96.10	1629.20	0.00	-108.07
96.20	1580.34	0.00	-89.48
96.30	1534.79	0.00	-71.72
96.40	1492.44	0.00	-54.94
96.50	1453.10	0.00	-39.27
96.60	1416.57	0.00	-24.81
96.70	1382.64	0.00	-11.69
96.80	1351.04	0.00	0.01
96.90	1321.48	0.00	10.22
97.00	1293.66	0.00	18.86
97.10	1267.26	0.00	25.87
97.20	1241.92	0.00	31.23
97.30	1217.30	0.00	34.89
97.40	1193.02	0.00	36.84
97.50	1168.70	0.00	37.09
97.60	1143.96	0.00	35.62
97.70	1118.42	0.00	32.47
97.80	1091.69	0.00	27.65
97.90	1063.38	0.00	21.22
98.00	1033.12	0.00	13.22
98.10	1000.55	0.00	3.71
98.20	965.31	0.00	-7.23
98.30	927.06	0.00	-19.53
98.40	885.48	0.00	-33.10
98.50	840.27	0.00	-47.84
98.60	791.14	0.00	-63.64
98.70	737.86	0.00	-80.39
98.80	680.18	0.00	-97.97
98.90	617.91	0.00	-116.26
99.00	550.90	0.00	-135.11
99.10	479.02	0.00	-154.39
99.20	402.18	0.00	-173.97
99.30	320.32	0.00	-193.68
99.40	233.43	0.00	-213.39
99.50	141.55	0.00	-232.94
99.60	44.74	0.00	-252.18
99.70	-56.87	0.00	-270.96
99.80	-163.13	0.00	-289.12
99.90	-273.82	0.00	-306.52
100.00	-388.70	0.00	-323.01
100.10	-507.47	0.00	-338.44
100.20	-629.80	0.00	-352.68
100.30	-755.28	0.00	-365.59
100.40	-883.51	0.00	-377.05
100.50	-1014.01	0.00	-386.94
100.60	-1146.28	0.00	-395.15
100.70	-1279.78	0.00	-401.58
100.80	-1413.93	0.00	-406.15
100.90	-1548.12	0.00	-408.76
101.00	-1681.73	0.00	-409.37
101.10	-1814.10	0.00	-407.91
101.20	-1944.56	0.00	-404.34
101.30	-2072.41	0.00	-398.63
101.40	-2196.96	0.00	-390.78
101.50	-2317.52	0.00	-380.79
101.60	-2433.37	0.00	-368.66
101.70	-2543.81	0.00	-354.42
101.80	-2648.17	0.00	-338.13
101.90	-2745.78	0.00	-319.82
102.00	-2835.97	0.00	-299.59
102.10	-2918.14	0.00	-277.50
102.20	-2991.69	0.00	-253.65
102.30	-3056.06	0.00	-228.15
102.40	-3110.75	0.00	-201.11
102.50	-3155.29	0.00	-172.66
102.60	-3190.35	0.00	-142.93
102.70	-3217.26	0.00	-112.07
102.80	-3235.78	0.00	-80.23
102.90	-3245.68	0.00	-47.57
103.00	-3246.76	0.00	-14.23
103.10	-3238.83	0.00	19.60
103.20	-3221.75	0.00	53.77
103.30	-3195.40	0.00	88.11
103.40	-3159.67	0.00	122.45
103.50	-3114.51	0.00	156.62
103.60	-3059.88	0.00	190.47
103.70	-2995.78	0.00	223.83
103.80	-2922.24	0.00	256.54
103.90	-2839.31	0.00	288.45
104.00	-2747.10	0.00	319.43
104.10	-2645.72	0.00	349.32
104.20	-2535.34	0.00	378.00
104.30	-2416.15	0.00	405.34
104.40	-2288.40	0.00	431.24
104.50	-2152.33	0.00	455.59
104.60	-2008.27	0.00	478.28
104.70	-1856.54	0.00	499.24
104.80	-1697.52	0.00	518.39
104.90	-1531.61	0.00	535.65
105.00	-1359.27	0.00	550.99
105.10	-1180.98	0.00	564.34
105.20	-997.23	0.00	575.67
105.30	-808.59	0.00	584.96
105.40	-615.62	0.00	592.18
105.50	-418.92	0.00	597.33
105.60	-219.15	0.00	600.41
105.70	-16.94	0.00	601.41
105.80	187.01	0.00	600.37
105.90	392.01	0.00	597.29
106.00	597.32	0.00	592.21
106.10	802.22	0.00	585.17
106.20	1005.94	0.00	576.20
106.30	1207.74	0.00	565.34
106.40	1406.84	0.00	552.66
106.50	1602.48	0.00	538.20
106.60	1793.89	0.00	522.03
106.70	1980.30	0.00	504.19
106.80	2160.97	0.00	484.77
106.90	2335.14	0.00	463.83
107.00	2502.10	0.00	441.43
107.10	2661.14	0.00	417.65
107.20	2811.58	0.00	392.56
107.30	2952.77	0.00	366.24
107.40	3084.08	0.00	338.76
107.50	3204.92	0.00	310.19
107.60	3314.76	0.00	280.63
107.70	3413.07	0.00	250.14
107.80	3499.40	0.00	218.81
107.90	3573.34	0.00	186.71
108.00	3634.51	0.00	153.93
108.10	3682.60	0.00	120.56
108.20	3717.36	0.00	86.67
108.30	3738.57	0.00	52.35
108.40	3746.10	0.00	17.69
108.50	3741.41	0.00	-17.23
108.60	3726.70	0.00	-52.31
108.70	3701.96	0.00	-87.46
108.80	3667.16	0.00	-122.59
108.90	3622.27	0.00	-157.62
109.00	3567.31	0.00	-192.42
109.10	3502.29	0.00	-226.92
109.20	3427.24	0.00	-261.01
109.30	3342.21	0.00	-294.59
109.40	3247.28	0.00	-327.55
109.50	3142.55	0.00	-359.78
109.60	3028.13	0.00	-391.17
109.70	2904.18	0.00	-421.63
109.80	2770.87	0.00	-451.02
109.90	2628.43	0.00	-479.24
110.00	2477.10	0.00	-506.18
110.10	2317.18	0.00	-531.73
110.20	2148.98	0.00	-555.76
110.30	1972.88	0.00	-578.16
110.40	1789.30	0.00	-598.83
110.50	1598.68	0.00	-617.65
110.60	1401.54	0.00	-634.52
110.70	1198.42	0.00	-649.32
110.80	989.93	0.00	-661.96
110.90	776.71	0.00	-672.34
111.00	559.46	0.00	-680.38
111.10	338.91	0.00	-685.98
111.20	115.84	0.00	-689.08
111.30	-108.91	0.00	-689.60
111.40	-334.50	0.00	-687.48
111.50	-560.01	0.00	-682.68
111.60	-784.54	0.00	-675.16
111.70	-1007.11	0.00	-664.88
111.80	-1226.75	0.00	-651.85
111.90	-1442.48	0.00	-636.04
112.00	-1653.28	0.00	-617.49
112.10	-1858.16	0.00	-596.20
112.20	-2056.12	0.00	-572.23
112.30	-2246.15	0.00	-545.63
112.40	-2427.30	0.00	-516.47
112.50	-2598.61	0.00	-484.84
112.60	-2759.17	0.00	-450.84
112.70	-2908.10	0.00	-414.58
112.80	-3044.60	0.00	-376.21
112.90	-3167.88	0.00	-335.86
113.00	-3277.24	0.00	-293.71
113.10	-3372.04	0.00	-249.92
113.20	-3451.73	0.00	-204.68
113.30	-3515.82	0.00	-158.21
113.40	-3563.93	0.00	-110.70
113.50	-3595.74	0.00	-62.38
113.60	-3611.05	0.00	-13.48
113.70	-3609.75	0.00	35.76
113.80	-3591.82	0.00	85.09
113.90	-3557.97	0.00	134.27
114.00	-3510.91	0.00	183.03
114.10	-3451.04	0.00	231.14
114.20	-3378.53	0.00	278.33
114.30	-3293.60	0.00	324.35
114.40	-3196.51	0.00	368.95
114.50	-3087.57	0.00	411.89
114.60	-2967.14	0.00	452.94
114.70	-2835.64	0.00	491.86
114.80	-2693.52	0.00	528.44
114.90	-2541.30	0.00	562.47
115.00	-2379.54	0.00	593.76
115.10	-2208.86	0.00	622.13
115.20	-2029.92	0.00	647.43
115.30	-1843.45	0.00	669.50
115.40	-1650.21	0.00	688.22
115.50	-1451.01	0.00	703.49
115.60	-1246.70	0.00	715.22
115.70	-1038.20	0.00	723.34
115.80	-826.42	0.00	727.82
115.90	-612.35	0.00	728.62
116.00	-396.96	0.00	725.75
116.10	-181.29	0.00	719.22
116.20	33.63	0.00	709.09
116.30	246.76	0.00	695.42
116.40	457.04	0.00	678.29
116.50	663.42	0.00	657.80
116.60	864.87	0.00	634.10
116.70	1060.37	0.00	607.31
116.80	1248.91	0.00	577.60
116.90	1429.54	0.00	545.15
117.00	1601.33	0.00	510.16
117.10	1763.39	0.00	472.84
117.20	1914.92	0.00	433.40
117.30	2055.13	0.00	392.07
117.40	2183.34	0.00	349.11
117.50	2298.92	0.00	304.75
117.60	2401.32	0.00	259.26
117.70	2490.07	0.00	212.89
117.80	2564.79	0.00	165.90
117.90	2625.19	0.00	118.57
118.00	2671.06	0.00	71.14
118.10	2702.28	0.00	23.89
118.20	2718.85	0.00	-22.94
118.30	2720.81	0.00	-69.09
118.40	2708.35	0.00	-114.32
118.50	2681.69	0.00	-158.40
118.60	2641.18	0.00	-201.10
118.70	2587.42	0.00	-242.21
118.80	2522.22	0.00	-281.53
118.90	2446.29	0.00	-318.87
119.00	2360.10	0.00	-354.05
119.10	2264.12	0.00	-386.94
119.20	2158.89	0.00	-417.37
119.30	2044.99	0.00	-445.22
119.40	1923.01	0.00	-470.40
119.50	1793.57	0.00	-492.80
119.60	1657.35	0.00	-512.36
119.70	1515.03	0.00	-529.02
119.80	1367.31	0.00	-542.73
119.90	1214.94	0.00	-553.48
120.00	1058.65	0.00	-561.27
120.10	899.23	0.00	-566.10
120.20	737.44	0.00	-568.01
120.30	574.09	0.00	-567.03
120.40	409.96	0.00	-563.22
120.50	245.85	0.00	-556.66
120.60	82.55	0.00	-547.44
120.70	-79.14	0.00	-535.63
120.80	-238.45	0.00	-521.37
120.90	-394.60	0.00	-504.75
121.00	-546.86	0.00	-485.92
121.10	-694.50	0.00	-465.00
121.20	-836.81	0.00	-442.14
121.30	-973.14	0.00	-417.49
121.40	-1102.83	0.00	-391.20
121.50	-1225.30	0.00	-363.43
121.60	-1339.99	0.00	-334.34
121.70	-1446.38	0.00	-304.09
121.80	-1544.00	0.00	-272.85
121.90	-1632.44	0.00	-240.78
122.00	-1711.33	0.00	-208.05
122.10	-1780.36	0.00	-174.82
122.20	-1839.27	0.00	-141.24
122.30	-1887.84	0.00	-107.49
122.40	-1925.95	0.00	-73.70
122.50	-1953.49	0.00	-40.04
122.60	-1970.43	0.00	-6.66
122.70	-1976.80	0.00	26.32
122.80	-1972.66	0.00	58.75
122.90	-1958.48	0.00	90.50
123.00	-1935.13	0.00	121.44
123.10	-1902.83	0.00	151.46
123.20	-1861.78	0.00	180.44
123.30	-1812.25	0.00	208.28
123.40	-1754.50	0.00	234.88
123.50	-1688.84	0.00	260.14
123.60	-1615.60	0.00	283.98
123.70	-1535.13	0.00	306.32
123.80	-1447.80	0.00	327.08
123.90	-1354.02	0.00	346.21
124.00	-1254.21	0.00	363.64
124.10	-1148.81	0.00	379.32
124.20	-1038.30	0.00	393.21
124.30	-923.16	0.00	405.26
124.40	-803.89	0.00	415.45
124.50	-681.02	0.00	423.75
124.60	-555.08	0.00	430.15
124.70	-426.63	0.00	434.63
124.80	-296.23	0.00	437.20
124.90	-164.45	0.00	437.85
125.00	-31.90	0.00	436.60
125.10	100.86	0.00	433.46
125.20	233.21	0.00	428.45
125.30	364.57	0.00	421.61
125.40	494.32	0.00	412.98
125.50	621.89	0.00	402.60
125.60	746.69	0.00	390.52
125.70	868.13	0.00	376.79
125.80	985.65	0.00	361.49
125.90	1098.70	0.00	344.67
126.00	1206.75	0.00	326.43
126.10	1309.29	0.00	306.84
126.20	1405.83	0.00	285.98
126.30	1495.92	0.00	263.96
126.40	1579.13	0.00	240.88
126.50	1655.06	0.00	216.82
126.60	1723.34	0.00	191.91
126.70	1783.68	0.00	166.26
126.80	1835.76	0.00	139.97
126.90	1879.37	0.00	113.18
127.00	1914.30	0.00	86.00
127.10	1940.40	0.00	58.55
127.20	1957.60	0.00	30.97
127.30	1966.56	0.00	3.37
127.40	1967.57	0.00	-24.12
127.50	1960.66	0.00	-51.38
127.60	1945.87	0.00	-78.27
127.70	1923.28	0.00	-104.68
127.80	1893.02	0.00	-130.49
127.90	1855.20	0.00	-155.59
128.00	1810.01	0.00	-179.85
128.10	1757.62	0.00	-203.18
128.20	1698.26	0.00	-225.48
128.30	1632.17	0.00	-246.63
128.40	1559.61	0.00	-266.57
128.50	1480.87	0.00	-285.19
128.60	1396.28	0.00	-302.44
128.70	1306.15	0.00	-318.23
128.80	1210.86	0.00	-332.52
128.90	1110.78	0.00	-345.26
129.00	1006.31	0.00	-356.39
129.10	897.86	0.00	-365.90
129.20	785.85	0.00	-373.75
129.30	670.74	0.00	-379.93
129.40	552.97	0.00	-384.45
129.50	433.02	0.00	-387.30
129.60	311.36	0.00	-388.51
129.70	188.46	0.00	-388.08
129.80	64.82	0.00	-386.06
129.90	-59.07	0.00	-382.49
130.00	-182.74	0.00	-377.41
130.10	-305.70	0.00	-370.88
130.20	-427.46	0.00	-362.95
130.30	-547.55	0.00	-353.71
130.40	-665.52	0.00	-343.21
130.50	-780.91	0.00	-331.54
130.60	-893.28	0.00	-318.78
130.70	-1002.20	0.00	-305.01
130.80	-1107.29	0.00	-290.32
130.90	-1208.14	0.00	-274.81
131.00	-1304.40	0.00	-258.56
131.10	-1395.72	0.00	-241.65
131.20	-1481.80	0.00	-224.20
131.30	-1562.33	0.00	-206.27
131.40	-1637.04	0.00	-187.96
131.50	-1705.71	0.00	-169.36
131.60	-1768.12	0.00	-150.55
131.70	-1824.09	0.00	-131.60
131.80	-1873.46	0.00	-112.58
131.90	-1916.10	0.00	-93.58
132.00	-1951.91	0.00	-74.66
132.10	-1980.83	0.00	-55.87
132.20	-2002.80	0.00	-37.27
132.30	-2017.81	0.00	-18.92
132.40	-2025.86	0.00	-0.84
132.50	-2027.44	0.00	16.90
132.60	-2023.25	0.00	34.29
132.70	-2013.38	0.00	51.30
132.80	-1997.90	0.00	67.89
132.90	-1976.89	0.00	84.05
133.00	-1950.43	0.00	99.78
133.10	-1918.61	0.00	115.04
133.20	-1881.52	0.00	129.85
133.30	-1839.28	0.00	144.20
133.40	-1791.99	0.00	158.08
133.50	-1739.75	0.00	171.49
133.60	-1682.68	0.00	184.45
133.70	-1620.90	0.00	196.94
133.80	-1554.54	0.00	208.98
133.90	-1483.72	0.00	220.57
134.00	-1408.59	0.00	231.71
134.10	-1329.29	0.00	242.40
134.20	-1245.96	0.00	252.64
134.30	-1158.76	0.00	262.42
134.40	-1067.87	0.00	271.75
134.50	-973.46	0.00	280.62
134.60	-875.72	0.00	289.00
134.70	-774.84	0.00	296.89
134.80	-671.04	0.00	304.27
134.90	-564.54	0.00	311.11
135.00	-455.58	0.00	317.38
135.10	-344.41	0.00	323.06
135.20	-231.30	0.00	328.11
135.30	-116.54	0.00	332.49
135.40	-0.42	0.00	336.15
135.50	116.73	0.00	339.06
135.60	234.59	0.00	341.17
135.70	352.80	0.00	342.42
135.80	471.01	0.00	342.76
135.90	588.81	0.00	342.15
136.00	705.83	0.00	340.53
136.10	821.64	0.00	337.84
136.20	935.83	0.00	334.04
136.30	1047.95	0.00	329.08
136.40	1157.57	0.00	322.91
136.50	1264.22	0.00	315.49
136.60	1367.45	0.00	306.78
136.70	1466.79	0.00	296.75
136.80	1561.78	0.00	285.37
136.90	1651.96	0.00	272.61
137.00	1736.87	0.00	258.48
137.10	1816.06	0.00	242.96
137.20	1889.09	0.00	226.06
137.30	1955.54	0.00	207.79
137.40	2015.01	0.00	188.18
137.50	2067.12	0.00	167.26
137.60	2111.50	0.00	145.08
137.70	2147.83	0.00	121.70
137.80	2175.81	0.00	97.18
137.90	2195.18	0.00	71.61
138.00	2205.73	0.00	45.08
138.10	2207.29	0.00	17.68
138.20	2200.63	0.00	-10.46
138.30	2186.05	0.00	-39.22
138.40	2163.46	0.00	-68.46
138.50	2132.84	0.00	-98.04
138.60	2094.16	0.00	-127.81
138.70	2047.44	0.00	-157.60
138.80	1992.75	0.00	-187.24
138.90	1930.17	0.00	-216.57
139.00	1859.84	0.00	-245.39
139.10	1781.94	0.00	-273.53
139.20	1696.68	0.00	-300.80
139.30	1604.34	0.00	-327.01
139.40	1505.20	0.00	-351.97
139.50	1399.63	0.00	-375.51
139.60	1288.02	0.00	-397.43
139.70	1170.81	0.00	-417.57
139.80	1048.49	0.00	-435.76
139.90	921.58	0.00	-451.83
140.00	790.65	0.00	-465.64
140.10	656.32	0.00	-477.04
140.20	519.22	0.00	-485.91
140.30	380.04	0.00	-492.14
140.40	239.50	0.00	-495.63
140.50	98.32	0.00	-496.31
140.60	-42.73	0.00	-494.10
140.70	-182.86	0.00	-488.98
140.80	-321.29	0.00	-480.92
140.90	-457.22	0.00	-469.92
141.00	-589.84	0.00	-455.99
141.10	-718.37	0.00	-439.19
141.20	-842.01	0.00	-419.58
141.30	-960.01	0.00	-397.23
141.40	-1071.62	0.00	-372.27
141.50	-1176.14	0.00	-344.82
141.60	-1272.88	0.00	-315.04
141.70	-1361.24	0.00	-283.09
141.80	-1440.62	0.00	-249.16
141.90	-1510.52	0.00	-213.46
142.00	-1570.49	0.00	-176.22
142.10	-1620.12	0.00	-137.69
142.20	-1659.11	0.00	-98.10
142.30	-1687.21	0.00	-57.74
142.40	-1704.26	0.00	-16.87
142.50	-1710.19	0.00	24.21
142.60	-1705.00	0.00	65.23
142.70	-1688.76	0.00	105.87
142.80	-1661.66	0.00	145.86
142.90	-1623.94	0.00	184.90
143.00	-1575.94	0.00	222.69
143.10	-1518.07	0.00	258.96
143.20	-1450.82	0.00	293.43
143.30	-1374.79	0.00	325.83
143.40	-1290.97	0.00	355.92
143.50	-1200.06	0.00	383.45
143.60	-1102.71	0.00	408.21
143.70	-999.61	0.00	430.01
143.80	-891.51	0.00	448.66
143.90	-779.20	0.00	464.00
144.00	-663.50	0.00	475.92
144.10	-545.26	0.00	484.30
144.20	-425.37	0.00	489.07
144.30	-304.72	0.00	490.17
144.40	-184.23	0.00	487.58
144.50	-64.83	0.00	481.31
144.60	52.57	0.00	471.39
144.70	167.06	0.00	457.89
144.80	277.72	0.00	440.89
144.90	383.68	0.00	420.51
145.00	484.10	0.00	396.90
145.10	578.15	0.00	370.23
145.20	665.07	0.00	340.69
145.30	744.14	0.00	308.49
145.40	814.70	0.00	273.88
145.50	876.14	0.00	237.11
145.60	927.93	0.00	198.45
145.70	969.63	0.00	158.19
145.80	1000.84	0.00	116.63
145.90	1021.28	0.00	74.08
146.00	1030.72	0.00	30.86
146.10	1029.17	0.00	-12.71
146.20	1016.74	0.00	-56.32
146.30	993.47	0.00	-99.62
146.40	959.48	0.00	-142.30
146.50	914.94	0.00	-184.05
146.60	860.12	0.00	-224.56
146.70	795.35	0.00	-263.52
146.80	721.02	0.00	-300.66
146.90	637.62	0.00	-335.70
147.00	545.69	0.00	-368.38
147.10	445.82	0.00	-398.48
147.20	338.68	0.00	-425.78
147.30	225.00	0.00	-450.07
147.40	105.54	0.00	-471.20
147.50	-18.87	0.00	-489.01
147.60	-147.36	0.00	-503.38
147.70	-279.04	0.00	-514.22
147.80	-412.95	0.00	-521.45
147.90	-548.16	0.00	-525.04
148.00	-683.67	0.00	-524.97
148.10	-818.49	0.00	-521.24
148.20	-951.63	0.00	-513.90
148.30	-1082.09	0.00	-503.00
148.40	-1208.89	0.00	-488.63
148.50	-1331.04	0.00	-470.90
148.60	-1447.62	0.00	-449.94
148.70	-1557.70	0.00	-425.91
148.80	-1660.68	0.00	-398.98
148.90	-1756.24	0.00	-369.34
149.00	-1843.74	0.00	-337.20
149.10	-1922.58	0.00	-302.78
149.20	-1992.20	0.00	-266.32
149.30	-2052.11	0.00	-228.06
149.40	-2101.85	0.00	-188.26
149.50	-2141.03	0.00	-147.18
149.60	-2169.31	0.00	-105.08
149.70	-2186.42	0.00	-62.25
149.80	-2192.12	0.00	-18.93
149.90	-2186.23	0.00	24.59
150.00	-2168.66	0.00	68.05
150.10	-2139.33	0.00	111.20
150.20	-2098.25	0.00	153.78
150.30	-2045.46	0.00	195.55
150.40	-1981.07	0.00	236.28
150.50	-1905.24	0.00	275.74
150.60	-1818.19	0.00	313.73
150.70	-1720.18	0.00	350.06
150.80	-1611.52	0.00	384.55
150.90	-1492.58	0.00	417.04
151.00	-1363.79	0.00	447.38
151.10	-1225.60	0.00	475.46
151.20	-1078.52	0.00	501.15
151.30	-923.10	0.00	524.38
151.40	-759.95	0.00	545.07
151.50	-589.69	0.00	563.16
151.60	-413.00	0.00	578.62
151.70	-230.57	0.00	591.42
151.80	-43.17	0.00	601.57
151.90	148.46	0.00	609.08
152.00	343.51	0.00	613.97
152.10	541.18	0.00	616.28
152.20	740.61	0.00	616.08
152.30	940.97	0.00	613.41
152.40	1141.39	0.00	608.35
152.50	1340.99	0.00	600.99
152.60	1538.91	0.00	591.42
152.70	1734.26	0.00	579.73
152.80	1926.17	0.00	566.02
152.90	2113.77	0.00	550.39
153.00	2296.22	0.00	532.94
153.10	2472.66	0.00	513.79
153.20	2642.28	0.00	493.03
153.30	2804.28	0.00	470.76
153.40	2957.87	0.00	447.09
153.50	3102.32	0.00	422.10
153.60	3236.91	0.00	395.89
153.70	3360.96	0.00	368.53
153.80	3473.81	0.00	340.11
153.90	3574.88	0.00	310.70
154.00	3663.59	0.00	280.36
154.10	3739.79	0.00	249.15
154.20	3805.90	0.00	217.12
154.30	3862.27	0.00	184.32
154.40	3908.67	0.00	150.80
154.50	3944.88	0.00	116.57
154.60	3970.64	0.00	81.69
154.70	3985.75	0.00	46.17
154.80	3989.95	0.00	10.05
154.90	3983.02	0.00	-26.65
155.00	3964.72	0.00	-63.91
155.10	3934.80	0.00	-101.68
155.20	3893.04	0.00	-139.96
155.30	3839.20	0.00	-178.69
155.40	3773.05	0.00	-217.83
155.50	3694.37	0.00	-257.35
155.60	3602.95	0.00	-297.18
155.70	3498.60	0.00	-337.25
155.80	3381.16	0.00	-377.49
155.90	3250.46	0.00	-417.82
156.00	3106.41	0.00	-458.12
156.10	2948.91	0.00	-498.29
156.20	2777.93	0.00	-538.20
156.30	2593.49	0.00	-577.72
156.40	2395.66	0.00	-616.67
156.50	2184.56	0.00	-654.90
156.60	1960.39	0.00	-692.23
156.70	1723.43	0.00	-728.45
156.80	1474.04	0.00	-763.36
156.90	1212.64	0.00	-796.75
157.00	939.79	0.00	-828.38
157.10	656.10	0.00	-858.02
157.20	362.31	0.00	-885.42
157.30	59.25	0.00	-910.35
157.40	-252.14	0.00	-932.55
157.50	-570.82	0.00	-951.78
157.60	-895.62	0.00	-967.78
157.70	-1225.30	0.00	-980.32
157.80	-1558.48	0.00	-989.16
157.90	-1893.72	0.00	-994.09
158.00	-2229.45	0.00	-994.89
158.10	-2564.04	0.00	-991.38
158.20	-2895.76	0.00	-983.38
158.30	-3222.85	0.00	-970.73
158.40	-3543.44	0.00	-953.32
158.50	-3855.67	0.00	-931.04
158.60	-4157.61	0.00	-903.83
158.70	-4447.34	0.00	-871.63
158.80	-4722.93	0.00	-834.45
158.90	-4982.49	0.00	-792.31
159.00	-5224.13	0.00	-745.27
159.10	-5446.05	0.00	-693.43
159.20	-5646.51	0.00	-636.94
159.30	-5823.87	0.00	-575.96
159.40	-5976.58	0.00	-510.70
159.50	-6103.24	0.00	-441.42
159.60	-6202.58	0.00	-368.40
159.70	-6276.78	0.00	-291.96
159.80	-6332.20	0.00	-212.44
159.90	-6368.54	0.00	-130.25
160.00	-6385.30	0.00	-45.78
160.10	-6381.98	0.00	40.52
160.20	-6358.14	0.00	128.19
160.30	-6313.36	0.00	216.75
160.40	-6247.29	0.00	305.69
160.50	-6159.61	0.00	394.50
160.60	-6050.06	0.00	482.66
160.70	-5918.46	0.00	569.65
160.80	-5764.69	0.00	654.93
160.90	-5588.73	0.00	737.98
161.00	-5390.63	0.00	818.29
161.10	-5170.56	0.00	895.34
161.20	-4928.77	0.00	968.64
161.30	-4665.66	0.00	1037.74
161.40	-4381.73	0.00	1102.17
161.50	-4077.62	0.00	1161.53
161.60	-3754.11	0.00	1215.42
161.70	-3412.10	0.00	1263.49
161.80	-3052.66	0.00	1305.43
161.90	-2676.99	0.00	1340.96
162.00	-2286.44	0.00	1369.86
162.10	-1882.50	0.00	1391.92
162.20	-1466.80	0.00	1407.01
162.30	-1041.11	0.00	1415.03
162.40	-607.31	0.00	1415.94
162.50	-167.40	0.00	1409.72
162.60	276.50	0.00	1396.44
162.70	722.21	0.00	1376.18
162.80	1167.46	0.00	1349.09
162.90	1609.91	0.00	1315.34
163.00	2047.23	0.00	1275.17
163.10	2477.01	0.00	1228.85
163.20	2896.89	0.00	1176.69
163.30	3304.52	0.00	1119.02
163.40	3697.59	0.00	1056.22
163.50	4073.85	0.00	988.70
163.60	4431.16	0.00	916.89
163.70	4767.47	0.00	841.23
163.80	5080.87	0.00	762.21
163.90	5369.58	0.00	680.31
164.00	5632.00	0.00	596.02
164.10	5866.69	0.00	509.85
164.20	6072.41	0.00	422.30
164.30	6248.13	0.00	333.88
164.40	6393.01	0.00	245.08
164.50	6506.44	0.00	156.39
164.60	6588.03	0.00	68.30
164.70	6637.60	0.00	-18.74
164.80	6655.21	0.00	-104.27
164.90	6641.12	0.00	-187.88
165.00	6596.49	0.00	-269.17
165.10	6530.54	0.00	-347.75
165.20	6446.33	0.00	-423.29
165.30	6344.33	0.00	-495.46
165.40	6225.04	0.00	-563.98
165.50	6088.97	0.00	-628.59
165.60	5936.65	0.00	-689.08
165.70	5768.63	0.00	-745.24
165.80	5585.49	0.00	-796.91
165.90	5387.83	0.00	-843.99
166.00	5176.28	0.00	-886.36
166.10	4951.49	0.00	-923.96
166.20	4714.16	0.00	-956.76
166.30	4465.00	0.00	-984.76
166.40	4204.77	0.00	-1007.98
166.50	3934.27	0.00	-1026.47
166.60	3654.31	0.00	-1040.29
166.70	3365.76	0.00	-1049.55
166.80	3069.52	0.00	-1054.36
166.90	2766.54	0.00	-1054.84
167.00	2457.76	0.00	-1051.16
167.10	2144.21	0.00	-1043.47
167.20	1826.89	0.00	-1031.95
167.30	1506.88	0.00	-1016.78
167.40	1185.24	0.00	-998.16
167.50	863.06	0.00	-976.30
167.60	541.46	0.00	-951.39
167.70	221.55	0.00	-923.65
167.80	-95.56	0.00	-893.29
167.90	-408.75	0.00	-860.51
168.00	-716.91	0.00	-825.54
168.10	-1018.97	0.00	-788.56
168.20	-1313.84	0.00	-749.80
168.30	-1600.49	0.00	-709.45
168.40	-1877.90	0.00	-667.71
168.50	-2145.11	0.00	-624.77
168.60	-2401.19	0.00	-580.81
168.70	-2645.26	0.00	-536.01
168.80	-2876.50	0.00	-490.55
168.90	-3094.14	0.00	-444.59
169.00	-3297.49	0.00	-398.29
169.10	-3485.91	0.00	-351.82
169.20	-3658.84	0.00	-305.31
169.30	-3815.79	0.00	-258.92
169.40	-3956.35	0.00	-212.77
169.50	-4080.19	0.00	-167.00
169.60	-4187.05	0.00	-121.74
169.70	-4276.77	0.00	-77.11
169.80	-4349.25	0.00	-33.23
169.90	-4404.48	0.00	9.79
170.00	-4442.53	0.00	51.84
170.10	-4463.56	0.00	92.82
170.20	-4467.78	0.00	132.61
170.30	-4455.51	0.00	171.13
170.40	-4427.11	0.00	208.28
170.50	-4383.04	0.00	243.96
170.60	-4323.80	0.00	278.10
170.70	-4250.22	0.00	310.60
170.80	-4166.43	0.00	341.39
170.90	-4073.94	0.00	370.40
171.00	-3973.14	0.00	397.56
171.10	-3864.44	0.00	422.80
171.20	-3748.21	0.00	446.07
171.30	-3624.87	0.00	467.31
171.40	-3494.85	0.00	486.48
171.50	-3358.55	0.00	503.53
171.60	-3216.42	0.00	518.45
171.70	-3068.91	0.00	531.21
171.80	-2916.48	0.00	541.79
171.90	-2759.59	0.00	550.18
172.00	-2598.73	0.00	556.40
172.10	-2434.39	0.00	560.44
172.20	-2267.07	0.00	562.34
172.30	-2097.27	0.00	562.13
172.40	-1925.51	0.00	559.85
172.50	-1752.31	0.00	555.55
172.60	-1578.20	0.00	549.28
172.70	-1403.71	0.00	541.13
172.80	-1229.34	0.00	531.16
172.90	-1055.64	0.00	519.48
173.00	-883.10	0.00	506.16
173.10	-712.25	0.00	491.33
173.20	-543.57	0.00	475.08
173.30	-377.55	0.00	457.54
173.40	-214.65	0.00	438.82
173.50	-55.32	0.00	419.07
173.60	100.02	0.00	398.40
173.70	250.96	0.00	376.95
173.80	397.13	0.00	354.86
173.90	538.19	0.00	332.26
174.00	673.81	0.00	309.29
174.10	803.72	0.00	286.09
174.20	927.67	0.00	262.78
174.30	1045.42	0.00	239.49
174.40	1156.81	0.00	216.36
174.50	1261.68	0.00	193.49
174.60	1359.92	0.00	171.00
174.70	1451.45	0.00	149.00
174.80	1536.22	0.00	127.58
174.90	1614.22	0.00	106.84
175.00	1685.47	0.00	86.85
175.10	1750.02	0.00	67.69
175.20	1807.95	0.00	49.41
175.30	1859.36	0.00	32.08
175.40	1904.38	0.00	15.72
175.50	1943.17	0.00	0.37
175.60	1975.89	0.00	-13.95
175.70	2002.74	0.00	-27.22
175.80	2023.92	0.00	-39.45
175.90	2039.64	0.00	-50.65
176.00	2050.15	0.00	-60.82
176.10	2055.67	0.00	-70.00
176.20	2056.45	0.00	-78.22
176.30	2052.73	0.00	-85.52
176.40	2044.76	0.00	-91.93
176.50	2032.78	0.00	-97.52
176.60	2017.03	0.00	-102.33
176.70	1997.77	0.00	-106.43
176.80	1975.21	0.00	-109.86
176.90	1949.58	0.00	-112.71
177.00	1921.11	0.00	-115.02
177.10	1890.00	0.00	-116.87
177.20	1856.45	0.00	-118.30
177.30	1820.70	0.00	-119.39
177.40	1783.55	0.00	-120.19
177.50	1745.34	0.00	-120.76
177.60	1706.18	0.00	-121.13
177.70	1666.15	0.00	-121.37
177.80	1625.34	0.00	-121.51
177.90	1583.82	0.00	-121.58
178.00	1541.64	0.00	-121.63
178.10	1498.86	0.00	-121.67
178.20	1455.53	0.00	-121.71
178.30	1411.70	0.00	-121.79
178.40	1367.40	0.00	-121.90
178.50	1322.65	0.00	-122.04
178.60	1277.51	0.00	-122.22
178.70	1231.99	0.00	-122.43
178.80	1186.12	0.00	-122.65
178.90	1139.93	0.00	-122.87
179.00	1093.46	0.00	-123.07
179.10	1046.73	0.00	-123.23
179.20	999.78	0.00	-123.32
179.30	952.63	0.00	-123.32
179.40	905.33	0.00	-123.20
179.50	857.92	0.00	-122.94
179.60	810.44	0.00	-122.51
179.70	762.94	0.00	-121.88
179.80	715.45	0.00	-121.03
179.90	668.03	0.00	-119.94
180.00	620.73	0.00	-118.59
180.10	573.60	0.00	-116.98
180.20	526.70	0.00	-115.08
180.30	480.06	0.00	-112.89
180.40	433.75	0.00	-110.42
180.50	387.81	0.00	-107.66
180.60	342.28	0.00	-104.63
180.70	297.21	0.00	-101.35
180.80	252.62	0.00	-97.82
180.90	208.56	0.00	-94.09
181.00	165.04	0.00	-90.17
181.10	122.08	0.00	-86.11
181.20	79.68	0.00	-81.95
181.30	37.85	0.00	-77.74
181.40	-3.42	0.00	-73.52
181.50	-44.17	0.00	-69.35
181.60	-84.41	0.00	-65.28
181.70	-124.19	0.00	-61.38
181.80	-163.57	0.00	-57.70
181.90	-202.61	0.00	-54.30
182.00	-241.39	0.00	-51.25
182.10	-279.98	0.00	-48.61
182.20	-318.49	0.00	-46.43
182.30	-357.02	0.00	-44.77
182.40	-395.68	0.00	-43.69
182.50	-434.59	0.00	-43.23
182.60	-473.88	0.00	-43.45
182.70	-513.67	0.00	-44.37
182.80	-554.09	0.00	-46.03
182.90	-595.28	0.00	-48.46
183.00	-637.36	0.00	-51.68
183.10	-680.47	0.00	-55.69
183.20	-724.73	0.00	-60.50
183.30	-770.26	0.00	-66.10
183.40	-817.15	0.00	-72.47
183.50	-865.52	0.00	-79.59
183.60	-915.42	0.00	-87.41
183.70	-966.93	0.00	-95.90
183.80	-1020.10	0.00	-104.99
183.90	-1074.94	0.00	-114.61
184.00	-1131.46	0.00	-124.69
184.10	-1189.63	0.00	-135.14
184.20	-1249.40	0.00	-145.86
184.30	-1310.68	0.00	-156.76
184.40	-1373.37	0.00	-167.71
184.50	-1437.31	0.00	-178.60
184.60	-1502.33	0.00	-189.30
184.70	-1568.22	0.00	-199.67
184.80	-1634.72	0.00	-209.58
184.90	-1701.57	0.00	-218.89
185.00	-1768.43	0.00	-227.46
185.10	-1834.95	0.00	-235.13
185.20	-1900.76	0.00	-241.76
185.30	-1965.42	0.00	-247.20
185.40	-2028.78	0.00	-251.32
185.50	-2091.18	0.00	-253.98
185.60	-2152.26	0.00	-255.03
185.70	-2211.59	0.00	-254.35
185.80	-2268.71	0.00	-251.83
185.90	-2323.15	0.00	-247.34
186.00	-2374.42	0.00	-240.79
186.10	-2422.01	0.00	-232.10
186.20	-2465.37	0.00	-221.17
186.30	-2503.98	0.00	-207.95
186.40	-2537.27	0.00	-192.40
186.50	-2564.69	0.00	-174.48
186.60	-2585.66	0.00	-154.18
186.70	-2599.63	0.00	-131.51
186.80	-2606.02	0.00	-106.48
186.90	-2604.28	0.00	-79.14
187.00	-2593.86	0.00	-49.56
187.10	-2574.24	0.00	-17.81
187.20	-2544.89	0.00	16.00
187.30	-2505.33	0.00	51.74
187.40	-2455.11	0.00	89.27
187.50	-2393.79	0.00	128.43
187.60	-2320.99	0.00	169.04
187.70	-2236.38	0.00	210.88
187.80	-2139.67	0.00	253.75
187.90	-2030.63	0.00	297.39
188.00	-1909.08	0.00	341.57
188.10	-1774.92	0.00	386.01
188.20	-1628.13	0.00	430.44
188.30	-1468.75	0.00	474.55
188.40	-1296.92	0.00	518.05
188.50	-1112.86	0.00	560.64
188.60	-916.88	0.00	602.00
188.70	-709.39	0.00	641.80
188.80	-490.90	0.00	679.74
188.90	-262.02	0.00	715.50
189.00	-23.46	0.00	748.77
189.10	223.96	0.00	779.23
189.20	479.31	0.00	806.61
189.30	741.57	0.00	830.60
189.40	1009.61	0.00	850.94
189.50	1282.20	0.00	867.38
189.60	1558.03	0.00	879.67
189.70	1835.69	0.00	887.61
189.80	2113.69	0.00	891.00
189.90	2390.47	0.00	889.67
190.00	2664.41	0.00	883.50
190.10	2933.84	0.00	872.36
190.20	3197.05	0.00	856.17
190.30	3452.29	0.00	834.90
190.40	3697.82	0.00	808.52
190.50	3931.88	0.00	777.05
190.60	4152.75	0.00	740.55
190.70	4358.72	0.00	699.11
190.80	4548.14	0.00	652.84
190.90	4719.42	0.00	601.92
191.00	4871.08	0.00	546.52
191.10	5001.69	0.00	486.89
191.20	5109.97	0.00	423.27
191.30	5195.18	0.00	355.97
191.40	5261.69	0.00	285.29
191.50	5310.45	0.00	211.60
191.60	5340.88	0.00	135.27
191.70	5352.44	0.00	56.70
191.80	5344.63	0.00	-23.69
191.90	5317.02	0.00	-105.45
192.00	5269.23	0.00	-188.13
192.10	5200.92	0.00	-271.26
192.20	5111.83	0.00	-354.35
192.30	5001.79	0.00	-436.93
192.40	4870.68	0.00	-518.48
192.50	4718.46	0.00	-598.54
192.60	4545.20	0.00	-676.60
192.70	4351.07	0.00	-752.18
192.80	4136.31	0.00	-824.82
192.90	3901.31	0.00	-894.06
193.00	3646.55	0.00	-959.45
193.10	3372.66	0.00	-1020.58
193.20	3080.36	0.00	-1077.04
193.30	2770.53	0.00	-1128.47
193.40	2444.18	0.00	-1174.53
193.50	2102.45	0.00	-1214.89
193.60	1746.63	0.00	-1249.29
193.70	1378.12	0.00	-1277.48
193.80	998.49	0.00	-1299.25
193.90	609.40	0.00	-1314.44
194.00	212.66	0.00	-1322.92
194.10	-189.82	0.00	-1324.61
194.20	-596.03	0.00	-1319.46
194.30	-1003.85	0.00	-1307.47
194.40	-1411.09	0.00	-1288.69
194.50	-1815.52	0.00	-1263.19
194.60	-2214.82	0.00	-1231.09
194.70	-2606.69	0.00	-1192.57
194.80	-2988.78	0.00	-1147.82
194.90	-3358.78	0.00	-1097.09
195.00	-3714.40	0.00	-1040.65
195.10	-4053.40	0.00	-978.81
195.20	-4373.63	0.00	-911.92
195.30	-4673.01	0.00	-840.35
195.40	-4949.58	0.00	-764.49
195.50	-5201.55	0.00	-684.78
195.60	-5427.23	0.00	-601.65
195.70	-5625.14	0.00	-515.57
195.80	-5793.95	0.00	-427.02
195.90	-5932.57	0.00	-336.49
196.00	-6040.08	0.00	-244.47
196.10	-6115.80	0.00	-151.47
196.20	-6159.27	0.00	-58.00
196.30	-6170.27	0.00	35.45
196.40	-6150.70	0.00	128.36
196.50	-6108.37	0.00	220.25
196.60	-6044.23	0.00	310.64
196.70	-5958.49	0.00	399.05
196.80	-5851.41	0.00	485.03
196.90	-5723.31	0.00	568.15
197.00	-5574.54	0.00	648.00
197.10	-5405.52	0.00	724.18
197.20	-5216.75	0.00	796.34
197.30	-5008.76	0.00	864.13
197.40	-4782.17	0.00	927.25
197.50	-4537.65	0.00	985.42
197.60	-4275.99	0.00	1038.40
197.70	-3998.00	0.00	1085.96
197.80	-3704.63	0.00	1127.93
197.90	-3396.87	0.00	1164.16
198.00	-3075.82	0.00	1194.54
198.10	-2742.66	0.00	1218.98
198.20	-2398.66	0.00	1237.44
198.30	-2045.16	0.00	1249.89
198.40	-1683.59	0.00	1256.37
198.50	-1315.47	0.00	1256.90
198.60	-942.36	0.00	1251.58
198.70	-565.91	0.00	1240.50
198.80	-187.80	0.00	1223.81
198.90	190.21	0.00	1201.65
199.00	566.35	0.00	1174.22
199.10	938.82	0.00	1141.73
199.20	1305.80	0.00	1104.39
199.30	1665.48	0.00	1062.45
199.40	2016.05	0.00	1016.19
199.50	2355.74	0.00	965.88
199.60	2682.80	0.00	911.80
199.70	2995.56	0.00	854.27
199.80	3292.40	0.00	793.61
199.90	3571.78	0.00	730.12
200.00	3832.26	0.00	664.13
200.10	4072.49	0.00	595.99
200.20	4291.26	0.00	526.02
200.30	4487.46	0.00	454.55
200.40	4660.14	0.00	381.92
200.50	4808.47	0.00	308.45
200.60	4931.77	0.00	234.49
200.70	5029.53	0.00	160.34
200.80	5101.37	0.00	86.32
200.90	5147.11	0.00	12.75
201.00	5166.69	0.00	-60.08
201.10	5160.23	0.00	-131.88
201.20	5127.99	0.00	-202.37
201.30	5071.03	0.00	-271.27
201.40	4995.06	0.00	-338.33
201.50	4901.65	0.00	-403.30
201.60	4791.17	0.00	-465.95
201.70	4664.04	0.00	-526.05
201.80	4520.73	0.00	-583.39
201.90	4361.72	0.00	-637.77
202.00	4187.52	0.00	-689.02
202.10	3998.71	0.00	-736.97
202.20	3795.89	0.00	-781.45
202.30	3579.71	0.00	-822.33
202.40	3350.88	0.00	-859.47
202.50	3110.15	0.00	-892.77
202.60	2858.33	0.00	-922.12
202.70	2596.30	0.00	-947.43
202.80	2324.96	0.00	-968.64
202.90	2045.29	0.00	-985.67
203.00	1758.35	0.00	-998.49
203.10	1465.22	0.00	-1007.07
203.20	1167.06	0.00	-1011.38
203.30	865.06	0.00	-1011.43
203.40	560.48	0.00	-1007.22
203.50	254.63	0.00	-998.78
203.60	-51.16	0.00	-986.15
203.70	-355.52	0.00	-969.38
203.80	-657.05	0.00	-948.54
203.90	-954.32	0.00	-923.71
204.00	-1245.90	0.00	-894.98
204.10	-1530.35	0.00	-862.47
204.20	-1806.26	0.00	-826.30
204.30	-2072.21	0.00	-786.60
204.40	-2326.81	0.00	-743.54
204.50	-2568.72	0.00	-697.28
204.60	-2796.65	0.00	-648.00
204.70	-3009.35	0.00	-595.90
204.80	-3205.66	0.00	-541.17
204.90	-3384.49	0.00	-484.05
205.00	-3544.85	0.00	-424.75
205.10	-3685.82	0.00	-363.54
205.20	-3806.62	0.00	-300.66
205.30	-3906.57	0.00	-236.38
205.40	-3985.11	0.00	-170.97
205.50	-4041.81	0.00	-104.72
205.60	-4076.37	0.00	-37.92
205.70	-4088.63	0.00	29.13
205.80	-4078.55	0.00	96.13
205.90	-4046.26	0.00	162.78
206.00	-3993.72	0.00	228.75
206.10	-3923.86	0.00	293.75
206.20	-3836.95	0.00	357.44
206.30	-3733.30	0.00	419.54
206.40	-3613.27	0.00	479.72
206.50	-3477.30	0.00	537.69
206.60	-3325.86	0.00	593.15
206.70	-3159.52	0.00	645.81
206.80	-2978.89	0.00	695.39
206.90	-2784.65	0.00	741.62
207.00	-2577.57	0.00	784.26
207.10	-2358.47	0.00	823.05
207.20	-2128.28	0.00	857.77
207.30	-1887.95	0.00	888.23
207.40	-1638.56	0.00	914.23
207.50	-1381.21	0.00	935.60
207.60	-1117.12	0.00	952.21
207.70	-847.54	0.00	963.92
207.80	-573.79	0.00	970.65
207.90	-297.27	0.00	972.31
208.00	-19.40	0.00	968.87
208.10	258.33	0.00	960.30
208.20	534.40	0.00	946.62
208.30	807.29	0.00	927.85
208.40	1075.41	0.00	904.05
208.50	1337.22	0.00	875.33
208.60	1591.14	0.00	841.80
208.70	1835.64	0.00	803.60
208.80	2069.20	0.00	760.91
208.90	2290.34	0.00	713.94
209.00	2497.67	0.00	662.90
209.10	2689.82	0.00	608.04
209.20	2865.53	0.00	549.66
209.30	3023.63	0.00	488.03
209.40	3163.05	0.00	423.49
209.50	3282.83	0.00	356.37
209.60	3382.16	0.00	287.03
209.70	3460.32	0.00	215.85
209.80	3516.78	0.00	143.20
209.90	3551.11	0.00	69.50
210.00	3563.08	0.00	-4.84
210.10	3552.69	0.00	-79.42
210.20	3522.31	0.00	-153.79
210.30	3473.08	0.00	-227.54
210.40	3405.17	0.00	-300.24
210.50	3318.88	0.00	-371.45
210.60	3214.54	0.00	-440.76
210.70	3092.61	0.00	-507.76
210.80	2953.60	0.00	-572.02
210.90	2798.13	0.00	-633.17
211.00	2626.91	0.00	-690.82
211.10	2440.72	0.00	-744.60
211.20	2240.45	0.00	-794.17
211.30	2027.07	0.00	-839.22
211.40	1801.65	0.00	-879.43
211.50	1565.34	0.00	-914.55
211.60	1319.39	0.00	-944.32
211.70	1065.11	0.00	-968.52
211.80	803.92	0.00	-986.98
211.90	537.29	0.00	-999.55
212.00	266.76	0.00	-1006.10
212.10	-6.05	0.00	-1006.56
212.20	-279.50	0.00	-1000.89
212.30	-551.87	0.00	-989.07
212.40	-821.45	0.00	-971.14
212.50	-1086.49	0.00	-947.18
212.60	-1345.24	0.00	-917.28
212.70	-1595.95	0.00	-881.59
212.80	-1836.92	0.00	-840.31
212.90	-2066.46	0.00	-793.65
213.00	-2282.94	0.00	-741.86
213.10	-2484.82	0.00	-685.25
213.20	-2670.62	0.00	-624.14
213.30	-2838.96	0.00	-558.89
213.40	-2988.58	0.00	-489.88
213.50	-3118.36	0.00	-417.54
213.60	-3227.29	0.00	-342.31
213.70	-3314.52	0.00	-264.65
213.80	-3379.38	0.00	-185.06
213.90	-3421.33	0.00	-104.02
214.00	-3440.04	0.00	-22.06
214.10	-3435.86	0.00	60.28
214.20	-3411.20	0.00	142.49
214.30	-3366.43	0.00	224.01
214.40	-3301.76	0.00	304.30
214.50	-3217.49	0.00	382.84
214.60	-3114.03	0.00	459.09
214.70	-2991.87	0.00	532.54
214.80	-2851.65	0.00	602.68
214.90	-2694.07	0.00	669.03
215.00	-2519.97	0.00	731.13
215.10	-2330.29	0.00	788.54
215.20	-2126.07	0.00	840.85
215.30	-1908.44	0.00	887.69
215.40	-1678.67	0.00	928.72
215.50	-1438.09	0.00	963.63
215.60	-1188.14	0.00	992.17
215.70	-930.35	0.00	1014.11
215.80	-666.32	0.00	1029.29
215.90	-397.74	0.00	1037.57
216.00	-126.34	0.00	1038.87
216.10	146.07	0.00	1033.17
216.20	417.68	0.00	1020.49
216.30	686.62	0.00	1000.88
216.40	951.01	0.00	974.48
216.50	1209.00	0.00	941.44
216.60	1458.73	0.00	901.99
216.70	1698.39	0.00	856.38
216.80	1926.23	0.00	804.92
216.90	2140.55	0.00	747.98
217.00	2339.75	0.00	685.93
217.10	2522.34	0.00	619.20
217.20	2686.91	0.00	548.27
217.30	2832.24	0.00	473.63
217.40	2957.21	0.00	395.81
217.50	3060.87	0.00	315.35
217.60	3142.46	0.00	232.83
217.70	3201.37	0.00	148.83
217.80	3237.18	0.00	63.96
217.90	3249.68	0.00	-21.19
218.00	3238.83	0.00	-106.01
218.10	3206.18	0.00	-189.89
218.20	3153.44	0.00	-272.24
218.30	3080.99	0.00	-352.46
218.40	2989.29	0.00	-429.99
218.50	2878.93	0.00	-504.27
218.60	2750.62	0.00	-574.79
218.70	2605.16	0.00	-641.03
218.80	2443.47	0.00	-702.55
218.90	2266.57	0.00	-758.90
219.00	2075.57	0.00	-809.71
219.10	1871.69	0.00	-854.62
219.20	1656.25	0.00	-893.34
219.30	1430.64	0.00	-925.60
219.40	1196.34	0.00	-951.21
219.50	954.89	0.00	-970.01
219.60	707.91	0.00	-981.88
219.70	457.07	0.00	-986.79
219.80	204.08	0.00	-984.74
219.90	-49.32	0.00	-975.77
220.00	-301.37	0.00	-959.99
220.10	-550.30	0.00	-937.55
220.20	-794.35	0.00	-908.66
220.30	-1031.78	0.00	-873.56
220.40	-1260.90	0.00	-832.56
220.50	-1480.05	0.00	-785.97
220.60	-1687.66	0.00	-734.19
220.70	-1882.23	0.00	-677.63
220.80	-2062.36	0.00	-616.71
220.90	-2226.76	0.00	-551.92
221.00	-2374.26	0.00	-483.76
221.10	-2503.82	0.00	-412.73
221.20	-2614.54	0.00	-339.37
221.30	-2705.70	0.00	-264.24
221.40	-2776.70	0.00	-187.87
221.50	-2827.13	0.00	-110.83
221.60	-2856.74	0.00	-33.67
221.70	-2865.45	0.00	43.06
221.80	-2853.39	0.00	118.81
221.90	-2822.21	0.00	193.06
222.00	-2773.03	0.00	265.29
222.10	-2706.28	0.00	335.03
222.20	-2622.49	0.00	401.80
222.30	-2522.29	0.00	465.16
222.40	-2406.40	0.00	524.72
222.50	-2275.63	0.00	580.08
222.60	-2130.87	0.00	630.92
222.70	-1973.10	0.00	676.93
222.80	-1803.37	0.00	717.85
222.90	-1622.79	0.00	753.46
223.00	-1432.56	0.00	783.57
223.10	-1233.93	0.00	808.04
223.20	-1028.20	0.00	826.79
223.30	-816.71	0.00	839.75
223.40	-600.86	0.00	846.90
223.50	-382.07	0.00	848.29
223.60	-161.76	0.00	843.97
223.70	58.60	0.00	834.05
223.80	277.56	0.00	818.67
223.90	493.67	0.00	798.03
224.00	705.51	0.00	772.32
224.10	911.68	0.00	741.79
224.20	1110.80	0.00	706.72
224.30	1301.58	0.00	667.41
224.40	1482.76	0.00	624.18
224.50	1653.16	0.00	577.37
224.60	1811.68	0.00	527.35
224.70	1957.31	0.00	474.50
224.80	2089.13	0.00	419.21
224.90	2206.33	0.00	361.87
225.00	2308.21	0.00	302.90
225.10	2394.19	0.00	242.70
225.20	2463.80	0.00	181.68
225.30	2516.70	0.00	120.26
225.40	2552.68	0.00	58.83
225.50	2571.65	0.00	-2.20
225.60	2573.66	0.00	-62.44
225.70	2559.95	0.00	-121.53
225.80	2531.49	0.00	-179.11
225.90	2488.57	0.00	-234.82
226.00	2431.61	0.00	-288.34
226.10	2361.05	0.00	-339.36
226.20	2277.42	0.00	-387.60
226.30	2181.32	0.00	-432.79
226.40	2073.39	0.00	-474.70
226.50	1954.35	0.00	-513.11
226.60	1824.95	0.00	-547.82
226.70	1686.02	0.00	-578.69
226.80	1538.42	0.00	-605.56
226.90	1383.05	0.00	-628.33
227.00	1220.87	0.00	-646.92
227.10	1052.85	0.00	-661.28
227.20	880.02	0.00	-671.37
227.30	703.41	0.00	-677.19
227.40	524.08	0.00	-678.78
227.50	343.11	0.00	-676.17
227.60	161.57	0.00	-669.45
227.70	-19.44	0.00	-658.72
227.80	-198.84	0.00	-644.09
227.90	-375.57	0.00	-625.72
228.00	-548.59	0.00	-603.78
228.10	-716.86	0.00	-578.43
228.20	-879.40	0.00	-549.90
228.30	-1035.25	0.00	-518.41
228.40	-1183.52	0.00	-484.18
228.50	-1323.36	0.00	-447.48
228.60	-1453.97	0.00	-408.55
228.70	-1574.63	0.00	-367.69
228.80	-1684.69	0.00	-325.17
228.90	-1783.58	0.00	-281.28
229.00	-1870.80	0.00	-236.31
229.10	-1945.93	0.00	-190.56
229.20	-2008.65	0.00	-144.34
229.30	-2058.73	0.00	-97.93
229.40	-2096.02	0.00	-51.65
229.50	-2120.47	0.00	-5.77
229.60	-2132.11	0.00	39.41
229.70	-2131.07	0.00	83.62
229.80	-2117.57	0.00	126.58
229.90	-2091.91	0.00	168.03
230.00	-2055.11	0.00	207.74
230.10	-2008.12	0.00	245.47
230.20	-1951.37	0.00	281.01
230.30	-1885.35	0.00	314.15
230.40	-1810.59	0.00	344.71
230.50	-1727.68	0.00	372.54
230.60	-1637.22	0.00	397.50
230.70	-1539.88	0.00	419.46
230.80	-1436.32	0.00	438.33
230.90	-1327.26	0.00	454.03
231.00	-1213.43	0.00	466.51
231.10	-1095.59	0.00	475.74
231.20	-974.51	0.00	481.71
231.30	-850.96	0.00	484.44
231.40	-725.73	0.00	483.97
231.50	-599.60	0.00	480.35
231.60	-473.35	0.00	473.68
231.70	-347.77	0.00	464.04
231.80	-223.60	0.00	451.56
231.90	-101.58	0.00	436.38
232.00	17.57	0.00	418.67
232.10	133.16	0.00	398.58
232.20	244.56	0.00	376.31
232.30	351.14	0.00	352.05
232.40	452.34	0.00	326.02
232.50	547.64	0.00	298.44
232.60	636.56	0.00	269.53
232.70	718.70	0.00	239.53
232.80	793.68	0.00	208.67
232.90	861.21	0.00	177.18
233.00	921.05	0.00	145.32
233.10	973.01	0.00	113.31
233.20	1016.98	0.00	81.38
233.30	1052.90	0.00	49.76
233.40	1080.78	0.00	18.68
233.50	1100.68	0.00	-11.66
233.60	1112.72	0.00	-41.05
233.70	1117.10	0.00	-69.31
233.80	1114.04	0.00	-96.26
233.90	1103.83	0.00	-121.73
234.00	1086.80	0.00	-145.57
234.10	1063.33	0.00	-167.66
234.20	1033.84	0.00	-187.86
234.30	998.78	0.00	-206.09
234.40	958.64	0.00	-222.25
234.50	913.93	0.00	-236.28
234.60	865.17	0.00	-248.13
234.70	812.92	0.00	-257.75
234.80	757.74	0.00	-265.14
234.90	700.19	0.00	-270.28
235.00	640.91	0.00	-273.20
235.10	580.50	0.00	-273.91
235.20	519.50	0.00	-272.47
235.30	458.44	0.00	-268.94
235.40	397.82	0.00	-263.36
235.50	338.15	0.00	-255.84
235.60	279.91	0.00	-246.46
235.70	223.56	0.00	-235.32
235.80	169.54	0.00	-222.54
235.90	118.26	0.00	-208.22
236.00	70.12	0.00	-192.50
236.10	25.46	0.00	-175.51
236.20	-15.39	0.00	-157.38
236.30	-52.15	0.00	-138.26
236.40	-84.56	0.00	-118.29
236.50	-112.41	0.00	-97.62
236.60	-135.52	0.00	-76.39
236.70	-153.76	0.00	-54.76
236.80	-167.04	0.00	-32.87
236.90	-175.29	0.00	-10.88
237.00	-178.50	0.00	11.08
237.10	-176.70	0.00	32.84
237.20	-169.95	0.00	54.26
237.30	-158.37	0.00	75.21
237.40	-142.09	0.00	95.53
237.50	-121.30	0.00	115.10
237.60	-96.21	0.00	133.78
237.70	-67.09	0.00	151.43
237.80	-34.22	0.00	167.94
237.90	2.08	0.00	183.19
238.00	41.46	0.00	197.05
238.10	83.54	0.00	209.42
238.20	127.91	0.00	220.20
238.30	174.15	0.00	229.28
238.40	221.81	0.00	236.59
238.50	270.42	0.00	242.03
238.60	319.49	0.00	245.53
238.70	368.53	0.00	247.03
238.80	417.03	0.00	246.47
238.90	464.49	0.00	243.81
239.00	510.37	0.00	239.01
239.10	554.15	0.00	232.05
239.20	595.33	0.00	222.92
239.30	633.39	0.00	211.62
239.40	667.83	0.00	198.16
239.50	698.14	0.00	182.59
239.60	723.87	0.00	164.93
239.70	744.54	0.00	145.26
239.80	759.73	0.00	123.64
239.90	769.03	0.00	100.18
240.00	772.06	0.00	74.97
240.10	768.47	0.00	48.16
240.20	757.97	0.00	19.86
240.30	740.28	0.00	-9.74
240.40	715.18	0.00	-40.48
240.50	682.50	0.00	-72.17
240.60	642.13	0.00	-104.61
240.70	593.99	0.00	-137.56
240.80	538.07	0.00	-170.81
240.90	474.43	0.00	-204.10
241.00	403.19	0.00	-237.17
241.10	324.53	0.00	-269.77
241.20	238.70	0.00	-301.62
241.30	146.02	0.00	-332.43
241.40	46.87	0.00	-361.94
241.50	-58.27	0.00	-389.85
241.60	-168.88	0.00	-415.88
241.70	-284.36	0.00	-439.76
241.80	-404.04	0.00	-461.21
241.90	-527.17	0.00	-479.96
242.00	-652.96	0.00	-495.77
242.10	-780.54	0.00	-508.39
242.20	-909.01	0.00	-517.61
242.30	-1037.38	0.00	-523.21
242.40	-1164.67	0.00	-525.02
242.50	-1289.81	0.00	-522.87
242.60	-1411.72	0.00	-516.64
242.70	-1529.32	0.00	-506.23
242.80	-1641.50	0.00	-491.55
242.90	-1747.13	0.00	-472.57
243.00	-1845.13	0.00	-449.29
243.10	-1934.40	0.00	-421.72
243.20	-2013.89	0.00	-389.94
243.30	-2083.07	0.00	-354.05
243.40	-2141.70	0.00	-314.18
243.50	-2188.97	0.00	-270.51
243.60	-2224.14	0.00	-223.25
243.70	-2246.49	0.00	-172.64
243.80	-2255.36	0.00	-118.98
243.90	-2250.17	0.00	-62.57
244.00	-2230.42	0.00	-3.76
244.10	-2195.65	0.00	57.07
244.20	-2145.54	0.00	119.50
244.30	-2079.81	0.00	183.12
244.40	-1998.30	0.00	247.47
244.50	-1900.96	0.00	312.08
244.60	-1787.83	0.00	376.47
244.70	-1659.06	0.00	440.13
244.80	-1514.95	0.00	502.56
244.90	-1355.88	0.00	563.25
245.00	-1182.38	0.00	621.70
245.10	-995.10	0.00	677.40
245.20	-794.81	0.00	729.85
245.30	-582.44	0.00	778.59
245.40	-359.01	0.00	823.14
245.50	-125.70	0.00	863.06
245.60	116.22	0.00	897.94
245.70	365.33	0.00	927.40
245.80	620.10	0.00	951.08
245.90	878.91	0.00	968.67
246.00	1140.03	0.00	979.90
246.10	1401.65	0.00	984.54
246.20	1661.89	0.00	982.40
246.30	1918.80	0.00	973.34
246.40	2170.38	0.00	957.29
246.50	2414.63	0.00	934.20
246.60	2649.51	0.00	904.10
246.70	2873.02	0.00	867.06
246.80	3083.14	0.00	823.21
246.90	3277.96	0.00	772.73
247.00	3455.58	0.00	715.84
247.10	3614.23	0.00	652.84
247.20	3752.24	0.00	584.05
247.30	3868.05	0.00	509.87
247.40	3962.54	0.00	430.72
247.50	4036.55	0.00	347.07
247.60	4089.23	0.00	259.44
247.70	4119.80	0.00	168.37
247.80	4127.57	0.00	74.44
247.90	4111.97	0.00	-21.73
248.00	4072.49	0.00	-119.51
248.10	4008.79	0.00	-218.25
248.20	3920.59	0.00	-317.28
248.30	3807.77	0.00	-415.92
248.40	3670.31	0.00	-513.50
248.50	3508.34	0.00	-609.33
248.60	3322.12	0.00	-702.73
248.70	3112.06	0.00	-793.05
248.80	2878.72	0.00	-879.63
248.90	2622.84	0.00	-961.84
249.00	2345.28	0.00	-1039.08
249.10	2047.09	0.00	-1110.79
249.20	1729.50	0.00	-1176.42
249.30	1393.89	0.00	-1235.49
249.40	1041.82	0.00	-1287.52
249.50	675.02	0.00	-1332.12
249.60	295.37	0.00	-1368.92
249.70	-95.08	0.00	-1397.63
249.80	-494.12	0.00	-1417.98
249.90	-899.42	0.00	-1429.79
250.00	-1308.53	0.00	-1432.91
250.10	-1718.86	0.00	-1427.27
250.20	-2127.76	0.00	-1412.85
250.30	-2532.48	0.00	-1389.69
250.40	-2930.23	0.00	-1357.89
250.50	-3318.20	0.00	-1317.62
250.60	-3693.57	0.00	-1269.08
250.70	-4053.54	0.00	-1212.56
250.80	-4395.35	0.00	-1148.38
250.90	-4716.35	0.00	-1076.91
251.00	-5013.96	0.00	-998.58
251.10	-5285.75	0.00	-913.87
251.20	-5529.44	0.00	-823.28
251.30	-5742.95	0.00	-727.36
251.40	-5924.37	0.00	-626.70
251.50	-6072.06	0.00	-521.91
251.60	-6187.28	0.00	-413.62
251.70	-6276.35	0.00	-302.49
251.80	-6339.16	0.00	-189.19
251.90	-6375.26	0.00	-74.39
252.00	-6384.28	0.00	41.20
252.10	-6365.91	0.00	156.91
252.20	-6319.92	0.00	272.05
252.30	-6246.16	0.00	385.96
252.40	-6144.54	0.00	497.97
252.50	-6015.06	0.00	607.43
252.60	-5857.80	0.00	713.74
252.70	-5672.96	0.00	816.29
252.80	-5460.79	0.00	914.51
252.90	-5221.69	0.00	1007.89
253.00	-4956.16	0.00	1095.92
253.10	-4664.82	0.00	1178.15
253.20	-4348.42	0.00	1254.15
253.30	-4007.85	0.00	1323.56
253.40	-3644.15	0.00	1386.05
253.50	-3258.49	0.00	1441.34
253.60	-2852.21	0.00	1489.18
253.70	-2426.79	0.00	1529.40
253.80	-1983.89	0.00	1561.84
253.90	-1525.28	0.00	1586.43
254.00	-1052.93	0.00	1603.10
254.10	-568.92	0.00	1611.87
254.20	-75.47	0.00	1612.77
254.30	425.06	0.00	1605.88
254.40	930.21	0.00	1591.35
254.50	1437.40	0.00	1569.34
254.60	1943.98	0.00	1540.04
254.70	2447.24	0.00	1503.72
254.80	2944.40	0.00	1460.63
254.90	3432.68	0.00	1411.07
255.00	3909.26	0.00	1355.39
255.10	4371.38	0.00	1293.93
255.20	4816.28	0.00	1227.07
255.30	5241.30	0.00	1155.20
255.40	5643.83	0.00	1078.72
255.50	6021.41	0.00	998.07
255.60	6371.69	0.00	913.67
255.70	6692.46	0.00	825.96
255.80	6981.71	0.00	735.37
255.90	7237.60	0.00	642.36
256.00	7458.52	0.00	547.36
256.10	7643.05	0.00	450.82
256.20	7790.03	0.00	353.17
256.30	7898.53	0.00	254.83
256.40	7970.07	0.00	156.21
256.50	8017.30	0.00	57.74
256.60	8042.35	0.00	-40.20
256.70	8045.24	0.00	-137.23
256.80	8025.97	0.00	-232.99
256.90	7984.50	0.00	-327.11
257.00	7920.82	0.00	-419.28
257.10	7834.88	0.00	-509.17
257.20	7726.63	0.00	-596.49
257.30	7596.01	0.00	-680.94
257.40	7442.97	0.00	-762.28
257.50	7267.49	0.00	-840.26
257.60	7069.54	0.00	-914.66
257.70	6849.15	0.00	-985.26
257.80	6606.36	0.00	-1051.87
257.90	6341.29	0.00	-1114.34
258.00	6054.11	0.00	-1172.50
258.10	5745.07	0.00	-1226.21
258.20	5414.49	0.00	-1275.37
258.30	5062.79	0.00	-1319.87
258.40	4690.50	0.00	-1359.62
258.50	4298.27	0.00	-1394.55
258.60	3886.83	0.00	-1424.61
258.70	3457.08	0.00	-1449.76
258.80	3010.02	0.00	-1469.97
258.90	2546.81	0.00	-1485.23
259.00	2068.72	0.00	-1495.55
259.10	1577.17	0.00	-1500.94
259.20	1073.73	0.00	-1501.42
259.30	560.08	0.00	-1497.04
259.40	38.03	0.00	-1487.84
259.50	-490.46	0.00	-1473.90
259.60	-1023.35	0.00	-1455.29
259.70	-1558.47	0.00	-1432.09
259.80	-2093.58	0.00	-1404.40
259.90	-2626.33	0.00	-1372.33
260.00	-3154.31	0.00	-1336.00
260.10	-3675.09	0.00	-1295.53
260.20	-4186.16	0.00	-1251.05
260.30	-4685.01	0.00	-1202.72
260.40	-5169.14	0.00	-1150.69
260.50	-5636.04	0.00	-1095.12
260.60	-6083.26	0.00	-1036.18
260.70	-6508.40	0.00	-974.06
260.80	-6909.13	0.00	-908.93
260.90	-7283.22	0.00	-840.99
261.00	-7628.53	0.00	-770.45
261.10	-7943.08	0.00	-697.50
261.20	-8225.02	0.00	-622.37
261.30	-8472.66	0.00	-545.26
261.40	-8684.49	0.00	-466.41
261.50	-8859.18	0.00	-386.03
261.60	-8995.61	0.00	-304.37
261.70	-9092.89	0.00	-221.65
261.80	-9152.03	0.00	-138.12
261.90	-9189.51	0.00	-54.00
262.00	-9209.45	0.00	30.45
262.10	-9211.70	0.00	114.99
262.20	-9196.06	0.00	199.38
262.30	-9162.25	0.00	283.38
262.40	-9109.97	0.00	366.74
262.50	-9038.84	0.00	449.22
262.60	-8948.46	0.00	530.58
262.70	-8838.38	0.00	610.59
262.80	-8708.15	0.00	689.00
262.90	-8557.28	0.00	765.58
263.00	-8385.28	0.00	840.12
263.10	-8191.68	0.00	912.37
263.20	-7976.03	0.00	982.14
263.30	-7737.91	0.00	1049.19
263.40	-7476.95	0.00	1113.34
263.50	-7192.85	0.00	1174.37
263.60	-6885.38	0.00	1232.10
263.70	-6554.41	0.00	1286.33
263.80	-6199.92	0.00	1336.91
263.90	-5821.99	0.00	1383.65
264.00	-5420.85	0.00	1426.41
264.10	-4996.87	0.00	1465.02
264.20	-4550.58	0.00	1499.36
264.30	-4082.65	0.00	1529.31
264.40	-3593.95	0.00	1554.73
264.50	-3085.51	0.00	1575.54
264.60	-2558.53	0.00	1591.63
264.70	-2014.41	0.00	1602.93
264.80	-1454.73	0.00	1609.38
264.90	-881.24	0.00	1610.92
265.00	-295.89	0.00	1607.50
265.10	299.24	0.00	1599.12
265.20	901.87	0.00	1585.75
265.30	1509.58	0.00	1567.41
265.40	2119.82	0.00	1544.10
265.50	2729.91	0.00	1515.86
265.60	3337.06	0.00	1482.75
265.70	3938.38	0.00	1444.82
265.80	4530.93	0.00	1402.16
265.90	5111.70	0.00	1354.86
266.00	5677.66	0.00	1303.03
266.10	6225.78	0.00	1246.79
266.20	6753.03	0.00	1186.29
266.30	7256.45	0.00	1121.69
266.40	7733.13	0.00	1053.15
266.50	8180.26	0.00	980.85
266.60	8595.14	0.00	905.01
266.70	8975.21	0.00	825.82
266.80	9318.08	0.00	743.52
266.90	9621.54	0.00	658.35
267.00	9883.60	0.00	570.55
267.10	10102.48	0.00	480.38
267.20	10276.65	0.00	388.13
267.30	10404.82	0.00	294.07
267.40	10486.00	0.00	198.49
267.50	10527.11	0.00	101.70
267.60	10549.06	0.00	4.00
267.70	10552.87	0.00	-94.30
267.80	10538.24	0.00	-192.88
267.90	10504.77	0.00	-291.41
268.00	10452.00	0.00	-389.57
268.10	10379.40	0.00	-487.03
268.20	10286.35	0.00	-583.47
268.30	10172.22	0.00	-678.55
268.40	10036.29	0.00	-771.96
268.50	9877.87	0.00	-863.36
268.60	9696.21	0.00	-952.44
268.70	9490.59	0.00	-1038.88
268.80	9260.30	0.00	-1122.39
268.90	9004.68	0.00	-1202.65
269.00	8723.14	0.00	-1279.38
269.10	8415.14	0.00	-1352.29
269.20	8080.27	0.00	-1421.12
269.30	7718.21	0.00	-1485.62
269.40	7328.79	0.00	-1545.53
269.50	6912.00	0.00	-1600.62
269.60	6467.99	0.00	-1650.69
269.70	5997.08	0.00	-1695.53
269.80	5499.82	0.00	-1734.96
269.90	4976.95	0.00	-1768.82
270.00	4429.43	0.00	-1796.97
270.10	3858.45	0.00	-1819.27
270.20	3265.42	0.00	-1835.63
270.30	2651.99	0.00	-1845.95
270.40	2020.05	0.00	-1850.17
270.50	1371.70	0.00	-1848.25
270.60	709.27	0.00	-1840.17
270.70	35.29	0.00	-1825.92
270.80	-647.48	0.00	-1805.52
270.90	-1336.13	0.00	-1779.03
271.00	-2027.58	0.00	-1746.49
271.10	-2718.57	0.00	-1708.00
271.20	-3405.77	0.00	-1663.66
271.30	-4085.70	0.00	-1613.61
271.40	-4754.83	0.00	-1557.98
271.50	-5409.59	0.00	-1496.96
271.60	-6046.38	0.00	-1430.73
271.70	-6661.63	0.00	-1359.50
271.80	-7251.80	0.00	-1283.49
271.90	-7813.43	0.00	-1202.96
272.00	-8343.16	0.00	-1118.16
272.10	-8837.79	0.00	-1029.37
272.20	-9294.26	0.00	-936.89
272.30	-9709.72	0.00	-841.03
272.40	-10081.55	0.00	-742.10
272.50	-10407.34	0.00	-640.45
272.60	-10685.00	0.00	-536.41
272.70	-10912.69	0.00	-430.34
272.80	-11088.92	0.00	-322.61
272.90	-11212.47	0.00	-213.58
273.00	-11282.51	0.00	-103.64
273.10	-11299.88	0.00	6.84
273.20	-11288.82	0.00	117.46
273.30	-11258.26	0.00	227.84
273.40	-11207.98	0.00	337.60
273.50	-11137.67	0.00	446.35
273.60	-11046.93	0.00	553.70
273.70	-10935.28	0.00	659.27
273.80	-10802.16	0.00	762.68
273.90	-10646.98	0.00	863.58
274.00	-10469.10	0.00	961.60
274.10	-10267.87	0.00	1056.39
274.20	-10042.61	0.00	1147.61
274.30	-9792.69	0.00	1234.93
274.40	-9517.51	0.00	1318.05
274.50	-9216.51	0.00	1396.67
274.60	-8889.23	0.00	1470.50
274.70	-8535.29	0.00	1539.29
274.80	-8154.45	0.00	1602.80
274.90	-7746.61	0.00	1660.79
275.00	-7311.81	0.00	1713.07
275.10	-6850.29	0.00	1759.45
275.20	-6362.45	0.00	1799.79
275.30	-5848.91	0.00	1833.93
275.40	-5310.51	0.00	1861.78
275.50	-4748.30	0.00	1883.24
275.60	-4163.56	0.00	1898.25
275.70	-3557.80	0.00	1906.78
275.80	-2932.78	0.00	1908.81
275.90	-2290.44	0.00	1904.36
276.00	-1632.99	0.00	1893.45
276.10	-962.83	0.00	1876.16
276.20	-282.56	0.00	1852.57
276.30	405.05	0.00	1822.78
276.40	1097.02	0.00	1786.94
276.50	1790.26	0.00	1745.18
276.60	2481.54	0.00	1697.69
276.70	3167.53	0.00	1644.67
276.80	3844.83	0.00	1586.32
276.90	4509.97	0.00	1522.87
277.00	5159.48	0.00	1454.59
277.10	5789.89	0.00	1381.72
277.20	6397.78	0.00	1304.55
277.30	6979.78	0.00	1223.36
277.40	7532.62	0.00	1138.47
277.50	8053.17	0.00	1050.17
277.60	8538.44	0.00	958.80
277.70	8985.63	0.00	864.66
277.80	9392.14	0.00	768.10
277.90	9755.60	0.00	669.44
278.00	10073.89	0.00	569.02
278.10	10345.16	0.00	467.18
278.20	10567.83	0.00	364.26
278.30	10740.65	0.00	260.58
278.40	10862.65	0.00	156.48
278.50	10933.19	0.00	52.28
278.60	10951.96	0.00	-51.70
278.70	10925.33	0.00	-155.14
278.80	10877.39	0.00	-257.74
278.90	10810.37	0.00	-359.19
279.00	10724.11	0.00	-459.20
279.10	10618.34	0.00	-557.50
279.20	10492.74	0.00	-653.81
279.30	10346.90	0.00	-747.86
279.40	10180.36	0.00	-839.41
279.50	9992.59	0.00	-928.21
279.60	9783.06	0.00	-1014.03
279.70	9551.21	0.00	-1096.64
279.80	9296.48	0.00	-1175.84
279.90	9018.35	0.00	-1251.42
280.00	8716.32	0.00	-1323.19
280.10	8389.96	0.00	-1390.96
280.20	8038.93	0.00	-1454.57
280.30	7662.97	0.00	-1513.85
280.40	7261.96	0.00	-1568.64
280.50	6835.89	0.00	-1618.80
280.60	6384.92	0.00	-1664.18
280.70	5909.38	0.00	-1704.67
280.80	5409.79	0.00	-1740.14
280.90	4886.83	0.00	-1770.47
281.00	4341.42	0.00	-1795.56
281.10	3774.69	0.00	-1815.32
281.20	3187.97	0.00	-1829.65
281.30	2582.82	0.00	-1838.48
281.40	1961.03	0.00	-1841.74
281.50	1324.62	0.00	-1839.37
281.60	675.80	0.00	-1831.31
281.70	17.00	0.00	-1817.53
281.80	-649.14	0.00	-1797.99
281.90	-1319.81	0.00	-1772.69
282.00	-1992.02	0.00	-1741.61
282.10	-2662.64	0.00	-1704.77
282.20	-3328.39	0.00	-1662.19
282.30	-3985.89	0.00	-1613.91
282.40	-4631.70	0.00	-1559.98
282.50	-5262.30	0.00	-1500.49
282.60	-5874.14	0.00	-1435.51
282.70	-6463.68	0.00	-1365.17
282.80	-7027.43	0.00	-1289.59
282.90	-7561.94	0.00	-1208.92
283.00	-8063.86	0.00	-1123.35
283.10	-8530.00	0.00	-1033.07
283.20	-8957.28	0.00	-938.29
283.30	-9342.86	0.00	-839.26
283.40	-9684.09	0.00	-736.25
283.50	-9978.57	0.00	-629.56
283.60	-10224.20	0.00	-519.49
283.70	-10419.14	0.00	-406.38
283.80	-10561.90	0.00	-290.61
283.90	-10651.31	0.00	-172.55
284.00	-10686.57	0.00	-52.62
284.10	-10671.17	0.00	68.76
284.20	-10628.23	0.00	191.14
284.30	-10561.26	0.00	314.04
284.40	-10469.85	0.00	436.99
284.50	-10353.54	0.00	559.49
284.60	-10211.82	0.00	681.02
284.70	-10044.14	0.00	801.06
284.80	-9849.92	0.00	919.09
284.90	-9628.60	0.00	1034.56
285.00	-9379.61	0.00	1146.94
285.10	-9102.45	0.00	1255.69
285.20	-8796.68	0.00	1360.28
285.30	-8461.94	0.00	1460.18
285.40	-8098.00	0.00	1554.88
285.50	-7704.77	0.00	1643.87
285.60	-7282.31	0.00	1726.66
285.70	-6830.87	0.00	1802.80
285.80	-6350.93	0.00	1871.84
285.90	-5843.18	0.00	1933.35
286.00	-5308.56	0.00	1986.97
286.10	-4748.26	0.00	2032.34
286.20	-4163.76	0.00	2069.14
286.30	-3556.80	0.00	2097.09
286.40	-2929.40	0.00	2115.96
286.50	-2283.87	0.00	2125.57
286.60	-1622.78	0.00	2125.76
286.70	-948.98	0.00	2116.44
286.80	-265.55	0.00	2097.56
286.90	424.19	0.00	2069.12
287.00	1116.71	0.00	2031.18
287.10	1808.31	0.00	1983.85
287.20	2495.13	0.00	1927.29
287.30	3173.20	0.00	1861.71
287.40	3838.47	0.00	1787.37
287.50	4486.85	0.00	1704.60
287.60	5114.25	0.00	1613.75
287.70	5716.63	0.00	1515.24
287.80	6290.04	0.00	1409.53
287.90	6830.65	0.00	1297.13
288.00	7334.82	0.00	1178.58
288.10	7799.11	0.00	1054.47
288.20	8220.35	0.00	925.42
288.30	8595.65	0.00	792.08
288.40	8922.45	0.00	655.13
288.50	9198.55	0.00	515.28
288.60	9422.13	0.00	373.25
288.70	9591.76	0.00	229.78
288.80	9706.45	0.00	85.63
288.90	9765.64	0.00	-58.45
289.00	9769.20	0.00	-201.69
289.10	9717.43	0.00	-343.35
289.20	9617.94	0.00	-482.67
289.30	9489.08	0.00	-618.92
289.40	9332.08	0.00	-751.38
289.50	9147.28	0.00	-879.36
289.60	8935.00	0.00	-1002.17
289.70	8695.62	0.00	-1119.19
289.80	8429.54	0.00	-1229.81
289.90	8137.22	0.00	-1333.46
290.00	7819.20	0.00	-1429.62
290.10	7476.11	0.00	-1517.82
290.20	7108.66	0.00	-1597.62
290.30	6717.72	0.00	-1668.65
290.40	6304.26	0.00	-1730.58
290.50	5869.40	0.00	-1783.15
290.60	5414.43	0.00	-1826.15
290.70	4940.78	0.00	-1859.43
290.80	4450.07	0.00	-1882.89
290.90	3944.05	0.00	-1896.50
291.00	3424.67	0.00	-1900.29
291.10	2894.03	0.00	-1894.35
291.20	2354.38	0.00	-1878.81
291.30	1808.10	0.00	-1853.90
291.40	1257.72	0.00	-1819.85
291.50	705.86	0.00	-1776.98
291.60	155.24	0.00	-1725.65
291.70	-391.36	0.00	-1666.28
291.80	-931.12	0.00	-1599.31
291.90	-1461.19	0.00	-1525.24
292.00	-1978.75	0.00	-1444.61
292.10	-2481.01	0.00	-1357.98
292.20	-2965.23	0.00	-1265.94
292.30	-3428.81	0.00	-1169.13
292.40	-3869.22	0.00	-1068.18
292.50	-4284.12	0.00	-963.74
292.60	-4671.33	0.00	-856.50
292.70	-5028.85	0.00	-747.12
292.80	-5354.92	0.00	-636.29
292.90	-5648.01	0.00	-524.67
293.00	-5906.83	0.00	-412.95
293.10	-6130.35	0.00	-301.77
293.20	-6317.83	0.00	-191.77
293.30	-6468.78	0.00	-83.57
293.40	-6582.99	0.00	22.24
293.50	-6660.54	0.00	125.08
293.60	-6701.77	0.00	224.44
293.70	-6707.27	0.00	319.81
293.80	-6677.90	0.00	410.72
293.90	-6614.74	0.00	496.78
294.00	-6519.10	0.00	577.59
294.10	-6392.49	0.00	652.84
294.20	-6240.78	0.00	722.23
294.30	-6071.92	0.00	785.54
294.40	-5887.05	0.00	842.58
294.50	-5687.23	0.00	893.21
294.60	-5473.53	0.00	937.34
294.70	-5247.03	0.00	974.93
294.80	-5008.84	0.00	1006.00
294.90	-4760.04	0.00	1030.59
295.00	-4501.76	0.00	1048.80
295.10	-4235.10	0.00	1060.77
295.20	-3961.19	0.00	1066.69
295.30	-3681.15	0.00	1066.78
295.40	-3396.11	0.00	1061.29
295.50	-3107.20	0.00	1050.50
295.60	-2815.51	0.00	1034.74
295.70	-2522.16	0.00	1014.34
295.80	-2228.24	0.00	989.67
295.90	-1934.80	0.00	961.10
296.00	-1642.88	0.00	929.04
296.10	-1353.50	0.00	893.88
296.20	-1067.61	0.00	856.04
296.30	-786.15	0.00	815.93
296.40	-509.98	0.00	773.96
296.50	-239.95	0.00	730.55
296.60	23.19	0.00	686.08
296.70	278.71	0.00	640.95
296.80	525.98	0.00	595.52
296.90	764.41	0.00	550.15
297.00	993.48	0.00	505.17
297.10	1212.74	0.00	460.88
297.20	1421.81	0.00	417.58
297.30	1620.37	0.00	375.51
297.40	1808.16	0.00	334.90
297.50	1985.01	0.00	295.94
297.60	2150.78	0.00	258.80
297.70	2305.40	0.00	223.60
297.80	2448.84	0.00	190.46
297.90	2581.14	0.00	159.43
298.00	2702.36	0.00	130.55
298.10	2812.61	0.00	103.83
298.20	2912.03	0.00	79.25
298.30	3000.78	0.00	56.76
298.40	3079.06	0.00	36.27
298.50	3147.07	0.00	17.69
298.60	3205.03	0.00	0.89
298.70	3253.15	0.00	-14.26
298.80	3291.67	0.00	-27.93
298.90	3320.81	0.00	-40.28
299.00	3340.78	0.00	-51.51
299.10	3351.79	0.00	-61.79
299.20	3354.05	0.00	-71.34
299.30	3347.73	0.00	-80.34
299.40	3333.02	0.00	-88.99
299.50	3310.05	0.00	-97.49
299.60	3278.99	0.00	-106.03
299.70	3240.90	0.00	-114.77
299.80	3197.73	0.00	-123.88
299.90	3149.52	0.00	-133.52
300.00	3096.21	0.00	-143.82
300.10	3037.73	0.00	-154.89
300.20	2973.98	0.00	-166.83
300.30	2904.85	0.00	-179.71
300.40	2830.20	0.00	-193.58
300.50	2749.91	0.00	-208.47
300.60	2663.82	0.00	-224.38
300.70	2571.81	0.00	-241.29
300.80	2473.73	0.00	-259.16
300.90	2369.49	0.00	-277.91
301.00	2258.97	0.00	-297.46
301.10	2142.10	0.00	-317.69
301.20	2018.85	0.00	-338.46
301.30	1889.18	0.00	-359.63
301.40	1753.14	0.00	-381.02
301.50	1610.78	0.00	-402.44
301.60	1462.24	0.00	-423.70
301.70	1307.67	0.00	-444.59
301.80	1147.30	0.00	-464.88
301.90	981.41	0.00	-484.36
302.00	810.33	0.00	-502.80
302.10	634.47	0.00	-519.96
302.20	454.28	0.00	-535.63
302.30	270.28	0.00	-549.58
302.40	83.05	0.00	-561.61
302.50	-106.77	0.00	-571.50
302.60	-298.48	0.00	-579.07
302.70	-491.34	0.00	-584.15
302.80	-684.54	0.00	-586.57
302.90	-877.26	0.00	-586.20
303.00	-1068.59	0.00	-582.93
303.10	-1257.63	0.00	-576.65
303.20	-1443.44	0.00	-567.29
303.30	-1625.04	0.00	-554.82
303.40	-1801.48	0.00	-539.20
303.50	-1971.76	0.00	-520.44
303.60	-2134.93	0.00	-498.58
303.70	-2290.00	0.00	-473.67
303.80	-2436.06	0.00	-445.80
303.90	-2572.19	0.00	-415.07
304.00	-2697.54	0.00	-381.62
304.10	-2811.27	0.00	-345.61
304.20	-2912.64	0.00	-307.21
304.30	-3000.94	0.00	-266.64
304.40	-3075.56	0.00	-224.10
304.50	-3135.96	0.00	-179.85
304.60	-3181.66	0.00	-134.12
304.70	-3212.32	0.00	-87.19
304.80	-3227.65	0.00	-39.34
304.90	-3227.47	0.00	9.14
305.00	-3212.00	0.00	57.97
305.10	-3183.34	0.00	106.84
305.20	-3141.98	0.00	155.45
305.30	-3087.99	0.00	203.51
305.40	-3021.53	0.00	250.71
305.50	-2942.79	0.00	296.77
305.60	-2852.04	0.00	341.41
305.70	-2749.58	0.00	384.34
305.80	-2635.77	0.00	425.31
305.90	-2511.06	0.00	464.07
306.00	-2375.90	0.00	500.39
306.10	-2230.84	0.00	534.04
306.20	-2076.45	0.00	564.84
306.30	-1913.39	0.00	592.60
306.40	-1742.34	0.00	617.18
306.50	-1564.03	0.00	638.42
306.60	-1379.25	0.00	656.23
306.70	-1188.84	0.00	670.51
306.80	-993.64	0.00	681.19
306.90	-794.58	0.00	688.24
307.00	-592.57	0.00	691.64
307.10	-388.59	0.00	691.38
307.20	-183.60	0.00	687.51
307.30	21.39	0.00	680.06
307.40	225.37	0.00	669.12
307.50	427.34	0.00	654.77
307.60	626.29	0.00	637.13
307.70	821.23	0.00	616.33
307.80	1011.17	0.00	592.53
307.90	1195.16	0.00	565.88
308.00	1372.26	0.00	536.58
308.10	1541.60	0.00	504.82
308.20	1702.33	0.00	470.81
308.30	1853.64	0.00	434.77
308.40	1994.80	0.00	396.92
308.50	2125.13	0.00	357.50
308.60	2244.02	0.00	316.76
308.70	2350.91	0.00	274.94
308.80	2445.34	0.00	232.28
308.90	2526.92	0.00	189.05
309.00	2595.34	0.00	145.48
309.10	2650.35	0.00	101.82
309.20	2691.83	0.00	58.32
309.30	2719.70	0.00	15.20
309.40	2733.97	0.00	-27.29
309.50	2734.76	0.00	-68.93
309.60	2722.23	0.00	-109.52
309.70	2696.88	0.00	-148.84
309.80	2660.52	0.00	-186.72
309.90	2613.71	0.00	-222.97
310.00	2556.79	0.00	-257.42
310.10	2490.16	0.00	-289.92
310.20	2414.22	0.00	-320.35
310.30	2329.40	0.00	-348.57
310.40	2236.17	0.00	-374.49
310.50	2135.03	0.00	-398.01
310.60	2026.49	0.00	-419.07
310.70	1911.08	0.00	-437.61
310.80	1789.36	0.00	-453.59
310.90	1661.90	0.00	-467.00
311.00	1529.29	0.00	-477.83
311.10	1392.14	0.00	-486.09
311.20	1251.04	0.00	-491.81
311.30	1106.62	0.00	-495.04
311.40	959.49	0.00	-495.83
311.50	810.28	0.00	-494.26
311.60	659.60	0.00	-490.41
311.70	508.08	0.00	-484.39
311.80	356.32	0.00	-476.30
311.90	204.91	0.00	-466.27
312.00	54.45	0.00	-454.42
312.10	-94.50	0.00	-440.90
312.20	-241.40	0.00	-425.85
312.30	-385.71	0.00	-409.43
312.40	-526.93	0.00	-391.80
312.50	-664.59	0.00	-373.10
312.60	-798.24	0.00	-353.51
312.70	-927.46	0.00	-333.19
312.80	-1051.88	0.00	-312.31
312.90	-1171.13	0.00	-291.01
313.00	-1284.91	0.00	-269.47
313.10	-1392.93	0.00	-247.82
313.20	-1494.95	0.00	-226.22
313.30	-1590.76	0.00	-204.81
313.40	-1680.19	0.00	-183.71
313.50	-1763.10	0.00	-163.06
313.60	-1839.38	0.00	-142.95
313.70	-1908.95	0.00	-123.48
313.80	-1971.78	0.00	-104.76
313.90	-2027.85	0.00	-86.84
314.00	-2077.18	0.00	-69.79
314.10	-2119.79	0.00	-53.65
314.20	-2155.76	0.00	-38.47
314.30	-2185.15	0.00	-24.25
314.40	-2208.05	0.00	-11.01
314.50	-2224.59	0.00	1.28
314.60	-2234.97	0.00	12.62
314.70	-2240.35	0.00	23.07
314.80	-2241.09	0.00	32.68
314.90	-2237.31	0.00	41.50
315.00	-2229.13	0.00	49.61
315.10	-2216.65	0.00	57.10
315.20	-2199.93	0.00	64.06
315.30	-2179.04	0.00	70.60
315.40	-2154.02	0.00	76.82
315.50	-2124.89	0.00	82.85
315.60	-2091.64	0.00	88.80
315.70	-2054.26	0.00	94.79
315.80	-2012.70	0.00	100.95
315.90	-1966.90	0.00	107.39
316.00	-1916.77	0.00	114.24
316.10	-1862.21	0.00	121.60
316.20	-1803.10	0.00	129.59
316.30	-1739.30	0.00	138.31
316.40	-1670.68	0.00	147.83
316.50	-1597.07	0.00	158.24
316.60	-1518.31	0.00	169.61
316.70	-1434.23	0.00	181.99
316.80	-1344.67	0.00	195.40
316.90	-1249.46	0.00	209.87
317.00	-1148.45	0.00	225.40
317.10	-1041.49	0.00	241.97
317.20	-928.46	0.00	259.55
317.30	-809.26	0.00	278.07
317.40	-683.81	0.00	297.47
317.50	-552.08	0.00	317.65
317.60	-414.04	0.00	338.50
317.70	-269.74	0.00	359.87
317.80	-119.26	0.00	381.63
317.90	37.27	0.00	403.61
318.00	199.66	0.00	425.62
318.10	367.67	0.00	447.46
318.20	540.98	0.00	468.92
318.30	719.22	0.00	489.78
318.40	901.94	0.00	509.82
318.50	1088.64	0.00	528.79
318.60	1278.73	0.00	546.44
318.70	1471.54	0.00	562.54
318.80	1666.35	0.00	576.83
318.90	1862.37	0.00	589.08
319.00	2058.72	0.00	599.04
319.10	2254.47	0.00	606.48
319.20	2448.62	0.00	611.18
319.30	2640.12	0.00	612.93
319.40	2827.88	0.00	611.54
319.50	3010.73	0.00	606.82
319.60	3187.50	0.00	598.63
319.70	3356.98	0.00	586.81
319.80	3517.93	0.00	571.27
319.90	3669.12	0.00	551.91
320.00	3809.29	0.00	528.67
320.10	3937.24	0.00	501.52
320.20	4052.07	0.00	470.46
320.30	4155.97	0.00	435.50
320.40	4249.01	0.00	396.72
320.50	4330.41	0.00	354.19
320.60	4399.40	0.00	308.05
320.70	4455.21	0.00	258.43
320.80	4497.11	0.00	205.52
320.90	4524.36	0.00	149.52
321.00	4536.29	0.00	90.69
321.10	4532.21	0.00	29.29
321.20	4511.50	0.00	-34.40
321.30	4473.56	0.00	-100.05
321.40	4417.84	0.00	-167.33
321.50	4343.86	0.00	-235.87
321.60	4251.17	0.00	-305.31
321.70	4139.40	0.00	-375.25
321.80	4008.26	0.00	-445.29
321.90	3857.52	0.00	-515.01
322.00	3687.06	0.00	-584.00
322.10	3496.84	0.00	-651.84
322.20	3286.92	0.00	-718.09
322.30	3057.49	0.00	-782.35
322.40	2808.82	0.00	-844.20
322.50	2541.35	0.00	-903.22
322.60	2255.61	0.00	-959.03
322.70	1952.28	0.00	-1011.25
322.80	1632.18	0.00	-1059.50
322.90	1296.26	0.00	-1103.45
323.00	945.64	0.00	-1142.78
323.10	581.55	0.00	-1177.19
323.20	205.39	0.00	-1206.40
323.30	-181.31	0.00	-1230.18
323.40	-576.90	0.00	-1248.31
323.50	-979.56	0.00	-1260.61
323.60	-1387.39	0.00	-1266.94
323.70	-1798.34	0.00	-1267.18
323.80	-2210.29	0.00	-1261.26
323.90	-2621.00	0.00	-1249.12
324.00	-3028.18	0.00	-1230.77
324.10	-3429.46	0.00	-1206.23
324.20	-3822.44	0.00	-1175.56
324.30	-4204.71	0.00	-1138.87
324.40	-4573.84	0.00	-1096.29
324.50	-4927.41	0.00	-1047.98
324.60	-5263.05	0.00	-994.15
324.70	-5578.46	0.00	-935.02
324.80	-5871.41	0.00	-870.85
324.90	-6139.77	0.00	-801.94
325.00	-6381.54	0.00	-728.60
325.10	-6594.86	0.00	-651.16
325.20	-6778.03	0.00	-569.99
325.30	-6929.54	0.00	-485.47
325.40	-7048.07	0.00	-397.99
325.50	-7135.95	0.00	-307.97
325.60	-7202.23	0.00	-215.84
325.70	-7247.12	0.00	-122.03
325.80	-7270.25	0.00	-26.98
325.90	-7271.26	0.00	68.85
326.00	-7249.82	0.00	165.01
326.10	-7205.60	0.00	261.06
326.20	-7138.31	0.00	356.54
326.30	-7047.68	0.00	451.00
326.40	-6933.45	0.00	544.01
326.50	-6795.43	0.00	635.14
326.60	-6633.45	0.00	723.97
326.70	-6447.40	0.00	810.10
326.80	-6237.25	0.00	893.13
326.90	-6003.02	0.00	972.70
327.00	-5744.82	0.00	1048.45
327.10	-5462.87	0.00	1120.04
327.20	-5157.47	0.00	1187.17
327.30	-4829.04	0.00	1249.54
327.40	-4478.14	0.00	1306.89
327.50	-4105.46	0.00	1358.97
327.60	-3711.80	0.00	1405.57
327.70	-3298.14	0.00	1446.49
327.80	-2865.61	0.00	1481.56
327.90	-2415.47	0.00	1510.66
328.00	-1949.17	0.00	1533.66
328.10	-1468.30	0.00	1550.48
328.20	-974.61	0.00	1561.06
328.30	-470.00	0.00	1565.35
328.40	43.48	0.00	1563.36
328.50	563.64	0.00	1555.10
328.60	1088.17	0.00	1540.60
328.70	1614.62	0.00	1519.94
328.80	2140.48	0.00	1493.20
328.90	2663.10	0.00	1460.50
329.00	3179.82	0.00	1421.95
329.10	3687.87	0.00	1377.72
329.20	4184.49	0.00	1327.99
329.30	4666.91	0.00	1272.93
329.40	5132.35	0.00	1212.77
329.50	5578.08	0.00	1147.73
329.60	6001.45	0.00	1078.06
329.70	6399.85	0.00	1004.02
329.80	6770.81	0.00	925.89
329.90	7111.99	0.00	843.95
330.00	7421.18	0.00	758.51
330.10	7696.34	0.00	669.88
330.20	7935.66	0.00	578.39
330.30	8137.48	0.00	484.38
330.40	8300.42	0.00	388.19
330.50	8423.31	0.00	290.18
330.60	8505.22	0.00	190.72
330.70	8545.79	0.00	90.17
330.80	8557.33	0.00	-11.09
330.90	8546.65	0.00	-112.68
331.00	8513.61	0.00	-214.22
331.10	8458.01	0.00	-315.30
331.20	8379.68	0.00	-415.56
331.30	8278.39	0.00	-514.58
331.40	8153.93	0.00	-611.98
331.50	8006.09	0.00	-707.37
331.60	7834.67	0.00	-800.37
331.70	7639.50	0.00	-890.59
331.80	7420.43	0.00	-977.65
331.90	7177.40	0.00	-1061.19
332.00	6910.38	0.00	-1140.84
332.10	6619.43	0.00	-1216.26
332.20	6304.72	0.00	-1287.10
332.30	5966.52	0.00	-1353.04
332.40	5605.22	0.00	-1413.78
332.50	5221.35	0.00	-1469.02
332.60	4815.60	0.00	-1518.48
332.70	4388.80	0.00	-1561.92
332.80	3941.96	0.00	-1599.11
332.90	3476.26	0.00	-1629.84
333.00	2993.06	0.00	-1653.94
333.10	2493.90	0.00	-1671.25
333.20	1980.51	0.00	-1681.65
333.30	1454.78	0.00	-1685.05
333.40	918.79	0.00	-1681.39
333.50	374.77	0.00	-1670.64
333.60	-174.88	0.00	-1652.81
333.70	-727.65	0.00	-1627.94
333.80	-1280.88	0.00	-1596.10
333.90	-1831.82	0.00	-1557.41
334.00	-2377.62	0.00	-1512.01
334.10	-2915.39	0.00	-1460.09
334.20	-3442.20	0.00	-1401.85
334.30	-3955.09	0.00	-1337.56
334.40	-4451.13	0.00	-1267.49
334.50	-4927.45	0.00	-1191.97
334.60	-5381.22	0.00	-1111.34
334.70	-5809.74	0.00	-1025.98
334.80	-6210.41	0.00	-936.29
334.90	-6580.81	0.00	-842.70
335.00	-6918.66	0.00	-745.66
335.10	-7221.93	0.00	-645.65
335.20	-7488.78	0.00	-543.16
335.30	-7717.61	0.00	-438.69
335.40	-7907.11	0.00	-332.76
335.50	-8056.22	0.00	-225.90
335.60	-8164.15	0.00	-118.63
335.70	-8230.43	0.00	-11.48
335.80	-8254.88	0.00	95.00
335.90	-8237.61	0.00	200.31
336.00	-8181.10	0.00	303.91
336.10	-8099.60	0.00	405.32
336.20	-7995.94	0.00	504.02
336.30	-7870.44	0.00	599.57
336.40	-7723.42	0.00	691.50
336.50	-7555.22	0.00	779.38
336.60	-7366.20	0.00	862.83
336.70	-7156.77	0.00	941.47
336.80	-6927.35	0.00	1014.95
336.90	-6678.43	0.00	1082.99
337.00	-6410.55	0.00	1145.30
337.10	-6124.29	0.00	1201.66
337.20	-5820.33	0.00	1251.88
337.30	-5499.40	0.00	1295.78
337.40	-5162.34	0.00	1333.27
337.50	-4810.05	0.00	1364.25
337.60	-4443.52	0.00	1388.70
337.70	-4063.85	0.00	1406.62
337.80	-3672.22	0.00	1418.03
337.90	-3269.90	0.00	1423.02
338.00	-2858.25	0.00	1421.70
338.10	-2438.72	0.00	1414.21
338.20	-2012.83	0.00	1400.74
338.30	-1582.18	0.00	1381.48
338.40	-1148.43	0.00	1356.67
338.50	-713.28	0.00	1326.58
338.60	-278.51	0.00	1291.48
338.70	154.11	0.00	1251.68
338.80	582.77	0.00	1207.51
338.90	1005.65	0.00	1159.28
339.00	1420.94	0.00	1107.36
339.10	1826.87	0.00	1052.10
339.20	2221.67	0.00	993.86
339.30	2603.66	0.00	932.99
339.40	2971.19	0.00	869.88
339.50	3322.69	0.00	804.88
339.60	3656.68	0.00	738.34
339.70	3971.79	0.00	670.62
339.80	4266.73	0.00	602.05
339.90	4540.34	0.00	532.98
340.00	4791.59	0.00	463.71
340.10	5019.57	0.00	394.54
340.20	5223.51	0.00	325.76
340.30	5402.77	0.00	257.64
340.40	5556.87	0.00	190.43
340.50	5685.44	0.00	124.37
340.60	5788.30	0.00	59.66
340.70	5865.36	0.00	-3.51
340.80	5916.69	0.00	-64.95
340.90	5942.51	0.00	-124.52
341.00	5943.15	0.00	-182.07
341.10	5919.06	0.00	-237.49
341.20	5870.82	0.00	-290.69
341.30	5799.11	0.00	-341.56
341.40	5708.37	0.00	-390.05
341.50	5604.53	0.00	-436.10
341.60	5488.05	0.00	-479.67
341.70	5359.32	0.00	-520.74
341.80	5218.76	0.00	-559.28
341.90	5066.74	0.00	-595.28
342.00	4903.66	0.00	-628.76
342.10	4729.89	0.00	-659.70
342.20	4545.81	0.00	-688.13
342.30	4351.82	0.00	-714.07
342.40	4148.32	0.00	-737.53
342.50	3935.70	0.00	-758.54
342.60	3714.41	0.00	-777.13
342.70	3484.88	0.00	-793.32
342.80	3247.59	0.00	-807.13
342.90	3003.03	0.00	-818.60
343.00	2751.73	0.00	-827.75
343.10	2494.24	0.00	-834.60
343.20	2231.16	0.00	-839.18
343.30	1963.10	0.00	-841.51
343.40	1690.73	0.00	-841.61
343.50	1414.74	0.00	-839.50
343.60	1135.87	0.00	-835.19
343.70	854.89	0.00	-828.71
343.80	572.61	0.00	-820.08
343.90	289.85	0.00	-809.30
344.00	7.49	0.00	-796.41
344.10	-273.57	0.00	-781.42
344.20	-552.42	0.00	-764.35
344.30	-828.11	0.00	-745.23
344.40	-1099.67	0.00	-724.09
344.50	-1366.15	0.00	-700.96
344.60	-1626.57	0.00	-675.89
344.70	-1879.94	0.00	-648.91
344.80	-2125.29	0.00	-620.07
344.90	-2361.67	0.00	-589.44
345.00	-2588.12	0.00	-557.07
345.10	-2803.73	0.00	-523.03
345.20	-3007.61	0.00	-487.41
345.30	-3198.90	0.00	-450.29
345.40	-3376.80	0.00	-411.75
345.50	-3540.55	0.00	-371.91
345.60	-3689.45	0.00	-330.88
345.70	-3822.85	0.00	-288.75
345.80	-3940.18	0.00	-245.68
345.90	-4040.93	0.00	-201.77
346.00	-4124.69	0.00	-157.17
346.10	-4191.10	0.00	-112.03
346.20	-4239.91	0.00	-66.49
346.30	-4270.92	0.00	-20.71
346.40	-4284.07	0.00	25.15
346.50	-4279.33	0.00	70.95
346.60	-4256.80	0.00	116.50
346.70	-4216.71	0.00	161.64
346.80	-4162.20	0.00	206.22
346.90	-4095.35	0.00	250.06
347.00	-4016.31	0.00	292.99
347.10	-3925.28	0.00	334.86
347.20	-3822.49	0.00	375.50
347.30	-3708.16	0.00	414.76
347.40	-3582.59	0.00	452.48
347.50	-3446.06	0.00	488.51
347.60	-3298.91	0.00	522.71
347.70	-3141.51	0.00	554.96
347.80	-2974.27	0.00	585.11
347.90	-2797.62	0.00	613.05
348.00	-2612.05	0.00	638.67
348.10	-2418.07	0.00	661.87
348.20	-2216.25	0.00	682.54
348.30	-2007.18	0.00	700.62
348.40	-1791.52	0.00	716.03
348.50	-1569.93	0.00	728.70
348.60	-1343.16	0.00	738.58
348.70	-1111.96	0.00	745.64
348.80	-877.14	0.00	749.85
348.90	-639.53	0.00	751.18
349.00	-400.01	0.00	749.63
349.10	-159.49	0.00	745.20
349.20	81.12	0.00	737.92
349.30	320.85	0.00	727.80
349.40	558.74	0.00	714.88
349.50	793.80	0.00	699.22
349.60	1025.05	0.00	680.87
349.70	1251.48	0.00	659.90
349.80	1472.11	0.00	636.40
349.90	1685.95	0.00	610.44
350.00	1892.04	0.00	582.12
350.10	2089.43	0.00	551.57
350.20	2277.20	0.00	518.88
350.30	2454.48	0.00	484.19
350.40	2620.42	0.00	447.62
350.50	2774.24	0.00	409.33
350.60	2915.18	0.00	369.45
350.70	3042.57	0.00	328.14
350.80	3155.79	0.00	285.55
350.90	3254.29	0.00	241.86
351.00	3337.59	0.00	197.24
351.10	3405.30	0.00	151.85
351.20	3457.10	0.00	105.88
351.30	3492.75	0.00	59.52
351.40	3512.11	0.00	12.93
351.50	3515.10	0.00	-33.67
351.60	3501.76	0.00	-80.12
351.70	3473.33	0.00	-126.21
351.80	3432.09	0.00	-171.76
351.90	3378.23	0.00	-216.58
352.00	3311.92	0.00	-260.48
352.10	3233.37	0.00	-303.28
352.20	3142.83	0.00	-344.79
352.30	3040.58	0.00	-384.83
352.40	2926.94	0.00	-423.24
352.50	2802.26	0.00	-459.84
352.60	2666.95	0.00	-494.47
352.70	2521.45	0.00	-526.97
352.80	2366.22	0.00	-557.20
352.90	2201.81	0.00	-585.02
353.00	2028.76	0.00	-610.30
353.10	1847.70	0.00	-632.91
353.20	1659.28	0.00	-652.76
353.30	1464.19	0.00	-669.75
353.40	1263.17	0.00	-683.78
353.50	1057.00	0.00	-694.80
353.60	846.50	0.00	-702.75
353.70	632.52	0.00	-707.57
353.80	415.94	0.00	-709.25
353.90	197.70	0.00	-707.77
354.00	-21.28	0.00	-703.14
354.10	-240.02	0.00	-695.36
354.20	-457.55	0.00	-684.48
354.30	-672.87	0.00	-670.55
354.40	-884.99	0.00	-653.62
354.50	-1092.90	0.00	-633.79
354.60	-1295.62	0.00	-611.14
354.70	-1492.17	0.00	-585.79
354.80	-1681.60	0.00	-557.86
354.90	-1862.97	0.00	-527.49
355.00	-2035.38	0.00	-494.83
355.10	-2197.99	0.00	-460.06
355.20	-2349.99	0.00	-423.34
355.30	-2490.61	0.00	-384.87
355.40	-2619.18	0.00	-344.83
355.50	-2735.04	0.00	-303.44
355.60	-2837.66	0.00	-260.91
355.70	-2926.54	0.00	-217.45
355.80	-3001.27	0.00	-173.30
355.90	-3061.53	0.00	-128.67
356.00	-3107.08	0.00	-83.79
356.10	-3137.76	0.00	-38.90
356.20	-3153.51	0.00	5.79
356.30	-3154.34	0.00	50.04
356.40	-3141.50	0.00	93.64
356.50	-3116.70	0.00	136.38
356.60	-3080.15	0.00	178.03
356.70	-3032.07	0.00	218.41
356.80	-2972.71	0.00	257.33
356.90	-2902.39	0.00	294.61
357.00	-2821.44	0.00	330.07
357.10	-2730.21	0.00	363.58
357.20	-2629.12	0.00	394.98
357.30	-2518.59	0.00	424.15
357.40	-2399.08	0.00	450.99
357.50	-2271.09	0.00	475.40
357.60	-2135.13	0.00	497.30
357.70	-1991.76	0.00	516.64
357.80	-1841.55	0.00	533.38
357.90	-1685.08	0.00	547.48
358.00	-1522.99	0.00	558.95
358.10	-1355.90	0.00	567.78
358.20	-1184.46	0.00	574.01
358.30	-1009.35	0.00	577.68
358.40	-831.24	0.00	578.83
358.50	-650.83	0.00	577.54
358.60	-468.80	0.00	573.89
358.70	-285.85	0.00	567.97
358.80	-102.68	0.00	559.90
358.90	80.02	0.00	549.78
359.00	261.56	0.00	537.73
359.10	441.27	0.00	523.89
359.20	618.48	0.00	508.39
359.30	792.54	0.00	491.37
359.40	962.83	0.00	472.97
359.50	1128.73	0.00	453.33
359.60	1289.67	0.00	432.60
359.70	1445.07	0.00	410.91
359.80	1594.42	0.00	388.41
359.90	1737.21	0.00	365.22
360.00	1872.97	0.00	341.47
360.10	2001.26	0.00	317.28
360.20	2121.69	0.00	292.77
360.30	2233.89	0.00	268.04
360.40	2337.52	0.00	243.19
360.50	2432.28	0.00	218.30
360.60	2517.92	0.00	193.44
360.70	2594.20	0.00	168.69
360.80	2660.94	0.00	144.09
360.90	2717.96	0.00	119.69
361.00	2765.16	0.00	95.53
361.10	2802.42	0.00	71.62
361.20	2829.69	0.00	47.99
361.30	2846.94	0.00	24.64
361.40	2854.19	0.00	1.57
361.50	2852.91	0.00	-21.23
361.60	2843.88	0.00	-43.77
361.70	2827.14	0.00	-66.08
361.80	2802.72	0.00	-88.18
361.90	2770.66	0.00	-110.09
362.00	2730.99	0.00	-131.85
362.10	2683.73	0.00	-153.46
362.20	2628.91	0.00	-174.97
362.30	2566.55	0.00	-196.39
362.40	2496.68	0.00	-217.74
362.50	2419.33	0.00	-239.03
362.60	2334.54	0.00	-260.26
362.70	2242.34	0.00	-281.43
362.80	2142.79	0.00	-302.54
362.90	2035.96	0.00	-323.55
363.00	1921.93	0.00	-344.44
363.10	1800.80	0.00	-365.15
363.20	1672.69	0.00	-385.64
363.30	1537.76	0.00	-405.84
363.40	1396.18	0.00	-425.66
363.50	1248.16	0.00	-445.02
363.60	1093.96	0.00	-463.80
363.70	933.87	0.00	-481.91
363.80	768.20	0.00	-499.20
363.90	597.34	0.00	-515.55
364.00	421.72	0.00	-530.81
364.10	241.79	0.00	-544.83
364.20	58.08	0.00	-557.46
364.30	-128.84	0.00	-568.52
364.40	-318.35	0.00	-577.87
364.50	-509.77	0.00	-585.34
364.60	-702.37	0.00	-590.76
364.70	-895.39	0.00	-593.97
364.80	-1088.01	0.00	-594.82
364.90	-1279.36	0.00	-593.16
365.00	-1468.55	0.00	-588.85
365.10	-1654.63	0.00	-581.78
365.20	-1836.64	0.00	-571.82
365.30	-2013.59	0.00	-558.88
365.40	-2184.48	0.00	-542.89
365.50	-2348.30	0.00	-523.78
365.60	-2504.02	0.00	-501.51
365.70	-2650.65	0.00	-476.08
365.80	-2787.19	0.00	-447.49
365.90	-2912.67	0.00	-415.78
366.00	-3026.16	0.00	-381.00
366.10	-3126.78	0.00	-343.25
366.20	-3213.70	0.00	-302.64
366.30	-3286.13	0.00	-259.32
366.40	-3343.39	0.00	-213.44
366.50	-3384.86	0.00	-165.21
366.60	-3410.00	0.00	-114.85
366.70	-3419.26	0.00	-62.61
366.80	-3414.50	0.00	-8.76
366.90	-3395.58	0.00	46.42
367.00	-3362.29	0.00	102.61
367.10	-3314.48	0.00	159.47
367.20	-3252.06	0.00	216.67
367.30	-3175.02	0.00	273.84
367.40	-3083.39	0.00	330.60
367.50	-2977.31	0.00	386.59
367.60	-2856.97	0.00	441.42
367.70	-2722.65	0.00	494.70
367.80	-2574.71	0.00	546.06
367.90	-2413.61	0.00	595.10
368.00	-2239.88	0.00	641.47
368.10	-2054.16	0.00	684.80
368.20	-1857.15	0.00	724.75
368.30	-1649.68	0.00	761.00
368.40	-1432.64	0.00	793.23
368.50	-1207.02	0.00	821.18
368.60	-973.90	0.00	844.57
368.70	-734.42	0.00	863.19
368.80	-489.84	0.00	876.85
368.90	-241.44	0.00	885.38
369.00	9.41	0.00	888.66
369.10	261.27	0.00	886.59
369.20	512.69	0.00	879.13
369.30	762.17	0.00	866.28
369.40	1008.16	0.00	848.04
369.50	1249.13	0.00	824.50
369.60	1483.55	0.00	795.76
369.70	1709.87	0.00	761.96
369.80	1926.62	0.00	723.29
369.90	2132.32	0.00	679.97
370.00	2325.57	0.00	632.25
370.10	2505.05	0.00	580.43
370.20	2669.49	0.00	524.83
370.30	2817.74	0.00	465.79
370.40	2948.76	0.00	403.70
370.50	3061.60	0.00	338.95
370.60	3155.47	0.00	271.97
370.70	3229.70	0.00	203.19
370.80	3283.76	0.00	133.08
370.90	3317.29	0.00	62.08
371.00	3330.05	0.00	-9.32
371.10	3321.99	0.00	-80.66
371.20	3293.20	0.00	-151.46
371.30	3244.73	0.00	-221.24
371.40	3178.90	0.00	-289.56
371.50	3096.18	0.00	-355.96
371.60	2997.02	0.00	-419.99
371.70	2881.94	0.00	-481.25
371.80	2751.56	0.00	-539.33
371.90	2606.56	0.00	-593.85
372.00	2447.73	0.00	-644.48
372.10	2275.94	0.00	-690.88
372.20	2092.11	0.00	-732.77
372.30	1897.25	0.00	-769.89
372.40	1692.47	0.00	-802.02
372.50	1478.91	0.00	-828.97
372.60	1257.79	0.00	-850.59
372.70	1030.39	0.00	-866.77
372.80	798.04	0.00	-877.44
372.90	562.11	0.00	-882.56
373.00	324.01	0.00	-882.12
373.10	85.18	0.00	-876.18
373.20	-152.92	0.00	-864.80
373.30	-388.83	0.00	-848.10
373.40	-621.06	0.00	-826.22
373.50	-848.17	0.00	-799.35
373.60	-1068.73	0.00	-767.69
373.70	-1281.32	0.00	-731.49
373.80	-1484.60	0.00	-691.01
373.90	-1677.26	0.00	-646.56
374.00	-1858.07	0.00	-598.43
374.10	-2025.87	0.00	-546.98
374.20	-2179.58	0.00	-492.55
374.30	-2318.23	0.00	-435.52
374.40	-2440.96	0.00	-376.26
374.50	-2547.00	0.00	-315.17
374.60	-2635.71	0.00	-252.64
374.70	-2706.57	0.00	-189.07
374.80	-2759.20	0.00	-124.87
374.90	-2793.33	0.00	-60.43
375.00	-2808.84	0.00	3.84
375.10	-2805.74	0.00	67.55
375.20	-2785.45	0.00	130.34
375.30	-2749.03	0.00	191.82
375.40	-2696.76	0.00	251.64
375.50	-2629.00	0.00	309.46
375.60	-2546.18	0.00	364.96
375.70	-2448.78	0.00	417.83
375.80	-2337.38	0.00	467.80
375.90	-2212.61	0.00	514.59
376.00	-2075.14	0.00	557.98
376.10	-1925.74	0.00	597.74
376.20	-1765.22	0.00	633.70
376.30	-1594.44	0.00	665.68
376.40	-1414.34	0.00	693.56
376.50	-1225.88	0.00	717.21
376.60	-1030.09	0.00	736.56
376.70	-828.03	0.00	751.55
376.80	-620.80	0.00	762.16
376.90	-409.54	0.00	768.36
377.00	-195.41	0.00	770.19
377.10	20.39	0.00	767.69
377.20	236.67	0.00	760.93
377.30	452.21	0.00	750.00
377.40	665.80	0.00	735.02
377.50	876.23	0.00	716.12
377.60	1082.29	0.00	693.46
377.70	1282.81	0.00	667.21
377.80	1476.64	0.00	637.57
377.90	1662.66	0.00	604.74
378.00	1839.80	0.00	568.94
378.10	2007.03	0.00	530.41
378.20	2163.41	0.00	489.39
378.30	2308.03	0.00	446.14
378.40	2440.06	0.00	400.92
378.50	2558.75	0.00	354.00
378.60	2663.45	0.00	305.65
378.70	2753.56	0.00	256.16
378.80	2828.62	0.00	205.80
378.90	2888.23	0.00	154.84
379.00	2932.09	0.00	103.58
379.10	2961.26	0.00	52.27
379.20	2976.81	0.00	1.20
379.30	2978.76	0.00	-49.39
379.40	2967.18	0.00	-99.22
379.50	2942.19	0.00	-148.05
379.60	2903.97	0.00	-195.65
379.70	2852.73	0.00	-241.79
379.80	2788.73	0.00	-286.25
379.90	2712.29	0.00	-328.83
380.00	2623.75	0.00	-369.35
380.10	2523.51	0.00	-407.62
380.20	2412.00	0.00	-443.51
380.30	2289.71	0.00	-476.86
380.40	2157.15	0.00	-507.55
380.50	2014.87	0.00	-535.47
380.60	1863.48	0.00	-560.53
380.70	1703.60	0.00	-582.66
380.80	1535.89	0.00	-601.81
380.90	1361.06	0.00	-617.94
381.00	1179.82	0.00	-631.02
381.10	992.94	0.00	-641.06
381.20	801.18	0.00	-648.06
381.30	605.37	0.00	-652.07
381.40	406.31	0.00	-653.11
381.50	204.84	0.00	-651.26
381.60	1.82	0.00	-646.60
381.70	-201.90	0.00	-639.19
381.80	-405.45	0.00	-629.16
381.90	-607.98	0.00	-616.61
382.00	-808.62	0.00	-601.66
382.10	-1006.53	0.00	-584.45
382.20	-1200.87	0.00	-565.11
382.30	-1390.82	0.00	-543.80
382.40	-1575.58	0.00	-520.66
382.50	-1754.39	0.00	-495.85
382.60	-1926.49	0.00	-469.55
382.70	-2091.19	0.00	-441.89
382.80	-2247.82	0.00	-413.06
382.90	-2395.74	0.00	-383.22
383.00	-2534.37	0.00	-352.52
383.10	-2663.19	0.00	-321.12
383.20	-2781.69	0.00	-289.19
383.30	-2889.44	0.00	-256.87
383.40	-2986.07	0.00	-224.31
383.50	-3071.23	0.00	-191.64
383.60	-3144.67	0.00	-159.00
383.70	-3206.15	0.00	-126.52
383.80	-3255.51	0.00	-94.30
383.90	-3292.65	0.00	-62.46
384.00	-3317.66	0.00	-31.09
384.10	-3332.69	0.00	-0.27
384.20	-3338.51	0.00	29.90
384.30	-3335.23	0.00	59.38
384.40	-3322.93	0.00	88.09
384.50	-3301.72	0.00	115.98
384.60	-3271.70	0.00	143.03
384.70	-3232.99	0.00	169.19
384.80	-3185.72	0.00	194.45
384.90	-3129.99	0.00	218.79
385.00	-3065.93	0.00	242.20
385.10	-2993.66	0.00	264.68
385.20	-2913.32	0.00	286.24
385.30	-2825.03	0.00	306.89
385.40	-2728.93	0.00	326.64
385.50	-2625.15	0.00	345.51
385.60	-2513.83	0.00	363.53
385.70	-2395.13	0.00	380.70
385.80	-2269.20	0.00	397.06
385.90	-2136.20	0.00	412.63
386.00	-1996.31	0.00	427.43
386.10	-1849.70	0.00	441.47
386.20	-1696.59	0.00	454.78
386.30	-1537.17	0.00	467.37
386.40	-1371.69	0.00	479.25
386.50	-1200.40	0.00	490.43
386.60	-1023.56	0.00	500.90
386.70	-841.47	0.00	510.65
386.80	-654.45	0.00	519.69
386.90	-462.84	0.00	527.98
387.00	-267.02	0.00	535.50
387.10	-67.39	0.00	542.23
387.20	135.62	0.00	548.12
387.30	341.53	0.00	553.14
387.40	549.85	0.00	557.23
387.50	760.04	0.00	560.34
387.60	971.54	0.00	562.41
387.70	1183.74	0.00	563.37
387.80	1396.01	0.00	563.16
387.90	1607.67	0.00	561.70
388.00	1818.02	0.00	558.92
388.10	2026.34	0.00	554.74
388.20	2231.85	0.00	549.09
388.30	2433.78	0.00	541.88
388.40	2631.31	0.00	533.06
388.50	2823.61	0.00	522.53
388.60	3009.83	0.00	510.24
388.70	3189.11	0.00	496.11
388.80	3360.58	0.00	480.09
388.90	3523.37	0.00	462.14
389.00	3676.63	0.00	442.19
389.10	3819.47	0.00	420.22
389.20	3951.07	0.00	396.20
389.30	4070.60	0.00	370.11
389.40	4177.25	0.00	341.96
389.50	4270.27	0.00	311.75
389.60	4348.93	0.00	279.50
389.70	4412.93	0.00	245.25
389.80	4465.61	0.00	209.05
389.90	4507.57	0.00	170.96
390.00	4538.41	0.00	131.07
390.10	4557.73	0.00	89.45
390.20	4565.14	0.00	46.24
390.30	4560.26	0.00	1.54
390.40	4542.70	0.00	-44.51
390.50	4512.12	0.00	-91.74
390.60	4468.14	0.00	-140.01
390.70	4410.46	0.00	-189.11
390.80	4338.75	0.00	-238.88
390.90	4252.75	0.00	-289.09
391.00	4152.20	0.00	-339.55
391.10	4036.89	0.00	-390.02
391.20	3906.67	0.00	-440.27
391.30	3761.42	0.00	-490.08
391.40	3601.07	0.00	-539.19
391.50	3425.62	0.00	-587.36
391.60	3235.15	0.00	-634.34
391.70	3029.77	0.00	-679.88
391.80	2809.72	0.00	-723.73
391.90	2575.27	0.00	-765.64
392.00	2326.81	0.00	-805.37
392.10	2064.81	0.00	-842.68
392.20	1789.84	0.00	-877.35
392.30	1502.56	0.00	-909.14
392.40	1203.73	0.00	-937.85
392.50	894.22	0.00	-963.28
392.60	574.98	0.00	-985.25
392.70	247.08	0.00	-1003.57
392.80	-88.31	0.00	-1018.09
392.90	-429.93	0.00	-1028.68
393.00	-776.44	0.00	-1035.21
393.10	-1126.39	0.00	-1037.58
393.20	-1478.27	0.00	-1035.70
393.30	-1830.47	0.00	-1029.52
393.40	-2181.34	0.00	-1018.99
393.50	-2529.16	0.00	-1004.09
393.60	-2872.18	0.00	-984.82
393.70	-3208.60	0.00	-961.20
393.80	-3536.61	0.00	-933.28
393.90	-3854.38	0.00	-901.13
394.00	-4160.10	0.00	-864.83
394.10	-4451.97	0.00	-824.48
394.20	-4728.22	0.00	-780.22
394.30	-4987.16	0.00	-732.20
394.40	-5227.12	0.00	-680.59
394.50	-5446.53	0.00	-625.56
394.60	-5643.92	0.00	-567.32
394.70	-5817.91	0.00	-506.10
394.80	-5967.25	0.00	-442.12
394.90	-6090.80	0.00	-375.64
395.00	-6187.60	0.00	-306.91
395.10	-6256.80	0.00	-236.21
395.20	-6301.77	0.00	-163.81
395.30	-6328.74	0.00	-90.03
395.40	-6337.51	0.00	-15.14
395.50	-6327.81	0.00	60.54
395.60	-6299.36	0.00	136.71
395.70	-6251.92	0.00	213.04
395.80	-6185.26	0.00	289.23
395.90	-6099.17	0.00	364.96
396.00	-5993.45	0.00	439.92
396.10	-5867.97	0.00	513.79
396.20	-5722.60	0.00	586.26
396.30	-5557.27	0.00	657.03
396.40	-5371.96	0.00	725.80
396.50	-5166.71	0.00	792.28
396.60	-4941.62	0.00	856.18
396.70	-4696.86	0.00	917.22
396.80	-4432.70	0.00	975.15
396.90	-4149.48	0.00	1029.70
397.00	-3847.66	0.00	1080.64
397.10	-3527.80	0.00	1127.73
397.20	-3190.55	0.00	1170.76
397.30	-2836.69	0.00	1209.53
397.40	-2467.15	0.00	1243.84
397.50	-2082.94	0.00	1273.53
397.60	-1685.22	0.00	1298.44
397.70	-1275.30	0.00	1318.43
397.80	-854.58	0.00	1333.37
397.90	-424.62	0.00	1343.17
398.00	12.92	0.00	1347.74
398.10	456.25	0.00	1347.01
398.20	903.46	0.00	1340.94
398.30	1352.55	0.00	1329.49
398.40	1801.41	0.00	1312.65
398.50	2247.88	0.00	1290.44
398.60	2689.70	0.00	1262.88
398.70	3124.57	0.00	1230.04
398.80	3550.14	0.00	1191.98
398.90	3964.06	0.00	1148.79
399.00	4363.97	0.00	1100.60
399.10	4747.51	0.00	1047.53
399.20	5112.39	0.00	989.75
399.30	5456.33	0.00	927.42
399.40	5777.18	0.00	860.76
399.50	6072.84	0.00	789.97
399.60	6341.34	0.00	715.30
399.70	6580.87	0.00	637.01
399.80	6789.74	0.00	555.37
399.90	6966.44	0.00	470.69
400.00	7109.66	0.00	383.27
400.10	7218.27	0.00	293.45
400.20	7291.36	0.00	201.58
400.30	7328.25	0.00	108.02
400.40	7335.73	0.00	13.15
400.50	7320.96	0.00	-82.64
400.60	7283.75	0.00	-178.95
400.70	7223.87	0.00	-275.35
400.80	7141.14	0.00	-371.44
400.90	7035.38	0.00	-466.78
401.00	6906.44	0.00	-560.94
401.10	6754.21	0.00	-653.49
401.20	6578.60	0.00	-743.99
401.30	6379.61	0.00	-832.00
401.40	6157.28	0.00	-917.10
401.50	5911.73	0.00	-998.85
401.60	5643.18	0.00	-1076.85
401.70	5351.94	0.00	-1150.68
401.80	5038.44	0.00	-1219.95
401.90	4703.21	0.00	-1284.28
402.00	4346.96	0.00	-1343.31
402.10	3970.50	0.00	-1396.71
402.20	3574.82	0.00	-1444.15
402.30	3161.04	0.00	-1485.34
402.40	2730.48	0.00	-1520.01
402.50	2284.60	0.00	-1547.94
402.60	1825.03	0.00	-1568.91
402.70	1353.57	0.00	-1582.75
402.80	872.19	0.00	-1589.33
402.90	382.99	0.00	-1588.53
403.00	-111.77	0.00	-1580.31
403.10	-609.68	0.00	-1564.63
403.20	-1108.25	0.00	-1541.50
403.30	-1604.86	0.00	-1510.98
403.40	-2096.82	0.00	-1473.17
403.50	-2581.35	0.00	-1428.19
403.60	-3055.68	0.00	-1376.23
403.70	-3516.99	0.00	-1317.50
403.80	-3962.48	0.00	-1252.25
403.90	-4389.38	0.00	-1180.78
404.00	-4795.00	0.00	-1103.41
404.10	-5176.73	0.00	-1020.52
404.20	-5532.08	0.00	-932.51
404.30	-5858.71	0.00	-839.81
404.40	-6154.45	0.00	-742.87
404.50	-6417.31	0.00	-642.20
404.60	-6645.53	0.00	-538.30
404.70	-6837.58	0.00	-431.71
404.80	-6992.19	0.00	-323.00
404.90	-7108.35	0.00	-212.72
405.00	-7185.33	0.00	-101.46
405.10	-7222.69	0.00	10.18
405.20	-7220.28	0.00	121.62
405.30	-7179.02	0.00	232.24
405.40	-7109.43	0.00	341.47
405.50	-7014.89	0.00	448.70
405.60	-6895.70	0.00	553.35
405.70	-6752.17	0.00	654.88
405.80	-6584.70	0.00	752.71
405.90	-6393.71	0.00	846.33
406.00	-6179.72	0.00	935.24
406.10	-5943.31	0.00	1018.95
406.20	-5685.13	0.00	1097.03
406.30	-5405.95	0.00	1169.06
406.40	-5106.62	0.00	1234.66
406.50	-4788.08	0.00	1293.50
406.60	-4451.40	0.00	1345.29
406.70	-4097.76	0.00	1389.77
406.80	-3728.45	0.00	1426.74
406.90	-3344.88	0.00	1456.03
407.00	-2948.58	0.00	1477.53
407.10	-2541.20	0.00	1491.17
407.20	-2124.50	0.00	1496.94
407.30	-1700.34	0.00	1494.85
407.40	-1270.68	0.00	1484.99
407.50	-837.56	0.00	1467.49
407.60	-403.12	0.00	1442.50
407.70	30.47	0.00	1410.25
407.80	460.98	0.00	1370.99
407.90	886.15	0.00	1325.01
408.00	1303.72	0.00	1272.66
408.10	1711.42	0.00	1214.31
408.20	2107.05	0.00	1150.36
408.30	2488.42	0.00	1081.25
408.40	2853.43	0.00	1007.44
408.50	3200.07	0.00	929.41
408.60	3526.43	0.00	847.68
408.70	3830.74	0.00	762.77
408.80	4111.39	0.00	675.21
408.90	4366.89	0.00	585.55
409.00	4595.98	0.00	494.33
409.10	4797.54	0.00	402.10
409.20	4970.68	0.00	309.42
409.30	5114.71	0.00	216.82
409.40	5229.15	0.00	124.83
409.50	5313.72	0.00	33.97
409.60	5368.39	0.00	-55.27
409.70	5393.31	0.00	-142.40
409.80	5388.85	0.00	-226.98
409.90	5355.60	0.00	-308.57
410.00	5294.31	0.00	-386.78
410.10	5205.95	0.00	-461.23
410.20	5094.01	0.00	-531.59
410.30	4964.19	0.00	-597.56
410.40	4817.46	0.00	-658.88
410.50	4654.66	0.00	-715.31
410.60	4476.71	0.00	-766.67
410.70	4284.54	0.00	-812.80
410.80	4079.11	0.00	-853.58
410.90	3861.42	0.00	-888.94
411.00	3632.51	0.00	-918.84
411.10	3393.44	0.00	-943.27
411.20	3145.29	0.00	-962.26
411.30	2889.19	0.00	-975.88
411.40	2626.26	0.00	-984.21
411.50	2357.69	0.00	-987.38
411.60	2084.63	0.00	-985.54
411.70	1808.29	0.00	-978.87
411.80	1529.87	0.00	-967.57
411.90	1250.57	0.00	-951.86
412.00	971.58	0.00	-931.97
412.10	694.12	0.00	-908.16
412.20	419.36	0.00	-880.70
412.30	148.47	0.00	-849.86
412.40	-117.42	0.00	-815.92
412.50	-377.19	0.00	-779.18
412.60	-629.77	0.00	-739.92
412.70	-874.14	0.00	-698.44
412.80	-1109.31	0.00	-655.02
412.90	-1334.37	0.00	-609.96
413.00	-1548.44	0.00	-563.52
413.10	-1750.74	0.00	-516.00
413.20	-1940.51	0.00	-467.63
413.30	-2117.11	0.00	-418.69
413.40	-2279.95	0.00	-369.42
413.50	-2428.52	0.00	-320.03
413.60	-2562.39	0.00	-270.76
413.70	-2681.22	0.00	-221.80
413.80	-2784.73	0.00	-173.35
413.90	-2872.75	0.00	-125.58
414.00	-2945.18	0.00	-78.66
414.10	-3001.97	0.00	-32.73
414.20	-3043.20	0.00	12.07
414.30	-3068.99	0.00	55.62
414.40	-3079.54	0.00	97.79
414.50	-3075.13	0.00	138.49
414.60	-3056.10	0.00	177.64
414.70	-3022.86	0.00	215.14
414.80	-2975.87	0.00	250.93
414.90	-2915.65	0.00	284.94
415.00	-2842.80	0.00	317.12
415.10	-2759.30	0.00	347.42
415.20	-2666.42	0.00	375.78
415.30	-2564.65	0.00	402.19
415.40	-2454.46	0.00	426.58
415.50	-2336.38	0.00	448.95
415.60	-2210.92	0.00	469.25
415.70	-2078.61	0.00	487.47
415.80	-1940.02	0.00	503.58
415.90	-1795.70	0.00	517.56
416.00	-1646.25	0.00	529.40
416.10	-1492.26	0.00	539.09
416.20	-1334.35	0.00	546.60
416.30	-1173.16	0.00	551.94
416.40	-1009.32	0.00	555.10
416.50	-843.51	0.00	556.08
416.60	-676.40	0.00	554.87
416.70	-508.68	0.00	551.49
416.80	-341.04	0.00	545.95
416.90	-174.20	0.00	538.26
417.00	-8.85	0.00	528.46
417.10	154.28	0.00	516.56
417.20	314.48	0.00	502.61
417.30	471.05	0.00	486.65
417.40	623.28	0.00	468.74
417.50	770.48	0.00	448.93
417.60	911.98	0.00	427.30
417.70	1047.13	0.00	403.92
417.80	1175.29	0.00	378.87
417.90	1295.86	0.00	352.27
418.00	1408.27	0.00	324.20
418.10	1511.99	0.00	294.78
418.20	1606.52	0.00	264.13
418.30	1691.40	0.00	232.39
418.40	1766.25	0.00	199.68
418.50	1830.71	0.00	166.15
418.60	1884.47	0.00	131.95
418.70	1927.30	0.00	97.24
418.80	1959.02	0.00	62.16
418.90	1979.49	0.00	26.88
419.00	1988.67	0.00	-8.43
419.10	1986.54	0.00	-43.61
419.20	1973.18	0.00	-78.49
419.30	1948.79	0.00	-112.91
419.40	1914.31	0.00	-146.71
419.50	1870.12	0.00	-179.72
419.60	1816.44	0.00	-211.80
419.70	1753.52	0.00	-242.78
419.80	1681.66	0.00	-272.52
419.90	1601.19	0.00	-300.89
420.00	1512.49	0.00	-327.75
420.10	1415.96	0.00	-352.98
420.20	1312.03	0.00	-376.47
420.30	1201.19	0.00	-398.10
420.40	1083.94	0.00	-417.79
420.50	960.81	0.00	-435.46
420.60	832.37	0.00	-451.02
420.70	699.22	0.00	-464.42
420.80	561.97	0.00	-475.60
420.90	421.27	0.00	-484.53
421.00	277.79	0.00	-491.17
421.10	132.21	0.00	-495.51
421.20	-14.77	0.00	-497.53
421.30	-162.43	0.00	-497.25
421.40	-310.05	0.00	-494.66
421.50	-456.88	0.00	-489.80
421.60	-602.20	0.00	-482.70
421.70	-745.26	0.00	-473.38
421.80	-885.33	0.00	-461.91
421.90	-1021.68	0.00	-448.33
422.00	-1153.58	0.00	-432.71
422.10	-1280.34	0.00	-415.12
422.20	-1401.25	0.00	-395.63
422.30	-1515.67	0.00	-374.32
422.40	-1622.94	0.00	-351.27
422.50	-1722.45	0.00	-326.59
422.60	-1813.62	0.00	-300.36
422.70	-1895.90	0.00	-272.69
422.80	-1968.80	0.00	-243.68
422.90	-2031.85	0.00	-213.43
423.00	-2084.63	0.00	-182.05
423.10	-2127.11	0.00	-149.67
423.20	-2159.85	0.00	-116.39
423.30	-2182.66	0.00	-82.34
423.40	-2195.35	0.00	-47.64
423.50	-2197.77	0.00	-12.41
423.60	-2189.78	0.00	23.21
423.70	-2171.30	0.00	59.10
423.80	-2142.26	0.00	95.13
423.90	-2102.62	0.00	131.15
424.00	-2052.39	0.00	167.04
424.10	-1991.62	0.00	202.65
424.20	-1920.37	0.00	237.84
424.30	-1838.77	0.00	272.48
424.40	-1746.96	0.00	306.41
424.50	-1645.14	0.00	339.50
424.60	-1533.56	0.00	371.59
424.70	-1412.49	0.00	402.55
424.80	-1282.26	0.00	432.24
424.90	-1143.25	0.00	460.50
425.00	-995.88	0.00	487.19
425.10	-840.63	0.00	512.19
425.20	-678.02	0.00	535.35
425.30	-508.63	0.00	556.53
425.40	-333.07	0.00	575.62
425.50	-152.02	0.00	592.49
425.60	33.79	0.00	607.02
425.70	223.60	0.00	619.10
425.80	416.59	0.00	628.63
425.90	611.90	0.00	635.52
426.00	808.62	0.00	639.67
426.10	1005.82	0.00	641.03
426.20	1202.53	0.00	639.52
426.30	1397.73	0.00	635.08
426.40	1590.42	0.00	627.69
426.50	1779.53	0.00	617.31
426.60	1964.01	0.00	603.92
426.70	2142.80	0.00	587.53
426.80	2314.84	0.00	568.14
426.90	2479.05	0.00	545.80
427.00	2634.41	0.00	520.52
427.10	2779.89	0.00	492.38
427.20	2914.49	0.00	461.45
427.30	3037.27	0.00	427.80
427.40	3147.31	0.00	391.54
427.50	3243.77	0.00	352.79
427.60	3325.83	0.00	311.67
427.70	3394.04	0.00	268.32
427.80	3449.65	0.00	222.91
427.90	3492.23	0.00	175.60
428.00	3521.38	0.00	126.57
428.10	3536.70	0.00	76.01
428.20	3537.87	0.00	24.13
428.30	3524.56	0.00	-28.86
428.40	3496.50	0.00	-82.73
428.50	3453.46	0.00	-137.26
428.60	3395.27	0.00	-192.21
428.70	3321.76	0.00	-247.32
428.80	3232.87	0.00	-302.35
428.90	3128.54	0.00	-357.04
429.00	3008.80	0.00	-411.12
429.10	2873.73	0.00	-464.35
429.20	2723.49	0.00	-516.44
429.30	2558.28	0.00	-567.14
429.40	2378.39	0.00	-616.18
429.50	2184.20	0.00	-663.30
429.60	1976.16	0.00	-708.24
429.70	1754.79	0.00	-750.74
429.80	1520.72	0.00	-790.54
429.90	1274.67	0.00	-827.41
430.00	1017.43	0.00	-861.11
430.10	749.90	0.00	-891.42
430.20	473.08	0.00	-918.10
430.30	188.05	0.00	-940.96
430.40	-104.01	0.00	-959.80
430.50	-401.83	0.00	-974.45
430.60	-704.07	0.00	-984.75
430.70	-1009.27	0.00	-990.53
430.80	-1315.93	0.00	-991.69
430.90	-1622.47	0.00	-988.11
431.00	-1927.24	0.00	-979.69
431.10	-2228.55	0.00	-966.38
431.20	-2524.66	0.00	-948.14
431.30	-2813.80	0.00	-924.94
431.40	-3094.20	0.00	-896.78
431.50	-3364.05	0.00	-863.71
431.60	-3621.59	0.00	-825.78
431.70	-3865.06	0.00	-783.08
431.80	-4092.74	0.00	-735.72
431.90	-4302.99	0.00	-683.84
432.00	-4494.21	0.00	-627.63
432.10	-4664.90	0.00	-567.27
432.20	-4813.66	0.00	-503.00
432.30	-4939.23	0.00	-435.07
432.40	-5040.43	0.00	-363.77
432.50	-5116.28	0.00	-289.42
432.60	-5169.91	0.00	-212.34
432.70	-5203.98	0.00	-132.90
432.80	-5218.05	0.00	-51.50
432.90	-5211.72	0.00	31.48
433.00	-5184.65	0.00	115.60
433.10	-5136.55	0.00	200.41
433.20	-5067.19	0.00	285.47
433.30	-4976.41	0.00	370.29
433.40	-4864.11	0.00	454.41
433.50	-4730.28	0.00	537.33
433.60	-4574.98	0.00	618.57
433.70	-4398.36	0.00	697.64
433.80	-4200.67	0.00	774.05
433.90	-3982.29	0.00	847.33
434.00	-3743.67	0.00	917.00
434.10	-3485.41	0.00	982.62
434.20	-3208.21	0.00	1043.75
434.30	-2912.93	0.00	1099.97
434.40	-2600.53	0.00	1150.89
434.50	-2272.14	0.00	1196.15
434.60	-1929.00	0.00	1235.42
434.70	-1572.50	0.00	1268.40
434.80	-1204.17	0.00	1294.82
434.90	-825.67	0.00	1314.47
435.00	-438.79	0.00	1327.16
435.10	-45.42	0.00	1332.76
435.20	352.41	0.00	1331.17
435.30	752.59	0.00	1322.34
435.40	1152.91	0.00	1306.28
435.50	1551.12	0.00	1283.03
435.60	1944.88	0.00	1252.69
435.70	2331.85	0.00	1215.40
435.80	2709.64	0.00	1171.35
435.90	3075.91	0.00	1120.78
436.00	3428.30	0.00	1063.97
436.10	3764.55	0.00	1001.23
436.20	4082.44	0.00	932.94
436.30	4379.85	0.00	859.49
436.40	4654.78	0.00	781.33
436.50	4905.39	0.00	698.91
436.60	5129.96	0.00	612.74
436.70	5326.97	0.00	523.34
436.80	5495.10	0.00	431.25
436.90	5633.21	0.00	337.03
437.00	5740.41	0.00	241.26
437.10	5816.01	0.00	144.51
437.20	5859.59	0.00	47.38
437.30	5870.93	0.00	-49.56
437.40	5852.92	0.00	-145.73
437.50	5812.05	0.00	-240.55
437.60	5748.83	0.00	-333.46
437.70	5663.54	0.00	-423.92
437.80	5556.58	0.00	-511.42
437.90	5428.37	0.00	-595.45
438.00	5279.42	0.00	-675.55
438.10	5110.31	0.00	-751.29
438.20	4921.68	0.00	-822.25
438.30	4714.26	0.00	-888.08
438.40	4488.85	0.00	-948.44
438.50	4246.31	0.00	-1003.05
438.60	3987.60	0.00	-1051.66
438.70	3713.75	0.00	-1094.08
438.80	3425.87	0.00	-1130.14
438.90	3125.16	0.00	-1159.74
439.00	2812.87	0.00	-1182.79
439.10	2490.35	0.00	-1199.28
439.20	2159.01	0.00	-1209.23
439.30	1820.32	0.00	-1212.69
439.40	1475.81	0.00	-1209.76
439.50	1127.06	0.00	-1200.58
439.60	775.70	0.00	-1185.34
439.70	423.39	0.00	-1164.23
439.80	71.81	0.00	-1137.51
439.90	-277.35	0.00	-1105.44
440.00	-622.40	0.00	-1068.33
440.10	-961.65	0.00	-1026.51
440.20	-1293.46	0.00	-980.32
440.30	-1616.20	0.00	-930.12
440.40	-1928.30	0.00	-876.30
440.50	-2228.27	0.00	-819.24
440.60	-2514.66	0.00	-759.35
440.70	-2786.13	0.00	-697.04
440.80	-3041.44	0.00	-632.71
440.90	-3279.43	0.00	-566.77
441.00	-3499.08	0.00	-499.64
441.10	-3699.49	0.00	-431.71
441.20	-3879.86	0.00	-363.37
441.30	-4039.57	0.00	-295.01
441.40	-4178.09	0.00	-227.00
441.50	-4295.07	0.00	-159.70
441.60	-4390.28	0.00	-93.45
441.70	-4463.62	0.00	-28.56
441.80	-4515.15	0.00	34.65
441.90	-4545.05	0.00	95.90
442.00	-4553.65	0.00	154.94
442.10	-4541.38	0.00	211.52
442.20	-4508.80	0.00	265.42
442.30	-4456.59	0.00	316.46
442.40	-4386.57	0.00	364.46
442.50	-4303.39	0.00	409.27
442.60	-4208.02	0.00	450.77
442.70	-4101.11	0.00	488.87
442.80	-3983.31	0.00	523.48
442.90	-3855.27	0.00	554.55
443.00	-3717.69	0.00	582.04
443.10	-3571.23	0.00	605.95
443.20	-3416.59	0.00	626.29
443.30	-3254.45	0.00	643.08
443.40	-3085.54	0.00	656.36
443.50	-2910.54	0.00	666.21
443.60	-2730.17	0.00	672.71
443.70	-2545.14	0.00	675.94
443.80	-2356.16	0.00	676.03
443.90	-2163.93	0.00	673.10
444.00	-1969.16	0.00	667.28
444.10	-1772.54	0.00	658.72
444.20	-1574.76	0.00	647.59
444.30	-1376.51	0.00	634.04
444.40	-1178.44	0.00	618.25
444.50	-981.20	0.00	600.41
444.60	-785.42	0.00	580.70
444.70	-591.70	0.00	559.31
444.80	-400.64	0.00	536.44
444.90	-212.78	0.00	512.28
445.00	-28.65	0.00	487.03
445.10	151.25	0.00	460.89
445.20	326.46	0.00	434.05
445.30	496.56	0.00	406.70
445.40	661.16	0.00	379.05
445.50	819.92	0.00	351.27
445.60	972.52	0.00	323.55
445.70	1118.69	0.00	296.05
445.80	1258.22	0.00	268.96
445.90	1390.92	0.00	242.42
446.00	1516.65	0.00	216.59
446.10	1635.31	0.00	191.61
446.20	1746.83	0.00	167.60
446.30	1851.19	0.00	144.69
446.40	1948.41	0.00	122.98
446.50	2038.54	0.00	102.56
446.60	2121.65	0.00	83.52
446.70	2197.86	0.00	65.91
446.80	2267.30	0.00	49.79
446.90	2330.13	0.00	35.19
447.00	2386.53	0.00	22.13
447.10	2436.69	0.00	10.61
447.20	2480.82	0.00	0.62
447.30	2519.14	0.00	-7.86
447.40	2551.87	0.00	-14.88
447.50	2579.23	0.00	-20.49
447.60	2601.43	0.00	-24.78
447.70	2618.69	0.00	-27.83
447.80	2631.20	0.00	-29.74
447.90	2639.17	0.00	-30.62
448.00	2642.75	0.00	-30.62
448.10	2642.10	0.00	-29.85
448.20	2637.39	0.00	-28.47
448.30	2629.97	0.00	-26.65
448.40	2620.51	0.00	-24.53
448.50	2609.04	0.00	-22.31
448.60	2595.56	0.00	-20.14
448.70	2580.00	0.00	-18.21
448.80	2562.28	0.00	-16.70
448.90	2542.30	0.00	-15.79
449.00	2519.87	0.00	-15.64
449.10	2494.83	0.00	-16.44
449.20	2466.93	0.00	-18.34
449.30	2435.92	0.00	-21.50
449.40	2401.52	0.00	-26.06
449.50	2363.41	0.00	-32.16
449.60	2321.26	0.00	-39.91
449.70	2274.70	0.00	-49.41
449.80	2223.37	0.00	-60.75
449.90	2166.88	0.00	-73.99
450.00	2104.83	0.00	-89.17
450.10	2036.83	0.00	-106.31
450.20	1962.49	0.00	-125.41
450.30	1881.43	0.00	-146.45
450.40	1793.27	0.00	-169.36
450.50	1697.67	0.00	-194.08
450.60	1594.31	0.00	-220.50
450.70	1482.89	0.00	-248.49
450.80	1363.18	0.00	-277.90
450.90	1234.96	0.00	-308.54
451.00	1098.09	0.00	-340.22
451.10	952.47	0.00	-372.71
451.20	798.10	0.00	-405.75
451.30	635.00	0.00	-439.09
451.40	463.32	0.00	-472.44
451.50	283.24	0.00	-505.49
451.60	95.09	0.00	-537.93
451.70	-100.78	0.00	-569.43
451.80	-303.86	0.00	-599.65
451.90	-513.59	0.00	-628.26
452.00	-729.28	0.00	-654.91
452.10	-950.17	0.00	-679.25
452.20	-1175.37	0.00	-700.96
452.30	-1403.92	0.00	-719.69
452.40	-1634.75	0.00	-735.13
452.50	-1866.70	0.00	-746.97
452.60	-2098.53	0.00	-754.93
452.70	-2328.92	0.00	-758.73
452.80	-2556.48	0.00	-758.13
452.90	-2779.77	0.00	-752.92
453.00	-2997.27	0.00	-742.92
453.10	-3207.46	0.00	-727.97
453.20	-3408.77	0.00	-707.95
453.30	-3599.63	0.00	-682.78
453.40	-3778.45	0.00	-652.44
453.50	-3943.70	0.00	-616.91
453.60	-4093.84	0.00	-576.25
453.70	-4227.42	0.00	-530.54
453.80	-4343.02	0.00	-479.91
453.90	-4439.34	0.00	-424.54
454.00	-4515.27	0.00	-364.66
454.10	-4573.43	0.00	-300.52
454.20	-4614.77	0.00	-232.43
454.30	-4638.57	0.00	-160.73
454.40	-4644.12	0.00	-85.81
454.50	-4630.80	0.00	-8.10
454.60	-4598.06	0.00	71.97
454.70	-4545.38	0.00	153.89
454.80	-4472.34	0.00	237.16
454.90	-4378.62	0.00	321.25
455.00	-4263.96	0.00	405.59
455.10	-4128.21	0.00	489.63
455.20	-3971.33	0.00	572.76
455.30	-3793.41	0.00	654.42
455.40	-3594.63	0.00	734.00
455.50	-3375.32	0.00	810.92
455.60	-3135.95	0.00	884.60
455.70	-2877.13	0.00	954.47
455.80	-2599.62	0.00	1019.99
455.90	-2304.32	0.00	1080.62
456.00	-1992.31	0.00	1135.86
456.10	-1664.81	0.00	1185.26
456.20	-1323.21	0.00	1228.36
456.30	-969.06	0.00	1264.78
456.40	-604.05	0.00	1294.15
456.50	-230.03	0.00	1316.19
456.60	151.03	0.00	1330.62
456.70	536.99	0.00	1337.24
456.80	925.65	0.00	1335.89
456.90	1314.65	0.00	1326.49
457.00	1701.59	0.00	1308.98
457.10	2083.97	0.00	1283.40
457.20	2459.28	0.00	1249.80
457.30	2824.94	0.00	1208.32
457.40	3178.41	0.00	1159.15
457.50	3517.15	0.00	1102.54
457.60	3838.68	0.00	1038.78
457.70	4140.60	0.00	968.24
457.80	4420.59	0.00	891.30
457.90	4676.48	0.00	808.42
458.00	4906.23	0.00	720.10
458.10	5107.99	0.00	626.86
458.20	5280.10	0.00	529.28
458.30	5421.10	0.00	427.96
458.40	5529.78	0.00	323.54
458.50	5605.17	0.00	216.66
458.60	5646.55	0.00	108.01
458.70	5653.64	0.00	-1.73
458.80	5631.89	0.00	-111.87
458.90	5584.19	0.00	-221.69
459.00	5510.60	0.00	-330.52
459.10	5411.24	0.00	-437.64
459.20	5286.37	0.00	-542.39
459.30	5136.31	0.00	-644.10
459.40	4961.52	0.00	-742.12
459.50	4762.55	0.00	-835.84
459.60	4540.06	0.00	-924.67
459.70	4294.84	0.00	-1008.05
459.80	4027.78	0.00	-1085.49
459.90	3739.94	0.00	-1156.48
460.00	3432.46	0.00	-1220.62
460.10	3106.65	0.00	-1277.52
460.20	2763.93	0.00	-1326.84
460.30	2405.86	0.00	-1368.31
460.40	2034.14	0.00	-1401.69
460.50	1650.59	0.00	-1426.81
460.60	1257.14	0.00	-1443.56
460.70	855.84	0.00	-1451.86
460.80	448.86	0.00	-1451.72
460.90	38.44	0.00	-1443.18
461.00	-373.09	0.00	-1426.34
461.10	-783.34	0.00	-1401.35
461.20	-1189.88	0.00	-1368.42
461.30	-1590.24	0.00	-1327.80
461.40	-1981.95	0.00	-1279.80
461.50	-2362.56	0.00	-1224.75
461.60	-2729.65	0.00	-1163.04
461.70	-3080.84	0.00	-1095.09
461.80	-3413.87	0.00	-1021.36
461.90	-3726.55	0.00	-942.35
462.00	-4016.82	0.00	-858.56
462.10	-4282.78	0.00	-770.53
462.20	-4522.66	0.00	-678.83
462.30	-4734.90	0.00	-584.03
462.40	-4918.12	0.00	-486.70
462.50	-5071.18	0.00	-387.45
462.60	-5193.11	0.00	-286.86
462.70	-5283.22	0.00	-185.54
462.80	-5341.03	0.00	-84.06
462.90	-5366.30	0.00	16.98
463.00	-5359.07	0.00	117.02
463.10	-5324.09	0.00	215.52
463.20	-5264.95	0.00	311.92
463.30	-5182.01	0.00	405.73
463.40	-5075.71	0.00	496.46
463.50	-4946.54	0.00	583.64
463.60	-4795.07	0.00	666.85
463.70	-4621.94	0.00	745.69
463.80	-4427.87	0.00	819.79
463.90	-4213.62	0.00	888.82
464.00	-3980.06	0.00	952.50
464.10	-3728.14	0.00	1010.55
464.20	-3458.86	0.00	1062.77
464.30	-3173.33	0.00	1108.96
464.40	-2872.73	0.00	1148.99
464.50	-2558.32	0.00	1182.75
464.60	-2231.45	0.00	1210.17
464.70	-1893.55	0.00	1231.22
464.80	-1546.11	0.00	1245.89
464.90	-1190.71	0.00	1254.23
465.00	-829.01	0.00	1256.30
465.10	-462.70	0.00	1252.20
465.20	-93.55	0.00	1242.06
465.30	276.63	0.00	1226.05
465.40	646.00	0.00	1204.33
465.50	1012.66	0.00	1177.12
465.60	1374.75	0.00	1144.66
465.70	1730.36	0.00	1107.17
465.80	2077.61	0.00	1064.94
465.90	2414.62	0.00	1018.24
466.00	2739.58	0.00	967.36
466.10	3050.71	0.00	912.61
466.20	3346.28	0.00	854.30
466.30	3624.65	0.00	792.76
466.40	3884.27	0.00	728.30
466.50	4123.67	0.00	661.25
466.60	4341.52	0.00	591.94
466.70	4536.59	0.00	520.70
466.80	4707.80	0.00	447.86
466.90	4854.18	0.00	373.74
467.00	4974.94	0.00	298.65
467.10	5069.43	0.00	222.92
467.20	5137.14	0.00	146.84
467.30	5177.76	0.00	70.72
467.40	5193.52	0.00	-5.15
467.50	5189.22	0.00	-80.50
467.60	5165.07	0.00	-155.04
467.70	5121.17	0.00	-228.51
467.80	5057.63	0.00	-300.67
467.90	4974.63	0.00	-371.26
468.00	4872.33	0.00	-440.05
468.10	4750.95	0.00	-506.81
468.20	4610.75	0.00	-571.35
468.30	4452.00	0.00	-633.44
468.40	4275.04	0.00	-692.89
468.50	4080.24	0.00	-749.53
468.60	3868.04	0.00	-803.16
468.70	3638.92	0.00	-853.64
468.80	3393.42	0.00	-900.79
468.90	3132.17	0.00	-944.48
469.00	2855.85	0.00	-984.56
469.10	2565.23	0.00	-1020.90
469.20	2261.15	0.00	-1053.38
469.30	1944.54	0.00	-1081.88
469.40	1616.42	0.00	-1106.30
469.50	1277.90	0.00	-1126.56
469.60	930.18	0.00	-1142.55
469.70	574.54	0.00	-1154.21
469.80	212.35	0.00	-1161.46
469.90	-154.93	0.00	-1164.26
470.00	-525.75	0.00	-1162.56
470.10	-898.48	0.00	-1156.33
470.20	-1271.45	0.00	-1145.54
470.30	-1642.90	0.00	-1130.19
470.40	-2011.01	0.00	-1110.28
470.50	-2373.94	0.00	-1085.83
470.60	-2729.79	0.00	-1056.87
470.70	-3076.65	0.00	-1023.47
470.80	-3412.61	0.00	-985.67
470.90	-3735.75	0.00	-943.56
471.00	-4044.17	0.00	-897.24
471.10	-4336.02	0.00	-846.82
471.20	-4609.48	0.00	-792.45
471.30	-4862.80	0.00	-734.26
471.40	-5094.33	0.00	-672.44
471.50	-5302.50	0.00	-607.17
471.60	-5485.84	0.00	-538.66
471.70	-5643.02	0.00	-467.14
471.80	-5772.85	0.00	-392.85
471.90	-5874.29	0.00	-316.05
472.00	-5946.46	0.00	-237.03
472.10	-5992.00	0.00	-156.09
472.20	-6016.72	0.00	-73.53
472.30	-6020.45	0.00	10.31
472.40	-6002.92	0.00	95.10
472.50	-5963.85	0.00	180.46
472.60	-5903.03	0.00	266.05
472.70	-5820.25	0.00	351.49
472.80	-5715.37	0.00	436.38
472.90	-5588.27	0.00	520.33
473.00	-5438.88	0.00	602.97
473.10	-5267.23	0.00	683.87
473.20	-5073.36	0.00	762.66
473.30	-4857.43	0.00	838.92
473.40	-4619.69	0.00	912.28
473.50	-4360.45	0.00	982.34
473.60	-4080.17	0.00	1048.73
473.70	-3779.38	0.00	1111.08
473.80	-3458.78	0.00	1169.04
473.90	-3119.17	0.00	1222.27
474.00	-2761.49	0.00	1270.46
474.10	-2386.83	0.00	1313.30
474.20	-1996.43	0.00	1350.52
474.30	-1591.67	0.00	1381.87
474.40	-1174.08	0.00	1407.11
474.50	-745.34	0.00	1426.06
474.60	-307.28	0.00	1438.54
474.70	138.13	0.00	1444.41
474.80	588.81	0.00	1443.57
474.90	1042.54	0.00	1435.94
475.00	1496.98	0.00	1421.48
475.10	1949.72	0.00	1400.20
475.20	2398.25	0.00	1372.12
475.30	2840.02	0.00	1337.31
475.40	3272.41	0.00	1295.87
475.50	3692.80	0.00	1247.95
475.60	4098.57	0.00	1193.72
475.70	4487.11	0.00	1133.39
475.80	4855.88	0.00	1067.21
475.90	5202.39	0.00	995.45
476.00	5524.28	0.00	918.42
476.10	5819.27	0.00	836.47
476.20	6085.25	0.00	749.96
476.30	6320.28	0.00	659.30
476.40	6522.60	0.00	564.90
476.50	6690.65	0.00	467.20
476.60	6823.11	0.00	366.69
476.70	6918.88	0.00	263.83
476.80	6977.14	0.00	159.13
476.90	6999.41	0.00	53.11
477.00	6995.36	0.00	-53.72
477.10	6966.11	0.00	-160.82
477.20	6911.54	0.00	-267.66
477.30	6831.55	0.00	-373.69
477.40	6726.10	0.00	-478.39
477.50	6595.19	0.00	-581.23
477.60	6438.86	0.00	-681.67
477.70	6257.24	0.00	-779.20
477.80	6050.50	0.00	-873.33
477.90	5818.92	0.00	-963.57
478.00	5562.83	0.00	-1049.46
478.10	5282.70	0.00	-1130.54
478.20	4979.10	0.00	-1206.41
478.30	4652.70	0.00	-1276.67
478.40	4304.33	0.00	-1340.94
478.50	3934.93	0.00	-1398.91
478.60	3545.61	0.00	-1450.26
478.70	3137.62	0.00	-1494.73
478.80	2712.36	0.00	-1532.08
478.90	2271.39	0.00	-1562.13
479.00	1816.44	0.00	-1584.71
479.10	1349.38	0.00	-1599.70
479.20	872.23	0.00	-1607.03
479.30	387.17	0.00	-1606.65
479.40	-103.50	0.00	-1598.58
479.50	-597.36	0.00	-1582.84
479.60	-1091.87	0.00	-1559.53
479.70	-1584.41	0.00	-1528.75
479.80	-2072.27	0.00	-1490.67
479.90	-2552.70	0.00	-1445.49
480.00	-3022.92	0.00	-1393.43
480.10	-3480.14	0.00	-1334.76
480.20	-3921.57	0.00	-1269.79
480.30	-4344.50	0.00	-1198.83
480.40	-4746.24	0.00	-1122.26
480.50	-5124.24	0.00	-1040.45
480.60	-5476.02	0.00	-953.83
480.70	-5799.28	0.00	-862.82
480.80	-6091.88	0.00	-767.88
480.90	-6351.85	0.00	-669.48
481.00	-6577.44	0.00	-568.11
481.10	-6767.12	0.00	-464.27
481.20	-6919.62	0.00	-358.46
481.30	-7033.91	0.00	-251.21
481.40	-7109.23	0.00	-143.02
481.50	-7145.09	0.00	-34.42
481.60	-7142.02	0.00	74.08
481.70	-7110.06	0.00	181.96
481.80	-7052.46	0.00	288.72
481.90	-6969.34	0.00	393.86
482.00	-6860.83	0.00	496.90
482.10	-6727.08	0.00	597.37
482.20	-6568.30	0.00	694.83
482.30	-6384.74	0.00	788.83
482.40	-6176.69	0.00	878.97
482.50	-5944.51	0.00	964.85
482.60	-5688.62	0.00	1046.12
482.70	-5409.54	0.00	1122.43
482.80	-5107.85	0.00	1193.48
482.90	-4784.24	0.00	1258.96
483.00	-4439.51	0.00	1318.64
483.10	-4074.57	0.00	1372.28
483.20	-3690.44	0.00	1419.68
483.30	-3288.28	0.00	1460.69
483.40	-2869.39	0.00	1495.15
483.50	-2435.18	0.00	1522.98
483.60	-1987.22	0.00	1544.08
483.70	-1527.20	0.00	1558.41
483.80	-1056.96	0.00	1565.96
483.90	-578.45	0.00	1566.73
484.00	-93.77	0.00	1560.77
484.10	394.90	0.00	1548.13
484.20	885.24	0.00	1528.91
484.30	1374.87	0.00	1503.23
484.40	1861.31	0.00	1471.22
484.50	2342.01	0.00	1433.05
484.60	2814.42	0.00	1388.89
484.70	3275.90	0.00	1338.96
484.80	3723.86	0.00	1283.47
484.90	4155.70	0.00	1222.66
485.00	4568.85	0.00	1156.79
485.10	4960.81	0.00	1086.12
485.20	5329.16	0.00	1010.96
485.30	5671.58	0.00	931.58
485.40	5985.86	0.00	848.31
485.50	6269.94	0.00	761.46
485.60	6521.95	0.00	671.36
485.70	6740.15	0.00	578.35
485.80	6923.04	0.00	482.78
485.90	7069.31	0.00	385.00
486.00	7177.89	0.00	285.38
486.10	7247.93	0.00	184.27
486.20	7280.18	0.00	82.05
486.30	7285.06	0.00	-20.90
486.40	7264.77	0.00	-124.21
486.50	7219.14	0.00	-227.50
486.60	7148.02	0.00	-330.38
486.70	7051.26	0.00	-432.46
486.80	6928.72	0.00	-533.37
486.90	6780.29	0.00	-632.71
487.00	6605.89	0.00	-730.10
487.10	6405.47	0.00	-825.15
487.20	6179.03	0.00	-917.49
487.30	5926.65	0.00	-1006.74
487.40	5648.49	0.00	-1092.52
487.50	5344.78	0.00	-1174.45
487.60	5015.87	0.00	-1252.19
487.70	4662.25	0.00	-1325.38
487.80	4284.52	0.00	-1393.66
487.90	3883.44	0.00	-1456.71
488.00	3459.93	0.00	-1514.21
488.10	3015.08	0.00	-1565.84
488.20	2550.16	0.00	-1611.31
488.30	2066.64	0.00	-1650.35
488.40	1566.17	0.00	-1682.70
488.50	1050.61	0.00	-1708.12
488.60	522.00	0.00	-1726.41
488.70	-17.41	0.00	-1737.37
488.80	-565.20	0.00	-1740.85
488.90	-1118.74	0.00	-1736.70
489.00	-1675.26	0.00	-1724.83
489.10	-2231.82	0.00	-1705.16
489.20	-2785.36	0.00	-1677.66
489.30	-3332.68	0.00	-1642.32
489.40	-3870.52	0.00	-1599.18
489.50	-4395.53	0.00	-1548.31
489.60	-4904.33	0.00	-1489.81
489.70	-5393.53	0.00	-1423.83
489.80	-5859.78	0.00	-1350.57
489.90	-6299.77	0.00	-1270.24
490.00	-6710.27	0.00	-1183.11
490.10	-7088.20	0.00	-1089.49
490.20	-7430.63	0.00	-989.73
490.30	-7734.82	0.00	-884.22
490.40	-7998.23	0.00	-773.36
490.50	-8218.61	0.00	-657.62
490.60	-8393.96	0.00	-537.50
490.70	-8522.60	0.00	-413.51
490.80	-8605.93	0.00	-286.21
490.90	-8658.17	0.00	-156.19
491.00	-8681.13	0.00	-24.04
491.10	-8674.35	0.00	109.59
491.20	-8637.37	0.00	244.08
491.30	-8569.75	0.00	378.74
491.40	-8471.04	0.00	512.92
491.50	-8340.82	0.00	645.92
491.60	-8178.72	0.00	777.07
491.70	-7984.39	0.00	905.68
491.80	-7757.58	0.00	1031.07
491.90	-7498.09	0.00	1152.57
492.00	-7205.86	0.00	1269.52
492.10	-6880.92	0.00	1381.28
492.20	-6523.47	0.00	1487.24
492.30	-6133.86	0.00	1586.78
492.40	-5712.64	0.00	1679.36
492.50	-5260.56	0.00	1764.44
492.60	-4778.58	0.00	1841.51
492.70	-4267.91	0.00	1910.12
492.80	-3730.01	0.00	1969.86
492.90	-3166.61	0.00	2020.36
493.00	-2579.70	0.00	2061.30
493.10	-1971.53	0.00	2092.40
493.20	-1344.63	0.00	2113.44
493.30	-701.81	0.00	2124.26
493.40	-46.10	0.00	2124.76
493.50	619.19	0.00	2114.87
493.60	1290.55	0.00	2094.60
493.70	1964.26	0.00	2064.00
493.80	2636.44	0.00	2023.19
493.90	3303.05	0.00	1972.35
494.00	3959.95	0.00	1911.70
494.10	4602.91	0.00	1841.52
494.20	5227.69	0.00	1762.13
494.30	5830.06	0.00	1673.93
494.40	6405.81	0.00	1577.34
494.50	6950.86	0.00	1472.84
494.60	7461.26	0.00	1360.95
494.70	7933.23	0.00	1242.22
494.80	8363.23	0.00	1117.25
494.90	8747.98	0.00	986.67
495.00	9084.51	0.00	851.14
495.10	9370.19	0.00	711.33
495.20	9602.75	0.00	567.95
495.30	9780.32	0.00	421.73
495.40	9901.47	0.00	273.41
495.50	9965.19	0.00	123.71
495.60	9984.97	0.00	-26.59
495.70	9973.76	0.00	-176.75
495.80	9931.49	0.00	-326.02
495.90	9858.03	0.00	-473.66
496.00	9753.27	0.00	-618.93
496.10	9617.07	0.00	-761.12
496.20	9449.29	0.00	-899.52
496.30	9249.81	0.00	-1033.46
496.40	9018.55	0.00	-1162.29
496.50	8755.47	0.00	-1285.38
496.60	8460.62	0.00	-1402.14
496.70	8134.12	0.00	-1512.01
496.80	7776.22	0.00	-1614.48
496.90	7387.29	0.00	-1709.06
497.00	6967.87	0.00	-1795.32
497.10	6518.68	0.00	-1872.86
497.20	6040.63	0.00	-1941.33
497.30	5534.82	0.00	-2000.43
497.40	5002.61	0.00	-2049.92
497.50	4445.56	0.00	-2089.59
497.60	3865.51	0.00	-2119.27
497.70	3264.51	0.00	-2138.89
497.80	2644.86	0.00	-2148.37
497.90	2009.14	0.00	-2147.72
498.00	1360.10	0.00	-2137.00
498.10	700.76	0.00	-2116.30
498.20	34.32	0.00	-2085.76
498.30	-635.84	0.00	-2045.60
498.40	-1306.18	0.00	-1996.04
498.50	-1973.02	0.00	-1937.39
498.60	-2632.59	0.00	-1869.98
498.70	-3281.06	0.00	-1794.17
498.80	-3914.57	0.00	-1710.39
498.90	-4529.25	0.00	-1619.09
499.00	-5121.30	0.00	-1520.76
499.10	-5687.00	0.00	-1415.92
499.20	-6222.74	0.00	-1305.11
499.30	-6725.09	0.00	-1188.93
499.40	-7190.81	0.00	-1067.96
499.50	-7616.89	0.00	-942.83
499.60	-8000.60	0.00	-814.19
499.70	-8339.51	0.00	-682.68
499.80	-8631.49	0.00	-548.97
499.90	-8874.78	0.00	-413.74
500.00	-9067.98	0.00	-277.67
500.10	-9210.06	0.00	-141.42
500.20	-9300.40	0.00	-5.69
500.30	-9338.75	0.00	128.87
500.40	-9325.29	0.00	261.59
500.50	-9261.49	0.00	391.83
500.60	-9164.55	0.00	518.95
500.70	-9041.04	0.00	642.35
500.80	-8891.41	0.00	761.44
500.90	-8716.08	0.00	875.65
501.00	-8515.50	0.00	984.45
501.10	-8290.14	0.00	1087.35
501.20	-8040.51	0.00	1183.87
501.30	-7767.14	0.00	1273.58
501.40	-7470.64	0.00	1356.10
501.50	-7151.70	0.00	1431.07
501.60	-6811.07	0.00	1498.19
501.70	-6449.63	0.00	1557.19
501.80	-6068.33	0.00	1607.87
501.90	-5668.26	0.00	1650.04
502.00	-5250.63	0.00	1683.59
502.10	-4816.79	0.00	1708.45
502.20	-4368.19	0.00	1724.59
502.30	-3906.46	0.00	1732.04
502.40	-3433.31	0.00	1730.87
502.50	-2950.63	0.00	1721.20
502.60	-2460.38	0.00	1703.21
502.70	-1964.66	0.00	1677.10
502.80	-1465.65	0.00	1643.14
502.90	-965.63	0.00	1601.63
503.00	-466.93	0.00	1552.90
503.10	28.07	0.00	1497.34
503.20	516.96	0.00	1435.36
503.30	997.32	0.00	1367.42
503.40	1466.76	0.00	1293.98
503.50	1922.91	0.00	1215.56
503.60	2363.50	0.00	1132.68
503.70	2786.30	0.00	1045.89
503.80	3189.21	0.00	955.75
503.90	3570.27	0.00	862.84
504.00	3927.64	0.00	767.74
504.10	4259.67	0.00	671.03
504.20	4564.89	0.00	573.31
504.30	4842.00	0.00	475.16
504.40	5089.95	0.00	377.16
504.50	5307.87	0.00	279.86
504.60	5495.15	0.00	183.82
504.70	5651.37	0.00	89.58
504.80	5776.37	0.00	-2.37
504.90	5870.19	0.00	-91.54
505.00	5933.13	0.00	-177.47
505.10	5965.67	0.00	-259.74
505.20	5968.51	0.00	-337.96
505.30	5942.55	0.00	-411.78
505.40	5888.88	0.00	-480.87
505.50	5808.74	0.00	-544.97
505.60	5703.53	0.00	-603.84
505.70	5574.79	0.00	-657.28
505.80	5424.19	0.00	-705.13
505.90	5257.78	0.00	-747.30
506.00	5080.33	0.00	-783.71
506.10	4892.91	0.00	-814.33
506.20	4696.60	0.00	-839.19
506.30	4492.47	0.00	-858.32
506.40	4281.59	0.00	-871.84
506.50	4065.03	0.00	-879.86
506.60	3843.83	0.00	-882.55
506.70	3619.04	0.00	-880.11
506.80	3391.68	0.00	-872.77
506.90	3162.75	0.00	-860.77
507.00	2933.24	0.00	-844.40
507.10	2704.10	0.00	-823.96
507.20	2476.24	0.00	-799.77
507.30	2250.57	0.00	-772.16
507.40	2027.91	0.00	-741.47
507.50	1809.08	0.00	-708.07
507.60	1594.83	0.00	-672.31
507.70	1385.86	0.00	-634.56
507.80	1182.82	0.00	-595.18
507.90	986.28	0.00	-554.54
508.00	796.79	0.00	-512.98
508.10	614.79	0.00	-470.87
508.20	440.69	0.00	-428.53
508.30	274.80	0.00	-386.28
508.40	117.40	0.00	-344.44
508.50	-31.34	0.00	-303.29
508.60	-171.28	0.00	-263.11
508.70	-302.37	0.00	-224.15
508.80	-424.61	0.00	-186.63
508.90	-538.09	0.00	-150.78
509.00	-642.92	0.00	-116.78
509.10	-739.29	0.00	-84.78
509.20	-827.45	0.00	-54.93
509.30	-907.67	0.00	-27.35
509.40	-980.30	0.00	-2.12
509.50	-1045.71	0.00	20.67
509.60	-1104.30	0.00	40.98
509.70	-1156.50	0.00	58.79
509.80	-1202.78	0.00	74.08
509.90	-1243.62	0.00	86.87
510.00	-1279.51	0.00	97.20
510.10	-1310.95	0.00	105.10
510.20	-1338.46	0.00	110.65
510.30	-1362.53	0.00	113.93
510.40	-1383.67	0.00	115.03
510.50	-1402.36	0.00	114.05
510.60	-1419.08	0.00	111.12
510.70	-1434.30	0.00	106.36
510.80	-1448.44	0.00	99.91
510.90	-1461.92	0.00	91.91
511.00	-1475.12	0.00	82.51
511.10	-1488.38	0.00	71.86
511.20	-1502.04	0.00	60.12
511.30	-1516.37	0.00	47.46
511.40	-1531.63	0.00	34.03
511.50	-1548.01	0.00	20.00
511.60	-1565.68	0.00	5.53
511.70	-1584.79	0.00	-9.22
511.80	-1605.40	0.00	-24.09
511.90	-1627.58	0.00	-38.92
512.00	-1651.32	0.00	-53.55
512.10	-1676.59	0.00	-67.85
512.20	-1703.32	0.00	-81.66
512.30	-1731.40	0.00	-94.84
512.40	-1760.67	0.00	-107.26
512.50	-1790.94	0.00	-118.80
512.60	-1821.99	0.00	-129.32
512.70	-1853.57	0.00	-138.73
512.80	-1885.39	0.00	-146.90
512.90	-1917.14	0.00	-153.75
513.00	-1948.48	0.00	-159.19
513.10	-1979.07	0.00	-163.14
513.20	-2009.25	0.00	-165.52
513.30	-2038.99	0.00	-166.29
513.40	-2067.93	0.00	-165.39
513.50	-2095.69	0.00	-162.78
513.60	-2121.87	0.00	-158.44
513.70	-2146.09	0.00	-152.36
513.80	-2167.94	0.00	-144.52
513.90	-2187.01	0.00	-134.95
514.00	-2202.89	0.00	-123.65
514.10	-2215.18	0.00	-110.66
514.20	-2223.49	0.00	-96.03
514.30	-2227.41	0.00	-79.81
514.40	-2226.57	0.00	-62.07
514.50	-2220.59	0.00	-42.89
514.60	-2209.12	0.00	-22.36
514.70	-2191.82	0.00	-0.58
514.80	-2168.37	0.00	22.34
514.90	-2138.48	0.00	46.27
515.00	-2101.88	0.00	71.09
515.10	-2058.33	0.00	96.66
515.20	-2007.62	0.00	122.83
515.30	-1949.56	0.00	149.46
515.40	-1884.02	0.00	176.38
515.50	-1810.89	0.00	203.43
515.60	-1730.10	0.00	230.44
515.70	-1641.62	0.00	257.26
515.80	-1545.47	0.00	283.71
515.90	-1441.72	0.00	309.63
516.00	-1330.45	0.00	334.84
516.10	-1211.84	0.00	359.19
516.20	-1086.07	0.00	382.51
516.30	-953.39	0.00	404.66
516.40	-814.10	0.00	425.48
516.50	-668.53	0.00	444.83
516.60	-517.09	0.00	462.57
516.70	-360.20	0.00	478.60
516.80	-198.34	0.00	492.78
516.90	-32.05	0.00	505.02
517.00	138.12	0.00	515.23
517.10	311.56	0.00	523.33
517.20	487.62	0.00	529.26
517.30	665.63	0.00	532.96
517.40	844.88	0.00	534.38
517.50	1024.63	0.00	533.52
517.60	1204.14	0.00	530.35
517.70	1382.61	0.00	524.88
517.80	1559.28	0.00	517.11
517.90	1733.32	0.00	507.09
518.00	1903.96	0.00	494.84
518.10	2070.37	0.00	480.43
518.20	2231.77	0.00	463.91
518.30	2387.38	0.00	445.37
518.40	2536.42	0.00	424.88
518.50	2678.15	0.00	402.55
518.60	2811.86	0.00	378.47
518.70	2936.84	0.00	352.77
518.80	3052.47	0.00	325.55
518.90	3158.11	0.00	296.94
519.00	3253.21	0.00	267.07
519.10	3337.26	0.00	236.08
519.20	3409.78	0.00	204.10
519.30	3470.37	0.00	171.27
519.40	3518.68	0.00	137.74
519.50	3554.41	0.00	103.63
519.60	3577.34	0.00	69.10
519.70	3588.86	0.00	34.27
519.80	3590.83	0.00	-0.70
519.90	3583.18	0.00	-35.69
520.00	3565.88	0.00	-70.56
520.10	3538.91	0.00	-105.19
520.20	3502.28	0.00	-139.44
520.30	3456.00	0.00	-173.21
520.40	3400.12	0.00	-206.38
520.50	3334.70	0.00	-238.83
520.60	3259.81	0.00	-270.46
520.70	3175.56	0.00	-301.18
520.80	3082.06	0.00	-330.88
520.90	2979.47	0.00	-359.49
521.00	2867.95	0.00	-386.92
521.10	2747.69	0.00	-413.09
521.20	2618.91	0.00	-437.93
521.30	2481.85	0.00	-461.38
521.40	2336.77	0.00	-483.37
521.50	2183.99	0.00	-503.86
521.60	2023.82	0.00	-522.78
521.70	1856.62	0.00	-540.10
521.80	1682.78	0.00	-555.77
521.90	1502.71	0.00	-569.76
522.00	1316.86	0.00	-582.03
522.10	1125.71	0.00	-592.56
522.20	929.78	0.00	-601.31
522.30	729.61	0.00	-608.26
522.40	525.76	0.00	-613.40
522.50	318.85	0.00	-616.71
522.60	109.51	0.00	-618.17
522.70	-101.59	0.00	-617.78
522.80	-313.78	0.00	-615.52
522.90	-526.34	0.00	-611.40
523.00	-738.53	0.00	-605.40
523.10	-949.60	0.00	-597.54
523.20	-1158.78	0.00	-587.81
523.30	-1365.28	0.00	-576.23
523.40	-1568.30	0.00	-562.79
523.50	-1767.04	0.00	-547.53
523.60	-1960.69	0.00	-530.45
523.70	-2148.45	0.00	-511.58
523.80	-2329.51	0.00	-490.94
523.90	-2503.09	0.00	-468.57
524.00	-2668.40	0.00	-444.50
524.10	-2824.68	0.00	-418.77
524.20	-2971.21	0.00	-391.44
524.30	-3107.28	0.00	-362.54
524.40	-3232.21	0.00	-332.15
524.50	-3345.37	0.00	-300.32
524.60	-3446.16	0.00	-267.14
524.70	-3534.05	0.00	-232.68
524.80	-3608.54	0.00	-197.02
524.90	-3669.20	0.00	-160.27
525.00	-3715.64	0.00	-122.52
525.10	-3747.56	0.00	-83.89
525.20	-3764.71	0.00	-44.50
525.30	-3766.91	0.00	-4.46
525.40	-3755.08	0.00	36.08
525.50	-3731.85	0.00	76.99
525.60	-3697.32	0.00	118.12
525.70	-3651.44	0.00	159.32
525.80	-3594.22	0.00	200.42
525.90	-3525.67	0.00	241.25
526.00	-3445.85	0.00	281.66
526.10	-3354.85	0.00	321.46
526.20	-3252.77	0.00	360.47
526.30	-3139.78	0.00	398.52
526.40	-3016.07	0.00	435.42
526.50	-2881.87	0.00	470.98
526.60	-2737.47	0.00	505.03
526.70	-2583.19	0.00	537.39
526.80	-2419.41	0.00	567.87
526.90	-2246.57	0.00	596.30
527.00	-2065.13	0.00	622.52
527.10	-1875.65	0.00	646.37
527.20	-1678.70	0.00	667.68
527.30	-1474.93	0.00	686.33
527.40	-1265.04	0.00	702.17
527.50	-1049.78	0.00	715.08
527.60	-829.95	0.00	724.95
527.70	-606.40	0.00	731.70
527.80	-380.03	0.00	735.24
527.90	-151.79	0.00	735.50
528.00	77.36	0.00	732.45
528.10	306.40	0.00	726.05
528.20	534.28	0.00	716.30
528.30	759.95	0.00	703.20
528.40	982.33	0.00	686.78
528.50	1200.34	0.00	667.10
528.60	1412.88	0.00	644.21
528.70	1618.89	0.00	618.20
528.80	1817.29	0.00	589.18
528.90	2007.05	0.00	557.28
529.00	2187.17	0.00	522.64
529.10	2356.68	0.00	485.42
529.20	2514.66	0.00	445.80
529.30	2660.26	0.00	403.96
529.40	2792.68	0.00	360.13
529.50	2911.20	0.00	314.53
529.60	3015.18	0.00	267.37
529.70	3104.05	0.00	218.93
529.80	3177.35	0.00	169.44
529.90	3234.70	0.00	119.17
530.00	3275.82	0.00	68.39
530.10	3300.54	0.00	17.38
530.20	3308.78	0.00	-33.60
530.30	3300.57	0.00	-84.27
530.40	3276.05	0.00	-134.35
530.50	3235.44	0.00	-183.57
530.60	3180.29	0.00	-231.67
530.70	3112.53	0.00	-278.38
530.80	3032.48	0.00	-323.46
530.90	2940.52	0.00	-366.66
531.00	2837.06	0.00	-407.75
531.10	2722.59	0.00	-446.51
531.20	2597.62	0.00	-482.75
531.30	2462.70	0.00	-516.28
531.40	2318.46	0.00	-546.92
531.50	2165.53	0.00	-574.53
531.60	2004.62	0.00	-598.98
531.70	1836.46	0.00	-620.14
531.80	1661.82	0.00	-637.93
531.90	1481.51	0.00	-652.28
532.00	1296.38	0.00	-663.13
532.10	1107.30	0.00	-670.45
532.20	915.16	0.00	-674.24
532.30	720.89	0.00	-674.51
532.40	525.42	0.00	-671.28
532.50	329.71	0.00	-664.63
532.60	134.71	0.00	-654.60
532.70	-58.62	0.00	-641.31
532.80	-249.32	0.00	-624.85
532.90	-436.45	0.00	-605.36
533.00	-619.08	0.00	-582.98
533.10	-796.30	0.00	-557.86
533.20	-967.23	0.00	-530.19
533.30	-1131.02	0.00	-500.13
533.40	-1286.87	0.00	-467.89
533.50	-1434.01	0.00	-433.67
533.60	-1571.74	0.00	-397.68
533.70	-1699.41	0.00	-360.15
533.80	-1816.41	0.00	-321.29
533.90	-1922.22	0.00	-281.34
534.00	-2016.39	0.00	-240.52
534.10	-2098.51	0.00	-199.07
534.20	-2168.27	0.00	-157.21
534.30	-2225.43	0.00	-115.18
534.40	-2269.83	0.00	-73.18
534.50	-2301.38	0.00	-31.46
534.60	-2320.06	0.00	9.79
534.70	-2325.95	0.00	50.36
534.80	-2319.18	0.00	90.05
534.90	-2299.97	0.00	128.67
535.00	-2268.59	0.00	166.05
535.10	-2225.66	0.00	202.01
535.20	-2172.54	0.00	236.40
535.30	-2109.72	0.00	269.09
535.40	-2037.60	0.00	299.92
535.50	-1956.62	0.00	328.80
535.60	-1867.23	0.00	355.61
535.70	-1769.92	0.00	380.26
535.80	-1665.23	0.00	402.67
535.90	-1553.68	0.00	422.78
536.00	-1435.84	0.00	440.54
536.10	-1312.32	0.00	455.90
536.20	-1183.70	0.00	468.83
536.30	-1050.63	0.00	479.34
536.40	-913.73	0.00	487.40
536.50	-773.67	0.00	493.04
536.60	-631.11	0.00	496.26
536.70	-486.73	0.00	497.11
536.80	-341.20	0.00	495.62
536.90	-195.21	0.00	491.85
537.00	-49.44	0.00	485.84
537.10	95.42	0.00	477.68
537.20	238.71	0.00	467.43
537.30	379.74	0.00	455.17
537.40	517.88	0.00	441.00
537.50	652.47	0.00	425.00
537.60	782.89	0.00	407.28
537.70	908.53	0.00	387.94
537.80	1028.83	0.00	367.08
537.90	1143.22	0.00	344.82
538.00	1251.17	0.00	321.26
538.10	1352.21	0.00	296.54
538.20	1445.87	0.00	270.76
538.30	1531.73	0.00	244.04
538.40	1609.41	0.00	216.51
538.50	1678.57	0.00	188.30
538.60	1738.91	0.00	159.51
538.70	1790.20	0.00	130.28
538.80	1832.21	0.00	100.74
538.90	1864.79	0.00	70.99
539.00	1887.83	0.00	41.17
539.10	1901.27	0.00	11.40
539.20	1905.42	0.00	-18.21
539.30	1900.96	0.00	-47.53
539.40	1887.98	0.00	-76.45
539.50	1866.56	0.00	-104.85
539.60	1836.85	0.00	-132.63
539.70	1798.99	0.00	-159.66
539.80	1753.16	0.00	-185.85
539.90	1699.57	0.00	-211.10
540.00	1638.45	0.00	-235.29
540.10	1570.06	0.00	-258.35
540.20	1494.70	0.00	-280.17
540.30	1412.67	0.00	-300.67
540.40	1324.31	0.00	-319.78
540.50	1229.99	0.00	-337.41
540.60	1130.09	0.00	-353.49
540.70	1025.03	0.00	-367.97
540.80	915.23	0.00	-380.78
540.90	801.16	0.00	-391.87
541.00	683.29	0.00	-401.21
541.10	562.12	0.00	-408.76
541.20	438.15	0.00	-414.48
541.30	311.92	0.00	-418.37
541.40	183.96	0.00	-420.40
541.50	54.83	0.00	-420.58
541.60	-74.90	0.00	-418.92
541.70	-204.67	0.00	-415.41
541.80	-333.91	0.00	-410.10
541.90	-462.03	0.00	-403.00
542.00	-588.47	0.00	-394.17
542.10	-712.66	0.00	-383.64
542.20	-834.03	0.00	-371.48
542.30	-952.04	0.00	-357.75
542.40	-1066.14	0.00	-342.52
542.50	-1175.82	0.00	-325.87
542.60	-1280.57	0.00	-307.89
542.70	-1379.92	0.00	-288.67
542.80	-1473.42	0.00	-268.32
542.90	-1560.64	0.00	-246.93
543.00	-1641.19	0.00	-224.61
543.10	-1714.72	0.00	-201.48
543.20	-1780.91	0.00	-177.66
543.30	-1839.46	0.00	-153.26
543.40	-1890.15	0.00	-128.40
543.50	-1932.76	0.00	-103.22
543.60	-1967.13	0.00	-77.82
543.70	-1993.15	0.00	-52.33
543.80	-2010.74	0.00	-26.88
543.90	-2020.08	0.00	-1.58
544.00	-2022.02	0.00	23.45
544.10	-2016.67	0.00	48.09
544.20	-2004.12	0.00	72.25
544.30	-1984.47	0.00	95.82
544.40	-1957.83	0.00	118.69
544.50	-1924.36	0.00	140.77
544.60	-1884.21	0.00	161.99
544.70	-1837.58	0.00	182.26
544.80	-1784.67	0.00	201.51
544.90	-1725.70	0.00	219.67
545.00	-1660.92	0.00	236.70
545.10	-1590.57	0.00	252.53
545.20	-1514.94	0.00	267.15
545.30	-1434.30	0.00	280.50
545.40	-1348.96	0.00	292.57
545.50	-1259.22	0.00	303.35
545.60	-1165.40	0.00	312.83
545.70	-1067.85	0.00	321.00
545.80	-966.88	0.00	327.88
545.90	-862.86	0.00	333.49
546.00	-756.12	0.00	337.83
546.10	-647.04	0.00	340.94
546.20	-535.96	0.00	342.86
546.30	-423.26	0.00	343.61
546.40	-309.29	0.00	343.25
546.50	-194.42	0.00	341.81
546.60	-79.02	0.00	339.34
546.70	36.55	0.00	335.90
546.80	151.93	0.00	331.53
546.90	266.77	0.00	326.28
547.00	380.71	0.00	320.22
547.10	493.40	0.00	313.38
547.20	604.50	0.00	305.83
547.30	713.69	0.00	297.61
547.40	820.62	0.00	288.77
547.50	924.99	0.00	279.36
547.60	1026.47	0.00	269.41
547.70	1124.78	0.00	258.97
547.80	1219.60	0.00	248.08
547.90	1310.67	0.00	236.76
548.00	1397.71	0.00	225.04
548.10	1480.45	0.00	212.96
548.20	1558.65	0.00	200.53
548.30	1632.06	0.00	187.76
548.40	1700.45	0.00	174.68
548.50	1763.61	0.00	161.30
548.60	1821.34	0.00	147.61
548.70	1873.43	0.00	133.64
548.80	1919.71	0.00	119.37
548.90	1960.02	0.00	104.82
549.00	1994.20	0.00	89.97
549.10	2022.12	0.00	74.84
549.20	2043.64	0.00	59.43
549.30	2058.67	0.00	43.72
549.40	2067.15	0.00	27.72
549.50	2069.82	0.00	11.43
549.60	2066.94	0.00	-5.13
549.70	2058.45	0.00	-21.98
549.80	2044.30	0.00	-39.08
549.90	2024.45	0.00	-56.44
550.00	1998.87	0.00	-74.03
550.10	1967.52	0.00	-91.82
550.20	1930.39	0.00	-109.80
550.30	1887.47	0.00	-127.92
550.40	1838.76	0.00	-146.14
550.50	1784.28	0.00	-164.41
550.60	1724.04	0.00	-182.69
550.70	1658.12	0.00	-200.92
550.80	1586.56	0.00	-219.03
550.90	1509.45	0.00	-236.94
551.00	1426.90	0.00	-254.58
551.10	1339.03	0.00	-271.87
551.20	1246.01	0.00	-288.72
551.30	1148.02	0.00	-305.04
551.40	1045.25	0.00	-320.72
551.50	937.95	0.00	-335.67
551.60	826.39	0.00	-349.78
551.70	710.86	0.00	-362.95
551.80	591.70	0.00	-375.07
551.90	469.26	0.00	-386.04
552.00	343.93	0.00	-395.74
552.10	216.14	0.00	-404.07
552.20	86.34	0.00	-410.93
552.30	-44.98	0.00	-416.22
552.40	-177.31	0.00	-419.84
552.50	-310.12	0.00	-421.72
552.60	-442.85	0.00	-421.76
552.70	-574.90	0.00	-419.89
552.80	-705.68	0.00	-416.06
552.90	-834.58	0.00	-410.21
553.00	-960.95	0.00	-402.29
553.10	-1084.16	0.00	-392.28
553.20	-1203.57	0.00	-380.17
553.30	-1318.54	0.00	-365.94
553.40	-1428.44	0.00	-349.61
553.50	-1532.63	0.00	-331.21
553.60	-1630.51	0.00	-310.78
553.70	-1721.49	0.00	-288.37
553.80	-1805.01	0.00	-264.06
553.90	-1880.54	0.00	-237.94
554.00	-1947.59	0.00	-210.11
554.10	-2005.69	0.00	-180.70
554.20	-2054.44	0.00	-149.84
554.30	-2093.49	0.00	-117.68
554.40	-2122.54	0.00	-84.38
554.50	-2141.34	0.00	-50.13
554.60	-2149.70	0.00	-15.11
554.70	-2147.52	0.00	20.47
554.80	-2134.74	0.00	56.40
554.90	-2111.39	0.00	92.46
555.00	-2078.25	0.00	128.43
555.10	-2035.93	0.00	164.07
555.20	-1984.58	0.00	199.15
555.30	-1924.41	0.00	233.43
555.40	-1855.67	0.00	266.66
555.50	-1778.65	0.00	298.62
555.60	-1693.71	0.00	329.06
555.70	-1601.27	0.00	357.77
555.80	-1501.77	0.00	384.51
555.90	-1395.72	0.00	409.09
556.00	-1283.68	0.00	431.30
556.10	-1166.25	0.00	450.96
556.20	-1044.08	0.00	467.89
556.30	-917.86	0.00	481.95
556.40	-788.31	0.00	493.00
556.50	-656.20	0.00	500.92
556.60	-522.32	0.00	505.62
556.70	-387.49	0.00	507.04
556.80	-252.53	0.00	505.11
556.90	-118.32	0.00	499.83
557.00	14.30	0.00	491.19
557.10	144.46	0.00	479.22
557.20	271.31	0.00	463.98
557.30	394.00	0.00	445.53
557.40	511.70	0.00	423.99
557.50	623.61	0.00	399.49
557.60	728.97	0.00	372.17
557.70	827.04	0.00	342.22
557.80	917.16	0.00	309.84
557.90	998.68	0.00	275.23
558.00	1071.05	0.00	238.65
558.10	1133.77	0.00	200.34
558.20	1186.40	0.00	160.58
558.30	1228.59	0.00	119.66
558.40	1260.07	0.00	77.87
558.50	1280.64	0.00	35.51
558.60	1290.20	0.00	-7.10
558.70	1288.71	0.00	-49.64
558.80	1276.26	0.00	-91.80
558.90	1252.99	0.00	-133.26
559.00	1219.14	0.00	-173.71
559.10	1175.04	0.00	-212.84
559.20	1121.08	0.00	-250.35
559.30	1057.75	0.00	-285.95
559.40	985.61	0.00	-319.38
559.50	905.29	0.00	-350.37
559.60	817.46	0.00	-378.68
559.70	722.88	0.00	-404.09
559.80	622.43	0.00	-426.41
559.90	516.95	0.00	-445.46
560.00	407.27	0.00	-461.09
560.10	294.25	0.00	-473.18
560.20	178.79	0.00	-481.63
560.30	61.81	0.00	-486.37
560.40	-55.75	0.00	-487.36
560.50	-172.92	0.00	-484.58
560.60	-288.76	0.00	-478.06
560.70	-402.31	0.00	-467.85
560.80	-512.61	0.00	-454.00
560.90	-618.74	0.00	-436.63
561.00	-719.79	0.00	-415.86
561.10	-814.93	0.00	-391.85
561.20	-903.48	0.00	-364.76
561.30	-984.71	0.00	-334.80
561.40	-1057.94	0.00	-302.19
561.50	-1122.55	0.00	-267.17
561.60	-1177.98	0.00	-229.99
561.70	-1223.73	0.00	-190.93
561.80	-1259.36	0.00	-150.26
561.90	-1284.50	0.00	-108.29
562.00	-1298.84	0.00	-65.31
562.10	-1302.15	0.00	-21.63
562.20	-1294.28	0.00	22.43
562.30	-1275.11	0.00	66.58
562.40	-1244.65	0.00	110.48
562.50	-1202.93	0.00	153.85
562.60	-1150.08	0.00	196.37
562.70	-1086.29	0.00	237.76
562.80	-1011.83	0.00	277.74
562.90	-927.04	0.00	316.03
563.00	-832.31	0.00	352.38
563.10	-728.11	0.00	386.56
563.20	-614.97	0.00	418.34
563.30	-493.48	0.00	447.53
563.40	-364.30	0.00	473.93
563.50	-228.12	0.00	497.39
563.60	-85.71	0.00	517.78
563.70	62.13	0.00	534.97
563.80	214.56	0.00	548.89
563.90	370.69	0.00	559.45
564.00	529.60	0.00	566.62
564.10	690.36	0.00	570.37
564.20	851.99	0.00	570.71
564.30	1013.51	0.00	567.67
564.40	1173.94	0.00	561.29
564.50	1332.28	0.00	551.64
564.60	1487.54	0.00	538.82
564.70	1638.75	0.00	522.93
564.80	1784.94	0.00	504.09
564.90	1925.17	0.00	482.46
565.00	2058.55	0.00	458.19
565.10	2184.20	0.00	431.46
565.20	2301.30	0.00	402.44
565.30	2409.07	0.00	371.33
565.40	2506.78	0.00	338.34
565.50	2594.09	0.00	303.67
565.60	2671.81	0.00	267.53
565.70	2739.70	0.00	230.15
565.80	2797.42	0.00	191.73
565.90	2844.69	0.00	152.50
566.00	2881.25	0.00	112.67
566.10	2906.89	0.00	72.44
566.20	2921.44	0.00	32.03
566.30	2924.75	0.00	-8.37
566.40	2916.74	0.00	-48.57
566.50	2897.34	0.00	-88.38
566.60	2866.51	0.00	-127.64
566.70	2824.28	0.00	-166.19
566.80	2770.66	0.00	-203.88
566.90	2705.74	0.00	-240.58
567.00	2629.62	0.00	-276.15
567.10	2542.42	0.00	-310.50
567.20	2444.31	0.00	-343.52
567.30	2335.49	0.00	-375.13
567.40	2216.17	0.00	-405.25
567.50	2086.61	0.00	-433.84
567.60	1947.10	0.00	-460.83
567.70	1797.93	0.00	-486.18
567.80	1639.46	0.00	-509.88
567.90	1472.06	0.00	-531.90
568.00	1296.13	0.00	-552.23
568.10	1112.11	0.00	-570.86
568.20	920.46	0.00	-587.80
568.30	721.68	0.00	-603.05
568.40	516.31	0.00	-616.61
568.50	304.90	0.00	-628.50
568.60	88.05	0.00	-638.72
568.70	-133.61	0.00	-647.30
568.80	-359.41	0.00	-654.23
568.90	-588.66	0.00	-659.51
569.00	-820.64	0.00	-663.17
569.10	-1054.57	0.00	-665.18
569.20	-1289.68	0.00	-665.55
569.30	-1525.12	0.00	-664.26
569.40	-1760.05	0.00	-661.30
569.50	-1993.59	0.00	-656.63
569.60	-2224.81	0.00	-650.24
569.70	-2452.79	0.00	-642.07
569.80	-2676.57	0.00	-632.10
569.90	-2895.16	0.00	-620.28
570.00	-3107.57	0.00	-606.55
570.10	-3312.79	0.00	-590.85
570.20	-3509.81	0.00	-573.15
570.30	-3697.60	0.00	-553.36
570.40	-3875.15	0.00	-531.45
570.50	-4041.43	0.00	-507.34
570.60	-4195.44	0.00	-480.99
570.70	-4336.21	0.00	-452.36
570.80	-4462.77	0.00	-421.40
570.90	-4574.19	0.00	-388.07
571.00	-4669.61	0.00	-352.36
571.10	-4751.63	0.00	-314.26
571.20	-4822.26	0.00	-273.77
571.30	-4880.99	0.00	-230.91
571.40	-4927.33	0.00	-185.71
571.50	-4960.76	0.00	-138.24
571.60	-4980.76	0.00	-88.57
571.70	-4986.80	0.00	-36.80
571.80	-4978.38	0.00	16.96
571.90	-4954.97	0.00	72.57
572.00	-4916.07	0.00	129.85
572.10	-4861.20	0.00	188.63
572.20	-4789.89	0.00	248.68
572.30	-4701.69	0.00	309.77
572.40	-4596.21	0.00	371.65
572.50	-4473.10	0.00	434.04
572.60	-4332.05	0.00	496.62
572.70	-4172.81	0.00	559.10
572.80	-3995.22	0.00	621.12
572.90	-3799.19	0.00	682.34
573.00	-3584.71	0.00	742.39
573.10	-3351.88	0.00	800.90
573.20	-3100.90	0.00	857.49
573.30	-2832.11	0.00	911.77
573.40	-2545.93	0.00	963.35
573.50	-2242.95	0.00	1011.85
573.60	-1923.87	0.00	1056.88
573.70	-1589.55	0.00	1098.08
573.80	-1240.99	0.00	1135.09
573.90	-879.32	0.00	1167.56
574.00	-505.85	0.00	1195.17
574.10	-122.01	0.00	1217.62
574.20	270.62	0.00	1234.64
574.30	670.31	0.00	1245.98
574.40	1075.23	0.00	1251.42
574.50	1483.39	0.00	1250.80
574.60	1892.71	0.00	1243.97
574.70	2301.02	0.00	1230.82
574.80	2706.06	0.00	1211.30
574.90	3105.50	0.00	1185.39
575.00	3496.96	0.00	1153.12
575.10	3878.06	0.00	1114.56
575.20	4246.38	0.00	1069.82
575.30	4599.54	0.00	1019.06
575.40	4935.19	0.00	962.49
575.50	5251.05	0.00	900.36
575.60	5544.91	0.00	832.95
575.70	5814.70	0.00	760.60
575.80	6058.46	0.00	683.67
575.90	6274.37	0.00	602.57
576.00	6460.80	0.00	517.72
576.10	6616.33	0.00	429.60
576.20	6739.71	0.00	338.70
576.30	6829.94	0.00	245.52
576.40	6886.24	0.00	150.61
576.50	6911.35	0.00	54.51
576.60	6914.21	0.00	-42.23
576.70	6895.24	0.00	-139.05
576.80	6854.36	0.00	-235.38
576.90	6791.55	0.00	-330.66
577.00	6706.81	0.00	-424.34
577.10	6600.22	0.00	-515.87
577.20	6471.89	0.00	-604.74
577.30	6322.00	0.00	-690.43
577.40	6150.81	0.00	-772.47
577.50	5958.61	0.00	-850.39
577.60	5745.80	0.00	-923.78
577.70	5512.86	0.00	-992.24
577.80	5260.33	0.00	-1055.42
577.90	4988.87	0.00	-1113.00
578.00	4699.21	0.00	-1164.70
578.10	4392.20	0.00	-1210.29
578.20	4068.79	0.00	-1249.58
578.30	3730.02	0.00	-1282.42
578.40	3377.05	0.00	-1308.71
578.50	3011.12	0.00	-1328.38
578.60	2633.58	0.00	-1341.42
578.70	2245.90	0.00	-1347.85
578.80	1849.61	0.00	-1347.76
578.90	1446.33	0.00	-1341.24
579.00	1037.76	0.00	-1328.45
579.10	625.67	0.00	-1309.57
579.20	211.87	0.00	-1284.82
579.30	-201.76	0.00	-1254.45
579.40	-613.35	0.00	-1218.74
579.50	-1020.98	0.00	-1178.00
579.60	-1422.74	0.00	-1132.55
579.70	-1816.73	0.00	-1082.76
579.80	-2201.08	0.00	-1028.97
579.90	-2573.97	0.00	-971.57
580.00	-2933.63	0.00	-910.95
580.10	-3278.36	0.00	-847.51
580.20	-3606.54	0.00	-781.64
580.30	-3916.66	0.00	-713.74
580.40	-4207.32	0.00	-644.22
580.50	-4477.23	0.00	-573.45
580.60	-4725.24	0.00	-501.84
580.70	-4950.32	0.00	-429.75
580.80	-5151.62	0.00	-357.55
580.90	-5328.41	0.00	-285.59
581.00	-5480.12	0.00	-214.19
581.10	-5606.34	0.00	-143.67
581.20	-5706.82	0.00	-74.33
581.30	-5781.44	0.00	-6.45
581.40	-5830.28	0.00	59.72
581.50	-5853.52	0.00	123.94
581.60	-5851.52	0.00	186.00
581.70	-5824.76	0.00	245.71
581.80	-5773.86	0.00	302.90
581.90	-5700.44	0.00	357.41
582.00	-5611.88	0.00	409.12
582.10	-5510.07	0.00	457.91
582.20	-5395.52	0.00	503.71
582.30	-5268.72	0.00	546.43
582.40	-5130.16	0.00	586.02
582.50	-4980.36	0.00	622.44
582.60	-4819.81	0.00	655.68
582.70	-4649.01	0.00	685.72
582.80	-4468.47	0.00	712.57
582.90	-4278.72	0.00	736.24
583.00	-4080.29	0.00	756.76
583.10	-3873.71	0.00	774.18
583.20	-3659.55	0.00	788.52
583.30	-3438.37	0.00	799.85
583.40	-3210.78	0.00	808.23
583.50	-2977.37	0.00	813.72
583.60	-2738.77	0.00	816.40
583.70	-2495.64	0.00	816.33
583.80	-2248.64	0.00	813.60
583.90	-1998.46	0.00	808.29
584.00	-1745.81	0.00	800.48
584.10	-1491.40	0.00	790.27
584.20	-1235.99	0.00	777.74
584.30	-980.33	0.00	762.99
584.40	-725.19	0.00	746.11
584.50	-471.33	0.00	727.20
584.60	-219.55	0.00	706.36
584.70	29.38	0.00	683.68
584.80	274.66	0.00	659.28
584.90	515.52	0.00	633.26
585.00	751.20	0.00	605.73
585.10	980.93	0.00	576.79
585.20	1203.98	0.00	546.57
585.30	1419.63	0.00	515.18
585.40	1627.20	0.00	482.74
585.50	1826.03	0.00	449.36
585.60	2015.50	0.00	415.19
585.70	2195.03	0.00	380.33
585.80	2364.08	0.00	344.93
585.90	2522.16	0.00	309.11
586.00	2668.83	0.00	273.01
586.10	2803.72	0.00	236.76
586.20	2926.49	0.00	200.49
586.30	3036.87	0.00	164.35
586.40	3134.66	0.00	128.46
586.50	3219.70	0.00	92.97
586.60	3291.92	0.00	58.00
586.70	3351.28	0.00	23.68
586.80	3397.84	0.00	-9.85
586.90	3431.70	0.00	-42.47
587.00	3453.02	0.00	-74.07
587.10	3462.01	0.00	-104.53
587.20	3458.97	0.00	-133.74
587.30	3444.22	0.00	-161.61
587.40	3418.14	0.00	-188.03
587.50	3381.17	0.00	-212.93
587.60	3333.79	0.00	-236.22
587.70	3276.49	0.00	-257.85
587.80	3209.84	0.00	-277.76
587.90	3135.30	0.00	-295.90
588.00	3055.15	0.00	-312.24
588.10	2969.87	0.00	-326.76
588.20	2879.87	0.00	-339.44
588.30	2785.56	0.00	-350.28
588.40	2687.35	0.00	-359.30
588.50	2585.66	0.00	-366.51
588.60	2480.89	0.00	-371.96
588.70	2373.45	0.00	-375.68
588.80	2263.72	0.00	-377.72
588.90	2152.12	0.00	-378.15
589.00	2039.00	0.00	-377.04
589.10	1924.75	0.00	-374.47
589.20	1809.72	0.00	-370.53
589.30	1694.26	0.00	-365.31
589.40	1578.71	0.00	-358.90
589.50	1463.38	0.00	-351.42
589.60	1348.57	0.00	-342.96
589.70	1234.57	0.00	-333.64
589.80	1121.66	0.00	-323.56
589.90	1010.07	0.00	-312.84
590.00	900.04	0.00	-301.58
590.10	791.79	0.00	-289.89
590.20	685.50	0.00	-277.87
590.30	581.35	0.00	-265.64
590.40	479.49	0.00	-253.27
590.50	380.05	0.00	-240.87
590.60	283.16	0.00	-228.52
590.70	188.91	0.00	-216.29
590.80	97.39	0.00	-204.27
590.90	8.65	0.00	-192.50
591.00	-77.26	0.00	-181.06
591.10	-160.30	0.00	-169.98
591.20	-240.45	0.00	-159.30
591.30	-317.70	0.00	-149.07
591.40	-392.06	0.00	-139.29
591.50	-463.53	0.00	-129.99
591.60	-532.14	0.00	-121.18
591.70	-597.91	0.00	-112.85
591.80	-660.88	0.00	-104.99
591.90	-721.08	0.00	-97.61
592.00	-778.55	0.00	-90.67
592.10	-833.35	0.00	-84.16
592.20	-885.50	0.00	-78.04
592.30	-935.05	0.00	-72.29
592.40	-982.06	0.00	-66.88
592.50	-1026.55	0.00	-61.76
592.60	-1068.58	0.00	-56.90
592.70	-1108.18	0.00	-52.27
592.80	-1145.38	0.00	-47.82
592.90	-1180.22	0.00	-43.52
593.00	-1212.74	0.00	-39.34
593.10	-1242.95	0.00	-35.24
593.20	-1270.90	0.00	-31.19
593.30	-1296.59	0.00	-27.17
593.40	-1320.06	0.00	-23.16
593.50	-1341.33	0.00	-19.14
593.60	-1360.42	0.00	-15.09
593.70	-1377.36	0.00	-11.01
593.80	-1392.16	0.00	-6.89
593.90	-1404.85	0.00	-2.74
594.00	-1415.46	0.00	1.44
594.10	-1424.02	0.00	5.64
594.20	-1430.56	0.00	9.84
594.30	-1435.12	0.00	14.02
594.40	-1437.74	0.00	18.16
594.50	-1438.47	0.00	22.23
594.60	-1437.37	0.00	26.20
594.70	-1434.48	0.00	30.05
594.80	-1429.87	0.00	33.73
594.90	-1423.61	0.00	37.21
595.00	-1415.79	0.00	40.45
595.10	-1406.46	0.00	43.43
595.20	-1395.80	0.00	46.10
595.30	-1384.29	0.00	48.43
595.40	-1372.07	0.00	50.39
595.50	-1359.21	0.00	51.96
595.60	-1345.81	0.00	53.12
595.70	-1331.93	0.00	53.83
595.80	-1317.67	0.00	54.09
595.90	-1303.10	0.00	53.89
596.00	-1288.30	0.00	53.22
596.10	-1273.34	0.00	52.09
596.20	-1258.29	0.00	50.51
596.30	-1243.21	0.00	48.48
596.40	-1228.16	0.00	46.05
596.50	-1213.17	0.00	43.22
596.60	-1198.29	0.00	40.05
596.70	-1183.54	0.00	36.56
596.80	-1168.94	0.00	32.83
596.90	-1154.47	0.00	28.89
597.00	-1140.13	0.00	24.81
597.10	-1125.88	0.00	20.66
597.20	-1111.69	0.00	16.51
597.30	-1097.47	0.00	12.45
597.40	-1083.16	0.00	8.54
597.50	-1068.65	0.00	4.88
597.60	-1053.83	0.00	1.55
597.70	-1038.56	0.00	-1.37
597.80	-1022.69	0.00	-3.77
597.90	-1006.04	0.00	-5.59
598.00	-988.44	0.00	-6.72
598.10	-969.68	0.00	-7.09
598.20	-949.53	0.00	-6.61
598.30	-927.77	0.00	-5.21
598.40	-904.15	0.00	-2.82
598.50	-878.41	0.00	0.62
598.60	-850.29	0.00	5.19
598.70	-819.52	0.00	10.91
598.80	-785.82	0.00	17.84
598.90	-748.91	0.00	26.01
599.00	-708.50	0.00	35.43
599.10	-664.34	0.00	46.11
599.20	-616.13	0.00	58.06
599.30	-563.63	0.00	71.25
599.40	-506.58	0.00	85.65
599.50	-444.76	0.00	101.23
599.60	-377.95	0.00	117.94
599.70	-305.95	0.00	135.69
599.80	-228.62	0.00	154.42
599.90	-145.81	0.00	174.02
600.00	-57.42	0.00	194.38
