Time(s)	Fx(N)	Fy(N)	Fz(N)
0.00	-41051.20	0.00	-5898.19
0.10	-42974.04	0.00	-5249.35
0.20	-44681.69	0.00	-4579.79
0.30	-46162.73	0.00	-3892.16
0.40	-47407.19	0.00	-3189.17
0.50	-48406.62	0.00	-2473.59
0.60	-49154.22	0.00	-1748.25
0.70	-49644.85	0.00	-1016.02
0.80	-49875.15	0.00	-279.77
0.90	-49868.65	0.00	457.59
1.00	-49720.94	0.00	1193.13
1.10	-49441.13	0.00	1923.97
1.20	-49028.72	0.00	2647.22
1.30	-48482.98	0.00	3360.01
1.40	-47803.03	0.00	4059.55
1.50	-46987.89	0.00	4743.07
1.60	-46036.49	0.00	5407.86
1.70	-44947.82	0.00	6051.32
1.80	-43720.93	0.00	6670.89
1.90	-42355.08	0.00	7264.14
2.00	-40849.81	0.00	7828.72
2.10	-39205.01	0.00	8362.40
2.20	-37421.04	0.00	8863.08
2.30	-35498.84	0.00	9328.78
2.40	-33439.98	0.00	9757.66
2.50	-31246.78	0.00	10148.04
2.60	-28922.40	0.00	10498.36
2.70	-26470.86	0.00	10807.25
2.80	-23897.20	0.00	11073.50
2.90	-21207.42	0.00	11296.04
3.00	-18408.62	0.00	11474.00
3.10	-15508.98	0.00	11606.67
3.20	-12517.75	0.00	11693.54
3.30	-9445.32	0.00	11734.26
3.40	-6303.13	0.00	11728.68
3.50	-3103.68	0.00	11676.80
3.60	139.56	0.00	11578.84
3.70	3412.15	0.00	11435.19
3.80	6698.84	0.00	11246.40
3.90	9983.64	0.00	11013.23
4.00	13249.88	0.00	10736.60
4.10	16480.42	0.00	10417.59
4.20	19657.72	0.00	10057.47
4.30	22764.02	0.00	9657.66
4.40	25781.47	0.00	9219.74
4.50	28692.30	0.00	8745.42
4.60	31478.97	0.00	8236.60
4.70	34124.37	0.00	7695.27
4.80	36611.95	0.00	7123.56
4.90	38925.87	0.00	6523.75
5.00	41051.20	0.00	5898.19
5.10	42974.04	0.00	5249.35
5.20	44681.69	0.00	4579.79
5.30	46162.73	0.00	3892.16
5.40	47407.19	0.00	3189.17
5.50	48406.62	0.00	2473.59
5.60	49154.22	0.00	1748.25
5.70	49644.85	0.00	1016.02
5.80	49875.15	0.00	279.77
5.90	49868.65	0.00	-457.59
6.00	49720.94	0.00	-1193.13
6.10	49441.13	0.00	-1923.97
6.20	49028.72	0.00	-2647.22
6.30	48482.98	0.00	-3360.01
6.40	47803.03	0.00	-4059.55
6.50	46987.89	0.00	-4743.07
6.60	46036.49	0.00	-5407.86
6.70	44947.82	0.00	-6051.32
6.80	43720.93	0.00	-6670.89
6.90	42355.08	0.00	-7264.14
7.00	40849.81	0.00	-7828.72
7.10	39205.01	0.00	-8362.40
7.20	37421.04	0.00	-8863.08
7.30	35498.84	0.00	-9328.78
7.40	33439.98	0.00	-9757.66
7.50	31246.78	0.00	-10148.04
7.60	28922.40	0.00	-10498.36
7.70	26470.86	0.00	-10807.25
7.80	23897.20	0.00	-11073.50
7.90	21207.42	0.00	-11296.04
8.00	18408.62	0.00	-11474.00
8.10	15508.98	0.00	-11606.67
8.20	12517.75	0.00	-11693.54
8.30	9445.32	0.00	-11734.26
8.40	6303.13	0.00	-11728.68
8.50	3103.68	0.00	-11676.80
8.60	-139.56	0.00	-11578.84
8.70	-3412.15	0.00	-11435.19
8.80	-6698.84	0.00	-11246.40
8.90	-9983.64	0.00	-11013.23
9.00	-13249.88	0.00	-10736.60
9.10	-16480.42	0.00	-10417.59
9.20	-19657.72	0.00	-10057.47
9.30	-22764.02	0.00	-9657.66
9.40	-25781.47	0.00	-9219.74
9.50	-28692.30	0.00	-8745.42
9.60	-31478.97	0.00	-8236.60
9.70	-34124.37	0.00	-7695.27
9.80	-36611.95	0.00	-7123.56
9.90	-38925.87	0.00	-6523.75
10.00	-41051.20	0.00	-5898.19
10.10	-42974.04	0.00	-5249.35
10.20	-44681.69	0.00	-4579.79
10.30	-46162.73	0.00	-3892.16
10.40	-47407.19	0.00	-3189.17
10.50	-48406.62	0.00	-2473.59
10.60	-49154.22	0.00	-1748.25
10.70	-49644.85	0.00	-1016.02
10.80	-49875.15	0.00	-279.77
10.90	-49868.65	0.00	457.59
11.00	-49720.94	0.00	1193.13
11.10	-49441.13	0.00	1923.97
11.20	-49028.72	0.00	2647.22
11.30	-48482.98	0.00	3360.01
11.40	-47803.03	0.00	4059.55
11.50	-46987.89	0.00	4743.07
11.60	-46036.49	0.00	5407.86
11.70	-44947.82	0.00	6051.32
11.80	-43720.93	0.00	6670.89
11.90	-42355.08	0.00	7264.14
12.00	-40849.81	0.00	7828.72
12.10	-39205.01	0.00	8362.40
12.20	-37421.04	0.00	8863.08
12.30	-35498.84	0.00	9328.78
12.40	-33439.98	0.00	9757.66
12.50	-31246.78	0.00	10148.04
12.60	-28922.40	0.00	10498.36
12.70	-26470.86	0.00	10807.25
12.80	-23897.20	0.00	11073.50
12.90	-21207.42	0.00	11296.04
13.00	-18408.62	0.00	11474.00
13.10	-15508.98	0.00	11606.67
13.20	-12517.75	0.00	11693.54
13.30	-9445.32	0.00	11734.26
13.40	-6303.13	0.00	11728.68
13.50	-3103.68	0.00	11676.80
13.60	139.56	0.00	11578.84
13.70	3412.15	0.00	11435.19
13.80	6698.84	0.00	11246.40
13.90	9983.64	0.00	11013.23
14.00	13249.88	0.00	10736.60
14.10	16480.42	0.00	10417.59
14.20	19657.72	0.00	10057.47
14.30	22764.02	0.00	9657.66
14.40	25781.47	0.00	9219.74
14.50	28692.30	0.00	8745.42
14.60	31478.97	0.00	8236.60
14.70	34124.37	0.00	7695.27
14.80	36611.95	0.00	7123.56
14.90	38925.87	0.00	6523.75
15.00	41051.20	0.00	5898.19
15.10	42974.04	0.00	5249.35
15.20	44681.69	0.00	4579.79
15.30	46162.73	0.00	3892.16
15.40	47407.19	0.00	3189.17
15.50	48406.62	0.00	2473.59
15.60	49154.22	0.00	1748.25
15.70	49644.85	0.00	1016.02
15.80	49875.15	0.00	279.77
15.90	49868.65	0.00	-457.59
16.00	49720.94	0.00	-1193.13
16.10	49441.13	0.00	-1923.97
16.20	49028.72	0.00	-2647.22
16.30	48482.98	0.00	-3360.01
16.40	47803.03	0.00	-4059.55
16.50	46987.89	0.00	-4743.07
16.60	46036.49	0.00	-5407.86
16.70	44947.82	0.00	-6051.32
16.80	43720.93	0.00	-6670.89
16.90	42355.08	0.00	-7264.14
17.00	40849.81	0.00	-7828.72
17.10	39205.01	0.00	-8362.40
17.20	37421.04	0.00	-8863.08
17.30	35498.84	0.00	-9328.78
17.40	33439.98	0.00	-9757.66
17.50	31246.78	0.00	-10148.04
17.60	28922.40	0.00	-10498.36
17.70	26470.86	0.00	-10807.25
17.80	23897.20	0.00	-11073.50
17.90	21207.42	0.00	-11296.04
18.00	18408.62	0.00	-11474.00
18.10	15508.98	0.00	-11606.67
18.20	12517.75	0.00	-11693.54
18.30	9445.32	0.00	-11734.26
18.40	6303.13	0.00	-11728.68
18.50	3103.68	0.00	-11676.80
18.60	-139.56	0.00	-11578.84
18.70	-3412.15	0.00	-11435.19
18.80	-6698.84	0.00	-11246.40
18.90	-9983.64	0.00	-11013.23
19.00	-13249.88	0.00	-10736.60
19.10	-16480.42	0.00	-10417.59
19.20	-19657.72	0.00	-10057.47
19.30	-22764.02	0.00	-9657.66
19.40	-25781.47	0.00	-9219.74
19.50	-28692.30	0.00	-8745.42
19.60	-31478.97	0.00	-8236.60
19.70	-34124.37	0.00	-7695.27
19.80	-36611.95	0.00	-7123.56
19.90	-38925.87	0.00	-6523.75
20.00	-41051.20	0.00	-5898.19
20.10	-42974.04	0.00	-5249.35
20.20	-44681.69	0.00	-4579.79
20.30	-46162.73	0.00	-3892.16
20.40	-47407.19	0.00	-3189.17
20.50	-48406.62	0.00	-2473.59
20.60	-49154.22	0.00	-1748.25
20.70	-49644.85	0.00	-1016.02
20.80	-49875.15	0.00	-279.77
20.90	-49868.65	0.00	457.59
21.00	-49720.94	0.00	1193.13
21.10	-49441.13	0.00	1923.97
21.20	-49028.72	0.00	2647.22
21.30	-48482.98	0.00	3360.01
21.40	-47803.03	0.00	4059.55
21.50	-46987.89	0.00	4743.07
21.60	-46036.49	0.00	5407.86
21.70	-44947.82	0.00	6051.32
21.80	-43720.93	0.00	6670.89
21.90	-42355.08	0.00	7264.14
22.00	-40849.81	0.00	7828.72
22.10	-39205.01	0.00	8362.40
22.20	-37421.04	0.00	8863.08
22.30	-35498.84	0.00	9328.78
22.40	-33439.98	0.00	9757.66
22.50	-31246.78	0.00	10148.04
22.60	-28922.40	0.00	10498.36
22.70	-26470.86	0.00	10807.25
22.80	-23897.20	0.00	11073.50
22.90	-21207.42	0.00	11296.04
23.00	-18408.62	0.00	11474.00
23.10	-15508.98	0.00	11606.67
23.20	-12517.75	0.00	11693.54
23.30	-9445.32	0.00	11734.26
23.40	-6303.13	0.00	11728.68
23.50	-3103.68	0.00	11676.80
23.60	139.56	0.00	11578.84
23.70	3412.15	0.00	11435.19
23.80	6698.84	0.00	11246.40
23.90	9983.64	0.00	11013.23
24.00	13249.88	0.00	10736.60
24.10	16480.42	0.00	10417.59
24.20	19657.72	0.00	10057.47
24.30	22764.02	0.00	9657.66
24.40	25781.47	0.00	9219.74
24.50	28692.30	0.00	8745.42
24.60	31478.97	0.00	8236.60
24.70	34124.37	0.00	7695.27
24.80	36611.95	0.00	7123.56
24.90	38925.87	0.00	6523.75
25.00	41051.20	0.00	5898.19
25.10	42974.04	0.00	5249.35
25.20	44681.69	0.00	4579.79
25.30	46162.73	0.00	3892.16
25.40	47407.19	0.00	3189.17
25.50	48406.62	0.00	2473.59
25.60	49154.22	0.00	1748.25
25.70	49644.85	0.00	1016.02
25.80	49875.15	0.00	279.77
25.90	49868.65	0.00	-457.59
26.00	49720.94	0.00	-1193.13
26.10	49441.13	0.00	-1923.97
26.20	49028.72	0.00	-2647.22
26.30	48482.98	0.00	-3360.01
26.40	47803.03	0.00	-4059.55
26.50	46987.89	0.00	-4743.07
26.60	46036.49	0.00	-5407.86
26.70	44947.82	0.00	-6051.32
26.80	43720.93	0.00	-6670.89
26.90	42355.08	0.00	-7264.14
27.00	40849.81	0.00	-7828.72
27.10	39205.01	0.00	-8362.40
27.20	37421.04	0.00	-8863.08
27.30	35498.84	0.00	-9328.78
27.40	33439.98	0.00	-9757.66
27.50	31246.78	0.00	-10148.04
27.60	28922.40	0.00	-10498.36
27.70	26470.86	0.00	-10807.25
27.80	23897.20	0.00	-11073.50
27.90	21207.42	0.00	-11296.04
28.00	18408.62	0.00	-11474.00
28.10	15508.98	0.00	-11606.67
28.20	12517.75	0.00	-11693.54
28.30	9445.32	0.00	-11734.26
28.40	6303.13	0.00	-11728.68
28.50	3103.68	0.00	-11676.80
28.60	-139.56	0.00	-11578.84
28.70	-3412.15	0.00	-11435.19
28.80	-6698.84	0.00	-11246.40
28.90	-9983.64	0.00	-11013.23
29.00	-13249.88	0.00	-10736.60
29.10	-16480.42	0.00	-10417.59
29.20	-19657.72	0.00	-10057.47
29.30	-22764.02	0.00	-9657.66
29.40	-25781.47	0.00	-9219.74
29.50	-28692.30	0.00	-8745.42
29.60	-31478.97	0.00	-8236.60
29.70	-34124.37	0.00	-7695.27
29.80	-36611.95	0.00	-7123.56
29.90	-38925.87	0.00	-6523.75
30.00	-41051.20	0.00	-5898.19
30.10	-42974.04	0.00	-5249.35
30.20	-44681.69	0.00	-4579.79
30.30	-46162.73	0.00	-3892.16
30.40	-47407.19	0.00	-3189.17
30.50	-48406.62	0.00	-2473.59
30.60	-49154.22	0.00	-1748.25
30.70	-49644.85	0.00	-1016.02
30.80	-49875.15	0.00	-279.77
30.90	-49868.65	0.00	457.59
31.00	-49720.94	0.00	1193.13
31.10	-49441.13	0.00	1923.97
31.20	-49028.72	0.00	2647.22
31.30	-48482.98	0.00	3360.01
31.40	-47803.03	0.00	4059.55
31.50	-46987.89	0.00	4743.07
31.60	-46036.49	0.00	5407.86
31.70	-44947.82	0.00	6051.32
31.80	-43720.93	0.00	6670.89
31.90	-42355.08	0.00	7264.14
32.00	-40849.81	0.00	7828.72
32.10	-39205.01	0.00	8362.40
32.20	-37421.04	0.00	8863.08
32.30	-35498.84	0.00	9328.78
32.40	-33439.98	0.00	9757.66
32.50	-31246.78	0.00	10148.04
32.60	-28922.40	0.00	10498.36
32.70	-26470.86	0.00	10807.25
32.80	-23897.20	0.00	11073.50
32.90	-21207.42	0.00	11296.04
33.00	-18408.62	0.00	11474.00
33.10	-15508.98	0.00	11606.67
33.20	-12517.75	0.00	11693.54
33.30	-9445.32	0.00	11734.26
33.40	-6303.13	0.00	11728.68
33.50	-3103.68	0.00	11676.80
33.60	139.56	0.00	11578.84
33.70	3412.15	0.00	11435.19
33.80	6698.84	0.00	11246.40
33.90	9983.64	0.00	11013.23
34.00	13249.88	0.00	10736.60
34.10	16480.42	0.00	10417.59
34.20	19657.72	0.00	10057.47
34.30	22764.02	0.00	9657.66
34.40	25781.47	0.00	9219.74
34.50	28692.30	0.00	8745.42
34.60	31478.97	0.00	8236.60
34.70	34124.37	0.00	7695.27
34.80	36611.95	0.00	7123.56
34.90	38925.87	0.00	6523.75
35.00	41051.20	0.00	5898.19
35.10	42974.04	0.00	5249.35
35.20	44681.69	0.00	4579.79
35.30	46162.73	0.00	3892.16
35.40	47407.19	0.00	3189.17
35.50	48406.62	0.00	2473.59
35.60	49154.22	0.00	1748.25
35.70	49644.85	0.00	1016.02
35.80	49875.15	0.00	279.77
35.90	49868.65	0.00	-457.59
36.00	49720.94	0.00	-1193.13
36.10	49441.13	0.00	-1923.97
36.20	49028.72	0.00	-2647.22
36.30	48482.98	0.00	-3360.01
36.40	47803.03	0.00	-4059.55
36.50	46987.89	0.00	-4743.07
36.60	46036.49	0.00	-5407.86
36.70	44947.82	0.00	-6051.32
36.80	43720.93	0.00	-6670.89
36.90	42355.08	0.00	-7264.14
37.00	40849.81	0.00	-7828.72
37.10	39205.01	0.00	-8362.40
37.20	37421.04	0.00	-8863.08
37.30	35498.84	0.00	-9328.78
37.40	33439.98	0.00	-9757.66
37.50	31246.78	0.00	-10148.04
37.60	28922.40	0.00	-10498.36
37.70	26470.86	0.00	-10807.25
37.80	23897.20	0.00	-11073.50
37.90	21207.42	0.00	-11296.04
38.00	18408.62	0.00	-11474.00
38.10	15508.98	0.00	-11606.67
38.20	12517.75	0.00	-11693.54
38.30	9445.32	0.00	-11734.26
38.40	6303.13	0.00	-11728.68
38.50	3103.68	0.00	-11676.80
38.60	-139.56	0.00	-11578.84
38.70	-3412.15	0.00	-11435.19
38.80	-6698.84	0.00	-11246.40
38.90	-9983.64	0.00	-11013.23
39.00	-13249.88	0.00	-10736.60
39.10	-16480.42	0.00	-10417.59
39.20	-19657.72	0.00	-10057.47
39.30	-22764.02	0.00	-9657.66
39.40	-25781.47	0.00	-9219.74
39.50	-28692.30	0.00	-8745.42
39.60	-31478.97	0.00	-8236.60
39.70	-34124.37	0.00	-7695.27
39.80	-36611.95	0.00	-7123.56
39.90	-38925.87	0.00	-6523.75
40.00	-41051.20	0.00	-5898.19
40.10	-42974.04	0.00	-5249.35
40.20	-44681.69	0.00	-4579.79
40.30	-46162.73	0.00	-3892.16
40.40	-47407.19	0.00	-3189.17
40.50	-48406.62	0.00	-2473.59
40.60	-49154.22	0.00	-1748.25
40.70	-49644.85	0.00	-1016.02
40.80	-49875.15	0.00	-279.77
40.90	-49868.65	0.00	457.59
41.00	-49720.94	0.00	1193.13
41.10	-49441.13	0.00	1923.97
41.20	-49028.72	0.00	2647.22
41.30	-48482.98	0.00	3360.01
41.40	-47803.03	0.00	4059.55
41.50	-46987.89	0.00	4743.07
41.60	-46036.49	0.00	5407.86
41.70	-44947.82	0.00	6051.32
41.80	-43720.93	0.00	6670.89
41.90	-42355.08	0.00	7264.14
42.00	-40849.81	0.00	7828.72
42.10	-39205.01	0.00	8362.40
42.20	-37421.04	0.00	8863.08
42.30	-35498.84	0.00	9328.78
42.40	-33439.98	0.00	9757.66
42.50	-31246.78	0.00	10148.04
42.60	-28922.40	0.00	10498.36
42.70	-26470.86	0.00	10807.25
42.80	-23897.20	0.00	11073.50
42.90	-21207.42	0.00	11296.04
43.00	-18408.62	0.00	11474.00
43.10	-15508.98	0.00	11606.67
43.20	-12517.75	0.00	11693.54
43.30	-9445.32	0.00	11734.26
43.40	-6303.13	0.00	11728.68
43.50	-3103.68	0.00	11676.80
43.60	139.56	0.00	11578.84
43.70	3412.15	0.00	11435.19
43.80	6698.84	0.00	11246.40
43.90	9983.64	0.00	11013.23
44.00	13249.88	0.00	10736.60
44.10	16480.42	0.00	10417.59
44.20	19657.72	0.00	10057.47
44.30	22764.02	0.00	9657.66
44.40	25781.47	0.00	9219.74
44.50	28692.30	0.00	8745.42
44.60	31478.97	0.00	8236.60
44.70	34124.37	0.00	7695.27
44.80	36611.95	0.00	7123.56
44.90	38925.87	0.00	6523.75
45.00	41051.20	0.00	5898.19
45.10	42974.04	0.00	5249.35
45.20	44681.69	0.00	4579.79
45.30	46162.73	0.00	3892.16
45.40	47407.19	0.00	3189.17
45.50	48406.62	0.00	2473.59
45.60	49154.22	0.00	1748.25
45.70	49644.85	0.00	1016.02
45.80	49875.15	0.00	279.77
45.90	49868.65	0.00	-457.59
46.00	49720.94	0.00	-1193.13
46.10	49441.13	0.00	-1923.97
46.20	49028.72	0.00	-2647.22
46.30	48482.98	0.00	-3360.01
46.40	47803.03	0.00	-4059.55
46.50	46987.89	0.00	-4743.07
46.60	46036.49	0.00	-5407.86
46.70	44947.82	0.00	-6051.32
46.80	43720.93	0.00	-6670.89
46.90	42355.08	0.00	-7264.14
47.00	40849.81	0.00	-7828.72
47.10	39205.01	0.00	-8362.40
47.20	37421.04	0.00	-8863.08
47.30	35498.84	0.00	-9328.78
47.40	33439.98	0.00	-9757.66
47.50	31246.78	0.00	-10148.04
47.60	28922.40	0.00	-10498.36
47.70	26470.86	0.00	-10807.25
47.80	23897.20	0.00	-11073.50
47.90	21207.42	0.00	-11296.04
48.00	18408.62	0.00	-11474.00
48.10	15508.98	0.00	-11606.67
48.20	12517.75	0.00	-11693.54
48.30	9445.32	0.00	-11734.26
48.40	6303.13	0.00	-11728.68
48.50	3103.68	0.00	-11676.80
48.60	-139.56	0.00	-11578.84
48.70	-3412.15	0.00	-11435.19
48.80	-6698.84	0.00	-11246.40
48.90	-9983.64	0.00	-11013.23
49.00	-13249.88	0.00	-10736.60
49.10	-16480.42	0.00	-10417.59
49.20	-19657.72	0.00	-10057.47
49.30	-22764.02	0.00	-9657.66
49.40	-25781.47	0.00	-9219.74
49.50	-28692.30	0.00	-8745.42
49.60	-31478.97	0.00	-8236.60
49.70	-34124.37	0.00	-7695.27
49.80	-36611.95	0.00	-7123.56
49.90	-38925.87	0.00	-6523.75
50.00	-41051.20	0.00	-5898.19
50.10	-42974.04	0.00	-5249.35
50.20	-44681.69	0.00	-4579.79
50.30	-46162.73	0.00	-3892.16
50.40	-47407.19	0.00	-3189.17
50.50	-48406.62	0.00	-2473.59
50.60	-49154.22	0.00	-1748.25
50.70	-49644.85	0.00	-1016.02
50.80	-49875.15	0.00	-279.77
50.90	-49868.65	0.00	457.59
51.00	-49720.94	0.00	1193.13
51.10	-49441.13	0.00	1923.97
51.20	-49028.72	0.00	2647.22
51.30	-48482.98	0.00	3360.01
51.40	-47803.03	0.00	4059.55
51.50	-46987.89	0.00	4743.07
51.60	-46036.49	0.00	5407.86
51.70	-44947.82	0.00	6051.32
51.80	-43720.93	0.00	6670.89
51.90	-42355.08	0.00	7264.14
52.00	-40849.81	0.00	7828.72
52.10	-39205.01	0.00	8362.40
52.20	-37421.04	0.00	8863.08
52.30	-35498.84	0.00	9328.78
52.40	-33439.98	0.00	9757.66
52.50	-31246.78	0.00	10148.04
52.60	-28922.40	0.00	10498.36
52.70	-26470.86	0.00	10807.25
52.80	-23897.20	0.00	11073.50
52.90	-21207.42	0.00	11296.04
53.00	-18408.62	0.00	11474.00
53.10	-15508.98	0.00	11606.67
53.20	-12517.75	0.00	11693.54
53.30	-9445.32	0.00	11734.26
53.40	-6303.13	0.00	11728.68
53.50	-3103.68	0.00	11676.80
53.60	139.56	0.00	11578.84
53.70	3412.15	0.00	11435.19
53.80	6698.84	0.00	11246.40
53.90	9983.64	0.00	11013.23
54.00	13249.88	0.00	10736.60
54.10	16480.42	0.00	10417.59
54.20	19657.72	0.00	10057.47
54.30	22764.02	0.00	9657.66
54.40	25781.47	0.00	9219.74
54.50	28692.30	0.00	8745.42
54.60	31478.97	0.00	8236.60
54.70	34124.37	0.00	7695.27
54.80	36611.95	0.00	7123.56
54.90	38925.87	0.00	6523.75
55.00	41051.20	0.00	5898.19
55.10	42974.04	0.00	5249.35
55.20	44681.69	0.00	4579.79
55.30	46162.73	0.00	3892.16
55.40	47407.19	0.00	3189.17
55.50	48406.62	0.00	2473.59
55.60	49154.22	0.00	1748.25
55.70	49644.85	0.00	1016.02
55.80	49875.15	0.00	279.77
55.90	49868.65	0.00	-457.59
56.00	49720.94	0.00	-1193.13
56.10	49441.13	0.00	-1923.97
56.20	49028.72	0.00	-2647.22
56.30	48482.98	0.00	-3360.01
56.40	47803.03	0.00	-4059.55
56.50	46987.89	0.00	-4743.07
56.60	46036.49	0.00	-5407.86
56.70	44947.82	0.00	-6051.32
56.80	43720.93	0.00	-6670.89
56.90	42355.08	0.00	-7264.14
57.00	40849.81	0.00	-7828.72
57.10	39205.01	0.00	-8362.40
57.20	37421.04	0.00	-8863.08
57.30	35498.84	0.00	-9328.78
57.40	33439.98	0.00	-9757.66
57.50	31246.78	0.00	-10148.04
57.60	28922.40	0.00	-10498.36
57.70	26470.86	0.00	-10807.25
57.80	23897.20	0.00	-11073.50
57.90	21207.42	0.00	-11296.04
58.00	18408.62	0.00	-11474.00
58.10	15508.98	0.00	-11606.67
58.20	12517.75	0.00	-11693.54
58.30	9445.32	0.00	-11734.26
58.40	6303.13	0.00	-11728.68
58.50	3103.68	0.00	-11676.80
58.60	-139.56	0.00	-11578.84
58.70	-3412.15	0.00	-11435.19
58.80	-6698.84	0.00	-11246.40
58.90	-9983.64	0.00	-11013.23
59.00	-13249.88	0.00	-10736.60
59.10	-16480.42	0.00	-10417.59
59.20	-19657.72	0.00	-10057.47
59.30	-22764.02	0.00	-9657.66
59.40	-25781.47	0.00	-9219.74
59.50	-28692.30	0.00	-8745.42
59.60	-31478.97	0.00	-8236.60
59.70	-34124.37	0.00	-7695.27
59.80	-36611.95	0.00	-7123.56
59.90	-38925.87	0.00	-6523.75
60.00	-41051.20	0.00	-5898.19
60.10	-42974.04	0.00	-5249.35
60.20	-44681.69	0.00	-4579.79
60.30	-46162.73	0.00	-3892.16
60.40	-47407.19	0.00	-3189.17
60.50	-48406.62	0.00	-2473.59
60.60	-49154.22	0.00	-1748.25
60.70	-49644.85	0.00	-1016.02
60.80	-49875.15	0.00	-279.77
60.90	-49868.65	0.00	457.59
61.00	-49720.94	0.00	1193.13
61.10	-49441.13	0.00	1923.97
61.20	-49028.72	0.00	2647.22
61.30	-48482.98	0.00	3360.01
61.40	-47803.03	0.00	4059.55
61.50	-46987.89	0.00	4743.07
61.60	-46036.49	0.00	5407.86
61.70	-44947.82	0.00	6051.32
61.80	-43720.93	0.00	6670.89
61.90	-42355.08	0.00	7264.14
62.00	-40849.81	0.00	7828.72
62.10	-39205.01	0.00	8362.40
62.20	-37421.04	0.00	8863.08
62.30	-35498.84	0.00	9328.78
62.40	-33439.98	0.00	9757.66
62.50	-31246.78	0.00	10148.04
62.60	-28922.40	0.00	10498.36
62.70	-26470.86	0.00	10807.25
62.80	-23897.20	0.00	11073.50
62.90	-21207.42	0.00	11296.04
63.00	-18408.62	0.00	11474.00
63.10	-15508.98	0.00	11606.67
63.20	-12517.75	0.00	11693.54
63.30	-9445.32	0.00	11734.26
63.40	-6303.13	0.00	11728.68
63.50	-3103.68	0.00	11676.80
63.60	139.56	0.00	11578.84
63.70	3412.15	0.00	11435.19
63.80	6698.84	0.00	11246.40
63.90	9983.64	0.00	11013.23
64.00	13249.88	0.00	10736.60
64.10	16480.42	0.00	10417.59
64.20	19657.72	0.00	10057.47
64.30	22764.02	0.00	9657.66
64.40	25781.47	0.00	9219.74
64.50	28692.30	0.00	8745.42
64.60	31478.97	0.00	8236.60
64.70	34124.37	0.00	7695.27
64.80	36611.95	0.00	7123.56
64.90	38925.87	0.00	6523.75
65.00	41051.20	0.00	5898.19
65.10	42974.04	0.00	5249.35
65.20	44681.69	0.00	4579.79
65.30	46162.73	0.00	3892.16
65.40	47407.19	0.00	3189.17
65.50	48406.62	0.00	2473.59
65.60	49154.22	0.00	1748.25
65.70	49644.85	0.00	1016.02
65.80	49875.15	0.00	279.77
65.90	49868.65	0.00	-457.59
66.00	49720.94	0.00	-1193.13
66.10	49441.13	0.00	-1923.97
66.20	49028.72	0.00	-2647.22
66.30	48482.98	0.00	-3360.01
66.40	47803.03	0.00	-4059.55
66.50	46987.89	0.00	-4743.07
66.60	46036.49	0.00	-5407.86
66.70	44947.82	0.00	-6051.32
66.80	43720.93	0.00	-6670.89
66.90	42355.08	0.00	-7264.14
67.00	40849.81	0.00	-7828.72
67.10	39205.01	0.00	-8362.40
67.20	37421.04	0.00	-8863.08
67.30	35498.84	0.00	-9328.78
67.40	33439.98	0.00	-9757.66
67.50	31246.78	0.00	-10148.04
67.60	28922.40	0.00	-10498.36
67.70	26470.86	0.00	-10807.25
67.80	23897.20	0.00	-11073.50
67.90	21207.42	0.00	-11296.04
68.00	18408.62	0.00	-11474.00
68.10	15508.98	0.00	-11606.67
68.20	12517.75	0.00	-11693.54
68.30	9445.32	0.00	-11734.26
68.40	6303.13	0.00	-11728.68
68.50	3103.68	0.00	-11676.80
68.60	-139.56	0.00	-11578.84
68.70	-3412.15	0.00	-11435.19
68.80	-6698.84	0.00	-11246.40
68.90	-9983.64	0.00	-11013.23
69.00	-13249.88	0.00	-10736.60
69.10	-16480.42	0.00	-10417.59
69.20	-19657.72	0.00	-10057.47
69.30	-22764.02	0.00	-9657.66
69.40	-25781.47	0.00	-9219.74
69.50	-28692.30	0.00	-8745.42
69.60	-31478.97	0.00	-8236.60
69.70	-34124.37	0.00	-7695.27
69.80	-36611.95	0.00	-7123.56
69.90	-38925.87	0.00	-6523.75
70.00	-41051.20	0.00	-5898.19
70.10	-42974.04	0.00	-5249.35
70.20	-44681.69	0.00	-4579.79
70.30	-46162.73	0.00	-3892.16
70.40	-47407.19	0.00	-3189.17
70.50	-48406.62	0.00	-2473.59
70.60	-49154.22	0.00	-1748.25
70.70	-49644.85	0.00	-1016.02
70.80	-49875.15	0.00	-279.77
70.90	-49868.65	0.00	457.59
71.00	-49720.94	0.00	1193.13
71.10	-49441.13	0.00	1923.97
71.20	-49028.72	0.00	2647.22
71.30	-48482.98	0.00	3360.01
71.40	-47803.03	0.00	4059.55
71.50	-46987.89	0.00	4743.07
71.60	-46036.49	0.00	5407.86
71.70	-44947.82	0.00	6051.32
71.80	-43720.93	0.00	6670.89
71.90	-42355.08	0.00	7264.14
72.00	-40849.81	0.00	7828.72
72.10	-39205.01	0.00	8362.40
72.20	-37421.04	0.00	8863.08
72.30	-35498.84	0.00	9328.78
72.40	-33439.98	0.00	9757.66
72.50	-31246.78	0.00	10148.04
72.60	-28922.40	0.00	10498.36
72.70	-26470.86	0.00	10807.25
72.80	-23897.20	0.00	11073.50
72.90	-21207.42	0.00	11296.04
73.00	-18408.62	0.00	11474.00
73.10	-15508.98	0.00	11606.67
73.20	-12517.75	0.00	11693.54
73.30	-9445.32	0.00	11734.26
73.40	-6303.13	0.00	11728.68
73.50	-3103.68	0.00	11676.80
73.60	139.56	0.00	11578.84
73.70	3412.15	0.00	11435.19
73.80	6698.84	0.00	11246.40
73.90	9983.64	0.00	11013.23
74.00	13249.88	0.00	10736.60
74.10	16480.42	0.00	10417.59
74.20	19657.72	0.00	10057.47
74.30	22764.02	0.00	9657.66
74.40	25781.47	0.00	9219.74
74.50	28692.30	0.00	8745.42
74.60	31478.97	0.00	8236.60
74.70	34124.37	0.00	7695.27
74.80	36611.95	0.00	7123.56
74.90	38925.87	0.00	6523.75
75.00	41051.20	0.00	5898.19
75.10	42974.04	0.00	5249.35
75.20	44681.69	0.00	4579.79
75.30	46162.73	0.00	3892.16
75.40	47407.19	0.00	3189.17
75.50	48406.62	0.00	2473.59
75.60	49154.22	0.00	1748.25
75.70	49644.85	0.00	1016.02
75.80	49875.15	0.00	279.77
75.90	49868.65	0.00	-457.59
76.00	49720.94	0.00	-1193.13
76.10	49441.13	0.00	-1923.97
76.20	49028.72	0.00	-2647.22
76.30	48482.98	0.00	-3360.01
76.40	47803.03	0.00	-4059.55
76.50	46987.89	0.00	-4743.07
76.60	46036.49	0.00	-5407.86
76.70	44947.82	0.00	-6051.32
76.80	43720.93	0.00	-6670.89
76.90	42355.08	0.00	-7264.14
77.00	40849.81	0.00	-7828.72
77.10	39205.01	0.00	-8362.40
77.20	37421.04	0.00	-8863.08
77.30	35498.84	0.00	-9328.78
77.40	33439.98	0.00	-9757.66
77.50	31246.78	0.00	-10148.04
77.60	28922.40	0.00	-10498.36
77.70	26470.86	0.00	-10807.25
77.80	23897.20	0.00	-11073.50
77.90	21207.42	0.00	-11296.04
78.00	18408.62	0.00	-11474.00
78.10	15508.98	0.00	-11606.67
78.20	12517.75	0.00	-11693.54
78.30	9445.32	0.00	-11734.26
78.40	6303.13	0.00	-11728.68
78.50	3103.68	0.00	-11676.80
78.60	-139.56	0.00	-11578.84
78.70	-3412.15	0.00	-11435.19
78.80	-6698.84	0.00	-11246.40
78.90	-9983.64	0.00	-11013.23
79.00	-13249.88	0.00	-10736.60
79.10	-16480.42	0.00	-10417.59
79.20	-19657.72	0.00	-10057.47
79.30	-22764.02	0.00	-9657.66
79.40	-25781.47	0.00	-9219.74
79.50	-28692.30	0.00	-8745.42
79.60	-31478.97	0.00	-8236.60
79.70	-34124.37	0.00	-7695.27
79.80	-36611.95	0.00	-7123.56
79.90	-38925.87	0.00	-6523.75
80.00	-41051.20	0.00	-5898.19
80.10	-42974.04	0.00	-5249.35
80.20	-44681.69	0.00	-4579.79
80.30	-46162.73	0.00	-3892.16
80.40	-47407.19	0.00	-3189.17
80.50	-48406.62	0.00	-2473.59
80.60	-49154.22	0.00	-1748.25
80.70	-49644.85	0.00	-1016.02
80.80	-49875.15	0.00	-279.77
80.90	-49868.65	0.00	457.59
81.00	-49720.94	0.00	1193.13
81.10	-49441.13	0.00	1923.97
81.20	-49028.72	0.00	2647.22
81.30	-48482.98	0.00	3360.01
81.40	-47803.03	0.00	4059.55
81.50	-46987.89	0.00	4743.07
81.60	-46036.49	0.00	5407.86
81.70	-44947.82	0.00	6051.32
81.80	-43720.93	0.00	6670.89
81.90	-42355.08	0.00	7264.14
82.00	-40849.81	0.00	7828.72
82.10	-39205.01	0.00	8362.40
82.20	-37421.04	0.00	8863.08
82.30	-35498.84	0.00	9328.78
82.40	-33439.98	0.00	9757.66
82.50	-31246.78	0.00	10148.04
82.60	-28922.40	0.00	10498.36
82.70	-26470.86	0.00	10807.25
82.80	-23897.20	0.00	11073.50
82.90	-21207.42	0.00	11296.04
83.00	-18408.62	0.00	11474.00
83.10	-15508.98	0.00	11606.67
83.20	-12517.75	0.00	11693.54
83.30	-9445.32	0.00	11734.26
83.40	-6303.13	0.00	11728.68
83.50	-3103.68	0.00	11676.80
83.60	139.56	0.00	11578.84
83.70	3412.15	0.00	11435.19
83.80	6698.84	0.00	11246.40
83.90	9983.64	0.00	11013.23
84.00	13249.88	0.00	10736.60
84.10	16480.42	0.00	10417.59
84.20	19657.72	0.00	10057.47
84.30	22764.02	0.00	9657.66
84.40	25781.47	0.00	9219.74
84.50	28692.30	0.00	8745.42
84.60	31478.97	0.00	8236.60
84.70	34124.37	0.00	7695.27
84.80	36611.95	0.00	7123.56
84.90	38925.87	0.00	6523.75
85.00	41051.20	0.00	5898.19
85.10	42974.04	0.00	5249.35
85.20	44681.69	0.00	4579.79
85.30	46162.73	0.00	3892.16
85.40	47407.19	0.00	3189.17
85.50	48406.62	0.00	2473.59
85.60	49154.22	0.00	1748.25
85.70	49644.85	0.00	1016.02
85.80	49875.15	0.00	279.77
85.90	49868.65	0.00	-457.59
86.00	49720.94	0.00	-1193.13
86.10	49441.13	0.00	-1923.97
86.20	49028.72	0.00	-2647.22
86.30	48482.98	0.00	-3360.01
86.40	47803.03	0.00	-4059.55
86.50	46987.89	0.00	-4743.07
86.60	46036.49	0.00	-5407.86
86.70	44947.82	0.00	-6051.32
86.80	43720.93	0.00	-6670.89
86.90	42355.08	0.00	-7264.14
87.00	40849.81	0.00	-7828.72
87.10	39205.01	0.00	-8362.40
87.20	37421.04	0.00	-8863.08
87.30	35498.84	0.00	-9328.78
87.40	33439.98	0.00	-9757.66
87.50	31246.78	0.00	-10148.04
87.60	28922.40	0.00	-10498.36
87.70	26470.86	0.00	-10807.25
87.80	23897.20	0.00	-11073.50
87.90	21207.42	0.00	-11296.04
88.00	18408.62	0.00	-11474.00
88.10	15508.98	0.00	-11606.67
88.20	12517.75	0.00	-11693.54
88.30	9445.32	0.00	-11734.26
88.40	6303.13	0.00	-11728.68
88.50	3103.68	0.00	-11676.80
88.60	-139.56	0.00	-11578.84
88.70	-3412.15	0.00	-11435.19
88.80	-6698.84	0.00	-11246.40
88.90	-9983.64	0.00	-11013.23
89.00	-13249.88	0.00	-10736.60
89.10	-16480.42	0.00	-10417.59
89.20	-19657.72	0.00	-10057.47
89.30	-22764.02	0.00	-9657.66
89.40	-25781.47	0.00	-9219.74
89.50	-28692.30	0.00	-8745.42
89.60	-31478.97	0.00	-8236.60
89.70	-34124.37	0.00	-7695.27
89.80	-36611.95	0.00	-7123.56
89.90	-38925.87	0.00	-6523.75
90.00	-41051.20	0.00	-5898.19
90.10	-42974.04	0.00	-5249.35
90.20	-44681.69	0.00	-4579.79
90.30	-46162.73	0.00	-3892.16
90.40	-47407.19	0.00	-3189.17
90.50	-48406.62	0.00	-2473.59
90.60	-49154.22	0.00	-1748.25
90.70	-49644.85	0.00	-1016.02
90.80	-49875.15	0.00	-279.77
90.90	-49868.65	0.00	457.59
91.00	-49720.94	0.00	1193.13
91.10	-49441.13	0.00	1923.97
91.20	-49028.72	0.00	2647.22
91.30	-48482.98	0.00	3360.01
91.40	-47803.03	0.00	4059.55
91.50	-46987.89	0.00	4743.07
91.60	-46036.49	0.00	5407.86
91.70	-44947.82	0.00	6051.32
91.80	-43720.93	0.00	6670.89
91.90	-42355.08	0.00	7264.14
92.00	-40849.81	0.00	7828.72
92.10	-39205.01	0.00	8362.40
92.20	-37421.04	0.00	8863.08
92.30	-35498.84	0.00	9328.78
92.40	-33439.98	0.00	9757.66
92.50	-31246.78	0.00	10148.04
92.60	-28922.40	0.00	10498.36
92.70	-26470.86	0.00	10807.25
92.80	-23897.20	0.00	11073.50
92.90	-21207.42	0.00	11296.04
93.00	-18408.62	0.00	11474.00
93.10	-15508.98	0.00	11606.67
93.20	-12517.75	0.00	11693.54
93.30	-9445.32	0.00	11734.26
93.40	-6303.13	0.00	11728.68
93.50	-3103.68	0.00	11676.80
93.60	139.56	0.00	11578.84
93.70	3412.15	0.00	11435.19
93.80	6698.84	0.00	11246.40
93.90	9983.64	0.00	11013.23
94.00	13249.88	0.00	10736.60
94.10	16480.42	0.00	10417.59
94.20	19657.72	0.00	10057.47
94.30	22764.02	0.00	9657.66
94.40	25781.47	0.00	9219.74
94.50	28692.30	0.00	8745.42
94.60	31478.97	0.00	8236.60
94.70	34124.37	0.00	7695.27
94.80	36611.95	0.00	7123.56
94.90	38925.87	0.00	6523.75
95.00	41051.20	0.00	5898.19
95.10	42974.04	0.00	5249.35
95.20	44681.69	0.00	4579.79
95.30	46162.73	0.00	3892.16
95.40	47407.19	0.00	3189.17
95.50	48406.62	0.00	2473.59
95.60	49154.22	0.00	1748.25
95.70	49644.85	0.00	1016.02
95.80	49875.15	0.00	279.77
95.90	49868.65	0.00	-457.59
96.00	49720.94	0.00	-1193.13
96.10	49441.13	0.00	-1923.97
96.20	49028.72	0.00	-2647.22
96.30	48482.98	0.00	-3360.01
96.40	47803.03	0.00	-4059.55
96.50	46987.89	0.00	-4743.07
96.60	46036.49	0.00	-5407.86
96.70	44947.82	0.00	-6051.32
96.80	43720.93	0.00	-6670.89
96.90	42355.08	0.00	-7264.14
97.00	40849.81	0.00	-7828.72
97.10	39205.01	0.00	-8362.40
97.20	37421.04	0.00	-8863.08
97.30	35498.84	0.00	-9328.78
97.40	33439.98	0.00	-9757.66
97.50	31246.78	0.00	-10148.04
97.60	28922.40	0.00	-10498.36
97.70	26470.86	0.00	-10807.25
97.80	23897.20	0.00	-11073.50
97.90	21207.42	0.00	-11296.04
98.00	18408.62	0.00	-11474.00
98.10	15508.98	0.00	-11606.67
98.20	12517.75	0.00	-11693.54
98.30	9445.32	0.00	-11734.26
98.40	6303.13	0.00	-11728.68
98.50	3103.68	0.00	-11676.80
98.60	-139.56	0.00	-11578.84
98.70	-3412.15	0.00	-11435.19
98.80	-6698.84	0.00	-11246.40
98.90	-9983.64	0.00	-11013.23
99.00	-13249.88	0.00	-10736.60
99.10	-16480.42	0.00	-10417.59
99.20	-19657.72	0.00	-10057.47
99.30	-22764.02	0.00	-9657.66
99.40	-25781.47	0.00	-9219.74
99.50	-28692.30	0.00	-8745.42
99.60	-31478.97	0.00	-8236.60
99.70	-34124.37	0.00	-7695.27
99.80	-36611.95	0.00	-7123.56
99.90	-38925.87	0.00	-6523.75
100.00	-41051.20	0.00	-5898.19
100.10	-42974.04	0.00	-5249.35
100.20	-44681.69	0.00	-4579.79
100.30	-46162.73	0.00	-3892.16
100.40	-47407.19	0.00	-3189.17
100.50	-48406.62	0.00	-2473.59
100.60	-49154.22	0.00	-1748.25
100.70	-49644.85	0.00	-1016.02
100.80	-49875.15	0.00	-279.77
100.90	-49868.65	0.00	457.59
101.00	-49720.94	0.00	1193.13
101.10	-49441.13	0.00	1923.97
101.20	-49028.72	0.00	2647.22
101.30	-48482.98	0.00	3360.01
101.40	-47803.03	0.00	4059.55
101.50	-46987.89	0.00	4743.07
101.60	-46036.49	0.00	5407.86
101.70	-44947.82	0.00	6051.32
101.80	-43720.93	0.00	6670.89
101.90	-42355.08	0.00	7264.14
102.00	-40849.81	0.00	7828.72
102.10	-39205.01	0.00	8362.40
102.20	-37421.04	0.00	8863.08
102.30	-35498.84	0.00	9328.78
102.40	-33439.98	0.00	9757.66
102.50	-31246.78	0.00	10148.04
102.60	-28922.40	0.00	10498.36
102.70	-26470.86	0.00	10807.25
102.80	-23897.20	0.00	11073.50
102.90	-21207.42	0.00	11296.04
103.00	-18408.62	0.00	11474.00
103.10	-15508.98	0.00	11606.67
103.20	-12517.75	0.00	11693.54
103.30	-9445.32	0.00	11734.26
103.40	-6303.13	0.00	11728.68
103.50	-3103.68	0.00	11676.80
103.60	139.56	0.00	11578.84
103.70	3412.15	0.00	11435.19
103.80	6698.84	0.00	11246.40
103.90	9983.64	0.00	11013.23
104.00	13249.88	0.00	10736.60
104.10	16480.42	0.00	10417.59
104.20	19657.72	0.00	10057.47
104.30	22764.02	0.00	9657.66
104.40	25781.47	0.00	9219.74
104.50	28692.30	0.00	8745.42
104.60	31478.97	0.00	8236.60
104.70	34124.37	0.00	7695.27
104.80	36611.95	0.00	7123.56
104.90	38925.87	0.00	6523.75
105.00	41051.20	0.00	5898.19
105.10	42974.04	0.00	5249.35
105.20	44681.69	0.00	4579.79
105.30	46162.73	0.00	3892.16
105.40	47407.19	0.00	3189.17
105.50	48406.62	0.00	2473.59
105.60	49154.22	0.00	1748.25
105.70	49644.85	0.00	1016.02
105.80	49875.15	0.00	279.77
105.90	49868.65	0.00	-457.59
106.00	49720.94	0.00	-1193.13
106.10	49441.13	0.00	-1923.97
106.20	49028.72	0.00	-2647.22
106.30	48482.98	0.00	-3360.01
106.40	47803.03	0.00	-4059.55
106.50	46987.89	0.00	-4743.07
106.60	46036.49	0.00	-5407.86
106.70	44947.82	0.00	-6051.32
106.80	43720.93	0.00	-6670.89
106.90	42355.08	0.00	-7264.14
107.00	40849.81	0.00	-7828.72
107.10	39205.01	0.00	-8362.40
107.20	37421.04	0.00	-8863.08
107.30	35498.84	0.00	-9328.78
107.40	33439.98	0.00	-9757.66
107.50	31246.78	0.00	-10148.04
107.60	28922.40	0.00	-10498.36
107.70	26470.86	0.00	-10807.25
107.80	23897.20	0.00	-11073.50
107.90	21207.42	0.00	-11296.04
108.00	18408.62	0.00	-11474.00
108.10	15508.98	0.00	-11606.67
108.20	12517.75	0.00	-11693.54
108.30	9445.32	0.00	-11734.26
108.40	6303.13	0.00	-11728.68
108.50	3103.68	0.00	-11676.80
108.60	-139.56	0.00	-11578.84
108.70	-3412.15	0.00	-11435.19
108.80	-6698.84	0.00	-11246.40
108.90	-9983.64	0.00	-11013.23
109.00	-13249.88	0.00	-10736.60
109.10	-16480.42	0.00	-10417.59
109.20	-19657.72	0.00	-10057.47
109.30	-22764.02	0.00	-9657.66
109.40	-25781.47	0.00	-9219.74
109.50	-28692.30	0.00	-8745.42
109.60	-31478.97	0.00	-8236.60
109.70	-34124.37	0.00	-7695.27
109.80	-36611.95	0.00	-7123.56
109.90	-38925.87	0.00	-6523.75
110.00	-41051.20	0.00	-5898.19
110.10	-42974.04	0.00	-5249.35
110.20	-44681.69	0.00	-4579.79
110.30	-46162.73	0.00	-3892.16
110.40	-47407.19	0.00	-3189.17
110.50	-48406.62	0.00	-2473.59
110.60	-49154.22	0.00	-1748.25
110.70	-49644.85	0.00	-1016.02
110.80	-49875.15	0.00	-279.77
110.90	-49868.65	0.00	457.59
111.00	-49720.94	0.00	1193.13
111.10	-49441.13	0.00	1923.97
111.20	-49028.72	0.00	2647.22
111.30	-48482.98	0.00	3360.01
111.40	-47803.03	0.00	4059.55
111.50	-46987.89	0.00	4743.07
111.60	-46036.49	0.00	5407.86
111.70	-44947.82	0.00	6051.32
111.80	-43720.93	0.00	6670.89
111.90	-42355.08	0.00	7264.14
112.00	-40849.81	0.00	7828.72
112.10	-39205.01	0.00	8362.40
112.20	-37421.04	0.00	8863.08
112.30	-35498.84	0.00	9328.78
112.40	-33439.98	0.00	9757.66
112.50	-31246.78	0.00	10148.04
112.60	-28922.40	0.00	10498.36
112.70	-26470.86	0.00	10807.25
112.80	-23897.20	0.00	11073.50
112.90	-21207.42	0.00	11296.04
113.00	-18408.62	0.00	11474.00
113.10	-15508.98	0.00	11606.67
113.20	-12517.75	0.00	11693.54
113.30	-9445.32	0.00	11734.26
113.40	-6303.13	0.00	11728.68
113.50	-3103.68	0.00	11676.80
113.60	139.56	0.00	11578.84
113.70	3412.15	0.00	11435.19
113.80	6698.84	0.00	11246.40
113.90	9983.64	0.00	11013.23
114.00	13249.88	0.00	10736.60
114.10	16480.42	0.00	10417.59
114.20	19657.72	0.00	10057.47
114.30	22764.02	0.00	9657.66
114.40	25781.47	0.00	9219.74
114.50	28692.30	0.00	8745.42
114.60	31478.97	0.00	8236.60
114.70	34124.37	0.00	7695.27
114.80	36611.95	0.00	7123.56
114.90	38925.87	0.00	6523.75
115.00	41051.20	0.00	5898.19
115.10	42974.04	0.00	5249.35
115.20	44681.69	0.00	4579.79
115.30	46162.73	0.00	3892.16
115.40	47407.19	0.00	3189.17
115.50	48406.62	0.00	2473.59
115.60	49154.22	0.00	1748.25
115.70	49644.85	0.00	1016.02
115.80	49875.15	0.00	279.77
115.90	49868.65	0.00	-457.59
116.00	49720.94	0.00	-1193.13
116.10	49441.13	0.00	-1923.97
116.20	49028.72	0.00	-2647.22
116.30	48482.98	0.00	-3360.01
116.40	47803.03	0.00	-4059.55
116.50	46987.89	0.00	-4743.07
116.60	46036.49	0.00	-5407.86
116.70	44947.82	0.00	-6051.32
116.80	43720.93	0.00	-6670.89
116.90	42355.08	0.00	-7264.14
117.00	40849.81	0.00	-7828.72
117.10	39205.01	0.00	-8362.40
117.20	37421.04	0.00	-8863.08
117.30	35498.84	0.00	-9328.78
117.40	33439.98	0.00	-9757.66
117.50	31246.78	0.00	-10148.04
117.60	28922.40	0.00	-10498.36
117.70	26470.86	0.00	-10807.25
117.80	23897.20	0.00	-11073.50
117.90	21207.42	0.00	-11296.04
118.00	18408.62	0.00	-11474.00
118.10	15508.98	0.00	-11606.67
118.20	12517.75	0.00	-11693.54
118.30	9445.32	0.00	-11734.26
118.40	6303.13	0.00	-11728.68
118.50	3103.68	0.00	-11676.80
118.60	-139.56	0.00	-11578.84
118.70	-3412.15	0.00	-11435.19
118.80	-6698.84	0.00	-11246.40
118.90	-9983.64	0.00	-11013.23
119.00	-13249.88	0.00	-10736.60
119.10	-16480.42	0.00	-10417.59
119.20	-19657.72	0.00	-10057.47
119.30	-22764.02	0.00	-9657.66
119.40	-25781.47	0.00	-9219.74
119.50	-28692.30	0.00	-8745.42
119.60	-31478.97	0.00	-8236.60
119.70	-34124.37	0.00	-7695.27
119.80	-36611.95	0.00	-7123.56
119.90	-38925.87	0.00	-6523.75
120.00	-41051.20	0.00	-5898.19
120.10	-42974.04	0.00	-5249.35
120.20	-44681.69	0.00	-4579.79
120.30	-46162.73	0.00	-3892.16
120.40	-47407.19	0.00	-3189.17
120.50	-48406.62	0.00	-2473.59
120.60	-49154.22	0.00	-1748.25
120.70	-49644.85	0.00	-1016.02
120.80	-49875.15	0.00	-279.77
120.90	-49868.65	0.00	457.59
121.00	-49720.94	0.00	1193.13
121.10	-49441.13	0.00	1923.97
121.20	-49028.72	0.00	2647.22
121.30	-48482.98	0.00	3360.01
121.40	-47803.03	0.00	4059.55
121.50	-46987.89	0.00	4743.07
121.60	-46036.49	0.00	5407.86
121.70	-44947.82	0.00	6051.32
121.80	-43720.93	0.00	6670.89
121.90	-42355.08	0.00	7264.14
122.00	-40849.81	0.00	7828.72
122.10	-39205.01	0.00	8362.40
122.20	-37421.04	0.00	8863.08
122.30	-35498.84	0.00	9328.78
122.40	-33439.98	0.00	9757.66
122.50	-31246.78	0.00	10148.04
122.60	-28922.40	0.00	10498.36
122.70	-26470.86	0.00	10807.25
122.80	-23897.20	0.00	11073.50
122.90	-21207.42	0.00	11296.04
123.00	-18408.62	0.00	11474.00
123.10	-15508.98	0.00	11606.67
123.20	-12517.75	0.00	11693.54
123.30	-9445.32	0.00	11734.26
123.40	-6303.13	0.00	11728.68
123.50	-3103.68	0.00	11676.80
123.60	139.56	0.00	11578.84
123.70	3412.15	0.00	11435.19
123.80	6698.84	0.00	11246.40
123.90	9983.64	0.00	11013.23
124.00	13249.88	0.00	10736.60
124.10	16480.42	0.00	10417.59
124.20	19657.72	0.00	10057.47
124.30	22764.02	0.00	9657.66
124.40	25781.47	0.00	9219.74
124.50	28692.30	0.00	8745.42
124.60	31478.97	0.00	8236.60
124.70	34124.37	0.00	7695.27
124.80	36611.95	0.00	7123.56
124.90	38925.87	0.00	6523.75
125.00	41051.20	0.00	5898.19
125.10	42974.04	0.00	5249.35
125.20	44681.69	0.00	4579.79
125.30	46162.73	0.00	3892.16
125.40	47407.19	0.00	3189.17
125.50	48406.62	0.00	2473.59
125.60	49154.22	0.00	1748.25
125.70	49644.85	0.00	1016.02
125.80	49875.15	0.00	279.77
125.90	49868.65	0.00	-457.59
126.00	49720.94	0.00	-1193.13
126.10	49441.13	0.00	-1923.97
126.20	49028.72	0.00	-2647.22
126.30	48482.98	0.00	-3360.01
126.40	47803.03	0.00	-4059.55
126.50	46987.89	0.00	-4743.07
126.60	46036.49	0.00	-5407.86
126.70	44947.82	0.00	-6051.32
126.80	43720.93	0.00	-6670.89
126.90	42355.08	0.00	-7264.14
127.00	40849.81	0.00	-7828.72
127.10	39205.01	0.00	-8362.40
127.20	37421.04	0.00	-8863.08
127.30	35498.84	0.00	-9328.78
127.40	33439.98	0.00	-9757.66
127.50	31246.78	0.00	-10148.04
127.60	28922.40	0.00	-10498.36
127.70	26470.86	0.00	-10807.25
127.80	23897.20	0.00	-11073.50
127.90	21207.42	0.00	-11296.04
128.00	18408.62	0.00	-11474.00
128.10	15508.98	0.00	-11606.67
128.20	12517.75	0.00	-11693.54
128.30	9445.32	0.00	-11734.26
128.40	6303.13	0.00	-11728.68
128.50	3103.68	0.00	-11676.80
128.60	-139.56	0.00	-11578.84
128.70	-3412.15	0.00	-11435.19
128.80	-6698.84	0.00	-11246.40
128.90	-9983.64	0.00	-11013.23
129.00	-13249.88	0.00	-10736.60
129.10	-16480.42	0.00	-10417.59
129.20	-19657.72	0.00	-10057.47
129.30	-22764.02	0.00	-9657.66
129.40	-25781.47	0.00	-9219.74
129.50	-28692.30	0.00	-8745.42
129.60	-31478.97	0.00	-8236.60
129.70	-34124.37	0.00	-7695.27
129.80	-36611.95	0.00	-7123.56
129.90	-38925.87	0.00	-6523.75
130.00	-41051.20	0.00	-5898.19
130.10	-42974.04	0.00	-5249.35
130.20	-44681.69	0.00	-4579.79
130.30	-46162.73	0.00	-3892.16
130.40	-47407.19	0.00	-3189.17
130.50	-48406.62	0.00	-2473.59
130.60	-49154.22	0.00	-1748.25
130.70	-49644.85	0.00	-1016.02
130.80	-49875.15	0.00	-279.77
130.90	-49868.65	0.00	457.59
131.00	-49720.94	0.00	1193.13
131.10	-49441.13	0.00	1923.97
131.20	-49028.72	0.00	2647.22
131.30	-48482.98	0.00	3360.01
131.40	-47803.03	0.00	4059.55
131.50	-46987.89	0.00	4743.07
131.60	-46036.49	0.00	5407.86
131.70	-44947.82	0.00	6051.32
131.80	-43720.93	0.00	6670.89
131.90	-42355.08	0.00	7264.14
132.00	-40849.81	0.00	7828.72
132.10	-39205.01	0.00	8362.40
132.20	-37421.04	0.00	8863.08
132.30	-35498.84	0.00	9328.78
132.40	-33439.98	0.00	9757.66
132.50	-31246.78	0.00	10148.04
132.60	-28922.40	0.00	10498.36
132.70	-26470.86	0.00	10807.25
132.80	-23897.20	0.00	11073.50
132.90	-21207.42	0.00	11296.04
133.00	-18408.62	0.00	11474.00
133.10	-15508.98	0.00	11606.67
133.20	-12517.75	0.00	11693.54
133.30	-9445.32	0.00	11734.26
133.40	-6303.13	0.00	11728.68
133.50	-3103.68	0.00	11676.80
133.60	139.56	0.00	11578.84
133.70	3412.15	0.00	11435.19
133.80	6698.84	0.00	11246.40
133.90	9983.64	0.00	11013.23
134.00	13249.88	0.00	10736.60
134.10	16480.42	0.00	10417.59
134.20	19657.72	0.00	10057.47
134.30	22764.02	0.00	9657.66
134.40	25781.47	0.00	9219.74
134.50	28692.30	0.00	8745.42
134.60	31478.97	0.00	8236.60
134.70	34124.37	0.00	7695.27
134.80	36611.95	0.00	7123.56
134.90	38925.87	0.00	6523.75
135.00	41051.20	0.00	5898.19
135.10	42974.04	0.00	5249.35
135.20	44681.69	0.00	4579.79
135.30	46162.73	0.00	3892.16
135.40	47407.19	0.00	3189.17
135.50	48406.62	0.00	2473.59
135.60	49154.22	0.00	1748.25
135.70	49644.85	0.00	1016.02
135.80	49875.15	0.00	279.77
135.90	49868.65	0.00	-457.59
136.00	49720.94	0.00	-1193.13
136.10	49441.13	0.00	-1923.97
136.20	49028.72	0.00	-2647.22
136.30	48482.98	0.00	-3360.01
136.40	47803.03	0.00	-4059.55
136.50	46987.89	0.00	-4743.07
136.60	46036.49	0.00	-5407.86
136.70	44947.82	0.00	-6051.32
136.80	43720.93	0.00	-6670.89
136.90	42355.08	0.00	-7264.14
137.00	40849.81	0.00	-7828.72
137.10	39205.01	0.00	-8362.40
137.20	37421.04	0.00	-8863.08
137.30	35498.84	0.00	-9328.78
137.40	33439.98	0.00	-9757.66
137.50	31246.78	0.00	-10148.04
137.60	28922.40	0.00	-10498.36
137.70	26470.86	0.00	-10807.25
137.80	23897.20	0.00	-11073.50
137.90	21207.42	0.00	-11296.04
138.00	18408.62	0.00	-11474.00
138.10	15508.98	0.00	-11606.67
138.20	12517.75	0.00	-11693.54
138.30	9445.32	0.00	-11734.26
138.40	6303.13	0.00	-11728.68
138.50	3103.68	0.00	-11676.80
138.60	-139.56	0.00	-11578.84
138.70	-3412.15	0.00	-11435.19
138.80	-6698.84	0.00	-11246.40
138.90	-9983.64	0.00	-11013.23
139.00	-13249.88	0.00	-10736.60
139.10	-16480.42	0.00	-10417.59
139.20	-19657.72	0.00	-10057.47
139.30	-22764.02	0.00	-9657.66
139.40	-25781.47	0.00	-9219.74
139.50	-28692.30	0.00	-8745.42
139.60	-31478.97	0.00	-8236.60
139.70	-34124.37	0.00	-7695.27
139.80	-36611.95	0.00	-7123.56
139.90	-38925.87	0.00	-6523.75
140.00	-41051.20	0.00	-5898.19
140.10	-42974.04	0.00	-5249.35
140.20	-44681.69	0.00	-4579.79
140.30	-46162.73	0.00	-3892.16
140.40	-47407.19	0.00	-3189.17
140.50	-48406.62	0.00	-2473.59
140.60	-49154.22	0.00	-1748.25
140.70	-49644.85	0.00	-1016.02
140.80	-49875.15	0.00	-279.77
140.90	-49868.65	0.00	457.59
141.00	-49720.94	0.00	1193.13
141.10	-49441.13	0.00	1923.97
141.20	-49028.72	0.00	2647.22
141.30	-48482.98	0.00	3360.01
141.40	-47803.03	0.00	4059.55
141.50	-46987.89	0.00	4743.07
141.60	-46036.49	0.00	5407.86
141.70	-44947.82	0.00	6051.32
141.80	-43720.93	0.00	6670.89
141.90	-42355.08	0.00	7264.14
142.00	-40849.81	0.00	7828.72
142.10	-39205.01	0.00	8362.40
142.20	-37421.04	0.00	8863.08
142.30	-35498.84	0.00	9328.78
142.40	-33439.98	0.00	9757.66
142.50	-31246.78	0.00	10148.04
142.60	-28922.40	0.00	10498.36
142.70	-26470.86	0.00	10807.25
142.80	-23897.20	0.00	11073.50
142.90	-21207.42	0.00	11296.04
143.00	-18408.62	0.00	11474.00
143.10	-15508.98	0.00	11606.67
143.20	-12517.75	0.00	11693.54
143.30	-9445.32	0.00	11734.26
143.40	-6303.13	0.00	11728.68
143.50	-3103.68	0.00	11676.80
143.60	139.56	0.00	11578.84
143.70	3412.15	0.00	11435.19
143.80	6698.84	0.00	11246.40
143.90	9983.64	0.00	11013.23
144.00	13249.88	0.00	10736.60
144.10	16480.42	0.00	10417.59
144.20	19657.72	0.00	10057.47
144.30	22764.02	0.00	9657.66
144.40	25781.47	0.00	9219.74
144.50	28692.30	0.00	8745.42
144.60	31478.97	0.00	8236.60
144.70	34124.37	0.00	7695.27
144.80	36611.95	0.00	7123.56
144.90	38925.87	0.00	6523.75
145.00	41051.20	0.00	5898.19
145.10	42974.04	0.00	5249.35
145.20	44681.69	0.00	4579.79
145.30	46162.73	0.00	3892.16
145.40	47407.19	0.00	3189.17
145.50	48406.62	0.00	2473.59
145.60	49154.22	0.00	1748.25
145.70	49644.85	0.00	1016.02
145.80	49875.15	0.00	279.77
145.90	49868.65	0.00	-457.59
146.00	49720.94	0.00	-1193.13
146.10	49441.13	0.00	-1923.97
146.20	49028.72	0.00	-2647.22
146.30	48482.98	0.00	-3360.01
146.40	47803.03	0.00	-4059.55
146.50	46987.89	0.00	-4743.07
146.60	46036.49	0.00	-5407.86
146.70	44947.82	0.00	-6051.32
146.80	43720.93	0.00	-6670.89
146.90	42355.08	0.00	-7264.14
147.00	40849.81	0.00	-7828.72
147.10	39205.01	0.00	-8362.40
147.20	37421.04	0.00	-8863.08
147.30	35498.84	0.00	-9328.78
147.40	33439.98	0.00	-9757.66
147.50	31246.78	0.00	-10148.04
147.60	28922.40	0.00	-10498.36
147.70	26470.86	0.00	-10807.25
147.80	23897.20	0.00	-11073.50
147.90	21207.42	0.00	-11296.04
148.00	18408.62	0.00	-11474.00
148.10	15508.98	0.00	-11606.67
148.20	12517.75	0.00	-11693.54
148.30	9445.32	0.00	-11734.26
148.40	6303.13	0.00	-11728.68
148.50	3103.68	0.00	-11676.80
148.60	-139.56	0.00	-11578.84
148.70	-3412.15	0.00	-11435.19
148.80	-6698.84	0.00	-11246.40
148.90	-9983.64	0.00	-11013.23
149.00	-13249.88	0.00	-10736.60
149.10	-16480.42	0.00	-10417.59
149.20	-19657.72	0.00	-10057.47
149.30	-22764.02	0.00	-9657.66
149.40	-25781.47	0.00	-9219.74
149.50	-28692.30	0.00	-8745.42
149.60	-31478.97	0.00	-8236.60
149.70	-34124.37	0.00	-7695.27
149.80	-36611.95	0.00	-7123.56
149.90	-38925.87	0.00	-6523.75
150.00	-41051.20	0.00	-5898.19
150.10	-42974.04	0.00	-5249.35
150.20	-44681.69	0.00	-4579.79
150.30	-46162.73	0.00	-3892.16
150.40	-47407.19	0.00	-3189.17
150.50	-48406.62	0.00	-2473.59
150.60	-49154.22	0.00	-1748.25
150.70	-49644.85	0.00	-1016.02
150.80	-49875.15	0.00	-279.77
150.90	-49868.65	0.00	457.59
151.00	-49720.94	0.00	1193.13
151.10	-49441.13	0.00	1923.97
151.20	-49028.72	0.00	2647.22
151.30	-48482.98	0.00	3360.01
151.40	-47803.03	0.00	4059.55
151.50	-46987.89	0.00	4743.07
151.60	-46036.49	0.00	5407.86
151.70	-44947.82	0.00	6051.32
151.80	-43720.93	0.00	6670.89
151.90	-42355.08	0.00	7264.14
152.00	-40849.81	0.00	7828.72
152.10	-39205.01	0.00	8362.40
152.20	-37421.04	0.00	8863.08
152.30	-35498.84	0.00	9328.78
152.40	-33439.98	0.00	9757.66
152.50	-31246.78	0.00	10148.04
152.60	-28922.40	0.00	10498.36
152.70	-26470.86	0.00	10807.25
152.80	-23897.20	0.00	11073.50
152.90	-21207.42	0.00	11296.04
153.00	-18408.62	0.00	11474.00
153.10	-15508.98	0.00	11606.67
153.20	-12517.75	0.00	11693.54
153.30	-9445.32	0.00	11734.26
153.40	-6303.13	0.00	11728.68
153.50	-3103.68	0.00	11676.80
153.60	139.56	0.00	11578.84
153.70	3412.15	0.00	11435.19
153.80	6698.84	0.00	11246.40
153.90	9983.64	0.00	11013.23
154.00	13249.88	0.00	10736.60
154.10	16480.42	0.00	10417.59
154.20	19657.72	0.00	10057.47
154.30	22764.02	0.00	9657.66
154.40	25781.47	0.00	9219.74
154.50	28692.30	0.00	8745.42
154.60	31478.97	0.00	8236.60
154.70	34124.37	0.00	7695.27
154.80	36611.95	0.00	7123.56
154.90	38925.87	0.00	6523.75
155.00	41051.20	0.00	5898.19
155.10	42974.04	0.00	5249.35
155.20	44681.69	0.00	4579.79
155.30	46162.73	0.00	3892.16
155.40	47407.19	0.00	3189.17
155.50	48406.62	0.00	2473.59
155.60	49154.22	0.00	1748.25
155.70	49644.85	0.00	1016.02
155.80	49875.15	0.00	279.77
155.90	49868.65	0.00	-457.59
156.00	49720.94	0.00	-1193.13
156.10	49441.13	0.00	-1923.97
156.20	49028.72	0.00	-2647.22
156.30	48482.98	0.00	-3360.01
156.40	47803.03	0.00	-4059.55
156.50	46987.89	0.00	-4743.07
156.60	46036.49	0.00	-5407.86
156.70	44947.82	0.00	-6051.32
156.80	43720.93	0.00	-6670.89
156.90	42355.08	0.00	-7264.14
157.00	40849.81	0.00	-7828.72
157.10	39205.01	0.00	-8362.40
157.20	37421.04	0.00	-8863.08
157.30	35498.84	0.00	-9328.78
157.40	33439.98	0.00	-9757.66
157.50	31246.78	0.00	-10148.04
157.60	28922.40	0.00	-10498.36
157.70	26470.86	0.00	-10807.25
157.80	23897.20	0.00	-11073.50
157.90	21207.42	0.00	-11296.04
158.00	18408.62	0.00	-11474.00
158.10	15508.98	0.00	-11606.67
158.20	12517.75	0.00	-11693.54
158.30	9445.32	0.00	-11734.26
158.40	6303.13	0.00	-11728.68
158.50	3103.68	0.00	-11676.80
158.60	-139.56	0.00	-11578.84
158.70	-3412.15	0.00	-11435.19
158.80	-6698.84	0.00	-11246.40
158.90	-9983.64	0.00	-11013.23
159.00	-13249.88	0.00	-10736.60
159.10	-16480.42	0.00	-10417.59
159.20	-19657.72	0.00	-10057.47
159.30	-22764.02	0.00	-9657.66
159.40	-25781.47	0.00	-9219.74
159.50	-28692.30	0.00	-8745.42
159.60	-31478.97	0.00	-8236.60
159.70	-34124.37	0.00	-7695.27
159.80	-36611.95	0.00	-7123.56
159.90	-38925.87	0.00	-6523.75
160.00	-41051.20	0.00	-5898.19
160.10	-42974.04	0.00	-5249.35
160.20	-44681.69	0.00	-4579.79
160.30	-46162.73	0.00	-3892.16
160.40	-47407.19	0.00	-3189.17
160.50	-48406.62	0.00	-2473.59
160.60	-49154.22	0.00	-1748.25
160.70	-49644.85	0.00	-1016.02
160.80	-49875.15	0.00	-279.77
160.90	-49868.65	0.00	457.59
161.00	-49720.94	0.00	1193.13
161.10	-49441.13	0.00	1923.97
161.20	-49028.72	0.00	2647.22
161.30	-48482.98	0.00	3360.01
161.40	-47803.03	0.00	4059.55
161.50	-46987.89	0.00	4743.07
161.60	-46036.49	0.00	5407.86
161.70	-44947.82	0.00	6051.32
161.80	-43720.93	0.00	6670.89
161.90	-42355.08	0.00	7264.14
162.00	-40849.81	0.00	7828.72
162.10	-39205.01	0.00	8362.40
162.20	-37421.04	0.00	8863.08
162.30	-35498.84	0.00	9328.78
162.40	-33439.98	0.00	9757.66
162.50	-31246.78	0.00	10148.04
162.60	-28922.40	0.00	10498.36
162.70	-26470.86	0.00	10807.25
162.80	-23897.20	0.00	11073.50
162.90	-21207.42	0.00	11296.04
163.00	-18408.62	0.00	11474.00
163.10	-15508.98	0.00	11606.67
163.20	-12517.75	0.00	11693.54
163.30	-9445.32	0.00	11734.26
163.40	-6303.13	0.00	11728.68
163.50	-3103.68	0.00	11676.80
163.60	139.56	0.00	11578.84
163.70	3412.15	0.00	11435.19
163.80	6698.84	0.00	11246.40
163.90	9983.64	0.00	11013.23
164.00	13249.88	0.00	10736.60
164.10	16480.42	0.00	10417.59
164.20	19657.72	0.00	10057.47
164.30	22764.02	0.00	9657.66
164.40	25781.47	0.00	9219.74
164.50	28692.30	0.00	8745.42
164.60	31478.97	0.00	8236.60
164.70	34124.37	0.00	7695.27
164.80	36611.95	0.00	7123.56
164.90	38925.87	0.00	6523.75
165.00	41051.20	0.00	5898.19
165.10	42974.04	0.00	5249.35
165.20	44681.69	0.00	4579.79
165.30	46162.73	0.00	3892.16
165.40	47407.19	0.00	3189.17
165.50	48406.62	0.00	2473.59
165.60	49154.22	0.00	1748.25
165.70	49644.85	0.00	1016.02
165.80	49875.15	0.00	279.77
165.90	49868.65	0.00	-457.59
166.00	49720.94	0.00	-1193.13
166.10	49441.13	0.00	-1923.97
166.20	49028.72	0.00	-2647.22
166.30	48482.98	0.00	-3360.01
166.40	47803.03	0.00	-4059.55
166.50	46987.89	0.00	-4743.07
166.60	46036.49	0.00	-5407.86
166.70	44947.82	0.00	-6051.32
166.80	43720.93	0.00	-6670.89
166.90	42355.08	0.00	-7264.14
167.00	40849.81	0.00	-7828.72
167.10	39205.01	0.00	-8362.40
167.20	37421.04	0.00	-8863.08
167.30	35498.84	0.00	-9328.78
167.40	33439.98	0.00	-9757.66
167.50	31246.78	0.00	-10148.04
167.60	28922.40	0.00	-10498.36
167.70	26470.86	0.00	-10807.25
167.80	23897.20	0.00	-11073.50
167.90	21207.42	0.00	-11296.04
168.00	18408.62	0.00	-11474.00
168.10	15508.98	0.00	-11606.67
168.20	12517.75	0.00	-11693.54
168.30	9445.32	0.00	-11734.26
168.40	6303.13	0.00	-11728.68
168.50	3103.68	0.00	-11676.80
168.60	-139.56	0.00	-11578.84
168.70	-3412.15	0.00	-11435.19
168.80	-6698.84	0.00	-11246.40
168.90	-9983.64	0.00	-11013.23
169.00	-13249.88	0.00	-10736.60
169.10	-16480.42	0.00	-10417.59
169.20	-19657.72	0.00	-10057.47
169.30	-22764.02	0.00	-9657.66
169.40	-25781.47	0.00	-9219.74
169.50	-28692.30	0.00	-8745.42
169.60	-31478.97	0.00	-8236.60
169.70	-34124.37	0.00	-7695.27
169.80	-36611.95	0.00	-7123.56
169.90	-38925.87	0.00	-6523.75
170.00	-41051.20	0.00	-5898.19
170.10	-42974.04	0.00	-5249.35
170.20	-44681.69	0.00	-4579.79
170.30	-46162.73	0.00	-3892.16
170.40	-47407.19	0.00	-3189.17
170.50	-48406.62	0.00	-2473.59
170.60	-49154.22	0.00	-1748.25
170.70	-49644.85	0.00	-1016.02
170.80	-49875.15	0.00	-279.77
170.90	-49868.65	0.00	457.59
171.00	-49720.94	0.00	1193.13
171.10	-49441.13	0.00	1923.97
171.20	-49028.72	0.00	2647.22
171.30	-48482.98	0.00	3360.01
171.40	-47803.03	0.00	4059.55
171.50	-46987.89	0.00	4743.07
171.60	-46036.49	0.00	5407.86
171.70	-44947.82	0.00	6051.32
171.80	-43720.93	0.00	6670.89
171.90	-42355.08	0.00	7264.14
172.00	-40849.81	0.00	7828.72
172.10	-39205.01	0.00	8362.40
172.20	-37421.04	0.00	8863.08
172.30	-35498.84	0.00	9328.78
172.40	-33439.98	0.00	9757.66
172.50	-31246.78	0.00	10148.04
172.60	-28922.40	0.00	10498.36
172.70	-26470.86	0.00	10807.25
172.80	-23897.20	0.00	11073.50
172.90	-21207.42	0.00	11296.04
173.00	-18408.62	0.00	11474.00
173.10	-15508.98	0.00	11606.67
173.20	-12517.75	0.00	11693.54
173.30	-9445.32	0.00	11734.26
173.40	-6303.13	0.00	11728.68
173.50	-3103.68	0.00	11676.80
173.60	139.56	0.00	11578.84
173.70	3412.15	0.00	11435.19
173.80	6698.84	0.00	11246.40
173.90	9983.64	0.00	11013.23
174.00	13249.88	0.00	10736.60
174.10	16480.42	0.00	10417.59
174.20	19657.72	0.00	10057.47
174.30	22764.02	0.00	9657.66
174.40	25781.47	0.00	9219.74
174.50	28692.30	0.00	8745.42
174.60	31478.97	0.00	8236.60
174.70	34124.37	0.00	7695.27
174.80	36611.95	0.00	7123.56
174.90	38925.87	0.00	6523.75
175.00	41051.20	0.00	5898.19
175.10	42974.04	0.00	5249.35
175.20	44681.69	0.00	4579.79
175.30	46162.73	0.00	3892.16
175.40	47407.19	0.00	3189.17
175.50	48406.62	0.00	2473.59
175.60	49154.22	0.00	1748.25
175.70	49644.85	0.00	1016.02
175.80	49875.15	0.00	279.77
175.90	49868.65	0.00	-457.59
176.00	49720.94	0.00	-1193.13
176.10	49441.13	0.00	-1923.97
176.20	49028.72	0.00	-2647.22
176.30	48482.98	0.00	-3360.01
176.40	47803.03	0.00	-4059.55
176.50	46987.89	0.00	-4743.07
176.60	46036.49	0.00	-5407.86
176.70	44947.82	0.00	-6051.32
176.80	43720.93	0.00	-6670.89
176.90	42355.08	0.00	-7264.14
177.00	40849.81	0.00	-7828.72
177.10	39205.01	0.00	-8362.40
177.20	37421.04	0.00	-8863.08
177.30	35498.84	0.00	-9328.78
177.40	33439.98	0.00	-9757.66
177.50	31246.78	0.00	-10148.04
177.60	28922.40	0.00	-10498.36
177.70	26470.86	0.00	-10807.25
177.80	23897.20	0.00	-11073.50
177.90	21207.42	0.00	-11296.04
178.00	18408.62	0.00	-11474.00
178.10	15508.98	0.00	-11606.67
178.20	12517.75	0.00	-11693.54
178.30	9445.32	0.00	-11734.26
178.40	6303.13	0.00	-11728.68
178.50	3103.68	0.00	-11676.80
178.60	-139.56	0.00	-11578.84
178.70	-3412.15	0.00	-11435.19
178.80	-6698.84	0.00	-11246.40
178.90	-9983.64	0.00	-11013.23
179.00	-13249.88	0.00	-10736.60
179.10	-16480.42	0.00	-10417.59
179.20	-19657.72	0.00	-10057.47
179.30	-22764.02	0.00	-9657.66
179.40	-25781.47	0.00	-9219.74
179.50	-28692.30	0.00	-8745.42
179.60	-31478.97	0.00	-8236.60
179.70	-34124.37	0.00	-7695.27
179.80	-36611.95	0.00	-7123.56
179.90	-38925.87	0.00	-6523.75
180.00	-41051.20	0.00	-5898.19
180.10	-42974.04	0.00	-5249.35
180.20	-44681.69	0.00	-4579.79
180.30	-46162.73	0.00	-3892.16
180.40	-47407.19	0.00	-3189.17
180.50	-48406.62	0.00	-2473.59
180.60	-49154.22	0.00	-1748.25
180.70	-49644.85	0.00	-1016.02
180.80	-49875.15	0.00	-279.77
180.90	-49868.65	0.00	457.59
181.00	-49720.94	0.00	1193.13
181.10	-49441.13	0.00	1923.97
181.20	-49028.72	0.00	2647.22
181.30	-48482.98	0.00	3360.01
181.40	-47803.03	0.00	4059.55
181.50	-46987.89	0.00	4743.07
181.60	-46036.49	0.00	5407.86
181.70	-44947.82	0.00	6051.32
181.80	-43720.93	0.00	6670.89
181.90	-42355.08	0.00	7264.14
182.00	-40849.81	0.00	7828.72
182.10	-39205.01	0.00	8362.40
182.20	-37421.04	0.00	8863.08
182.30	-35498.84	0.00	9328.78
182.40	-33439.98	0.00	9757.66
182.50	-31246.78	0.00	10148.04
182.60	-28922.40	0.00	10498.36
182.70	-26470.86	0.00	10807.25
182.80	-23897.20	0.00	11073.50
182.90	-21207.42	0.00	11296.04
183.00	-18408.62	0.00	11474.00
183.10	-15508.98	0.00	11606.67
183.20	-12517.75	0.00	11693.54
183.30	-9445.32	0.00	11734.26
183.40	-6303.13	0.00	11728.68
183.50	-3103.68	0.00	11676.80
183.60	139.56	0.00	11578.84
183.70	3412.15	0.00	11435.19
183.80	6698.84	0.00	11246.40
183.90	9983.64	0.00	11013.23
184.00	13249.88	0.00	10736.60
184.10	16480.42	0.00	10417.59
184.20	19657.72	0.00	10057.47
184.30	22764.02	0.00	9657.66
184.40	25781.47	0.00	9219.74
184.50	28692.30	0.00	8745.42
184.60	31478.97	0.00	8236.60
184.70	34124.37	0.00	7695.27
184.80	36611.95	0.00	7123.56
184.90	38925.87	0.00	6523.75
185.00	41051.20	0.00	5898.19
185.10	42974.04	0.00	5249.35
185.20	44681.69	0.00	4579.79
185.30	46162.73	0.00	3892.16
185.40	47407.19	0.00	3189.17
185.50	48406.62	0.00	2473.59
185.60	49154.22	0.00	1748.25
185.70	49644.85	0.00	1016.02
185.80	49875.15	0.00	279.77
185.90	49868.65	0.00	-457.59
186.00	49720.94	0.00	-1193.13
186.10	49441.13	0.00	-1923.97
186.20	49028.72	0.00	-2647.22
186.30	48482.98	0.00	-3360.01
186.40	47803.03	0.00	-4059.55
186.50	46987.89	0.00	-4743.07
186.60	46036.49	0.00	-5407.86
186.70	44947.82	0.00	-6051.32
186.80	43720.93	0.00	-6670.89
186.90	42355.08	0.00	-7264.14
187.00	40849.81	0.00	-7828.72
187.10	39205.01	0.00	-8362.40
187.20	37421.04	0.00	-8863.08
187.30	35498.84	0.00	-9328.78
187.40	33439.98	0.00	-9757.66
187.50	31246.78	0.00	-10148.04
187.60	28922.40	0.00	-10498.36
187.70	26470.86	0.00	-10807.25
187.80	23897.20	0.00	-11073.50
187.90	21207.42	0.00	-11296.04
188.00	18408.62	0.00	-11474.00
188.10	15508.98	0.00	-11606.67
188.20	12517.75	0.00	-11693.54
188.30	9445.32	0.00	-11734.26
188.40	6303.13	0.00	-11728.68
188.50	3103.68	0.00	-11676.80
188.60	-139.56	0.00	-11578.84
188.70	-3412.15	0.00	-11435.19
188.80	-6698.84	0.00	-11246.40
188.90	-9983.64	0.00	-11013.23
189.00	-13249.88	0.00	-10736.60
189.10	-16480.42	0.00	-10417.59
189.20	-19657.72	0.00	-10057.47
189.30	-22764.02	0.00	-9657.66
189.40	-25781.47	0.00	-9219.74
189.50	-28692.30	0.00	-8745.42
189.60	-31478.97	0.00	-8236.60
189.70	-34124.37	0.00	-7695.27
189.80	-36611.95	0.00	-7123.56
189.90	-38925.87	0.00	-6523.75
190.00	-41051.20	0.00	-5898.19
190.10	-42974.04	0.00	-5249.35
190.20	-44681.69	0.00	-4579.79
190.30	-46162.73	0.00	-3892.16
190.40	-47407.19	0.00	-3189.17
190.50	-48406.62	0.00	-2473.59
190.60	-49154.22	0.00	-1748.25
190.70	-49644.85	0.00	-1016.02
190.80	-49875.15	0.00	-279.77
190.90	-49868.65	0.00	457.59
191.00	-49720.94	0.00	1193.13
191.10	-49441.13	0.00	1923.97
191.20	-49028.72	0.00	2647.22
191.30	-48482.98	0.00	3360.01
191.40	-47803.03	0.00	4059.55
191.50	-46987.89	0.00	4743.07
191.60	-46036.49	0.00	5407.86
191.70	-44947.82	0.00	6051.32
191.80	-43720.93	0.00	6670.89
191.90	-42355.08	0.00	7264.14
192.00	-40849.81	0.00	7828.72
192.10	-39205.01	0.00	8362.40
192.20	-37421.04	0.00	8863.08
192.30	-35498.84	0.00	9328.78
192.40	-33439.98	0.00	9757.66
192.50	-31246.78	0.00	10148.04
192.60	-28922.40	0.00	10498.36
192.70	-26470.86	0.00	10807.25
192.80	-23897.20	0.00	11073.50
192.90	-21207.42	0.00	11296.04
193.00	-18408.62	0.00	11474.00
193.10	-15508.98	0.00	11606.67
193.20	-12517.75	0.00	11693.54
193.30	-9445.32	0.00	11734.26
193.40	-6303.13	0.00	11728.68
193.50	-3103.68	0.00	11676.80
193.60	139.56	0.00	11578.84
193.70	3412.15	0.00	11435.19
193.80	6698.84	0.00	11246.40
193.90	9983.64	0.00	11013.23
194.00	13249.88	0.00	10736.60
194.10	16480.42	0.00	10417.59
194.20	19657.72	0.00	10057.47
194.30	22764.02	0.00	9657.66
194.40	25781.47	0.00	9219.74
194.50	28692.30	0.00	8745.42
194.60	31478.97	0.00	8236.60
194.70	34124.37	0.00	7695.27
194.80	36611.95	0.00	7123.56
194.90	38925.87	0.00	6523.75
195.00	41051.20	0.00	5898.19
195.10	42974.04	0.00	5249.35
195.20	44681.69	0.00	4579.79
195.30	46162.73	0.00	3892.16
195.40	47407.19	0.00	3189.17
195.50	48406.62	0.00	2473.59
195.60	49154.22	0.00	1748.25
195.70	49644.85	0.00	1016.02
195.80	49875.15	0.00	279.77
195.90	49868.65	0.00	-457.59
196.00	49720.94	0.00	-1193.13
196.10	49441.13	0.00	-1923.97
196.20	49028.72	0.00	-2647.22
196.30	48482.98	0.00	-3360.01
196.40	47803.03	0.00	-4059.55
196.50	46987.89	0.00	-4743.07
196.60	46036.49	0.00	-5407.86
196.70	44947.82	0.00	-6051.32
196.80	43720.93	0.00	-6670.89
196.90	42355.08	0.00	-7264.14
197.00	40849.81	0.00	-7828.72
197.10	39205.01	0.00	-8362.40
197.20	37421.04	0.00	-8863.08
197.30	35498.84	0.00	-9328.78
197.40	33439.98	0.00	-9757.66
197.50	31246.78	0.00	-10148.04
197.60	28922.40	0.00	-10498.36
197.70	26470.86	0.00	-10807.25
197.80	23897.20	0.00	-11073.50
197.90	21207.42	0.00	-11296.04
198.00	18408.62	0.00	-11474.00
198.10	15508.98	0.00	-11606.67
198.20	12517.75	0.00	-11693.54
198.30	9445.32	0.00	-11734.26
198.40	6303.13	0.00	-11728.68
198.50	3103.68	0.00	-11676.80
198.60	-139.56	0.00	-11578.84
198.70	-3412.15	0.00	-11435.19
198.80	-6698.84	0.00	-11246.40
198.90	-9983.64	0.00	-11013.23
199.00	-13249.88	0.00	-10736.60
199.10	-16480.42	0.00	-10417.59
199.20	-19657.72	0.00	-10057.47
199.30	-22764.02	0.00	-9657.66
199.40	-25781.47	0.00	-9219.74
199.50	-28692.30	0.00	-8745.42
199.60	-31478.97	0.00	-8236.60
199.70	-34124.37	0.00	-7695.27
199.80	-36611.95	0.00	-7123.56
199.90	-38925.87	0.00	-6523.75
200.00	-41051.20	0.00	-5898.19
200.10	-42974.04	0.00	-5249.35
200.20	-44681.69	0.00	-4579.79
200.30	-46162.73	0.00	-3892.16
200.40	-47407.19	0.00	-3189.17
200.50	-48406.62	0.00	-2473.59
200.60	-49154.22	0.00	-1748.25
200.70	-49644.85	0.00	-1016.02
200.80	-49875.15	0.00	-279.77
200.90	-49868.65	0.00	457.59
201.00	-49720.94	0.00	1193.13
201.10	-49441.13	0.00	1923.97
201.20	-49028.72	0.00	2647.22
201.30	-48482.98	0.00	3360.01
201.40	-47803.03	0.00	4059.55
201.50	-46987.89	0.00	4743.07
201.60	-46036.49	0.00	5407.86
201.70	-44947.82	0.00	6051.32
201.80	-43720.93	0.00	6670.89
201.90	-42355.08	0.00	7264.14
202.00	-40849.81	0.00	7828.72
202.10	-39205.01	0.00	8362.40
202.20	-37421.04	0.00	8863.08
202.30	-35498.84	0.00	9328.78
202.40	-33439.98	0.00	9757.66
202.50	-31246.78	0.00	10148.04
202.60	-28922.40	0.00	10498.36
202.70	-26470.86	0.00	10807.25
202.80	-23897.20	0.00	11073.50
202.90	-21207.42	0.00	11296.04
203.00	-18408.62	0.00	11474.00
203.10	-15508.98	0.00	11606.67
203.20	-12517.75	0.00	11693.54
203.30	-9445.32	0.00	11734.26
203.40	-6303.13	0.00	11728.68
203.50	-3103.68	0.00	11676.80
203.60	139.56	0.00	11578.84
203.70	3412.15	0.00	11435.19
203.80	6698.84	0.00	11246.40
203.90	9983.64	0.00	11013.23
204.00	13249.88	0.00	10736.60
204.10	16480.42	0.00	10417.59
204.20	19657.72	0.00	10057.47
204.30	22764.02	0.00	9657.66
204.40	25781.47	0.00	9219.74
204.50	28692.30	0.00	8745.42
204.60	31478.97	0.00	8236.60
204.70	34124.37	0.00	7695.27
204.80	36611.95	0.00	7123.56
204.90	38925.87	0.00	6523.75
205.00	41051.20	0.00	5898.19
205.10	42974.04	0.00	5249.35
205.20	44681.69	0.00	4579.79
205.30	46162.73	0.00	3892.16
205.40	47407.19	0.00	3189.17
205.50	48406.62	0.00	2473.59
205.60	49154.22	0.00	1748.25
205.70	49644.85	0.00	1016.02
205.80	49875.15	0.00	279.77
205.90	49868.65	0.00	-457.59
206.00	49720.94	0.00	-1193.13
206.10	49441.13	0.00	-1923.97
206.20	49028.72	0.00	-2647.22
206.30	48482.98	0.00	-3360.01
206.40	47803.03	0.00	-4059.55
206.50	46987.89	0.00	-4743.07
206.60	46036.49	0.00	-5407.86
206.70	44947.82	0.00	-6051.32
206.80	43720.93	0.00	-6670.89
206.90	42355.08	0.00	-7264.14
207.00	40849.81	0.00	-7828.72
207.10	39205.01	0.00	-8362.40
207.20	37421.04	0.00	-8863.08
207.30	35498.84	0.00	-9328.78
207.40	33439.98	0.00	-9757.66
207.50	31246.78	0.00	-10148.04
207.60	28922.40	0.00	-10498.36
207.70	26470.86	0.00	-10807.25
207.80	23897.20	0.00	-11073.50
207.90	21207.42	0.00	-11296.04
208.00	18408.62	0.00	-11474.00
208.10	15508.98	0.00	-11606.67
208.20	12517.75	0.00	-11693.54
208.30	9445.32	0.00	-11734.26
208.40	6303.13	0.00	-11728.68
208.50	3103.68	0.00	-11676.80
208.60	-139.56	0.00	-11578.84
208.70	-3412.15	0.00	-11435.19
208.80	-6698.84	0.00	-11246.40
208.90	-9983.64	0.00	-11013.23
209.00	-13249.88	0.00	-10736.60
209.10	-16480.42	0.00	-10417.59
209.20	-19657.72	0.00	-10057.47
209.30	-22764.02	0.00	-9657.66
209.40	-25781.47	0.00	-9219.74
209.50	-28692.30	0.00	-8745.42
209.60	-31478.97	0.00	-8236.60
209.70	-34124.37	0.00	-7695.27
209.80	-36611.95	0.00	-7123.56
209.90	-38925.87	0.00	-6523.75
210.00	-41051.20	0.00	-5898.19
210.10	-42974.04	0.00	-5249.35
210.20	-44681.69	0.00	-4579.79
210.30	-46162.73	0.00	-3892.16
210.40	-47407.19	0.00	-3189.17
210.50	-48406.62	0.00	-2473.59
210.60	-49154.22	0.00	-1748.25
210.70	-49644.85	0.00	-1016.02
210.80	-49875.15	0.00	-279.77
210.90	-49868.65	0.00	457.59
211.00	-49720.94	0.00	1193.13
211.10	-49441.13	0.00	1923.97
211.20	-49028.72	0.00	2647.22
211.30	-48482.98	0.00	3360.01
211.40	-47803.03	0.00	4059.55
211.50	-46987.89	0.00	4743.07
211.60	-46036.49	0.00	5407.86
211.70	-44947.82	0.00	6051.32
211.80	-43720.93	0.00	6670.89
211.90	-42355.08	0.00	7264.14
212.00	-40849.81	0.00	7828.72
212.10	-39205.01	0.00	8362.40
212.20	-37421.04	0.00	8863.08
212.30	-35498.84	0.00	9328.78
212.40	-33439.98	0.00	9757.66
212.50	-31246.78	0.00	10148.04
212.60	-28922.40	0.00	10498.36
212.70	-26470.86	0.00	10807.25
212.80	-23897.20	0.00	11073.50
212.90	-21207.42	0.00	11296.04
213.00	-18408.62	0.00	11474.00
213.10	-15508.98	0.00	11606.67
213.20	-12517.75	0.00	11693.54
213.30	-9445.32	0.00	11734.26
213.40	-6303.13	0.00	11728.68
213.50	-3103.68	0.00	11676.80
213.60	139.56	0.00	11578.84
213.70	3412.15	0.00	11435.19
213.80	6698.84	0.00	11246.40
213.90	9983.64	0.00	11013.23
214.00	13249.88	0.00	10736.60
214.10	16480.42	0.00	10417.59
214.20	19657.72	0.00	10057.47
214.30	22764.02	0.00	9657.66
214.40	25781.47	0.00	9219.74
214.50	28692.30	0.00	8745.42
214.60	31478.97	0.00	8236.60
214.70	34124.37	0.00	7695.27
214.80	36611.95	0.00	7123.56
214.90	38925.87	0.00	6523.75
215.00	41051.20	0.00	5898.19
215.10	42974.04	0.00	5249.35
215.20	44681.69	0.00	4579.79
215.30	46162.73	0.00	3892.16
215.40	47407.19	0.00	3189.17
215.50	48406.62	0.00	2473.59
215.60	49154.22	0.00	1748.25
215.70	49644.85	0.00	1016.02
215.80	49875.15	0.00	279.77
215.90	49868.65	0.00	-457.59
216.00	49720.94	0.00	-1193.13
216.10	49441.13	0.00	-1923.97
216.20	49028.72	0.00	-2647.22
216.30	48482.98	0.00	-3360.01
216.40	47803.03	0.00	-4059.55
216.50	46987.89	0.00	-4743.07
216.60	46036.49	0.00	-5407.86
216.70	44947.82	0.00	-6051.32
216.80	43720.93	0.00	-6670.89
216.90	42355.08	0.00	-7264.14
217.00	40849.81	0.00	-7828.72
217.10	39205.01	0.00	-8362.40
217.20	37421.04	0.00	-8863.08
217.30	35498.84	0.00	-9328.78
217.40	33439.98	0.00	-9757.66
217.50	31246.78	0.00	-10148.04
217.60	28922.40	0.00	-10498.36
217.70	26470.86	0.00	-10807.25
217.80	23897.20	0.00	-11073.50
217.90	21207.42	0.00	-11296.04
218.00	18408.62	0.00	-11474.00
218.10	15508.98	0.00	-11606.67
218.20	12517.75	0.00	-11693.54
218.30	9445.32	0.00	-11734.26
218.40	6303.13	0.00	-11728.68
218.50	3103.68	0.00	-11676.80
218.60	-139.56	0.00	-11578.84
218.70	-3412.15	0.00	-11435.19
218.80	-6698.84	0.00	-11246.40
218.90	-9983.64	0.00	-11013.23
219.00	-13249.88	0.00	-10736.60
219.10	-16480.42	0.00	-10417.59
219.20	-19657.72	0.00	-10057.47
219.30	-22764.02	0.00	-9657.66
219.40	-25781.47	0.00	-9219.74
219.50	-28692.30	0.00	-8745.42
219.60	-31478.97	0.00	-8236.60
219.70	-34124.37	0.00	-7695.27
219.80	-36611.95	0.00	-7123.56
219.90	-38925.87	0.00	-6523.75
220.00	-41051.20	0.00	-5898.19
220.10	-42974.04	0.00	-5249.35
220.20	-44681.69	0.00	-4579.79
220.30	-46162.73	0.00	-3892.16
220.40	-47407.19	0.00	-3189.17
220.50	-48406.62	0.00	-2473.59
220.60	-49154.22	0.00	-1748.25
220.70	-49644.85	0.00	-1016.02
220.80	-49875.15	0.00	-279.77
220.90	-49868.65	0.00	457.59
221.00	-49720.94	0.00	1193.13
221.10	-49441.13	0.00	1923.97
221.20	-49028.72	0.00	2647.22
221.30	-48482.98	0.00	3360.01
221.40	-47803.03	0.00	4059.55
221.50	-46987.89	0.00	4743.07
221.60	-46036.49	0.00	5407.86
221.70	-44947.82	0.00	6051.32
221.80	-43720.93	0.00	6670.89
221.90	-42355.08	0.00	7264.14
222.00	-40849.81	0.00	7828.72
222.10	-39205.01	0.00	8362.40
222.20	-37421.04	0.00	8863.08
222.30	-35498.84	0.00	9328.78
222.40	-33439.98	0.00	9757.66
222.50	-31246.78	0.00	10148.04
222.60	-28922.40	0.00	10498.36
222.70	-26470.86	0.00	10807.25
222.80	-23897.20	0.00	11073.50
222.90	-21207.42	0.00	11296.04
223.00	-18408.62	0.00	11474.00
223.10	-15508.98	0.00	11606.67
223.20	-12517.75	0.00	11693.54
223.30	-9445.32	0.00	11734.26
223.40	-6303.13	0.00	11728.68
223.50	-3103.68	0.00	11676.80
223.60	139.56	0.00	11578.84
223.70	3412.15	0.00	11435.19
223.80	6698.84	0.00	11246.40
223.90	9983.64	0.00	11013.23
224.00	13249.88	0.00	10736.60
224.10	16480.42	0.00	10417.59
224.20	19657.72	0.00	10057.47
224.30	22764.02	0.00	9657.66
224.40	25781.47	0.00	9219.74
224.50	28692.30	0.00	8745.42
224.60	31478.97	0.00	8236.60
224.70	34124.37	0.00	7695.27
224.80	36611.95	0.00	7123.56
224.90	38925.87	0.00	6523.75
225.00	41051.20	0.00	5898.19
225.10	42974.04	0.00	5249.35
225.20	44681.69	0.00	4579.79
225.30	46162.73	0.00	3892.16
225.40	47407.19	0.00	3189.17
225.50	48406.62	0.00	2473.59
225.60	49154.22	0.00	1748.25
225.70	49644.85	0.00	1016.02
225.80	49875.15	0.00	279.77
225.90	49868.65	0.00	-457.59
226.00	49720.94	0.00	-1193.13
226.10	49441.13	0.00	-1923.97
226.20	49028.72	0.00	-2647.22
226.30	48482.98	0.00	-3360.01
226.40	47803.03	0.00	-4059.55
226.50	46987.89	0.00	-4743.07
226.60	46036.49	0.00	-5407.86
226.70	44947.82	0.00	-6051.32
226.80	43720.93	0.00	-6670.89
226.90	42355.08	0.00	-7264.14
227.00	40849.81	0.00	-7828.72
227.10	39205.01	0.00	-8362.40
227.20	37421.04	0.00	-8863.08
227.30	35498.84	0.00	-9328.78
227.40	33439.98	0.00	-9757.66
227.50	31246.78	0.00	-10148.04
227.60	28922.40	0.00	-10498.36
227.70	26470.86	0.00	-10807.25
227.80	23897.20	0.00	-11073.50
227.90	21207.42	0.00	-11296.04
228.00	18408.62	0.00	-11474.00
228.10	15508.98	0.00	-11606.67
228.20	12517.75	0.00	-11693.54
228.30	9445.32	0.00	-11734.26
228.40	6303.13	0.00	-11728.68
228.50	3103.68	0.00	-11676.80
228.60	-139.56	0.00	-11578.84
228.70	-3412.15	0.00	-11435.19
228.80	-6698.84	0.00	-11246.40
228.90	-9983.64	0.00	-11013.23
229.00	-13249.88	0.00	-10736.60
229.10	-16480.42	0.00	-10417.59
229.20	-19657.72	0.00	-10057.47
229.30	-22764.02	0.00	-9657.66
229.40	-25781.47	0.00	-9219.74
229.50	-28692.30	0.00	-8745.42
229.60	-31478.97	0.00	-8236.60
229.70	-34124.37	0.00	-7695.27
229.80	-36611.95	0.00	-7123.56
229.90	-38925.87	0.00	-6523.75
230.00	-41051.20	0.00	-5898.19
230.10	-42974.04	0.00	-5249.35
230.20	-44681.69	0.00	-4579.79
230.30	-46162.73	0.00	-3892.16
230.40	-47407.19	0.00	-3189.17
230.50	-48406.62	0.00	-2473.59
230.60	-49154.22	0.00	-1748.25
230.70	-49644.85	0.00	-1016.02
230.80	-49875.15	0.00	-279.77
230.90	-49868.65	0.00	457.59
231.00	-49720.94	0.00	1193.13
231.10	-49441.13	0.00	1923.97
231.20	-49028.72	0.00	2647.22
231.30	-48482.98	0.00	3360.01
231.40	-47803.03	0.00	4059.55
231.50	-46987.89	0.00	4743.07
231.60	-46036.49	0.00	5407.86
231.70	-44947.82	0.00	6051.32
231.80	-43720.93	0.00	6670.89
231.90	-42355.08	0.00	7264.14
232.00	-40849.81	0.00	7828.72
232.10	-39205.01	0.00	8362.40
232.20	-37421.04	0.00	8863.08
232.30	-35498.84	0.00	9328.78
232.40	-33439.98	0.00	9757.66
232.50	-31246.78	0.00	10148.04
232.60	-28922.40	0.00	10498.36
232.70	-26470.86	0.00	10807.25
232.80	-23897.20	0.00	11073.50
232.90	-21207.42	0.00	11296.04
233.00	-18408.62	0.00	11474.00
233.10	-15508.98	0.00	11606.67
233.20	-12517.75	0.00	11693.54
233.30	-9445.32	0.00	11734.26
233.40	-6303.13	0.00	11728.68
233.50	-3103.68	0.00	11676.80
233.60	139.56	0.00	11578.84
233.70	3412.15	0.00	11435.19
233.80	6698.84	0.00	11246.40
233.90	9983.64	0.00	11013.23
234.00	13249.88	0.00	10736.60
234.10	16480.42	0.00	10417.59
234.20	19657.72	0.00	10057.47
234.30	22764.02	0.00	9657.66
234.40	25781.47	0.00	9219.74
234.50	28692.30	0.00	8745.42
234.60	31478.97	0.00	8236.60
234.70	34124.37	0.00	7695.27
234.80	36611.95	0.00	7123.56
234.90	38925.87	0.00	6523.75
235.00	41051.20	0.00	5898.19
235.10	42974.04	0.00	5249.35
235.20	44681.69	0.00	4579.79
235.30	46162.73	0.00	3892.16
235.40	47407.19	0.00	3189.17
235.50	48406.62	0.00	2473.59
235.60	49154.22	0.00	1748.25
235.70	49644.85	0.00	1016.02
235.80	49875.15	0.00	279.77
235.90	49868.65	0.00	-457.59
236.00	49720.94	0.00	-1193.13
236.10	49441.13	0.00	-1923.97
236.20	49028.72	0.00	-2647.22
236.30	48482.98	0.00	-3360.01
236.40	47803.03	0.00	-4059.55
236.50	46987.89	0.00	-4743.07
236.60	46036.49	0.00	-5407.86
236.70	44947.82	0.00	-6051.32
236.80	43720.93	0.00	-6670.89
236.90	42355.08	0.00	-7264.14
237.00	40849.81	0.00	-7828.72
237.10	39205.01	0.00	-8362.40
237.20	37421.04	0.00	-8863.08
237.30	35498.84	0.00	-9328.78
237.40	33439.98	0.00	-9757.66
237.50	31246.78	0.00	-10148.04
237.60	28922.40	0.00	-10498.36
237.70	26470.86	0.00	-10807.25
237.80	23897.20	0.00	-11073.50
237.90	21207.42	0.00	-11296.04
238.00	18408.62	0.00	-11474.00
238.10	15508.98	0.00	-11606.67
238.20	12517.75	0.00	-11693.54
238.30	9445.32	0.00	-11734.26
238.40	6303.13	0.00	-11728.68
238.50	3103.68	0.00	-11676.80
238.60	-139.56	0.00	-11578.84
238.70	-3412.15	0.00	-11435.19
238.80	-6698.84	0.00	-11246.40
238.90	-9983.64	0.00	-11013.23
239.00	-13249.88	0.00	-10736.60
239.10	-16480.42	0.00	-10417.59
239.20	-19657.72	0.00	-10057.47
239.30	-22764.02	0.00	-9657.66
239.40	-25781.47	0.00	-9219.74
239.50	-28692.30	0.00	-8745.42
239.60	-31478.97	0.00	-8236.60
239.70	-34124.37	0.00	-7695.27
239.80	-36611.95	0.00	-7123.56
239.90	-38925.87	0.00	-6523.75
240.00	-41051.20	0.00	-5898.19
240.10	-42974.04	0.00	-5249.35
240.20	-44681.69	0.00	-4579.79
240.30	-46162.73	0.00	-3892.16
240.40	-47407.19	0.00	-3189.17
240.50	-48406.62	0.00	-2473.59
240.60	-49154.22	0.00	-1748.25
240.70	-49644.85	0.00	-1016.02
240.80	-49875.15	0.00	-279.77
240.90	-49868.65	0.00	457.59
241.00	-49720.94	0.00	1193.13
241.10	-49441.13	0.00	1923.97
241.20	-49028.72	0.00	2647.22
241.30	-48482.98	0.00	3360.01
241.40	-47803.03	0.00	4059.55
241.50	-46987.89	0.00	4743.07
241.60	-46036.49	0.00	5407.86
241.70	-44947.82	0.00	6051.32
241.80	-43720.93	0.00	6670.89
241.90	-42355.08	0.00	7264.14
242.00	-40849.81	0.00	7828.72
242.10	-39205.01	0.00	8362.40
242.20	-37421.04	0.00	8863.08
242.30	-35498.84	0.00	9328.78
242.40	-33439.98	0.00	9757.66
242.50	-31246.78	0.00	10148.04
242.60	-28922.40	0.00	10498.36
242.70	-26470.86	0.00	10807.25
242.80	-23897.20	0.00	11073.50
242.90	-21207.42	0.00	11296.04
243.00	-18408.62	0.00	11474.00
243.10	-15508.98	0.00	11606.67
243.20	-12517.75	0.00	11693.54
243.30	-9445.32	0.00	11734.26
243.40	-6303.13	0.00	11728.68
243.50	-3103.68	0.00	11676.80
243.60	139.56	0.00	11578.84
243.70	3412.15	0.00	11435.19
243.80	6698.84	0.00	11246.40
243.90	9983.64	0.00	11013.23
244.00	13249.88	0.00	10736.60
244.10	16480.42	0.00	10417.59
244.20	19657.72	0.00	10057.47
244.30	22764.02	0.00	9657.66
244.40	25781.47	0.00	9219.74
244.50	28692.30	0.00	8745.42
244.60	31478.97	0.00	8236.60
244.70	34124.37	0.00	7695.27
244.80	36611.95	0.00	7123.56
244.90	38925.87	0.00	6523.75
245.00	41051.20	0.00	5898.19
245.10	42974.04	0.00	5249.35
245.20	44681.69	0.00	4579.79
245.30	46162.73	0.00	3892.16
245.40	47407.19	0.00	3189.17
245.50	48406.62	0.00	2473.59
245.60	49154.22	0.00	1748.25
245.70	49644.85	0.00	1016.02
245.80	49875.15	0.00	279.77
245.90	49868.65	0.00	-457.59
246.00	49720.94	0.00	-1193.13
246.10	49441.13	0.00	-1923.97
246.20	49028.72	0.00	-2647.22
246.30	48482.98	0.00	-3360.01
246.40	47803.03	0.00	-4059.55
246.50	46987.89	0.00	-4743.07
246.60	46036.49	0.00	-5407.86
246.70	44947.82	0.00	-6051.32
246.80	43720.93	0.00	-6670.89
246.90	42355.08	0.00	-7264.14
247.00	40849.81	0.00	-7828.72
247.10	39205.01	0.00	-8362.40
247.20	37421.04	0.00	-8863.08
247.30	35498.84	0.00	-9328.78
247.40	33439.98	0.00	-9757.66
247.50	31246.78	0.00	-10148.04
247.60	28922.40	0.00	-10498.36
247.70	26470.86	0.00	-10807.25
247.80	23897.20	0.00	-11073.50
247.90	21207.42	0.00	-11296.04
248.00	18408.62	0.00	-11474.00
248.10	15508.98	0.00	-11606.67
248.20	12517.75	0.00	-11693.54
248.30	9445.32	0.00	-11734.26
248.40	6303.13	0.00	-11728.68
248.50	3103.68	0.00	-11676.80
248.60	-139.56	0.00	-11578.84
248.70	-3412.15	0.00	-11435.19
248.80	-6698.84	0.00	-11246.40
248.90	-9983.64	0.00	-11013.23
249.00	-13249.88	0.00	-10736.60
249.10	-16480.42	0.00	-10417.59
249.20	-19657.72	0.00	-10057.47
249.30	-22764.02	0.00	-9657.66
249.40	-25781.47	0.00	-9219.74
249.50	-28692.30	0.00	-8745.42
249.60	-31478.97	0.00	-8236.60
249.70	-34124.37	0.00	-7695.27
249.80	-36611.95	0.00	-7123.56
249.90	-38925.87	0.00	-6523.75
250.00	-41051.20	0.00	-5898.19
250.10	-42974.04	0.00	-5249.35
250.20	-44681.69	0.00	-4579.79
250.30	-46162.73	0.00	-3892.16
250.40	-47407.19	0.00	-3189.17
250.50	-48406.62	0.00	-2473.59
250.60	-49154.22	0.00	-1748.25
250.70	-49644.85	0.00	-1016.02
250.80	-49875.15	0.00	-279.77
250.90	-49868.65	0.00	457.59
251.00	-49720.94	0.00	1193.13
251.10	-49441.13	0.00	1923.97
251.20	-49028.72	0.00	2647.22
251.30	-48482.98	0.00	3360.01
251.40	-47803.03	0.00	4059.55
251.50	-46987.89	0.00	4743.07
251.60	-46036.49	0.00	5407.86
251.70	-44947.82	0.00	6051.32
251.80	-43720.93	0.00	6670.89
251.90	-42355.08	0.00	7264.14
252.00	-40849.81	0.00	7828.72
252.10	-39205.01	0.00	8362.40
252.20	-37421.04	0.00	8863.08
252.30	-35498.84	0.00	9328.78
252.40	-33439.98	0.00	9757.66
252.50	-31246.78	0.00	10148.04
252.60	-28922.40	0.00	10498.36
252.70	-26470.86	0.00	10807.25
252.80	-23897.20	0.00	11073.50
252.90	-21207.42	0.00	11296.04
253.00	-18408.62	0.00	11474.00
253.10	-15508.98	0.00	11606.67
253.20	-12517.75	0.00	11693.54
253.30	-9445.32	0.00	11734.26
253.40	-6303.13	0.00	11728.68
253.50	-3103.68	0.00	11676.80
253.60	139.56	0.00	11578.84
253.70	3412.15	0.00	11435.19
253.80	6698.84	0.00	11246.40
253.90	9983.64	0.00	11013.23
254.00	13249.88	0.00	10736.60
254.10	16480.42	0.00	10417.59
254.20	19657.72	0.00	10057.47
254.30	22764.02	0.00	9657.66
254.40	25781.47	0.00	9219.74
254.50	28692.30	0.00	8745.42
254.60	31478.97	0.00	8236.60
254.70	34124.37	0.00	7695.27
254.80	36611.95	0.00	7123.56
254.90	38925.87	0.00	6523.75
255.00	41051.20	0.00	5898.19
255.10	42974.04	0.00	5249.35
255.20	44681.69	0.00	4579.79
255.30	46162.73	0.00	3892.16
255.40	47407.19	0.00	3189.17
255.50	48406.62	0.00	2473.59
255.60	49154.22	0.00	1748.25
255.70	49644.85	0.00	1016.02
255.80	49875.15	0.00	279.77
255.90	49868.65	0.00	-457.59
256.00	49720.94	0.00	-1193.13
256.10	49441.13	0.00	-1923.97
256.20	49028.72	0.00	-2647.22
256.30	48482.98	0.00	-3360.01
256.40	47803.03	0.00	-4059.55
256.50	46987.89	0.00	-4743.07
256.60	46036.49	0.00	-5407.86
256.70	44947.82	0.00	-6051.32
256.80	43720.93	0.00	-6670.89
256.90	42355.08	0.00	-7264.14
257.00	40849.81	0.00	-7828.72
257.10	39205.01	0.00	-8362.40
257.20	37421.04	0.00	-8863.08
257.30	35498.84	0.00	-9328.78
257.40	33439.98	0.00	-9757.66
257.50	31246.78	0.00	-10148.04
257.60	28922.40	0.00	-10498.36
257.70	26470.86	0.00	-10807.25
257.80	23897.20	0.00	-11073.50
257.90	21207.42	0.00	-11296.04
258.00	18408.62	0.00	-11474.00
258.10	15508.98	0.00	-11606.67
258.20	12517.75	0.00	-11693.54
258.30	9445.32	0.00	-11734.26
258.40	6303.13	0.00	-11728.68
258.50	3103.68	0.00	-11676.80
258.60	-139.56	0.00	-11578.84
258.70	-3412.15	0.00	-11435.19
258.80	-6698.84	0.00	-11246.40
258.90	-9983.64	0.00	-11013.23
259.00	-13249.88	0.00	-10736.60
259.10	-16480.42	0.00	-10417.59
259.20	-19657.72	0.00	-10057.47
259.30	-22764.02	0.00	-9657.66
259.40	-25781.47	0.00	-9219.74
259.50	-28692.30	0.00	-8745.42
259.60	-31478.97	0.00	-8236.60
259.70	-34124.37	0.00	-7695.27
259.80	-36611.95	0.00	-7123.56
259.90	-38925.87	0.00	-6523.75
260.00	-41051.20	0.00	-5898.19
260.10	-42974.04	0.00	-5249.35
260.20	-44681.69	0.00	-4579.79
260.30	-46162.73	0.00	-3892.16
260.40	-47407.19	0.00	-3189.17
260.50	-48406.62	0.00	-2473.59
260.60	-49154.22	0.00	-1748.25
260.70	-49644.85	0.00	-1016.02
260.80	-49875.15	0.00	-279.77
260.90	-49868.65	0.00	457.59
261.00	-49720.94	0.00	1193.13
261.10	-49441.13	0.00	1923.97
261.20	-49028.72	0.00	2647.22
261.30	-48482.98	0.00	3360.01
261.40	-47803.03	0.00	4059.55
261.50	-46987.89	0.00	4743.07
261.60	-46036.49	0.00	5407.86
261.70	-44947.82	0.00	6051.32
261.80	-43720.93	0.00	6670.89
261.90	-42355.08	0.00	7264.14
262.00	-40849.81	0.00	7828.72
262.10	-39205.01	0.00	8362.40
262.20	-37421.04	0.00	8863.08
262.30	-35498.84	0.00	9328.78
262.40	-33439.98	0.00	9757.66
262.50	-31246.78	0.00	10148.04
262.60	-28922.40	0.00	10498.36
262.70	-26470.86	0.00	10807.25
262.80	-23897.20	0.00	11073.50
262.90	-21207.42	0.00	11296.04
263.00	-18408.62	0.00	11474.00
263.10	-15508.98	0.00	11606.67
263.20	-12517.75	0.00	11693.54
263.30	-9445.32	0.00	11734.26
263.40	-6303.13	0.00	11728.68
263.50	-3103.68	0.00	11676.80
263.60	139.56	0.00	11578.84
263.70	3412.15	0.00	11435.19
263.80	6698.84	0.00	11246.40
263.90	9983.64	0.00	11013.23
264.00	13249.88	0.00	10736.60
264.10	16480.42	0.00	10417.59
264.20	19657.72	0.00	10057.47
264.30	22764.02	0.00	9657.66
264.40	25781.47	0.00	9219.74
264.50	28692.30	0.00	8745.42
264.60	31478.97	0.00	8236.60
264.70	34124.37	0.00	7695.27
264.80	36611.95	0.00	7123.56
264.90	38925.87	0.00	6523.75
265.00	41051.20	0.00	5898.19
265.10	42974.04	0.00	5249.35
265.20	44681.69	0.00	4579.79
265.30	46162.73	0.00	3892.16
265.40	47407.19	0.00	3189.17
265.50	48406.62	0.00	2473.59
265.60	49154.22	0.00	1748.25
265.70	49644.85	0.00	1016.02
265.80	49875.15	0.00	279.77
265.90	49868.65	0.00	-457.59
266.00	49720.94	0.00	-1193.13
266.10	49441.13	0.00	-1923.97
266.20	49028.72	0.00	-2647.22
266.30	48482.98	0.00	-3360.01
266.40	47803.03	0.00	-4059.55
266.50	46987.89	0.00	-4743.07
266.60	46036.49	0.00	-5407.86
266.70	44947.82	0.00	-6051.32
266.80	43720.93	0.00	-6670.89
266.90	42355.08	0.00	-7264.14
267.00	40849.81	0.00	-7828.72
267.10	39205.01	0.00	-8362.40
267.20	37421.04	0.00	-8863.08
267.30	35498.84	0.00	-9328.78
267.40	33439.98	0.00	-9757.66
267.50	31246.78	0.00	-10148.04
267.60	28922.40	0.00	-10498.36
267.70	26470.86	0.00	-10807.25
267.80	23897.20	0.00	-11073.50
267.90	21207.42	0.00	-11296.04
268.00	18408.62	0.00	-11474.00
268.10	15508.98	0.00	-11606.67
268.20	12517.75	0.00	-11693.54
268.30	9445.32	0.00	-11734.26
268.40	6303.13	0.00	-11728.68
268.50	3103.68	0.00	-11676.80
268.60	-139.56	0.00	-11578.84
268.70	-3412.15	0.00	-11435.19
268.80	-6698.84	0.00	-11246.40
268.90	-9983.64	0.00	-11013.23
269.00	-13249.88	0.00	-10736.60
269.10	-16480.42	0.00	-10417.59
269.20	-19657.72	0.00	-10057.47
269.30	-22764.02	0.00	-9657.66
269.40	-25781.47	0.00	-9219.74
269.50	-28692.30	0.00	-8745.42
269.60	-31478.97	0.00	-8236.60
269.70	-34124.37	0.00	-7695.27
269.80	-36611.95	0.00	-7123.56
269.90	-38925.87	0.00	-6523.75
270.00	-41051.20	0.00	-5898.19
270.10	-42974.04	0.00	-5249.35
270.20	-44681.69	0.00	-4579.79
270.30	-46162.73	0.00	-3892.16
270.40	-47407.19	0.00	-3189.17
270.50	-48406.62	0.00	-2473.59
270.60	-49154.22	0.00	-1748.25
270.70	-49644.85	0.00	-1016.02
270.80	-49875.15	0.00	-279.77
270.90	-49868.65	0.00	457.59
271.00	-49720.94	0.00	1193.13
271.10	-49441.13	0.00	1923.97
271.20	-49028.72	0.00	2647.22
271.30	-48482.98	0.00	3360.01
271.40	-47803.03	0.00	4059.55
271.50	-46987.89	0.00	4743.07
271.60	-46036.49	0.00	5407.86
271.70	-44947.82	0.00	6051.32
271.80	-43720.93	0.00	6670.89
271.90	-42355.08	0.00	7264.14
272.00	-40849.81	0.00	7828.72
272.10	-39205.01	0.00	8362.40
272.20	-37421.04	0.00	8863.08
272.30	-35498.84	0.00	9328.78
272.40	-33439.98	0.00	9757.66
272.50	-31246.78	0.00	10148.04
272.60	-28922.40	0.00	10498.36
272.70	-26470.86	0.00	10807.25
272.80	-23897.20	0.00	11073.50
272.90	-21207.42	0.00	11296.04
273.00	-18408.62	0.00	11474.00
273.10	-15508.98	0.00	11606.67
273.20	-12517.75	0.00	11693.54
273.30	-9445.32	0.00	11734.26
273.40	-6303.13	0.00	11728.68
273.50	-3103.68	0.00	11676.80
273.60	139.56	0.00	11578.84
273.70	3412.15	0.00	11435.19
273.80	6698.84	0.00	11246.40
273.90	9983.64	0.00	11013.23
274.00	13249.88	0.00	10736.60
274.10	16480.42	0.00	10417.59
274.20	19657.72	0.00	10057.47
274.30	22764.02	0.00	9657.66
274.40	25781.47	0.00	9219.74
274.50	28692.30	0.00	8745.42
274.60	31478.97	0.00	8236.60
274.70	34124.37	0.00	7695.27
274.80	36611.95	0.00	7123.56
274.90	38925.87	0.00	6523.75
275.00	41051.20	0.00	5898.19
275.10	42974.04	0.00	5249.35
275.20	44681.69	0.00	4579.79
275.30	46162.73	0.00	3892.16
275.40	47407.19	0.00	3189.17
275.50	48406.62	0.00	2473.59
275.60	49154.22	0.00	1748.25
275.70	49644.85	0.00	1016.02
275.80	49875.15	0.00	279.77
275.90	49868.65	0.00	-457.59
276.00	49720.94	0.00	-1193.13
276.10	49441.13	0.00	-1923.97
276.20	49028.72	0.00	-2647.22
276.30	48482.98	0.00	-3360.01
276.40	47803.03	0.00	-4059.55
276.50	46987.89	0.00	-4743.07
276.60	46036.49	0.00	-5407.86
276.70	44947.82	0.00	-6051.32
276.80	43720.93	0.00	-6670.89
276.90	42355.08	0.00	-7264.14
277.00	40849.81	0.00	-7828.72
277.10	39205.01	0.00	-8362.40
277.20	37421.04	0.00	-8863.08
277.30	35498.84	0.00	-9328.78
277.40	33439.98	0.00	-9757.66
277.50	31246.78	0.00	-10148.04
277.60	28922.40	0.00	-10498.36
277.70	26470.86	0.00	-10807.25
277.80	23897.20	0.00	-11073.50
277.90	21207.42	0.00	-11296.04
278.00	18408.62	0.00	-11474.00
278.10	15508.98	0.00	-11606.67
278.20	12517.75	0.00	-11693.54
278.30	9445.32	0.00	-11734.26
278.40	6303.13	0.00	-11728.68
278.50	3103.68	0.00	-11676.80
278.60	-139.56	0.00	-11578.84
278.70	-3412.15	0.00	-11435.19
278.80	-6698.84	0.00	-11246.40
278.90	-9983.64	0.00	-11013.23
279.00	-13249.88	0.00	-10736.60
279.10	-16480.42	0.00	-10417.59
279.20	-19657.72	0.00	-10057.47
279.30	-22764.02	0.00	-9657.66
279.40	-25781.47	0.00	-9219.74
279.50	-28692.30	0.00	-8745.42
279.60	-31478.97	0.00	-8236.60
279.70	-34124.37	0.00	-7695.27
279.80	-36611.95	0.00	-7123.56
279.90	-38925.87	0.00	-6523.75
280.00	-41051.20	0.00	-5898.19
280.10	-42974.04	0.00	-5249.35
280.20	-44681.69	0.00	-4579.79
280.30	-46162.73	0.00	-3892.16
280.40	-47407.19	0.00	-3189.17
280.50	-48406.62	0.00	-2473.59
280.60	-49154.22	0.00	-1748.25
280.70	-49644.85	0.00	-1016.02
280.80	-49875.15	0.00	-279.77
280.90	-49868.65	0.00	457.59
281.00	-49720.94	0.00	1193.13
281.10	-49441.13	0.00	1923.97
281.20	-49028.72	0.00	2647.22
281.30	-48482.98	0.00	3360.01
281.40	-47803.03	0.00	4059.55
281.50	-46987.89	0.00	4743.07
281.60	-46036.49	0.00	5407.86
281.70	-44947.82	0.00	6051.32
281.80	-43720.93	0.00	6670.89
281.90	-42355.08	0.00	7264.14
282.00	-40849.81	0.00	7828.72
282.10	-39205.01	0.00	8362.40
282.20	-37421.04	0.00	8863.08
282.30	-35498.84	0.00	9328.78
282.40	-33439.98	0.00	9757.66
282.50	-31246.78	0.00	10148.04
282.60	-28922.40	0.00	10498.36
282.70	-26470.86	0.00	10807.25
282.80	-23897.20	0.00	11073.50
282.90	-21207.42	0.00	11296.04
283.00	-18408.62	0.00	11474.00
283.10	-15508.98	0.00	11606.67
283.20	-12517.75	0.00	11693.54
283.30	-9445.32	0.00	11734.26
283.40	-6303.13	0.00	11728.68
283.50	-3103.68	0.00	11676.80
283.60	139.56	0.00	11578.84
283.70	3412.15	0.00	11435.19
283.80	6698.84	0.00	11246.40
283.90	9983.64	0.00	11013.23
284.00	13249.88	0.00	10736.60
284.10	16480.42	0.00	10417.59
284.20	19657.72	0.00	10057.47
284.30	22764.02	0.00	9657.66
284.40	25781.47	0.00	9219.74
284.50	28692.30	0.00	8745.42
284.60	31478.97	0.00	8236.60
284.70	34124.37	0.00	7695.27
284.80	36611.95	0.00	7123.56
284.90	38925.87	0.00	6523.75
285.00	41051.20	0.00	5898.19
285.10	42974.04	0.00	5249.35
285.20	44681.69	0.00	4579.79
285.30	46162.73	0.00	3892.16
285.40	47407.19	0.00	3189.17
285.50	48406.62	0.00	2473.59
285.60	49154.22	0.00	1748.25
285.70	49644.85	0.00	1016.02
285.80	49875.15	0.00	279.77
285.90	49868.65	0.00	-457.59
286.00	49720.94	0.00	-1193.13
286.10	49441.13	0.00	-1923.97
286.20	49028.72	0.00	-2647.22
286.30	48482.98	0.00	-3360.01
286.40	47803.03	0.00	-4059.55
286.50	46987.89	0.00	-4743.07
286.60	46036.49	0.00	-5407.86
286.70	44947.82	0.00	-6051.32
286.80	43720.93	0.00	-6670.89
286.90	42355.08	0.00	-7264.14
287.00	40849.81	0.00	-7828.72
287.10	39205.01	0.00	-8362.40
287.20	37421.04	0.00	-8863.08
287.30	35498.84	0.00	-9328.78
287.40	33439.98	0.00	-9757.66
287.50	31246.78	0.00	-10148.04
287.60	28922.40	0.00	-10498.36
287.70	26470.86	0.00	-10807.25
287.80	23897.20	0.00	-11073.50
287.90	21207.42	0.00	-11296.04
288.00	18408.62	0.00	-11474.00
288.10	15508.98	0.00	-11606.67
288.20	12517.75	0.00	-11693.54
288.30	9445.32	0.00	-11734.26
288.40	6303.13	0.00	-11728.68
288.50	3103.68	0.00	-11676.80
288.60	-139.56	0.00	-11578.84
288.70	-3412.15	0.00	-11435.19
288.80	-6698.84	0.00	-11246.40
288.90	-9983.64	0.00	-11013.23
289.00	-13249.88	0.00	-10736.60
289.10	-16480.42	0.00	-10417.59
289.20	-19657.72	0.00	-10057.47
289.30	-22764.02	0.00	-9657.66
289.40	-25781.47	0.00	-9219.74
289.50	-28692.30	0.00	-8745.42
289.60	-31478.97	0.00	-8236.60
289.70	-34124.37	0.00	-7695.27
289.80	-36611.95	0.00	-7123.56
289.90	-38925.87	0.00	-6523.75
290.00	-41051.20	0.00	-5898.19
290.10	-42974.04	0.00	-5249.35
290.20	-44681.69	0.00	-4579.79
290.30	-46162.73	0.00	-3892.16
290.40	-47407.19	0.00	-3189.17
290.50	-48406.62	0.00	-2473.59
290.60	-49154.22	0.00	-1748.25
290.70	-49644.85	0.00	-1016.02
290.80	-49875.15	0.00	-279.77
290.90	-49868.65	0.00	457.59
291.00	-49720.94	0.00	1193.13
291.10	-49441.13	0.00	1923.97
291.20	-49028.72	0.00	2647.22
291.30	-48482.98	0.00	3360.01
291.40	-47803.03	0.00	4059.55
291.50	-46987.89	0.00	4743.07
291.60	-46036.49	0.00	5407.86
291.70	-44947.82	0.00	6051.32
291.80	-43720.93	0.00	6670.89
291.90	-42355.08	0.00	7264.14
292.00	-40849.81	0.00	7828.72
292.10	-39205.01	0.00	8362.40
292.20	-37421.04	0.00	8863.08
292.30	-35498.84	0.00	9328.78
292.40	-33439.98	0.00	9757.66
292.50	-31246.78	0.00	10148.04
292.60	-28922.40	0.00	10498.36
292.70	-26470.86	0.00	10807.25
292.80	-23897.20	0.00	11073.50
292.90	-21207.42	0.00	11296.04
293.00	-18408.62	0.00	11474.00
293.10	-15508.98	0.00	11606.67
293.20	-12517.75	0.00	11693.54
293.30	-9445.32	0.00	11734.26
293.40	-6303.13	0.00	11728.68
293.50	-3103.68	0.00	11676.80
293.60	139.56	0.00	11578.84
293.70	3412.15	0.00	11435.19
293.80	6698.84	0.00	11246.40
293.90	9983.64	0.00	11013.23
294.00	13249.88	0.00	10736.60
294.10	16480.42	0.00	10417.59
294.20	19657.72	0.00	10057.47
294.30	22764.02	0.00	9657.66
294.40	25781.47	0.00	9219.74
294.50	28692.30	0.00	8745.42
294.60	31478.97	0.00	8236.60
294.70	34124.37	0.00	7695.27
294.80	36611.95	0.00	7123.56
294.90	38925.87	0.00	6523.75
295.00	41051.20	0.00	5898.19
295.10	42974.04	0.00	5249.35
295.20	44681.69	0.00	4579.79
295.30	46162.73	0.00	3892.16
295.40	47407.19	0.00	3189.17
295.50	48406.62	0.00	2473.59
295.60	49154.22	0.00	1748.25
295.70	49644.85	0.00	1016.02
295.80	49875.15	0.00	279.77
295.90	49868.65	0.00	-457.59
296.00	49720.94	0.00	-1193.13
296.10	49441.13	0.00	-1923.97
296.20	49028.72	0.00	-2647.22
296.30	48482.98	0.00	-3360.01
296.40	47803.03	0.00	-4059.55
296.50	46987.89	0.00	-4743.07
296.60	46036.49	0.00	-5407.86
296.70	44947.82	0.00	-6051.32
296.80	43720.93	0.00	-6670.89
296.90	42355.08	0.00	-7264.14
297.00	40849.81	0.00	-7828.72
297.10	39205.01	0.00	-8362.40
297.20	37421.04	0.00	-8863.08
297.30	35498.84	0.00	-9328.78
297.40	33439.98	0.00	-9757.66
297.50	31246.78	0.00	-10148.04
297.60	28922.40	0.00	-10498.36
297.70	26470.86	0.00	-10807.25
297.80	23897.20	0.00	-11073.50
297.90	21207.42	0.00	-11296.04
298.00	18408.62	0.00	-11474.00
298.10	15508.98	0.00	-11606.67
298.20	12517.75	0.00	-11693.54
298.30	9445.32	0.00	-11734.26
298.40	6303.13	0.00	-11728.68
298.50	3103.68	0.00	-11676.80
298.60	-139.56	0.00	-11578.84
298.70	-3412.15	0.00	-11435.19
298.80	-6698.84	0.00	-11246.40
298.90	-9983.64	0.00	-11013.23
299.00	-13249.88	0.00	-10736.60
299.10	-16480.42	0.00	-10417.59
299.20	-19657.72	0.00	-10057.47
299.30	-22764.02	0.00	-9657.66
299.40	-25781.47	0.00	-9219.74
299.50	-28692.30	0.00	-8745.42
299.60	-31478.97	0.00	-8236.60
299.70	-34124.37	0.00	-7695.27
299.80	-36611.95	0.00	-7123.56
299.90	-38925.87	0.00	-6523.75
300.00	-41051.20	0.00	-5898.19
300.10	-42974.04	0.00	-5249.35
300.20	-44681.69	0.00	-4579.79
300.30	-46162.73	0.00	-3892.16
300.40	-47407.19	0.00	-3189.17
300.50	-48406.62	0.00	-2473.59
300.60	-49154.22	0.00	-1748.25
300.70	-49644.85	0.00	-1016.02
300.80	-49875.15	0.00	-279.77
300.90	-49868.65	0.00	457.59
301.00	-49720.94	0.00	1193.13
301.10	-49441.13	0.00	1923.97
301.20	-49028.72	0.00	2647.22
301.30	-48482.98	0.00	3360.01
301.40	-47803.03	0.00	4059.55
301.50	-46987.89	0.00	4743.07
301.60	-46036.49	0.00	5407.86
301.70	-44947.82	0.00	6051.32
301.80	-43720.93	0.00	6670.89
301.90	-42355.08	0.00	7264.14
302.00	-40849.81	0.00	7828.72
302.10	-39205.01	0.00	8362.40
302.20	-37421.04	0.00	8863.08
302.30	-35498.84	0.00	9328.78
302.40	-33439.98	0.00	9757.66
302.50	-31246.78	0.00	10148.04
302.60	-28922.40	0.00	10498.36
302.70	-26470.86	0.00	10807.25
302.80	-23897.20	0.00	11073.50
302.90	-21207.42	0.00	11296.04
303.00	-18408.62	0.00	11474.00
303.10	-15508.98	0.00	11606.67
303.20	-12517.75	0.00	11693.54
303.30	-9445.32	0.00	11734.26
303.40	-6303.13	0.00	11728.68
303.50	-3103.68	0.00	11676.80
303.60	139.56	0.00	11578.84
303.70	3412.15	0.00	11435.19
303.80	6698.84	0.00	11246.40
303.90	9983.64	0.00	11013.23
304.00	13249.88	0.00	10736.60
304.10	16480.42	0.00	10417.59
304.20	19657.72	0.00	10057.47
304.30	22764.02	0.00	9657.66
304.40	25781.47	0.00	9219.74
304.50	28692.30	0.00	8745.42
304.60	31478.97	0.00	8236.60
304.70	34124.37	0.00	7695.27
304.80	36611.95	0.00	7123.56
304.90	38925.87	0.00	6523.75
305.00	41051.20	0.00	5898.19
305.10	42974.04	0.00	5249.35
305.20	44681.69	0.00	4579.79
305.30	46162.73	0.00	3892.16
305.40	47407.19	0.00	3189.17
305.50	48406.62	0.00	2473.59
305.60	49154.22	0.00	1748.25
305.70	49644.85	0.00	1016.02
305.80	49875.15	0.00	279.77
305.90	49868.65	0.00	-457.59
306.00	49720.94	0.00	-1193.13
306.10	49441.13	0.00	-1923.97
306.20	49028.72	0.00	-2647.22
306.30	48482.98	0.00	-3360.01
306.40	47803.03	0.00	-4059.55
306.50	46987.89	0.00	-4743.07
306.60	46036.49	0.00	-5407.86
306.70	44947.82	0.00	-6051.32
306.80	43720.93	0.00	-6670.89
306.90	42355.08	0.00	-7264.14
307.00	40849.81	0.00	-7828.72
307.10	39205.01	0.00	-8362.40
307.20	37421.04	0.00	-8863.08
307.30	35498.84	0.00	-9328.78
307.40	33439.98	0.00	-9757.66
307.50	31246.78	0.00	-10148.04
307.60	28922.40	0.00	-10498.36
307.70	26470.86	0.00	-10807.25
307.80	23897.20	0.00	-11073.50
307.90	21207.42	0.00	-11296.04
308.00	18408.62	0.00	-11474.00
308.10	15508.98	0.00	-11606.67
308.20	12517.75	0.00	-11693.54
308.30	9445.32	0.00	-11734.26
308.40	6303.13	0.00	-11728.68
308.50	3103.68	0.00	-11676.80
308.60	-139.56	0.00	-11578.84
308.70	-3412.15	0.00	-11435.19
308.80	-6698.84	0.00	-11246.40
308.90	-9983.64	0.00	-11013.23
309.00	-13249.88	0.00	-10736.60
309.10	-16480.42	0.00	-10417.59
309.20	-19657.72	0.00	-10057.47
309.30	-22764.02	0.00	-9657.66
309.40	-25781.47	0.00	-9219.74
309.50	-28692.30	0.00	-8745.42
309.60	-31478.97	0.00	-8236.60
309.70	-34124.37	0.00	-7695.27
309.80	-36611.95	0.00	-7123.56
309.90	-38925.87	0.00	-6523.75
310.00	-41051.20	0.00	-5898.19
310.10	-42974.04	0.00	-5249.35
310.20	-44681.69	0.00	-4579.79
310.30	-46162.73	0.00	-3892.16
310.40	-47407.19	0.00	-3189.17
310.50	-48406.62	0.00	-2473.59
310.60	-49154.22	0.00	-1748.25
310.70	-49644.85	0.00	-1016.02
310.80	-49875.15	0.00	-279.77
310.90	-49868.65	0.00	457.59
311.00	-49720.94	0.00	1193.13
311.10	-49441.13	0.00	1923.97
311.20	-49028.72	0.00	2647.22
311.30	-48482.98	0.00	3360.01
311.40	-47803.03	0.00	4059.55
311.50	-46987.89	0.00	4743.07
311.60	-46036.49	0.00	5407.86
311.70	-44947.82	0.00	6051.32
311.80	-43720.93	0.00	6670.89
311.90	-42355.08	0.00	7264.14
312.00	-40849.81	0.00	7828.72
312.10	-39205.01	0.00	8362.40
312.20	-37421.04	0.00	8863.08
312.30	-35498.84	0.00	9328.78
312.40	-33439.98	0.00	9757.66
312.50	-31246.78	0.00	10148.04
312.60	-28922.40	0.00	10498.36
312.70	-26470.86	0.00	10807.25
312.80	-23897.20	0.00	11073.50
312.90	-21207.42	0.00	11296.04
313.00	-18408.62	0.00	11474.00
313.10	-15508.98	0.00	11606.67
313.20	-12517.75	0.00	11693.54
313.30	-9445.32	0.00	11734.26
313.40	-6303.13	0.00	11728.68
313.50	-3103.68	0.00	11676.80
313.60	139.56	0.00	11578.84
313.70	3412.15	0.00	11435.19
313.80	6698.84	0.00	11246.40
313.90	9983.64	0.00	11013.23
314.00	13249.88	0.00	10736.60
314.10	16480.42	0.00	10417.59
314.20	19657.72	0.00	10057.47
314.30	22764.02	0.00	9657.66
314.40	25781.47	0.00	9219.74
314.50	28692.30	0.00	8745.42
314.60	31478.97	0.00	8236.60
314.70	34124.37	0.00	7695.27
314.80	36611.95	0.00	7123.56
314.90	38925.87	0.00	6523.75
315.00	41051.20	0.00	5898.19
315.10	42974.04	0.00	5249.35
315.20	44681.69	0.00	4579.79
315.30	46162.73	0.00	3892.16
315.40	47407.19	0.00	3189.17
315.50	48406.62	0.00	2473.59
315.60	49154.22	0.00	1748.25
315.70	49644.85	0.00	1016.02
315.80	49875.15	0.00	279.77
315.90	49868.65	0.00	-457.59
316.00	49720.94	0.00	-1193.13
316.10	49441.13	0.00	-1923.97
316.20	49028.72	0.00	-2647.22
316.30	48482.98	0.00	-3360.01
316.40	47803.03	0.00	-4059.55
316.50	46987.89	0.00	-4743.07
316.60	46036.49	0.00	-5407.86
316.70	44947.82	0.00	-6051.32
316.80	43720.93	0.00	-6670.89
316.90	42355.08	0.00	-7264.14
317.00	40849.81	0.00	-7828.72
317.10	39205.01	0.00	-8362.40
317.20	37421.04	0.00	-8863.08
317.30	35498.84	0.00	-9328.78
317.40	33439.98	0.00	-9757.66
317.50	31246.78	0.00	-10148.04
317.60	28922.40	0.00	-10498.36
317.70	26470.86	0.00	-10807.25
317.80	23897.20	0.00	-11073.50
317.90	21207.42	0.00	-11296.04
318.00	18408.62	0.00	-11474.00
318.10	15508.98	0.00	-11606.67
318.20	12517.75	0.00	-11693.54
318.30	9445.32	0.00	-11734.26
318.40	6303.13	0.00	-11728.68
318.50	3103.68	0.00	-11676.80
318.60	-139.56	0.00	-11578.84
318.70	-3412.15	0.00	-11435.19
318.80	-6698.84	0.00	-11246.40
318.90	-9983.64	0.00	-11013.23
319.00	-13249.88	0.00	-10736.60
319.10	-16480.42	0.00	-10417.59
319.20	-19657.72	0.00	-10057.47
319.30	-22764.02	0.00	-9657.66
319.40	-25781.47	0.00	-9219.74
319.50	-28692.30	0.00	-8745.42
319.60	-31478.97	0.00	-8236.60
319.70	-34124.37	0.00	-7695.27
319.80	-36611.95	0.00	-7123.56
319.90	-38925.87	0.00	-6523.75
320.00	-41051.20	0.00	-5898.19
320.10	-42974.04	0.00	-5249.35
320.20	-44681.69	0.00	-4579.79
320.30	-46162.73	0.00	-3892.16
320.40	-47407.19	0.00	-3189.17
320.50	-48406.62	0.00	-2473.59
320.60	-49154.22	0.00	-1748.25
320.70	-49644.85	0.00	-1016.02
320.80	-49875.15	0.00	-279.77
320.90	-49868.65	0.00	457.59
321.00	-49720.94	0.00	1193.13
321.10	-49441.13	0.00	1923.97
321.20	-49028.72	0.00	2647.22
321.30	-48482.98	0.00	3360.01
321.40	-47803.03	0.00	4059.55
321.50	-46987.89	0.00	4743.07
321.60	-46036.49	0.00	5407.86
321.70	-44947.82	0.00	6051.32
321.80	-43720.93	0.00	6670.89
321.90	-42355.08	0.00	7264.14
322.00	-40849.81	0.00	7828.72
322.10	-39205.01	0.00	8362.40
322.20	-37421.04	0.00	8863.08
322.30	-35498.84	0.00	9328.78
322.40	-33439.98	0.00	9757.66
322.50	-31246.78	0.00	10148.04
322.60	-28922.40	0.00	10498.36
322.70	-26470.86	0.00	10807.25
322.80	-23897.20	0.00	11073.50
322.90	-21207.42	0.00	11296.04
323.00	-18408.62	0.00	11474.00
323.10	-15508.98	0.00	11606.67
323.20	-12517.75	0.00	11693.54
323.30	-9445.32	0.00	11734.26
323.40	-6303.13	0.00	11728.68
323.50	-3103.68	0.00	11676.80
323.60	139.56	0.00	11578.84
323.70	3412.15	0.00	11435.19
323.80	6698.84	0.00	11246.40
323.90	9983.64	0.00	11013.23
324.00	13249.88	0.00	10736.60
324.10	16480.42	0.00	10417.59
324.20	19657.72	0.00	10057.47
324.30	22764.02	0.00	9657.66
324.40	25781.47	0.00	9219.74
324.50	28692.30	0.00	8745.42
324.60	31478.97	0.00	8236.60
324.70	34124.37	0.00	7695.27
324.80	36611.95	0.00	7123.56
324.90	38925.87	0.00	6523.75
325.00	41051.20	0.00	5898.19
325.10	42974.04	0.00	5249.35
325.20	44681.69	0.00	4579.79
325.30	46162.73	0.00	3892.16
325.40	47407.19	0.00	3189.17
325.50	48406.62	0.00	2473.59
325.60	49154.22	0.00	1748.25
325.70	49644.85	0.00	1016.02
325.80	49875.15	0.00	279.77
325.90	49868.65	0.00	-457.59
326.00	49720.94	0.00	-1193.13
326.10	49441.13	0.00	-1923.97
326.20	49028.72	0.00	-2647.22
326.30	48482.98	0.00	-3360.01
326.40	47803.03	0.00	-4059.55
326.50	46987.89	0.00	-4743.07
326.60	46036.49	0.00	-5407.86
326.70	44947.82	0.00	-6051.32
326.80	43720.93	0.00	-6670.89
326.90	42355.08	0.00	-7264.14
327.00	40849.81	0.00	-7828.72
327.10	39205.01	0.00	-8362.40
327.20	37421.04	0.00	-8863.08
327.30	35498.84	0.00	-9328.78
327.40	33439.98	0.00	-9757.66
327.50	31246.78	0.00	-10148.04
327.60	28922.40	0.00	-10498.36
327.70	26470.86	0.00	-10807.25
327.80	23897.20	0.00	-11073.50
327.90	21207.42	0.00	-11296.04
328.00	18408.62	0.00	-11474.00
328.10	15508.98	0.00	-11606.67
328.20	12517.75	0.00	-11693.54
328.30	9445.32	0.00	-11734.26
328.40	6303.13	0.00	-11728.68
328.50	3103.68	0.00	-11676.80
328.60	-139.56	0.00	-11578.84
328.70	-3412.15	0.00	-11435.19
328.80	-6698.84	0.00	-11246.40
328.90	-9983.64	0.00	-11013.23
329.00	-13249.88	0.00	-10736.60
329.10	-16480.42	0.00	-10417.59
329.20	-19657.72	0.00	-10057.47
329.30	-22764.02	0.00	-9657.66
329.40	-25781.47	0.00	-9219.74
329.50	-28692.30	0.00	-8745.42
329.60	-31478.97	0.00	-8236.60
329.70	-34124.37	0.00	-7695.27
329.80	-36611.95	0.00	-7123.56
329.90	-38925.87	0.00	-6523.75
330.00	-41051.20	0.00	-5898.19
330.10	-42974.04	0.00	-5249.35
330.20	-44681.69	0.00	-4579.79
330.30	-46162.73	0.00	-3892.16
330.40	-47407.19	0.00	-3189.17
330.50	-48406.62	0.00	-2473.59
330.60	-49154.22	0.00	-1748.25
330.70	-49644.85	0.00	-1016.02
330.80	-49875.15	0.00	-279.77
330.90	-49868.65	0.00	457.59
331.00	-49720.94	0.00	1193.13
331.10	-49441.13	0.00	1923.97
331.20	-49028.72	0.00	2647.22
331.30	-48482.98	0.00	3360.01
331.40	-47803.03	0.00	4059.55
331.50	-46987.89	0.00	4743.07
331.60	-46036.49	0.00	5407.86
331.70	-44947.82	0.00	6051.32
331.80	-43720.93	0.00	6670.89
331.90	-42355.08	0.00	7264.14
332.00	-40849.81	0.00	7828.72
332.10	-39205.01	0.00	8362.40
332.20	-37421.04	0.00	8863.08
332.30	-35498.84	0.00	9328.78
332.40	-33439.98	0.00	9757.66
332.50	-31246.78	0.00	10148.04
332.60	-28922.40	0.00	10498.36
332.70	-26470.86	0.00	10807.25
332.80	-23897.20	0.00	11073.50
332.90	-21207.42	0.00	11296.04
333.00	-18408.62	0.00	11474.00
333.10	-15508.98	0.00	11606.67
333.20	-12517.75	0.00	11693.54
333.30	-9445.32	0.00	11734.26
333.40	-6303.13	0.00	11728.68
333.50	-3103.68	0.00	11676.80
333.60	139.56	0.00	11578.84
333.70	3412.15	0.00	11435.19
333.80	6698.84	0.00	11246.40
333.90	9983.64	0.00	11013.23
334.00	13249.88	0.00	10736.60
334.10	16480.42	0.00	10417.59
334.20	19657.72	0.00	10057.47
334.30	22764.02	0.00	9657.66
334.40	25781.47	0.00	9219.74
334.50	28692.30	0.00	8745.42
334.60	31478.97	0.00	8236.60
334.70	34124.37	0.00	7695.27
334.80	36611.95	0.00	7123.56
334.90	38925.87	0.00	6523.75
335.00	41051.20	0.00	5898.19
335.10	42974.04	0.00	5249.35
335.20	44681.69	0.00	4579.79
335.30	46162.73	0.00	3892.16
335.40	47407.19	0.00	3189.17
335.50	48406.62	0.00	2473.59
335.60	49154.22	0.00	1748.25
335.70	49644.85	0.00	1016.02
335.80	49875.15	0.00	279.77
335.90	49868.65	0.00	-457.59
336.00	49720.94	0.00	-1193.13
336.10	49441.13	0.00	-1923.97
336.20	49028.72	0.00	-2647.22
336.30	48482.98	0.00	-3360.01
336.40	47803.03	0.00	-4059.55
336.50	46987.89	0.00	-4743.07
336.60	46036.49	0.00	-5407.86
336.70	44947.82	0.00	-6051.32
336.80	43720.93	0.00	-6670.89
336.90	42355.08	0.00	-7264.14
337.00	40849.81	0.00	-7828.72
337.10	39205.01	0.00	-8362.40
337.20	37421.04	0.00	-8863.08
337.30	35498.84	0.00	-9328.78
337.40	33439.98	0.00	-9757.66
337.50	31246.78	0.00	-10148.04
337.60	28922.40	0.00	-10498.36
337.70	26470.86	0.00	-10807.25
337.80	23897.20	0.00	-11073.50
337.90	21207.42	0.00	-11296.04
338.00	18408.62	0.00	-11474.00
338.10	15508.98	0.00	-11606.67
338.20	12517.75	0.00	-11693.54
338.30	9445.32	0.00	-11734.26
338.40	6303.13	0.00	-11728.68
338.50	3103.68	0.00	-11676.80
338.60	-139.56	0.00	-11578.84
338.70	-3412.15	0.00	-11435.19
338.80	-6698.84	0.00	-11246.40
338.90	-9983.64	0.00	-11013.23
339.00	-13249.88	0.00	-10736.60
339.10	-16480.42	0.00	-10417.59
339.20	-19657.72	0.00	-10057.47
339.30	-22764.02	0.00	-9657.66
339.40	-25781.47	0.00	-9219.74
339.50	-28692.30	0.00	-8745.42
339.60	-31478.97	0.00	-8236.60
339.70	-34124.37	0.00	-7695.27
339.80	-36611.95	0.00	-7123.56
339.90	-38925.87	0.00	-6523.75
340.00	-41051.20	0.00	-5898.19
340.10	-42974.04	0.00	-5249.35
340.20	-44681.69	0.00	-4579.79
340.30	-46162.73	0.00	-3892.16
340.40	-47407.19	0.00	-3189.17
340.50	-48406.62	0.00	-2473.59
340.60	-49154.22	0.00	-1748.25
340.70	-49644.85	0.00	-1016.02
340.80	-49875.15	0.00	-279.77
340.90	-49868.65	0.00	457.59
341.00	-49720.94	0.00	1193.13
341.10	-49441.13	0.00	1923.97
341.20	-49028.72	0.00	2647.22
341.30	-48482.98	0.00	3360.01
341.40	-47803.03	0.00	4059.55
341.50	-46987.89	0.00	4743.07
341.60	-46036.49	0.00	5407.86
341.70	-44947.82	0.00	6051.32
341.80	-43720.93	0.00	6670.89
341.90	-42355.08	0.00	7264.14
342.00	-40849.81	0.00	7828.72
342.10	-39205.01	0.00	8362.40
342.20	-37421.04	0.00	8863.08
342.30	-35498.84	0.00	9328.78
342.40	-33439.98	0.00	9757.66
342.50	-31246.78	0.00	10148.04
342.60	-28922.40	0.00	10498.36
342.70	-26470.86	0.00	10807.25
342.80	-23897.20	0.00	11073.50
342.90	-21207.42	0.00	11296.04
343.00	-18408.62	0.00	11474.00
343.10	-15508.98	0.00	11606.67
343.20	-12517.75	0.00	11693.54
343.30	-9445.32	0.00	11734.26
343.40	-6303.13	0.00	11728.68
343.50	-3103.68	0.00	11676.80
343.60	139.56	0.00	11578.84
343.70	3412.15	0.00	11435.19
343.80	6698.84	0.00	11246.40
343.90	9983.64	0.00	11013.23
344.00	13249.88	0.00	10736.60
344.10	16480.42	0.00	10417.59
344.20	19657.72	0.00	10057.47
344.30	22764.02	0.00	9657.66
344.40	25781.47	0.00	9219.74
344.50	28692.30	0.00	8745.42
344.60	31478.97	0.00	8236.60
344.70	34124.37	0.00	7695.27
344.80	36611.95	0.00	7123.56
344.90	38925.87	0.00	6523.75
345.00	41051.20	0.00	5898.19
345.10	42974.04	0.00	5249.35
345.20	44681.69	0.00	4579.79
345.30	46162.73	0.00	3892.16
345.40	47407.19	0.00	3189.17
345.50	48406.62	0.00	2473.59
345.60	49154.22	0.00	1748.25
345.70	49644.85	0.00	1016.02
345.80	49875.15	0.00	279.77
345.90	49868.65	0.00	-457.59
346.00	49720.94	0.00	-1193.13
346.10	49441.13	0.00	-1923.97
346.20	49028.72	0.00	-2647.22
346.30	48482.98	0.00	-3360.01
346.40	47803.03	0.00	-4059.55
346.50	46987.89	0.00	-4743.07
346.60	46036.49	0.00	-5407.86
346.70	44947.82	0.00	-6051.32
346.80	43720.93	0.00	-6670.89
346.90	42355.08	0.00	-7264.14
347.00	40849.81	0.00	-7828.72
347.10	39205.01	0.00	-8362.40
347.20	37421.04	0.00	-8863.08
347.30	35498.84	0.00	-9328.78
347.40	33439.98	0.00	-9757.66
347.50	31246.78	0.00	-10148.04
347.60	28922.40	0.00	-10498.36
347.70	26470.86	0.00	-10807.25
347.80	23897.20	0.00	-11073.50
347.90	21207.42	0.00	-11296.04
348.00	18408.62	0.00	-11474.00
348.10	15508.98	0.00	-11606.67
348.20	12517.75	0.00	-11693.54
348.30	9445.32	0.00	-11734.26
348.40	6303.13	0.00	-11728.68
348.50	3103.68	0.00	-11676.80
348.60	-139.56	0.00	-11578.84
348.70	-3412.15	0.00	-11435.19
348.80	-6698.84	0.00	-11246.40
348.90	-9983.64	0.00	-11013.23
349.00	-13249.88	0.00	-10736.60
349.10	-16480.42	0.00	-10417.59
349.20	-19657.72	0.00	-10057.47
349.30	-22764.02	0.00	-9657.66
349.40	-25781.47	0.00	-9219.74
349.50	-28692.30	0.00	-8745.42
349.60	-31478.97	0.00	-8236.60
349.70	-34124.37	0.00	-7695.27
349.80	-36611.95	0.00	-7123.56
349.90	-38925.87	0.00	-6523.75
350.00	-41051.20	0.00	-5898.19
350.10	-42974.04	0.00	-5249.35
350.20	-44681.69	0.00	-4579.79
350.30	-46162.73	0.00	-3892.16
350.40	-47407.19	0.00	-3189.17
350.50	-48406.62	0.00	-2473.59
350.60	-49154.22	0.00	-1748.25
350.70	-49644.85	0.00	-1016.02
350.80	-49875.15	0.00	-279.77
350.90	-49868.65	0.00	457.59
351.00	-49720.94	0.00	1193.13
351.10	-49441.13	0.00	1923.97
351.20	-49028.72	0.00	2647.22
351.30	-48482.98	0.00	3360.01
351.40	-47803.03	0.00	4059.55
351.50	-46987.89	0.00	4743.07
351.60	-46036.49	0.00	5407.86
351.70	-44947.82	0.00	6051.32
351.80	-43720.93	0.00	6670.89
351.90	-42355.08	0.00	7264.14
352.00	-40849.81	0.00	7828.72
352.10	-39205.01	0.00	8362.40
352.20	-37421.04	0.00	8863.08
352.30	-35498.84	0.00	9328.78
352.40	-33439.98	0.00	9757.66
352.50	-31246.78	0.00	10148.04
352.60	-28922.40	0.00	10498.36
352.70	-26470.86	0.00	10807.25
352.80	-23897.20	0.00	11073.50
352.90	-21207.42	0.00	11296.04
353.00	-18408.62	0.00	11474.00
353.10	-15508.98	0.00	11606.67
353.20	-12517.75	0.00	11693.54
353.30	-9445.32	0.00	11734.26
353.40	-6303.13	0.00	11728.68
353.50	-3103.68	0.00	11676.80
353.60	139.56	0.00	11578.84
353.70	3412.15	0.00	11435.19
353.80	6698.84	0.00	11246.40
353.90	9983.64	0.00	11013.23
354.00	13249.88	0.00	10736.60
354.10	16480.42	0.00	10417.59
354.20	19657.72	0.00	10057.47
354.30	22764.02	0.00	9657.66
354.40	25781.47	0.00	9219.74
354.50	28692.30	0.00	8745.42
354.60	31478.97	0.00	8236.60
354.70	34124.37	0.00	7695.27
354.80	36611.95	0.00	7123.56
354.90	38925.87	0.00	6523.75
355.00	41051.20	0.00	5898.19
355.10	42974.04	0.00	5249.35
355.20	44681.69	0.00	4579.79
355.30	46162.73	0.00	3892.16
355.40	47407.19	0.00	3189.17
355.50	48406.62	0.00	2473.59
355.60	49154.22	0.00	1748.25
355.70	49644.85	0.00	1016.02
355.80	49875.15	0.00	279.77
355.90	49868.65	0.00	-457.59
356.00	49720.94	0.00	-1193.13
356.10	49441.13	0.00	-1923.97
356.20	49028.72	0.00	-2647.22
356.30	48482.98	0.00	-3360.01
356.40	47803.03	0.00	-4059.55
356.50	46987.89	0.00	-4743.07
356.60	46036.49	0.00	-5407.86
356.70	44947.82	0.00	-6051.32
356.80	43720.93	0.00	-6670.89
356.90	42355.08	0.00	-7264.14
357.00	40849.81	0.00	-7828.72
357.10	39205.01	0.00	-8362.40
357.20	37421.04	0.00	-8863.08
357.30	35498.84	0.00	-9328.78
357.40	33439.98	0.00	-9757.66
357.50	31246.78	0.00	-10148.04
357.60	28922.40	0.00	-10498.36
357.70	26470.86	0.00	-10807.25
357.80	23897.20	0.00	-11073.50
357.90	21207.42	0.00	-11296.04
358.00	18408.62	0.00	-11474.00
358.10	15508.98	0.00	-11606.67
358.20	12517.75	0.00	-11693.54
358.30	9445.32	0.00	-11734.26
358.40	6303.13	0.00	-11728.68
358.50	3103.68	0.00	-11676.80
358.60	-139.56	0.00	-11578.84
358.70	-3412.15	0.00	-11435.19
358.80	-6698.84	0.00	-11246.40
358.90	-9983.64	0.00	-11013.23
359.00	-13249.88	0.00	-10736.60
359.10	-16480.42	0.00	-10417.59
359.20	-19657.72	0.00	-10057.47
359.30	-22764.02	0.00	-9657.66
359.40	-25781.47	0.00	-9219.74
359.50	-28692.30	0.00	-8745.42
359.60	-31478.97	0.00	-8236.60
359.70	-34124.37	0.00	-7695.27
359.80	-36611.95	0.00	-7123.56
359.90	-38925.87	0.00	-6523.75
360.00	-41051.20	0.00	-5898.19
360.10	-42974.04	0.00	-5249.35
360.20	-44681.69	0.00	-4579.79
360.30	-46162.73	0.00	-3892.16
360.40	-47407.19	0.00	-3189.17
360.50	-48406.62	0.00	-2473.59
360.60	-49154.22	0.00	-1748.25
360.70	-49644.85	0.00	-1016.02
360.80	-49875.15	0.00	-279.77
360.90	-49868.65	0.00	457.59
361.00	-49720.94	0.00	1193.13
361.10	-49441.13	0.00	1923.97
361.20	-49028.72	0.00	2647.22
361.30	-48482.98	0.00	3360.01
361.40	-47803.03	0.00	4059.55
361.50	-46987.89	0.00	4743.07
361.60	-46036.49	0.00	5407.86
361.70	-44947.82	0.00	6051.32
361.80	-43720.93	0.00	6670.89
361.90	-42355.08	0.00	7264.14
362.00	-40849.81	0.00	7828.72
362.10	-39205.01	0.00	8362.40
362.20	-37421.04	0.00	8863.08
362.30	-35498.84	0.00	9328.78
362.40	-33439.98	0.00	9757.66
362.50	-31246.78	0.00	10148.04
362.60	-28922.40	0.00	10498.36
362.70	-26470.86	0.00	10807.25
362.80	-23897.20	0.00	11073.50
362.90	-21207.42	0.00	11296.04
363.00	-18408.62	0.00	11474.00
363.10	-15508.98	0.00	11606.67
363.20	-12517.75	0.00	11693.54
363.30	-9445.32	0.00	11734.26
363.40	-6303.13	0.00	11728.68
363.50	-3103.68	0.00	11676.80
363.60	139.56	0.00	11578.84
363.70	3412.15	0.00	11435.19
363.80	6698.84	0.00	11246.40
363.90	9983.64	0.00	11013.23
364.00	13249.88	0.00	10736.60
364.10	16480.42	0.00	10417.59
364.20	19657.72	0.00	10057.47
364.30	22764.02	0.00	9657.66
364.40	25781.47	0.00	9219.74
364.50	28692.30	0.00	8745.42
364.60	31478.97	0.00	8236.60
364.70	34124.37	0.00	7695.27
364.80	36611.95	0.00	7123.56
364.90	38925.87	0.00	6523.75
365.00	41051.20	0.00	5898.19
365.10	42974.04	0.00	5249.35
365.20	44681.69	0.00	4579.79
365.30	46162.73	0.00	3892.16
365.40	47407.19	0.00	3189.17
365.50	48406.62	0.00	2473.59
365.60	49154.22	0.00	1748.25
365.70	49644.85	0.00	1016.02
365.80	49875.15	0.00	279.77
365.90	49868.65	0.00	-457.59
366.00	49720.94	0.00	-1193.13
366.10	49441.13	0.00	-1923.97
366.20	49028.72	0.00	-2647.22
366.30	48482.98	0.00	-3360.01
366.40	47803.03	0.00	-4059.55
366.50	46987.89	0.00	-4743.07
366.60	46036.49	0.00	-5407.86
366.70	44947.82	0.00	-6051.32
366.80	43720.93	0.00	-6670.89
366.90	42355.08	0.00	-7264.14
367.00	40849.81	0.00	-7828.72
367.10	39205.01	0.00	-8362.40
367.20	37421.04	0.00	-8863.08
367.30	35498.84	0.00	-9328.78
367.40	33439.98	0.00	-9757.66
367.50	31246.78	0.00	-10148.04
367.60	28922.40	0.00	-10498.36
367.70	26470.86	0.00	-10807.25
367.80	23897.20	0.00	-11073.50
367.90	21207.42	0.00	-11296.04
368.00	18408.62	0.00	-11474.00
368.10	15508.98	0.00	-11606.67
368.20	12517.75	0.00	-11693.54
368.30	9445.32	0.00	-11734.26
368.40	6303.13	0.00	-11728.68
368.50	3103.68	0.00	-11676.80
368.60	-139.56	0.00	-11578.84
368.70	-3412.15	0.00	-11435.19
368.80	-6698.84	0.00	-11246.40
368.90	-9983.64	0.00	-11013.23
369.00	-13249.88	0.00	-10736.60
369.10	-16480.42	0.00	-10417.59
369.20	-19657.72	0.00	-10057.47
369.30	-22764.02	0.00	-9657.66
369.40	-25781.47	0.00	-9219.74
369.50	-28692.30	0.00	-8745.42
369.60	-31478.97	0.00	-8236.60
369.70	-34124.37	0.00	-7695.27
369.80	-36611.95	0.00	-7123.56
369.90	-38925.87	0.00	-6523.75
370.00	-41051.20	0.00	-5898.19
370.10	-42974.04	0.00	-5249.35
370.20	-44681.69	0.00	-4579.79
370.30	-46162.73	0.00	-3892.16
370.40	-47407.19	0.00	-3189.17
370.50	-48406.62	0.00	-2473.59
370.60	-49154.22	0.00	-1748.25
370.70	-49644.85	0.00	-1016.02
370.80	-49875.15	0.00	-279.77
370.90	-49868.65	0.00	457.59
371.00	-49720.94	0.00	1193.13
371.10	-49441.13	0.00	1923.97
371.20	-49028.72	0.00	2647.22
371.30	-48482.98	0.00	3360.01
371.40	-47803.03	0.00	4059.55
371.50	-46987.89	0.00	4743.07
371.60	-46036.49	0.00	5407.86
371.70	-44947.82	0.00	6051.32
371.80	-43720.93	0.00	6670.89
371.90	-42355.08	0.00	7264.14
372.00	-40849.81	0.00	7828.72
372.10	-39205.01	0.00	8362.40
372.20	-37421.04	0.00	8863.08
372.30	-35498.84	0.00	9328.78
372.40	-33439.98	0.00	9757.66
372.50	-31246.78	0.00	10148.04
372.60	-28922.40	0.00	10498.36
372.70	-26470.86	0.00	10807.25
372.80	-23897.20	0.00	11073.50
372.90	-21207.42	0.00	11296.04
373.00	-18408.62	0.00	11474.00
373.10	-15508.98	0.00	11606.67
373.20	-12517.75	0.00	11693.54
373.30	-9445.32	0.00	11734.26
373.40	-6303.13	0.00	11728.68
373.50	-3103.68	0.00	11676.80
373.60	139.56	0.00	11578.84
373.70	3412.15	0.00	11435.19
373.80	6698.84	0.00	11246.40
373.90	9983.64	0.00	11013.23
374.00	13249.88	0.00	10736.60
374.10	16480.42	0.00	10417.59
374.20	19657.72	0.00	10057.47
374.30	22764.02	0.00	9657.66
374.40	25781.47	0.00	9219.74
374.50	28692.30	0.00	8745.42
374.60	31478.97	0.00	8236.60
374.70	34124.37	0.00	7695.27
374.80	36611.95	0.00	7123.56
374.90	38925.87	0.00	6523.75
375.00	41051.20	0.00	5898.19
375.10	42974.04	0.00	5249.35
375.20	44681.69	0.00	4579.79
375.30	46162.73	0.00	3892.16
375.40	47407.19	0.00	3189.17
375.50	48406.62	0.00	2473.59
375.60	49154.22	0.00	1748.25
375.70	49644.85	0.00	1016.02
375.80	49875.15	0.00	279.77
375.90	49868.65	0.00	-457.59
376.00	49720.94	0.00	-1193.13
376.10	49441.13	0.00	-1923.97
376.20	49028.72	0.00	-2647.22
376.30	48482.98	0.00	-3360.01
376.40	47803.03	0.00	-4059.55
376.50	46987.89	0.00	-4743.07
376.60	46036.49	0.00	-5407.86
376.70	44947.82	0.00	-6051.32
376.80	43720.93	0.00	-6670.89
376.90	42355.08	0.00	-7264.14
377.00	40849.81	0.00	-7828.72
377.10	39205.01	0.00	-8362.40
377.20	37421.04	0.00	-8863.08
377.30	35498.84	0.00	-9328.78
377.40	33439.98	0.00	-9757.66
377.50	31246.78	0.00	-10148.04
377.60	28922.40	0.00	-10498.36
377.70	26470.86	0.00	-10807.25
377.80	23897.20	0.00	-11073.50
377.90	21207.42	0.00	-11296.04
378.00	18408.62	0.00	-11474.00
378.10	15508.98	0.00	-11606.67
378.20	12517.75	0.00	-11693.54
378.30	9445.32	0.00	-11734.26
378.40	6303.13	0.00	-11728.68
378.50	3103.68	0.00	-11676.80
378.60	-139.56	0.00	-11578.84
378.70	-3412.15	0.00	-11435.19
378.80	-6698.84	0.00	-11246.40
378.90	-9983.64	0.00	-11013.23
379.00	-13249.88	0.00	-10736.60
379.10	-16480.42	0.00	-10417.59
379.20	-19657.72	0.00	-10057.47
379.30	-22764.02	0.00	-9657.66
379.40	-25781.47	0.00	-9219.74
379.50	-28692.30	0.00	-8745.42
379.60	-31478.97	0.00	-8236.60
379.70	-34124.37	0.00	-7695.27
379.80	-36611.95	0.00	-7123.56
379.90	-38925.87	0.00	-6523.75
380.00	-41051.20	0.00	-5898.19
380.10	-42974.04	0.00	-5249.35
380.20	-44681.69	0.00	-4579.79
380.30	-46162.73	0.00	-3892.16
380.40	-47407.19	0.00	-3189.17
380.50	-48406.62	0.00	-2473.59
380.60	-49154.22	0.00	-1748.25
380.70	-49644.85	0.00	-1016.02
380.80	-49875.15	0.00	-279.77
380.90	-49868.65	0.00	457.59
381.00	-49720.94	0.00	1193.13
381.10	-49441.13	0.00	1923.97
381.20	-49028.72	0.00	2647.22
381.30	-48482.98	0.00	3360.01
381.40	-47803.03	0.00	4059.55
381.50	-46987.89	0.00	4743.07
381.60	-46036.49	0.00	5407.86
381.70	-44947.82	0.00	6051.32
381.80	-43720.93	0.00	6670.89
381.90	-42355.08	0.00	7264.14
382.00	-40849.81	0.00	7828.72
382.10	-39205.01	0.00	8362.40
382.20	-37421.04	0.00	8863.08
382.30	-35498.84	0.00	9328.78
382.40	-33439.98	0.00	9757.66
382.50	-31246.78	0.00	10148.04
382.60	-28922.40	0.00	10498.36
382.70	-26470.86	0.00	10807.25
382.80	-23897.20	0.00	11073.50
382.90	-21207.42	0.00	11296.04
383.00	-18408.62	0.00	11474.00
383.10	-15508.98	0.00	11606.67
383.20	-12517.75	0.00	11693.54
383.30	-9445.32	0.00	11734.26
383.40	-6303.13	0.00	11728.68
383.50	-3103.68	0.00	11676.80
383.60	139.56	0.00	11578.84
383.70	3412.15	0.00	11435.19
383.80	6698.84	0.00	11246.40
383.90	9983.64	0.00	11013.23
384.00	13249.88	0.00	10736.60
384.10	16480.42	0.00	10417.59
384.20	19657.72	0.00	10057.47
384.30	22764.02	0.00	9657.66
384.40	25781.47	0.00	9219.74
384.50	28692.30	0.00	8745.42
384.60	31478.97	0.00	8236.60
384.70	34124.37	0.00	7695.27
384.80	36611.95	0.00	7123.56
384.90	38925.87	0.00	6523.75
385.00	41051.20	0.00	5898.19
385.10	42974.04	0.00	5249.35
385.20	44681.69	0.00	4579.79
385.30	46162.73	0.00	3892.16
385.40	47407.19	0.00	3189.17
385.50	48406.62	0.00	2473.59
385.60	49154.22	0.00	1748.25
385.70	49644.85	0.00	1016.02
385.80	49875.15	0.00	279.77
385.90	49868.65	0.00	-457.59
386.00	49720.94	0.00	-1193.13
386.10	49441.13	0.00	-1923.97
386.20	49028.72	0.00	-2647.22
386.30	48482.98	0.00	-3360.01
386.40	47803.03	0.00	-4059.55
386.50	46987.89	0.00	-4743.07
386.60	46036.49	0.00	-5407.86
386.70	44947.82	0.00	-6051.32
386.80	43720.93	0.00	-6670.89
386.90	42355.08	0.00	-7264.14
387.00	40849.81	0.00	-7828.72
387.10	39205.01	0.00	-8362.40
387.20	37421.04	0.00	-8863.08
387.30	35498.84	0.00	-9328.78
387.40	33439.98	0.00	-9757.66
387.50	31246.78	0.00	-10148.04
387.60	28922.40	0.00	-10498.36
387.70	26470.86	0.00	-10807.25
387.80	23897.20	0.00	-11073.50
387.90	21207.42	0.00	-11296.04
388.00	18408.62	0.00	-11474.00
388.10	15508.98	0.00	-11606.67
388.20	12517.75	0.00	-11693.54
388.30	9445.32	0.00	-11734.26
388.40	6303.13	0.00	-11728.68
388.50	3103.68	0.00	-11676.80
388.60	-139.56	0.00	-11578.84
388.70	-3412.15	0.00	-11435.19
388.80	-6698.84	0.00	-11246.40
388.90	-9983.64	0.00	-11013.23
389.00	-13249.88	0.00	-10736.60
389.10	-16480.42	0.00	-10417.59
389.20	-19657.72	0.00	-10057.47
389.30	-22764.02	0.00	-9657.66
389.40	-25781.47	0.00	-9219.74
389.50	-28692.30	0.00	-8745.42
389.60	-31478.97	0.00	-8236.60
389.70	-34124.37	0.00	-7695.27
389.80	-36611.95	0.00	-7123.56
389.90	-38925.87	0.00	-6523.75
390.00	-41051.20	0.00	-5898.19
390.10	-42974.04	0.00	-5249.35
390.20	-44681.69	0.00	-4579.79
390.30	-46162.73	0.00	-3892.16
390.40	-47407.19	0.00	-3189.17
390.50	-48406.62	0.00	-2473.59
390.60	-49154.22	0.00	-1748.25
390.70	-49644.85	0.00	-1016.02
390.80	-49875.15	0.00	-279.77
390.90	-49868.65	0.00	457.59
391.00	-49720.94	0.00	1193.13
391.10	-49441.13	0.00	1923.97
391.20	-49028.72	0.00	2647.22
391.30	-48482.98	0.00	3360.01
391.40	-47803.03	0.00	4059.55
391.50	-46987.89	0.00	4743.07
391.60	-46036.49	0.00	5407.86
391.70	-44947.82	0.00	6051.32
391.80	-43720.93	0.00	6670.89
391.90	-42355.08	0.00	7264.14
392.00	-40849.81	0.00	7828.72
392.10	-39205.01	0.00	8362.40
392.20	-37421.04	0.00	8863.08
392.30	-35498.84	0.00	9328.78
392.40	-33439.98	0.00	9757.66
392.50	-31246.78	0.00	10148.04
392.60	-28922.40	0.00	10498.36
392.70	-26470.86	0.00	10807.25
392.80	-23897.20	0.00	11073.50
392.90	-21207.42	0.00	11296.04
393.00	-18408.62	0.00	11474.00
393.10	-15508.98	0.00	11606.67
393.20	-12517.75	0.00	11693.54
393.30	-9445.32	0.00	11734.26
393.40	-6303.13	0.00	11728.68
393.50	-3103.68	0.00	11676.80
393.60	139.56	0.00	11578.84
393.70	3412.15	0.00	11435.19
393.80	6698.84	0.00	11246.40
393.90	9983.64	0.00	11013.23
394.00	13249.88	0.00	10736.60
394.10	16480.42	0.00	10417.59
394.20	19657.72	0.00	10057.47
394.30	22764.02	0.00	9657.66
394.40	25781.47	0.00	9219.74
394.50	28692.30	0.00	8745.42
394.60	31478.97	0.00	8236.60
394.70	34124.37	0.00	7695.27
394.80	36611.95	0.00	7123.56
394.90	38925.87	0.00	6523.75
395.00	41051.20	0.00	5898.19
395.10	42974.04	0.00	5249.35
395.20	44681.69	0.00	4579.79
395.30	46162.73	0.00	3892.16
395.40	47407.19	0.00	3189.17
395.50	48406.62	0.00	2473.59
395.60	49154.22	0.00	1748.25
395.70	49644.85	0.00	1016.02
395.80	49875.15	0.00	279.77
395.90	49868.65	0.00	-457.59
396.00	49720.94	0.00	-1193.13
396.10	49441.13	0.00	-1923.97
396.20	49028.72	0.00	-2647.22
396.30	48482.98	0.00	-3360.01
396.40	47803.03	0.00	-4059.55
396.50	46987.89	0.00	-4743.07
396.60	46036.49	0.00	-5407.86
396.70	44947.82	0.00	-6051.32
396.80	43720.93	0.00	-6670.89
396.90	42355.08	0.00	-7264.14
397.00	40849.81	0.00	-7828.72
397.10	39205.01	0.00	-8362.40
397.20	37421.04	0.00	-8863.08
397.30	35498.84	0.00	-9328.78
397.40	33439.98	0.00	-9757.66
397.50	31246.78	0.00	-10148.04
397.60	28922.40	0.00	-10498.36
397.70	26470.86	0.00	-10807.25
397.80	23897.20	0.00	-11073.50
397.90	21207.42	0.00	-11296.04
398.00	18408.62	0.00	-11474.00
398.10	15508.98	0.00	-11606.67
398.20	12517.75	0.00	-11693.54
398.30	9445.32	0.00	-11734.26
398.40	6303.13	0.00	-11728.68
398.50	3103.68	0.00	-11676.80
398.60	-139.56	0.00	-11578.84
398.70	-3412.15	0.00	-11435.19
398.80	-6698.84	0.00	-11246.40
398.90	-9983.64	0.00	-11013.23
399.00	-13249.88	0.00	-10736.60
399.10	-16480.42	0.00	-10417.59
399.20	-19657.72	0.00	-10057.47
399.30	-22764.02	0.00	-9657.66
399.40	-25781.47	0.00	-9219.74
399.50	-28692.30	0.00	-8745.42
399.60	-31478.97	0.00	-8236.60
399.70	-34124.37	0.00	-7695.27
399.80	-36611.95	0.00	-7123.56
399.90	-38925.87	0.00	-6523.75
400.00	-41051.20	0.00	-5898.19
400.10	-42974.04	0.00	-5249.35
400.20	-44681.69	0.00	-4579.79
400.30	-46162.73	0.00	-3892.16
400.40	-47407.19	0.00	-3189.17
400.50	-48406.62	0.00	-2473.59
400.60	-49154.22	0.00	-1748.25
400.70	-49644.85	0.00	-1016.02
400.80	-49875.15	0.00	-279.77
400.90	-49868.65	0.00	457.59
401.00	-49720.94	0.00	1193.13
401.10	-49441.13	0.00	1923.97
401.20	-49028.72	0.00	2647.22
401.30	-48482.98	0.00	3360.01
401.40	-47803.03	0.00	4059.55
401.50	-46987.89	0.00	4743.07
401.60	-46036.49	0.00	5407.86
401.70	-44947.82	0.00	6051.32
401.80	-43720.93	0.00	6670.89
401.90	-42355.08	0.00	7264.14
402.00	-40849.81	0.00	7828.72
402.10	-39205.01	0.00	8362.40
402.20	-37421.04	0.00	8863.08
402.30	-35498.84	0.00	9328.78
402.40	-33439.98	0.00	9757.66
402.50	-31246.78	0.00	10148.04
402.60	-28922.40	0.00	10498.36
402.70	-26470.86	0.00	10807.25
402.80	-23897.20	0.00	11073.50
402.90	-21207.42	0.00	11296.04
403.00	-18408.62	0.00	11474.00
403.10	-15508.98	0.00	11606.67
403.20	-12517.75	0.00	11693.54
403.30	-9445.32	0.00	11734.26
403.40	-6303.13	0.00	11728.68
403.50	-3103.68	0.00	11676.80
403.60	139.56	0.00	11578.84
403.70	3412.15	0.00	11435.19
403.80	6698.84	0.00	11246.40
403.90	9983.64	0.00	11013.23
404.00	13249.88	0.00	10736.60
404.10	16480.42	0.00	10417.59
404.20	19657.72	0.00	10057.47
404.30	22764.02	0.00	9657.66
404.40	25781.47	0.00	9219.74
404.50	28692.30	0.00	8745.42
404.60	31478.97	0.00	8236.60
404.70	34124.37	0.00	7695.27
404.80	36611.95	0.00	7123.56
404.90	38925.87	0.00	6523.75
405.00	41051.20	0.00	5898.19
405.10	42974.04	0.00	5249.35
405.20	44681.69	0.00	4579.79
405.30	46162.73	0.00	3892.16
405.40	47407.19	0.00	3189.17
405.50	48406.62	0.00	2473.59
405.60	49154.22	0.00	1748.25
405.70	49644.85	0.00	1016.02
405.80	49875.15	0.00	279.77
405.90	49868.65	0.00	-457.59
406.00	49720.94	0.00	-1193.13
406.10	49441.13	0.00	-1923.97
406.20	49028.72	0.00	-2647.22
406.30	48482.98	0.00	-3360.01
406.40	47803.03	0.00	-4059.55
406.50	46987.89	0.00	-4743.07
406.60	46036.49	0.00	-5407.86
406.70	44947.82	0.00	-6051.32
406.80	43720.93	0.00	-6670.89
406.90	42355.08	0.00	-7264.14
407.00	40849.81	0.00	-7828.72
407.10	39205.01	0.00	-8362.40
407.20	37421.04	0.00	-8863.08
407.30	35498.84	0.00	-9328.78
407.40	33439.98	0.00	-9757.66
407.50	31246.78	0.00	-10148.04
407.60	28922.40	0.00	-10498.36
407.70	26470.86	0.00	-10807.25
407.80	23897.20	0.00	-11073.50
407.90	21207.42	0.00	-11296.04
408.00	18408.62	0.00	-11474.00
408.10	15508.98	0.00	-11606.67
408.20	12517.75	0.00	-11693.54
408.30	9445.32	0.00	-11734.26
408.40	6303.13	0.00	-11728.68
408.50	3103.68	0.00	-11676.80
408.60	-139.56	0.00	-11578.84
408.70	-3412.15	0.00	-11435.19
408.80	-6698.84	0.00	-11246.40
408.90	-9983.64	0.00	-11013.23
409.00	-13249.88	0.00	-10736.60
409.10	-16480.42	0.00	-10417.59
409.20	-19657.72	0.00	-10057.47
409.30	-22764.02	0.00	-9657.66
409.40	-25781.47	0.00	-9219.74
409.50	-28692.30	0.00	-8745.42
409.60	-31478.97	0.00	-8236.60
409.70	-34124.37	0.00	-7695.27
409.80	-36611.95	0.00	-7123.56
409.90	-38925.87	0.00	-6523.75
410.00	-41051.20	0.00	-5898.19
410.10	-42974.04	0.00	-5249.35
410.20	-44681.69	0.00	-4579.79
410.30	-46162.73	0.00	-3892.16
410.40	-47407.19	0.00	-3189.17
410.50	-48406.62	0.00	-2473.59
410.60	-49154.22	0.00	-1748.25
410.70	-49644.85	0.00	-1016.02
410.80	-49875.15	0.00	-279.77
410.90	-49868.65	0.00	457.59
411.00	-49720.94	0.00	1193.13
411.10	-49441.13	0.00	1923.97
411.20	-49028.72	0.00	2647.22
411.30	-48482.98	0.00	3360.01
411.40	-47803.03	0.00	4059.55
411.50	-46987.89	0.00	4743.07
411.60	-46036.49	0.00	5407.86
411.70	-44947.82	0.00	6051.32
411.80	-43720.93	0.00	6670.89
411.90	-42355.08	0.00	7264.14
412.00	-40849.81	0.00	7828.72
412.10	-39205.01	0.00	8362.40
412.20	-37421.04	0.00	8863.08
412.30	-35498.84	0.00	9328.78
412.40	-33439.98	0.00	9757.66
412.50	-31246.78	0.00	10148.04
412.60	-28922.40	0.00	10498.36
412.70	-26470.86	0.00	10807.25
412.80	-23897.20	0.00	11073.50
412.90	-21207.42	0.00	11296.04
413.00	-18408.62	0.00	11474.00
413.10	-15508.98	0.00	11606.67
413.20	-12517.75	0.00	11693.54
413.30	-9445.32	0.00	11734.26
413.40	-6303.13	0.00	11728.68
413.50	-3103.68	0.00	11676.80
413.60	139.56	0.00	11578.84
413.70	3412.15	0.00	11435.19
413.80	6698.84	0.00	11246.40
413.90	9983.64	0.00	11013.23
414.00	13249.88	0.00	10736.60
414.10	16480.42	0.00	10417.59
414.20	19657.72	0.00	10057.47
414.30	22764.02	0.00	9657.66
414.40	25781.47	0.00	9219.74
414.50	28692.30	0.00	8745.42
414.60	31478.97	0.00	8236.60
414.70	34124.37	0.00	7695.27
414.80	36611.95	0.00	7123.56
414.90	38925.87	0.00	6523.75
415.00	41051.20	0.00	5898.19
415.10	42974.04	0.00	5249.35
415.20	44681.69	0.00	4579.79
415.30	46162.73	0.00	3892.16
415.40	47407.19	0.00	3189.17
415.50	48406.62	0.00	2473.59
415.60	49154.22	0.00	1748.25
415.70	49644.85	0.00	1016.02
415.80	49875.15	0.00	279.77
415.90	49868.65	0.00	-457.59
416.00	49720.94	0.00	-1193.13
416.10	49441.13	0.00	-1923.97
416.20	49028.72	0.00	-2647.22
416.30	48482.98	0.00	-3360.01
416.40	47803.03	0.00	-4059.55
416.50	46987.89	0.00	-4743.07
416.60	46036.49	0.00	-5407.86
416.70	44947.82	0.00	-6051.32
416.80	43720.93	0.00	-6670.89
416.90	42355.08	0.00	-7264.14
417.00	40849.81	0.00	-7828.72
417.10	39205.01	0.00	-8362.40
417.20	37421.04	0.00	-8863.08
417.30	35498.84	0.00	-9328.78
417.40	33439.98	0.00	-9757.66
417.50	31246.78	0.00	-10148.04
417.60	28922.40	0.00	-10498.36
417.70	26470.86	0.00	-10807.25
417.80	23897.20	0.00	-11073.50
417.90	21207.42	0.00	-11296.04
418.00	18408.62	0.00	-11474.00
418.10	15508.98	0.00	-11606.67
418.20	12517.75	0.00	-11693.54
418.30	9445.32	0.00	-11734.26
418.40	6303.13	0.00	-11728.68
418.50	3103.68	0.00	-11676.80
418.60	-139.56	0.00	-11578.84
418.70	-3412.15	0.00	-11435.19
418.80	-6698.84	0.00	-11246.40
418.90	-9983.64	0.00	-11013.23
419.00	-13249.88	0.00	-10736.60
419.10	-16480.42	0.00	-10417.59
419.20	-19657.72	0.00	-10057.47
419.30	-22764.02	0.00	-9657.66
419.40	-25781.47	0.00	-9219.74
419.50	-28692.30	0.00	-8745.42
419.60	-31478.97	0.00	-8236.60
419.70	-34124.37	0.00	-7695.27
419.80	-36611.95	0.00	-7123.56
419.90	-38925.87	0.00	-6523.75
420.00	-41051.20	0.00	-5898.19
420.10	-42974.04	0.00	-5249.35
420.20	-44681.69	0.00	-4579.79
420.30	-46162.73	0.00	-3892.16
420.40	-47407.19	0.00	-3189.17
420.50	-48406.62	0.00	-2473.59
420.60	-49154.22	0.00	-1748.25
420.70	-49644.85	0.00	-1016.02
420.80	-49875.15	0.00	-279.77
420.90	-49868.65	0.00	457.59
421.00	-49720.94	0.00	1193.13
421.10	-49441.13	0.00	1923.97
421.20	-49028.72	0.00	2647.22
421.30	-48482.98	0.00	3360.01
421.40	-47803.03	0.00	4059.55
421.50	-46987.89	0.00	4743.07
421.60	-46036.49	0.00	5407.86
421.70	-44947.82	0.00	6051.32
421.80	-43720.93	0.00	6670.89
421.90	-42355.08	0.00	7264.14
422.00	-40849.81	0.00	7828.72
422.10	-39205.01	0.00	8362.40
422.20	-37421.04	0.00	8863.08
422.30	-35498.84	0.00	9328.78
422.40	-33439.98	0.00	9757.66
422.50	-31246.78	0.00	10148.04
422.60	-28922.40	0.00	10498.36
422.70	-26470.86	0.00	10807.25
422.80	-23897.20	0.00	11073.50
422.90	-21207.42	0.00	11296.04
423.00	-18408.62	0.00	11474.00
423.10	-15508.98	0.00	11606.67
423.20	-12517.75	0.00	11693.54
423.30	-9445.32	0.00	11734.26
423.40	-6303.13	0.00	11728.68
423.50	-3103.68	0.00	11676.80
423.60	139.56	0.00	11578.84
423.70	3412.15	0.00	11435.19
423.80	6698.84	0.00	11246.40
423.90	9983.64	0.00	11013.23
424.00	13249.88	0.00	10736.60
424.10	16480.42	0.00	10417.59
424.20	19657.72	0.00	10057.47
424.30	22764.02	0.00	9657.66
424.40	25781.47	0.00	9219.74
424.50	28692.30	0.00	8745.42
424.60	31478.97	0.00	8236.60
424.70	34124.37	0.00	7695.27
424.80	36611.95	0.00	7123.56
424.90	38925.87	0.00	6523.75
425.00	41051.20	0.00	5898.19
425.10	42974.04	0.00	5249.35
425.20	44681.69	0.00	4579.79
425.30	46162.73	0.00	3892.16
425.40	47407.19	0.00	3189.17
425.50	48406.62	0.00	2473.59
425.60	49154.22	0.00	1748.25
425.70	49644.85	0.00	1016.02
425.80	49875.15	0.00	279.77
425.90	49868.65	0.00	-457.59
426.00	49720.94	0.00	-1193.13
426.10	49441.13	0.00	-1923.97
426.20	49028.72	0.00	-2647.22
426.30	48482.98	0.00	-3360.01
426.40	47803.03	0.00	-4059.55
426.50	46987.89	0.00	-4743.07
426.60	46036.49	0.00	-5407.86
426.70	44947.82	0.00	-6051.32
426.80	43720.93	0.00	-6670.89
426.90	42355.08	0.00	-7264.14
427.00	40849.81	0.00	-7828.72
427.10	39205.01	0.00	-8362.40
427.20	37421.04	0.00	-8863.08
427.30	35498.84	0.00	-9328.78
427.40	33439.98	0.00	-9757.66
427.50	31246.78	0.00	-10148.04
427.60	28922.40	0.00	-10498.36
427.70	26470.86	0.00	-10807.25
427.80	23897.20	0.00	-11073.50
427.90	21207.42	0.00	-11296.04
428.00	18408.62	0.00	-11474.00
428.10	15508.98	0.00	-11606.67
428.20	12517.75	0.00	-11693.54
428.30	9445.32	0.00	-11734.26
428.40	6303.13	0.00	-11728.68
428.50	3103.68	0.00	-11676.80
428.60	-139.56	0.00	-11578.84
428.70	-3412.15	0.00	-11435.19
428.80	-6698.84	0.00	-11246.40
428.90	-9983.64	0.00	-11013.23
429.00	-13249.88	0.00	-10736.60
429.10	-16480.42	0.00	-10417.59
429.20	-19657.72	0.00	-10057.47
429.30	-22764.02	0.00	-9657.66
429.40	-25781.47	0.00	-9219.74
429.50	-28692.30	0.00	-8745.42
429.60	-31478.97	0.00	-8236.60
429.70	-34124.37	0.00	-7695.27
429.80	-36611.95	0.00	-7123.56
429.90	-38925.87	0.00	-6523.75
430.00	-41051.20	0.00	-5898.19
430.10	-42974.04	0.00	-5249.35
430.20	-44681.69	0.00	-4579.79
430.30	-46162.73	0.00	-3892.16
430.40	-47407.19	0.00	-3189.17
430.50	-48406.62	0.00	-2473.59
430.60	-49154.22	0.00	-1748.25
430.70	-49644.85	0.00	-1016.02
430.80	-49875.15	0.00	-279.77
430.90	-49868.65	0.00	457.59
431.00	-49720.94	0.00	1193.13
431.10	-49441.13	0.00	1923.97
431.20	-49028.72	0.00	2647.22
431.30	-48482.98	0.00	3360.01
431.40	-47803.03	0.00	4059.55
431.50	-46987.89	0.00	4743.07
431.60	-46036.49	0.00	5407.86
431.70	-44947.82	0.00	6051.32
431.80	-43720.93	0.00	6670.89
431.90	-42355.08	0.00	7264.14
432.00	-40849.81	0.00	7828.72
432.10	-39205.01	0.00	8362.40
432.20	-37421.04	0.00	8863.08
432.30	-35498.84	0.00	9328.78
432.40	-33439.98	0.00	9757.66
432.50	-31246.78	0.00	10148.04
432.60	-28922.40	0.00	10498.36
432.70	-26470.86	0.00	10807.25
432.80	-23897.20	0.00	11073.50
432.90	-21207.42	0.00	11296.04
433.00	-18408.62	0.00	11474.00
433.10	-15508.98	0.00	11606.67
433.20	-12517.75	0.00	11693.54
433.30	-9445.32	0.00	11734.26
433.40	-6303.13	0.00	11728.68
433.50	-3103.68	0.00	11676.80
433.60	139.56	0.00	11578.84
433.70	3412.15	0.00	11435.19
433.80	6698.84	0.00	11246.40
433.90	9983.64	0.00	11013.23
434.00	13249.88	0.00	10736.60
434.10	16480.42	0.00	10417.59
434.20	19657.72	0.00	10057.47
434.30	22764.02	0.00	9657.66
434.40	25781.47	0.00	9219.74
434.50	28692.30	0.00	8745.42
434.60	31478.97	0.00	8236.60
434.70	34124.37	0.00	7695.27
434.80	36611.95	0.00	7123.56
434.90	38925.87	0.00	6523.75
435.00	41051.20	0.00	5898.19
435.10	42974.04	0.00	5249.35
435.20	44681.69	0.00	4579.79
435.30	46162.73	0.00	3892.16
435.40	47407.19	0.00	3189.17
435.50	48406.62	0.00	2473.59
435.60	49154.22	0.00	1748.25
435.70	49644.85	0.00	1016.02
435.80	49875.15	0.00	279.77
435.90	49868.65	0.00	-457.59
436.00	49720.94	0.00	-1193.13
436.10	49441.13	0.00	-1923.97
436.20	49028.72	0.00	-2647.22
436.30	48482.98	0.00	-3360.01
436.40	47803.03	0.00	-4059.55
436.50	46987.89	0.00	-4743.07
436.60	46036.49	0.00	-5407.86
436.70	44947.82	0.00	-6051.32
436.80	43720.93	0.00	-6670.89
436.90	42355.08	0.00	-7264.14
437.00	40849.81	0.00	-7828.72
437.10	39205.01	0.00	-8362.40
437.20	37421.04	0.00	-8863.08
437.30	35498.84	0.00	-9328.78
437.40	33439.98	0.00	-9757.66
437.50	31246.78	0.00	-10148.04
437.60	28922.40	0.00	-10498.36
437.70	26470.86	0.00	-10807.25
437.80	23897.20	0.00	-11073.50
437.90	21207.42	0.00	-11296.04
438.00	18408.62	0.00	-11474.00
438.10	15508.98	0.00	-11606.67
438.20	12517.75	0.00	-11693.54
438.30	9445.32	0.00	-11734.26
438.40	6303.13	0.00	-11728.68
438.50	3103.68	0.00	-11676.80
438.60	-139.56	0.00	-11578.84
438.70	-3412.15	0.00	-11435.19
438.80	-6698.84	0.00	-11246.40
438.90	-9983.64	0.00	-11013.23
439.00	-13249.88	0.00	-10736.60
439.10	-16480.42	0.00	-10417.59
439.20	-19657.72	0.00	-10057.47
439.30	-22764.02	0.00	-9657.66
439.40	-25781.47	0.00	-9219.74
439.50	-28692.30	0.00	-8745.42
439.60	-31478.97	0.00	-8236.60
439.70	-34124.37	0.00	-7695.27
439.80	-36611.95	0.00	-7123.56
439.90	-38925.87	0.00	-6523.75
440.00	-41051.20	0.00	-5898.19
440.10	-42974.04	0.00	-5249.35
440.20	-44681.69	0.00	-4579.79
440.30	-46162.73	0.00	-3892.16
440.40	-47407.19	0.00	-3189.17
440.50	-48406.62	0.00	-2473.59
440.60	-49154.22	0.00	-1748.25
440.70	-49644.85	0.00	-1016.02
440.80	-49875.15	0.00	-279.77
440.90	-49868.65	0.00	457.59
441.00	-49720.94	0.00	1193.13
441.10	-49441.13	0.00	1923.97
441.20	-49028.72	0.00	2647.22
441.30	-48482.98	0.00	3360.01
441.40	-47803.03	0.00	4059.55
441.50	-46987.89	0.00	4743.07
441.60	-46036.49	0.00	5407.86
441.70	-44947.82	0.00	6051.32
441.80	-43720.93	0.00	6670.89
441.90	-42355.08	0.00	7264.14
442.00	-40849.81	0.00	7828.72
442.10	-39205.01	0.00	8362.40
442.20	-37421.04	0.00	8863.08
442.30	-35498.84	0.00	9328.78
442.40	-33439.98	0.00	9757.66
442.50	-31246.78	0.00	10148.04
442.60	-28922.40	0.00	10498.36
442.70	-26470.86	0.00	10807.25
442.80	-23897.20	0.00	11073.50
442.90	-21207.42	0.00	11296.04
443.00	-18408.62	0.00	11474.00
443.10	-15508.98	0.00	11606.67
443.20	-12517.75	0.00	11693.54
443.30	-9445.32	0.00	11734.26
443.40	-6303.13	0.00	11728.68
443.50	-3103.68	0.00	11676.80
443.60	139.56	0.00	11578.84
443.70	3412.15	0.00	11435.19
443.80	6698.84	0.00	11246.40
443.90	9983.64	0.00	11013.23
444.00	13249.88	0.00	10736.60
444.10	16480.42	0.00	10417.59
444.20	19657.72	0.00	10057.47
444.30	22764.02	0.00	9657.66
444.40	25781.47	0.00	9219.74
444.50	28692.30	0.00	8745.42
444.60	31478.97	0.00	8236.60
444.70	34124.37	0.00	7695.27
444.80	36611.95	0.00	7123.56
444.90	38925.87	0.00	6523.75
445.00	41051.20	0.00	5898.19
445.10	42974.04	0.00	5249.35
445.20	44681.69	0.00	4579.79
445.30	46162.73	0.00	3892.16
445.40	47407.19	0.00	3189.17
445.50	48406.62	0.00	2473.59
445.60	49154.22	0.00	1748.25
445.70	49644.85	0.00	1016.02
445.80	49875.15	0.00	279.77
445.90	49868.65	0.00	-457.59
446.00	49720.94	0.00	-1193.13
446.10	49441.13	0.00	-1923.97
446.20	49028.72	0.00	-2647.22
446.30	48482.98	0.00	-3360.01
446.40	47803.03	0.00	-4059.55
446.50	46987.89	0.00	-4743.07
446.60	46036.49	0.00	-5407.86
446.70	44947.82	0.00	-6051.32
446.80	43720.93	0.00	-6670.89
446.90	42355.08	0.00	-7264.14
447.00	40849.81	0.00	-7828.72
447.10	39205.01	0.00	-8362.40
447.20	37421.04	0.00	-8863.08
447.30	35498.84	0.00	-9328.78
447.40	33439.98	0.00	-9757.66
447.50	31246.78	0.00	-10148.04
447.60	28922.40	0.00	-10498.36
447.70	26470.86	0.00	-10807.25
447.80	23897.20	0.00	-11073.50
447.90	21207.42	0.00	-11296.04
448.00	18408.62	0.00	-11474.00
448.10	15508.98	0.00	-11606.67
448.20	12517.75	0.00	-11693.54
448.30	9445.32	0.00	-11734.26
448.40	6303.13	0.00	-11728.68
448.50	3103.68	0.00	-11676.80
448.60	-139.56	0.00	-11578.84
448.70	-3412.15	0.00	-11435.19
448.80	-6698.84	0.00	-11246.40
448.90	-9983.64	0.00	-11013.23
449.00	-13249.88	0.00	-10736.60
449.10	-16480.42	0.00	-10417.59
449.20	-19657.72	0.00	-10057.47
449.30	-22764.02	0.00	-9657.66
449.40	-25781.47	0.00	-9219.74
449.50	-28692.30	0.00	-8745.42
449.60	-31478.97	0.00	-8236.60
449.70	-34124.37	0.00	-7695.27
449.80	-36611.95	0.00	-7123.56
449.90	-38925.87	0.00	-6523.75
450.00	-41051.20	0.00	-5898.19
450.10	-42974.04	0.00	-5249.35
450.20	-44681.69	0.00	-4579.79
450.30	-46162.73	0.00	-3892.16
450.40	-47407.19	0.00	-3189.17
450.50	-48406.62	0.00	-2473.59
450.60	-49154.22	0.00	-1748.25
450.70	-49644.85	0.00	-1016.02
450.80	-49875.15	0.00	-279.77
450.90	-49868.65	0.00	457.59
451.00	-49720.94	0.00	1193.13
451.10	-49441.13	0.00	1923.97
451.20	-49028.72	0.00	2647.22
451.30	-48482.98	0.00	3360.01
451.40	-47803.03	0.00	4059.55
451.50	-46987.89	0.00	4743.07
451.60	-46036.49	0.00	5407.86
451.70	-44947.82	0.00	6051.32
451.80	-43720.93	0.00	6670.89
451.90	-42355.08	0.00	7264.14
452.00	-40849.81	0.00	7828.72
452.10	-39205.01	0.00	8362.40
452.20	-37421.04	0.00	8863.08
452.30	-35498.84	0.00	9328.78
452.40	-33439.98	0.00	9757.66
452.50	-31246.78	0.00	10148.04
452.60	-28922.40	0.00	10498.36
452.70	-26470.86	0.00	10807.25
452.80	-23897.20	0.00	11073.50
452.90	-21207.42	0.00	11296.04
453.00	-18408.62	0.00	11474.00
453.10	-15508.98	0.00	11606.67
453.20	-12517.75	0.00	11693.54
453.30	-9445.32	0.00	11734.26
453.40	-6303.13	0.00	11728.68
453.50	-3103.68	0.00	11676.80
453.60	139.56	0.00	11578.84
453.70	3412.15	0.00	11435.19
453.80	6698.84	0.00	11246.40
453.90	9983.64	0.00	11013.23
454.00	13249.88	0.00	10736.60
454.10	16480.42	0.00	10417.59
454.20	19657.72	0.00	10057.47
454.30	22764.02	0.00	9657.66
454.40	25781.47	0.00	9219.74
454.50	28692.30	0.00	8745.42
454.60	31478.97	0.00	8236.60
454.70	34124.37	0.00	7695.27
454.80	36611.95	0.00	7123.56
454.90	38925.87	0.00	6523.75
455.00	41051.20	0.00	5898.19
455.10	42974.04	0.00	5249.35
455.20	44681.69	0.00	4579.79
455.30	46162.73	0.00	3892.16
455.40	47407.19	0.00	3189.17
455.50	48406.62	0.00	2473.59
455.60	49154.22	0.00	1748.25
455.70	49644.85	0.00	1016.02
455.80	49875.15	0.00	279.77
455.90	49868.65	0.00	-457.59
456.00	49720.94	0.00	-1193.13
456.10	49441.13	0.00	-1923.97
456.20	49028.72	0.00	-2647.22
456.30	48482.98	0.00	-3360.01
456.40	47803.03	0.00	-4059.55
456.50	46987.89	0.00	-4743.07
456.60	46036.49	0.00	-5407.86
456.70	44947.82	0.00	-6051.32
456.80	43720.93	0.00	-6670.89
456.90	42355.08	0.00	-7264.14
457.00	40849.81	0.00	-7828.72
457.10	39205.01	0.00	-8362.40
457.20	37421.04	0.00	-8863.08
457.30	35498.84	0.00	-9328.78
457.40	33439.98	0.00	-9757.66
457.50	31246.78	0.00	-10148.04
457.60	28922.40	0.00	-10498.36
457.70	26470.86	0.00	-10807.25
457.80	23897.20	0.00	-11073.50
457.90	21207.42	0.00	-11296.04
458.00	18408.62	0.00	-11474.00
458.10	15508.98	0.00	-11606.67
458.20	12517.75	0.00	-11693.54
458.30	9445.32	0.00	-11734.26
458.40	6303.13	0.00	-11728.68
458.50	3103.68	0.00	-11676.80
458.60	-139.56	0.00	-11578.84
458.70	-3412.15	0.00	-11435.19
458.80	-6698.84	0.00	-11246.40
458.90	-9983.64	0.00	-11013.23
459.00	-13249.88	0.00	-10736.60
459.10	-16480.42	0.00	-10417.59
459.20	-19657.72	0.00	-10057.47
459.30	-22764.02	0.00	-9657.66
459.40	-25781.47	0.00	-9219.74
459.50	-28692.30	0.00	-8745.42
459.60	-31478.97	0.00	-8236.60
459.70	-34124.37	0.00	-7695.27
459.80	-36611.95	0.00	-7123.56
459.90	-38925.87	0.00	-6523.75
460.00	-41051.20	0.00	-5898.19
460.10	-42974.04	0.00	-5249.35
460.20	-44681.69	0.00	-4579.79
460.30	-46162.73	0.00	-3892.16
460.40	-47407.19	0.00	-3189.17
460.50	-48406.62	0.00	-2473.59
460.60	-49154.22	0.00	-1748.25
460.70	-49644.85	0.00	-1016.02
460.80	-49875.15	0.00	-279.77
460.90	-49868.65	0.00	457.59
461.00	-49720.94	0.00	1193.13
461.10	-49441.13	0.00	1923.97
461.20	-49028.72	0.00	2647.22
461.30	-48482.98	0.00	3360.01
461.40	-47803.03	0.00	4059.55
461.50	-46987.89	0.00	4743.07
461.60	-46036.49	0.00	5407.86
461.70	-44947.82	0.00	6051.32
461.80	-43720.93	0.00	6670.89
461.90	-42355.08	0.00	7264.14
462.00	-40849.81	0.00	7828.72
462.10	-39205.01	0.00	8362.40
462.20	-37421.04	0.00	8863.08
462.30	-35498.84	0.00	9328.78
462.40	-33439.98	0.00	9757.66
462.50	-31246.78	0.00	10148.04
462.60	-28922.40	0.00	10498.36
462.70	-26470.86	0.00	10807.25
462.80	-23897.20	0.00	11073.50
462.90	-21207.42	0.00	11296.04
463.00	-18408.62	0.00	11474.00
463.10	-15508.98	0.00	11606.67
463.20	-12517.75	0.00	11693.54
463.30	-9445.32	0.00	11734.26
463.40	-6303.13	0.00	11728.68
463.50	-3103.68	0.00	11676.80
463.60	139.56	0.00	11578.84
463.70	3412.15	0.00	11435.19
463.80	6698.84	0.00	11246.40
463.90	9983.64	0.00	11013.23
464.00	13249.88	0.00	10736.60
464.10	16480.42	0.00	10417.59
464.20	19657.72	0.00	10057.47
464.30	22764.02	0.00	9657.66
464.40	25781.47	0.00	9219.74
464.50	28692.30	0.00	8745.42
464.60	31478.97	0.00	8236.60
464.70	34124.37	0.00	7695.27
464.80	36611.95	0.00	7123.56
464.90	38925.87	0.00	6523.75
465.00	41051.20	0.00	5898.19
465.10	42974.04	0.00	5249.35
465.20	44681.69	0.00	4579.79
465.30	46162.73	0.00	3892.16
465.40	47407.19	0.00	3189.17
465.50	48406.62	0.00	2473.59
465.60	49154.22	0.00	1748.25
465.70	49644.85	0.00	1016.02
465.80	49875.15	0.00	279.77
465.90	49868.65	0.00	-457.59
466.00	49720.94	0.00	-1193.13
466.10	49441.13	0.00	-1923.97
466.20	49028.72	0.00	-2647.22
466.30	48482.98	0.00	-3360.01
466.40	47803.03	0.00	-4059.55
466.50	46987.89	0.00	-4743.07
466.60	46036.49	0.00	-5407.86
466.70	44947.82	0.00	-6051.32
466.80	43720.93	0.00	-6670.89
466.90	42355.08	0.00	-7264.14
467.00	40849.81	0.00	-7828.72
467.10	39205.01	0.00	-8362.40
467.20	37421.04	0.00	-8863.08
467.30	35498.84	0.00	-9328.78
467.40	33439.98	0.00	-9757.66
467.50	31246.78	0.00	-10148.04
467.60	28922.40	0.00	-10498.36
467.70	26470.86	0.00	-10807.25
467.80	23897.20	0.00	-11073.50
467.90	21207.42	0.00	-11296.04
468.00	18408.62	0.00	-11474.00
468.10	15508.98	0.00	-11606.67
468.20	12517.75	0.00	-11693.54
468.30	9445.32	0.00	-11734.26
468.40	6303.13	0.00	-11728.68
468.50	3103.68	0.00	-11676.80
468.60	-139.56	0.00	-11578.84
468.70	-3412.15	0.00	-11435.19
468.80	-6698.84	0.00	-11246.40
468.90	-9983.64	0.00	-11013.23
469.00	-13249.88	0.00	-10736.60
469.10	-16480.42	0.00	-10417.59
469.20	-19657.72	0.00	-10057.47
469.30	-22764.02	0.00	-9657.66
469.40	-25781.47	0.00	-9219.74
469.50	-28692.30	0.00	-8745.42
469.60	-31478.97	0.00	-8236.60
469.70	-34124.37	0.00	-7695.27
469.80	-36611.95	0.00	-7123.56
469.90	-38925.87	0.00	-6523.75
470.00	-41051.20	0.00	-5898.19
470.10	-42974.04	0.00	-5249.35
470.20	-44681.69	0.00	-4579.79
470.30	-46162.73	0.00	-3892.16
470.40	-47407.19	0.00	-3189.17
470.50	-48406.62	0.00	-2473.59
470.60	-49154.22	0.00	-1748.25
470.70	-49644.85	0.00	-1016.02
470.80	-49875.15	0.00	-279.77
470.90	-49868.65	0.00	457.59
471.00	-49720.94	0.00	1193.13
471.10	-49441.13	0.00	1923.97
471.20	-49028.72	0.00	2647.22
471.30	-48482.98	0.00	3360.01
471.40	-47803.03	0.00	4059.55
471.50	-46987.89	0.00	4743.07
471.60	-46036.49	0.00	5407.86
471.70	-44947.82	0.00	6051.32
471.80	-43720.93	0.00	6670.89
471.90	-42355.08	0.00	7264.14
472.00	-40849.81	0.00	7828.72
472.10	-39205.01	0.00	8362.40
472.20	-37421.04	0.00	8863.08
472.30	-35498.84	0.00	9328.78
472.40	-33439.98	0.00	9757.66
472.50	-31246.78	0.00	10148.04
472.60	-28922.40	0.00	10498.36
472.70	-26470.86	0.00	10807.25
472.80	-23897.20	0.00	11073.50
472.90	-21207.42	0.00	11296.04
473.00	-18408.62	0.00	11474.00
473.10	-15508.98	0.00	11606.67
473.20	-12517.75	0.00	11693.54
473.30	-9445.32	0.00	11734.26
473.40	-6303.13	0.00	11728.68
473.50	-3103.68	0.00	11676.80
473.60	139.56	0.00	11578.84
473.70	3412.15	0.00	11435.19
473.80	6698.84	0.00	11246.40
473.90	9983.64	0.00	11013.23
474.00	13249.88	0.00	10736.60
474.10	16480.42	0.00	10417.59
474.20	19657.72	0.00	10057.47
474.30	22764.02	0.00	9657.66
474.40	25781.47	0.00	9219.74
474.50	28692.30	0.00	8745.42
474.60	31478.97	0.00	8236.60
474.70	34124.37	0.00	7695.27
474.80	36611.95	0.00	7123.56
474.90	38925.87	0.00	6523.75
475.00	41051.20	0.00	5898.19
475.10	42974.04	0.00	5249.35
475.20	44681.69	0.00	4579.79
475.30	46162.73	0.00	3892.16
475.40	47407.19	0.00	3189.17
475.50	48406.62	0.00	2473.59
475.60	49154.22	0.00	1748.25
475.70	49644.85	0.00	1016.02
475.80	49875.15	0.00	279.77
475.90	49868.65	0.00	-457.59
476.00	49720.94	0.00	-1193.13
476.10	49441.13	0.00	-1923.97
476.20	49028.72	0.00	-2647.22
476.30	48482.98	0.00	-3360.01
476.40	47803.03	0.00	-4059.55
476.50	46987.89	0.00	-4743.07
476.60	46036.49	0.00	-5407.86
476.70	44947.82	0.00	-6051.32
476.80	43720.93	0.00	-6670.89
476.90	42355.08	0.00	-7264.14
477.00	40849.81	0.00	-7828.72
477.10	39205.01	0.00	-8362.40
477.20	37421.04	0.00	-8863.08
477.30	35498.84	0.00	-9328.78
477.40	33439.98	0.00	-9757.66
477.50	31246.78	0.00	-10148.04
477.60	28922.40	0.00	-10498.36
477.70	26470.86	0.00	-10807.25
477.80	23897.20	0.00	-11073.50
477.90	21207.42	0.00	-11296.04
478.00	18408.62	0.00	-11474.00
478.10	15508.98	0.00	-11606.67
478.20	12517.75	0.00	-11693.54
478.30	9445.32	0.00	-11734.26
478.40	6303.13	0.00	-11728.68
478.50	3103.68	0.00	-11676.80
478.60	-139.56	0.00	-11578.84
478.70	-3412.15	0.00	-11435.19
478.80	-6698.84	0.00	-11246.40
478.90	-9983.64	0.00	-11013.23
479.00	-13249.88	0.00	-10736.60
479.10	-16480.42	0.00	-10417.59
479.20	-19657.72	0.00	-10057.47
479.30	-22764.02	0.00	-9657.66
479.40	-25781.47	0.00	-9219.74
479.50	-28692.30	0.00	-8745.42
479.60	-31478.97	0.00	-8236.60
479.70	-34124.37	0.00	-7695.27
479.80	-36611.95	0.00	-7123.56
479.90	-38925.87	0.00	-6523.75
480.00	-41051.20	0.00	-5898.19
480.10	-42974.04	0.00	-5249.35
480.20	-44681.69	0.00	-4579.79
480.30	-46162.73	0.00	-3892.16
480.40	-47407.19	0.00	-3189.17
480.50	-48406.62	0.00	-2473.59
480.60	-49154.22	0.00	-1748.25
480.70	-49644.85	0.00	-1016.02
480.80	-49875.15	0.00	-279.77
480.90	-49868.65	0.00	457.59
481.00	-49720.94	0.00	1193.13
481.10	-49441.13	0.00	1923.97
481.20	-49028.72	0.00	2647.22
481.30	-48482.98	0.00	3360.01
481.40	-47803.03	0.00	4059.55
481.50	-46987.89	0.00	4743.07
481.60	-46036.49	0.00	5407.86
481.70	-44947.82	0.00	6051.32
481.80	-43720.93	0.00	6670.89
481.90	-42355.08	0.00	7264.14
482.00	-40849.81	0.00	7828.72
482.10	-39205.01	0.00	8362.40
482.20	-37421.04	0.00	8863.08
482.30	-35498.84	0.00	9328.78
482.40	-33439.98	0.00	9757.66
482.50	-31246.78	0.00	10148.04
482.60	-28922.40	0.00	10498.36
482.70	-26470.86	0.00	10807.25
482.80	-23897.20	0.00	11073.50
482.90	-21207.42	0.00	11296.04
483.00	-18408.62	0.00	11474.00
483.10	-15508.98	0.00	11606.67
483.20	-12517.75	0.00	11693.54
483.30	-9445.32	0.00	11734.26
483.40	-6303.13	0.00	11728.68
483.50	-3103.68	0.00	11676.80
483.60	139.56	0.00	11578.84
483.70	3412.15	0.00	11435.19
483.80	6698.84	0.00	11246.40
483.90	9983.64	0.00	11013.23
484.00	13249.88	0.00	10736.60
484.10	16480.42	0.00	10417.59
484.20	19657.72	0.00	10057.47
484.30	22764.02	0.00	9657.66
484.40	25781.47	0.00	9219.74
484.50	28692.30	0.00	8745.42
484.60	31478.97	0.00	8236.60
484.70	34124.37	0.00	7695.27
484.80	36611.95	0.00	7123.56
484.90	38925.87	0.00	6523.75
485.00	41051.20	0.00	5898.19
485.10	42974.04	0.00	5249.35
485.20	44681.69	0.00	4579.79
485.30	46162.73	0.00	3892.16
485.40	47407.19	0.00	3189.17
485.50	48406.62	0.00	2473.59
485.60	49154.22	0.00	1748.25
485.70	49644.85	0.00	1016.02
485.80	49875.15	0.00	279.77
485.90	49868.65	0.00	-457.59
486.00	49720.94	0.00	-1193.13
486.10	49441.13	0.00	-1923.97
486.20	49028.72	0.00	-2647.22
486.30	48482.98	0.00	-3360.01
486.40	47803.03	0.00	-4059.55
486.50	46987.89	0.00	-4743.07
486.60	46036.49	0.00	-5407.86
486.70	44947.82	0.00	-6051.32
486.80	43720.93	0.00	-6670.89
486.90	42355.08	0.00	-7264.14
487.00	40849.81	0.00	-7828.72
487.10	39205.01	0.00	-8362.40
487.20	37421.04	0.00	-8863.08
487.30	35498.84	0.00	-9328.78
487.40	33439.98	0.00	-9757.66
487.50	31246.78	0.00	-10148.04
487.60	28922.40	0.00	-10498.36
487.70	26470.86	0.00	-10807.25
487.80	23897.20	0.00	-11073.50
487.90	21207.42	0.00	-11296.04
488.00	18408.62	0.00	-11474.00
488.10	15508.98	0.00	-11606.67
488.20	12517.75	0.00	-11693.54
488.30	9445.32	0.00	-11734.26
488.40	6303.13	0.00	-11728.68
488.50	3103.68	0.00	-11676.80
488.60	-139.56	0.00	-11578.84
488.70	-3412.15	0.00	-11435.19
488.80	-6698.84	0.00	-11246.40
488.90	-9983.64	0.00	-11013.23
489.00	-13249.88	0.00	-10736.60
489.10	-16480.42	0.00	-10417.59
489.20	-19657.72	0.00	-10057.47
489.30	-22764.02	0.00	-9657.66
489.40	-25781.47	0.00	-9219.74
489.50	-28692.30	0.00	-8745.42
489.60	-31478.97	0.00	-8236.60
489.70	-34124.37	0.00	-7695.27
489.80	-36611.95	0.00	-7123.56
489.90	-38925.87	0.00	-6523.75
490.00	-41051.20	0.00	-5898.19
490.10	-42974.04	0.00	-5249.35
490.20	-44681.69	0.00	-4579.79
490.30	-46162.73	0.00	-3892.16
490.40	-47407.19	0.00	-3189.17
490.50	-48406.62	0.00	-2473.59
490.60	-49154.22	0.00	-1748.25
490.70	-49644.85	0.00	-1016.02
490.80	-49875.15	0.00	-279.77
490.90	-49868.65	0.00	457.59
491.00	-49720.94	0.00	1193.13
491.10	-49441.13	0.00	1923.97
491.20	-49028.72	0.00	2647.22
491.30	-48482.98	0.00	3360.01
491.40	-47803.03	0.00	4059.55
491.50	-46987.89	0.00	4743.07
491.60	-46036.49	0.00	5407.86
491.70	-44947.82	0.00	6051.32
491.80	-43720.93	0.00	6670.89
491.90	-42355.08	0.00	7264.14
492.00	-40849.81	0.00	7828.72
492.10	-39205.01	0.00	8362.40
492.20	-37421.04	0.00	8863.08
492.30	-35498.84	0.00	9328.78
492.40	-33439.98	0.00	9757.66
492.50	-31246.78	0.00	10148.04
492.60	-28922.40	0.00	10498.36
492.70	-26470.86	0.00	10807.25
492.80	-23897.20	0.00	11073.50
492.90	-21207.42	0.00	11296.04
493.00	-18408.62	0.00	11474.00
493.10	-15508.98	0.00	11606.67
493.20	-12517.75	0.00	11693.54
493.30	-9445.32	0.00	11734.26
493.40	-6303.13	0.00	11728.68
493.50	-3103.68	0.00	11676.80
493.60	139.56	0.00	11578.84
493.70	3412.15	0.00	11435.19
493.80	6698.84	0.00	11246.40
493.90	9983.64	0.00	11013.23
494.00	13249.88	0.00	10736.60
494.10	16480.42	0.00	10417.59
494.20	19657.72	0.00	10057.47
494.30	22764.02	0.00	9657.66
494.40	25781.47	0.00	9219.74
494.50	28692.30	0.00	8745.42
494.60	31478.97	0.00	8236.60
494.70	34124.37	0.00	7695.27
494.80	36611.95	0.00	7123.56
494.90	38925.87	0.00	6523.75
495.00	41051.20	0.00	5898.19
495.10	42974.04	0.00	5249.35
495.20	44681.69	0.00	4579.79
495.30	46162.73	0.00	3892.16
495.40	47407.19	0.00	3189.17
495.50	48406.62	0.00	2473.59
495.60	49154.22	0.00	1748.25
495.70	49644.85	0.00	1016.02
495.80	49875.15	0.00	279.77
495.90	49868.65	0.00	-457.59
496.00	49720.94	0.00	-1193.13
496.10	49441.13	0.00	-1923.97
496.20	49028.72	0.00	-2647.22
496.30	48482.98	0.00	-3360.01
496.40	47803.03	0.00	-4059.55
496.50	46987.89	0.00	-4743.07
496.60	46036.49	0.00	-5407.86
496.70	44947.82	0.00	-6051.32
496.80	43720.93	0.00	-6670.89
496.90	42355.08	0.00	-7264.14
497.00	40849.81	0.00	-7828.72
497.10	39205.01	0.00	-8362.40
497.20	37421.04	0.00	-8863.08
497.30	35498.84	0.00	-9328.78
497.40	33439.98	0.00	-9757.66
497.50	31246.78	0.00	-10148.04
497.60	28922.40	0.00	-10498.36
497.70	26470.86	0.00	-10807.25
497.80	23897.20	0.00	-11073.50
497.90	21207.42	0.00	-11296.04
498.00	18408.62	0.00	-11474.00
498.10	15508.98	0.00	-11606.67
498.20	12517.75	0.00	-11693.54
498.30	9445.32	0.00	-11734.26
498.40	6303.13	0.00	-11728.68
498.50	3103.68	0.00	-11676.80
498.60	-139.56	0.00	-11578.84
498.70	-3412.15	0.00	-11435.19
498.80	-6698.84	0.00	-11246.40
498.90	-9983.64	0.00	-11013.23
499.00	-13249.88	0.00	-10736.60
499.10	-16480.42	0.00	-10417.59
499.20	-19657.72	0.00	-10057.47
499.30	-22764.02	0.00	-9657.66
499.40	-25781.47	0.00	-9219.74
499.50	-28692.30	0.00	-8745.42
499.60	-31478.97	0.00	-8236.60
499.70	-34124.37	0.00	-7695.27
499.80	-36611.95	0.00	-7123.56
499.90	-38925.87	0.00	-6523.75
500.00	-41051.20	0.00	-5898.19
500.10	-42974.04	0.00	-5249.35
500.20	-44681.69	0.00	-4579.79
500.30	-46162.73	0.00	-3892.16
500.40	-47407.19	0.00	-3189.17
500.50	-48406.62	0.00	-2473.59
500.60	-49154.22	0.00	-1748.25
500.70	-49644.85	0.00	-1016.02
500.80	-49875.15	0.00	-279.77
500.90	-49868.65	0.00	457.59
501.00	-49720.94	0.00	1193.13
501.10	-49441.13	0.00	1923.97
501.20	-49028.72	0.00	2647.22
501.30	-48482.98	0.00	3360.01
501.40	-47803.03	0.00	4059.55
501.50	-46987.89	0.00	4743.07
501.60	-46036.49	0.00	5407.86
501.70	-44947.82	0.00	6051.32
501.80	-43720.93	0.00	6670.89
501.90	-42355.08	0.00	7264.14
502.00	-40849.81	0.00	7828.72
502.10	-39205.01	0.00	8362.40
502.20	-37421.04	0.00	8863.08
502.30	-35498.84	0.00	9328.78
502.40	-33439.98	0.00	9757.66
502.50	-31246.78	0.00	10148.04
502.60	-28922.40	0.00	10498.36
502.70	-26470.86	0.00	10807.25
502.80	-23897.20	0.00	11073.50
502.90	-21207.42	0.00	11296.04
503.00	-18408.62	0.00	11474.00
503.10	-15508.98	0.00	11606.67
503.20	-12517.75	0.00	11693.54
503.30	-9445.32	0.00	11734.26
503.40	-6303.13	0.00	11728.68
503.50	-3103.68	0.00	11676.80
503.60	139.56	0.00	11578.84
503.70	3412.15	0.00	11435.19
503.80	6698.84	0.00	11246.40
503.90	9983.64	0.00	11013.23
504.00	13249.88	0.00	10736.60
504.10	16480.42	0.00	10417.59
504.20	19657.72	0.00	10057.47
504.30	22764.02	0.00	9657.66
504.40	25781.47	0.00	9219.74
504.50	28692.30	0.00	8745.42
504.60	31478.97	0.00	8236.60
504.70	34124.37	0.00	7695.27
504.80	36611.95	0.00	7123.56
504.90	38925.87	0.00	6523.75
505.00	41051.20	0.00	5898.19
505.10	42974.04	0.00	5249.35
505.20	44681.69	0.00	4579.79
505.30	46162.73	0.00	3892.16
505.40	47407.19	0.00	3189.17
505.50	48406.62	0.00	2473.59
505.60	49154.22	0.00	1748.25
505.70	49644.85	0.00	1016.02
505.80	49875.15	0.00	279.77
505.90	49868.65	0.00	-457.59
506.00	49720.94	0.00	-1193.13
506.10	49441.13	0.00	-1923.97
506.20	49028.72	0.00	-2647.22
506.30	48482.98	0.00	-3360.01
506.40	47803.03	0.00	-4059.55
506.50	46987.89	0.00	-4743.07
506.60	46036.49	0.00	-5407.86
506.70	44947.82	0.00	-6051.32
506.80	43720.93	0.00	-6670.89
506.90	42355.08	0.00	-7264.14
507.00	40849.81	0.00	-7828.72
507.10	39205.01	0.00	-8362.40
507.20	37421.04	0.00	-8863.08
507.30	35498.84	0.00	-9328.78
507.40	33439.98	0.00	-9757.66
507.50	31246.78	0.00	-10148.04
507.60	28922.40	0.00	-10498.36
507.70	26470.86	0.00	-10807.25
507.80	23897.20	0.00	-11073.50
507.90	21207.42	0.00	-11296.04
508.00	18408.62	0.00	-11474.00
508.10	15508.98	0.00	-11606.67
508.20	12517.75	0.00	-11693.54
508.30	9445.32	0.00	-11734.26
508.40	6303.13	0.00	-11728.68
508.50	3103.68	0.00	-11676.80
508.60	-139.56	0.00	-11578.84
508.70	-3412.15	0.00	-11435.19
508.80	-6698.84	0.00	-11246.40
508.90	-9983.64	0.00	-11013.23
509.00	-13249.88	0.00	-10736.60
509.10	-16480.42	0.00	-10417.59
509.20	-19657.72	0.00	-10057.47
509.30	-22764.02	0.00	-9657.66
509.40	-25781.47	0.00	-9219.74
509.50	-28692.30	0.00	-8745.42
509.60	-31478.97	0.00	-8236.60
509.70	-34124.37	0.00	-7695.27
509.80	-36611.95	0.00	-7123.56
509.90	-38925.87	0.00	-6523.75
510.00	-41051.20	0.00	-5898.19
510.10	-42974.04	0.00	-5249.35
510.20	-44681.69	0.00	-4579.79
510.30	-46162.73	0.00	-3892.16
510.40	-47407.19	0.00	-3189.17
510.50	-48406.62	0.00	-2473.59
510.60	-49154.22	0.00	-1748.25
510.70	-49644.85	0.00	-1016.02
510.80	-49875.15	0.00	-279.77
510.90	-49868.65	0.00	457.59
511.00	-49720.94	0.00	1193.13
511.10	-49441.13	0.00	1923.97
511.20	-49028.72	0.00	2647.22
511.30	-48482.98	0.00	3360.01
511.40	-47803.03	0.00	4059.55
511.50	-46987.89	0.00	4743.07
511.60	-46036.49	0.00	5407.86
511.70	-44947.82	0.00	6051.32
511.80	-43720.93	0.00	6670.89
511.90	-42355.08	0.00	7264.14
512.00	-40849.81	0.00	7828.72
512.10	-39205.01	0.00	8362.40
512.20	-37421.04	0.00	8863.08
512.30	-35498.84	0.00	9328.78
512.40	-33439.98	0.00	9757.66
512.50	-31246.78	0.00	10148.04
512.60	-28922.40	0.00	10498.36
512.70	-26470.86	0.00	10807.25
512.80	-23897.20	0.00	11073.50
512.90	-21207.42	0.00	11296.04
513.00	-18408.62	0.00	11474.00
513.10	-15508.98	0.00	11606.67
513.20	-12517.75	0.00	11693.54
513.30	-9445.32	0.00	11734.26
513.40	-6303.13	0.00	11728.68
513.50	-3103.68	0.00	11676.80
513.60	139.56	0.00	11578.84
513.70	3412.15	0.00	11435.19
513.80	6698.84	0.00	11246.40
513.90	9983.64	0.00	11013.23
514.00	13249.88	0.00	10736.60
514.10	16480.42	0.00	10417.59
514.20	19657.72	0.00	10057.47
514.30	22764.02	0.00	9657.66
514.40	25781.47	0.00	9219.74
514.50	28692.30	0.00	8745.42
514.60	31478.97	0.00	8236.60
514.70	34124.37	0.00	7695.27
514.80	36611.95	0.00	7123.56
514.90	38925.87	0.00	6523.75
515.00	41051.20	0.00	5898.19
515.10	42974.04	0.00	5249.35
515.20	44681.69	0.00	4579.79
515.30	46162.73	0.00	3892.16
515.40	47407.19	0.00	3189.17
515.50	48406.62	0.00	2473.59
515.60	49154.22	0.00	1748.25
515.70	49644.85	0.00	1016.02
515.80	49875.15	0.00	279.77
515.90	49868.65	0.00	-457.59
516.00	49720.94	0.00	-1193.13
516.10	49441.13	0.00	-1923.97
516.20	49028.72	0.00	-2647.22
516.30	48482.98	0.00	-3360.01
516.40	47803.03	0.00	-4059.55
516.50	46987.89	0.00	-4743.07
516.60	46036.49	0.00	-5407.86
516.70	44947.82	0.00	-6051.32
516.80	43720.93	0.00	-6670.89
516.90	42355.08	0.00	-7264.14
517.00	40849.81	0.00	-7828.72
517.10	39205.01	0.00	-8362.40
517.20	37421.04	0.00	-8863.08
517.30	35498.84	0.00	-9328.78
517.40	33439.98	0.00	-9757.66
517.50	31246.78	0.00	-10148.04
517.60	28922.40	0.00	-10498.36
517.70	26470.86	0.00	-10807.25
517.80	23897.20	0.00	-11073.50
517.90	21207.42	0.00	-11296.04
518.00	18408.62	0.00	-11474.00
518.10	15508.98	0.00	-11606.67
518.20	12517.75	0.00	-11693.54
518.30	9445.32	0.00	-11734.26
518.40	6303.13	0.00	-11728.68
518.50	3103.68	0.00	-11676.80
518.60	-139.56	0.00	-11578.84
518.70	-3412.15	0.00	-11435.19
518.80	-6698.84	0.00	-11246.40
518.90	-9983.64	0.00	-11013.23
519.00	-13249.88	0.00	-10736.60
519.10	-16480.42	0.00	-10417.59
519.20	-19657.72	0.00	-10057.47
519.30	-22764.02	0.00	-9657.66
519.40	-25781.47	0.00	-9219.74
519.50	-28692.30	0.00	-8745.42
519.60	-31478.97	0.00	-8236.60
519.70	-34124.37	0.00	-7695.27
519.80	-36611.95	0.00	-7123.56
519.90	-38925.87	0.00	-6523.75
520.00	-41051.20	0.00	-5898.19
520.10	-42974.04	0.00	-5249.35
520.20	-44681.69	0.00	-4579.79
520.30	-46162.73	0.00	-3892.16
520.40	-47407.19	0.00	-3189.17
520.50	-48406.62	0.00	-2473.59
520.60	-49154.22	0.00	-1748.25
520.70	-49644.85	0.00	-1016.02
520.80	-49875.15	0.00	-279.77
520.90	-49868.65	0.00	457.59
521.00	-49720.94	0.00	1193.13
521.10	-49441.13	0.00	1923.97
521.20	-49028.72	0.00	2647.22
521.30	-48482.98	0.00	3360.01
521.40	-47803.03	0.00	4059.55
521.50	-46987.89	0.00	4743.07
521.60	-46036.49	0.00	5407.86
521.70	-44947.82	0.00	6051.32
521.80	-43720.93	0.00	6670.89
521.90	-42355.08	0.00	7264.14
522.00	-40849.81	0.00	7828.72
522.10	-39205.01	0.00	8362.40
522.20	-37421.04	0.00	8863.08
522.30	-35498.84	0.00	9328.78
522.40	-33439.98	0.00	9757.66
522.50	-31246.78	0.00	10148.04
522.60	-28922.40	0.00	10498.36
522.70	-26470.86	0.00	10807.25
522.80	-23897.20	0.00	11073.50
522.90	-21207.42	0.00	11296.04
523.00	-18408.62	0.00	11474.00
523.10	-15508.98	0.00	11606.67
523.20	-12517.75	0.00	11693.54
523.30	-9445.32	0.00	11734.26
523.40	-6303.13	0.00	11728.68
523.50	-3103.68	0.00	11676.80
523.60	139.56	0.00	11578.84
523.70	3412.15	0.00	11435.19
523.80	6698.84	0.00	11246.40
523.90	9983.64	0.00	11013.23
524.00	13249.88	0.00	10736.60
524.10	16480.42	0.00	10417.59
524.20	19657.72	0.00	10057.47
524.30	22764.02	0.00	9657.66
524.40	25781.47	0.00	9219.74
524.50	28692.30	0.00	8745.42
524.60	31478.97	0.00	8236.60
524.70	34124.37	0.00	7695.27
524.80	36611.95	0.00	7123.56
524.90	38925.87	0.00	6523.75
525.00	41051.20	0.00	5898.19
525.10	42974.04	0.00	5249.35
525.20	44681.69	0.00	4579.79
525.30	46162.73	0.00	3892.16
525.40	47407.19	0.00	3189.17
525.50	48406.62	0.00	2473.59
525.60	49154.22	0.00	1748.25
525.70	49644.85	0.00	1016.02
525.80	49875.15	0.00	279.77
525.90	49868.65	0.00	-457.59
526.00	49720.94	0.00	-1193.13
526.10	49441.13	0.00	-1923.97
526.20	49028.72	0.00	-2647.22
526.30	48482.98	0.00	-3360.01
526.40	47803.03	0.00	-4059.55
526.50	46987.89	0.00	-4743.07
526.60	46036.49	0.00	-5407.86
526.70	44947.82	0.00	-6051.32
526.80	43720.93	0.00	-6670.89
526.90	42355.08	0.00	-7264.14
527.00	40849.81	0.00	-7828.72
527.10	39205.01	0.00	-8362.40
527.20	37421.04	0.00	-8863.08
527.30	35498.84	0.00	-9328.78
527.40	33439.98	0.00	-9757.66
527.50	31246.78	0.00	-10148.04
527.60	28922.40	0.00	-10498.36
527.70	26470.86	0.00	-10807.25
527.80	23897.20	0.00	-11073.50
527.90	21207.42	0.00	-11296.04
528.00	18408.62	0.00	-11474.00
528.10	15508.98	0.00	-11606.67
528.20	12517.75	0.00	-11693.54
528.30	9445.32	0.00	-11734.26
528.40	6303.13	0.00	-11728.68
528.50	3103.68	0.00	-11676.80
528.60	-139.56	0.00	-11578.84
528.70	-3412.15	0.00	-11435.19
528.80	-6698.84	0.00	-11246.40
528.90	-9983.64	0.00	-11013.23
529.00	-13249.88	0.00	-10736.60
529.10	-16480.42	0.00	-10417.59
529.20	-19657.72	0.00	-10057.47
529.30	-22764.02	0.00	-9657.66
529.40	-25781.47	0.00	-9219.74
529.50	-28692.30	0.00	-8745.42
529.60	-31478.97	0.00	-8236.60
529.70	-34124.37	0.00	-7695.27
529.80	-36611.95	0.00	-7123.56
529.90	-38925.87	0.00	-6523.75
530.00	-41051.20	0.00	-5898.19
530.10	-42974.04	0.00	-5249.35
530.20	-44681.69	0.00	-4579.79
530.30	-46162.73	0.00	-3892.16
530.40	-47407.19	0.00	-3189.17
530.50	-48406.62	0.00	-2473.59
530.60	-49154.22	0.00	-1748.25
530.70	-49644.85	0.00	-1016.02
530.80	-49875.15	0.00	-279.77
530.90	-49868.65	0.00	457.59
531.00	-49720.94	0.00	1193.13
531.10	-49441.13	0.00	1923.97
531.20	-49028.72	0.00	2647.22
531.30	-48482.98	0.00	3360.01
531.40	-47803.03	0.00	4059.55
531.50	-46987.89	0.00	4743.07
531.60	-46036.49	0.00	5407.86
531.70	-44947.82	0.00	6051.32
531.80	-43720.93	0.00	6670.89
531.90	-42355.08	0.00	7264.14
532.00	-40849.81	0.00	7828.72
532.10	-39205.01	0.00	8362.40
532.20	-37421.04	0.00	8863.08
532.30	-35498.84	0.00	9328.78
532.40	-33439.98	0.00	9757.66
532.50	-31246.78	0.00	10148.04
532.60	-28922.40	0.00	10498.36
532.70	-26470.86	0.00	10807.25
532.80	-23897.20	0.00	11073.50
532.90	-21207.42	0.00	11296.04
533.00	-18408.62	0.00	11474.00
533.10	-15508.98	0.00	11606.67
533.20	-12517.75	0.00	11693.54
533.30	-9445.32	0.00	11734.26
533.40	-6303.13	0.00	11728.68
533.50	-3103.68	0.00	11676.80
533.60	139.56	0.00	11578.84
533.70	3412.15	0.00	11435.19
533.80	6698.84	0.00	11246.40
533.90	9983.64	0.00	11013.23
534.00	13249.88	0.00	10736.60
534.10	16480.42	0.00	10417.59
534.20	19657.72	0.00	10057.47
534.30	22764.02	0.00	9657.66
534.40	25781.47	0.00	9219.74
534.50	28692.30	0.00	8745.42
534.60	31478.97	0.00	8236.60
534.70	34124.37	0.00	7695.27
534.80	36611.95	0.00	7123.56
534.90	38925.87	0.00	6523.75
535.00	41051.20	0.00	5898.19
535.10	42974.04	0.00	5249.35
535.20	44681.69	0.00	4579.79
535.30	46162.73	0.00	3892.16
535.40	47407.19	0.00	3189.17
535.50	48406.62	0.00	2473.59
535.60	49154.22	0.00	1748.25
535.70	49644.85	0.00	1016.02
535.80	49875.15	0.00	279.77
535.90	49868.65	0.00	-457.59
536.00	49720.94	0.00	-1193.13
536.10	49441.13	0.00	-1923.97
536.20	49028.72	0.00	-2647.22
536.30	48482.98	0.00	-3360.01
536.40	47803.03	0.00	-4059.55
536.50	46987.89	0.00	-4743.07
536.60	46036.49	0.00	-5407.86
536.70	44947.82	0.00	-6051.32
536.80	43720.93	0.00	-6670.89
536.90	42355.08	0.00	-7264.14
537.00	40849.81	0.00	-7828.72
537.10	39205.01	0.00	-8362.40
537.20	37421.04	0.00	-8863.08
537.30	35498.84	0.00	-9328.78
537.40	33439.98	0.00	-9757.66
537.50	31246.78	0.00	-10148.04
537.60	28922.40	0.00	-10498.36
537.70	26470.86	0.00	-10807.25
537.80	23897.20	0.00	-11073.50
537.90	21207.42	0.00	-11296.04
538.00	18408.62	0.00	-11474.00
538.10	15508.98	0.00	-11606.67
538.20	12517.75	0.00	-11693.54
538.30	9445.32	0.00	-11734.26
538.40	6303.13	0.00	-11728.68
538.50	3103.68	0.00	-11676.80
538.60	-139.56	0.00	-11578.84
538.70	-3412.15	0.00	-11435.19
538.80	-6698.84	0.00	-11246.40
538.90	-9983.64	0.00	-11013.23
539.00	-13249.88	0.00	-10736.60
539.10	-16480.42	0.00	-10417.59
539.20	-19657.72	0.00	-10057.47
539.30	-22764.02	0.00	-9657.66
539.40	-25781.47	0.00	-9219.74
539.50	-28692.30	0.00	-8745.42
539.60	-31478.97	0.00	-8236.60
539.70	-34124.37	0.00	-7695.27
539.80	-36611.95	0.00	-7123.56
539.90	-38925.87	0.00	-6523.75
540.00	-41051.20	0.00	-5898.19
540.10	-42974.04	0.00	-5249.35
540.20	-44681.69	0.00	-4579.79
540.30	-46162.73	0.00	-3892.16
540.40	-47407.19	0.00	-3189.17
540.50	-48406.62	0.00	-2473.59
540.60	-49154.22	0.00	-1748.25
540.70	-49644.85	0.00	-1016.02
540.80	-49875.15	0.00	-279.77
540.90	-49868.65	0.00	457.59
541.00	-49720.94	0.00	1193.13
541.10	-49441.13	0.00	1923.97
541.20	-49028.72	0.00	2647.22
541.30	-48482.98	0.00	3360.01
541.40	-47803.03	0.00	4059.55
541.50	-46987.89	0.00	4743.07
541.60	-46036.49	0.00	5407.86
541.70	-44947.82	0.00	6051.32
541.80	-43720.93	0.00	6670.89
541.90	-42355.08	0.00	7264.14
542.00	-40849.81	0.00	7828.72
542.10	-39205.01	0.00	8362.40
542.20	-37421.04	0.00	8863.08
542.30	-35498.84	0.00	9328.78
542.40	-33439.98	0.00	9757.66
542.50	-31246.78	0.00	10148.04
542.60	-28922.40	0.00	10498.36
542.70	-26470.86	0.00	10807.25
542.80	-23897.20	0.00	11073.50
542.90	-21207.42	0.00	11296.04
543.00	-18408.62	0.00	11474.00
543.10	-15508.98	0.00	11606.67
543.20	-12517.75	0.00	11693.54
543.30	-9445.32	0.00	11734.26
543.40	-6303.13	0.00	11728.68
543.50	-3103.68	0.00	11676.80
543.60	139.56	0.00	11578.84
543.70	3412.15	0.00	11435.19
543.80	6698.84	0.00	11246.40
543.90	9983.64	0.00	11013.23
544.00	13249.88	0.00	10736.60
544.10	16480.42	0.00	10417.59
544.20	19657.72	0.00	10057.47
544.30	22764.02	0.00	9657.66
544.40	25781.47	0.00	9219.74
544.50	28692.30	0.00	8745.42
544.60	31478.97	0.00	8236.60
544.70	34124.37	0.00	7695.27
544.80	36611.95	0.00	7123.56
544.90	38925.87	0.00	6523.75
545.00	41051.20	0.00	5898.19
545.10	42974.04	0.00	5249.35
545.20	44681.69	0.00	4579.79
545.30	46162.73	0.00	3892.16
545.40	47407.19	0.00	3189.17
545.50	48406.62	0.00	2473.59
545.60	49154.22	0.00	1748.25
545.70	49644.85	0.00	1016.02
545.80	49875.15	0.00	279.77
545.90	49868.65	0.00	-457.59
546.00	49720.94	0.00	-1193.13
546.10	49441.13	0.00	-1923.97
546.20	49028.72	0.00	-2647.22
546.30	48482.98	0.00	-3360.01
546.40	47803.03	0.00	-4059.55
546.50	46987.89	0.00	-4743.07
546.60	46036.49	0.00	-5407.86
546.70	44947.82	0.00	-6051.32
546.80	43720.93	0.00	-6670.89
546.90	42355.08	0.00	-7264.14
547.00	40849.81	0.00	-7828.72
547.10	39205.01	0.00	-8362.40
547.20	37421.04	0.00	-8863.08
547.30	35498.84	0.00	-9328.78
547.40	33439.98	0.00	-9757.66
547.50	31246.78	0.00	-10148.04
547.60	28922.40	0.00	-10498.36
547.70	26470.86	0.00	-10807.25
547.80	23897.20	0.00	-11073.50
547.90	21207.42	0.00	-11296.04
548.00	18408.62	0.00	-11474.00
548.10	15508.98	0.00	-11606.67
548.20	12517.75	0.00	-11693.54
548.30	9445.32	0.00	-11734.26
548.40	6303.13	0.00	-11728.68
548.50	3103.68	0.00	-11676.80
548.60	-139.56	0.00	-11578.84
548.70	-3412.15	0.00	-11435.19
548.80	-6698.84	0.00	-11246.40
548.90	-9983.64	0.00	-11013.23
549.00	-13249.88	0.00	-10736.60
549.10	-16480.42	0.00	-10417.59
549.20	-19657.72	0.00	-10057.47
549.30	-22764.02	0.00	-9657.66
549.40	-25781.47	0.00	-9219.74
549.50	-28692.30	0.00	-8745.42
549.60	-31478.97	0.00	-8236.60
549.70	-34124.37	0.00	-7695.27
549.80	-36611.95	0.00	-7123.56
549.90	-38925.87	0.00	-6523.75
550.00	-41051.20	0.00	-5898.19
550.10	-42974.04	0.00	-5249.35
550.20	-44681.69	0.00	-4579.79
550.30	-46162.73	0.00	-3892.16
550.40	-47407.19	0.00	-3189.17
550.50	-48406.62	0.00	-2473.59
550.60	-49154.22	0.00	-1748.25
550.70	-49644.85	0.00	-1016.02
550.80	-49875.15	0.00	-279.77
550.90	-49868.65	0.00	457.59
551.00	-49720.94	0.00	1193.13
551.10	-49441.13	0.00	1923.97
551.20	-49028.72	0.00	2647.22
551.30	-48482.98	0.00	3360.01
551.40	-47803.03	0.00	4059.55
551.50	-46987.89	0.00	4743.07
551.60	-46036.49	0.00	5407.86
551.70	-44947.82	0.00	6051.32
551.80	-43720.93	0.00	6670.89
551.90	-42355.08	0.00	7264.14
552.00	-40849.81	0.00	7828.72
552.10	-39205.01	0.00	8362.40
552.20	-37421.04	0.00	8863.08
552.30	-35498.84	0.00	9328.78
552.40	-33439.98	0.00	9757.66
552.50	-31246.78	0.00	10148.04
552.60	-28922.40	0.00	10498.36
552.70	-26470.86	0.00	10807.25
552.80	-23897.20	0.00	11073.50
552.90	-21207.42	0.00	11296.04
553.00	-18408.62	0.00	11474.00
553.10	-15508.98	0.00	11606.67
553.20	-12517.75	0.00	11693.54
553.30	-9445.32	0.00	11734.26
553.40	-6303.13	0.00	11728.68
553.50	-3103.68	0.00	11676.80
553.60	139.56	0.00	11578.84
553.70	3412.15	0.00	11435.19
553.80	6698.84	0.00	11246.40
553.90	9983.64	0.00	11013.23
554.00	13249.88	0.00	10736.60
554.10	16480.42	0.00	10417.59
554.20	19657.72	0.00	10057.47
554.30	22764.02	0.00	9657.66
554.40	25781.47	0.00	9219.74
554.50	28692.30	0.00	8745.42
554.60	31478.97	0.00	8236.60
554.70	34124.37	0.00	7695.27
554.80	36611.95	0.00	7123.56
554.90	38925.87	0.00	6523.75
555.00	41051.20	0.00	5898.19
555.10	42974.04	0.00	5249.35
555.20	44681.69	0.00	4579.79
555.30	46162.73	0.00	3892.16
555.40	47407.19	0.00	3189.17
555.50	48406.62	0.00	2473.59
555.60	49154.22	0.00	1748.25
555.70	49644.85	0.00	1016.02
555.80	49875.15	0.00	279.77
555.90	49868.65	0.00	-457.59
556.00	49720.94	0.00	-1193.13
556.10	49441.13	0.00	-1923.97
556.20	49028.72	0.00	-2647.22
556.30	48482.98	0.00	-3360.01
556.40	47803.03	0.00	-4059.55
556.50	46987.89	0.00	-4743.07
556.60	46036.49	0.00	-5407.86
556.70	44947.82	0.00	-6051.32
556.80	43720.93	0.00	-6670.89
556.90	42355.08	0.00	-7264.14
557.00	40849.81	0.00	-7828.72
557.10	39205.01	0.00	-8362.40
557.20	37421.04	0.00	-8863.08
557.30	35498.84	0.00	-9328.78
557.40	33439.98	0.00	-9757.66
557.50	31246.78	0.00	-10148.04
557.60	28922.40	0.00	-10498.36
557.70	26470.86	0.00	-10807.25
557.80	23897.20	0.00	-11073.50
557.90	21207.42	0.00	-11296.04
558.00	18408.62	0.00	-11474.00
558.10	15508.98	0.00	-11606.67
558.20	12517.75	0.00	-11693.54
558.30	9445.32	0.00	-11734.26
558.40	6303.13	0.00	-11728.68
558.50	3103.68	0.00	-11676.80
558.60	-139.56	0.00	-11578.84
558.70	-3412.15	0.00	-11435.19
558.80	-6698.84	0.00	-11246.40
558.90	-9983.64	0.00	-11013.23
559.00	-13249.88	0.00	-10736.60
559.10	-16480.42	0.00	-10417.59
559.20	-19657.72	0.00	-10057.47
559.30	-22764.02	0.00	-9657.66
559.40	-25781.47	0.00	-9219.74
559.50	-28692.30	0.00	-8745.42
559.60	-31478.97	0.00	-8236.60
559.70	-34124.37	0.00	-7695.27
559.80	-36611.95	0.00	-7123.56
559.90	-38925.87	0.00	-6523.75
560.00	-41051.20	0.00	-5898.19
560.10	-42974.04	0.00	-5249.35
560.20	-44681.69	0.00	-4579.79
560.30	-46162.73	0.00	-3892.16
560.40	-47407.19	0.00	-3189.17
560.50	-48406.62	0.00	-2473.59
560.60	-49154.22	0.00	-1748.25
560.70	-49644.85	0.00	-1016.02
560.80	-49875.15	0.00	-279.77
560.90	-49868.65	0.00	457.59
561.00	-49720.94	0.00	1193.13
561.10	-49441.13	0.00	1923.97
561.20	-49028.72	0.00	2647.22
561.30	-48482.98	0.00	3360.01
561.40	-47803.03	0.00	4059.55
561.50	-46987.89	0.00	4743.07
561.60	-46036.49	0.00	5407.86
561.70	-44947.82	0.00	6051.32
561.80	-43720.93	0.00	6670.89
561.90	-42355.08	0.00	7264.14
562.00	-40849.81	0.00	7828.72
562.10	-39205.01	0.00	8362.40
562.20	-37421.04	0.00	8863.08
562.30	-35498.84	0.00	9328.78
562.40	-33439.98	0.00	9757.66
562.50	-31246.78	0.00	10148.04
562.60	-28922.40	0.00	10498.36
562.70	-26470.86	0.00	10807.25
562.80	-23897.20	0.00	11073.50
562.90	-21207.42	0.00	11296.04
563.00	-18408.62	0.00	11474.00
563.10	-15508.98	0.00	11606.67
563.20	-12517.75	0.00	11693.54
563.30	-9445.32	0.00	11734.26
563.40	-6303.13	0.00	11728.68
563.50	-3103.68	0.00	11676.80
563.60	139.56	0.00	11578.84
563.70	3412.15	0.00	11435.19
563.80	6698.84	0.00	11246.40
563.90	9983.64	0.00	11013.23
564.00	13249.88	0.00	10736.60
564.10	16480.42	0.00	10417.59
564.20	19657.72	0.00	10057.47
564.30	22764.02	0.00	9657.66
564.40	25781.47	0.00	9219.74
564.50	28692.30	0.00	8745.42
564.60	31478.97	0.00	8236.60
564.70	34124.37	0.00	7695.27
564.80	36611.95	0.00	7123.56
564.90	38925.87	0.00	6523.75
565.00	41051.20	0.00	5898.19
565.10	42974.04	0.00	5249.35
565.20	44681.69	0.00	4579.79
565.30	46162.73	0.00	3892.16
565.40	47407.19	0.00	3189.17
565.50	48406.62	0.00	2473.59
565.60	49154.22	0.00	1748.25
565.70	49644.85	0.00	1016.02
565.80	49875.15	0.00	279.77
565.90	49868.65	0.00	-457.59
566.00	49720.94	0.00	-1193.13
566.10	49441.13	0.00	-1923.97
566.20	49028.72	0.00	-2647.22
566.30	48482.98	0.00	-3360.01
566.40	47803.03	0.00	-4059.55
566.50	46987.89	0.00	-4743.07
566.60	46036.49	0.00	-5407.86
566.70	44947.82	0.00	-6051.32
566.80	43720.93	0.00	-6670.89
566.90	42355.08	0.00	-7264.14
567.00	40849.81	0.00	-7828.72
567.10	39205.01	0.00	-8362.40
567.20	37421.04	0.00	-8863.08
567.30	35498.84	0.00	-9328.78
567.40	33439.98	0.00	-9757.66
567.50	31246.78	0.00	-10148.04
567.60	28922.40	0.00	-10498.36
567.70	26470.86	0.00	-10807.25
567.80	23897.20	0.00	-11073.50
567.90	21207.42	0.00	-11296.04
568.00	18408.62	0.00	-11474.00
568.10	15508.98	0.00	-11606.67
568.20	12517.75	0.00	-11693.54
568.30	9445.32	0.00	-11734.26
568.40	6303.13	0.00	-11728.68
568.50	3103.68	0.00	-11676.80
568.60	-139.56	0.00	-11578.84
568.70	-3412.15	0.00	-11435.19
568.80	-6698.84	0.00	-11246.40
568.90	-9983.64	0.00	-11013.23
569.00	-13249.88	0.00	-10736.60
569.10	-16480.42	0.00	-10417.59
569.20	-19657.72	0.00	-10057.47
569.30	-22764.02	0.00	-9657.66
569.40	-25781.47	0.00	-9219.74
569.50	-28692.30	0.00	-8745.42
569.60	-31478.97	0.00	-8236.60
569.70	-34124.37	0.00	-7695.27
569.80	-36611.95	0.00	-7123.56
569.90	-38925.87	0.00	-6523.75
570.00	-41051.20	0.00	-5898.19
570.10	-42974.04	0.00	-5249.35
570.20	-44681.69	0.00	-4579.79
570.30	-46162.73	0.00	-3892.16
570.40	-47407.19	0.00	-3189.17
570.50	-48406.62	0.00	-2473.59
570.60	-49154.22	0.00	-1748.25
570.70	-49644.85	0.00	-1016.02
570.80	-49875.15	0.00	-279.77
570.90	-49868.65	0.00	457.59
571.00	-49720.94	0.00	1193.13
571.10	-49441.13	0.00	1923.97
571.20	-49028.72	0.00	2647.22
571.30	-48482.98	0.00	3360.01
571.40	-47803.03	0.00	4059.55
571.50	-46987.89	0.00	4743.07
571.60	-46036.49	0.00	5407.86
571.70	-44947.82	0.00	6051.32
571.80	-43720.93	0.00	6670.89
571.90	-42355.08	0.00	7264.14
572.00	-40849.81	0.00	7828.72
572.10	-39205.01	0.00	8362.40
572.20	-37421.04	0.00	8863.08
572.30	-35498.84	0.00	9328.78
572.40	-33439.98	0.00	9757.66
572.50	-31246.78	0.00	10148.04
572.60	-28922.40	0.00	10498.36
572.70	-26470.86	0.00	10807.25
572.80	-23897.20	0.00	11073.50
572.90	-21207.42	0.00	11296.04
573.00	-18408.62	0.00	11474.00
573.10	-15508.98	0.00	11606.67
573.20	-12517.75	0.00	11693.54
573.30	-9445.32	0.00	11734.26
573.40	-6303.13	0.00	11728.68
573.50	-3103.68	0.00	11676.80
573.60	139.56	0.00	11578.84
573.70	3412.15	0.00	11435.19
573.80	6698.84	0.00	11246.40
573.90	9983.64	0.00	11013.23
574.00	13249.88	0.00	10736.60
574.10	16480.42	0.00	10417.59
574.20	19657.72	0.00	10057.47
574.30	22764.02	0.00	9657.66
574.40	25781.47	0.00	9219.74
574.50	28692.30	0.00	8745.42
574.60	31478.97	0.00	8236.60
574.70	34124.37	0.00	7695.27
574.80	36611.95	0.00	7123.56
574.90	38925.87	0.00	6523.75
575.00	41051.20	0.00	5898.19
575.10	42974.04	0.00	5249.35
575.20	44681.69	0.00	4579.79
575.30	46162.73	0.00	3892.16
575.40	47407.19	0.00	3189.17
575.50	48406.62	0.00	2473.59
575.60	49154.22	0.00	1748.25
575.70	49644.85	0.00	1016.02
575.80	49875.15	0.00	279.77
575.90	49868.65	0.00	-457.59
576.00	49720.94	0.00	-1193.13
576.10	49441.13	0.00	-1923.97
576.20	49028.72	0.00	-2647.22
576.30	48482.98	0.00	-3360.01
576.40	47803.03	0.00	-4059.55
576.50	46987.89	0.00	-4743.07
576.60	46036.49	0.00	-5407.86
576.70	44947.82	0.00	-6051.32
576.80	43720.93	0.00	-6670.89
576.90	42355.08	0.00	-7264.14
577.00	40849.81	0.00	-7828.72
577.10	39205.01	0.00	-8362.40
577.20	37421.04	0.00	-8863.08
577.30	35498.84	0.00	-9328.78
577.40	33439.98	0.00	-9757.66
577.50	31246.78	0.00	-10148.04
577.60	28922.40	0.00	-10498.36
577.70	26470.86	0.00	-10807.25
577.80	23897.20	0.00	-11073.50
577.90	21207.42	0.00	-11296.04
578.00	18408.62	0.00	-11474.00
578.10	15508.98	0.00	-11606.67
578.20	12517.75	0.00	-11693.54
578.30	9445.32	0.00	-11734.26
578.40	6303.13	0.00	-11728.68
578.50	3103.68	0.00	-11676.80
578.60	-139.56	0.00	-11578.84
578.70	-3412.15	0.00	-11435.19
578.80	-6698.84	0.00	-11246.40
578.90	-9983.64	0.00	-11013.23
579.00	-13249.88	0.00	-10736.60
579.10	-16480.42	0.00	-10417.59
579.20	-19657.72	0.00	-10057.47
579.30	-22764.02	0.00	-9657.66
579.40	-25781.47	0.00	-9219.74
579.50	-28692.30	0.00	-8745.42
579.60	-31478.97	0.00	-8236.60
579.70	-34124.37	0.00	-7695.27
579.80	-36611.95	0.00	-7123.56
579.90	-38925.87	0.00	-6523.75
580.00	-41051.20	0.00	-5898.19
580.10	-42974.04	0.00	-5249.35
580.20	-44681.69	0.00	-4579.79
580.30	-46162.73	0.00	-3892.16
580.40	-47407.19	0.00	-3189.17
580.50	-48406.62	0.00	-2473.59
580.60	-49154.22	0.00	-1748.25
580.70	-49644.85	0.00	-1016.02
580.80	-49875.15	0.00	-279.77
580.90	-49868.65	0.00	457.59
581.00	-49720.94	0.00	1193.13
581.10	-49441.13	0.00	1923.97
581.20	-49028.72	0.00	2647.22
581.30	-48482.98	0.00	3360.01
581.40	-47803.03	0.00	4059.55
581.50	-46987.89	0.00	4743.07
581.60	-46036.49	0.00	5407.86
581.70	-44947.82	0.00	6051.32
581.80	-43720.93	0.00	6670.89
581.90	-42355.08	0.00	7264.14
582.00	-40849.81	0.00	7828.72
582.10	-39205.01	0.00	8362.40
582.20	-37421.04	0.00	8863.08
582.30	-35498.84	0.00	9328.78
582.40	-33439.98	0.00	9757.66
582.50	-31246.78	0.00	10148.04
582.60	-28922.40	0.00	10498.36
582.70	-26470.86	0.00	10807.25
582.80	-23897.20	0.00	11073.50
582.90	-21207.42	0.00	11296.04
583.00	-18408.62	0.00	11474.00
583.10	-15508.98	0.00	11606.67
583.20	-12517.75	0.00	11693.54
583.30	-9445.32	0.00	11734.26
583.40	-6303.13	0.00	11728.68
583.50	-3103.68	0.00	11676.80
583.60	139.56	0.00	11578.84
583.70	3412.15	0.00	11435.19
583.80	6698.84	0.00	11246.40
583.90	9983.64	0.00	11013.23
584.00	13249.88	0.00	10736.60
584.10	16480.42	0.00	10417.59
584.20	19657.72	0.00	10057.47
584.30	22764.02	0.00	9657.66
584.40	25781.47	0.00	9219.74
584.50	28692.30	0.00	8745.42
584.60	31478.97	0.00	8236.60
584.70	34124.37	0.00	7695.27
584.80	36611.95	0.00	7123.56
584.90	38925.87	0.00	6523.75
585.00	41051.20	0.00	5898.19
585.10	42974.04	0.00	5249.35
585.20	44681.69	0.00	4579.79
585.30	46162.73	0.00	3892.16
585.40	47407.19	0.00	3189.17
585.50	48406.62	0.00	2473.59
585.60	49154.22	0.00	1748.25
585.70	49644.85	0.00	1016.02
585.80	49875.15	0.00	279.77
585.90	49868.65	0.00	-457.59
586.00	49720.94	0.00	-1193.13
586.10	49441.13	0.00	-1923.97
586.20	49028.72	0.00	-2647.22
586.30	48482.98	0.00	-3360.01
586.40	47803.03	0.00	-4059.55
586.50	46987.89	0.00	-4743.07
586.60	46036.49	0.00	-5407.86
586.70	44947.82	0.00	-6051.32
586.80	43720.93	0.00	-6670.89
586.90	42355.08	0.00	-7264.14
587.00	40849.81	0.00	-7828.72
587.10	39205.01	0.00	-8362.40
587.20	37421.04	0.00	-8863.08
587.30	35498.84	0.00	-9328.78
587.40	33439.98	0.00	-9757.66
587.50	31246.78	0.00	-10148.04
587.60	28922.40	0.00	-10498.36
587.70	26470.86	0.00	-10807.25
587.80	23897.20	0.00	-11073.50
587.90	21207.42	0.00	-11296.04
588.00	18408.62	0.00	-11474.00
588.10	15508.98	0.00	-11606.67
588.20	12517.75	0.00	-11693.54
588.30	9445.32	0.00	-11734.26
588.40	6303.13	0.00	-11728.68
588.50	3103.68	0.00	-11676.80
588.60	-139.56	0.00	-11578.84
588.70	-3412.15	0.00	-11435.19
588.80	-6698.84	0.00	-11246.40
588.90	-9983.64	0.00	-11013.23
589.00	-13249.88	0.00	-10736.60
589.10	-16480.42	0.00	-10417.59
589.20	-19657.72	0.00	-10057.47
589.30	-22764.02	0.00	-9657.66
589.40	-25781.47	0.00	-9219.74
589.50	-28692.30	0.00	-8745.42
589.60	-31478.97	0.00	-8236.60
589.70	-34124.37	0.00	-7695.27
589.80	-36611.95	0.00	-7123.56
589.90	-38925.87	0.00	-6523.75
590.00	-41051.20	0.00	-5898.19
590.10	-42974.04	0.00	-5249.35
590.20	-44681.69	0.00	-4579.79
590.30	-46162.73	0.00	-3892.16
590.40	-47407.19	0.00	-3189.17
590.50	-48406.62	0.00	-2473.59
590.60	-49154.22	0.00	-1748.25
590.70	-49644.85	0.00	-1016.02
590.80	-49875.15	0.00	-279.77
590.90	-49868.65	0.00	457.59
591.00	-49720.94	0.00	1193.13
591.10	-49441.13	0.00	1923.97
591.20	-49028.72	0.00	2647.22
591.30	-48482.98	0.00	3360.01
591.40	-47803.03	0.00	4059.55
591.50	-46987.89	0.00	4743.07
591.60	-46036.49	0.00	5407.86
591.70	-44947.82	0.00	6051.32
591.80	-43720.93	0.00	6670.89
591.90	-42355.08	0.00	7264.14
592.00	-40849.81	0.00	7828.72
592.10	-39205.01	0.00	8362.40
592.20	-37421.04	0.00	8863.08
592.30	-35498.84	0.00	9328.78
592.40	-33439.98	0.00	9757.66
592.50	-31246.78	0.00	10148.04
592.60	-28922.40	0.00	10498.36
592.70	-26470.86	0.00	10807.25
592.80	-23897.20	0.00	11073.50
592.90	-21207.42	0.00	11296.04
593.00	-18408.62	0.00	11474.00
593.10	-15508.98	0.00	11606.67
593.20	-12517.75	0.00	11693.54
593.30	-9445.32	0.00	11734.26
593.40	-6303.13	0.00	11728.68
593.50	-3103.68	0.00	11676.80
593.60	139.56	0.00	11578.84
593.70	3412.15	0.00	11435.19
593.80	6698.84	0.00	11246.40
593.90	9983.64	0.00	11013.23
594.00	13249.88	0.00	10736.60
594.10	16480.42	0.00	10417.59
594.20	19657.72	0.00	10057.47
594.30	22764.02	0.00	9657.66
594.40	25781.47	0.00	9219.74
594.50	28692.30	0.00	8745.42
594.60	31478.97	0.00	8236.60
594.70	34124.37	0.00	7695.27
594.80	36611.95	0.00	7123.56
594.90	38925.87	0.00	6523.75
595.00	41051.20	0.00	5898.19
595.10	42974.04	0.00	5249.35
595.20	44681.69	0.00	4579.79
595.30	46162.73	0.00	3892.16
595.40	47407.19	0.00	3189.17
595.50	48406.62	0.00	2473.59
595.60	49154.22	0.00	1748.25
595.70	49644.85	0.00	1016.02
595.80	49875.15	0.00	279.77
595.90	49868.65	0.00	-457.59
596.00	49720.94	0.00	-1193.13
596.10	49441.13	0.00	-1923.97
596.20	49028.72	0.00	-2647.22
596.30	48482.98	0.00	-3360.01
596.40	47803.03	0.00	-4059.55
596.50	46987.89	0.00	-4743.07
596.60	46036.49	0.00	-5407.86
596.70	44947.82	0.00	-6051.32
596.80	43720.93	0.00	-6670.89
596.90	42355.08	0.00	-7264.14
597.00	40849.81	0.00	-7828.72
597.10	39205.01	0.00	-8362.40
597.20	37421.04	0.00	-8863.08
597.30	35498.84	0.00	-9328.78
597.40	33439.98	0.00	-9757.66
597.50	31246.78	0.00	-10148.04
597.60	28922.40	0.00	-10498.36
597.70	26470.86	0.00	-10807.25
597.80	23897.20	0.00	-11073.50
597.90	21207.42	0.00	-11296.04
598.00	18408.62	0.00	-11474.00
598.10	15508.98	0.00	-11606.67
598.20	12517.75	0.00	-11693.54
598.30	9445.32	0.00	-11734.26
598.40	6303.13	0.00	-11728.68
598.50	3103.68	0.00	-11676.80
598.60	-139.56	0.00	-11578.84
598.70	-3412.15	0.00	-11435.19
598.80	-6698.84	0.00	-11246.40
598.90	-9983.64	0.00	-11013.23
599.00	-13249.88	0.00	-10736.60
599.10	-16480.42	0.00	-10417.59
599.20	-19657.72	0.00	-10057.47
599.30	-22764.02	0.00	-9657.66
599.40	-25781.47	0.00	-9219.74
599.50	-28692.30	0.00	-8745.42
599.60	-31478.97	0.00	-8236.60
599.70	-34124.37	0.00	-7695.27
599.80	-36611.95	0.00	-7123.56
599.90	-38925.87	0.00	-6523.75
600.00	-41051.20	0.00	-5898.19
