Time(s)	Fx(N)	Fy(N)	Fz(N)
0.00	-1837.63	0.00	-385.86
0.10	-1922.75	0.00	-330.20
0.20	-1996.48	0.00	-273.63
0.30	-2058.56	0.00	-216.42
0.40	-2108.77	0.00	-158.84
0.50	-2146.96	0.00	-101.17
0.60	-2173.06	0.00	-43.66
0.70	-2187.05	0.00	13.43
0.80	-2188.99	0.00	69.86
0.90	-2178.99	0.00	125.37
1.00	-2157.23	0.00	179.73
1.10	-2123.96	0.00	232.72
1.20	-2079.86	0.00	284.13
1.30	-2026.03	0.00	333.75
1.40	-1962.80	0.00	381.40
1.50	-1890.53	0.00	426.89
1.60	-1809.57	0.00	470.07
1.70	-1720.33	0.00	510.79
1.80	-1623.23	0.00	548.90
1.90	-1518.73	0.00	584.28
2.00	-1407.29	0.00	616.82
2.10	-1289.43	0.00	646.42
2.20	-1165.67	0.00	672.99
2.30	-1036.55	0.00	696.45
2.40	-902.66	0.00	716.75
2.50	-764.58	0.00	733.84
2.60	-622.93	0.00	747.66
2.70	-478.33	0.00	758.19
2.80	-331.43	0.00	765.41
2.90	-182.90	0.00	769.31
3.00	-33.40	0.00	769.89
3.10	116.37	0.00	767.15
3.20	265.71	0.00	761.12
3.30	413.94	0.00	751.82
3.40	560.32	0.00	739.27
3.50	704.17	0.00	723.54
3.60	844.77	0.00	704.66
3.70	981.42	0.00	682.71
3.80	1113.42	0.00	657.74
3.90	1240.08	0.00	629.85
4.00	1360.75	0.00	599.10
4.10	1474.76	0.00	565.61
4.20	1581.49	0.00	529.48
4.30	1680.34	0.00	490.83
4.40	1770.72	0.00	449.77
4.50	1852.11	0.00	406.45
4.60	1923.99	0.00	361.02
4.70	1985.90	0.00	313.62
4.80	2037.43	0.00	264.42
4.90	2078.21	0.00	213.59
5.00	2108.60	0.00	161.33
5.10	2128.88	0.00	107.83
5.20	2138.85	0.00	53.28
5.30	2138.36	0.00	-2.10
5.40	2127.28	0.00	-58.09
5.50	2105.52	0.00	-114.47
5.60	2073.04	0.00	-171.00
5.70	2029.83	0.00	-227.44
5.80	1975.89	0.00	-283.56
5.90	1911.31	0.00	-339.11
6.00	1836.18	0.00	-393.84
6.10	1750.66	0.00	-447.50
6.20	1654.94	0.00	-499.83
6.30	1549.26	0.00	-550.60
6.40	1433.90	0.00	-599.56
6.50	1309.21	0.00	-646.46
6.60	1175.57	0.00	-691.07
6.70	1033.41	0.00	-733.15
6.80	883.22	0.00	-772.49
6.90	725.53	0.00	-808.87
7.00	560.93	0.00	-842.08
7.10	390.05	0.00	-871.93
7.20	213.58	0.00	-898.25
7.30	32.24	0.00	-920.86
7.40	-153.18	0.00	-939.61
7.50	-341.86	0.00	-954.35
7.60	-532.94	0.00	-964.97
7.70	-725.53	0.00	-971.35
7.80	-918.69	0.00	-973.41
7.90	-1111.45	0.00	-971.07
8.00	-1302.83	0.00	-964.26
8.10	-1491.81	0.00	-952.95
8.20	-1677.36	0.00	-937.12
8.30	-1858.45	0.00	-916.76
8.40	-2034.03	0.00	-891.88
8.50	-2203.06	0.00	-862.51
8.60	-2364.51	0.00	-828.71
8.70	-2517.37	0.00	-790.53
8.80	-2660.63	0.00	-748.07
8.90	-2793.32	0.00	-701.42
9.00	-2914.52	0.00	-650.71
9.10	-3023.33	0.00	-596.07
9.20	-3118.91	0.00	-537.65
9.30	-3200.55	0.00	-475.63
9.40	-3269.43	0.00	-410.21
9.50	-3325.90	0.00	-341.58
9.60	-3369.48	0.00	-269.98
9.70	-3399.76	0.00	-195.64
9.80	-3416.32	0.00	-118.83
9.90	-3418.80	0.00	-39.81
10.00	-3406.85	0.00	41.11
10.10	-3380.16	0.00	123.62
10.20	-3338.47	0.00	207.41
10.30	-3281.54	0.00	292.13
10.40	-3209.20	0.00	377.43
10.50	-3121.31	0.00	462.92
10.60	-3017.77	0.00	548.24
10.70	-2898.56	0.00	632.97
10.80	-2763.71	0.00	716.72
10.90	-2613.33	0.00	799.06
11.00	-2447.58	0.00	879.56
11.10	-2266.71	0.00	957.78
11.20	-2071.05	0.00	1033.29
11.30	-1861.02	0.00	1105.64
11.40	-1637.12	0.00	1174.37
11.50	-1399.98	0.00	1239.05
11.60	-1150.28	0.00	1299.22
11.70	-888.84	0.00	1354.46
11.80	-616.59	0.00	1404.34
11.90	-334.53	0.00	1448.44
12.00	-43.81	0.00	1486.36
12.10	254.35	0.00	1517.72
12.20	558.58	0.00	1542.17
12.30	867.46	0.00	1559.37
12.40	1179.44	0.00	1569.03
12.50	1492.88	0.00	1570.87
12.60	1806.07	0.00	1564.66
12.70	2117.22	0.00	1550.22
12.80	2424.48	0.00	1527.39
12.90	2725.95	0.00	1496.07
13.00	3019.68	0.00	1456.20
13.10	3303.73	0.00	1407.79
13.20	3576.12	0.00	1350.88
13.30	3834.89	0.00	1285.58
13.40	4078.13	0.00	1212.04
13.50	4303.95	0.00	1130.50
13.60	4510.54	0.00	1041.22
13.70	4696.18	0.00	944.55
13.80	4859.24	0.00	840.87
13.90	4998.22	0.00	730.63
14.00	5111.77	0.00	614.35
14.10	5198.75	0.00	492.57
14.20	5262.84	0.00	365.91
14.30	5306.03	0.00	235.02
14.40	5327.76	0.00	100.60
14.50	5327.56	0.00	-36.60
14.60	5304.99	0.00	-175.82
14.70	5259.69	0.00	-316.25
14.80	5191.38	0.00	-457.05
14.90	5099.84	0.00	-597.39
15.00	4984.97	0.00	-736.40
15.10	4846.73	0.00	-873.21
15.20	4685.20	0.00	-1006.96
15.30	4500.56	0.00	-1136.77
15.40	4293.11	0.00	-1261.82
15.50	4063.26	0.00	-1381.25
15.60	3811.57	0.00	-1494.28
15.70	3538.72	0.00	-1600.13
15.80	3245.55	0.00	-1698.08
15.90	2933.03	0.00	-1787.44
16.00	2602.29	0.00	-1867.57
16.10	2254.60	0.00	-1937.91
16.20	1891.41	0.00	-1997.93
16.30	1514.30	0.00	-2047.19
16.40	1125.00	0.00	-2085.30
16.50	725.39	0.00	-2111.97
16.60	317.46	0.00	-2126.97
16.70	-96.63	0.00	-2130.14
16.80	-514.66	0.00	-2121.41
16.90	-934.27	0.00	-2100.79
17.00	-1353.04	0.00	-2068.38
17.10	-1768.48	0.00	-2024.34
17.20	-2178.07	0.00	-1968.92
17.30	-2579.26	0.00	-1902.45
17.40	-2969.49	0.00	-1825.32
17.50	-3346.25	0.00	-1738.02
17.60	-3707.06	0.00	-1641.08
17.70	-4049.52	0.00	-1535.11
17.80	-4371.32	0.00	-1420.76
17.90	-4670.30	0.00	-1298.75
18.00	-4944.41	0.00	-1169.85
18.10	-5191.79	0.00	-1034.86
18.20	-5410.74	0.00	-894.61
18.30	-5599.80	0.00	-749.98
18.40	-5757.70	0.00	-601.87
18.50	-5883.41	0.00	-451.16
18.60	-5976.16	0.00	-298.79
18.70	-6035.40	0.00	-145.66
18.80	-6060.86	0.00	7.30
18.90	-6053.42	0.00	159.20
19.00	-6020.74	0.00	309.15
19.10	-5964.71	0.00	456.30
19.20	-5885.67	0.00	599.81
19.30	-5784.00	0.00	738.88
19.40	-5660.15	0.00	872.76
19.50	-5514.63	0.00	1000.74
19.60	-5348.01	0.00	1122.15
19.70	-5160.94	0.00	1236.38
19.80	-4954.14	0.00	1342.87
19.90	-4728.40	0.00	1441.13
20.00	-4484.57	0.00	1530.71
20.10	-4223.60	0.00	1611.25
20.20	-3946.50	0.00	1682.43
20.30	-3654.36	0.00	1744.00
20.40	-3348.36	0.00	1795.78
20.50	-3029.75	0.00	1837.63
20.60	-2699.86	0.00	1869.51
20.70	-2360.08	0.00	1891.42
20.80	-2011.89	0.00	1903.41
20.90	-1656.82	0.00	1905.61
21.00	-1296.46	0.00	1898.18
21.10	-932.45	0.00	1881.37
21.20	-566.47	0.00	1855.43
21.30	-200.25	0.00	1820.71
21.40	164.48	0.00	1777.55
21.50	525.98	0.00	1726.38
21.60	882.49	0.00	1667.62
21.70	1232.28	0.00	1601.76
21.80	1573.64	0.00	1529.28
21.90	1904.91	0.00	1450.73
22.00	2224.46	0.00	1366.64
22.10	2530.74	0.00	1277.57
22.20	2822.27	0.00	1184.10
22.30	3097.66	0.00	1086.81
22.40	3355.63	0.00	986.30
22.50	3594.99	0.00	883.13
22.60	3814.67	0.00	777.92
22.70	4013.75	0.00	671.23
22.80	4191.41	0.00	563.65
22.90	4346.99	0.00	455.73
23.00	4479.97	0.00	348.03
23.10	4589.98	0.00	241.09
23.20	4676.77	0.00	135.40
23.30	4740.27	0.00	31.48
23.40	4780.55	0.00	-70.21
23.50	4797.80	0.00	-169.21
23.60	4792.38	0.00	-265.11
23.70	4764.76	0.00	-357.51
23.80	4715.55	0.00	-446.05
23.90	4646.68	0.00	-530.37
24.00	4563.22	0.00	-610.18
24.10	4466.14	0.00	-685.19
24.20	4356.06	0.00	-755.17
24.30	4233.61	0.00	-819.89
24.40	4099.45	0.00	-879.18
24.50	3954.23	0.00	-932.87
24.60	3798.67	0.00	-980.86
24.70	3633.45	0.00	-1023.05
24.80	3459.31	0.00	-1059.39
24.90	3276.99	0.00	-1089.85
25.00	3087.26	0.00	-1114.44
25.10	2890.89	0.00	-1133.19
25.20	2688.68	0.00	-1146.18
25.30	2481.42	0.00	-1153.48
25.40	2269.94	0.00	-1155.23
25.50	2055.07	0.00	-1151.57
25.60	1837.62	0.00	-1142.68
25.70	1618.44	0.00	-1128.75
25.80	1398.36	0.00	-1110.01
25.90	1178.21	0.00	-1086.70
26.00	958.80	0.00	-1059.09
26.10	740.95	0.00	-1027.45
26.20	525.44	0.00	-992.10
26.30	313.05	0.00	-953.35
26.40	104.51	0.00	-911.53
26.50	-99.46	0.00	-866.98
26.60	-298.18	0.00	-820.06
26.70	-491.03	0.00	-771.14
26.80	-677.42	0.00	-720.56
26.90	-856.78	0.00	-668.72
27.00	-1028.65	0.00	-615.98
27.10	-1192.57	0.00	-562.71
27.20	-1348.17	0.00	-509.29
27.30	-1495.13	0.00	-456.07
27.40	-1633.18	0.00	-403.41
27.50	-1762.13	0.00	-351.65
27.60	-1881.85	0.00	-301.12
27.70	-1992.26	0.00	-252.15
27.80	-2093.34	0.00	-205.01
27.90	-2185.15	0.00	-160.00
28.00	-2267.79	0.00	-117.37
28.10	-2341.42	0.00	-77.35
28.20	-2406.25	0.00	-40.13
28.30	-2462.53	0.00	-5.89
28.40	-2510.58	0.00	25.21
28.50	-2550.72	0.00	53.08
28.60	-2583.32	0.00	77.62
28.70	-2608.80	0.00	98.80
28.80	-2627.55	0.00	116.60
28.90	-2640.03	0.00	131.04
29.00	-2646.66	0.00	142.19
29.10	-2647.91	0.00	150.13
29.20	-2644.20	0.00	155.00
29.30	-2635.98	0.00	156.94
29.40	-2623.65	0.00	156.17
29.50	-2607.61	0.00	152.90
29.60	-2588.24	0.00	147.38
29.70	-2566.80	0.00	139.91
29.80	-2544.43	0.00	130.77
29.90	-2521.35	0.00	120.30
30.00	-2497.71	0.00	108.85
30.10	-2473.63	0.00	96.77
30.20	-2449.16	0.00	84.44
30.30	-2424.30	0.00	72.24
30.40	-2399.02	0.00	60.55
30.50	-2373.21	0.00	49.76
30.60	-2346.71	0.00	40.25
30.70	-2319.32	0.00	32.38
30.80	-2290.77	0.00	26.52
30.90	-2260.77	0.00	23.00
31.00	-2228.95	0.00	22.15
31.10	-2194.91	0.00	24.26
31.20	-2158.23	0.00	29.59
31.30	-2118.42	0.00	38.36
31.40	-2074.98	0.00	50.78
31.50	-2027.39	0.00	67.00
31.60	-1975.11	0.00	87.11
31.70	-1917.57	0.00	111.19
31.80	-1854.21	0.00	139.25
31.90	-1784.48	0.00	171.24
32.00	-1707.83	0.00	207.10
32.10	-1623.72	0.00	246.68
32.20	-1531.66	0.00	289.78
32.30	-1431.18	0.00	336.18
32.40	-1321.85	0.00	385.57
32.50	-1203.30	0.00	437.63
32.60	-1075.22	0.00	491.96
32.70	-937.37	0.00	548.13
32.80	-789.59	0.00	605.67
32.90	-631.80	0.00	664.08
33.00	-464.01	0.00	722.80
33.10	-286.34	0.00	781.28
33.20	-99.01	0.00	838.91
33.30	97.66	0.00	895.08
33.40	303.20	0.00	949.17
33.50	517.07	0.00	1000.54
33.60	738.56	0.00	1048.56
33.70	966.87	0.00	1092.60
33.80	1201.08	0.00	1132.05
33.90	1440.12	0.00	1166.31
34.00	1682.84	0.00	1194.81
34.10	1927.94	0.00	1216.99
34.20	2174.05	0.00	1232.37
34.30	2419.68	0.00	1240.47
34.40	2663.26	0.00	1240.88
34.50	2903.14	0.00	1233.25
34.60	3137.61	0.00	1217.27
34.70	3364.91	0.00	1192.70
34.80	3583.24	0.00	1159.37
34.90	3790.79	0.00	1117.17
35.00	3985.76	0.00	1066.09
35.10	4166.34	0.00	1006.15
35.20	4330.79	0.00	937.49
35.30	4477.40	0.00	860.30
35.40	4604.57	0.00	774.85
35.50	4710.78	0.00	681.49
35.60	4795.83	0.00	580.65
35.70	4863.15	0.00	472.81
35.80	4912.27	0.00	358.56
35.90	4942.33	0.00	238.50
36.00	4952.56	0.00	113.35
36.10	4942.23	0.00	-16.16
36.20	4910.71	0.00	-149.22
36.30	4857.42	0.00	-284.99
36.40	4781.89	0.00	-422.58
36.50	4683.73	0.00	-561.07
36.60	4562.67	0.00	-699.52
36.70	4418.52	0.00	-836.96
36.80	4251.25	0.00	-972.43
36.90	4060.94	0.00	-1104.95
37.00	3847.79	0.00	-1233.54
37.10	3612.18	0.00	-1357.26
37.20	3354.61	0.00	-1475.16
37.30	3075.77	0.00	-1586.33
37.40	2776.49	0.00	-1689.91
37.50	2457.78	0.00	-1785.07
37.60	2120.84	0.00	-1871.02
37.70	1767.01	0.00	-1947.06
37.80	1397.85	0.00	-2012.51
37.90	1015.05	0.00	-2066.80
38.00	620.49	0.00	-2109.41
38.10	216.21	0.00	-2139.90
38.20	-195.59	0.00	-2157.92
38.30	-612.59	0.00	-2163.20
38.40	-1032.34	0.00	-2155.58
38.50	-1452.27	0.00	-2134.95
38.60	-1869.72	0.00	-2101.32
38.70	-2281.97	0.00	-2054.78
38.80	-2686.25	0.00	-1995.53
38.90	-3079.79	0.00	-1923.84
39.00	-3459.79	0.00	-1840.08
39.10	-3823.51	0.00	-1744.69
39.20	-4168.26	0.00	-1638.22
39.30	-4491.44	0.00	-1521.28
39.40	-4790.59	0.00	-1394.56
39.50	-5063.36	0.00	-1258.82
39.60	-5307.59	0.00	-1114.89
39.70	-5521.33	0.00	-963.64
39.80	-5702.82	0.00	-806.01
39.90	-5850.56	0.00	-642.99
40.00	-5963.30	0.00	-475.58
40.10	-6040.08	0.00	-304.85
40.20	-6080.20	0.00	-131.85
40.30	-6083.60	0.00	42.33
40.40	-6057.14	0.00	216.58
40.50	-6003.63	0.00	389.83
40.60	-5923.16	0.00	560.98
40.70	-5815.93	0.00	728.97
40.80	-5682.23	0.00	892.75
40.90	-5522.44	0.00	1051.30
41.00	-5337.05	0.00	1203.67
41.10	-5126.63	0.00	1348.90
41.20	-4891.91	0.00	1486.13
41.30	-4633.70	0.00	1614.52
41.40	-4352.94	0.00	1733.33
41.50	-4050.70	0.00	1841.85
41.60	-3728.19	0.00	1939.47
41.70	-3386.75	0.00	2025.63
41.80	-3027.83	0.00	2099.86
41.90	-2653.05	0.00	2161.78
42.00	-2264.15	0.00	2211.09
42.10	-1863.00	0.00	2247.56
42.20	-1451.58	0.00	2271.04
42.30	-1032.00	0.00	2281.50
42.40	-606.48	0.00	2278.96
42.50	-177.32	0.00	2263.54
42.60	253.09	0.00	2235.42
42.70	682.30	0.00	2194.89
42.80	1107.80	0.00	2142.29
42.90	1527.09	0.00	2078.04
43.00	1937.62	0.00	2002.63
43.10	2336.88	0.00	1916.62
43.20	2722.40	0.00	1820.61
43.30	3091.76	0.00	1715.27
43.40	3442.61	0.00	1601.31
43.50	3772.74	0.00	1479.50
43.60	4080.04	0.00	1350.62
43.70	4362.55	0.00	1215.51
43.80	4618.50	0.00	1075.01
43.90	4846.27	0.00	929.99
44.00	5044.48	0.00	781.34
44.10	5211.92	0.00	629.94
44.20	5347.64	0.00	476.68
44.30	5450.91	0.00	322.45
44.40	5521.26	0.00	168.12
44.50	5558.42	0.00	14.56
44.60	5562.42	0.00	-137.42
44.70	5533.72	0.00	-286.98
44.80	5478.45	0.00	-433.36
44.90	5399.47	0.00	-575.82
45.00	5297.26	0.00	-713.64
45.10	5172.35	0.00	-846.16
45.20	5025.32	0.00	-972.77
45.30	4856.84	0.00	-1092.90
45.40	4667.60	0.00	-1206.02
45.50	4458.39	0.00	-1311.67
45.60	4230.04	0.00	-1409.43
45.70	3983.47	0.00	-1498.94
45.80	3719.64	0.00	-1579.90
45.90	3439.62	0.00	-1652.05
46.00	3144.51	0.00	-1715.18
46.10	2835.52	0.00	-1769.16
46.20	2513.91	0.00	-1813.89
46.30	2181.02	0.00	-1849.33
46.40	1838.26	0.00	-1875.47
46.50	1487.12	0.00	-1892.37
46.60	1129.13	0.00	-1900.13
46.70	765.90	0.00	-1898.87
46.80	399.09	0.00	-1888.79
46.90	30.40	0.00	-1870.10
47.00	-338.42	0.00	-1843.03
47.10	-705.59	0.00	-1807.88
47.20	-1069.32	0.00	-1764.95
47.30	-1427.81	0.00	-1714.57
47.40	-1779.24	0.00	-1657.09
47.50	-2121.81	0.00	-1592.90
47.60	-2453.76	0.00	-1522.38
47.70	-2773.35	0.00	-1445.94
47.80	-3078.89	0.00	-1363.99
47.90	-3368.75	0.00	-1276.95
48.00	-3641.37	0.00	-1185.27
48.10	-3895.27	0.00	-1089.38
48.20	-4129.09	0.00	-989.72
48.30	-4341.53	0.00	-886.72
48.40	-4531.45	0.00	-780.82
48.50	-4697.79	0.00	-672.47
48.60	-4839.67	0.00	-562.10
48.70	-4956.30	0.00	-450.13
48.80	-5047.06	0.00	-336.99
48.90	-5111.47	0.00	-223.10
49.00	-5149.21	0.00	-108.87
49.10	-5161.95	0.00	5.30
49.20	-5154.78	0.00	119.01
49.30	-5128.05	0.00	231.87
49.40	-5081.82	0.00	343.50
49.50	-5016.18	0.00	453.54
49.60	-4931.24	0.00	561.60
49.70	-4827.15	0.00	667.35
49.80	-4704.08	0.00	770.42
49.90	-4562.22	0.00	870.48
50.00	-4401.82	0.00	967.20
50.10	-4223.17	0.00	1060.24
50.20	-4026.59	0.00	1149.30
50.30	-3812.48	0.00	1234.07
50.40	-3581.29	0.00	1314.25
50.50	-3333.52	0.00	1389.55
50.60	-3069.76	0.00	1459.69
50.70	-2790.69	0.00	1524.40
50.80	-2497.05	0.00	1583.42
50.90	-2189.68	0.00	1636.52
51.00	-1869.50	0.00	1683.44
51.10	-1537.54	0.00	1723.98
51.20	-1194.93	0.00	1757.93
51.30	-842.87	0.00	1785.10
51.40	-482.70	0.00	1805.31
51.50	-115.82	0.00	1818.42
51.60	256.25	0.00	1824.29
51.70	631.91	0.00	1822.80
51.80	1009.48	0.00	1813.87
51.90	1387.18	0.00	1797.44
52.00	1763.19	0.00	1773.46
52.10	2135.60	0.00	1741.91
52.20	2502.47	0.00	1702.82
52.30	2861.81	0.00	1656.22
52.40	3211.62	0.00	1602.19
52.50	3549.87	0.00	1540.84
52.60	3874.56	0.00	1472.30
52.70	4183.69	0.00	1396.75
52.80	4475.30	0.00	1314.38
52.90	4747.51	0.00	1225.44
53.00	4998.47	0.00	1130.20
53.10	5226.47	0.00	1028.97
53.20	5429.85	0.00	922.09
53.30	5607.12	0.00	809.93
53.40	5756.91	0.00	692.89
53.50	5877.99	0.00	571.42
53.60	5969.31	0.00	445.99
53.70	6031.24	0.00	317.09
53.80	6070.59	0.00	185.25
53.90	6088.21	0.00	51.02
54.00	6083.75	0.00	-85.03
54.10	6056.92	0.00	-222.30
54.20	6007.42	0.00	-360.18
54.30	5935.03	0.00	-498.04
54.40	5839.53	0.00	-635.23
54.50	5720.78	0.00	-771.12
54.60	5578.67	0.00	-905.03
54.70	5413.17	0.00	-1036.31
54.80	5224.32	0.00	-1164.30
54.90	5012.23	0.00	-1288.35
55.00	4777.10	0.00	-1407.81
55.10	4519.26	0.00	-1522.05
55.20	4239.12	0.00	-1630.44
55.30	3937.20	0.00	-1732.39
55.40	3614.19	0.00	-1827.32
55.50	3270.88	0.00	-1914.69
55.60	2908.23	0.00	-1993.96
55.70	2527.33	0.00	-2064.67
55.80	2129.43	0.00	-2126.35
55.90	1715.95	0.00	-2178.59
56.00	1288.45	0.00	-2221.05
56.10	848.67	0.00	-2253.38
56.20	398.49	0.00	-2275.32
56.30	-60.06	0.00	-2286.66
56.40	-524.81	0.00	-2287.21
56.50	-993.44	0.00	-2276.87
56.60	-1463.53	0.00	-2255.57
56.70	-1932.56	0.00	-2223.32
56.80	-2397.88	0.00	-2180.16
56.90	-2856.83	0.00	-2126.21
57.00	-3306.65	0.00	-2061.63
57.10	-3744.59	0.00	-1986.67
57.20	-4167.86	0.00	-1901.59
57.30	-4573.73	0.00	-1806.74
57.40	-4959.49	0.00	-1702.51
57.50	-5322.51	0.00	-1589.35
57.60	-5660.26	0.00	-1467.76
57.70	-5970.33	0.00	-1338.29
57.80	-6250.47	0.00	-1201.53
57.90	-6498.60	0.00	-1058.11
58.00	-6712.83	0.00	-908.72
58.10	-6891.49	0.00	-754.06
58.20	-7033.15	0.00	-594.88
58.30	-7136.63	0.00	-431.96
58.40	-7201.01	0.00	-266.09
58.50	-7228.98	0.00	-98.10
58.60	-7230.40	0.00	71.17
58.70	-7205.81	0.00	240.89
58.80	-7155.07	0.00	410.19
58.90	-7078.06	0.00	578.22
59.00	-6974.71	0.00	744.13
59.10	-6844.99	0.00	907.06
59.20	-6688.94	0.00	1066.19
59.30	-6506.63	0.00	1220.69
59.40	-6298.24	0.00	1369.77
59.50	-6064.00	0.00	1512.67
59.60	-5804.24	0.00	1648.64
59.70	-5519.40	0.00	1776.98
59.80	-5210.04	0.00	1897.02
59.90	-4876.83	0.00	2008.14
60.00	-4520.58	0.00	2109.78
60.10	-4142.25	0.00	2201.39
60.20	-3742.94	0.00	2282.52
60.30	-3323.93	0.00	2352.73
60.40	-2886.64	0.00	2411.68
60.50	-2432.68	0.00	2459.07
60.60	-1963.80	0.00	2494.65
60.70	-1481.93	0.00	2518.25
60.80	-989.16	0.00	2529.77
60.90	-487.72	0.00	2529.15
61.00	20.00	0.00	2516.41
61.10	531.50	0.00	2491.64
61.20	1044.15	0.00	2454.98
61.30	1555.23	0.00	2406.63
61.40	2061.94	0.00	2346.88
61.50	2561.42	0.00	2276.04
61.60	3050.78	0.00	2194.50
61.70	3527.12	0.00	2102.69
61.80	3987.56	0.00	2001.12
61.90	4429.26	0.00	1890.31
62.00	4849.44	0.00	1770.85
62.10	5245.45	0.00	1643.37
62.20	5614.72	0.00	1508.51
62.30	5954.85	0.00	1366.98
62.40	6263.61	0.00	1219.50
62.50	6538.98	0.00	1066.81
62.60	6779.13	0.00	909.68
62.70	6982.47	0.00	748.88
62.80	7147.68	0.00	585.20
62.90	7273.70	0.00	419.45
63.00	7359.72	0.00	252.41
63.10	7405.23	0.00	84.88
63.20	7410.06	0.00	-82.36
63.30	7382.71	0.00	-248.52
63.40	7329.79	0.00	-412.87
63.50	7251.42	0.00	-574.64
63.60	7147.76	0.00	-733.15
63.70	7019.00	0.00	-887.68
63.80	6865.33	0.00	-1037.59
63.90	6687.01	0.00	-1182.24
64.00	6484.31	0.00	-1321.05
64.10	6257.56	0.00	-1453.45
64.20	6007.14	0.00	-1578.93
64.30	5733.51	0.00	-1697.01
64.40	5437.20	0.00	-1807.25
64.50	5118.83	0.00	-1909.25
64.60	4779.10	0.00	-2002.66
64.70	4418.82	0.00	-2087.17
64.80	4038.92	0.00	-2162.50
64.90	3640.45	0.00	-2228.43
65.00	3224.57	0.00	-2284.76
65.10	2792.58	0.00	-2331.36
65.20	2345.92	0.00	-2368.10
65.30	1886.13	0.00	-2394.93
65.40	1414.92	0.00	-2411.81
65.50	934.13	0.00	-2418.75
65.60	445.69	0.00	-2415.78
65.70	-48.30	0.00	-2402.97
65.80	-545.67	0.00	-2380.43
65.90	-1044.11	0.00	-2348.28
66.00	-1541.26	0.00	-2306.70
66.10	-2034.64	0.00	-2255.87
66.20	-2521.73	0.00	-2196.00
66.30	-2999.98	0.00	-2127.34
66.40	-3466.77	0.00	-2050.15
66.50	-3919.52	0.00	-1964.72
66.60	-4355.62	0.00	-1871.34
66.70	-4772.51	0.00	-1770.36
66.80	-5167.69	0.00	-1662.12
66.90	-5538.73	0.00	-1546.99
67.00	-5883.28	0.00	-1425.36
67.10	-6199.14	0.00	-1297.64
67.20	-6484.21	0.00	-1164.25
67.30	-6736.58	0.00	-1025.64
67.40	-6954.50	0.00	-882.27
67.50	-7136.41	0.00	-734.61
67.60	-7280.96	0.00	-583.18
67.70	-7387.05	0.00	-428.47
67.80	-7453.78	0.00	-271.03
67.90	-7481.94	0.00	-111.40
68.00	-7482.55	0.00	49.84
68.10	-7457.81	0.00	212.13
68.20	-7407.48	0.00	374.86
68.30	-7331.31	0.00	537.42
68.40	-7229.08	0.00	699.19
68.50	-7100.56	0.00	859.53
68.60	-6945.54	0.00	1017.80
68.70	-6763.85	0.00	1173.35
68.80	-6555.36	0.00	1325.50
68.90	-6319.99	0.00	1473.61
69.00	-6057.76	0.00	1617.00
69.10	-5768.76	0.00	1755.01
69.20	-5453.17	0.00	1886.98
69.30	-5111.32	0.00	2012.26
69.40	-4743.66	0.00	2130.19
69.50	-4350.81	0.00	2240.16
69.60	-3933.54	0.00	2341.55
69.70	-3492.81	0.00	2433.77
69.80	-3029.77	0.00	2516.26
69.90	-2545.78	0.00	2588.49
70.00	-2042.42	0.00	2649.95
70.10	-1521.46	0.00	2700.19
70.20	-984.91	0.00	2738.78
70.30	-434.99	0.00	2765.34
70.40	125.86	0.00	2779.56
70.50	694.99	0.00	2781.16
70.60	1269.57	0.00	2769.93
70.70	1846.57	0.00	2745.70
70.80	2422.82	0.00	2708.38
70.90	2994.97	0.00	2657.94
71.00	3559.59	0.00	2594.43
71.10	4113.13	0.00	2517.93
71.20	4652.01	0.00	2428.64
71.30	5172.59	0.00	2326.80
71.40	5671.25	0.00	2212.71
71.50	6144.43	0.00	2086.78
71.60	6588.62	0.00	1949.46
71.70	7000.44	0.00	1801.27
71.80	7376.66	0.00	1642.81
71.90	7714.25	0.00	1474.74
72.00	8010.41	0.00	1297.79
72.10	8262.57	0.00	1112.73
72.20	8468.49	0.00	920.40
72.30	8626.22	0.00	721.69
72.40	8734.18	0.00	517.54
72.50	8799.11	0.00	308.93
72.60	8833.20	0.00	96.87
72.70	8836.16	0.00	-117.58
72.80	8807.58	0.00	-333.36
72.90	8747.00	0.00	-549.37
73.00	8654.03	0.00	-764.50
73.10	8528.25	0.00	-977.65
73.20	8369.32	0.00	-1187.69
73.30	8176.91	0.00	-1393.52
73.40	7950.79	0.00	-1594.04
73.50	7690.79	0.00	-1788.19
73.60	7396.85	0.00	-1974.91
73.70	7069.05	0.00	-2153.18
73.80	6707.58	0.00	-2322.04
73.90	6312.82	0.00	-2480.54
74.00	5885.36	0.00	-2627.80
74.10	5425.95	0.00	-2763.01
74.20	4935.61	0.00	-2885.38
74.30	4415.57	0.00	-2994.23
74.40	3867.35	0.00	-3088.92
74.50	3292.71	0.00	-3168.89
74.60	2693.70	0.00	-3233.67
74.70	2072.65	0.00	-3282.86
74.80	1432.17	0.00	-3316.13
74.90	775.12	0.00	-3333.26
75.00	104.67	0.00	-3334.10
75.10	-575.80	0.00	-3318.59
75.20	-1262.66	0.00	-3286.74
75.30	-1952.08	0.00	-3238.69
75.40	-2640.03	0.00	-3174.61
75.50	-3322.35	0.00	-3094.80
75.60	-3994.77	0.00	-2999.63
75.70	-4652.91	0.00	-2889.53
75.80	-5292.38	0.00	-2765.04
75.90	-5908.80	0.00	-2626.76
76.00	-6497.84	0.00	-2475.36
76.10	-7055.25	0.00	-2311.58
76.20	-7576.95	0.00	-2136.22
76.30	-8059.03	0.00	-1950.16
76.40	-8497.82	0.00	-1754.31
76.50	-8889.93	0.00	-1549.63
76.60	-9232.27	0.00	-1337.15
76.70	-9522.13	0.00	-1117.91
76.80	-9757.14	0.00	-893.01
76.90	-9935.39	0.00	-663.55
77.00	-10055.38	0.00	-430.66
77.10	-10116.88	0.00	-195.50
77.20	-10138.42	0.00	40.77
77.30	-10127.91	0.00	277.00
77.40	-10085.19	0.00	512.01
77.50	-10010.13	0.00	744.66
77.60	-9902.52	0.00	973.81
77.70	-9762.17	0.00	1198.34
77.80	-9588.89	0.00	1417.16
77.90	-9382.48	0.00	1629.20
78.00	-9142.81	0.00	1833.43
78.10	-8869.77	0.00	2028.87
78.20	-8563.36	0.00	2214.59
78.30	-8223.64	0.00	2389.67
78.40	-7850.82	0.00	2553.30
78.50	-7445.26	0.00	2704.70
78.60	-7007.47	0.00	2843.13
78.70	-6538.17	0.00	2967.96
78.80	-6038.28	0.00	3078.60
78.90	-5508.96	0.00	3174.53
79.00	-4951.61	0.00	3255.32
79.10	-4367.90	0.00	3320.60
79.20	-3759.74	0.00	3370.08
79.30	-3129.34	0.00	3403.56
79.40	-2479.16	0.00	3420.90
79.50	-1811.95	0.00	3422.05
79.60	-1130.68	0.00	3407.05
79.70	-438.60	0.00	3375.99
79.80	260.84	0.00	3329.06
79.90	963.97	0.00	3266.53
80.00	1666.96	0.00	3188.75
80.10	2365.81	0.00	3096.13
80.20	3056.43	0.00	2989.15
80.30	3734.66	0.00	2868.39
80.40	4396.28	0.00	2734.47
80.50	5037.10	0.00	2588.09
80.60	5652.98	0.00	2429.99
80.70	6239.84	0.00	2261.01
80.80	6793.79	0.00	2082.01
80.90	7311.08	0.00	1893.90
81.00	7788.20	0.00	1697.66
81.10	8221.88	0.00	1494.28
81.20	8609.18	0.00	1284.81
81.30	8947.47	0.00	1070.33
81.40	9234.49	0.00	851.92
81.50	9468.37	0.00	630.70
81.60	9647.64	0.00	407.80
81.70	9771.26	0.00	184.36
81.80	9838.64	0.00	-38.50
81.90	9849.63	0.00	-259.63
82.00	9805.42	0.00	-477.92
82.10	9724.83	0.00	-692.27
82.20	9615.37	0.00	-901.60
82.30	9477.37	0.00	-1104.86
82.40	9311.17	0.00	-1301.04
82.50	9117.11	0.00	-1489.17
82.60	8895.55	0.00	-1668.34
82.70	8646.89	0.00	-1837.66
82.80	8371.55	0.00	-1996.34
82.90	8070.06	0.00	-2143.61
83.00	7742.99	0.00	-2278.82
83.10	7391.03	0.00	-2401.34
83.20	7014.98	0.00	-2510.64
83.30	6615.75	0.00	-2606.28
83.40	6194.40	0.00	-2687.88
83.50	5752.14	0.00	-2755.15
83.60	5290.34	0.00	-2807.89
83.70	4810.52	0.00	-2845.98
83.80	4314.37	0.00	-2869.40
83.90	3803.74	0.00	-2878.20
84.00	3280.64	0.00	-2872.52
84.10	2747.25	0.00	-2852.60
84.20	2205.87	0.00	-2818.74
84.30	1658.92	0.00	-2771.34
84.40	1108.97	0.00	-2710.86
84.50	558.66	0.00	-2637.85
84.60	10.69	0.00	-2552.91
84.70	-532.18	0.00	-2456.72
84.80	-1067.15	0.00	-2350.02
84.90	-1591.46	0.00	-2233.59
85.00	-2102.35	0.00	-2108.27
85.10	-2597.12	0.00	-1974.93
85.20	-3073.18	0.00	-1834.49
85.30	-3528.02	0.00	-1687.88
85.40	-3959.30	0.00	-1536.07
85.50	-4364.81	0.00	-1380.04
85.60	-4742.54	0.00	-1220.75
85.70	-5090.70	0.00	-1059.20
85.80	-5407.68	0.00	-896.35
85.90	-5692.15	0.00	-733.18
86.00	-5943.00	0.00	-570.61
86.10	-6159.38	0.00	-409.57
86.20	-6340.72	0.00	-250.93
86.30	-6486.70	0.00	-95.54
86.40	-6597.25	0.00	55.80
86.50	-6672.58	0.00	202.35
86.60	-6713.15	0.00	343.39
86.70	-6719.65	0.00	478.29
86.80	-6693.00	0.00	606.47
86.90	-6634.35	0.00	727.39
87.00	-6545.03	0.00	840.59
87.10	-6426.55	0.00	945.69
87.20	-6280.60	0.00	1042.35
87.30	-6114.57	0.00	1130.30
87.40	-5934.67	0.00	1209.35
87.50	-5741.97	0.00	1279.36
87.60	-5537.50	0.00	1340.27
87.70	-5322.33	0.00	1392.06
87.80	-5097.50	0.00	1434.78
87.90	-4864.04	0.00	1468.55
88.00	-4623.01	0.00	1493.52
88.10	-4375.44	0.00	1509.90
88.20	-4122.35	0.00	1517.96
88.30	-3864.78	0.00	1517.99
88.40	-3603.75	0.00	1510.34
88.50	-3340.25	0.00	1495.38
88.60	-3075.28	0.00	1473.52
88.70	-2809.83	0.00	1445.19
88.80	-2544.84	0.00	1410.85
88.90	-2281.27	0.00	1370.98
89.00	-2020.01	0.00	1326.05
89.10	-1761.95	0.00	1276.57
89.20	-1507.93	0.00	1223.05
89.30	-1258.76	0.00	1165.98
89.40	-1015.21	0.00	1105.88
89.50	-777.99	0.00	1043.25
89.60	-547.77	0.00	978.57
89.70	-325.17	0.00	912.34
89.80	-110.76	0.00	845.03
89.90	94.98	0.00	777.08
90.00	291.59	0.00	708.95
90.10	478.70	0.00	641.05
90.20	655.99	0.00	573.77
90.30	823.22	0.00	507.50
90.40	980.19	0.00	442.59
90.50	1126.80	0.00	379.36
90.60	1262.97	0.00	318.13
90.70	1388.72	0.00	259.17
90.80	1504.12	0.00	202.74
90.90	1609.28	0.00	149.06
91.00	1704.40	0.00	98.34
91.10	1789.69	0.00	50.74
91.20	1865.46	0.00	6.42
91.30	1932.03	0.00	-34.49
91.40	1989.77	0.00	-71.92
91.50	2039.08	0.00	-105.77
91.60	2080.42	0.00	-136.00
91.70	2114.26	0.00	-162.60
91.80	2141.08	0.00	-185.56
91.90	2161.41	0.00	-204.90
92.00	2175.76	0.00	-220.67
92.10	2184.68	0.00	-232.95
92.20	2188.71	0.00	-241.81
92.30	2188.38	0.00	-247.36
92.40	2184.23	0.00	-249.74
92.50	2176.80	0.00	-249.09
92.60	2166.58	0.00	-245.57
92.70	2154.07	0.00	-239.36
92.80	2139.74	0.00	-230.66
92.90	2124.03	0.00	-219.66
93.00	2107.37	0.00	-206.60
93.10	2090.13	0.00	-191.70
93.20	2072.66	0.00	-175.19
93.30	2055.27	0.00	-157.33
93.40	2038.24	0.00	-138.38
93.50	2021.78	0.00	-118.58
93.60	2006.09	0.00	-98.20
93.70	1991.31	0.00	-77.51
93.80	1977.54	0.00	-56.76
93.90	1964.83	0.00	-36.22
94.00	1953.25	0.00	-16.13
94.10	1943.52	0.00	3.25
94.20	1935.77	0.00	21.67
94.30	1929.88	0.00	38.92
94.40	1925.68	0.00	54.77
94.50	1922.97	0.00	69.01
94.60	1921.53	0.00	81.45
94.70	1921.08	0.00	91.92
94.80	1921.34	0.00	100.25
94.90	1921.98	0.00	106.31
95.00	1922.67	0.00	109.99
95.10	1923.04	0.00	111.18
95.20	1922.72	0.00	109.80
95.30	1921.32	0.00	105.81
95.40	1918.42	0.00	99.17
95.50	1913.64	0.00	89.88
95.60	1906.54	0.00	77.96
95.70	1896.73	0.00	63.44
95.80	1883.78	0.00	46.38
95.90	1867.31	0.00	26.88
96.00	1846.91	0.00	5.05
96.10	1822.22	0.00	-19.01
96.20	1792.86	0.00	-45.12
96.30	1758.50	0.00	-73.14
96.40	1718.83	0.00	-102.87
96.50	1673.56	0.00	-134.12
96.60	1622.41	0.00	-166.67
96.70	1565.18	0.00	-200.30
96.80	1501.66	0.00	-234.78
96.90	1431.70	0.00	-269.86
97.00	1355.18	0.00	-305.30
97.10	1272.03	0.00	-340.83
97.20	1182.22	0.00	-376.22
97.30	1085.75	0.00	-411.19
97.40	982.69	0.00	-445.49
97.50	873.14	0.00	-478.89
97.60	757.24	0.00	-511.12
97.70	635.21	0.00	-541.96
97.80	507.28	0.00	-571.17
97.90	373.74	0.00	-598.55
98.00	234.94	0.00	-623.88
98.10	91.25	0.00	-646.98
98.20	-56.89	0.00	-667.66
98.30	-209.02	0.00	-685.78
98.40	-364.63	0.00	-701.19
98.50	-523.16	0.00	-713.76
98.60	-684.05	0.00	-723.38
98.70	-846.67	0.00	-729.98
98.80	-1010.38	0.00	-733.47
98.90	-1174.52	0.00	-733.83
99.00	-1338.38	0.00	-731.00
99.10	-1501.27	0.00	-724.99
99.20	-1662.47	0.00	-715.80
99.30	-1821.24	0.00	-703.45
99.40	-1976.86	0.00	-688.00
99.50	-2128.58	0.00	-669.51
99.60	-2275.68	0.00	-648.05
99.70	-2417.44	0.00	-623.72
99.80	-2553.15	0.00	-596.63
99.90	-2682.14	0.00	-566.89
100.00	-2803.73	0.00	-534.65
100.10	-2917.30	0.00	-500.04
100.20	-3022.24	0.00	-463.23
100.30	-3117.99	0.00	-424.37
100.40	-3204.02	0.00	-383.64
100.50	-3279.86	0.00	-341.22
100.60	-3345.06	0.00	-297.28
100.70	-3399.24	0.00	-252.02
100.80	-3442.06	0.00	-205.61
100.90	-3473.25	0.00	-158.26
101.00	-3493.74	0.00	-110.15
101.10	-3505.49	0.00	-61.47
101.20	-3508.45	0.00	-12.41
101.30	-3502.55	0.00	36.85
101.40	-3487.72	0.00	86.14
101.50	-3463.90	0.00	135.27
101.60	-3431.09	0.00	184.07
101.70	-3389.25	0.00	232.39
101.80	-3338.40	0.00	280.06
101.90	-3278.55	0.00	326.93
102.00	-3209.76	0.00	372.86
102.10	-3132.06	0.00	417.72
102.20	-3045.54	0.00	461.37
102.30	-2950.29	0.00	503.69
102.40	-2846.43	0.00	544.56
102.50	-2734.09	0.00	583.89
102.60	-2613.43	0.00	621.57
102.70	-2484.63	0.00	657.51
102.80	-2347.90	0.00	691.62
102.90	-2203.45	0.00	723.83
103.00	-2051.54	0.00	754.04
103.10	-1892.47	0.00	782.21
103.20	-1726.53	0.00	808.26
103.30	-1554.06	0.00	832.13
103.40	-1375.43	0.00	853.76
103.50	-1191.04	0.00	873.10
103.60	-1001.31	0.00	890.10
103.70	-806.71	0.00	904.71
103.80	-607.74	0.00	916.89
103.90	-404.90	0.00	926.59
104.00	-198.76	0.00	933.76
104.10	10.09	0.00	938.36
104.20	221.05	0.00	940.37
104.30	433.45	0.00	939.73
104.40	646.63	0.00	936.40
104.50	859.88	0.00	930.37
104.60	1072.48	0.00	921.58
104.70	1283.67	0.00	910.02
104.80	1492.69	0.00	895.66
104.90	1698.73	0.00	878.46
105.00	1901.00	0.00	858.42
105.10	2098.69	0.00	835.52
105.20	2290.97	0.00	809.76
105.30	2477.00	0.00	781.12
105.40	2655.98	0.00	749.63
105.50	2827.07	0.00	715.30
105.60	2989.47	0.00	678.15
105.70	3142.39	0.00	638.22
105.80	3285.04	0.00	595.56
105.90	3416.70	0.00	550.23
106.00	3536.63	0.00	502.31
106.10	3644.17	0.00	451.89
106.20	3738.68	0.00	399.06
106.30	3819.58	0.00	343.96
106.40	3886.32	0.00	286.71
106.50	3938.45	0.00	227.47
106.60	3975.54	0.00	166.40
106.70	3997.25	0.00	103.70
106.80	4003.55	0.00	39.56
106.90	3997.39	0.00	-25.79
107.00	3979.60	0.00	-92.13
107.10	3950.03	0.00	-159.21
107.20	3908.58	0.00	-226.76
107.30	3855.16	0.00	-294.51
107.40	3789.71	0.00	-362.17
107.50	3712.19	0.00	-429.45
107.60	3622.62	0.00	-496.02
107.70	3521.03	0.00	-561.59
107.80	3407.53	0.00	-625.82
107.90	3282.22	0.00	-688.40
108.00	3145.29	0.00	-749.00
108.10	2996.98	0.00	-807.29
108.20	2837.55	0.00	-862.95
108.30	2667.36	0.00	-915.67
108.40	2486.79	0.00	-965.13
108.50	2296.31	0.00	-1011.04
108.60	2096.44	0.00	-1053.11
108.70	1887.77	0.00	-1091.06
108.80	1670.95	0.00	-1124.65
108.90	1446.68	0.00	-1153.62
109.00	1215.76	0.00	-1177.77
109.10	979.03	0.00	-1196.90
109.20	737.37	0.00	-1210.84
109.30	491.77	0.00	-1219.45
109.40	243.21	0.00	-1222.63
109.50	-7.23	0.00	-1220.27
109.60	-258.45	0.00	-1212.34
109.70	-509.30	0.00	-1198.80
109.80	-758.63	0.00	-1179.67
109.90	-1005.22	0.00	-1154.99
110.00	-1247.88	0.00	-1124.84
110.10	-1485.38	0.00	-1089.32
110.20	-1716.52	0.00	-1048.58
110.30	-1940.08	0.00	-1002.78
110.40	-2154.88	0.00	-952.14
110.50	-2359.79	0.00	-896.88
110.60	-2553.68	0.00	-837.27
110.70	-2735.49	0.00	-773.60
110.80	-2904.23	0.00	-706.19
110.90	-3058.96	0.00	-635.38
111.00	-3198.83	0.00	-561.54
111.10	-3323.07	0.00	-485.03
111.20	-3430.99	0.00	-406.27
111.30	-3522.03	0.00	-325.67
111.40	-3595.68	0.00	-243.65
111.50	-3651.60	0.00	-160.65
111.60	-3689.53	0.00	-77.11
111.70	-3709.31	0.00	6.52
111.80	-3710.92	0.00	89.79
111.90	-3694.45	0.00	172.27
112.00	-3660.09	0.00	253.52
112.10	-3608.84	0.00	333.10
112.20	-3543.67	0.00	410.60
112.30	-3465.19	0.00	485.60
112.40	-3373.76	0.00	557.73
112.50	-3269.80	0.00	626.61
112.60	-3153.77	0.00	691.88
112.70	-3026.17	0.00	753.23
112.80	-2887.55	0.00	810.35
112.90	-2738.52	0.00	862.97
113.00	-2579.72	0.00	910.85
113.10	-2411.84	0.00	953.75
113.20	-2235.61	0.00	991.51
113.30	-2051.80	0.00	1023.97
113.40	-1861.23	0.00	1051.00
113.50	-1664.75	0.00	1072.52
113.60	-1463.23	0.00	1088.47
113.70	-1257.58	0.00	1098.83
113.80	-1048.75	0.00	1103.61
113.90	-837.70	0.00	1102.86
114.00	-625.39	0.00	1096.64
114.10	-412.83	0.00	1085.06
114.20	-201.00	0.00	1068.26
114.30	9.09	0.00	1046.38
114.40	216.45	0.00	1019.63
114.50	420.10	0.00	988.21
114.60	619.06	0.00	952.35
114.70	812.40	0.00	912.32
114.80	999.20	0.00	868.37
114.90	1178.58	0.00	820.80
115.00	1349.69	0.00	769.92
115.10	1511.75	0.00	716.04
115.20	1664.02	0.00	659.48
115.30	1805.80	0.00	600.59
115.40	1936.48	0.00	539.69
115.50	2055.50	0.00	477.13
115.60	2162.37	0.00	413.25
115.70	2256.67	0.00	348.40
115.80	2338.07	0.00	282.92
115.90	2406.31	0.00	217.13
116.00	2461.18	0.00	151.38
116.10	2502.58	0.00	85.97
116.20	2530.49	0.00	21.23
116.30	2544.95	0.00	-42.56
116.40	2546.07	0.00	-105.09
116.50	2534.06	0.00	-166.11
116.60	2509.18	0.00	-225.34
116.70	2471.76	0.00	-282.54
116.80	2422.23	0.00	-337.49
116.90	2362.04	0.00	-389.97
117.00	2292.16	0.00	-439.78
117.10	2213.00	0.00	-486.75
117.20	2125.03	0.00	-530.72
117.30	2028.71	0.00	-571.54
117.40	1924.54	0.00	-609.08
117.50	1813.04	0.00	-643.23
117.60	1694.77	0.00	-673.91
117.70	1570.29	0.00	-701.05
117.80	1440.18	0.00	-724.57
117.90	1305.06	0.00	-744.44
118.00	1165.54	0.00	-760.63
118.10	1022.26	0.00	-773.14
118.20	875.88	0.00	-781.96
118.30	727.06	0.00	-787.12
118.40	576.46	0.00	-788.65
118.50	424.78	0.00	-786.59
118.60	272.70	0.00	-781.01
118.70	120.90	0.00	-771.96
118.80	-29.93	0.00	-759.55
118.90	-179.10	0.00	-743.86
119.00	-325.93	0.00	-724.99
119.10	-469.75	0.00	-703.07
119.20	-609.90	0.00	-678.21
119.30	-745.75	0.00	-650.56
119.40	-876.65	0.00	-620.26
119.50	-1002.02	0.00	-587.45
119.60	-1121.26	0.00	-552.30
119.70	-1233.84	0.00	-514.97
119.80	-1339.23	0.00	-475.64
119.90	-1436.94	0.00	-434.50
120.00	-1526.54	0.00	-391.72
120.10	-1607.60	0.00	-347.50
120.20	-1679.78	0.00	-302.04
120.30	-1742.74	0.00	-255.53
120.40	-1796.21	0.00	-208.19
120.50	-1839.97	0.00	-160.22
120.60	-1873.85	0.00	-111.83
120.70	-1897.73	0.00	-63.23
120.80	-1911.52	0.00	-14.64
120.90	-1915.23	0.00	33.73
121.00	-1909.23	0.00	81.66
121.10	-1894.24	0.00	128.94
121.20	-1870.37	0.00	175.38
121.30	-1837.78	0.00	220.75
121.40	-1796.65	0.00	264.85
121.50	-1747.16	0.00	307.50
121.60	-1689.57	0.00	348.49
121.70	-1624.15	0.00	387.65
121.80	-1551.19	0.00	424.80
121.90	-1471.03	0.00	459.77
122.00	-1384.04	0.00	492.40
122.10	-1290.59	0.00	522.55
122.20	-1191.12	0.00	550.09
122.30	-1086.06	0.00	574.88
122.40	-975.89	0.00	596.83
122.50	-861.11	0.00	615.84
122.60	-742.25	0.00	631.82
122.70	-619.83	0.00	644.72
122.80	-494.43	0.00	654.49
122.90	-366.62	0.00	661.08
123.00	-236.99	0.00	664.49
123.10	-106.16	0.00	664.73
123.20	25.28	0.00	661.79
123.30	156.69	0.00	655.73
123.40	287.45	0.00	646.59
123.50	416.95	0.00	634.44
123.60	544.57	0.00	619.36
123.70	669.69	0.00	601.46
123.80	791.72	0.00	580.85
123.90	910.07	0.00	557.66
124.00	1024.18	0.00	532.03
124.10	1133.51	0.00	504.12
124.20	1237.53	0.00	474.10
124.30	1335.77	0.00	442.13
124.40	1427.76	0.00	408.41
124.50	1513.07	0.00	373.14
124.60	1591.34	0.00	336.51
124.70	1662.20	0.00	298.72
124.80	1725.36	0.00	260.00
124.90	1780.55	0.00	220.54
125.00	1827.57	0.00	180.56
125.10	1866.24	0.00	140.28
125.20	1896.44	0.00	99.90
125.30	1918.09	0.00	59.62
125.40	1931.20	0.00	19.65
125.50	1936.45	0.00	-19.82
125.60	1934.24	0.00	-58.61
125.70	1924.65	0.00	-96.53
125.80	1907.80	0.00	-133.43
125.90	1883.84	0.00	-169.13
126.00	1852.95	0.00	-203.51
126.10	1815.30	0.00	-236.42
126.20	1771.12	0.00	-267.76
126.30	1720.62	0.00	-297.40
126.40	1664.07	0.00	-325.27
126.50	1601.73	0.00	-351.29
126.60	1533.87	0.00	-375.39
126.70	1460.80	0.00	-397.53
126.80	1382.80	0.00	-417.67
126.90	1300.21	0.00	-435.79
127.00	1213.34	0.00	-451.88
127.10	1122.53	0.00	-465.96
127.20	1028.11	0.00	-478.04
127.30	930.44	0.00	-488.15
127.40	829.84	0.00	-496.33
127.50	726.69	0.00	-502.62
127.60	621.32	0.00	-507.10
127.70	514.09	0.00	-509.81
127.80	405.35	0.00	-510.85
127.90	295.44	0.00	-510.27
128.00	184.71	0.00	-508.17
128.10	73.50	0.00	-504.63
128.20	-37.85	0.00	-499.73
128.30	-149.01	0.00	-493.56
128.40	-259.66	0.00	-486.20
128.50	-369.48	0.00	-477.75
128.60	-478.15	0.00	-468.28
128.70	-585.37	0.00	-457.87
128.80	-690.84	0.00	-446.60
128.90	-794.28	0.00	-434.52
129.00	-895.39	0.00	-421.72
129.10	-993.91	0.00	-408.24
129.20	-1089.56	0.00	-394.13
129.30	-1182.09	0.00	-379.45
129.40	-1271.25	0.00	-364.21
129.50	-1356.78	0.00	-348.46
129.60	-1438.45	0.00	-332.21
129.70	-1516.03	0.00	-315.48
129.80	-1589.30	0.00	-298.28
129.90	-1658.04	0.00	-280.60
130.00	-1722.04	0.00	-262.45
130.10	-1781.11	0.00	-243.81
130.20	-1835.03	0.00	-224.66
130.30	-1883.64	0.00	-204.99
130.40	-1926.74	0.00	-184.78
130.50	-1964.16	0.00	-164.00
130.60	-1995.75	0.00	-142.63
130.70	-2021.35	0.00	-120.64
130.80	-2040.82	0.00	-98.01
130.90	-2054.40	0.00	-74.71
131.00	-2062.73	0.00	-50.74
131.10	-2065.73	0.00	-26.06
131.20	-2063.29	0.00	-0.69
131.30	-2055.31	0.00	25.39
131.40	-2041.69	0.00	52.17
131.50	-2022.34	0.00	79.64
131.60	-1997.17	0.00	107.76
131.70	-1966.08	0.00	136.51
131.80	-1929.01	0.00	165.84
131.90	-1885.89	0.00	195.69
132.00	-1836.65	0.00	226.00
132.10	-1781.26	0.00	256.67
132.20	-1719.69	0.00	287.61
132.30	-1651.92	0.00	318.72
132.40	-1577.98	0.00	349.87
132.50	-1497.89	0.00	380.93
132.60	-1411.72	0.00	411.76
132.70	-1319.55	0.00	442.18
132.80	-1221.50	0.00	472.05
132.90	-1117.73	0.00	501.16
133.00	-1008.41	0.00	529.35
133.10	-893.77	0.00	556.40
133.20	-774.07	0.00	582.13
133.30	-649.61	0.00	606.31
133.40	-520.71	0.00	628.75
133.50	-387.77	0.00	649.23
133.60	-251.21	0.00	667.54
133.70	-111.48	0.00	683.47
133.80	30.91	0.00	696.83
133.90	175.42	0.00	707.40
134.00	321.46	0.00	715.02
134.10	468.42	0.00	719.49
134.20	615.63	0.00	720.67
134.30	762.43	0.00	718.41
134.40	908.09	0.00	712.58
134.50	1051.88	0.00	703.06
134.60	1193.05	0.00	689.79
134.70	1330.82	0.00	672.69
134.80	1464.41	0.00	651.73
134.90	1593.05	0.00	626.91
135.00	1715.96	0.00	598.23
135.10	1832.37	0.00	565.76
135.20	1941.52	0.00	529.56
135.30	2042.69	0.00	489.75
135.40	2135.19	0.00	446.47
135.50	2218.34	0.00	399.90
135.60	2291.54	0.00	350.22
135.70	2354.22	0.00	297.67
135.80	2405.86	0.00	242.52
135.90	2446.03	0.00	185.05
136.00	2474.34	0.00	125.58
136.10	2490.50	0.00	64.43
136.20	2494.27	0.00	1.98
136.30	2485.55	0.00	-61.39
136.40	2465.41	0.00	-125.30
136.50	2434.34	0.00	-189.33
136.60	2392.37	0.00	-253.06
136.70	2339.61	0.00	-316.05
136.80	2276.21	0.00	-377.88
136.90	2202.37	0.00	-438.11
137.00	2118.39	0.00	-496.31
137.10	2024.61	0.00	-552.06
137.20	1921.42	0.00	-604.94
137.30	1809.31	0.00	-654.55
137.40	1688.79	0.00	-700.50
137.50	1560.48	0.00	-742.45
137.60	1425.00	0.00	-780.04
137.70	1283.09	0.00	-812.98
137.80	1135.49	0.00	-840.98
137.90	983.03	0.00	-863.79
138.00	826.57	0.00	-881.22
138.10	667.01	0.00	-893.09
138.20	505.29	0.00	-899.27
138.30	342.38	0.00	-899.67
138.40	179.28	0.00	-894.24
138.50	16.99	0.00	-882.99
138.60	-143.46	0.00	-865.96
138.70	-301.06	0.00	-843.24
138.80	-454.79	0.00	-814.95
138.90	-603.65	0.00	-781.27
139.00	-746.66	0.00	-742.43
139.10	-882.89	0.00	-698.66
139.20	-1011.44	0.00	-650.28
139.30	-1131.45	0.00	-597.62
139.40	-1242.14	0.00	-541.03
139.50	-1342.77	0.00	-480.93
139.60	-1432.69	0.00	-417.74
139.70	-1511.32	0.00	-351.91
139.80	-1578.17	0.00	-283.90
139.90	-1632.84	0.00	-214.23
140.00	-1675.03	0.00	-143.38
140.10	-1704.51	0.00	-71.87
140.20	-1721.19	0.00	-0.23
140.30	-1725.04	0.00	71.03
140.40	-1716.17	0.00	141.39
140.50	-1694.75	0.00	210.33
140.60	-1661.07	0.00	277.36
140.70	-1615.53	0.00	341.98
140.80	-1558.59	0.00	403.73
140.90	-1490.82	0.00	462.16
141.00	-1412.86	0.00	516.85
141.10	-1325.42	0.00	567.42
141.20	-1229.54	0.00	613.50
141.30	-1126.20	0.00	654.76
141.40	-1016.20	0.00	690.93
141.50	-900.38	0.00	721.74
141.60	-779.63	0.00	747.00
141.70	-654.87	0.00	766.54
141.80	-527.07	0.00	780.23
141.90	-397.20	0.00	788.01
142.00	-266.24	0.00	789.83
142.10	-135.22	0.00	785.72
142.20	-5.14	0.00	775.72
142.30	123.01	0.00	759.94
142.40	248.21	0.00	738.52
142.50	369.50	0.00	711.65
142.60	485.93	0.00	679.54
142.70	596.59	0.00	642.48
142.80	700.61	0.00	600.74
142.90	797.16	0.00	554.66
143.00	885.49	0.00	504.61
143.10	964.89	0.00	450.98
143.20	1034.72	0.00	394.16
143.30	1094.43	0.00	334.61
143.40	1143.53	0.00	272.76
143.50	1181.87	0.00	209.08
143.60	1209.28	0.00	144.05
143.70	1225.56	0.00	78.14
143.80	1230.58	0.00	11.84
143.90	1224.28	0.00	-54.37
144.00	1206.68	0.00	-120.03
144.10	1177.88	0.00	-184.66
144.20	1138.05	0.00	-247.80
144.30	1087.42	0.00	-309.03
144.40	1026.30	0.00	-367.93
144.50	955.06	0.00	-424.09
144.60	874.16	0.00	-477.15
144.70	784.10	0.00	-526.77
144.80	685.43	0.00	-572.63
144.90	578.78	0.00	-614.46
145.00	464.83	0.00	-652.00
145.10	344.29	0.00	-685.04
145.20	217.93	0.00	-713.42
145.30	86.55	0.00	-736.99
145.40	-49.01	0.00	-755.66
145.50	-187.88	0.00	-769.36
145.60	-329.17	0.00	-778.08
145.70	-471.97	0.00	-781.82
145.80	-615.38	0.00	-780.64
145.90	-758.47	0.00	-774.63
146.00	-900.31	0.00	-763.89
146.10	-1040.00	0.00	-748.59
146.20	-1176.65	0.00	-728.90
146.30	-1309.36	0.00	-705.03
146.40	-1437.31	0.00	-677.21
146.50	-1559.66	0.00	-645.70
146.60	-1675.64	0.00	-610.77
146.70	-1784.52	0.00	-572.70
146.80	-1885.61	0.00	-531.81
146.90	-1978.27	0.00	-488.40
147.00	-2062.09	0.00	-442.79
147.10	-2137.46	0.00	-395.29
147.20	-2204.15	0.00	-346.24
147.30	-2261.88	0.00	-295.94
147.40	-2310.42	0.00	-244.71
147.50	-2349.56	0.00	-192.85
147.60	-2379.15	0.00	-140.65
147.70	-2399.07	0.00	-88.38
147.80	-2409.23	0.00	-36.31
147.90	-2409.61	0.00	15.32
148.00	-2400.19	0.00	66.29
148.10	-2380.98	0.00	116.40
148.20	-2352.05	0.00	165.46
148.30	-2313.45	0.00	213.32
148.40	-2265.30	0.00	259.85
148.50	-2207.72	0.00	304.92
148.60	-2140.84	0.00	348.45
148.70	-2064.84	0.00	390.37
148.80	-1979.87	0.00	430.64
148.90	-1886.15	0.00	469.21
149.00	-1783.87	0.00	506.07
149.10	-1673.26	0.00	541.24
149.20	-1554.55	0.00	574.71
149.30	-1427.99	0.00	606.52
149.40	-1293.83	0.00	636.71
149.50	-1152.36	0.00	665.30
149.60	-1003.85	0.00	692.35
149.70	-848.61	0.00	717.89
149.80	-686.95	0.00	741.96
149.90	-519.21	0.00	764.61
150.00	-345.74	0.00	785.86
150.10	-166.91	0.00	805.73
150.20	16.88	0.00	824.22
150.30	205.23	0.00	841.33
150.40	397.67	0.00	857.04
150.50	593.73	0.00	871.30
150.60	792.92	0.00	884.06
150.70	994.69	0.00	895.24
150.80	1198.46	0.00	904.74
150.90	1403.62	0.00	912.46
151.00	1609.52	0.00	918.25
151.10	1815.47	0.00	921.97
151.20	2020.73	0.00	923.46
151.30	2224.54	0.00	922.52
151.40	2426.06	0.00	918.97
151.50	2624.45	0.00	912.60
151.60	2818.81	0.00	903.20
151.70	3008.21	0.00	890.55
151.80	3191.68	0.00	874.44
151.90	3368.22	0.00	854.65
152.00	3536.81	0.00	830.98
152.10	3696.41	0.00	803.22
152.20	3845.96	0.00	771.19
152.30	3984.40	0.00	734.72
152.40	4110.66	0.00	693.68
152.50	4223.69	0.00	647.94
152.60	4325.03	0.00	597.41
152.70	4416.32	0.00	542.05
152.80	4496.86	0.00	481.82
152.90	4565.98	0.00	416.76
153.00	4622.96	0.00	346.93
153.10	4667.09	0.00	272.44
153.20	4697.68	0.00	193.44
153.30	4714.00	0.00	110.13
153.40	4715.37	0.00	22.77
153.50	4701.10	0.00	-68.34
153.60	4670.51	0.00	-162.86
153.70	4622.98	0.00	-260.38
153.80	4557.91	0.00	-360.47
153.90	4474.74	0.00	-462.63
154.00	4372.97	0.00	-566.35
154.10	4252.16	0.00	-671.04
154.20	4111.95	0.00	-776.11
154.30	3952.05	0.00	-880.93
154.40	3772.28	0.00	-984.84
154.50	3572.53	0.00	-1087.15
154.60	3352.85	0.00	-1187.18
154.70	3113.37	0.00	-1284.22
154.80	2854.38	0.00	-1377.56
154.90	2576.29	0.00	-1466.50
155.00	2279.67	0.00	-1550.35
155.10	1965.24	0.00	-1628.42
155.20	1633.88	0.00	-1700.05
155.30	1286.62	0.00	-1764.63
155.40	924.68	0.00	-1821.55
155.50	549.41	0.00	-1870.26
155.60	162.36	0.00	-1910.25
155.70	-234.78	0.00	-1941.07
155.80	-640.19	0.00	-1962.32
155.90	-1051.86	0.00	-1973.66
156.00	-1467.69	0.00	-1974.82
156.10	-1885.42	0.00	-1965.59
156.20	-2302.72	0.00	-1945.85
156.30	-2717.16	0.00	-1915.54
156.40	-3126.22	0.00	-1874.66
156.50	-3527.36	0.00	-1823.32
156.60	-3918.01	0.00	-1761.67
156.70	-4295.58	0.00	-1689.96
156.80	-4657.52	0.00	-1608.50
156.90	-5001.32	0.00	-1517.69
157.00	-5324.55	0.00	-1417.98
157.10	-5624.87	0.00	-1309.88
157.20	-5900.06	0.00	-1193.98
157.30	-6148.07	0.00	-1070.93
157.40	-6366.99	0.00	-941.42
157.50	-6555.12	0.00	-806.17
157.60	-6710.98	0.00	-665.98
157.70	-6833.29	0.00	-521.66
157.80	-6921.03	0.00	-374.05
157.90	-6973.82	0.00	-224.02
158.00	-7000.27	0.00	-72.44
158.10	-7003.99	0.00	79.80
158.20	-6984.88	0.00	231.81
158.30	-6942.89	0.00	382.71
158.40	-6877.99	0.00	531.63
158.50	-6790.23	0.00	677.72
158.60	-6679.71	0.00	820.17
158.70	-6546.56	0.00	958.17
158.80	-6391.01	0.00	1090.97
158.90	-6213.32	0.00	1217.86
159.00	-6013.84	0.00	1338.17
159.10	-5793.00	0.00	1451.30
159.20	-5551.31	0.00	1556.67
159.30	-5289.35	0.00	1653.78
159.40	-5007.80	0.00	1742.20
159.50	-4707.46	0.00	1821.55
159.60	-4389.20	0.00	1891.51
159.70	-4054.00	0.00	1951.83
159.80	-3702.94	0.00	2002.32
159.90	-3337.23	0.00	2042.87
160.00	-2958.14	0.00	2073.41
160.10	-2567.07	0.00	2093.96
160.20	-2165.52	0.00	2104.57
160.30	-1755.05	0.00	2105.38
160.40	-1337.34	0.00	2096.56
160.50	-914.12	0.00	2078.34
160.60	-487.21	0.00	2051.01
160.70	-58.46	0.00	2014.89
160.80	370.21	0.00	1970.34
160.90	796.86	0.00	1917.79
161.00	1219.54	0.00	1857.65
161.10	1636.27	0.00	1790.40
161.20	2045.11	0.00	1716.54
161.30	2444.12	0.00	1636.57
161.40	2831.42	0.00	1551.01
161.50	3205.15	0.00	1460.42
161.60	3563.56	0.00	1365.33
161.70	3904.96	0.00	1266.31
161.80	4227.74	0.00	1163.88
161.90	4530.42	0.00	1058.62
162.00	4811.62	0.00	951.04
162.10	5070.10	0.00	841.70
162.20	5304.74	0.00	731.10
162.30	5514.59	0.00	619.74
162.40	5698.81	0.00	508.13
162.50	5856.74	0.00	396.72
162.60	5987.88	0.00	285.97
162.70	6091.87	0.00	176.30
162.80	6168.52	0.00	68.11
162.90	6217.79	0.00	-38.20
163.00	6239.81	0.00	-142.29
163.10	6234.84	0.00	-243.81
163.20	6203.30	0.00	-342.45
163.30	6146.41	0.00	-437.93
163.40	6072.31	0.00	-529.97
163.50	5983.55	0.00	-618.34
163.60	5880.52	0.00	-702.82
163.70	5763.62	0.00	-783.20
163.80	5633.23	0.00	-859.30
163.90	5489.75	0.00	-930.97
164.00	5333.58	0.00	-998.07
164.10	5165.11	0.00	-1060.47
164.20	4984.77	0.00	-1118.07
164.30	4792.99	0.00	-1170.77
164.40	4590.21	0.00	-1218.52
164.50	4376.92	0.00	-1261.25
164.60	4153.62	0.00	-1298.92
164.70	3920.83	0.00	-1331.50
164.80	3679.12	0.00	-1358.98
164.90	3429.08	0.00	-1381.36
165.00	3171.36	0.00	-1398.65
165.10	2906.62	0.00	-1410.88
165.20	2635.58	0.00	-1418.08
165.30	2358.99	0.00	-1420.31
165.40	2077.64	0.00	-1417.64
165.50	1792.37	0.00	-1410.14
165.60	1504.04	0.00	-1397.90
165.70	1213.55	0.00	-1381.03
165.80	921.83	0.00	-1359.65
165.90	629.85	0.00	-1333.88
166.00	338.59	0.00	-1303.87
166.10	49.04	0.00	-1269.78
166.20	-237.77	0.00	-1231.78
166.30	-520.83	0.00	-1190.06
166.40	-799.12	0.00	-1144.80
166.50	-1071.62	0.00	-1096.22
166.60	-1337.34	0.00	-1044.54
166.70	-1595.29	0.00	-990.00
166.80	-1844.52	0.00	-932.84
166.90	-2084.10	0.00	-873.30
167.00	-2313.16	0.00	-811.67
167.10	-2530.87	0.00	-748.21
167.20	-2736.44	0.00	-683.19
167.30	-2929.17	0.00	-616.91
167.40	-3108.39	0.00	-549.66
167.50	-3273.53	0.00	-481.72
167.60	-3424.07	0.00	-413.39
167.70	-3559.59	0.00	-344.98
167.80	-3679.74	0.00	-276.76
167.90	-3784.25	0.00	-209.03
168.00	-3872.95	0.00	-142.08
168.10	-3945.75	0.00	-76.18
168.20	-4002.62	0.00	-11.61
168.30	-4043.66	0.00	51.38
168.40	-4069.02	0.00	112.55
168.50	-4078.95	0.00	171.65
168.60	-4073.76	0.00	228.46
168.70	-4053.85	0.00	282.80
168.80	-4019.69	0.00	334.46
168.90	-3971.79	0.00	383.29
169.00	-3910.76	0.00	429.13
169.10	-3837.24	0.00	471.87
169.20	-3754.20	0.00	511.39
169.30	-3663.83	0.00	547.61
169.40	-3566.60	0.00	580.48
169.50	-3462.97	0.00	609.94
169.60	-3353.42	0.00	635.99
169.70	-3238.43	0.00	658.63
169.80	-3118.46	0.00	677.87
169.90	-2994.00	0.00	693.77
170.00	-2865.51	0.00	706.39
170.10	-2733.45	0.00	715.81
170.20	-2598.28	0.00	722.14
170.30	-2460.47	0.00	725.47
170.40	-2320.43	0.00	725.96
170.50	-2178.63	0.00	723.73
170.60	-2035.47	0.00	718.95
170.70	-1891.36	0.00	711.78
170.80	-1746.72	0.00	702.38
170.90	-1601.92	0.00	690.93
171.00	-1457.33	0.00	677.62
171.10	-1313.30	0.00	662.63
171.20	-1170.17	0.00	646.15
171.30	-1028.27	0.00	628.35
171.40	-887.89	0.00	609.42
171.50	-749.32	0.00	589.53
171.60	-612.82	0.00	568.85
171.70	-478.64	0.00	547.54
171.80	-347.01	0.00	525.77
171.90	-218.13	0.00	503.67
172.00	-92.21	0.00	481.38
172.10	30.59	0.00	459.02
172.20	150.11	0.00	436.70
172.30	266.20	0.00	414.53
172.40	378.74	0.00	392.59
172.50	487.62	0.00	370.95
172.60	592.73	0.00	349.68
172.70	693.98	0.00	328.82
172.80	791.31	0.00	308.42
172.90	884.64	0.00	288.51
173.00	973.92	0.00	269.08
173.10	1059.11	0.00	250.16
173.20	1140.14	0.00	231.74
173.30	1217.01	0.00	213.80
173.40	1289.66	0.00	196.33
173.50	1358.09	0.00	179.31
173.60	1422.26	0.00	162.69
173.70	1482.17	0.00	146.45
173.80	1537.80	0.00	130.56
173.90	1589.13	0.00	114.97
174.00	1636.18	0.00	99.64
174.10	1678.92	0.00	84.54
174.20	1717.36	0.00	69.64
174.30	1751.50	0.00	54.89
174.40	1781.36	0.00	40.27
174.50	1806.94	0.00	25.76
174.60	1828.26	0.00	11.34
174.70	1845.34	0.00	-3.01
174.80	1858.21	0.00	-17.30
174.90	1866.91	0.00	-31.51
175.00	1871.48	0.00	-45.65
175.10	1871.98	0.00	-59.71
175.20	1868.45	0.00	-73.65
175.30	1860.98	0.00	-87.45
175.40	1849.64	0.00	-101.07
175.50	1834.53	0.00	-114.48
175.60	1815.75	0.00	-127.61
175.70	1793.42	0.00	-140.42
175.80	1767.65	0.00	-152.84
175.90	1738.60	0.00	-164.82
176.00	1706.68	0.00	-176.27
176.10	1672.56	0.00	-187.13
176.20	1636.37	0.00	-197.33
176.30	1598.25	0.00	-206.79
176.40	1558.35	0.00	-215.45
176.50	1516.81	0.00	-223.21
176.60	1473.80	0.00	-230.03
176.70	1429.48	0.00	-235.82
176.80	1384.02	0.00	-240.54
176.90	1337.61	0.00	-244.11
177.00	1290.44	0.00	-246.50
177.10	1242.68	0.00	-247.65
177.20	1194.54	0.00	-247.54
177.30	1146.21	0.00	-246.13
177.40	1097.89	0.00	-243.42
177.50	1049.77	0.00	-239.40
177.60	1002.05	0.00	-234.08
177.70	954.93	0.00	-227.47
177.80	908.58	0.00	-219.61
177.90	863.18	0.00	-210.53
178.00	818.90	0.00	-200.30
178.10	775.90	0.00	-188.99
178.20	734.33	0.00	-176.66
178.30	694.31	0.00	-163.43
178.40	655.95	0.00	-149.39
178.50	619.36	0.00	-134.66
178.60	584.61	0.00	-119.37
178.70	551.75	0.00	-103.66
178.80	520.82	0.00	-87.67
178.90	491.82	0.00	-71.57
179.00	464.74	0.00	-55.51
179.10	439.54	0.00	-39.66
179.20	416.14	0.00	-24.21
179.30	394.45	0.00	-9.33
179.40	374.35	0.00	4.81
179.50	355.69	0.00	18.01
179.60	338.29	0.00	30.10
179.70	321.95	0.00	40.91
179.80	306.44	0.00	50.25
179.90	291.51	0.00	57.97
180.00	276.87	0.00	63.90
180.10	262.24	0.00	67.90
180.20	247.30	0.00	69.83
180.30	231.72	0.00	69.57
180.40	215.13	0.00	67.01
180.50	197.19	0.00	62.06
180.60	177.53	0.00	54.64
180.70	155.77	0.00	44.71
180.80	131.52	0.00	32.22
180.90	104.43	0.00	17.18
181.00	74.11	0.00	-0.41
181.10	40.20	0.00	-20.50
181.20	2.35	0.00	-43.04
181.30	-39.75	0.00	-67.93
181.40	-86.44	0.00	-95.06
181.50	-137.98	0.00	-124.29
181.60	-194.64	0.00	-155.45
181.70	-256.62	0.00	-188.36
181.80	-324.11	0.00	-222.79
181.90	-397.23	0.00	-258.50
182.00	-476.08	0.00	-295.23
182.10	-560.70	0.00	-332.69
182.20	-651.05	0.00	-370.58
182.30	-747.06	0.00	-408.58
182.40	-848.59	0.00	-446.34
182.50	-955.44	0.00	-483.52
182.60	-1067.33	0.00	-519.74
182.70	-1183.92	0.00	-554.64
182.80	-1304.81	0.00	-587.84
182.90	-1429.51	0.00	-618.95
183.00	-1557.47	0.00	-647.60
183.10	-1688.09	0.00	-673.42
183.20	-1820.66	0.00	-696.02
183.30	-1954.44	0.00	-715.06
183.40	-2088.61	0.00	-730.19
183.50	-2222.32	0.00	-741.08
183.60	-2354.62	0.00	-747.43
183.70	-2484.54	0.00	-748.96
183.80	-2611.08	0.00	-745.41
183.90	-2733.18	0.00	-736.57
184.00	-2849.77	0.00	-722.24
184.10	-2960.23	0.00	-702.27
184.20	-3065.29	0.00	-676.55
184.30	-3164.22	0.00	-645.01
184.40	-3256.18	0.00	-607.60
184.50	-3340.29	0.00	-564.36
184.60	-3415.71	0.00	-515.34
184.70	-3481.56	0.00	-460.65
184.80	-3537.02	0.00	-400.44
184.90	-3581.24	0.00	-334.91
185.00	-3613.43	0.00	-264.32
185.10	-3632.81	0.00	-188.95
185.20	-3638.62	0.00	-109.16
185.30	-3630.17	0.00	-25.31
185.40	-3606.78	0.00	62.15
185.50	-3567.84	0.00	152.76
185.60	-3512.80	0.00	246.02
185.70	-3441.15	0.00	341.39
185.80	-3352.47	0.00	438.30
185.90	-3246.42	0.00	536.16
186.00	-3122.74	0.00	634.34
186.10	-2981.25	0.00	732.21
186.20	-2821.87	0.00	829.12
186.30	-2644.65	0.00	924.40
186.40	-2449.73	0.00	1017.39
186.50	-2237.36	0.00	1107.42
186.60	-2007.94	0.00	1193.83
186.70	-1761.97	0.00	1275.97
186.80	-1500.12	0.00	1353.21
186.90	-1223.15	0.00	1424.93
187.00	-932.00	0.00	1490.54
187.10	-627.71	0.00	1549.48
187.20	-311.51	0.00	1601.23
187.30	15.29	0.00	1645.30
187.40	351.21	0.00	1681.26
187.50	694.64	0.00	1708.71
187.60	1043.87	0.00	1727.31
187.70	1397.06	0.00	1736.77
187.80	1752.27	0.00	1736.86
187.90	2107.47	0.00	1727.41
188.00	2460.56	0.00	1708.31
188.10	2809.37	0.00	1679.51
188.20	3151.67	0.00	1641.03
188.30	3485.23	0.00	1592.94
188.40	3807.80	0.00	1535.40
188.50	4117.13	0.00	1468.62
188.60	4411.01	0.00	1392.86
188.70	4687.30	0.00	1308.46
188.80	4943.91	0.00	1215.81
188.90	5178.85	0.00	1115.37
189.00	5390.26	0.00	1007.65
189.10	5576.41	0.00	893.18
189.20	5735.71	0.00	772.59
189.30	5866.76	0.00	646.52
189.40	5968.36	0.00	515.66
189.50	6039.48	0.00	380.73
189.60	6084.64	0.00	242.47
189.70	6108.09	0.00	101.67
189.80	6109.48	0.00	-40.88
189.90	6088.55	0.00	-184.37
190.00	6045.07	0.00	-327.98
190.10	5978.88	0.00	-470.89
190.20	5889.88	0.00	-612.28
190.30	5778.05	0.00	-751.35
190.40	5643.41	0.00	-887.30
190.50	5486.10	0.00	-1019.35
190.60	5306.31	0.00	-1146.74
190.70	5104.33	0.00	-1268.77
190.80	4880.55	0.00	-1384.73
190.90	4635.46	0.00	-1493.97
191.00	4369.66	0.00	-1595.88
191.10	4083.85	0.00	-1689.91
191.20	3778.87	0.00	-1775.54
191.30	3455.65	0.00	-1852.30
191.40	3115.29	0.00	-1919.80
191.50	2758.97	0.00	-1977.67
191.60	2388.03	0.00	-2025.64
191.70	2003.92	0.00	-2063.47
191.80	1608.22	0.00	-2090.99
191.90	1202.62	0.00	-2108.10
192.00	788.94	0.00	-2114.74
192.10	369.08	0.00	-2110.95
192.20	-54.95	0.00	-2096.79
192.30	-481.07	0.00	-2072.39
192.40	-907.11	0.00	-2037.96
192.50	-1330.86	0.00	-1993.73
192.60	-1750.07	0.00	-1940.00
192.70	-2162.47	0.00	-1877.13
192.80	-2565.78	0.00	-1805.52
192.90	-2957.74	0.00	-1725.60
193.00	-3336.12	0.00	-1637.86
193.10	-3698.74	0.00	-1542.81
193.20	-4043.49	0.00	-1441.01
193.30	-4368.38	0.00	-1333.03
193.40	-4671.48	0.00	-1219.49
193.50	-4951.04	0.00	-1101.00
193.60	-5205.41	0.00	-978.21
193.70	-5433.12	0.00	-851.77
193.80	-5632.86	0.00	-722.35
193.90	-5803.53	0.00	-590.61
194.00	-5944.19	0.00	-457.23
194.10	-6054.12	0.00	-322.86
194.20	-6132.79	0.00	-188.17
194.30	-6179.91	0.00	-53.80
194.40	-6195.37	0.00	79.63
194.50	-6179.28	0.00	211.48
194.60	-6135.00	0.00	341.17
194.70	-6069.90	0.00	468.12
194.80	-5984.60	0.00	591.78
194.90	-5879.43	0.00	711.64
195.00	-5754.75	0.00	827.20
195.10	-5610.97	0.00	937.99
195.20	-5448.52	0.00	1043.60
195.30	-5267.86	0.00	1143.61
195.40	-5069.53	0.00	1237.68
195.50	-4854.06	0.00	1325.46
195.60	-4622.08	0.00	1406.68
195.70	-4374.24	0.00	1481.05
195.80	-4111.27	0.00	1548.38
195.90	-3833.94	0.00	1608.46
196.00	-3543.11	0.00	1661.14
196.10	-3239.69	0.00	1706.30
196.20	-2924.67	0.00	1743.85
196.30	-2599.09	0.00	1773.74
196.40	-2264.09	0.00	1795.95
196.50	-1920.86	0.00	1810.48
196.60	-1570.67	0.00	1817.37
196.70	-1214.86	0.00	1816.68
196.80	-854.80	0.00	1808.51
196.90	-491.97	0.00	1792.97
197.00	-127.87	0.00	1770.21
197.10	235.96	0.00	1740.39
197.20	597.93	0.00	1703.69
197.30	956.40	0.00	1660.34
197.40	1309.76	0.00	1610.56
197.50	1656.34	0.00	1554.59
197.60	1994.49	0.00	1492.70
197.70	2322.59	0.00	1425.18
197.80	2639.02	0.00	1352.32
197.90	2942.20	0.00	1274.44
198.00	3230.60	0.00	1191.87
198.10	3502.75	0.00	1104.93
198.20	3757.25	0.00	1013.99
198.30	3992.77	0.00	919.41
198.40	4208.10	0.00	821.56
198.50	4402.10	0.00	720.83
198.60	4573.77	0.00	617.60
198.70	4722.22	0.00	512.28
198.80	4846.69	0.00	405.28
198.90	4946.54	0.00	296.99
199.00	5021.31	0.00	187.85
199.10	5070.65	0.00	78.28
199.20	5094.38	0.00	-31.31
199.30	5092.46	0.00	-140.48
199.40	5065.00	0.00	-248.80
199.50	5013.08	0.00	-355.85
199.60	4942.18	0.00	-461.20
199.70	4853.46	0.00	-564.43
199.80	4747.19	0.00	-665.12
199.90	4623.66	0.00	-762.86
200.00	4483.22	0.00	-857.23
200.10	4326.25	0.00	-947.84
200.20	4153.18	0.00	-1034.30
200.30	3964.51	0.00	-1116.25
200.40	3760.77	0.00	-1193.31
200.50	3542.57	0.00	-1265.14
200.60	3310.58	0.00	-1331.40
200.70	3065.54	0.00	-1391.80
200.80	2808.26	0.00	-1446.04
200.90	2539.63	0.00	-1493.85
201.00	2260.60	0.00	-1534.99
201.10	1972.21	0.00	-1569.24
201.20	1675.58	0.00	-1596.41
201.30	1371.89	0.00	-1616.34
201.40	1062.41	0.00	-1628.89
201.50	748.49	0.00	-1633.96
201.60	431.50	0.00	-1631.48
201.70	112.93	0.00	-1621.42
201.80	-205.72	0.00	-1603.78
201.90	-522.89	0.00	-1578.58
202.00	-836.98	0.00	-1545.91
202.10	-1146.36	0.00	-1505.85
202.20	-1449.39	0.00	-1458.55
202.30	-1744.42	0.00	-1404.19
202.40	-2029.82	0.00	-1342.98
202.50	-2303.96	0.00	-1275.16
202.60	-2565.27	0.00	-1201.02
202.70	-2812.20	0.00	-1120.88
202.80	-3043.28	0.00	-1035.08
202.90	-3257.11	0.00	-944.01
203.00	-3452.37	0.00	-848.07
203.10	-3627.85	0.00	-747.71
203.20	-3782.45	0.00	-643.40
203.30	-3915.18	0.00	-535.63
203.40	-4025.20	0.00	-424.91
203.50	-4111.80	0.00	-311.78
203.60	-4174.43	0.00	-196.79
203.70	-4212.69	0.00	-80.53
203.80	-4226.33	0.00	36.43
203.90	-4215.29	0.00	153.50
204.00	-4179.75	0.00	270.06
204.10	-4123.07	0.00	385.52
204.20	-4047.00	0.00	499.27
204.30	-3951.81	0.00	610.70
204.40	-3837.85	0.00	719.21
204.50	-3705.52	0.00	824.21
204.60	-3555.31	0.00	925.12
204.70	-3387.79	0.00	1021.38
204.80	-3203.62	0.00	1112.43
204.90	-3003.51	0.00	1197.75
205.00	-2788.29	0.00	1276.84
205.10	-2558.86	0.00	1349.23
205.20	-2316.23	0.00	1414.47
205.30	-2061.47	0.00	1472.16
205.40	-1795.76	0.00	1521.91
205.50	-1520.37	0.00	1563.41
205.60	-1236.65	0.00	1596.36
205.70	-946.04	0.00	1620.50
205.80	-650.06	0.00	1635.65
205.90	-350.29	0.00	1641.63
206.00	-48.39	0.00	1638.36
206.10	253.92	0.00	1625.77
206.20	554.89	0.00	1603.87
206.30	852.72	0.00	1572.70
206.40	1145.58	0.00	1532.37
206.50	1431.63	0.00	1483.05
206.60	1709.06	0.00	1424.95
206.70	1976.03	0.00	1358.33
206.80	2230.78	0.00	1283.51
206.90	2471.57	0.00	1200.88
207.00	2696.72	0.00	1110.85
207.10	2904.66	0.00	1013.90
207.20	3093.90	0.00	910.54
207.30	3263.07	0.00	801.36
207.40	3410.90	0.00	686.95
207.50	3536.29	0.00	567.96
207.60	3638.30	0.00	445.08
207.70	3716.12	0.00	319.02
207.80	3769.15	0.00	190.53
207.90	3796.93	0.00	60.38
208.00	3799.24	0.00	-70.65
208.10	3777.79	0.00	-201.74
208.20	3734.78	0.00	-332.08
208.30	3670.38	0.00	-460.87
208.40	3584.83	0.00	-587.26
208.50	3478.49	0.00	-710.46
208.60	3351.83	0.00	-829.65
208.70	3205.40	0.00	-944.06
208.80	3039.89	0.00	-1052.92
208.90	2856.08	0.00	-1155.49
209.00	2654.86	0.00	-1251.06
209.10	2437.26	0.00	-1338.99
209.20	2204.40	0.00	-1418.63
209.30	1957.52	0.00	-1489.43
209.40	1697.97	0.00	-1550.85
209.50	1427.21	0.00	-1602.45
209.60	1146.80	0.00	-1643.81
209.70	858.41	0.00	-1674.61
209.80	563.80	0.00	-1694.57
209.90	264.80	0.00	-1703.50
210.00	-36.67	0.00	-1701.28
210.10	-338.66	0.00	-1687.86
210.20	-639.13	0.00	-1663.28
210.30	-936.03	0.00	-1627.64
210.40	-1227.31	0.00	-1581.13
210.50	-1510.89	0.00	-1524.02
210.60	-1784.72	0.00	-1456.64
210.70	-2046.80	0.00	-1379.40
210.80	-2295.16	0.00	-1292.81
210.90	-2527.95	0.00	-1197.40
211.00	-2743.37	0.00	-1093.81
211.10	-2939.76	0.00	-982.73
211.20	-3115.58	0.00	-864.89
211.30	-3269.46	0.00	-741.08
211.40	-3400.17	0.00	-612.16
211.50	-3506.68	0.00	-479.01
211.60	-3588.14	0.00	-342.54
211.70	-3643.91	0.00	-203.71
211.80	-3673.55	0.00	-63.48
211.90	-3676.85	0.00	77.17
212.00	-3655.90	0.00	217.25
212.10	-3612.43	0.00	355.76
212.20	-3546.70	0.00	491.74
212.30	-3459.10	0.00	624.21
212.40	-3350.12	0.00	752.23
212.50	-3220.41	0.00	874.90
212.60	-3070.71	0.00	991.33
212.70	-2901.89	0.00	1100.72
212.80	-2714.95	0.00	1202.27
212.90	-2511.00	0.00	1295.26
213.00	-2291.28	0.00	1379.05
213.10	-2057.12	0.00	1453.05
213.20	-1809.98	0.00	1516.73
213.30	-1551.43	0.00	1569.67
213.40	-1283.10	0.00	1611.49
213.50	-1006.76	0.00	1641.93
213.60	-724.22	0.00	1660.80
213.70	-437.37	0.00	1668.00
213.80	-148.18	0.00	1663.50
213.90	141.37	0.00	1647.38
214.00	429.26	0.00	1619.80
214.10	713.45	0.00	1581.00
214.20	991.91	0.00	1531.30
214.30	1262.63	0.00	1471.12
214.40	1523.63	0.00	1400.94
214.50	1773.01	0.00	1321.30
214.60	2008.93	0.00	1232.84
214.70	2229.65	0.00	1136.25
214.80	2433.53	0.00	1032.25
214.90	2619.08	0.00	921.66
215.00	2784.94	0.00	805.30
215.10	2929.89	0.00	684.05
215.20	3052.92	0.00	558.83
215.30	3153.18	0.00	430.55
215.40	3230.00	0.00	300.16
215.50	3282.91	0.00	168.63
215.60	3311.67	0.00	36.89
215.70	3316.20	0.00	-94.10
215.80	3296.66	0.00	-223.40
215.90	3254.81	0.00	-350.11
216.00	3192.60	0.00	-473.34
216.10	3110.54	0.00	-592.24
216.20	3009.28	0.00	-706.00
216.30	2889.55	0.00	-813.86
216.40	2752.20	0.00	-915.11
216.50	2598.18	0.00	-1009.09
216.60	2428.53	0.00	-1095.20
216.70	2244.39	0.00	-1172.93
216.80	2046.98	0.00	-1241.80
216.90	1837.62	0.00	-1301.42
217.00	1617.69	0.00	-1351.48
217.10	1388.64	0.00	-1391.72
217.20	1152.00	0.00	-1421.98
217.30	909.34	0.00	-1442.16
217.40	662.28	0.00	-1452.23
217.50	412.47	0.00	-1452.25
217.60	161.59	0.00	-1442.33
217.70	-88.65	0.00	-1422.66
217.80	-336.58	0.00	-1393.50
217.90	-580.50	0.00	-1355.17
218.00	-818.76	0.00	-1308.05
218.10	-1049.73	0.00	-1252.58
218.20	-1271.83	0.00	-1189.23
218.30	-1483.57	0.00	-1118.56
218.40	-1683.49	0.00	-1041.13
218.50	-1870.27	0.00	-957.56
218.60	-2042.64	0.00	-868.50
218.70	-2199.47	0.00	-774.63
218.80	-2339.74	0.00	-676.63
218.90	-2462.57	0.00	-575.24
219.00	-2567.20	0.00	-471.17
219.10	-2653.02	0.00	-365.16
219.20	-2719.57	0.00	-257.93
219.30	-2766.53	0.00	-150.23
219.40	-2793.74	0.00	-42.76
219.50	-2801.20	0.00	63.76
219.60	-2789.07	0.00	168.64
219.70	-2758.90	0.00	271.23
219.80	-2711.88	0.00	370.87
219.90	-2648.45	0.00	466.95
220.00	-2569.12	0.00	558.90
220.10	-2474.49	0.00	646.18
220.20	-2365.24	0.00	728.29
220.30	-2242.13	0.00	804.75
220.40	-2105.97	0.00	875.16
220.50	-1957.66	0.00	939.14
220.60	-1798.14	0.00	996.37
220.70	-1628.44	0.00	1046.56
220.80	-1449.61	0.00	1089.50
220.90	-1262.79	0.00	1124.99
221.00	-1069.13	0.00	1152.90
221.10	-869.85	0.00	1173.16
221.20	-666.19	0.00	1185.74
221.30	-459.41	0.00	1190.64
221.40	-250.82	0.00	1187.93
221.50	-41.71	0.00	1177.73
221.60	166.59	0.00	1160.18
221.70	372.79	0.00	1135.48
221.80	575.57	0.00	1103.88
221.90	773.67	0.00	1065.65
222.00	965.82	0.00	1021.11
222.10	1150.81	0.00	970.61
222.20	1327.48	0.00	914.53
222.30	1494.71	0.00	853.30
222.40	1651.46	0.00	787.36
222.50	1796.74	0.00	717.16
222.60	1929.67	0.00	643.20
222.70	2049.43	0.00	565.98
222.80	2155.32	0.00	486.03
222.90	2246.71	0.00	403.88
223.00	2323.11	0.00	320.07
223.10	2384.11	0.00	235.15
223.20	2429.42	0.00	149.66
223.30	2458.87	0.00	64.15
223.40	2472.41	0.00	-20.83
223.50	2470.10	0.00	-104.75
223.60	2453.11	0.00	-187.08
223.70	2422.34	0.00	-267.33
223.80	2378.11	0.00	-345.00
223.90	2320.78	0.00	-419.62
224.00	2250.82	0.00	-490.74
224.10	2168.73	0.00	-557.95
224.20	2075.08	0.00	-620.86
224.30	1970.51	0.00	-679.11
224.40	1855.72	0.00	-732.38
224.50	1731.43	0.00	-780.37
224.60	1598.46	0.00	-822.85
224.70	1457.63	0.00	-859.59
224.80	1309.84	0.00	-890.43
224.90	1156.00	0.00	-915.23
225.00	997.08	0.00	-933.92
225.10	834.05	0.00	-946.44
225.20	667.92	0.00	-952.80
225.30	499.72	0.00	-953.03
225.40	330.47	0.00	-947.22
225.50	161.22	0.00	-935.48
225.60	-7.00	0.00	-917.98
225.70	-173.18	0.00	-894.92
225.80	-336.30	0.00	-866.54
225.90	-495.40	0.00	-833.11
226.00	-649.51	0.00	-794.92
226.10	-797.73	0.00	-752.31
226.20	-939.21	0.00	-705.64
226.30	-1073.14	0.00	-655.29
226.40	-1198.76	0.00	-601.67
226.50	-1315.40	0.00	-545.18
226.60	-1422.43	0.00	-486.27
226.70	-1519.33	0.00	-425.37
226.80	-1605.62	0.00	-362.94
226.90	-1680.94	0.00	-299.42
227.00	-1745.00	0.00	-235.28
227.10	-1797.57	0.00	-170.95
227.20	-1838.54	0.00	-106.88
227.30	-1867.88	0.00	-43.49
227.40	-1885.63	0.00	18.80
227.50	-1891.93	0.00	79.58
227.60	-1886.99	0.00	138.49
227.70	-1871.11	0.00	195.16
227.80	-1844.65	0.00	249.26
227.90	-1808.04	0.00	300.49
228.00	-1762.24	0.00	348.56
228.10	-1708.17	0.00	393.23
228.20	-1646.34	0.00	434.28
228.30	-1577.33	0.00	471.53
228.40	-1501.70	0.00	504.82
228.50	-1420.08	0.00	534.03
228.60	-1333.09	0.00	559.06
228.70	-1241.40	0.00	579.87
228.80	-1145.65	0.00	596.42
228.90	-1046.52	0.00	608.72
229.00	-944.70	0.00	616.81
229.10	-840.86	0.00	620.73
229.20	-735.67	0.00	620.59
229.30	-629.81	0.00	616.48
229.40	-523.93	0.00	608.55
229.50	-418.68	0.00	596.96
229.60	-314.69	0.00	581.87
229.70	-212.55	0.00	563.48
229.80	-112.84	0.00	542.00
229.90	-16.12	0.00	517.63
230.00	77.10	0.00	490.62
230.10	166.33	0.00	461.21
230.20	251.12	0.00	429.63
230.30	331.05	0.00	396.13
230.40	405.76	0.00	360.97
230.50	474.92	0.00	324.41
230.60	538.24	0.00	286.69
230.70	595.46	0.00	248.06
230.80	646.40	0.00	208.79
230.90	690.89	0.00	169.11
231.00	728.83	0.00	129.26
231.10	760.14	0.00	89.49
231.20	784.81	0.00	50.01
231.30	802.86	0.00	11.06
231.40	814.34	0.00	-27.15
231.50	819.37	0.00	-64.42
231.60	818.09	0.00	-100.54
231.70	810.69	0.00	-135.33
231.80	797.38	0.00	-168.59
231.90	778.43	0.00	-200.16
232.00	754.12	0.00	-229.86
232.10	724.79	0.00	-257.54
232.20	690.79	0.00	-283.05
232.30	652.49	0.00	-306.25
232.40	610.31	0.00	-327.01
232.50	564.67	0.00	-345.20
232.60	516.02	0.00	-360.71
232.70	464.84	0.00	-373.45
232.80	411.61	0.00	-383.32
232.90	356.83	0.00	-390.24
233.00	301.00	0.00	-394.15
233.10	244.64	0.00	-395.00
233.20	188.27	0.00	-392.74
233.30	132.42	0.00	-387.35
233.40	77.61	0.00	-378.81
233.50	24.35	0.00	-367.15
233.60	-26.84	0.00	-352.38
233.70	-75.46	0.00	-334.55
233.80	-121.03	0.00	-313.71
233.90	-163.07	0.00	-289.96
234.00	-201.13	0.00	-263.39
234.10	-234.79	0.00	-234.14
234.20	-263.63	0.00	-202.34
234.30	-287.30	0.00	-168.18
234.40	-305.44	0.00	-131.84
234.50	-317.76	0.00	-93.53
234.60	-324.00	0.00	-53.51
234.70	-323.93	0.00	-12.01
234.80	-317.38	0.00	30.66
234.90	-304.22	0.00	74.22
235.00	-284.38	0.00	118.34
235.10	-257.85	0.00	162.69
235.20	-224.66	0.00	206.92
235.30	-184.90	0.00	250.66
235.40	-138.74	0.00	293.54
235.50	-86.40	0.00	335.17
235.60	-28.15	0.00	375.16
235.70	35.66	0.00	413.13
235.80	104.62	0.00	448.68
235.90	178.26	0.00	481.44
236.00	256.04	0.00	511.02
236.10	337.37	0.00	537.06
236.20	421.61	0.00	559.22
236.30	508.05	0.00	577.16
236.40	595.93	0.00	590.59
236.50	684.47	0.00	599.22
236.60	772.82	0.00	602.80
236.70	860.10	0.00	601.13
236.80	945.43	0.00	594.03
236.90	1028.05	0.00	581.37
237.00	1107.16	0.00	563.05
237.10	1181.92	0.00	539.04
237.20	1251.45	0.00	509.33
237.30	1314.89	0.00	473.97
237.40	1371.43	0.00	433.07
237.50	1420.24	0.00	386.79
237.60	1460.56	0.00	335.33
237.70	1491.63	0.00	278.95
237.80	1512.77	0.00	217.95
237.90	1523.34	0.00	152.71
238.00	1522.75	0.00	83.63
238.10	1510.50	0.00	11.17
238.20	1486.13	0.00	-64.19
238.30	1449.30	0.00	-141.89
238.40	1399.71	0.00	-221.37
238.50	1337.18	0.00	-302.00
238.60	1261.62	0.00	-383.17
238.70	1173.05	0.00	-464.20
238.80	1071.58	0.00	-544.41
238.90	957.43	0.00	-623.13
239.00	830.94	0.00	-699.64
239.10	692.58	0.00	-773.25
239.20	542.90	0.00	-843.26
239.30	382.61	0.00	-909.00
239.40	212.50	0.00	-969.79
239.50	33.50	0.00	-1024.99
239.60	-153.35	0.00	-1074.01
239.70	-346.91	0.00	-1116.25
239.80	-545.93	0.00	-1151.18
239.90	-749.06	0.00	-1178.32
240.00	-954.85	0.00	-1197.24
240.10	-1161.80	0.00	-1207.56
240.20	-1368.32	0.00	-1208.96
240.30	-1572.74	0.00	-1201.19
240.40	-1773.38	0.00	-1184.08
240.50	-1968.52	0.00	-1157.52
240.60	-2156.42	0.00	-1121.48
240.70	-2335.33	0.00	-1075.99
240.80	-2503.54	0.00	-1021.19
240.90	-2659.36	0.00	-957.27
241.00	-2801.15	0.00	-884.51
241.10	-2927.37	0.00	-803.26
241.20	-3036.52	0.00	-713.96
241.30	-3127.34	0.00	-617.09
241.40	-3200.43	0.00	-513.25
241.50	-3255.60	0.00	-403.05
241.60	-3292.01	0.00	-287.22
241.70	-3308.90	0.00	-166.49
241.80	-3305.62	0.00	-41.70
241.90	-3281.63	0.00	86.32
242.00	-3236.48	0.00	216.65
242.10	-3169.85	0.00	348.37
242.20	-3081.56	0.00	480.52
242.30	-2971.53	0.00	612.13
242.40	-2839.84	0.00	742.21
242.50	-2686.69	0.00	869.76
242.60	-2512.45	0.00	993.79
242.70	-2317.62	0.00	1113.35
242.80	-2102.87	0.00	1227.46
242.90	-1869.03	0.00	1335.21
243.00	-1617.07	0.00	1435.70
243.10	-1348.16	0.00	1528.09
243.20	-1063.59	0.00	1611.58
243.30	-764.84	0.00	1685.44
243.40	-453.54	0.00	1748.98
243.50	-131.48	0.00	1801.61
243.60	199.43	0.00	1842.79
243.70	537.12	0.00	1872.08
243.80	879.41	0.00	1889.11
243.90	1224.00	0.00	1893.59
244.00	1568.51	0.00	1885.36
244.10	1910.45	0.00	1864.29
244.20	2247.31	0.00	1830.41
244.30	2576.54	0.00	1783.80
244.40	2895.54	0.00	1724.65
244.50	3201.77	0.00	1653.23
244.60	3492.69	0.00	1569.93
244.70	3765.84	0.00	1475.21
244.80	4018.84	0.00	1369.60
244.90	4249.44	0.00	1253.75
245.00	4455.49	0.00	1128.35
245.10	4635.05	0.00	994.20
245.20	4786.33	0.00	852.12
245.30	4907.77	0.00	703.04
245.40	4999.81	0.00	547.90
245.50	5066.20	0.00	387.71
245.60	5106.55	0.00	223.51
245.70	5120.33	0.00	56.38
245.80	5107.11	0.00	-112.58
245.90	5066.57	0.00	-282.28
246.00	4998.51	0.00	-451.59
246.10	4902.83	0.00	-619.39
246.20	4779.56	0.00	-784.60
246.30	4628.85	0.00	-946.13
246.40	4450.98	0.00	-1102.91
246.50	4246.37	0.00	-1253.94
246.60	4015.56	0.00	-1398.22
246.70	3759.26	0.00	-1534.84
246.80	3478.32	0.00	-1662.90
246.90	3173.75	0.00	-1781.61
247.00	2846.72	0.00	-1890.21
247.10	2498.54	0.00	-1988.03
247.20	2130.73	0.00	-2074.46
247.30	1744.92	0.00	-2148.98
247.40	1342.95	0.00	-2211.16
247.50	926.78	0.00	-2260.63
247.60	498.54	0.00	-2297.14
247.70	60.49	0.00	-2320.49
247.80	-384.95	0.00	-2330.59
247.90	-835.28	0.00	-2327.43
248.00	-1287.86	0.00	-2311.08
248.10	-1739.99	0.00	-2281.70
248.20	-2188.88	0.00	-2239.53
248.30	-2631.72	0.00	-2184.89
248.40	-3065.65	0.00	-2118.16
248.50	-3487.82	0.00	-2039.80
248.60	-3895.41	0.00	-1950.35
248.70	-4285.65	0.00	-1850.39
248.80	-4655.83	0.00	-1740.55
248.90	-5003.36	0.00	-1621.55
249.00	-5325.78	0.00	-1494.10
249.10	-5620.75	0.00	-1359.00
249.20	-5886.15	0.00	-1217.05
249.30	-6120.02	0.00	-1069.09
249.40	-6320.64	0.00	-915.97
249.50	-6486.50	0.00	-758.58
249.60	-6616.35	0.00	-597.79
249.70	-6710.22	0.00	-434.49
249.80	-6776.59	0.00	-269.56
249.90	-6817.40	0.00	-103.89
250.00	-6832.54	0.00	61.67
250.10	-6821.93	0.00	226.27
250.20	-6785.54	0.00	389.09
250.30	-6723.38	0.00	549.32
250.40	-6635.48	0.00	706.21
250.50	-6521.92	0.00	859.00
250.60	-6382.85	0.00	1007.02
250.70	-6218.44	0.00	1149.59
250.80	-6028.93	0.00	1286.10
250.90	-5814.64	0.00	1415.99
251.00	-5575.92	0.00	1538.72
251.10	-5313.23	0.00	1653.81
251.20	-5027.11	0.00	1760.84
251.30	-4718.19	0.00	1859.41
251.40	-4387.21	0.00	1949.20
251.50	-4034.99	0.00	2029.92
251.60	-3662.51	0.00	2101.33
251.70	-3270.83	0.00	2163.24
251.80	-2861.14	0.00	2215.51
251.90	-2434.79	0.00	2258.04
252.00	-1993.20	0.00	2290.78
252.10	-1537.98	0.00	2313.73
252.20	-1070.81	0.00	2326.92
252.30	-593.54	0.00	2330.42
252.40	-108.09	0.00	2324.34
252.50	383.46	0.00	2308.84
252.60	878.97	0.00	2284.10
252.70	1376.20	0.00	2250.34
252.80	1872.81	0.00	2207.81
252.90	2366.42	0.00	2156.78
253.00	2854.59	0.00	2097.56
253.10	3334.86	0.00	2030.48
253.20	3804.73	0.00	1955.89
253.30	4261.72	0.00	1874.16
253.40	4703.36	0.00	1785.68
253.50	5127.23	0.00	1690.87
253.60	5530.95	0.00	1590.14
253.70	5912.25	0.00	1483.93
253.80	6268.92	0.00	1372.69
253.90	6598.89	0.00	1256.88
254.00	6900.21	0.00	1136.95
254.10	7171.09	0.00	1013.38
254.20	7409.88	0.00	886.63
254.30	7615.15	0.00	757.20
254.40	7785.63	0.00	625.55
254.50	7920.25	0.00	492.16
254.60	8018.17	0.00	357.51
254.70	8081.79	0.00	222.07
254.80	8124.03	0.00	86.30
254.90	8146.36	0.00	-49.33
255.00	8148.72	0.00	-184.36
255.10	8131.03	0.00	-318.36
255.20	8093.16	0.00	-450.88
255.30	8034.98	0.00	-581.50
255.40	7956.32	0.00	-709.79
255.50	7857.00	0.00	-835.37
255.60	7736.84	0.00	-957.84
255.70	7595.63	0.00	-1076.82
255.80	7433.19	0.00	-1191.96
255.90	7249.34	0.00	-1302.91
256.00	7043.93	0.00	-1409.34
256.10	6816.84	0.00	-1510.93
256.20	6568.00	0.00	-1607.41
256.30	6297.40	0.00	-1698.48
256.40	6005.08	0.00	-1783.90
256.50	5691.19	0.00	-1863.42
256.60	5355.94	0.00	-1936.83
256.70	4999.66	0.00	-2003.92
256.80	4622.79	0.00	-2064.51
256.90	4225.87	0.00	-2118.45
257.00	3809.59	0.00	-2165.59
257.10	3374.77	0.00	-2205.81
257.20	2922.34	0.00	-2239.02
257.30	2453.42	0.00	-2265.12
257.40	1969.24	0.00	-2284.07
257.50	1471.17	0.00	-2295.82
257.60	960.77	0.00	-2300.35
257.70	439.68	0.00	-2297.65
257.80	-90.27	0.00	-2287.75
257.90	-627.14	0.00	-2270.69
258.00	-1168.87	0.00	-2246.51
258.10	-1713.28	0.00	-2215.30
258.20	-2258.09	0.00	-2177.14
258.30	-2800.91	0.00	-2132.16
258.40	-3339.32	0.00	-2080.47
258.50	-3870.78	0.00	-2022.23
258.60	-4392.74	0.00	-1957.60
258.70	-4902.63	0.00	-1886.76
258.80	-5397.84	0.00	-1809.90
258.90	-5875.79	0.00	-1727.24
259.00	-6333.93	0.00	-1639.01
259.10	-6769.74	0.00	-1545.45
259.20	-7180.80	0.00	-1446.82
259.30	-7564.75	0.00	-1343.39
259.40	-7919.36	0.00	-1235.44
259.50	-8242.49	0.00	-1123.28
259.60	-8532.20	0.00	-1007.21
259.70	-8786.67	0.00	-887.56
259.80	-9004.26	0.00	-764.66
259.90	-9183.54	0.00	-638.86
260.00	-9323.28	0.00	-510.51
260.10	-9422.46	0.00	-379.98
260.20	-9484.10	0.00	-247.64
260.30	-9526.03	0.00	-113.87
260.40	-9550.48	0.00	20.94
260.50	-9557.22	0.00	156.39
260.60	-9545.93	0.00	292.10
260.70	-9516.26	0.00	427.65
260.80	-9467.80	0.00	562.63
260.90	-9400.05	0.00	696.64
261.00	-9312.52	0.00	829.27
261.10	-9204.63	0.00	960.11
261.20	-9075.80	0.00	1088.74
261.30	-8925.43	0.00	1214.77
261.40	-8752.91	0.00	1337.78
261.50	-8557.65	0.00	1457.37
261.60	-8339.07	0.00	1573.15
261.70	-8096.64	0.00	1684.75
261.80	-7829.89	0.00	1791.77
261.90	-7538.41	0.00	1893.84
262.00	-7221.88	0.00	1990.63
262.10	-6880.10	0.00	2081.76
262.20	-6512.96	0.00	2166.93
262.30	-6120.52	0.00	2245.81
262.40	-5702.96	0.00	2318.10
262.50	-5260.63	0.00	2383.52
262.60	-4794.05	0.00	2441.81
262.70	-4303.94	0.00	2492.72
262.80	-3791.20	0.00	2536.04
262.90	-3256.91	0.00	2571.56
263.00	-2702.39	0.00	2599.11
263.10	-2129.13	0.00	2618.54
263.20	-1538.85	0.00	2629.72
263.30	-933.45	0.00	2632.54
263.40	-315.05	0.00	2626.95
263.50	314.05	0.00	2612.88
263.60	951.38	0.00	2590.32
263.70	1594.29	0.00	2559.29
263.80	2239.97	0.00	2519.81
263.90	2885.48	0.00	2471.96
264.00	3527.77	0.00	2415.82
264.10	4163.68	0.00	2351.53
264.20	4789.97	0.00	2279.24
264.30	5403.35	0.00	2199.12
264.40	6000.53	0.00	2111.39
264.50	6578.19	0.00	2016.28
264.60	7133.03	0.00	1914.06
264.70	7661.84	0.00	1805.01
264.80	8161.47	0.00	1689.46
264.90	8628.87	0.00	1567.73
265.00	9061.14	0.00	1440.20
265.10	9455.55	0.00	1307.24
265.20	9809.54	0.00	1169.27
265.30	10120.78	0.00	1026.71
265.40	10387.15	0.00	880.00
265.50	10606.83	0.00	729.61
265.60	10778.22	0.00	576.02
265.70	10900.04	0.00	419.71
265.80	10971.31	0.00	261.20
265.90	11005.44	0.00	100.99
266.00	11020.92	0.00	-60.39
266.10	11017.59	0.00	-222.41
266.20	10995.10	0.00	-384.52
266.30	10953.03	0.00	-546.18
266.40	10890.86	0.00	-706.86
266.50	10807.98	0.00	-866.00
266.60	10703.73	0.00	-1023.06
266.70	10577.38	0.00	-1177.50
266.80	10428.18	0.00	-1328.79
266.90	10255.32	0.00	-1476.38
267.00	10058.00	0.00	-1619.78
267.10	9835.43	0.00	-1758.45
267.20	9586.86	0.00	-1891.91
267.30	9311.56	0.00	-2019.68
267.40	9008.90	0.00	-2141.27
267.50	8678.32	0.00	-2256.25
267.60	8319.39	0.00	-2364.18
267.70	7931.82	0.00	-2464.64
267.80	7515.45	0.00	-2557.26
267.90	7070.32	0.00	-2641.67
268.00	6596.63	0.00	-2717.54
268.10	6094.83	0.00	-2784.54
268.20	5565.56	0.00	-2842.40
268.30	5009.68	0.00	-2890.88
268.40	4428.34	0.00	-2929.74
268.50	3822.89	0.00	-2958.81
268.60	3194.94	0.00	-2977.93
268.70	2546.38	0.00	-2986.99
268.80	1879.32	0.00	-2985.90
268.90	1196.12	0.00	-2974.62
269.00	499.38	0.00	-2953.14
269.10	-208.09	0.00	-2921.50
269.20	-923.27	0.00	-2879.76
269.30	-1642.94	0.00	-2828.03
269.40	-2363.73	0.00	-2766.46
269.50	-3082.13	0.00	-2695.24
269.60	-3794.50	0.00	-2614.58
269.70	-4497.11	0.00	-2524.75
269.80	-5186.19	0.00	-2426.05
269.90	-5857.93	0.00	-2318.81
270.00	-6508.53	0.00	-2203.40
270.10	-7134.25	0.00	-2080.23
270.20	-7731.39	0.00	-1949.73
270.30	-8296.37	0.00	-1812.37
270.40	-8825.78	0.00	-1668.64
270.50	-9316.35	0.00	-1519.07
270.60	-9765.03	0.00	-1364.21
270.70	-10168.99	0.00	-1204.61
270.80	-10525.69	0.00	-1040.88
270.90	-10832.85	0.00	-873.61
271.00	-11088.52	0.00	-703.43
271.10	-11291.07	0.00	-530.97
271.20	-11439.21	0.00	-356.87
271.30	-11532.01	0.00	-181.77
271.40	-11568.92	0.00	-6.32
271.50	-11558.76	0.00	168.83
271.60	-11527.42	0.00	343.04
271.70	-11476.40	0.00	515.68
271.80	-11405.52	0.00	686.11
271.90	-11314.48	0.00	853.74
272.00	-11202.93	0.00	1017.95
272.10	-11070.40	0.00	1178.17
272.20	-10916.39	0.00	1333.85
272.30	-10740.34	0.00	1484.45
272.40	-10541.66	0.00	1629.47
272.50	-10319.75	0.00	1768.43
272.60	-10074.01	0.00	1900.88
272.70	-9803.86	0.00	2026.39
272.80	-9508.77	0.00	2144.59
272.90	-9188.28	0.00	2255.13
273.00	-8842.01	0.00	2357.70
273.10	-8469.67	0.00	2452.00
273.20	-8071.10	0.00	2537.80
273.30	-7646.30	0.00	2614.90
273.40	-7195.40	0.00	2683.12
273.50	-6718.72	0.00	2742.34
273.60	-6216.74	0.00	2792.44
273.70	-5690.16	0.00	2833.36
273.80	-5139.86	0.00	2865.09
273.90	-4566.95	0.00	2887.61
274.00	-3972.75	0.00	2900.96
274.10	-3358.78	0.00	2905.21
274.20	-2726.78	0.00	2900.44
274.30	-2078.70	0.00	2886.77
274.40	-1416.70	0.00	2864.35
274.50	-743.12	0.00	2833.33
274.60	-60.50	0.00	2793.91
274.70	628.48	0.00	2746.29
274.80	1320.96	0.00	2690.69
274.90	2013.95	0.00	2627.34
275.00	2704.36	0.00	2556.50
275.10	3388.99	0.00	2478.42
275.20	4064.57	0.00	2393.38
275.30	4727.79	0.00	2301.66
275.40	5375.32	0.00	2203.54
275.50	6003.81	0.00	2099.32
275.60	6609.95	0.00	1989.30
275.70	7190.51	0.00	1873.78
275.80	7742.30	0.00	1753.06
275.90	8262.25	0.00	1627.46
276.00	8747.44	0.00	1497.28
276.10	9195.06	0.00	1362.85
276.20	9602.53	0.00	1224.47
276.30	9967.44	0.00	1082.47
276.40	10287.60	0.00	937.17
276.50	10561.06	0.00	788.89
276.60	10786.14	0.00	637.98
276.70	10961.41	0.00	484.76
276.80	11085.75	0.00	329.57
276.90	11158.31	0.00	172.76
277.00	11178.55	0.00	14.69
277.10	11161.58	0.00	-144.28
277.20	11125.90	0.00	-303.78
277.30	11071.25	0.00	-463.42
277.40	10997.20	0.00	-622.83
277.50	10903.21	0.00	-781.59
277.60	10788.65	0.00	-939.29
277.70	10652.81	0.00	-1095.50
277.80	10494.91	0.00	-1249.79
277.90	10314.11	0.00	-1401.72
278.00	10109.52	0.00	-1550.81
278.10	9880.28	0.00	-1696.60
278.20	9625.48	0.00	-1838.60
278.30	9344.29	0.00	-1976.34
278.40	9035.91	0.00	-2109.30
278.50	8699.63	0.00	-2236.98
278.60	8334.82	0.00	-2358.88
278.70	7941.03	0.00	-2474.48
278.80	7517.90	0.00	-2583.27
278.90	7065.31	0.00	-2684.74
279.00	6583.31	0.00	-2778.38
279.10	6072.16	0.00	-2863.70
279.20	5532.39	0.00	-2940.20
279.30	4964.78	0.00	-3007.43
279.40	4370.37	0.00	-3064.92
279.50	3750.50	0.00	-3112.25
279.60	3106.79	0.00	-3149.01
279.70	2441.17	0.00	-3174.82
279.80	1755.86	0.00	-3189.33
279.90	1053.37	0.00	-3192.25
280.00	336.51	0.00	-3183.30
280.10	-391.65	0.00	-3162.25
280.20	-1127.77	0.00	-3128.95
280.30	-1868.26	0.00	-3083.24
280.40	-2609.34	0.00	-3025.08
280.50	-3347.02	0.00	-2954.44
280.60	-4077.14	0.00	-2871.36
280.70	-4795.46	0.00	-2775.95
280.80	-5497.61	0.00	-2668.37
280.90	-6179.19	0.00	-2548.87
281.00	-6835.82	0.00	-2417.74
281.10	-7463.12	0.00	-2275.33
281.20	-8056.82	0.00	-2122.09
281.30	-8612.78	0.00	-1958.50
281.40	-9127.03	0.00	-1785.12
281.50	-9595.83	0.00	-1602.59
281.60	-10015.67	0.00	-1411.59
281.70	-10383.39	0.00	-1212.85
281.80	-10696.15	0.00	-1007.20
281.90	-10951.47	0.00	-795.47
282.00	-11147.30	0.00	-578.58
282.10	-11282.01	0.00	-357.47
282.20	-11354.44	0.00	-133.15
282.30	-11363.88	0.00	93.37
282.40	-11321.32	0.00	321.03
282.50	-11249.85	0.00	548.73
282.60	-11149.88	0.00	775.39
282.70	-11021.07	0.00	999.89
282.80	-10863.01	0.00	1221.11
282.90	-10675.28	0.00	1437.94
283.00	-10457.43	0.00	1649.25
283.10	-10209.03	0.00	1853.97
283.20	-9929.69	0.00	2051.01
283.30	-9619.07	0.00	2239.33
283.40	-9276.91	0.00	2417.92
283.50	-8903.10	0.00	2585.82
283.60	-8497.65	0.00	2742.12
283.70	-8060.72	0.00	2885.94
283.80	-7592.72	0.00	3016.50
283.90	-7094.23	0.00	3133.05
284.00	-6566.11	0.00	3234.93
284.10	-6009.46	0.00	3321.57
284.20	-5425.65	0.00	3392.46
284.30	-4816.38	0.00	3447.19
284.40	-4183.59	0.00	3485.42
284.50	-3529.55	0.00	3506.92
284.60	-2856.82	0.00	3511.56
284.70	-2168.24	0.00	3499.28
284.80	-1466.91	0.00	3470.13
284.90	-756.22	0.00	3424.27
285.00	-39.75	0.00	3361.93
285.10	678.69	0.00	3283.46
285.20	1395.15	0.00	3189.29
285.30	2105.50	0.00	3079.94
285.40	2805.55	0.00	2956.03
285.50	3491.06	0.00	2818.25
285.60	4157.76	0.00	2667.38
285.70	4801.43	0.00	2504.28
285.80	5417.94	0.00	2329.88
285.90	6003.29	0.00	2145.15
286.00	6553.65	0.00	1951.16
286.10	7065.42	0.00	1749.00
286.20	7535.24	0.00	1539.82
286.30	7960.10	0.00	1324.80
286.40	8337.28	0.00	1105.16
286.50	8664.45	0.00	882.13
286.60	8939.68	0.00	656.95
286.70	9161.45	0.00	430.89
286.80	9328.68	0.00	205.19
286.90	9440.73	0.00	-18.90
287.00	9497.40	0.00	-240.16
287.10	9498.96	0.00	-457.39
287.20	9446.10	0.00	-669.43
287.30	9339.96	0.00	-875.15
287.40	9190.79	0.00	-1073.49
287.50	9014.22	0.00	-1263.44
287.60	8811.20	0.00	-1444.02
287.70	8582.49	0.00	-1614.37
287.80	8328.87	0.00	-1773.66
287.90	8051.15	0.00	-1921.15
288.00	7750.18	0.00	-2056.21
288.10	7426.90	0.00	-2178.26
288.20	7082.29	0.00	-2286.82
288.30	6717.42	0.00	-2381.52
288.40	6333.44	0.00	-2462.05
288.50	5931.61	0.00	-2528.21
288.60	5513.30	0.00	-2579.92
288.70	5079.96	0.00	-2617.15
288.80	4633.18	0.00	-2639.99
288.90	4174.65	0.00	-2648.61
289.00	3706.15	0.00	-2643.28
289.10	3229.58	0.00	-2624.35
289.20	2746.91	0.00	-2592.24
289.30	2260.22	0.00	-2547.47
289.40	1771.64	0.00	-2490.61
289.50	1283.36	0.00	-2422.31
289.60	797.58	0.00	-2343.28
289.70	316.56	0.00	-2254.29
289.80	-157.47	0.00	-2156.14
289.90	-622.29	0.00	-2049.69
290.00	-1075.73	0.00	-1935.82
290.10	-1515.68	0.00	-1815.45
290.20	-1940.10	0.00	-1689.52
290.30	-2347.07	0.00	-1558.96
290.40	-2734.78	0.00	-1424.73
290.50	-3101.57	0.00	-1287.78
290.60	-3445.93	0.00	-1149.03
290.70	-3766.49	0.00	-1009.41
290.80	-4062.10	0.00	-869.81
290.90	-4331.76	0.00	-731.10
291.00	-4574.70	0.00	-594.10
291.10	-4790.31	0.00	-459.60
291.20	-4978.20	0.00	-328.32
291.30	-5138.18	0.00	-200.96
291.40	-5270.25	0.00	-78.14
291.50	-5374.60	0.00	39.58
291.60	-5451.60	0.00	151.69
291.70	-5501.80	0.00	257.75
291.80	-5525.90	0.00	357.40
291.90	-5524.75	0.00	450.33
292.00	-5499.34	0.00	536.31
292.10	-5450.77	0.00	615.17
292.20	-5380.26	0.00	686.81
292.30	-5289.09	0.00	751.21
292.40	-5178.64	0.00	808.38
292.50	-5051.45	0.00	858.43
292.60	-4914.01	0.00	901.49
292.70	-4767.89	0.00	937.76
292.80	-4613.93	0.00	967.51
292.90	-4452.94	0.00	991.01
293.00	-4285.69	0.00	1008.61
293.10	-4112.89	0.00	1020.67
293.20	-3935.22	0.00	1027.59
293.30	-3753.32	0.00	1029.79
293.40	-3567.79	0.00	1027.70
293.50	-3379.16	0.00	1021.78
293.60	-3187.95	0.00	1012.47
293.70	-2994.60	0.00	1000.24
293.80	-2799.56	0.00	985.53
293.90	-2603.18	0.00	968.78
294.00	-2405.81	0.00	950.41
294.10	-2207.76	0.00	930.84
294.20	-2009.29	0.00	910.45
294.30	-1810.65	0.00	889.57
294.40	-1612.04	0.00	868.55
294.50	-1413.64	0.00	847.66
294.60	-1215.64	0.00	827.15
294.70	-1018.17	0.00	807.24
294.80	-821.38	0.00	788.11
294.90	-625.40	0.00	769.87
295.00	-430.34	0.00	752.63
295.10	-236.35	0.00	736.43
295.20	-43.55	0.00	721.29
295.30	147.90	0.00	707.18
295.40	337.86	0.00	694.04
295.50	526.14	0.00	681.76
295.60	712.54	0.00	670.22
295.70	896.83	0.00	659.25
295.80	1078.77	0.00	648.68
295.90	1258.07	0.00	638.30
296.00	1434.41	0.00	627.87
296.10	1607.43	0.00	617.18
296.20	1776.77	0.00	605.96
296.30	1941.99	0.00	593.96
296.40	2102.64	0.00	580.93
296.50	2258.25	0.00	566.61
296.60	2408.29	0.00	550.76
296.70	2552.23	0.00	533.15
296.80	2689.50	0.00	513.56
296.90	2819.52	0.00	491.78
297.00	2941.70	0.00	467.63
297.10	3055.43	0.00	440.96
297.20	3160.11	0.00	411.64
297.30	3255.13	0.00	379.58
297.40	3339.90	0.00	344.70
297.50	3413.85	0.00	306.98
297.60	3476.43	0.00	266.41
297.70	3527.11	0.00	223.04
297.80	3565.41	0.00	176.93
297.90	3590.90	0.00	128.20
298.00	3603.20	0.00	76.98
298.10	3601.99	0.00	23.45
298.20	3589.06	0.00	-32.17
298.30	3565.64	0.00	-89.66
298.40	3531.51	0.00	-148.73
298.50	3486.50	0.00	-209.09
298.60	3430.44	0.00	-270.43
298.70	3363.22	0.00	-332.39
298.80	3284.77	0.00	-394.63
298.90	3195.06	0.00	-456.76
299.00	3094.12	0.00	-518.39
299.10	2982.00	0.00	-579.14
299.20	2858.85	0.00	-638.61
299.30	2724.85	0.00	-696.39
299.40	2580.25	0.00	-752.09
299.50	2425.35	0.00	-805.31
299.60	2260.53	0.00	-855.68
299.70	2086.23	0.00	-902.82
299.80	1902.96	0.00	-946.39
299.90	1711.29	0.00	-986.05
300.00	1511.86	0.00	-1021.50
300.10	1305.38	0.00	-1052.44
300.20	1092.61	0.00	-1078.63
300.30	874.39	0.00	-1099.84
300.40	651.60	0.00	-1115.86
300.50	425.18	0.00	-1126.55
300.60	196.12	0.00	-1131.76
300.70	-34.53	0.00	-1131.42
300.80	-265.72	0.00	-1125.46
300.90	-496.33	0.00	-1113.87
301.00	-725.23	0.00	-1096.66
301.10	-951.29	0.00	-1073.90
301.20	-1173.35	0.00	-1045.66
301.30	-1390.25	0.00	-1012.10
301.40	-1600.85	0.00	-973.35
301.50	-1804.03	0.00	-929.63
301.60	-1998.68	0.00	-881.16
301.70	-2183.73	0.00	-828.20
301.80	-2358.18	0.00	-771.03
301.90	-2521.05	0.00	-709.97
302.00	-2671.45	0.00	-645.35
302.10	-2808.52	0.00	-577.55
302.20	-2931.53	0.00	-506.92
302.30	-3039.78	0.00	-433.87
302.40	-3132.71	0.00	-358.81
302.50	-3209.81	0.00	-282.15
302.60	-3270.71	0.00	-204.32
302.70	-3315.10	0.00	-125.76
302.80	-3342.81	0.00	-46.89
302.90	-3353.75	0.00	31.84
303.00	-3347.96	0.00	110.00
303.10	-3325.57	0.00	187.18
303.20	-3287.51	0.00	262.94
303.30	-3236.20	0.00	336.90
303.40	-3172.07	0.00	408.64
303.50	-3095.44	0.00	477.81
303.60	-3006.69	0.00	544.02
303.70	-2906.25	0.00	606.96
303.80	-2794.57	0.00	666.30
303.90	-2672.18	0.00	721.74
304.00	-2539.62	0.00	773.02
304.10	-2397.50	0.00	819.90
304.20	-2246.46	0.00	862.15
304.30	-2087.16	0.00	899.61
304.40	-1920.34	0.00	932.10
304.50	-1746.75	0.00	959.51
304.60	-1567.17	0.00	981.74
304.70	-1382.42	0.00	998.72
304.80	-1193.34	0.00	1010.42
304.90	-1000.82	0.00	1016.85
305.00	-805.74	0.00	1018.03
305.10	-609.01	0.00	1014.01
305.20	-411.55	0.00	1004.90
305.30	-214.29	0.00	990.80
305.40	-18.14	0.00	971.87
305.50	175.95	0.00	948.28
305.60	367.08	0.00	920.22
305.70	554.34	0.00	887.92
305.80	736.86	0.00	851.63
305.90	913.79	0.00	811.61
306.00	1084.30	0.00	768.15
306.10	1247.62	0.00	721.55
306.20	1403.01	0.00	672.14
306.30	1549.78	0.00	620.23
306.40	1687.29	0.00	566.18
306.50	1814.98	0.00	510.33
306.60	1932.33	0.00	453.05
306.70	2038.89	0.00	394.69
306.80	2134.29	0.00	335.62
306.90	2218.22	0.00	276.20
307.00	2290.45	0.00	216.79
307.10	2350.83	0.00	157.73
307.20	2399.26	0.00	99.37
307.30	2435.75	0.00	42.05
307.40	2460.35	0.00	-13.91
307.50	2473.20	0.00	-68.22
307.60	2474.52	0.00	-120.58
307.70	2464.57	0.00	-170.72
307.80	2443.68	0.00	-218.41
307.90	2412.39	0.00	-263.42
308.00	2372.28	0.00	-305.55
308.10	2324.08	0.00	-344.62
308.20	2268.21	0.00	-380.50
308.30	2205.12	0.00	-413.07
308.40	2135.30	0.00	-442.24
308.50	2059.22	0.00	-467.95
308.60	1977.37	0.00	-490.17
308.70	1890.26	0.00	-508.91
308.80	1798.40	0.00	-524.19
308.90	1702.28	0.00	-536.08
309.00	1602.41	0.00	-544.66
309.10	1499.29	0.00	-550.05
309.20	1393.40	0.00	-552.39
309.30	1285.21	0.00	-551.84
309.40	1175.20	0.00	-548.59
309.50	1063.78	0.00	-542.85
309.60	951.40	0.00	-534.83
309.70	838.43	0.00	-524.78
309.80	725.25	0.00	-512.94
309.90	612.21	0.00	-499.59
310.00	499.61	0.00	-484.98
310.10	387.74	0.00	-469.39
310.20	276.85	0.00	-453.09
310.30	167.15	0.00	-436.35
310.40	58.84	0.00	-419.43
310.50	-47.93	0.00	-402.60
310.60	-153.03	0.00	-386.08
310.70	-256.38	0.00	-370.11
310.80	-357.90	0.00	-354.90
310.90	-457.55	0.00	-340.65
311.00	-555.32	0.00	-327.51
311.10	-651.21	0.00	-315.64
311.20	-745.23	0.00	-305.14
311.30	-837.43	0.00	-296.12
311.40	-927.83	0.00	-288.63
311.50	-1016.51	0.00	-282.70
311.60	-1103.50	0.00	-278.32
311.70	-1188.85	0.00	-275.48
311.80	-1272.61	0.00	-274.10
311.90	-1354.80	0.00	-274.08
312.00	-1435.45	0.00	-275.32
312.10	-1514.56	0.00	-277.65
312.20	-1592.08	0.00	-280.90
312.30	-1667.98	0.00	-284.87
312.40	-1742.16	0.00	-289.32
312.50	-1814.52	0.00	-294.03
312.60	-1884.91	0.00	-298.71
312.70	-1953.14	0.00	-303.10
312.80	-2018.98	0.00	-306.92
312.90	-2082.18	0.00	-309.86
313.00	-2142.44	0.00	-311.62
313.10	-2199.41	0.00	-311.93
313.20	-2252.84	0.00	-310.47
313.30	-2303.35	0.00	-306.96
313.40	-2350.85	0.00	-301.13
313.50	-2394.95	0.00	-292.72
313.60	-2435.23	0.00	-281.49
313.70	-2471.25	0.00	-267.23
313.80	-2502.52	0.00	-249.73
313.90	-2528.54	0.00	-228.84
314.00	-2548.78	0.00	-204.43
314.10	-2562.71	0.00	-176.39
314.20	-2569.76	0.00	-144.67
314.30	-2569.37	0.00	-109.24
314.40	-2560.98	0.00	-70.11
314.50	-2544.02	0.00	-27.33
314.60	-2517.93	0.00	18.98
314.70	-2482.19	0.00	68.71
314.80	-2436.26	0.00	121.66
314.90	-2379.66	0.00	177.63
315.00	-2311.94	0.00	236.35
315.10	-2232.66	0.00	297.54
315.20	-2141.48	0.00	360.85
315.30	-2038.06	0.00	425.92
315.40	-1922.16	0.00	492.35
315.50	-1793.59	0.00	559.73
315.60	-1652.24	0.00	627.59
315.70	-1498.08	0.00	695.47
315.80	-1331.16	0.00	762.87
315.90	-1151.63	0.00	829.30
316.00	-959.73	0.00	894.22
316.10	-755.80	0.00	957.13
316.20	-540.29	0.00	1017.50
316.30	-313.75	0.00	1074.81
316.40	-76.86	0.00	1128.54
316.50	169.61	0.00	1178.20
316.60	424.77	0.00	1223.29
316.70	687.63	0.00	1263.35
316.80	957.07	0.00	1297.94
316.90	1231.89	0.00	1326.65
317.00	1510.76	0.00	1349.09
317.10	1792.27	0.00	1364.92
317.20	2074.93	0.00	1373.82
317.30	2357.16	0.00	1375.54
317.40	2637.31	0.00	1369.84
317.50	2913.67	0.00	1356.55
317.60	3184.48	0.00	1335.54
317.70	3447.96	0.00	1306.73
317.80	3702.30	0.00	1270.10
317.90	3945.68	0.00	1225.67
318.00	4176.29	0.00	1173.52
318.10	4392.37	0.00	1113.77
318.20	4592.17	0.00	1046.61
318.30	4774.02	0.00	972.26
318.40	4936.32	0.00	891.01
318.50	5077.57	0.00	803.20
318.60	5197.86	0.00	709.19
318.70	5301.42	0.00	609.41
318.80	5387.99	0.00	504.32
318.90	5456.86	0.00	394.43
319.00	5507.35	0.00	280.27
319.10	5538.83	0.00	162.41
319.20	5550.72	0.00	41.46
319.30	5542.45	0.00	-81.97
319.40	5513.53	0.00	-207.23
319.50	5463.49	0.00	-333.65
319.60	5391.94	0.00	-460.56
319.70	5298.53	0.00	-587.28
319.80	5182.99	0.00	-713.12
319.90	5045.10	0.00	-837.40
320.00	4884.75	0.00	-959.43
320.10	4701.88	0.00	-1078.55
320.20	4496.56	0.00	-1194.10
320.30	4268.92	0.00	-1305.44
320.40	4019.24	0.00	-1411.95
320.50	3747.89	0.00	-1513.03
320.60	3455.37	0.00	-1608.13
320.70	3142.29	0.00	-1696.71
320.80	2809.44	0.00	-1778.28
320.90	2457.70	0.00	-1852.38
321.00	2088.12	0.00	-1918.60
321.10	1701.90	0.00	-1976.55
321.20	1300.36	0.00	-2025.92
321.30	884.99	0.00	-2066.42
321.40	457.41	0.00	-2097.81
321.50	19.38	0.00	-2119.91
321.60	-427.19	0.00	-2132.59
321.70	-880.28	0.00	-2135.74
321.80	-1337.75	0.00	-2129.34
321.90	-1797.37	0.00	-2113.39
322.00	-2256.78	0.00	-2087.95
322.10	-2713.58	0.00	-2053.12
322.20	-3165.29	0.00	-2009.05
322.30	-3609.39	0.00	-1955.94
322.40	-4043.34	0.00	-1894.01
322.50	-4464.58	0.00	-1823.55
322.60	-4870.58	0.00	-1744.86
322.70	-5258.83	0.00	-1658.29
322.80	-5626.89	0.00	-1564.22
322.90	-5972.40	0.00	-1463.06
323.00	-6293.09	0.00	-1355.25
323.10	-6586.80	0.00	-1241.25
323.20	-6851.53	0.00	-1121.55
323.30	-7085.43	0.00	-996.65
323.40	-7286.81	0.00	-867.07
323.50	-7454.20	0.00	-733.36
323.60	-7586.30	0.00	-596.05
323.70	-7682.06	0.00	-455.71
323.80	-7747.76	0.00	-312.90
323.90	-7792.09	0.00	-168.18
324.00	-7814.83	0.00	-22.14
324.10	-7815.72	0.00	124.66
324.20	-7794.51	0.00	271.64
324.30	-7750.92	0.00	418.24
324.40	-7684.67	0.00	563.90
324.50	-7595.49	0.00	708.05
324.60	-7483.10	0.00	850.15
324.70	-7347.23	0.00	989.66
324.80	-7187.65	0.00	1126.05
324.90	-7004.14	0.00	1258.79
325.00	-6796.52	0.00	1387.38
325.10	-6564.69	0.00	1511.32
325.20	-6308.58	0.00	1630.14
325.30	-6028.21	0.00	1743.38
325.40	-5723.71	0.00	1850.58
325.50	-5395.29	0.00	1951.31
325.60	-5043.29	0.00	2045.16
325.70	-4668.17	0.00	2131.74
325.80	-4270.55	0.00	2210.67
325.90	-3851.17	0.00	2281.61
326.00	-3410.96	0.00	2344.21
326.10	-2951.01	0.00	2398.19
326.20	-2472.58	0.00	2443.26
326.30	-1977.11	0.00	2479.16
326.40	-1466.24	0.00	2505.67
326.50	-941.77	0.00	2522.59
326.60	-405.68	0.00	2529.77
326.70	139.87	0.00	2527.06
326.80	692.55	0.00	2514.37
326.90	1249.87	0.00	2491.63
327.00	1809.22	0.00	2458.83
327.10	2367.82	0.00	2415.98
327.20	2922.83	0.00	2363.12
327.30	3471.28	0.00	2300.36
327.40	4010.13	0.00	2227.82
327.50	4536.33	0.00	2145.70
327.60	5046.76	0.00	2054.21
327.70	5538.34	0.00	1953.63
327.80	6008.02	0.00	1844.27
327.90	6452.79	0.00	1726.49
328.00	6869.77	0.00	1600.69
328.10	7256.15	0.00	1467.33
328.20	7609.31	0.00	1326.90
328.30	7926.79	0.00	1179.94
328.40	8206.32	0.00	1027.02
328.50	8445.89	0.00	868.76
328.60	8643.69	0.00	705.82
328.70	8798.23	0.00	538.89
328.80	8908.28	0.00	368.68
328.90	8972.92	0.00	195.95
329.00	8993.57	0.00	21.47
329.10	8986.37	0.00	-153.96
329.20	8954.76	0.00	-329.53
329.30	8898.57	0.00	-504.42
329.40	8817.61	0.00	-677.78
329.50	8711.70	0.00	-848.79
329.60	8580.67	0.00	-1016.61
329.70	8424.34	0.00	-1180.41
329.80	8242.58	0.00	-1339.38
329.90	8035.31	0.00	-1492.73
330.00	7802.48	0.00	-1639.67
330.10	7544.12	0.00	-1779.46
330.20	7260.36	0.00	-1911.40
330.30	6951.41	0.00	-2034.80
330.40	6617.61	0.00	-2149.05
330.50	6259.41	0.00	-2253.54
330.60	5877.43	0.00	-2347.77
330.70	5472.43	0.00	-2431.24
330.80	5045.32	0.00	-2503.55
330.90	4597.20	0.00	-2564.34
331.00	4129.35	0.00	-2613.33
331.10	3643.23	0.00	-2650.29
331.20	3140.46	0.00	-2675.08
331.30	2622.87	0.00	-2687.60
331.40	2092.46	0.00	-2687.86
331.50	1551.37	0.00	-2675.90
331.60	1001.93	0.00	-2651.87
331.70	446.59	0.00	-2615.96
331.80	-112.06	0.00	-2568.43
331.90	-671.34	0.00	-2509.62
332.00	-1228.45	0.00	-2439.92
332.10	-1780.56	0.00	-2359.80
332.20	-2324.79	0.00	-2269.75
332.30	-2858.24	0.00	-2170.34
332.40	-3378.03	0.00	-2062.20
332.50	-3881.32	0.00	-1945.96
332.60	-4365.32	0.00	-1822.32
332.70	-4827.36	0.00	-1692.01
332.80	-5264.88	0.00	-1555.78
332.90	-5675.45	0.00	-1414.40
333.00	-6056.83	0.00	-1268.67
333.10	-6406.97	0.00	-1119.38
333.20	-6724.00	0.00	-967.35
333.30	-7006.32	0.00	-813.38
333.40	-7252.53	0.00	-658.27
333.50	-7461.52	0.00	-502.80
333.60	-7632.40	0.00	-347.75
333.70	-7764.59	0.00	-193.87
333.80	-7857.75	0.00	-41.87
333.90	-7911.82	0.00	107.55
334.00	-7927.00	0.00	253.72
334.10	-7903.77	0.00	396.04
334.20	-7842.82	0.00	533.91
334.30	-7750.59	0.00	666.81
334.40	-7638.67	0.00	794.23
334.50	-7507.89	0.00	915.74
334.60	-7358.81	0.00	1030.93
334.70	-7191.94	0.00	1139.46
334.80	-7007.82	0.00	1241.03
334.90	-6806.96	0.00	1335.38
335.00	-6589.91	0.00	1422.32
335.10	-6357.21	0.00	1501.70
335.20	-6109.41	0.00	1573.39
335.30	-5847.11	0.00	1637.34
335.40	-5570.91	0.00	1693.53
335.50	-5281.46	0.00	1741.97
335.60	-4979.44	0.00	1782.72
335.70	-4665.56	0.00	1815.88
335.80	-4340.59	0.00	1841.57
335.90	-4005.33	0.00	1859.94
336.00	-3660.66	0.00	1871.17
336.10	-3307.48	0.00	1875.47
336.20	-2946.74	0.00	1873.06
336.30	-2579.47	0.00	1864.19
336.40	-2206.70	0.00	1849.11
336.50	-1829.56	0.00	1828.10
336.60	-1449.19	0.00	1801.43
336.70	-1066.78	0.00	1769.39
336.80	-683.55	0.00	1732.26
336.90	-300.76	0.00	1690.35
337.00	80.30	0.00	1643.94
337.10	458.34	0.00	1593.33
337.20	832.04	0.00	1538.80
337.30	1200.08	0.00	1480.65
337.40	1561.13	0.00	1419.15
337.50	1913.90	0.00	1354.56
337.60	2257.06	0.00	1287.17
337.70	2589.37	0.00	1217.23
337.80	2909.56	0.00	1144.99
337.90	3216.44	0.00	1070.70
338.00	3508.85	0.00	994.59
338.10	3785.68	0.00	916.89
338.20	4045.89	0.00	837.82
338.30	4288.49	0.00	757.61
338.40	4512.58	0.00	676.46
338.50	4717.34	0.00	594.57
338.60	4902.02	0.00	512.14
338.70	5065.97	0.00	429.38
338.80	5208.63	0.00	346.47
338.90	5329.53	0.00	263.60
339.00	5428.30	0.00	180.95
339.10	5504.70	0.00	98.72
339.20	5558.56	0.00	17.08
339.30	5589.83	0.00	-63.78
339.40	5598.56	0.00	-143.68
339.50	5584.91	0.00	-222.45
339.60	5549.14	0.00	-299.89
339.70	5491.74	0.00	-375.84
339.80	5418.34	0.00	-450.11
339.90	5332.06	0.00	-522.52
340.00	5233.11	0.00	-592.90
340.10	5121.67	0.00	-661.06
340.20	4997.97	0.00	-726.84
340.30	4862.21	0.00	-790.06
340.40	4714.64	0.00	-850.54
340.50	4555.49	0.00	-908.14
340.60	4385.03	0.00	-962.68
340.70	4203.56	0.00	-1014.00
340.80	4011.39	0.00	-1061.96
340.90	3808.88	0.00	-1106.42
341.00	3596.41	0.00	-1147.23
341.10	3374.40	0.00	-1184.27
341.20	3143.34	0.00	-1217.43
341.30	2903.71	0.00	-1246.59
341.40	2656.10	0.00	-1271.66
341.50	2401.09	0.00	-1292.55
341.60	2139.34	0.00	-1309.19
341.70	1871.56	0.00	-1321.52
341.80	1598.50	0.00	-1329.50
341.90	1320.96	0.00	-1333.09
342.00	1039.79	0.00	-1332.28
342.10	755.86	0.00	-1327.06
342.20	470.13	0.00	-1317.44
342.30	183.56	0.00	-1303.46
342.40	-102.85	0.00	-1285.15
342.50	-388.05	0.00	-1262.58
342.60	-671.00	0.00	-1235.82
342.70	-950.62	0.00	-1204.95
342.80	-1225.80	0.00	-1170.08
342.90	-1495.46	0.00	-1131.33
343.00	-1758.50	0.00	-1088.83
343.10	-2013.83	0.00	-1042.72
343.20	-2260.37	0.00	-993.15
343.30	-2497.08	0.00	-940.31
343.40	-2722.91	0.00	-884.38
343.50	-2936.90	0.00	-825.53
343.60	-3138.10	0.00	-763.99
343.70	-3325.61	0.00	-699.96
343.80	-3498.59	0.00	-633.66
343.90	-3656.27	0.00	-565.33
344.00	-3797.95	0.00	-495.20
344.10	-3923.01	0.00	-423.51
344.20	-4030.88	0.00	-350.51
344.30	-4121.10	0.00	-276.47
344.40	-4193.30	0.00	-201.62
344.50	-4247.19	0.00	-126.24
344.60	-4282.56	0.00	-50.59
344.70	-4299.33	0.00	25.07
344.80	-4297.47	0.00	100.47
344.90	-4277.08	0.00	175.35
345.00	-4238.38	0.00	249.45
345.10	-4184.58	0.00	322.49
345.20	-4117.75	0.00	394.23
345.30	-4038.09	0.00	464.41
345.40	-3945.81	0.00	532.77
345.50	-3841.14	0.00	599.07
345.60	-3724.34	0.00	663.07
345.70	-3595.70	0.00	724.53
345.80	-3455.54	0.00	783.21
345.90	-3304.22	0.00	838.92
346.00	-3142.11	0.00	891.41
346.10	-2969.66	0.00	940.51
346.20	-2787.32	0.00	986.01
346.30	-2595.60	0.00	1027.73
346.40	-2395.05	0.00	1065.51
346.50	-2186.27	0.00	1099.17
346.60	-1969.89	0.00	1128.58
346.70	-1746.61	0.00	1153.61
346.80	-1517.16	0.00	1174.14
346.90	-1282.32	0.00	1190.07
347.00	-1042.90	0.00	1201.30
347.10	-799.79	0.00	1207.78
347.20	-553.88	0.00	1209.45
347.30	-306.13	0.00	1206.28
347.40	-57.52	0.00	1198.24
347.50	190.94	0.00	1185.35
347.60	438.20	0.00	1167.62
347.70	683.21	0.00	1145.11
347.80	924.89	0.00	1117.87
347.90	1162.14	0.00	1085.99
348.00	1393.88	0.00	1049.57
348.10	1619.02	0.00	1008.73
348.20	1836.48	0.00	963.64
348.30	2045.21	0.00	914.45
348.40	2244.17	0.00	861.35
348.50	2432.37	0.00	804.55
348.60	2608.85	0.00	744.28
348.70	2772.72	0.00	680.79
348.80	2923.11	0.00	614.34
348.90	3059.26	0.00	545.22
349.00	3180.45	0.00	473.73
349.10	3286.05	0.00	400.18
349.20	3375.52	0.00	324.90
349.30	3448.38	0.00	248.24
349.40	3504.28	0.00	170.54
349.50	3542.94	0.00	92.17
349.60	3564.20	0.00	13.50
349.70	3567.99	0.00	-65.09
349.80	3554.34	0.00	-143.24
349.90	3524.42	0.00	-220.56
350.00	3480.71	0.00	-296.67
350.10	3423.49	0.00	-371.19
350.20	3353.00	0.00	-443.77
350.30	3269.52	0.00	-514.03
350.40	3173.36	0.00	-581.64
350.50	3064.91	0.00	-646.24
350.60	2944.57	0.00	-707.52
350.70	2812.81	0.00	-765.17
350.80	2670.14	0.00	-818.90
350.90	2517.11	0.00	-868.45
351.00	2354.34	0.00	-913.58
351.10	2182.46	0.00	-954.07
351.20	2002.17	0.00	-989.72
351.30	1814.23	0.00	-1020.39
351.40	1619.40	0.00	-1045.93
351.50	1418.51	0.00	-1066.24
351.60	1212.43	0.00	-1081.25
351.70	1002.05	0.00	-1090.92
351.80	788.28	0.00	-1095.25
351.90	572.10	0.00	-1094.25
352.00	354.46	0.00	-1088.00
352.10	136.35	0.00	-1076.56
352.20	-81.22	0.00	-1060.08
352.30	-297.24	0.00	-1038.68
352.40	-510.73	0.00	-1012.57
352.50	-720.67	0.00	-981.93
352.60	-926.10	0.00	-947.01
352.70	-1126.06	0.00	-908.06
352.80	-1319.61	0.00	-865.36
352.90	-1505.87	0.00	-819.21
353.00	-1683.98	0.00	-769.91
353.10	-1853.13	0.00	-717.81
353.20	-2012.58	0.00	-663.25
353.30	-2161.62	0.00	-606.57
353.40	-2299.64	0.00	-548.13
353.50	-2426.07	0.00	-488.30
353.60	-2540.42	0.00	-427.43
353.70	-2642.28	0.00	-365.88
353.80	-2731.30	0.00	-304.00
353.90	-2807.23	0.00	-242.15
354.00	-2869.88	0.00	-180.65
354.10	-2919.16	0.00	-119.83
354.20	-2955.03	0.00	-59.98
354.30	-2977.54	0.00	-1.40
354.40	-2986.83	0.00	55.64
354.50	-2983.08	0.00	110.91
354.60	-2967.10	0.00	164.18
354.70	-2940.91	0.00	215.25
354.80	-2904.98	0.00	263.95
354.90	-2859.62	0.00	310.14
355.00	-2805.19	0.00	353.69
355.10	-2742.04	0.00	394.53
355.20	-2670.53	0.00	432.57
355.30	-2591.06	0.00	467.79
355.40	-2504.00	0.00	500.17
355.50	-2409.76	0.00	529.71
355.60	-2308.71	0.00	556.47
355.70	-2201.27	0.00	580.48
355.80	-2087.83	0.00	601.83
355.90	-1968.77	0.00	620.60
356.00	-1844.49	0.00	636.91
356.10	-1715.39	0.00	650.88
356.20	-1581.83	0.00	662.64
356.30	-1444.20	0.00	672.33
356.40	-1302.86	0.00	680.09
356.50	-1158.18	0.00	686.08
356.60	-1010.52	0.00	690.43
356.70	-860.24	0.00	693.30
356.80	-707.67	0.00	694.82
356.90	-553.15	0.00	695.14
357.00	-397.04	0.00	694.36
357.10	-239.66	0.00	692.61
357.20	-81.34	0.00	689.98
357.30	77.56	0.00	686.54
357.40	236.73	0.00	682.38
357.50	395.82	0.00	677.52
357.60	554.47	0.00	672.00
357.70	712.35	0.00	665.82
357.80	869.08	0.00	658.98
357.90	1024.29	0.00	651.44
358.00	1177.60	0.00	643.15
358.10	1328.61	0.00	634.04
358.20	1476.91	0.00	624.03
358.30	1622.06	0.00	613.00
358.40	1763.61	0.00	600.85
358.50	1901.12	0.00	587.43
358.60	2034.09	0.00	572.63
358.70	2162.04	0.00	556.28
358.80	2284.44	0.00	538.23
358.90	2400.78	0.00	518.33
359.00	2510.53	0.00	496.44
359.10	2613.12	0.00	472.39
359.20	2708.02	0.00	446.04
359.30	2794.66	0.00	417.28
359.40	2872.49	0.00	385.97
359.50	2940.96	0.00	352.03
359.60	2999.54	0.00	315.36
359.70	3047.69	0.00	275.91
359.80	3084.99	0.00	233.64
359.90	3112.78	0.00	188.56
360.00	3131.37	0.00	140.69
360.10	3140.39	0.00	90.08
360.20	3139.47	0.00	36.81
360.30	3128.23	0.00	-18.98
360.40	3106.32	0.00	-77.13
360.50	3073.42	0.00	-137.47
360.60	3029.21	0.00	-199.75
360.70	2973.42	0.00	-263.71
360.80	2905.81	0.00	-329.06
360.90	2826.18	0.00	-395.47
361.00	2734.38	0.00	-462.57
361.10	2630.32	0.00	-529.99
361.20	2513.95	0.00	-597.30
361.30	2385.30	0.00	-664.08
361.40	2244.47	0.00	-729.86
361.50	2091.63	0.00	-794.17
361.60	1927.03	0.00	-856.54
361.70	1751.02	0.00	-916.48
361.80	1564.01	0.00	-973.48
361.90	1366.53	0.00	-1027.07
362.00	1159.19	0.00	-1076.75
362.10	942.69	0.00	-1122.06
362.20	717.84	0.00	-1162.54
362.30	485.54	0.00	-1197.76
362.40	246.77	0.00	-1227.30
362.50	2.62	0.00	-1250.79
362.60	-245.75	0.00	-1267.88
362.70	-497.09	0.00	-1278.26
362.80	-750.07	0.00	-1281.68
362.90	-1003.30	0.00	-1277.91
363.00	-1255.34	0.00	-1266.79
363.10	-1504.70	0.00	-1248.19
363.20	-1749.85	0.00	-1222.07
363.30	-1989.22	0.00	-1188.41
363.40	-2221.27	0.00	-1147.25
363.50	-2444.42	0.00	-1098.72
363.60	-2657.15	0.00	-1042.97
363.70	-2857.93	0.00	-980.23
363.80	-3045.32	0.00	-910.78
363.90	-3217.91	0.00	-834.96
364.00	-3374.38	0.00	-753.16
364.10	-3513.50	0.00	-665.81
364.20	-3634.17	0.00	-573.42
364.30	-3735.36	0.00	-476.50
364.40	-3816.21	0.00	-375.65
364.50	-3875.98	0.00	-271.47
364.60	-3914.11	0.00	-164.60
364.70	-3930.15	0.00	-55.73
364.80	-3924.45	0.00	54.46
364.90	-3900.04	0.00	165.25
365.00	-3857.36	0.00	275.92
365.10	-3796.44	0.00	385.74
365.20	-3717.43	0.00	493.98
365.30	-3620.56	0.00	599.92
365.40	-3506.14	0.00	702.85
365.50	-3374.58	0.00	802.06
365.60	-3226.38	0.00	896.89
365.70	-3062.15	0.00	986.70
365.80	-2882.56	0.00	1070.86
365.90	-2688.41	0.00	1148.82
366.00	-2480.59	0.00	1220.03
366.10	-2260.06	0.00	1284.01
366.20	-2027.89	0.00	1340.32
366.30	-1785.25	0.00	1388.59
366.40	-1533.38	0.00	1428.49
366.50	-1273.60	0.00	1459.75
366.60	-1007.30	0.00	1482.16
366.70	-735.95	0.00	1495.57
366.80	-461.09	0.00	1499.92
366.90	-184.28	0.00	1495.16
367.00	92.85	0.00	1481.36
367.10	368.66	0.00	1458.60
367.20	641.49	0.00	1427.07
367.30	909.66	0.00	1386.98
367.40	1171.51	0.00	1338.62
367.50	1425.40	0.00	1282.33
367.60	1669.72	0.00	1218.49
367.70	1902.92	0.00	1147.55
367.80	2123.51	0.00	1069.99
367.90	2330.07	0.00	986.33
368.00	2521.28	0.00	897.15
368.10	2695.91	0.00	803.03
368.20	2852.85	0.00	704.60
368.30	2991.13	0.00	602.50
368.40	3109.88	0.00	497.42
368.50	3208.41	0.00	390.02
368.60	3286.15	0.00	280.99
368.70	3342.70	0.00	171.04
368.80	3377.80	0.00	60.86
368.90	3391.37	0.00	-48.87
369.00	3383.48	0.00	-157.47
369.10	3354.34	0.00	-264.26
369.20	3304.39	0.00	-368.61
369.30	3236.06	0.00	-469.89
369.40	3150.83	0.00	-567.51
369.50	3049.24	0.00	-660.89
369.60	2931.94	0.00	-749.51
369.70	2799.60	0.00	-832.86
369.80	2653.00	0.00	-910.49
369.90	2492.97	0.00	-981.99
370.00	2320.41	0.00	-1046.97
370.10	2136.30	0.00	-1105.11
370.20	1941.65	0.00	-1156.13
370.30	1737.57	0.00	-1199.80
370.40	1525.19	0.00	-1235.92
370.50	1305.70	0.00	-1264.37
370.60	1080.35	0.00	-1285.05
370.70	850.40	0.00	-1297.92
370.80	617.18	0.00	-1302.99
370.90	382.02	0.00	-1300.32
371.00	146.29	0.00	-1290.00
371.10	-88.66	0.00	-1272.19
371.20	-321.43	0.00	-1247.07
371.30	-550.65	0.00	-1214.86
371.40	-774.98	0.00	-1175.85
371.50	-993.07	0.00	-1130.32
371.60	-1203.61	0.00	-1078.63
371.70	-1405.36	0.00	-1021.13
371.80	-1597.09	0.00	-958.24
371.90	-1777.66	0.00	-890.38
372.00	-1946.00	0.00	-818.00
372.10	-2101.08	0.00	-741.56
372.20	-2242.01	0.00	-661.56
372.30	-2367.95	0.00	-578.50
372.40	-2478.18	0.00	-492.88
372.50	-2572.09	0.00	-405.23
372.60	-2649.17	0.00	-316.08
372.70	-2709.01	0.00	-225.95
372.80	-2751.36	0.00	-135.37
372.90	-2776.04	0.00	-44.86
373.00	-2783.03	0.00	45.07
373.10	-2773.28	0.00	133.91
373.20	-2748.18	0.00	221.17
373.30	-2707.98	0.00	306.37
373.40	-2652.97	0.00	389.06
373.50	-2583.51	0.00	468.79
373.60	-2500.03	0.00	545.16
373.70	-2403.00	0.00	617.76
373.80	-2292.97	0.00	686.24
373.90	-2170.55	0.00	750.25
374.00	-2036.37	0.00	809.50
374.10	-1891.14	0.00	863.70
374.20	-1735.64	0.00	912.61
374.30	-1570.66	0.00	956.03
374.40	-1397.06	0.00	993.77
374.50	-1215.75	0.00	1025.71
374.60	-1027.66	0.00	1051.72
374.70	-833.78	0.00	1071.75
374.80	-635.11	0.00	1085.75
374.90	-432.71	0.00	1093.74
375.00	-227.63	0.00	1095.74
375.10	-20.97	0.00	1091.82
375.20	186.19	0.00	1082.09
375.30	392.72	0.00	1066.68
375.40	597.54	0.00	1045.75
375.50	799.53	0.00	1019.50
375.60	997.60	0.00	988.16
375.70	1190.70	0.00	951.97
375.80	1377.78	0.00	911.20
375.90	1557.82	0.00	866.15
376.00	1729.86	0.00	817.13
376.10	1892.99	0.00	764.47
376.20	2046.33	0.00	708.52
376.30	2189.08	0.00	649.65
376.40	2320.49	0.00	588.20
376.50	2439.89	0.00	524.58
376.60	2546.69	0.00	459.15
376.70	2640.37	0.00	392.30
376.80	2720.49	0.00	324.42
376.90	2786.70	0.00	255.88
377.00	2838.75	0.00	187.07
377.10	2876.44	0.00	118.35
377.20	2900.47	0.00	50.08
377.30	2912.34	0.00	-17.38
377.40	2912.17	0.00	-83.72
377.50	2900.09	0.00	-148.60
377.60	2876.27	0.00	-211.73
377.70	2840.95	0.00	-272.82
377.80	2794.35	0.00	-331.62
377.90	2736.78	0.00	-387.89
378.00	2668.54	0.00	-441.40
378.10	2589.98	0.00	-491.97
378.20	2501.48	0.00	-539.43
378.30	2403.45	0.00	-583.63
378.40	2296.30	0.00	-624.45
378.50	2180.51	0.00	-661.80
378.60	2056.54	0.00	-695.61
378.70	1924.88	0.00	-725.82
378.80	1786.06	0.00	-752.43
378.90	1640.61	0.00	-775.43
379.00	1489.07	0.00	-794.83
379.10	1332.02	0.00	-810.69
379.20	1170.01	0.00	-823.06
379.30	1003.65	0.00	-832.02
379.40	833.51	0.00	-837.67
379.50	660.20	0.00	-840.13
379.60	484.33	0.00	-839.51
379.70	306.49	0.00	-835.96
379.80	127.30	0.00	-829.62
379.90	-52.65	0.00	-820.64
380.00	-232.76	0.00	-809.18
380.10	-412.42	0.00	-795.41
380.20	-591.06	0.00	-779.50
380.30	-768.09	0.00	-761.61
380.40	-942.94	0.00	-741.91
380.50	-1115.07	0.00	-720.57
380.60	-1283.93	0.00	-697.73
380.70	-1448.99	0.00	-673.57
380.80	-1609.75	0.00	-648.22
380.90	-1765.71	0.00	-621.82
381.00	-1916.39	0.00	-594.51
381.10	-2061.33	0.00	-566.40
381.20	-2200.11	0.00	-537.60
381.30	-2332.30	0.00	-508.21
381.40	-2457.51	0.00	-478.31
381.50	-2575.35	0.00	-447.98
381.60	-2685.48	0.00	-417.28
381.70	-2787.55	0.00	-386.25
381.80	-2881.26	0.00	-354.94
381.90	-2966.31	0.00	-323.36
382.00	-3042.43	0.00	-291.54
382.10	-3109.36	0.00	-259.47
382.20	-3166.88	0.00	-227.16
382.30	-3214.78	0.00	-194.59
382.40	-3252.92	0.00	-161.74
382.50	-3283.04	0.00	-128.58
382.60	-3306.01	0.00	-95.08
382.70	-3321.73	0.00	-61.21
382.80	-3330.11	0.00	-26.94
382.90	-3331.06	0.00	7.77
383.00	-3324.46	0.00	42.95
383.10	-3310.19	0.00	78.63
383.20	-3288.13	0.00	114.85
383.30	-3258.12	0.00	151.61
383.40	-3220.04	0.00	188.94
383.50	-3173.73	0.00	226.83
383.60	-3119.04	0.00	265.28
383.70	-3055.82	0.00	304.27
383.80	-2983.92	0.00	343.77
383.90	-2903.19	0.00	383.74
384.00	-2813.52	0.00	424.12
384.10	-2714.76	0.00	464.84
384.20	-2606.81	0.00	505.80
384.30	-2489.60	0.00	546.92
384.40	-2363.04	0.00	588.06
384.50	-2227.12	0.00	629.11
384.60	-2081.81	0.00	669.90
384.70	-1927.16	0.00	710.27
384.80	-1763.24	0.00	750.06
384.90	-1590.17	0.00	789.06
385.00	-1408.10	0.00	827.09
385.10	-1217.26	0.00	863.92
385.20	-1017.92	0.00	899.33
385.30	-810.41	0.00	933.10
385.40	-595.12	0.00	964.99
385.50	-372.52	0.00	994.76
385.60	-143.13	0.00	1022.17
385.70	92.47	0.00	1046.98
385.80	333.60	0.00	1068.94
385.90	579.55	0.00	1087.83
386.00	829.51	0.00	1103.41
386.10	1082.61	0.00	1115.45
386.20	1337.94	0.00	1123.75
386.30	1594.50	0.00	1128.11
386.40	1851.24	0.00	1128.35
386.50	2107.06	0.00	1124.28
386.60	2360.80	0.00	1115.78
386.70	2611.26	0.00	1102.70
386.80	2857.22	0.00	1084.93
386.90	3097.41	0.00	1062.41
387.00	3330.55	0.00	1035.05
387.10	3555.36	0.00	1002.84
387.20	3770.52	0.00	965.77
387.30	3974.75	0.00	923.85
387.40	4166.79	0.00	877.13
387.50	4345.38	0.00	825.70
387.60	4509.31	0.00	769.66
387.70	4657.44	0.00	709.15
387.80	4788.65	0.00	644.33
387.90	4901.93	0.00	575.39
388.00	4996.31	0.00	502.54
388.10	5071.43	0.00	426.05
388.20	5131.74	0.00	346.17
388.30	5178.13	0.00	263.20
388.40	5210.18	0.00	177.46
388.50	5227.46	0.00	89.28
388.60	5229.59	0.00	-0.98
388.70	5216.19	0.00	-92.95
388.80	5186.90	0.00	-186.24
388.90	5141.41	0.00	-280.45
389.00	5079.41	0.00	-375.18
389.10	5000.64	0.00	-469.99
389.20	4904.86	0.00	-564.47
389.30	4791.88	0.00	-658.20
389.40	4661.56	0.00	-750.73
389.50	4513.81	0.00	-841.65
389.60	4348.59	0.00	-930.53
389.70	4165.93	0.00	-1016.95
389.80	3965.91	0.00	-1100.51
389.90	3748.71	0.00	-1180.80
390.00	3514.57	0.00	-1257.44
390.10	3263.82	0.00	-1330.06
390.20	2996.89	0.00	-1398.29
390.30	2714.27	0.00	-1461.81
390.40	2416.60	0.00	-1520.29
390.50	2104.58	0.00	-1573.44
390.60	1779.03	0.00	-1620.98
390.70	1440.88	0.00	-1662.65
390.80	1091.15	0.00	-1698.23
390.90	730.99	0.00	-1727.52
391.00	361.64	0.00	-1750.34
391.10	-15.55	0.00	-1766.53
391.20	-399.13	0.00	-1775.98
391.30	-787.57	0.00	-1778.58
391.40	-1179.22	0.00	-1774.27
391.50	-1572.37	0.00	-1763.00
391.60	-1965.25	0.00	-1744.76
391.70	-2355.98	0.00	-1719.55
391.80	-2742.67	0.00	-1687.42
391.90	-3123.37	0.00	-1648.43
392.00	-3496.10	0.00	-1602.67
392.10	-3858.87	0.00	-1550.26
392.20	-4209.68	0.00	-1491.33
392.30	-4546.55	0.00	-1426.06
392.40	-4867.52	0.00	-1354.62
392.50	-5170.67	0.00	-1277.24
392.60	-5454.15	0.00	-1194.14
392.70	-5716.18	0.00	-1105.59
392.80	-5955.05	0.00	-1011.85
392.90	-6169.18	0.00	-913.23
393.00	-6357.10	0.00	-810.05
393.10	-6517.45	0.00	-702.63
393.20	-6649.03	0.00	-591.34
393.30	-6750.80	0.00	-476.56
393.40	-6821.88	0.00	-358.65
393.50	-6866.04	0.00	-238.04
393.60	-6890.99	0.00	-115.14
393.70	-6896.59	0.00	9.61
393.80	-6882.52	0.00	135.78
393.90	-6848.46	0.00	262.89
394.00	-6794.11	0.00	390.47
394.10	-6719.15	0.00	518.06
394.20	-6623.30	0.00	645.15
394.30	-6506.26	0.00	771.25
394.40	-6367.78	0.00	895.86
394.50	-6207.65	0.00	1018.46
394.60	-6025.69	0.00	1138.56
394.70	-5821.77	0.00	1255.63
394.80	-5595.83	0.00	1369.16
394.90	-5347.89	0.00	1478.65
395.00	-5078.04	0.00	1583.58
395.10	-4786.48	0.00	1683.46
395.20	-4473.52	0.00	1777.81
395.30	-4139.60	0.00	1866.13
395.40	-3785.26	0.00	1947.96
395.50	-3411.20	0.00	2022.86
395.60	-3018.28	0.00	2090.40
395.70	-2607.49	0.00	2150.15
395.80	-2180.00	0.00	2201.75
395.90	-1737.13	0.00	2244.82
396.00	-1280.38	0.00	2279.04
396.10	-811.42	0.00	2304.10
396.20	-332.06	0.00	2319.74
396.30	155.71	0.00	2325.74
396.40	649.74	0.00	2321.90
396.50	1147.75	0.00	2308.08
396.60	1647.33	0.00	2284.17
396.70	2145.93	0.00	2250.11
396.80	2640.93	0.00	2205.89
396.90	3129.59	0.00	2151.55
397.00	3609.14	0.00	2087.17
397.10	4076.74	0.00	2012.89
397.20	4529.54	0.00	1928.90
397.30	4964.72	0.00	1835.44
397.40	5379.46	0.00	1732.81
397.50	5771.01	0.00	1621.35
397.60	6136.73	0.00	1501.47
397.70	6474.05	0.00	1373.60
397.80	6780.59	0.00	1238.25
397.90	7054.09	0.00	1095.97
398.00	7292.51	0.00	947.35
398.10	7494.01	0.00	793.03
398.20	7657.00	0.00	633.69
398.30	7780.13	0.00	470.04
398.40	7862.32	0.00	302.83
398.50	7902.79	0.00	132.86
398.60	7905.53	0.00	-39.06
398.70	7882.21	0.00	-212.10
398.80	7833.29	0.00	-385.41
398.90	7758.59	0.00	-558.12
399.00	7657.97	0.00	-729.34
399.10	7531.30	0.00	-898.18
399.20	7378.51	0.00	-1063.78
399.30	7199.58	0.00	-1225.25
399.40	6994.54	0.00	-1381.72
399.50	6763.51	0.00	-1532.35
399.60	6506.67	0.00	-1676.30
399.70	6224.35	0.00	-1812.78
399.80	5916.94	0.00	-1941.02
399.90	5584.99	0.00	-2060.29
400.00	5229.19	0.00	-2169.90
400.10	4850.37	0.00	-2269.22
400.20	4449.53	0.00	-2357.65
400.30	4027.84	0.00	-2434.68
400.40	3586.65	0.00	-2499.82
400.50	3127.48	0.00	-2552.69
400.60	2652.04	0.00	-2592.93
400.70	2162.23	0.00	-2620.29
400.80	1660.12	0.00	-2634.57
400.90	1147.96	0.00	-2635.65
401.00	628.16	0.00	-2623.50
401.10	103.26	0.00	-2598.14
401.20	-424.03	0.00	-2559.70
401.30	-950.92	0.00	-2508.37
401.40	-1474.51	0.00	-2444.41
401.50	-1991.82	0.00	-2368.18
401.60	-2499.85	0.00	-2280.08
401.70	-2995.58	0.00	-2180.63
401.80	-3475.97	0.00	-2070.36
401.90	-3938.08	0.00	-1949.92
402.00	-4378.98	0.00	-1819.99
402.10	-4795.90	0.00	-1681.31
402.20	-5186.15	0.00	-1534.70
402.30	-5547.25	0.00	-1380.99
402.40	-5876.88	0.00	-1221.07
402.50	-6172.94	0.00	-1055.87
402.60	-6433.58	0.00	-886.34
402.70	-6657.20	0.00	-713.47
402.80	-6842.46	0.00	-538.24
402.90	-6988.35	0.00	-361.66
403.00	-7094.13	0.00	-184.75
403.10	-7159.39	0.00	-8.50
403.20	-7184.01	0.00	166.09
403.30	-7168.21	0.00	338.05
403.40	-7112.50	0.00	506.42
403.50	-7022.11	0.00	670.29
403.60	-6906.75	0.00	828.77
403.70	-6767.25	0.00	981.01
403.80	-6604.27	0.00	1126.24
403.90	-6418.50	0.00	1263.70
404.00	-6210.70	0.00	1392.72
404.10	-5981.68	0.00	1512.68
404.20	-5732.32	0.00	1623.03
404.30	-5463.56	0.00	1723.28
404.40	-5176.43	0.00	1813.02
404.50	-4872.02	0.00	1891.91
404.60	-4551.50	0.00	1959.70
404.70	-4216.15	0.00	2016.18
404.80	-3867.28	0.00	2061.25
404.90	-3506.34	0.00	2094.87
405.00	-3134.80	0.00	2117.07
405.10	-2754.26	0.00	2127.95
405.20	-2366.35	0.00	2127.71
405.30	-1972.79	0.00	2116.57
405.40	-1575.34	0.00	2094.85
405.50	-1175.82	0.00	2062.90
405.60	-776.06	0.00	2021.15
405.70	-377.95	0.00	1970.07
405.80	16.63	0.00	1910.18
405.90	405.81	0.00	1842.02
406.00	787.72	0.00	1766.21
406.10	1160.53	0.00	1683.35
406.20	1522.44	0.00	1594.09
406.30	1871.74	0.00	1499.10
406.40	2206.77	0.00	1399.06
406.50	2525.96	0.00	1294.66
406.60	2827.84	0.00	1186.57
406.70	3111.07	0.00	1075.50
406.80	3374.40	0.00	962.12
406.90	3616.74	0.00	847.09
407.00	3837.13	0.00	731.07
407.10	4034.75	0.00	614.69
407.20	4208.93	0.00	498.55
407.30	4359.17	0.00	383.24
407.40	4485.11	0.00	269.31
407.50	4586.54	0.00	157.27
407.60	4663.42	0.00	47.61
407.70	4715.86	0.00	-59.21
407.80	4744.10	0.00	-162.80
407.90	4748.53	0.00	-262.76
408.00	4729.68	0.00	-358.77
408.10	4688.19	0.00	-450.51
408.20	4624.84	0.00	-537.73
408.30	4540.51	0.00	-620.20
408.40	4437.47	0.00	-697.71
408.50	4320.49	0.00	-770.12
408.60	4190.52	0.00	-837.29
408.70	4048.22	0.00	-899.12
408.80	3894.32	0.00	-955.55
408.90	3729.51	0.00	-1006.54
409.00	3554.51	0.00	-1052.05
409.10	3370.05	0.00	-1092.12
409.20	3176.87	0.00	-1126.74
409.30	2975.71	0.00	-1155.99
409.40	2767.33	0.00	-1179.90
409.50	2552.52	0.00	-1198.56
409.60	2332.05	0.00	-1212.07
409.70	2106.73	0.00	-1220.52
409.80	1877.38	0.00	-1224.02
409.90	1644.83	0.00	-1222.69
410.00	1409.91	0.00	-1216.67
410.10	1173.49	0.00	-1206.09
410.20	936.43	0.00	-1191.09
410.30	699.61	0.00	-1171.82
410.40	463.92	0.00	-1148.43
410.50	230.22	0.00	-1121.08
410.60	-0.58	0.00	-1089.93
410.70	-227.60	0.00	-1055.15
410.80	-449.96	0.00	-1016.91
410.90	-666.79	0.00	-975.38
411.00	-877.24	0.00	-930.76
411.10	-1080.47	0.00	-883.22
411.20	-1275.67	0.00	-832.97
411.30	-1462.05	0.00	-780.19
411.40	-1638.87	0.00	-725.09
411.50	-1805.40	0.00	-667.89
411.60	-1960.99	0.00	-608.80
411.70	-2105.01	0.00	-548.04
411.80	-2236.89	0.00	-485.86
411.90	-2356.13	0.00	-422.47
412.00	-2462.27	0.00	-358.13
412.10	-2554.93	0.00	-293.08
412.20	-2633.79	0.00	-227.58
412.30	-2698.61	0.00	-161.88
412.40	-2749.22	0.00	-96.24
412.50	-2785.52	0.00	-30.92
412.60	-2807.48	0.00	33.81
412.70	-2815.17	0.00	97.69
412.80	-2808.72	0.00	160.46
412.90	-2788.34	0.00	221.85
413.00	-2754.30	0.00	281.63
413.10	-2706.97	0.00	339.52
413.20	-2646.77	0.00	395.31
413.30	-2575.21	0.00	448.74
413.40	-2493.57	0.00	499.60
413.50	-2402.28	0.00	547.68
413.60	-2301.81	0.00	592.78
413.70	-2192.64	0.00	634.71
413.80	-2075.31	0.00	673.31
413.90	-1950.35	0.00	708.43
414.00	-1818.37	0.00	739.93
414.10	-1679.96	0.00	767.71
414.20	-1535.77	0.00	791.65
414.30	-1386.47	0.00	811.70
414.40	-1232.73	0.00	827.79
414.50	-1075.26	0.00	839.89
414.60	-914.78	0.00	847.98
414.70	-752.05	0.00	852.07
414.80	-587.80	0.00	852.19
414.90	-422.79	0.00	848.38
415.00	-257.80	0.00	840.70
415.10	-93.59	0.00	829.24
415.20	69.07	0.00	814.08
415.30	229.43	0.00	795.36
415.40	386.72	0.00	773.19
415.50	540.21	0.00	747.73
415.60	689.18	0.00	719.11
415.70	832.92	0.00	687.51
415.80	970.76	0.00	653.11
415.90	1102.05	0.00	616.09
416.00	1226.18	0.00	576.64
416.10	1342.55	0.00	534.96
416.20	1450.64	0.00	491.25
416.30	1549.93	0.00	445.71
416.40	1639.97	0.00	398.56
416.50	1720.35	0.00	350.01
416.60	1790.71	0.00	300.26
416.70	1850.73	0.00	249.52
416.80	1900.15	0.00	198.01
416.90	1938.76	0.00	145.94
417.00	1966.42	0.00	93.50
417.10	1983.02	0.00	40.91
417.20	1988.52	0.00	-11.64
417.30	1982.93	0.00	-63.95
417.40	1966.90	0.00	-115.83
417.50	1941.01	0.00	-167.07
417.60	1905.37	0.00	-217.51
417.70	1860.13	0.00	-266.95
417.80	1805.46	0.00	-315.21
417.90	1741.59	0.00	-362.12
418.00	1668.74	0.00	-407.51
418.10	1587.19	0.00	-451.21
418.20	1497.25	0.00	-493.06
418.30	1399.25	0.00	-532.89
418.40	1293.55	0.00	-570.55
418.50	1180.55	0.00	-605.90
418.60	1060.69	0.00	-638.79
418.70	934.44	0.00	-669.08
418.80	802.29	0.00	-696.63
418.90	664.77	0.00	-721.32
419.00	522.44	0.00	-743.04
419.10	375.92	0.00	-761.66
419.20	225.81	0.00	-777.09
419.30	72.78	0.00	-789.22
419.40	-82.49	0.00	-797.98
419.50	-239.28	0.00	-803.29
419.60	-396.86	0.00	-805.08
419.70	-554.47	0.00	-803.31
419.80	-711.34	0.00	-797.92
419.90	-866.66	0.00	-788.91
420.00	-1019.64	0.00	-776.25
420.10	-1169.47	0.00	-759.94
420.20	-1315.33	0.00	-740.01
420.30	-1456.41	0.00	-716.49
420.40	-1591.89	0.00	-689.42
420.50	-1720.99	0.00	-658.87
420.60	-1842.91	0.00	-624.93
420.70	-1956.91	0.00	-587.68
420.80	-2062.25	0.00	-547.24
420.90	-2158.23	0.00	-503.74
421.00	-2244.19	0.00	-457.33
421.10	-2319.51	0.00	-408.17
421.20	-2383.61	0.00	-356.44
421.30	-2436.87	0.00	-302.32
421.40	-2479.58	0.00	-246.01
421.50	-2511.41	0.00	-187.74
421.60	-2532.06	0.00	-127.73
421.70	-2541.28	0.00	-66.23
421.80	-2538.82	0.00	-3.48
421.90	-2524.50	0.00	60.27
422.00	-2498.17	0.00	124.74
422.10	-2459.71	0.00	189.66
422.20	-2409.04	0.00	254.76
422.30	-2346.13	0.00	319.75
422.40	-2270.99	0.00	384.35
422.50	-2183.69	0.00	448.28
422.60	-2084.34	0.00	511.23
422.70	-1973.07	0.00	572.94
422.80	-1850.12	0.00	633.10
422.90	-1715.73	0.00	691.44
423.00	-1570.23	0.00	747.67
423.10	-1413.99	0.00	801.52
423.20	-1247.45	0.00	852.72
423.30	-1071.09	0.00	901.00
423.40	-885.48	0.00	946.10
423.50	-691.22	0.00	987.77
423.60	-489.01	0.00	1025.77
423.70	-279.58	0.00	1059.87
423.80	-63.73	0.00	1089.84
423.90	157.66	0.00	1115.47
424.00	383.67	0.00	1136.55
424.10	613.31	0.00	1152.91
424.20	845.55	0.00	1164.37
424.30	1079.29	0.00	1170.76
424.40	1313.38	0.00	1171.94
424.50	1546.64	0.00	1167.79
424.60	1777.84	0.00	1158.19
424.70	2005.72	0.00	1143.05
424.80	2228.98	0.00	1122.30
424.90	2446.33	0.00	1095.89
425.00	2656.44	0.00	1063.79
425.10	2857.99	0.00	1025.99
425.20	3049.65	0.00	982.51
425.30	3230.13	0.00	933.39
425.40	3398.14	0.00	878.72
425.50	3552.43	0.00	818.58
425.60	3691.80	0.00	753.11
425.70	3815.11	0.00	682.47
425.80	3921.27	0.00	606.84
425.90	4009.62	0.00	526.46
426.00	4082.54	0.00	441.58
426.10	4140.20	0.00	352.48
426.20	4182.01	0.00	259.50
426.30	4207.43	0.00	162.98
426.40	4215.95	0.00	63.31
426.50	4207.08	0.00	-39.09
426.60	4180.40	0.00	-143.76
426.70	4135.50	0.00	-250.22
426.80	4072.06	0.00	-357.97
426.90	3989.79	0.00	-466.46
427.00	3888.48	0.00	-575.14
427.10	3767.96	0.00	-683.42
427.20	3628.19	0.00	-790.69
427.30	3469.16	0.00	-896.35
427.40	3290.99	0.00	-999.76
427.50	3093.88	0.00	-1100.28
427.60	2878.14	0.00	-1197.27
427.70	2644.21	0.00	-1290.10
427.80	2392.63	0.00	-1378.11
427.90	2124.08	0.00	-1460.69
428.00	1839.36	0.00	-1537.23
428.10	1539.42	0.00	-1607.12
428.20	1225.34	0.00	-1669.81
428.30	898.36	0.00	-1724.76
428.40	559.83	0.00	-1771.46
428.50	211.25	0.00	-1809.45
428.60	-145.72	0.00	-1838.31
428.70	-509.32	0.00	-1857.68
428.80	-877.66	0.00	-1867.23
428.90	-1248.73	0.00	-1866.72
429.00	-1620.41	0.00	-1855.94
429.10	-1990.52	0.00	-1834.76
429.20	-2356.78	0.00	-1803.12
429.30	-2716.87	0.00	-1761.00
429.40	-3068.42	0.00	-1708.50
429.50	-3409.07	0.00	-1645.75
429.60	-3736.42	0.00	-1572.97
429.70	-4048.15	0.00	-1490.45
429.80	-4341.96	0.00	-1398.54
429.90	-4615.62	0.00	-1297.68
430.00	-4867.03	0.00	-1188.35
430.10	-5094.17	0.00	-1071.13
430.20	-5295.21	0.00	-946.64
430.30	-5468.45	0.00	-815.55
430.40	-5612.38	0.00	-678.60
430.50	-5725.72	0.00	-536.57
430.60	-5807.37	0.00	-390.28
430.70	-5857.43	0.00	-240.61
430.80	-5882.33	0.00	-88.43
430.90	-5883.19	0.00	65.32
431.00	-5859.78	0.00	219.72
431.10	-5811.97	0.00	373.82
431.20	-5739.68	0.00	526.67
431.30	-5642.93	0.00	677.33
431.40	-5521.84	0.00	824.86
431.50	-5376.59	0.00	968.34
431.60	-5207.48	0.00	1106.88
431.70	-5014.89	0.00	1239.63
431.80	-4799.34	0.00	1365.76
431.90	-4561.44	0.00	1484.49
432.00	-4301.91	0.00	1595.10
432.10	-4021.61	0.00	1696.92
432.20	-3721.53	0.00	1789.34
432.30	-3402.78	0.00	1871.80
432.40	-3066.59	0.00	1943.83
432.50	-2714.35	0.00	2005.03
432.60	-2347.54	0.00	2055.07
432.70	-1967.81	0.00	2093.69
432.80	-1576.90	0.00	2120.70
432.90	-1176.68	0.00	2136.02
433.00	-769.12	0.00	2139.62
433.10	-356.30	0.00	2131.55
433.20	59.65	0.00	2111.94
433.30	476.48	0.00	2081.01
433.40	891.93	0.00	2039.03
433.50	1303.69	0.00	1986.34
433.60	1709.41	0.00	1923.35
433.70	2106.77	0.00	1850.55
433.80	2493.45	0.00	1768.45
433.90	2867.19	0.00	1677.64
434.00	3225.77	0.00	1578.75
434.10	3567.06	0.00	1472.46
434.20	3889.03	0.00	1359.45
434.30	4189.79	0.00	1240.49
434.40	4467.56	0.00	1116.32
434.50	4720.73	0.00	987.73
434.60	4947.85	0.00	855.52
434.70	5147.68	0.00	720.49
434.80	5319.15	0.00	583.44
434.90	5461.41	0.00	445.18
435.00	5573.80	0.00	306.50
435.10	5655.90	0.00	168.18
435.20	5707.49	0.00	30.98
435.30	5728.59	0.00	-104.36
435.40	5719.41	0.00	-237.14
435.50	5680.83	0.00	-366.67
435.60	5619.71	0.00	-492.32
435.70	5538.66	0.00	-613.47
435.80	5438.21	0.00	-729.56
435.90	5318.95	0.00	-840.06
436.00	5181.49	0.00	-944.51
436.10	5026.51	0.00	-1042.47
436.20	4854.69	0.00	-1133.56
436.30	4666.80	0.00	-1217.44
436.40	4463.61	0.00	-1293.84
436.50	4245.96	0.00	-1362.51
436.60	4014.72	0.00	-1423.27
436.70	3770.83	0.00	-1475.99
436.80	3515.24	0.00	-1520.57
436.90	3248.97	0.00	-1556.97
437.00	2973.08	0.00	-1585.20
437.10	2688.67	0.00	-1605.30
437.20	2396.89	0.00	-1617.37
437.30	2098.90	0.00	-1621.53
437.40	1795.94	0.00	-1617.95
437.50	1489.25	0.00	-1606.84
437.60	1180.10	0.00	-1588.44
437.70	869.78	0.00	-1563.02
437.80	559.60	0.00	-1530.88
437.90	250.89	0.00	-1492.34
438.00	-55.06	0.00	-1447.76
438.10	-356.93	0.00	-1397.50
438.20	-653.44	0.00	-1341.96
438.30	-943.31	0.00	-1281.56
438.40	-1225.31	0.00	-1216.70
438.50	-1498.24	0.00	-1147.82
438.60	-1760.98	0.00	-1075.37
438.70	-2012.42	0.00	-999.79
438.80	-2251.55	0.00	-921.54
438.90	-2477.42	0.00	-841.08
439.00	-2689.16	0.00	-758.86
439.10	-2885.99	0.00	-675.33
439.20	-3067.21	0.00	-590.94
439.30	-3232.22	0.00	-506.14
439.40	-3380.52	0.00	-421.37
439.50	-3511.72	0.00	-337.03
439.60	-3625.52	0.00	-253.56
439.70	-3721.74	0.00	-171.34
439.80	-3800.29	0.00	-90.76
439.90	-3861.20	0.00	-12.19
440.00	-3904.58	0.00	64.02
440.10	-3930.68	0.00	137.55
440.20	-3939.80	0.00	208.09
440.30	-3932.37	0.00	275.35
440.40	-3908.89	0.00	339.07
440.50	-3869.94	0.00	399.02
440.60	-3816.19	0.00	454.98
440.70	-3748.69	0.00	506.78
440.80	-3671.05	0.00	554.25
440.90	-3584.51	0.00	597.26
441.00	-3489.70	0.00	635.73
441.10	-3387.22	0.00	669.57
441.20	-3277.69	0.00	698.75
441.30	-3161.74	0.00	723.26
441.40	-3040.00	0.00	743.11
441.50	-2913.08	0.00	758.36
441.60	-2781.62	0.00	769.09
441.70	-2646.23	0.00	775.39
441.80	-2507.53	0.00	777.42
441.90	-2366.11	0.00	775.33
442.00	-2222.57	0.00	769.31
442.10	-2077.47	0.00	759.57
442.20	-1931.37	0.00	746.37
442.30	-1784.81	0.00	729.94
442.40	-1638.29	0.00	710.59
442.50	-1492.28	0.00	688.60
442.60	-1347.23	0.00	664.30
442.70	-1203.57	0.00	638.01
442.80	-1061.66	0.00	610.08
442.90	-921.84	0.00	580.84
443.00	-784.42	0.00	550.67
443.10	-649.64	0.00	519.91
443.20	-517.73	0.00	488.92
443.30	-388.84	0.00	458.06
443.40	-263.10	0.00	427.67
443.50	-140.59	0.00	398.10
443.60	-21.34	0.00	369.65
443.70	94.66	0.00	342.65
443.80	207.46	0.00	317.38
443.90	317.16	0.00	294.10
444.00	423.89	0.00	273.05
444.10	527.80	0.00	254.45
444.20	629.09	0.00	238.48
444.30	727.97	0.00	225.27
444.40	824.70	0.00	214.96
444.50	919.51	0.00	207.61
444.60	1012.68	0.00	203.25
444.70	1104.47	0.00	201.90
444.80	1195.15	0.00	203.49
444.90	1284.98	0.00	207.96
445.00	1374.21	0.00	215.18
445.10	1463.06	0.00	224.98
445.20	1551.73	0.00	237.17
445.30	1640.38	0.00	251.49
445.40	1729.15	0.00	267.68
445.50	1818.12	0.00	285.42
445.60	1907.32	0.00	304.38
445.70	1996.74	0.00	324.18
445.80	2086.30	0.00	344.42
445.90	2175.86	0.00	364.70
446.00	2265.22	0.00	384.58
446.10	2354.12	0.00	403.60
446.20	2442.22	0.00	421.33
446.30	2529.13	0.00	437.29
446.40	2614.38	0.00	451.04
446.50	2697.43	0.00	462.13
446.60	2777.70	0.00	470.12
446.70	2854.54	0.00	474.58
446.80	2927.24	0.00	475.13
446.90	2995.05	0.00	471.38
447.00	3058.52	0.00	463.01
447.10	3118.10	0.00	449.71
447.20	3173.06	0.00	431.23
447.30	3222.65	0.00	407.34
447.40	3266.12	0.00	377.89
447.50	3302.64	0.00	342.76
447.60	3331.41	0.00	301.89
447.70	3351.60	0.00	255.29
447.80	3362.37	0.00	203.02
447.90	3362.91	0.00	145.19
448.00	3352.39	0.00	82.00
448.10	3330.03	0.00	13.68
448.20	3295.05	0.00	-59.45
448.30	3246.73	0.00	-137.04
448.40	3184.39	0.00	-218.65
448.50	3107.40	0.00	-303.80
448.60	3015.22	0.00	-391.97
448.70	2907.35	0.00	-482.57
448.80	2783.39	0.00	-574.98
448.90	2643.05	0.00	-668.51
449.00	2486.11	0.00	-762.48
449.10	2312.50	0.00	-856.16
449.20	2122.25	0.00	-948.78
449.30	1915.51	0.00	-1039.57
449.40	1692.58	0.00	-1127.75
449.50	1453.91	0.00	-1212.54
449.60	1200.07	0.00	-1293.15
449.70	931.83	0.00	-1368.82
449.80	650.06	0.00	-1438.78
449.90	355.82	0.00	-1502.31
450.00	50.32	0.00	-1558.72
450.10	-265.07	0.00	-1607.34
450.20	-588.84	0.00	-1647.57
450.30	-919.32	0.00	-1678.84
450.40	-1254.72	0.00	-1700.65
450.50	-1593.12	0.00	-1712.56
450.60	-1932.45	0.00	-1714.21
450.70	-2270.59	0.00	-1705.29
450.80	-2605.30	0.00	-1685.57
450.90	-2934.28	0.00	-1654.92
451.00	-3255.19	0.00	-1613.28
451.10	-3565.66	0.00	-1560.66
451.20	-3863.29	0.00	-1497.17
451.30	-4145.75	0.00	-1423.01
451.40	-4410.71	0.00	-1338.45
451.50	-4655.92	0.00	-1243.86
451.60	-4879.23	0.00	-1139.67
451.70	-5078.61	0.00	-1026.42
451.80	-5252.16	0.00	-904.69
451.90	-5398.16	0.00	-775.16
452.00	-5515.06	0.00	-638.58
452.10	-5601.52	0.00	-495.73
452.20	-5657.15	0.00	-347.49
452.30	-5687.57	0.00	-194.75
452.40	-5693.77	0.00	-38.48
452.50	-5675.29	0.00	120.34
452.60	-5631.76	0.00	280.68
452.70	-5562.90	0.00	441.50
452.80	-5468.53	0.00	601.75
452.90	-5348.56	0.00	760.35
453.00	-5203.02	0.00	916.26
453.10	-5032.04	0.00	1068.42
453.20	-4835.90	0.00	1215.80
453.30	-4614.99	0.00	1357.38
453.40	-4369.85	0.00	1492.21
453.50	-4101.16	0.00	1619.34
453.60	-3809.74	0.00	1737.88
453.70	-3496.58	0.00	1847.03
453.80	-3162.85	0.00	1945.99
453.90	-2809.84	0.00	2034.08
454.00	-2439.06	0.00	2110.67
454.10	-2052.14	0.00	2175.20
454.20	-1650.89	0.00	2227.21
454.30	-1237.30	0.00	2266.31
454.40	-813.49	0.00	2292.20
454.50	-381.72	0.00	2304.69
454.60	55.61	0.00	2303.63
454.70	495.97	0.00	2289.03
454.80	936.77	0.00	2260.93
454.90	1375.31	0.00	2219.51
455.00	1808.82	0.00	2165.00
455.10	2234.53	0.00	2097.74
455.20	2649.64	0.00	2018.15
455.30	3051.36	0.00	1926.73
455.40	3436.94	0.00	1824.06
455.50	3803.72	0.00	1710.79
455.60	4149.12	0.00	1587.65
455.70	4470.69	0.00	1455.41
455.80	4766.11	0.00	1314.91
455.90	5033.28	0.00	1167.04
456.00	5270.24	0.00	1012.74
456.10	5475.31	0.00	852.98
456.20	5647.00	0.00	688.76
456.30	5784.10	0.00	521.09
456.40	5885.66	0.00	351.02
456.50	5951.02	0.00	179.59
456.60	5979.79	0.00	7.84
456.70	5971.88	0.00	-163.17
456.80	5930.75	0.00	-332.43
456.90	5862.96	0.00	-498.92
457.00	5769.00	0.00	-661.68
457.10	5649.30	0.00	-819.76
457.20	5504.34	0.00	-972.25
457.30	5334.71	0.00	-1118.29
457.40	5141.08	0.00	-1257.08
457.50	4924.21	0.00	-1387.85
457.60	4684.97	0.00	-1509.92
457.70	4424.29	0.00	-1622.66
457.80	4143.23	0.00	-1725.49
457.90	3842.96	0.00	-1817.94
458.00	3524.74	0.00	-1899.56
458.10	3189.93	0.00	-1970.02
458.20	2840.03	0.00	-2029.04
458.30	2476.60	0.00	-2076.41
458.40	2101.34	0.00	-2112.00
458.50	1716.03	0.00	-2135.78
458.60	1322.55	0.00	-2147.74
458.70	922.87	0.00	-2148.00
458.80	519.03	0.00	-2136.69
458.90	113.13	0.00	-2114.06
459.00	-292.68	0.00	-2080.38
459.10	-696.19	0.00	-2036.01
459.20	-1095.18	0.00	-1981.35
459.30	-1487.44	0.00	-1916.86
459.40	-1870.73	0.00	-1843.05
459.50	-2242.86	0.00	-1760.45
459.60	-2601.70	0.00	-1669.67
459.70	-2945.15	0.00	-1571.32
459.80	-3271.20	0.00	-1466.04
459.90	-3577.96	0.00	-1354.53
460.00	-3863.63	0.00	-1237.45
460.10	-4126.55	0.00	-1115.53
460.20	-4365.20	0.00	-989.48
460.30	-4578.24	0.00	-860.03
460.40	-4764.46	0.00	-727.88
460.50	-4922.88	0.00	-593.76
460.60	-5052.66	0.00	-458.38
460.70	-5153.20	0.00	-322.42
460.80	-5224.06	0.00	-186.58
460.90	-5265.02	0.00	-51.51
461.00	-5276.06	0.00	82.15
461.10	-5258.07	0.00	213.79
461.20	-5217.01	0.00	342.83
461.30	-5154.42	0.00	468.71
461.40	-5070.67	0.00	590.91
461.50	-4966.18	0.00	708.94
461.60	-4841.40	0.00	822.34
461.70	-4696.83	0.00	930.70
461.80	-4533.00	0.00	1033.63
461.90	-4350.49	0.00	1130.78
462.00	-4149.94	0.00	1221.84
462.10	-3932.03	0.00	1306.53
462.20	-3697.49	0.00	1384.61
462.30	-3447.10	0.00	1455.87
462.40	-3181.71	0.00	1520.14
462.50	-2902.24	0.00	1577.28
462.60	-2609.65	0.00	1627.17
462.70	-2304.98	0.00	1669.73
462.80	-1989.34	0.00	1704.92
462.90	-1663.90	0.00	1732.71
463.00	-1329.90	0.00	1753.10
463.10	-988.63	0.00	1766.11
463.20	-641.48	0.00	1771.80
463.30	-289.87	0.00	1770.23
463.40	64.72	0.00	1761.49
463.50	420.75	0.00	1745.70
463.60	776.63	0.00	1722.98
463.70	1130.73	0.00	1693.47
463.80	1481.41	0.00	1657.34
463.90	1826.97	0.00	1614.75
464.00	2165.71	0.00	1565.90
464.10	2495.95	0.00	1510.98
464.20	2815.98	0.00	1450.21
464.30	3124.12	0.00	1383.82
464.40	3418.71	0.00	1312.05
464.50	3698.15	0.00	1235.14
464.60	3960.87	0.00	1153.36
464.70	4205.36	0.00	1066.98
464.80	4430.21	0.00	976.28
464.90	4634.06	0.00	881.56
465.00	4815.68	0.00	783.13
465.10	4973.93	0.00	681.30
465.20	5107.78	0.00	576.42
465.30	5216.35	0.00	468.81
465.40	5298.88	0.00	358.83
465.50	5354.74	0.00	246.85
465.60	5387.31	0.00	133.25
465.70	5400.37	0.00	18.40
465.80	5393.74	0.00	-97.29
465.90	5367.24	0.00	-213.41
466.00	5320.76	0.00	-329.55
466.10	5254.16	0.00	-445.28
466.20	5167.37	0.00	-560.17
466.30	5060.34	0.00	-673.77
466.40	4933.05	0.00	-785.64
466.50	4785.53	0.00	-895.33
466.60	4617.88	0.00	-1002.38
466.70	4430.22	0.00	-1106.34
466.80	4222.77	0.00	-1206.75
466.90	3995.82	0.00	-1303.16
467.00	3749.72	0.00	-1395.11
467.10	3484.94	0.00	-1482.18
467.20	3202.02	0.00	-1563.92
467.30	2901.63	0.00	-1639.92
467.40	2584.53	0.00	-1709.76
467.50	2251.61	0.00	-1773.05
467.60	1903.88	0.00	-1829.42
467.70	1542.48	0.00	-1878.52
467.80	1168.66	0.00	-1920.02
467.90	783.82	0.00	-1953.61
468.00	389.47	0.00	-1979.02
468.10	-12.74	0.00	-1996.01
468.20	-421.06	0.00	-2004.37
468.30	-833.59	0.00	-2003.93
468.40	-1248.35	0.00	-1994.54
468.50	-1663.26	0.00	-1976.11
468.60	-2076.16	0.00	-1948.59
468.70	-2484.79	0.00	-1911.95
468.80	-2886.86	0.00	-1866.24
468.90	-3280.03	0.00	-1811.51
469.00	-3661.94	0.00	-1747.90
469.10	-4030.20	0.00	-1675.57
469.20	-4382.48	0.00	-1594.73
469.30	-4716.46	0.00	-1505.64
469.40	-5029.87	0.00	-1408.61
469.50	-5320.54	0.00	-1303.98
469.60	-5586.38	0.00	-1192.14
469.70	-5825.45	0.00	-1073.55
469.80	-6035.92	0.00	-948.67
469.90	-6216.13	0.00	-818.02
470.00	-6364.62	0.00	-682.16
470.10	-6480.10	0.00	-541.69
470.20	-6561.50	0.00	-397.23
470.30	-6611.76	0.00	-249.42
470.40	-6638.20	0.00	-98.97
470.50	-6640.73	0.00	53.44
470.60	-6619.03	0.00	207.07
470.70	-6572.84	0.00	361.18
470.80	-6501.93	0.00	515.03
470.90	-6406.10	0.00	667.84
471.00	-6285.21	0.00	818.84
471.10	-6139.16	0.00	967.29
471.20	-5967.96	0.00	1112.40
471.30	-5771.63	0.00	1253.43
471.40	-5550.34	0.00	1389.64
471.50	-5304.30	0.00	1520.30
471.60	-5033.85	0.00	1644.71
471.70	-4739.47	0.00	1762.19
471.80	-4421.72	0.00	1872.10
471.90	-4081.33	0.00	1973.82
472.00	-3719.16	0.00	2066.78
472.10	-3336.24	0.00	2150.43
472.20	-2933.75	0.00	2224.29
472.30	-2513.03	0.00	2287.92
472.40	-2075.60	0.00	2340.92
472.50	-1623.15	0.00	2382.94
472.60	-1157.52	0.00	2413.72
472.70	-680.74	0.00	2433.00
472.80	-194.98	0.00	2440.64
472.90	297.43	0.00	2436.51
473.00	794.03	0.00	2420.58
473.10	1292.23	0.00	2392.86
473.20	1789.33	0.00	2353.42
473.30	2282.55	0.00	2302.41
473.40	2769.04	0.00	2240.03
473.50	3245.88	0.00	2166.54
473.60	3710.17	0.00	2082.27
473.70	4158.97	0.00	1987.60
473.80	4589.40	0.00	1882.97
473.90	4998.64	0.00	1768.87
474.00	5383.94	0.00	1645.85
474.10	5742.66	0.00	1514.51
474.20	6072.31	0.00	1375.48
474.30	6370.58	0.00	1229.45
474.40	6635.32	0.00	1077.14
474.50	6864.63	0.00	919.31
474.60	7056.81	0.00	756.75
474.70	7210.44	0.00	590.26
474.80	7324.36	0.00	420.69
474.90	7397.69	0.00	248.89
475.00	7429.86	0.00	75.71
475.10	7427.15	0.00	-97.96
475.20	7397.96	0.00	-271.26
475.30	7342.31	0.00	-443.32
475.40	7260.21	0.00	-613.27
475.50	7151.72	0.00	-780.27
475.60	7016.92	0.00	-943.49
475.70	6855.96	0.00	-1102.11
475.80	6669.02	0.00	-1255.35
475.90	6456.37	0.00	-1402.46
476.00	6218.33	0.00	-1542.73
476.10	5955.31	0.00	-1675.47
476.20	5667.82	0.00	-1800.06
476.30	5356.46	0.00	-1915.91
476.40	5021.96	0.00	-2022.48
476.50	4665.15	0.00	-2119.28
476.60	4287.02	0.00	-2205.88
476.70	3888.68	0.00	-2281.90
476.80	3471.39	0.00	-2347.03
476.90	3036.55	0.00	-2401.01
477.00	2585.72	0.00	-2443.63
477.10	2120.61	0.00	-2474.76
477.20	1643.08	0.00	-2494.32
477.30	1155.13	0.00	-2502.28
477.40	658.89	0.00	-2498.69
477.50	156.63	0.00	-2483.65
477.60	-349.27	0.00	-2457.29
477.70	-856.32	0.00	-2419.84
477.80	-1361.95	0.00	-2371.55
477.90	-1863.51	0.00	-2312.72
478.00	-2358.30	0.00	-2243.72
478.10	-2843.61	0.00	-2164.95
478.20	-3316.70	0.00	-2076.83
478.30	-3774.85	0.00	-1979.86
478.40	-4215.38	0.00	-1874.54
478.50	-4635.67	0.00	-1761.42
478.60	-5033.19	0.00	-1641.06
478.70	-5405.51	0.00	-1514.05
478.80	-5750.34	0.00	-1381.02
478.90	-6065.53	0.00	-1242.58
479.00	-6349.12	0.00	-1099.38
479.10	-6599.32	0.00	-952.06
479.20	-6814.57	0.00	-801.29
479.30	-6993.51	0.00	-647.72
479.40	-7135.03	0.00	-492.00
479.50	-7238.27	0.00	-334.79
479.60	-7302.61	0.00	-176.75
479.70	-7327.68	0.00	-18.50
479.80	-7316.43	0.00	139.32
479.90	-7279.60	0.00	296.09
480.00	-7218.18	0.00	451.22
480.10	-7132.25	0.00	604.11
480.20	-7021.89	0.00	754.20
480.30	-6887.18	0.00	900.94
480.40	-6728.25	0.00	1043.78
480.50	-6545.21	0.00	1182.23
480.60	-6338.23	0.00	1315.79
480.70	-6107.51	0.00	1443.99
480.80	-5853.30	0.00	1566.37
480.90	-5575.92	0.00	1682.51
481.00	-5275.77	0.00	1792.01
481.10	-4953.30	0.00	1894.48
481.20	-4609.11	0.00	1989.54
481.30	-4243.86	0.00	2076.88
481.40	-3858.36	0.00	2156.15
481.50	-3453.53	0.00	2227.08
481.60	-3030.44	0.00	2289.37
481.70	-2590.30	0.00	2342.79
481.80	-2134.45	0.00	2387.10
481.90	-1664.42	0.00	2422.09
482.00	-1181.86	0.00	2447.58
482.10	-688.61	0.00	2463.42
482.20	-186.64	0.00	2469.48
482.30	321.92	0.00	2465.64
482.40	834.81	0.00	2451.84
482.50	1349.61	0.00	2428.03
482.60	1863.81	0.00	2394.17
482.70	2374.77	0.00	2350.30
482.80	2879.76	0.00	2296.45
482.90	3375.98	0.00	2232.70
483.00	3860.57	0.00	2159.17
483.10	4330.64	0.00	2076.01
483.20	4783.30	0.00	1983.40
483.30	5215.66	0.00	1881.58
483.40	5624.89	0.00	1770.81
483.50	6008.20	0.00	1651.40
483.60	6362.91	0.00	1523.70
483.70	6686.48	0.00	1388.10
483.80	6976.49	0.00	1245.05
483.90	7230.70	0.00	1095.01
484.00	7447.08	0.00	938.51
484.10	7623.81	0.00	776.11
484.20	7759.33	0.00	608.41
484.30	7852.32	0.00	436.07
484.40	7904.53	0.00	259.75
484.50	7927.96	0.00	80.18
484.60	7923.74	0.00	-101.89
484.70	7891.46	0.00	-285.67
484.80	7830.71	0.00	-470.37
484.90	7741.07	0.00	-655.13
485.00	7622.16	0.00	-839.10
485.10	7473.63	0.00	-1021.41
485.20	7295.17	0.00	-1201.18
485.30	7086.52	0.00	-1377.50
485.40	6847.52	0.00	-1549.49
485.50	6578.08	0.00	-1716.24
485.60	6278.22	0.00	-1876.87
485.70	5948.09	0.00	-2030.50
485.80	5588.00	0.00	-2176.28
485.90	5198.41	0.00	-2313.37
486.00	4779.98	0.00	-2440.97
486.10	4333.56	0.00	-2558.31
486.20	3860.23	0.00	-2664.67
486.30	3361.27	0.00	-2759.36
486.40	2838.25	0.00	-2841.76
486.50	2292.93	0.00	-2911.27
486.60	1727.37	0.00	-2967.40
486.70	1143.87	0.00	-3009.68
486.80	544.97	0.00	-3037.74
486.90	-66.52	0.00	-3051.26
487.00	-687.57	0.00	-3050.01
487.10	-1314.94	0.00	-3033.83
487.20	-1945.15	0.00	-3002.63
487.30	-2574.59	0.00	-2956.42
487.40	-3199.45	0.00	-2895.28
487.50	-3815.83	0.00	-2819.38
487.60	-4419.73	0.00	-2728.96
487.70	-5007.09	0.00	-2624.36
487.80	-5573.84	0.00	-2505.99
487.90	-6115.94	0.00	-2374.33
488.00	-6629.41	0.00	-2229.97
488.10	-7110.40	0.00	-2073.53
488.20	-7555.20	0.00	-1905.73
488.30	-7960.28	0.00	-1727.36
488.40	-8322.37	0.00	-1539.25
488.50	-8638.48	0.00	-1342.31
488.60	-8905.89	0.00	-1137.49
488.70	-9122.28	0.00	-925.81
488.80	-9285.67	0.00	-708.30
488.90	-9394.49	0.00	-486.06
489.00	-9456.78	0.00	-260.19
489.10	-9486.86	0.00	-31.85
489.20	-9484.60	0.00	197.83
489.30	-9449.68	0.00	427.66
489.40	-9381.76	0.00	656.47
489.50	-9280.49	0.00	883.09
489.60	-9145.56	0.00	1106.36
489.70	-8976.66	0.00	1325.12
489.80	-8773.52	0.00	1538.26
489.90	-8535.94	0.00	1744.67
490.00	-8263.79	0.00	1943.29
490.10	-7957.02	0.00	2133.09
490.20	-7615.72	0.00	2313.10
490.30	-7240.12	0.00	2482.37
490.40	-6830.60	0.00	2640.05
490.50	-6387.74	0.00	2785.32
490.60	-5912.33	0.00	2917.42
490.70	-5405.39	0.00	3035.68
490.80	-4868.17	0.00	3139.49
490.90	-4302.20	0.00	3228.32
491.00	-3709.27	0.00	3301.71
491.10	-3091.45	0.00	3359.28
491.20	-2451.09	0.00	3400.74
491.30	-1790.84	0.00	3425.88
491.40	-1113.60	0.00	3434.56
491.50	-422.55	0.00	3426.76
491.60	278.87	0.00	3402.49
491.70	987.00	0.00	3361.89
491.80	1697.96	0.00	3305.16
491.90	2407.70	0.00	3232.59
492.00	3112.01	0.00	3144.53
492.10	3806.58	0.00	3041.44
492.20	4487.01	0.00	2923.82
492.30	5148.89	0.00	2792.27
492.40	5787.79	0.00	2647.43
492.50	6399.35	0.00	2490.04
492.60	6979.33	0.00	2320.86
492.70	7523.61	0.00	2140.75
492.80	8028.27	0.00	1950.58
492.90	8489.62	0.00	1751.30
493.00	8904.27	0.00	1543.88
493.10	9269.12	0.00	1329.36
493.20	9581.44	0.00	1108.77
493.30	9838.88	0.00	883.20
493.40	10039.49	0.00	653.76
493.50	10181.77	0.00	421.55
493.60	10264.68	0.00	187.72
493.70	10288.78	0.00	-46.60
493.80	10274.23	0.00	-280.28
493.90	10228.49	0.00	-512.18
494.00	10151.56	0.00	-741.17
494.10	10043.43	0.00	-966.15
494.20	9904.03	0.00	-1186.04
494.30	9733.32	0.00	-1399.78
494.40	9531.23	0.00	-1606.35
494.50	9297.74	0.00	-1804.74
494.60	9032.84	0.00	-1994.02
494.70	8736.62	0.00	-2173.28
494.80	8409.22	0.00	-2341.67
494.90	8050.91	0.00	-2498.39
495.00	7662.08	0.00	-2642.72
495.10	7243.26	0.00	-2773.97
495.20	6795.17	0.00	-2891.53
495.30	6318.72	0.00	-2994.88
495.40	5815.02	0.00	-3083.53
495.50	5285.40	0.00	-3157.11
495.60	4731.42	0.00	-3215.30
495.70	4154.92	0.00	-3257.87
495.80	3557.92	0.00	-3284.65
495.90	2942.74	0.00	-3295.59
496.00	2311.91	0.00	-3290.68
496.10	1668.20	0.00	-3270.03
496.20	1014.60	0.00	-3233.81
496.30	354.28	0.00	-3182.26
496.40	-309.38	0.00	-3115.75
496.50	-972.87	0.00	-3034.66
496.60	-1632.56	0.00	-2939.51
496.70	-2284.72	0.00	-2830.86
496.80	-2925.55	0.00	-2709.34
496.90	-3551.26	0.00	-2575.66
497.00	-4158.05	0.00	-2430.60
497.10	-4742.20	0.00	-2274.99
497.20	-5300.08	0.00	-2109.70
497.30	-5828.19	0.00	-1935.68
497.40	-6323.22	0.00	-1753.91
497.50	-6782.06	0.00	-1565.41
497.60	-7201.85	0.00	-1371.23
497.70	-7580.02	0.00	-1172.45
497.80	-7914.29	0.00	-970.16
497.90	-8202.73	0.00	-765.49
498.00	-8443.76	0.00	-559.56
498.10	-8636.15	0.00	-353.47
498.20	-8779.10	0.00	-148.34
498.30	-8872.14	0.00	54.73
498.40	-8915.25	0.00	254.67
498.50	-8908.77	0.00	450.42
498.60	-8853.43	0.00	640.99
498.70	-8751.13	0.00	825.39
498.80	-8617.75	0.00	1002.71
498.90	-8459.59	0.00	1172.08
499.00	-8277.37	0.00	1332.67
499.10	-8071.85	0.00	1483.75
499.20	-7843.81	0.00	1624.63
499.30	-7594.06	0.00	1754.71
499.40	-7323.44	0.00	1873.45
499.50	-7032.86	0.00	1980.39
499.60	-6723.28	0.00	2075.17
499.70	-6395.72	0.00	2157.48
499.80	-6051.27	0.00	2227.12
499.90	-5691.10	0.00	2283.96
500.00	-5316.48	0.00	2327.95
500.10	-4928.73	0.00	2359.13
500.20	-4529.27	0.00	2377.62
500.30	-4119.61	0.00	2383.61
500.40	-3701.34	0.00	2377.37
500.50	-3276.10	0.00	2359.24
500.60	-2845.62	0.00	2329.63
500.70	-2411.67	0.00	2289.02
500.80	-1976.10	0.00	2237.94
500.90	-1540.75	0.00	2176.96
501.00	-1107.51	0.00	2106.73
501.10	-678.27	0.00	2027.91
501.20	-254.92	0.00	1941.22
501.30	160.68	0.00	1847.40
501.40	566.72	0.00	1747.22
501.50	961.42	0.00	1641.45
501.60	1343.11	0.00	1530.90
501.70	1710.16	0.00	1416.36
501.80	2061.07	0.00	1298.63
501.90	2394.44	0.00	1178.51
502.00	2709.01	0.00	1056.78
502.10	3003.63	0.00	934.19
502.20	3277.32	0.00	811.50
502.30	3529.23	0.00	689.42
502.40	3758.67	0.00	568.63
502.50	3965.12	0.00	449.79
502.60	4148.21	0.00	333.50
502.70	4307.73	0.00	220.33
502.80	4443.63	0.00	110.82
502.90	4556.02	0.00	5.45
503.00	4645.15	0.00	-95.34
503.10	4711.42	0.00	-191.18
503.20	4755.36	0.00	-281.71
503.30	4777.64	0.00	-366.65
503.40	4779.02	0.00	-445.75
503.50	4760.39	0.00	-518.82
503.60	4722.71	0.00	-585.71
503.70	4667.05	0.00	-646.32
503.80	4594.53	0.00	-700.59
503.90	4506.32	0.00	-748.50
504.00	4403.67	0.00	-790.08
504.10	4287.82	0.00	-825.40
504.20	4160.07	0.00	-854.54
504.30	4022.71	0.00	-877.66
504.40	3880.09	0.00	-894.90
504.50	3733.26	0.00	-906.46
504.60	3583.00	0.00	-912.57
504.70	3430.07	0.00	-913.46
504.80	3275.19	0.00	-909.40
504.90	3119.06	0.00	-900.66
505.00	2962.33	0.00	-887.55
505.10	2805.64	0.00	-870.38
505.20	2649.60	0.00	-849.46
505.30	2494.76	0.00	-825.13
505.40	2341.67	0.00	-797.71
505.50	2190.81	0.00	-767.56
505.60	2042.63	0.00	-735.01
505.70	1897.57	0.00	-700.41
505.80	1756.00	0.00	-664.10
505.90	1618.26	0.00	-626.41
506.00	1484.65	0.00	-587.68
506.10	1355.42	0.00	-548.24
506.20	1230.79	0.00	-508.40
506.30	1110.93	0.00	-468.49
506.40	995.96	0.00	-428.79
506.50	885.98	0.00	-389.59
506.60	781.03	0.00	-351.18
506.70	681.11	0.00	-313.82
506.80	586.19	0.00	-277.74
506.90	496.17	0.00	-243.19
507.00	410.95	0.00	-210.38
507.10	330.37	0.00	-179.50
507.20	254.24	0.00	-150.73
507.30	182.34	0.00	-124.24
507.40	114.42	0.00	-100.16
507.50	50.20	0.00	-78.61
507.60	-10.63	0.00	-59.69
507.70	-68.38	0.00	-43.47
507.80	-123.41	0.00	-30.00
507.90	-176.07	0.00	-19.33
508.00	-226.74	0.00	-11.46
508.10	-275.78	0.00	-6.37
508.20	-323.58	0.00	-4.03
508.30	-370.51	0.00	-4.39
508.40	-416.95	0.00	-7.37
508.50	-463.28	0.00	-12.86
508.60	-509.83	0.00	-20.76
508.70	-556.96	0.00	-30.91
508.80	-604.97	0.00	-43.17
508.90	-654.17	0.00	-57.35
509.00	-704.82	0.00	-73.28
509.10	-757.16	0.00	-90.74
509.20	-811.41	0.00	-109.51
509.30	-867.72	0.00	-129.38
509.40	-926.23	0.00	-150.09
509.50	-987.04	0.00	-171.41
509.60	-1050.20	0.00	-193.09
509.70	-1115.72	0.00	-214.86
509.80	-1183.56	0.00	-236.47
509.90	-1253.64	0.00	-257.67
510.00	-1325.83	0.00	-278.21
510.10	-1399.97	0.00	-297.82
510.20	-1475.85	0.00	-316.28
510.30	-1553.21	0.00	-333.35
510.40	-1631.74	0.00	-348.80
510.50	-1711.11	0.00	-362.43
510.60	-1790.96	0.00	-374.04
510.70	-1870.86	0.00	-383.46
510.80	-1950.37	0.00	-390.51
510.90	-2029.03	0.00	-395.06
511.00	-2106.33	0.00	-396.98
511.10	-2181.77	0.00	-396.17
511.20	-2254.81	0.00	-392.54
511.30	-2324.91	0.00	-386.05
511.40	-2391.51	0.00	-376.65
511.50	-2454.06	0.00	-364.32
511.60	-2512.01	0.00	-349.08
511.70	-2564.82	0.00	-330.95
511.80	-2612.00	0.00	-310.00
511.90	-2654.31	0.00	-286.29
512.00	-2691.89	0.00	-259.92
512.10	-2724.34	0.00	-231.01
512.20	-2751.29	0.00	-199.69
512.30	-2772.37	0.00	-166.11
512.40	-2787.22	0.00	-130.45
512.50	-2795.52	0.00	-92.87
512.60	-2796.96	0.00	-53.60
512.70	-2791.26	0.00	-12.82
512.80	-2778.15	0.00	29.24
512.90	-2757.41	0.00	72.35
513.00	-2728.81	0.00	116.29
513.10	-2692.20	0.00	160.80
513.20	-2647.43	0.00	205.65
513.30	-2594.37	0.00	250.60
513.40	-2532.96	0.00	295.41
513.50	-2463.14	0.00	339.83
513.60	-2384.91	0.00	383.63
513.70	-2298.29	0.00	426.57
513.80	-2203.34	0.00	468.43
513.90	-2100.16	0.00	509.00
514.00	-1988.89	0.00	548.07
514.10	-1869.71	0.00	585.43
514.20	-1742.82	0.00	620.91
514.30	-1608.49	0.00	654.33
514.40	-1467.01	0.00	685.54
514.50	-1318.70	0.00	714.37
514.60	-1163.94	0.00	740.71
514.70	-1003.13	0.00	764.44
514.80	-836.70	0.00	785.46
514.90	-665.14	0.00	803.67
515.00	-488.96	0.00	819.01
515.10	-308.70	0.00	831.42
515.20	-124.92	0.00	840.87
515.30	61.77	0.00	847.32
515.40	250.75	0.00	850.76
515.50	441.36	0.00	851.20
515.60	632.94	0.00	848.66
515.70	824.80	0.00	843.15
515.80	1016.24	0.00	834.73
515.90	1206.55	0.00	823.43
516.00	1395.00	0.00	809.33
516.10	1580.87	0.00	792.50
516.20	1763.43	0.00	773.01
516.30	1941.96	0.00	750.96
516.40	2115.73	0.00	726.43
516.50	2284.05	0.00	699.52
516.60	2446.20	0.00	670.35
516.70	2601.53	0.00	639.03
516.80	2749.36	0.00	605.65
516.90	2889.06	0.00	570.35
517.00	3020.02	0.00	533.23
517.10	3141.68	0.00	494.42
517.20	3253.47	0.00	454.04
517.30	3354.90	0.00	412.20
517.40	3445.50	0.00	369.02
517.50	3524.84	0.00	324.63
517.60	3592.53	0.00	279.14
517.70	3648.23	0.00	232.66
517.80	3691.65	0.00	185.31
517.90	3722.55	0.00	137.21
518.00	3740.73	0.00	88.47
518.10	3748.14	0.00	39.21
518.20	3746.42	0.00	-10.47
518.30	3735.50	0.00	-60.46
518.40	3715.31	0.00	-110.64
518.50	3685.78	0.00	-160.90
518.60	3646.87	0.00	-211.12
518.70	3598.53	0.00	-261.20
518.80	3540.72	0.00	-311.01
518.90	3473.41	0.00	-360.44
519.00	3396.61	0.00	-409.37
519.10	3310.29	0.00	-457.67
519.20	3214.50	0.00	-505.21
519.30	3109.26	0.00	-551.88
519.40	2994.63	0.00	-597.52
519.50	2870.70	0.00	-642.00
519.60	2737.58	0.00	-685.18
519.70	2595.40	0.00	-726.90
519.80	2444.35	0.00	-767.03
519.90	2284.62	0.00	-805.40
520.00	2116.47	0.00	-841.86
520.10	1940.18	0.00	-876.24
520.20	1756.09	0.00	-908.38
520.30	1564.56	0.00	-938.12
520.40	1366.03	0.00	-965.30
520.50	1160.97	0.00	-989.74
520.60	949.90	0.00	-1011.28
520.70	733.39	0.00	-1029.77
520.80	512.06	0.00	-1045.05
520.90	286.61	0.00	-1056.97
521.00	57.75	0.00	-1065.39
521.10	-173.74	0.00	-1070.17
521.20	-407.04	0.00	-1071.19
521.30	-641.27	0.00	-1068.33
521.40	-875.53	0.00	-1061.50
521.50	-1108.87	0.00	-1050.62
521.60	-1340.31	0.00	-1035.60
521.70	-1568.83	0.00	-1016.41
521.80	-1793.42	0.00	-993.01
521.90	-2013.00	0.00	-965.39
522.00	-2226.55	0.00	-933.55
522.10	-2432.98	0.00	-897.54
522.20	-2631.25	0.00	-857.41
522.30	-2820.31	0.00	-813.24
522.40	-2999.16	0.00	-765.12
522.50	-3166.78	0.00	-713.20
522.60	-3322.24	0.00	-657.63
522.70	-3464.63	0.00	-598.58
522.80	-3593.10	0.00	-536.26
522.90	-3706.85	0.00	-470.89
523.00	-3805.17	0.00	-402.74
523.10	-3887.42	0.00	-332.06
523.20	-3953.03	0.00	-259.16
523.30	-4001.54	0.00	-184.35
523.40	-4032.57	0.00	-107.97
523.50	-4045.86	0.00	-30.36
523.60	-4041.22	0.00	48.12
523.70	-4020.14	0.00	127.07
523.80	-3985.44	0.00	206.13
523.90	-3937.17	0.00	284.89
524.00	-3875.37	0.00	362.95
524.10	-3800.14	0.00	439.91
524.20	-3711.61	0.00	515.36
524.30	-3609.96	0.00	588.91
524.40	-3495.42	0.00	660.15
524.50	-3368.27	0.00	728.70
524.60	-3228.85	0.00	794.18
524.70	-3077.56	0.00	856.23
524.80	-2914.85	0.00	914.50
524.90	-2741.22	0.00	968.65
525.00	-2557.25	0.00	1018.39
525.10	-2363.55	0.00	1063.41
525.20	-2160.83	0.00	1103.47
525.30	-1949.83	0.00	1138.32
525.40	-1731.35	0.00	1167.76
525.50	-1506.25	0.00	1191.62
525.60	-1275.45	0.00	1209.76
525.70	-1039.92	0.00	1222.06
525.80	-800.67	0.00	1228.44
525.90	-558.75	0.00	1228.88
526.00	-315.26	0.00	1223.35
526.10	-71.32	0.00	1211.90
526.20	171.93	0.00	1194.58
526.30	413.31	0.00	1171.49
526.40	651.66	0.00	1142.76
526.50	885.80	0.00	1108.56
526.60	1114.56	0.00	1069.09
526.70	1336.78	0.00	1024.58
526.80	1551.34	0.00	975.27
526.90	1757.13	0.00	921.46
527.00	1953.10	0.00	863.45
527.10	2138.24	0.00	801.59
527.20	2311.61	0.00	736.21
527.30	2472.32	0.00	667.70
527.40	2619.57	0.00	596.44
527.50	2752.63	0.00	522.83
527.60	2870.85	0.00	447.30
527.70	2973.69	0.00	370.24
527.80	3060.69	0.00	292.10
527.90	3131.50	0.00	213.30
528.00	3185.87	0.00	134.26
528.10	3223.65	0.00	55.40
528.20	3244.80	0.00	-22.84
528.30	3249.38	0.00	-100.08
528.40	3237.55	0.00	-175.90
528.50	3209.58	0.00	-249.93
528.60	3165.82	0.00	-321.79
528.70	3106.88	0.00	-391.14
528.80	3035.11	0.00	-457.64
528.90	2951.62	0.00	-520.99
529.00	2856.87	0.00	-580.90
529.10	2751.39	0.00	-637.10
529.20	2635.71	0.00	-689.37
529.30	2510.43	0.00	-737.48
529.40	2376.17	0.00	-781.26
529.50	2233.57	0.00	-820.54
529.60	2083.33	0.00	-855.21
529.70	1926.15	0.00	-885.16
529.80	1762.78	0.00	-910.32
529.90	1593.97	0.00	-930.64
530.00	1420.51	0.00	-946.11
530.10	1243.20	0.00	-956.73
530.20	1062.87	0.00	-962.55
530.30	880.33	0.00	-963.61
530.40	696.45	0.00	-960.00
530.50	512.05	0.00	-951.82
530.60	327.99	0.00	-939.20
530.70	145.12	0.00	-922.29
530.80	-35.73	0.00	-901.25
530.90	-213.73	0.00	-876.25
531.00	-388.06	0.00	-847.50
531.10	-557.93	0.00	-815.20
531.20	-722.57	0.00	-779.58
531.30	-881.24	0.00	-740.85
531.40	-1033.22	0.00	-699.28
531.50	-1177.84	0.00	-655.09
531.60	-1314.46	0.00	-608.55
531.70	-1442.49	0.00	-559.91
531.80	-1561.40	0.00	-509.43
531.90	-1670.67	0.00	-457.38
532.00	-1769.87	0.00	-404.01
532.10	-1858.62	0.00	-349.60
532.20	-1936.57	0.00	-294.39
532.30	-2003.46	0.00	-238.66
532.40	-2059.08	0.00	-182.64
532.50	-2103.26	0.00	-126.60
532.60	-2135.93	0.00	-70.77
532.70	-2157.05	0.00	-15.39
532.80	-2166.66	0.00	39.31
532.90	-2164.83	0.00	93.10
533.00	-2151.73	0.00	145.76
533.10	-2127.55	0.00	197.10
533.20	-2092.76	0.00	246.91
533.30	-2048.53	0.00	295.00
533.40	-1995.27	0.00	341.20
533.50	-1933.28	0.00	385.33
533.60	-1862.89	0.00	427.23
533.70	-1784.48	0.00	466.75
533.80	-1698.44	0.00	503.76
533.90	-1605.17	0.00	538.12
534.00	-1505.12	0.00	569.73
534.10	-1398.75	0.00	598.46
534.20	-1286.56	0.00	624.23
534.30	-1169.04	0.00	646.96
534.40	-1046.74	0.00	666.57
534.50	-920.21	0.00	683.00
534.60	-790.01	0.00	696.21
534.70	-656.74	0.00	706.17
534.80	-520.99	0.00	712.84
534.90	-383.40	0.00	716.23
535.00	-244.58	0.00	716.33
535.10	-105.17	0.00	713.17
535.20	34.17	0.00	706.76
535.30	172.79	0.00	697.16
535.40	310.05	0.00	684.41
535.50	445.30	0.00	668.60
535.60	577.88	0.00	649.79
535.70	707.17	0.00	628.09
535.80	832.54	0.00	603.59
535.90	953.38	0.00	576.43
536.00	1069.10	0.00	546.73
536.10	1179.13	0.00	514.64
536.20	1282.92	0.00	480.30
536.30	1379.98	0.00	443.89
536.40	1469.81	0.00	405.58
536.50	1551.98	0.00	365.55
536.60	1626.08	0.00	324.01
536.70	1691.75	0.00	281.14
536.80	1748.67	0.00	237.16
536.90	1796.57	0.00	192.28
537.00	1835.24	0.00	146.72
537.10	1864.49	0.00	100.70
537.20	1884.22	0.00	54.45
537.30	1894.50	0.00	8.20
537.40	1896.05	0.00	-37.84
537.50	1889.01	0.00	-83.44
537.60	1873.45	0.00	-128.36
537.70	1849.48	0.00	-172.41
537.80	1817.23	0.00	-215.35
537.90	1776.87	0.00	-256.99
538.00	1728.61	0.00	-297.13
538.10	1672.69	0.00	-335.58
538.20	1609.36	0.00	-372.15
538.30	1538.92	0.00	-406.67
538.40	1461.70	0.00	-439.00
538.50	1378.06	0.00	-468.99
538.60	1288.36	0.00	-496.51
538.70	1193.02	0.00	-521.45
538.80	1092.46	0.00	-543.70
538.90	987.13	0.00	-563.19
539.00	877.51	0.00	-579.86
539.10	764.08	0.00	-593.65
539.20	647.34	0.00	-604.54
539.30	527.83	0.00	-612.51
539.40	406.06	0.00	-617.56
539.50	282.58	0.00	-619.72
539.60	157.94	0.00	-619.03
539.70	32.67	0.00	-615.53
539.80	-92.66	0.00	-609.30
539.90	-217.52	0.00	-600.42
540.00	-341.36	0.00	-588.99
540.10	-463.64	0.00	-575.12
540.20	-583.84	0.00	-558.93
540.30	-701.46	0.00	-540.55
540.40	-815.99	0.00	-520.13
540.50	-926.97	0.00	-497.82
540.60	-1033.94	0.00	-473.78
540.70	-1136.46	0.00	-448.17
540.80	-1234.15	0.00	-421.15
540.90	-1326.62	0.00	-392.90
541.00	-1413.53	0.00	-363.58
541.10	-1494.56	0.00	-333.38
541.20	-1569.42	0.00	-302.45
541.30	-1637.88	0.00	-270.96
541.40	-1699.71	0.00	-239.09
541.50	-1754.72	0.00	-206.97
541.60	-1802.78	0.00	-174.78
541.70	-1843.77	0.00	-142.64
541.80	-1877.61	0.00	-110.71
541.90	-1904.25	0.00	-79.09
542.00	-1923.68	0.00	-47.92
542.10	-1935.91	0.00	-17.30
542.20	-1941.29	0.00	12.68
542.30	-1940.59	0.00	41.92
542.40	-1933.94	0.00	70.36
542.50	-1921.44	0.00	97.92
542.60	-1903.21	0.00	124.55
542.70	-1879.37	0.00	150.22
542.80	-1850.06	0.00	174.88
542.90	-1815.42	0.00	198.52
543.00	-1775.59	0.00	221.12
543.10	-1730.72	0.00	242.68
543.20	-1680.96	0.00	263.19
543.30	-1626.46	0.00	282.68
543.40	-1567.39	0.00	301.14
543.50	-1503.90	0.00	318.62
543.60	-1436.16	0.00	335.12
543.70	-1364.32	0.00	350.68
543.80	-1288.56	0.00	365.34
543.90	-1209.04	0.00	379.11
544.00	-1125.94	0.00	392.04
544.10	-1039.41	0.00	404.15
544.20	-949.65	0.00	415.47
544.30	-856.81	0.00	426.03
544.40	-761.10	0.00	435.86
544.50	-662.69	0.00	444.96
544.60	-561.78	0.00	453.35
544.70	-458.57	0.00	461.04
544.80	-353.26	0.00	468.03
544.90	-246.07	0.00	474.31
545.00	-137.22	0.00	479.87
545.10	-26.96	0.00	484.68
545.20	84.48	0.00	488.72
545.30	196.84	0.00	491.95
545.40	309.85	0.00	494.33
545.50	423.23	0.00	495.80
545.60	536.67	0.00	496.31
545.70	649.87	0.00	495.79
545.80	762.51	0.00	494.18
545.90	874.25	0.00	491.40
546.00	984.73	0.00	487.37
546.10	1093.59	0.00	482.01
546.20	1200.45	0.00	475.25
546.30	1304.92	0.00	466.99
546.40	1406.59	0.00	457.16
546.50	1505.06	0.00	445.68
546.60	1599.90	0.00	432.47
546.70	1690.69	0.00	417.46
546.80	1776.99	0.00	400.58
546.90	1858.37	0.00	381.79
547.00	1934.41	0.00	361.02
547.10	2004.66	0.00	338.25
547.20	2068.71	0.00	313.45
547.30	2126.15	0.00	286.60
547.40	2176.56	0.00	257.72
547.50	2219.58	0.00	226.81
547.60	2254.84	0.00	193.92
547.70	2281.99	0.00	159.10
547.80	2300.88	0.00	122.42
547.90	2312.29	0.00	83.97
548.00	2316.23	0.00	43.87
548.10	2312.46	0.00	2.23
548.20	2300.80	0.00	-40.78
548.30	2281.07	0.00	-85.01
548.40	2253.12	0.00	-130.25
548.50	2216.84	0.00	-176.30
548.60	2172.12	0.00	-222.95
548.70	2118.92	0.00	-269.93
548.80	2057.21	0.00	-317.01
548.90	1987.02	0.00	-363.90
549.00	1908.40	0.00	-410.33
549.10	1821.46	0.00	-456.00
549.20	1726.36	0.00	-500.60
549.30	1623.29	0.00	-543.83
549.40	1512.51	0.00	-585.38
549.50	1394.32	0.00	-624.94
549.60	1269.09	0.00	-662.19
549.70	1137.22	0.00	-696.83
549.80	999.19	0.00	-728.55
549.90	855.51	0.00	-757.08
550.00	706.77	0.00	-782.13
550.10	553.60	0.00	-803.45
550.20	396.67	0.00	-820.79
550.30	236.71	0.00	-833.94
550.40	74.50	0.00	-842.70
550.50	-89.15	0.00	-846.90
550.60	-253.39	0.00	-846.40
550.70	-417.35	0.00	-841.10
550.80	-580.10	0.00	-830.92
550.90	-740.74	0.00	-815.82
551.00	-898.33	0.00	-795.79
551.10	-1051.91	0.00	-770.86
551.20	-1200.56	0.00	-741.12
551.30	-1343.35	0.00	-706.65
551.40	-1479.36	0.00	-667.62
551.50	-1607.72	0.00	-624.19
551.60	-1727.59	0.00	-576.60
551.70	-1838.16	0.00	-525.09
551.80	-1938.68	0.00	-469.96
551.90	-2028.48	0.00	-411.53
552.00	-2106.92	0.00	-350.15
552.10	-2173.46	0.00	-286.21
552.20	-2227.63	0.00	-220.11
552.30	-2269.06	0.00	-152.28
552.40	-2297.46	0.00	-83.17
552.50	-2312.63	0.00	-13.25
552.60	-2314.46	0.00	57.01
552.70	-2302.98	0.00	127.12
552.80	-2278.26	0.00	196.60
552.90	-2240.52	0.00	264.94
553.00	-2190.19	0.00	331.67
553.10	-2128.63	0.00	396.29
553.20	-2056.40	0.00	458.36
553.30	-1973.94	0.00	517.40
553.40	-1881.75	0.00	573.00
553.50	-1780.41	0.00	624.73
553.60	-1670.54	0.00	672.22
553.70	-1552.83	0.00	715.11
553.80	-1428.03	0.00	753.08
553.90	-1296.93	0.00	785.84
554.00	-1160.38	0.00	813.15
554.10	-1019.28	0.00	834.80
554.20	-874.54	0.00	850.63
554.30	-727.12	0.00	860.51
554.40	-578.02	0.00	864.37
554.50	-428.23	0.00	862.18
554.60	-278.79	0.00	853.96
554.70	-130.70	0.00	839.76
554.80	15.02	0.00	819.70
554.90	157.34	0.00	793.91
555.00	295.28	0.00	762.61
555.10	427.88	0.00	726.02
555.20	554.21	0.00	684.42
555.30	673.38	0.00	638.13
555.40	784.56	0.00	587.48
555.50	886.97	0.00	532.88
555.60	979.90	0.00	474.72
555.70	1062.72	0.00	413.44
555.80	1134.86	0.00	349.51
555.90	1195.83	0.00	283.40
556.00	1245.27	0.00	215.60
556.10	1282.85	0.00	146.62
556.20	1308.38	0.00	76.98
556.30	1321.75	0.00	7.19
556.40	1322.93	0.00	-62.25
556.50	1312.03	0.00	-130.80
556.60	1289.20	0.00	-197.99
556.70	1254.73	0.00	-263.31
556.80	1208.97	0.00	-326.29
556.90	1152.38	0.00	-386.48
557.00	1085.48	0.00	-443.45
557.10	1008.88	0.00	-496.80
557.20	923.41	0.00	-546.16
557.30	829.88	0.00	-591.17
557.40	729.00	0.00	-631.54
557.50	621.57	0.00	-666.99
557.60	508.42	0.00	-697.29
557.70	390.41	0.00	-722.24
557.80	268.46	0.00	-741.71
557.90	143.49	0.00	-755.56
558.00	16.49	0.00	-763.75
558.10	-111.59	0.00	-766.25
558.20	-239.74	0.00	-763.07
558.30	-366.97	0.00	-754.27
558.40	-492.30	0.00	-739.97
558.50	-614.74	0.00	-720.29
558.60	-733.34	0.00	-695.42
558.70	-847.17	0.00	-665.58
558.80	-955.31	0.00	-631.02
558.90	-1056.93	0.00	-592.02
559.00	-1151.33	0.00	-548.90
559.10	-1238.01	0.00	-502.00
559.20	-1316.36	0.00	-451.67
559.30	-1385.82	0.00	-398.32
559.40	-1445.89	0.00	-342.33
559.50	-1496.14	0.00	-284.12
559.60	-1536.20	0.00	-224.13
559.70	-1565.78	0.00	-162.77
559.80	-1584.62	0.00	-100.50
559.90	-1592.56	0.00	-37.73
560.00	-1589.48	0.00	25.09
560.10	-1575.36	0.00	87.55
560.20	-1550.21	0.00	149.23
560.30	-1514.12	0.00	209.74
560.40	-1467.23	0.00	268.70
560.50	-1409.75	0.00	325.73
560.60	-1341.95	0.00	380.52
560.70	-1264.14	0.00	432.75
560.80	-1176.71	0.00	482.12
560.90	-1080.07	0.00	528.38
561.00	-974.71	0.00	571.32
561.10	-861.14	0.00	610.72
561.20	-739.93	0.00	646.43
561.30	-611.68	0.00	678.32
561.40	-477.01	0.00	706.28
561.50	-336.60	0.00	730.26
561.60	-191.15	0.00	750.21
561.70	-41.36	0.00	766.14
561.80	112.02	0.00	778.06
561.90	268.24	0.00	786.04
562.00	426.54	0.00	790.14
562.10	586.16	0.00	790.48
562.20	746.31	0.00	787.18
562.30	906.24	0.00	780.37
562.40	1065.17	0.00	770.23
562.50	1222.36	0.00	756.93
562.60	1377.07	0.00	740.65
562.70	1528.57	0.00	721.58
562.80	1676.15	0.00	699.92
562.90	1819.15	0.00	675.88
563.00	1956.89	0.00	649.64
563.10	2088.77	0.00	621.42
563.20	2214.18	0.00	591.39
563.30	2332.55	0.00	559.75
563.40	2443.35	0.00	526.66
563.50	2546.10	0.00	492.28
563.60	2640.31	0.00	456.76
563.70	2725.56	0.00	420.23
563.80	2801.54	0.00	382.81
563.90	2869.43	0.00	344.58
564.00	2929.58	0.00	305.65
564.10	2981.84	0.00	266.06
564.20	3026.04	0.00	225.86
564.30	3062.03	0.00	185.09
564.40	3089.66	0.00	143.77
564.50	3108.76	0.00	101.89
564.60	3119.19	0.00	59.44
564.70	3120.76	0.00	16.42
564.80	3113.32	0.00	-27.21
564.90	3096.69	0.00	-71.49
565.00	3070.68	0.00	-116.43
565.10	3035.10	0.00	-162.08
565.20	2989.76	0.00	-208.46
565.30	2934.47	0.00	-255.61
565.40	2869.01	0.00	-303.52
565.50	2793.19	0.00	-352.21
565.60	2706.82	0.00	-401.67
565.70	2609.70	0.00	-451.86
565.80	2501.67	0.00	-502.73
565.90	2382.56	0.00	-554.21
566.00	2252.23	0.00	-606.20
566.10	2110.58	0.00	-658.59
566.20	1957.54	0.00	-711.22
566.30	1793.08	0.00	-763.92
566.40	1617.19	0.00	-816.48
566.50	1429.96	0.00	-868.65
566.60	1231.52	0.00	-920.19
566.70	1022.05	0.00	-970.81
566.80	801.82	0.00	-1020.17
566.90	571.20	0.00	-1067.95
567.00	330.60	0.00	-1113.78
567.10	80.57	0.00	-1157.28
567.20	-178.29	0.00	-1198.05
567.30	-445.23	0.00	-1235.68
567.40	-719.45	0.00	-1269.75
567.50	-1000.00	0.00	-1299.84
567.60	-1285.85	0.00	-1325.53
567.70	-1575.87	0.00	-1346.39
567.80	-1868.80	0.00	-1362.01
567.90	-2163.31	0.00	-1372.00
568.00	-2457.95	0.00	-1375.99
568.10	-2751.19	0.00	-1373.62
568.20	-3041.43	0.00	-1364.58
568.30	-3326.99	0.00	-1348.58
568.40	-3606.13	0.00	-1325.37
568.50	-3877.06	0.00	-1294.75
568.60	-4137.96	0.00	-1256.56
568.70	-4386.99	0.00	-1210.70
568.80	-4622.30	0.00	-1157.12
568.90	-4842.08	0.00	-1095.83
569.00	-5044.51	0.00	-1026.90
569.10	-5227.87	0.00	-950.46
569.20	-5390.47	0.00	-866.70
569.30	-5530.74	0.00	-775.88
569.40	-5647.50	0.00	-678.31
569.50	-5745.57	0.00	-574.37
569.60	-5826.42	0.00	-464.51
569.70	-5889.29	0.00	-349.23
569.80	-5933.43	0.00	-229.09
569.90	-5958.15	0.00	-104.68
570.00	-5962.79	0.00	23.33
570.10	-5946.71	0.00	154.25
570.20	-5909.36	0.00	287.32
570.30	-5850.22	0.00	421.79
570.40	-5768.83	0.00	556.84
570.50	-5664.83	0.00	691.67
570.60	-5537.90	0.00	825.43
570.70	-5387.85	0.00	957.27
570.80	-5214.55	0.00	1086.36
570.90	-5018.00	0.00	1211.85
571.00	-4798.31	0.00	1332.92
571.10	-4555.70	0.00	1448.76
571.20	-4290.55	0.00	1558.60
571.30	-4003.37	0.00	1661.68
571.40	-3694.79	0.00	1757.30
571.50	-3365.64	0.00	1844.81
571.60	-3016.87	0.00	1923.59
571.70	-2649.62	0.00	1993.09
571.80	-2265.16	0.00	2052.82
571.90	-1864.95	0.00	2102.36
572.00	-1450.59	0.00	2141.35
572.10	-1023.85	0.00	2169.50
572.20	-586.64	0.00	2186.60
572.30	-141.01	0.00	2192.53
572.40	310.87	0.00	2187.21
572.50	766.72	0.00	2170.66
572.60	1224.14	0.00	2142.99
572.70	1680.66	0.00	2104.35
572.80	2133.76	0.00	2054.98
572.90	2580.87	0.00	1995.21
573.00	3019.40	0.00	1925.39
573.10	3446.76	0.00	1845.99
573.20	3860.40	0.00	1757.49
573.30	4257.81	0.00	1660.46
573.40	4636.56	0.00	1555.50
573.50	4994.32	0.00	1443.27
573.60	5328.88	0.00	1324.45
573.70	5638.16	0.00	1199.78
573.80	5920.27	0.00	1069.99
573.90	6173.48	0.00	935.87
574.00	6396.25	0.00	798.20
574.10	6587.29	0.00	657.79
574.20	6745.50	0.00	515.42
574.30	6870.03	0.00	371.90
574.40	6960.27	0.00	228.02
574.50	7015.84	0.00	84.56
574.60	7036.63	0.00	-57.75
574.70	7023.75	0.00	-198.15
574.80	6987.43	0.00	-335.96
574.90	6930.56	0.00	-470.50
575.00	6853.46	0.00	-601.14
575.10	6756.49	0.00	-727.28
575.20	6640.03	0.00	-848.38
575.30	6504.48	0.00	-963.94
575.40	6350.27	0.00	-1073.48
575.50	6177.85	0.00	-1176.61
575.60	5987.71	0.00	-1272.97
575.70	5780.38	0.00	-1362.23
575.80	5556.40	0.00	-1444.14
575.90	5316.39	0.00	-1518.49
576.00	5060.99	0.00	-1585.11
576.10	4790.91	0.00	-1643.89
576.20	4506.88	0.00	-1694.74
576.30	4209.71	0.00	-1737.66
576.40	3900.27	0.00	-1772.64
576.50	3579.46	0.00	-1799.75
576.60	3248.28	0.00	-1819.08
576.70	2907.75	0.00	-1830.74
576.80	2558.96	0.00	-1834.91
576.90	2203.06	0.00	-1831.77
577.00	1841.24	0.00	-1821.54
577.10	1474.77	0.00	-1804.45
577.20	1104.92	0.00	-1780.76
577.30	733.04	0.00	-1750.74
577.40	360.48	0.00	-1714.70
577.50	-11.36	0.00	-1672.94
577.60	-381.07	0.00	-1625.78
577.70	-747.23	0.00	-1573.54
577.80	-1108.41	0.00	-1516.55
577.90	-1463.18	0.00	-1455.15
578.00	-1810.14	0.00	-1389.69
578.10	-2147.90	0.00	-1320.49
578.20	-2475.10	0.00	-1247.91
578.30	-2790.42	0.00	-1172.28
578.40	-3092.58	0.00	-1093.94
578.50	-3380.39	0.00	-1013.21
578.60	-3652.67	0.00	-930.45
578.70	-3908.37	0.00	-845.95
578.80	-4146.48	0.00	-760.06
578.90	-4366.08	0.00	-673.08
579.00	-4566.36	0.00	-585.32
579.10	-4746.60	0.00	-497.09
579.20	-4906.17	0.00	-408.68
579.30	-5044.56	0.00	-320.39
579.40	-5161.37	0.00	-232.50
579.50	-5256.31	0.00	-145.29
579.60	-5329.19	0.00	-59.03
579.70	-5379.95	0.00	26.00
579.80	-5408.64	0.00	109.56
579.90	-5415.41	0.00	191.38
580.00	-5400.56	0.00	271.23
580.10	-5364.44	0.00	348.85
580.20	-5307.55	0.00	424.03
580.30	-5233.15	0.00	496.54
580.40	-5146.52	0.00	566.16
580.50	-5048.10	0.00	632.70
580.60	-4938.24	0.00	695.95
580.70	-4817.34	0.00	755.73
580.80	-4685.76	0.00	811.88
580.90	-4543.90	0.00	864.24
581.00	-4392.18	0.00	912.65
581.10	-4231.03	0.00	957.00
581.20	-4060.90	0.00	997.16
581.30	-3882.26	0.00	1033.03
581.40	-3695.62	0.00	1064.53
581.50	-3501.51	0.00	1091.60
581.60	-3300.46	0.00	1114.18
581.70	-3093.05	0.00	1132.26
581.80	-2879.90	0.00	1145.82
581.90	-2661.63	0.00	1154.87
582.00	-2438.90	0.00	1159.44
582.10	-2212.38	0.00	1159.59
582.20	-1982.78	0.00	1155.39
582.30	-1750.81	0.00	1146.93
582.40	-1517.22	0.00	1134.32
582.50	-1282.77	0.00	1117.69
582.60	-1048.20	0.00	1097.20
582.70	-814.29	0.00	1073.00
582.80	-581.81	0.00	1045.30
582.90	-351.53	0.00	1014.28
583.00	-124.20	0.00	980.16
583.10	99.41	0.00	943.17
583.20	318.59	0.00	903.56
583.30	532.62	0.00	861.57
583.40	740.82	0.00	817.46
583.50	942.52	0.00	771.50
583.60	1137.13	0.00	723.96
583.70	1324.04	0.00	675.12
583.80	1502.74	0.00	625.24
583.90	1672.72	0.00	574.60
584.00	1833.55	0.00	523.46
584.10	1984.84	0.00	472.11
584.20	2126.24	0.00	420.78
584.30	2257.48	0.00	369.74
584.40	2378.32	0.00	319.22
584.50	2488.60	0.00	269.44
584.60	2588.20	0.00	220.63
584.70	2677.06	0.00	172.98
584.80	2755.17	0.00	126.68
584.90	2822.58	0.00	81.89
585.00	2879.38	0.00	38.76
585.10	2925.71	0.00	-2.57
585.20	2961.76	0.00	-42.00
585.30	2987.76	0.00	-79.43
585.40	3003.98	0.00	-114.78
585.50	3010.71	0.00	-148.00
585.60	3008.30	0.00	-179.04
585.70	2997.09	0.00	-207.90
585.80	2977.47	0.00	-234.56
585.90	2949.85	0.00	-259.04
586.00	2914.64	0.00	-281.37
586.10	2872.27	0.00	-301.59
586.20	2823.17	0.00	-319.76
586.30	2767.79	0.00	-335.94
586.40	2706.87	0.00	-350.22
586.50	2642.29	0.00	-362.67
586.60	2574.59	0.00	-373.40
586.70	2504.02	0.00	-382.50
586.80	2430.87	0.00	-390.08
586.90	2355.36	0.00	-396.25
587.00	2277.73	0.00	-401.11
587.10	2198.21	0.00	-404.78
587.20	2116.99	0.00	-407.36
587.30	2034.26	0.00	-408.95
587.40	1950.20	0.00	-409.65
587.50	1864.98	0.00	-409.57
587.60	1778.75	0.00	-408.79
587.70	1691.66	0.00	-407.39
587.80	1603.83	0.00	-405.45
587.90	1515.40	0.00	-403.03
588.00	1426.49	0.00	-400.20
588.10	1337.21	0.00	-397.00
588.20	1247.67	0.00	-393.46
588.30	1157.97	0.00	-389.64
588.40	1068.23	0.00	-385.54
588.50	978.54	0.00	-381.18
588.60	889.01	0.00	-376.56
588.70	799.74	0.00	-371.69
588.80	710.83	0.00	-366.56
588.90	622.39	0.00	-361.15
589.00	534.54	0.00	-355.44
589.10	447.38	0.00	-349.41
589.20	361.04	0.00	-343.03
589.30	275.63	0.00	-336.27
589.40	191.27	0.00	-329.10
589.50	108.11	0.00	-321.48
589.60	26.27	0.00	-313.38
589.70	-54.11	0.00	-304.78
589.80	-132.90	0.00	-295.63
589.90	-209.94	0.00	-285.93
590.00	-285.11	0.00	-275.65
590.10	-358.26	0.00	-264.77
590.20	-429.25	0.00	-253.29
590.30	-497.93	0.00	-241.21
590.40	-564.17	0.00	-228.52
590.50	-627.85	0.00	-215.25
590.60	-688.82	0.00	-201.41
590.70	-746.99	0.00	-187.03
590.80	-802.22	0.00	-172.15
590.90	-854.44	0.00	-156.83
591.00	-903.54	0.00	-141.11
591.10	-949.46	0.00	-125.06
591.20	-992.12	0.00	-108.75
591.30	-1031.50	0.00	-92.26
591.40	-1067.54	0.00	-75.67
591.50	-1100.26	0.00	-59.09
591.60	-1129.64	0.00	-42.61
591.70	-1155.71	0.00	-26.34
591.80	-1178.52	0.00	-10.37
591.90	-1198.13	0.00	5.16
592.00	-1214.63	0.00	20.16
592.10	-1228.11	0.00	34.51
592.20	-1238.70	0.00	48.08
592.30	-1246.53	0.00	60.78
592.40	-1251.77	0.00	72.48
592.50	-1254.60	0.00	83.08
592.60	-1255.20	0.00	92.49
592.70	-1253.77	0.00	100.60
592.80	-1250.55	0.00	107.32
592.90	-1245.76	0.00	112.58
593.00	-1239.64	0.00	116.31
593.10	-1232.45	0.00	118.45
593.20	-1224.42	0.00	118.96
593.30	-1215.83	0.00	117.79
593.40	-1206.93	0.00	114.94
593.50	-1197.97	0.00	110.39
593.60	-1189.21	0.00	104.17
593.70	-1180.89	0.00	96.29
593.80	-1173.24	0.00	86.79
593.90	-1166.48	0.00	75.75
594.00	-1160.85	0.00	63.24
594.10	-1156.79	0.00	49.35
594.20	-1154.55	0.00	34.19
594.30	-1154.28	0.00	17.89
594.40	-1156.09	0.00	0.59
594.50	-1160.08	0.00	-17.54
594.60	-1166.31	0.00	-36.33
594.70	-1174.82	0.00	-55.59
594.80	-1185.62	0.00	-75.13
594.90	-1198.69	0.00	-94.72
595.00	-1213.96	0.00	-114.15
595.10	-1231.33	0.00	-133.18
595.20	-1250.68	0.00	-151.58
595.30	-1271.85	0.00	-169.11
595.40	-1294.61	0.00	-185.51
595.50	-1318.75	0.00	-200.53
595.60	-1343.98	0.00	-213.94
595.70	-1369.98	0.00	-225.49
595.80	-1396.41	0.00	-234.94
595.90	-1422.89	0.00	-242.06
596.00	-1449.01	0.00	-246.64
596.10	-1474.32	0.00	-248.47
596.20	-1498.34	0.00	-247.35
596.30	-1520.59	0.00	-243.12
596.40	-1540.55	0.00	-235.63
596.50	-1557.66	0.00	-224.73
596.60	-1571.38	0.00	-210.34
596.70	-1581.14	0.00	-192.36
596.80	-1586.36	0.00	-170.74
596.90	-1586.46	0.00	-145.47
597.00	-1580.86	0.00	-116.54
597.10	-1568.98	0.00	-84.01
597.20	-1550.26	0.00	-47.94
597.30	-1524.15	0.00	-8.44
597.40	-1490.11	0.00	34.34
597.50	-1447.65	0.00	80.24
597.60	-1396.29	0.00	129.03
597.70	-1335.60	0.00	180.48
597.80	-1265.19	0.00	234.31
597.90	-1184.72	0.00	290.21
598.00	-1093.90	0.00	347.84
598.10	-992.51	0.00	406.83
598.20	-880.40	0.00	466.79
598.30	-757.47	0.00	527.30
598.40	-623.73	0.00	587.92
598.50	-479.25	0.00	648.19
598.60	-324.20	0.00	707.65
598.70	-158.82	0.00	765.79
598.80	16.53	0.00	822.13
598.90	201.39	0.00	876.17
599.00	395.24	0.00	927.41
599.10	597.40	0.00	975.36
599.20	807.13	0.00	1019.53
599.30	1023.58	0.00	1059.44
599.40	1245.79	0.00	1094.62
599.50	1472.71	0.00	1124.65
599.60	1703.18	0.00	1149.11
599.70	1935.97	0.00	1167.61
599.80	2169.77	0.00	1179.79
599.90	2403.17	0.00	1185.34
600.00	2634.71	0.00	1183.97
