Time(s)	Fx(N)	Fy(N)	Fz(N)
0.00	947.83	0.00	-6822.94
0.10	-164.13	0.00	-6718.68
0.20	-1289.27	0.00	-6587.89
0.30	-2421.24	0.00	-6431.11
0.40	-3553.37	0.00	-6248.95
0.50	-4678.66	0.00	-6042.13
0.60	-5789.92	0.00	-5811.46
0.70	-6879.78	0.00	-5557.85
0.80	-7940.80	0.00	-5282.31
0.90	-8965.54	0.00	-4985.92
1.00	-9946.65	0.00	-4669.86
1.10	-10876.93	0.00	-4335.37
1.20	-11749.44	0.00	-3983.76
1.30	-12557.55	0.00	-3616.44
1.40	-13295.02	0.00	-3234.84
1.50	-13956.11	0.00	-2840.48
1.60	-14535.60	0.00	-2434.90
1.70	-15028.87	0.00	-2019.72
1.80	-15431.96	0.00	-1596.57
1.90	-15741.62	0.00	-1167.11
2.00	-15955.33	0.00	-733.05
2.10	-16071.35	0.00	-296.09
2.20	-16092.45	0.00	142.03
2.30	-16069.18	0.00	579.59
2.40	-16017.44	0.00	1014.87
2.50	-15936.66	0.00	1446.14
2.60	-15826.02	0.00	1871.70
2.70	-15684.41	0.00	2289.87
2.80	-15510.51	0.00	2699.01
2.90	-15302.77	0.00	3097.50
3.00	-15059.49	0.00	3483.76
3.10	-14778.88	0.00	3856.28
3.20	-14459.07	0.00	4213.57
3.30	-14098.18	0.00	4554.24
3.40	-13694.37	0.00	4876.93
3.50	-13245.95	0.00	5180.37
3.60	-12751.34	0.00	5463.38
3.70	-12209.24	0.00	5724.81
3.80	-11618.58	0.00	5963.66
3.90	-10978.67	0.00	6178.97
4.00	-10289.19	0.00	6369.90
4.10	-9550.25	0.00	6535.68
4.20	-8762.43	0.00	6675.67
4.30	-7926.83	0.00	6789.32
4.40	-7045.09	0.00	6876.17
4.50	-6119.40	0.00	6935.89
4.60	-5152.50	0.00	6968.23
4.70	-4147.73	0.00	6973.07
4.80	-3108.98	0.00	6950.39
4.90	-2040.69	0.00	6900.28
5.00	-947.83	0.00	6822.94
5.10	164.13	0.00	6718.68
5.20	1289.27	0.00	6587.89
5.30	2421.24	0.00	6431.11
5.40	3553.37	0.00	6248.95
5.50	4678.66	0.00	6042.13
5.60	5789.92	0.00	5811.46
5.70	6879.78	0.00	5557.85
5.80	7940.80	0.00	5282.31
5.90	8965.54	0.00	4985.92
6.00	9946.65	0.00	4669.86
6.10	10876.93	0.00	4335.37
6.20	11749.44	0.00	3983.76
6.30	12557.55	0.00	3616.44
6.40	13295.02	0.00	3234.84
6.50	13956.11	0.00	2840.48
6.60	14535.60	0.00	2434.90
6.70	15028.87	0.00	2019.72
6.80	15431.96	0.00	1596.57
6.90	15741.62	0.00	1167.11
7.00	15955.33	0.00	733.05
7.10	16071.35	0.00	296.09
7.20	16092.45	0.00	-142.03
7.30	16069.18	0.00	-579.59
7.40	16017.44	0.00	-1014.87
7.50	15936.66	0.00	-1446.14
7.60	15826.02	0.00	-1871.70
7.70	15684.41	0.00	-2289.87
7.80	15510.51	0.00	-2699.01
7.90	15302.77	0.00	-3097.50
8.00	15059.49	0.00	-3483.76
8.10	14778.88	0.00	-3856.28
8.20	14459.07	0.00	-4213.57
8.30	14098.18	0.00	-4554.24
8.40	13694.37	0.00	-4876.93
8.50	13245.95	0.00	-5180.37
8.60	12751.34	0.00	-5463.38
8.70	12209.24	0.00	-5724.81
8.80	11618.58	0.00	-5963.66
8.90	10978.67	0.00	-6178.97
9.00	10289.19	0.00	-6369.90
9.10	9550.25	0.00	-6535.68
9.20	8762.43	0.00	-6675.67
9.30	7926.83	0.00	-6789.32
9.40	7045.09	0.00	-6876.17
9.50	6119.40	0.00	-6935.89
9.60	5152.50	0.00	-6968.23
9.70	4147.73	0.00	-6973.07
9.80	3108.98	0.00	-6950.39
9.90	2040.69	0.00	-6900.28
10.00	947.83	0.00	-6822.94
10.10	-164.13	0.00	-6718.68
10.20	-1289.27	0.00	-6587.89
10.30	-2421.24	0.00	-6431.11
10.40	-3553.37	0.00	-6248.95
10.50	-4678.66	0.00	-6042.13
10.60	-5789.92	0.00	-5811.46
10.70	-6879.78	0.00	-5557.85
10.80	-7940.80	0.00	-5282.31
10.90	-8965.54	0.00	-4985.92
11.00	-9946.65	0.00	-4669.86
11.10	-10876.93	0.00	-4335.37
11.20	-11749.44	0.00	-3983.76
11.30	-12557.55	0.00	-3616.44
11.40	-13295.02	0.00	-3234.84
11.50	-13956.11	0.00	-2840.48
11.60	-14535.60	0.00	-2434.90
11.70	-15028.87	0.00	-2019.72
11.80	-15431.96	0.00	-1596.57
11.90	-15741.62	0.00	-1167.11
12.00	-15955.33	0.00	-733.05
12.10	-16071.35	0.00	-296.09
12.20	-16092.45	0.00	142.03
12.30	-16069.18	0.00	579.59
12.40	-16017.44	0.00	1014.87
12.50	-15936.66	0.00	1446.14
12.60	-15826.02	0.00	1871.70
12.70	-15684.41	0.00	2289.87
12.80	-15510.51	0.00	2699.01
12.90	-15302.77	0.00	3097.50
13.00	-15059.49	0.00	3483.76
13.10	-14778.88	0.00	3856.28
13.20	-14459.07	0.00	4213.57
13.30	-14098.18	0.00	4554.24
13.40	-13694.37	0.00	4876.93
13.50	-13245.95	0.00	5180.37
13.60	-12751.34	0.00	5463.38
13.70	-12209.24	0.00	5724.81
13.80	-11618.58	0.00	5963.66
13.90	-10978.67	0.00	6178.97
14.00	-10289.19	0.00	6369.90
14.10	-9550.25	0.00	6535.68
14.20	-8762.43	0.00	6675.67
14.30	-7926.83	0.00	6789.32
14.40	-7045.09	0.00	6876.17
14.50	-6119.40	0.00	6935.89
14.60	-5152.50	0.00	6968.23
14.70	-4147.73	0.00	6973.07
14.80	-3108.98	0.00	6950.39
14.90	-2040.69	0.00	6900.28
15.00	-947.83	0.00	6822.94
15.10	164.13	0.00	6718.68
15.20	1289.27	0.00	6587.89
15.30	2421.24	0.00	6431.11
15.40	3553.37	0.00	6248.95
15.50	4678.66	0.00	6042.13
15.60	5789.92	0.00	5811.46
15.70	6879.78	0.00	5557.85
15.80	7940.80	0.00	5282.31
15.90	8965.54	0.00	4985.92
16.00	9946.65	0.00	4669.86
16.10	10876.93	0.00	4335.37
16.20	11749.44	0.00	3983.76
16.30	12557.55	0.00	3616.44
16.40	13295.02	0.00	3234.84
16.50	13956.11	0.00	2840.48
16.60	14535.60	0.00	2434.90
16.70	15028.87	0.00	2019.72
16.80	15431.96	0.00	1596.57
16.90	15741.62	0.00	1167.11
17.00	15955.33	0.00	733.05
17.10	16071.35	0.00	296.09
17.20	16092.45	0.00	-142.03
17.30	16069.18	0.00	-579.59
17.40	16017.44	0.00	-1014.87
17.50	15936.66	0.00	-1446.14
17.60	15826.02	0.00	-1871.70
17.70	15684.41	0.00	-2289.87
17.80	15510.51	0.00	-2699.01
17.90	15302.77	0.00	-3097.50
18.00	15059.49	0.00	-3483.76
18.10	14778.88	0.00	-3856.28
18.20	14459.07	0.00	-4213.57
18.30	14098.18	0.00	-4554.24
18.40	13694.37	0.00	-4876.93
18.50	13245.95	0.00	-5180.37
18.60	12751.34	0.00	-5463.38
18.70	12209.24	0.00	-5724.81
18.80	11618.58	0.00	-5963.66
18.90	10978.67	0.00	-6178.97
19.00	10289.19	0.00	-6369.90
19.10	9550.25	0.00	-6535.68
19.20	8762.43	0.00	-6675.67
19.30	7926.83	0.00	-6789.32
19.40	7045.09	0.00	-6876.17
19.50	6119.40	0.00	-6935.89
19.60	5152.50	0.00	-6968.23
19.70	4147.73	0.00	-6973.07
19.80	3108.98	0.00	-6950.39
19.90	2040.69	0.00	-6900.28
20.00	947.83	0.00	-6822.94
20.10	-164.13	0.00	-6718.68
20.20	-1289.27	0.00	-6587.89
20.30	-2421.24	0.00	-6431.11
20.40	-3553.37	0.00	-6248.95
20.50	-4678.66	0.00	-6042.13
20.60	-5789.92	0.00	-5811.46
20.70	-6879.78	0.00	-5557.85
20.80	-7940.80	0.00	-5282.31
20.90	-8965.54	0.00	-4985.92
21.00	-9946.65	0.00	-4669.86
21.10	-10876.93	0.00	-4335.37
21.20	-11749.44	0.00	-3983.76
21.30	-12557.55	0.00	-3616.44
21.40	-13295.02	0.00	-3234.84
21.50	-13956.11	0.00	-2840.48
21.60	-14535.60	0.00	-2434.90
21.70	-15028.87	0.00	-2019.72
21.80	-15431.96	0.00	-1596.57
21.90	-15741.62	0.00	-1167.11
22.00	-15955.33	0.00	-733.05
22.10	-16071.35	0.00	-296.09
22.20	-16092.45	0.00	142.03
22.30	-16069.18	0.00	579.59
22.40	-16017.44	0.00	1014.87
22.50	-15936.66	0.00	1446.14
22.60	-15826.02	0.00	1871.70
22.70	-15684.41	0.00	2289.87
22.80	-15510.51	0.00	2699.01
22.90	-15302.77	0.00	3097.50
23.00	-15059.49	0.00	3483.76
23.10	-14778.88	0.00	3856.28
23.20	-14459.07	0.00	4213.57
23.30	-14098.18	0.00	4554.24
23.40	-13694.37	0.00	4876.93
23.50	-13245.95	0.00	5180.37
23.60	-12751.34	0.00	5463.38
23.70	-12209.24	0.00	5724.81
23.80	-11618.58	0.00	5963.66
23.90	-10978.67	0.00	6178.97
24.00	-10289.19	0.00	6369.90
24.10	-9550.25	0.00	6535.68
24.20	-8762.43	0.00	6675.67
24.30	-7926.83	0.00	6789.32
24.40	-7045.09	0.00	6876.17
24.50	-6119.40	0.00	6935.89
24.60	-5152.50	0.00	6968.23
24.70	-4147.73	0.00	6973.07
24.80	-3108.98	0.00	6950.39
24.90	-2040.69	0.00	6900.28
25.00	-947.83	0.00	6822.94
25.10	164.13	0.00	6718.68
25.20	1289.27	0.00	6587.89
25.30	2421.24	0.00	6431.11
25.40	3553.37	0.00	6248.95
25.50	4678.66	0.00	6042.13
25.60	5789.92	0.00	5811.46
25.70	6879.78	0.00	5557.85
25.80	7940.80	0.00	5282.31
25.90	8965.54	0.00	4985.92
26.00	9946.65	0.00	4669.86
26.10	10876.93	0.00	4335.37
26.20	11749.44	0.00	3983.76
26.30	12557.55	0.00	3616.44
26.40	13295.02	0.00	3234.84
26.50	13956.11	0.00	2840.48
26.60	14535.60	0.00	2434.90
26.70	15028.87	0.00	2019.72
26.80	15431.96	0.00	1596.57
26.90	15741.62	0.00	1167.11
27.00	15955.33	0.00	733.05
27.10	16071.35	0.00	296.09
27.20	16092.45	0.00	-142.03
27.30	16069.18	0.00	-579.59
27.40	16017.44	0.00	-1014.87
27.50	15936.66	0.00	-1446.14
27.60	15826.02	0.00	-1871.70
27.70	15684.41	0.00	-2289.87
27.80	15510.51	0.00	-2699.01
27.90	15302.77	0.00	-3097.50
28.00	15059.49	0.00	-3483.76
28.10	14778.88	0.00	-3856.28
28.20	14459.07	0.00	-4213.57
28.30	14098.18	0.00	-4554.24
28.40	13694.37	0.00	-4876.93
28.50	13245.95	0.00	-5180.37
28.60	12751.34	0.00	-5463.38
28.70	12209.24	0.00	-5724.81
28.80	11618.58	0.00	-5963.66
28.90	10978.67	0.00	-6178.97
29.00	10289.19	0.00	-6369.90
29.10	9550.25	0.00	-6535.68
29.20	8762.43	0.00	-6675.67
29.30	7926.83	0.00	-6789.32
29.40	7045.09	0.00	-6876.17
29.50	6119.40	0.00	-6935.89
29.60	5152.50	0.00	-6968.23
29.70	4147.73	0.00	-6973.07
29.80	3108.98	0.00	-6950.39
29.90	2040.69	0.00	-6900.28
30.00	947.83	0.00	-6822.94
30.10	-164.13	0.00	-6718.68
30.20	-1289.27	0.00	-6587.89
30.30	-2421.24	0.00	-6431.11
30.40	-3553.37	0.00	-6248.95
30.50	-4678.66	0.00	-6042.13
30.60	-5789.92	0.00	-5811.46
30.70	-6879.78	0.00	-5557.85
30.80	-7940.80	0.00	-5282.31
30.90	-8965.54	0.00	-4985.92
31.00	-9946.65	0.00	-4669.86
31.10	-10876.93	0.00	-4335.37
31.20	-11749.44	0.00	-3983.76
31.30	-12557.55	0.00	-3616.44
31.40	-13295.02	0.00	-3234.84
31.50	-13956.11	0.00	-2840.48
31.60	-14535.60	0.00	-2434.90
31.70	-15028.87	0.00	-2019.72
31.80	-15431.96	0.00	-1596.57
31.90	-15741.62	0.00	-1167.11
32.00	-15955.33	0.00	-733.05
32.10	-16071.35	0.00	-296.09
32.20	-16092.45	0.00	142.03
32.30	-16069.18	0.00	579.59
32.40	-16017.44	0.00	1014.87
32.50	-15936.66	0.00	1446.14
32.60	-15826.02	0.00	1871.70
32.70	-15684.41	0.00	2289.87
32.80	-15510.51	0.00	2699.01
32.90	-15302.77	0.00	3097.50
33.00	-15059.49	0.00	3483.76
33.10	-14778.88	0.00	3856.28
33.20	-14459.07	0.00	4213.57
33.30	-14098.18	0.00	4554.24
33.40	-13694.37	0.00	4876.93
33.50	-13245.95	0.00	5180.37
33.60	-12751.34	0.00	5463.38
33.70	-12209.24	0.00	5724.81
33.80	-11618.58	0.00	5963.66
33.90	-10978.67	0.00	6178.97
34.00	-10289.19	0.00	6369.90
34.10	-9550.25	0.00	6535.68
34.20	-8762.43	0.00	6675.67
34.30	-7926.83	0.00	6789.32
34.40	-7045.09	0.00	6876.17
34.50	-6119.40	0.00	6935.89
34.60	-5152.50	0.00	6968.23
34.70	-4147.73	0.00	6973.07
34.80	-3108.98	0.00	6950.39
34.90	-2040.69	0.00	6900.28
35.00	-947.83	0.00	6822.94
35.10	164.13	0.00	6718.68
35.20	1289.27	0.00	6587.89
35.30	2421.24	0.00	6431.11
35.40	3553.37	0.00	6248.95
35.50	4678.66	0.00	6042.13
35.60	5789.92	0.00	5811.46
35.70	6879.78	0.00	5557.85
35.80	7940.80	0.00	5282.31
35.90	8965.54	0.00	4985.92
36.00	9946.65	0.00	4669.86
36.10	10876.93	0.00	4335.37
36.20	11749.44	0.00	3983.76
36.30	12557.55	0.00	3616.44
36.40	13295.02	0.00	3234.84
36.50	13956.11	0.00	2840.48
36.60	14535.60	0.00	2434.90
36.70	15028.87	0.00	2019.72
36.80	15431.96	0.00	1596.57
36.90	15741.62	0.00	1167.11
37.00	15955.33	0.00	733.05
37.10	16071.35	0.00	296.09
37.20	16092.45	0.00	-142.03
37.30	16069.18	0.00	-579.59
37.40	16017.44	0.00	-1014.87
37.50	15936.66	0.00	-1446.14
37.60	15826.02	0.00	-1871.70
37.70	15684.41	0.00	-2289.87
37.80	15510.51	0.00	-2699.01
37.90	15302.77	0.00	-3097.50
38.00	15059.49	0.00	-3483.76
38.10	14778.88	0.00	-3856.28
38.20	14459.07	0.00	-4213.57
38.30	14098.18	0.00	-4554.24
38.40	13694.37	0.00	-4876.93
38.50	13245.95	0.00	-5180.37
38.60	12751.34	0.00	-5463.38
38.70	12209.24	0.00	-5724.81
38.80	11618.58	0.00	-5963.66
38.90	10978.67	0.00	-6178.97
39.00	10289.19	0.00	-6369.90
39.10	9550.25	0.00	-6535.68
39.20	8762.43	0.00	-6675.67
39.30	7926.83	0.00	-6789.32
39.40	7045.09	0.00	-6876.17
39.50	6119.40	0.00	-6935.89
39.60	5152.50	0.00	-6968.23
39.70	4147.73	0.00	-6973.07
39.80	3108.98	0.00	-6950.39
39.90	2040.69	0.00	-6900.28
40.00	947.83	0.00	-6822.94
40.10	-164.13	0.00	-6718.68
40.20	-1289.27	0.00	-6587.89
40.30	-2421.24	0.00	-6431.11
40.40	-3553.37	0.00	-6248.95
40.50	-4678.66	0.00	-6042.13
40.60	-5789.92	0.00	-5811.46
40.70	-6879.78	0.00	-5557.85
40.80	-7940.80	0.00	-5282.31
40.90	-8965.54	0.00	-4985.92
41.00	-9946.65	0.00	-4669.86
41.10	-10876.93	0.00	-4335.37
41.20	-11749.44	0.00	-3983.76
41.30	-12557.55	0.00	-3616.44
41.40	-13295.02	0.00	-3234.84
41.50	-13956.11	0.00	-2840.48
41.60	-14535.60	0.00	-2434.90
41.70	-15028.87	0.00	-2019.72
41.80	-15431.96	0.00	-1596.57
41.90	-15741.62	0.00	-1167.11
42.00	-15955.33	0.00	-733.05
42.10	-16071.35	0.00	-296.09
42.20	-16092.45	0.00	142.03
42.30	-16069.18	0.00	579.59
42.40	-16017.44	0.00	1014.87
42.50	-15936.66	0.00	1446.14
42.60	-15826.02	0.00	1871.70
42.70	-15684.41	0.00	2289.87
42.80	-15510.51	0.00	2699.01
42.90	-15302.77	0.00	3097.50
43.00	-15059.49	0.00	3483.76
43.10	-14778.88	0.00	3856.28
43.20	-14459.07	0.00	4213.57
43.30	-14098.18	0.00	4554.24
43.40	-13694.37	0.00	4876.93
43.50	-13245.95	0.00	5180.37
43.60	-12751.34	0.00	5463.38
43.70	-12209.24	0.00	5724.81
43.80	-11618.58	0.00	5963.66
43.90	-10978.67	0.00	6178.97
44.00	-10289.19	0.00	6369.90
44.10	-9550.25	0.00	6535.68
44.20	-8762.43	0.00	6675.67
44.30	-7926.83	0.00	6789.32
44.40	-7045.09	0.00	6876.17
44.50	-6119.40	0.00	6935.89
44.60	-5152.50	0.00	6968.23
44.70	-4147.73	0.00	6973.07
44.80	-3108.98	0.00	6950.39
44.90	-2040.69	0.00	6900.28
45.00	-947.83	0.00	6822.94
45.10	164.13	0.00	6718.68
45.20	1289.27	0.00	6587.89
45.30	2421.24	0.00	6431.11
45.40	3553.37	0.00	6248.95
45.50	4678.66	0.00	6042.13
45.60	5789.92	0.00	5811.46
45.70	6879.78	0.00	5557.85
45.80	7940.80	0.00	5282.31
45.90	8965.54	0.00	4985.92
46.00	9946.65	0.00	4669.86
46.10	10876.93	0.00	4335.37
46.20	11749.44	0.00	3983.76
46.30	12557.55	0.00	3616.44
46.40	13295.02	0.00	3234.84
46.50	13956.11	0.00	2840.48
46.60	14535.60	0.00	2434.90
46.70	15028.87	0.00	2019.72
46.80	15431.96	0.00	1596.57
46.90	15741.62	0.00	1167.11
47.00	15955.33	0.00	733.05
47.10	16071.35	0.00	296.09
47.20	16092.45	0.00	-142.03
47.30	16069.18	0.00	-579.59
47.40	16017.44	0.00	-1014.87
47.50	15936.66	0.00	-1446.14
47.60	15826.02	0.00	-1871.70
47.70	15684.41	0.00	-2289.87
47.80	15510.51	0.00	-2699.01
47.90	15302.77	0.00	-3097.50
48.00	15059.49	0.00	-3483.76
48.10	14778.88	0.00	-3856.28
48.20	14459.07	0.00	-4213.57
48.30	14098.18	0.00	-4554.24
48.40	13694.37	0.00	-4876.93
48.50	13245.95	0.00	-5180.37
48.60	12751.34	0.00	-5463.38
48.70	12209.24	0.00	-5724.81
48.80	11618.58	0.00	-5963.66
48.90	10978.67	0.00	-6178.97
49.00	10289.19	0.00	-6369.90
49.10	9550.25	0.00	-6535.68
49.20	8762.43	0.00	-6675.67
49.30	7926.83	0.00	-6789.32
49.40	7045.09	0.00	-6876.17
49.50	6119.40	0.00	-6935.89
49.60	5152.50	0.00	-6968.23
49.70	4147.73	0.00	-6973.07
49.80	3108.98	0.00	-6950.39
49.90	2040.69	0.00	-6900.28
50.00	947.83	0.00	-6822.94
50.10	-164.13	0.00	-6718.68
50.20	-1289.27	0.00	-6587.89
50.30	-2421.24	0.00	-6431.11
50.40	-3553.37	0.00	-6248.95
50.50	-4678.66	0.00	-6042.13
50.60	-5789.92	0.00	-5811.46
50.70	-6879.78	0.00	-5557.85
50.80	-7940.80	0.00	-5282.31
50.90	-8965.54	0.00	-4985.92
51.00	-9946.65	0.00	-4669.86
51.10	-10876.93	0.00	-4335.37
51.20	-11749.44	0.00	-3983.76
51.30	-12557.55	0.00	-3616.44
51.40	-13295.02	0.00	-3234.84
51.50	-13956.11	0.00	-2840.48
51.60	-14535.60	0.00	-2434.90
51.70	-15028.87	0.00	-2019.72
51.80	-15431.96	0.00	-1596.57
51.90	-15741.62	0.00	-1167.11
52.00	-15955.33	0.00	-733.05
52.10	-16071.35	0.00	-296.09
52.20	-16092.45	0.00	142.03
52.30	-16069.18	0.00	579.59
52.40	-16017.44	0.00	1014.87
52.50	-15936.66	0.00	1446.14
52.60	-15826.02	0.00	1871.70
52.70	-15684.41	0.00	2289.87
52.80	-15510.51	0.00	2699.01
52.90	-15302.77	0.00	3097.50
53.00	-15059.49	0.00	3483.76
53.10	-14778.88	0.00	3856.28
53.20	-14459.07	0.00	4213.57
53.30	-14098.18	0.00	4554.24
53.40	-13694.37	0.00	4876.93
53.50	-13245.95	0.00	5180.37
53.60	-12751.34	0.00	5463.38
53.70	-12209.24	0.00	5724.81
53.80	-11618.58	0.00	5963.66
53.90	-10978.67	0.00	6178.97
54.00	-10289.19	0.00	6369.90
54.10	-9550.25	0.00	6535.68
54.20	-8762.43	0.00	6675.67
54.30	-7926.83	0.00	6789.32
54.40	-7045.09	0.00	6876.17
54.50	-6119.40	0.00	6935.89
54.60	-5152.50	0.00	6968.23
54.70	-4147.73	0.00	6973.07
54.80	-3108.98	0.00	6950.39
54.90	-2040.69	0.00	6900.28
55.00	-947.83	0.00	6822.94
55.10	164.13	0.00	6718.68
55.20	1289.27	0.00	6587.89
55.30	2421.24	0.00	6431.11
55.40	3553.37	0.00	6248.95
55.50	4678.66	0.00	6042.13
55.60	5789.92	0.00	5811.46
55.70	6879.78	0.00	5557.85
55.80	7940.80	0.00	5282.31
55.90	8965.54	0.00	4985.92
56.00	9946.65	0.00	4669.86
56.10	10876.93	0.00	4335.37
56.20	11749.44	0.00	3983.76
56.30	12557.55	0.00	3616.44
56.40	13295.02	0.00	3234.84
56.50	13956.11	0.00	2840.48
56.60	14535.60	0.00	2434.90
56.70	15028.87	0.00	2019.72
56.80	15431.96	0.00	1596.57
56.90	15741.62	0.00	1167.11
57.00	15955.33	0.00	733.05
57.10	16071.35	0.00	296.09
57.20	16092.45	0.00	-142.03
57.30	16069.18	0.00	-579.59
57.40	16017.44	0.00	-1014.87
57.50	15936.66	0.00	-1446.14
57.60	15826.02	0.00	-1871.70
57.70	15684.41	0.00	-2289.87
57.80	15510.51	0.00	-2699.01
57.90	15302.77	0.00	-3097.50
58.00	15059.49	0.00	-3483.76
58.10	14778.88	0.00	-3856.28
58.20	14459.07	0.00	-4213.57
58.30	14098.18	0.00	-4554.24
58.40	13694.37	0.00	-4876.93
58.50	13245.95	0.00	-5180.37
58.60	12751.34	0.00	-5463.38
58.70	12209.24	0.00	-5724.81
58.80	11618.58	0.00	-5963.66
58.90	10978.67	0.00	-6178.97
59.00	10289.19	0.00	-6369.90
59.10	9550.25	0.00	-6535.68
59.20	8762.43	0.00	-6675.67
59.30	7926.83	0.00	-6789.32
59.40	7045.09	0.00	-6876.17
59.50	6119.40	0.00	-6935.89
59.60	5152.50	0.00	-6968.23
59.70	4147.73	0.00	-6973.07
59.80	3108.98	0.00	-6950.39
59.90	2040.69	0.00	-6900.28
60.00	947.83	0.00	-6822.94
60.10	-164.13	0.00	-6718.68
60.20	-1289.27	0.00	-6587.89
60.30	-2421.24	0.00	-6431.11
60.40	-3553.37	0.00	-6248.95
60.50	-4678.66	0.00	-6042.13
60.60	-5789.92	0.00	-5811.46
60.70	-6879.78	0.00	-5557.85
60.80	-7940.80	0.00	-5282.31
60.90	-8965.54	0.00	-4985.92
61.00	-9946.65	0.00	-4669.86
61.10	-10876.93	0.00	-4335.37
61.20	-11749.44	0.00	-3983.76
61.30	-12557.55	0.00	-3616.44
61.40	-13295.02	0.00	-3234.84
61.50	-13956.11	0.00	-2840.48
61.60	-14535.60	0.00	-2434.90
61.70	-15028.87	0.00	-2019.72
61.80	-15431.96	0.00	-1596.57
61.90	-15741.62	0.00	-1167.11
62.00	-15955.33	0.00	-733.05
62.10	-16071.35	0.00	-296.09
62.20	-16092.45	0.00	142.03
62.30	-16069.18	0.00	579.59
62.40	-16017.44	0.00	1014.87
62.50	-15936.66	0.00	1446.14
62.60	-15826.02	0.00	1871.70
62.70	-15684.41	0.00	2289.87
62.80	-15510.51	0.00	2699.01
62.90	-15302.77	0.00	3097.50
63.00	-15059.49	0.00	3483.76
63.10	-14778.88	0.00	3856.28
63.20	-14459.07	0.00	4213.57
63.30	-14098.18	0.00	4554.24
63.40	-13694.37	0.00	4876.93
63.50	-13245.95	0.00	5180.37
63.60	-12751.34	0.00	5463.38
63.70	-12209.24	0.00	5724.81
63.80	-11618.58	0.00	5963.66
63.90	-10978.67	0.00	6178.97
64.00	-10289.19	0.00	6369.90
64.10	-9550.25	0.00	6535.68
64.20	-8762.43	0.00	6675.67
64.30	-7926.83	0.00	6789.32
64.40	-7045.09	0.00	6876.17
64.50	-6119.40	0.00	6935.89
64.60	-5152.50	0.00	6968.23
64.70	-4147.73	0.00	6973.07
64.80	-3108.98	0.00	6950.39
64.90	-2040.69	0.00	6900.28
65.00	-947.83	0.00	6822.94
65.10	164.13	0.00	6718.68
65.20	1289.27	0.00	6587.89
65.30	2421.24	0.00	6431.11
65.40	3553.37	0.00	6248.95
65.50	4678.66	0.00	6042.13
65.60	5789.92	0.00	5811.46
65.70	6879.78	0.00	5557.85
65.80	7940.80	0.00	5282.31
65.90	8965.54	0.00	4985.92
66.00	9946.65	0.00	4669.86
66.10	10876.93	0.00	4335.37
66.20	11749.44	0.00	3983.76
66.30	12557.55	0.00	3616.44
66.40	13295.02	0.00	3234.84
66.50	13956.11	0.00	2840.48
66.60	14535.60	0.00	2434.90
66.70	15028.87	0.00	2019.72
66.80	15431.96	0.00	1596.57
66.90	15741.62	0.00	1167.11
67.00	15955.33	0.00	733.05
67.10	16071.35	0.00	296.09
67.20	16092.45	0.00	-142.03
67.30	16069.18	0.00	-579.59
67.40	16017.44	0.00	-1014.87
67.50	15936.66	0.00	-1446.14
67.60	15826.02	0.00	-1871.70
67.70	15684.41	0.00	-2289.87
67.80	15510.51	0.00	-2699.01
67.90	15302.77	0.00	-3097.50
68.00	15059.49	0.00	-3483.76
68.10	14778.88	0.00	-3856.28
68.20	14459.07	0.00	-4213.57
68.30	14098.18	0.00	-4554.24
68.40	13694.37	0.00	-4876.93
68.50	13245.95	0.00	-5180.37
68.60	12751.34	0.00	-5463.38
68.70	12209.24	0.00	-5724.81
68.80	11618.58	0.00	-5963.66
68.90	10978.67	0.00	-6178.97
69.00	10289.19	0.00	-6369.90
69.10	9550.25	0.00	-6535.68
69.20	8762.43	0.00	-6675.67
69.30	7926.83	0.00	-6789.32
69.40	7045.09	0.00	-6876.17
69.50	6119.40	0.00	-6935.89
69.60	5152.50	0.00	-6968.23
69.70	4147.73	0.00	-6973.07
69.80	3108.98	0.00	-6950.39
69.90	2040.69	0.00	-6900.28
70.00	947.83	0.00	-6822.94
70.10	-164.13	0.00	-6718.68
70.20	-1289.27	0.00	-6587.89
70.30	-2421.24	0.00	-6431.11
70.40	-3553.37	0.00	-6248.95
70.50	-4678.66	0.00	-6042.13
70.60	-5789.92	0.00	-5811.46
70.70	-6879.78	0.00	-5557.85
70.80	-7940.80	0.00	-5282.31
70.90	-8965.54	0.00	-4985.92
71.00	-9946.65	0.00	-4669.86
71.10	-10876.93	0.00	-4335.37
71.20	-11749.44	0.00	-3983.76
71.30	-12557.55	0.00	-3616.44
71.40	-13295.02	0.00	-3234.84
71.50	-13956.11	0.00	-2840.48
71.60	-14535.60	0.00	-2434.90
71.70	-15028.87	0.00	-2019.72
71.80	-15431.96	0.00	-1596.57
71.90	-15741.62	0.00	-1167.11
72.00	-15955.33	0.00	-733.05
72.10	-16071.35	0.00	-296.09
72.20	-16092.45	0.00	142.03
72.30	-16069.18	0.00	579.59
72.40	-16017.44	0.00	1014.87
72.50	-15936.66	0.00	1446.14
72.60	-15826.02	0.00	1871.70
72.70	-15684.41	0.00	2289.87
72.80	-15510.51	0.00	2699.01
72.90	-15302.77	0.00	3097.50
73.00	-15059.49	0.00	3483.76
73.10	-14778.88	0.00	3856.28
73.20	-14459.07	0.00	4213.57
73.30	-14098.18	0.00	4554.24
73.40	-13694.37	0.00	4876.93
73.50	-13245.95	0.00	5180.37
73.60	-12751.34	0.00	5463.38
73.70	-12209.24	0.00	5724.81
73.80	-11618.58	0.00	5963.66
73.90	-10978.67	0.00	6178.97
74.00	-10289.19	0.00	6369.90
74.10	-9550.25	0.00	6535.68
74.20	-8762.43	0.00	6675.67
74.30	-7926.83	0.00	6789.32
74.40	-7045.09	0.00	6876.17
74.50	-6119.40	0.00	6935.89
74.60	-5152.50	0.00	6968.23
74.70	-4147.73	0.00	6973.07
74.80	-3108.98	0.00	6950.39
74.90	-2040.69	0.00	6900.28
75.00	-947.83	0.00	6822.94
75.10	164.13	0.00	6718.68
75.20	1289.27	0.00	6587.89
75.30	2421.24	0.00	6431.11
75.40	3553.37	0.00	6248.95
75.50	4678.66	0.00	6042.13
75.60	5789.92	0.00	5811.46
75.70	6879.78	0.00	5557.85
75.80	7940.80	0.00	5282.31
75.90	8965.54	0.00	4985.92
76.00	9946.65	0.00	4669.86
76.10	10876.93	0.00	4335.37
76.20	11749.44	0.00	3983.76
76.30	12557.55	0.00	3616.44
76.40	13295.02	0.00	3234.84
76.50	13956.11	0.00	2840.48
76.60	14535.60	0.00	2434.90
76.70	15028.87	0.00	2019.72
76.80	15431.96	0.00	1596.57
76.90	15741.62	0.00	1167.11
77.00	15955.33	0.00	733.05
77.10	16071.35	0.00	296.09
77.20	16092.45	0.00	-142.03
77.30	16069.18	0.00	-579.59
77.40	16017.44	0.00	-1014.87
77.50	15936.66	0.00	-1446.14
77.60	15826.02	0.00	-1871.70
77.70	15684.41	0.00	-2289.87
77.80	15510.51	0.00	-2699.01
77.90	15302.77	0.00	-3097.50
78.00	15059.49	0.00	-3483.76
78.10	14778.88	0.00	-3856.28
78.20	14459.07	0.00	-4213.57
78.30	14098.18	0.00	-4554.24
78.40	13694.37	0.00	-4876.93
78.50	13245.95	0.00	-5180.37
78.60	12751.34	0.00	-5463.38
78.70	12209.24	0.00	-5724.81
78.80	11618.58	0.00	-5963.66
78.90	10978.67	0.00	-6178.97
79.00	10289.19	0.00	-6369.90
79.10	9550.25	0.00	-6535.68
79.20	8762.43	0.00	-6675.67
79.30	7926.83	0.00	-6789.32
79.40	7045.09	0.00	-6876.17
79.50	6119.40	0.00	-6935.89
79.60	5152.50	0.00	-6968.23
79.70	4147.73	0.00	-6973.07
79.80	3108.98	0.00	-6950.39
79.90	2040.69	0.00	-6900.28
80.00	947.83	0.00	-6822.94
80.10	-164.13	0.00	-6718.68
80.20	-1289.27	0.00	-6587.89
80.30	-2421.24	0.00	-6431.11
80.40	-3553.37	0.00	-6248.95
80.50	-4678.66	0.00	-6042.13
80.60	-5789.92	0.00	-5811.46
80.70	-6879.78	0.00	-5557.85
80.80	-7940.80	0.00	-5282.31
80.90	-8965.54	0.00	-4985.92
81.00	-9946.65	0.00	-4669.86
81.10	-10876.93	0.00	-4335.37
81.20	-11749.44	0.00	-3983.76
81.30	-12557.55	0.00	-3616.44
81.40	-13295.02	0.00	-3234.84
81.50	-13956.11	0.00	-2840.48
81.60	-14535.60	0.00	-2434.90
81.70	-15028.87	0.00	-2019.72
81.80	-15431.96	0.00	-1596.57
81.90	-15741.62	0.00	-1167.11
82.00	-15955.33	0.00	-733.05
82.10	-16071.35	0.00	-296.09
82.20	-16092.45	0.00	142.03
82.30	-16069.18	0.00	579.59
82.40	-16017.44	0.00	1014.87
82.50	-15936.66	0.00	1446.14
82.60	-15826.02	0.00	1871.70
82.70	-15684.41	0.00	2289.87
82.80	-15510.51	0.00	2699.01
82.90	-15302.77	0.00	3097.50
83.00	-15059.49	0.00	3483.76
83.10	-14778.88	0.00	3856.28
83.20	-14459.07	0.00	4213.57
83.30	-14098.18	0.00	4554.24
83.40	-13694.37	0.00	4876.93
83.50	-13245.95	0.00	5180.37
83.60	-12751.34	0.00	5463.38
83.70	-12209.24	0.00	5724.81
83.80	-11618.58	0.00	5963.66
83.90	-10978.67	0.00	6178.97
84.00	-10289.19	0.00	6369.90
84.10	-9550.25	0.00	6535.68
84.20	-8762.43	0.00	6675.67
84.30	-7926.83	0.00	6789.32
84.40	-7045.09	0.00	6876.17
84.50	-6119.40	0.00	6935.89
84.60	-5152.50	0.00	6968.23
84.70	-4147.73	0.00	6973.07
84.80	-3108.98	0.00	6950.39
84.90	-2040.69	0.00	6900.28
85.00	-947.83	0.00	6822.94
85.10	164.13	0.00	6718.68
85.20	1289.27	0.00	6587.89
85.30	2421.24	0.00	6431.11
85.40	3553.37	0.00	6248.95
85.50	4678.66	0.00	6042.13
85.60	5789.92	0.00	5811.46
85.70	6879.78	0.00	5557.85
85.80	7940.80	0.00	5282.31
85.90	8965.54	0.00	4985.92
86.00	9946.65	0.00	4669.86
86.10	10876.93	0.00	4335.37
86.20	11749.44	0.00	3983.76
86.30	12557.55	0.00	3616.44
86.40	13295.02	0.00	3234.84
86.50	13956.11	0.00	2840.48
86.60	14535.60	0.00	2434.90
86.70	15028.87	0.00	2019.72
86.80	15431.96	0.00	1596.57
86.90	15741.62	0.00	1167.11
87.00	15955.33	0.00	733.05
87.10	16071.35	0.00	296.09
87.20	16092.45	0.00	-142.03
87.30	16069.18	0.00	-579.59
87.40	16017.44	0.00	-1014.87
87.50	15936.66	0.00	-1446.14
87.60	15826.02	0.00	-1871.70
87.70	15684.41	0.00	-2289.87
87.80	15510.51	0.00	-2699.01
87.90	15302.77	0.00	-3097.50
88.00	15059.49	0.00	-3483.76
88.10	14778.88	0.00	-3856.28
88.20	14459.07	0.00	-4213.57
88.30	14098.18	0.00	-4554.24
88.40	13694.37	0.00	-4876.93
88.50	13245.95	0.00	-5180.37
88.60	12751.34	0.00	-5463.38
88.70	12209.24	0.00	-5724.81
88.80	11618.58	0.00	-5963.66
88.90	10978.67	0.00	-6178.97
89.00	10289.19	0.00	-6369.90
89.10	9550.25	0.00	-6535.68
89.20	8762.43	0.00	-6675.67
89.30	7926.83	0.00	-6789.32
89.40	7045.09	0.00	-6876.17
89.50	6119.40	0.00	-6935.89
89.60	5152.50	0.00	-6968.23
89.70	4147.73	0.00	-6973.07
89.80	3108.98	0.00	-6950.39
89.90	2040.69	0.00	-6900.28
90.00	947.83	0.00	-6822.94
90.10	-164.13	0.00	-6718.68
90.20	-1289.27	0.00	-6587.89
90.30	-2421.24	0.00	-6431.11
90.40	-3553.37	0.00	-6248.95
90.50	-4678.66	0.00	-6042.13
90.60	-5789.92	0.00	-5811.46
90.70	-6879.78	0.00	-5557.85
90.80	-7940.80	0.00	-5282.31
90.90	-8965.54	0.00	-4985.92
91.00	-9946.65	0.00	-4669.86
91.10	-10876.93	0.00	-4335.37
91.20	-11749.44	0.00	-3983.76
91.30	-12557.55	0.00	-3616.44
91.40	-13295.02	0.00	-3234.84
91.50	-13956.11	0.00	-2840.48
91.60	-14535.60	0.00	-2434.90
91.70	-15028.87	0.00	-2019.72
91.80	-15431.96	0.00	-1596.57
91.90	-15741.62	0.00	-1167.11
92.00	-15955.33	0.00	-733.05
92.10	-16071.35	0.00	-296.09
92.20	-16092.45	0.00	142.03
92.30	-16069.18	0.00	579.59
92.40	-16017.44	0.00	1014.87
92.50	-15936.66	0.00	1446.14
92.60	-15826.02	0.00	1871.70
92.70	-15684.41	0.00	2289.87
92.80	-15510.51	0.00	2699.01
92.90	-15302.77	0.00	3097.50
93.00	-15059.49	0.00	3483.76
93.10	-14778.88	0.00	3856.28
93.20	-14459.07	0.00	4213.57
93.30	-14098.18	0.00	4554.24
93.40	-13694.37	0.00	4876.93
93.50	-13245.95	0.00	5180.37
93.60	-12751.34	0.00	5463.38
93.70	-12209.24	0.00	5724.81
93.80	-11618.58	0.00	5963.66
93.90	-10978.67	0.00	6178.97
94.00	-10289.19	0.00	6369.90
94.10	-9550.25	0.00	6535.68
94.20	-8762.43	0.00	6675.67
94.30	-7926.83	0.00	6789.32
94.40	-7045.09	0.00	6876.17
94.50	-6119.40	0.00	6935.89
94.60	-5152.50	0.00	6968.23
94.70	-4147.73	0.00	6973.07
94.80	-3108.98	0.00	6950.39
94.90	-2040.69	0.00	6900.28
95.00	-947.83	0.00	6822.94
95.10	164.13	0.00	6718.68
95.20	1289.27	0.00	6587.89
95.30	2421.24	0.00	6431.11
95.40	3553.37	0.00	6248.95
95.50	4678.66	0.00	6042.13
95.60	5789.92	0.00	5811.46
95.70	6879.78	0.00	5557.85
95.80	7940.80	0.00	5282.31
95.90	8965.54	0.00	4985.92
96.00	9946.65	0.00	4669.86
96.10	10876.93	0.00	4335.37
96.20	11749.44	0.00	3983.76
96.30	12557.55	0.00	3616.44
96.40	13295.02	0.00	3234.84
96.50	13956.11	0.00	2840.48
96.60	14535.60	0.00	2434.90
96.70	15028.87	0.00	2019.72
96.80	15431.96	0.00	1596.57
96.90	15741.62	0.00	1167.11
97.00	15955.33	0.00	733.05
97.10	16071.35	0.00	296.09
97.20	16092.45	0.00	-142.03
97.30	16069.18	0.00	-579.59
97.40	16017.44	0.00	-1014.87
97.50	15936.66	0.00	-1446.14
97.60	15826.02	0.00	-1871.70
97.70	15684.41	0.00	-2289.87
97.80	15510.51	0.00	-2699.01
97.90	15302.77	0.00	-3097.50
98.00	15059.49	0.00	-3483.76
98.10	14778.88	0.00	-3856.28
98.20	14459.07	0.00	-4213.57
98.30	14098.18	0.00	-4554.24
98.40	13694.37	0.00	-4876.93
98.50	13245.95	0.00	-5180.37
98.60	12751.34	0.00	-5463.38
98.70	12209.24	0.00	-5724.81
98.80	11618.58	0.00	-5963.66
98.90	10978.67	0.00	-6178.97
99.00	10289.19	0.00	-6369.90
99.10	9550.25	0.00	-6535.68
99.20	8762.43	0.00	-6675.67
99.30	7926.83	0.00	-6789.32
99.40	7045.09	0.00	-6876.17
99.50	6119.40	0.00	-6935.89
99.60	5152.50	0.00	-6968.23
99.70	4147.73	0.00	-6973.07
99.80	3108.98	0.00	-6950.39
99.90	2040.69	0.00	-6900.28
100.00	947.83	0.00	-6822.94
100.10	-164.13	0.00	-6718.68
100.20	-1289.27	0.00	-6587.89
100.30	-2421.24	0.00	-6431.11
100.40	-3553.37	0.00	-6248.95
100.50	-4678.66	0.00	-6042.13
100.60	-5789.92	0.00	-5811.46
100.70	-6879.78	0.00	-5557.85
100.80	-7940.80	0.00	-5282.31
100.90	-8965.54	0.00	-4985.92
101.00	-9946.65	0.00	-4669.86
101.10	-10876.93	0.00	-4335.37
101.20	-11749.44	0.00	-3983.76
101.30	-12557.55	0.00	-3616.44
101.40	-13295.02	0.00	-3234.84
101.50	-13956.11	0.00	-2840.48
101.60	-14535.60	0.00	-2434.90
101.70	-15028.87	0.00	-2019.72
101.80	-15431.96	0.00	-1596.57
101.90	-15741.62	0.00	-1167.11
102.00	-15955.33	0.00	-733.05
102.10	-16071.35	0.00	-296.09
102.20	-16092.45	0.00	142.03
102.30	-16069.18	0.00	579.59
102.40	-16017.44	0.00	1014.87
102.50	-15936.66	0.00	1446.14
102.60	-15826.02	0.00	1871.70
102.70	-15684.41	0.00	2289.87
102.80	-15510.51	0.00	2699.01
102.90	-15302.77	0.00	3097.50
103.00	-15059.49	0.00	3483.76
103.10	-14778.88	0.00	3856.28
103.20	-14459.07	0.00	4213.57
103.30	-14098.18	0.00	4554.24
103.40	-13694.37	0.00	4876.93
103.50	-13245.95	0.00	5180.37
103.60	-12751.34	0.00	5463.38
103.70	-12209.24	0.00	5724.81
103.80	-11618.58	0.00	5963.66
103.90	-10978.67	0.00	6178.97
104.00	-10289.19	0.00	6369.90
104.10	-9550.25	0.00	6535.68
104.20	-8762.43	0.00	6675.67
104.30	-7926.83	0.00	6789.32
104.40	-7045.09	0.00	6876.17
104.50	-6119.40	0.00	6935.89
104.60	-5152.50	0.00	6968.23
104.70	-4147.73	0.00	6973.07
104.80	-3108.98	0.00	6950.39
104.90	-2040.69	0.00	6900.28
105.00	-947.83	0.00	6822.94
105.10	164.13	0.00	6718.68
105.20	1289.27	0.00	6587.89
105.30	2421.24	0.00	6431.11
105.40	3553.37	0.00	6248.95
105.50	4678.66	0.00	6042.13
105.60	5789.92	0.00	5811.46
105.70	6879.78	0.00	5557.85
105.80	7940.80	0.00	5282.31
105.90	8965.54	0.00	4985.92
106.00	9946.65	0.00	4669.86
106.10	10876.93	0.00	4335.37
106.20	11749.44	0.00	3983.76
106.30	12557.55	0.00	3616.44
106.40	13295.02	0.00	3234.84
106.50	13956.11	0.00	2840.48
106.60	14535.60	0.00	2434.90
106.70	15028.87	0.00	2019.72
106.80	15431.96	0.00	1596.57
106.90	15741.62	0.00	1167.11
107.00	15955.33	0.00	733.05
107.10	16071.35	0.00	296.09
107.20	16092.45	0.00	-142.03
107.30	16069.18	0.00	-579.59
107.40	16017.44	0.00	-1014.87
107.50	15936.66	0.00	-1446.14
107.60	15826.02	0.00	-1871.70
107.70	15684.41	0.00	-2289.87
107.80	15510.51	0.00	-2699.01
107.90	15302.77	0.00	-3097.50
108.00	15059.49	0.00	-3483.76
108.10	14778.88	0.00	-3856.28
108.20	14459.07	0.00	-4213.57
108.30	14098.18	0.00	-4554.24
108.40	13694.37	0.00	-4876.93
108.50	13245.95	0.00	-5180.37
108.60	12751.34	0.00	-5463.38
108.70	12209.24	0.00	-5724.81
108.80	11618.58	0.00	-5963.66
108.90	10978.67	0.00	-6178.97
109.00	10289.19	0.00	-6369.90
109.10	9550.25	0.00	-6535.68
109.20	8762.43	0.00	-6675.67
109.30	7926.83	0.00	-6789.32
109.40	7045.09	0.00	-6876.17
109.50	6119.40	0.00	-6935.89
109.60	5152.50	0.00	-6968.23
109.70	4147.73	0.00	-6973.07
109.80	3108.98	0.00	-6950.39
109.90	2040.69	0.00	-6900.28
110.00	947.83	0.00	-6822.94
110.10	-164.13	0.00	-6718.68
110.20	-1289.27	0.00	-6587.89
110.30	-2421.24	0.00	-6431.11
110.40	-3553.37	0.00	-6248.95
110.50	-4678.66	0.00	-6042.13
110.60	-5789.92	0.00	-5811.46
110.70	-6879.78	0.00	-5557.85
110.80	-7940.80	0.00	-5282.31
110.90	-8965.54	0.00	-4985.92
111.00	-9946.65	0.00	-4669.86
111.10	-10876.93	0.00	-4335.37
111.20	-11749.44	0.00	-3983.76
111.30	-12557.55	0.00	-3616.44
111.40	-13295.02	0.00	-3234.84
111.50	-13956.11	0.00	-2840.48
111.60	-14535.60	0.00	-2434.90
111.70	-15028.87	0.00	-2019.72
111.80	-15431.96	0.00	-1596.57
111.90	-15741.62	0.00	-1167.11
112.00	-15955.33	0.00	-733.05
112.10	-16071.35	0.00	-296.09
112.20	-16092.45	0.00	142.03
112.30	-16069.18	0.00	579.59
112.40	-16017.44	0.00	1014.87
112.50	-15936.66	0.00	1446.14
112.60	-15826.02	0.00	1871.70
112.70	-15684.41	0.00	2289.87
112.80	-15510.51	0.00	2699.01
112.90	-15302.77	0.00	3097.50
113.00	-15059.49	0.00	3483.76
113.10	-14778.88	0.00	3856.28
113.20	-14459.07	0.00	4213.57
113.30	-14098.18	0.00	4554.24
113.40	-13694.37	0.00	4876.93
113.50	-13245.95	0.00	5180.37
113.60	-12751.34	0.00	5463.38
113.70	-12209.24	0.00	5724.81
113.80	-11618.58	0.00	5963.66
113.90	-10978.67	0.00	6178.97
114.00	-10289.19	0.00	6369.90
114.10	-9550.25	0.00	6535.68
114.20	-8762.43	0.00	6675.67
114.30	-7926.83	0.00	6789.32
114.40	-7045.09	0.00	6876.17
114.50	-6119.40	0.00	6935.89
114.60	-5152.50	0.00	6968.23
114.70	-4147.73	0.00	6973.07
114.80	-3108.98	0.00	6950.39
114.90	-2040.69	0.00	6900.28
115.00	-947.83	0.00	6822.94
115.10	164.13	0.00	6718.68
115.20	1289.27	0.00	6587.89
115.30	2421.24	0.00	6431.11
115.40	3553.37	0.00	6248.95
115.50	4678.66	0.00	6042.13
115.60	5789.92	0.00	5811.46
115.70	6879.78	0.00	5557.85
115.80	7940.80	0.00	5282.31
115.90	8965.54	0.00	4985.92
116.00	9946.65	0.00	4669.86
116.10	10876.93	0.00	4335.37
116.20	11749.44	0.00	3983.76
116.30	12557.55	0.00	3616.44
116.40	13295.02	0.00	3234.84
116.50	13956.11	0.00	2840.48
116.60	14535.60	0.00	2434.90
116.70	15028.87	0.00	2019.72
116.80	15431.96	0.00	1596.57
116.90	15741.62	0.00	1167.11
117.00	15955.33	0.00	733.05
117.10	16071.35	0.00	296.09
117.20	16092.45	0.00	-142.03
117.30	16069.18	0.00	-579.59
117.40	16017.44	0.00	-1014.87
117.50	15936.66	0.00	-1446.14
117.60	15826.02	0.00	-1871.70
117.70	15684.41	0.00	-2289.87
117.80	15510.51	0.00	-2699.01
117.90	15302.77	0.00	-3097.50
118.00	15059.49	0.00	-3483.76
118.10	14778.88	0.00	-3856.28
118.20	14459.07	0.00	-4213.57
118.30	14098.18	0.00	-4554.24
118.40	13694.37	0.00	-4876.93
118.50	13245.95	0.00	-5180.37
118.60	12751.34	0.00	-5463.38
118.70	12209.24	0.00	-5724.81
118.80	11618.58	0.00	-5963.66
118.90	10978.67	0.00	-6178.97
119.00	10289.19	0.00	-6369.90
119.10	9550.25	0.00	-6535.68
119.20	8762.43	0.00	-6675.67
119.30	7926.83	0.00	-6789.32
119.40	7045.09	0.00	-6876.17
119.50	6119.40	0.00	-6935.89
119.60	5152.50	0.00	-6968.23
119.70	4147.73	0.00	-6973.07
119.80	3108.98	0.00	-6950.39
119.90	2040.69	0.00	-6900.28
120.00	947.83	0.00	-6822.94
120.10	-164.13	0.00	-6718.68
120.20	-1289.27	0.00	-6587.89
120.30	-2421.24	0.00	-6431.11
120.40	-3553.37	0.00	-6248.95
120.50	-4678.66	0.00	-6042.13
120.60	-5789.92	0.00	-5811.46
120.70	-6879.78	0.00	-5557.85
120.80	-7940.80	0.00	-5282.31
120.90	-8965.54	0.00	-4985.92
121.00	-9946.65	0.00	-4669.86
121.10	-10876.93	0.00	-4335.37
121.20	-11749.44	0.00	-3983.76
121.30	-12557.55	0.00	-3616.44
121.40	-13295.02	0.00	-3234.84
121.50	-13956.11	0.00	-2840.48
121.60	-14535.60	0.00	-2434.90
121.70	-15028.87	0.00	-2019.72
121.80	-15431.96	0.00	-1596.57
121.90	-15741.62	0.00	-1167.11
122.00	-15955.33	0.00	-733.05
122.10	-16071.35	0.00	-296.09
122.20	-16092.45	0.00	142.03
122.30	-16069.18	0.00	579.59
122.40	-16017.44	0.00	1014.87
122.50	-15936.66	0.00	1446.14
122.60	-15826.02	0.00	1871.70
122.70	-15684.41	0.00	2289.87
122.80	-15510.51	0.00	2699.01
122.90	-15302.77	0.00	3097.50
123.00	-15059.49	0.00	3483.76
123.10	-14778.88	0.00	3856.28
123.20	-14459.07	0.00	4213.57
123.30	-14098.18	0.00	4554.24
123.40	-13694.37	0.00	4876.93
123.50	-13245.95	0.00	5180.37
123.60	-12751.34	0.00	5463.38
123.70	-12209.24	0.00	5724.81
123.80	-11618.58	0.00	5963.66
123.90	-10978.67	0.00	6178.97
124.00	-10289.19	0.00	6369.90
124.10	-9550.25	0.00	6535.68
124.20	-8762.43	0.00	6675.67
124.30	-7926.83	0.00	6789.32
124.40	-7045.09	0.00	6876.17
124.50	-6119.40	0.00	6935.89
124.60	-5152.50	0.00	6968.23
124.70	-4147.73	0.00	6973.07
124.80	-3108.98	0.00	6950.39
124.90	-2040.69	0.00	6900.28
125.00	-947.83	0.00	6822.94
125.10	164.13	0.00	6718.68
125.20	1289.27	0.00	6587.89
125.30	2421.24	0.00	6431.11
125.40	3553.37	0.00	6248.95
125.50	4678.66	0.00	6042.13
125.60	5789.92	0.00	5811.46
125.70	6879.78	0.00	5557.85
125.80	7940.80	0.00	5282.31
125.90	8965.54	0.00	4985.92
126.00	9946.65	0.00	4669.86
126.10	10876.93	0.00	4335.37
126.20	11749.44	0.00	3983.76
126.30	12557.55	0.00	3616.44
126.40	13295.02	0.00	3234.84
126.50	13956.11	0.00	2840.48
126.60	14535.60	0.00	2434.90
126.70	15028.87	0.00	2019.72
126.80	15431.96	0.00	1596.57
126.90	15741.62	0.00	1167.11
127.00	15955.33	0.00	733.05
127.10	16071.35	0.00	296.09
127.20	16092.45	0.00	-142.03
127.30	16069.18	0.00	-579.59
127.40	16017.44	0.00	-1014.87
127.50	15936.66	0.00	-1446.14
127.60	15826.02	0.00	-1871.70
127.70	15684.41	0.00	-2289.87
127.80	15510.51	0.00	-2699.01
127.90	15302.77	0.00	-3097.50
128.00	15059.49	0.00	-3483.76
128.10	14778.88	0.00	-3856.28
128.20	14459.07	0.00	-4213.57
128.30	14098.18	0.00	-4554.24
128.40	13694.37	0.00	-4876.93
128.50	13245.95	0.00	-5180.37
128.60	12751.34	0.00	-5463.38
128.70	12209.24	0.00	-5724.81
128.80	11618.58	0.00	-5963.66
128.90	10978.67	0.00	-6178.97
129.00	10289.19	0.00	-6369.90
129.10	9550.25	0.00	-6535.68
129.20	8762.43	0.00	-6675.67
129.30	7926.83	0.00	-6789.32
129.40	7045.09	0.00	-6876.17
129.50	6119.40	0.00	-6935.89
129.60	5152.50	0.00	-6968.23
129.70	4147.73	0.00	-6973.07
129.80	3108.98	0.00	-6950.39
129.90	2040.69	0.00	-6900.28
130.00	947.83	0.00	-6822.94
130.10	-164.13	0.00	-6718.68
130.20	-1289.27	0.00	-6587.89
130.30	-2421.24	0.00	-6431.11
130.40	-3553.37	0.00	-6248.95
130.50	-4678.66	0.00	-6042.13
130.60	-5789.92	0.00	-5811.46
130.70	-6879.78	0.00	-5557.85
130.80	-7940.80	0.00	-5282.31
130.90	-8965.54	0.00	-4985.92
131.00	-9946.65	0.00	-4669.86
131.10	-10876.93	0.00	-4335.37
131.20	-11749.44	0.00	-3983.76
131.30	-12557.55	0.00	-3616.44
131.40	-13295.02	0.00	-3234.84
131.50	-13956.11	0.00	-2840.48
131.60	-14535.60	0.00	-2434.90
131.70	-15028.87	0.00	-2019.72
131.80	-15431.96	0.00	-1596.57
131.90	-15741.62	0.00	-1167.11
132.00	-15955.33	0.00	-733.05
132.10	-16071.35	0.00	-296.09
132.20	-16092.45	0.00	142.03
132.30	-16069.18	0.00	579.59
132.40	-16017.44	0.00	1014.87
132.50	-15936.66	0.00	1446.14
132.60	-15826.02	0.00	1871.70
132.70	-15684.41	0.00	2289.87
132.80	-15510.51	0.00	2699.01
132.90	-15302.77	0.00	3097.50
133.00	-15059.49	0.00	3483.76
133.10	-14778.88	0.00	3856.28
133.20	-14459.07	0.00	4213.57
133.30	-14098.18	0.00	4554.24
133.40	-13694.37	0.00	4876.93
133.50	-13245.95	0.00	5180.37
133.60	-12751.34	0.00	5463.38
133.70	-12209.24	0.00	5724.81
133.80	-11618.58	0.00	5963.66
133.90	-10978.67	0.00	6178.97
134.00	-10289.19	0.00	6369.90
134.10	-9550.25	0.00	6535.68
134.20	-8762.43	0.00	6675.67
134.30	-7926.83	0.00	6789.32
134.40	-7045.09	0.00	6876.17
134.50	-6119.40	0.00	6935.89
134.60	-5152.50	0.00	6968.23
134.70	-4147.73	0.00	6973.07
134.80	-3108.98	0.00	6950.39
134.90	-2040.69	0.00	6900.28
135.00	-947.83	0.00	6822.94
135.10	164.13	0.00	6718.68
135.20	1289.27	0.00	6587.89
135.30	2421.24	0.00	6431.11
135.40	3553.37	0.00	6248.95
135.50	4678.66	0.00	6042.13
135.60	5789.92	0.00	5811.46
135.70	6879.78	0.00	5557.85
135.80	7940.80	0.00	5282.31
135.90	8965.54	0.00	4985.92
136.00	9946.65	0.00	4669.86
136.10	10876.93	0.00	4335.37
136.20	11749.44	0.00	3983.76
136.30	12557.55	0.00	3616.44
136.40	13295.02	0.00	3234.84
136.50	13956.11	0.00	2840.48
136.60	14535.60	0.00	2434.90
136.70	15028.87	0.00	2019.72
136.80	15431.96	0.00	1596.57
136.90	15741.62	0.00	1167.11
137.00	15955.33	0.00	733.05
137.10	16071.35	0.00	296.09
137.20	16092.45	0.00	-142.03
137.30	16069.18	0.00	-579.59
137.40	16017.44	0.00	-1014.87
137.50	15936.66	0.00	-1446.14
137.60	15826.02	0.00	-1871.70
137.70	15684.41	0.00	-2289.87
137.80	15510.51	0.00	-2699.01
137.90	15302.77	0.00	-3097.50
138.00	15059.49	0.00	-3483.76
138.10	14778.88	0.00	-3856.28
138.20	14459.07	0.00	-4213.57
138.30	14098.18	0.00	-4554.24
138.40	13694.37	0.00	-4876.93
138.50	13245.95	0.00	-5180.37
138.60	12751.34	0.00	-5463.38
138.70	12209.24	0.00	-5724.81
138.80	11618.58	0.00	-5963.66
138.90	10978.67	0.00	-6178.97
139.00	10289.19	0.00	-6369.90
139.10	9550.25	0.00	-6535.68
139.20	8762.43	0.00	-6675.67
139.30	7926.83	0.00	-6789.32
139.40	7045.09	0.00	-6876.17
139.50	6119.40	0.00	-6935.89
139.60	5152.50	0.00	-6968.23
139.70	4147.73	0.00	-6973.07
139.80	3108.98	0.00	-6950.39
139.90	2040.69	0.00	-6900.28
140.00	947.83	0.00	-6822.94
140.10	-164.13	0.00	-6718.68
140.20	-1289.27	0.00	-6587.89
140.30	-2421.24	0.00	-6431.11
140.40	-3553.37	0.00	-6248.95
140.50	-4678.66	0.00	-6042.13
140.60	-5789.92	0.00	-5811.46
140.70	-6879.78	0.00	-5557.85
140.80	-7940.80	0.00	-5282.31
140.90	-8965.54	0.00	-4985.92
141.00	-9946.65	0.00	-4669.86
141.10	-10876.93	0.00	-4335.37
141.20	-11749.44	0.00	-3983.76
141.30	-12557.55	0.00	-3616.44
141.40	-13295.02	0.00	-3234.84
141.50	-13956.11	0.00	-2840.48
141.60	-14535.60	0.00	-2434.90
141.70	-15028.87	0.00	-2019.72
141.80	-15431.96	0.00	-1596.57
141.90	-15741.62	0.00	-1167.11
142.00	-15955.33	0.00	-733.05
142.10	-16071.35	0.00	-296.09
142.20	-16092.45	0.00	142.03
142.30	-16069.18	0.00	579.59
142.40	-16017.44	0.00	1014.87
142.50	-15936.66	0.00	1446.14
142.60	-15826.02	0.00	1871.70
142.70	-15684.41	0.00	2289.87
142.80	-15510.51	0.00	2699.01
142.90	-15302.77	0.00	3097.50
143.00	-15059.49	0.00	3483.76
143.10	-14778.88	0.00	3856.28
143.20	-14459.07	0.00	4213.57
143.30	-14098.18	0.00	4554.24
143.40	-13694.37	0.00	4876.93
143.50	-13245.95	0.00	5180.37
143.60	-12751.34	0.00	5463.38
143.70	-12209.24	0.00	5724.81
143.80	-11618.58	0.00	5963.66
143.90	-10978.67	0.00	6178.97
144.00	-10289.19	0.00	6369.90
144.10	-9550.25	0.00	6535.68
144.20	-8762.43	0.00	6675.67
144.30	-7926.83	0.00	6789.32
144.40	-7045.09	0.00	6876.17
144.50	-6119.40	0.00	6935.89
144.60	-5152.50	0.00	6968.23
144.70	-4147.73	0.00	6973.07
144.80	-3108.98	0.00	6950.39
144.90	-2040.69	0.00	6900.28
145.00	-947.83	0.00	6822.94
145.10	164.13	0.00	6718.68
145.20	1289.27	0.00	6587.89
145.30	2421.24	0.00	6431.11
145.40	3553.37	0.00	6248.95
145.50	4678.66	0.00	6042.13
145.60	5789.92	0.00	5811.46
145.70	6879.78	0.00	5557.85
145.80	7940.80	0.00	5282.31
145.90	8965.54	0.00	4985.92
146.00	9946.65	0.00	4669.86
146.10	10876.93	0.00	4335.37
146.20	11749.44	0.00	3983.76
146.30	12557.55	0.00	3616.44
146.40	13295.02	0.00	3234.84
146.50	13956.11	0.00	2840.48
146.60	14535.60	0.00	2434.90
146.70	15028.87	0.00	2019.72
146.80	15431.96	0.00	1596.57
146.90	15741.62	0.00	1167.11
147.00	15955.33	0.00	733.05
147.10	16071.35	0.00	296.09
147.20	16092.45	0.00	-142.03
147.30	16069.18	0.00	-579.59
147.40	16017.44	0.00	-1014.87
147.50	15936.66	0.00	-1446.14
147.60	15826.02	0.00	-1871.70
147.70	15684.41	0.00	-2289.87
147.80	15510.51	0.00	-2699.01
147.90	15302.77	0.00	-3097.50
148.00	15059.49	0.00	-3483.76
148.10	14778.88	0.00	-3856.28
148.20	14459.07	0.00	-4213.57
148.30	14098.18	0.00	-4554.24
148.40	13694.37	0.00	-4876.93
148.50	13245.95	0.00	-5180.37
148.60	12751.34	0.00	-5463.38
148.70	12209.24	0.00	-5724.81
148.80	11618.58	0.00	-5963.66
148.90	10978.67	0.00	-6178.97
149.00	10289.19	0.00	-6369.90
149.10	9550.25	0.00	-6535.68
149.20	8762.43	0.00	-6675.67
149.30	7926.83	0.00	-6789.32
149.40	7045.09	0.00	-6876.17
149.50	6119.40	0.00	-6935.89
149.60	5152.50	0.00	-6968.23
149.70	4147.73	0.00	-6973.07
149.80	3108.98	0.00	-6950.39
149.90	2040.69	0.00	-6900.28
150.00	947.83	0.00	-6822.94
150.10	-164.13	0.00	-6718.68
150.20	-1289.27	0.00	-6587.89
150.30	-2421.24	0.00	-6431.11
150.40	-3553.37	0.00	-6248.95
150.50	-4678.66	0.00	-6042.13
150.60	-5789.92	0.00	-5811.46
150.70	-6879.78	0.00	-5557.85
150.80	-7940.80	0.00	-5282.31
150.90	-8965.54	0.00	-4985.92
151.00	-9946.65	0.00	-4669.86
151.10	-10876.93	0.00	-4335.37
151.20	-11749.44	0.00	-3983.76
151.30	-12557.55	0.00	-3616.44
151.40	-13295.02	0.00	-3234.84
151.50	-13956.11	0.00	-2840.48
151.60	-14535.60	0.00	-2434.90
151.70	-15028.87	0.00	-2019.72
151.80	-15431.96	0.00	-1596.57
151.90	-15741.62	0.00	-1167.11
152.00	-15955.33	0.00	-733.05
152.10	-16071.35	0.00	-296.09
152.20	-16092.45	0.00	142.03
152.30	-16069.18	0.00	579.59
152.40	-16017.44	0.00	1014.87
152.50	-15936.66	0.00	1446.14
152.60	-15826.02	0.00	1871.70
152.70	-15684.41	0.00	2289.87
152.80	-15510.51	0.00	2699.01
152.90	-15302.77	0.00	3097.50
153.00	-15059.49	0.00	3483.76
153.10	-14778.88	0.00	3856.28
153.20	-14459.07	0.00	4213.57
153.30	-14098.18	0.00	4554.24
153.40	-13694.37	0.00	4876.93
153.50	-13245.95	0.00	5180.37
153.60	-12751.34	0.00	5463.38
153.70	-12209.24	0.00	5724.81
153.80	-11618.58	0.00	5963.66
153.90	-10978.67	0.00	6178.97
154.00	-10289.19	0.00	6369.90
154.10	-9550.25	0.00	6535.68
154.20	-8762.43	0.00	6675.67
154.30	-7926.83	0.00	6789.32
154.40	-7045.09	0.00	6876.17
154.50	-6119.40	0.00	6935.89
154.60	-5152.50	0.00	6968.23
154.70	-4147.73	0.00	6973.07
154.80	-3108.98	0.00	6950.39
154.90	-2040.69	0.00	6900.28
155.00	-947.83	0.00	6822.94
155.10	164.13	0.00	6718.68
155.20	1289.27	0.00	6587.89
155.30	2421.24	0.00	6431.11
155.40	3553.37	0.00	6248.95
155.50	4678.66	0.00	6042.13
155.60	5789.92	0.00	5811.46
155.70	6879.78	0.00	5557.85
155.80	7940.80	0.00	5282.31
155.90	8965.54	0.00	4985.92
156.00	9946.65	0.00	4669.86
156.10	10876.93	0.00	4335.37
156.20	11749.44	0.00	3983.76
156.30	12557.55	0.00	3616.44
156.40	13295.02	0.00	3234.84
156.50	13956.11	0.00	2840.48
156.60	14535.60	0.00	2434.90
156.70	15028.87	0.00	2019.72
156.80	15431.96	0.00	1596.57
156.90	15741.62	0.00	1167.11
157.00	15955.33	0.00	733.05
157.10	16071.35	0.00	296.09
157.20	16092.45	0.00	-142.03
157.30	16069.18	0.00	-579.59
157.40	16017.44	0.00	-1014.87
157.50	15936.66	0.00	-1446.14
157.60	15826.02	0.00	-1871.70
157.70	15684.41	0.00	-2289.87
157.80	15510.51	0.00	-2699.01
157.90	15302.77	0.00	-3097.50
158.00	15059.49	0.00	-3483.76
158.10	14778.88	0.00	-3856.28
158.20	14459.07	0.00	-4213.57
158.30	14098.18	0.00	-4554.24
158.40	13694.37	0.00	-4876.93
158.50	13245.95	0.00	-5180.37
158.60	12751.34	0.00	-5463.38
158.70	12209.24	0.00	-5724.81
158.80	11618.58	0.00	-5963.66
158.90	10978.67	0.00	-6178.97
159.00	10289.19	0.00	-6369.90
159.10	9550.25	0.00	-6535.68
159.20	8762.43	0.00	-6675.67
159.30	7926.83	0.00	-6789.32
159.40	7045.09	0.00	-6876.17
159.50	6119.40	0.00	-6935.89
159.60	5152.50	0.00	-6968.23
159.70	4147.73	0.00	-6973.07
159.80	3108.98	0.00	-6950.39
159.90	2040.69	0.00	-6900.28
160.00	947.83	0.00	-6822.94
160.10	-164.13	0.00	-6718.68
160.20	-1289.27	0.00	-6587.89
160.30	-2421.24	0.00	-6431.11
160.40	-3553.37	0.00	-6248.95
160.50	-4678.66	0.00	-6042.13
160.60	-5789.92	0.00	-5811.46
160.70	-6879.78	0.00	-5557.85
160.80	-7940.80	0.00	-5282.31
160.90	-8965.54	0.00	-4985.92
161.00	-9946.65	0.00	-4669.86
161.10	-10876.93	0.00	-4335.37
161.20	-11749.44	0.00	-3983.76
161.30	-12557.55	0.00	-3616.44
161.40	-13295.02	0.00	-3234.84
161.50	-13956.11	0.00	-2840.48
161.60	-14535.60	0.00	-2434.90
161.70	-15028.87	0.00	-2019.72
161.80	-15431.96	0.00	-1596.57
161.90	-15741.62	0.00	-1167.11
162.00	-15955.33	0.00	-733.05
162.10	-16071.35	0.00	-296.09
162.20	-16092.45	0.00	142.03
162.30	-16069.18	0.00	579.59
162.40	-16017.44	0.00	1014.87
162.50	-15936.66	0.00	1446.14
162.60	-15826.02	0.00	1871.70
162.70	-15684.41	0.00	2289.87
162.80	-15510.51	0.00	2699.01
162.90	-15302.77	0.00	3097.50
163.00	-15059.49	0.00	3483.76
163.10	-14778.88	0.00	3856.28
163.20	-14459.07	0.00	4213.57
163.30	-14098.18	0.00	4554.24
163.40	-13694.37	0.00	4876.93
163.50	-13245.95	0.00	5180.37
163.60	-12751.34	0.00	5463.38
163.70	-12209.24	0.00	5724.81
163.80	-11618.58	0.00	5963.66
163.90	-10978.67	0.00	6178.97
164.00	-10289.19	0.00	6369.90
164.10	-9550.25	0.00	6535.68
164.20	-8762.43	0.00	6675.67
164.30	-7926.83	0.00	6789.32
164.40	-7045.09	0.00	6876.17
164.50	-6119.40	0.00	6935.89
164.60	-5152.50	0.00	6968.23
164.70	-4147.73	0.00	6973.07
164.80	-3108.98	0.00	6950.39
164.90	-2040.69	0.00	6900.28
165.00	-947.83	0.00	6822.94
165.10	164.13	0.00	6718.68
165.20	1289.27	0.00	6587.89
165.30	2421.24	0.00	6431.11
165.40	3553.37	0.00	6248.95
165.50	4678.66	0.00	6042.13
165.60	5789.92	0.00	5811.46
165.70	6879.78	0.00	5557.85
165.80	7940.80	0.00	5282.31
165.90	8965.54	0.00	4985.92
166.00	9946.65	0.00	4669.86
166.10	10876.93	0.00	4335.37
166.20	11749.44	0.00	3983.76
166.30	12557.55	0.00	3616.44
166.40	13295.02	0.00	3234.84
166.50	13956.11	0.00	2840.48
166.60	14535.60	0.00	2434.90
166.70	15028.87	0.00	2019.72
166.80	15431.96	0.00	1596.57
166.90	15741.62	0.00	1167.11
167.00	15955.33	0.00	733.05
167.10	16071.35	0.00	296.09
167.20	16092.45	0.00	-142.03
167.30	16069.18	0.00	-579.59
167.40	16017.44	0.00	-1014.87
167.50	15936.66	0.00	-1446.14
167.60	15826.02	0.00	-1871.70
167.70	15684.41	0.00	-2289.87
167.80	15510.51	0.00	-2699.01
167.90	15302.77	0.00	-3097.50
168.00	15059.49	0.00	-3483.76
168.10	14778.88	0.00	-3856.28
168.20	14459.07	0.00	-4213.57
168.30	14098.18	0.00	-4554.24
168.40	13694.37	0.00	-4876.93
168.50	13245.95	0.00	-5180.37
168.60	12751.34	0.00	-5463.38
168.70	12209.24	0.00	-5724.81
168.80	11618.58	0.00	-5963.66
168.90	10978.67	0.00	-6178.97
169.00	10289.19	0.00	-6369.90
169.10	9550.25	0.00	-6535.68
169.20	8762.43	0.00	-6675.67
169.30	7926.83	0.00	-6789.32
169.40	7045.09	0.00	-6876.17
169.50	6119.40	0.00	-6935.89
169.60	5152.50	0.00	-6968.23
169.70	4147.73	0.00	-6973.07
169.80	3108.98	0.00	-6950.39
169.90	2040.69	0.00	-6900.28
170.00	947.83	0.00	-6822.94
170.10	-164.13	0.00	-6718.68
170.20	-1289.27	0.00	-6587.89
170.30	-2421.24	0.00	-6431.11
170.40	-3553.37	0.00	-6248.95
170.50	-4678.66	0.00	-6042.13
170.60	-5789.92	0.00	-5811.46
170.70	-6879.78	0.00	-5557.85
170.80	-7940.80	0.00	-5282.31
170.90	-8965.54	0.00	-4985.92
171.00	-9946.65	0.00	-4669.86
171.10	-10876.93	0.00	-4335.37
171.20	-11749.44	0.00	-3983.76
171.30	-12557.55	0.00	-3616.44
171.40	-13295.02	0.00	-3234.84
171.50	-13956.11	0.00	-2840.48
171.60	-14535.60	0.00	-2434.90
171.70	-15028.87	0.00	-2019.72
171.80	-15431.96	0.00	-1596.57
171.90	-15741.62	0.00	-1167.11
172.00	-15955.33	0.00	-733.05
172.10	-16071.35	0.00	-296.09
172.20	-16092.45	0.00	142.03
172.30	-16069.18	0.00	579.59
172.40	-16017.44	0.00	1014.87
172.50	-15936.66	0.00	1446.14
172.60	-15826.02	0.00	1871.70
172.70	-15684.41	0.00	2289.87
172.80	-15510.51	0.00	2699.01
172.90	-15302.77	0.00	3097.50
173.00	-15059.49	0.00	3483.76
173.10	-14778.88	0.00	3856.28
173.20	-14459.07	0.00	4213.57
173.30	-14098.18	0.00	4554.24
173.40	-13694.37	0.00	4876.93
173.50	-13245.95	0.00	5180.37
173.60	-12751.34	0.00	5463.38
173.70	-12209.24	0.00	5724.81
173.80	-11618.58	0.00	5963.66
173.90	-10978.67	0.00	6178.97
174.00	-10289.19	0.00	6369.90
174.10	-9550.25	0.00	6535.68
174.20	-8762.43	0.00	6675.67
174.30	-7926.83	0.00	6789.32
174.40	-7045.09	0.00	6876.17
174.50	-6119.40	0.00	6935.89
174.60	-5152.50	0.00	6968.23
174.70	-4147.73	0.00	6973.07
174.80	-3108.98	0.00	6950.39
174.90	-2040.69	0.00	6900.28
175.00	-947.83	0.00	6822.94
175.10	164.13	0.00	6718.68
175.20	1289.27	0.00	6587.89
175.30	2421.24	0.00	6431.11
175.40	3553.37	0.00	6248.95
175.50	4678.66	0.00	6042.13
175.60	5789.92	0.00	5811.46
175.70	6879.78	0.00	5557.85
175.80	7940.80	0.00	5282.31
175.90	8965.54	0.00	4985.92
176.00	9946.65	0.00	4669.86
176.10	10876.93	0.00	4335.37
176.20	11749.44	0.00	3983.76
176.30	12557.55	0.00	3616.44
176.40	13295.02	0.00	3234.84
176.50	13956.11	0.00	2840.48
176.60	14535.60	0.00	2434.90
176.70	15028.87	0.00	2019.72
176.80	15431.96	0.00	1596.57
176.90	15741.62	0.00	1167.11
177.00	15955.33	0.00	733.05
177.10	16071.35	0.00	296.09
177.20	16092.45	0.00	-142.03
177.30	16069.18	0.00	-579.59
177.40	16017.44	0.00	-1014.87
177.50	15936.66	0.00	-1446.14
177.60	15826.02	0.00	-1871.70
177.70	15684.41	0.00	-2289.87
177.80	15510.51	0.00	-2699.01
177.90	15302.77	0.00	-3097.50
178.00	15059.49	0.00	-3483.76
178.10	14778.88	0.00	-3856.28
178.20	14459.07	0.00	-4213.57
178.30	14098.18	0.00	-4554.24
178.40	13694.37	0.00	-4876.93
178.50	13245.95	0.00	-5180.37
178.60	12751.34	0.00	-5463.38
178.70	12209.24	0.00	-5724.81
178.80	11618.58	0.00	-5963.66
178.90	10978.67	0.00	-6178.97
179.00	10289.19	0.00	-6369.90
179.10	9550.25	0.00	-6535.68
179.20	8762.43	0.00	-6675.67
179.30	7926.83	0.00	-6789.32
179.40	7045.09	0.00	-6876.17
179.50	6119.40	0.00	-6935.89
179.60	5152.50	0.00	-6968.23
179.70	4147.73	0.00	-6973.07
179.80	3108.98	0.00	-6950.39
179.90	2040.69	0.00	-6900.28
180.00	947.83	0.00	-6822.94
180.10	-164.13	0.00	-6718.68
180.20	-1289.27	0.00	-6587.89
180.30	-2421.24	0.00	-6431.11
180.40	-3553.37	0.00	-6248.95
180.50	-4678.66	0.00	-6042.13
180.60	-5789.92	0.00	-5811.46
180.70	-6879.78	0.00	-5557.85
180.80	-7940.80	0.00	-5282.31
180.90	-8965.54	0.00	-4985.92
181.00	-9946.65	0.00	-4669.86
181.10	-10876.93	0.00	-4335.37
181.20	-11749.44	0.00	-3983.76
181.30	-12557.55	0.00	-3616.44
181.40	-13295.02	0.00	-3234.84
181.50	-13956.11	0.00	-2840.48
181.60	-14535.60	0.00	-2434.90
181.70	-15028.87	0.00	-2019.72
181.80	-15431.96	0.00	-1596.57
181.90	-15741.62	0.00	-1167.11
182.00	-15955.33	0.00	-733.05
182.10	-16071.35	0.00	-296.09
182.20	-16092.45	0.00	142.03
182.30	-16069.18	0.00	579.59
182.40	-16017.44	0.00	1014.87
182.50	-15936.66	0.00	1446.14
182.60	-15826.02	0.00	1871.70
182.70	-15684.41	0.00	2289.87
182.80	-15510.51	0.00	2699.01
182.90	-15302.77	0.00	3097.50
183.00	-15059.49	0.00	3483.76
183.10	-14778.88	0.00	3856.28
183.20	-14459.07	0.00	4213.57
183.30	-14098.18	0.00	4554.24
183.40	-13694.37	0.00	4876.93
183.50	-13245.95	0.00	5180.37
183.60	-12751.34	0.00	5463.38
183.70	-12209.24	0.00	5724.81
183.80	-11618.58	0.00	5963.66
183.90	-10978.67	0.00	6178.97
184.00	-10289.19	0.00	6369.90
184.10	-9550.25	0.00	6535.68
184.20	-8762.43	0.00	6675.67
184.30	-7926.83	0.00	6789.32
184.40	-7045.09	0.00	6876.17
184.50	-6119.40	0.00	6935.89
184.60	-5152.50	0.00	6968.23
184.70	-4147.73	0.00	6973.07
184.80	-3108.98	0.00	6950.39
184.90	-2040.69	0.00	6900.28
185.00	-947.83	0.00	6822.94
185.10	164.13	0.00	6718.68
185.20	1289.27	0.00	6587.89
185.30	2421.24	0.00	6431.11
185.40	3553.37	0.00	6248.95
185.50	4678.66	0.00	6042.13
185.60	5789.92	0.00	5811.46
185.70	6879.78	0.00	5557.85
185.80	7940.80	0.00	5282.31
185.90	8965.54	0.00	4985.92
186.00	9946.65	0.00	4669.86
186.10	10876.93	0.00	4335.37
186.20	11749.44	0.00	3983.76
186.30	12557.55	0.00	3616.44
186.40	13295.02	0.00	3234.84
186.50	13956.11	0.00	2840.48
186.60	14535.60	0.00	2434.90
186.70	15028.87	0.00	2019.72
186.80	15431.96	0.00	1596.57
186.90	15741.62	0.00	1167.11
187.00	15955.33	0.00	733.05
187.10	16071.35	0.00	296.09
187.20	16092.45	0.00	-142.03
187.30	16069.18	0.00	-579.59
187.40	16017.44	0.00	-1014.87
187.50	15936.66	0.00	-1446.14
187.60	15826.02	0.00	-1871.70
187.70	15684.41	0.00	-2289.87
187.80	15510.51	0.00	-2699.01
187.90	15302.77	0.00	-3097.50
188.00	15059.49	0.00	-3483.76
188.10	14778.88	0.00	-3856.28
188.20	14459.07	0.00	-4213.57
188.30	14098.18	0.00	-4554.24
188.40	13694.37	0.00	-4876.93
188.50	13245.95	0.00	-5180.37
188.60	12751.34	0.00	-5463.38
188.70	12209.24	0.00	-5724.81
188.80	11618.58	0.00	-5963.66
188.90	10978.67	0.00	-6178.97
189.00	10289.19	0.00	-6369.90
189.10	9550.25	0.00	-6535.68
189.20	8762.43	0.00	-6675.67
189.30	7926.83	0.00	-6789.32
189.40	7045.09	0.00	-6876.17
189.50	6119.40	0.00	-6935.89
189.60	5152.50	0.00	-6968.23
189.70	4147.73	0.00	-6973.07
189.80	3108.98	0.00	-6950.39
189.90	2040.69	0.00	-6900.28
190.00	947.83	0.00	-6822.94
190.10	-164.13	0.00	-6718.68
190.20	-1289.27	0.00	-6587.89
190.30	-2421.24	0.00	-6431.11
190.40	-3553.37	0.00	-6248.95
190.50	-4678.66	0.00	-6042.13
190.60	-5789.92	0.00	-5811.46
190.70	-6879.78	0.00	-5557.85
190.80	-7940.80	0.00	-5282.31
190.90	-8965.54	0.00	-4985.92
191.00	-9946.65	0.00	-4669.86
191.10	-10876.93	0.00	-4335.37
191.20	-11749.44	0.00	-3983.76
191.30	-12557.55	0.00	-3616.44
191.40	-13295.02	0.00	-3234.84
191.50	-13956.11	0.00	-2840.48
191.60	-14535.60	0.00	-2434.90
191.70	-15028.87	0.00	-2019.72
191.80	-15431.96	0.00	-1596.57
191.90	-15741.62	0.00	-1167.11
192.00	-15955.33	0.00	-733.05
192.10	-16071.35	0.00	-296.09
192.20	-16092.45	0.00	142.03
192.30	-16069.18	0.00	579.59
192.40	-16017.44	0.00	1014.87
192.50	-15936.66	0.00	1446.14
192.60	-15826.02	0.00	1871.70
192.70	-15684.41	0.00	2289.87
192.80	-15510.51	0.00	2699.01
192.90	-15302.77	0.00	3097.50
193.00	-15059.49	0.00	3483.76
193.10	-14778.88	0.00	3856.28
193.20	-14459.07	0.00	4213.57
193.30	-14098.18	0.00	4554.24
193.40	-13694.37	0.00	4876.93
193.50	-13245.95	0.00	5180.37
193.60	-12751.34	0.00	5463.38
193.70	-12209.24	0.00	5724.81
193.80	-11618.58	0.00	5963.66
193.90	-10978.67	0.00	6178.97
194.00	-10289.19	0.00	6369.90
194.10	-9550.25	0.00	6535.68
194.20	-8762.43	0.00	6675.67
194.30	-7926.83	0.00	6789.32
194.40	-7045.09	0.00	6876.17
194.50	-6119.40	0.00	6935.89
194.60	-5152.50	0.00	6968.23
194.70	-4147.73	0.00	6973.07
194.80	-3108.98	0.00	6950.39
194.90	-2040.69	0.00	6900.28
195.00	-947.83	0.00	6822.94
195.10	164.13	0.00	6718.68
195.20	1289.27	0.00	6587.89
195.30	2421.24	0.00	6431.11
195.40	3553.37	0.00	6248.95
195.50	4678.66	0.00	6042.13
195.60	5789.92	0.00	5811.46
195.70	6879.78	0.00	5557.85
195.80	7940.80	0.00	5282.31
195.90	8965.54	0.00	4985.92
196.00	9946.65	0.00	4669.86
196.10	10876.93	0.00	4335.37
196.20	11749.44	0.00	3983.76
196.30	12557.55	0.00	3616.44
196.40	13295.02	0.00	3234.84
196.50	13956.11	0.00	2840.48
196.60	14535.60	0.00	2434.90
196.70	15028.87	0.00	2019.72
196.80	15431.96	0.00	1596.57
196.90	15741.62	0.00	1167.11
197.00	15955.33	0.00	733.05
197.10	16071.35	0.00	296.09
197.20	16092.45	0.00	-142.03
197.30	16069.18	0.00	-579.59
197.40	16017.44	0.00	-1014.87
197.50	15936.66	0.00	-1446.14
197.60	15826.02	0.00	-1871.70
197.70	15684.41	0.00	-2289.87
197.80	15510.51	0.00	-2699.01
197.90	15302.77	0.00	-3097.50
198.00	15059.49	0.00	-3483.76
198.10	14778.88	0.00	-3856.28
198.20	14459.07	0.00	-4213.57
198.30	14098.18	0.00	-4554.24
198.40	13694.37	0.00	-4876.93
198.50	13245.95	0.00	-5180.37
198.60	12751.34	0.00	-5463.38
198.70	12209.24	0.00	-5724.81
198.80	11618.58	0.00	-5963.66
198.90	10978.67	0.00	-6178.97
199.00	10289.19	0.00	-6369.90
199.10	9550.25	0.00	-6535.68
199.20	8762.43	0.00	-6675.67
199.30	7926.83	0.00	-6789.32
199.40	7045.09	0.00	-6876.17
199.50	6119.40	0.00	-6935.89
199.60	5152.50	0.00	-6968.23
199.70	4147.73	0.00	-6973.07
199.80	3108.98	0.00	-6950.39
199.90	2040.69	0.00	-6900.28
200.00	947.83	0.00	-6822.94
200.10	-164.13	0.00	-6718.68
200.20	-1289.27	0.00	-6587.89
200.30	-2421.24	0.00	-6431.11
200.40	-3553.37	0.00	-6248.95
200.50	-4678.66	0.00	-6042.13
200.60	-5789.92	0.00	-5811.46
200.70	-6879.78	0.00	-5557.85
200.80	-7940.80	0.00	-5282.31
200.90	-8965.54	0.00	-4985.92
201.00	-9946.65	0.00	-4669.86
201.10	-10876.93	0.00	-4335.37
201.20	-11749.44	0.00	-3983.76
201.30	-12557.55	0.00	-3616.44
201.40	-13295.02	0.00	-3234.84
201.50	-13956.11	0.00	-2840.48
201.60	-14535.60	0.00	-2434.90
201.70	-15028.87	0.00	-2019.72
201.80	-15431.96	0.00	-1596.57
201.90	-15741.62	0.00	-1167.11
202.00	-15955.33	0.00	-733.05
202.10	-16071.35	0.00	-296.09
202.20	-16092.45	0.00	142.03
202.30	-16069.18	0.00	579.59
202.40	-16017.44	0.00	1014.87
202.50	-15936.66	0.00	1446.14
202.60	-15826.02	0.00	1871.70
202.70	-15684.41	0.00	2289.87
202.80	-15510.51	0.00	2699.01
202.90	-15302.77	0.00	3097.50
203.00	-15059.49	0.00	3483.76
203.10	-14778.88	0.00	3856.28
203.20	-14459.07	0.00	4213.57
203.30	-14098.18	0.00	4554.24
203.40	-13694.37	0.00	4876.93
203.50	-13245.95	0.00	5180.37
203.60	-12751.34	0.00	5463.38
203.70	-12209.24	0.00	5724.81
203.80	-11618.58	0.00	5963.66
203.90	-10978.67	0.00	6178.97
204.00	-10289.19	0.00	6369.90
204.10	-9550.25	0.00	6535.68
204.20	-8762.43	0.00	6675.67
204.30	-7926.83	0.00	6789.32
204.40	-7045.09	0.00	6876.17
204.50	-6119.40	0.00	6935.89
204.60	-5152.50	0.00	6968.23
204.70	-4147.73	0.00	6973.07
204.80	-3108.98	0.00	6950.39
204.90	-2040.69	0.00	6900.28
205.00	-947.83	0.00	6822.94
205.10	164.13	0.00	6718.68
205.20	1289.27	0.00	6587.89
205.30	2421.24	0.00	6431.11
205.40	3553.37	0.00	6248.95
205.50	4678.66	0.00	6042.13
205.60	5789.92	0.00	5811.46
205.70	6879.78	0.00	5557.85
205.80	7940.80	0.00	5282.31
205.90	8965.54	0.00	4985.92
206.00	9946.65	0.00	4669.86
206.10	10876.93	0.00	4335.37
206.20	11749.44	0.00	3983.76
206.30	12557.55	0.00	3616.44
206.40	13295.02	0.00	3234.84
206.50	13956.11	0.00	2840.48
206.60	14535.60	0.00	2434.90
206.70	15028.87	0.00	2019.72
206.80	15431.96	0.00	1596.57
206.90	15741.62	0.00	1167.11
207.00	15955.33	0.00	733.05
207.10	16071.35	0.00	296.09
207.20	16092.45	0.00	-142.03
207.30	16069.18	0.00	-579.59
207.40	16017.44	0.00	-1014.87
207.50	15936.66	0.00	-1446.14
207.60	15826.02	0.00	-1871.70
207.70	15684.41	0.00	-2289.87
207.80	15510.51	0.00	-2699.01
207.90	15302.77	0.00	-3097.50
208.00	15059.49	0.00	-3483.76
208.10	14778.88	0.00	-3856.28
208.20	14459.07	0.00	-4213.57
208.30	14098.18	0.00	-4554.24
208.40	13694.37	0.00	-4876.93
208.50	13245.95	0.00	-5180.37
208.60	12751.34	0.00	-5463.38
208.70	12209.24	0.00	-5724.81
208.80	11618.58	0.00	-5963.66
208.90	10978.67	0.00	-6178.97
209.00	10289.19	0.00	-6369.90
209.10	9550.25	0.00	-6535.68
209.20	8762.43	0.00	-6675.67
209.30	7926.83	0.00	-6789.32
209.40	7045.09	0.00	-6876.17
209.50	6119.40	0.00	-6935.89
209.60	5152.50	0.00	-6968.23
209.70	4147.73	0.00	-6973.07
209.80	3108.98	0.00	-6950.39
209.90	2040.69	0.00	-6900.28
210.00	947.83	0.00	-6822.94
210.10	-164.13	0.00	-6718.68
210.20	-1289.27	0.00	-6587.89
210.30	-2421.24	0.00	-6431.11
210.40	-3553.37	0.00	-6248.95
210.50	-4678.66	0.00	-6042.13
210.60	-5789.92	0.00	-5811.46
210.70	-6879.78	0.00	-5557.85
210.80	-7940.80	0.00	-5282.31
210.90	-8965.54	0.00	-4985.92
211.00	-9946.65	0.00	-4669.86
211.10	-10876.93	0.00	-4335.37
211.20	-11749.44	0.00	-3983.76
211.30	-12557.55	0.00	-3616.44
211.40	-13295.02	0.00	-3234.84
211.50	-13956.11	0.00	-2840.48
211.60	-14535.60	0.00	-2434.90
211.70	-15028.87	0.00	-2019.72
211.80	-15431.96	0.00	-1596.57
211.90	-15741.62	0.00	-1167.11
212.00	-15955.33	0.00	-733.05
212.10	-16071.35	0.00	-296.09
212.20	-16092.45	0.00	142.03
212.30	-16069.18	0.00	579.59
212.40	-16017.44	0.00	1014.87
212.50	-15936.66	0.00	1446.14
212.60	-15826.02	0.00	1871.70
212.70	-15684.41	0.00	2289.87
212.80	-15510.51	0.00	2699.01
212.90	-15302.77	0.00	3097.50
213.00	-15059.49	0.00	3483.76
213.10	-14778.88	0.00	3856.28
213.20	-14459.07	0.00	4213.57
213.30	-14098.18	0.00	4554.24
213.40	-13694.37	0.00	4876.93
213.50	-13245.95	0.00	5180.37
213.60	-12751.34	0.00	5463.38
213.70	-12209.24	0.00	5724.81
213.80	-11618.58	0.00	5963.66
213.90	-10978.67	0.00	6178.97
214.00	-10289.19	0.00	6369.90
214.10	-9550.25	0.00	6535.68
214.20	-8762.43	0.00	6675.67
214.30	-7926.83	0.00	6789.32
214.40	-7045.09	0.00	6876.17
214.50	-6119.40	0.00	6935.89
214.60	-5152.50	0.00	6968.23
214.70	-4147.73	0.00	6973.07
214.80	-3108.98	0.00	6950.39
214.90	-2040.69	0.00	6900.28
215.00	-947.83	0.00	6822.94
215.10	164.13	0.00	6718.68
215.20	1289.27	0.00	6587.89
215.30	2421.24	0.00	6431.11
215.40	3553.37	0.00	6248.95
215.50	4678.66	0.00	6042.13
215.60	5789.92	0.00	5811.46
215.70	6879.78	0.00	5557.85
215.80	7940.80	0.00	5282.31
215.90	8965.54	0.00	4985.92
216.00	9946.65	0.00	4669.86
216.10	10876.93	0.00	4335.37
216.20	11749.44	0.00	3983.76
216.30	12557.55	0.00	3616.44
216.40	13295.02	0.00	3234.84
216.50	13956.11	0.00	2840.48
216.60	14535.60	0.00	2434.90
216.70	15028.87	0.00	2019.72
216.80	15431.96	0.00	1596.57
216.90	15741.62	0.00	1167.11
217.00	15955.33	0.00	733.05
217.10	16071.35	0.00	296.09
217.20	16092.45	0.00	-142.03
217.30	16069.18	0.00	-579.59
217.40	16017.44	0.00	-1014.87
217.50	15936.66	0.00	-1446.14
217.60	15826.02	0.00	-1871.70
217.70	15684.41	0.00	-2289.87
217.80	15510.51	0.00	-2699.01
217.90	15302.77	0.00	-3097.50
218.00	15059.49	0.00	-3483.76
218.10	14778.88	0.00	-3856.28
218.20	14459.07	0.00	-4213.57
218.30	14098.18	0.00	-4554.24
218.40	13694.37	0.00	-4876.93
218.50	13245.95	0.00	-5180.37
218.60	12751.34	0.00	-5463.38
218.70	12209.24	0.00	-5724.81
218.80	11618.58	0.00	-5963.66
218.90	10978.67	0.00	-6178.97
219.00	10289.19	0.00	-6369.90
219.10	9550.25	0.00	-6535.68
219.20	8762.43	0.00	-6675.67
219.30	7926.83	0.00	-6789.32
219.40	7045.09	0.00	-6876.17
219.50	6119.40	0.00	-6935.89
219.60	5152.50	0.00	-6968.23
219.70	4147.73	0.00	-6973.07
219.80	3108.98	0.00	-6950.39
219.90	2040.69	0.00	-6900.28
220.00	947.83	0.00	-6822.94
220.10	-164.13	0.00	-6718.68
220.20	-1289.27	0.00	-6587.89
220.30	-2421.24	0.00	-6431.11
220.40	-3553.37	0.00	-6248.95
220.50	-4678.66	0.00	-6042.13
220.60	-5789.92	0.00	-5811.46
220.70	-6879.78	0.00	-5557.85
220.80	-7940.80	0.00	-5282.31
220.90	-8965.54	0.00	-4985.92
221.00	-9946.65	0.00	-4669.86
221.10	-10876.93	0.00	-4335.37
221.20	-11749.44	0.00	-3983.76
221.30	-12557.55	0.00	-3616.44
221.40	-13295.02	0.00	-3234.84
221.50	-13956.11	0.00	-2840.48
221.60	-14535.60	0.00	-2434.90
221.70	-15028.87	0.00	-2019.72
221.80	-15431.96	0.00	-1596.57
221.90	-15741.62	0.00	-1167.11
222.00	-15955.33	0.00	-733.05
222.10	-16071.35	0.00	-296.09
222.20	-16092.45	0.00	142.03
222.30	-16069.18	0.00	579.59
222.40	-16017.44	0.00	1014.87
222.50	-15936.66	0.00	1446.14
222.60	-15826.02	0.00	1871.70
222.70	-15684.41	0.00	2289.87
222.80	-15510.51	0.00	2699.01
222.90	-15302.77	0.00	3097.50
223.00	-15059.49	0.00	3483.76
223.10	-14778.88	0.00	3856.28
223.20	-14459.07	0.00	4213.57
223.30	-14098.18	0.00	4554.24
223.40	-13694.37	0.00	4876.93
223.50	-13245.95	0.00	5180.37
223.60	-12751.34	0.00	5463.38
223.70	-12209.24	0.00	5724.81
223.80	-11618.58	0.00	5963.66
223.90	-10978.67	0.00	6178.97
224.00	-10289.19	0.00	6369.90
224.10	-9550.25	0.00	6535.68
224.20	-8762.43	0.00	6675.67
224.30	-7926.83	0.00	6789.32
224.40	-7045.09	0.00	6876.17
224.50	-6119.40	0.00	6935.89
224.60	-5152.50	0.00	6968.23
224.70	-4147.73	0.00	6973.07
224.80	-3108.98	0.00	6950.39
224.90	-2040.69	0.00	6900.28
225.00	-947.83	0.00	6822.94
225.10	164.13	0.00	6718.68
225.20	1289.27	0.00	6587.89
225.30	2421.24	0.00	6431.11
225.40	3553.37	0.00	6248.95
225.50	4678.66	0.00	6042.13
225.60	5789.92	0.00	5811.46
225.70	6879.78	0.00	5557.85
225.80	7940.80	0.00	5282.31
225.90	8965.54	0.00	4985.92
226.00	9946.65	0.00	4669.86
226.10	10876.93	0.00	4335.37
226.20	11749.44	0.00	3983.76
226.30	12557.55	0.00	3616.44
226.40	13295.02	0.00	3234.84
226.50	13956.11	0.00	2840.48
226.60	14535.60	0.00	2434.90
226.70	15028.87	0.00	2019.72
226.80	15431.96	0.00	1596.57
226.90	15741.62	0.00	1167.11
227.00	15955.33	0.00	733.05
227.10	16071.35	0.00	296.09
227.20	16092.45	0.00	-142.03
227.30	16069.18	0.00	-579.59
227.40	16017.44	0.00	-1014.87
227.50	15936.66	0.00	-1446.14
227.60	15826.02	0.00	-1871.70
227.70	15684.41	0.00	-2289.87
227.80	15510.51	0.00	-2699.01
227.90	15302.77	0.00	-3097.50
228.00	15059.49	0.00	-3483.76
228.10	14778.88	0.00	-3856.28
228.20	14459.07	0.00	-4213.57
228.30	14098.18	0.00	-4554.24
228.40	13694.37	0.00	-4876.93
228.50	13245.95	0.00	-5180.37
228.60	12751.34	0.00	-5463.38
228.70	12209.24	0.00	-5724.81
228.80	11618.58	0.00	-5963.66
228.90	10978.67	0.00	-6178.97
229.00	10289.19	0.00	-6369.90
229.10	9550.25	0.00	-6535.68
229.20	8762.43	0.00	-6675.67
229.30	7926.83	0.00	-6789.32
229.40	7045.09	0.00	-6876.17
229.50	6119.40	0.00	-6935.89
229.60	5152.50	0.00	-6968.23
229.70	4147.73	0.00	-6973.07
229.80	3108.98	0.00	-6950.39
229.90	2040.69	0.00	-6900.28
230.00	947.83	0.00	-6822.94
230.10	-164.13	0.00	-6718.68
230.20	-1289.27	0.00	-6587.89
230.30	-2421.24	0.00	-6431.11
230.40	-3553.37	0.00	-6248.95
230.50	-4678.66	0.00	-6042.13
230.60	-5789.92	0.00	-5811.46
230.70	-6879.78	0.00	-5557.85
230.80	-7940.80	0.00	-5282.31
230.90	-8965.54	0.00	-4985.92
231.00	-9946.65	0.00	-4669.86
231.10	-10876.93	0.00	-4335.37
231.20	-11749.44	0.00	-3983.76
231.30	-12557.55	0.00	-3616.44
231.40	-13295.02	0.00	-3234.84
231.50	-13956.11	0.00	-2840.48
231.60	-14535.60	0.00	-2434.90
231.70	-15028.87	0.00	-2019.72
231.80	-15431.96	0.00	-1596.57
231.90	-15741.62	0.00	-1167.11
232.00	-15955.33	0.00	-733.05
232.10	-16071.35	0.00	-296.09
232.20	-16092.45	0.00	142.03
232.30	-16069.18	0.00	579.59
232.40	-16017.44	0.00	1014.87
232.50	-15936.66	0.00	1446.14
232.60	-15826.02	0.00	1871.70
232.70	-15684.41	0.00	2289.87
232.80	-15510.51	0.00	2699.01
232.90	-15302.77	0.00	3097.50
233.00	-15059.49	0.00	3483.76
233.10	-14778.88	0.00	3856.28
233.20	-14459.07	0.00	4213.57
233.30	-14098.18	0.00	4554.24
233.40	-13694.37	0.00	4876.93
233.50	-13245.95	0.00	5180.37
233.60	-12751.34	0.00	5463.38
233.70	-12209.24	0.00	5724.81
233.80	-11618.58	0.00	5963.66
233.90	-10978.67	0.00	6178.97
234.00	-10289.19	0.00	6369.90
234.10	-9550.25	0.00	6535.68
234.20	-8762.43	0.00	6675.67
234.30	-7926.83	0.00	6789.32
234.40	-7045.09	0.00	6876.17
234.50	-6119.40	0.00	6935.89
234.60	-5152.50	0.00	6968.23
234.70	-4147.73	0.00	6973.07
234.80	-3108.98	0.00	6950.39
234.90	-2040.69	0.00	6900.28
235.00	-947.83	0.00	6822.94
235.10	164.13	0.00	6718.68
235.20	1289.27	0.00	6587.89
235.30	2421.24	0.00	6431.11
235.40	3553.37	0.00	6248.95
235.50	4678.66	0.00	6042.13
235.60	5789.92	0.00	5811.46
235.70	6879.78	0.00	5557.85
235.80	7940.80	0.00	5282.31
235.90	8965.54	0.00	4985.92
236.00	9946.65	0.00	4669.86
236.10	10876.93	0.00	4335.37
236.20	11749.44	0.00	3983.76
236.30	12557.55	0.00	3616.44
236.40	13295.02	0.00	3234.84
236.50	13956.11	0.00	2840.48
236.60	14535.60	0.00	2434.90
236.70	15028.87	0.00	2019.72
236.80	15431.96	0.00	1596.57
236.90	15741.62	0.00	1167.11
237.00	15955.33	0.00	733.05
237.10	16071.35	0.00	296.09
237.20	16092.45	0.00	-142.03
237.30	16069.18	0.00	-579.59
237.40	16017.44	0.00	-1014.87
237.50	15936.66	0.00	-1446.14
237.60	15826.02	0.00	-1871.70
237.70	15684.41	0.00	-2289.87
237.80	15510.51	0.00	-2699.01
237.90	15302.77	0.00	-3097.50
238.00	15059.49	0.00	-3483.76
238.10	14778.88	0.00	-3856.28
238.20	14459.07	0.00	-4213.57
238.30	14098.18	0.00	-4554.24
238.40	13694.37	0.00	-4876.93
238.50	13245.95	0.00	-5180.37
238.60	12751.34	0.00	-5463.38
238.70	12209.24	0.00	-5724.81
238.80	11618.58	0.00	-5963.66
238.90	10978.67	0.00	-6178.97
239.00	10289.19	0.00	-6369.90
239.10	9550.25	0.00	-6535.68
239.20	8762.43	0.00	-6675.67
239.30	7926.83	0.00	-6789.32
239.40	7045.09	0.00	-6876.17
239.50	6119.40	0.00	-6935.89
239.60	5152.50	0.00	-6968.23
239.70	4147.73	0.00	-6973.07
239.80	3108.98	0.00	-6950.39
239.90	2040.69	0.00	-6900.28
240.00	947.83	0.00	-6822.94
240.10	-164.13	0.00	-6718.68
240.20	-1289.27	0.00	-6587.89
240.30	-2421.24	0.00	-6431.11
240.40	-3553.37	0.00	-6248.95
240.50	-4678.66	0.00	-6042.13
240.60	-5789.92	0.00	-5811.46
240.70	-6879.78	0.00	-5557.85
240.80	-7940.80	0.00	-5282.31
240.90	-8965.54	0.00	-4985.92
241.00	-9946.65	0.00	-4669.86
241.10	-10876.93	0.00	-4335.37
241.20	-11749.44	0.00	-3983.76
241.30	-12557.55	0.00	-3616.44
241.40	-13295.02	0.00	-3234.84
241.50	-13956.11	0.00	-2840.48
241.60	-14535.60	0.00	-2434.90
241.70	-15028.87	0.00	-2019.72
241.80	-15431.96	0.00	-1596.57
241.90	-15741.62	0.00	-1167.11
242.00	-15955.33	0.00	-733.05
242.10	-16071.35	0.00	-296.09
242.20	-16092.45	0.00	142.03
242.30	-16069.18	0.00	579.59
242.40	-16017.44	0.00	1014.87
242.50	-15936.66	0.00	1446.14
242.60	-15826.02	0.00	1871.70
242.70	-15684.41	0.00	2289.87
242.80	-15510.51	0.00	2699.01
242.90	-15302.77	0.00	3097.50
243.00	-15059.49	0.00	3483.76
243.10	-14778.88	0.00	3856.28
243.20	-14459.07	0.00	4213.57
243.30	-14098.18	0.00	4554.24
243.40	-13694.37	0.00	4876.93
243.50	-13245.95	0.00	5180.37
243.60	-12751.34	0.00	5463.38
243.70	-12209.24	0.00	5724.81
243.80	-11618.58	0.00	5963.66
243.90	-10978.67	0.00	6178.97
244.00	-10289.19	0.00	6369.90
244.10	-9550.25	0.00	6535.68
244.20	-8762.43	0.00	6675.67
244.30	-7926.83	0.00	6789.32
244.40	-7045.09	0.00	6876.17
244.50	-6119.40	0.00	6935.89
244.60	-5152.50	0.00	6968.23
244.70	-4147.73	0.00	6973.07
244.80	-3108.98	0.00	6950.39
244.90	-2040.69	0.00	6900.28
245.00	-947.83	0.00	6822.94
245.10	164.13	0.00	6718.68
245.20	1289.27	0.00	6587.89
245.30	2421.24	0.00	6431.11
245.40	3553.37	0.00	6248.95
245.50	4678.66	0.00	6042.13
245.60	5789.92	0.00	5811.46
245.70	6879.78	0.00	5557.85
245.80	7940.80	0.00	5282.31
245.90	8965.54	0.00	4985.92
246.00	9946.65	0.00	4669.86
246.10	10876.93	0.00	4335.37
246.20	11749.44	0.00	3983.76
246.30	12557.55	0.00	3616.44
246.40	13295.02	0.00	3234.84
246.50	13956.11	0.00	2840.48
246.60	14535.60	0.00	2434.90
246.70	15028.87	0.00	2019.72
246.80	15431.96	0.00	1596.57
246.90	15741.62	0.00	1167.11
247.00	15955.33	0.00	733.05
247.10	16071.35	0.00	296.09
247.20	16092.45	0.00	-142.03
247.30	16069.18	0.00	-579.59
247.40	16017.44	0.00	-1014.87
247.50	15936.66	0.00	-1446.14
247.60	15826.02	0.00	-1871.70
247.70	15684.41	0.00	-2289.87
247.80	15510.51	0.00	-2699.01
247.90	15302.77	0.00	-3097.50
248.00	15059.49	0.00	-3483.76
248.10	14778.88	0.00	-3856.28
248.20	14459.07	0.00	-4213.57
248.30	14098.18	0.00	-4554.24
248.40	13694.37	0.00	-4876.93
248.50	13245.95	0.00	-5180.37
248.60	12751.34	0.00	-5463.38
248.70	12209.24	0.00	-5724.81
248.80	11618.58	0.00	-5963.66
248.90	10978.67	0.00	-6178.97
249.00	10289.19	0.00	-6369.90
249.10	9550.25	0.00	-6535.68
249.20	8762.43	0.00	-6675.67
249.30	7926.83	0.00	-6789.32
249.40	7045.09	0.00	-6876.17
249.50	6119.40	0.00	-6935.89
249.60	5152.50	0.00	-6968.23
249.70	4147.73	0.00	-6973.07
249.80	3108.98	0.00	-6950.39
249.90	2040.69	0.00	-6900.28
250.00	947.83	0.00	-6822.94
250.10	-164.13	0.00	-6718.68
250.20	-1289.27	0.00	-6587.89
250.30	-2421.24	0.00	-6431.11
250.40	-3553.37	0.00	-6248.95
250.50	-4678.66	0.00	-6042.13
250.60	-5789.92	0.00	-5811.46
250.70	-6879.78	0.00	-5557.85
250.80	-7940.80	0.00	-5282.31
250.90	-8965.54	0.00	-4985.92
251.00	-9946.65	0.00	-4669.86
251.10	-10876.93	0.00	-4335.37
251.20	-11749.44	0.00	-3983.76
251.30	-12557.55	0.00	-3616.44
251.40	-13295.02	0.00	-3234.84
251.50	-13956.11	0.00	-2840.48
251.60	-14535.60	0.00	-2434.90
251.70	-15028.87	0.00	-2019.72
251.80	-15431.96	0.00	-1596.57
251.90	-15741.62	0.00	-1167.11
252.00	-15955.33	0.00	-733.05
252.10	-16071.35	0.00	-296.09
252.20	-16092.45	0.00	142.03
252.30	-16069.18	0.00	579.59
252.40	-16017.44	0.00	1014.87
252.50	-15936.66	0.00	1446.14
252.60	-15826.02	0.00	1871.70
252.70	-15684.41	0.00	2289.87
252.80	-15510.51	0.00	2699.01
252.90	-15302.77	0.00	3097.50
253.00	-15059.49	0.00	3483.76
253.10	-14778.88	0.00	3856.28
253.20	-14459.07	0.00	4213.57
253.30	-14098.18	0.00	4554.24
253.40	-13694.37	0.00	4876.93
253.50	-13245.95	0.00	5180.37
253.60	-12751.34	0.00	5463.38
253.70	-12209.24	0.00	5724.81
253.80	-11618.58	0.00	5963.66
253.90	-10978.67	0.00	6178.97
254.00	-10289.19	0.00	6369.90
254.10	-9550.25	0.00	6535.68
254.20	-8762.43	0.00	6675.67
254.30	-7926.83	0.00	6789.32
254.40	-7045.09	0.00	6876.17
254.50	-6119.40	0.00	6935.89
254.60	-5152.50	0.00	6968.23
254.70	-4147.73	0.00	6973.07
254.80	-3108.98	0.00	6950.39
254.90	-2040.69	0.00	6900.28
255.00	-947.83	0.00	6822.94
255.10	164.13	0.00	6718.68
255.20	1289.27	0.00	6587.89
255.30	2421.24	0.00	6431.11
255.40	3553.37	0.00	6248.95
255.50	4678.66	0.00	6042.13
255.60	5789.92	0.00	5811.46
255.70	6879.78	0.00	5557.85
255.80	7940.80	0.00	5282.31
255.90	8965.54	0.00	4985.92
256.00	9946.65	0.00	4669.86
256.10	10876.93	0.00	4335.37
256.20	11749.44	0.00	3983.76
256.30	12557.55	0.00	3616.44
256.40	13295.02	0.00	3234.84
256.50	13956.11	0.00	2840.48
256.60	14535.60	0.00	2434.90
256.70	15028.87	0.00	2019.72
256.80	15431.96	0.00	1596.57
256.90	15741.62	0.00	1167.11
257.00	15955.33	0.00	733.05
257.10	16071.35	0.00	296.09
257.20	16092.45	0.00	-142.03
257.30	16069.18	0.00	-579.59
257.40	16017.44	0.00	-1014.87
257.50	15936.66	0.00	-1446.14
257.60	15826.02	0.00	-1871.70
257.70	15684.41	0.00	-2289.87
257.80	15510.51	0.00	-2699.01
257.90	15302.77	0.00	-3097.50
258.00	15059.49	0.00	-3483.76
258.10	14778.88	0.00	-3856.28
258.20	14459.07	0.00	-4213.57
258.30	14098.18	0.00	-4554.24
258.40	13694.37	0.00	-4876.93
258.50	13245.95	0.00	-5180.37
258.60	12751.34	0.00	-5463.38
258.70	12209.24	0.00	-5724.81
258.80	11618.58	0.00	-5963.66
258.90	10978.67	0.00	-6178.97
259.00	10289.19	0.00	-6369.90
259.10	9550.25	0.00	-6535.68
259.20	8762.43	0.00	-6675.67
259.30	7926.83	0.00	-6789.32
259.40	7045.09	0.00	-6876.17
259.50	6119.40	0.00	-6935.89
259.60	5152.50	0.00	-6968.23
259.70	4147.73	0.00	-6973.07
259.80	3108.98	0.00	-6950.39
259.90	2040.69	0.00	-6900.28
260.00	947.83	0.00	-6822.94
260.10	-164.13	0.00	-6718.68
260.20	-1289.27	0.00	-6587.89
260.30	-2421.24	0.00	-6431.11
260.40	-3553.37	0.00	-6248.95
260.50	-4678.66	0.00	-6042.13
260.60	-5789.92	0.00	-5811.46
260.70	-6879.78	0.00	-5557.85
260.80	-7940.80	0.00	-5282.31
260.90	-8965.54	0.00	-4985.92
261.00	-9946.65	0.00	-4669.86
261.10	-10876.93	0.00	-4335.37
261.20	-11749.44	0.00	-3983.76
261.30	-12557.55	0.00	-3616.44
261.40	-13295.02	0.00	-3234.84
261.50	-13956.11	0.00	-2840.48
261.60	-14535.60	0.00	-2434.90
261.70	-15028.87	0.00	-2019.72
261.80	-15431.96	0.00	-1596.57
261.90	-15741.62	0.00	-1167.11
262.00	-15955.33	0.00	-733.05
262.10	-16071.35	0.00	-296.09
262.20	-16092.45	0.00	142.03
262.30	-16069.18	0.00	579.59
262.40	-16017.44	0.00	1014.87
262.50	-15936.66	0.00	1446.14
262.60	-15826.02	0.00	1871.70
262.70	-15684.41	0.00	2289.87
262.80	-15510.51	0.00	2699.01
262.90	-15302.77	0.00	3097.50
263.00	-15059.49	0.00	3483.76
263.10	-14778.88	0.00	3856.28
263.20	-14459.07	0.00	4213.57
263.30	-14098.18	0.00	4554.24
263.40	-13694.37	0.00	4876.93
263.50	-13245.95	0.00	5180.37
263.60	-12751.34	0.00	5463.38
263.70	-12209.24	0.00	5724.81
263.80	-11618.58	0.00	5963.66
263.90	-10978.67	0.00	6178.97
264.00	-10289.19	0.00	6369.90
264.10	-9550.25	0.00	6535.68
264.20	-8762.43	0.00	6675.67
264.30	-7926.83	0.00	6789.32
264.40	-7045.09	0.00	6876.17
264.50	-6119.40	0.00	6935.89
264.60	-5152.50	0.00	6968.23
264.70	-4147.73	0.00	6973.07
264.80	-3108.98	0.00	6950.39
264.90	-2040.69	0.00	6900.28
265.00	-947.83	0.00	6822.94
265.10	164.13	0.00	6718.68
265.20	1289.27	0.00	6587.89
265.30	2421.24	0.00	6431.11
265.40	3553.37	0.00	6248.95
265.50	4678.66	0.00	6042.13
265.60	5789.92	0.00	5811.46
265.70	6879.78	0.00	5557.85
265.80	7940.80	0.00	5282.31
265.90	8965.54	0.00	4985.92
266.00	9946.65	0.00	4669.86
266.10	10876.93	0.00	4335.37
266.20	11749.44	0.00	3983.76
266.30	12557.55	0.00	3616.44
266.40	13295.02	0.00	3234.84
266.50	13956.11	0.00	2840.48
266.60	14535.60	0.00	2434.90
266.70	15028.87	0.00	2019.72
266.80	15431.96	0.00	1596.57
266.90	15741.62	0.00	1167.11
267.00	15955.33	0.00	733.05
267.10	16071.35	0.00	296.09
267.20	16092.45	0.00	-142.03
267.30	16069.18	0.00	-579.59
267.40	16017.44	0.00	-1014.87
267.50	15936.66	0.00	-1446.14
267.60	15826.02	0.00	-1871.70
267.70	15684.41	0.00	-2289.87
267.80	15510.51	0.00	-2699.01
267.90	15302.77	0.00	-3097.50
268.00	15059.49	0.00	-3483.76
268.10	14778.88	0.00	-3856.28
268.20	14459.07	0.00	-4213.57
268.30	14098.18	0.00	-4554.24
268.40	13694.37	0.00	-4876.93
268.50	13245.95	0.00	-5180.37
268.60	12751.34	0.00	-5463.38
268.70	12209.24	0.00	-5724.81
268.80	11618.58	0.00	-5963.66
268.90	10978.67	0.00	-6178.97
269.00	10289.19	0.00	-6369.90
269.10	9550.25	0.00	-6535.68
269.20	8762.43	0.00	-6675.67
269.30	7926.83	0.00	-6789.32
269.40	7045.09	0.00	-6876.17
269.50	6119.40	0.00	-6935.89
269.60	5152.50	0.00	-6968.23
269.70	4147.73	0.00	-6973.07
269.80	3108.98	0.00	-6950.39
269.90	2040.69	0.00	-6900.28
270.00	947.83	0.00	-6822.94
270.10	-164.13	0.00	-6718.68
270.20	-1289.27	0.00	-6587.89
270.30	-2421.24	0.00	-6431.11
270.40	-3553.37	0.00	-6248.95
270.50	-4678.66	0.00	-6042.13
270.60	-5789.92	0.00	-5811.46
270.70	-6879.78	0.00	-5557.85
270.80	-7940.80	0.00	-5282.31
270.90	-8965.54	0.00	-4985.92
271.00	-9946.65	0.00	-4669.86
271.10	-10876.93	0.00	-4335.37
271.20	-11749.44	0.00	-3983.76
271.30	-12557.55	0.00	-3616.44
271.40	-13295.02	0.00	-3234.84
271.50	-13956.11	0.00	-2840.48
271.60	-14535.60	0.00	-2434.90
271.70	-15028.87	0.00	-2019.72
271.80	-15431.96	0.00	-1596.57
271.90	-15741.62	0.00	-1167.11
272.00	-15955.33	0.00	-733.05
272.10	-16071.35	0.00	-296.09
272.20	-16092.45	0.00	142.03
272.30	-16069.18	0.00	579.59
272.40	-16017.44	0.00	1014.87
272.50	-15936.66	0.00	1446.14
272.60	-15826.02	0.00	1871.70
272.70	-15684.41	0.00	2289.87
272.80	-15510.51	0.00	2699.01
272.90	-15302.77	0.00	3097.50
273.00	-15059.49	0.00	3483.76
273.10	-14778.88	0.00	3856.28
273.20	-14459.07	0.00	4213.57
273.30	-14098.18	0.00	4554.24
273.40	-13694.37	0.00	4876.93
273.50	-13245.95	0.00	5180.37
273.60	-12751.34	0.00	5463.38
273.70	-12209.24	0.00	5724.81
273.80	-11618.58	0.00	5963.66
273.90	-10978.67	0.00	6178.97
274.00	-10289.19	0.00	6369.90
274.10	-9550.25	0.00	6535.68
274.20	-8762.43	0.00	6675.67
274.30	-7926.83	0.00	6789.32
274.40	-7045.09	0.00	6876.17
274.50	-6119.40	0.00	6935.89
274.60	-5152.50	0.00	6968.23
274.70	-4147.73	0.00	6973.07
274.80	-3108.98	0.00	6950.39
274.90	-2040.69	0.00	6900.28
275.00	-947.83	0.00	6822.94
275.10	164.13	0.00	6718.68
275.20	1289.27	0.00	6587.89
275.30	2421.24	0.00	6431.11
275.40	3553.37	0.00	6248.95
275.50	4678.66	0.00	6042.13
275.60	5789.92	0.00	5811.46
275.70	6879.78	0.00	5557.85
275.80	7940.80	0.00	5282.31
275.90	8965.54	0.00	4985.92
276.00	9946.65	0.00	4669.86
276.10	10876.93	0.00	4335.37
276.20	11749.44	0.00	3983.76
276.30	12557.55	0.00	3616.44
276.40	13295.02	0.00	3234.84
276.50	13956.11	0.00	2840.48
276.60	14535.60	0.00	2434.90
276.70	15028.87	0.00	2019.72
276.80	15431.96	0.00	1596.57
276.90	15741.62	0.00	1167.11
277.00	15955.33	0.00	733.05
277.10	16071.35	0.00	296.09
277.20	16092.45	0.00	-142.03
277.30	16069.18	0.00	-579.59
277.40	16017.44	0.00	-1014.87
277.50	15936.66	0.00	-1446.14
277.60	15826.02	0.00	-1871.70
277.70	15684.41	0.00	-2289.87
277.80	15510.51	0.00	-2699.01
277.90	15302.77	0.00	-3097.50
278.00	15059.49	0.00	-3483.76
278.10	14778.88	0.00	-3856.28
278.20	14459.07	0.00	-4213.57
278.30	14098.18	0.00	-4554.24
278.40	13694.37	0.00	-4876.93
278.50	13245.95	0.00	-5180.37
278.60	12751.34	0.00	-5463.38
278.70	12209.24	0.00	-5724.81
278.80	11618.58	0.00	-5963.66
278.90	10978.67	0.00	-6178.97
279.00	10289.19	0.00	-6369.90
279.10	9550.25	0.00	-6535.68
279.20	8762.43	0.00	-6675.67
279.30	7926.83	0.00	-6789.32
279.40	7045.09	0.00	-6876.17
279.50	6119.40	0.00	-6935.89
279.60	5152.50	0.00	-6968.23
279.70	4147.73	0.00	-6973.07
279.80	3108.98	0.00	-6950.39
279.90	2040.69	0.00	-6900.28
280.00	947.83	0.00	-6822.94
280.10	-164.13	0.00	-6718.68
280.20	-1289.27	0.00	-6587.89
280.30	-2421.24	0.00	-6431.11
280.40	-3553.37	0.00	-6248.95
280.50	-4678.66	0.00	-6042.13
280.60	-5789.92	0.00	-5811.46
280.70	-6879.78	0.00	-5557.85
280.80	-7940.80	0.00	-5282.31
280.90	-8965.54	0.00	-4985.92
281.00	-9946.65	0.00	-4669.86
281.10	-10876.93	0.00	-4335.37
281.20	-11749.44	0.00	-3983.76
281.30	-12557.55	0.00	-3616.44
281.40	-13295.02	0.00	-3234.84
281.50	-13956.11	0.00	-2840.48
281.60	-14535.60	0.00	-2434.90
281.70	-15028.87	0.00	-2019.72
281.80	-15431.96	0.00	-1596.57
281.90	-15741.62	0.00	-1167.11
282.00	-15955.33	0.00	-733.05
282.10	-16071.35	0.00	-296.09
282.20	-16092.45	0.00	142.03
282.30	-16069.18	0.00	579.59
282.40	-16017.44	0.00	1014.87
282.50	-15936.66	0.00	1446.14
282.60	-15826.02	0.00	1871.70
282.70	-15684.41	0.00	2289.87
282.80	-15510.51	0.00	2699.01
282.90	-15302.77	0.00	3097.50
283.00	-15059.49	0.00	3483.76
283.10	-14778.88	0.00	3856.28
283.20	-14459.07	0.00	4213.57
283.30	-14098.18	0.00	4554.24
283.40	-13694.37	0.00	4876.93
283.50	-13245.95	0.00	5180.37
283.60	-12751.34	0.00	5463.38
283.70	-12209.24	0.00	5724.81
283.80	-11618.58	0.00	5963.66
283.90	-10978.67	0.00	6178.97
284.00	-10289.19	0.00	6369.90
284.10	-9550.25	0.00	6535.68
284.20	-8762.43	0.00	6675.67
284.30	-7926.83	0.00	6789.32
284.40	-7045.09	0.00	6876.17
284.50	-6119.40	0.00	6935.89
284.60	-5152.50	0.00	6968.23
284.70	-4147.73	0.00	6973.07
284.80	-3108.98	0.00	6950.39
284.90	-2040.69	0.00	6900.28
285.00	-947.83	0.00	6822.94
285.10	164.13	0.00	6718.68
285.20	1289.27	0.00	6587.89
285.30	2421.24	0.00	6431.11
285.40	3553.37	0.00	6248.95
285.50	4678.66	0.00	6042.13
285.60	5789.92	0.00	5811.46
285.70	6879.78	0.00	5557.85
285.80	7940.80	0.00	5282.31
285.90	8965.54	0.00	4985.92
286.00	9946.65	0.00	4669.86
286.10	10876.93	0.00	4335.37
286.20	11749.44	0.00	3983.76
286.30	12557.55	0.00	3616.44
286.40	13295.02	0.00	3234.84
286.50	13956.11	0.00	2840.48
286.60	14535.60	0.00	2434.90
286.70	15028.87	0.00	2019.72
286.80	15431.96	0.00	1596.57
286.90	15741.62	0.00	1167.11
287.00	15955.33	0.00	733.05
287.10	16071.35	0.00	296.09
287.20	16092.45	0.00	-142.03
287.30	16069.18	0.00	-579.59
287.40	16017.44	0.00	-1014.87
287.50	15936.66	0.00	-1446.14
287.60	15826.02	0.00	-1871.70
287.70	15684.41	0.00	-2289.87
287.80	15510.51	0.00	-2699.01
287.90	15302.77	0.00	-3097.50
288.00	15059.49	0.00	-3483.76
288.10	14778.88	0.00	-3856.28
288.20	14459.07	0.00	-4213.57
288.30	14098.18	0.00	-4554.24
288.40	13694.37	0.00	-4876.93
288.50	13245.95	0.00	-5180.37
288.60	12751.34	0.00	-5463.38
288.70	12209.24	0.00	-5724.81
288.80	11618.58	0.00	-5963.66
288.90	10978.67	0.00	-6178.97
289.00	10289.19	0.00	-6369.90
289.10	9550.25	0.00	-6535.68
289.20	8762.43	0.00	-6675.67
289.30	7926.83	0.00	-6789.32
289.40	7045.09	0.00	-6876.17
289.50	6119.40	0.00	-6935.89
289.60	5152.50	0.00	-6968.23
289.70	4147.73	0.00	-6973.07
289.80	3108.98	0.00	-6950.39
289.90	2040.69	0.00	-6900.28
290.00	947.83	0.00	-6822.94
290.10	-164.13	0.00	-6718.68
290.20	-1289.27	0.00	-6587.89
290.30	-2421.24	0.00	-6431.11
290.40	-3553.37	0.00	-6248.95
290.50	-4678.66	0.00	-6042.13
290.60	-5789.92	0.00	-5811.46
290.70	-6879.78	0.00	-5557.85
290.80	-7940.80	0.00	-5282.31
290.90	-8965.54	0.00	-4985.92
291.00	-9946.65	0.00	-4669.86
291.10	-10876.93	0.00	-4335.37
291.20	-11749.44	0.00	-3983.76
291.30	-12557.55	0.00	-3616.44
291.40	-13295.02	0.00	-3234.84
291.50	-13956.11	0.00	-2840.48
291.60	-14535.60	0.00	-2434.90
291.70	-15028.87	0.00	-2019.72
291.80	-15431.96	0.00	-1596.57
291.90	-15741.62	0.00	-1167.11
292.00	-15955.33	0.00	-733.05
292.10	-16071.35	0.00	-296.09
292.20	-16092.45	0.00	142.03
292.30	-16069.18	0.00	579.59
292.40	-16017.44	0.00	1014.87
292.50	-15936.66	0.00	1446.14
292.60	-15826.02	0.00	1871.70
292.70	-15684.41	0.00	2289.87
292.80	-15510.51	0.00	2699.01
292.90	-15302.77	0.00	3097.50
293.00	-15059.49	0.00	3483.76
293.10	-14778.88	0.00	3856.28
293.20	-14459.07	0.00	4213.57
293.30	-14098.18	0.00	4554.24
293.40	-13694.37	0.00	4876.93
293.50	-13245.95	0.00	5180.37
293.60	-12751.34	0.00	5463.38
293.70	-12209.24	0.00	5724.81
293.80	-11618.58	0.00	5963.66
293.90	-10978.67	0.00	6178.97
294.00	-10289.19	0.00	6369.90
294.10	-9550.25	0.00	6535.68
294.20	-8762.43	0.00	6675.67
294.30	-7926.83	0.00	6789.32
294.40	-7045.09	0.00	6876.17
294.50	-6119.40	0.00	6935.89
294.60	-5152.50	0.00	6968.23
294.70	-4147.73	0.00	6973.07
294.80	-3108.98	0.00	6950.39
294.90	-2040.69	0.00	6900.28
295.00	-947.83	0.00	6822.94
295.10	164.13	0.00	6718.68
295.20	1289.27	0.00	6587.89
295.30	2421.24	0.00	6431.11
295.40	3553.37	0.00	6248.95
295.50	4678.66	0.00	6042.13
295.60	5789.92	0.00	5811.46
295.70	6879.78	0.00	5557.85
295.80	7940.80	0.00	5282.31
295.90	8965.54	0.00	4985.92
296.00	9946.65	0.00	4669.86
296.10	10876.93	0.00	4335.37
296.20	11749.44	0.00	3983.76
296.30	12557.55	0.00	3616.44
296.40	13295.02	0.00	3234.84
296.50	13956.11	0.00	2840.48
296.60	14535.60	0.00	2434.90
296.70	15028.87	0.00	2019.72
296.80	15431.96	0.00	1596.57
296.90	15741.62	0.00	1167.11
297.00	15955.33	0.00	733.05
297.10	16071.35	0.00	296.09
297.20	16092.45	0.00	-142.03
297.30	16069.18	0.00	-579.59
297.40	16017.44	0.00	-1014.87
297.50	15936.66	0.00	-1446.14
297.60	15826.02	0.00	-1871.70
297.70	15684.41	0.00	-2289.87
297.80	15510.51	0.00	-2699.01
297.90	15302.77	0.00	-3097.50
298.00	15059.49	0.00	-3483.76
298.10	14778.88	0.00	-3856.28
298.20	14459.07	0.00	-4213.57
298.30	14098.18	0.00	-4554.24
298.40	13694.37	0.00	-4876.93
298.50	13245.95	0.00	-5180.37
298.60	12751.34	0.00	-5463.38
298.70	12209.24	0.00	-5724.81
298.80	11618.58	0.00	-5963.66
298.90	10978.67	0.00	-6178.97
299.00	10289.19	0.00	-6369.90
299.10	9550.25	0.00	-6535.68
299.20	8762.43	0.00	-6675.67
299.30	7926.83	0.00	-6789.32
299.40	7045.09	0.00	-6876.17
299.50	6119.40	0.00	-6935.89
299.60	5152.50	0.00	-6968.23
299.70	4147.73	0.00	-6973.07
299.80	3108.98	0.00	-6950.39
299.90	2040.69	0.00	-6900.28
300.00	947.83	0.00	-6822.94
300.10	-164.13	0.00	-6718.68
300.20	-1289.27	0.00	-6587.89
300.30	-2421.24	0.00	-6431.11
300.40	-3553.37	0.00	-6248.95
300.50	-4678.66	0.00	-6042.13
300.60	-5789.92	0.00	-5811.46
300.70	-6879.78	0.00	-5557.85
300.80	-7940.80	0.00	-5282.31
300.90	-8965.54	0.00	-4985.92
301.00	-9946.65	0.00	-4669.86
301.10	-10876.93	0.00	-4335.37
301.20	-11749.44	0.00	-3983.76
301.30	-12557.55	0.00	-3616.44
301.40	-13295.02	0.00	-3234.84
301.50	-13956.11	0.00	-2840.48
301.60	-14535.60	0.00	-2434.90
301.70	-15028.87	0.00	-2019.72
301.80	-15431.96	0.00	-1596.57
301.90	-15741.62	0.00	-1167.11
302.00	-15955.33	0.00	-733.05
302.10	-16071.35	0.00	-296.09
302.20	-16092.45	0.00	142.03
302.30	-16069.18	0.00	579.59
302.40	-16017.44	0.00	1014.87
302.50	-15936.66	0.00	1446.14
302.60	-15826.02	0.00	1871.70
302.70	-15684.41	0.00	2289.87
302.80	-15510.51	0.00	2699.01
302.90	-15302.77	0.00	3097.50
303.00	-15059.49	0.00	3483.76
303.10	-14778.88	0.00	3856.28
303.20	-14459.07	0.00	4213.57
303.30	-14098.18	0.00	4554.24
303.40	-13694.37	0.00	4876.93
303.50	-13245.95	0.00	5180.37
303.60	-12751.34	0.00	5463.38
303.70	-12209.24	0.00	5724.81
303.80	-11618.58	0.00	5963.66
303.90	-10978.67	0.00	6178.97
304.00	-10289.19	0.00	6369.90
304.10	-9550.25	0.00	6535.68
304.20	-8762.43	0.00	6675.67
304.30	-7926.83	0.00	6789.32
304.40	-7045.09	0.00	6876.17
304.50	-6119.40	0.00	6935.89
304.60	-5152.50	0.00	6968.23
304.70	-4147.73	0.00	6973.07
304.80	-3108.98	0.00	6950.39
304.90	-2040.69	0.00	6900.28
305.00	-947.83	0.00	6822.94
305.10	164.13	0.00	6718.68
305.20	1289.27	0.00	6587.89
305.30	2421.24	0.00	6431.11
305.40	3553.37	0.00	6248.95
305.50	4678.66	0.00	6042.13
305.60	5789.92	0.00	5811.46
305.70	6879.78	0.00	5557.85
305.80	7940.80	0.00	5282.31
305.90	8965.54	0.00	4985.92
306.00	9946.65	0.00	4669.86
306.10	10876.93	0.00	4335.37
306.20	11749.44	0.00	3983.76
306.30	12557.55	0.00	3616.44
306.40	13295.02	0.00	3234.84
306.50	13956.11	0.00	2840.48
306.60	14535.60	0.00	2434.90
306.70	15028.87	0.00	2019.72
306.80	15431.96	0.00	1596.57
306.90	15741.62	0.00	1167.11
307.00	15955.33	0.00	733.05
307.10	16071.35	0.00	296.09
307.20	16092.45	0.00	-142.03
307.30	16069.18	0.00	-579.59
307.40	16017.44	0.00	-1014.87
307.50	15936.66	0.00	-1446.14
307.60	15826.02	0.00	-1871.70
307.70	15684.41	0.00	-2289.87
307.80	15510.51	0.00	-2699.01
307.90	15302.77	0.00	-3097.50
308.00	15059.49	0.00	-3483.76
308.10	14778.88	0.00	-3856.28
308.20	14459.07	0.00	-4213.57
308.30	14098.18	0.00	-4554.24
308.40	13694.37	0.00	-4876.93
308.50	13245.95	0.00	-5180.37
308.60	12751.34	0.00	-5463.38
308.70	12209.24	0.00	-5724.81
308.80	11618.58	0.00	-5963.66
308.90	10978.67	0.00	-6178.97
309.00	10289.19	0.00	-6369.90
309.10	9550.25	0.00	-6535.68
309.20	8762.43	0.00	-6675.67
309.30	7926.83	0.00	-6789.32
309.40	7045.09	0.00	-6876.17
309.50	6119.40	0.00	-6935.89
309.60	5152.50	0.00	-6968.23
309.70	4147.73	0.00	-6973.07
309.80	3108.98	0.00	-6950.39
309.90	2040.69	0.00	-6900.28
310.00	947.83	0.00	-6822.94
310.10	-164.13	0.00	-6718.68
310.20	-1289.27	0.00	-6587.89
310.30	-2421.24	0.00	-6431.11
310.40	-3553.37	0.00	-6248.95
310.50	-4678.66	0.00	-6042.13
310.60	-5789.92	0.00	-5811.46
310.70	-6879.78	0.00	-5557.85
310.80	-7940.80	0.00	-5282.31
310.90	-8965.54	0.00	-4985.92
311.00	-9946.65	0.00	-4669.86
311.10	-10876.93	0.00	-4335.37
311.20	-11749.44	0.00	-3983.76
311.30	-12557.55	0.00	-3616.44
311.40	-13295.02	0.00	-3234.84
311.50	-13956.11	0.00	-2840.48
311.60	-14535.60	0.00	-2434.90
311.70	-15028.87	0.00	-2019.72
311.80	-15431.96	0.00	-1596.57
311.90	-15741.62	0.00	-1167.11
312.00	-15955.33	0.00	-733.05
312.10	-16071.35	0.00	-296.09
312.20	-16092.45	0.00	142.03
312.30	-16069.18	0.00	579.59
312.40	-16017.44	0.00	1014.87
312.50	-15936.66	0.00	1446.14
312.60	-15826.02	0.00	1871.70
312.70	-15684.41	0.00	2289.87
312.80	-15510.51	0.00	2699.01
312.90	-15302.77	0.00	3097.50
313.00	-15059.49	0.00	3483.76
313.10	-14778.88	0.00	3856.28
313.20	-14459.07	0.00	4213.57
313.30	-14098.18	0.00	4554.24
313.40	-13694.37	0.00	4876.93
313.50	-13245.95	0.00	5180.37
313.60	-12751.34	0.00	5463.38
313.70	-12209.24	0.00	5724.81
313.80	-11618.58	0.00	5963.66
313.90	-10978.67	0.00	6178.97
314.00	-10289.19	0.00	6369.90
314.10	-9550.25	0.00	6535.68
314.20	-8762.43	0.00	6675.67
314.30	-7926.83	0.00	6789.32
314.40	-7045.09	0.00	6876.17
314.50	-6119.40	0.00	6935.89
314.60	-5152.50	0.00	6968.23
314.70	-4147.73	0.00	6973.07
314.80	-3108.98	0.00	6950.39
314.90	-2040.69	0.00	6900.28
315.00	-947.83	0.00	6822.94
315.10	164.13	0.00	6718.68
315.20	1289.27	0.00	6587.89
315.30	2421.24	0.00	6431.11
315.40	3553.37	0.00	6248.95
315.50	4678.66	0.00	6042.13
315.60	5789.92	0.00	5811.46
315.70	6879.78	0.00	5557.85
315.80	7940.80	0.00	5282.31
315.90	8965.54	0.00	4985.92
316.00	9946.65	0.00	4669.86
316.10	10876.93	0.00	4335.37
316.20	11749.44	0.00	3983.76
316.30	12557.55	0.00	3616.44
316.40	13295.02	0.00	3234.84
316.50	13956.11	0.00	2840.48
316.60	14535.60	0.00	2434.90
316.70	15028.87	0.00	2019.72
316.80	15431.96	0.00	1596.57
316.90	15741.62	0.00	1167.11
317.00	15955.33	0.00	733.05
317.10	16071.35	0.00	296.09
317.20	16092.45	0.00	-142.03
317.30	16069.18	0.00	-579.59
317.40	16017.44	0.00	-1014.87
317.50	15936.66	0.00	-1446.14
317.60	15826.02	0.00	-1871.70
317.70	15684.41	0.00	-2289.87
317.80	15510.51	0.00	-2699.01
317.90	15302.77	0.00	-3097.50
318.00	15059.49	0.00	-3483.76
318.10	14778.88	0.00	-3856.28
318.20	14459.07	0.00	-4213.57
318.30	14098.18	0.00	-4554.24
318.40	13694.37	0.00	-4876.93
318.50	13245.95	0.00	-5180.37
318.60	12751.34	0.00	-5463.38
318.70	12209.24	0.00	-5724.81
318.80	11618.58	0.00	-5963.66
318.90	10978.67	0.00	-6178.97
319.00	10289.19	0.00	-6369.90
319.10	9550.25	0.00	-6535.68
319.20	8762.43	0.00	-6675.67
319.30	7926.83	0.00	-6789.32
319.40	7045.09	0.00	-6876.17
319.50	6119.40	0.00	-6935.89
319.60	5152.50	0.00	-6968.23
319.70	4147.73	0.00	-6973.07
319.80	3108.98	0.00	-6950.39
319.90	2040.69	0.00	-6900.28
320.00	947.83	0.00	-6822.94
320.10	-164.13	0.00	-6718.68
320.20	-1289.27	0.00	-6587.89
320.30	-2421.24	0.00	-6431.11
320.40	-3553.37	0.00	-6248.95
320.50	-4678.66	0.00	-6042.13
320.60	-5789.92	0.00	-5811.46
320.70	-6879.78	0.00	-5557.85
320.80	-7940.80	0.00	-5282.31
320.90	-8965.54	0.00	-4985.92
321.00	-9946.65	0.00	-4669.86
321.10	-10876.93	0.00	-4335.37
321.20	-11749.44	0.00	-3983.76
321.30	-12557.55	0.00	-3616.44
321.40	-13295.02	0.00	-3234.84
321.50	-13956.11	0.00	-2840.48
321.60	-14535.60	0.00	-2434.90
321.70	-15028.87	0.00	-2019.72
321.80	-15431.96	0.00	-1596.57
321.90	-15741.62	0.00	-1167.11
322.00	-15955.33	0.00	-733.05
322.10	-16071.35	0.00	-296.09
322.20	-16092.45	0.00	142.03
322.30	-16069.18	0.00	579.59
322.40	-16017.44	0.00	1014.87
322.50	-15936.66	0.00	1446.14
322.60	-15826.02	0.00	1871.70
322.70	-15684.41	0.00	2289.87
322.80	-15510.51	0.00	2699.01
322.90	-15302.77	0.00	3097.50
323.00	-15059.49	0.00	3483.76
323.10	-14778.88	0.00	3856.28
323.20	-14459.07	0.00	4213.57
323.30	-14098.18	0.00	4554.24
323.40	-13694.37	0.00	4876.93
323.50	-13245.95	0.00	5180.37
323.60	-12751.34	0.00	5463.38
323.70	-12209.24	0.00	5724.81
323.80	-11618.58	0.00	5963.66
323.90	-10978.67	0.00	6178.97
324.00	-10289.19	0.00	6369.90
324.10	-9550.25	0.00	6535.68
324.20	-8762.43	0.00	6675.67
324.30	-7926.83	0.00	6789.32
324.40	-7045.09	0.00	6876.17
324.50	-6119.40	0.00	6935.89
324.60	-5152.50	0.00	6968.23
324.70	-4147.73	0.00	6973.07
324.80	-3108.98	0.00	6950.39
324.90	-2040.69	0.00	6900.28
325.00	-947.83	0.00	6822.94
325.10	164.13	0.00	6718.68
325.20	1289.27	0.00	6587.89
325.30	2421.24	0.00	6431.11
325.40	3553.37	0.00	6248.95
325.50	4678.66	0.00	6042.13
325.60	5789.92	0.00	5811.46
325.70	6879.78	0.00	5557.85
325.80	7940.80	0.00	5282.31
325.90	8965.54	0.00	4985.92
326.00	9946.65	0.00	4669.86
326.10	10876.93	0.00	4335.37
326.20	11749.44	0.00	3983.76
326.30	12557.55	0.00	3616.44
326.40	13295.02	0.00	3234.84
326.50	13956.11	0.00	2840.48
326.60	14535.60	0.00	2434.90
326.70	15028.87	0.00	2019.72
326.80	15431.96	0.00	1596.57
326.90	15741.62	0.00	1167.11
327.00	15955.33	0.00	733.05
327.10	16071.35	0.00	296.09
327.20	16092.45	0.00	-142.03
327.30	16069.18	0.00	-579.59
327.40	16017.44	0.00	-1014.87
327.50	15936.66	0.00	-1446.14
327.60	15826.02	0.00	-1871.70
327.70	15684.41	0.00	-2289.87
327.80	15510.51	0.00	-2699.01
327.90	15302.77	0.00	-3097.50
328.00	15059.49	0.00	-3483.76
328.10	14778.88	0.00	-3856.28
328.20	14459.07	0.00	-4213.57
328.30	14098.18	0.00	-4554.24
328.40	13694.37	0.00	-4876.93
328.50	13245.95	0.00	-5180.37
328.60	12751.34	0.00	-5463.38
328.70	12209.24	0.00	-5724.81
328.80	11618.58	0.00	-5963.66
328.90	10978.67	0.00	-6178.97
329.00	10289.19	0.00	-6369.90
329.10	9550.25	0.00	-6535.68
329.20	8762.43	0.00	-6675.67
329.30	7926.83	0.00	-6789.32
329.40	7045.09	0.00	-6876.17
329.50	6119.40	0.00	-6935.89
329.60	5152.50	0.00	-6968.23
329.70	4147.73	0.00	-6973.07
329.80	3108.98	0.00	-6950.39
329.90	2040.69	0.00	-6900.28
330.00	947.83	0.00	-6822.94
330.10	-164.13	0.00	-6718.68
330.20	-1289.27	0.00	-6587.89
330.30	-2421.24	0.00	-6431.11
330.40	-3553.37	0.00	-6248.95
330.50	-4678.66	0.00	-6042.13
330.60	-5789.92	0.00	-5811.46
330.70	-6879.78	0.00	-5557.85
330.80	-7940.80	0.00	-5282.31
330.90	-8965.54	0.00	-4985.92
331.00	-9946.65	0.00	-4669.86
331.10	-10876.93	0.00	-4335.37
331.20	-11749.44	0.00	-3983.76
331.30	-12557.55	0.00	-3616.44
331.40	-13295.02	0.00	-3234.84
331.50	-13956.11	0.00	-2840.48
331.60	-14535.60	0.00	-2434.90
331.70	-15028.87	0.00	-2019.72
331.80	-15431.96	0.00	-1596.57
331.90	-15741.62	0.00	-1167.11
332.00	-15955.33	0.00	-733.05
332.10	-16071.35	0.00	-296.09
332.20	-16092.45	0.00	142.03
332.30	-16069.18	0.00	579.59
332.40	-16017.44	0.00	1014.87
332.50	-15936.66	0.00	1446.14
332.60	-15826.02	0.00	1871.70
332.70	-15684.41	0.00	2289.87
332.80	-15510.51	0.00	2699.01
332.90	-15302.77	0.00	3097.50
333.00	-15059.49	0.00	3483.76
333.10	-14778.88	0.00	3856.28
333.20	-14459.07	0.00	4213.57
333.30	-14098.18	0.00	4554.24
333.40	-13694.37	0.00	4876.93
333.50	-13245.95	0.00	5180.37
333.60	-12751.34	0.00	5463.38
333.70	-12209.24	0.00	5724.81
333.80	-11618.58	0.00	5963.66
333.90	-10978.67	0.00	6178.97
334.00	-10289.19	0.00	6369.90
334.10	-9550.25	0.00	6535.68
334.20	-8762.43	0.00	6675.67
334.30	-7926.83	0.00	6789.32
334.40	-7045.09	0.00	6876.17
334.50	-6119.40	0.00	6935.89
334.60	-5152.50	0.00	6968.23
334.70	-4147.73	0.00	6973.07
334.80	-3108.98	0.00	6950.39
334.90	-2040.69	0.00	6900.28
335.00	-947.83	0.00	6822.94
335.10	164.13	0.00	6718.68
335.20	1289.27	0.00	6587.89
335.30	2421.24	0.00	6431.11
335.40	3553.37	0.00	6248.95
335.50	4678.66	0.00	6042.13
335.60	5789.92	0.00	5811.46
335.70	6879.78	0.00	5557.85
335.80	7940.80	0.00	5282.31
335.90	8965.54	0.00	4985.92
336.00	9946.65	0.00	4669.86
336.10	10876.93	0.00	4335.37
336.20	11749.44	0.00	3983.76
336.30	12557.55	0.00	3616.44
336.40	13295.02	0.00	3234.84
336.50	13956.11	0.00	2840.48
336.60	14535.60	0.00	2434.90
336.70	15028.87	0.00	2019.72
336.80	15431.96	0.00	1596.57
336.90	15741.62	0.00	1167.11
337.00	15955.33	0.00	733.05
337.10	16071.35	0.00	296.09
337.20	16092.45	0.00	-142.03
337.30	16069.18	0.00	-579.59
337.40	16017.44	0.00	-1014.87
337.50	15936.66	0.00	-1446.14
337.60	15826.02	0.00	-1871.70
337.70	15684.41	0.00	-2289.87
337.80	15510.51	0.00	-2699.01
337.90	15302.77	0.00	-3097.50
338.00	15059.49	0.00	-3483.76
338.10	14778.88	0.00	-3856.28
338.20	14459.07	0.00	-4213.57
338.30	14098.18	0.00	-4554.24
338.40	13694.37	0.00	-4876.93
338.50	13245.95	0.00	-5180.37
338.60	12751.34	0.00	-5463.38
338.70	12209.24	0.00	-5724.81
338.80	11618.58	0.00	-5963.66
338.90	10978.67	0.00	-6178.97
339.00	10289.19	0.00	-6369.90
339.10	9550.25	0.00	-6535.68
339.20	8762.43	0.00	-6675.67
339.30	7926.83	0.00	-6789.32
339.40	7045.09	0.00	-6876.17
339.50	6119.40	0.00	-6935.89
339.60	5152.50	0.00	-6968.23
339.70	4147.73	0.00	-6973.07
339.80	3108.98	0.00	-6950.39
339.90	2040.69	0.00	-6900.28
340.00	947.83	0.00	-6822.94
340.10	-164.13	0.00	-6718.68
340.20	-1289.27	0.00	-6587.89
340.30	-2421.24	0.00	-6431.11
340.40	-3553.37	0.00	-6248.95
340.50	-4678.66	0.00	-6042.13
340.60	-5789.92	0.00	-5811.46
340.70	-6879.78	0.00	-5557.85
340.80	-7940.80	0.00	-5282.31
340.90	-8965.54	0.00	-4985.92
341.00	-9946.65	0.00	-4669.86
341.10	-10876.93	0.00	-4335.37
341.20	-11749.44	0.00	-3983.76
341.30	-12557.55	0.00	-3616.44
341.40	-13295.02	0.00	-3234.84
341.50	-13956.11	0.00	-2840.48
341.60	-14535.60	0.00	-2434.90
341.70	-15028.87	0.00	-2019.72
341.80	-15431.96	0.00	-1596.57
341.90	-15741.62	0.00	-1167.11
342.00	-15955.33	0.00	-733.05
342.10	-16071.35	0.00	-296.09
342.20	-16092.45	0.00	142.03
342.30	-16069.18	0.00	579.59
342.40	-16017.44	0.00	1014.87
342.50	-15936.66	0.00	1446.14
342.60	-15826.02	0.00	1871.70
342.70	-15684.41	0.00	2289.87
342.80	-15510.51	0.00	2699.01
342.90	-15302.77	0.00	3097.50
343.00	-15059.49	0.00	3483.76
343.10	-14778.88	0.00	3856.28
343.20	-14459.07	0.00	4213.57
343.30	-14098.18	0.00	4554.24
343.40	-13694.37	0.00	4876.93
343.50	-13245.95	0.00	5180.37
343.60	-12751.34	0.00	5463.38
343.70	-12209.24	0.00	5724.81
343.80	-11618.58	0.00	5963.66
343.90	-10978.67	0.00	6178.97
344.00	-10289.19	0.00	6369.90
344.10	-9550.25	0.00	6535.68
344.20	-8762.43	0.00	6675.67
344.30	-7926.83	0.00	6789.32
344.40	-7045.09	0.00	6876.17
344.50	-6119.40	0.00	6935.89
344.60	-5152.50	0.00	6968.23
344.70	-4147.73	0.00	6973.07
344.80	-3108.98	0.00	6950.39
344.90	-2040.69	0.00	6900.28
345.00	-947.83	0.00	6822.94
345.10	164.13	0.00	6718.68
345.20	1289.27	0.00	6587.89
345.30	2421.24	0.00	6431.11
345.40	3553.37	0.00	6248.95
345.50	4678.66	0.00	6042.13
345.60	5789.92	0.00	5811.46
345.70	6879.78	0.00	5557.85
345.80	7940.80	0.00	5282.31
345.90	8965.54	0.00	4985.92
346.00	9946.65	0.00	4669.86
346.10	10876.93	0.00	4335.37
346.20	11749.44	0.00	3983.76
346.30	12557.55	0.00	3616.44
346.40	13295.02	0.00	3234.84
346.50	13956.11	0.00	2840.48
346.60	14535.60	0.00	2434.90
346.70	15028.87	0.00	2019.72
346.80	15431.96	0.00	1596.57
346.90	15741.62	0.00	1167.11
347.00	15955.33	0.00	733.05
347.10	16071.35	0.00	296.09
347.20	16092.45	0.00	-142.03
347.30	16069.18	0.00	-579.59
347.40	16017.44	0.00	-1014.87
347.50	15936.66	0.00	-1446.14
347.60	15826.02	0.00	-1871.70
347.70	15684.41	0.00	-2289.87
347.80	15510.51	0.00	-2699.01
347.90	15302.77	0.00	-3097.50
348.00	15059.49	0.00	-3483.76
348.10	14778.88	0.00	-3856.28
348.20	14459.07	0.00	-4213.57
348.30	14098.18	0.00	-4554.24
348.40	13694.37	0.00	-4876.93
348.50	13245.95	0.00	-5180.37
348.60	12751.34	0.00	-5463.38
348.70	12209.24	0.00	-5724.81
348.80	11618.58	0.00	-5963.66
348.90	10978.67	0.00	-6178.97
349.00	10289.19	0.00	-6369.90
349.10	9550.25	0.00	-6535.68
349.20	8762.43	0.00	-6675.67
349.30	7926.83	0.00	-6789.32
349.40	7045.09	0.00	-6876.17
349.50	6119.40	0.00	-6935.89
349.60	5152.50	0.00	-6968.23
349.70	4147.73	0.00	-6973.07
349.80	3108.98	0.00	-6950.39
349.90	2040.69	0.00	-6900.28
350.00	947.83	0.00	-6822.94
350.10	-164.13	0.00	-6718.68
350.20	-1289.27	0.00	-6587.89
350.30	-2421.24	0.00	-6431.11
350.40	-3553.37	0.00	-6248.95
350.50	-4678.66	0.00	-6042.13
350.60	-5789.92	0.00	-5811.46
350.70	-6879.78	0.00	-5557.85
350.80	-7940.80	0.00	-5282.31
350.90	-8965.54	0.00	-4985.92
351.00	-9946.65	0.00	-4669.86
351.10	-10876.93	0.00	-4335.37
351.20	-11749.44	0.00	-3983.76
351.30	-12557.55	0.00	-3616.44
351.40	-13295.02	0.00	-3234.84
351.50	-13956.11	0.00	-2840.48
351.60	-14535.60	0.00	-2434.90
351.70	-15028.87	0.00	-2019.72
351.80	-15431.96	0.00	-1596.57
351.90	-15741.62	0.00	-1167.11
352.00	-15955.33	0.00	-733.05
352.10	-16071.35	0.00	-296.09
352.20	-16092.45	0.00	142.03
352.30	-16069.18	0.00	579.59
352.40	-16017.44	0.00	1014.87
352.50	-15936.66	0.00	1446.14
352.60	-15826.02	0.00	1871.70
352.70	-15684.41	0.00	2289.87
352.80	-15510.51	0.00	2699.01
352.90	-15302.77	0.00	3097.50
353.00	-15059.49	0.00	3483.76
353.10	-14778.88	0.00	3856.28
353.20	-14459.07	0.00	4213.57
353.30	-14098.18	0.00	4554.24
353.40	-13694.37	0.00	4876.93
353.50	-13245.95	0.00	5180.37
353.60	-12751.34	0.00	5463.38
353.70	-12209.24	0.00	5724.81
353.80	-11618.58	0.00	5963.66
353.90	-10978.67	0.00	6178.97
354.00	-10289.19	0.00	6369.90
354.10	-9550.25	0.00	6535.68
354.20	-8762.43	0.00	6675.67
354.30	-7926.83	0.00	6789.32
354.40	-7045.09	0.00	6876.17
354.50	-6119.40	0.00	6935.89
354.60	-5152.50	0.00	6968.23
354.70	-4147.73	0.00	6973.07
354.80	-3108.98	0.00	6950.39
354.90	-2040.69	0.00	6900.28
355.00	-947.83	0.00	6822.94
355.10	164.13	0.00	6718.68
355.20	1289.27	0.00	6587.89
355.30	2421.24	0.00	6431.11
355.40	3553.37	0.00	6248.95
355.50	4678.66	0.00	6042.13
355.60	5789.92	0.00	5811.46
355.70	6879.78	0.00	5557.85
355.80	7940.80	0.00	5282.31
355.90	8965.54	0.00	4985.92
356.00	9946.65	0.00	4669.86
356.10	10876.93	0.00	4335.37
356.20	11749.44	0.00	3983.76
356.30	12557.55	0.00	3616.44
356.40	13295.02	0.00	3234.84
356.50	13956.11	0.00	2840.48
356.60	14535.60	0.00	2434.90
356.70	15028.87	0.00	2019.72
356.80	15431.96	0.00	1596.57
356.90	15741.62	0.00	1167.11
357.00	15955.33	0.00	733.05
357.10	16071.35	0.00	296.09
357.20	16092.45	0.00	-142.03
357.30	16069.18	0.00	-579.59
357.40	16017.44	0.00	-1014.87
357.50	15936.66	0.00	-1446.14
357.60	15826.02	0.00	-1871.70
357.70	15684.41	0.00	-2289.87
357.80	15510.51	0.00	-2699.01
357.90	15302.77	0.00	-3097.50
358.00	15059.49	0.00	-3483.76
358.10	14778.88	0.00	-3856.28
358.20	14459.07	0.00	-4213.57
358.30	14098.18	0.00	-4554.24
358.40	13694.37	0.00	-4876.93
358.50	13245.95	0.00	-5180.37
358.60	12751.34	0.00	-5463.38
358.70	12209.24	0.00	-5724.81
358.80	11618.58	0.00	-5963.66
358.90	10978.67	0.00	-6178.97
359.00	10289.19	0.00	-6369.90
359.10	9550.25	0.00	-6535.68
359.20	8762.43	0.00	-6675.67
359.30	7926.83	0.00	-6789.32
359.40	7045.09	0.00	-6876.17
359.50	6119.40	0.00	-6935.89
359.60	5152.50	0.00	-6968.23
359.70	4147.73	0.00	-6973.07
359.80	3108.98	0.00	-6950.39
359.90	2040.69	0.00	-6900.28
360.00	947.83	0.00	-6822.94
360.10	-164.13	0.00	-6718.68
360.20	-1289.27	0.00	-6587.89
360.30	-2421.24	0.00	-6431.11
360.40	-3553.37	0.00	-6248.95
360.50	-4678.66	0.00	-6042.13
360.60	-5789.92	0.00	-5811.46
360.70	-6879.78	0.00	-5557.85
360.80	-7940.80	0.00	-5282.31
360.90	-8965.54	0.00	-4985.92
361.00	-9946.65	0.00	-4669.86
361.10	-10876.93	0.00	-4335.37
361.20	-11749.44	0.00	-3983.76
361.30	-12557.55	0.00	-3616.44
361.40	-13295.02	0.00	-3234.84
361.50	-13956.11	0.00	-2840.48
361.60	-14535.60	0.00	-2434.90
361.70	-15028.87	0.00	-2019.72
361.80	-15431.96	0.00	-1596.57
361.90	-15741.62	0.00	-1167.11
362.00	-15955.33	0.00	-733.05
362.10	-16071.35	0.00	-296.09
362.20	-16092.45	0.00	142.03
362.30	-16069.18	0.00	579.59
362.40	-16017.44	0.00	1014.87
362.50	-15936.66	0.00	1446.14
362.60	-15826.02	0.00	1871.70
362.70	-15684.41	0.00	2289.87
362.80	-15510.51	0.00	2699.01
362.90	-15302.77	0.00	3097.50
363.00	-15059.49	0.00	3483.76
363.10	-14778.88	0.00	3856.28
363.20	-14459.07	0.00	4213.57
363.30	-14098.18	0.00	4554.24
363.40	-13694.37	0.00	4876.93
363.50	-13245.95	0.00	5180.37
363.60	-12751.34	0.00	5463.38
363.70	-12209.24	0.00	5724.81
363.80	-11618.58	0.00	5963.66
363.90	-10978.67	0.00	6178.97
364.00	-10289.19	0.00	6369.90
364.10	-9550.25	0.00	6535.68
364.20	-8762.43	0.00	6675.67
364.30	-7926.83	0.00	6789.32
364.40	-7045.09	0.00	6876.17
364.50	-6119.40	0.00	6935.89
364.60	-5152.50	0.00	6968.23
364.70	-4147.73	0.00	6973.07
364.80	-3108.98	0.00	6950.39
364.90	-2040.69	0.00	6900.28
365.00	-947.83	0.00	6822.94
365.10	164.13	0.00	6718.68
365.20	1289.27	0.00	6587.89
365.30	2421.24	0.00	6431.11
365.40	3553.37	0.00	6248.95
365.50	4678.66	0.00	6042.13
365.60	5789.92	0.00	5811.46
365.70	6879.78	0.00	5557.85
365.80	7940.80	0.00	5282.31
365.90	8965.54	0.00	4985.92
366.00	9946.65	0.00	4669.86
366.10	10876.93	0.00	4335.37
366.20	11749.44	0.00	3983.76
366.30	12557.55	0.00	3616.44
366.40	13295.02	0.00	3234.84
366.50	13956.11	0.00	2840.48
366.60	14535.60	0.00	2434.90
366.70	15028.87	0.00	2019.72
366.80	15431.96	0.00	1596.57
366.90	15741.62	0.00	1167.11
367.00	15955.33	0.00	733.05
367.10	16071.35	0.00	296.09
367.20	16092.45	0.00	-142.03
367.30	16069.18	0.00	-579.59
367.40	16017.44	0.00	-1014.87
367.50	15936.66	0.00	-1446.14
367.60	15826.02	0.00	-1871.70
367.70	15684.41	0.00	-2289.87
367.80	15510.51	0.00	-2699.01
367.90	15302.77	0.00	-3097.50
368.00	15059.49	0.00	-3483.76
368.10	14778.88	0.00	-3856.28
368.20	14459.07	0.00	-4213.57
368.30	14098.18	0.00	-4554.24
368.40	13694.37	0.00	-4876.93
368.50	13245.95	0.00	-5180.37
368.60	12751.34	0.00	-5463.38
368.70	12209.24	0.00	-5724.81
368.80	11618.58	0.00	-5963.66
368.90	10978.67	0.00	-6178.97
369.00	10289.19	0.00	-6369.90
369.10	9550.25	0.00	-6535.68
369.20	8762.43	0.00	-6675.67
369.30	7926.83	0.00	-6789.32
369.40	7045.09	0.00	-6876.17
369.50	6119.40	0.00	-6935.89
369.60	5152.50	0.00	-6968.23
369.70	4147.73	0.00	-6973.07
369.80	3108.98	0.00	-6950.39
369.90	2040.69	0.00	-6900.28
370.00	947.83	0.00	-6822.94
370.10	-164.13	0.00	-6718.68
370.20	-1289.27	0.00	-6587.89
370.30	-2421.24	0.00	-6431.11
370.40	-3553.37	0.00	-6248.95
370.50	-4678.66	0.00	-6042.13
370.60	-5789.92	0.00	-5811.46
370.70	-6879.78	0.00	-5557.85
370.80	-7940.80	0.00	-5282.31
370.90	-8965.54	0.00	-4985.92
371.00	-9946.65	0.00	-4669.86
371.10	-10876.93	0.00	-4335.37
371.20	-11749.44	0.00	-3983.76
371.30	-12557.55	0.00	-3616.44
371.40	-13295.02	0.00	-3234.84
371.50	-13956.11	0.00	-2840.48
371.60	-14535.60	0.00	-2434.90
371.70	-15028.87	0.00	-2019.72
371.80	-15431.96	0.00	-1596.57
371.90	-15741.62	0.00	-1167.11
372.00	-15955.33	0.00	-733.05
372.10	-16071.35	0.00	-296.09
372.20	-16092.45	0.00	142.03
372.30	-16069.18	0.00	579.59
372.40	-16017.44	0.00	1014.87
372.50	-15936.66	0.00	1446.14
372.60	-15826.02	0.00	1871.70
372.70	-15684.41	0.00	2289.87
372.80	-15510.51	0.00	2699.01
372.90	-15302.77	0.00	3097.50
373.00	-15059.49	0.00	3483.76
373.10	-14778.88	0.00	3856.28
373.20	-14459.07	0.00	4213.57
373.30	-14098.18	0.00	4554.24
373.40	-13694.37	0.00	4876.93
373.50	-13245.95	0.00	5180.37
373.60	-12751.34	0.00	5463.38
373.70	-12209.24	0.00	5724.81
373.80	-11618.58	0.00	5963.66
373.90	-10978.67	0.00	6178.97
374.00	-10289.19	0.00	6369.90
374.10	-9550.25	0.00	6535.68
374.20	-8762.43	0.00	6675.67
374.30	-7926.83	0.00	6789.32
374.40	-7045.09	0.00	6876.17
374.50	-6119.40	0.00	6935.89
374.60	-5152.50	0.00	6968.23
374.70	-4147.73	0.00	6973.07
374.80	-3108.98	0.00	6950.39
374.90	-2040.69	0.00	6900.28
375.00	-947.83	0.00	6822.94
375.10	164.13	0.00	6718.68
375.20	1289.27	0.00	6587.89
375.30	2421.24	0.00	6431.11
375.40	3553.37	0.00	6248.95
375.50	4678.66	0.00	6042.13
375.60	5789.92	0.00	5811.46
375.70	6879.78	0.00	5557.85
375.80	7940.80	0.00	5282.31
375.90	8965.54	0.00	4985.92
376.00	9946.65	0.00	4669.86
376.10	10876.93	0.00	4335.37
376.20	11749.44	0.00	3983.76
376.30	12557.55	0.00	3616.44
376.40	13295.02	0.00	3234.84
376.50	13956.11	0.00	2840.48
376.60	14535.60	0.00	2434.90
376.70	15028.87	0.00	2019.72
376.80	15431.96	0.00	1596.57
376.90	15741.62	0.00	1167.11
377.00	15955.33	0.00	733.05
377.10	16071.35	0.00	296.09
377.20	16092.45	0.00	-142.03
377.30	16069.18	0.00	-579.59
377.40	16017.44	0.00	-1014.87
377.50	15936.66	0.00	-1446.14
377.60	15826.02	0.00	-1871.70
377.70	15684.41	0.00	-2289.87
377.80	15510.51	0.00	-2699.01
377.90	15302.77	0.00	-3097.50
378.00	15059.49	0.00	-3483.76
378.10	14778.88	0.00	-3856.28
378.20	14459.07	0.00	-4213.57
378.30	14098.18	0.00	-4554.24
378.40	13694.37	0.00	-4876.93
378.50	13245.95	0.00	-5180.37
378.60	12751.34	0.00	-5463.38
378.70	12209.24	0.00	-5724.81
378.80	11618.58	0.00	-5963.66
378.90	10978.67	0.00	-6178.97
379.00	10289.19	0.00	-6369.90
379.10	9550.25	0.00	-6535.68
379.20	8762.43	0.00	-6675.67
379.30	7926.83	0.00	-6789.32
379.40	7045.09	0.00	-6876.17
379.50	6119.40	0.00	-6935.89
379.60	5152.50	0.00	-6968.23
379.70	4147.73	0.00	-6973.07
379.80	3108.98	0.00	-6950.39
379.90	2040.69	0.00	-6900.28
380.00	947.83	0.00	-6822.94
380.10	-164.13	0.00	-6718.68
380.20	-1289.27	0.00	-6587.89
380.30	-2421.24	0.00	-6431.11
380.40	-3553.37	0.00	-6248.95
380.50	-4678.66	0.00	-6042.13
380.60	-5789.92	0.00	-5811.46
380.70	-6879.78	0.00	-5557.85
380.80	-7940.80	0.00	-5282.31
380.90	-8965.54	0.00	-4985.92
381.00	-9946.65	0.00	-4669.86
381.10	-10876.93	0.00	-4335.37
381.20	-11749.44	0.00	-3983.76
381.30	-12557.55	0.00	-3616.44
381.40	-13295.02	0.00	-3234.84
381.50	-13956.11	0.00	-2840.48
381.60	-14535.60	0.00	-2434.90
381.70	-15028.87	0.00	-2019.72
381.80	-15431.96	0.00	-1596.57
381.90	-15741.62	0.00	-1167.11
382.00	-15955.33	0.00	-733.05
382.10	-16071.35	0.00	-296.09
382.20	-16092.45	0.00	142.03
382.30	-16069.18	0.00	579.59
382.40	-16017.44	0.00	1014.87
382.50	-15936.66	0.00	1446.14
382.60	-15826.02	0.00	1871.70
382.70	-15684.41	0.00	2289.87
382.80	-15510.51	0.00	2699.01
382.90	-15302.77	0.00	3097.50
383.00	-15059.49	0.00	3483.76
383.10	-14778.88	0.00	3856.28
383.20	-14459.07	0.00	4213.57
383.30	-14098.18	0.00	4554.24
383.40	-13694.37	0.00	4876.93
383.50	-13245.95	0.00	5180.37
383.60	-12751.34	0.00	5463.38
383.70	-12209.24	0.00	5724.81
383.80	-11618.58	0.00	5963.66
383.90	-10978.67	0.00	6178.97
384.00	-10289.19	0.00	6369.90
384.10	-9550.25	0.00	6535.68
384.20	-8762.43	0.00	6675.67
384.30	-7926.83	0.00	6789.32
384.40	-7045.09	0.00	6876.17
384.50	-6119.40	0.00	6935.89
384.60	-5152.50	0.00	6968.23
384.70	-4147.73	0.00	6973.07
384.80	-3108.98	0.00	6950.39
384.90	-2040.69	0.00	6900.28
385.00	-947.83	0.00	6822.94
385.10	164.13	0.00	6718.68
385.20	1289.27	0.00	6587.89
385.30	2421.24	0.00	6431.11
385.40	3553.37	0.00	6248.95
385.50	4678.66	0.00	6042.13
385.60	5789.92	0.00	5811.46
385.70	6879.78	0.00	5557.85
385.80	7940.80	0.00	5282.31
385.90	8965.54	0.00	4985.92
386.00	9946.65	0.00	4669.86
386.10	10876.93	0.00	4335.37
386.20	11749.44	0.00	3983.76
386.30	12557.55	0.00	3616.44
386.40	13295.02	0.00	3234.84
386.50	13956.11	0.00	2840.48
386.60	14535.60	0.00	2434.90
386.70	15028.87	0.00	2019.72
386.80	15431.96	0.00	1596.57
386.90	15741.62	0.00	1167.11
387.00	15955.33	0.00	733.05
387.10	16071.35	0.00	296.09
387.20	16092.45	0.00	-142.03
387.30	16069.18	0.00	-579.59
387.40	16017.44	0.00	-1014.87
387.50	15936.66	0.00	-1446.14
387.60	15826.02	0.00	-1871.70
387.70	15684.41	0.00	-2289.87
387.80	15510.51	0.00	-2699.01
387.90	15302.77	0.00	-3097.50
388.00	15059.49	0.00	-3483.76
388.10	14778.88	0.00	-3856.28
388.20	14459.07	0.00	-4213.57
388.30	14098.18	0.00	-4554.24
388.40	13694.37	0.00	-4876.93
388.50	13245.95	0.00	-5180.37
388.60	12751.34	0.00	-5463.38
388.70	12209.24	0.00	-5724.81
388.80	11618.58	0.00	-5963.66
388.90	10978.67	0.00	-6178.97
389.00	10289.19	0.00	-6369.90
389.10	9550.25	0.00	-6535.68
389.20	8762.43	0.00	-6675.67
389.30	7926.83	0.00	-6789.32
389.40	7045.09	0.00	-6876.17
389.50	6119.40	0.00	-6935.89
389.60	5152.50	0.00	-6968.23
389.70	4147.73	0.00	-6973.07
389.80	3108.98	0.00	-6950.39
389.90	2040.69	0.00	-6900.28
390.00	947.83	0.00	-6822.94
390.10	-164.13	0.00	-6718.68
390.20	-1289.27	0.00	-6587.89
390.30	-2421.24	0.00	-6431.11
390.40	-3553.37	0.00	-6248.95
390.50	-4678.66	0.00	-6042.13
390.60	-5789.92	0.00	-5811.46
390.70	-6879.78	0.00	-5557.85
390.80	-7940.80	0.00	-5282.31
390.90	-8965.54	0.00	-4985.92
391.00	-9946.65	0.00	-4669.86
391.10	-10876.93	0.00	-4335.37
391.20	-11749.44	0.00	-3983.76
391.30	-12557.55	0.00	-3616.44
391.40	-13295.02	0.00	-3234.84
391.50	-13956.11	0.00	-2840.48
391.60	-14535.60	0.00	-2434.90
391.70	-15028.87	0.00	-2019.72
391.80	-15431.96	0.00	-1596.57
391.90	-15741.62	0.00	-1167.11
392.00	-15955.33	0.00	-733.05
392.10	-16071.35	0.00	-296.09
392.20	-16092.45	0.00	142.03
392.30	-16069.18	0.00	579.59
392.40	-16017.44	0.00	1014.87
392.50	-15936.66	0.00	1446.14
392.60	-15826.02	0.00	1871.70
392.70	-15684.41	0.00	2289.87
392.80	-15510.51	0.00	2699.01
392.90	-15302.77	0.00	3097.50
393.00	-15059.49	0.00	3483.76
393.10	-14778.88	0.00	3856.28
393.20	-14459.07	0.00	4213.57
393.30	-14098.18	0.00	4554.24
393.40	-13694.37	0.00	4876.93
393.50	-13245.95	0.00	5180.37
393.60	-12751.34	0.00	5463.38
393.70	-12209.24	0.00	5724.81
393.80	-11618.58	0.00	5963.66
393.90	-10978.67	0.00	6178.97
394.00	-10289.19	0.00	6369.90
394.10	-9550.25	0.00	6535.68
394.20	-8762.43	0.00	6675.67
394.30	-7926.83	0.00	6789.32
394.40	-7045.09	0.00	6876.17
394.50	-6119.40	0.00	6935.89
394.60	-5152.50	0.00	6968.23
394.70	-4147.73	0.00	6973.07
394.80	-3108.98	0.00	6950.39
394.90	-2040.69	0.00	6900.28
395.00	-947.83	0.00	6822.94
395.10	164.13	0.00	6718.68
395.20	1289.27	0.00	6587.89
395.30	2421.24	0.00	6431.11
395.40	3553.37	0.00	6248.95
395.50	4678.66	0.00	6042.13
395.60	5789.92	0.00	5811.46
395.70	6879.78	0.00	5557.85
395.80	7940.80	0.00	5282.31
395.90	8965.54	0.00	4985.92
396.00	9946.65	0.00	4669.86
396.10	10876.93	0.00	4335.37
396.20	11749.44	0.00	3983.76
396.30	12557.55	0.00	3616.44
396.40	13295.02	0.00	3234.84
396.50	13956.11	0.00	2840.48
396.60	14535.60	0.00	2434.90
396.70	15028.87	0.00	2019.72
396.80	15431.96	0.00	1596.57
396.90	15741.62	0.00	1167.11
397.00	15955.33	0.00	733.05
397.10	16071.35	0.00	296.09
397.20	16092.45	0.00	-142.03
397.30	16069.18	0.00	-579.59
397.40	16017.44	0.00	-1014.87
397.50	15936.66	0.00	-1446.14
397.60	15826.02	0.00	-1871.70
397.70	15684.41	0.00	-2289.87
397.80	15510.51	0.00	-2699.01
397.90	15302.77	0.00	-3097.50
398.00	15059.49	0.00	-3483.76
398.10	14778.88	0.00	-3856.28
398.20	14459.07	0.00	-4213.57
398.30	14098.18	0.00	-4554.24
398.40	13694.37	0.00	-4876.93
398.50	13245.95	0.00	-5180.37
398.60	12751.34	0.00	-5463.38
398.70	12209.24	0.00	-5724.81
398.80	11618.58	0.00	-5963.66
398.90	10978.67	0.00	-6178.97
399.00	10289.19	0.00	-6369.90
399.10	9550.25	0.00	-6535.68
399.20	8762.43	0.00	-6675.67
399.30	7926.83	0.00	-6789.32
399.40	7045.09	0.00	-6876.17
399.50	6119.40	0.00	-6935.89
399.60	5152.50	0.00	-6968.23
399.70	4147.73	0.00	-6973.07
399.80	3108.98	0.00	-6950.39
399.90	2040.69	0.00	-6900.28
400.00	947.83	0.00	-6822.94
400.10	-164.13	0.00	-6718.68
400.20	-1289.27	0.00	-6587.89
400.30	-2421.24	0.00	-6431.11
400.40	-3553.37	0.00	-6248.95
400.50	-4678.66	0.00	-6042.13
400.60	-5789.92	0.00	-5811.46
400.70	-6879.78	0.00	-5557.85
400.80	-7940.80	0.00	-5282.31
400.90	-8965.54	0.00	-4985.92
401.00	-9946.65	0.00	-4669.86
401.10	-10876.93	0.00	-4335.37
401.20	-11749.44	0.00	-3983.76
401.30	-12557.55	0.00	-3616.44
401.40	-13295.02	0.00	-3234.84
401.50	-13956.11	0.00	-2840.48
401.60	-14535.60	0.00	-2434.90
401.70	-15028.87	0.00	-2019.72
401.80	-15431.96	0.00	-1596.57
401.90	-15741.62	0.00	-1167.11
402.00	-15955.33	0.00	-733.05
402.10	-16071.35	0.00	-296.09
402.20	-16092.45	0.00	142.03
402.30	-16069.18	0.00	579.59
402.40	-16017.44	0.00	1014.87
402.50	-15936.66	0.00	1446.14
402.60	-15826.02	0.00	1871.70
402.70	-15684.41	0.00	2289.87
402.80	-15510.51	0.00	2699.01
402.90	-15302.77	0.00	3097.50
403.00	-15059.49	0.00	3483.76
403.10	-14778.88	0.00	3856.28
403.20	-14459.07	0.00	4213.57
403.30	-14098.18	0.00	4554.24
403.40	-13694.37	0.00	4876.93
403.50	-13245.95	0.00	5180.37
403.60	-12751.34	0.00	5463.38
403.70	-12209.24	0.00	5724.81
403.80	-11618.58	0.00	5963.66
403.90	-10978.67	0.00	6178.97
404.00	-10289.19	0.00	6369.90
404.10	-9550.25	0.00	6535.68
404.20	-8762.43	0.00	6675.67
404.30	-7926.83	0.00	6789.32
404.40	-7045.09	0.00	6876.17
404.50	-6119.40	0.00	6935.89
404.60	-5152.50	0.00	6968.23
404.70	-4147.73	0.00	6973.07
404.80	-3108.98	0.00	6950.39
404.90	-2040.69	0.00	6900.28
405.00	-947.83	0.00	6822.94
405.10	164.13	0.00	6718.68
405.20	1289.27	0.00	6587.89
405.30	2421.24	0.00	6431.11
405.40	3553.37	0.00	6248.95
405.50	4678.66	0.00	6042.13
405.60	5789.92	0.00	5811.46
405.70	6879.78	0.00	5557.85
405.80	7940.80	0.00	5282.31
405.90	8965.54	0.00	4985.92
406.00	9946.65	0.00	4669.86
406.10	10876.93	0.00	4335.37
406.20	11749.44	0.00	3983.76
406.30	12557.55	0.00	3616.44
406.40	13295.02	0.00	3234.84
406.50	13956.11	0.00	2840.48
406.60	14535.60	0.00	2434.90
406.70	15028.87	0.00	2019.72
406.80	15431.96	0.00	1596.57
406.90	15741.62	0.00	1167.11
407.00	15955.33	0.00	733.05
407.10	16071.35	0.00	296.09
407.20	16092.45	0.00	-142.03
407.30	16069.18	0.00	-579.59
407.40	16017.44	0.00	-1014.87
407.50	15936.66	0.00	-1446.14
407.60	15826.02	0.00	-1871.70
407.70	15684.41	0.00	-2289.87
407.80	15510.51	0.00	-2699.01
407.90	15302.77	0.00	-3097.50
408.00	15059.49	0.00	-3483.76
408.10	14778.88	0.00	-3856.28
408.20	14459.07	0.00	-4213.57
408.30	14098.18	0.00	-4554.24
408.40	13694.37	0.00	-4876.93
408.50	13245.95	0.00	-5180.37
408.60	12751.34	0.00	-5463.38
408.70	12209.24	0.00	-5724.81
408.80	11618.58	0.00	-5963.66
408.90	10978.67	0.00	-6178.97
409.00	10289.19	0.00	-6369.90
409.10	9550.25	0.00	-6535.68
409.20	8762.43	0.00	-6675.67
409.30	7926.83	0.00	-6789.32
409.40	7045.09	0.00	-6876.17
409.50	6119.40	0.00	-6935.89
409.60	5152.50	0.00	-6968.23
409.70	4147.73	0.00	-6973.07
409.80	3108.98	0.00	-6950.39
409.90	2040.69	0.00	-6900.28
410.00	947.83	0.00	-6822.94
410.10	-164.13	0.00	-6718.68
410.20	-1289.27	0.00	-6587.89
410.30	-2421.24	0.00	-6431.11
410.40	-3553.37	0.00	-6248.95
410.50	-4678.66	0.00	-6042.13
410.60	-5789.92	0.00	-5811.46
410.70	-6879.78	0.00	-5557.85
410.80	-7940.80	0.00	-5282.31
410.90	-8965.54	0.00	-4985.92
411.00	-9946.65	0.00	-4669.86
411.10	-10876.93	0.00	-4335.37
411.20	-11749.44	0.00	-3983.76
411.30	-12557.55	0.00	-3616.44
411.40	-13295.02	0.00	-3234.84
411.50	-13956.11	0.00	-2840.48
411.60	-14535.60	0.00	-2434.90
411.70	-15028.87	0.00	-2019.72
411.80	-15431.96	0.00	-1596.57
411.90	-15741.62	0.00	-1167.11
412.00	-15955.33	0.00	-733.05
412.10	-16071.35	0.00	-296.09
412.20	-16092.45	0.00	142.03
412.30	-16069.18	0.00	579.59
412.40	-16017.44	0.00	1014.87
412.50	-15936.66	0.00	1446.14
412.60	-15826.02	0.00	1871.70
412.70	-15684.41	0.00	2289.87
412.80	-15510.51	0.00	2699.01
412.90	-15302.77	0.00	3097.50
413.00	-15059.49	0.00	3483.76
413.10	-14778.88	0.00	3856.28
413.20	-14459.07	0.00	4213.57
413.30	-14098.18	0.00	4554.24
413.40	-13694.37	0.00	4876.93
413.50	-13245.95	0.00	5180.37
413.60	-12751.34	0.00	5463.38
413.70	-12209.24	0.00	5724.81
413.80	-11618.58	0.00	5963.66
413.90	-10978.67	0.00	6178.97
414.00	-10289.19	0.00	6369.90
414.10	-9550.25	0.00	6535.68
414.20	-8762.43	0.00	6675.67
414.30	-7926.83	0.00	6789.32
414.40	-7045.09	0.00	6876.17
414.50	-6119.40	0.00	6935.89
414.60	-5152.50	0.00	6968.23
414.70	-4147.73	0.00	6973.07
414.80	-3108.98	0.00	6950.39
414.90	-2040.69	0.00	6900.28
415.00	-947.83	0.00	6822.94
415.10	164.13	0.00	6718.68
415.20	1289.27	0.00	6587.89
415.30	2421.24	0.00	6431.11
415.40	3553.37	0.00	6248.95
415.50	4678.66	0.00	6042.13
415.60	5789.92	0.00	5811.46
415.70	6879.78	0.00	5557.85
415.80	7940.80	0.00	5282.31
415.90	8965.54	0.00	4985.92
416.00	9946.65	0.00	4669.86
416.10	10876.93	0.00	4335.37
416.20	11749.44	0.00	3983.76
416.30	12557.55	0.00	3616.44
416.40	13295.02	0.00	3234.84
416.50	13956.11	0.00	2840.48
416.60	14535.60	0.00	2434.90
416.70	15028.87	0.00	2019.72
416.80	15431.96	0.00	1596.57
416.90	15741.62	0.00	1167.11
417.00	15955.33	0.00	733.05
417.10	16071.35	0.00	296.09
417.20	16092.45	0.00	-142.03
417.30	16069.18	0.00	-579.59
417.40	16017.44	0.00	-1014.87
417.50	15936.66	0.00	-1446.14
417.60	15826.02	0.00	-1871.70
417.70	15684.41	0.00	-2289.87
417.80	15510.51	0.00	-2699.01
417.90	15302.77	0.00	-3097.50
418.00	15059.49	0.00	-3483.76
418.10	14778.88	0.00	-3856.28
418.20	14459.07	0.00	-4213.57
418.30	14098.18	0.00	-4554.24
418.40	13694.37	0.00	-4876.93
418.50	13245.95	0.00	-5180.37
418.60	12751.34	0.00	-5463.38
418.70	12209.24	0.00	-5724.81
418.80	11618.58	0.00	-5963.66
418.90	10978.67	0.00	-6178.97
419.00	10289.19	0.00	-6369.90
419.10	9550.25	0.00	-6535.68
419.20	8762.43	0.00	-6675.67
419.30	7926.83	0.00	-6789.32
419.40	7045.09	0.00	-6876.17
419.50	6119.40	0.00	-6935.89
419.60	5152.50	0.00	-6968.23
419.70	4147.73	0.00	-6973.07
419.80	3108.98	0.00	-6950.39
419.90	2040.69	0.00	-6900.28
420.00	947.83	0.00	-6822.94
420.10	-164.13	0.00	-6718.68
420.20	-1289.27	0.00	-6587.89
420.30	-2421.24	0.00	-6431.11
420.40	-3553.37	0.00	-6248.95
420.50	-4678.66	0.00	-6042.13
420.60	-5789.92	0.00	-5811.46
420.70	-6879.78	0.00	-5557.85
420.80	-7940.80	0.00	-5282.31
420.90	-8965.54	0.00	-4985.92
421.00	-9946.65	0.00	-4669.86
421.10	-10876.93	0.00	-4335.37
421.20	-11749.44	0.00	-3983.76
421.30	-12557.55	0.00	-3616.44
421.40	-13295.02	0.00	-3234.84
421.50	-13956.11	0.00	-2840.48
421.60	-14535.60	0.00	-2434.90
421.70	-15028.87	0.00	-2019.72
421.80	-15431.96	0.00	-1596.57
421.90	-15741.62	0.00	-1167.11
422.00	-15955.33	0.00	-733.05
422.10	-16071.35	0.00	-296.09
422.20	-16092.45	0.00	142.03
422.30	-16069.18	0.00	579.59
422.40	-16017.44	0.00	1014.87
422.50	-15936.66	0.00	1446.14
422.60	-15826.02	0.00	1871.70
422.70	-15684.41	0.00	2289.87
422.80	-15510.51	0.00	2699.01
422.90	-15302.77	0.00	3097.50
423.00	-15059.49	0.00	3483.76
423.10	-14778.88	0.00	3856.28
423.20	-14459.07	0.00	4213.57
423.30	-14098.18	0.00	4554.24
423.40	-13694.37	0.00	4876.93
423.50	-13245.95	0.00	5180.37
423.60	-12751.34	0.00	5463.38
423.70	-12209.24	0.00	5724.81
423.80	-11618.58	0.00	5963.66
423.90	-10978.67	0.00	6178.97
424.00	-10289.19	0.00	6369.90
424.10	-9550.25	0.00	6535.68
424.20	-8762.43	0.00	6675.67
424.30	-7926.83	0.00	6789.32
424.40	-7045.09	0.00	6876.17
424.50	-6119.40	0.00	6935.89
424.60	-5152.50	0.00	6968.23
424.70	-4147.73	0.00	6973.07
424.80	-3108.98	0.00	6950.39
424.90	-2040.69	0.00	6900.28
425.00	-947.83	0.00	6822.94
425.10	164.13	0.00	6718.68
425.20	1289.27	0.00	6587.89
425.30	2421.24	0.00	6431.11
425.40	3553.37	0.00	6248.95
425.50	4678.66	0.00	6042.13
425.60	5789.92	0.00	5811.46
425.70	6879.78	0.00	5557.85
425.80	7940.80	0.00	5282.31
425.90	8965.54	0.00	4985.92
426.00	9946.65	0.00	4669.86
426.10	10876.93	0.00	4335.37
426.20	11749.44	0.00	3983.76
426.30	12557.55	0.00	3616.44
426.40	13295.02	0.00	3234.84
426.50	13956.11	0.00	2840.48
426.60	14535.60	0.00	2434.90
426.70	15028.87	0.00	2019.72
426.80	15431.96	0.00	1596.57
426.90	15741.62	0.00	1167.11
427.00	15955.33	0.00	733.05
427.10	16071.35	0.00	296.09
427.20	16092.45	0.00	-142.03
427.30	16069.18	0.00	-579.59
427.40	16017.44	0.00	-1014.87
427.50	15936.66	0.00	-1446.14
427.60	15826.02	0.00	-1871.70
427.70	15684.41	0.00	-2289.87
427.80	15510.51	0.00	-2699.01
427.90	15302.77	0.00	-3097.50
428.00	15059.49	0.00	-3483.76
428.10	14778.88	0.00	-3856.28
428.20	14459.07	0.00	-4213.57
428.30	14098.18	0.00	-4554.24
428.40	13694.37	0.00	-4876.93
428.50	13245.95	0.00	-5180.37
428.60	12751.34	0.00	-5463.38
428.70	12209.24	0.00	-5724.81
428.80	11618.58	0.00	-5963.66
428.90	10978.67	0.00	-6178.97
429.00	10289.19	0.00	-6369.90
429.10	9550.25	0.00	-6535.68
429.20	8762.43	0.00	-6675.67
429.30	7926.83	0.00	-6789.32
429.40	7045.09	0.00	-6876.17
429.50	6119.40	0.00	-6935.89
429.60	5152.50	0.00	-6968.23
429.70	4147.73	0.00	-6973.07
429.80	3108.98	0.00	-6950.39
429.90	2040.69	0.00	-6900.28
430.00	947.83	0.00	-6822.94
430.10	-164.13	0.00	-6718.68
430.20	-1289.27	0.00	-6587.89
430.30	-2421.24	0.00	-6431.11
430.40	-3553.37	0.00	-6248.95
430.50	-4678.66	0.00	-6042.13
430.60	-5789.92	0.00	-5811.46
430.70	-6879.78	0.00	-5557.85
430.80	-7940.80	0.00	-5282.31
430.90	-8965.54	0.00	-4985.92
431.00	-9946.65	0.00	-4669.86
431.10	-10876.93	0.00	-4335.37
431.20	-11749.44	0.00	-3983.76
431.30	-12557.55	0.00	-3616.44
431.40	-13295.02	0.00	-3234.84
431.50	-13956.11	0.00	-2840.48
431.60	-14535.60	0.00	-2434.90
431.70	-15028.87	0.00	-2019.72
431.80	-15431.96	0.00	-1596.57
431.90	-15741.62	0.00	-1167.11
432.00	-15955.33	0.00	-733.05
432.10	-16071.35	0.00	-296.09
432.20	-16092.45	0.00	142.03
432.30	-16069.18	0.00	579.59
432.40	-16017.44	0.00	1014.87
432.50	-15936.66	0.00	1446.14
432.60	-15826.02	0.00	1871.70
432.70	-15684.41	0.00	2289.87
432.80	-15510.51	0.00	2699.01
432.90	-15302.77	0.00	3097.50
433.00	-15059.49	0.00	3483.76
433.10	-14778.88	0.00	3856.28
433.20	-14459.07	0.00	4213.57
433.30	-14098.18	0.00	4554.24
433.40	-13694.37	0.00	4876.93
433.50	-13245.95	0.00	5180.37
433.60	-12751.34	0.00	5463.38
433.70	-12209.24	0.00	5724.81
433.80	-11618.58	0.00	5963.66
433.90	-10978.67	0.00	6178.97
434.00	-10289.19	0.00	6369.90
434.10	-9550.25	0.00	6535.68
434.20	-8762.43	0.00	6675.67
434.30	-7926.83	0.00	6789.32
434.40	-7045.09	0.00	6876.17
434.50	-6119.40	0.00	6935.89
434.60	-5152.50	0.00	6968.23
434.70	-4147.73	0.00	6973.07
434.80	-3108.98	0.00	6950.39
434.90	-2040.69	0.00	6900.28
435.00	-947.83	0.00	6822.94
435.10	164.13	0.00	6718.68
435.20	1289.27	0.00	6587.89
435.30	2421.24	0.00	6431.11
435.40	3553.37	0.00	6248.95
435.50	4678.66	0.00	6042.13
435.60	5789.92	0.00	5811.46
435.70	6879.78	0.00	5557.85
435.80	7940.80	0.00	5282.31
435.90	8965.54	0.00	4985.92
436.00	9946.65	0.00	4669.86
436.10	10876.93	0.00	4335.37
436.20	11749.44	0.00	3983.76
436.30	12557.55	0.00	3616.44
436.40	13295.02	0.00	3234.84
436.50	13956.11	0.00	2840.48
436.60	14535.60	0.00	2434.90
436.70	15028.87	0.00	2019.72
436.80	15431.96	0.00	1596.57
436.90	15741.62	0.00	1167.11
437.00	15955.33	0.00	733.05
437.10	16071.35	0.00	296.09
437.20	16092.45	0.00	-142.03
437.30	16069.18	0.00	-579.59
437.40	16017.44	0.00	-1014.87
437.50	15936.66	0.00	-1446.14
437.60	15826.02	0.00	-1871.70
437.70	15684.41	0.00	-2289.87
437.80	15510.51	0.00	-2699.01
437.90	15302.77	0.00	-3097.50
438.00	15059.49	0.00	-3483.76
438.10	14778.88	0.00	-3856.28
438.20	14459.07	0.00	-4213.57
438.30	14098.18	0.00	-4554.24
438.40	13694.37	0.00	-4876.93
438.50	13245.95	0.00	-5180.37
438.60	12751.34	0.00	-5463.38
438.70	12209.24	0.00	-5724.81
438.80	11618.58	0.00	-5963.66
438.90	10978.67	0.00	-6178.97
439.00	10289.19	0.00	-6369.90
439.10	9550.25	0.00	-6535.68
439.20	8762.43	0.00	-6675.67
439.30	7926.83	0.00	-6789.32
439.40	7045.09	0.00	-6876.17
439.50	6119.40	0.00	-6935.89
439.60	5152.50	0.00	-6968.23
439.70	4147.73	0.00	-6973.07
439.80	3108.98	0.00	-6950.39
439.90	2040.69	0.00	-6900.28
440.00	947.83	0.00	-6822.94
440.10	-164.13	0.00	-6718.68
440.20	-1289.27	0.00	-6587.89
440.30	-2421.24	0.00	-6431.11
440.40	-3553.37	0.00	-6248.95
440.50	-4678.66	0.00	-6042.13
440.60	-5789.92	0.00	-5811.46
440.70	-6879.78	0.00	-5557.85
440.80	-7940.80	0.00	-5282.31
440.90	-8965.54	0.00	-4985.92
441.00	-9946.65	0.00	-4669.86
441.10	-10876.93	0.00	-4335.37
441.20	-11749.44	0.00	-3983.76
441.30	-12557.55	0.00	-3616.44
441.40	-13295.02	0.00	-3234.84
441.50	-13956.11	0.00	-2840.48
441.60	-14535.60	0.00	-2434.90
441.70	-15028.87	0.00	-2019.72
441.80	-15431.96	0.00	-1596.57
441.90	-15741.62	0.00	-1167.11
442.00	-15955.33	0.00	-733.05
442.10	-16071.35	0.00	-296.09
442.20	-16092.45	0.00	142.03
442.30	-16069.18	0.00	579.59
442.40	-16017.44	0.00	1014.87
442.50	-15936.66	0.00	1446.14
442.60	-15826.02	0.00	1871.70
442.70	-15684.41	0.00	2289.87
442.80	-15510.51	0.00	2699.01
442.90	-15302.77	0.00	3097.50
443.00	-15059.49	0.00	3483.76
443.10	-14778.88	0.00	3856.28
443.20	-14459.07	0.00	4213.57
443.30	-14098.18	0.00	4554.24
443.40	-13694.37	0.00	4876.93
443.50	-13245.95	0.00	5180.37
443.60	-12751.34	0.00	5463.38
443.70	-12209.24	0.00	5724.81
443.80	-11618.58	0.00	5963.66
443.90	-10978.67	0.00	6178.97
444.00	-10289.19	0.00	6369.90
444.10	-9550.25	0.00	6535.68
444.20	-8762.43	0.00	6675.67
444.30	-7926.83	0.00	6789.32
444.40	-7045.09	0.00	6876.17
444.50	-6119.40	0.00	6935.89
444.60	-5152.50	0.00	6968.23
444.70	-4147.73	0.00	6973.07
444.80	-3108.98	0.00	6950.39
444.90	-2040.69	0.00	6900.28
445.00	-947.83	0.00	6822.94
445.10	164.13	0.00	6718.68
445.20	1289.27	0.00	6587.89
445.30	2421.24	0.00	6431.11
445.40	3553.37	0.00	6248.95
445.50	4678.66	0.00	6042.13
445.60	5789.92	0.00	5811.46
445.70	6879.78	0.00	5557.85
445.80	7940.80	0.00	5282.31
445.90	8965.54	0.00	4985.92
446.00	9946.65	0.00	4669.86
446.10	10876.93	0.00	4335.37
446.20	11749.44	0.00	3983.76
446.30	12557.55	0.00	3616.44
446.40	13295.02	0.00	3234.84
446.50	13956.11	0.00	2840.48
446.60	14535.60	0.00	2434.90
446.70	15028.87	0.00	2019.72
446.80	15431.96	0.00	1596.57
446.90	15741.62	0.00	1167.11
447.00	15955.33	0.00	733.05
447.10	16071.35	0.00	296.09
447.20	16092.45	0.00	-142.03
447.30	16069.18	0.00	-579.59
447.40	16017.44	0.00	-1014.87
447.50	15936.66	0.00	-1446.14
447.60	15826.02	0.00	-1871.70
447.70	15684.41	0.00	-2289.87
447.80	15510.51	0.00	-2699.01
447.90	15302.77	0.00	-3097.50
448.00	15059.49	0.00	-3483.76
448.10	14778.88	0.00	-3856.28
448.20	14459.07	0.00	-4213.57
448.30	14098.18	0.00	-4554.24
448.40	13694.37	0.00	-4876.93
448.50	13245.95	0.00	-5180.37
448.60	12751.34	0.00	-5463.38
448.70	12209.24	0.00	-5724.81
448.80	11618.58	0.00	-5963.66
448.90	10978.67	0.00	-6178.97
449.00	10289.19	0.00	-6369.90
449.10	9550.25	0.00	-6535.68
449.20	8762.43	0.00	-6675.67
449.30	7926.83	0.00	-6789.32
449.40	7045.09	0.00	-6876.17
449.50	6119.40	0.00	-6935.89
449.60	5152.50	0.00	-6968.23
449.70	4147.73	0.00	-6973.07
449.80	3108.98	0.00	-6950.39
449.90	2040.69	0.00	-6900.28
450.00	947.83	0.00	-6822.94
450.10	-164.13	0.00	-6718.68
450.20	-1289.27	0.00	-6587.89
450.30	-2421.24	0.00	-6431.11
450.40	-3553.37	0.00	-6248.95
450.50	-4678.66	0.00	-6042.13
450.60	-5789.92	0.00	-5811.46
450.70	-6879.78	0.00	-5557.85
450.80	-7940.80	0.00	-5282.31
450.90	-8965.54	0.00	-4985.92
451.00	-9946.65	0.00	-4669.86
451.10	-10876.93	0.00	-4335.37
451.20	-11749.44	0.00	-3983.76
451.30	-12557.55	0.00	-3616.44
451.40	-13295.02	0.00	-3234.84
451.50	-13956.11	0.00	-2840.48
451.60	-14535.60	0.00	-2434.90
451.70	-15028.87	0.00	-2019.72
451.80	-15431.96	0.00	-1596.57
451.90	-15741.62	0.00	-1167.11
452.00	-15955.33	0.00	-733.05
452.10	-16071.35	0.00	-296.09
452.20	-16092.45	0.00	142.03
452.30	-16069.18	0.00	579.59
452.40	-16017.44	0.00	1014.87
452.50	-15936.66	0.00	1446.14
452.60	-15826.02	0.00	1871.70
452.70	-15684.41	0.00	2289.87
452.80	-15510.51	0.00	2699.01
452.90	-15302.77	0.00	3097.50
453.00	-15059.49	0.00	3483.76
453.10	-14778.88	0.00	3856.28
453.20	-14459.07	0.00	4213.57
453.30	-14098.18	0.00	4554.24
453.40	-13694.37	0.00	4876.93
453.50	-13245.95	0.00	5180.37
453.60	-12751.34	0.00	5463.38
453.70	-12209.24	0.00	5724.81
453.80	-11618.58	0.00	5963.66
453.90	-10978.67	0.00	6178.97
454.00	-10289.19	0.00	6369.90
454.10	-9550.25	0.00	6535.68
454.20	-8762.43	0.00	6675.67
454.30	-7926.83	0.00	6789.32
454.40	-7045.09	0.00	6876.17
454.50	-6119.40	0.00	6935.89
454.60	-5152.50	0.00	6968.23
454.70	-4147.73	0.00	6973.07
454.80	-3108.98	0.00	6950.39
454.90	-2040.69	0.00	6900.28
455.00	-947.83	0.00	6822.94
455.10	164.13	0.00	6718.68
455.20	1289.27	0.00	6587.89
455.30	2421.24	0.00	6431.11
455.40	3553.37	0.00	6248.95
455.50	4678.66	0.00	6042.13
455.60	5789.92	0.00	5811.46
455.70	6879.78	0.00	5557.85
455.80	7940.80	0.00	5282.31
455.90	8965.54	0.00	4985.92
456.00	9946.65	0.00	4669.86
456.10	10876.93	0.00	4335.37
456.20	11749.44	0.00	3983.76
456.30	12557.55	0.00	3616.44
456.40	13295.02	0.00	3234.84
456.50	13956.11	0.00	2840.48
456.60	14535.60	0.00	2434.90
456.70	15028.87	0.00	2019.72
456.80	15431.96	0.00	1596.57
456.90	15741.62	0.00	1167.11
457.00	15955.33	0.00	733.05
457.10	16071.35	0.00	296.09
457.20	16092.45	0.00	-142.03
457.30	16069.18	0.00	-579.59
457.40	16017.44	0.00	-1014.87
457.50	15936.66	0.00	-1446.14
457.60	15826.02	0.00	-1871.70
457.70	15684.41	0.00	-2289.87
457.80	15510.51	0.00	-2699.01
457.90	15302.77	0.00	-3097.50
458.00	15059.49	0.00	-3483.76
458.10	14778.88	0.00	-3856.28
458.20	14459.07	0.00	-4213.57
458.30	14098.18	0.00	-4554.24
458.40	13694.37	0.00	-4876.93
458.50	13245.95	0.00	-5180.37
458.60	12751.34	0.00	-5463.38
458.70	12209.24	0.00	-5724.81
458.80	11618.58	0.00	-5963.66
458.90	10978.67	0.00	-6178.97
459.00	10289.19	0.00	-6369.90
459.10	9550.25	0.00	-6535.68
459.20	8762.43	0.00	-6675.67
459.30	7926.83	0.00	-6789.32
459.40	7045.09	0.00	-6876.17
459.50	6119.40	0.00	-6935.89
459.60	5152.50	0.00	-6968.23
459.70	4147.73	0.00	-6973.07
459.80	3108.98	0.00	-6950.39
459.90	2040.69	0.00	-6900.28
460.00	947.83	0.00	-6822.94
460.10	-164.13	0.00	-6718.68
460.20	-1289.27	0.00	-6587.89
460.30	-2421.24	0.00	-6431.11
460.40	-3553.37	0.00	-6248.95
460.50	-4678.66	0.00	-6042.13
460.60	-5789.92	0.00	-5811.46
460.70	-6879.78	0.00	-5557.85
460.80	-7940.80	0.00	-5282.31
460.90	-8965.54	0.00	-4985.92
461.00	-9946.65	0.00	-4669.86
461.10	-10876.93	0.00	-4335.37
461.20	-11749.44	0.00	-3983.76
461.30	-12557.55	0.00	-3616.44
461.40	-13295.02	0.00	-3234.84
461.50	-13956.11	0.00	-2840.48
461.60	-14535.60	0.00	-2434.90
461.70	-15028.87	0.00	-2019.72
461.80	-15431.96	0.00	-1596.57
461.90	-15741.62	0.00	-1167.11
462.00	-15955.33	0.00	-733.05
462.10	-16071.35	0.00	-296.09
462.20	-16092.45	0.00	142.03
462.30	-16069.18	0.00	579.59
462.40	-16017.44	0.00	1014.87
462.50	-15936.66	0.00	1446.14
462.60	-15826.02	0.00	1871.70
462.70	-15684.41	0.00	2289.87
462.80	-15510.51	0.00	2699.01
462.90	-15302.77	0.00	3097.50
463.00	-15059.49	0.00	3483.76
463.10	-14778.88	0.00	3856.28
463.20	-14459.07	0.00	4213.57
463.30	-14098.18	0.00	4554.24
463.40	-13694.37	0.00	4876.93
463.50	-13245.95	0.00	5180.37
463.60	-12751.34	0.00	5463.38
463.70	-12209.24	0.00	5724.81
463.80	-11618.58	0.00	5963.66
463.90	-10978.67	0.00	6178.97
464.00	-10289.19	0.00	6369.90
464.10	-9550.25	0.00	6535.68
464.20	-8762.43	0.00	6675.67
464.30	-7926.83	0.00	6789.32
464.40	-7045.09	0.00	6876.17
464.50	-6119.40	0.00	6935.89
464.60	-5152.50	0.00	6968.23
464.70	-4147.73	0.00	6973.07
464.80	-3108.98	0.00	6950.39
464.90	-2040.69	0.00	6900.28
465.00	-947.83	0.00	6822.94
465.10	164.13	0.00	6718.68
465.20	1289.27	0.00	6587.89
465.30	2421.24	0.00	6431.11
465.40	3553.37	0.00	6248.95
465.50	4678.66	0.00	6042.13
465.60	5789.92	0.00	5811.46
465.70	6879.78	0.00	5557.85
465.80	7940.80	0.00	5282.31
465.90	8965.54	0.00	4985.92
466.00	9946.65	0.00	4669.86
466.10	10876.93	0.00	4335.37
466.20	11749.44	0.00	3983.76
466.30	12557.55	0.00	3616.44
466.40	13295.02	0.00	3234.84
466.50	13956.11	0.00	2840.48
466.60	14535.60	0.00	2434.90
466.70	15028.87	0.00	2019.72
466.80	15431.96	0.00	1596.57
466.90	15741.62	0.00	1167.11
467.00	15955.33	0.00	733.05
467.10	16071.35	0.00	296.09
467.20	16092.45	0.00	-142.03
467.30	16069.18	0.00	-579.59
467.40	16017.44	0.00	-1014.87
467.50	15936.66	0.00	-1446.14
467.60	15826.02	0.00	-1871.70
467.70	15684.41	0.00	-2289.87
467.80	15510.51	0.00	-2699.01
467.90	15302.77	0.00	-3097.50
468.00	15059.49	0.00	-3483.76
468.10	14778.88	0.00	-3856.28
468.20	14459.07	0.00	-4213.57
468.30	14098.18	0.00	-4554.24
468.40	13694.37	0.00	-4876.93
468.50	13245.95	0.00	-5180.37
468.60	12751.34	0.00	-5463.38
468.70	12209.24	0.00	-5724.81
468.80	11618.58	0.00	-5963.66
468.90	10978.67	0.00	-6178.97
469.00	10289.19	0.00	-6369.90
469.10	9550.25	0.00	-6535.68
469.20	8762.43	0.00	-6675.67
469.30	7926.83	0.00	-6789.32
469.40	7045.09	0.00	-6876.17
469.50	6119.40	0.00	-6935.89
469.60	5152.50	0.00	-6968.23
469.70	4147.73	0.00	-6973.07
469.80	3108.98	0.00	-6950.39
469.90	2040.69	0.00	-6900.28
470.00	947.83	0.00	-6822.94
470.10	-164.13	0.00	-6718.68
470.20	-1289.27	0.00	-6587.89
470.30	-2421.24	0.00	-6431.11
470.40	-3553.37	0.00	-6248.95
470.50	-4678.66	0.00	-6042.13
470.60	-5789.92	0.00	-5811.46
470.70	-6879.78	0.00	-5557.85
470.80	-7940.80	0.00	-5282.31
470.90	-8965.54	0.00	-4985.92
471.00	-9946.65	0.00	-4669.86
471.10	-10876.93	0.00	-4335.37
471.20	-11749.44	0.00	-3983.76
471.30	-12557.55	0.00	-3616.44
471.40	-13295.02	0.00	-3234.84
471.50	-13956.11	0.00	-2840.48
471.60	-14535.60	0.00	-2434.90
471.70	-15028.87	0.00	-2019.72
471.80	-15431.96	0.00	-1596.57
471.90	-15741.62	0.00	-1167.11
472.00	-15955.33	0.00	-733.05
472.10	-16071.35	0.00	-296.09
472.20	-16092.45	0.00	142.03
472.30	-16069.18	0.00	579.59
472.40	-16017.44	0.00	1014.87
472.50	-15936.66	0.00	1446.14
472.60	-15826.02	0.00	1871.70
472.70	-15684.41	0.00	2289.87
472.80	-15510.51	0.00	2699.01
472.90	-15302.77	0.00	3097.50
473.00	-15059.49	0.00	3483.76
473.10	-14778.88	0.00	3856.28
473.20	-14459.07	0.00	4213.57
473.30	-14098.18	0.00	4554.24
473.40	-13694.37	0.00	4876.93
473.50	-13245.95	0.00	5180.37
473.60	-12751.34	0.00	5463.38
473.70	-12209.24	0.00	5724.81
473.80	-11618.58	0.00	5963.66
473.90	-10978.67	0.00	6178.97
474.00	-10289.19	0.00	6369.90
474.10	-9550.25	0.00	6535.68
474.20	-8762.43	0.00	6675.67
474.30	-7926.83	0.00	6789.32
474.40	-7045.09	0.00	6876.17
474.50	-6119.40	0.00	6935.89
474.60	-5152.50	0.00	6968.23
474.70	-4147.73	0.00	6973.07
474.80	-3108.98	0.00	6950.39
474.90	-2040.69	0.00	6900.28
475.00	-947.83	0.00	6822.94
475.10	164.13	0.00	6718.68
475.20	1289.27	0.00	6587.89
475.30	2421.24	0.00	6431.11
475.40	3553.37	0.00	6248.95
475.50	4678.66	0.00	6042.13
475.60	5789.92	0.00	5811.46
475.70	6879.78	0.00	5557.85
475.80	7940.80	0.00	5282.31
475.90	8965.54	0.00	4985.92
476.00	9946.65	0.00	4669.86
476.10	10876.93	0.00	4335.37
476.20	11749.44	0.00	3983.76
476.30	12557.55	0.00	3616.44
476.40	13295.02	0.00	3234.84
476.50	13956.11	0.00	2840.48
476.60	14535.60	0.00	2434.90
476.70	15028.87	0.00	2019.72
476.80	15431.96	0.00	1596.57
476.90	15741.62	0.00	1167.11
477.00	15955.33	0.00	733.05
477.10	16071.35	0.00	296.09
477.20	16092.45	0.00	-142.03
477.30	16069.18	0.00	-579.59
477.40	16017.44	0.00	-1014.87
477.50	15936.66	0.00	-1446.14
477.60	15826.02	0.00	-1871.70
477.70	15684.41	0.00	-2289.87
477.80	15510.51	0.00	-2699.01
477.90	15302.77	0.00	-3097.50
478.00	15059.49	0.00	-3483.76
478.10	14778.88	0.00	-3856.28
478.20	14459.07	0.00	-4213.57
478.30	14098.18	0.00	-4554.24
478.40	13694.37	0.00	-4876.93
478.50	13245.95	0.00	-5180.37
478.60	12751.34	0.00	-5463.38
478.70	12209.24	0.00	-5724.81
478.80	11618.58	0.00	-5963.66
478.90	10978.67	0.00	-6178.97
479.00	10289.19	0.00	-6369.90
479.10	9550.25	0.00	-6535.68
479.20	8762.43	0.00	-6675.67
479.30	7926.83	0.00	-6789.32
479.40	7045.09	0.00	-6876.17
479.50	6119.40	0.00	-6935.89
479.60	5152.50	0.00	-6968.23
479.70	4147.73	0.00	-6973.07
479.80	3108.98	0.00	-6950.39
479.90	2040.69	0.00	-6900.28
480.00	947.83	0.00	-6822.94
480.10	-164.13	0.00	-6718.68
480.20	-1289.27	0.00	-6587.89
480.30	-2421.24	0.00	-6431.11
480.40	-3553.37	0.00	-6248.95
480.50	-4678.66	0.00	-6042.13
480.60	-5789.92	0.00	-5811.46
480.70	-6879.78	0.00	-5557.85
480.80	-7940.80	0.00	-5282.31
480.90	-8965.54	0.00	-4985.92
481.00	-9946.65	0.00	-4669.86
481.10	-10876.93	0.00	-4335.37
481.20	-11749.44	0.00	-3983.76
481.30	-12557.55	0.00	-3616.44
481.40	-13295.02	0.00	-3234.84
481.50	-13956.11	0.00	-2840.48
481.60	-14535.60	0.00	-2434.90
481.70	-15028.87	0.00	-2019.72
481.80	-15431.96	0.00	-1596.57
481.90	-15741.62	0.00	-1167.11
482.00	-15955.33	0.00	-733.05
482.10	-16071.35	0.00	-296.09
482.20	-16092.45	0.00	142.03
482.30	-16069.18	0.00	579.59
482.40	-16017.44	0.00	1014.87
482.50	-15936.66	0.00	1446.14
482.60	-15826.02	0.00	1871.70
482.70	-15684.41	0.00	2289.87
482.80	-15510.51	0.00	2699.01
482.90	-15302.77	0.00	3097.50
483.00	-15059.49	0.00	3483.76
483.10	-14778.88	0.00	3856.28
483.20	-14459.07	0.00	4213.57
483.30	-14098.18	0.00	4554.24
483.40	-13694.37	0.00	4876.93
483.50	-13245.95	0.00	5180.37
483.60	-12751.34	0.00	5463.38
483.70	-12209.24	0.00	5724.81
483.80	-11618.58	0.00	5963.66
483.90	-10978.67	0.00	6178.97
484.00	-10289.19	0.00	6369.90
484.10	-9550.25	0.00	6535.68
484.20	-8762.43	0.00	6675.67
484.30	-7926.83	0.00	6789.32
484.40	-7045.09	0.00	6876.17
484.50	-6119.40	0.00	6935.89
484.60	-5152.50	0.00	6968.23
484.70	-4147.73	0.00	6973.07
484.80	-3108.98	0.00	6950.39
484.90	-2040.69	0.00	6900.28
485.00	-947.83	0.00	6822.94
485.10	164.13	0.00	6718.68
485.20	1289.27	0.00	6587.89
485.30	2421.24	0.00	6431.11
485.40	3553.37	0.00	6248.95
485.50	4678.66	0.00	6042.13
485.60	5789.92	0.00	5811.46
485.70	6879.78	0.00	5557.85
485.80	7940.80	0.00	5282.31
485.90	8965.54	0.00	4985.92
486.00	9946.65	0.00	4669.86
486.10	10876.93	0.00	4335.37
486.20	11749.44	0.00	3983.76
486.30	12557.55	0.00	3616.44
486.40	13295.02	0.00	3234.84
486.50	13956.11	0.00	2840.48
486.60	14535.60	0.00	2434.90
486.70	15028.87	0.00	2019.72
486.80	15431.96	0.00	1596.57
486.90	15741.62	0.00	1167.11
487.00	15955.33	0.00	733.05
487.10	16071.35	0.00	296.09
487.20	16092.45	0.00	-142.03
487.30	16069.18	0.00	-579.59
487.40	16017.44	0.00	-1014.87
487.50	15936.66	0.00	-1446.14
487.60	15826.02	0.00	-1871.70
487.70	15684.41	0.00	-2289.87
487.80	15510.51	0.00	-2699.01
487.90	15302.77	0.00	-3097.50
488.00	15059.49	0.00	-3483.76
488.10	14778.88	0.00	-3856.28
488.20	14459.07	0.00	-4213.57
488.30	14098.18	0.00	-4554.24
488.40	13694.37	0.00	-4876.93
488.50	13245.95	0.00	-5180.37
488.60	12751.34	0.00	-5463.38
488.70	12209.24	0.00	-5724.81
488.80	11618.58	0.00	-5963.66
488.90	10978.67	0.00	-6178.97
489.00	10289.19	0.00	-6369.90
489.10	9550.25	0.00	-6535.68
489.20	8762.43	0.00	-6675.67
489.30	7926.83	0.00	-6789.32
489.40	7045.09	0.00	-6876.17
489.50	6119.40	0.00	-6935.89
489.60	5152.50	0.00	-6968.23
489.70	4147.73	0.00	-6973.07
489.80	3108.98	0.00	-6950.39
489.90	2040.69	0.00	-6900.28
490.00	947.83	0.00	-6822.94
490.10	-164.13	0.00	-6718.68
490.20	-1289.27	0.00	-6587.89
490.30	-2421.24	0.00	-6431.11
490.40	-3553.37	0.00	-6248.95
490.50	-4678.66	0.00	-6042.13
490.60	-5789.92	0.00	-5811.46
490.70	-6879.78	0.00	-5557.85
490.80	-7940.80	0.00	-5282.31
490.90	-8965.54	0.00	-4985.92
491.00	-9946.65	0.00	-4669.86
491.10	-10876.93	0.00	-4335.37
491.20	-11749.44	0.00	-3983.76
491.30	-12557.55	0.00	-3616.44
491.40	-13295.02	0.00	-3234.84
491.50	-13956.11	0.00	-2840.48
491.60	-14535.60	0.00	-2434.90
491.70	-15028.87	0.00	-2019.72
491.80	-15431.96	0.00	-1596.57
491.90	-15741.62	0.00	-1167.11
492.00	-15955.33	0.00	-733.05
492.10	-16071.35	0.00	-296.09
492.20	-16092.45	0.00	142.03
492.30	-16069.18	0.00	579.59
492.40	-16017.44	0.00	1014.87
492.50	-15936.66	0.00	1446.14
492.60	-15826.02	0.00	1871.70
492.70	-15684.41	0.00	2289.87
492.80	-15510.51	0.00	2699.01
492.90	-15302.77	0.00	3097.50
493.00	-15059.49	0.00	3483.76
493.10	-14778.88	0.00	3856.28
493.20	-14459.07	0.00	4213.57
493.30	-14098.18	0.00	4554.24
493.40	-13694.37	0.00	4876.93
493.50	-13245.95	0.00	5180.37
493.60	-12751.34	0.00	5463.38
493.70	-12209.24	0.00	5724.81
493.80	-11618.58	0.00	5963.66
493.90	-10978.67	0.00	6178.97
494.00	-10289.19	0.00	6369.90
494.10	-9550.25	0.00	6535.68
494.20	-8762.43	0.00	6675.67
494.30	-7926.83	0.00	6789.32
494.40	-7045.09	0.00	6876.17
494.50	-6119.40	0.00	6935.89
494.60	-5152.50	0.00	6968.23
494.70	-4147.73	0.00	6973.07
494.80	-3108.98	0.00	6950.39
494.90	-2040.69	0.00	6900.28
495.00	-947.83	0.00	6822.94
495.10	164.13	0.00	6718.68
495.20	1289.27	0.00	6587.89
495.30	2421.24	0.00	6431.11
495.40	3553.37	0.00	6248.95
495.50	4678.66	0.00	6042.13
495.60	5789.92	0.00	5811.46
495.70	6879.78	0.00	5557.85
495.80	7940.80	0.00	5282.31
495.90	8965.54	0.00	4985.92
496.00	9946.65	0.00	4669.86
496.10	10876.93	0.00	4335.37
496.20	11749.44	0.00	3983.76
496.30	12557.55	0.00	3616.44
496.40	13295.02	0.00	3234.84
496.50	13956.11	0.00	2840.48
496.60	14535.60	0.00	2434.90
496.70	15028.87	0.00	2019.72
496.80	15431.96	0.00	1596.57
496.90	15741.62	0.00	1167.11
497.00	15955.33	0.00	733.05
497.10	16071.35	0.00	296.09
497.20	16092.45	0.00	-142.03
497.30	16069.18	0.00	-579.59
497.40	16017.44	0.00	-1014.87
497.50	15936.66	0.00	-1446.14
497.60	15826.02	0.00	-1871.70
497.70	15684.41	0.00	-2289.87
497.80	15510.51	0.00	-2699.01
497.90	15302.77	0.00	-3097.50
498.00	15059.49	0.00	-3483.76
498.10	14778.88	0.00	-3856.28
498.20	14459.07	0.00	-4213.57
498.30	14098.18	0.00	-4554.24
498.40	13694.37	0.00	-4876.93
498.50	13245.95	0.00	-5180.37
498.60	12751.34	0.00	-5463.38
498.70	12209.24	0.00	-5724.81
498.80	11618.58	0.00	-5963.66
498.90	10978.67	0.00	-6178.97
499.00	10289.19	0.00	-6369.90
499.10	9550.25	0.00	-6535.68
499.20	8762.43	0.00	-6675.67
499.30	7926.83	0.00	-6789.32
499.40	7045.09	0.00	-6876.17
499.50	6119.40	0.00	-6935.89
499.60	5152.50	0.00	-6968.23
499.70	4147.73	0.00	-6973.07
499.80	3108.98	0.00	-6950.39
499.90	2040.69	0.00	-6900.28
500.00	947.83	0.00	-6822.94
500.10	-164.13	0.00	-6718.68
500.20	-1289.27	0.00	-6587.89
500.30	-2421.24	0.00	-6431.11
500.40	-3553.37	0.00	-6248.95
500.50	-4678.66	0.00	-6042.13
500.60	-5789.92	0.00	-5811.46
500.70	-6879.78	0.00	-5557.85
500.80	-7940.80	0.00	-5282.31
500.90	-8965.54	0.00	-4985.92
501.00	-9946.65	0.00	-4669.86
501.10	-10876.93	0.00	-4335.37
501.20	-11749.44	0.00	-3983.76
501.30	-12557.55	0.00	-3616.44
501.40	-13295.02	0.00	-3234.84
501.50	-13956.11	0.00	-2840.48
501.60	-14535.60	0.00	-2434.90
501.70	-15028.87	0.00	-2019.72
501.80	-15431.96	0.00	-1596.57
501.90	-15741.62	0.00	-1167.11
502.00	-15955.33	0.00	-733.05
502.10	-16071.35	0.00	-296.09
502.20	-16092.45	0.00	142.03
502.30	-16069.18	0.00	579.59
502.40	-16017.44	0.00	1014.87
502.50	-15936.66	0.00	1446.14
502.60	-15826.02	0.00	1871.70
502.70	-15684.41	0.00	2289.87
502.80	-15510.51	0.00	2699.01
502.90	-15302.77	0.00	3097.50
503.00	-15059.49	0.00	3483.76
503.10	-14778.88	0.00	3856.28
503.20	-14459.07	0.00	4213.57
503.30	-14098.18	0.00	4554.24
503.40	-13694.37	0.00	4876.93
503.50	-13245.95	0.00	5180.37
503.60	-12751.34	0.00	5463.38
503.70	-12209.24	0.00	5724.81
503.80	-11618.58	0.00	5963.66
503.90	-10978.67	0.00	6178.97
504.00	-10289.19	0.00	6369.90
504.10	-9550.25	0.00	6535.68
504.20	-8762.43	0.00	6675.67
504.30	-7926.83	0.00	6789.32
504.40	-7045.09	0.00	6876.17
504.50	-6119.40	0.00	6935.89
504.60	-5152.50	0.00	6968.23
504.70	-4147.73	0.00	6973.07
504.80	-3108.98	0.00	6950.39
504.90	-2040.69	0.00	6900.28
505.00	-947.83	0.00	6822.94
505.10	164.13	0.00	6718.68
505.20	1289.27	0.00	6587.89
505.30	2421.24	0.00	6431.11
505.40	3553.37	0.00	6248.95
505.50	4678.66	0.00	6042.13
505.60	5789.92	0.00	5811.46
505.70	6879.78	0.00	5557.85
505.80	7940.80	0.00	5282.31
505.90	8965.54	0.00	4985.92
506.00	9946.65	0.00	4669.86
506.10	10876.93	0.00	4335.37
506.20	11749.44	0.00	3983.76
506.30	12557.55	0.00	3616.44
506.40	13295.02	0.00	3234.84
506.50	13956.11	0.00	2840.48
506.60	14535.60	0.00	2434.90
506.70	15028.87	0.00	2019.72
506.80	15431.96	0.00	1596.57
506.90	15741.62	0.00	1167.11
507.00	15955.33	0.00	733.05
507.10	16071.35	0.00	296.09
507.20	16092.45	0.00	-142.03
507.30	16069.18	0.00	-579.59
507.40	16017.44	0.00	-1014.87
507.50	15936.66	0.00	-1446.14
507.60	15826.02	0.00	-1871.70
507.70	15684.41	0.00	-2289.87
507.80	15510.51	0.00	-2699.01
507.90	15302.77	0.00	-3097.50
508.00	15059.49	0.00	-3483.76
508.10	14778.88	0.00	-3856.28
508.20	14459.07	0.00	-4213.57
508.30	14098.18	0.00	-4554.24
508.40	13694.37	0.00	-4876.93
508.50	13245.95	0.00	-5180.37
508.60	12751.34	0.00	-5463.38
508.70	12209.24	0.00	-5724.81
508.80	11618.58	0.00	-5963.66
508.90	10978.67	0.00	-6178.97
509.00	10289.19	0.00	-6369.90
509.10	9550.25	0.00	-6535.68
509.20	8762.43	0.00	-6675.67
509.30	7926.83	0.00	-6789.32
509.40	7045.09	0.00	-6876.17
509.50	6119.40	0.00	-6935.89
509.60	5152.50	0.00	-6968.23
509.70	4147.73	0.00	-6973.07
509.80	3108.98	0.00	-6950.39
509.90	2040.69	0.00	-6900.28
510.00	947.83	0.00	-6822.94
510.10	-164.13	0.00	-6718.68
510.20	-1289.27	0.00	-6587.89
510.30	-2421.24	0.00	-6431.11
510.40	-3553.37	0.00	-6248.95
510.50	-4678.66	0.00	-6042.13
510.60	-5789.92	0.00	-5811.46
510.70	-6879.78	0.00	-5557.85
510.80	-7940.80	0.00	-5282.31
510.90	-8965.54	0.00	-4985.92
511.00	-9946.65	0.00	-4669.86
511.10	-10876.93	0.00	-4335.37
511.20	-11749.44	0.00	-3983.76
511.30	-12557.55	0.00	-3616.44
511.40	-13295.02	0.00	-3234.84
511.50	-13956.11	0.00	-2840.48
511.60	-14535.60	0.00	-2434.90
511.70	-15028.87	0.00	-2019.72
511.80	-15431.96	0.00	-1596.57
511.90	-15741.62	0.00	-1167.11
512.00	-15955.33	0.00	-733.05
512.10	-16071.35	0.00	-296.09
512.20	-16092.45	0.00	142.03
512.30	-16069.18	0.00	579.59
512.40	-16017.44	0.00	1014.87
512.50	-15936.66	0.00	1446.14
512.60	-15826.02	0.00	1871.70
512.70	-15684.41	0.00	2289.87
512.80	-15510.51	0.00	2699.01
512.90	-15302.77	0.00	3097.50
513.00	-15059.49	0.00	3483.76
513.10	-14778.88	0.00	3856.28
513.20	-14459.07	0.00	4213.57
513.30	-14098.18	0.00	4554.24
513.40	-13694.37	0.00	4876.93
513.50	-13245.95	0.00	5180.37
513.60	-12751.34	0.00	5463.38
513.70	-12209.24	0.00	5724.81
513.80	-11618.58	0.00	5963.66
513.90	-10978.67	0.00	6178.97
514.00	-10289.19	0.00	6369.90
514.10	-9550.25	0.00	6535.68
514.20	-8762.43	0.00	6675.67
514.30	-7926.83	0.00	6789.32
514.40	-7045.09	0.00	6876.17
514.50	-6119.40	0.00	6935.89
514.60	-5152.50	0.00	6968.23
514.70	-4147.73	0.00	6973.07
514.80	-3108.98	0.00	6950.39
514.90	-2040.69	0.00	6900.28
515.00	-947.83	0.00	6822.94
515.10	164.13	0.00	6718.68
515.20	1289.27	0.00	6587.89
515.30	2421.24	0.00	6431.11
515.40	3553.37	0.00	6248.95
515.50	4678.66	0.00	6042.13
515.60	5789.92	0.00	5811.46
515.70	6879.78	0.00	5557.85
515.80	7940.80	0.00	5282.31
515.90	8965.54	0.00	4985.92
516.00	9946.65	0.00	4669.86
516.10	10876.93	0.00	4335.37
516.20	11749.44	0.00	3983.76
516.30	12557.55	0.00	3616.44
516.40	13295.02	0.00	3234.84
516.50	13956.11	0.00	2840.48
516.60	14535.60	0.00	2434.90
516.70	15028.87	0.00	2019.72
516.80	15431.96	0.00	1596.57
516.90	15741.62	0.00	1167.11
517.00	15955.33	0.00	733.05
517.10	16071.35	0.00	296.09
517.20	16092.45	0.00	-142.03
517.30	16069.18	0.00	-579.59
517.40	16017.44	0.00	-1014.87
517.50	15936.66	0.00	-1446.14
517.60	15826.02	0.00	-1871.70
517.70	15684.41	0.00	-2289.87
517.80	15510.51	0.00	-2699.01
517.90	15302.77	0.00	-3097.50
518.00	15059.49	0.00	-3483.76
518.10	14778.88	0.00	-3856.28
518.20	14459.07	0.00	-4213.57
518.30	14098.18	0.00	-4554.24
518.40	13694.37	0.00	-4876.93
518.50	13245.95	0.00	-5180.37
518.60	12751.34	0.00	-5463.38
518.70	12209.24	0.00	-5724.81
518.80	11618.58	0.00	-5963.66
518.90	10978.67	0.00	-6178.97
519.00	10289.19	0.00	-6369.90
519.10	9550.25	0.00	-6535.68
519.20	8762.43	0.00	-6675.67
519.30	7926.83	0.00	-6789.32
519.40	7045.09	0.00	-6876.17
519.50	6119.40	0.00	-6935.89
519.60	5152.50	0.00	-6968.23
519.70	4147.73	0.00	-6973.07
519.80	3108.98	0.00	-6950.39
519.90	2040.69	0.00	-6900.28
520.00	947.83	0.00	-6822.94
520.10	-164.13	0.00	-6718.68
520.20	-1289.27	0.00	-6587.89
520.30	-2421.24	0.00	-6431.11
520.40	-3553.37	0.00	-6248.95
520.50	-4678.66	0.00	-6042.13
520.60	-5789.92	0.00	-5811.46
520.70	-6879.78	0.00	-5557.85
520.80	-7940.80	0.00	-5282.31
520.90	-8965.54	0.00	-4985.92
521.00	-9946.65	0.00	-4669.86
521.10	-10876.93	0.00	-4335.37
521.20	-11749.44	0.00	-3983.76
521.30	-12557.55	0.00	-3616.44
521.40	-13295.02	0.00	-3234.84
521.50	-13956.11	0.00	-2840.48
521.60	-14535.60	0.00	-2434.90
521.70	-15028.87	0.00	-2019.72
521.80	-15431.96	0.00	-1596.57
521.90	-15741.62	0.00	-1167.11
522.00	-15955.33	0.00	-733.05
522.10	-16071.35	0.00	-296.09
522.20	-16092.45	0.00	142.03
522.30	-16069.18	0.00	579.59
522.40	-16017.44	0.00	1014.87
522.50	-15936.66	0.00	1446.14
522.60	-15826.02	0.00	1871.70
522.70	-15684.41	0.00	2289.87
522.80	-15510.51	0.00	2699.01
522.90	-15302.77	0.00	3097.50
523.00	-15059.49	0.00	3483.76
523.10	-14778.88	0.00	3856.28
523.20	-14459.07	0.00	4213.57
523.30	-14098.18	0.00	4554.24
523.40	-13694.37	0.00	4876.93
523.50	-13245.95	0.00	5180.37
523.60	-12751.34	0.00	5463.38
523.70	-12209.24	0.00	5724.81
523.80	-11618.58	0.00	5963.66
523.90	-10978.67	0.00	6178.97
524.00	-10289.19	0.00	6369.90
524.10	-9550.25	0.00	6535.68
524.20	-8762.43	0.00	6675.67
524.30	-7926.83	0.00	6789.32
524.40	-7045.09	0.00	6876.17
524.50	-6119.40	0.00	6935.89
524.60	-5152.50	0.00	6968.23
524.70	-4147.73	0.00	6973.07
524.80	-3108.98	0.00	6950.39
524.90	-2040.69	0.00	6900.28
525.00	-947.83	0.00	6822.94
525.10	164.13	0.00	6718.68
525.20	1289.27	0.00	6587.89
525.30	2421.24	0.00	6431.11
525.40	3553.37	0.00	6248.95
525.50	4678.66	0.00	6042.13
525.60	5789.92	0.00	5811.46
525.70	6879.78	0.00	5557.85
525.80	7940.80	0.00	5282.31
525.90	8965.54	0.00	4985.92
526.00	9946.65	0.00	4669.86
526.10	10876.93	0.00	4335.37
526.20	11749.44	0.00	3983.76
526.30	12557.55	0.00	3616.44
526.40	13295.02	0.00	3234.84
526.50	13956.11	0.00	2840.48
526.60	14535.60	0.00	2434.90
526.70	15028.87	0.00	2019.72
526.80	15431.96	0.00	1596.57
526.90	15741.62	0.00	1167.11
527.00	15955.33	0.00	733.05
527.10	16071.35	0.00	296.09
527.20	16092.45	0.00	-142.03
527.30	16069.18	0.00	-579.59
527.40	16017.44	0.00	-1014.87
527.50	15936.66	0.00	-1446.14
527.60	15826.02	0.00	-1871.70
527.70	15684.41	0.00	-2289.87
527.80	15510.51	0.00	-2699.01
527.90	15302.77	0.00	-3097.50
528.00	15059.49	0.00	-3483.76
528.10	14778.88	0.00	-3856.28
528.20	14459.07	0.00	-4213.57
528.30	14098.18	0.00	-4554.24
528.40	13694.37	0.00	-4876.93
528.50	13245.95	0.00	-5180.37
528.60	12751.34	0.00	-5463.38
528.70	12209.24	0.00	-5724.81
528.80	11618.58	0.00	-5963.66
528.90	10978.67	0.00	-6178.97
529.00	10289.19	0.00	-6369.90
529.10	9550.25	0.00	-6535.68
529.20	8762.43	0.00	-6675.67
529.30	7926.83	0.00	-6789.32
529.40	7045.09	0.00	-6876.17
529.50	6119.40	0.00	-6935.89
529.60	5152.50	0.00	-6968.23
529.70	4147.73	0.00	-6973.07
529.80	3108.98	0.00	-6950.39
529.90	2040.69	0.00	-6900.28
530.00	947.83	0.00	-6822.94
530.10	-164.13	0.00	-6718.68
530.20	-1289.27	0.00	-6587.89
530.30	-2421.24	0.00	-6431.11
530.40	-3553.37	0.00	-6248.95
530.50	-4678.66	0.00	-6042.13
530.60	-5789.92	0.00	-5811.46
530.70	-6879.78	0.00	-5557.85
530.80	-7940.80	0.00	-5282.31
530.90	-8965.54	0.00	-4985.92
531.00	-9946.65	0.00	-4669.86
531.10	-10876.93	0.00	-4335.37
531.20	-11749.44	0.00	-3983.76
531.30	-12557.55	0.00	-3616.44
531.40	-13295.02	0.00	-3234.84
531.50	-13956.11	0.00	-2840.48
531.60	-14535.60	0.00	-2434.90
531.70	-15028.87	0.00	-2019.72
531.80	-15431.96	0.00	-1596.57
531.90	-15741.62	0.00	-1167.11
532.00	-15955.33	0.00	-733.05
532.10	-16071.35	0.00	-296.09
532.20	-16092.45	0.00	142.03
532.30	-16069.18	0.00	579.59
532.40	-16017.44	0.00	1014.87
532.50	-15936.66	0.00	1446.14
532.60	-15826.02	0.00	1871.70
532.70	-15684.41	0.00	2289.87
532.80	-15510.51	0.00	2699.01
532.90	-15302.77	0.00	3097.50
533.00	-15059.49	0.00	3483.76
533.10	-14778.88	0.00	3856.28
533.20	-14459.07	0.00	4213.57
533.30	-14098.18	0.00	4554.24
533.40	-13694.37	0.00	4876.93
533.50	-13245.95	0.00	5180.37
533.60	-12751.34	0.00	5463.38
533.70	-12209.24	0.00	5724.81
533.80	-11618.58	0.00	5963.66
533.90	-10978.67	0.00	6178.97
534.00	-10289.19	0.00	6369.90
534.10	-9550.25	0.00	6535.68
534.20	-8762.43	0.00	6675.67
534.30	-7926.83	0.00	6789.32
534.40	-7045.09	0.00	6876.17
534.50	-6119.40	0.00	6935.89
534.60	-5152.50	0.00	6968.23
534.70	-4147.73	0.00	6973.07
534.80	-3108.98	0.00	6950.39
534.90	-2040.69	0.00	6900.28
535.00	-947.83	0.00	6822.94
535.10	164.13	0.00	6718.68
535.20	1289.27	0.00	6587.89
535.30	2421.24	0.00	6431.11
535.40	3553.37	0.00	6248.95
535.50	4678.66	0.00	6042.13
535.60	5789.92	0.00	5811.46
535.70	6879.78	0.00	5557.85
535.80	7940.80	0.00	5282.31
535.90	8965.54	0.00	4985.92
536.00	9946.65	0.00	4669.86
536.10	10876.93	0.00	4335.37
536.20	11749.44	0.00	3983.76
536.30	12557.55	0.00	3616.44
536.40	13295.02	0.00	3234.84
536.50	13956.11	0.00	2840.48
536.60	14535.60	0.00	2434.90
536.70	15028.87	0.00	2019.72
536.80	15431.96	0.00	1596.57
536.90	15741.62	0.00	1167.11
537.00	15955.33	0.00	733.05
537.10	16071.35	0.00	296.09
537.20	16092.45	0.00	-142.03
537.30	16069.18	0.00	-579.59
537.40	16017.44	0.00	-1014.87
537.50	15936.66	0.00	-1446.14
537.60	15826.02	0.00	-1871.70
537.70	15684.41	0.00	-2289.87
537.80	15510.51	0.00	-2699.01
537.90	15302.77	0.00	-3097.50
538.00	15059.49	0.00	-3483.76
538.10	14778.88	0.00	-3856.28
538.20	14459.07	0.00	-4213.57
538.30	14098.18	0.00	-4554.24
538.40	13694.37	0.00	-4876.93
538.50	13245.95	0.00	-5180.37
538.60	12751.34	0.00	-5463.38
538.70	12209.24	0.00	-5724.81
538.80	11618.58	0.00	-5963.66
538.90	10978.67	0.00	-6178.97
539.00	10289.19	0.00	-6369.90
539.10	9550.25	0.00	-6535.68
539.20	8762.43	0.00	-6675.67
539.30	7926.83	0.00	-6789.32
539.40	7045.09	0.00	-6876.17
539.50	6119.40	0.00	-6935.89
539.60	5152.50	0.00	-6968.23
539.70	4147.73	0.00	-6973.07
539.80	3108.98	0.00	-6950.39
539.90	2040.69	0.00	-6900.28
540.00	947.83	0.00	-6822.94
540.10	-164.13	0.00	-6718.68
540.20	-1289.27	0.00	-6587.89
540.30	-2421.24	0.00	-6431.11
540.40	-3553.37	0.00	-6248.95
540.50	-4678.66	0.00	-6042.13
540.60	-5789.92	0.00	-5811.46
540.70	-6879.78	0.00	-5557.85
540.80	-7940.80	0.00	-5282.31
540.90	-8965.54	0.00	-4985.92
541.00	-9946.65	0.00	-4669.86
541.10	-10876.93	0.00	-4335.37
541.20	-11749.44	0.00	-3983.76
541.30	-12557.55	0.00	-3616.44
541.40	-13295.02	0.00	-3234.84
541.50	-13956.11	0.00	-2840.48
541.60	-14535.60	0.00	-2434.90
541.70	-15028.87	0.00	-2019.72
541.80	-15431.96	0.00	-1596.57
541.90	-15741.62	0.00	-1167.11
542.00	-15955.33	0.00	-733.05
542.10	-16071.35	0.00	-296.09
542.20	-16092.45	0.00	142.03
542.30	-16069.18	0.00	579.59
542.40	-16017.44	0.00	1014.87
542.50	-15936.66	0.00	1446.14
542.60	-15826.02	0.00	1871.70
542.70	-15684.41	0.00	2289.87
542.80	-15510.51	0.00	2699.01
542.90	-15302.77	0.00	3097.50
543.00	-15059.49	0.00	3483.76
543.10	-14778.88	0.00	3856.28
543.20	-14459.07	0.00	4213.57
543.30	-14098.18	0.00	4554.24
543.40	-13694.37	0.00	4876.93
543.50	-13245.95	0.00	5180.37
543.60	-12751.34	0.00	5463.38
543.70	-12209.24	0.00	5724.81
543.80	-11618.58	0.00	5963.66
543.90	-10978.67	0.00	6178.97
544.00	-10289.19	0.00	6369.90
544.10	-9550.25	0.00	6535.68
544.20	-8762.43	0.00	6675.67
544.30	-7926.83	0.00	6789.32
544.40	-7045.09	0.00	6876.17
544.50	-6119.40	0.00	6935.89
544.60	-5152.50	0.00	6968.23
544.70	-4147.73	0.00	6973.07
544.80	-3108.98	0.00	6950.39
544.90	-2040.69	0.00	6900.28
545.00	-947.83	0.00	6822.94
545.10	164.13	0.00	6718.68
545.20	1289.27	0.00	6587.89
545.30	2421.24	0.00	6431.11
545.40	3553.37	0.00	6248.95
545.50	4678.66	0.00	6042.13
545.60	5789.92	0.00	5811.46
545.70	6879.78	0.00	5557.85
545.80	7940.80	0.00	5282.31
545.90	8965.54	0.00	4985.92
546.00	9946.65	0.00	4669.86
546.10	10876.93	0.00	4335.37
546.20	11749.44	0.00	3983.76
546.30	12557.55	0.00	3616.44
546.40	13295.02	0.00	3234.84
546.50	13956.11	0.00	2840.48
546.60	14535.60	0.00	2434.90
546.70	15028.87	0.00	2019.72
546.80	15431.96	0.00	1596.57
546.90	15741.62	0.00	1167.11
547.00	15955.33	0.00	733.05
547.10	16071.35	0.00	296.09
547.20	16092.45	0.00	-142.03
547.30	16069.18	0.00	-579.59
547.40	16017.44	0.00	-1014.87
547.50	15936.66	0.00	-1446.14
547.60	15826.02	0.00	-1871.70
547.70	15684.41	0.00	-2289.87
547.80	15510.51	0.00	-2699.01
547.90	15302.77	0.00	-3097.50
548.00	15059.49	0.00	-3483.76
548.10	14778.88	0.00	-3856.28
548.20	14459.07	0.00	-4213.57
548.30	14098.18	0.00	-4554.24
548.40	13694.37	0.00	-4876.93
548.50	13245.95	0.00	-5180.37
548.60	12751.34	0.00	-5463.38
548.70	12209.24	0.00	-5724.81
548.80	11618.58	0.00	-5963.66
548.90	10978.67	0.00	-6178.97
549.00	10289.19	0.00	-6369.90
549.10	9550.25	0.00	-6535.68
549.20	8762.43	0.00	-6675.67
549.30	7926.83	0.00	-6789.32
549.40	7045.09	0.00	-6876.17
549.50	6119.40	0.00	-6935.89
549.60	5152.50	0.00	-6968.23
549.70	4147.73	0.00	-6973.07
549.80	3108.98	0.00	-6950.39
549.90	2040.69	0.00	-6900.28
550.00	947.83	0.00	-6822.94
550.10	-164.13	0.00	-6718.68
550.20	-1289.27	0.00	-6587.89
550.30	-2421.24	0.00	-6431.11
550.40	-3553.37	0.00	-6248.95
550.50	-4678.66	0.00	-6042.13
550.60	-5789.92	0.00	-5811.46
550.70	-6879.78	0.00	-5557.85
550.80	-7940.80	0.00	-5282.31
550.90	-8965.54	0.00	-4985.92
551.00	-9946.65	0.00	-4669.86
551.10	-10876.93	0.00	-4335.37
551.20	-11749.44	0.00	-3983.76
551.30	-12557.55	0.00	-3616.44
551.40	-13295.02	0.00	-3234.84
551.50	-13956.11	0.00	-2840.48
551.60	-14535.60	0.00	-2434.90
551.70	-15028.87	0.00	-2019.72
551.80	-15431.96	0.00	-1596.57
551.90	-15741.62	0.00	-1167.11
552.00	-15955.33	0.00	-733.05
552.10	-16071.35	0.00	-296.09
552.20	-16092.45	0.00	142.03
552.30	-16069.18	0.00	579.59
552.40	-16017.44	0.00	1014.87
552.50	-15936.66	0.00	1446.14
552.60	-15826.02	0.00	1871.70
552.70	-15684.41	0.00	2289.87
552.80	-15510.51	0.00	2699.01
552.90	-15302.77	0.00	3097.50
553.00	-15059.49	0.00	3483.76
553.10	-14778.88	0.00	3856.28
553.20	-14459.07	0.00	4213.57
553.30	-14098.18	0.00	4554.24
553.40	-13694.37	0.00	4876.93
553.50	-13245.95	0.00	5180.37
553.60	-12751.34	0.00	5463.38
553.70	-12209.24	0.00	5724.81
553.80	-11618.58	0.00	5963.66
553.90	-10978.67	0.00	6178.97
554.00	-10289.19	0.00	6369.90
554.10	-9550.25	0.00	6535.68
554.20	-8762.43	0.00	6675.67
554.30	-7926.83	0.00	6789.32
554.40	-7045.09	0.00	6876.17
554.50	-6119.40	0.00	6935.89
554.60	-5152.50	0.00	6968.23
554.70	-4147.73	0.00	6973.07
554.80	-3108.98	0.00	6950.39
554.90	-2040.69	0.00	6900.28
555.00	-947.83	0.00	6822.94
555.10	164.13	0.00	6718.68
555.20	1289.27	0.00	6587.89
555.30	2421.24	0.00	6431.11
555.40	3553.37	0.00	6248.95
555.50	4678.66	0.00	6042.13
555.60	5789.92	0.00	5811.46
555.70	6879.78	0.00	5557.85
555.80	7940.80	0.00	5282.31
555.90	8965.54	0.00	4985.92
556.00	9946.65	0.00	4669.86
556.10	10876.93	0.00	4335.37
556.20	11749.44	0.00	3983.76
556.30	12557.55	0.00	3616.44
556.40	13295.02	0.00	3234.84
556.50	13956.11	0.00	2840.48
556.60	14535.60	0.00	2434.90
556.70	15028.87	0.00	2019.72
556.80	15431.96	0.00	1596.57
556.90	15741.62	0.00	1167.11
557.00	15955.33	0.00	733.05
557.10	16071.35	0.00	296.09
557.20	16092.45	0.00	-142.03
557.30	16069.18	0.00	-579.59
557.40	16017.44	0.00	-1014.87
557.50	15936.66	0.00	-1446.14
557.60	15826.02	0.00	-1871.70
557.70	15684.41	0.00	-2289.87
557.80	15510.51	0.00	-2699.01
557.90	15302.77	0.00	-3097.50
558.00	15059.49	0.00	-3483.76
558.10	14778.88	0.00	-3856.28
558.20	14459.07	0.00	-4213.57
558.30	14098.18	0.00	-4554.24
558.40	13694.37	0.00	-4876.93
558.50	13245.95	0.00	-5180.37
558.60	12751.34	0.00	-5463.38
558.70	12209.24	0.00	-5724.81
558.80	11618.58	0.00	-5963.66
558.90	10978.67	0.00	-6178.97
559.00	10289.19	0.00	-6369.90
559.10	9550.25	0.00	-6535.68
559.20	8762.43	0.00	-6675.67
559.30	7926.83	0.00	-6789.32
559.40	7045.09	0.00	-6876.17
559.50	6119.40	0.00	-6935.89
559.60	5152.50	0.00	-6968.23
559.70	4147.73	0.00	-6973.07
559.80	3108.98	0.00	-6950.39
559.90	2040.69	0.00	-6900.28
560.00	947.83	0.00	-6822.94
560.10	-164.13	0.00	-6718.68
560.20	-1289.27	0.00	-6587.89
560.30	-2421.24	0.00	-6431.11
560.40	-3553.37	0.00	-6248.95
560.50	-4678.66	0.00	-6042.13
560.60	-5789.92	0.00	-5811.46
560.70	-6879.78	0.00	-5557.85
560.80	-7940.80	0.00	-5282.31
560.90	-8965.54	0.00	-4985.92
561.00	-9946.65	0.00	-4669.86
561.10	-10876.93	0.00	-4335.37
561.20	-11749.44	0.00	-3983.76
561.30	-12557.55	0.00	-3616.44
561.40	-13295.02	0.00	-3234.84
561.50	-13956.11	0.00	-2840.48
561.60	-14535.60	0.00	-2434.90
561.70	-15028.87	0.00	-2019.72
561.80	-15431.96	0.00	-1596.57
561.90	-15741.62	0.00	-1167.11
562.00	-15955.33	0.00	-733.05
562.10	-16071.35	0.00	-296.09
562.20	-16092.45	0.00	142.03
562.30	-16069.18	0.00	579.59
562.40	-16017.44	0.00	1014.87
562.50	-15936.66	0.00	1446.14
562.60	-15826.02	0.00	1871.70
562.70	-15684.41	0.00	2289.87
562.80	-15510.51	0.00	2699.01
562.90	-15302.77	0.00	3097.50
563.00	-15059.49	0.00	3483.76
563.10	-14778.88	0.00	3856.28
563.20	-14459.07	0.00	4213.57
563.30	-14098.18	0.00	4554.24
563.40	-13694.37	0.00	4876.93
563.50	-13245.95	0.00	5180.37
563.60	-12751.34	0.00	5463.38
563.70	-12209.24	0.00	5724.81
563.80	-11618.58	0.00	5963.66
563.90	-10978.67	0.00	6178.97
564.00	-10289.19	0.00	6369.90
564.10	-9550.25	0.00	6535.68
564.20	-8762.43	0.00	6675.67
564.30	-7926.83	0.00	6789.32
564.40	-7045.09	0.00	6876.17
564.50	-6119.40	0.00	6935.89
564.60	-5152.50	0.00	6968.23
564.70	-4147.73	0.00	6973.07
564.80	-3108.98	0.00	6950.39
564.90	-2040.69	0.00	6900.28
565.00	-947.83	0.00	6822.94
565.10	164.13	0.00	6718.68
565.20	1289.27	0.00	6587.89
565.30	2421.24	0.00	6431.11
565.40	3553.37	0.00	6248.95
565.50	4678.66	0.00	6042.13
565.60	5789.92	0.00	5811.46
565.70	6879.78	0.00	5557.85
565.80	7940.80	0.00	5282.31
565.90	8965.54	0.00	4985.92
566.00	9946.65	0.00	4669.86
566.10	10876.93	0.00	4335.37
566.20	11749.44	0.00	3983.76
566.30	12557.55	0.00	3616.44
566.40	13295.02	0.00	3234.84
566.50	13956.11	0.00	2840.48
566.60	14535.60	0.00	2434.90
566.70	15028.87	0.00	2019.72
566.80	15431.96	0.00	1596.57
566.90	15741.62	0.00	1167.11
567.00	15955.33	0.00	733.05
567.10	16071.35	0.00	296.09
567.20	16092.45	0.00	-142.03
567.30	16069.18	0.00	-579.59
567.40	16017.44	0.00	-1014.87
567.50	15936.66	0.00	-1446.14
567.60	15826.02	0.00	-1871.70
567.70	15684.41	0.00	-2289.87
567.80	15510.51	0.00	-2699.01
567.90	15302.77	0.00	-3097.50
568.00	15059.49	0.00	-3483.76
568.10	14778.88	0.00	-3856.28
568.20	14459.07	0.00	-4213.57
568.30	14098.18	0.00	-4554.24
568.40	13694.37	0.00	-4876.93
568.50	13245.95	0.00	-5180.37
568.60	12751.34	0.00	-5463.38
568.70	12209.24	0.00	-5724.81
568.80	11618.58	0.00	-5963.66
568.90	10978.67	0.00	-6178.97
569.00	10289.19	0.00	-6369.90
569.10	9550.25	0.00	-6535.68
569.20	8762.43	0.00	-6675.67
569.30	7926.83	0.00	-6789.32
569.40	7045.09	0.00	-6876.17
569.50	6119.40	0.00	-6935.89
569.60	5152.50	0.00	-6968.23
569.70	4147.73	0.00	-6973.07
569.80	3108.98	0.00	-6950.39
569.90	2040.69	0.00	-6900.28
570.00	947.83	0.00	-6822.94
570.10	-164.13	0.00	-6718.68
570.20	-1289.27	0.00	-6587.89
570.30	-2421.24	0.00	-6431.11
570.40	-3553.37	0.00	-6248.95
570.50	-4678.66	0.00	-6042.13
570.60	-5789.92	0.00	-5811.46
570.70	-6879.78	0.00	-5557.85
570.80	-7940.80	0.00	-5282.31
570.90	-8965.54	0.00	-4985.92
571.00	-9946.65	0.00	-4669.86
571.10	-10876.93	0.00	-4335.37
571.20	-11749.44	0.00	-3983.76
571.30	-12557.55	0.00	-3616.44
571.40	-13295.02	0.00	-3234.84
571.50	-13956.11	0.00	-2840.48
571.60	-14535.60	0.00	-2434.90
571.70	-15028.87	0.00	-2019.72
571.80	-15431.96	0.00	-1596.57
571.90	-15741.62	0.00	-1167.11
572.00	-15955.33	0.00	-733.05
572.10	-16071.35	0.00	-296.09
572.20	-16092.45	0.00	142.03
572.30	-16069.18	0.00	579.59
572.40	-16017.44	0.00	1014.87
572.50	-15936.66	0.00	1446.14
572.60	-15826.02	0.00	1871.70
572.70	-15684.41	0.00	2289.87
572.80	-15510.51	0.00	2699.01
572.90	-15302.77	0.00	3097.50
573.00	-15059.49	0.00	3483.76
573.10	-14778.88	0.00	3856.28
573.20	-14459.07	0.00	4213.57
573.30	-14098.18	0.00	4554.24
573.40	-13694.37	0.00	4876.93
573.50	-13245.95	0.00	5180.37
573.60	-12751.34	0.00	5463.38
573.70	-12209.24	0.00	5724.81
573.80	-11618.58	0.00	5963.66
573.90	-10978.67	0.00	6178.97
574.00	-10289.19	0.00	6369.90
574.10	-9550.25	0.00	6535.68
574.20	-8762.43	0.00	6675.67
574.30	-7926.83	0.00	6789.32
574.40	-7045.09	0.00	6876.17
574.50	-6119.40	0.00	6935.89
574.60	-5152.50	0.00	6968.23
574.70	-4147.73	0.00	6973.07
574.80	-3108.98	0.00	6950.39
574.90	-2040.69	0.00	6900.28
575.00	-947.83	0.00	6822.94
575.10	164.13	0.00	6718.68
575.20	1289.27	0.00	6587.89
575.30	2421.24	0.00	6431.11
575.40	3553.37	0.00	6248.95
575.50	4678.66	0.00	6042.13
575.60	5789.92	0.00	5811.46
575.70	6879.78	0.00	5557.85
575.80	7940.80	0.00	5282.31
575.90	8965.54	0.00	4985.92
576.00	9946.65	0.00	4669.86
576.10	10876.93	0.00	4335.37
576.20	11749.44	0.00	3983.76
576.30	12557.55	0.00	3616.44
576.40	13295.02	0.00	3234.84
576.50	13956.11	0.00	2840.48
576.60	14535.60	0.00	2434.90
576.70	15028.87	0.00	2019.72
576.80	15431.96	0.00	1596.57
576.90	15741.62	0.00	1167.11
577.00	15955.33	0.00	733.05
577.10	16071.35	0.00	296.09
577.20	16092.45	0.00	-142.03
577.30	16069.18	0.00	-579.59
577.40	16017.44	0.00	-1014.87
577.50	15936.66	0.00	-1446.14
577.60	15826.02	0.00	-1871.70
577.70	15684.41	0.00	-2289.87
577.80	15510.51	0.00	-2699.01
577.90	15302.77	0.00	-3097.50
578.00	15059.49	0.00	-3483.76
578.10	14778.88	0.00	-3856.28
578.20	14459.07	0.00	-4213.57
578.30	14098.18	0.00	-4554.24
578.40	13694.37	0.00	-4876.93
578.50	13245.95	0.00	-5180.37
578.60	12751.34	0.00	-5463.38
578.70	12209.24	0.00	-5724.81
578.80	11618.58	0.00	-5963.66
578.90	10978.67	0.00	-6178.97
579.00	10289.19	0.00	-6369.90
579.10	9550.25	0.00	-6535.68
579.20	8762.43	0.00	-6675.67
579.30	7926.83	0.00	-6789.32
579.40	7045.09	0.00	-6876.17
579.50	6119.40	0.00	-6935.89
579.60	5152.50	0.00	-6968.23
579.70	4147.73	0.00	-6973.07
579.80	3108.98	0.00	-6950.39
579.90	2040.69	0.00	-6900.28
580.00	947.83	0.00	-6822.94
580.10	-164.13	0.00	-6718.68
580.20	-1289.27	0.00	-6587.89
580.30	-2421.24	0.00	-6431.11
580.40	-3553.37	0.00	-6248.95
580.50	-4678.66	0.00	-6042.13
580.60	-5789.92	0.00	-5811.46
580.70	-6879.78	0.00	-5557.85
580.80	-7940.80	0.00	-5282.31
580.90	-8965.54	0.00	-4985.92
581.00	-9946.65	0.00	-4669.86
581.10	-10876.93	0.00	-4335.37
581.20	-11749.44	0.00	-3983.76
581.30	-12557.55	0.00	-3616.44
581.40	-13295.02	0.00	-3234.84
581.50	-13956.11	0.00	-2840.48
581.60	-14535.60	0.00	-2434.90
581.70	-15028.87	0.00	-2019.72
581.80	-15431.96	0.00	-1596.57
581.90	-15741.62	0.00	-1167.11
582.00	-15955.33	0.00	-733.05
582.10	-16071.35	0.00	-296.09
582.20	-16092.45	0.00	142.03
582.30	-16069.18	0.00	579.59
582.40	-16017.44	0.00	1014.87
582.50	-15936.66	0.00	1446.14
582.60	-15826.02	0.00	1871.70
582.70	-15684.41	0.00	2289.87
582.80	-15510.51	0.00	2699.01
582.90	-15302.77	0.00	3097.50
583.00	-15059.49	0.00	3483.76
583.10	-14778.88	0.00	3856.28
583.20	-14459.07	0.00	4213.57
583.30	-14098.18	0.00	4554.24
583.40	-13694.37	0.00	4876.93
583.50	-13245.95	0.00	5180.37
583.60	-12751.34	0.00	5463.38
583.70	-12209.24	0.00	5724.81
583.80	-11618.58	0.00	5963.66
583.90	-10978.67	0.00	6178.97
584.00	-10289.19	0.00	6369.90
584.10	-9550.25	0.00	6535.68
584.20	-8762.43	0.00	6675.67
584.30	-7926.83	0.00	6789.32
584.40	-7045.09	0.00	6876.17
584.50	-6119.40	0.00	6935.89
584.60	-5152.50	0.00	6968.23
584.70	-4147.73	0.00	6973.07
584.80	-3108.98	0.00	6950.39
584.90	-2040.69	0.00	6900.28
585.00	-947.83	0.00	6822.94
585.10	164.13	0.00	6718.68
585.20	1289.27	0.00	6587.89
585.30	2421.24	0.00	6431.11
585.40	3553.37	0.00	6248.95
585.50	4678.66	0.00	6042.13
585.60	5789.92	0.00	5811.46
585.70	6879.78	0.00	5557.85
585.80	7940.80	0.00	5282.31
585.90	8965.54	0.00	4985.92
586.00	9946.65	0.00	4669.86
586.10	10876.93	0.00	4335.37
586.20	11749.44	0.00	3983.76
586.30	12557.55	0.00	3616.44
586.40	13295.02	0.00	3234.84
586.50	13956.11	0.00	2840.48
586.60	14535.60	0.00	2434.90
586.70	15028.87	0.00	2019.72
586.80	15431.96	0.00	1596.57
586.90	15741.62	0.00	1167.11
587.00	15955.33	0.00	733.05
587.10	16071.35	0.00	296.09
587.20	16092.45	0.00	-142.03
587.30	16069.18	0.00	-579.59
587.40	16017.44	0.00	-1014.87
587.50	15936.66	0.00	-1446.14
587.60	15826.02	0.00	-1871.70
587.70	15684.41	0.00	-2289.87
587.80	15510.51	0.00	-2699.01
587.90	15302.77	0.00	-3097.50
588.00	15059.49	0.00	-3483.76
588.10	14778.88	0.00	-3856.28
588.20	14459.07	0.00	-4213.57
588.30	14098.18	0.00	-4554.24
588.40	13694.37	0.00	-4876.93
588.50	13245.95	0.00	-5180.37
588.60	12751.34	0.00	-5463.38
588.70	12209.24	0.00	-5724.81
588.80	11618.58	0.00	-5963.66
588.90	10978.67	0.00	-6178.97
589.00	10289.19	0.00	-6369.90
589.10	9550.25	0.00	-6535.68
589.20	8762.43	0.00	-6675.67
589.30	7926.83	0.00	-6789.32
589.40	7045.09	0.00	-6876.17
589.50	6119.40	0.00	-6935.89
589.60	5152.50	0.00	-6968.23
589.70	4147.73	0.00	-6973.07
589.80	3108.98	0.00	-6950.39
589.90	2040.69	0.00	-6900.28
590.00	947.83	0.00	-6822.94
590.10	-164.13	0.00	-6718.68
590.20	-1289.27	0.00	-6587.89
590.30	-2421.24	0.00	-6431.11
590.40	-3553.37	0.00	-6248.95
590.50	-4678.66	0.00	-6042.13
590.60	-5789.92	0.00	-5811.46
590.70	-6879.78	0.00	-5557.85
590.80	-7940.80	0.00	-5282.31
590.90	-8965.54	0.00	-4985.92
591.00	-9946.65	0.00	-4669.86
591.10	-10876.93	0.00	-4335.37
591.20	-11749.44	0.00	-3983.76
591.30	-12557.55	0.00	-3616.44
591.40	-13295.02	0.00	-3234.84
591.50	-13956.11	0.00	-2840.48
591.60	-14535.60	0.00	-2434.90
591.70	-15028.87	0.00	-2019.72
591.80	-15431.96	0.00	-1596.57
591.90	-15741.62	0.00	-1167.11
592.00	-15955.33	0.00	-733.05
592.10	-16071.35	0.00	-296.09
592.20	-16092.45	0.00	142.03
592.30	-16069.18	0.00	579.59
592.40	-16017.44	0.00	1014.87
592.50	-15936.66	0.00	1446.14
592.60	-15826.02	0.00	1871.70
592.70	-15684.41	0.00	2289.87
592.80	-15510.51	0.00	2699.01
592.90	-15302.77	0.00	3097.50
593.00	-15059.49	0.00	3483.76
593.10	-14778.88	0.00	3856.28
593.20	-14459.07	0.00	4213.57
593.30	-14098.18	0.00	4554.24
593.40	-13694.37	0.00	4876.93
593.50	-13245.95	0.00	5180.37
593.60	-12751.34	0.00	5463.38
593.70	-12209.24	0.00	5724.81
593.80	-11618.58	0.00	5963.66
593.90	-10978.67	0.00	6178.97
594.00	-10289.19	0.00	6369.90
594.10	-9550.25	0.00	6535.68
594.20	-8762.43	0.00	6675.67
594.30	-7926.83	0.00	6789.32
594.40	-7045.09	0.00	6876.17
594.50	-6119.40	0.00	6935.89
594.60	-5152.50	0.00	6968.23
594.70	-4147.73	0.00	6973.07
594.80	-3108.98	0.00	6950.39
594.90	-2040.69	0.00	6900.28
595.00	-947.83	0.00	6822.94
595.10	164.13	0.00	6718.68
595.20	1289.27	0.00	6587.89
595.30	2421.24	0.00	6431.11
595.40	3553.37	0.00	6248.95
595.50	4678.66	0.00	6042.13
595.60	5789.92	0.00	5811.46
595.70	6879.78	0.00	5557.85
595.80	7940.80	0.00	5282.31
595.90	8965.54	0.00	4985.92
596.00	9946.65	0.00	4669.86
596.10	10876.93	0.00	4335.37
596.20	11749.44	0.00	3983.76
596.30	12557.55	0.00	3616.44
596.40	13295.02	0.00	3234.84
596.50	13956.11	0.00	2840.48
596.60	14535.60	0.00	2434.90
596.70	15028.87	0.00	2019.72
596.80	15431.96	0.00	1596.57
596.90	15741.62	0.00	1167.11
597.00	15955.33	0.00	733.05
597.10	16071.35	0.00	296.09
597.20	16092.45	0.00	-142.03
597.30	16069.18	0.00	-579.59
597.40	16017.44	0.00	-1014.87
597.50	15936.66	0.00	-1446.14
597.60	15826.02	0.00	-1871.70
597.70	15684.41	0.00	-2289.87
597.80	15510.51	0.00	-2699.01
597.90	15302.77	0.00	-3097.50
598.00	15059.49	0.00	-3483.76
598.10	14778.88	0.00	-3856.28
598.20	14459.07	0.00	-4213.57
598.30	14098.18	0.00	-4554.24
598.40	13694.37	0.00	-4876.93
598.50	13245.95	0.00	-5180.37
598.60	12751.34	0.00	-5463.38
598.70	12209.24	0.00	-5724.81
598.80	11618.58	0.00	-5963.66
598.90	10978.67	0.00	-6178.97
599.00	10289.19	0.00	-6369.90
599.10	9550.25	0.00	-6535.68
599.20	8762.43	0.00	-6675.67
599.30	7926.83	0.00	-6789.32
599.40	7045.09	0.00	-6876.17
599.50	6119.40	0.00	-6935.89
599.60	5152.50	0.00	-6968.23
599.70	4147.73	0.00	-6973.07
599.80	3108.98	0.00	-6950.39
599.90	2040.69	0.00	-6900.28
600.00	947.83	0.00	-6822.94
