Time(s)	Fx(N)	Fy(N)	Fz(N)
0.00	-7918.79	0.00	-5428.98
0.10	-8402.10	0.00	-4736.03
0.20	-8811.57	0.00	-4014.31
0.30	-9143.64	0.00	-3271.36
0.40	-9395.85	0.00	-2514.94
0.50	-9566.87	0.00	-1752.90
0.60	-9656.50	0.00	-993.08
0.70	-9665.69	0.00	-243.12
0.80	-9596.49	0.00	489.60
0.90	-9452.01	0.00	1198.12
1.00	-9236.31	0.00	1875.98
1.10	-8956.81	0.00	2517.33
1.20	-8625.00	0.00	3117.04
1.30	-8246.52	0.00	3670.72
1.40	-7827.06	0.00	4174.82
1.50	-7372.56	0.00	4626.65
1.60	-6889.15	0.00	5024.41
1.70	-6383.03	0.00	5367.19
1.80	-5860.37	0.00	5654.93
1.90	-5327.17	0.00	5888.47
2.00	-4789.25	0.00	6069.40
2.10	-4252.07	0.00	6200.07
2.20	-3720.67	0.00	6283.50
2.30	-3199.61	0.00	6323.27
2.40	-2692.89	0.00	6323.45
2.50	-2203.86	0.00	6288.49
2.60	-1735.24	0.00	6223.08
2.70	-1289.05	0.00	6132.07
2.80	-866.59	0.00	6020.34
2.90	-468.47	0.00	5892.71
3.00	-94.63	0.00	5753.77
3.10	255.64	0.00	5607.86
3.20	583.67	0.00	5458.89
3.30	891.29	0.00	5310.34
3.40	1180.79	0.00	5165.11
3.50	1454.84	0.00	5025.52
3.60	1716.36	0.00	4893.25
3.70	1968.46	0.00	4769.29
3.80	2214.28	0.00	4653.97
3.90	2456.94	0.00	4546.92
4.00	2699.40	0.00	4447.13
4.10	2944.37	0.00	4352.97
4.20	3194.18	0.00	4262.25
4.30	3450.75	0.00	4172.27
4.40	3715.46	0.00	4079.92
4.50	3989.13	0.00	3981.75
4.60	4271.93	0.00	3874.08
4.70	4563.36	0.00	3753.09
4.80	4862.24	0.00	3614.96
4.90	5166.69	0.00	3455.93
5.00	5474.18	0.00	3272.43
5.10	5781.52	0.00	3061.21
5.20	6084.94	0.00	2819.40
5.30	6380.15	0.00	2544.61
5.40	6662.44	0.00	2235.02
5.50	6926.73	0.00	1889.47
5.60	7169.01	0.00	1507.45
5.70	7388.07	0.00	1089.20
5.80	7579.24	0.00	635.73
5.90	7737.63	0.00	148.79
6.00	7858.49	0.00	-369.10
6.10	7937.28	0.00	-914.70
6.20	7969.80	0.00	-1484.07
6.30	7952.27	0.00	-2072.65
6.40	7881.40	0.00	-2675.30
6.50	7754.46	0.00	-3286.43
6.60	7569.37	0.00	-3900.02
6.70	7324.74	0.00	-4509.80
6.80	7019.90	0.00	-5109.32
6.90	6654.97	0.00	-5692.06
7.00	6230.85	0.00	-6251.56
7.10	5749.22	0.00	-6781.53
7.20	5212.56	0.00	-7275.94
7.30	4624.11	0.00	-7729.17
7.40	3987.85	0.00	-8136.08
7.50	3308.41	0.00	-8492.07
7.60	2591.07	0.00	-8793.22
7.70	1841.63	0.00	-9036.31
7.80	1066.37	0.00	-9218.88
7.90	271.91	0.00	-9339.23
8.00	-534.86	0.00	-9396.52
8.10	-1346.89	0.00	-9390.68
8.20	-2157.09	0.00	-9322.44
8.30	-2958.46	0.00	-9193.30
8.40	-3744.18	0.00	-9005.48
8.50	-4507.72	0.00	-8761.84
8.60	-5242.94	0.00	-8465.84
8.70	-5944.21	0.00	-8121.44
8.80	-6606.45	0.00	-7733.00
8.90	-7225.23	0.00	-7305.23
9.00	-7796.81	0.00	-6843.02
9.10	-8318.19	0.00	-6351.40
9.20	-8787.09	0.00	-5835.40
9.30	-9202.00	0.00	-5299.97
9.40	-9562.16	0.00	-4749.86
9.50	-9867.47	0.00	-4189.59
9.60	-10118.53	0.00	-3623.29
9.70	-10316.50	0.00	-3054.69
9.80	-10463.07	0.00	-2487.07
9.90	-10560.37	0.00	-1923.16
10.00	-10615.59	0.00	-1365.17
10.10	-10638.98	0.00	-814.74
10.20	-10633.48	0.00	-272.95
10.30	-10601.80	0.00	259.66
10.40	-10546.49	0.00	783.07
10.50	-10469.81	0.00	1297.74
10.60	-10373.68	0.00	1804.56
10.70	-10259.63	0.00	2304.78
10.80	-10128.74	0.00	2799.92
10.90	-9981.61	0.00	3291.73
11.00	-9818.32	0.00	3782.06
11.10	-9638.41	0.00	4272.80
11.20	-9440.88	0.00	4765.77
11.30	-9224.21	0.00	5262.63
11.40	-8986.36	0.00	5764.80
11.50	-8724.83	0.00	6273.34
11.60	-8436.66	0.00	6788.91
11.70	-8118.54	0.00	7311.68
11.80	-7766.87	0.00	7841.26
11.90	-7377.80	0.00	8376.65
12.00	-6947.36	0.00	8916.19
12.10	-6471.57	0.00	9457.56
12.20	-5946.50	0.00	9997.73
12.30	-5368.43	0.00	10533.00
12.40	-4733.93	0.00	11058.97
12.50	-4040.02	0.00	11570.61
12.60	-3284.24	0.00	12062.27
12.70	-2464.82	0.00	12527.79
12.80	-1580.77	0.00	12960.52
12.90	-631.98	0.00	13353.42
13.00	380.64	0.00	13699.17
13.10	1455.12	0.00	13990.28
13.20	2588.29	0.00	14219.19
13.30	3775.79	0.00	14378.40
13.40	5011.96	0.00	14460.58
13.50	6289.85	0.00	14458.73
13.60	7601.21	0.00	14366.29
13.70	8936.54	0.00	14177.28
13.80	10285.09	0.00	13886.42
13.90	11635.00	0.00	13489.24
14.00	12973.36	0.00	12982.21
14.10	14286.37	0.00	12362.84
14.20	15559.49	0.00	11629.76
14.30	16777.65	0.00	10782.81
14.40	17925.43	0.00	9823.10
14.50	18987.33	0.00	8753.04
14.60	19947.99	0.00	7576.42
14.70	20792.49	0.00	6298.36
14.80	21506.57	0.00	4925.32
14.90	22104.14	0.00	3465.11
15.00	22600.59	0.00	1926.80
15.10	22988.12	0.00	320.68
15.20	23259.32	0.00	-1341.84
15.30	23407.14	0.00	-3048.32
15.40	23425.06	0.00	-4785.39
15.50	23307.10	0.00	-6538.94
15.60	23047.94	0.00	-8294.20
15.70	22643.02	0.00	-10035.93
15.80	22088.63	0.00	-11748.61
15.90	21382.06	0.00	-13416.56
16.00	20521.70	0.00	-15024.18
16.10	19507.16	0.00	-16556.07
16.20	18339.41	0.00	-17997.30
16.30	17020.90	0.00	-19333.49
16.40	15555.68	0.00	-20551.08
16.50	13949.46	0.00	-21637.42
16.60	12209.72	0.00	-22581.02
16.70	10345.76	0.00	-23371.59
16.80	8368.70	0.00	-24000.25
16.90	6291.47	0.00	-24459.65
17.00	4128.79	0.00	-24744.01
17.10	1897.05	0.00	-24849.25
17.20	-385.85	0.00	-24773.03
17.30	-2700.60	0.00	-24514.81
17.40	-5026.75	0.00	-24075.81
17.50	-7342.98	0.00	-23459.08
17.60	-9627.32	0.00	-22669.39
17.70	-11857.52	0.00	-21713.23
17.80	-14011.38	0.00	-20598.74
17.90	-16067.06	0.00	-19335.55
18.00	-18003.49	0.00	-17934.75
18.10	-19800.67	0.00	-16408.70
18.20	-21440.08	0.00	-14770.90
18.30	-22904.90	0.00	-13035.84
18.40	-24180.39	0.00	-11218.80
18.50	-25254.09	0.00	-9335.69
18.60	-26116.06	0.00	-7402.86
18.70	-26759.02	0.00	-5436.90
18.80	-27178.43	0.00	-3454.45
18.90	-27372.62	0.00	-1472.02
19.00	-27342.71	0.00	494.20
19.10	-27102.66	0.00	2428.53
19.20	-26718.52	0.00	4315.93
19.30	-26205.25	0.00	6142.20
19.40	-25568.05	0.00	7894.09
19.50	-24812.53	0.00	9559.42
19.60	-23944.71	0.00	11127.20
19.70	-22971.03	0.00	12587.72
19.80	-21898.31	0.00	13932.58
19.90	-20733.80	0.00	15154.79
20.00	-19485.13	0.00	16248.76
20.10	-18160.29	0.00	17210.29
20.20	-16767.64	0.00	18036.60
20.30	-15315.85	0.00	18726.26
20.40	-13813.87	0.00	19279.17
20.50	-12270.87	0.00	19696.47
20.60	-10696.17	0.00	19980.44
20.70	-9099.22	0.00	20134.49
20.80	-7489.47	0.00	20162.94
20.90	-5876.30	0.00	20071.02
21.00	-4268.98	0.00	19864.69
21.10	-2676.54	0.00	19550.53
21.20	-1107.73	0.00	19135.65
21.30	429.08	0.00	18627.54
21.40	1925.98	0.00	18033.97
21.50	3375.51	0.00	17362.87
21.60	4770.81	0.00	16622.26
21.70	6105.58	0.00	15820.11
21.80	7374.16	0.00	14964.29
21.90	8571.52	0.00	14062.48
22.00	9693.28	0.00	13122.11
22.10	10735.72	0.00	12150.31
22.20	11695.75	0.00	11153.87
22.30	12570.90	0.00	10139.19
22.40	13359.33	0.00	9112.30
22.50	14059.75	0.00	8078.81
22.60	14671.41	0.00	7043.93
22.70	15194.08	0.00	6012.46
22.80	15628.00	0.00	4988.83
22.90	15973.86	0.00	3977.08
23.00	16232.73	0.00	2980.93
23.10	16406.09	0.00	2003.76
23.20	16495.74	0.00	1048.66
23.30	16503.81	0.00	118.45
23.40	16432.74	0.00	-784.29
23.50	16285.21	0.00	-1657.20
23.60	16064.19	0.00	-2498.10
23.70	15772.86	0.00	-3305.00
23.80	15423.39	0.00	-4076.06
23.90	15035.70	0.00	-4809.60
24.00	14611.95	0.00	-5504.06
24.10	14153.75	0.00	-6158.01
24.20	13662.67	0.00	-6770.17
24.30	13140.26	0.00	-7339.37
24.40	12588.07	0.00	-7864.58
24.50	12007.71	0.00	-8344.92
24.60	11400.81	0.00	-8779.64
24.70	10769.08	0.00	-9168.15
24.80	10114.33	0.00	-9510.03
24.90	9438.44	0.00	-9804.99
25.00	8743.38	0.00	-10052.96
25.10	8031.25	0.00	-10254.00
25.20	7304.22	0.00	-10408.38
25.30	6564.55	0.00	-10516.51
25.40	5814.62	0.00	-10579.01
25.50	5056.84	0.00	-10596.64
25.60	4293.73	0.00	-10570.31
25.70	3527.84	0.00	-10501.09
25.80	2761.78	0.00	-10390.20
25.90	1998.19	0.00	-10238.94
26.00	1239.73	0.00	-10048.74
26.10	489.08	0.00	-9821.14
26.20	-251.08	0.00	-9557.72
26.30	-978.07	0.00	-9260.17
26.40	-1689.20	0.00	-8930.19
26.50	-2381.83	0.00	-8569.56
26.60	-3053.29	0.00	-8180.10
26.70	-3700.98	0.00	-7763.64
26.80	-4322.31	0.00	-7322.07
26.90	-4914.69	0.00	-6857.31
27.00	-5475.63	0.00	-6371.34
27.10	-6002.64	0.00	-5866.15
27.20	-6493.32	0.00	-5343.84
27.30	-6945.32	0.00	-4806.55
27.40	-7356.38	0.00	-4256.53
27.50	-7724.39	0.00	-3696.11
27.60	-8047.31	0.00	-3127.76
27.70	-8323.32	0.00	-2554.06
27.80	-8550.74	0.00	-1977.73
27.90	-8728.15	0.00	-1401.63
28.00	-8854.36	0.00	-828.79
28.10	-8928.48	0.00	-262.36
28.20	-8949.95	0.00	294.35
28.30	-8918.58	0.00	837.90
28.40	-8834.55	0.00	1364.72
28.50	-8698.48	0.00	1871.18
28.60	-8511.45	0.00	2353.56
28.70	-8275.01	0.00	2808.11
28.80	-7991.19	0.00	3231.10
28.90	-7662.53	0.00	3618.85
29.00	-7292.07	0.00	3967.80
29.10	-6885.48	0.00	4274.52
29.20	-6449.49	0.00	4535.84
29.30	-5987.62	0.00	4748.82
29.40	-5503.76	0.00	4910.89
29.50	-5002.22	0.00	5019.86
29.60	-4487.68	0.00	5073.98
29.70	-3965.20	0.00	5072.03
29.80	-3440.13	0.00	5013.33
29.90	-2918.12	0.00	4897.80
30.00	-2404.99	0.00	4726.00
30.10	-1906.74	0.00	4499.18
30.20	-1429.40	0.00	4219.24
30.30	-978.99	0.00	3888.83
30.40	-561.42	0.00	3511.28
30.50	-182.42	0.00	3090.64
30.60	152.62	0.00	2631.63
30.70	438.66	0.00	2139.63
30.80	671.18	0.00	1620.65
30.90	846.22	0.00	1081.23
31.00	960.50	0.00	528.45
31.10	1011.45	0.00	-30.19
31.20	997.35	0.00	-586.84
31.30	917.32	0.00	-1133.39
31.40	771.39	0.00	-1661.57
31.50	560.56	0.00	-2163.02
31.60	286.76	0.00	-2629.46
31.70	-47.11	0.00	-3052.74
31.80	-437.19	0.00	-3424.99
31.90	-878.71	0.00	-3738.72
32.00	-1366.02	0.00	-3986.96
32.10	-1892.63	0.00	-4163.33
32.20	-2451.30	0.00	-4262.16
32.30	-3034.13	0.00	-4278.61
32.40	-3632.59	0.00	-4208.77
32.50	-4237.69	0.00	-4049.67
32.60	-4840.02	0.00	-3799.46
32.70	-5429.89	0.00	-3457.38
32.80	-5997.43	0.00	-3023.87
32.90	-6532.69	0.00	-2500.56
33.00	-7025.79	0.00	-1890.29
33.10	-7466.99	0.00	-1197.16
33.20	-7846.81	0.00	-426.44
33.30	-8156.15	0.00	415.41
33.40	-8386.43	0.00	1320.79
33.50	-8529.61	0.00	2281.07
33.60	-8578.38	0.00	3286.62
33.70	-8526.22	0.00	4326.94
33.80	-8367.52	0.00	5390.76
33.90	-8097.63	0.00	6466.15
34.00	-7713.03	0.00	7540.69
34.10	-7211.34	0.00	8601.57
34.20	-6591.46	0.00	9635.77
34.30	-5853.61	0.00	10630.21
34.40	-4999.42	0.00	11571.91
34.50	-4031.97	0.00	12448.15
34.60	-2955.84	0.00	13246.60
34.70	-1777.15	0.00	13955.56
34.80	-503.56	0.00	14563.99
34.90	855.77	0.00	15061.76
35.00	2290.14	0.00	15439.73
35.10	3787.44	0.00	15689.86
35.20	5334.18	0.00	15805.37
35.30	6915.65	0.00	15780.77
35.40	8516.01	0.00	15611.98
35.50	10118.47	0.00	15296.40
35.60	11705.50	0.00	14832.90
35.70	13259.02	0.00	14221.91
35.80	14760.65	0.00	13465.37
35.90	16191.96	0.00	12566.75
36.00	17534.73	0.00	11531.05
36.10	18771.23	0.00	10364.67
36.20	19884.51	0.00	9075.44
36.30	20858.66	0.00	7672.49
36.40	21679.04	0.00	6166.18
36.50	22347.91	0.00	4567.98
36.60	22892.83	0.00	2890.37
36.70	23309.35	0.00	1146.70
36.80	23592.10	0.00	-648.91
36.90	23736.27	0.00	-2481.76
37.00	23737.68	0.00	-4336.68
37.10	23592.78	0.00	-6198.18
37.20	23298.66	0.00	-8050.60
37.30	22853.12	0.00	-9878.30
37.40	22254.73	0.00	-11665.72
37.50	21502.86	0.00	-13397.63
37.60	20597.80	0.00	-15059.16
37.70	19540.83	0.00	-16636.04
37.80	18334.31	0.00	-18114.65
37.90	16981.76	0.00	-19482.18
38.00	15487.96	0.00	-20726.71
38.10	13859.03	0.00	-21837.35
38.20	12102.48	0.00	-22804.28
38.30	10227.28	0.00	-23618.87
38.40	8243.87	0.00	-24273.75
38.50	6164.18	0.00	-24762.81
38.60	4001.60	0.00	-25081.33
38.70	1770.94	0.00	-25225.93
38.80	-511.69	0.00	-25194.64
38.90	-2828.93	0.00	-24986.90
39.00	-5162.37	0.00	-24603.54
39.10	-7492.72	0.00	-24046.79
39.20	-9799.96	0.00	-23320.23
39.30	-12063.65	0.00	-22428.76
39.40	-14263.12	0.00	-21378.57
39.50	-16377.74	0.00	-20177.05
39.60	-18387.25	0.00	-18832.75
39.70	-20271.97	0.00	-17355.32
39.80	-22013.14	0.00	-15755.36
39.90	-23593.19	0.00	-14044.41
40.00	-24995.97	0.00	-12234.81
40.10	-26207.04	0.00	-10339.58
40.20	-27213.88	0.00	-8372.38
40.30	-28006.08	0.00	-6347.33
40.40	-28575.52	0.00	-4278.92
40.50	-28916.46	0.00	-2181.92
40.60	-29025.68	0.00	-71.22
40.70	-28947.59	0.00	2038.27
40.80	-28729.86	0.00	4131.71
40.90	-28373.25	0.00	6194.50
41.00	-27878.74	0.00	8212.32
41.10	-27247.53	0.00	10171.30
41.20	-26481.10	0.00	12058.11
41.30	-25581.35	0.00	13860.03
41.40	-24550.58	0.00	15565.06
41.50	-23391.66	0.00	17162.02
41.60	-22108.10	0.00	18640.58
41.70	-20704.15	0.00	19991.40
41.80	-19184.86	0.00	21206.12
41.90	-17556.22	0.00	22277.46
42.00	-15825.15	0.00	23199.24
42.10	-13999.63	0.00	23966.42
42.20	-12088.69	0.00	24575.11
42.30	-10102.42	0.00	25022.62
42.40	-8051.97	0.00	25307.43
42.50	-5949.50	0.00	25429.20
42.60	-3808.13	0.00	25388.73
42.70	-1641.84	0.00	25188.01
42.80	534.65	0.00	24830.10
42.90	2705.99	0.00	24319.17
43.00	4856.39	0.00	23660.37
43.10	6969.76	0.00	22859.88
43.20	9029.95	0.00	21924.76
43.30	11020.89	0.00	20862.95
43.40	12926.83	0.00	19683.13
43.50	14732.57	0.00	18394.74
43.60	16423.59	0.00	17007.81
43.70	17986.36	0.00	15532.93
43.80	19408.42	0.00	13981.14
43.90	20678.64	0.00	12363.85
44.00	21787.31	0.00	10692.78
44.10	22726.34	0.00	8979.80
44.20	23489.32	0.00	7236.90
44.30	24071.61	0.00	5476.08
44.40	24470.42	0.00	3709.24
44.50	24684.82	0.00	1948.12
44.60	24715.74	0.00	204.21
44.70	24565.94	0.00	-1511.35
44.80	24244.59	0.00	-3187.86
44.90	23804.46	0.00	-4815.09
45.00	23262.06	0.00	-6383.40
45.10	22621.34	0.00	-7883.78
45.20	21886.45	0.00	-9307.92
45.30	21061.77	0.00	-10648.25
45.40	20151.93	0.00	-11898.01
45.50	19161.83	0.00	-13051.26
45.60	18096.68	0.00	-14102.95
45.70	16962.02	0.00	-15048.90
45.80	15763.71	0.00	-15885.85
45.90	14507.98	0.00	-16611.43
46.00	13201.38	0.00	-17224.20
46.10	11850.81	0.00	-17723.60
46.20	10463.49	0.00	-18109.96
46.30	9046.87	0.00	-18384.46
46.40	7608.69	0.00	-18549.07
46.50	6156.82	0.00	-18606.57
46.60	4699.27	0.00	-18560.42
46.70	3244.08	0.00	-18414.75
46.80	1799.28	0.00	-18174.32
46.90	372.77	0.00	-17844.39
47.00	-1027.73	0.00	-17430.68
47.10	-2394.79	0.00	-16939.30
47.20	-3721.33	0.00	-16376.69
47.30	-5000.68	0.00	-15749.48
47.40	-6226.69	0.00	-15064.48
47.50	-7393.75	0.00	-14328.55
47.60	-8496.87	0.00	-13548.54
47.70	-9531.71	0.00	-12731.25
47.80	-10494.60	0.00	-11883.29
47.90	-11382.57	0.00	-11011.09
48.00	-12193.36	0.00	-10120.76
48.10	-12925.39	0.00	-9218.10
48.20	-13577.76	0.00	-8308.53
48.30	-14150.21	0.00	-7397.04
48.40	-14643.08	0.00	-6488.17
48.50	-15057.26	0.00	-5585.96
48.60	-15394.15	0.00	-4693.98
48.70	-15655.57	0.00	-3815.28
48.80	-15843.70	0.00	-2952.41
48.90	-15961.03	0.00	-2107.41
49.00	-16010.26	0.00	-1281.86
49.10	-15994.25	0.00	-476.88
49.20	-15915.96	0.00	306.84
49.30	-15782.24	0.00	1068.97
49.40	-15616.25	0.00	1809.55
49.50	-15422.89	0.00	2528.89
49.60	-15203.64	0.00	3227.55
49.70	-14959.59	0.00	3906.26
49.80	-14691.44	0.00	4565.90
49.90	-14399.48	0.00	5207.39
50.00	-14083.65	0.00	5831.68
50.10	-13743.52	0.00	6439.65
50.20	-13378.33	0.00	7032.11
50.30	-12987.04	0.00	7609.70
50.40	-12568.30	0.00	8172.87
50.50	-12120.60	0.00	8721.83
50.60	-11642.20	0.00	9256.54
50.70	-11131.30	0.00	9776.63
50.80	-10585.99	0.00	10281.43
50.90	-10004.39	0.00	10769.95
51.00	-9384.67	0.00	11240.85
51.10	-8725.14	0.00	11692.45
51.20	-8024.28	0.00	12122.78
51.30	-7280.86	0.00	12529.53
51.40	-6493.93	0.00	12910.13
51.50	-5662.95	0.00	13261.76
51.60	-4787.81	0.00	13581.40
51.70	-3868.88	0.00	13865.84
51.80	-2907.09	0.00	14111.76
51.90	-1903.94	0.00	14315.80
52.00	-861.53	0.00	14474.53
52.10	217.38	0.00	14584.59
52.20	1329.42	0.00	14642.72
52.30	2470.50	0.00	14645.79
52.40	3635.94	0.00	14590.86
52.50	4820.39	0.00	14475.27
52.60	6017.89	0.00	14296.63
52.70	7221.91	0.00	14052.90
52.80	8425.39	0.00	13742.44
52.90	9620.80	0.00	13363.98
53.00	10800.22	0.00	12916.74
53.10	11955.39	0.00	12400.37
53.20	13077.81	0.00	11815.04
53.30	14158.82	0.00	11161.38
53.40	15189.71	0.00	10440.55
53.50	16161.80	0.00	9654.20
53.60	17066.55	0.00	8804.49
53.70	17895.68	0.00	7894.07
53.80	18641.21	0.00	6926.04
53.90	19295.65	0.00	5904.01
54.00	19852.02	0.00	4831.97
54.10	20303.96	0.00	3714.38
54.20	20648.40	0.00	2556.04
54.30	20914.58	0.00	1362.14
54.40	21110.21	0.00	138.19
54.50	21232.83	0.00	-1110.02
54.60	21279.99	0.00	-2376.41
54.70	21249.30	0.00	-3654.69
54.80	21138.42	0.00	-4938.38
54.90	20945.09	0.00	-6220.82
55.00	20667.12	0.00	-7495.25
55.10	20302.46	0.00	-8754.80
55.20	19849.24	0.00	-9992.56
55.30	19305.77	0.00	-11201.60
55.40	18670.66	0.00	-12375.01
55.50	17942.82	0.00	-13505.95
55.60	17121.55	0.00	-14587.67
55.70	16206.60	0.00	-15613.54
55.80	15198.26	0.00	-16577.13
55.90	14097.39	0.00	-17472.21
56.00	12905.53	0.00	-18292.80
56.10	11624.94	0.00	-19033.23
56.20	10258.66	0.00	-19688.17
56.30	8810.57	0.00	-20252.66
56.40	7285.45	0.00	-20722.15
56.50	5688.97	0.00	-21092.57
56.60	4027.76	0.00	-21360.33
56.70	2309.37	0.00	-21522.39
56.80	542.31	0.00	-21576.27
56.90	-1264.03	0.00	-21520.09
57.00	-3099.38	0.00	-21352.60
57.10	-4952.69	0.00	-21073.20
57.20	-6812.16	0.00	-20681.96
57.30	-8665.40	0.00	-20179.64
57.40	-10499.46	0.00	-19567.70
57.50	-12301.05	0.00	-18848.26
57.60	-14056.61	0.00	-18024.18
57.70	-15752.49	0.00	-17098.97
57.80	-17375.10	0.00	-16076.81
57.90	-18911.10	0.00	-14962.53
58.00	-20347.51	0.00	-13761.55
58.10	-21671.95	0.00	-12479.89
58.20	-22872.74	0.00	-11124.08
58.30	-23939.08	0.00	-9701.17
58.40	-24861.22	0.00	-8218.61
58.50	-25630.54	0.00	-6684.27
58.60	-26239.71	0.00	-5106.31
58.70	-26682.77	0.00	-3493.18
58.80	-26955.21	0.00	-1853.55
58.90	-27078.34	0.00	-196.19
59.00	-27104.75	0.00	1470.00
59.10	-27035.76	0.00	3136.11
59.20	-26870.68	0.00	4793.26
59.30	-26608.79	0.00	6432.66
59.40	-26249.33	0.00	8045.65
59.50	-25791.55	0.00	9623.75
59.60	-25234.70	0.00	11158.72
59.70	-24578.14	0.00	12642.56
59.80	-23821.36	0.00	14067.61
59.90	-22964.03	0.00	15426.50
60.00	-22006.12	0.00	16712.25
60.10	-20947.90	0.00	17918.26
60.20	-19790.12	0.00	19038.32
60.30	-18533.99	0.00	20066.66
60.40	-17181.32	0.00	20997.92
60.50	-15734.60	0.00	21827.22
60.60	-14197.04	0.00	22550.13
60.70	-12572.68	0.00	23162.70
60.80	-10866.41	0.00	23661.47
60.90	-9084.06	0.00	24043.48
61.00	-7232.40	0.00	24306.30
61.10	-5319.20	0.00	24448.03
61.20	-3353.22	0.00	24467.29
61.30	-1344.20	0.00	24363.32
61.40	697.16	0.00	24135.90
61.50	2759.25	0.00	23785.43
61.60	4829.61	0.00	23312.96
61.70	6895.03	0.00	22720.14
61.80	8941.64	0.00	22009.31
61.90	10955.07	0.00	21183.47
62.00	12920.54	0.00	20246.34
62.10	14823.08	0.00	19202.30
62.20	16647.67	0.00	18056.46
62.30	18379.44	0.00	16814.60
62.40	20003.90	0.00	15483.20
62.50	21507.08	0.00	14069.42
62.60	22875.79	0.00	12581.06
62.70	24097.81	0.00	11026.52
62.80	25162.05	0.00	9414.76
62.90	26058.81	0.00	7755.27
63.00	26779.87	0.00	6057.98
63.10	27318.68	0.00	4333.18
63.20	27670.46	0.00	2591.46
63.30	27832.34	0.00	843.62
63.40	27803.36	0.00	-899.44
63.50	27619.20	0.00	-2626.82
63.60	27330.51	0.00	-4327.70
63.70	26938.84	0.00	-5991.49
63.80	26445.66	0.00	-7607.90
63.90	25852.70	0.00	-9167.07
64.00	25162.02	0.00	-10659.67
64.10	24376.08	0.00	-12076.99
64.20	23497.73	0.00	-13411.05
64.30	22530.28	0.00	-14654.65
64.40	21477.54	0.00	-15801.50
64.50	20343.83	0.00	-16846.20
64.60	19133.97	0.00	-17784.39
64.70	17853.35	0.00	-18612.69
64.80	16507.83	0.00	-19328.76
64.90	15103.79	0.00	-19931.34
65.00	13648.05	0.00	-20420.16
65.10	12147.84	0.00	-20795.98
65.20	10610.70	0.00	-21060.52
65.30	9044.45	0.00	-21216.40
65.40	7457.06	0.00	-21267.10
65.50	5856.61	0.00	-21216.84
65.60	4251.13	0.00	-21070.52
65.70	2648.56	0.00	-20833.62
65.80	1056.64	0.00	-20512.06
65.90	-517.22	0.00	-20112.14
66.00	-2065.97	0.00	-19640.39
66.10	-3583.00	0.00	-19103.47
66.20	-5062.25	0.00	-18508.05
66.30	-6498.18	0.00	-17860.73
66.40	-7885.87	0.00	-17167.88
66.50	-9221.02	0.00	-16435.62
66.60	-10499.90	0.00	-15669.66
66.70	-11719.40	0.00	-14875.28
66.80	-12876.97	0.00	-14057.25
66.90	-13970.57	0.00	-13219.76
67.00	-14998.62	0.00	-12366.39
67.10	-15959.93	0.00	-11500.13
67.20	-16853.64	0.00	-10623.30
67.30	-17679.12	0.00	-9737.61
67.40	-18435.89	0.00	-8844.15
67.50	-19123.55	0.00	-7943.46
67.60	-19741.71	0.00	-7035.51
67.70	-20289.87	0.00	-6119.85
67.80	-20767.42	0.00	-5195.58
67.90	-21173.53	0.00	-4261.52
68.00	-21507.14	0.00	-3316.20
68.10	-21766.94	0.00	-2358.06
68.20	-21951.31	0.00	-1385.44
68.30	-22075.16	0.00	-396.75
68.40	-22171.97	0.00	609.46
68.50	-22240.78	0.00	1634.40
68.60	-22278.78	0.00	2678.94
68.70	-22282.49	0.00	3743.54
68.80	-22247.78	0.00	4828.15
68.90	-22169.92	0.00	5932.13
69.00	-22043.65	0.00	7054.22
69.10	-21863.27	0.00	8192.45
69.20	-21622.70	0.00	9344.14
69.30	-21315.59	0.00	10505.84
69.40	-20935.41	0.00	11673.33
69.50	-20475.61	0.00	12841.66
69.60	-19929.69	0.00	14005.08
69.70	-19291.35	0.00	15157.18
69.80	-18554.64	0.00	16290.87
69.90	-17714.12	0.00	17398.44
70.00	-16764.96	0.00	18471.69
70.10	-15703.14	0.00	19501.95
70.20	-14525.57	0.00	20480.22
70.30	-13230.24	0.00	21397.26
70.40	-11816.36	0.00	22243.71
70.50	-10284.53	0.00	23010.22
70.60	-8636.79	0.00	23687.56
70.70	-6876.77	0.00	24266.73
70.80	-5009.78	0.00	24739.12
70.90	-3042.82	0.00	25096.63
71.00	-984.69	0.00	25331.77
71.10	1154.06	0.00	25437.77
71.20	3361.16	0.00	25408.72
71.30	5622.62	0.00	25239.64
71.40	7922.87	0.00	24926.56
71.50	10244.86	0.00	24466.63
71.60	12570.26	0.00	23858.14
71.70	14879.58	0.00	23100.61
71.80	17152.46	0.00	22194.76
71.90	19367.90	0.00	21142.61
72.00	21504.51	0.00	19947.42
72.10	23540.84	0.00	18613.69
72.20	25455.68	0.00	17147.17
72.30	27228.35	0.00	15554.77
72.40	28839.04	0.00	13844.55
72.50	30269.13	0.00	12025.63
72.60	31501.48	0.00	10108.12
72.70	32520.69	0.00	8103.03
72.80	33313.41	0.00	6022.18
72.90	33868.54	0.00	3878.11
73.00	34232.00	0.00	1683.95
73.10	34471.71	0.00	-546.71
73.20	34585.32	0.00	-2799.87
73.30	34570.01	0.00	-5061.32
73.40	34422.88	0.00	-7316.69
73.50	34140.95	0.00	-9551.63
73.60	33721.22	0.00	-11751.88
73.70	33160.75	0.00	-13903.40
73.80	32456.76	0.00	-15992.51
73.90	31606.74	0.00	-18005.94
74.00	30608.55	0.00	-19930.98
74.10	29460.61	0.00	-21755.54
74.20	28162.02	0.00	-23468.25
74.30	26712.70	0.00	-25058.54
74.40	25113.57	0.00	-26516.70
74.50	23366.66	0.00	-27833.97
74.60	21475.24	0.00	-29002.54
74.70	19443.96	0.00	-30015.62
74.80	17278.92	0.00	-30867.50
74.90	14987.75	0.00	-31553.51
75.00	12579.65	0.00	-32070.10
75.10	10065.41	0.00	-32414.80
75.20	7457.37	0.00	-32586.22
75.30	4769.42	0.00	-32584.06
75.40	2016.88	0.00	-32409.06
75.50	-783.58	0.00	-32063.00
75.60	-3614.09	0.00	-31548.65
75.70	-6455.75	0.00	-30869.71
75.80	-9288.79	0.00	-30030.81
75.90	-12092.80	0.00	-29037.39
76.00	-14846.96	0.00	-27895.73
76.10	-17530.26	0.00	-26612.80
76.20	-20121.73	0.00	-25196.28
76.30	-22600.74	0.00	-23654.45
76.40	-24947.21	0.00	-21996.13
76.50	-27141.86	0.00	-20230.64
76.60	-29166.47	0.00	-18367.72
76.70	-31004.09	0.00	-16417.46
76.80	-32639.24	0.00	-14390.28
76.90	-34058.11	0.00	-12296.83
77.00	-35248.75	0.00	-10147.95
77.10	-36201.18	0.00	-7954.61
77.20	-36907.53	0.00	-5727.90
77.30	-37362.13	0.00	-3478.92
77.40	-37561.56	0.00	-1218.76
77.50	-37567.72	0.00	1041.53
77.60	-37471.89	0.00	3291.01
77.70	-37274.74	0.00	5518.85
77.80	-36975.56	0.00	7714.43
77.90	-36573.12	0.00	9867.34
78.00	-36065.65	0.00	11967.42
78.10	-35451.03	0.00	14004.82
78.20	-34726.80	0.00	15970.03
78.30	-33890.40	0.00	17853.90
78.40	-32939.22	0.00	19647.74
78.50	-31870.81	0.00	21343.26
78.60	-30683.00	0.00	22932.73
78.70	-29374.09	0.00	24408.90
78.80	-27942.97	0.00	25765.14
78.90	-26389.31	0.00	26995.40
79.00	-24713.67	0.00	28094.28
79.10	-22917.63	0.00	29057.08
79.20	-21003.92	0.00	29879.76
79.30	-18976.48	0.00	30559.03
79.40	-16840.55	0.00	31092.35
79.50	-14602.72	0.00	31477.91
79.60	-12270.91	0.00	31714.69
79.70	-9854.41	0.00	31802.41
79.80	-7363.82	0.00	31741.57
79.90	-4810.99	0.00	31533.40
80.00	-2208.97	0.00	31179.85
80.10	428.14	0.00	30683.58
80.20	3085.28	0.00	30047.92
80.30	5746.60	0.00	29276.83
80.40	8395.58	0.00	28374.84
80.50	11015.24	0.00	27347.04
80.60	13588.29	0.00	26199.02
80.70	16097.32	0.00	24936.80
80.80	18524.99	0.00	23566.81
80.90	20854.22	0.00	22095.81
81.00	23068.33	0.00	20530.86
81.10	25151.26	0.00	18879.28
81.20	27087.70	0.00	17148.59
81.30	28863.28	0.00	15346.49
81.40	30464.65	0.00	13480.83
81.50	31879.68	0.00	11559.57
81.60	33097.52	0.00	9590.76
81.70	34108.75	0.00	7582.56
81.80	34905.42	0.00	5543.18
81.90	35481.15	0.00	3480.94
82.00	35831.19	0.00	1404.22
82.10	35952.47	0.00	-678.51
82.20	35863.50	0.00	-2758.67
82.30	35669.51	0.00	-4827.60
82.40	35384.49	0.00	-6876.49
82.50	35006.09	0.00	-8896.44
82.60	34531.32	0.00	-10878.41
82.70	33956.68	0.00	-12813.23
82.80	33278.26	0.00	-14691.63
82.90	32491.91	0.00	-16504.25
83.00	31593.40	0.00	-18241.64
83.10	30578.61	0.00	-19894.33
83.20	29443.72	0.00	-21452.88
83.30	28185.42	0.00	-22907.91
83.40	26801.17	0.00	-24250.20
83.50	25289.36	0.00	-25470.76
83.60	23649.56	0.00	-26560.93
83.70	21882.69	0.00	-27512.47
83.80	19991.26	0.00	-28317.68
83.90	17979.46	0.00	-28969.51
84.00	15853.37	0.00	-29461.68
84.10	13620.99	0.00	-29788.80
84.20	11292.33	0.00	-29946.47
84.30	8879.44	0.00	-29931.44
84.40	6396.36	0.00	-29741.64
84.50	3859.00	0.00	-29376.35
84.60	1285.08	0.00	-28836.24
84.70	-1306.12	0.00	-28123.44
84.80	-3893.97	0.00	-27241.61
84.90	-6456.77	0.00	-26195.94
85.00	-8972.10	0.00	-24993.18
85.10	-11417.14	0.00	-23641.63
85.20	-13769.07	0.00	-22151.06
85.30	-16005.47	0.00	-20532.68
85.40	-18104.75	0.00	-18799.07
85.50	-20046.51	0.00	-16964.03
85.60	-21811.96	0.00	-15042.44
85.70	-23384.32	0.00	-13050.16
85.80	-24749.06	0.00	-11003.81
85.90	-25894.29	0.00	-8920.60
86.00	-26810.93	0.00	-6818.13
86.10	-27492.89	0.00	-4714.16
86.20	-27937.24	0.00	-2626.42
86.30	-28144.17	0.00	-572.37
86.40	-28117.04	0.00	1431.00
86.50	-27862.25	0.00	3367.41
86.60	-27389.11	0.00	5221.46
86.70	-26709.62	0.00	6978.87
86.80	-25838.20	0.00	8626.60
86.90	-24812.98	0.00	10153.06
87.00	-23694.01	0.00	11548.19
87.10	-22493.04	0.00	12803.63
87.20	-21220.59	0.00	13912.77
87.30	-19887.60	0.00	14870.79
87.40	-18505.31	0.00	15674.76
87.50	-17085.26	0.00	16323.55
87.60	-15639.13	0.00	16817.86
87.70	-14178.63	0.00	17160.15
87.80	-12715.44	0.00	17354.57
87.90	-11261.00	0.00	17406.80
88.00	-9826.41	0.00	17324.01
88.10	-8422.30	0.00	17114.61
88.20	-7058.61	0.00	16788.17
88.30	-5744.54	0.00	16355.17
88.40	-4488.37	0.00	15826.85
88.50	-3297.33	0.00	15215.02
88.60	-2177.56	0.00	14531.82
88.70	-1133.98	0.00	13789.54
88.80	-170.26	0.00	13000.44
88.90	711.21	0.00	12176.54
89.00	1509.30	0.00	11329.46
89.10	2224.11	0.00	10470.25
89.20	2856.95	0.00	9609.24
89.30	3410.20	0.00	8755.93
89.40	3887.27	0.00	7918.86
89.50	4292.40	0.00	7105.56
89.60	4630.59	0.00	6322.47
89.70	4907.40	0.00	5574.89
89.80	5128.82	0.00	4867.00
89.90	5301.11	0.00	4201.85
90.00	5430.62	0.00	3581.41
90.10	5523.65	0.00	3006.58
90.20	5586.30	0.00	2477.32
90.30	5624.35	0.00	1992.68
90.40	5643.14	0.00	1550.97
90.50	5647.44	0.00	1149.79
90.60	5641.44	0.00	786.24
90.70	5628.62	0.00	456.96
90.80	5611.76	0.00	158.33
90.90	5592.88	0.00	-113.43
91.00	5573.31	0.00	-362.14
91.10	5553.65	0.00	-591.54
91.20	5533.84	0.00	-805.14
91.30	5513.23	0.00	-1006.19
91.40	5490.64	0.00	-1197.54
91.50	5464.45	0.00	-1381.56
91.60	5432.69	0.00	-1560.13
91.70	5393.16	0.00	-1734.56
91.80	5343.53	0.00	-1905.59
91.90	5281.43	0.00	-2073.38
92.00	5204.60	0.00	-2237.49
92.10	5110.93	0.00	-2396.95
92.20	4998.63	0.00	-2550.29
92.30	4866.24	0.00	-2695.57
92.40	4712.78	0.00	-2830.51
92.50	4537.73	0.00	-2952.48
92.60	4341.16	0.00	-3058.66
92.70	4123.69	0.00	-3146.12
92.80	3886.56	0.00	-3211.89
92.90	3631.58	0.00	-3253.06
93.00	3361.13	0.00	-3266.92
93.10	3078.17	0.00	-3251.01
93.20	2786.11	0.00	-3203.20
93.30	2488.81	0.00	-3121.84
93.40	2190.49	0.00	-3005.73
93.50	1895.65	0.00	-2854.26
93.60	1608.99	0.00	-2667.42
93.70	1335.47	0.00	-2445.86
93.80	1079.79	0.00	-2190.86
93.90	846.50	0.00	-1904.39
94.00	640.01	0.00	-1589.07
94.10	464.44	0.00	-1248.14
94.20	323.55	0.00	-885.46
94.30	220.62	0.00	-505.40
94.40	158.42	0.00	-112.82
94.50	139.11	0.00	287.02
94.60	164.15	0.00	688.55
94.70	234.34	0.00	1085.97
94.80	349.68	0.00	1473.36
94.90	509.46	0.00	1844.78
95.00	712.19	0.00	2194.35
95.10	955.62	0.00	2516.39
95.20	1236.81	0.00	2805.50
95.30	1552.15	0.00	3056.67
95.40	1897.42	0.00	3265.32
95.50	2267.84	0.00	3427.47
95.60	2658.19	0.00	3539.72
95.70	3062.84	0.00	3599.38
95.80	3475.92	0.00	3604.47
95.90	3891.32	0.00	3553.79
96.00	4302.88	0.00	3446.91
96.10	4704.40	0.00	3284.23
96.20	5089.80	0.00	3066.89
96.30	5453.20	0.00	2796.85
96.40	5788.97	0.00	2476.77
96.50	6091.84	0.00	2110.02
96.60	6356.96	0.00	1700.59
96.70	6579.97	0.00	1253.04
96.80	6757.04	0.00	772.41
96.90	6884.94	0.00	264.16
97.00	6961.04	0.00	-265.95
97.10	6983.34	0.00	-811.92
97.20	6950.51	0.00	-1367.66
97.30	6861.88	0.00	-1927.01
97.40	6717.41	0.00	-2483.89
97.50	6517.72	0.00	-3032.39
97.60	6264.02	0.00	-3566.80
97.70	5958.14	0.00	-4081.77
97.80	5602.41	0.00	-4572.31
97.90	5199.67	0.00	-5033.88
98.00	4753.23	0.00	-5462.44
98.10	4266.77	0.00	-5854.49
98.20	3744.28	0.00	-6207.10
98.30	3190.04	0.00	-6517.91
98.40	2608.52	0.00	-6785.16
98.50	2004.33	0.00	-7007.66
98.60	1382.11	0.00	-7184.80
98.70	746.55	0.00	-7316.48
98.80	102.25	0.00	-7403.13
98.90	-546.31	0.00	-7445.61
99.00	-1194.79	0.00	-7445.21
99.10	-1839.10	0.00	-7403.57
99.20	-2475.36	0.00	-7322.61
99.30	-3100.01	0.00	-7204.48
99.40	-3709.75	0.00	-7051.52
99.50	-4301.63	0.00	-6866.17
99.60	-4872.99	0.00	-6650.94
99.70	-5421.49	0.00	-6408.33
99.80	-5945.11	0.00	-6140.79
99.90	-6442.08	0.00	-5850.71
100.00	-6910.93	0.00	-5540.34
100.10	-7350.38	0.00	-5211.80
100.20	-7759.37	0.00	-4867.03
100.30	-8137.02	0.00	-4507.83
100.40	-8482.55	0.00	-4135.79
100.50	-8795.30	0.00	-3752.37
100.60	-9074.68	0.00	-3358.86
100.70	-9320.14	0.00	-2956.41
100.80	-9531.14	0.00	-2546.09
100.90	-9707.18	0.00	-2128.86
101.00	-9847.73	0.00	-1705.66
101.10	-9952.26	0.00	-1277.40
101.20	-10020.27	0.00	-845.02
101.30	-10052.46	0.00	-409.51
101.40	-10056.68	0.00	28.05
101.50	-10034.03	0.00	466.48
101.60	-9984.03	0.00	904.48
101.70	-9906.14	0.00	1340.61
101.80	-9799.86	0.00	1773.27
101.90	-9664.74	0.00	2200.72
102.00	-9500.43	0.00	2621.09
102.10	-9306.69	0.00	3032.39
102.20	-9083.45	0.00	3432.53
102.30	-8830.87	0.00	3819.35
102.40	-8549.33	0.00	4190.66
102.50	-8239.45	0.00	4544.30
102.60	-7902.16	0.00	4878.15
102.70	-7538.66	0.00	5190.21
102.80	-7150.45	0.00	5478.63
102.90	-6739.31	0.00	5741.75
103.00	-6307.29	0.00	5978.19
103.10	-5856.70	0.00	6186.85
103.20	-5390.04	0.00	6366.93
103.30	-4910.01	0.00	6518.03
103.40	-4419.43	0.00	6640.10
103.50	-3921.18	0.00	6733.49
103.60	-3418.16	0.00	6798.94
103.70	-2913.23	0.00	6837.56
103.80	-2409.15	0.00	6850.84
103.90	-1908.47	0.00	6840.59
104.00	-1413.57	0.00	6808.92
104.10	-926.49	0.00	6758.17
104.20	-448.99	0.00	6690.89
104.30	17.58	0.00	6609.70
104.40	472.24	0.00	6517.33
104.50	914.42	0.00	6416.44
104.60	1343.99	0.00	6309.62
104.70	1761.21	0.00	6199.27
104.80	2166.75	0.00	6087.57
104.90	2561.61	0.00	5976.35
105.00	2947.12	0.00	5867.13
105.10	3324.86	0.00	5760.97
105.20	3696.60	0.00	5658.48
105.30	4064.20	0.00	5559.80
105.40	4429.58	0.00	5464.55
105.50	4794.58	0.00	5371.86
105.60	5160.92	0.00	5280.37
105.70	5530.08	0.00	5188.23
105.80	5903.24	0.00	5093.19
105.90	6281.20	0.00	4992.62
106.00	6664.30	0.00	4883.56
106.10	7052.39	0.00	4762.82
106.20	7444.76	0.00	4627.05
106.30	7840.12	0.00	4472.82
106.40	8236.57	0.00	4296.74
106.50	8631.65	0.00	4095.50
106.60	9022.30	0.00	3866.02
106.70	9404.91	0.00	3605.48
106.80	9775.40	0.00	3311.46
106.90	10129.24	0.00	2981.98
107.00	10461.57	0.00	2615.58
107.10	10767.26	0.00	2211.38
107.20	11041.02	0.00	1769.10
107.30	11281.99	0.00	1289.12
107.40	11494.32	0.00	772.50
107.50	11673.85	0.00	220.94
107.60	11816.27	0.00	-363.20
107.70	11917.40	0.00	-976.90
107.80	11973.30	0.00	-1616.57
107.90	11980.31	0.00	-2278.09
108.00	11935.13	0.00	-2956.81
108.10	11834.85	0.00	-3647.72
108.20	11677.00	0.00	-4345.41
108.30	11459.61	0.00	-5044.26
108.40	11181.22	0.00	-5738.45
108.50	10840.90	0.00	-6422.07
108.60	10438.30	0.00	-7089.19
108.70	9973.61	0.00	-7733.99
108.80	9447.61	0.00	-8350.76
108.90	8861.65	0.00	-8934.03
109.00	8217.63	0.00	-9478.62
109.10	7517.98	0.00	-9979.69
109.20	6765.69	0.00	-10432.80
109.30	5964.22	0.00	-10833.93
109.40	5117.50	0.00	-11179.56
109.50	4229.90	0.00	-11466.62
109.60	3306.21	0.00	-11692.55
109.70	2351.54	0.00	-11855.33
109.80	1371.36	0.00	-11953.42
109.90	371.41	0.00	-11985.78
110.00	-642.36	0.00	-11951.88
110.10	-1663.76	0.00	-11851.65
110.20	-2686.50	0.00	-11685.46
110.30	-3704.16	0.00	-11454.13
110.40	-4710.26	0.00	-11158.87
110.50	-5698.34	0.00	-10801.29
110.60	-6661.93	0.00	-10383.33
110.70	-7594.66	0.00	-9907.29
110.80	-8490.28	0.00	-9375.77
110.90	-9342.70	0.00	-8791.65
111.00	-10146.04	0.00	-8158.11
111.10	-10894.68	0.00	-7478.57
111.20	-11583.31	0.00	-6756.68
111.30	-12206.93	0.00	-5996.34
111.40	-12760.96	0.00	-5201.66
111.50	-13241.23	0.00	-4376.94
111.60	-13644.05	0.00	-3526.68
111.70	-13966.25	0.00	-2655.56
111.80	-14205.19	0.00	-1768.42
111.90	-14358.83	0.00	-870.25
112.00	-14425.76	0.00	33.83
112.10	-14405.19	0.00	938.60
112.20	-14300.31	0.00	1838.75
112.30	-14128.26	0.00	2728.90
112.40	-13891.72	0.00	3603.66
112.50	-13591.21	0.00	4457.64
112.60	-13227.54	0.00	5285.49
112.70	-12801.81	0.00	6081.97
112.80	-12315.47	0.00	6841.93
112.90	-11770.31	0.00	7560.43
113.00	-11168.49	0.00	8232.73
113.10	-10512.59	0.00	8854.36
113.20	-9805.59	0.00	9421.18
113.30	-9050.91	0.00	9929.41
113.40	-8252.38	0.00	10375.67
113.50	-7414.28	0.00	10757.03
113.60	-6541.28	0.00	11071.06
113.70	-5638.47	0.00	11315.84
113.80	-4711.28	0.00	11490.03
113.90	-3765.49	0.00	11592.81
114.00	-2807.15	0.00	11624.01
114.10	-1842.54	0.00	11584.01
114.20	-878.09	0.00	11473.82
114.30	79.64	0.00	11295.03
114.40	1024.12	0.00	11049.79
114.50	1948.81	0.00	10740.84
114.60	2847.37	0.00	10371.40
114.70	3713.64	0.00	9945.21
114.80	4541.74	0.00	9466.43
114.90	5326.20	0.00	8939.62
115.00	6061.95	0.00	8369.65
115.10	6744.44	0.00	7761.70
115.20	7369.68	0.00	7121.14
115.30	7934.28	0.00	6453.48
115.40	8435.50	0.00	5764.33
115.50	8871.24	0.00	5059.28
115.60	9240.12	0.00	4343.90
115.70	9541.41	0.00	3623.62
115.80	9775.06	0.00	2903.72
115.90	9941.67	0.00	2189.23
116.00	10042.46	0.00	1484.91
116.10	10079.22	0.00	795.20
116.20	10054.26	0.00	124.18
116.30	9970.39	0.00	-524.47
116.40	9830.80	0.00	-1147.48
116.50	9639.03	0.00	-1741.98
116.60	9398.90	0.00	-2305.59
116.70	9117.27	0.00	-2836.31
116.80	8804.08	0.00	-3332.60
116.90	8462.82	0.00	-3793.35
117.00	8096.67	0.00	-4217.82
117.10	7708.70	0.00	-4605.66
117.20	7301.87	0.00	-4956.87
117.30	6878.97	0.00	-5271.75
117.40	6442.65	0.00	-5550.88
117.50	5995.36	0.00	-5795.10
117.60	5539.39	0.00	-6005.43
117.70	5076.82	0.00	-6183.07
117.80	4609.54	0.00	-6329.32
117.90	4139.24	0.00	-6445.60
118.00	3667.45	0.00	-6533.36
118.10	3195.52	0.00	-6594.07
118.20	2724.63	0.00	-6629.20
118.30	2255.82	0.00	-6640.16
118.40	1790.01	0.00	-6628.31
118.50	1328.01	0.00	-6594.94
118.60	870.53	0.00	-6541.23
118.70	418.23	0.00	-6468.25
118.80	-28.29	0.00	-6376.97
118.90	-468.43	0.00	-6268.23
119.00	-901.63	0.00	-6142.75
119.10	-1327.29	0.00	-6001.15
119.20	-1744.79	0.00	-5843.94
119.30	-2153.46	0.00	-5671.53
119.40	-2552.57	0.00	-5484.25
119.50	-2941.32	0.00	-5282.35
119.60	-3318.84	0.00	-5066.03
119.70	-3684.18	0.00	-4835.47
119.80	-4036.29	0.00	-4590.80
119.90	-4374.06	0.00	-4332.18
120.00	-4696.29	0.00	-4059.75
120.10	-5001.70	0.00	-3773.73
120.20	-5288.96	0.00	-3474.34
120.30	-5556.69	0.00	-3161.90
120.40	-5803.47	0.00	-2836.80
120.50	-6027.86	0.00	-2499.53
120.60	-6228.42	0.00	-2150.67
120.70	-6403.72	0.00	-1790.93
120.80	-6552.38	0.00	-1421.13
120.90	-6673.05	0.00	-1042.22
121.00	-6764.49	0.00	-655.29
121.10	-6825.55	0.00	-261.55
121.20	-6855.57	0.00	137.67
121.30	-6857.46	0.00	540.89
121.40	-6831.42	0.00	946.51
121.50	-6776.79	0.00	1352.85
121.60	-6692.99	0.00	1758.08
121.70	-6579.54	0.00	2160.30
121.80	-6436.10	0.00	2557.52
121.90	-6262.47	0.00	2947.68
122.00	-6058.60	0.00	3328.69
122.10	-5824.58	0.00	3698.38
122.20	-5560.71	0.00	4054.60
122.30	-5267.44	0.00	4395.16
122.40	-4945.44	0.00	4717.92
122.50	-4595.56	0.00	5020.75
122.60	-4218.86	0.00	5301.59
122.70	-3816.63	0.00	5558.44
122.80	-3390.35	0.00	5789.39
122.90	-2941.73	0.00	5992.66
123.00	-2472.71	0.00	6166.57
123.10	-1985.41	0.00	6309.61
123.20	-1482.19	0.00	6420.42
123.30	-965.59	0.00	6497.84
123.40	-438.35	0.00	6540.87
123.50	96.63	0.00	6548.75
123.60	636.27	0.00	6520.94
123.70	1177.36	0.00	6457.13
123.80	1716.57	0.00	6357.24
123.90	2250.47	0.00	6221.47
124.00	2775.57	0.00	6050.26
124.10	3288.35	0.00	5844.33
124.20	3785.28	0.00	5604.65
124.30	4262.85	0.00	5332.47
124.40	4717.61	0.00	5029.29
124.50	5146.25	0.00	4696.88
124.60	5545.57	0.00	4337.26
124.70	5912.53	0.00	3952.69
124.80	6244.35	0.00	3545.64
124.90	6538.48	0.00	3118.81
125.00	6792.63	0.00	2675.09
125.10	7004.86	0.00	2217.53
125.20	7173.57	0.00	1749.32
125.30	7297.52	0.00	1273.79
125.40	7375.87	0.00	794.32
125.50	7408.19	0.00	314.37
125.60	7394.49	0.00	-162.58
125.70	7338.74	0.00	-633.06
125.80	7244.01	0.00	-1093.65
125.90	7111.28	0.00	-1541.04
126.00	6941.79	0.00	-1972.00
126.10	6737.08	0.00	-2383.50
126.20	6498.94	0.00	-2772.67
126.30	6229.45	0.00	-3136.88
126.40	5930.90	0.00	-3473.75
126.50	5605.83	0.00	-3781.21
126.60	5256.97	0.00	-4057.47
126.70	4887.23	0.00	-4301.09
126.80	4499.67	0.00	-4510.99
126.90	4097.47	0.00	-4686.43
127.00	3683.90	0.00	-4827.05
127.10	3262.26	0.00	-4932.87
127.20	2835.87	0.00	-5004.29
127.30	2408.01	0.00	-5042.04
127.40	1981.90	0.00	-5047.23
127.50	1560.63	0.00	-5021.30
127.60	1147.16	0.00	-4965.98
127.70	744.24	0.00	-4883.28
127.80	354.43	0.00	-4775.47
127.90	-20.01	0.00	-4645.02
128.00	-377.05	0.00	-4494.58
128.10	-714.99	0.00	-4326.91
128.20	-1032.46	0.00	-4144.87
128.30	-1328.40	0.00	-3951.35
128.40	-1602.09	0.00	-3749.25
128.50	-1853.16	0.00	-3541.41
128.60	-2081.55	0.00	-3330.59
128.70	-2287.55	0.00	-3119.40
128.80	-2471.72	0.00	-2910.30
128.90	-2634.91	0.00	-2705.56
129.00	-2778.22	0.00	-2507.20
129.10	-2902.95	0.00	-2317.01
129.20	-3010.61	0.00	-2136.47
129.30	-3102.82	0.00	-1966.82
129.40	-3181.34	0.00	-1808.98
129.50	-3247.97	0.00	-1663.58
129.60	-3304.55	0.00	-1530.95
129.70	-3352.89	0.00	-1411.16
129.80	-3394.76	0.00	-1303.96
129.90	-3431.86	0.00	-1208.90
130.00	-3465.75	0.00	-1125.26
130.10	-3497.86	0.00	-1052.13
130.20	-3529.46	0.00	-988.40
130.30	-3561.62	0.00	-932.83
130.40	-3595.23	0.00	-884.04
130.50	-3630.97	0.00	-840.58
130.60	-3669.32	0.00	-800.92
130.70	-3710.53	0.00	-763.53
130.80	-3754.66	0.00	-726.87
130.90	-3801.59	0.00	-689.41
131.00	-3850.99	0.00	-649.69
131.10	-3902.39	0.00	-606.34
131.20	-3955.16	0.00	-558.04
131.30	-4009.50	0.00	-503.63
131.40	-4065.39	0.00	-442.03
131.50	-4121.94	0.00	-372.29
131.60	-4178.22	0.00	-293.60
131.70	-4233.25	0.00	-205.29
131.80	-4286.02	0.00	-106.78
131.90	-4335.48	0.00	2.33
132.00	-4380.60	0.00	122.38
132.10	-4420.35	0.00	253.56
132.20	-4453.71	0.00	395.98
132.30	-4479.68	0.00	549.65
132.40	-4497.27	0.00	714.51
132.50	-4505.51	0.00	890.42
132.60	-4503.44	0.00	1077.17
132.70	-4490.10	0.00	1274.50
132.80	-4464.54	0.00	1482.08
132.90	-4425.80	0.00	1699.53
133.00	-4372.89	0.00	1926.40
133.10	-4304.82	0.00	2162.19
133.20	-4220.54	0.00	2406.31
133.30	-4118.99	0.00	2658.10
133.40	-3999.05	0.00	2916.78
133.50	-3859.59	0.00	3181.48
133.60	-3699.43	0.00	3451.17
133.70	-3517.36	0.00	3724.68
133.80	-3312.18	0.00	4000.70
133.90	-3082.67	0.00	4277.70
134.00	-2827.69	0.00	4553.96
134.10	-2546.10	0.00	4827.55
134.20	-2236.91	0.00	5096.31
134.30	-1899.22	0.00	5357.87
134.40	-1532.33	0.00	5609.60
134.50	-1135.74	0.00	5848.68
134.60	-709.23	0.00	6072.05
134.70	-252.88	0.00	6276.47
134.80	232.85	0.00	6458.54
134.90	747.10	0.00	6614.71
135.00	1288.56	0.00	6741.35
135.10	1855.41	0.00	6834.78
135.20	2445.32	0.00	6891.33
135.30	3055.38	0.00	6907.39
135.40	3682.13	0.00	6879.51
135.50	4321.50	0.00	6804.43
135.60	4968.89	0.00	6679.15
135.70	5619.09	0.00	6501.06
135.80	6266.40	0.00	6267.93
135.90	6904.61	0.00	5978.04
136.00	7527.13	0.00	5630.26
136.10	8126.97	0.00	5224.04
136.20	8696.94	0.00	4759.53
136.30	9229.64	0.00	4237.61
136.40	9717.67	0.00	3659.92
136.50	10153.67	0.00	3028.89
136.60	10530.52	0.00	2347.74
136.70	10841.42	0.00	1620.50
136.80	11081.26	0.00	851.99
136.90	11254.51	0.00	47.79
137.00	11358.83	0.00	-785.82
137.10	11390.21	0.00	-1641.88
137.20	11345.21	0.00	-2512.88
137.30	11220.98	0.00	-3390.76
137.40	11015.37	0.00	-4267.09
137.50	10726.98	0.00	-5133.14
137.60	10355.20	0.00	-5979.96
137.70	9900.28	0.00	-6798.57
137.80	9363.37	0.00	-7580.04
137.90	8746.56	0.00	-8315.60
138.00	8052.86	0.00	-8996.84
138.10	7286.27	0.00	-9615.74
138.20	6451.73	0.00	-10164.87
138.30	5555.11	0.00	-10637.47
138.40	4603.18	0.00	-11027.52
138.50	3603.56	0.00	-11329.91
138.60	2564.63	0.00	-11540.43
138.70	1495.48	0.00	-11655.93
138.80	405.78	0.00	-11674.26
138.90	-694.31	0.00	-11594.40
139.00	-1794.31	0.00	-11416.44
139.10	-2883.51	0.00	-11141.54
139.20	-3951.14	0.00	-10771.98
139.30	-4986.52	0.00	-10311.08
139.40	-5979.22	0.00	-9763.15
139.50	-6919.21	0.00	-9133.46
139.60	-7797.01	0.00	-8428.12
139.70	-8603.82	0.00	-7654.03
139.80	-9331.67	0.00	-6818.73
139.90	-9973.51	0.00	-5930.36
140.00	-10523.33	0.00	-4997.48
140.10	-10976.23	0.00	-4029.03
140.20	-11328.49	0.00	-3034.14
140.30	-11577.58	0.00	-2022.06
140.40	-11722.21	0.00	-1002.04
140.50	-11762.28	0.00	16.79
140.60	-11698.90	0.00	1025.49
140.70	-11534.29	0.00	2015.46
140.80	-11273.91	0.00	2978.46
140.90	-10932.13	0.00	3906.73
141.00	-10514.20	0.00	4793.03
141.10	-10024.37	0.00	5630.70
141.20	-9467.27	0.00	6413.72
141.30	-8847.92	0.00	7136.70
141.40	-8171.64	0.00	7794.94
141.50	-7444.03	0.00	8384.43
141.60	-6670.91	0.00	8901.84
141.70	-5858.33	0.00	9344.52
141.80	-5012.47	0.00	9710.48
141.90	-4139.66	0.00	9998.40
142.00	-3246.31	0.00	10207.54
142.10	-2338.89	0.00	10337.78
142.20	-1423.90	0.00	10389.54
142.30	-507.83	0.00	10363.77
142.40	402.87	0.00	10261.90
142.50	1301.80	0.00	10085.81
142.60	2182.69	0.00	9837.81
142.70	3039.37	0.00	9520.57
142.80	3865.85	0.00	9137.12
142.90	4656.34	0.00	8690.82
143.00	5405.26	0.00	8185.33
143.10	6107.30	0.00	7624.55
143.20	6757.44	0.00	7012.68
143.30	7350.98	0.00	6354.10
143.40	7883.59	0.00	5653.43
143.50	8351.32	0.00	4915.49
143.60	8750.65	0.00	4145.27
143.70	9078.53	0.00	3347.93
143.80	9332.37	0.00	2528.78
143.90	9510.13	0.00	1693.26
144.00	9610.31	0.00	846.92
144.10	9634.54	0.00	-4.58
144.20	9589.61	0.00	-855.51
144.30	9475.96	0.00	-1700.09
144.40	9293.89	0.00	-2532.52
144.50	9044.05	0.00	-3347.01
144.60	8727.43	0.00	-4137.82
144.70	8345.41	0.00	-4899.27
144.80	7899.78	0.00	-5625.82
144.90	7392.72	0.00	-6312.07
145.00	6826.88	0.00	-6952.84
145.10	6205.37	0.00	-7543.21
145.20	5531.79	0.00	-8078.56
145.30	4810.22	0.00	-8554.61
145.40	4045.22	0.00	-8967.47
145.50	3241.87	0.00	-9313.72
145.60	2405.69	0.00	-9590.40
145.70	1542.68	0.00	-9795.12
145.80	659.25	0.00	-9926.01
145.90	-237.79	0.00	-9981.84
146.00	-1141.34	0.00	-9962.00
146.10	-2043.99	0.00	-9866.53
146.20	-2938.15	0.00	-9696.15
146.30	-3816.12	0.00	-9452.23
146.40	-4670.15	0.00	-9136.87
146.50	-5492.57	0.00	-8752.78
146.60	-6275.86	0.00	-8303.38
146.70	-7012.75	0.00	-7792.69
146.80	-7696.35	0.00	-7225.35
146.90	-8320.23	0.00	-6606.54
147.00	-8878.50	0.00	-5941.96
147.10	-9365.94	0.00	-5237.77
147.20	-9778.04	0.00	-4500.52
147.30	-10111.12	0.00	-3737.10
147.40	-10362.36	0.00	-2954.62
147.50	-10529.85	0.00	-2160.39
147.60	-10613.33	0.00	-1361.80
147.70	-10621.75	0.00	-566.24
147.80	-10558.81	0.00	218.96
147.90	-10426.06	0.00	986.66
148.00	-10225.69	0.00	1729.95
148.10	-9960.44	0.00	2442.27
148.20	-9633.66	0.00	3117.47
148.30	-9249.23	0.00	3749.90
148.40	-8811.55	0.00	4334.45
148.50	-8325.52	0.00	4866.65
148.60	-7796.48	0.00	5342.74
148.70	-7230.15	0.00	5759.65
148.80	-6632.61	0.00	6115.11
148.90	-6010.22	0.00	6407.65
149.00	-5369.52	0.00	6636.62
149.10	-4717.21	0.00	6802.22
149.20	-4060.02	0.00	6905.45
149.30	-3404.66	0.00	6948.17
149.40	-2757.69	0.00	6933.00
149.50	-2125.45	0.00	6863.35
149.60	-1513.99	0.00	6743.32
149.70	-928.90	0.00	6577.69
149.80	-375.32	0.00	6371.82
149.90	142.23	0.00	6131.57
150.00	619.89	0.00	5863.24
150.10	1054.54	0.00	5573.48
150.20	1443.84	0.00	5269.17
150.30	1786.32	0.00	4957.30
150.40	2081.37	0.00	4644.91
150.50	2329.30	0.00	4338.95
150.60	2531.32	0.00	4046.16
150.70	2689.53	0.00	3772.98
150.80	2806.92	0.00	3525.44
150.90	2887.27	0.00	3309.03
151.00	2935.16	0.00	3128.63
151.10	2955.87	0.00	2988.41
151.20	2955.26	0.00	2891.72
151.30	2939.73	0.00	2841.07
151.40	2916.06	0.00	2838.02
151.50	2891.34	0.00	2883.16
151.60	2872.79	0.00	2976.06
151.70	2867.67	0.00	3115.26
151.80	2883.13	0.00	3298.26
151.90	2926.08	0.00	3521.55
152.00	3003.02	0.00	3780.61
152.10	3119.96	0.00	4069.98
152.20	3282.26	0.00	4383.32
152.30	3494.49	0.00	4713.46
152.40	3760.35	0.00	5052.52
152.50	4082.53	0.00	5392.03
152.60	4462.62	0.00	5723.01
152.70	4901.06	0.00	6036.12
152.80	5396.99	0.00	6321.80
152.90	5948.32	0.00	6570.42
153.00	6551.56	0.00	6772.43
153.10	7201.93	0.00	6918.51
153.20	7893.28	0.00	6999.73
153.30	8618.17	0.00	7007.72
153.40	9367.92	0.00	6934.79
153.50	10132.98	0.00	6774.10
153.60	10910.61	0.00	6519.81
153.70	11694.64	0.00	6167.15
153.80	12475.34	0.00	5712.59
153.90	13242.46	0.00	5153.91
154.00	13985.39	0.00	4490.26
154.10	14693.25	0.00	3722.27
154.20	15355.00	0.00	2852.05
154.30	15959.57	0.00	1883.21
154.40	16495.95	0.00	820.89
154.50	16953.31	0.00	-328.30
154.60	17321.12	0.00	-1556.32
154.70	17589.22	0.00	-2853.76
154.80	17748.01	0.00	-4209.91
154.90	17788.50	0.00	-5612.94
155.00	17702.45	0.00	-7049.95
155.10	17482.49	0.00	-8507.15
155.20	17122.24	0.00	-9970.05
155.30	16616.45	0.00	-11423.58
155.40	15961.10	0.00	-12852.31
155.50	15153.56	0.00	-14240.64
155.60	14192.67	0.00	-15573.01
155.70	13078.90	0.00	-16834.04
155.80	11814.43	0.00	-18008.81
155.90	10403.25	0.00	-19083.01
156.00	8851.23	0.00	-20043.13
156.10	7166.20	0.00	-20876.66
156.20	5357.94	0.00	-21572.22
156.30	3438.20	0.00	-22119.77
156.40	1420.68	0.00	-22510.67
156.50	-679.11	0.00	-22737.89
156.60	-2843.90	0.00	-22796.01
156.70	-5054.82	0.00	-22681.37
156.80	-7291.64	0.00	-22392.09
156.90	-9532.96	0.00	-21928.10
157.00	-11756.50	0.00	-21291.16
157.10	-13939.40	0.00	-20484.83
157.20	-16058.54	0.00	-19514.43
157.30	-18090.90	0.00	-18386.99
157.40	-20013.91	0.00	-17111.15
157.50	-21805.81	0.00	-15697.07
157.60	-23446.04	0.00	-14156.32
157.70	-24915.57	0.00	-12501.72
157.80	-26197.22	0.00	-10747.18
157.90	-27275.98	0.00	-8907.58
158.00	-28139.26	0.00	-6998.55
158.10	-28777.11	0.00	-5036.34
158.20	-29182.38	0.00	-3037.59
158.30	-29354.79	0.00	-1019.15
158.40	-29359.72	0.00	1002.09
158.50	-29221.93	0.00	3009.37
158.60	-28942.90	0.00	4986.29
158.70	-28524.61	0.00	6916.94
158.80	-27969.58	0.00	8786.08
158.90	-27280.87	0.00	10579.28
159.00	-26462.12	0.00	12283.09
159.10	-25517.57	0.00	13885.13
159.20	-24452.15	0.00	15374.23
159.30	-23271.46	0.00	16740.50
159.40	-21981.87	0.00	17975.43
159.50	-20590.48	0.00	19071.92
159.60	-19105.20	0.00	20024.36
159.70	-17534.72	0.00	20828.61
159.80	-15888.47	0.00	21482.06
159.90	-14176.64	0.00	21983.54
160.00	-12410.06	0.00	22333.37
160.10	-10600.15	0.00	22533.27
160.20	-8758.83	0.00	22586.28
160.30	-6898.37	0.00	22496.74
160.40	-5031.29	0.00	22270.14
160.50	-3170.21	0.00	21913.08
160.60	-1327.69	0.00	21433.09
160.70	483.96	0.00	20838.58
160.80	2252.77	0.00	20138.66
160.90	3967.34	0.00	19343.04
161.00	5616.94	0.00	18461.90
161.10	7191.65	0.00	17505.72
161.20	8682.52	0.00	16485.22
161.30	10081.65	0.00	15411.12
161.40	11382.26	0.00	14294.14
161.50	12578.78	0.00	13144.77
161.60	13666.88	0.00	11973.23
161.70	14643.49	0.00	10789.32
161.80	15506.78	0.00	9602.38
161.90	16256.15	0.00	8421.13
162.00	16892.17	0.00	7253.66
162.10	17416.48	0.00	6107.35
162.20	17831.78	0.00	4988.80
162.30	18141.66	0.00	3903.84
162.40	18350.49	0.00	2857.46
162.50	18463.35	0.00	1853.83
162.60	18485.85	0.00	896.28
162.70	18424.04	0.00	-12.66
162.80	18284.25	0.00	-871.28
162.90	18072.99	0.00	-1678.59
163.00	17796.83	0.00	-2434.34
163.10	17462.25	0.00	-3138.93
163.20	17075.58	0.00	-3793.37
163.30	16654.41	0.00	-4399.20
163.40	16222.34	0.00	-4958.42
163.50	15782.55	0.00	-5473.43
163.60	15337.34	0.00	-5946.94
163.70	14888.53	0.00	-6381.89
163.80	14437.40	0.00	-6781.37
163.90	13984.74	0.00	-7148.55
164.00	13530.87	0.00	-7486.61
164.10	13075.62	0.00	-7798.63
164.20	12618.44	0.00	-8087.59
164.30	12158.36	0.00	-8356.24
164.40	11694.08	0.00	-8607.07
164.50	11224.02	0.00	-8842.27
164.60	10746.33	0.00	-9063.68
164.70	10258.98	0.00	-9272.74
164.80	9759.82	0.00	-9470.51
164.90	9246.63	0.00	-9657.59
165.00	8717.19	0.00	-9834.18
165.10	8169.36	0.00	-10000.03
165.20	7601.11	0.00	-10154.48
165.30	7010.63	0.00	-10296.47
165.40	6396.35	0.00	-10424.58
165.50	5757.03	0.00	-10537.04
165.60	5091.81	0.00	-10631.80
165.70	4400.25	0.00	-10706.59
165.80	3682.38	0.00	-10758.93
165.90	2938.75	0.00	-10786.23
166.00	2170.44	0.00	-10785.84
166.10	1379.09	0.00	-10755.10
166.20	566.90	0.00	-10691.43
166.30	-263.34	0.00	-10592.40
166.40	-1108.32	0.00	-10455.74
166.50	-1964.17	0.00	-10279.48
166.60	-2826.52	0.00	-10061.92
166.70	-3690.56	0.00	-9801.77
166.80	-4551.05	0.00	-9498.11
166.90	-5402.43	0.00	-9150.51
167.00	-6238.88	0.00	-8758.98
167.10	-7054.37	0.00	-8324.04
167.20	-7842.79	0.00	-7846.75
167.30	-8598.00	0.00	-7328.66
167.40	-9313.97	0.00	-6771.85
167.50	-9984.81	0.00	-6178.89
167.60	-10604.93	0.00	-5552.84
167.70	-11169.07	0.00	-4897.21
167.80	-11672.46	0.00	-4215.92
167.90	-12110.80	0.00	-3513.26
168.00	-12480.42	0.00	-2793.84
168.10	-12778.29	0.00	-2062.56
168.20	-13002.11	0.00	-1324.49
168.30	-13150.29	0.00	-584.86
168.40	-13222.03	0.00	150.99
168.50	-13217.32	0.00	877.75
168.60	-13136.93	0.00	1590.11
168.70	-12982.40	0.00	2282.89
168.80	-12756.02	0.00	2951.08
168.90	-12460.80	0.00	3589.90
169.00	-12108.10	0.00	4194.85
169.10	-11710.04	0.00	4761.76
169.20	-11269.77	0.00	5286.86
169.30	-10790.72	0.00	5766.78
169.40	-10276.58	0.00	6198.61
169.50	-9731.29	0.00	6579.95
169.60	-9159.01	0.00	6908.88
169.70	-8564.07	0.00	7184.03
169.80	-7950.95	0.00	7404.56
169.90	-7324.25	0.00	7570.17
170.00	-6688.63	0.00	7681.10
170.10	-6048.75	0.00	7738.13
170.20	-5409.28	0.00	7742.55
170.30	-4774.79	0.00	7696.15
170.40	-4149.76	0.00	7601.20
170.50	-3538.46	0.00	7460.39
170.60	-2944.99	0.00	7276.85
170.70	-2373.15	0.00	7054.05
170.80	-1826.46	0.00	6795.78
170.90	-1308.07	0.00	6506.14
171.00	-820.74	0.00	6189.40
171.10	-366.83	0.00	5850.05
171.20	51.77	0.00	5492.65
171.30	433.63	0.00	5121.86
171.40	777.82	0.00	4742.31
171.50	1083.89	0.00	4358.59
171.60	1351.90	0.00	3975.16
171.70	1582.38	0.00	3596.34
171.80	1776.35	0.00	3226.20
171.90	1935.27	0.00	2868.57
172.00	2061.03	0.00	2526.94
172.10	2155.91	0.00	2204.47
172.20	2222.51	0.00	1903.90
172.30	2263.74	0.00	1627.59
172.40	2282.75	0.00	1377.42
172.50	2282.89	0.00	1154.82
172.60	2267.62	0.00	960.76
172.70	2240.46	0.00	795.73
172.80	2204.98	0.00	659.74
172.90	2164.65	0.00	552.36
173.00	2122.88	0.00	472.70
173.10	2082.88	0.00	419.47
173.20	2047.68	0.00	391.00
173.30	2020.02	0.00	385.25
173.40	2002.36	0.00	399.88
173.50	1996.83	0.00	432.32
173.60	2005.19	0.00	479.73
173.70	2028.81	0.00	539.17
173.80	2068.66	0.00	607.55
173.90	2125.31	0.00	681.73
174.00	2198.93	0.00	758.60
174.10	2289.25	0.00	835.08
174.20	2395.66	0.00	908.17
174.30	2517.13	0.00	975.06
174.40	2652.31	0.00	1033.12
174.50	2799.52	0.00	1079.93
174.60	2956.83	0.00	1113.36
174.70	3122.01	0.00	1131.57
174.80	3292.68	0.00	1133.05
174.90	3466.29	0.00	1116.59
175.00	3640.16	0.00	1081.38
175.10	3811.58	0.00	1026.93
175.20	3977.81	0.00	953.11
175.30	4136.15	0.00	860.13
175.40	4283.97	0.00	748.55
175.50	4418.79	0.00	619.24
175.60	4538.25	0.00	473.36
175.70	4640.23	0.00	312.34
175.80	4722.83	0.00	137.87
175.90	4784.41	0.00	-48.18
176.00	4823.60	0.00	-243.75
176.10	4839.61	0.00	-446.66
176.20	4833.61	0.00	-654.61
176.30	4805.53	0.00	-865.25
176.40	4755.19	0.00	-1076.20
176.50	4682.65	0.00	-1285.10
176.60	4588.26	0.00	-1489.64
176.70	4472.58	0.00	-1687.56
176.80	4336.42	0.00	-1876.74
176.90	4180.78	0.00	-2055.17
177.00	4006.87	0.00	-2221.01
177.10	3816.07	0.00	-2372.59
177.20	3609.90	0.00	-2508.44
177.30	3390.00	0.00	-2627.27
177.40	3158.13	0.00	-2728.04
177.50	2916.10	0.00	-2809.89
177.60	2665.80	0.00	-2872.21
177.70	2409.13	0.00	-2914.56
177.80	2148.00	0.00	-2936.75
177.90	1884.33	0.00	-2938.77
178.00	1619.98	0.00	-2920.81
178.10	1356.79	0.00	-2883.21
178.20	1096.51	0.00	-2826.51
178.30	840.83	0.00	-2751.37
178.40	591.37	0.00	-2658.59
178.50	349.63	0.00	-2549.08
178.60	117.03	0.00	-2423.85
178.70	-105.12	0.00	-2284.01
178.80	-315.61	0.00	-2130.73
178.90	-513.33	0.00	-1965.23
179.00	-697.28	0.00	-1788.79
179.10	-866.55	0.00	-1602.73
179.20	-1020.34	0.00	-1408.39
179.30	-1157.93	0.00	-1207.13
179.40	-1278.69	0.00	-1000.37
179.50	-1382.08	0.00	-789.49
179.60	-1467.65	0.00	-575.95
179.70	-1535.01	0.00	-361.17
179.80	-1583.88	0.00	-146.64
179.90	-1614.03	0.00	66.16
180.00	-1625.32	0.00	275.71
180.10	-1617.70	0.00	480.45
180.20	-1591.20	0.00	678.83
180.30	-1545.96	0.00	869.21
180.40	-1482.20	0.00	1049.96
180.50	-1400.27	0.00	1219.40
180.60	-1300.62	0.00	1375.82
180.70	-1183.86	0.00	1517.48
180.80	-1050.72	0.00	1642.63
180.90	-902.08	0.00	1749.49
181.00	-739.01	0.00	1836.30
181.10	-562.72	0.00	1901.32
181.20	-374.65	0.00	1942.81
181.30	-176.38	0.00	1959.11
181.40	30.26	0.00	1948.63
181.50	243.27	0.00	1909.88
181.60	460.43	0.00	1841.49
181.70	679.30	0.00	1742.26
181.80	897.28	0.00	1611.17
181.90	1111.53	0.00	1447.42
182.00	1319.06	0.00	1250.46
182.10	1516.71	0.00	1020.04
182.20	1701.16	0.00	756.21
182.30	1868.99	0.00	459.37
182.40	2016.68	0.00	130.29
182.50	2140.65	0.00	-229.85
182.60	2237.31	0.00	-619.45
182.70	2303.09	0.00	-1036.49
182.80	2334.48	0.00	-1478.48
182.90	2328.09	0.00	-1942.50
183.00	2280.72	0.00	-2425.15
183.10	2189.38	0.00	-2922.62
183.20	2051.37	0.00	-3430.64
183.30	1864.33	0.00	-3944.54
183.40	1626.30	0.00	-4459.28
183.50	1335.81	0.00	-4969.48
183.60	991.87	0.00	-5469.47
183.70	594.08	0.00	-5953.34
183.80	142.68	0.00	-6415.01
183.90	-361.44	0.00	-6848.28
184.00	-916.66	0.00	-7246.91
184.10	-1520.64	0.00	-7604.71
184.20	-2170.25	0.00	-7915.61
184.30	-2861.60	0.00	-8173.71
184.40	-3590.01	0.00	-8373.43
184.50	-4350.03	0.00	-8509.54
184.60	-5135.47	0.00	-8577.26
184.70	-5939.43	0.00	-8572.31
184.80	-6754.36	0.00	-8491.03
184.90	-7572.11	0.00	-8330.42
185.00	-8384.04	0.00	-8088.18
185.10	-9181.09	0.00	-7762.80
185.20	-9953.87	0.00	-7353.56
185.30	-10692.82	0.00	-6860.60
185.40	-11392.94	0.00	-6284.91
185.50	-12054.74	0.00	-5628.37
185.60	-12671.46	0.00	-4893.70
185.70	-13236.34	0.00	-4084.51
185.80	-13742.80	0.00	-3205.22
185.90	-14184.54	0.00	-2261.07
186.00	-14555.54	0.00	-1258.03
186.10	-14850.15	0.00	-202.79
186.20	-15063.06	0.00	897.32
186.30	-15189.38	0.00	2034.38
186.40	-15224.67	0.00	3200.01
186.50	-15164.96	0.00	4385.38
186.60	-15006.80	0.00	5581.32
186.70	-14747.28	0.00	6778.41
186.80	-14384.08	0.00	7967.08
186.90	-13915.54	0.00	9137.66
187.00	-13340.62	0.00	10280.49
187.10	-12659.05	0.00	11386.01
187.20	-11871.28	0.00	12444.82
187.30	-10978.59	0.00	13447.78
187.40	-9983.11	0.00	14386.09
187.50	-8887.84	0.00	15251.34
187.60	-7696.73	0.00	16035.58
187.70	-6414.67	0.00	16731.42
187.80	-5047.55	0.00	17332.04
187.90	-3602.25	0.00	17831.30
188.00	-2086.63	0.00	18223.73
188.10	-509.56	0.00	18504.60
188.20	1119.13	0.00	18670.00
188.30	2788.69	0.00	18716.80
188.40	4487.49	0.00	18642.73
188.50	6203.11	0.00	18446.42
188.60	7922.45	0.00	18127.36
188.70	9631.80	0.00	17685.95
188.80	11316.96	0.00	17123.53
188.90	12963.45	0.00	16442.32
189.00	14556.61	0.00	15645.49
189.10	16081.77	0.00	14737.07
189.20	17524.46	0.00	13722.01
189.30	18870.57	0.00	12606.07
189.40	20106.57	0.00	11395.88
189.50	21219.67	0.00	10098.80
189.60	22198.02	0.00	8722.95
189.70	23030.89	0.00	7277.12
189.80	23708.84	0.00	5770.71
189.90	24223.87	0.00	4213.64
190.00	24569.55	0.00	2616.32
190.10	24775.01	0.00	989.52
190.20	24870.81	0.00	-655.71
190.30	24855.57	0.00	-2308.10
190.40	24728.21	0.00	-3956.31
190.50	24487.93	0.00	-5588.96
190.60	24134.27	0.00	-7194.82
190.70	23667.15	0.00	-8762.80
190.80	23086.86	0.00	-10282.16
190.90	22394.20	0.00	-11742.51
191.00	21590.44	0.00	-13133.97
191.10	20677.45	0.00	-14447.20
191.20	19657.69	0.00	-15673.53
191.30	18534.33	0.00	-16805.00
191.40	17311.25	0.00	-17834.44
191.50	15993.09	0.00	-18755.49
191.60	14585.29	0.00	-19562.70
191.70	13094.09	0.00	-20251.52
191.80	11526.56	0.00	-20818.37
191.90	9890.57	0.00	-21260.59
192.00	8194.79	0.00	-21576.50
192.10	6448.59	0.00	-21765.38
192.20	4662.07	0.00	-21827.45
192.30	2845.93	0.00	-21763.82
192.40	1011.39	0.00	-21576.53
192.50	-829.90	0.00	-21268.42
192.60	-2665.95	0.00	-20843.17
192.70	-4484.61	0.00	-20305.17
192.80	-6273.60	0.00	-19659.52
192.90	-8020.76	0.00	-18911.93
193.00	-9714.07	0.00	-18068.71
193.10	-11341.87	0.00	-17136.63
193.20	-12892.95	0.00	-16122.90
193.30	-14356.67	0.00	-15035.11
193.40	-15723.13	0.00	-13881.13
193.50	-16983.20	0.00	-12669.06
193.60	-18128.70	0.00	-11407.18
193.70	-19152.44	0.00	-10103.84
193.80	-20048.31	0.00	-8767.46
193.90	-20811.32	0.00	-7406.42
194.00	-21437.68	0.00	-6029.05
194.10	-21924.79	0.00	-4643.54
194.20	-22271.30	0.00	-3257.89
194.30	-22477.03	0.00	-1879.91
194.40	-22543.04	0.00	-517.11
194.50	-22471.52	0.00	823.27
194.60	-22265.80	0.00	2134.37
194.70	-21946.57	0.00	3409.69
194.80	-21553.57	0.00	4643.12
194.90	-21091.02	0.00	5829.02
195.00	-20561.88	0.00	6962.20
195.10	-19969.11	0.00	8037.94
195.20	-19315.75	0.00	9052.05
195.30	-18604.88	0.00	10000.82
195.40	-17839.69	0.00	10881.12
195.50	-17023.44	0.00	11690.31
195.60	-16159.52	0.00	12426.32
195.70	-15251.44	0.00	13087.62
195.80	-14302.82	0.00	13673.21
195.90	-13317.44	0.00	14182.62
196.00	-12299.16	0.00	14615.90
196.10	-11251.99	0.00	14973.59
196.20	-10180.02	0.00	15256.72
196.30	-9087.42	0.00	15466.74
196.40	-7978.41	0.00	15605.53
196.50	-6857.25	0.00	15675.33
196.60	-5728.18	0.00	15678.74
196.70	-4595.41	0.00	15618.61
196.80	-3463.08	0.00	15498.07
196.90	-2335.24	0.00	15320.41
197.00	-1215.78	0.00	15089.06
197.10	-108.46	0.00	14807.55
197.20	983.15	0.00	14479.43
197.30	2055.67	0.00	14108.24
197.40	3105.95	0.00	13697.44
197.50	4131.02	0.00	13250.37
197.60	5128.16	0.00	12770.23
197.70	6094.83	0.00	12260.02
197.80	7028.71	0.00	11722.50
197.90	7927.63	0.00	11160.21
198.00	8789.60	0.00	10575.39
198.10	9612.74	0.00	9970.03
198.20	10395.26	0.00	9345.84
198.30	11135.45	0.00	8704.24
198.40	11831.63	0.00	8046.42
198.50	12482.13	0.00	7373.34
198.60	13085.26	0.00	6685.74
198.70	13639.27	0.00	5984.20
198.80	14142.38	0.00	5269.19
198.90	14592.73	0.00	4541.07
199.00	14988.39	0.00	3800.20
199.10	15327.36	0.00	3046.95
199.20	15607.63	0.00	2281.75
199.30	15827.11	0.00	1505.16
199.40	15983.76	0.00	717.93
199.50	16075.57	0.00	-79.01
199.60	16100.62	0.00	-884.46
199.70	16066.85	0.00	-1696.93
199.80	15990.71	0.00	-2514.64
199.90	15870.66	0.00	-3335.44
200.00	15704.67	0.00	-4156.88
200.10	15490.64	0.00	-4976.13
200.20	15226.52	0.00	-5790.06
200.30	14910.32	0.00	-6595.20
200.40	14540.19	0.00	-7387.78
200.50	14114.49	0.00	-8163.78
200.60	13631.82	0.00	-8918.97
200.70	13091.13	0.00	-9648.92
200.80	12491.70	0.00	-10349.10
200.90	11833.27	0.00	-11014.89
201.00	11116.01	0.00	-11641.67
201.10	10340.61	0.00	-12224.89
201.20	9508.32	0.00	-12760.09
201.30	8620.94	0.00	-13242.98
201.40	7680.84	0.00	-13669.51
201.50	6691.00	0.00	-14035.93
201.60	5655.00	0.00	-14338.78
201.70	4577.00	0.00	-14575.03
201.80	3461.72	0.00	-14742.02
201.90	2314.44	0.00	-14837.57
202.00	1140.94	0.00	-14859.97
202.10	-52.53	0.00	-14808.01
202.20	-1259.30	0.00	-14680.96
202.30	-2472.35	0.00	-14478.64
202.40	-3684.36	0.00	-14201.36
202.50	-4887.76	0.00	-13849.93
202.60	-6074.84	0.00	-13425.66
202.70	-7237.82	0.00	-12930.33
202.80	-8368.88	0.00	-12366.19
202.90	-9460.29	0.00	-11735.89
203.00	-10504.47	0.00	-11042.49
203.10	-11494.05	0.00	-10289.44
203.20	-12421.95	0.00	-9480.50
203.30	-13281.46	0.00	-8619.76
203.40	-14066.31	0.00	-7711.59
203.50	-14770.70	0.00	-6760.58
203.60	-15389.39	0.00	-5771.57
203.70	-15917.72	0.00	-4749.56
203.80	-16351.68	0.00	-3699.73
203.90	-16687.94	0.00	-2627.38
204.00	-16923.85	0.00	-1537.91
204.10	-17057.52	0.00	-436.80
204.20	-17087.78	0.00	670.39
204.30	-17028.66	0.00	1778.10
204.40	-16897.55	0.00	2880.74
204.50	-16694.48	0.00	3972.73
204.60	-16419.55	0.00	5048.54
204.70	-16072.97	0.00	6102.68
204.80	-15655.12	0.00	7129.75
204.90	-15166.49	0.00	8124.44
205.00	-14607.79	0.00	9081.58
205.10	-13979.93	0.00	9996.13
205.20	-13284.07	0.00	10863.22
205.30	-12521.65	0.00	11678.20
205.40	-11694.42	0.00	12436.59
205.50	-10804.48	0.00	13134.19
205.60	-9854.30	0.00	13767.04
205.70	-8846.75	0.00	14331.47
205.80	-7785.12	0.00	14824.10
205.90	-6673.17	0.00	15241.88
206.00	-5515.10	0.00	15582.10
206.10	-4315.60	0.00	15842.39
206.20	-3079.80	0.00	16020.75
206.30	-1813.34	0.00	16115.56
206.40	-522.30	0.00	16125.58
206.50	786.81	0.00	16049.96
206.60	2107.04	0.00	15888.26
206.70	3431.07	0.00	15640.43
206.80	4751.22	0.00	15306.81
206.90	6059.52	0.00	14888.17
207.00	7347.73	0.00	14385.66
207.10	8607.43	0.00	13800.83
207.20	9830.05	0.00	13135.66
207.30	11006.96	0.00	12392.48
207.40	12129.52	0.00	11574.06
207.50	13189.18	0.00	10683.54
207.60	14177.52	0.00	9724.46
207.70	15086.38	0.00	8700.75
207.80	15907.90	0.00	7616.73
207.90	16634.61	0.00	6477.11
208.00	17259.53	0.00	5286.99
208.10	17776.24	0.00	4051.86
208.20	18178.96	0.00	2777.59
208.30	18462.63	0.00	1470.41
208.40	18624.73	0.00	136.94
208.50	18689.00	0.00	-1215.84
208.60	18662.22	0.00	-2580.61
208.70	18542.09	0.00	-3949.75
208.80	18326.45	0.00	-5315.30
208.90	18013.26	0.00	-6669.05
209.00	17600.72	0.00	-8002.55
209.10	17087.31	0.00	-9307.13
209.20	16471.86	0.00	-10574.01
209.30	15753.63	0.00	-11794.28
209.40	14932.45	0.00	-12959.02
209.50	14008.74	0.00	-14059.31
209.60	12983.66	0.00	-15086.37
209.70	11859.19	0.00	-16031.58
209.80	10638.22	0.00	-16886.57
209.90	9324.63	0.00	-17643.35
210.00	7923.38	0.00	-18294.35
210.10	6440.56	0.00	-18832.51
210.20	4883.44	0.00	-19251.42
210.30	3260.51	0.00	-19545.33
210.40	1581.46	0.00	-19709.32
210.50	-142.81	0.00	-19739.31
210.60	-1900.25	0.00	-19632.17
210.70	-3677.74	0.00	-19385.80
210.80	-5461.15	0.00	-18999.15
210.90	-7235.52	0.00	-18472.32
211.00	-8985.16	0.00	-17806.55
211.10	-10693.87	0.00	-17004.30
211.20	-12345.13	0.00	-16069.22
211.30	-13922.30	0.00	-15006.19
211.40	-15408.87	0.00	-13821.27
211.50	-16788.73	0.00	-12521.73
211.60	-18046.37	0.00	-11115.96
211.70	-19167.19	0.00	-9613.43
211.80	-20137.73	0.00	-8024.65
211.90	-20945.86	0.00	-6361.06
212.00	-21581.08	0.00	-4634.96
212.10	-22034.65	0.00	-2859.39
212.20	-22299.80	0.00	-1048.04
212.30	-22382.57	0.00	784.90
212.40	-22320.65	0.00	2624.85
212.50	-22116.52	0.00	4456.98
212.60	-21769.41	0.00	6266.35
212.70	-21279.28	0.00	8038.05
212.80	-20646.81	0.00	9757.35
212.90	-19873.47	0.00	11409.83
213.00	-18961.62	0.00	12981.55
213.10	-17914.54	0.00	14459.16
213.20	-16736.56	0.00	15830.02
213.30	-15433.08	0.00	17082.37
213.40	-14010.64	0.00	18205.42
213.50	-12476.99	0.00	19189.45
213.60	-10841.14	0.00	20025.92
213.70	-9113.33	0.00	20707.54
213.80	-7305.06	0.00	21228.38
213.90	-5429.07	0.00	21583.86
214.00	-3499.24	0.00	21770.87
214.10	-1530.56	0.00	21787.74
214.20	461.04	0.00	21634.32
214.30	2458.77	0.00	21311.89
214.40	4445.22	0.00	20823.26
214.50	6402.50	0.00	20172.65
214.60	8312.47	0.00	19365.68
214.70	10157.01	0.00	18409.36
214.80	11918.20	0.00	17311.94
214.90	13578.67	0.00	16082.92
215.00	15121.75	0.00	14732.88
215.10	16531.83	0.00	13273.45
215.20	17794.54	0.00	11717.16
215.30	18897.00	0.00	10077.32
215.40	19828.04	0.00	8367.94
215.50	20578.39	0.00	6603.54
215.60	21140.79	0.00	4799.06
215.70	21510.17	0.00	2969.72
215.80	21683.71	0.00	1130.85
215.90	21660.86	0.00	-702.23
216.00	21452.38	0.00	-2514.37
216.10	21098.97	0.00	-4290.68
216.20	20607.96	0.00	-6016.72
216.30	19983.15	0.00	-7678.63
216.40	19229.02	0.00	-9263.21
216.50	18350.78	0.00	-10758.08
216.60	17354.37	0.00	-12151.80
216.70	16246.53	0.00	-13433.92
216.80	15034.77	0.00	-14595.12
216.90	13727.41	0.00	-15627.28
217.00	12333.61	0.00	-16523.53
217.10	10863.30	0.00	-17278.32
217.20	9327.20	0.00	-17887.45
217.30	7736.77	0.00	-18348.10
217.40	6104.11	0.00	-18658.85
217.50	4441.92	0.00	-18819.64
217.60	2763.36	0.00	-18831.80
217.70	1081.94	0.00	-18697.98
217.80	-588.62	0.00	-18422.10
217.90	-2234.55	0.00	-18009.30
218.00	-3842.20	0.00	-17465.86
218.10	-5398.19	0.00	-16799.12
218.20	-6889.63	0.00	-16017.35
218.30	-8304.23	0.00	-15129.67
218.40	-9630.54	0.00	-14145.93
218.50	-10858.06	0.00	-13076.57
218.60	-11977.40	0.00	-11932.52
218.70	-12980.41	0.00	-10725.05
218.80	-13860.25	0.00	-9465.64
218.90	-14611.52	0.00	-8165.85
219.00	-15230.30	0.00	-6837.21
219.10	-15714.14	0.00	-5491.09
219.20	-16062.12	0.00	-4138.56
219.30	-16274.77	0.00	-2790.35
219.40	-16354.04	0.00	-1456.67
219.50	-16303.25	0.00	-147.18
219.60	-16126.93	0.00	1129.12
219.70	-15833.65	0.00	2363.90
219.80	-15450.19	0.00	3549.62
219.90	-14986.09	0.00	4679.52
220.00	-14446.85	0.00	5747.65
220.10	-13838.12	0.00	6748.91
220.20	-13165.58	0.00	7679.00
220.30	-12434.99	0.00	8534.46
220.40	-11652.07	0.00	9312.60
220.50	-10822.54	0.00	10011.50
220.60	-9952.03	0.00	10629.95
220.70	-9046.11	0.00	11167.41
220.80	-8110.23	0.00	11623.94
220.90	-7149.74	0.00	12000.16
221.00	-6169.83	0.00	12297.18
221.10	-5175.57	0.00	12516.54
221.20	-4171.85	0.00	12660.11
221.30	-3163.44	0.00	12730.10
221.40	-2154.92	0.00	12728.93
221.50	-1150.74	0.00	12659.19
221.60	-155.19	0.00	12523.64
221.70	827.57	0.00	12325.10
221.80	1793.52	0.00	12066.41
221.90	2738.73	0.00	11750.47
222.00	3659.40	0.00	11380.14
222.10	4551.82	0.00	10958.23
222.20	5412.34	0.00	10487.55
222.30	6237.39	0.00	9970.84
222.40	7023.47	0.00	9410.77
222.50	7767.13	0.00	8810.03
222.60	8464.97	0.00	8171.25
222.70	9113.67	0.00	7497.06
222.80	9709.94	0.00	6790.14
222.90	10250.63	0.00	6053.17
223.00	10732.63	0.00	5288.93
223.10	11153.01	0.00	4500.31
223.20	11508.95	0.00	3690.31
223.30	11797.86	0.00	2862.07
223.40	12017.35	0.00	2018.93
223.50	12165.31	0.00	1164.41
223.60	12239.95	0.00	302.23
223.70	12240.36	0.00	-563.66
223.80	12176.81	0.00	-1429.09
223.90	12052.92	0.00	-2289.67
224.00	11867.89	0.00	-3140.83
224.10	11621.08	0.00	-3977.76
224.20	11312.07	0.00	-4795.53
224.30	10940.74	0.00	-5589.04
224.40	10507.27	0.00	-6353.10
224.50	10012.21	0.00	-7082.47
224.60	9456.54	0.00	-7771.88
224.70	8841.72	0.00	-8416.13
224.80	8169.73	0.00	-9010.10
224.90	7443.06	0.00	-9548.87
225.00	6664.83	0.00	-10027.71
225.10	5838.73	0.00	-10442.20
225.20	4969.09	0.00	-10788.29
225.30	4060.85	0.00	-11062.34
225.40	3119.56	0.00	-11261.19
225.50	2151.35	0.00	-11382.25
225.60	1162.94	0.00	-11423.51
225.70	161.53	0.00	-11383.59
225.80	-845.21	0.00	-11261.82
225.90	-1849.24	0.00	-11058.26
226.00	-2842.22	0.00	-10773.69
226.10	-3815.61	0.00	-10409.67
226.20	-4760.78	0.00	-9968.55
226.30	-5669.11	0.00	-9453.43
226.40	-6532.12	0.00	-8868.16
226.50	-7341.59	0.00	-8217.36
226.60	-8089.68	0.00	-7506.33
226.70	-8769.06	0.00	-6741.01
226.80	-9373.03	0.00	-5927.99
226.90	-9895.63	0.00	-5074.38
227.00	-10331.72	0.00	-4187.75
227.10	-10677.12	0.00	-3276.10
227.20	-10928.65	0.00	-2347.71
227.30	-11084.22	0.00	-1411.09
227.40	-11142.82	0.00	-474.88
227.50	-11104.64	0.00	452.29
227.60	-10970.97	0.00	1361.82
227.70	-10744.66	0.00	2245.33
227.80	-10437.71	0.00	3094.70
227.90	-10057.30	0.00	3902.20
228.00	-9607.56	0.00	4660.58
228.10	-9093.27	0.00	5363.16
228.20	-8519.81	0.00	6003.91
228.30	-7893.14	0.00	6577.52
228.40	-7219.75	0.00	7079.49
228.50	-6506.58	0.00	7506.18
228.60	-5761.00	0.00	7854.83
228.70	-4990.66	0.00	8123.63
228.80	-4203.48	0.00	8311.73
228.90	-3407.51	0.00	8419.24
229.00	-2610.84	0.00	8447.20
229.10	-1821.52	0.00	8397.64
229.20	-1047.42	0.00	8273.45
229.30	-296.10	0.00	8078.38
229.40	425.23	0.00	7817.00
229.50	1109.87	0.00	7494.58
229.60	1751.74	0.00	7117.02
229.70	2345.44	0.00	6690.78
229.80	2886.33	0.00	6222.75
229.90	3370.65	0.00	5720.15
230.00	3795.51	0.00	5190.42
230.10	4158.96	0.00	4641.10
230.20	4460.03	0.00	4079.69
230.30	4698.70	0.00	3513.56
230.40	4875.86	0.00	2949.84
230.50	4993.35	0.00	2395.26
230.60	5053.83	0.00	1856.12
230.70	5060.74	0.00	1338.13
230.80	5018.22	0.00	846.38
230.90	4930.98	0.00	385.23
231.00	4804.22	0.00	-41.71
231.10	4643.49	0.00	-431.65
231.20	4454.59	0.00	-782.63
231.30	4243.41	0.00	-1093.52
231.40	4015.80	0.00	-1364.02
231.50	3777.51	0.00	-1594.64
231.60	3533.98	0.00	-1786.67
231.70	3290.31	0.00	-1942.06
231.80	3051.12	0.00	-2063.44
231.90	2820.47	0.00	-2153.98
232.00	2602.14	0.00	-2217.29
232.10	2399.23	0.00	-2257.37
232.20	2213.61	0.00	-2278.44
232.30	2046.42	0.00	-2284.87
232.40	1898.13	0.00	-2281.06
232.50	1768.44	0.00	-2271.30
232.60	1656.42	0.00	-2259.71
232.70	1560.47	0.00	-2250.06
232.80	1478.41	0.00	-2245.77
232.90	1407.54	0.00	-2249.74
233.00	1344.73	0.00	-2264.32
233.10	1286.51	0.00	-2291.23
233.20	1229.16	0.00	-2331.54
233.30	1168.83	0.00	-2385.62
233.40	1101.62	0.00	-2453.10
233.50	1023.73	0.00	-2532.96
233.60	931.55	0.00	-2623.43
233.70	821.75	0.00	-2722.13
233.80	691.41	0.00	-2826.08
233.90	538.07	0.00	-2931.74
234.00	359.86	0.00	-3035.14
234.10	155.53	0.00	-3131.92
234.20	-75.48	0.00	-3217.46
234.30	-332.99	0.00	-3287.00
234.40	-616.04	0.00	-3335.68
234.50	-922.92	0.00	-3358.74
234.60	-1251.12	0.00	-3351.57
234.70	-1597.42	0.00	-3309.86
234.80	-1957.83	0.00	-3229.67
234.90	-2327.73	0.00	-3107.57
235.00	-2701.90	0.00	-2940.70
235.10	-3074.60	0.00	-2726.88
235.20	-3439.66	0.00	-2464.64
235.30	-3790.60	0.00	-2153.33
235.40	-4120.73	0.00	-1793.12
235.50	-4423.28	0.00	-1385.06
235.60	-4691.89	0.00	-931.08
235.70	-4921.89	0.00	-433.98
235.80	-5107.59	0.00	102.57
235.90	-5243.42	0.00	674.06
236.00	-5324.20	0.00	1275.19
236.10	-5345.32	0.00	1899.96
236.20	-5302.73	0.00	2541.66
236.30	-5193.09	0.00	3193.05
236.40	-5013.81	0.00	3846.38
236.50	-4763.11	0.00	4493.53
236.60	-4440.06	0.00	5126.09
236.70	-4044.70	0.00	5735.49
236.80	-3577.97	0.00	6313.14
236.90	-3041.83	0.00	6850.49
237.00	-2439.22	0.00	7339.20
237.10	-1774.08	0.00	7771.22
237.20	-1051.37	0.00	8138.96
237.30	-276.99	0.00	8435.32
237.40	542.21	0.00	8653.87
237.50	1398.46	0.00	8788.89
237.60	2283.21	0.00	8835.52
237.70	3187.12	0.00	8789.77
237.80	4100.24	0.00	8648.62
237.90	5012.03	0.00	8410.10
238.00	5911.56	0.00	8073.28
238.10	6787.60	0.00	7638.37
238.20	7628.77	0.00	7106.67
238.30	8423.73	0.00	6480.61
238.40	9161.28	0.00	5763.76
238.50	9830.57	0.00	4960.77
238.60	10421.28	0.00	4077.34
238.70	10929.63	0.00	3120.20
238.80	11354.44	0.00	2097.04
238.90	11689.21	0.00	1016.41
239.00	11928.04	0.00	-112.31
239.10	12065.78	0.00	-1279.06
239.20	12097.98	0.00	-2473.16
239.30	12021.02	0.00	-3683.43
239.40	11832.10	0.00	-4898.30
239.50	11529.28	0.00	-6105.94
239.60	11111.58	0.00	-7294.38
239.70	10578.93	0.00	-8451.61
239.80	9932.32	0.00	-9565.75
239.90	9173.75	0.00	-10625.13
240.00	8306.29	0.00	-11618.45
240.10	7334.13	0.00	-12534.87
240.20	6262.59	0.00	-13364.11
240.30	5098.12	0.00	-14096.63
240.40	3848.30	0.00	-14723.62
240.50	2521.86	0.00	-15237.19
240.60	1128.62	0.00	-15630.39
240.70	-320.55	0.00	-15897.31
240.80	-1813.77	0.00	-16033.12
240.90	-3338.25	0.00	-16034.14
241.00	-4880.40	0.00	-15897.87
241.10	-6425.90	0.00	-15623.00
241.20	-7959.88	0.00	-15209.45
241.30	-9467.06	0.00	-14658.37
241.40	-10931.93	0.00	-13972.11
241.50	-12338.91	0.00	-13154.22
241.60	-13672.54	0.00	-12209.42
241.70	-14917.71	0.00	-11143.56
241.80	-16059.82	0.00	-9963.58
241.90	-17085.03	0.00	-8677.44
242.00	-17980.41	0.00	-7294.07
242.10	-18734.16	0.00	-5823.29
242.20	-19335.78	0.00	-4275.74
242.30	-19788.00	0.00	-2662.80
242.40	-20113.71	0.00	-996.51
242.50	-20310.06	0.00	710.54
242.60	-20373.36	0.00	2445.29
242.70	-20300.43	0.00	4194.29
242.80	-20088.61	0.00	5943.84
242.90	-19735.78	0.00	7680.05
243.00	-19240.40	0.00	9388.98
243.10	-18601.63	0.00	11056.72
243.20	-17819.33	0.00	12669.49
243.30	-16894.20	0.00	14213.77
243.40	-15827.85	0.00	15676.38
243.50	-14622.92	0.00	17044.60
243.60	-13283.14	0.00	18306.26
243.70	-11813.48	0.00	19449.88
243.80	-10220.20	0.00	20464.71
243.90	-8510.97	0.00	21340.87
244.00	-6694.88	0.00	22069.43
244.10	-4782.54	0.00	22642.49
244.20	-2786.09	0.00	23053.28
244.30	-719.13	0.00	23296.22
244.40	1403.22	0.00	23367.00
244.50	3564.47	0.00	23262.65
244.60	5746.86	0.00	22981.55
244.70	7931.46	0.00	22523.52
244.80	10098.41	0.00	21889.83
244.90	12227.09	0.00	21083.20
245.00	14296.40	0.00	20107.84
245.10	16285.02	0.00	18969.42
245.20	18171.71	0.00	17675.03
245.30	19935.61	0.00	16233.18
245.40	21556.62	0.00	14653.72
245.50	23015.64	0.00	12947.78
245.60	24294.98	0.00	11127.70
245.70	25378.62	0.00	9206.90
245.80	26252.55	0.00	7199.82
245.90	26904.96	0.00	5121.74
246.00	27327.75	0.00	2988.69
246.10	27567.28	0.00	817.30
246.20	27648.85	0.00	-1375.39
246.30	27570.58	0.00	-3572.03
246.40	27331.11	0.00	-5755.17
246.50	26929.62	0.00	-7907.43
246.60	26365.91	0.00	-10011.65
246.70	25640.41	0.00	-12051.04
246.80	24754.37	0.00	-14009.39
246.90	23709.86	0.00	-15871.22
247.00	22509.93	0.00	-17621.89
247.10	21158.71	0.00	-19247.81
247.20	19661.47	0.00	-20736.51
247.30	18024.78	0.00	-22076.78
247.40	16256.51	0.00	-23258.81
247.50	14365.94	0.00	-24274.22
247.60	12363.74	0.00	-25116.16
247.70	10262.02	0.00	-25779.37
247.80	8074.27	0.00	-26260.20
247.90	5815.29	0.00	-26556.63
248.00	3501.11	0.00	-26668.27
248.10	1148.82	0.00	-26596.34
248.20	-1223.54	0.00	-26343.63
248.30	-3597.24	0.00	-25914.43
248.40	-5953.02	0.00	-25314.50
248.50	-8271.39	0.00	-24550.93
248.60	-10532.87	0.00	-23632.09
248.70	-12718.22	0.00	-22567.45
248.80	-14808.77	0.00	-21367.56
248.90	-16786.67	0.00	-20043.81
249.00	-18635.15	0.00	-18608.37
249.10	-20338.74	0.00	-17074.03
249.20	-21883.53	0.00	-15454.02
249.30	-23257.36	0.00	-13761.92
249.40	-24449.95	0.00	-12011.47
249.50	-25453.06	0.00	-10216.47
249.60	-26260.61	0.00	-8390.59
249.70	-26868.65	0.00	-6547.29
249.80	-27275.46	0.00	-4699.66
249.90	-27481.48	0.00	-2860.33
250.00	-27489.25	0.00	-1041.35
250.10	-27330.49	0.00	745.90
250.20	-27064.10	0.00	2490.82
250.30	-26696.32	0.00	4183.59
250.40	-26231.87	0.00	5815.32
250.50	-25675.44	0.00	7378.02
250.60	-25031.68	0.00	8864.68
250.70	-24305.14	0.00	10269.25
250.80	-23500.35	0.00	11586.68
250.90	-22621.77	0.00	12812.89
251.00	-21673.79	0.00	13944.75
251.10	-20660.80	0.00	14980.08
251.20	-19587.11	0.00	15917.54
251.30	-18457.03	0.00	16756.65
251.40	-17274.83	0.00	17497.69
251.50	-16044.76	0.00	18141.64
251.60	-14771.04	0.00	18690.10
251.70	-13457.87	0.00	19145.22
251.80	-12109.40	0.00	19509.60
251.90	-10729.78	0.00	19786.24
252.00	-9323.11	0.00	19978.40
252.10	-7893.47	0.00	20089.59
252.20	-6444.90	0.00	20123.41
252.30	-4981.43	0.00	20083.54
252.40	-3507.08	0.00	19973.65
252.50	-2025.85	0.00	19797.32
252.60	-541.79	0.00	19558.01
252.70	941.04	0.00	19259.02
252.80	2418.51	0.00	18903.40
252.90	3886.40	0.00	18494.03
253.00	5340.42	0.00	18033.50
253.10	6776.10	0.00	17524.17
253.20	8188.87	0.00	16968.16
253.30	9573.98	0.00	16367.37
253.40	10926.48	0.00	15723.49
253.50	12241.26	0.00	15038.05
253.60	13513.04	0.00	14312.48
253.70	14736.36	0.00	13548.10
253.80	15905.61	0.00	12746.20
253.90	17015.07	0.00	11908.10
254.00	18058.95	0.00	11035.19
254.10	19031.45	0.00	10128.96
254.20	19926.80	0.00	9191.07
254.30	20739.34	0.00	8223.38
254.40	21463.62	0.00	7228.00
254.50	22094.45	0.00	6207.27
254.60	22627.01	0.00	5163.85
254.70	23056.92	0.00	4100.67
254.80	23380.36	0.00	3020.97
254.90	23594.10	0.00	1928.26
255.00	23702.46	0.00	826.32
255.10	23749.89	0.00	-280.81
255.20	23743.94	0.00	-1388.89
255.30	23683.59	0.00	-2493.52
255.40	23567.85	0.00	-3590.17
255.50	23395.77	0.00	-4674.26
255.60	23166.48	0.00	-5741.16
255.70	22879.22	0.00	-6786.32
255.80	22533.34	0.00	-7805.28
255.90	22128.37	0.00	-8793.71
256.00	21664.01	0.00	-9747.53
256.10	21140.12	0.00	-10662.86
256.20	20556.78	0.00	-11536.16
256.30	19914.30	0.00	-12364.20
256.40	19213.17	0.00	-13144.11
256.50	18454.13	0.00	-13873.39
256.60	17638.12	0.00	-14549.94
256.70	16766.32	0.00	-15172.03
256.80	15840.12	0.00	-15738.34
256.90	14861.13	0.00	-16247.89
257.00	13831.16	0.00	-16700.08
257.10	12752.24	0.00	-17094.60
257.20	11626.58	0.00	-17431.47
257.30	10456.61	0.00	-17710.94
257.40	9244.94	0.00	-17933.49
257.50	7994.38	0.00	-18099.78
257.60	6707.94	0.00	-18210.60
257.70	5388.82	0.00	-18266.88
257.80	4040.44	0.00	-18269.59
257.90	2666.41	0.00	-18219.75
258.00	1270.57	0.00	-18118.40
258.10	-143.00	0.00	-17966.55
258.20	-1570.00	0.00	-17765.22
258.30	-3005.90	0.00	-17515.37
258.40	-4445.91	0.00	-17217.93
258.50	-5885.00	0.00	-16873.78
258.60	-7317.89	0.00	-16483.80
258.70	-8739.08	0.00	-16048.81
258.80	-10142.85	0.00	-15569.66
258.90	-11523.26	0.00	-15047.17
259.00	-12874.22	0.00	-14482.23
259.10	-14189.47	0.00	-13875.76
259.20	-15462.66	0.00	-13228.76
259.30	-16687.36	0.00	-12542.32
259.40	-17857.17	0.00	-11817.65
259.50	-18965.68	0.00	-11056.09
259.60	-20006.64	0.00	-10259.13
259.70	-20973.91	0.00	-9428.40
259.80	-21861.63	0.00	-8565.71
259.90	-22664.20	0.00	-7673.03
260.00	-23376.40	0.00	-6752.50
260.10	-23993.43	0.00	-5806.41
260.20	-24510.94	0.00	-4837.22
260.30	-24925.15	0.00	-3847.51
260.40	-25232.82	0.00	-2840.01
260.50	-25432.04	0.00	-1817.55
260.60	-25564.97	0.00	-783.05
260.70	-25657.23	0.00	260.50
260.80	-25708.12	0.00	1310.05
260.90	-25716.82	0.00	2362.52
261.00	-25682.28	0.00	3414.80
261.10	-25603.32	0.00	4463.81
261.20	-25478.56	0.00	5506.45
261.30	-25306.47	0.00	6539.67
261.40	-25085.34	0.00	7560.45
261.50	-24813.36	0.00	8565.81
261.60	-24488.55	0.00	9552.83
261.70	-24108.87	0.00	10518.63
261.80	-23672.18	0.00	11460.39
261.90	-23176.33	0.00	12375.34
262.00	-22619.14	0.00	13260.74
262.10	-21998.48	0.00	14113.92
262.20	-21312.29	0.00	14932.22
262.30	-20558.65	0.00	15713.04
262.40	-19735.82	0.00	16453.79
262.50	-18842.30	0.00	17151.93
262.60	-17876.86	0.00	17804.91
262.70	-16838.65	0.00	18410.25
262.80	-15727.21	0.00	18965.49
262.90	-14542.52	0.00	19468.19
263.00	-13285.12	0.00	19915.97
263.10	-11956.09	0.00	20306.53
263.20	-10557.13	0.00	20637.62
263.30	-9090.60	0.00	20907.10
263.40	-7559.56	0.00	21112.93
263.50	-5967.79	0.00	21253.22
263.60	-4319.80	0.00	21326.24
263.70	-2620.87	0.00	21330.44
263.80	-877.02	0.00	21264.48
263.90	904.99	0.00	21127.26
264.00	2717.68	0.00	20917.97
264.10	4552.90	0.00	20636.04
264.20	6401.84	0.00	20281.24
264.30	8255.14	0.00	19853.66
264.40	10102.93	0.00	19353.75
264.50	11934.90	0.00	18782.31
264.60	13740.44	0.00	18140.49
264.70	15508.66	0.00	17429.84
264.80	17228.59	0.00	16652.29
264.90	18889.20	0.00	15810.11
265.00	20479.60	0.00	14905.97
265.10	21989.07	0.00	13942.87
265.20	23407.27	0.00	12924.16
265.30	24724.29	0.00	11853.48
265.40	25930.78	0.00	10734.79
265.50	27018.07	0.00	9572.28
265.60	27978.25	0.00	8370.40
265.70	28804.29	0.00	7133.78
265.80	29490.06	0.00	5867.22
265.90	30030.46	0.00	4575.64
266.00	30421.46	0.00	3264.05
266.10	30660.10	0.00	1937.50
266.20	30770.11	0.00	601.08
266.30	30824.42	0.00	-740.17
266.40	30827.54	0.00	-2081.24
266.50	30779.17	0.00	-3417.22
266.60	30678.72	0.00	-4743.33
266.70	30525.32	0.00	-6054.89
266.80	30317.87	0.00	-7347.44
266.90	30054.99	0.00	-8616.65
267.00	29735.10	0.00	-9858.41
267.10	29356.39	0.00	-11068.83
267.20	28916.89	0.00	-12244.23
267.30	28414.50	0.00	-13381.12
267.40	27847.02	0.00	-14476.26
267.50	27212.19	0.00	-15526.61
267.60	26507.74	0.00	-16529.33
267.70	25731.46	0.00	-17481.79
267.80	24881.22	0.00	-18381.52
267.90	23955.06	0.00	-19226.23
268.00	22951.22	0.00	-20013.77
268.10	21868.21	0.00	-20742.12
268.20	20704.88	0.00	-21409.41
268.30	19460.45	0.00	-22013.81
268.40	18134.59	0.00	-22553.63
268.50	16727.50	0.00	-23027.23
268.60	15239.92	0.00	-23433.02
268.70	13673.21	0.00	-23769.47
268.80	12029.41	0.00	-24035.12
268.90	10311.28	0.00	-24228.52
269.00	8522.32	0.00	-24348.31
269.10	6666.86	0.00	-24393.15
269.20	4750.04	0.00	-24361.81
269.30	2777.85	0.00	-24253.12
269.40	757.14	0.00	-24066.02
269.50	-1304.35	0.00	-23799.60
269.60	-3398.07	0.00	-23453.09
269.70	-5514.61	0.00	-23025.92
269.80	-7643.75	0.00	-22517.73
269.90	-9774.57	0.00	-21928.42
270.00	-11895.42	0.00	-21258.20
270.10	-13994.08	0.00	-20507.57
270.20	-16057.81	0.00	-19677.42
270.30	-18073.46	0.00	-18769.01
270.40	-20027.61	0.00	-17784.04
270.50	-21906.70	0.00	-16724.63
270.60	-23697.15	0.00	-15593.40
270.70	-25385.55	0.00	-14393.42
270.80	-26958.77	0.00	-13128.29
270.90	-28404.20	0.00	-11802.09
271.00	-29709.83	0.00	-10419.39
271.10	-30864.46	0.00	-8985.27
271.20	-31857.88	0.00	-7505.27
271.30	-32680.97	0.00	-5985.38
271.40	-33325.88	0.00	-4432.00
271.50	-33786.13	0.00	-2851.93
271.60	-34056.75	0.00	-1252.28
271.70	-34137.62	0.00	359.54
271.80	-34113.16	0.00	1975.90
271.90	-34020.39	0.00	3588.98
272.00	-33857.90	0.00	5190.87
272.10	-33624.07	0.00	6773.64
272.20	-33317.14	0.00	8329.36
272.30	-32935.23	0.00	9850.23
272.40	-32476.45	0.00	11328.59
272.50	-31938.90	0.00	12757.04
272.60	-31320.79	0.00	14128.50
272.70	-30620.50	0.00	15436.24
272.80	-29836.65	0.00	16673.97
272.90	-28968.20	0.00	17835.87
273.00	-28014.51	0.00	18916.68
273.10	-26975.39	0.00	19911.70
273.20	-25851.22	0.00	20816.86
273.30	-24642.94	0.00	21628.72
273.40	-23352.17	0.00	22344.52
273.50	-21981.17	0.00	22962.18
273.60	-20532.93	0.00	23480.29
273.70	-19011.13	0.00	23898.14
273.80	-17420.18	0.00	24215.72
273.90	-15765.19	0.00	24433.64
274.00	-14051.93	0.00	24553.19
274.10	-12286.79	0.00	24576.25
274.20	-10476.75	0.00	24505.28
274.30	-8629.28	0.00	24343.28
274.40	-6752.32	0.00	24093.75
274.50	-4854.15	0.00	23760.60
274.60	-2943.30	0.00	23348.16
274.70	-1028.51	0.00	22861.09
274.80	881.41	0.00	22304.30
274.90	2777.66	0.00	21682.95
275.00	4651.53	0.00	21002.33
275.10	6494.51	0.00	20267.84
275.20	8298.37	0.00	19484.91
275.30	10055.20	0.00	18658.94
275.40	11757.54	0.00	17795.26
275.50	13398.40	0.00	16899.09
275.60	14971.32	0.00	15975.43
275.70	16470.39	0.00	15029.08
275.80	17890.31	0.00	14064.55
275.90	19226.41	0.00	13086.05
276.00	20474.61	0.00	12097.44
276.10	21631.45	0.00	11102.23
276.20	22694.07	0.00	10103.50
276.30	23660.20	0.00	9103.96
276.40	24528.09	0.00	8105.87
276.50	25296.50	0.00	7111.09
276.60	25964.66	0.00	6121.04
276.70	26532.17	0.00	5136.75
276.80	26999.04	0.00	4158.83
276.90	27365.54	0.00	3187.56
277.00	27632.20	0.00	2222.82
277.10	27799.76	0.00	1264.24
277.20	27869.09	0.00	311.13
277.30	27848.32	0.00	-637.38
277.40	27801.41	0.00	-1582.37
277.50	27743.37	0.00	-2525.01
277.60	27673.73	0.00	-3466.56
277.70	27591.37	0.00	-4408.27
277.80	27494.57	0.00	-5351.34
277.90	27380.97	0.00	-6296.83
278.00	27247.59	0.00	-7245.67
278.10	27090.87	0.00	-8198.50
278.20	26906.71	0.00	-9155.70
278.30	26690.46	0.00	-10117.29
278.40	26437.01	0.00	-11082.90
278.50	26140.81	0.00	-12051.71
278.60	25795.97	0.00	-13022.45
278.70	25396.28	0.00	-13993.30
278.80	24935.33	0.00	-14961.96
278.90	24406.61	0.00	-15925.56
279.00	23803.54	0.00	-16880.69
279.10	23119.64	0.00	-17823.40
279.20	22348.62	0.00	-18749.21
279.30	21484.49	0.00	-19653.16
279.40	20521.69	0.00	-20529.81
279.50	19455.23	0.00	-21373.28
279.60	18280.79	0.00	-22177.34
279.70	16994.88	0.00	-22935.45
279.80	15594.95	0.00	-23640.80
279.90	14079.53	0.00	-24286.43
280.00	12448.34	0.00	-24865.28
280.10	10702.40	0.00	-25370.29
280.20	8844.11	0.00	-25794.47
280.30	6877.40	0.00	-26130.99
280.40	4807.69	0.00	-26373.28
280.50	2642.06	0.00	-26515.11
280.60	389.16	0.00	-26550.69
280.70	-1940.69	0.00	-26474.73
280.80	-4335.59	0.00	-26282.52
280.90	-6782.08	0.00	-25970.02
281.00	-9265.22	0.00	-25533.92
281.10	-11768.71	0.00	-24971.71
281.20	-14275.01	0.00	-24281.67
281.30	-16765.50	0.00	-23463.02
281.40	-19220.68	0.00	-22515.84
281.50	-21620.36	0.00	-21441.18
281.60	-23943.91	0.00	-20241.02
281.70	-26170.50	0.00	-18918.30
281.80	-28279.36	0.00	-17476.93
281.90	-30250.04	0.00	-15921.73
282.00	-32062.70	0.00	-14258.46
282.10	-33698.41	0.00	-12493.75
282.20	-35139.35	0.00	-10635.11
282.30	-36369.16	0.00	-8690.81
282.40	-37373.11	0.00	-6669.94
282.50	-38138.40	0.00	-4582.24
282.60	-38654.31	0.00	-2438.11
282.70	-38931.43	0.00	-248.55
282.80	-39088.61	0.00	1974.97
282.90	-39144.91	0.00	4220.51
283.00	-39096.50	0.00	6475.79
283.10	-38939.06	0.00	8728.22
283.20	-38667.78	0.00	10965.03
283.30	-38277.45	0.00	13173.31
283.40	-37762.56	0.00	15340.11
283.50	-37117.44	0.00	17452.51
283.60	-36336.39	0.00	19497.72
283.70	-35413.84	0.00	21463.16
283.80	-34344.59	0.00	23336.55
283.90	-33123.97	0.00	25105.98
284.00	-31748.05	0.00	26759.98
284.10	-30213.87	0.00	28287.67
284.20	-28519.67	0.00	29678.75
284.30	-26665.06	0.00	30923.67
284.40	-24651.22	0.00	32013.63
284.50	-22481.13	0.00	32940.71
284.60	-20159.62	0.00	33697.92
284.70	-17693.59	0.00	34279.26
284.80	-15092.04	0.00	34679.78
284.90	-12366.12	0.00	34895.65
285.00	-9529.16	0.00	34924.20
285.10	-6596.61	0.00	34763.96
285.20	-3585.96	0.00	34414.67
285.30	-516.62	0.00	33877.34
285.40	2590.28	0.00	33154.21
285.50	5712.05	0.00	32248.81
285.60	8824.79	0.00	31165.90
285.70	11903.61	0.00	29911.47
285.80	14922.96	0.00	28492.70
285.90	17857.02	0.00	26917.92
286.00	20680.03	0.00	25196.56
286.10	23366.68	0.00	23339.07
286.20	25892.47	0.00	21356.86
286.30	28234.13	0.00	19262.20
286.40	30369.90	0.00	17068.14
286.50	32279.93	0.00	14788.42
286.60	33946.58	0.00	12437.35
286.70	35354.67	0.00	10029.67
286.80	36491.72	0.00	7580.53
286.90	37348.13	0.00	5105.25
287.00	37917.37	0.00	2619.32
287.10	38195.98	0.00	138.20
287.20	38183.67	0.00	-2322.76
287.30	37883.28	0.00	-4748.42
287.40	37352.83	0.00	-7123.99
287.50	36696.80	0.00	-9435.12
287.60	35919.11	0.00	-11667.98
287.70	35020.91	0.00	-13809.38
287.80	34003.29	0.00	-15846.86
287.90	32867.32	0.00	-17768.75
288.00	31614.28	0.00	-19564.22
288.10	30245.77	0.00	-21223.41
288.20	28763.83	0.00	-22737.43
288.30	27171.16	0.00	-24098.42
288.40	25471.22	0.00	-25299.62
288.50	23668.36	0.00	-26335.37
288.60	21767.94	0.00	-27201.13
288.70	19776.43	0.00	-27893.55
288.80	17701.49	0.00	-28410.42
288.90	15551.98	0.00	-28750.72
289.00	13337.98	0.00	-28914.59
289.10	11070.79	0.00	-28903.33
289.20	8762.88	0.00	-28719.39
289.30	6427.76	0.00	-28366.34
289.40	4079.95	0.00	-27848.85
289.50	1734.75	0.00	-27172.66
289.60	-591.85	0.00	-26344.51
289.70	-2883.43	0.00	-25372.13
289.80	-5123.29	0.00	-24264.19
289.90	-7294.70	0.00	-23030.20
290.00	-9381.16	0.00	-21680.49
290.10	-11366.60	0.00	-20226.11
290.20	-13235.65	0.00	-18678.79
290.30	-14973.85	0.00	-17050.80
290.40	-16567.92	0.00	-15354.95
290.50	-18005.92	0.00	-13604.42
290.60	-19277.49	0.00	-11812.70
290.70	-20373.99	0.00	-9993.48
290.80	-21288.64	0.00	-8160.58
290.90	-22016.67	0.00	-6327.77
291.00	-22555.35	0.00	-4508.74
291.10	-22904.03	0.00	-2716.94
291.20	-23064.23	0.00	-965.48
291.30	-23039.49	0.00	732.96
291.40	-22835.41	0.00	2366.27
291.50	-22459.51	0.00	3923.03
291.60	-21921.11	0.00	5392.55
291.70	-21231.16	0.00	6765.05
291.80	-20402.12	0.00	8031.69
291.90	-19447.99	0.00	9184.68
292.00	-18407.50	0.00	10217.39
292.10	-17306.53	0.00	11124.35
292.20	-16154.40	0.00	11901.36
292.30	-14960.86	0.00	12545.53
292.40	-13735.96	0.00	13055.30
292.50	-12490.05	0.00	13430.45
292.60	-11233.72	0.00	13672.13
292.70	-9977.67	0.00	13782.82
292.80	-8732.67	0.00	13766.34
292.90	-7509.39	0.00	13627.78
293.00	-6318.33	0.00	13373.44
293.10	-5169.64	0.00	13010.79
293.20	-4073.02	0.00	12548.36
293.30	-3037.53	0.00	11995.62
293.40	-2071.50	0.00	11362.91
293.50	-1182.35	0.00	10661.30
293.60	-376.48	0.00	9902.42
293.70	340.83	0.00	9098.38
293.80	965.55	0.00	8261.57
293.90	1494.94	0.00	7404.50
294.00	1927.64	0.00	6539.68
294.10	2263.68	0.00	5679.44
294.20	2504.50	0.00	4835.76
294.30	2652.91	0.00	4020.14
294.40	2713.08	0.00	3243.44
294.50	2690.44	0.00	2515.71
294.60	2591.57	0.00	1846.14
294.70	2424.17	0.00	1242.85
294.80	2196.82	0.00	712.85
294.90	1918.92	0.00	261.91
295.00	1600.50	0.00	-105.46
295.10	1252.04	0.00	-386.11
295.20	884.32	0.00	-578.26
295.30	508.24	0.00	-681.53
295.40	134.66	0.00	-696.91
295.50	-225.78	0.00	-626.74
295.60	-562.84	0.00	-474.68
295.70	-866.76	0.00	-245.62
295.80	-1128.51	0.00	54.37
295.90	-1339.80	0.00	418.18
296.00	-1493.29	0.00	837.76
296.10	-1582.64	0.00	1304.25
296.20	-1602.61	0.00	1808.09
296.30	-1549.12	0.00	2339.24
296.40	-1419.33	0.00	2887.25
296.50	-1211.64	0.00	3441.50
296.60	-925.76	0.00	3991.32
296.70	-562.66	0.00	4526.15
296.80	-124.61	0.00	5035.71
296.90	384.90	0.00	5510.16
297.00	961.15	0.00	5940.22
297.10	1598.30	0.00	6317.31
297.20	2289.44	0.00	6633.69
297.30	3026.69	0.00	6882.54
297.40	3801.34	0.00	7058.07
297.50	4603.92	0.00	7155.55
297.60	5424.38	0.00	7171.43
297.70	6252.22	0.00	7103.31
297.80	7076.65	0.00	6949.98
297.90	7886.77	0.00	6711.45
298.00	8671.69	0.00	6388.85
298.10	9420.77	0.00	5984.47
298.20	10123.70	0.00	5501.65
298.30	10770.74	0.00	4944.75
298.40	11352.82	0.00	4319.02
298.50	11861.68	0.00	3630.55
298.60	12290.02	0.00	2886.12
298.70	12631.75	0.00	2093.13
298.80	12892.94	0.00	1259.47
298.90	13076.77	0.00	393.37
299.00	13181.06	0.00	-496.68
299.10	13204.33	0.00	-1402.06
299.20	13145.85	0.00	-2314.15
299.30	13005.57	0.00	-3224.42
299.40	12784.10	0.00	-4124.52
299.50	12482.67	0.00	-5006.44
299.60	12103.12	0.00	-5862.49
299.70	11647.82	0.00	-6685.47
299.80	11119.68	0.00	-7468.65
299.90	10522.07	0.00	-8205.90
300.00	9858.82	0.00	-8891.64
300.10	9134.14	0.00	-9520.97
300.20	8352.63	0.00	-10089.57
300.30	7519.20	0.00	-10593.81
300.40	6639.08	0.00	-11030.68
300.50	5717.73	0.00	-11397.83
300.60	4760.85	0.00	-11693.49
300.70	3774.34	0.00	-11916.51
300.80	2764.26	0.00	-12066.29
300.90	1736.78	0.00	-12142.76
301.00	698.18	0.00	-12146.36
301.10	-345.21	0.00	-12077.99
301.20	-1387.00	0.00	-11938.98
301.30	-2420.85	0.00	-11731.06
301.40	-3440.40	0.00	-11456.32
301.50	-4439.39	0.00	-11117.18
301.60	-5411.66	0.00	-10716.38
301.70	-6351.18	0.00	-10256.93
301.80	-7252.09	0.00	-9742.11
301.90	-8108.75	0.00	-9175.42
302.00	-8915.77	0.00	-8560.59
302.10	-9668.05	0.00	-7901.56
302.20	-10360.81	0.00	-7202.45
302.30	-10989.65	0.00	-6467.54
302.40	-11550.59	0.00	-5701.27
302.50	-12040.08	0.00	-4908.25
302.60	-12455.08	0.00	-4093.17
302.70	-12793.06	0.00	-3260.85
302.80	-13052.05	0.00	-2416.19
302.90	-13230.65	0.00	-1564.16
303.00	-13328.10	0.00	-709.75
303.10	-13344.23	0.00	142.04
303.20	-13279.52	0.00	986.21
303.30	-13138.63	0.00	1817.84
303.40	-12937.02	0.00	2632.09
303.50	-12677.48	0.00	3424.24
303.60	-12361.60	0.00	4189.75
303.70	-11991.18	0.00	4924.25
303.80	-11568.31	0.00	5623.65
303.90	-11095.30	0.00	6284.09
304.00	-10574.72	0.00	6902.05
304.10	-10009.39	0.00	7474.34
304.20	-9402.37	0.00	7998.12
304.30	-8756.94	0.00	8470.97
304.40	-8076.59	0.00	8890.84
304.50	-7365.02	0.00	9256.13
304.60	-6626.08	0.00	9565.65
304.70	-5863.78	0.00	9818.65
304.80	-5082.23	0.00	10014.81
304.90	-4285.63	0.00	10154.19
305.00	-3478.23	0.00	10237.29
305.10	-2664.29	0.00	10264.96
305.20	-1848.07	0.00	10238.39
305.30	-1033.77	0.00	10159.12
305.40	-225.51	0.00	10028.94
305.50	572.71	0.00	9849.92
305.60	1356.99	0.00	9624.31
305.70	2123.63	0.00	9354.56
305.80	2869.08	0.00	9043.23
305.90	3589.97	0.00	8692.99
306.00	4283.15	0.00	8306.57
306.10	4945.66	0.00	7886.75
306.20	5574.75	0.00	7436.28
306.30	6167.87	0.00	6957.93
306.40	6722.67	0.00	6454.42
306.50	7237.00	0.00	5928.41
306.60	7708.87	0.00	5382.52
306.70	8136.50	0.00	4819.32
306.80	8518.25	0.00	4241.32
306.90	8852.65	0.00	3650.97
307.00	9138.39	0.00	3050.70
307.10	9374.29	0.00	2442.93
307.20	9559.37	0.00	1830.06
307.30	9692.75	0.00	1214.52
307.40	9773.77	0.00	598.78
307.50	9801.92	0.00	-14.65
307.60	9776.89	0.00	-623.18
307.70	9698.59	0.00	-1224.12
307.80	9568.21	0.00	-1814.68
307.90	9393.53	0.00	-2391.98
308.00	9176.19	0.00	-2953.03
308.10	8916.42	0.00	-3494.71
308.20	8614.64	0.00	-4013.85
308.30	8271.48	0.00	-4507.17
308.40	7887.83	0.00	-4971.37
308.50	7464.88	0.00	-5403.13
308.60	7004.18	0.00	-5799.13
308.70	6507.64	0.00	-6156.16
308.80	5977.60	0.00	-6471.09
308.90	5416.80	0.00	-6740.99
309.00	4828.46	0.00	-6963.14
309.10	4216.22	0.00	-7135.14
309.20	3584.19	0.00	-7254.91
309.30	2936.89	0.00	-7320.81
309.40	2279.25	0.00	-7331.63
309.50	1616.57	0.00	-7286.72
309.60	954.43	0.00	-7185.96
309.70	298.69	0.00	-7029.86
309.80	-344.65	0.00	-6819.57
309.90	-969.48	0.00	-6556.87
310.00	-1569.72	0.00	-6244.23
310.10	-2139.38	0.00	-5884.80
310.20	-2672.67	0.00	-5482.37
310.30	-3164.12	0.00	-5041.36
310.40	-3608.70	0.00	-4566.80
310.50	-4001.86	0.00	-4064.26
310.60	-4339.68	0.00	-3539.79
310.70	-4618.96	0.00	-2999.86
310.80	-4837.25	0.00	-2451.26
310.90	-4992.95	0.00	-1901.03
311.00	-5085.37	0.00	-1356.33
311.10	-5114.72	0.00	-824.40
311.20	-5082.18	0.00	-312.37
311.30	-4989.84	0.00	172.79
311.40	-4840.73	0.00	624.40
311.50	-4638.78	0.00	1036.19
311.60	-4388.72	0.00	1402.36
311.70	-4096.08	0.00	1717.73
311.80	-3767.03	0.00	1977.79
311.90	-3408.36	0.00	2178.83
312.00	-3027.31	0.00	2317.94
312.10	-2631.52	0.00	2393.11
312.20	-2228.84	0.00	2403.30
312.30	-1827.25	0.00	2348.39
312.40	-1434.76	0.00	2229.30
312.50	-1059.20	0.00	2047.88
312.60	-708.21	0.00	1806.99
312.70	-389.01	0.00	1510.42
312.80	-108.40	0.00	1162.85
312.90	127.43	0.00	769.80
313.00	312.94	0.00	337.55
313.10	443.37	0.00	-126.93
313.20	514.76	0.00	-616.07
313.30	524.06	0.00	-1121.85
313.40	469.16	0.00	-1635.84
313.50	348.93	0.00	-2149.39
313.60	163.27	0.00	-2653.68
313.70	-86.90	0.00	-3139.91
313.80	-399.63	0.00	-3599.39
313.90	-771.94	0.00	-4023.66
314.00	-1199.85	0.00	-4404.62
314.10	-1678.40	0.00	-4734.65
314.20	-2201.74	0.00	-5006.71
314.30	-2763.15	0.00	-5214.46
314.40	-3355.13	0.00	-5352.32
314.50	-3969.54	0.00	-5415.58
314.60	-4598.79	0.00	-5400.43
314.70	-5235.11	0.00	-5304.08
314.80	-5869.94	0.00	-5124.74
314.90	-6494.63	0.00	-4861.68
315.00	-7100.53	0.00	-4515.22
315.10	-7679.10	0.00	-4086.78
315.20	-8222.00	0.00	-3578.79
315.30	-8721.19	0.00	-2994.72
315.40	-9169.01	0.00	-2339.01
315.50	-9558.24	0.00	-1617.01
315.60	-9882.19	0.00	-834.94
315.70	-10134.77	0.00	0.25
315.80	-10310.49	0.00	880.89
315.90	-10404.58	0.00	1798.75
316.00	-10412.98	0.00	2745.11
316.10	-10332.39	0.00	3710.89
316.20	-10160.30	0.00	4686.76
316.30	-9895.02	0.00	5663.23
316.40	-9535.68	0.00	6630.78
316.50	-9082.26	0.00	7580.00
316.60	-8535.60	0.00	8501.63
316.70	-7897.37	0.00	9386.72
316.80	-7170.12	0.00	10226.71
316.90	-6357.20	0.00	11013.50
317.00	-5462.81	0.00	11739.57
317.10	-4491.93	0.00	12397.98
317.20	-3450.32	0.00	12982.48
317.30	-2344.43	0.00	13487.57
317.40	-1181.44	0.00	13908.46
317.50	30.90	0.00	14241.16
317.60	1284.25	0.00	14482.48
317.70	2569.76	0.00	14629.99
317.80	3878.18	0.00	14682.06
317.90	5199.91	0.00	14637.83
318.00	6525.09	0.00	14497.13
318.10	7843.66	0.00	14260.54
318.20	9145.47	0.00	13929.27
318.30	10420.40	0.00	13505.14
318.40	11658.35	0.00	12990.57
318.50	12849.43	0.00	12388.48
318.60	13983.96	0.00	11702.27
318.70	15052.62	0.00	10935.76
318.80	16046.45	0.00	10093.17
318.90	16956.98	0.00	9179.05
319.00	17776.27	0.00	8198.28
319.10	18496.98	0.00	7155.99
319.20	19112.40	0.00	6057.58
319.30	19616.73	0.00	4908.65
319.40	20029.87	0.00	3715.03
319.50	20366.76	0.00	2482.75
319.60	20625.42	0.00	1218.00
319.70	20803.86	0.00	-72.83
319.80	20900.03	0.00	-1383.18
319.90	20911.87	0.00	-2706.34
320.00	20837.24	0.00	-4035.42
320.10	20674.00	0.00	-5363.39
320.20	20420.04	0.00	-6683.07
320.30	20073.32	0.00	-7987.15
320.40	19631.92	0.00	-9268.20
320.50	19094.13	0.00	-10518.75
320.60	18458.55	0.00	-11731.23
320.70	17724.15	0.00	-12898.11
320.80	16890.35	0.00	-14011.85
320.90	15957.19	0.00	-15065.06
321.00	14925.36	0.00	-16050.47
321.10	13796.33	0.00	-16961.05
321.20	12572.42	0.00	-17790.07
321.30	11256.90	0.00	-18531.17
321.40	9854.05	0.00	-19178.47
321.50	8369.20	0.00	-19726.61
321.60	6808.77	0.00	-20170.85
321.70	5180.29	0.00	-20507.18
321.80	3492.36	0.00	-20732.30
321.90	1754.65	0.00	-20843.81
322.00	-22.22	0.00	-20840.14
322.10	-1826.69	0.00	-20720.70
322.20	-3646.46	0.00	-20485.84
322.30	-5468.56	0.00	-20136.91
322.40	-7279.56	0.00	-19676.24
322.50	-9065.70	0.00	-19107.14
322.60	-10813.14	0.00	-18433.88
322.70	-12508.09	0.00	-17661.61
322.80	-14137.08	0.00	-16796.35
322.90	-15687.12	0.00	-15844.88
323.00	-17145.95	0.00	-14814.67
323.10	-18502.16	0.00	-13713.77
323.20	-19745.42	0.00	-12550.69
323.30	-20866.62	0.00	-11334.32
323.40	-21858.00	0.00	-10073.77
323.50	-22713.21	0.00	-8778.25
323.60	-23427.45	0.00	-7456.97
323.70	-23997.45	0.00	-6118.96
323.80	-24421.52	0.00	-4773.02
323.90	-24699.48	0.00	-3427.56
324.00	-24832.65	0.00	-2090.50
324.10	-24826.75	0.00	-769.21
324.20	-24733.54	0.00	529.58
324.30	-24573.63	0.00	1799.87
324.40	-24350.90	0.00	3036.38
324.50	-24069.15	0.00	4234.63
324.60	-23732.01	0.00	5390.92
324.70	-23342.84	0.00	6502.32
324.80	-22904.75	0.00	7566.67
324.90	-22420.52	0.00	8582.52
325.00	-21892.54	0.00	9549.08
325.10	-21322.83	0.00	10466.17
325.20	-20712.98	0.00	11334.13
325.30	-20064.16	0.00	12153.74
325.40	-19377.11	0.00	12926.10
325.50	-18652.12	0.00	13652.60
325.60	-17889.09	0.00	14334.76
325.70	-17087.54	0.00	14974.17
325.80	-16246.63	0.00	15572.36
325.90	-15365.23	0.00	16130.78
326.00	-14441.97	0.00	16650.65
326.10	-13475.28	0.00	17132.92
326.20	-12463.51	0.00	17578.23
326.30	-11404.98	0.00	17986.81
326.40	-10298.09	0.00	18358.49
326.50	-9141.38	0.00	18692.64
326.60	-7933.66	0.00	18988.21
326.70	-6674.08	0.00	19243.67
326.80	-5362.25	0.00	19457.07
326.90	-3998.33	0.00	19626.04
327.00	-2583.11	0.00	19747.86
327.10	-1118.09	0.00	19819.47
327.20	394.41	0.00	19837.54
327.30	1951.21	0.00	19798.57
327.40	3548.24	0.00	19698.90
327.50	5180.42	0.00	19534.83
327.60	6841.72	0.00	19302.69
327.70	8525.11	0.00	18998.90
327.80	10222.54	0.00	18620.09
327.90	11925.03	0.00	18163.13
328.00	13622.64	0.00	17625.26
328.10	15304.62	0.00	17004.12
328.20	16959.40	0.00	16297.86
328.30	18574.76	0.00	15505.16
328.40	20137.92	0.00	14625.36
328.50	21635.68	0.00	13658.43
328.60	23054.59	0.00	12605.08
328.70	24381.08	0.00	11466.75
328.80	25601.67	0.00	10245.71
328.90	26703.15	0.00	8944.98
329.00	27672.74	0.00	7568.44
329.10	28498.35	0.00	6120.77
329.20	29168.71	0.00	4607.50
329.30	29673.60	0.00	3034.92
329.40	30023.14	0.00	1410.13
329.50	30282.95	0.00	-259.03
329.60	30455.32	0.00	-1964.02
329.70	30535.54	0.00	-3695.64
329.80	30518.79	0.00	-5444.11
329.90	30400.16	0.00	-7199.12
330.00	30174.74	0.00	-8949.90
330.10	29837.69	0.00	-10685.34
330.20	29384.33	0.00	-12394.04
330.30	28810.27	0.00	-14064.45
330.40	28111.50	0.00	-15684.92
330.50	27284.54	0.00	-17243.87
330.60	26326.59	0.00	-18729.84
330.70	25235.66	0.00	-20131.65
330.80	24010.70	0.00	-21438.49
330.90	22651.77	0.00	-22640.05
331.00	21160.17	0.00	-23726.61
331.10	19538.58	0.00	-24689.16
331.20	17791.10	0.00	-25519.51
331.30	15923.44	0.00	-26210.38
331.40	13942.90	0.00	-26755.49
331.50	11858.43	0.00	-27149.66
331.60	9680.64	0.00	-27388.84
331.70	7421.78	0.00	-27470.21
331.80	5095.64	0.00	-27392.22
331.90	2717.46	0.00	-27154.60
332.00	303.79	0.00	-26758.41
332.10	-2127.66	0.00	-26206.03
332.20	-4558.28	0.00	-25501.16
332.30	-6968.72	0.00	-24648.80
332.40	-9339.25	0.00	-23655.20
332.50	-11649.93	0.00	-22527.80
332.60	-13881.00	0.00	-21275.20
332.70	-16013.11	0.00	-19907.04
332.80	-18027.65	0.00	-18433.93
332.90	-19907.07	0.00	-16867.36
333.00	-21635.12	0.00	-15219.53
333.10	-23197.12	0.00	-13503.31
333.20	-24580.23	0.00	-11732.01
333.30	-25773.62	0.00	-9919.35
333.40	-26768.66	0.00	-8079.24
333.50	-27559.03	0.00	-6225.64
333.60	-28140.82	0.00	-4372.48
333.70	-28512.59	0.00	-2533.44
333.80	-28675.33	0.00	-721.86
333.90	-28632.42	0.00	1049.43
334.00	-28389.58	0.00	2768.22
334.10	-27954.69	0.00	4423.07
334.20	-27343.14	0.00	6003.38
334.30	-26625.17	0.00	7499.52
334.40	-25824.12	0.00	8902.95
334.50	-24946.47	0.00	10206.23
334.60	-23998.91	0.00	11403.12
334.70	-22988.29	0.00	12488.66
334.80	-21921.64	0.00	13459.12
334.90	-20806.15	0.00	14312.09
335.00	-19649.14	0.00	15046.40
335.10	-18458.00	0.00	15662.20
335.20	-17240.18	0.00	16160.81
335.30	-16003.13	0.00	16544.74
335.40	-14754.20	0.00	16817.59
335.50	-13500.59	0.00	16983.99
335.60	-12249.28	0.00	17049.45
335.70	-11006.93	0.00	17020.33
335.80	-9779.79	0.00	16903.62
335.90	-8573.67	0.00	16706.93
336.00	-7393.80	0.00	16438.24
336.10	-6244.80	0.00	16105.85
336.20	-5130.64	0.00	15718.20
336.30	-4054.56	0.00	15283.75
336.40	-3019.04	0.00	14810.85
336.50	-2025.85	0.00	14307.59
336.60	-1075.98	0.00	13781.71
336.70	-169.70	0.00	13240.48
336.80	693.41	0.00	12690.60
336.90	1514.39	0.00	12138.13
337.00	2294.85	0.00	11588.40
337.10	3036.89	0.00	11045.99
337.20	3742.99	0.00	10514.67
337.30	4415.93	0.00	9997.38
337.40	5058.66	0.00	9496.24
337.50	5674.23	0.00	9012.58
337.60	6265.65	0.00	8546.93
337.70	6835.79	0.00	8099.09
337.80	7387.29	0.00	7668.20
337.90	7922.50	0.00	7252.76
338.00	8443.32	0.00	6850.78
338.10	8951.23	0.00	6459.82
338.20	9447.18	0.00	6077.08
338.30	9931.55	0.00	5699.53
338.40	10404.16	0.00	5323.98
338.50	10864.24	0.00	4947.18
338.60	11310.45	0.00	4565.95
338.70	11740.91	0.00	4177.20
338.80	12153.21	0.00	3778.11
338.90	12544.50	0.00	3366.10
339.00	12911.54	0.00	2938.98
339.10	13250.77	0.00	2494.97
339.20	13558.42	0.00	2032.75
339.30	13830.56	0.00	1551.49
339.40	14063.21	0.00	1050.86
339.50	14252.44	0.00	531.09
339.60	14394.49	0.00	-7.11
339.70	14485.80	0.00	-562.50
339.80	14523.13	0.00	-1133.36
339.90	14513.14	0.00	-1717.51
340.00	14466.88	0.00	-2312.37
340.10	14382.21	0.00	-2915.02
340.20	14257.15	0.00	-3522.20
340.30	14090.00	0.00	-4130.40
340.40	13879.37	0.00	-4735.96
340.50	13624.21	0.00	-5335.06
340.60	13323.80	0.00	-5923.82
340.70	12977.78	0.00	-6498.36
340.80	12586.16	0.00	-7054.86
340.90	12149.30	0.00	-7589.62
341.00	11667.89	0.00	-8099.06
341.10	11143.00	0.00	-8579.86
341.20	10576.02	0.00	-9028.90
341.30	9968.63	0.00	-9443.35
341.40	9322.86	0.00	-9820.70
341.50	8640.96	0.00	-10158.73
341.60	7925.48	0.00	-10455.59
341.70	7179.19	0.00	-10709.75
341.80	6405.07	0.00	-10920.03
341.90	5606.27	0.00	-11085.59
342.00	4786.11	0.00	-11205.92
342.10	3948.03	0.00	-11280.83
342.20	3095.61	0.00	-11310.42
342.30	2232.46	0.00	-11295.06
342.40	1362.29	0.00	-11235.39
342.50	488.83	0.00	-11132.28
342.60	-384.19	0.00	-10986.80
342.70	-1253.02	0.00	-10800.21
342.80	-2113.94	0.00	-10573.91
342.90	-2963.29	0.00	-10309.45
343.00	-3797.46	0.00	-10008.50
343.10	-4612.90	0.00	-9672.81
343.20	-5406.16	0.00	-9304.22
343.30	-6173.90	0.00	-8904.62
343.40	-6912.88	0.00	-8475.95
343.50	-7619.98	0.00	-8020.21
343.60	-8292.24	0.00	-7539.39
343.70	-8926.84	0.00	-7035.54
343.80	-9521.13	0.00	-6510.72
343.90	-10072.62	0.00	-5966.98
344.00	-10579.05	0.00	-5406.43
344.10	-11038.31	0.00	-4831.14
344.20	-11448.55	0.00	-4243.23
344.30	-11808.12	0.00	-3644.81
344.40	-12115.63	0.00	-3037.99
344.50	-12369.93	0.00	-2424.89
344.60	-12570.14	0.00	-1807.65
344.70	-12715.65	0.00	-1188.38
344.80	-12806.13	0.00	-569.19
344.90	-12841.53	0.00	47.82
345.00	-12822.10	0.00	660.57
345.10	-12748.36	0.00	1267.03
345.20	-12627.48	0.00	1865.19
345.30	-12471.27	0.00	2453.10
345.40	-12280.52	0.00	3028.85
345.50	-12055.84	0.00	3590.63
345.60	-11797.90	0.00	4136.69
345.70	-11507.39	0.00	4665.36
345.80	-11185.04	0.00	5175.09
345.90	-10831.63	0.00	5664.42
346.00	-10447.97	0.00	6131.99
346.10	-10034.93	0.00	6576.56
346.20	-9593.39	0.00	6997.00
346.30	-9124.28	0.00	7392.29
346.40	-8628.57	0.00	7761.53
346.50	-8107.27	0.00	8103.91
346.60	-7561.40	0.00	8418.71
346.70	-6992.05	0.00	8705.31
346.80	-6400.33	0.00	8963.17
346.90	-5787.37	0.00	9191.81
347.00	-5154.39	0.00	9390.79
347.10	-4502.62	0.00	9559.72
347.20	-3833.38	0.00	9698.23
347.30	-3148.02	0.00	9805.99
347.40	-2448.01	0.00	9882.63
347.50	-1734.88	0.00	9927.80
347.60	-1010.29	0.00	9941.14
347.70	-275.99	0.00	9922.25
347.80	466.10	0.00	9870.73
347.90	1213.93	0.00	9786.14
348.00	1965.30	0.00	9668.06
348.10	2717.79	0.00	9516.02
348.20	3468.83	0.00	9329.59
348.30	4215.64	0.00	9108.33
348.40	4955.22	0.00	8851.88
348.50	5684.39	0.00	8559.90
348.60	6399.76	0.00	8232.17
348.70	7097.74	0.00	7868.55
348.80	7774.58	0.00	7469.06
348.90	8426.36	0.00	7033.90
349.00	9049.03	0.00	6563.42
349.10	9638.45	0.00	6058.24
349.20	10190.41	0.00	5519.21
349.30	10700.71	0.00	4947.44
349.40	11165.15	0.00	4344.36
349.50	11579.65	0.00	3711.69
349.60	11940.25	0.00	3051.47
349.70	12243.23	0.00	2366.08
349.80	12485.09	0.00	1658.22
349.90	12662.68	0.00	930.93
350.00	12773.24	0.00	187.54
350.10	12816.57	0.00	-568.28
350.20	12804.32	0.00	-1332.61
350.30	12737.35	0.00	-2101.27
350.40	12614.39	0.00	-2869.85
350.50	12434.40	0.00	-3633.76
350.60	12196.62	0.00	-4388.26
350.70	11900.60	0.00	-5128.52
350.80	11546.20	0.00	-5849.64
350.90	11133.65	0.00	-6546.72
351.00	10663.55	0.00	-7214.92
351.10	10136.92	0.00	-7849.46
351.20	9555.18	0.00	-8445.73
351.30	8920.18	0.00	-8999.31
351.40	8234.24	0.00	-9505.99
351.50	7500.09	0.00	-9961.87
351.60	6720.96	0.00	-10363.37
351.70	5900.50	0.00	-10707.26
351.80	5042.82	0.00	-10990.70
351.90	4152.43	0.00	-11211.29
352.00	3234.28	0.00	-11367.08
352.10	2293.67	0.00	-11456.58
352.20	1336.29	0.00	-11478.78
352.30	368.11	0.00	-11433.20
352.40	-604.63	0.00	-11319.85
352.50	-1575.46	0.00	-11139.25
352.60	-2537.75	0.00	-10892.45
352.70	-3484.76	0.00	-10581.00
352.80	-4409.75	0.00	-10206.95
352.90	-5305.95	0.00	-9772.85
353.00	-6166.73	0.00	-9281.72
353.10	-6985.63	0.00	-8737.04
353.20	-7756.42	0.00	-8142.71
353.30	-8473.23	0.00	-7503.06
353.40	-9130.55	0.00	-6822.78
353.50	-9723.36	0.00	-6106.89
353.60	-10247.16	0.00	-5360.76
353.70	-10698.06	0.00	-4589.98
353.80	-11072.84	0.00	-3800.39
353.90	-11368.96	0.00	-2997.98
354.00	-11584.65	0.00	-2188.87
354.10	-11718.90	0.00	-1379.25
354.20	-11771.51	0.00	-575.32
354.30	-11743.10	0.00	216.78
354.40	-11635.10	0.00	990.99
354.50	-11449.73	0.00	1741.46
354.60	-11196.83	0.00	2462.53
354.70	-10886.66	0.00	3148.86
354.80	-10522.38	0.00	3795.45
354.90	-10107.54	0.00	4397.71
355.00	-9646.10	0.00	4951.50
355.10	-9142.33	0.00	5453.21
355.20	-8600.88	0.00	5899.76
355.30	-8026.67	0.00	6288.69
355.40	-7424.91	0.00	6618.13
355.50	-6801.00	0.00	6886.89
355.60	-6160.52	0.00	7094.42
355.70	-5509.17	0.00	7240.86
355.80	-4852.70	0.00	7327.00
355.90	-4196.83	0.00	7354.31
356.00	-3547.21	0.00	7324.89
356.10	-2909.35	0.00	7241.46
356.20	-2288.54	0.00	7107.32
356.30	-1689.76	0.00	6926.28
356.40	-1117.66	0.00	6702.67
356.50	-576.45	0.00	6441.23
356.60	-69.88	0.00	6147.04
356.70	398.84	0.00	5825.51
356.80	827.08	0.00	5482.25
356.90	1212.81	0.00	5123.02
357.00	1554.65	0.00	4753.66
357.10	1851.88	0.00	4380.00
357.20	2104.44	0.00	4007.77
357.30	2312.95	0.00	3642.58
357.40	2478.67	0.00	3289.77
357.50	2603.48	0.00	2954.41
357.60	2689.89	0.00	2641.18
357.70	2740.95	0.00	2354.35
357.80	2760.23	0.00	2097.70
357.90	2751.74	0.00	1874.49
358.00	2719.89	0.00	1687.39
358.10	2669.44	0.00	1538.45
358.20	2605.38	0.00	1429.12
358.30	2532.87	0.00	1360.14
358.40	2457.22	0.00	1331.62
358.50	2383.71	0.00	1342.94
358.60	2317.60	0.00	1392.84
358.70	2264.02	0.00	1479.38
358.80	2227.86	0.00	1599.95
358.90	2213.74	0.00	1751.34
359.00	2225.94	0.00	1929.73
359.10	2268.26	0.00	2130.75
359.20	2344.05	0.00	2349.55
359.30	2456.06	0.00	2580.80
359.40	2606.45	0.00	2818.81
359.50	2796.68	0.00	3057.57
359.60	3027.51	0.00	3290.82
359.70	3298.95	0.00	3512.17
359.80	3610.21	0.00	3715.12
359.90	3959.69	0.00	3893.20
360.00	4344.98	0.00	4040.05
360.10	4762.85	0.00	4149.49
360.20	5209.24	0.00	4215.64
360.30	5679.32	0.00	4233.00
360.40	6167.50	0.00	4196.54
360.50	6667.50	0.00	4101.78
360.60	7172.38	0.00	3944.89
360.70	7675.92	0.00	3722.76
360.80	8175.24	0.00	3433.06
360.90	8663.64	0.00	3074.32
361.00	9133.80	0.00	2645.95
361.10	9578.26	0.00	2148.32
361.20	9989.45	0.00	1582.76
361.30	10359.81	0.00	951.60
361.40	10681.85	0.00	258.13
361.50	10948.26	0.00	-493.34
361.60	11151.98	0.00	-1297.56
361.70	11286.26	0.00	-2148.38
361.80	11344.83	0.00	-3038.74
361.90	11321.88	0.00	-3960.83
362.00	11212.22	0.00	-4906.07
362.10	11011.33	0.00	-5865.27
362.20	10715.47	0.00	-6828.71
362.30	10321.73	0.00	-7786.24
362.40	9828.13	0.00	-8727.40
362.50	9233.67	0.00	-9641.58
362.60	8538.45	0.00	-10518.09
362.70	7743.65	0.00	-11346.36
362.80	6851.65	0.00	-12116.02
362.90	5866.05	0.00	-12817.06
363.00	4791.68	0.00	-13439.98
363.10	3634.63	0.00	-13975.88
363.20	2402.25	0.00	-14416.59
363.30	1103.10	0.00	-14754.82
363.40	-253.07	0.00	-14984.21
363.50	-1655.39	0.00	-15099.45
363.60	-3091.96	0.00	-15096.36
363.70	-4549.97	0.00	-14971.95
363.80	-6015.83	0.00	-14724.45
363.90	-7475.30	0.00	-14353.38
364.00	-8913.71	0.00	-13859.57
364.10	-10316.10	0.00	-13245.09
364.20	-11667.46	0.00	-12513.35
364.30	-12952.93	0.00	-11668.96
364.40	-14158.01	0.00	-10717.75
364.50	-15268.81	0.00	-9666.71
364.60	-16272.24	0.00	-8523.86
364.70	-17156.25	0.00	-7298.23
364.80	-17909.98	0.00	-5999.72
364.90	-18523.99	0.00	-4638.98
365.00	-18990.38	0.00	-3227.36
365.10	-19302.96	0.00	-1776.68
365.20	-19460.07	0.00	-299.20
365.30	-19489.62	0.00	1192.56
365.40	-19399.01	0.00	2685.96
365.50	-19188.07	0.00	4168.36
365.60	-18857.36	0.00	5627.24
365.70	-18408.14	0.00	7050.37
365.80	-17842.36	0.00	8425.87
365.90	-17162.73	0.00	9742.40
366.00	-16372.67	0.00	10989.18
366.10	-15476.36	0.00	12156.20
366.20	-14478.74	0.00	13234.19
366.30	-13385.52	0.00	14214.79
366.40	-12203.17	0.00	15090.58
366.50	-10938.93	0.00	15855.11
366.60	-9600.79	0.00	16503.01
366.70	-8197.47	0.00	17029.95
366.80	-6738.39	0.00	17432.69
366.90	-5233.57	0.00	17709.10
367.00	-3693.65	0.00	17858.14
367.10	-2129.74	0.00	17879.82
367.20	-553.39	0.00	17775.23
367.30	1023.55	0.00	17546.47
367.40	2589.04	0.00	17196.60
367.50	4130.93	0.00	16729.62
367.60	5637.15	0.00	16150.38
367.70	7095.76	0.00	15464.56
367.80	8495.18	0.00	14678.54
367.90	9824.23	0.00	13799.41
368.00	11072.35	0.00	12834.81
368.10	12229.63	0.00	11792.92
368.20	13287.03	0.00	10682.34
368.30	14236.43	0.00	9512.06
368.40	15070.71	0.00	8291.32
368.50	15783.90	0.00	7029.56
368.60	16371.19	0.00	5736.37
368.70	16829.00	0.00	4421.36
368.80	17155.04	0.00	3094.13
368.90	17348.27	0.00	1764.17
369.00	17408.97	0.00	440.82
369.10	17338.65	0.00	-866.85
369.20	17140.05	0.00	-2150.03
369.30	16831.18	0.00	-3400.31
369.40	16433.26	0.00	-4609.65
369.50	15949.79	0.00	-5770.52
369.60	15384.57	0.00	-6875.89
369.70	14741.65	0.00	-7919.27
369.80	14025.39	0.00	-8894.79
369.90	13240.47	0.00	-9797.21
370.00	12391.82	0.00	-10621.92
370.10	11484.70	0.00	-11365.01
370.20	10524.64	0.00	-12023.25
370.30	9517.43	0.00	-12594.10
370.40	8469.13	0.00	-13075.73
370.50	7386.03	0.00	-13467.00
370.60	6274.63	0.00	-13767.46
370.70	5141.58	0.00	-13977.29
370.80	3993.69	0.00	-14097.36
370.90	2837.84	0.00	-14129.11
371.00	1680.94	0.00	-14074.58
371.10	529.91	0.00	-13936.31
371.20	-608.42	0.00	-13717.35
371.30	-1727.32	0.00	-13421.20
371.40	-2820.25	0.00	-13051.74
371.50	-3880.90	0.00	-12613.17
371.60	-4903.25	0.00	-12109.99
371.70	-5881.58	0.00	-11546.92
371.80	-6810.57	0.00	-10928.87
371.90	-7685.29	0.00	-10260.84
372.00	-8501.26	0.00	-9547.94
372.10	-9254.45	0.00	-8795.29
372.20	-9941.32	0.00	-8008.00
372.30	-10558.81	0.00	-7191.12
372.40	-11104.37	0.00	-6349.63
372.50	-11575.94	0.00	-5488.40
372.60	-11971.93	0.00	-4612.14
372.70	-12291.26	0.00	-3725.46
372.80	-12533.30	0.00	-2832.77
372.90	-12697.85	0.00	-1938.34
373.00	-12785.14	0.00	-1046.26
373.10	-12795.83	0.00	-160.46
373.20	-12730.99	0.00	715.26
373.30	-12602.07	0.00	1577.29
373.40	-12417.79	0.00	2422.11
373.50	-12179.27	0.00	3246.35
373.60	-11887.58	0.00	4046.73
373.70	-11543.81	0.00	4820.09
373.80	-11149.07	0.00	5563.33
373.90	-10704.51	0.00	6273.45
374.00	-10211.36	0.00	6947.50
374.10	-9670.95	0.00	7582.63
374.20	-9084.77	0.00	8176.04
374.30	-8454.46	0.00	8725.01
374.40	-7781.90	0.00	9226.93
374.50	-7069.20	0.00	9679.28
374.60	-6318.79	0.00	10079.67
374.70	-5533.38	0.00	10425.85
374.80	-4716.04	0.00	10715.75
374.90	-3870.18	0.00	10947.53
375.00	-2999.61	0.00	11119.53
375.10	-2108.50	0.00	11230.43
375.20	-1201.39	0.00	11279.14
375.30	-283.18	0.00	11264.97
375.40	640.89	0.00	11187.55
375.50	1565.27	0.00	11046.93
375.60	2484.18	0.00	10843.58
375.70	3391.59	0.00	10578.39
375.80	4281.36	0.00	10252.74
375.90	5147.24	0.00	9868.44
376.00	5982.99	0.00	9427.79
376.10	6782.43	0.00	8933.57
376.20	7539.54	0.00	8388.98
376.30	8248.54	0.00	7797.69
376.40	8903.96	0.00	7163.77
376.50	9500.75	0.00	6491.67
376.60	10034.30	0.00	5786.17
376.70	10500.60	0.00	5052.36
376.80	10896.21	0.00	4295.58
376.90	11218.38	0.00	3521.36
377.00	11465.06	0.00	2735.33
377.10	11634.94	0.00	1943.24
377.20	11727.48	0.00	1150.82
377.30	11742.89	0.00	363.74
377.40	11683.69	0.00	-412.44
377.50	11562.67	0.00	-1172.34
377.60	11383.97	0.00	-1910.82
377.70	11149.79	0.00	-2623.03
377.80	10862.67	0.00	-3304.47
377.90	10525.43	0.00	-3951.01
378.00	10141.18	0.00	-4558.97
378.10	9713.26	0.00	-5125.09
378.20	9245.23	0.00	-5646.62
378.30	8740.82	0.00	-6121.30
378.40	8203.90	0.00	-6547.35
378.50	7638.45	0.00	-6923.52
378.60	7048.50	0.00	-7249.05
378.70	6438.14	0.00	-7523.65
378.80	5811.44	0.00	-7747.52
378.90	5172.42	0.00	-7921.29
379.00	4525.07	0.00	-8045.99
379.10	3873.22	0.00	-8123.05
379.20	3220.63	0.00	-8154.21
379.30	2570.84	0.00	-8141.54
379.40	1927.27	0.00	-8087.34
379.50	1293.09	0.00	-7994.15
379.60	671.29	0.00	-7864.66
379.70	64.62	0.00	-7701.72
379.80	-524.42	0.00	-7508.27
379.90	-1093.56	0.00	-7287.29
380.00	-1640.76	0.00	-7041.81
380.10	-2164.25	0.00	-6774.85
380.20	-2662.50	0.00	-6489.40
380.30	-3134.20	0.00	-6188.39
380.40	-3578.28	0.00	-5874.69
380.50	-3993.90	0.00	-5551.06
380.60	-4380.43	0.00	-5220.18
380.70	-4737.47	0.00	-4884.60
380.80	-5064.78	0.00	-4546.76
380.90	-5362.35	0.00	-4208.96
381.00	-5630.35	0.00	-3873.37
381.10	-5869.11	0.00	-3542.04
381.20	-6079.15	0.00	-3216.85
381.30	-6261.15	0.00	-2899.55
381.40	-6415.95	0.00	-2591.75
381.50	-6544.55	0.00	-2294.90
381.60	-6648.09	0.00	-2010.30
381.70	-6727.85	0.00	-1739.06
381.80	-6785.24	0.00	-1482.16
381.90	-6821.80	0.00	-1240.36
382.00	-6839.16	0.00	-1014.27
382.10	-6839.05	0.00	-804.29
382.20	-6823.29	0.00	-610.60
382.30	-6793.74	0.00	-433.18
382.40	-6752.30	0.00	-271.80
382.50	-6700.88	0.00	-126.00
382.60	-6641.38	0.00	4.94
382.70	-6578.06	0.00	121.93
382.80	-6514.98	0.00	226.14
382.90	-6453.67	0.00	318.94
383.00	-6395.52	0.00	401.94
383.10	-6341.77	0.00	476.95
383.20	-6293.46	0.00	545.94
383.30	-6251.43	0.00	611.07
383.40	-6216.28	0.00	674.64
383.50	-6188.34	0.00	739.04
383.60	-6167.68	0.00	806.73
383.70	-6154.06	0.00	880.24
383.80	-6146.94	0.00	962.05
383.90	-6145.48	0.00	1054.64
384.00	-6148.50	0.00	1160.35
384.10	-6154.51	0.00	1281.42
384.20	-6161.74	0.00	1419.89
384.30	-6168.09	0.00	1577.59
384.40	-6171.22	0.00	1756.06
384.50	-6168.52	0.00	1956.57
384.60	-6157.17	0.00	2180.00
384.70	-6134.17	0.00	2426.91
384.80	-6096.38	0.00	2697.41
384.90	-6040.54	0.00	2991.24
385.00	-5963.35	0.00	3307.67
385.10	-5861.52	0.00	3645.54
385.20	-5731.78	0.00	4003.26
385.30	-5570.97	0.00	4378.80
385.40	-5376.09	0.00	4769.70
385.50	-5144.34	0.00	5173.13
385.60	-4873.18	0.00	5585.85
385.70	-4560.38	0.00	6004.32
385.80	-4204.08	0.00	6424.67
385.90	-3802.79	0.00	6842.80
386.00	-3355.49	0.00	7254.39
386.10	-2861.66	0.00	7654.97
386.20	-2321.24	0.00	8039.99
386.30	-1734.76	0.00	8404.83
386.40	-1103.29	0.00	8744.91
386.50	-428.48	0.00	9055.71
386.60	287.45	0.00	9332.84
386.70	1041.69	0.00	9572.12
386.80	1830.87	0.00	9769.57
386.90	2651.04	0.00	9921.53
387.00	3497.74	0.00	10024.63
387.10	4365.99	0.00	10075.91
387.20	5250.38	0.00	10072.79
387.30	6145.05	0.00	10013.13
387.40	7043.78	0.00	9895.23
387.50	7940.07	0.00	9717.90
387.60	8827.14	0.00	9480.39
387.70	9698.05	0.00	9182.48
387.80	10545.78	0.00	8824.42
387.90	11363.25	0.00	8406.96
388.00	12143.43	0.00	7931.32
388.10	12879.42	0.00	7399.17
388.20	13564.54	0.00	6812.67
388.30	14192.34	0.00	6174.35
388.40	14756.75	0.00	5487.18
388.50	15252.10	0.00	4754.47
388.60	15673.21	0.00	3979.91
388.70	16017.55	0.00	3167.46
388.80	16302.19	0.00	2321.40
388.90	16530.05	0.00	1446.22
389.00	16699.23	0.00	546.64
389.10	16807.95	0.00	-372.43
389.20	16854.64	0.00	-1305.95
389.30	16837.86	0.00	-2248.77
389.40	16756.36	0.00	-3195.64
389.50	16609.07	0.00	-4141.31
389.60	16395.11	0.00	-5080.46
389.70	16113.77	0.00	-6007.83
389.80	15764.61	0.00	-6918.20
389.90	15347.38	0.00	-7806.43
390.00	14862.14	0.00	-8667.51
390.10	14309.20	0.00	-9496.56
390.20	13689.20	0.00	-10288.90
390.30	13003.14	0.00	-11040.02
390.40	12252.36	0.00	-11745.69
390.50	11438.61	0.00	-12401.93
390.60	10564.04	0.00	-13005.04
390.70	9631.26	0.00	-13551.68
390.80	8643.31	0.00	-14038.81
390.90	7603.68	0.00	-14463.81
391.00	6516.33	0.00	-14824.41
391.10	5385.66	0.00	-15118.77
391.20	4216.51	0.00	-15345.49
391.30	3014.15	0.00	-15503.57
391.40	1784.21	0.00	-15592.49
391.50	532.70	0.00	-15612.14
391.60	-734.10	0.00	-15562.89
391.70	-2009.64	0.00	-15445.52
391.80	-3287.16	0.00	-15261.25
391.90	-4559.82	0.00	-15011.69
392.00	-5820.68	0.00	-14698.87
392.10	-7062.81	0.00	-14325.12
392.20	-8279.39	0.00	-13893.14
392.30	-9463.71	0.00	-13405.90
392.40	-10609.32	0.00	-12866.61
392.50	-11710.02	0.00	-12278.69
392.60	-12759.99	0.00	-11645.71
392.70	-13753.79	0.00	-10971.34
392.80	-14686.40	0.00	-10259.32
392.90	-15553.33	0.00	-9513.38
393.00	-16350.56	0.00	-8737.23
393.10	-17074.60	0.00	-7934.49
393.20	-17722.50	0.00	-7108.66
393.30	-18291.84	0.00	-6263.06
393.40	-18780.71	0.00	-5400.83
393.50	-19187.69	0.00	-4524.90
393.60	-19511.86	0.00	-3637.94
393.70	-19752.69	0.00	-2742.40
393.80	-19910.07	0.00	-1840.44
393.90	-19997.51	0.00	-934.01
394.00	-20045.08	0.00	-24.79
394.10	-20054.60	0.00	885.75
394.20	-20026.54	0.00	1796.32
394.30	-19961.01	0.00	2705.80
394.40	-19857.76	0.00	3613.18
394.50	-19716.20	0.00	4517.53
394.60	-19535.32	0.00	5417.95
394.70	-19313.75	0.00	6313.52
394.80	-19049.75	0.00	7203.23
394.90	-18741.22	0.00	8085.95
395.00	-18385.75	0.00	8960.38
395.10	-17980.67	0.00	9825.00
395.20	-17523.05	0.00	10678.00
395.30	-17009.82	0.00	11517.30
395.40	-16437.80	0.00	12340.47
395.50	-15803.79	0.00	13144.73
395.60	-15104.65	0.00	13926.93
395.70	-14337.41	0.00	14683.56
395.80	-13499.33	0.00	15410.73
395.90	-12588.04	0.00	16104.25
396.00	-11601.62	0.00	16759.55
396.10	-10538.70	0.00	17371.84
396.20	-9398.57	0.00	17936.07
396.30	-8181.30	0.00	18447.02
396.40	-6887.76	0.00	18899.37
396.50	-5519.78	0.00	19287.74
396.60	-4080.18	0.00	19606.81
396.70	-2572.84	0.00	19851.38
396.80	-1002.72	0.00	20016.43
396.90	624.06	0.00	20097.25
397.00	2300.28	0.00	20089.47
397.10	4017.58	0.00	19989.20
397.20	5766.54	0.00	19793.04
397.30	7536.69	0.00	19498.22
397.40	9316.62	0.00	19102.60
397.50	11094.07	0.00	18604.76
397.60	12856.04	0.00	18004.04
397.70	14588.97	0.00	17300.57
397.80	16278.83	0.00	16495.30
397.90	17911.35	0.00	15590.02
398.00	19472.18	0.00	14587.34
398.10	20947.06	0.00	13490.70
398.20	22322.07	0.00	12304.35
398.30	23583.74	0.00	11033.30
398.40	24719.35	0.00	9683.33
398.50	25717.03	0.00	8260.88
398.60	26565.97	0.00	6773.02
398.70	27256.57	0.00	5227.42
398.80	27780.60	0.00	3632.22
398.90	28131.31	0.00	1996.03
399.00	28334.63	0.00	327.78
399.10	28442.97	0.00	-1363.29
399.20	28455.48	0.00	-3067.73
399.30	28370.19	0.00	-4775.96
399.40	28185.12	0.00	-6478.33
399.50	27898.30	0.00	-8165.20
399.60	27507.76	0.00	-9827.00
399.70	27011.57	0.00	-11454.26
399.80	26407.92	0.00	-13037.73
399.90	25695.15	0.00	-14568.38
400.00	24871.81	0.00	-16037.46
400.10	23936.76	0.00	-17436.54
400.20	22889.25	0.00	-18757.54
400.30	21729.00	0.00	-19992.79
400.40	20456.29	0.00	-21135.01
400.50	19072.11	0.00	-22177.39
400.60	17578.18	0.00	-23113.55
400.70	15977.09	0.00	-23937.64
400.80	14272.40	0.00	-24644.27
400.90	12468.69	0.00	-25228.61
401.00	10571.66	0.00	-25686.36
401.10	8588.15	0.00	-26013.77
401.20	6526.23	0.00	-26207.70
401.30	4395.22	0.00	-26265.61
401.40	2205.66	0.00	-26185.60
401.50	-30.66	0.00	-25966.42
401.60	-2300.75	0.00	-25607.51
401.70	-4590.51	0.00	-25109.04
401.80	-6884.77	0.00	-24471.93
401.90	-9167.42	0.00	-23697.85
402.00	-11421.57	0.00	-22789.30
402.10	-13629.67	0.00	-21749.60
402.20	-15773.74	0.00	-20582.95
402.30	-17835.55	0.00	-19294.40
402.40	-19796.85	0.00	-17889.88
402.50	-21639.63	0.00	-16376.26
402.60	-23346.34	0.00	-14761.26
402.70	-24900.19	0.00	-13053.51
402.80	-26285.40	0.00	-11262.49
402.90	-27487.45	0.00	-9398.55
403.00	-28493.36	0.00	-7472.78
403.10	-29291.89	0.00	-5497.05
403.20	-29873.81	0.00	-3483.88
403.30	-30232.02	0.00	-1446.37
403.40	-30361.78	0.00	601.85
403.50	-30260.81	0.00	2646.81
403.60	-29976.87	0.00	4674.23
403.70	-29562.16	0.00	6669.69
403.80	-29016.50	0.00	8618.78
403.90	-28340.05	0.00	10507.18
404.00	-27533.46	0.00	12320.90
404.10	-26597.99	0.00	14046.34
404.20	-25535.61	0.00	15670.51
404.30	-24349.13	0.00	17181.13
404.40	-23042.29	0.00	18566.82
404.50	-21619.93	0.00	19817.21
404.60	-20088.01	0.00	20923.08
404.70	-18453.71	0.00	21876.50
404.80	-16725.47	0.00	22670.88
404.90	-14913.02	0.00	23301.12
405.00	-13027.34	0.00	23763.67
405.10	-11080.63	0.00	24056.56
405.20	-9086.21	0.00	24179.43
405.30	-7058.40	0.00	24133.59
405.40	-5012.37	0.00	23921.94
405.50	-2963.95	0.00	23549.01
405.60	-929.42	0.00	23020.82
405.70	1074.72	0.00	22344.89
405.80	3032.03	0.00	21530.09
405.90	4926.37	0.00	20586.53
406.00	6742.17	0.00	19525.45
406.10	8464.68	0.00	18359.03
406.20	10080.26	0.00	17100.28
406.30	11576.56	0.00	15762.85
406.40	12942.77	0.00	14360.82
406.50	14169.76	0.00	12908.58
406.60	15250.25	0.00	11420.58
406.70	16178.90	0.00	9911.21
406.80	16952.35	0.00	8394.58
406.90	17569.29	0.00	6884.35
407.00	18030.39	0.00	5393.61
407.10	18338.26	0.00	3934.69
407.20	18497.32	0.00	2519.03
407.30	18513.71	0.00	1157.08
407.40	18395.09	0.00	-141.80
407.50	18150.48	0.00	-1369.44
407.60	17790.01	0.00	-2518.91
407.70	17324.72	0.00	-3584.58
407.80	16766.36	0.00	-4562.11
407.90	16127.10	0.00	-5448.46
408.00	15419.43	0.00	-6241.91
408.10	14670.17	0.00	-6941.97
408.20	13899.19	0.00	-7549.37
408.30	13114.52	0.00	-8065.95
408.40	12323.72	0.00	-8494.61
408.50	11533.80	0.00	-8839.20
408.60	10751.20	0.00	-9104.42
408.70	9981.67	0.00	-9295.67
408.80	9230.28	0.00	-9418.98
408.90	8501.34	0.00	-9480.83
409.00	7798.38	0.00	-9488.06
409.10	7124.16	0.00	-9447.69
409.20	6480.61	0.00	-9366.86
409.30	5868.86	0.00	-9252.62
409.40	5289.29	0.00	-9111.89
409.50	4741.48	0.00	-8951.29
409.60	4224.32	0.00	-8777.04
409.70	3736.05	0.00	-8594.89
409.80	3274.30	0.00	-8410.01
409.90	2836.18	0.00	-8226.94
410.00	2418.37	0.00	-8049.50
410.10	2017.20	0.00	-7880.79
410.20	1628.75	0.00	-7723.10
410.30	1248.97	0.00	-7577.95
410.40	873.75	0.00	-7446.05
410.50	499.07	0.00	-7327.33
410.60	121.05	0.00	-7220.98
410.70	-263.89	0.00	-7125.44
410.80	-658.99	0.00	-7038.52
410.90	-1066.99	0.00	-6957.42
411.00	-1490.13	0.00	-6878.82
411.10	-1930.01	0.00	-6798.96
411.20	-2387.57	0.00	-6713.76
411.30	-2862.99	0.00	-6618.89
411.40	-3355.72	0.00	-6509.87
411.50	-3864.43	0.00	-6382.22
411.60	-4386.97	0.00	-6231.53
411.70	-4920.46	0.00	-6053.58
411.80	-5461.22	0.00	-5844.46
411.90	-6004.92	0.00	-5600.65
412.00	-6546.54	0.00	-5319.11
412.10	-7080.52	0.00	-4997.41
412.20	-7600.83	0.00	-4633.74
412.30	-8101.06	0.00	-4227.02
412.40	-8574.54	0.00	-3776.95
412.50	-9014.50	0.00	-3284.01
412.60	-9414.16	0.00	-2749.52
412.70	-9766.89	0.00	-2175.63
412.80	-10066.36	0.00	-1565.30
412.90	-10306.64	0.00	-922.30
413.00	-10482.38	0.00	-251.13
413.10	-10588.91	0.00	443.01
413.20	-10622.35	0.00	1154.29
413.30	-10585.08	0.00	1876.35
413.40	-10481.89	0.00	2602.41
413.50	-10311.35	0.00	3325.33
413.60	-10072.77	0.00	4037.78
413.70	-9766.22	0.00	4732.30
413.80	-9392.62	0.00	5401.50
413.90	-8953.69	0.00	6038.12
414.00	-8452.01	0.00	6635.16
414.10	-7890.96	0.00	7186.06
414.20	-7274.72	0.00	7684.75
414.30	-6608.22	0.00	8125.75
414.40	-5897.09	0.00	8504.34
414.50	-5147.60	0.00	8816.56
414.60	-4366.56	0.00	9059.33
414.70	-3561.27	0.00	9230.46
414.80	-2739.35	0.00	9328.75
414.90	-1908.68	0.00	9353.92
415.00	-1077.28	0.00	9306.71
415.10	-253.14	0.00	9188.77
415.20	555.86	0.00	9002.68
415.30	1342.13	0.00	8751.89
415.40	2098.44	0.00	8440.65
415.50	2818.08	0.00	8073.91
415.60	3494.95	0.00	7657.25
415.70	4123.68	0.00	7196.77
415.80	4699.71	0.00	6698.97
415.90	5219.32	0.00	6170.62
416.00	5679.74	0.00	5618.66
416.10	6079.13	0.00	5050.06
416.20	6416.63	0.00	4471.70
416.30	6692.31	0.00	3890.25
416.40	6907.15	0.00	3312.06
416.50	7063.03	0.00	2743.04
416.60	7162.56	0.00	2188.59
416.70	7209.12	0.00	1653.48
416.80	7206.65	0.00	1141.84
416.90	7159.60	0.00	657.05
417.00	7072.79	0.00	201.73
417.10	6951.29	0.00	-222.28
417.20	6800.29	0.00	-613.93
417.30	6624.97	0.00	-972.94
417.40	6430.57	0.00	-1299.79
417.50	6225.00	0.00	-1595.62
417.60	6013.49	0.00	-1862.25
417.70	5799.62	0.00	-2102.03
417.80	5586.46	0.00	-2317.80
417.90	5376.51	0.00	-2512.80
418.00	5171.64	0.00	-2690.52
418.10	4973.10	0.00	-2854.64
418.20	4781.50	0.00	-3008.92
418.30	4596.78	0.00	-3157.07
418.40	4418.25	0.00	-3302.63
418.50	4244.64	0.00	-3448.92
418.60	4074.11	0.00	-3598.88
418.70	3904.32	0.00	-3755.04
418.80	3732.54	0.00	-3919.39
418.90	3555.67	0.00	-4093.37
419.00	3370.37	0.00	-4277.80
419.10	3173.17	0.00	-4472.81
419.20	2960.51	0.00	-4677.87
419.30	2728.94	0.00	-4891.79
419.40	2475.13	0.00	-5112.68
419.50	2196.06	0.00	-5338.03
419.60	1889.04	0.00	-5564.76
419.70	1551.86	0.00	-5789.22
419.80	1182.87	0.00	-6007.35
419.90	781.03	0.00	-6214.70
420.00	346.00	0.00	-6406.54
420.10	-121.85	0.00	-6577.98
420.20	-621.33	0.00	-6724.06
420.30	-1150.51	0.00	-6839.88
420.40	-1706.62	0.00	-6920.67
420.50	-2286.15	0.00	-6961.96
420.60	-2884.80	0.00	-6959.65
420.70	-3497.62	0.00	-6910.10
420.80	-4119.00	0.00	-6810.25
420.90	-4742.80	0.00	-6657.65
421.00	-5362.42	0.00	-6450.61
421.10	-5970.94	0.00	-6188.16
421.20	-6561.22	0.00	-5870.15
421.30	-7126.01	0.00	-5497.23
421.40	-7658.13	0.00	-5070.88
421.50	-8150.58	0.00	-4593.40
421.60	-8596.68	0.00	-4067.86
421.70	-8990.19	0.00	-3498.06
421.80	-9325.45	0.00	-2888.51
421.90	-9597.50	0.00	-2244.27
422.00	-9806.73	0.00	-1570.97
422.10	-9955.92	0.00	-874.62
422.20	-10043.03	0.00	-161.59
422.30	-10066.74	0.00	561.57
422.40	-10026.37	0.00	1288.20
422.50	-9921.98	0.00	2011.63
422.60	-9754.30	0.00	2725.36
422.70	-9524.72	0.00	3423.07
422.80	-9235.28	0.00	4098.82
422.90	-8888.60	0.00	4747.05
423.00	-8487.85	0.00	5362.73
423.10	-8036.70	0.00	5941.41
423.20	-7539.21	0.00	6479.27
423.30	-6999.82	0.00	6973.16
423.40	-6423.21	0.00	7420.65
423.50	-5814.29	0.00	7820.00
423.60	-5178.03	0.00	8170.22
423.70	-4519.44	0.00	8471.00
423.80	-3843.47	0.00	8722.68
423.90	-3154.93	0.00	8926.24
424.00	-2458.39	0.00	9083.19
424.10	-1758.14	0.00	9195.57
424.20	-1058.13	0.00	9265.78
424.30	-361.87	0.00	9296.59
424.40	327.53	0.00	9290.97
424.50	1007.47	0.00	9252.03
424.60	1675.82	0.00	9182.95
424.70	2330.96	0.00	9086.84
424.80	2971.72	0.00	8966.66
424.90	3597.42	0.00	8825.18
425.00	4207.77	0.00	8664.83
425.10	4802.87	0.00	8487.69
425.20	5383.09	0.00	8295.42
425.30	5949.07	0.00	8089.20
425.40	6501.57	0.00	7869.70
425.50	7041.43	0.00	7637.07
425.60	7569.48	0.00	7390.94
425.70	8086.43	0.00	7130.41
425.80	8592.78	0.00	6854.09
425.90	9088.76	0.00	6560.13
426.00	9574.22	0.00	6246.27
426.10	10048.59	0.00	5909.90
426.20	10510.78	0.00	5548.14
426.30	10959.15	0.00	5157.92
426.40	11391.49	0.00	4736.06
426.50	11804.97	0.00	4279.38
426.60	12196.14	0.00	3784.79
426.70	12567.74	0.00	3249.40
426.80	12926.03	0.00	2670.62
426.90	13267.36	0.00	2046.26
427.00	13587.42	0.00	1374.63
427.10	13881.33	0.00	654.63
427.20	14143.73	0.00	-114.16
427.30	14368.79	0.00	-931.41
427.40	14550.30	0.00	-1795.98
427.50	14681.76	0.00	-2705.84
427.60	14756.41	0.00	-3658.07
427.70	14767.39	0.00	-4648.82
427.80	14707.78	0.00	-5673.26
427.90	14570.74	0.00	-6725.68
428.00	14349.61	0.00	-7799.41
428.10	14038.05	0.00	-8886.93
428.20	13630.15	0.00	-9979.90
428.30	13120.53	0.00	-11069.22
428.40	12504.55	0.00	-12145.15
428.50	11778.37	0.00	-13197.39
428.60	10939.15	0.00	-14215.17
428.70	9985.13	0.00	-15187.44
428.80	8915.78	0.00	-16102.94
428.90	7731.95	0.00	-16950.37
429.00	6435.92	0.00	-17718.54
429.10	5031.55	0.00	-18396.55
429.20	3524.35	0.00	-18973.86
429.30	1921.52	0.00	-19440.56
429.40	231.98	0.00	-19787.42
429.50	-1533.60	0.00	-20006.10
429.60	-3362.86	0.00	-20089.26
429.70	-5241.78	0.00	-20030.70
429.80	-7154.81	0.00	-19825.45
429.90	-9084.98	0.00	-19469.94
430.00	-11014.09	0.00	-18961.99
430.10	-12922.90	0.00	-18300.99
430.20	-14791.42	0.00	-17487.84
430.30	-16599.09	0.00	-16525.09
430.40	-18325.21	0.00	-15416.87
430.50	-19949.13	0.00	-14168.91
430.60	-21450.70	0.00	-12788.55
430.70	-22810.54	0.00	-11284.60
430.80	-24010.42	0.00	-9667.37
430.90	-25033.57	0.00	-7948.49
431.00	-25865.03	0.00	-6140.88
431.10	-26491.95	0.00	-4258.54
431.20	-26907.41	0.00	-2316.49
431.30	-27160.34	0.00	-330.54
431.40	-27266.09	0.00	1682.83
431.50	-27221.60	0.00	3706.69
431.60	-27024.51	0.00	5723.80
431.70	-26673.17	0.00	7716.85
431.80	-26166.70	0.00	9668.64
431.90	-25505.05	0.00	11562.26
432.00	-24689.10	0.00	13381.29
432.10	-23720.75	0.00	15110.02
432.20	-22602.97	0.00	16733.57
432.30	-21339.92	0.00	18238.10
432.40	-19937.04	0.00	19610.95
432.50	-18401.07	0.00	20840.80
432.60	-16740.15	0.00	21917.76
432.70	-14963.79	0.00	22833.50
432.80	-13082.93	0.00	23581.30
432.90	-11109.87	0.00	24156.17
433.00	-9058.23	0.00	24554.83
433.10	-6942.85	0.00	24775.77
433.20	-4779.62	0.00	24819.20
433.30	-2585.40	0.00	24687.08
433.40	-377.75	0.00	24383.00
433.50	1825.25	0.00	23912.19
433.60	4005.23	0.00	23281.34
433.70	6143.82	0.00	22498.58
433.80	8222.91	0.00	21573.26
433.90	10224.87	0.00	20515.92
434.00	12132.88	0.00	19338.03
434.10	13931.14	0.00	18051.92
434.20	15605.15	0.00	16670.56
434.30	17141.85	0.00	15207.41
434.40	18529.87	0.00	13676.25
434.50	19759.66	0.00	12091.00
434.60	20823.60	0.00	10465.57
434.70	21716.05	0.00	8813.71
434.80	22433.44	0.00	7148.82
434.90	22974.21	0.00	5483.86
435.00	23338.80	0.00	3831.20
435.10	23529.56	0.00	2202.51
435.20	23550.62	0.00	608.69
435.30	23407.81	0.00	-940.26
435.40	23108.40	0.00	-2435.24
435.50	22662.87	0.00	-3868.14
435.60	22119.00	0.00	-5231.86
435.70	21499.07	0.00	-6520.29
435.80	20809.25	0.00	-7728.34
435.90	20055.53	0.00	-8851.92
436.00	19243.76	0.00	-9887.88
436.10	18379.55	0.00	-10834.01
436.20	17468.34	0.00	-11688.94
436.30	16515.34	0.00	-12452.09
436.40	15525.58	0.00	-13123.64
436.50	14503.86	0.00	-13704.42
436.60	13454.81	0.00	-14195.82
436.70	12382.86	0.00	-14599.75
436.80	11292.27	0.00	-14918.56
436.90	10187.14	0.00	-15154.95
437.00	9071.42	0.00	-15311.90
437.10	7948.96	0.00	-15392.62
437.20	6823.45	0.00	-15400.48
437.30	5698.53	0.00	-15338.96
437.40	4577.73	0.00	-15211.61
437.50	3464.54	0.00	-15022.01
437.60	2362.36	0.00	-14773.72
437.70	1274.60	0.00	-14470.30
437.80	204.61	0.00	-14115.24
437.90	-844.30	0.00	-13712.00
438.00	-1868.83	0.00	-13263.95
438.10	-2865.69	0.00	-12774.42
438.20	-3831.67	0.00	-12246.67
438.30	-4763.56	0.00	-11683.92
438.40	-5658.25	0.00	-11089.32
438.50	-6512.67	0.00	-10466.00
438.60	-7323.89	0.00	-9817.06
438.70	-8089.08	0.00	-9145.56
438.80	-8805.57	0.00	-8454.56
438.90	-9470.85	0.00	-7747.11
439.00	-10082.64	0.00	-7026.23
439.10	-10638.89	0.00	-6294.94
439.20	-11137.80	0.00	-5556.26
439.30	-11577.86	0.00	-4813.15
439.40	-11957.85	0.00	-4068.59
439.50	-12276.89	0.00	-3325.49
439.60	-12534.43	0.00	-2586.72
439.70	-12730.25	0.00	-1855.08
439.80	-12864.48	0.00	-1133.30
439.90	-12937.59	0.00	-424.03
440.00	-12950.38	0.00	270.20
440.10	-12903.98	0.00	946.97
440.20	-12799.82	0.00	1603.98
440.30	-12639.63	0.00	2239.06
440.40	-12425.37	0.00	2850.19
440.50	-12160.71	0.00	3435.48
440.60	-11859.84	0.00	3993.19
440.70	-11526.95	0.00	4521.72
440.80	-11163.37	0.00	5019.59
440.90	-10770.45	0.00	5485.46
441.00	-10349.51	0.00	5918.13
441.10	-9901.89	0.00	6316.48
441.20	-9428.94	0.00	6679.50
441.30	-8932.06	0.00	7006.28
441.40	-8412.64	0.00	7295.99
441.50	-7872.19	0.00	7547.88
441.60	-7312.26	0.00	7761.26
441.70	-6734.51	0.00	7935.50
441.80	-6140.71	0.00	8070.05
441.90	-5532.80	0.00	8164.43
442.00	-4912.84	0.00	8218.23
442.10	-4283.09	0.00	8231.12
442.20	-3646.01	0.00	8202.89
442.30	-3004.26	0.00	8133.44
442.40	-2360.70	0.00	8022.81
442.50	-1718.42	0.00	7871.23
442.60	-1080.71	0.00	7679.09
442.70	-451.08	0.00	7447.02
442.80	166.80	0.00	7175.91
442.90	769.09	0.00	6866.91
443.00	1351.83	0.00	6521.49
443.10	1910.97	0.00	6141.44
443.20	2442.42	0.00	5728.90
443.30	2942.13	0.00	5286.39
443.40	3406.11	0.00	4816.81
443.50	3830.50	0.00	4323.42
443.60	4211.66	0.00	3809.89
443.70	4546.22	0.00	3280.24
443.80	4831.18	0.00	2738.88
443.90	5063.91	0.00	2190.53
444.00	5242.30	0.00	1640.19
444.10	5364.77	0.00	1093.17
444.20	5430.34	0.00	554.94
444.30	5438.65	0.00	31.15
444.40	5390.06	0.00	-472.47
444.50	5285.62	0.00	-950.16
444.60	5127.12	0.00	-1396.21
444.70	4917.09	0.00	-1805.05
444.80	4658.77	0.00	-2171.32
444.90	4356.14	0.00	-2489.93
445.00	4013.86	0.00	-2756.20
445.10	3637.21	0.00	-2965.88
445.20	3232.08	0.00	-3115.26
445.30	2804.90	0.00	-3201.24
445.40	2362.53	0.00	-3221.41
445.50	1912.22	0.00	-3174.08
445.60	1461.51	0.00	-3058.39
445.70	1018.14	0.00	-2874.30
445.80	589.95	0.00	-2622.67
445.90	184.78	0.00	-2305.26
446.00	-189.64	0.00	-1924.77
446.10	-525.76	0.00	-1484.80
446.20	-816.36	0.00	-989.88
446.30	-1054.60	0.00	-445.44
446.40	-1234.18	0.00	142.26
446.50	-1349.37	0.00	766.12
446.60	-1395.17	0.00	1418.33
446.70	-1367.34	0.00	2090.41
446.80	-1262.53	0.00	2773.29
446.90	-1078.31	0.00	3457.45
447.00	-813.31	0.00	4132.97
447.10	-467.20	0.00	4789.69
447.20	-40.82	0.00	5417.35
447.30	463.84	0.00	6005.65
447.40	1043.56	0.00	6544.47
447.50	1693.92	0.00	7023.95
447.60	2409.25	0.00	7434.65
447.70	3182.68	0.00	7767.67
447.80	4006.17	0.00	8014.80
447.90	4870.54	0.00	8168.65
448.00	5765.58	0.00	8222.73
448.10	6680.11	0.00	8171.62
448.20	7602.11	0.00	8011.02
448.30	8518.87	0.00	7737.83
448.40	9418.90	0.00	7350.28
448.50	10296.48	0.00	6847.90
448.60	11141.18	0.00	6231.64
448.70	11942.03	0.00	5503.83
448.80	12688.22	0.00	4668.21
448.90	13369.19	0.00	3729.91
449.00	13974.77	0.00	2695.41
449.10	14495.19	0.00	1572.49
449.20	14921.20	0.00	370.18
449.30	15244.16	0.00	-901.39
449.40	15456.08	0.00	-2230.99
449.50	15549.73	0.00	-3606.53
449.60	15518.69	0.00	-5015.06
449.70	15357.42	0.00	-6443.02
449.80	15061.37	0.00	-7876.32
449.90	14627.01	0.00	-9300.54
450.00	14051.96	0.00	-10701.03
450.10	13335.02	0.00	-12063.16
450.20	12476.29	0.00	-13372.40
450.30	11477.20	0.00	-14614.53
450.40	10340.64	0.00	-15775.81
450.50	9070.95	0.00	-16843.07
450.60	7674.03	0.00	-17803.94
450.70	6157.32	0.00	-18646.90
450.80	4529.88	0.00	-19361.49
450.90	2802.33	0.00	-19938.36
451.00	986.85	0.00	-20369.41
451.10	-902.86	0.00	-20647.83
451.20	-2851.70	0.00	-20768.24
451.30	-4843.26	0.00	-20726.68
451.40	-6859.94	0.00	-20520.70
451.50	-8883.17	0.00	-20149.34
451.60	-10893.53	0.00	-19613.17
451.70	-12871.08	0.00	-18914.27
451.80	-14795.49	0.00	-18056.22
451.90	-16646.39	0.00	-17044.04
452.00	-18403.61	0.00	-15884.14
452.10	-20047.48	0.00	-14584.30
452.20	-21559.09	0.00	-13153.53
452.30	-22920.64	0.00	-11602.03
452.40	-24115.64	0.00	-9941.07
452.50	-25129.23	0.00	-8182.89
452.60	-25948.38	0.00	-6340.59
452.70	-26562.14	0.00	-4428.01
452.80	-26968.07	0.00	-2459.61
452.90	-27219.29	0.00	-450.33
453.00	-27327.59	0.00	1584.55
453.10	-27290.94	0.00	3629.50
453.20	-27107.67	0.00	5668.91
453.30	-26776.48	0.00	7687.22
453.40	-26296.52	0.00	9669.01
453.50	-25667.37	0.00	11599.18
453.60	-24889.18	0.00	13463.05
453.70	-23962.73	0.00	15246.45
453.80	-22889.49	0.00	16935.88
453.90	-21671.80	0.00	18518.59
454.00	-20312.90	0.00	19982.67
454.10	-18817.06	0.00	21317.15
454.20	-17189.72	0.00	22512.09
454.30	-15437.49	0.00	23558.66
454.40	-13568.31	0.00	24449.15
454.50	-11591.44	0.00	25177.09
454.60	-9517.53	0.00	25737.28
454.70	-7358.57	0.00	26125.77
454.80	-5127.93	0.00	26339.96
454.90	-2840.23	0.00	26378.54
455.00	-511.31	0.00	26241.54
455.10	1841.92	0.00	25930.32
455.20	4201.65	0.00	25447.50
455.30	6549.31	0.00	24796.99
455.40	8865.78	0.00	23983.91
455.50	11131.66	0.00	23014.57
455.60	13327.45	0.00	21896.38
455.70	15433.86	0.00	20637.79
455.80	17432.05	0.00	19248.24
455.90	19303.88	0.00	17738.06
456.00	21032.21	0.00	16118.37
456.10	22601.11	0.00	14401.00
456.20	23996.11	0.00	12598.41
456.30	25204.46	0.00	10723.55
456.40	26215.22	0.00	8789.77
456.50	27019.53	0.00	6810.74
456.60	27610.66	0.00	4800.31
456.70	27984.14	0.00	2772.42
456.80	28137.83	0.00	740.98
456.90	28071.88	0.00	-1280.23
457.00	27821.91	0.00	-3277.63
457.10	27442.56	0.00	-5237.99
457.20	26936.68	0.00	-7148.49
457.30	26306.65	0.00	-8996.82
457.40	25555.07	0.00	-10771.26
457.50	24684.80	0.00	-12460.76
457.60	23699.05	0.00	-14055.01
457.70	22601.41	0.00	-15544.52
457.80	21395.96	0.00	-16920.66
457.90	20087.33	0.00	-18175.71
458.00	18680.78	0.00	-19302.93
458.10	17182.26	0.00	-20296.55
458.20	15598.43	0.00	-21151.84
458.30	13936.76	0.00	-21865.13
458.40	12205.50	0.00	-22433.78
458.50	10413.70	0.00	-22856.22
458.60	8571.19	0.00	-23131.95
458.70	6688.55	0.00	-23261.51
458.80	4777.05	0.00	-23246.46
458.90	2848.56	0.00	-23089.36
459.00	915.48	0.00	-22793.73
459.10	-1009.42	0.00	-22364.04
459.20	-2913.09	0.00	-21805.60
459.30	-4782.35	0.00	-21124.57
459.40	-6604.06	0.00	-20327.85
459.50	-8365.29	0.00	-19423.04
459.60	-10053.45	0.00	-18418.36
459.70	-11656.49	0.00	-17322.58
459.80	-13163.03	0.00	-16144.93
459.90	-14562.52	0.00	-14895.03
460.00	-15845.42	0.00	-13582.79
460.10	-17003.26	0.00	-12218.32
460.20	-18028.82	0.00	-10811.88
460.30	-18916.16	0.00	-9373.75
460.40	-19660.73	0.00	-7914.14
460.50	-20259.42	0.00	-6443.14
460.60	-20710.56	0.00	-4970.62
460.70	-21013.92	0.00	-3506.13
460.80	-21170.73	0.00	-2058.86
460.90	-21183.58	0.00	-637.54
461.00	-21056.39	0.00	749.60
461.10	-20794.32	0.00	2094.92
461.20	-20414.78	0.00	3391.39
461.30	-19956.65	0.00	4632.65
461.40	-19426.85	0.00	5813.03
461.50	-18830.17	0.00	6927.61
461.60	-18171.40	0.00	7972.21
461.70	-17455.39	0.00	8943.40
461.80	-16687.00	0.00	9838.52
461.90	-15871.07	0.00	10655.66
462.00	-15012.44	0.00	11393.64
462.10	-14115.93	0.00	12051.98
462.20	-13186.29	0.00	12630.90
462.30	-12228.21	0.00	13131.25
462.40	-11246.27	0.00	13554.46
462.50	-10244.96	0.00	13902.52
462.60	-9228.60	0.00	14177.87
462.70	-8201.37	0.00	14383.40
462.80	-7167.24	0.00	14522.34
462.90	-6129.99	0.00	14598.21
463.00	-5093.13	0.00	14614.74
463.10	-4059.96	0.00	14575.81
463.20	-3033.51	0.00	14485.39
463.30	-2016.51	0.00	14347.44
463.40	-1011.47	0.00	14165.89
463.50	-20.58	0.00	13944.54
463.60	954.19	0.00	13687.04
463.70	1911.14	0.00	13396.82
463.80	2848.77	0.00	13077.02
463.90	3765.81	0.00	12730.53
464.00	4661.11	0.00	12359.86
464.10	5533.70	0.00	11967.22
464.20	6382.65	0.00	11554.43
464.30	7207.13	0.00	11122.95
464.40	8006.27	0.00	10673.86
464.50	8779.20	0.00	10207.92
464.60	9524.96	0.00	9725.53
464.70	10242.45	0.00	9226.79
464.80	10930.47	0.00	8711.53
464.90	11587.59	0.00	8179.33
465.00	12212.20	0.00	7629.58
465.10	12802.47	0.00	7061.54
465.20	13356.32	0.00	6474.37
465.30	13871.45	0.00	5867.18
465.40	14345.32	0.00	5239.10
465.50	14775.19	0.00	4589.34
465.60	15158.13	0.00	3917.22
465.70	15491.06	0.00	3222.24
465.80	15770.77	0.00	2504.13
465.90	15994.01	0.00	1762.88
466.00	16167.94	0.00	998.79
466.10	16307.46	0.00	212.50
466.20	16410.27	0.00	-594.98
466.30	16473.60	0.00	-1422.25
466.40	16494.52	0.00	-2267.51
466.50	16469.99	0.00	-3128.55
466.60	16396.90	0.00	-4002.73
466.70	16272.12	0.00	-4887.03
466.80	16092.55	0.00	-5778.04
466.90	15855.15	0.00	-6671.97
467.00	15557.03	0.00	-7564.72
467.10	15195.46	0.00	-8451.86
467.20	14767.96	0.00	-9328.69
467.30	14272.31	0.00	-10190.32
467.40	13706.66	0.00	-11031.64
467.50	13069.52	0.00	-11847.44
467.60	12359.84	0.00	-12632.42
467.70	11577.08	0.00	-13381.25
467.80	10721.19	0.00	-14088.63
467.90	9792.73	0.00	-14749.33
468.00	8792.86	0.00	-15358.23
468.10	7723.37	0.00	-15910.41
468.20	6586.73	0.00	-16401.15
468.30	5386.12	0.00	-16825.98
468.40	4125.40	0.00	-17180.75
468.50	2809.16	0.00	-17461.62
468.60	1442.73	0.00	-17665.14
468.70	32.13	0.00	-17788.24
468.80	-1415.94	0.00	-17828.28
468.90	-2894.07	0.00	-17783.07
469.00	-4394.26	0.00	-17650.86
469.10	-5907.88	0.00	-17430.39
469.20	-7425.78	0.00	-17120.90
469.30	-8938.35	0.00	-16722.10
469.40	-10435.53	0.00	-16234.23
469.50	-11906.99	0.00	-15658.02
469.60	-13342.12	0.00	-14994.74
469.70	-14730.19	0.00	-14246.13
469.80	-16060.42	0.00	-13414.48
469.90	-17322.09	0.00	-12502.55
470.00	-18504.67	0.00	-11513.64
470.10	-19597.91	0.00	-10451.49
470.20	-20591.96	0.00	-9320.38
470.30	-21477.51	0.00	-8125.00
470.40	-22245.87	0.00	-6870.54
470.50	-22889.10	0.00	-5562.60
470.60	-23400.11	0.00	-4207.21
470.70	-23772.77	0.00	-2810.78
470.80	-24029.31	0.00	-1380.11
470.90	-24201.90	0.00	77.71
471.00	-24288.46	0.00	1555.23
471.10	-24286.76	0.00	3044.80
471.20	-24194.56	0.00	4538.49
471.30	-24009.66	0.00	6028.23
471.40	-23729.95	0.00	7505.81
471.50	-23353.39	0.00	8962.93
471.60	-22878.15	0.00	10391.29
471.70	-22302.60	0.00	11782.61
471.80	-21625.43	0.00	13128.70
471.90	-20845.70	0.00	14421.53
472.00	-19962.91	0.00	15653.26
472.10	-18977.09	0.00	16816.35
472.20	-17888.90	0.00	17903.57
472.30	-16699.66	0.00	18908.09
472.40	-15411.43	0.00	19823.50
472.50	-14027.12	0.00	20643.91
472.60	-12550.46	0.00	21363.95
472.70	-10986.13	0.00	21978.84
472.80	-9339.73	0.00	22484.42
472.90	-7617.82	0.00	22877.19
473.00	-5827.90	0.00	23154.30
473.10	-3978.43	0.00	23313.62
473.20	-2078.77	0.00	23353.71
473.30	-139.13	0.00	23273.85
473.40	1829.48	0.00	23074.03
473.50	3815.31	0.00	22754.93
473.60	5806.03	0.00	22317.95
473.70	7788.76	0.00	21765.13
473.80	9750.23	0.00	21099.17
473.90	11676.91	0.00	20323.38
474.00	13555.12	0.00	19441.66
474.10	15371.18	0.00	18458.48
474.20	17111.56	0.00	17378.81
474.30	18763.02	0.00	16208.09
474.40	20312.76	0.00	14952.22
474.50	21748.53	0.00	13617.49
474.60	23058.79	0.00	12210.57
474.70	24232.85	0.00	10738.44
474.80	25260.95	0.00	9208.40
474.90	26134.41	0.00	7627.97
475.00	26845.68	0.00	6004.95
475.10	27388.48	0.00	4347.31
475.20	27757.84	0.00	2663.18
475.30	27950.16	0.00	960.87
475.40	27987.36	0.00	-751.22
475.50	27927.51	0.00	-2464.58
475.60	27772.49	0.00	-4170.64
475.70	27521.26	0.00	-5860.80
475.80	27172.65	0.00	-7526.43
475.90	26725.38	0.00	-9158.93
476.00	26178.11	0.00	-10749.74
476.10	25529.53	0.00	-12290.40
476.20	24778.49	0.00	-13772.56
476.30	23924.05	0.00	-15188.06
476.40	22965.61	0.00	-16528.95
476.50	21903.04	0.00	-17787.52
476.60	20736.76	0.00	-18956.43
476.70	19467.90	0.00	-20028.68
476.80	18098.39	0.00	-20997.72
476.90	16631.04	0.00	-21857.51
477.00	15069.67	0.00	-22602.57
477.10	13419.16	0.00	-23228.05
477.20	11685.50	0.00	-23729.78
477.30	9875.86	0.00	-24104.36
477.40	7998.56	0.00	-24349.17
477.50	6063.07	0.00	-24462.47
477.60	4080.00	0.00	-24443.40
477.70	2060.96	0.00	-24292.02
477.80	18.55	0.00	-24009.38
477.90	-2033.84	0.00	-23597.46
478.00	-4082.12	0.00	-23059.26
478.10	-6111.71	0.00	-22398.72
478.20	-8107.71	0.00	-21620.72
478.30	-10055.08	0.00	-20731.06
478.40	-11938.93	0.00	-19736.40
478.50	-13744.64	0.00	-18644.20
478.60	-15458.19	0.00	-17462.64
478.70	-17066.26	0.00	-16200.58
478.80	-18556.54	0.00	-14867.38
478.90	-19917.85	0.00	-13472.89
479.00	-21140.37	0.00	-12027.27
479.10	-22215.70	0.00	-10540.92
479.20	-23137.10	0.00	-9024.35
479.30	-23899.46	0.00	-7488.02
479.40	-24499.44	0.00	-5942.29
479.50	-24935.43	0.00	-4397.24
479.60	-25207.60	0.00	-2862.61
479.70	-25317.80	0.00	-1347.63
479.80	-25269.52	0.00	139.01
479.90	-25067.75	0.00	1589.29
480.00	-24741.39	0.00	2995.90
480.10	-24340.49	0.00	4352.37
480.20	-23871.00	0.00	5653.02
480.30	-23337.63	0.00	6893.08
480.40	-22744.98	0.00	8068.66
480.50	-22097.51	0.00	9176.76
480.60	-21399.51	0.00	10215.28
480.70	-20655.06	0.00	11182.94
480.80	-19868.01	0.00	12079.31
480.90	-19041.95	0.00	12904.68
481.00	-18180.18	0.00	13660.08
481.10	-17285.66	0.00	14347.09
481.20	-16361.05	0.00	14967.87
481.30	-15408.63	0.00	15524.97
481.40	-14430.35	0.00	16021.32
481.50	-13427.76	0.00	16460.05
481.60	-12402.07	0.00	16844.42
481.70	-11354.14	0.00	17177.74
481.80	-10284.49	0.00	17463.23
481.90	-9193.34	0.00	17703.97
482.00	-8080.65	0.00	17902.75
482.10	-6946.18	0.00	18062.06
482.20	-5789.50	0.00	18183.97
482.30	-4610.12	0.00	18270.10
482.40	-3407.52	0.00	18321.53
482.50	-2181.26	0.00	18338.84
482.60	-931.03	0.00	18321.99
482.70	343.20	0.00	18270.42
482.80	1641.15	0.00	18182.96
482.90	2962.07	0.00	18057.91
483.00	4304.72	0.00	17893.07
483.10	5667.21	0.00	17685.75
483.20	7046.95	0.00	17432.88
483.30	8440.60	0.00	17131.03
483.40	9843.97	0.00	16776.54
483.50	11251.99	0.00	16365.57
483.60	12658.66	0.00	15894.24
483.70	14057.08	0.00	15358.68
483.80	15439.42	0.00	14755.16
483.90	16796.96	0.00	14080.23
484.00	18120.14	0.00	13330.76
484.10	19398.64	0.00	12504.10
484.20	20621.48	0.00	11598.15
484.30	21777.13	0.00	10611.48
484.40	22853.66	0.00	9543.39
484.50	23838.91	0.00	8394.00
484.60	24720.66	0.00	7164.31
484.70	25486.82	0.00	5856.27
484.80	26125.65	0.00	4472.78
484.90	26636.56	0.00	3017.78
485.00	27068.34	0.00	1496.18
485.10	27423.24	0.00	-86.08
485.20	27694.70	0.00	-1722.07
485.30	27876.06	0.00	-3403.92
485.40	27960.53	0.00	-5122.88
485.50	27941.31	0.00	-6869.32
485.60	27811.62	0.00	-8632.91
485.70	27564.84	0.00	-10402.63
485.80	27194.60	0.00	-12166.89
485.90	26694.84	0.00	-13913.68
486.00	26060.00	0.00	-15630.64
486.10	25285.11	0.00	-17305.21
486.20	24365.92	0.00	-18924.76
486.30	23299.09	0.00	-20476.71
486.40	22082.29	0.00	-21948.67
486.50	20714.38	0.00	-23328.58
486.60	19195.51	0.00	-24604.80
486.70	17527.31	0.00	-25766.31
486.80	15712.96	0.00	-26802.72
486.90	13757.31	0.00	-27704.46
487.00	11666.98	0.00	-28462.88
487.10	9450.40	0.00	-29070.26
487.20	7117.85	0.00	-29520.00
487.30	4681.45	0.00	-29806.60
487.40	2155.15	0.00	-29925.73
487.50	-445.37	0.00	-29874.33
487.60	-3102.78	0.00	-29650.56
487.70	-5798.25	0.00	-29253.86
487.80	-8511.61	0.00	-28684.96
487.90	-11221.58	0.00	-27945.85
488.00	-13905.99	0.00	-27039.77
488.10	-16542.04	0.00	-25971.16
488.20	-19106.60	0.00	-24745.65
488.30	-21576.49	0.00	-23369.98
488.40	-23928.83	0.00	-21851.97
488.50	-26141.28	0.00	-20200.39
488.60	-28192.47	0.00	-18424.95
488.70	-30062.19	0.00	-16536.18
488.80	-31731.77	0.00	-14545.34
488.90	-33184.33	0.00	-12464.34
489.00	-34405.00	0.00	-10305.63
489.10	-35381.20	0.00	-8082.10
489.20	-36102.76	0.00	-5807.00
489.30	-36562.12	0.00	-3493.80
489.40	-36780.73	0.00	-1156.14
489.50	-36866.42	0.00	1192.32
489.60	-36830.97	0.00	3537.97
489.70	-36673.84	0.00	5867.35
489.80	-36394.12	0.00	8167.24
489.90	-35990.54	0.00	10424.74
490.00	-35461.58	0.00	12627.36
490.10	-34805.50	0.00	14763.07
490.20	-34020.47	0.00	16820.40
490.30	-33104.69	0.00	18788.49
490.40	-32056.48	0.00	20657.11
490.50	-30874.49	0.00	22416.77
490.60	-29557.77	0.00	24058.68
490.70	-28105.98	0.00	25574.87
490.80	-26519.50	0.00	26958.14
490.90	-24799.57	0.00	28202.10
491.00	-22948.45	0.00	29301.22
491.10	-20969.50	0.00	30250.78
491.20	-18867.31	0.00	31046.91
491.30	-16647.77	0.00	31686.57
491.40	-14318.13	0.00	32167.55
491.50	-11887.04	0.00	32488.46
491.60	-9364.57	0.00	32648.69
491.70	-6762.19	0.00	32648.44
491.80	-4092.73	0.00	32488.67
491.90	-1370.36	0.00	32171.08
492.00	1389.58	0.00	31698.11
492.10	4170.61	0.00	31072.88
492.20	6955.31	0.00	30299.22
492.30	9725.44	0.00	29381.60
492.40	12462.11	0.00	28325.14
492.50	15146.03	0.00	27135.56
492.60	17757.65	0.00	25819.16
492.70	20277.44	0.00	24382.81
492.80	22686.08	0.00	22833.90
492.90	24964.71	0.00	21180.32
493.00	27095.18	0.00	19430.43
493.10	29060.24	0.00	17593.00
493.20	30843.79	0.00	15677.23
493.30	32431.11	0.00	13692.62
493.40	33809.01	0.00	11649.01
493.50	34966.07	0.00	9556.48
493.60	35892.74	0.00	7425.32
493.70	36581.50	0.00	5265.98
493.80	37026.97	0.00	3088.99
493.90	37225.94	0.00	904.92
494.00	37200.40	0.00	-1275.68
494.10	37064.44	0.00	-3442.36
494.20	36833.68	0.00	-5584.80
494.30	36507.80	0.00	-7692.89
494.40	36085.98	0.00	-9756.80
494.50	35566.99	0.00	-11767.02
494.60	34949.28	0.00	-13714.41
494.70	34231.02	0.00	-15590.25
494.80	33410.22	0.00	-17386.29
494.90	32484.83	0.00	-19094.79
495.00	31452.89	0.00	-20708.52
495.10	30312.57	0.00	-22220.85
495.20	29062.36	0.00	-23625.67
495.30	27701.15	0.00	-24917.49
495.40	26228.36	0.00	-26091.40
495.50	24644.04	0.00	-27143.04
495.60	22948.97	0.00	-28068.67
495.70	21144.80	0.00	-28865.07
495.80	19234.06	0.00	-29529.56
495.90	17220.32	0.00	-30059.99
496.00	15108.21	0.00	-30454.71
496.10	12903.49	0.00	-30712.52
496.20	10613.09	0.00	-30832.67
496.30	8245.14	0.00	-30814.86
496.40	5808.98	0.00	-30659.17
496.50	3315.19	0.00	-30366.11
496.60	775.52	0.00	-29936.57
496.70	-1797.10	0.00	-29371.81
496.80	-4388.62	0.00	-28673.53
496.90	-6983.96	0.00	-27843.81
497.00	-9567.08	0.00	-26885.18
497.10	-12121.11	0.00	-25800.61
497.20	-14628.45	0.00	-24593.56
497.30	-17070.95	0.00	-23268.02
497.40	-19430.09	0.00	-21828.55
497.50	-21687.15	0.00	-20280.28
497.60	-23823.43	0.00	-18629.01
497.70	-25820.48	0.00	-16881.22
497.80	-27660.36	0.00	-15044.08
497.90	-29325.87	0.00	-13125.53
498.00	-30800.81	0.00	-11134.26
498.10	-32070.27	0.00	-9079.73
498.20	-33120.85	0.00	-6972.17
498.30	-33940.95	0.00	-4822.57
498.40	-34520.98	0.00	-2642.63
498.50	-34853.57	0.00	-444.74
498.60	-34933.79	0.00	1758.10
498.70	-34759.26	0.00	3952.34
498.80	-34397.57	0.00	6124.04
498.90	-33911.88	0.00	8258.87
499.00	-33300.47	0.00	10342.36
499.10	-32561.76	0.00	12359.95
499.20	-31694.53	0.00	14297.19
499.30	-30698.07	0.00	16139.88
499.40	-29572.35	0.00	17874.27
499.50	-28318.21	0.00	19487.17
499.60	-26937.53	0.00	20966.21
499.70	-25433.36	0.00	22299.94
499.80	-23810.12	0.00	23478.02
499.90	-22073.69	0.00	24491.39
500.00	-20231.49	0.00	25332.39
500.10	-18292.55	0.00	25994.89
500.20	-16267.52	0.00	26474.43
500.30	-14168.64	0.00	26768.26
500.40	-12009.65	0.00	26875.45
500.50	-9805.68	0.00	26796.90
500.60	-7573.10	0.00	26535.37
500.70	-5329.24	0.00	26095.44
500.80	-3092.23	0.00	25483.50
500.90	-880.66	0.00	24707.68
501.00	1286.74	0.00	23777.71
501.10	3391.39	0.00	22704.86
501.20	5415.18	0.00	21501.74
501.30	7340.88	0.00	20182.19
501.40	9152.38	0.00	18761.04
501.50	10835.03	0.00	17253.95
501.60	12375.91	0.00	15677.18
501.70	13764.06	0.00	14047.37
501.80	14990.68	0.00	12381.33
501.90	16049.26	0.00	10695.81
502.00	16935.66	0.00	9007.25
502.10	17648.19	0.00	7331.62
502.20	18187.54	0.00	5684.18
502.30	18556.73	0.00	4079.27
502.40	18761.01	0.00	2530.20
502.50	18807.63	0.00	1049.04
502.60	18705.71	0.00	-353.47
502.70	18465.95	0.00	-1668.05
502.80	18100.38	0.00	-2886.95
502.90	17622.07	0.00	-4004.00
503.00	17044.87	0.00	-5014.63
503.10	16383.08	0.00	-5915.87
503.20	15651.19	0.00	-6706.34
503.30	14863.59	0.00	-7386.16
503.40	14034.31	0.00	-7956.90
503.50	13176.83	0.00	-8421.45
503.60	12305.01	0.00	-8783.95
503.70	11441.99	0.00	-9049.60
503.80	10598.53	0.00	-9224.53
503.90	9780.93	0.00	-9315.66
504.00	8994.58	0.00	-9330.50
504.10	8243.90	0.00	-9277.00
504.20	7532.30	0.00	-9163.38
504.30	6862.21	0.00	-8997.95
504.40	6235.12	0.00	-8788.95
504.50	5651.55	0.00	-8544.43
504.60	5111.16	0.00	-8272.05
504.70	4612.82	0.00	-7979.04
504.80	4154.67	0.00	-7671.99
504.90	3734.21	0.00	-7356.86
505.00	3348.44	0.00	-7038.86
505.10	2993.95	0.00	-6722.38
505.20	2667.07	0.00	-6411.01
505.30	2363.93	0.00	-6107.51
505.40	2080.67	0.00	-5813.83
505.50	1813.46	0.00	-5531.10
505.60	1558.70	0.00	-5259.75
505.70	1313.04	0.00	-4999.52
505.80	1073.53	0.00	-4749.54
505.90	837.67	0.00	-4508.45
506.00	603.47	0.00	-4274.48
506.10	369.53	0.00	-4045.53
506.20	134.99	0.00	-3819.34
506.30	-100.36	0.00	-3593.54
506.40	-336.16	0.00	-3365.78
506.50	-571.47	0.00	-3133.85
506.60	-804.81	0.00	-2895.74
506.70	-1034.20	0.00	-2649.77
506.80	-1257.28	0.00	-2394.63
506.90	-1471.31	0.00	-2129.48
507.00	-1673.33	0.00	-1853.95
507.10	-1860.20	0.00	-1568.26
507.20	-2028.73	0.00	-1273.13
507.30	-2175.78	0.00	-969.89
507.40	-2298.33	0.00	-660.41
507.50	-2393.64	0.00	-347.08
507.60	-2459.28	0.00	-32.80
507.70	-2493.26	0.00	279.12
507.80	-2494.09	0.00	585.00
507.90	-2460.83	0.00	880.84
508.00	-2393.18	0.00	1162.46
508.10	-2291.47	0.00	1425.56
508.20	-2156.71	0.00	1665.82
508.30	-1990.61	0.00	1878.98
508.40	-1795.52	0.00	2060.99
508.50	-1574.45	0.00	2208.04
508.60	-1331.02	0.00	2316.72
508.70	-1069.38	0.00	2384.04
508.80	-794.18	0.00	2407.56
508.90	-510.45	0.00	2385.45
509.00	-223.56	0.00	2316.49
509.10	60.90	0.00	2200.21
509.20	337.21	0.00	2036.84
509.30	599.65	0.00	1827.36
509.40	842.54	0.00	1573.51
509.50	1060.39	0.00	1277.77
509.60	1248.01	0.00	943.30
509.70	1400.53	0.00	573.96
509.80	1513.57	0.00	174.22
509.90	1583.26	0.00	-250.91
510.00	1606.36	0.00	-695.93
510.10	1580.26	0.00	-1154.96
510.20	1503.07	0.00	-1621.82
510.30	1373.68	0.00	-2090.14
510.40	1191.70	0.00	-2553.43
510.50	957.59	0.00	-3005.24
510.60	672.56	0.00	-3439.19
510.70	338.62	0.00	-3849.14
510.80	-41.48	0.00	-4229.25
510.90	-464.24	0.00	-4574.07
511.00	-925.52	0.00	-4878.64
511.10	-1420.55	0.00	-5138.56
511.20	-1944.01	0.00	-5350.03
511.30	-2490.12	0.00	-5509.95
511.40	-3052.71	0.00	-5615.90
511.50	-3625.35	0.00	-5666.23
511.60	-4201.39	0.00	-5660.02
511.70	-4774.12	0.00	-5597.10
511.80	-5336.83	0.00	-5478.06
511.90	-5882.94	0.00	-5304.19
512.00	-6406.10	0.00	-5077.44
512.10	-6900.25	0.00	-4800.43
512.20	-7359.77	0.00	-4476.31
512.30	-7779.51	0.00	-4108.76
512.40	-8154.87	0.00	-3701.89
512.50	-8481.90	0.00	-3260.14
512.60	-8757.66	0.00	-2788.25
512.70	-8985.66	0.00	-2291.14
512.80	-9166.58	0.00	-1773.84
512.90	-9299.68	0.00	-1241.38
513.00	-9384.68	0.00	-698.77
513.10	-9421.82	0.00	-150.88
513.20	-9411.75	0.00	397.63
513.30	-9355.51	0.00	942.33
513.40	-9254.48	0.00	1479.10
513.50	-9110.37	0.00	2004.17
513.60	-8925.10	0.00	2514.14
513.70	-8700.81	0.00	3006.03
513.80	-8439.75	0.00	3477.25
513.90	-8144.31	0.00	3925.62
514.00	-7816.89	0.00	4349.37
514.10	-7459.90	0.00	4747.13
514.20	-7075.73	0.00	5117.87
514.30	-6666.70	0.00	5460.91
514.40	-6235.01	0.00	5775.86
514.50	-5782.77	0.00	6062.57
514.60	-5311.95	0.00	6321.11
514.70	-4824.37	0.00	6551.72
514.80	-4321.74	0.00	6754.75
514.90	-3805.61	0.00	6930.63
515.00	-3277.43	0.00	7079.83
515.10	-2738.55	0.00	7202.81
515.20	-2190.24	0.00	7300.00
515.30	-1633.73	0.00	7371.80
515.40	-1070.25	0.00	7418.50
515.50	-501.01	0.00	7440.33
515.60	72.69	0.00	7437.43
515.70	649.47	0.00	7409.87
515.80	1227.86	0.00	7357.63
515.90	1806.22	0.00	7280.66
516.00	2382.78	0.00	7178.88
516.10	2955.58	0.00	7052.21
516.20	3522.47	0.00	6900.59
516.30	4081.14	0.00	6724.07
516.40	4629.10	0.00	6522.76
516.50	5163.71	0.00	6296.96
516.60	5682.19	0.00	6047.10
516.70	6181.69	0.00	5773.84
516.80	6659.31	0.00	5478.06
516.90	7112.13	0.00	5160.89
517.00	7537.31	0.00	4823.71
517.10	7932.09	0.00	4468.17
517.20	8293.91	0.00	4096.17
517.30	8620.42	0.00	3709.86
517.40	8909.54	0.00	3311.61
517.50	9159.56	0.00	2903.98
517.60	9369.13	0.00	2489.68
517.70	9537.32	0.00	2071.52
517.80	9663.67	0.00	1652.39
517.90	9748.17	0.00	1235.14
518.00	9791.30	0.00	822.59
518.10	9794.01	0.00	417.43
518.20	9757.71	0.00	22.17
518.30	9685.68	0.00	-360.92
518.40	9587.78	0.00	-729.85
518.50	9467.32	0.00	-1082.99
518.60	9326.68	0.00	-1419.07
518.70	9168.30	0.00	-1737.24
518.80	8994.72	0.00	-2037.08
518.90	8808.44	0.00	-2318.61
519.00	8611.92	0.00	-2582.29
519.10	8407.45	0.00	-2829.00
519.20	8197.15	0.00	-3060.04
519.30	7982.86	0.00	-3277.03
519.40	7766.13	0.00	-3481.96
519.50	7548.12	0.00	-3677.01
519.60	7329.61	0.00	-3864.60
519.70	7110.92	0.00	-4047.24
519.80	6891.96	0.00	-4227.46
519.90	6672.12	0.00	-4407.76
520.00	6450.36	0.00	-4590.50
520.10	6225.21	0.00	-4777.82
520.20	5994.76	0.00	-4971.59
520.30	5756.74	0.00	-5173.30
520.40	5508.55	0.00	-5384.00
520.50	5247.36	0.00	-5604.29
520.60	4970.14	0.00	-5834.22
520.70	4673.76	0.00	-6073.30
520.80	4355.07	0.00	-6320.46
520.90	4011.02	0.00	-6574.08
521.00	3638.72	0.00	-6831.96
521.10	3235.52	0.00	-7091.37
521.20	2799.15	0.00	-7349.10
521.30	2327.76	0.00	-7601.49
521.40	1820.01	0.00	-7844.53
521.50	1275.16	0.00	-8073.87
521.60	693.10	0.00	-8284.99
521.70	74.39	0.00	-8473.22
521.80	-579.66	0.00	-8633.87
521.90	-1267.03	0.00	-8762.30
522.00	-1984.93	0.00	-8854.05
522.10	-2729.86	0.00	-8904.87
522.20	-3497.61	0.00	-8910.88
522.30	-4283.31	0.00	-8868.60
522.40	-5081.47	0.00	-8775.05
522.50	-5886.10	0.00	-8627.76
522.60	-6690.71	0.00	-8424.90
522.70	-7488.48	0.00	-8165.25
522.80	-8272.32	0.00	-7848.25
522.90	-9034.98	0.00	-7474.01
523.00	-9769.15	0.00	-7043.33
523.10	-10467.61	0.00	-6557.65
523.20	-11123.29	0.00	-6019.05
523.30	-11729.41	0.00	-5430.23
523.40	-12279.56	0.00	-4794.42
523.50	-12767.82	0.00	-4115.39
523.60	-13188.81	0.00	-3397.36
523.70	-13537.79	0.00	-2644.92
523.80	-13810.70	0.00	-1863.02
523.90	-14004.24	0.00	-1056.86
524.00	-14117.43	0.00	-231.84
524.10	-14164.64	0.00	606.49
524.20	-14149.14	0.00	1452.52
524.30	-14070.38	0.00	2300.61
524.40	-13928.13	0.00	3145.16
524.50	-13722.45	0.00	3980.64
524.60	-13453.70	0.00	4801.68
524.70	-13122.53	0.00	5603.02
524.80	-12729.82	0.00	6379.62
524.90	-12276.75	0.00	7126.67
525.00	-11764.71	0.00	7839.58
525.10	-11195.40	0.00	8514.02
525.20	-10570.72	0.00	9145.94
525.30	-9892.88	0.00	9731.56
525.40	-9164.34	0.00	10267.39
525.50	-8387.83	0.00	10750.24
525.60	-7566.39	0.00	11177.22
525.70	-6703.35	0.00	11545.73
525.80	-5802.36	0.00	11853.48
525.90	-4867.40	0.00	12098.53
526.00	-3902.76	0.00	12279.21
526.10	-2913.05	0.00	12394.20
526.20	-1903.24	0.00	12442.54
526.30	-878.60	0.00	12423.60
526.40	155.30	0.00	12337.09
526.50	1192.59	0.00	12183.13
526.60	2227.16	0.00	11962.20
526.70	3252.67	0.00	11675.19
526.80	4262.61	0.00	11323.37
526.90	5250.36	0.00	10908.46
527.00	6209.20	0.00	10432.57
527.10	7132.44	0.00	9898.25
527.20	8013.46	0.00	9308.48
527.30	8845.79	0.00	8666.64
527.40	9623.19	0.00	7976.54
527.50	10339.71	0.00	7242.37
527.60	10989.82	0.00	6468.71
527.70	11568.44	0.00	5660.47
527.80	12071.06	0.00	4822.90
527.90	12493.76	0.00	3961.52
528.00	12833.33	0.00	3082.09
528.10	13087.30	0.00	2190.55
528.20	13253.95	0.00	1292.99
528.30	13332.41	0.00	395.58
528.40	13322.64	0.00	-495.49
528.50	13225.46	0.00	-1374.06
528.60	13042.50	0.00	-2234.10
528.70	12783.39	0.00	-3069.72
528.80	12461.63	0.00	-3875.25
528.90	12079.84	0.00	-4645.33
529.00	11640.88	0.00	-5374.94
529.10	11147.97	0.00	-6059.45
529.20	10604.69	0.00	-6694.67
529.30	10014.91	0.00	-7276.93
529.40	9382.84	0.00	-7803.06
529.50	8712.91	0.00	-8270.44
529.60	8009.83	0.00	-8677.05
529.70	7278.48	0.00	-9021.44
529.80	6523.89	0.00	-9302.77
529.90	5751.21	0.00	-9520.76
530.00	4965.66	0.00	-9675.74
530.10	4172.43	0.00	-9768.59
530.20	3376.71	0.00	-9800.70
530.30	2583.56	0.00	-9773.99
530.40	1797.91	0.00	-9690.79
530.50	1024.50	0.00	-9553.90
530.60	267.81	0.00	-9366.41
530.70	-467.95	0.00	-9131.78
530.80	-1178.91	0.00	-8853.66
530.90	-1861.54	0.00	-8535.94
531.00	-2512.68	0.00	-8182.61
531.10	-3129.61	0.00	-7797.75
531.20	-3709.97	0.00	-7385.45
531.30	-4251.86	0.00	-6949.79
531.40	-4753.76	0.00	-6494.74
531.50	-5214.58	0.00	-6024.16
531.60	-5633.61	0.00	-5541.75
531.70	-6010.51	0.00	-5051.01
531.80	-6345.27	0.00	-4555.18
531.90	-6638.22	0.00	-4057.30
532.00	-6889.94	0.00	-3560.09
532.10	-7101.26	0.00	-3066.05
532.20	-7273.24	0.00	-2577.34
532.30	-7407.08	0.00	-2095.88
532.40	-7504.11	0.00	-1623.31
532.50	-7565.79	0.00	-1160.98
532.60	-7593.60	0.00	-710.02
532.70	-7589.07	0.00	-271.32
532.80	-7553.74	0.00	154.43
532.90	-7489.12	0.00	566.74
533.00	-7396.68	0.00	965.27
533.10	-7277.83	0.00	1349.80
533.20	-7136.44	0.00	1720.22
533.30	-6976.71	0.00	2076.51
533.40	-6799.45	0.00	2418.69
533.50	-6605.30	0.00	2746.82
533.60	-6394.81	0.00	3060.94
533.70	-6168.40	0.00	3361.10
533.80	-5926.42	0.00	3647.29
533.90	-5669.13	0.00	3919.49
534.00	-5396.73	0.00	4177.58
534.10	-5109.40	0.00	4421.38
534.20	-4807.30	0.00	4650.64
534.30	-4490.59	0.00	4865.02
534.40	-4159.45	0.00	5064.10
534.50	-3814.13	0.00	5247.37
534.60	-3454.91	0.00	5414.25
534.70	-3082.18	0.00	5564.10
534.80	-2696.44	0.00	5696.21
534.90	-2298.26	0.00	5809.81
535.00	-1888.39	0.00	5904.12
535.10	-1467.69	0.00	5978.31
535.20	-1037.19	0.00	6031.56
535.30	-598.05	0.00	6063.06
535.40	-151.61	0.00	6072.02
535.50	300.63	0.00	6057.69
535.60	757.02	0.00	6019.39
535.70	1215.74	0.00	5956.50
535.80	1674.84	0.00	5868.51
535.90	2132.21	0.00	5755.00
536.00	2585.63	0.00	5615.70
536.10	3032.76	0.00	5450.45
536.20	3471.15	0.00	5259.24
536.30	3898.31	0.00	5042.22
536.40	4311.65	0.00	4799.73
536.50	4708.58	0.00	4532.24
536.60	5086.49	0.00	4240.45
536.70	5442.79	0.00	3925.19
536.80	5774.92	0.00	3587.52
536.90	6080.41	0.00	3228.65
537.00	6356.88	0.00	2850.01
537.10	6602.07	0.00	2453.18
537.20	6813.87	0.00	2039.93
537.30	6990.34	0.00	1612.19
537.40	7129.77	0.00	1172.04
537.50	7230.65	0.00	721.72
537.60	7291.86	0.00	263.62
537.70	7316.40	0.00	-199.80
537.80	7305.26	0.00	-665.91
537.90	7257.94	0.00	-1132.05
538.00	7174.10	0.00	-1595.45
538.10	7053.60	0.00	-2053.30
538.20	6896.50	0.00	-2502.78
538.30	6703.07	0.00	-2941.02
538.40	6473.79	0.00	-3365.20
538.50	6209.40	0.00	-3772.53
538.60	5910.83	0.00	-4160.26
538.70	5579.30	0.00	-4525.75
538.80	5216.23	0.00	-4866.47
538.90	4823.32	0.00	-5180.00
539.00	4402.50	0.00	-5464.11
539.10	3955.96	0.00	-5716.72
539.20	3486.12	0.00	-5935.99
539.30	2995.63	0.00	-6120.28
539.40	2487.36	0.00	-6268.22
539.50	1964.40	0.00	-6378.69
539.60	1430.00	0.00	-6450.87
539.70	887.58	0.00	-6484.23
539.80	340.71	0.00	-6478.56
539.90	-206.94	0.00	-6433.96
540.00	-751.65	0.00	-6350.86
540.10	-1289.63	0.00	-6230.04
540.20	-1817.12	0.00	-6072.57
540.30	-2330.41	0.00	-5879.88
540.40	-2825.84	0.00	-5653.68
540.50	-3299.92	0.00	-5396.01
540.60	-3749.32	0.00	-5109.17
540.70	-4170.93	0.00	-4795.74
540.80	-4561.90	0.00	-4458.52
540.90	-4919.66	0.00	-4100.53
541.00	-5241.98	0.00	-3724.96
541.10	-5527.02	0.00	-3335.13
541.20	-5773.29	0.00	-2934.47
541.30	-5979.71	0.00	-2526.48
541.40	-6145.66	0.00	-2114.65
541.50	-6270.90	0.00	-1702.49
541.60	-6355.66	0.00	-1293.40
541.70	-6400.56	0.00	-890.71
541.80	-6406.67	0.00	-497.58
541.90	-6375.41	0.00	-116.99
542.00	-6308.61	0.00	248.32
542.10	-6208.38	0.00	595.85
542.20	-6077.34	0.00	923.38
542.30	-5921.00	0.00	1229.02
542.40	-5742.93	0.00	1511.22
542.50	-5545.82	0.00	1768.76
542.60	-5332.40	0.00	2000.77
542.70	-5105.45	0.00	2206.76
542.80	-4867.76	0.00	2386.59
542.90	-4622.05	0.00	2540.47
543.00	-4370.97	0.00	2668.96
543.10	-4117.07	0.00	2772.91
543.20	-3862.73	0.00	2853.49
543.30	-3610.16	0.00	2912.12
543.40	-3361.37	0.00	2950.46
543.50	-3118.13	0.00	2970.37
543.60	-2881.96	0.00	2973.86
543.70	-2654.14	0.00	2963.07
543.80	-2435.64	0.00	2940.22
543.90	-2227.18	0.00	2907.55
544.00	-2029.20	0.00	2867.31
544.10	-1841.87	0.00	2821.72
544.20	-1665.10	0.00	2772.90
544.30	-1498.54	0.00	2722.86
544.40	-1341.65	0.00	2673.49
544.50	-1193.66	0.00	2626.47
544.60	-1053.65	0.00	2583.33
544.70	-920.52	0.00	2545.36
544.80	-793.09	0.00	2513.64
544.90	-670.08	0.00	2489.02
545.00	-550.14	0.00	2472.10
545.10	-431.92	0.00	2463.27
545.20	-314.08	0.00	2462.67
545.30	-195.28	0.00	2470.24
545.40	-74.28	0.00	2485.71
545.50	50.10	0.00	2508.62
545.60	178.94	0.00	2538.34
545.70	313.20	0.00	2574.09
545.80	453.70	0.00	2614.97
545.90	601.13	0.00	2659.96
546.00	756.03	0.00	2707.99
546.10	918.81	0.00	2757.88
546.20	1089.71	0.00	2808.46
546.30	1268.86	0.00	2858.50
546.40	1456.24	0.00	2906.78
546.50	1651.69	0.00	2952.08
546.60	1854.97	0.00	2993.20
546.70	2065.71	0.00	3028.96
546.80	2283.46	0.00	3058.24
546.90	2507.66	0.00	3079.91
547.00	2737.72	0.00	3092.89
547.10	2972.94	0.00	3096.16
547.20	3212.59	0.00	3088.67
547.30	3455.87	0.00	3069.45
547.40	3701.94	0.00	3037.51
547.50	3949.88	0.00	2991.87
547.60	4198.74	0.00	2931.57
547.70	4447.48	0.00	2855.65
547.80	4694.99	0.00	2763.13
547.90	4940.09	0.00	2653.04
548.00	5181.48	0.00	2524.40
548.10	5417.78	0.00	2376.27
548.20	5647.45	0.00	2207.68
548.30	5868.84	0.00	2017.71
548.40	6080.15	0.00	1805.51
548.50	6280.80	0.00	1570.27
548.60	6471.65	0.00	1311.30
548.70	6650.88	0.00	1028.02
548.80	6816.40	0.00	720.04
548.90	6965.94	0.00	387.12
549.00	7097.05	0.00	29.30
549.10	7207.08	0.00	-353.15
549.20	7293.24	0.00	-759.61
549.30	7352.60	0.00	-1189.16
549.40	7382.11	0.00	-1640.48
549.50	7378.67	0.00	-2111.85
549.60	7339.12	0.00	-2601.13
549.70	7260.35	0.00	-3105.73
549.80	7139.30	0.00	-3622.60
549.90	6973.08	0.00	-4148.25
550.00	6758.96	0.00	-4678.72
550.10	6494.51	0.00	-5209.63
550.20	6177.64	0.00	-5736.18
550.30	5806.68	0.00	-6253.22
550.40	5380.44	0.00	-6755.28
550.50	4898.30	0.00	-7236.60
550.60	4360.29	0.00	-7691.24
550.70	3767.09	0.00	-8113.17
550.80	3120.16	0.00	-8496.27
550.90	2421.76	0.00	-8834.51
551.00	1674.95	0.00	-9122.01
551.10	883.68	0.00	-9353.13
551.20	52.73	0.00	-9522.57
551.30	-812.26	0.00	-9625.50
551.40	-1704.82	0.00	-9657.61
551.50	-2617.69	0.00	-9615.24
551.60	-3542.93	0.00	-9495.46
551.70	-4471.91	0.00	-9296.13
551.80	-5395.50	0.00	-9015.97
551.90	-6304.12	0.00	-8654.66
552.00	-7187.93	0.00	-8212.79
552.10	-8036.91	0.00	-7691.98
552.20	-8841.08	0.00	-7094.84
552.30	-9590.60	0.00	-6424.98
552.40	-10276.00	0.00	-5686.98
552.50	-10888.31	0.00	-4886.36
552.60	-11419.22	0.00	-4029.54
552.70	-11861.26	0.00	-3123.73
552.80	-12207.91	0.00	-2176.88
552.90	-12453.77	0.00	-1197.58
553.00	-12594.63	0.00	-194.94
553.10	-12627.67	0.00	821.52
553.20	-12561.39	0.00	1841.98
553.30	-12402.58	0.00	2856.49
553.40	-12151.53	0.00	3855.06
553.50	-11809.44	0.00	4827.83
553.60	-11378.34	0.00	5765.15
553.70	-10861.12	0.00	6657.77
553.80	-10261.51	0.00	7496.92
553.90	-9584.07	0.00	8274.41
554.00	-8834.12	0.00	8982.76
554.10	-8017.72	0.00	9615.31
554.20	-7141.64	0.00	10166.21
554.30	-6213.24	0.00	10630.59
554.40	-5240.47	0.00	11004.51
554.50	-4231.75	0.00	11285.06
554.60	-3195.88	0.00	11470.34
554.70	-2141.95	0.00	11559.45
554.80	-1079.28	0.00	11552.53
554.90	-17.25	0.00	11450.65
555.00	1034.77	0.00	11255.85
555.10	2067.52	0.00	10971.02
555.20	3071.98	0.00	10599.89
555.30	4039.46	0.00	10146.91
555.40	4961.70	0.00	9617.23
555.50	5830.97	0.00	9016.54
555.60	6640.13	0.00	8351.08
555.70	7382.72	0.00	7627.46
555.80	8053.05	0.00	6852.62
555.90	8646.17	0.00	6033.76
556.00	9157.98	0.00	5178.22
556.10	9585.24	0.00	4293.42
556.20	9925.53	0.00	3386.79
556.30	10177.33	0.00	2465.69
556.40	10339.93	0.00	1537.37
556.50	10413.46	0.00	608.89
556.60	10398.81	0.00	-312.88
556.70	10297.66	0.00	-1221.38
556.80	10112.62	0.00	-2110.29
556.90	9854.10	0.00	-2973.64
557.00	9528.19	0.00	-3805.79
557.10	9137.79	0.00	-4601.46
557.20	8686.03	0.00	-5355.73
557.30	8176.25	0.00	-6064.04
557.40	7612.03	0.00	-6722.22
557.50	6997.13	0.00	-7326.48
557.60	6335.51	0.00	-7873.39
557.70	5631.39	0.00	-8359.92
557.80	4889.14	0.00	-8783.39
557.90	4113.39	0.00	-9141.51
558.00	3308.97	0.00	-9432.38
558.10	2480.95	0.00	-9654.46
558.20	1634.60	0.00	-9806.60
558.30	775.40	0.00	-9888.03
558.40	-90.95	0.00	-9898.38
558.50	-958.58	0.00	-9837.69
558.60	-1821.46	0.00	-9706.39
558.70	-2673.42	0.00	-9505.32
558.80	-3508.17	0.00	-9235.76
558.90	-4319.40	0.00	-8899.42
559.00	-5100.77	0.00	-8498.43
559.10	-5845.99	0.00	-8035.36
559.20	-6548.86	0.00	-7513.24
559.30	-7203.38	0.00	-6935.50
559.40	-7803.76	0.00	-6306.05
559.50	-8344.55	0.00	-5629.17
559.60	-8820.65	0.00	-4909.58
559.70	-9227.44	0.00	-4152.38
559.80	-9560.80	0.00	-3363.01
559.90	-9817.23	0.00	-2547.26
560.00	-9994.77	0.00	-1711.21
560.10	-10099.47	0.00	-861.18
560.20	-10132.04	0.00	-3.70
560.30	-10091.75	0.00	854.56
560.40	-9978.36	0.00	1706.83
560.50	-9792.11	0.00	2546.30
560.60	-9533.75	0.00	3366.21
560.70	-9204.58	0.00	4159.89
560.80	-8806.40	0.00	4920.84
560.90	-8341.62	0.00	5642.78
561.00	-7813.18	0.00	6319.75
561.10	-7224.59	0.00	6946.17
561.20	-6579.96	0.00	7516.88
561.30	-5883.92	0.00	8027.23
561.40	-5141.65	0.00	8473.11
561.50	-4358.84	0.00	8851.05
561.60	-3541.67	0.00	9158.20
561.70	-2696.74	0.00	9392.43
561.80	-1831.01	0.00	9552.32
561.90	-951.78	0.00	9637.21
562.00	-66.58	0.00	9647.21
562.10	816.92	0.00	9583.18
562.20	1690.95	0.00	9446.76
562.30	2547.79	0.00	9240.35
562.40	3379.83	0.00	8967.06
562.50	4179.70	0.00	8630.71
562.60	4940.32	0.00	8235.78
562.70	5655.09	0.00	7787.33
562.80	6317.89	0.00	7290.99
562.90	6923.26	0.00	6752.85
563.00	7466.41	0.00	6179.42
563.10	7943.35	0.00	5577.52
563.20	8350.93	0.00	4954.21
563.30	8686.90	0.00	4316.70
563.40	8949.95	0.00	3672.26
563.50	9139.70	0.00	3028.11
563.60	9256.76	0.00	2391.36
563.70	9302.69	0.00	1768.87
563.80	9279.96	0.00	1167.18
563.90	9191.95	0.00	592.43
564.00	9042.85	0.00	50.25
564.10	8839.84	0.00	-454.30
564.20	8594.35	0.00	-916.80
564.30	8312.18	0.00	-1333.56
564.40	7999.14	0.00	-1701.66
564.50	7661.29	0.00	-2018.98
564.60	7304.93	0.00	-2284.28
564.70	6936.46	0.00	-2497.16
564.80	6562.32	0.00	-2658.15
564.90	6188.91	0.00	-2768.63
565.00	5822.46	0.00	-2830.88
565.10	5468.95	0.00	-2848.00
565.20	5134.03	0.00	-2823.91
565.30	4822.89	0.00	-2763.28
565.40	4540.19	0.00	-2671.45
565.50	4289.98	0.00	-2554.40
565.60	4075.58	0.00	-2418.58
565.70	3899.55	0.00	-2270.90
565.80	3763.62	0.00	-2118.58
565.90	3668.59	0.00	-1969.00
566.00	3614.38	0.00	-1829.65
566.10	3599.92	0.00	-1707.97
566.20	3623.19	0.00	-1611.22
566.30	3681.23	0.00	-1546.33
566.40	3770.15	0.00	-1519.82
566.50	3885.15	0.00	-1537.68
566.60	4020.61	0.00	-1605.17
566.70	4170.14	0.00	-1726.80
566.80	4326.67	0.00	-1906.20
566.90	4482.52	0.00	-2146.01
567.00	4629.56	0.00	-2447.82
567.10	4759.25	0.00	-2812.08
567.20	4862.84	0.00	-3238.12
567.30	4931.45	0.00	-3724.03
567.40	4956.24	0.00	-4266.71
567.50	4928.52	0.00	-4861.86
567.60	4839.92	0.00	-5503.99
567.70	4682.52	0.00	-6186.48
567.80	4449.02	0.00	-6901.63
567.90	4132.85	0.00	-7640.74
568.00	3728.33	0.00	-8394.25
568.10	3230.82	0.00	-9151.77
568.20	2636.83	0.00	-9902.29
568.30	1944.16	0.00	-10634.28
568.40	1151.99	0.00	-11335.87
568.50	261.02	0.00	-11994.99
568.60	-726.49	0.00	-12599.56
568.70	-1806.62	0.00	-13137.66
568.80	-2973.76	0.00	-13597.69
568.90	-4220.58	0.00	-13968.59
569.00	-5538.05	0.00	-14239.97
569.10	-6915.43	0.00	-14402.31
569.20	-8340.40	0.00	-14447.11
569.30	-9799.08	0.00	-14367.00
569.40	-11276.24	0.00	-14155.96
569.50	-12755.40	0.00	-13809.35
569.60	-14219.06	0.00	-13324.05
569.70	-15648.94	0.00	-12698.56
569.80	-17026.20	0.00	-11933.01
569.90	-18331.76	0.00	-11029.24
570.00	-19546.61	0.00	-9990.79
570.10	-20652.07	0.00	-8822.88
570.20	-21630.22	0.00	-7532.41
570.30	-22481.38	0.00	-6127.89
570.40	-23228.52	0.00	-4619.33
570.50	-23863.63	0.00	-3018.17
570.60	-24378.26	0.00	-1337.16
570.70	-24764.59	0.00	409.80
570.80	-25015.45	0.00	2207.81
570.90	-25124.37	0.00	4041.13
571.00	-25085.68	0.00	5893.40
571.10	-24894.49	0.00	7747.77
571.20	-24546.85	0.00	9587.15
571.30	-24039.75	0.00	11394.41
571.40	-23371.29	0.00	13152.55
571.50	-22540.69	0.00	14844.93
571.60	-21548.49	0.00	16455.46
571.70	-20396.53	0.00	17968.77
571.80	-19088.16	0.00	19370.41
571.90	-17628.24	0.00	20647.03
572.00	-16023.25	0.00	21786.48
572.10	-14281.33	0.00	22777.99
572.20	-12412.30	0.00	23612.26
572.30	-10427.69	0.00	24281.59
572.40	-8340.64	0.00	24779.90
572.50	-6165.91	0.00	25102.86
572.60	-3919.71	0.00	25247.86
572.70	-1619.62	0.00	25214.05
572.80	715.66	0.00	25002.33
572.90	3066.44	0.00	24615.33
573.00	5412.34	0.00	24057.33
573.10	7732.55	0.00	23334.23
573.20	10006.08	0.00	22453.43
573.30	12212.09	0.00	21423.74
573.40	14330.22	0.00	20255.27
573.50	16340.86	0.00	18959.29
573.60	18225.47	0.00	17548.07
573.70	19966.87	0.00	16034.78
573.80	21549.53	0.00	14433.26
573.90	22959.74	0.00	12757.93
574.00	24185.91	0.00	11023.56
574.10	25218.66	0.00	9245.14
574.20	26050.99	0.00	7437.71
574.30	26678.32	0.00	5616.19
574.40	27098.57	0.00	3795.23
574.50	27312.11	0.00	1989.03
574.60	27321.74	0.00	211.27
574.70	27132.53	0.00	-1525.11
574.80	26755.19	0.00	-3207.94
574.90	26253.60	0.00	-4826.01
575.00	25653.73	0.00	-6369.08
575.10	24961.85	0.00	-7828.02
575.20	24184.34	0.00	-9194.85
575.30	23327.76	0.00	-10462.75
575.40	22398.74	0.00	-11626.15
575.50	21404.08	0.00	-12680.70
575.60	20350.63	0.00	-13623.28
575.70	19245.35	0.00	-14451.97
575.80	18095.26	0.00	-15166.05
575.90	16907.40	0.00	-15765.91
576.00	15688.82	0.00	-16253.04
576.10	14446.51	0.00	-16629.91
576.20	13187.39	0.00	-16899.91
576.30	11918.23	0.00	-17067.30
576.40	10645.62	0.00	-17137.05
576.50	9375.87	0.00	-17114.77
576.60	8115.02	0.00	-17006.63
576.70	6868.74	0.00	-16819.18
576.80	5642.27	0.00	-16559.34
576.90	4440.42	0.00	-16234.21
577.00	3267.50	0.00	-15851.01
577.10	2127.28	0.00	-15416.94
577.20	1022.99	0.00	-14939.14
577.30	-42.69	0.00	-14424.55
577.40	-1067.65	0.00	-13879.85
577.50	-2050.35	0.00	-13311.36
577.60	-2989.74	0.00	-12725.02
577.70	-3885.32	0.00	-12126.29
577.80	-4737.03	0.00	-11520.11
577.90	-5545.24	0.00	-10910.89
578.00	-6310.66	0.00	-10302.44
578.10	-7034.33	0.00	-9698.00
578.20	-7717.51	0.00	-9100.21
578.30	-8361.63	0.00	-8511.10
578.40	-8968.23	0.00	-7932.14
578.50	-9538.88	0.00	-7364.23
578.60	-10075.10	0.00	-6807.78
578.70	-10578.33	0.00	-6262.67
578.80	-11049.83	0.00	-5728.39
578.90	-11490.67	0.00	-5204.02
579.00	-11901.65	0.00	-4688.33
579.10	-12283.28	0.00	-4179.83
579.20	-12635.76	0.00	-3676.84
579.30	-12958.94	0.00	-3177.54
579.40	-13252.33	0.00	-2680.06
579.50	-13515.09	0.00	-2182.55
579.60	-13746.05	0.00	-1683.22
579.70	-13943.76	0.00	-1180.43
579.80	-14106.46	0.00	-672.74
579.90	-14232.19	0.00	-158.96
580.00	-14318.80	0.00	361.79
580.10	-14364.01	0.00	890.05
580.20	-14365.50	0.00	1425.98
580.30	-14322.28	0.00	1969.34
580.40	-14248.35	0.00	2519.44
580.50	-14146.07	0.00	3075.18
580.60	-14012.87	0.00	3635.03
580.70	-13846.26	0.00	4197.01
580.80	-13643.81	0.00	4758.75
580.90	-13403.27	0.00	5317.51
581.00	-13122.58	0.00	5870.18
581.10	-12799.95	0.00	6413.38
581.20	-12433.90	0.00	6943.43
581.30	-12023.32	0.00	7456.50
581.40	-11567.49	0.00	7948.59
581.50	-11066.15	0.00	8415.64
581.60	-10519.51	0.00	8853.56
581.70	-9928.27	0.00	9258.32
581.80	-9293.67	0.00	9626.03
581.90	-8617.46	0.00	9952.98
582.00	-7901.95	0.00	10235.68
582.10	-7149.96	0.00	10471.00
582.20	-6364.83	0.00	10656.13
582.30	-5550.40	0.00	10788.69
582.40	-4710.97	0.00	10866.77
582.50	-3851.25	0.00	10888.92
582.60	-2976.35	0.00	10854.25
582.70	-2091.68	0.00	10762.37
582.80	-1202.92	0.00	10613.48
582.90	-315.95	0.00	10408.31
583.00	563.26	0.00	10148.16
583.10	1428.67	0.00	9834.87
583.20	2274.26	0.00	9470.81
583.30	3094.16	0.00	9058.84
583.40	3882.65	0.00	8602.28
583.50	4634.31	0.00	8104.90
583.60	5344.03	0.00	7570.83
583.70	6007.13	0.00	7004.55
583.80	6619.37	0.00	6410.83
583.90	7177.08	0.00	5794.64
584.00	7677.12	0.00	5161.17
584.10	8116.99	0.00	4515.67
584.20	8494.82	0.00	3863.49
584.30	8809.41	0.00	3209.95
584.40	9060.23	0.00	2560.31
584.50	9247.44	0.00	1919.73
584.60	9371.83	0.00	1293.18
584.70	9434.87	0.00	685.39
584.80	9438.62	0.00	100.83
584.90	9385.75	0.00	-456.35
585.00	9279.42	0.00	-982.38
585.10	9123.30	0.00	-1473.90
585.20	8921.49	0.00	-1927.95
585.30	8678.42	0.00	-2342.08
585.40	8398.83	0.00	-2714.30
585.50	8087.69	0.00	-3043.11
585.60	7750.11	0.00	-3327.56
585.70	7391.27	0.00	-3567.19
585.80	7016.37	0.00	-3762.06
585.90	6630.55	0.00	-3912.74
586.00	6239.46	0.00	-4020.29
586.10	5850.88	0.00	-4086.25
586.20	5469.09	0.00	-4112.57
586.30	5097.61	0.00	-4101.66
586.40	4739.71	0.00	-4056.28
586.50	4398.31	0.00	-3979.50
586.60	4075.99	0.00	-3874.71
586.70	3774.95	0.00	-3745.51
586.80	3496.99	0.00	-3595.68
586.90	3243.46	0.00	-3429.14
587.00	3015.30	0.00	-3249.85
587.10	2813.00	0.00	-3061.80
587.20	2636.61	0.00	-2868.91
587.30	2485.73	0.00	-2675.01
587.40	2359.57	0.00	-2483.75
587.50	2256.92	0.00	-2298.60
587.60	2176.21	0.00	-2122.74
587.70	2115.54	0.00	-1959.06
587.80	2072.71	0.00	-1810.13
587.90	2045.27	0.00	-1678.11
588.00	2030.55	0.00	-1564.81
588.10	2025.74	0.00	-1471.61
588.20	2027.92	0.00	-1399.46
588.30	2034.10	0.00	-1348.88
588.40	2041.32	0.00	-1319.99
588.50	2046.64	0.00	-1312.48
588.60	2047.23	0.00	-1325.63
588.70	2040.41	0.00	-1358.37
588.80	2023.68	0.00	-1409.27
588.90	1994.77	0.00	-1476.59
589.00	1951.67	0.00	-1558.30
589.10	1892.66	0.00	-1652.16
589.20	1816.32	0.00	-1755.72
589.30	1721.59	0.00	-1866.40
589.40	1607.72	0.00	-1981.51
589.50	1474.34	0.00	-2098.31
589.60	1321.41	0.00	-2214.09
589.70	1149.25	0.00	-2326.13
589.80	958.52	0.00	-2431.85
589.90	750.18	0.00	-2528.77
590.00	525.52	0.00	-2614.57
590.10	286.08	0.00	-2687.16
590.20	33.68	0.00	-2744.64
590.30	-229.68	0.00	-2785.40
590.40	-501.78	0.00	-2808.09
590.50	-780.27	0.00	-2811.64
590.60	-1062.69	0.00	-2795.28
590.70	-1346.50	0.00	-2758.56
590.80	-1629.13	0.00	-2701.31
590.90	-1908.02	0.00	-2623.67
591.00	-2180.65	0.00	-2526.06
591.10	-2444.56	0.00	-2409.16
591.20	-2697.43	0.00	-2273.92
591.30	-2937.07	0.00	-2121.52
591.40	-3161.45	0.00	-1953.34
591.50	-3368.74	0.00	-1770.94
591.60	-3557.32	0.00	-1576.05
591.70	-3725.80	0.00	-1370.50
591.80	-3873.02	0.00	-1156.25
591.90	-3998.09	0.00	-935.29
592.00	-4100.33	0.00	-709.67
592.10	-4179.34	0.00	-481.44
592.20	-4234.95	0.00	-252.66
592.30	-4267.22	0.00	-25.32
592.40	-4276.44	0.00	198.64
592.50	-4263.09	0.00	417.35
592.60	-4227.87	0.00	629.04
592.70	-4171.62	0.00	832.04
592.80	-4095.35	0.00	1024.82
592.90	-4000.21	0.00	1205.94
593.00	-3887.45	0.00	1374.13
593.10	-3758.41	0.00	1528.23
593.20	-3614.53	0.00	1667.21
593.30	-3457.27	0.00	1790.18
593.40	-3288.23	0.00	1896.38
593.50	-3109.79	0.00	1985.15
593.60	-2923.57	0.00	2055.98
593.70	-2730.97	0.00	2108.44
593.80	-2533.35	0.00	2142.22
593.90	-2332.10	0.00	2157.09
594.00	-2128.59	0.00	2152.93
594.10	-1924.20	0.00	2129.70
594.20	-1720.30	0.00	2087.42
594.30	-1518.27	0.00	2026.23
594.40	-1319.50	0.00	1946.31
594.50	-1125.37	0.00	1847.94
594.60	-937.30	0.00	1731.47
594.70	-756.69	0.00	1597.35
594.80	-584.98	0.00	1446.10
594.90	-423.61	0.00	1278.35
595.00	-274.03	0.00	1094.84
595.10	-137.71	0.00	896.42
595.20	-16.11	0.00	684.07
595.30	89.32	0.00	458.89
595.40	177.12	0.00	222.15
595.50	245.89	0.00	-24.73
595.60	294.26	0.00	-280.19
595.70	320.92	0.00	-542.45
595.80	324.65	0.00	-809.59
595.90	304.34	0.00	-1079.50
596.00	258.99	0.00	-1349.86
596.10	187.77	0.00	-1618.19
596.20	90.02	0.00	-1881.84
596.30	-34.71	0.00	-2137.97
596.40	-186.63	0.00	-2383.59
596.50	-365.70	0.00	-2615.59
596.60	-571.61	0.00	-2830.73
596.70	-803.71	0.00	-3025.68
596.80	-1061.05	0.00	-3197.05
596.90	-1342.32	0.00	-3341.45
597.00	-1645.86	0.00	-3455.48
597.10	-1969.63	0.00	-3535.81
597.20	-2311.23	0.00	-3579.22
597.30	-2667.87	0.00	-3582.66
597.40	-3036.38	0.00	-3543.25
597.50	-3413.24	0.00	-3458.42
597.60	-3794.59	0.00	-3325.88
597.70	-4176.21	0.00	-3143.72
597.80	-4553.60	0.00	-2910.45
597.90	-4922.00	0.00	-2625.05
598.00	-5276.40	0.00	-2287.01
598.10	-5611.60	0.00	-1896.39
598.20	-5922.28	0.00	-1453.84
598.30	-6203.00	0.00	-960.61
598.40	-6448.31	0.00	-418.63
598.50	-6652.77	0.00	169.55
598.60	-6811.03	0.00	800.68
598.70	-6917.91	0.00	1470.88
598.80	-6968.43	0.00	2175.62
598.90	-6957.91	0.00	2909.74
599.00	-6882.04	0.00	3667.52
599.10	-6736.92	0.00	4442.68
599.20	-6519.17	0.00	5228.46
599.30	-6225.97	0.00	6017.68
599.40	-5855.13	0.00	6802.81
599.50	-5405.18	0.00	7576.05
599.60	-4875.37	0.00	8329.40
599.70	-4265.78	0.00	9054.77
599.80	-3577.35	0.00	9744.06
599.90	-2811.92	0.00	10389.24
600.00	-1972.22	0.00	10982.48
