Time(s)	Fx(N)	Fy(N)	Fz(N)
0.00	-2027.34	0.00	-34820.45
0.10	-5015.54	0.00	-35087.94
0.20	-8117.10	0.00	-35115.15
0.30	-11303.61	0.00	-34883.04
0.40	-14543.63	0.00	-34375.96
0.50	-17803.16	0.00	-33581.98
0.60	-21046.12	0.00	-32493.24
0.70	-24234.91	0.00	-31106.17
0.80	-27331.00	0.00	-29421.67
0.90	-30295.58	0.00	-27445.22
1.00	-33090.21	0.00	-25186.86
1.10	-35677.53	0.00	-22661.22
1.20	-38021.90	0.00	-19887.28
1.30	-40090.07	0.00	-16888.22
1.40	-41851.85	0.00	-13691.11
1.50	-43280.69	0.00	-10326.51
1.60	-44354.19	0.00	-6828.08
1.70	-45054.61	0.00	-3232.04
1.80	-45369.26	0.00	423.37
1.90	-45290.75	0.00	4098.49
2.00	-44826.23	0.00	7752.89
2.10	-43997.26	0.00	11346.01
2.20	-42811.90	0.00	14837.83
2.30	-41282.28	0.00	18189.54
2.40	-39425.02	0.00	21364.20
2.50	-37260.99	0.00	24327.35
2.60	-34815.09	0.00	27047.60
2.70	-32115.84	0.00	29497.13
2.80	-29194.98	0.00	31652.20
2.90	-26086.99	0.00	33493.52
3.00	-22828.53	0.00	35006.54
3.10	-19457.88	0.00	36181.70
3.20	-16014.26	0.00	37014.52
3.30	-12537.26	0.00	37505.67
3.40	-9066.08	0.00	37660.86
3.50	-5638.94	0.00	37490.69
3.60	-2292.37	0.00	37010.35
3.70	939.38	0.00	36239.33
3.80	4024.94	0.00	35200.95
3.90	6936.34	0.00	33921.82
4.00	9649.46	0.00	32431.33
4.10	12144.44	0.00	30760.98
4.20	14405.90	0.00	28943.76
4.30	16423.20	0.00	27013.45
4.40	18190.47	0.00	25003.91
4.50	19706.61	0.00	22948.46
4.60	20975.17	0.00	20879.16
4.70	22004.10	0.00	18826.20
4.80	22805.43	0.00	16817.35
4.90	23394.87	0.00	14877.41
5.00	23791.30	0.00	13027.80
5.10	24016.20	0.00	11286.16
5.20	24093.09	0.00	9666.11
5.30	24046.80	0.00	8177.05
5.40	23902.90	0.00	6824.08
5.50	23686.94	0.00	5608.01
5.60	23423.85	0.00	4525.48
5.70	23137.27	0.00	3569.15
5.80	22848.96	0.00	2728.02
5.90	22578.28	0.00	1987.77
6.00	22341.69	0.00	1331.23
6.10	22152.37	0.00	738.88
6.20	22023.84	0.00	189.39
6.30	21964.54	0.00	-339.73
6.40	21976.21	0.00	-871.57
6.50	22056.71	0.00	-1429.16
6.60	22200.00	0.00	-2034.84
6.70	22396.36	0.00	-2709.65
6.80	22632.61	0.00	-3472.76
6.90	22892.37	0.00	-4340.93
7.00	23156.52	0.00	-5328.00
7.10	23403.60	0.00	-6444.53
7.20	23610.32	0.00	-7697.40
7.30	23752.12	0.00	-9089.56
7.40	23803.74	0.00	-10619.89
7.50	23739.85	0.00	-12283.06
7.60	23535.60	0.00	-14069.60
7.70	23167.28	0.00	-15965.93
7.80	22612.88	0.00	-17954.64
7.90	21852.65	0.00	-20014.68
8.00	20869.63	0.00	-22121.79
8.10	19650.13	0.00	-24248.89
8.20	18184.11	0.00	-26366.61
8.30	16465.57	0.00	-28443.84
8.40	14492.79	0.00	-30448.30
8.50	12268.54	0.00	-32347.20
8.60	9800.18	0.00	-34107.89
8.70	7099.67	0.00	-35698.49
8.80	4183.52	0.00	-37088.52
8.90	1072.58	0.00	-38249.56
9.00	-2208.17	0.00	-39155.80
9.10	-5629.98	0.00	-39784.55
9.20	-9160.77	0.00	-40116.76
9.30	-12765.62	0.00	-40137.40
9.40	-16407.32	0.00	-39835.76
9.50	-20047.04	0.00	-39205.70
9.60	-23644.96	0.00	-38245.79
9.70	-27160.95	0.00	-36959.37
9.80	-30555.35	0.00	-35354.47
9.90	-33789.63	0.00	-33443.71
10.00	-36827.09	0.00	-31244.00
10.10	-39633.56	0.00	-28776.30
10.20	-42177.96	0.00	-26065.15
10.30	-44432.89	0.00	-23138.23
10.40	-46375.09	0.00	-20025.82
10.50	-47985.84	0.00	-16760.24
10.60	-49251.19	0.00	-13375.20
10.70	-50162.21	0.00	-9905.21
10.80	-50724.37	0.00	-6384.90
10.90	-50963.79	0.00	-2848.39
11.00	-50887.90	0.00	671.28
11.10	-50506.49	0.00	4142.79
11.20	-49832.71	0.00	7537.02
11.30	-48882.72	0.00	10827.54
11.40	-47675.21	0.00	13991.02
11.50	-46230.99	0.00	17007.53
11.60	-44572.46	0.00	19860.79
11.70	-42723.11	0.00	22538.32
11.80	-40706.97	0.00	25031.50
11.90	-38548.11	0.00	27335.51
12.00	-36270.06	0.00	29449.25
12.10	-33895.38	0.00	31375.09
12.20	-31445.14	0.00	33118.60
12.30	-28938.53	0.00	34688.18
12.40	-26392.45	0.00	36094.63
12.50	-23821.26	0.00	37350.68
12.60	-21236.51	0.00	38470.48
12.70	-18646.78	0.00	39469.01
12.80	-16057.62	0.00	40361.59
12.90	-13471.52	0.00	41163.24
13.00	-10888.04	0.00	41888.18
13.10	-8303.97	0.00	42549.33
13.20	-5713.55	0.00	43157.73
13.30	-3108.83	0.00	43722.22
13.40	-480.05	0.00	44248.97
13.50	2183.91	0.00	44741.22
13.60	4895.03	0.00	45199.04
13.70	7665.60	0.00	45619.18
13.80	10507.68	0.00	45994.99
13.90	13432.51	0.00	46316.45
14.00	16449.92	0.00	46570.29
14.10	19567.80	0.00	46740.15
14.20	22791.51	0.00	46806.91
14.30	26123.42	0.00	46748.97
14.40	29562.44	0.00	46542.73
14.50	33103.66	0.00	46163.05
14.60	36737.98	0.00	45583.75
14.70	40451.94	0.00	44778.26
14.80	44227.52	0.00	43720.16
14.90	48042.12	0.00	42383.82
15.00	51868.61	0.00	40745.05
15.10	55675.47	0.00	38781.71
15.20	59427.07	0.00	36474.33
15.30	63084.00	0.00	33806.67
15.40	66603.57	0.00	30766.30
15.50	69940.32	0.00	27345.05
15.60	73046.69	0.00	23539.48
15.70	75885.58	0.00	19351.23
15.80	78469.05	0.00	14787.32
15.90	80763.11	0.00	9860.35
16.00	82726.03	0.00	4588.66
16.10	84316.41	0.00	-1003.66
16.20	85493.76	0.00	-6886.82
16.30	86219.06	0.00	-13025.43
16.40	86455.33	0.00	-19378.79
16.50	86168.17	0.00	-25901.14
16.60	85326.36	0.00	-32542.13
16.70	83902.41	0.00	-39247.25
16.80	81873.10	0.00	-45958.42
16.90	79220.03	0.00	-52614.59
17.00	75930.16	0.00	-59152.46
17.10	71996.25	0.00	-65507.16
17.20	67417.39	0.00	-71613.10
17.30	62199.33	0.00	-77404.71
17.40	56354.95	0.00	-82817.31
17.50	49904.44	0.00	-87787.93
17.60	42875.60	0.00	-92256.17
17.70	35303.96	0.00	-96164.97
17.80	27232.75	0.00	-99461.47
17.90	18712.90	0.00	-102097.72
18.00	9802.76	0.00	-104031.42
18.10	567.82	0.00	-105226.51
18.20	-8919.81	0.00	-105653.85
18.30	-18581.98	0.00	-105291.61
18.40	-28335.29	0.00	-104125.76
18.50	-38091.93	0.00	-102150.35
18.60	-47760.73	0.00	-99367.74
18.70	-57248.26	0.00	-95788.70
18.80	-66460.10	0.00	-91432.42
18.90	-75302.09	0.00	-86326.42
19.00	-83681.72	0.00	-80506.32
19.10	-91509.51	0.00	-74015.49
19.20	-98700.40	0.00	-66904.69
19.30	-105175.09	0.00	-59231.49
19.40	-110861.34	0.00	-51059.67
19.50	-115695.17	0.00	-42458.51
19.60	-119621.94	0.00	-33502.05
19.70	-122597.30	0.00	-24268.19
19.80	-124587.92	0.00	-14837.85
19.90	-125572.09	0.00	-5294.01
20.00	-125569.48	0.00	4279.27
20.10	-124744.76	0.00	13797.79
20.20	-123131.20	0.00	23178.19
20.30	-120742.65	0.00	32338.95
20.40	-117598.71	0.00	41201.28
20.50	-113724.58	0.00	49690.07
20.60	-109151.04	0.00	57734.69
20.70	-103914.24	0.00	65269.78
20.80	-98055.56	0.00	72235.98
20.90	-91621.39	0.00	78580.54
21.00	-84662.81	0.00	84257.83
21.10	-77235.30	0.00	89229.80
21.20	-69398.26	0.00	93466.30
21.30	-61214.60	0.00	96945.29
21.40	-52750.14	0.00	99652.93
21.50	-44073.01	0.00	101583.61
21.60	-35252.95	0.00	102739.81
21.70	-26360.57	0.00	103131.89
21.80	-17466.58	0.00	102777.74
21.90	-8640.97	0.00	101702.39
22.00	47.83	0.00	99937.48
22.10	8533.79	0.00	97520.67
22.20	16754.04	0.00	94494.99
22.30	24649.70	0.00	90908.11
22.40	32166.55	0.00	86811.59
22.50	39255.65	0.00	82260.06
22.60	45873.95	0.00	77310.44
22.70	51984.64	0.00	72021.10
22.80	57557.55	0.00	66451.05
22.90	62569.32	0.00	60659.15
23.00	67003.47	0.00	54703.37
23.10	70850.36	0.00	48640.05
23.20	74107.05	0.00	42523.30
23.30	76776.92	0.00	36404.34
23.40	78869.40	0.00	30331.08
23.50	80399.38	0.00	24347.63
23.60	81386.67	0.00	18493.96
23.70	81855.42	0.00	12805.69
23.80	81833.36	0.00	7313.88
23.90	81351.18	0.00	2045.00
24.00	80441.76	0.00	-2979.09
24.10	79139.49	0.00	-7741.04
24.20	77479.61	0.00	-12227.83
24.30	75497.56	0.00	-16430.53
24.40	73232.94	0.00	-20343.99
24.50	70772.15	0.00	-23966.56
24.60	68156.81	0.00	-27299.60
24.70	65410.00	0.00	-30347.15
24.80	62552.55	0.00	-33115.45
24.90	59603.05	0.00	-35612.56
25.00	56577.79	0.00	-37847.86
25.10	53490.92	0.00	-39831.67
25.20	50354.48	0.00	-41574.89
25.30	47178.59	0.00	-43088.59
25.40	43971.70	0.00	-44383.73
25.50	40740.72	0.00	-45470.86
25.60	37491.35	0.00	-46359.94
25.70	34228.31	0.00	-47060.12
25.80	30955.60	0.00	-47579.67
25.90	27676.80	0.00	-47925.87
26.00	24395.31	0.00	-48105.06
26.10	21114.60	0.00	-48122.58
26.20	17838.42	0.00	-47982.92
26.30	14571.03	0.00	-47689.81
26.40	11317.30	0.00	-47246.34
26.50	8082.89	0.00	-46655.14
26.60	4874.30	0.00	-45918.56
26.70	1698.92	0.00	-45038.83
26.80	-1434.97	0.00	-44018.31
26.90	-4518.23	0.00	-42859.58
27.00	-7540.97	0.00	-41565.70
27.10	-10492.60	0.00	-40140.28
27.20	-13362.04	0.00	-38587.66
27.30	-16137.83	0.00	-36913.00
27.40	-18808.34	0.00	-35122.35
27.50	-21361.94	0.00	-33222.65
27.60	-23787.23	0.00	-31221.80
27.70	-26073.22	0.00	-29128.60
27.80	-28209.52	0.00	-26952.70
27.90	-30186.50	0.00	-24704.55
28.00	-31995.49	0.00	-22395.23
28.10	-33628.89	0.00	-20036.43
28.20	-35080.25	0.00	-17640.22
28.30	-36344.42	0.00	-15218.99
28.40	-37417.52	0.00	-12785.25
28.50	-38297.03	0.00	-10351.52
28.60	-38981.75	0.00	-7930.16
28.70	-39471.75	0.00	-5533.30
28.80	-39768.36	0.00	-3172.69
28.90	-39874.05	0.00	-859.64
29.00	-39792.35	0.00	1395.10
29.10	-39527.78	0.00	3581.33
29.20	-39085.71	0.00	5689.43
29.30	-38472.25	0.00	7710.43
29.40	-37694.21	0.00	9635.92
29.50	-36758.94	0.00	11458.07
29.60	-35674.31	0.00	13169.54
29.70	-34449.62	0.00	14763.50
29.80	-33105.10	0.00	16233.50
29.90	-31651.53	0.00	17573.47
30.00	-30096.33	0.00	18777.65
30.10	-28447.20	0.00	19840.55
30.20	-26712.28	0.00	20756.94
30.30	-24900.16	0.00	21521.84
30.40	-23020.00	0.00	22130.54
30.50	-21081.66	0.00	22578.64
30.60	-19095.73	0.00	22862.14
30.70	-17073.67	0.00	22977.51
30.80	-15027.84	0.00	22921.83
30.90	-12971.59	0.00	22692.92
31.00	-10919.22	0.00	22289.49
31.10	-8886.00	0.00	21711.38
31.20	-6888.15	0.00	20959.66
31.30	-4942.68	0.00	20036.89
31.40	-3067.32	0.00	18947.25
31.50	-1280.33	0.00	17696.79
31.60	399.74	0.00	16293.51
31.70	1954.26	0.00	14747.54
31.80	3364.83	0.00	13071.25
31.90	4613.61	0.00	11279.29
32.00	5683.64	0.00	9388.61
32.10	6559.21	0.00	7418.48
32.20	7226.21	0.00	5390.35
32.30	7672.54	0.00	3327.76
32.40	7888.39	0.00	1256.17
32.50	7866.65	0.00	-797.34
32.60	7603.18	0.00	-2804.28
32.70	7097.06	0.00	-4735.14
32.80	6350.83	0.00	-6559.74
32.90	5370.68	0.00	-8247.68
33.00	4166.52	0.00	-9768.75
33.10	2752.04	0.00	-11093.43
33.20	1144.71	0.00	-12193.34
33.30	-634.34	0.00	-13041.80
33.40	-2560.43	0.00	-13614.23
33.50	-4605.57	0.00	-13888.71
33.60	-6738.74	0.00	-13846.37
33.70	-8926.18	0.00	-13471.85
33.80	-11131.84	0.00	-12753.70
33.90	-13317.75	0.00	-11684.68
34.00	-15444.48	0.00	-10262.08
34.10	-17471.69	0.00	-8487.96
34.20	-19358.61	0.00	-6369.30
34.30	-21064.58	0.00	-3918.09
34.40	-22549.60	0.00	-1151.41
34.50	-23774.87	0.00	1908.67
34.60	-24703.39	0.00	5235.15
34.70	-25300.44	0.00	8796.31
34.80	-25534.13	0.00	12555.97
34.90	-25375.94	0.00	16473.81
35.00	-24801.19	0.00	20505.75
35.10	-23789.51	0.00	24604.41
35.20	-22325.27	0.00	28719.64
35.30	-20397.99	0.00	32799.04
35.40	-18002.70	0.00	36788.59
35.50	-15140.22	0.00	40633.31
35.60	-11817.46	0.00	44277.91
35.70	-8047.61	0.00	47667.48
35.80	-3850.22	0.00	50748.22
35.90	748.66	0.00	53468.17
36.00	5716.55	0.00	55777.87
36.10	11014.66	0.00	57631.09
36.20	16598.06	0.00	58985.48
36.30	22415.98	0.00	59803.24
36.40	28412.25	0.00	60051.66
36.50	34525.75	0.00	59703.70
36.60	40691.07	0.00	58738.48
36.70	46839.16	0.00	57141.63
36.80	52898.17	0.00	54905.67
36.90	58794.33	0.00	52030.25
37.00	64452.90	0.00	48522.32
37.10	69799.21	0.00	44396.17
37.20	74759.71	0.00	39673.45
37.30	79263.07	0.00	34383.00
37.40	83242.10	0.00	28560.67
37.50	86694.25	0.00	22249.02
37.60	89607.20	0.00	15496.88
37.70	91938.28	0.00	8358.90
37.80	93649.13	0.00	894.96
37.90	94706.02	0.00	-6830.42
38.00	95080.22	0.00	-14748.82
38.10	94748.24	0.00	-22788.68
38.20	93692.12	0.00	-30876.02
38.30	91899.69	0.00	-38935.34
38.40	89364.81	0.00	-46890.43
38.50	86087.52	0.00	-54665.22
38.60	82074.24	0.00	-62184.62
38.70	77337.94	0.00	-69375.35
38.80	71898.19	0.00	-76166.78
38.90	65781.25	0.00	-82491.61
39.00	59020.07	0.00	-88286.67
39.10	51654.23	0.00	-93493.54
39.20	43729.83	0.00	-98059.13
39.30	35299.31	0.00	-101936.26
39.40	26421.16	0.00	-105084.07
39.50	17159.57	0.00	-107468.40
39.60	7584.00	0.00	-109062.11
39.70	-2231.36	0.00	-109845.24
39.80	-12208.18	0.00	-109805.21
39.90	-22264.73	0.00	-108936.82
40.00	-32316.61	0.00	-107242.22
40.10	-42277.64	0.00	-104730.86
40.20	-52060.71	0.00	-101419.26
40.30	-61578.79	0.00	-97330.79
40.40	-70745.88	0.00	-92495.40
40.50	-79478.02	0.00	-86949.22
40.60	-87694.27	0.00	-80734.20
40.70	-95317.73	0.00	-73897.62
40.80	-102276.46	0.00	-66491.66
40.90	-108504.41	0.00	-58572.83
41.00	-113942.21	0.00	-50201.49
41.10	-118537.93	0.00	-41441.24
41.20	-122247.74	0.00	-32358.40
41.30	-125036.45	0.00	-23021.39
41.40	-126877.90	0.00	-13500.17
41.50	-127755.28	0.00	-3865.67
41.60	-127772.03	0.00	5810.81
41.70	-127043.69	0.00	15458.15
41.80	-125574.97	0.00	25005.94
41.90	-123373.94	0.00	34385.07
42.00	-120452.04	0.00	43528.16
42.10	-116824.09	0.00	52370.16
42.20	-112508.38	0.00	60848.70
42.30	-107526.72	0.00	68904.61
42.40	-101904.55	0.00	76482.32
42.50	-95671.00	0.00	83530.19
42.60	-88859.02	0.00	90000.90
42.70	-81505.41	0.00	95851.76
42.80	-73650.88	0.00	101044.93
42.90	-65340.05	0.00	105547.73
43.00	-56621.39	0.00	109332.76
43.10	-47547.11	0.00	112378.09
43.20	-38173.04	0.00	114667.40
43.30	-28558.34	0.00	116189.98
43.40	-18765.21	0.00	116940.81
43.50	-8858.53	0.00	116920.52
43.60	1094.61	0.00	116135.35
43.70	11025.41	0.00	114597.04
43.80	20863.97	0.00	112322.66
43.90	30539.87	0.00	109334.49
44.00	39982.92	0.00	105659.71
44.10	49123.81	0.00	101330.23
44.20	57894.88	0.00	96382.33
44.30	66230.84	0.00	90856.35
44.40	74069.53	0.00	84796.34
44.50	81352.63	0.00	78249.69
44.60	88026.34	0.00	71266.67
44.70	94042.02	0.00	63900.06
44.80	99356.75	0.00	56204.69
44.90	103933.86	0.00	48236.96
45.00	107743.35	0.00	40054.44
45.10	110762.19	0.00	31715.35
45.20	112974.62	0.00	23278.15
45.30	114372.22	0.00	14801.04
45.40	114954.00	0.00	6341.56
45.50	114726.29	0.00	-2043.84
45.60	113703.01	0.00	-10300.25
45.70	112003.42	0.00	-18374.63
45.80	109724.75	0.00	-26216.24
45.90	106887.54	0.00	-33776.91
46.00	103514.56	0.00	-41011.41
46.10	99630.71	0.00	-47877.70
46.20	95263.03	0.00	-54337.18
46.30	90440.58	0.00	-60354.91
46.40	85194.49	0.00	-65899.81
46.50	79557.82	0.00	-70944.79
46.60	73565.56	0.00	-75466.86
46.70	67254.50	0.00	-79447.26
46.80	60663.14	0.00	-82871.47
46.90	53831.59	0.00	-85729.22
47.00	46801.34	0.00	-88014.53
47.10	39615.12	0.00	-89725.61
47.20	32316.66	0.00	-90864.83
47.30	24950.41	0.00	-91438.59
47.40	17561.27	0.00	-91457.18
47.50	10194.27	0.00	-90934.66
47.60	2894.20	0.00	-89888.64
47.70	-4294.74	0.00	-88340.08
47.80	-11329.32	0.00	-86313.02
47.90	-18167.68	0.00	-83834.40
48.00	-24769.71	0.00	-80933.69
48.10	-31097.47	0.00	-77642.64
48.20	-37115.51	0.00	-73994.96
48.30	-42791.29	0.00	-70025.96
48.40	-48095.46	0.00	-65772.25
48.50	-53002.15	0.00	-61271.34
48.60	-57489.24	0.00	-56561.31
48.70	-61538.56	0.00	-51680.43
48.80	-65135.99	0.00	-46666.83
48.90	-68271.62	0.00	-41558.11
49.00	-70939.72	0.00	-36391.01
49.10	-73138.73	0.00	-31201.10
49.20	-74871.18	0.00	-26022.40
49.30	-76143.52	0.00	-20887.18
49.40	-76965.93	0.00	-15825.63
49.50	-77352.08	0.00	-10865.63
49.60	-77318.77	0.00	-6032.55
49.70	-76885.64	0.00	-1349.12
49.80	-76074.78	0.00	3164.78
49.90	-74910.31	0.00	7492.15
50.00	-73447.31	0.00	11618.94
50.10	-71755.78	0.00	15534.07
50.20	-69858.39	0.00	19229.39
50.30	-67776.82	0.00	22699.62
50.40	-65532.06	0.00	25942.22
50.50	-63144.26	0.00	28957.26
50.60	-60632.46	0.00	31747.25
50.70	-58014.43	0.00	34316.89
50.80	-55306.55	0.00	36672.87
50.90	-52523.59	0.00	38823.57
51.00	-49678.67	0.00	40778.79
51.10	-46783.15	0.00	42549.47
51.20	-43846.54	0.00	44147.34
51.30	-40876.55	0.00	45584.64
51.40	-37879.04	0.00	46873.80
51.50	-34858.07	0.00	48027.12
51.60	-31816.00	0.00	49056.47
51.70	-28753.59	0.00	49973.03
51.80	-25670.12	0.00	50787.02
51.90	-22563.58	0.00	51507.45
52.00	-19430.86	0.00	52141.91
52.10	-16268.00	0.00	52696.43
52.20	-13070.38	0.00	53175.28
52.30	-9833.05	0.00	53580.91
52.40	-6550.95	0.00	53913.88
52.50	-3219.25	0.00	54172.80
52.60	166.41	0.00	54354.41
52.70	3609.58	0.00	54453.55
52.80	7112.76	0.00	54463.34
52.90	10677.09	0.00	54375.26
53.00	14302.12	0.00	54179.36
53.10	17985.58	0.00	53864.42
53.20	21723.16	0.00	53418.24
53.30	25508.36	0.00	52827.84
53.40	29332.35	0.00	52079.79
53.50	33183.86	0.00	51160.50
53.60	37049.20	0.00	50056.49
53.70	40912.19	0.00	48754.75
53.80	44754.26	0.00	47243.05
53.90	48554.56	0.00	45510.23
54.00	52290.07	0.00	43546.49
54.10	55935.88	0.00	41343.70
54.20	59465.35	0.00	38895.64
54.30	62850.50	0.00	36198.23
54.40	66062.29	0.00	33249.73
54.50	69071.01	0.00	30050.92
54.60	71846.65	0.00	26605.20
54.70	74359.39	0.00	22918.71
54.80	76579.94	0.00	19000.34
54.90	78480.08	0.00	14861.76
55.00	80046.62	0.00	10517.39
55.10	81321.88	0.00	5984.28
55.20	82295.32	0.00	1282.04
55.30	82949.08	0.00	-3567.36
55.40	83266.62	0.00	-8539.74
55.50	83232.86	0.00	-13608.94
55.60	82834.36	0.00	-18747.08
55.70	82059.48	0.00	-23924.79
55.80	80898.52	0.00	-29111.54
55.90	79343.86	0.00	-34275.87
56.00	77390.03	0.00	-39385.74
56.10	75033.87	0.00	-44408.81
56.20	72274.58	0.00	-49312.72
56.30	69113.80	0.00	-54065.39
56.40	65555.68	0.00	-58635.33
56.50	61606.93	0.00	-62991.83
56.60	57276.85	0.00	-67105.26
56.70	52577.36	0.00	-70947.29
56.80	47523.02	0.00	-74491.06
56.90	42130.99	0.00	-77711.40
57.00	36421.06	0.00	-80584.95
57.10	30415.59	0.00	-83090.31
57.20	24139.49	0.00	-85208.18
57.30	17620.10	0.00	-86921.40
57.40	10887.20	0.00	-88215.09
57.50	3972.82	0.00	-89076.63
57.60	-3088.80	0.00	-89495.78
57.70	-10261.40	0.00	-89464.65
57.80	-17506.83	0.00	-88977.76
57.90	-24785.22	0.00	-88032.03
58.00	-32055.23	0.00	-86626.80
58.10	-39274.22	0.00	-84763.82
58.20	-46398.52	0.00	-82447.24
58.30	-53383.71	0.00	-79683.64
58.40	-60184.93	0.00	-76481.96
58.50	-66757.17	0.00	-72853.54
58.60	-73055.64	0.00	-68812.10
58.70	-79036.11	0.00	-64373.68
58.80	-84655.31	0.00	-59556.65
58.90	-89871.32	0.00	-54381.67
59.00	-94643.98	0.00	-48871.64
59.10	-98935.28	0.00	-43051.63
59.20	-102709.80	0.00	-36948.84
59.30	-105935.07	0.00	-30592.50
59.40	-108582.01	0.00	-24013.75
59.50	-110625.28	0.00	-17245.53
59.60	-112043.60	0.00	-10322.45
59.70	-112860.57	0.00	-3280.59
59.80	-113190.76	0.00	3842.67
59.90	-113035.79	0.00	11008.86
60.00	-112389.78	0.00	18178.67
60.10	-111248.44	0.00	25312.18
60.20	-109609.15	0.00	32369.14
60.30	-107471.16	0.00	39309.27
60.40	-104835.67	0.00	46092.51
60.50	-101706.01	0.00	52679.39
60.60	-98087.81	0.00	59031.25
60.70	-93989.07	0.00	65110.65
60.80	-89420.39	0.00	70881.56
60.90	-84395.00	0.00	76309.74
61.00	-78928.91	0.00	81362.95
61.10	-73040.96	0.00	86011.22
61.20	-66752.86	0.00	90227.12
61.30	-60089.24	0.00	93985.90
61.40	-53077.61	0.00	97265.72
61.50	-45748.29	0.00	100047.74
61.60	-38134.36	0.00	102316.27
61.70	-30271.51	0.00	104058.82
61.80	-22197.89	0.00	105266.16
61.90	-13953.91	0.00	105932.30
62.00	-5582.04	0.00	106054.47
62.10	2873.49	0.00	105633.08
62.20	11366.90	0.00	104671.61
62.30	19851.26	0.00	103176.54
62.40	28278.70	0.00	101157.19
62.50	36600.81	0.00	98625.57
62.60	44769.00	0.00	95596.29
62.70	52734.76	0.00	92086.32
62.80	60450.12	0.00	88114.88
62.90	67867.92	0.00	83703.27
63.00	74942.20	0.00	78874.68
63.10	81628.52	0.00	73654.11
63.20	87884.33	0.00	68068.15
63.30	93669.22	0.00	62144.89
63.40	98945.33	0.00	55913.83
63.50	103677.58	0.00	49405.71
63.60	107833.98	0.00	42652.48
63.70	111385.92	0.00	35687.16
63.80	114308.41	0.00	28543.81
63.90	116580.32	0.00	21257.41
64.00	118184.63	0.00	13863.83
64.10	119108.61	0.00	6399.70
64.20	119344.02	0.00	-1097.60
64.30	118967.60	0.00	-8590.12
64.40	118093.29	0.00	-16039.39
64.50	116721.65	0.00	-23406.60
64.60	114853.51	0.00	-30652.71
64.70	112491.03	0.00	-37738.64
64.80	109637.95	0.00	-44625.51
64.90	106299.86	0.00	-51274.84
65.00	102484.43	0.00	-57648.80
65.10	98201.73	0.00	-63710.53
65.20	93464.44	0.00	-69424.44
65.30	88288.12	0.00	-74756.53
65.40	82691.46	0.00	-79674.73
65.50	76696.41	0.00	-84149.27
65.60	70328.37	0.00	-88153.02
65.70	63616.22	0.00	-91661.88
65.80	56592.35	0.00	-94655.05
65.90	49292.61	0.00	-97115.42
66.00	41756.14	0.00	-99029.79
66.10	34025.17	0.00	-100389.18
66.20	26144.69	0.00	-101188.98
66.30	18162.09	0.00	-101429.15
66.40	10126.67	0.00	-101114.25
66.50	2089.14	0.00	-100253.51
66.60	-5899.02	0.00	-98860.78
66.70	-13786.14	0.00	-96954.37
66.80	-21521.09	0.00	-94556.92
66.90	-29053.93	0.00	-91695.08
67.00	-36336.64	0.00	-88399.20
67.10	-43323.77	0.00	-84702.94
67.20	-49973.09	0.00	-80642.82
67.30	-56246.19	0.00	-76257.65
67.40	-62109.00	0.00	-71588.07
67.50	-67532.23	0.00	-66675.89
67.60	-72491.75	0.00	-61563.51
67.70	-76968.80	0.00	-56293.30
67.80	-80950.11	0.00	-50907.02
67.90	-84428.01	0.00	-45445.18
68.00	-87400.21	0.00	-39946.48
68.10	-89869.71	0.00	-34447.31
68.20	-91844.42	0.00	-28981.25
68.30	-93336.75	0.00	-23578.66
68.40	-94363.15	0.00	-18266.36
68.50	-94943.54	0.00	-13067.33
68.60	-95100.63	0.00	-8000.52
68.70	-94859.35	0.00	-3080.81
68.80	-94246.07	0.00	1681.06
68.90	-93298.11	0.00	6278.40
69.00	-92130.95	0.00	10708.35
69.10	-90787.76	0.00	14971.73
69.20	-89288.20	0.00	19072.64
69.30	-87649.43	0.00	23018.10
69.40	-85885.74	0.00	26817.61
69.50	-84008.40	0.00	30482.66
69.60	-82025.40	0.00	34026.16
69.70	-79941.39	0.00	37461.95
69.80	-77757.66	0.00	40804.14
69.90	-75472.13	0.00	44066.62
70.00	-73079.48	0.00	47262.47
70.10	-70571.38	0.00	50403.39
70.20	-67936.66	0.00	53499.25
70.30	-65161.69	0.00	56557.60
70.40	-62230.72	0.00	59583.29
70.50	-59126.35	0.00	62578.08
70.60	-55829.99	0.00	65540.43
70.70	-52322.39	0.00	68465.24
70.80	-48584.22	0.00	71343.78
70.90	-44596.65	0.00	74163.59
71.00	-40341.92	0.00	76908.59
71.10	-35804.01	0.00	79559.12
71.20	-30969.21	0.00	82092.18
71.30	-25826.72	0.00	84481.69
71.40	-20369.24	0.00	86698.83
71.50	-14593.50	0.00	88712.44
71.60	-8500.75	0.00	90489.49
71.70	-2097.21	0.00	91995.55
71.80	4605.55	0.00	93195.39
71.90	11590.28	0.00	94053.53
72.00	18833.89	0.00	94534.88
72.10	26307.26	0.00	94605.30
72.20	33975.20	0.00	94232.28
72.30	41796.58	0.00	93385.52
72.40	49724.45	0.00	92037.53
72.50	57706.39	0.00	90164.23
72.60	65684.86	0.00	87745.44
72.70	73597.77	0.00	84765.43
72.80	81379.08	0.00	81213.32
72.90	88959.59	0.00	77083.45
73.00	96267.70	0.00	72375.76
73.10	103230.41	0.00	67095.93
73.20	109774.27	0.00	61255.66
73.30	115826.42	0.00	54872.68
73.40	121315.72	0.00	47970.75
73.50	126173.81	0.00	40579.65
73.60	130336.23	0.00	32734.94
73.70	133743.51	0.00	24477.75
73.80	136373.41	0.00	15854.47
73.90	138374.86	0.00	6916.33
74.00	139750.11	0.00	-2281.05
74.10	140472.34	0.00	-11678.20
74.20	140517.69	0.00	-21212.39
74.30	139865.54	0.00	-30818.23
74.40	138498.72	0.00	-40428.34
74.50	136403.74	0.00	-49974.06
74.60	133571.12	0.00	-59386.17
74.70	129995.56	0.00	-68595.55
74.80	125676.29	0.00	-77533.95
74.90	120617.25	0.00	-86134.62
75.00	114827.35	0.00	-94333.06
75.10	108320.73	0.00	-102067.60
75.20	101116.89	0.00	-109279.99
75.30	93240.91	0.00	-115915.99
75.40	84723.50	0.00	-121925.83
75.50	75601.11	0.00	-127264.66
75.60	65915.89	0.00	-131892.89
75.70	55715.61	0.00	-135776.51
75.80	45053.56	0.00	-138887.32
75.90	33988.24	0.00	-141203.09
76.00	22583.14	0.00	-142707.65
76.10	10906.28	0.00	-143390.95
76.20	-970.24	0.00	-143248.96
76.30	-12970.77	0.00	-142283.65
76.40	-25016.77	0.00	-140502.83
76.50	-37027.45	0.00	-137919.91
76.60	-48920.56	0.00	-134553.72
76.70	-60613.12	0.00	-130428.17
76.80	-72022.27	0.00	-125572.00
76.90	-83066.12	0.00	-120018.40
77.00	-93664.58	0.00	-113804.65
77.10	-103740.17	0.00	-106971.78
77.20	-113218.92	0.00	-99564.10
77.30	-122031.09	0.00	-91628.87
77.40	-130111.94	0.00	-83215.85
77.50	-137402.44	0.00	-74376.94
77.60	-143849.85	0.00	-65165.72
77.70	-149408.30	0.00	-55637.09
77.80	-154039.23	0.00	-45846.85
77.90	-157711.75	0.00	-35851.36
78.00	-160402.93	0.00	-25707.15
78.10	-162097.96	0.00	-15470.56
78.20	-162790.19	0.00	-5197.42
78.30	-162651.18	0.00	5057.27
78.40	-161883.37	0.00	15239.64
78.50	-160494.72	0.00	25297.23
78.60	-158493.44	0.00	35179.22
78.70	-155888.25	0.00	44836.73
78.80	-152688.39	0.00	54222.94
78.90	-148903.71	0.00	63293.34
79.00	-144544.84	0.00	72005.86
79.10	-139623.27	0.00	80321.03
79.20	-134151.61	0.00	88202.07
79.30	-128143.73	0.00	95614.97
79.40	-121615.02	0.00	102528.62
79.50	-114582.61	0.00	108914.78
79.60	-107065.56	0.00	114748.15
79.70	-99085.11	0.00	120006.40
79.80	-90664.88	0.00	124670.09
79.90	-81831.03	0.00	128722.76
80.00	-72612.47	0.00	132150.82
80.10	-63040.91	0.00	134943.54
80.20	-53151.05	0.00	137093.05
80.30	-42980.56	0.00	138594.25
80.40	-32570.13	0.00	139444.77
80.50	-21963.41	0.00	139644.99
80.60	-11206.95	0.00	139197.93
80.70	-350.05	0.00	138109.23
80.80	10555.47	0.00	136387.17
80.90	21455.45	0.00	134042.57
81.00	32293.74	0.00	131088.80
81.10	43012.55	0.00	127541.74
81.20	53552.85	0.00	123419.75
81.30	63854.85	0.00	118743.63
81.40	73858.46	0.00	113536.59
81.50	83503.85	0.00	107824.18
81.60	92732.02	0.00	101634.25
81.70	101485.38	0.00	94996.83
81.80	109708.37	0.00	87944.07
81.90	117348.01	0.00	80510.11
82.00	124354.56	0.00	72730.94
82.10	130682.06	0.00	64644.24
82.20	136288.85	0.00	56289.18
82.30	141138.14	0.00	47706.26
82.40	145198.36	0.00	38937.03
82.50	148443.61	0.00	30023.92
82.60	150853.97	0.00	21009.89
82.70	152415.68	0.00	11938.26
82.80	153121.33	0.00	2852.38
82.90	152969.92	0.00	-6204.64
83.00	152105.80	0.00	-15190.17
83.10	150717.21	0.00	-24062.34
83.20	148810.41	0.00	-32780.29
83.30	146391.33	0.00	-41304.38
83.40	143466.28	0.00	-49596.40
83.50	140042.08	0.00	-57619.76
83.60	136126.04	0.00	-65339.61
83.70	131726.10	0.00	-72722.96
83.80	126850.93	0.00	-79738.77
83.90	121510.02	0.00	-86357.99
84.00	115713.86	0.00	-92553.58
84.10	109474.09	0.00	-98300.52
84.20	102803.69	0.00	-103575.73
84.30	95717.19	0.00	-108358.05
84.40	88230.89	0.00	-112628.20
84.50	80363.04	0.00	-116368.65
84.60	72134.18	0.00	-119563.62
84.70	63567.29	0.00	-122198.95
84.80	54688.07	0.00	-124262.11
84.90	45525.20	0.00	-125742.17
85.00	36110.52	0.00	-126629.77
85.10	26479.23	0.00	-126917.19
85.20	16670.10	0.00	-126598.42
85.30	6725.50	0.00	-125669.26
85.40	-3308.45	0.00	-124127.47
85.50	-13381.96	0.00	-121972.99
85.60	-23441.61	0.00	-119208.12
85.70	-33430.52	0.00	-115837.79
85.80	-43288.64	0.00	-111869.87
85.90	-52953.10	0.00	-107315.40
86.00	-62358.67	0.00	-102188.94
86.10	-71438.37	0.00	-96508.85
86.20	-80124.12	0.00	-90297.52
86.30	-88347.55	0.00	-83581.70
86.40	-96040.85	0.00	-76392.61
86.50	-103137.74	0.00	-68766.17
86.60	-109574.48	0.00	-60743.01
86.70	-115290.93	0.00	-52368.52
86.80	-120231.62	0.00	-43692.77
86.90	-124346.81	0.00	-34770.28
87.00	-127593.56	0.00	-25659.82
87.10	-129936.66	0.00	-16423.99
87.20	-131349.56	0.00	-7128.74
87.30	-131815.09	0.00	2157.19
87.40	-131326.11	0.00	11362.95
87.50	-129885.99	0.00	20416.32
87.60	-127508.85	0.00	29244.57
87.70	-124312.65	0.00	37775.33
87.80	-120446.56	0.00	45937.56
87.90	-115935.21	0.00	53662.46
88.00	-110808.43	0.00	60884.52
88.10	-105102.05	0.00	67542.43
88.20	-98857.96	0.00	73580.09
88.30	-92123.95	0.00	78947.40
88.40	-84953.60	0.00	83601.19
88.50	-77405.86	0.00	87505.86
88.60	-69544.67	0.00	90634.08
88.70	-61438.31	0.00	92967.24
88.80	-53158.72	0.00	94495.83
88.90	-44780.59	0.00	95219.70
89.00	-36380.48	0.00	95148.10
89.10	-28035.70	0.00	94299.59
89.20	-19823.22	0.00	92701.83
89.30	-11818.47	0.00	90391.16
89.40	-4094.16	0.00	87412.08
89.50	3280.89	0.00	83816.53
89.60	10242.96	0.00	79663.14
89.70	16734.43	0.00	75016.24
89.80	22704.81	0.00	69944.90
89.90	28111.55	0.00	64521.79
90.00	32920.74	0.00	58822.07
90.10	37107.64	0.00	52922.20
90.20	40656.98	0.00	46898.74
90.30	43563.10	0.00	40827.18
90.40	45829.90	0.00	34780.79
90.50	47470.52	0.00	28829.55
90.60	48506.91	0.00	23039.14
90.70	48969.17	0.00	17469.99
90.80	48894.79	0.00	12176.54
90.90	48327.65	0.00	7206.51
91.00	47317.02	0.00	2600.36
91.10	45916.42	0.00	-1609.06
91.20	44182.43	0.00	-5396.80
91.30	42173.52	0.00	-8745.92
91.40	39948.80	0.00	-11647.38
91.50	37566.90	0.00	-14099.89
91.60	35084.83	0.00	-16109.56
91.70	32556.98	0.00	-17689.42
91.80	30034.19	0.00	-18858.87
91.90	27562.93	0.00	-19642.93
92.00	25184.62	0.00	-20071.56
92.10	22935.11	0.00	-20178.73
92.20	20844.26	0.00	-20001.60
92.30	18935.69	0.00	-19579.58
92.40	17226.67	0.00	-18953.37
92.50	15728.17	0.00	-18164.10
92.60	14444.98	0.00	-17252.40
92.70	13376.05	0.00	-16257.54
92.80	12514.85	0.00	-15216.70
92.90	11849.92	0.00	-14164.23
93.00	11365.39	0.00	-13131.04
93.10	11041.73	0.00	-12144.08
93.20	10856.40	0.00	-11225.95
93.30	10784.65	0.00	-10394.60
93.40	10800.26	0.00	-9663.16
93.50	10876.37	0.00	-9039.90
93.60	10986.23	0.00	-8528.26
93.70	11103.92	0.00	-8127.07
93.80	11205.08	0.00	-7830.79
93.90	11267.53	0.00	-7629.93
94.00	11271.88	0.00	-7511.47
94.10	11203.04	0.00	-7459.45
94.20	11048.96	0.00	-7455.49
94.30	10800.83	0.00	-7479.52
94.40	10453.85	0.00	-7510.37
94.50	10007.28	0.00	-7526.50
94.60	9464.43	0.00	-7506.65
94.70	8832.53	0.00	-7430.50
94.80	8122.45	0.00	-7279.30
94.90	7348.44	0.00	-7036.44
95.00	6527.70	0.00	-6687.95
95.10	5679.91	0.00	-6222.97
95.20	4826.68	0.00	-5634.07
95.30	3991.04	0.00	-4917.52
95.40	3196.73	0.00	-4073.51
95.50	2467.64	0.00	-3106.18
95.60	1827.18	0.00	-2023.63
95.70	1297.59	0.00	-837.77
95.80	899.43	0.00	435.83
95.90	650.94	0.00	1778.31
96.00	567.59	0.00	3167.84
96.10	661.61	0.00	4580.08
96.20	941.64	0.00	5988.70
96.30	1412.43	0.00	7365.92
96.40	2074.64	0.00	8683.11
96.50	2924.75	0.00	9911.38
96.60	3955.01	0.00	11022.23
96.70	5153.60	0.00	11988.16
96.80	6504.71	0.00	12783.24
96.90	7988.85	0.00	13383.72
97.00	9583.17	0.00	13768.52
97.10	11261.86	0.00	13919.72
97.20	12996.65	0.00	13822.97
97.30	14757.24	0.00	13467.83
97.40	16511.95	0.00	12848.01
97.50	18228.21	0.00	11961.57
97.60	19873.19	0.00	10811.03
97.70	21414.38	0.00	9403.32
97.80	22820.16	0.00	7749.78
97.90	24060.37	0.00	5865.94
98.00	25106.80	0.00	3771.29
98.10	25933.73	0.00	1488.99
98.20	26518.31	0.00	-954.53
98.30	26840.99	0.00	-3530.03
98.40	26885.82	0.00	-6205.91
98.50	26640.74	0.00	-8948.76
98.60	26097.72	0.00	-11723.93
98.70	25252.96	0.00	-14496.10
98.80	24106.89	0.00	-17229.87
98.90	22664.21	0.00	-19890.33
99.00	20933.77	0.00	-22443.64
99.10	18928.44	0.00	-24857.55
99.20	16664.88	0.00	-27101.94
99.30	14163.33	0.00	-29149.23
99.40	11447.19	0.00	-30974.83
99.50	8542.74	0.00	-32557.46
99.60	5478.65	0.00	-33879.45
99.70	2285.52	0.00	-34926.92
99.80	-1004.53	0.00	-35689.95
99.90	-4358.47	0.00	-36162.63
100.00	-7742.81	0.00	-36343.06
100.10	-11124.15	0.00	-36233.25
100.20	-14469.68	0.00	-35838.98
100.30	-17747.67	0.00	-35169.59
100.40	-20927.94	0.00	-34237.69
100.50	-23982.33	0.00	-33058.87
100.60	-26884.99	0.00	-31651.28
100.70	-29612.79	0.00	-30035.25
100.80	-32145.55	0.00	-28232.88
100.90	-34466.27	0.00	-26267.55
101.00	-36561.23	0.00	-24163.48
101.10	-38420.08	0.00	-21945.29
101.20	-40035.83	0.00	-19637.53
101.30	-41404.79	0.00	-17264.31
101.40	-42526.39	0.00	-14848.84
101.50	-43403.03	0.00	-12413.13
101.60	-44039.79	0.00	-9977.66
101.70	-44444.18	0.00	-7561.14
101.80	-44625.74	0.00	-5180.26
101.90	-44595.75	0.00	-2849.59
102.00	-44369.58	0.00	-581.43
102.10	-43980.96	0.00	1614.15
102.20	-43447.26	0.00	3729.35
102.30	-42781.60	0.00	5758.54
102.40	-41996.64	0.00	7698.14
102.50	-41104.32	0.00	9546.43
102.60	-40115.65	0.00	11303.37
102.70	-39040.51	0.00	12970.31
102.80	-37887.55	0.00	14549.79
102.90	-36664.04	0.00	16045.19
103.00	-35375.89	0.00	17460.47
103.10	-34027.60	0.00	18799.89
103.20	-32622.37	0.00	20067.70
103.30	-31162.14	0.00	21267.91
103.40	-29647.77	0.00	22404.02
103.50	-28079.19	0.00	23478.85
103.60	-26455.63	0.00	24494.34
103.70	-24775.82	0.00	25451.45
103.80	-23038.27	0.00	26350.04
103.90	-21241.50	0.00	27188.92
104.00	-19384.31	0.00	27965.75
104.10	-17466.01	0.00	28677.23
104.20	-15486.69	0.00	29319.10
104.30	-13447.39	0.00	29886.38
104.40	-11350.29	0.00	30373.49
104.50	-9198.88	0.00	30774.50
104.60	-6998.01	0.00	31083.37
104.70	-4753.97	0.00	31294.21
104.80	-2474.48	0.00	31401.51
104.90	-168.65	0.00	31400.44
105.00	2153.13	0.00	31287.06
105.10	4479.35	0.00	31058.59
105.20	6797.57	0.00	30713.56
105.30	9094.65	0.00	30251.98
105.40	11357.06	0.00	29675.49
105.50	13571.13	0.00	28987.38
105.60	15723.41	0.00	28192.66
105.70	17800.98	0.00	27297.96
105.80	19791.77	0.00	26311.48
105.90	21684.87	0.00	25242.83
106.00	23470.82	0.00	24102.80
106.10	25141.86	0.00	22903.17
106.20	26692.15	0.00	21656.38
106.30	28117.88	0.00	20375.21
106.40	29417.42	0.00	19072.45
106.50	30591.31	0.00	17760.56
106.60	31642.24	0.00	16451.27
106.70	32574.97	0.00	15155.26
106.80	33396.09	0.00	13881.82
106.90	34113.86	0.00	12638.54
107.00	34737.86	0.00	11431.08
107.10	35278.70	0.00	10262.94
107.20	35747.57	0.00	9135.30
107.30	36155.87	0.00	8046.97
107.40	36514.78	0.00	6994.36
107.50	36834.78	0.00	5971.54
107.60	37125.26	0.00	4970.38
107.70	37394.10	0.00	3980.74
107.80	37647.29	0.00	2990.78
107.90	37893.45	0.00	1987.28
108.00	38148.10	0.00	956.02
108.10	38411.14	0.00	-117.75
108.20	38678.80	0.00	-1248.86
108.30	38944.48	0.00	-2451.73
108.40	39198.77	0.00	-3739.82
108.50	39429.55	0.00	-5125.20
108.60	39622.22	0.00	-6618.02
108.70	39759.89	0.00	-8226.09
108.80	39823.79	0.00	-9954.47
108.90	39793.63	0.00	-11805.16
109.00	39648.03	0.00	-13776.81
109.10	39365.08	0.00	-15864.53
109.20	38922.78	0.00	-18059.80
109.30	38299.67	0.00	-20350.44
109.40	37475.33	0.00	-22720.71
109.50	36430.95	0.00	-25151.47
109.60	35149.83	0.00	-27620.44
109.70	33617.94	0.00	-30102.54
109.80	31824.29	0.00	-32570.31
109.90	29761.37	0.00	-34994.38
110.00	27425.49	0.00	-37344.03
110.10	24817.00	0.00	-39587.75
110.20	21940.49	0.00	-41693.84
110.30	18804.85	0.00	-43631.03
110.40	15423.30	0.00	-45369.09
110.50	11813.31	0.00	-46879.38
110.60	7996.36	0.00	-48135.49
110.70	3997.74	0.00	-49113.66
110.80	-153.81	0.00	-49793.26
110.90	-4426.56	0.00	-50157.20
111.00	-8786.18	0.00	-50192.17
111.10	-13196.36	0.00	-49888.91
111.20	-17619.30	0.00	-49242.33
111.30	-22016.37	0.00	-48251.52
111.40	-26348.64	0.00	-46919.77
111.50	-30577.57	0.00	-45254.39
111.60	-34665.51	0.00	-43266.54
111.70	-38576.31	0.00	-40970.95
111.80	-42275.78	0.00	-38385.62
111.90	-45732.19	0.00	-35531.40
112.00	-48916.67	0.00	-32431.63
112.10	-51803.46	0.00	-29111.67
112.20	-54370.24	0.00	-25598.48
112.30	-56598.26	0.00	-21920.17
112.40	-58472.44	0.00	-18105.55
112.50	-59981.40	0.00	-14183.76
112.60	-61117.39	0.00	-10183.87
112.70	-61876.23	0.00	-6134.52
112.80	-62257.07	0.00	-2063.68
112.90	-62262.26	0.00	2001.64
113.00	-61903.08	0.00	6035.56
113.10	-61226.72	0.00	10013.51
113.20	-60248.76	0.00	13912.28
113.30	-58978.48	0.00	17710.09
113.40	-57425.99	0.00	21386.62
113.50	-55602.16	0.00	24922.98
113.60	-53518.41	0.00	28301.64
113.70	-51186.68	0.00	31506.40
113.80	-48619.38	0.00	34522.25
113.90	-45829.37	0.00	37335.38
114.00	-42829.98	0.00	39932.98
114.10	-39635.08	0.00	42303.29
114.20	-36259.09	0.00	44435.45
114.30	-32717.15	0.00	46319.51
114.40	-29025.15	0.00	47946.40
114.50	-25199.83	0.00	49307.98
114.60	-21258.90	0.00	50397.01
114.70	-17221.11	0.00	51207.28
114.80	-13106.27	0.00	51733.67
114.90	-8935.32	0.00	51972.25
115.00	-4730.31	0.00	51920.42
115.10	-514.36	0.00	51577.04
115.20	3688.42	0.00	50942.55
115.30	7853.05	0.00	50019.13
115.40	11953.83	0.00	48810.84
115.50	15964.59	0.00	47323.69
115.60	19858.87	0.00	45565.77
115.70	23610.26	0.00	43547.30
115.80	27192.67	0.00	41280.68
115.90	30580.67	0.00	38780.48
116.00	33749.84	0.00	36063.41
116.10	36677.12	0.00	33148.25
116.20	39341.15	0.00	30055.71
116.30	41722.62	0.00	26808.31
116.40	43804.61	0.00	23430.14
116.50	45572.83	0.00	19946.68
116.60	47015.90	0.00	16384.47
116.70	48125.59	0.00	12770.90
116.80	48896.91	0.00	9133.82
116.90	49328.26	0.00	5501.25
117.00	49421.50	0.00	1901.02
117.10	49181.86	0.00	-1639.54
117.20	48617.94	0.00	-5093.98
117.30	47741.54	0.00	-8437.05
117.40	46569.46	0.00	-11645.00
117.50	45140.61	0.00	-14695.88
117.60	43478.50	0.00	-17569.79
117.70	41602.03	0.00	-20249.12
117.80	39531.51	0.00	-22718.76
117.90	37288.43	0.00	-24966.18
118.00	34895.15	0.00	-26981.60
118.10	32374.67	0.00	-28758.03
118.20	29750.27	0.00	-30291.24
118.30	27045.27	0.00	-31579.79
118.40	24282.70	0.00	-32624.90
118.50	21485.03	0.00	-33430.33
118.60	18673.92	0.00	-34002.26
118.70	15869.91	0.00	-34349.02
118.80	13092.27	0.00	-34480.92
118.90	10358.74	0.00	-34409.96
119.00	7685.39	0.00	-34149.58
119.10	5086.48	0.00	-33714.33
119.20	2574.37	0.00	-33119.61
119.30	159.45	0.00	-32381.32
119.40	-2149.83	0.00	-31515.64
119.50	-4347.02	0.00	-30538.64
119.60	-6427.54	0.00	-29466.09
119.70	-8388.61	0.00	-28313.19
119.80	-10229.11	0.00	-27094.32
119.90	-11949.45	0.00	-25822.85
120.00	-13551.37	0.00	-24511.02
120.10	-15037.73	0.00	-23169.76
120.20	-16412.32	0.00	-21808.61
120.30	-17679.62	0.00	-20435.70
120.40	-18844.60	0.00	-19057.70
120.50	-19912.46	0.00	-17679.83
120.60	-20888.48	0.00	-16305.94
120.70	-21777.74	0.00	-14938.59
120.80	-22585.04	0.00	-13579.13
120.90	-23314.64	0.00	-12227.86
121.00	-23970.21	0.00	-10884.17
121.10	-24554.70	0.00	-9546.73
121.20	-25070.25	0.00	-8213.63
121.30	-25518.14	0.00	-6882.56
121.40	-25898.82	0.00	-5551.06
121.50	-26211.89	0.00	-4216.60
121.60	-26456.12	0.00	-2876.81
121.70	-26629.56	0.00	-1529.64
121.80	-26729.59	0.00	-173.45
121.90	-26753.28	0.00	1192.80
122.00	-26703.57	0.00	2569.50
122.10	-26579.63	0.00	3956.27
122.20	-26377.21	0.00	5351.94
122.30	-26091.93	0.00	6754.45
122.40	-25719.40	0.00	8160.92
122.50	-25255.39	0.00	9567.56
122.60	-24695.92	0.00	10969.76
122.70	-24037.39	0.00	12362.12
122.80	-23276.74	0.00	13738.49
122.90	-22411.50	0.00	15092.06
123.00	-21439.93	0.00	16415.45
123.10	-20361.06	0.00	17700.79
123.20	-19174.80	0.00	18939.82
123.30	-17881.99	0.00	20124.02
123.40	-16484.40	0.00	21244.71
123.50	-14984.83	0.00	22293.15
123.60	-13387.05	0.00	23260.67
123.70	-11695.88	0.00	24138.79
123.80	-9917.13	0.00	24919.28
123.90	-8057.60	0.00	25594.35
124.00	-6125.03	0.00	26156.63
124.10	-4128.11	0.00	26599.38
124.20	-2076.37	0.00	26916.49
124.30	19.86	0.00	27102.62
124.40	2149.48	0.00	27153.21
124.50	4300.78	0.00	27064.60
124.60	6461.44	0.00	26834.04
124.70	8618.67	0.00	26459.77
124.80	10759.31	0.00	25941.04
124.90	12869.92	0.00	25278.14
125.00	14936.87	0.00	24472.42
125.10	16946.53	0.00	23526.31
125.20	18885.29	0.00	22443.30
125.30	20739.77	0.00	21227.97
125.40	22496.88	0.00	19885.93
125.50	24143.96	0.00	18423.83
125.60	25668.92	0.00	16849.31
125.70	27060.35	0.00	15170.96
125.80	28307.63	0.00	13398.25
125.90	29401.03	0.00	11541.53
126.00	30331.83	0.00	9611.88
126.10	31092.43	0.00	7621.09
126.20	31676.42	0.00	5581.58
126.30	32078.65	0.00	3506.27
126.40	32295.33	0.00	1408.52
126.50	32328.69	0.00	-697.99
126.60	32187.24	0.00	-2799.33
126.70	31871.45	0.00	-4881.49
126.80	31382.68	0.00	-6930.44
126.90	30723.49	0.00	-8932.28
127.00	29897.60	0.00	-10873.34
127.10	28909.94	0.00	-12740.29
127.20	27766.63	0.00	-14520.31
127.30	26474.94	0.00	-16201.15
127.40	25043.28	0.00	-17771.28
127.50	23481.17	0.00	-19220.00
127.60	21799.17	0.00	-20537.55
127.70	20008.86	0.00	-21715.21
127.80	18122.70	0.00	-22745.42
127.90	16154.02	0.00	-23621.85
128.00	14116.86	0.00	-24339.47
128.10	12025.89	0.00	-24894.67
128.20	9896.30	0.00	-25285.26
128.30	7743.60	0.00	-25510.57
128.40	5583.54	0.00	-25571.43
128.50	3431.93	0.00	-25470.21
128.60	1304.44	0.00	-25210.81
128.70	-783.51	0.00	-24798.64
128.80	-2816.97	0.00	-24240.56
128.90	-4781.63	0.00	-23544.86
129.00	-6664.00	0.00	-22721.12
129.10	-8451.54	0.00	-21780.14
129.20	-10132.89	0.00	-20733.84
129.30	-11697.94	0.00	-19595.06
129.40	-13138.05	0.00	-18377.48
129.50	-14446.09	0.00	-17095.39
129.60	-15616.59	0.00	-15763.52
129.70	-16645.79	0.00	-14396.89
129.80	-17531.69	0.00	-13010.53
129.90	-18274.07	0.00	-11619.36
130.00	-18874.49	0.00	-10237.90
130.10	-19336.24	0.00	-8880.16
130.20	-19664.27	0.00	-7559.33
130.30	-19865.12	0.00	-6287.70
130.40	-19946.75	0.00	-5076.42
130.50	-19918.44	0.00	-3935.35
130.60	-19790.60	0.00	-2872.94
130.70	-19574.55	0.00	-1896.10
130.80	-19282.36	0.00	-1010.11
130.90	-18926.59	0.00	-218.56
131.00	-18520.08	0.00	476.69
131.10	-18075.72	0.00	1075.51
131.20	-17606.19	0.00	1579.46
131.30	-17123.77	0.00	1991.77
131.40	-16640.11	0.00	2317.24
131.50	-16166.02	0.00	2562.09
131.60	-15711.44	0.00	2733.89
131.70	-15287.36	0.00	2841.34
131.80	-14901.63	0.00	2894.11
131.90	-14559.87	0.00	2902.66
132.00	-14266.22	0.00	2878.00
132.10	-14023.33	0.00	2831.48
132.20	-13832.29	0.00	2774.60
132.30	-13692.69	0.00	2718.74
132.40	-13602.62	0.00	2674.98
132.50	-13558.77	0.00	2653.89
132.60	-13556.51	0.00	2665.34
132.70	-13590.01	0.00	2718.33
132.80	-13652.40	0.00	2820.81
132.90	-13735.89	0.00	2979.61
133.00	-13831.99	0.00	3200.29
133.10	-13931.63	0.00	3487.11
133.20	-14025.40	0.00	3842.93
133.30	-14103.70	0.00	4269.26
133.40	-14156.96	0.00	4766.21
133.50	-14175.75	0.00	5332.57
133.60	-14151.01	0.00	5965.87
133.70	-14074.15	0.00	6662.44
133.80	-13937.20	0.00	7417.52
133.90	-13732.93	0.00	8225.40
134.00	-13454.90	0.00	9079.53
134.10	-13097.57	0.00	9972.66
134.20	-12656.33	0.00	10896.97
134.30	-12127.51	0.00	11844.24
134.40	-11508.42	0.00	12805.95
134.50	-10797.26	0.00	13773.43
134.60	-9993.18	0.00	14737.97
134.70	-9096.15	0.00	15690.93
134.80	-8106.93	0.00	16623.80
134.90	-7027.04	0.00	17528.30
135.00	-5858.62	0.00	18396.43
135.10	-4604.39	0.00	19220.48
135.20	-3267.59	0.00	19993.06
135.30	-1851.88	0.00	20707.09
135.40	-361.30	0.00	21355.82
135.50	1199.75	0.00	21932.73
135.60	2826.59	0.00	22431.56
135.70	4514.27	0.00	22846.23
135.80	6257.53	0.00	23170.79
135.90	8050.82	0.00	23399.38
136.00	9888.29	0.00	23526.19
136.10	11763.66	0.00	23545.43
136.20	13670.25	0.00	23451.28
136.30	15600.84	0.00	23237.90
136.40	17547.62	0.00	22899.44
136.50	19502.10	0.00	22430.08
136.60	21455.00	0.00	21824.07
136.70	23396.18	0.00	21075.80
136.80	25314.57	0.00	20179.93
136.90	27198.09	0.00	19131.48
137.00	29033.62	0.00	17926.01
137.10	30806.98	0.00	16559.77
137.20	32502.91	0.00	15029.89
137.30	34105.16	0.00	13334.58
137.40	35596.53	0.00	11473.35
137.50	36958.98	0.00	9447.21
137.60	38173.83	0.00	7258.88
137.70	39226.43	0.00	4912.99
137.80	40113.22	0.00	2416.30
137.90	40817.37	0.00	-222.19
138.00	41320.77	0.00	-2991.03
138.10	41605.50	0.00	-5876.28
138.20	41654.14	0.00	-8861.41
138.30	41450.10	0.00	-11927.30
138.40	40977.95	0.00	-15052.23
138.50	40223.82	0.00	-18212.04
138.60	39175.73	0.00	-21380.20
138.70	37823.99	0.00	-24528.05
138.80	36161.56	0.00	-27625.06
138.90	34184.44	0.00	-30639.12
139.00	31891.93	0.00	-33536.94
139.10	29287.02	0.00	-36284.43
139.20	26376.60	0.00	-38847.21
139.30	23171.65	0.00	-41191.09
139.40	19687.48	0.00	-43282.56
139.50	15943.71	0.00	-45089.41
139.60	11964.35	0.00	-46581.22
139.70	7777.73	0.00	-47729.95
139.80	3416.31	0.00	-48510.48
139.90	-1083.54	0.00	-48901.10
140.00	-5681.87	0.00	-48884.01
140.10	-10335.57	0.00	-48445.74
140.20	-14998.85	0.00	-47577.55
140.30	-19623.87	0.00	-46275.68
140.40	-24161.35	0.00	-44541.63
140.50	-28561.31	0.00	-42382.30
140.60	-32773.80	0.00	-39810.03
140.70	-36749.69	0.00	-36842.58
140.80	-40441.52	0.00	-33502.99
140.90	-43804.24	0.00	-29819.40
141.00	-46796.03	0.00	-25824.69
141.10	-49379.05	0.00	-21556.14
141.20	-51520.08	0.00	-17054.92
141.30	-53191.18	0.00	-12365.57
141.40	-54370.19	0.00	-7535.38
141.50	-55041.11	0.00	-2613.72
141.60	-55194.46	0.00	2348.60
141.70	-54827.40	0.00	7300.09
141.80	-53958.56	0.00	12189.33
141.90	-52622.65	0.00	16965.62
142.00	-50833.61	0.00	21579.78
142.10	-48609.78	0.00	25984.76
142.20	-45974.15	0.00	30136.31
142.30	-42954.00	0.00	33993.56
142.40	-39580.62	0.00	37519.53
142.50	-35888.86	0.00	40681.59
142.60	-31916.69	0.00	43451.79
142.70	-27704.68	0.00	45807.17
142.80	-23295.50	0.00	47729.95
142.90	-18733.37	0.00	49207.59
143.00	-14063.46	0.00	50232.84
143.10	-9331.37	0.00	50803.63
143.20	-4582.49	0.00	50922.95
143.30	138.49	0.00	50598.57
143.40	4788.14	0.00	49842.75
143.50	9324.79	0.00	48671.92
143.60	13708.99	0.00	47106.20
143.70	17903.88	0.00	45169.01
143.80	21875.60	0.00	42886.59
143.90	25593.50	0.00	40287.48
144.00	29030.43	0.00	37402.08
144.10	32162.84	0.00	34262.14
144.20	34970.92	0.00	30900.27
144.30	37438.57	0.00	27349.58
144.40	39553.40	0.00	23643.17
144.50	41306.61	0.00	19813.88
144.60	42692.88	0.00	15893.86
144.70	43710.15	0.00	11914.39
144.80	44359.45	0.00	7905.58
144.90	44644.60	0.00	3896.27
145.00	44572.01	0.00	-86.17
145.10	44164.74	0.00	-4015.84
145.20	43445.68	0.00	-7868.43
145.30	42425.72	0.00	-11621.16
145.40	41116.61	0.00	-15252.78
145.50	39530.79	0.00	-18743.52
145.60	37681.34	0.00	-22075.02
145.70	35581.84	0.00	-25230.24
145.80	33246.43	0.00	-28193.37
145.90	30689.73	0.00	-30949.79
146.00	27926.92	0.00	-33485.96
146.10	24973.75	0.00	-35789.35
146.20	21846.63	0.00	-37848.45
146.30	18562.69	0.00	-39652.71
146.40	15139.85	0.00	-41192.53
146.50	11596.94	0.00	-42459.34
146.60	7953.73	0.00	-43445.59
146.70	4230.96	0.00	-44144.83
146.80	450.46	0.00	-44551.86
146.90	-3364.94	0.00	-44662.74
147.00	-7191.39	0.00	-44475.01
147.10	-11004.07	0.00	-43987.73
147.20	-14777.30	0.00	-43201.70
147.30	-18484.69	0.00	-42119.53
147.40	-22099.29	0.00	-40745.77
147.50	-25593.80	0.00	-39087.06
147.60	-28940.85	0.00	-37152.21
147.70	-32113.23	0.00	-34952.26
147.80	-35084.23	0.00	-32500.52
147.90	-37827.98	0.00	-29812.62
148.00	-40319.77	0.00	-26906.47
148.10	-42536.39	0.00	-23802.21
148.20	-44456.53	0.00	-20522.11
148.30	-46061.09	0.00	-17090.45
148.40	-47333.54	0.00	-13533.34
148.50	-48260.19	0.00	-9878.53
148.60	-48842.08	0.00	-6155.15
148.70	-49093.17	0.00	-2393.44
148.80	-49010.41	0.00	1375.53
148.90	-48593.12	0.00	5120.24
149.00	-47843.47	0.00	8809.03
149.10	-46766.56	0.00	12410.48
149.20	-45370.46	0.00	15893.75
149.30	-43666.21	0.00	19229.05
149.40	-41667.80	0.00	22387.90
149.50	-39392.11	0.00	25343.59
149.60	-36858.77	0.00	28071.47
149.70	-34090.06	0.00	30549.34
149.80	-31110.68	0.00	32757.70
149.90	-27947.57	0.00	34680.06
150.00	-24629.61	0.00	36303.16
150.10	-21187.36	0.00	37617.19
150.20	-17652.68	0.00	38615.92
150.30	-14058.38	0.00	39296.81
150.40	-10437.83	0.00	39661.08
150.50	-6824.56	0.00	39713.67
150.60	-3251.80	0.00	39463.26
150.70	247.97	0.00	38922.12
150.80	3643.41	0.00	38105.95
150.90	6904.82	0.00	37033.71
151.00	10004.53	0.00	35727.36
151.10	12917.33	0.00	34211.54
151.20	15620.81	0.00	32513.27
151.30	18095.74	0.00	30661.54
151.40	20326.37	0.00	28686.95
151.50	22300.64	0.00	26621.22
151.60	24010.39	0.00	24496.78
151.70	25451.53	0.00	22346.32
151.80	26624.06	0.00	20202.24
151.90	27532.10	0.00	18096.24
152.00	28183.83	0.00	16058.82
152.10	28591.37	0.00	14118.83
152.20	28770.57	0.00	12303.02
152.30	28740.76	0.00	10635.59
152.40	28524.46	0.00	9137.85
152.50	28147.00	0.00	7827.85
152.60	27636.08	0.00	6720.02
152.70	27021.37	0.00	5824.99
152.80	26333.97	0.00	5149.29
152.90	25605.89	0.00	4695.23
153.00	24869.54	0.00	4460.80
153.10	24157.16	0.00	4439.63
153.20	23500.24	0.00	4620.96
153.30	22928.98	0.00	4989.83
153.40	22471.73	0.00	5527.10
153.50	22154.49	0.00	6209.78
153.60	22000.34	0.00	7011.24
153.70	22029.02	0.00	7901.57
153.80	22259.10	0.00	8848.00
153.90	22706.59	0.00	9815.30
154.00	23379.27	0.00	10766.34
154.10	24280.35	0.00	11662.60
154.20	25408.29	0.00	12464.75
154.30	26756.74	0.00	13133.31
154.40	28314.43	0.00	13629.24
154.50	30065.18	0.00	13914.61
154.60	31988.03	0.00	13953.24
154.70	34057.38	0.00	13711.39
154.80	36243.19	0.00	13158.34
154.90	38511.36	0.00	12267.06
155.00	40824.00	0.00	11014.72
155.10	43139.95	0.00	9383.30
155.20	45415.20	0.00	7359.98
155.30	47603.47	0.00	4937.62
155.40	49656.76	0.00	2115.06
155.50	51525.96	0.00	-1102.60
155.60	53161.49	0.00	-4703.82
155.70	54514.01	0.00	-8670.58
155.80	55535.05	0.00	-12978.32
155.90	56177.72	0.00	-17596.13
156.00	56397.43	0.00	-22486.89
156.10	56152.56	0.00	-27607.64
156.20	55405.15	0.00	-32909.94
156.30	54121.61	0.00	-38340.39
156.40	52273.31	0.00	-43841.23
156.50	49837.28	0.00	-49350.98
156.60	46796.74	0.00	-54805.20
156.70	43141.66	0.00	-60137.30
156.80	38869.29	0.00	-65279.39
156.90	33984.51	0.00	-70163.16
157.00	28500.26	0.00	-74720.86
157.10	22437.74	0.00	-78886.17
157.20	15826.60	0.00	-82595.20
157.30	8705.00	0.00	-85787.38
157.40	1119.52	0.00	-88406.37
157.50	-6875.01	0.00	-90400.92
157.60	-15215.88	0.00	-91725.68
157.70	-23832.96	0.00	-92341.89
157.80	-32649.33	0.00	-92218.08
157.90	-41582.10	0.00	-91330.59
158.00	-50543.25	0.00	-89664.05
158.10	-59440.79	0.00	-87211.74
158.20	-68179.84	0.00	-83975.79
158.30	-76664.00	0.00	-79967.29
158.40	-84796.67	0.00	-75206.34
158.50	-92482.54	0.00	-69721.83
158.60	-99628.99	0.00	-63551.25
158.70	-106147.65	0.00	-56740.28
158.80	-111955.77	0.00	-49342.32
158.90	-116977.69	0.00	-41417.85
159.00	-121146.07	0.00	-33033.78
159.10	-124403.10	0.00	-24262.62
159.20	-126704.14	0.00	-15181.64
159.30	-128154.63	0.00	-5871.94
159.40	-128814.81	0.00	3582.56
159.50	-128673.16	0.00	13096.11
159.60	-127724.29	0.00	22582.19
159.70	-125969.03	0.00	31954.55
159.80	-123414.46	0.00	41128.22
159.90	-120073.89	0.00	50020.58
160.00	-115966.91	0.00	58552.26
160.10	-111119.29	0.00	66648.11
160.20	-105562.92	0.00	74238.05
160.30	-99335.74	0.00	81257.81
160.40	-92481.49	0.00	87649.65
160.50	-85049.55	0.00	93362.95
160.60	-77094.58	0.00	98354.68
160.70	-68676.20	0.00	102589.80
160.80	-59858.50	0.00	106041.53
160.90	-50709.53	0.00	108691.49
161.00	-41300.66	0.00	110529.78
161.10	-31705.96	0.00	111554.89
161.20	-22001.35	0.00	111773.53
161.30	-12263.89	0.00	111200.41
161.40	-2570.84	0.00	109857.80
161.50	7001.19	0.00	107775.14
161.60	16377.18	0.00	104988.51
161.70	25484.56	0.00	101540.01
161.80	34254.15	0.00	97477.12
161.90	42621.00	0.00	92852.01
162.00	50525.17	0.00	87720.80
162.10	57912.46	0.00	82142.79
162.20	64735.07	0.00	76179.69
162.30	70952.09	0.00	69894.85
162.40	76529.99	0.00	63352.47
162.50	81442.86	0.00	56616.85
162.60	85672.62	0.00	49751.63
162.70	89209.07	0.00	42819.13
162.80	92049.78	0.00	35879.66
162.90	94199.93	0.00	28990.90
163.00	95671.97	0.00	22207.35
163.10	96485.19	0.00	15579.82
163.20	96665.18	0.00	9155.01
163.30	96243.24	0.00	2975.09
163.40	95255.68	0.00	-2922.53
163.50	93743.11	0.00	-8505.51
163.60	91749.61	0.00	-13746.69
163.70	89321.97	0.00	-18624.20
163.80	86508.87	0.00	-23121.45
163.90	83405.83	0.00	-27227.11
164.00	80109.44	0.00	-30934.96
164.10	76657.66	0.00	-34243.72
164.20	73086.96	0.00	-37156.80
164.30	69432.07	0.00	-39681.99
164.40	65725.65	0.00	-41831.12
164.50	61998.02	0.00	-43619.67
164.60	58276.94	0.00	-45066.34
164.70	54587.36	0.00	-46192.56
164.80	50951.23	0.00	-47022.06
164.90	47387.44	0.00	-47580.34
165.00	43911.65	0.00	-47894.17
165.10	40536.31	0.00	-47991.10
165.20	37270.62	0.00	-47898.97
165.30	34120.61	0.00	-47645.42
165.40	31089.23	0.00	-47257.46
165.50	28176.50	0.00	-46761.03
165.60	25379.68	0.00	-46180.62
165.70	22693.55	0.00	-45538.92
165.80	20110.61	0.00	-44856.52
165.90	17621.46	0.00	-44151.64
166.00	15215.03	0.00	-43439.98
166.10	12879.03	0.00	-42734.50
166.20	10600.21	0.00	-42045.35
166.30	8364.81	0.00	-41379.85
166.40	6158.89	0.00	-40742.43
166.50	3968.72	0.00	-40134.77
166.60	1781.11	0.00	-39555.85
166.70	-416.23	0.00	-39002.08
166.80	-2634.35	0.00	-38467.56
166.90	-4882.82	0.00	-37944.25
167.00	-7169.40	0.00	-37422.23
167.10	-9499.86	0.00	-36890.02
167.20	-11877.77	0.00	-36334.86
167.30	-14304.33	0.00	-35743.05
167.40	-16778.31	0.00	-35100.28
167.50	-19295.95	0.00	-34391.97
167.60	-21850.92	0.00	-33603.62
167.70	-24434.42	0.00	-32721.16
167.80	-27035.18	0.00	-31731.27
167.90	-29639.64	0.00	-30621.69
168.00	-32232.07	0.00	-29381.55
168.10	-34794.83	0.00	-28001.60
168.20	-37308.54	0.00	-26474.50
168.30	-39752.45	0.00	-24795.01
168.40	-42104.71	0.00	-22960.16
168.50	-44342.72	0.00	-20969.46
168.60	-46443.51	0.00	-18824.91
168.70	-48384.13	0.00	-16531.15
168.80	-50142.02	0.00	-14095.41
168.90	-51695.45	0.00	-11527.53
169.00	-53023.90	0.00	-8839.88
169.10	-54108.43	0.00	-6047.23
169.20	-54932.07	0.00	-3166.61
169.30	-55480.17	0.00	-217.10
169.40	-55740.68	0.00	2780.38
169.50	-55704.45	0.00	5803.36
169.60	-55365.43	0.00	8828.12
169.70	-54727.11	0.00	11830.02
169.80	-53820.57	0.00	14783.80
169.90	-52651.90	0.00	17664.03
170.00	-51225.58	0.00	20445.40
170.10	-49548.78	0.00	23103.12
170.20	-47631.34	0.00	25613.30
170.30	-45485.70	0.00	27953.30
170.40	-43126.79	0.00	30102.06
170.50	-40571.93	0.00	32040.43
170.60	-37840.57	0.00	33751.46
170.70	-34954.17	0.00	35220.63
170.80	-31935.89	0.00	36436.10
170.90	-28810.32	0.00	37388.84
171.00	-25603.21	0.00	38072.82
171.10	-22341.11	0.00	38485.01
171.20	-19051.07	0.00	38625.46
171.30	-15760.26	0.00	38497.29
171.40	-12495.65	0.00	38106.58
171.50	-9283.62	0.00	37462.33
171.60	-6149.67	0.00	36576.22
171.70	-3118.06	0.00	35462.50
171.80	-211.50	0.00	34137.72
171.90	2549.09	0.00	32620.48
172.00	5144.87	0.00	30931.17
172.10	7559.27	0.00	29091.67
172.20	9778.20	0.00	27125.00
172.30	11790.14	0.00	25055.06
172.40	13586.28	0.00	22906.26
172.50	15160.55	0.00	20703.25
172.60	16509.66	0.00	18470.54
172.70	17633.05	0.00	16232.29
172.80	18532.84	0.00	14011.93
172.90	19213.74	0.00	11831.97
173.00	19682.88	0.00	9713.72
173.10	19949.70	0.00	7677.06
173.20	20025.76	0.00	5740.26
173.30	19924.47	0.00	3919.81
173.40	19660.96	0.00	2230.25
173.50	19251.74	0.00	684.05
173.60	18714.54	0.00	-708.45
173.70	18067.99	0.00	-1939.15
173.80	17331.39	0.00	-3002.23
173.90	16524.42	0.00	-3894.13
174.00	15666.91	0.00	-4613.60
174.10	14778.56	0.00	-5161.64
174.20	13878.69	0.00	-5541.42
174.30	12986.00	0.00	-5758.28
174.40	12118.34	0.00	-5819.55
174.50	11292.48	0.00	-5734.48
174.60	10523.92	0.00	-5514.07
174.70	9826.67	0.00	-5170.92
174.80	9213.12	0.00	-4719.06
174.90	8693.85	0.00	-4173.70
175.00	8277.52	0.00	-3551.08
175.10	7970.79	0.00	-2868.18
175.20	7778.18	0.00	-2142.50
175.30	7702.08	0.00	-1391.82
175.40	7742.70	0.00	-633.90
175.50	7898.11	0.00	113.74
175.60	8164.23	0.00	834.10
175.70	8534.96	0.00	1510.96
175.80	9002.26	0.00	2129.13
175.90	9556.30	0.00	2674.67
176.00	10185.60	0.00	3135.09
176.10	10877.27	0.00	3499.59
176.20	11617.20	0.00	3759.16
176.30	12390.32	0.00	3906.76
176.40	13180.85	0.00	3937.42
176.50	13972.58	0.00	3848.29
176.60	14749.16	0.00	3638.67
176.70	15494.38	0.00	3310.00
176.80	16192.45	0.00	2865.84
176.90	16828.79	0.00	2311.76
177.00	17392.33	0.00	1655.23
177.10	17870.96	0.00	905.47
177.20	18253.50	0.00	73.26
177.30	18530.30	0.00	-829.23
177.40	18693.35	0.00	-1788.72
177.50	18736.43	0.00	-2791.04
177.60	18655.19	0.00	-3821.36
177.70	18447.16	0.00	-4864.49
177.80	18111.79	0.00	-5905.16
177.90	17650.40	0.00	-6928.19
178.00	17066.17	0.00	-7918.87
178.10	16363.99	0.00	-8863.06
178.20	15550.44	0.00	-9747.53
178.30	14633.55	0.00	-10560.08
178.40	13622.72	0.00	-11289.72
178.50	12528.53	0.00	-11926.85
178.60	11362.53	0.00	-12463.35
178.70	10137.06	0.00	-12892.67
178.80	8865.02	0.00	-13209.89
178.90	7559.72	0.00	-13411.75
179.00	6234.61	0.00	-13496.64
179.10	4903.11	0.00	-13464.57
179.20	3578.42	0.00	-13317.12
179.30	2273.35	0.00	-13057.36
179.40	1000.11	0.00	-12689.76
179.50	-229.79	0.00	-12220.04
179.60	-1405.69	0.00	-11655.10
179.70	-2517.92	0.00	-11002.81
179.80	-3557.83	0.00	-10271.90
179.90	-4517.92	0.00	-9471.81
180.00	-5391.87	0.00	-8612.50
180.10	-6174.55	0.00	-7704.33
180.20	-6862.03	0.00	-6757.89
180.30	-7451.60	0.00	-5783.83
180.40	-7941.69	0.00	-4792.80
180.50	-8331.86	0.00	-3795.25
180.60	-8622.74	0.00	-2801.33
180.70	-8815.91	0.00	-1820.84
180.80	-8913.88	0.00	-863.08
180.90	-8919.95	0.00	63.17
181.00	-8838.14	0.00	949.73
181.10	-8673.07	0.00	1789.04
181.20	-8429.91	0.00	2574.19
181.30	-8114.21	0.00	3298.94
181.40	-7731.86	0.00	3957.70
181.50	-7289.02	0.00	4545.51
181.60	-6792.00	0.00	5058.04
181.70	-6247.22	0.00	5491.52
181.80	-5661.16	0.00	5842.71
181.90	-5040.30	0.00	6108.89
182.00	-4391.13	0.00	6287.77
182.10	-3720.08	0.00	6377.45
182.20	-3033.56	0.00	6376.41
182.30	-2337.94	0.00	6283.45
182.40	-1639.58	0.00	6097.65
182.50	-944.86	0.00	5818.38
182.60	-260.19	0.00	5445.26
182.70	407.94	0.00	4978.18
182.80	1052.93	0.00	4417.32
182.90	1668.02	0.00	3763.14
183.00	2246.26	0.00	3016.47
183.10	2780.51	0.00	2178.52
183.20	3263.39	0.00	1250.96
183.30	3687.27	0.00	235.99
183.40	4044.30	0.00	-863.59
183.50	4326.41	0.00	-2044.31
183.60	4525.32	0.00	-3301.89
183.70	4632.66	0.00	-4631.23
183.80	4639.96	0.00	-6026.24
183.90	4538.80	0.00	-7479.86
184.00	4320.87	0.00	-8983.90
184.10	3978.11	0.00	-10529.04
184.20	3502.85	0.00	-12104.78
184.30	2887.95	0.00	-13699.38
184.40	2126.96	0.00	-15299.90
184.50	1214.35	0.00	-16892.18
184.60	145.58	0.00	-18460.91
184.70	-1082.59	0.00	-19989.67
184.80	-2471.99	0.00	-21461.03
184.90	-4022.85	0.00	-22856.66
185.00	-5733.60	0.00	-24157.49
185.10	-7600.70	0.00	-25343.85
185.20	-9618.50	0.00	-26395.70
185.30	-11779.13	0.00	-27292.80
185.40	-14072.32	0.00	-28014.99
185.50	-16485.40	0.00	-28542.42
185.60	-19003.19	0.00	-28855.83
185.70	-21608.00	0.00	-28936.83
185.80	-24279.66	0.00	-28768.21
185.90	-26995.58	0.00	-28334.20
186.00	-29730.84	0.00	-27620.81
186.10	-32458.38	0.00	-26616.10
186.20	-35156.94	0.00	-25310.46
186.30	-37806.33	0.00	-23696.91
186.40	-40378.33	0.00	-21771.31
186.50	-42843.68	0.00	-19532.60
186.60	-45172.39	0.00	-16983.02
186.70	-47334.00	0.00	-14128.24
186.80	-49297.87	0.00	-10977.49
186.90	-51033.52	0.00	-7543.65
187.00	-52510.93	0.00	-3843.27
187.10	-53700.94	0.00	103.44
187.20	-54575.54	0.00	4272.68
187.30	-55108.25	0.00	8637.19
187.40	-55274.50	0.00	13166.41
187.50	-55051.96	0.00	17826.72
187.60	-54420.88	0.00	22581.72
187.70	-53364.49	0.00	27392.56
187.80	-51869.23	0.00	32218.30
187.90	-49925.14	0.00	37016.36
188.00	-47526.10	0.00	41742.92
188.10	-44670.09	0.00	46353.45
188.20	-41359.39	0.00	50803.17
188.30	-37600.78	0.00	55047.59
188.40	-33405.67	0.00	59043.00
188.50	-28790.17	0.00	62747.03
188.60	-23775.10	0.00	66119.11
188.70	-18386.00	0.00	69120.99
188.80	-12653.03	0.00	71717.17
188.90	-6610.78	0.00	73875.35
189.00	-298.11	0.00	75566.78
189.10	6242.18	0.00	76766.63
189.20	12963.66	0.00	77454.24
189.30	19816.66	0.00	77613.37
189.40	26748.76	0.00	77232.36
189.50	33705.25	0.00	76304.25
189.60	40629.71	0.00	74826.82
189.70	47464.55	0.00	72802.60
189.80	54151.67	0.00	70238.83
189.90	60633.02	0.00	67147.30
190.00	66851.27	0.00	63544.26
190.10	72750.44	0.00	59450.18
190.20	78276.49	0.00	54889.54
190.30	83377.94	0.00	49890.57
190.40	88006.44	0.00	44484.95
190.50	92117.30	0.00	38707.53
190.60	95669.97	0.00	32595.98
190.70	98628.48	0.00	26190.50
190.80	100961.84	0.00	19533.45
190.90	102651.71	0.00	12669.05
191.00	103783.42	0.00	5643.02
191.10	104379.59	0.00	-1497.73
191.20	104432.17	0.00	-8705.42
191.30	103935.47	0.00	-15931.75
191.40	102886.24	0.00	-23128.17
191.50	101283.66	0.00	-30246.25
191.60	99129.46	0.00	-37237.92
191.70	96427.93	0.00	-44055.82
191.80	93186.09	0.00	-50653.59
191.90	89413.79	0.00	-56986.15
192.00	85123.85	0.00	-63010.05
192.10	80332.23	0.00	-68683.71
192.20	75058.14	0.00	-73967.77
192.30	69324.18	0.00	-78825.36
192.40	63156.45	0.00	-83222.39
192.50	56584.63	0.00	-87127.86
192.60	49642.00	0.00	-90514.11
192.70	42365.43	0.00	-93357.07
192.80	34795.32	0.00	-95636.56
192.90	26975.47	0.00	-97336.43
193.00	18952.82	0.00	-98444.81
193.10	10777.28	0.00	-98954.24
193.20	2501.28	0.00	-98861.79
193.30	-5820.57	0.00	-98169.11
193.40	-14131.99	0.00	-96882.52
193.50	-22375.57	0.00	-95012.92
193.60	-30493.35	0.00	-92575.75
193.70	-38427.45	0.00	-89590.85
193.80	-46120.71	0.00	-86082.30
193.90	-53517.41	0.00	-82078.13
194.00	-60563.89	0.00	-77610.12
194.10	-67209.24	0.00	-72713.40
194.20	-73405.93	0.00	-67426.10
194.30	-79110.38	0.00	-61788.98
194.40	-84283.51	0.00	-55844.93
194.50	-88891.19	0.00	-49638.58
194.60	-92904.66	0.00	-43215.78
194.70	-96300.76	0.00	-36623.15
194.80	-99062.24	0.00	-29907.60
194.90	-101177.80	0.00	-23115.87
195.00	-102642.13	0.00	-16294.06
195.10	-103455.87	0.00	-9487.25
195.20	-103625.41	0.00	-2739.06
195.30	-103162.70	0.00	3908.67
195.40	-102086.22	0.00	10416.23
195.50	-100505.70	0.00	16746.28
195.60	-98494.69	0.00	22864.12
195.70	-96073.66	0.00	28737.85
195.80	-93264.26	0.00	34338.51
195.90	-90089.12	0.00	39640.23
196.00	-86571.72	0.00	44620.19
196.10	-82736.24	0.00	49258.74
196.20	-78607.42	0.00	53539.31
196.30	-74210.49	0.00	57448.40
196.40	-69571.03	0.00	60975.47
196.50	-64714.93	0.00	64112.90
196.60	-59668.24	0.00	66855.81
196.70	-54457.20	0.00	69201.95
196.80	-49108.06	0.00	71151.59
196.90	-43647.11	0.00	72707.31
197.00	-38100.54	0.00	73873.93
197.10	-32494.42	0.00	74658.26
197.20	-26854.58	0.00	75069.03
197.30	-21206.59	0.00	75116.69
197.40	-15575.60	0.00	74813.28
197.50	-9986.32	0.00	74172.29
197.60	-4462.85	0.00	73208.50
197.70	971.37	0.00	71937.87
197.80	6293.72	0.00	70377.36
197.90	11482.52	0.00	68544.85
198.00	16517.10	0.00	66458.97
198.10	21378.00	0.00	64138.95
198.20	26047.05	0.00	61604.52
198.30	30507.50	0.00	58875.76
198.40	34744.13	0.00	55972.93
198.50	38743.35	0.00	52916.37
198.60	42493.31	0.00	49726.30
198.70	45983.95	0.00	46422.73
198.80	49207.03	0.00	43025.24
198.90	52156.22	0.00	39552.89
199.00	54827.03	0.00	36024.05
199.10	57216.84	0.00	32456.26
199.20	59324.83	0.00	28866.07
199.30	61151.89	0.00	25268.96
199.40	62700.52	0.00	21679.19
199.50	63974.73	0.00	18109.75
199.60	64979.82	0.00	14572.21
199.70	65722.26	0.00	11076.75
199.80	66209.48	0.00	7632.07
199.90	66449.63	0.00	4245.40
200.00	66451.43	0.00	922.54
200.10	66223.88	0.00	-2332.10
200.20	65776.10	0.00	-5515.41
200.30	65118.33	0.00	-8625.46
200.40	64297.68	0.00	-11661.41
200.50	63338.77	0.00	-14623.26
200.60	62246.31	0.00	-17511.73
200.70	61023.75	0.00	-20328.02
200.80	59673.27	0.00	-23073.59
200.90	58195.76	0.00	-25749.92
201.00	56590.84	0.00	-28358.29
201.10	54856.95	0.00	-30899.51
201.20	52991.46	0.00	-33373.71
201.30	50990.76	0.00	-35780.11
201.40	48850.51	0.00	-38116.83
201.50	46565.79	0.00	-40380.72
201.60	44131.39	0.00	-42567.23
201.70	41542.07	0.00	-44670.28
201.80	38792.84	0.00	-46682.23
201.90	35879.27	0.00	-48593.85
202.00	32797.84	0.00	-50394.38
202.10	29546.24	0.00	-52071.56
202.20	26123.68	0.00	-53611.84
202.30	22531.21	0.00	-55000.49
202.40	18771.97	0.00	-56221.86
202.50	14851.47	0.00	-57259.62
202.60	10777.77	0.00	-58097.10
202.70	6561.67	0.00	-58717.58
202.80	2216.81	0.00	-59104.63
202.90	-2240.31	0.00	-59242.52
203.00	-6790.28	0.00	-59116.53
203.10	-11410.89	0.00	-58713.34
203.20	-16077.28	0.00	-58021.37
203.30	-20762.11	0.00	-57031.09
203.40	-25435.86	0.00	-55735.34
203.50	-30067.12	0.00	-54129.54
203.60	-34623.01	0.00	-52211.95
203.70	-39069.56	0.00	-49983.77
203.80	-43372.21	0.00	-47449.32
203.90	-47496.25	0.00	-44615.99
204.00	-51407.36	0.00	-41494.32
204.10	-55072.10	0.00	-38097.88
204.20	-58458.39	0.00	-34443.18
204.30	-61536.03	0.00	-30549.47
204.40	-64277.09	0.00	-26438.52
204.50	-66656.37	0.00	-22134.40
204.60	-68651.72	0.00	-17663.14
204.70	-70244.38	0.00	-13052.42
204.80	-71419.18	0.00	-8331.24
204.90	-72164.72	0.00	-3529.59
205.00	-72473.49	0.00	1321.95
205.10	-72366.02	0.00	6192.52
205.20	-71889.19	0.00	11051.32
205.30	-71046.22	0.00	15867.94
205.40	-69841.19	0.00	20612.61
205.50	-68280.14	0.00	25256.51
205.60	-66370.91	0.00	29771.95
205.70	-64123.09	0.00	34132.59
205.80	-61547.82	0.00	38313.58
205.90	-58657.69	0.00	42291.69
206.00	-55466.63	0.00	46045.38
206.10	-51989.77	0.00	49554.86
206.20	-48243.40	0.00	52802.13
206.30	-44244.82	0.00	55770.95
206.40	-40012.31	0.00	58446.81
206.50	-35565.09	0.00	60816.93
206.60	-30923.25	0.00	62870.19
206.70	-26107.72	0.00	64597.05
206.80	-21140.29	0.00	65989.54
206.90	-16043.56	0.00	67041.14
207.00	-10840.94	0.00	67746.79
207.10	-5556.65	0.00	68102.82
207.20	-215.71	0.00	68106.88
207.30	5156.09	0.00	67758.01
207.40	10532.20	0.00	67056.54
207.50	15885.40	0.00	66004.15
207.60	21187.81	0.00	64603.85
207.70	26411.01	0.00	62860.04
207.80	31526.15	0.00	60778.53
207.90	36504.05	0.00	58366.56
208.00	41315.40	0.00	55632.87
208.10	45930.89	0.00	52587.68
208.20	50321.47	0.00	49242.82
208.30	54458.53	0.00	45611.66
208.40	58314.14	0.00	41709.18
208.50	61861.35	0.00	37551.96
208.60	65074.37	0.00	33158.15
208.70	67928.91	0.00	28547.47
208.80	70402.40	0.00	23741.14
208.90	72474.26	0.00	18761.84
209.00	74126.14	0.00	13633.61
209.10	75342.11	0.00	8381.75
209.20	76108.91	0.00	3032.72
209.30	76437.47	0.00	-2385.99
209.40	76376.61	0.00	-7845.99
209.50	75923.97	0.00	-13318.14
209.60	75075.55	0.00	-18772.72
209.70	73828.73	0.00	-24179.56
209.80	72182.36	0.00	-29508.18
209.90	70136.80	0.00	-34728.02
210.00	67694.00	0.00	-39808.50
210.10	64857.64	0.00	-44719.24
210.20	61633.16	0.00	-49430.17
210.30	58027.89	0.00	-53911.71
210.40	54051.15	0.00	-58134.85
210.50	49714.39	0.00	-62071.36
210.60	45031.26	0.00	-65693.85
210.70	40017.80	0.00	-68975.97
210.80	34692.48	0.00	-71892.50
210.90	29076.40	0.00	-74419.52
211.00	23193.31	0.00	-76534.53
211.10	17069.78	0.00	-78216.63
211.20	10735.23	0.00	-79446.68
211.30	4222.00	0.00	-80207.43
211.40	-2434.67	0.00	-80483.79
211.50	-9196.61	0.00	-80262.94
211.60	-16022.85	0.00	-79534.57
211.70	-22869.69	0.00	-78291.11
211.80	-29690.89	0.00	-76527.89
211.90	-36437.94	0.00	-74243.43
212.00	-43060.32	0.00	-71439.60
212.10	-49505.89	0.00	-68121.82
212.20	-55721.33	0.00	-64299.29
212.30	-61652.62	0.00	-59985.13
212.40	-67245.62	0.00	-55196.54
212.50	-72446.69	0.00	-49954.90
212.60	-77203.31	0.00	-44285.83
212.70	-81464.84	0.00	-38219.24
212.80	-85183.18	0.00	-31789.28
212.90	-88313.55	0.00	-25034.30
213.00	-90815.18	0.00	-17996.65
213.10	-92652.04	0.00	-10722.53
213.20	-93793.93	0.00	-3261.72
213.30	-94286.84	0.00	4332.77
213.40	-94164.28	0.00	12005.04
213.50	-93412.92	0.00	19696.81
213.60	-92023.23	0.00	27347.84
213.70	-89989.80	0.00	34896.52
213.80	-87311.62	0.00	42280.46
213.90	-83992.42	0.00	49437.09
214.00	-80040.91	0.00	56304.31
214.10	-75471.07	0.00	62821.18
214.20	-70302.36	0.00	68928.55
214.30	-64559.87	0.00	74569.79
214.40	-58274.47	0.00	79691.36
214.50	-51482.86	0.00	84243.52
214.60	-44227.51	0.00	88180.90
214.70	-36556.64	0.00	91463.06
214.80	-28523.95	0.00	94055.01
214.90	-20188.39	0.00	95927.64
215.00	-11613.75	0.00	97058.14
215.10	-2868.20	0.00	97430.29
215.20	5976.30	0.00	97034.75
215.30	14844.67	0.00	95869.18
215.40	23659.47	0.00	93938.33
215.50	32341.75	0.00	91254.10
215.60	40811.92	0.00	87835.40
215.70	48990.76	0.00	83708.05
215.80	56800.38	0.00	78904.52
215.90	64165.25	0.00	73463.64
216.00	71013.23	0.00	67430.19
216.10	77276.53	0.00	60854.54
216.20	82892.68	0.00	53792.08
216.30	87805.44	0.00	46302.68
216.40	91965.57	0.00	38450.15
216.50	95331.61	0.00	30301.53
216.60	97870.41	0.00	21926.49
216.70	99557.69	0.00	13396.59
216.80	100378.29	0.00	4784.65
216.90	100326.44	0.00	-3836.05
217.00	99470.97	0.00	-12392.38
217.10	97894.18	0.00	-20812.15
217.20	95609.78	0.00	-29024.70
217.30	92636.23	0.00	-36961.64
217.40	88996.73	0.00	-44557.44
217.50	84719.18	0.00	-51750.02
217.60	79836.04	0.00	-58481.32
217.70	74384.31	0.00	-64697.80
217.80	68405.36	0.00	-70350.90
217.90	61944.79	0.00	-75397.47
218.00	55052.25	0.00	-79800.07
218.10	47781.20	0.00	-83527.30
218.20	40188.62	0.00	-86554.03
218.30	32334.67	0.00	-88861.53
218.40	24282.27	0.00	-90437.65
218.50	16096.68	0.00	-91276.80
218.60	7844.91	0.00	-91379.95
218.70	-404.80	0.00	-90754.57
218.80	-8583.62	0.00	-89414.48
218.90	-16622.84	0.00	-87379.68
219.00	-24454.55	0.00	-84676.06
219.10	-32012.38	0.00	-81335.12
219.20	-39232.29	0.00	-77393.63
219.30	-46053.24	0.00	-72893.21
219.40	-52418.03	0.00	-67879.88
219.50	-58273.91	0.00	-62403.62
219.60	-63573.31	0.00	-56517.79
219.70	-68274.42	0.00	-50278.65
219.80	-72341.73	0.00	-43744.71
219.90	-75746.47	0.00	-36976.21
220.00	-78466.99	0.00	-30034.46
220.10	-80488.99	0.00	-22981.24
220.20	-81805.66	0.00	-15878.19
220.30	-82417.75	0.00	-8786.19
220.40	-82333.41	0.00	-1764.74
220.50	-81568.07	0.00	5128.60
220.60	-80156.89	0.00	11838.75
220.70	-78193.54	0.00	18313.69
220.80	-75715.54	0.00	24504.89
220.90	-72753.81	0.00	30367.77
221.00	-69342.24	0.00	35862.09
221.10	-65517.44	0.00	40952.28
221.20	-61318.34	0.00	45607.68
221.30	-56785.89	0.00	49802.74
221.40	-51962.69	0.00	53517.21
221.50	-46892.54	0.00	56736.11
221.60	-41620.09	0.00	59449.77
221.70	-36190.37	0.00	61653.76
221.80	-30648.39	0.00	63348.68
221.90	-25038.65	0.00	64539.99
222.00	-19404.76	0.00	65237.73
222.10	-13788.98	0.00	65456.14
222.20	-8231.85	0.00	65213.34
222.30	-2771.76	0.00	64530.85
222.40	2555.34	0.00	63433.17
222.50	7716.25	0.00	61947.27
222.60	12680.81	0.00	60102.11
222.70	17422.03	0.00	57928.12
222.80	21916.26	0.00	55456.74
222.90	26143.29	0.00	52719.90
223.00	30086.31	0.00	49749.57
223.10	33731.91	0.00	46577.34
223.20	37069.96	0.00	43234.01
223.30	40093.44	0.00	39749.28
223.40	42798.25	0.00	36151.40
223.50	45182.97	0.00	32466.97
223.60	47248.55	0.00	28720.76
223.70	48998.06	0.00	24935.53
223.80	50436.32	0.00	21132.00
223.90	51569.61	0.00	17328.85
224.00	52405.35	0.00	13542.70
224.10	52951.77	0.00	9788.25
224.20	53217.65	0.00	6078.40
224.30	53212.08	0.00	2424.37
224.40	52944.20	0.00	-1164.00
224.50	52424.09	0.00	-4678.14
224.60	51686.06	0.00	-8110.41
224.70	50748.02	0.00	-11453.92
224.80	49615.68	0.00	-14702.23
224.90	48293.80	0.00	-17849.16
225.00	46786.30	0.00	-20888.49
225.10	45096.39	0.00	-23813.83
225.20	43226.71	0.00	-26618.37
225.30	41179.58	0.00	-29294.75
225.40	38957.17	0.00	-31834.97
225.50	36561.76	0.00	-34230.28
225.60	33996.03	0.00	-36471.18
225.70	31263.28	0.00	-38547.37
225.80	28367.73	0.00	-40447.87
225.90	25314.75	0.00	-42161.09
226.00	22111.11	0.00	-43674.91
226.10	18765.21	0.00	-44976.94
226.20	15287.27	0.00	-46054.65
226.30	11689.49	0.00	-46895.65
226.40	7986.17	0.00	-47487.91
226.50	4193.79	0.00	-47820.05
226.60	331.06	0.00	-47881.63
226.70	-3581.14	0.00	-47663.42
226.80	-7519.78	0.00	-47157.72
226.90	-11459.86	0.00	-46358.62
227.00	-15374.53	0.00	-45262.28
227.10	-19235.37	0.00	-43867.16
227.20	-23012.65	0.00	-42174.24
227.30	-26675.67	0.00	-40187.26
227.40	-30193.11	0.00	-37912.80
227.50	-33533.45	0.00	-35360.44
227.60	-36665.42	0.00	-32542.79
227.70	-39558.43	0.00	-29475.58
227.80	-42183.05	0.00	-26177.53
227.90	-44511.50	0.00	-22670.37
228.00	-46518.10	0.00	-18978.65
228.10	-48179.73	0.00	-15129.56
228.20	-49476.23	0.00	-11152.75
228.30	-50390.85	0.00	-7080.02
228.40	-50910.54	0.00	-2945.03
228.50	-51026.29	0.00	1217.08
228.60	-50733.33	0.00	5370.07
228.70	-50047.40	0.00	9476.95
228.80	-48990.54	0.00	13500.53
228.90	-47568.95	0.00	17403.75
229.00	-45792.39	0.00	21150.23
229.10	-43674.22	0.00	24704.68
229.20	-41231.33	0.00	28033.37
229.30	-38484.11	0.00	31104.58
229.40	-35456.29	0.00	33889.03
229.50	-32174.76	0.00	36360.25
229.60	-28669.39	0.00	38494.98
229.70	-24972.73	0.00	40273.47
229.80	-21119.71	0.00	41679.82
229.90	-17147.27	0.00	42702.13
230.00	-13093.98	0.00	43332.76
230.10	-8999.59	0.00	43568.45
230.20	-4904.54	0.00	43410.35
230.30	-849.52	0.00	42864.08
230.40	3125.13	0.00	41939.63
230.50	6979.88	0.00	40651.30
230.60	10676.57	0.00	39017.51
230.70	14178.96	0.00	37060.57
230.80	17453.20	0.00	34806.39
230.90	20468.35	0.00	32284.15
231.00	23196.83	0.00	29525.94
231.10	25614.79	0.00	26566.30
231.20	27702.51	0.00	23441.78
231.30	29444.68	0.00	20190.45
231.40	30830.62	0.00	16851.36
231.50	31854.41	0.00	13464.03
231.60	32514.99	0.00	10067.93
231.70	32816.15	0.00	6701.89
231.80	32766.43	0.00	3403.58
231.90	32378.97	0.00	209.02
232.00	31671.21	0.00	-2847.95
232.10	30664.64	0.00	-5736.10
232.20	29384.36	0.00	-8427.28
232.30	27858.66	0.00	-10896.76
232.40	26118.48	0.00	-13123.57
232.50	24199.83	0.00	-15090.79
232.60	22141.81	0.00	-16785.72
232.70	19978.12	0.00	-18200.01
232.80	17742.74	0.00	-19329.79
232.90	15469.54	0.00	-20175.58
233.00	13191.69	0.00	-20742.26
233.10	10941.22	0.00	-21038.90
233.20	8748.43	0.00	-21078.51
233.30	6641.42	0.00	-20877.75
233.40	4645.61	0.00	-20456.60
233.50	2783.37	0.00	-19837.88
233.60	1073.61	0.00	-19046.78
233.70	-468.49	0.00	-18110.39
233.80	-1831.72	0.00	-17057.09
233.90	-3008.98	0.00	-15915.97
234.00	-3997.35	0.00	-14716.27
234.10	-4798.05	0.00	-13486.74
234.20	-5416.39	0.00	-12255.08
234.30	-5861.49	0.00	-11047.38
234.40	-6146.08	0.00	-9887.56
234.50	-6286.09	0.00	-8796.88
234.60	-6300.25	0.00	-7793.57
234.70	-6209.60	0.00	-6892.40
234.80	-6036.93	0.00	-6104.40
234.90	-5806.19	0.00	-5436.70
235.00	-5541.93	0.00	-4892.35
235.10	-5268.61	0.00	-4470.34
235.20	-5010.02	0.00	-4165.63
235.30	-4788.64	0.00	-3969.31
235.40	-4625.09	0.00	-3868.87
235.50	-4537.56	0.00	-3848.50
235.60	-4541.33	0.00	-3889.53
235.70	-4648.35	0.00	-3970.86
235.80	-4866.88	0.00	-4069.55
235.90	-5201.24	0.00	-4161.40
236.00	-5651.61	0.00	-4221.53
236.10	-6213.96	0.00	-4225.10
236.20	-6880.09	0.00	-4147.88
236.30	-7637.68	0.00	-3966.96
236.40	-8470.56	0.00	-3661.36
236.50	-9358.96	0.00	-3212.59
236.60	-10280.21	0.00	-2605.24
236.70	-11209.85	0.00	-1827.40
236.80	-12120.55	0.00	-871.14
236.90	-12983.35	0.00	267.23
237.00	-13768.35	0.00	1586.91
237.10	-14445.33	0.00	3082.42
237.20	-14984.50	0.00	4743.63
237.30	-15357.06	0.00	6555.75
237.40	-15535.92	0.00	8499.55
237.50	-15496.29	0.00	10551.54
237.60	-15216.29	0.00	12684.37
237.70	-14677.48	0.00	14867.22
237.80	-13865.33	0.00	17066.32
237.90	-12769.67	0.00	19245.48
238.00	-11385.02	0.00	21366.76
238.10	-9710.86	0.00	23391.09
238.20	-7751.80	0.00	25278.94
238.30	-5517.69	0.00	26991.07
238.40	-3023.63	0.00	28489.21
238.50	-289.89	0.00	29736.72
238.60	2658.29	0.00	30699.31
238.70	5790.92	0.00	31345.61
238.80	9073.64	0.00	31647.81
238.90	12468.10	0.00	31582.14
239.00	15932.53	0.00	31129.37
239.10	19422.23	0.00	30275.14
239.20	22890.23	0.00	29010.35
239.30	26287.98	0.00	27331.34
239.40	29566.03	0.00	25240.03
239.50	32674.77	0.00	22744.03
239.60	35565.23	0.00	19856.59
239.70	38189.80	0.00	16596.49
239.80	40514.90	0.00	12987.89
239.90	42509.72	0.00	9060.09
240.00	44138.15	0.00	4847.14
240.10	45367.39	0.00	387.55
240.20	46168.40	0.00	-4276.21
240.30	46516.21	0.00	-9098.17
240.40	46390.22	0.00	-14029.41
240.50	45774.51	0.00	-19018.61
240.60	44658.04	0.00	-24012.61
240.70	43034.84	0.00	-28957.09
240.80	40904.18	0.00	-33797.12
240.90	38270.68	0.00	-38477.83
241.00	35144.36	0.00	-42945.00
241.10	31540.72	0.00	-47145.70
241.20	27480.69	0.00	-51028.87
241.30	22990.61	0.00	-54545.93
241.40	18102.07	0.00	-57651.27
241.50	12851.81	0.00	-60302.83
241.60	7281.45	0.00	-62462.51
241.70	1437.27	0.00	-64096.69
241.80	-4630.18	0.00	-65176.55
241.90	-10866.46	0.00	-65678.43
242.00	-17213.71	0.00	-65584.14
242.10	-23611.16	0.00	-64881.18
242.20	-29995.76	0.00	-63562.89
242.30	-36302.79	0.00	-61628.58
242.40	-42466.57	0.00	-59083.60
242.50	-48421.20	0.00	-55939.28
242.60	-54101.32	0.00	-52212.93
242.70	-59442.91	0.00	-47927.64
242.80	-64384.12	0.00	-43112.12
242.90	-68866.01	0.00	-37800.43
243.00	-72833.36	0.00	-32031.73
243.10	-76235.44	0.00	-25849.86
243.20	-79026.66	0.00	-19302.95
243.30	-81187.38	0.00	-12443.03
243.40	-82751.51	0.00	-5325.47
243.50	-83701.45	0.00	1991.47
243.60	-84019.07	0.00	9447.21
243.70	-83690.58	0.00	16979.40
243.80	-82706.60	0.00	24524.51
243.90	-81062.28	0.00	32018.35
244.00	-78757.33	0.00	39396.73
244.10	-75796.16	0.00	46595.97
244.20	-72187.95	0.00	53553.47
244.30	-67946.67	0.00	60208.31
244.40	-63091.22	0.00	66501.66
244.50	-57645.43	0.00	72377.41
244.60	-51638.06	0.00	77782.50
244.70	-45102.88	0.00	82667.47
244.80	-38078.56	0.00	86986.77
244.90	-30608.64	0.00	90699.14
245.00	-22741.42	0.00	93767.95
245.10	-14529.78	0.00	96161.45
245.20	-6030.97	0.00	97853.00
245.30	2693.67	0.00	98821.29
245.40	11579.04	0.00	99050.47
245.50	20556.68	0.00	98530.28
245.60	29555.26	0.00	97256.14
245.70	38501.13	0.00	95229.17
245.80	47318.85	0.00	92456.20
245.90	55931.93	0.00	88949.76
246.00	64263.48	0.00	84728.01
246.10	72237.02	0.00	79814.66
246.20	79777.25	0.00	74238.82
246.30	86810.88	0.00	68034.89
246.40	93267.50	0.00	61242.32
246.50	99080.38	0.00	53905.43
246.60	104187.40	0.00	46073.15
246.70	108531.78	0.00	37798.74
246.80	112062.94	0.00	29139.46
246.90	114737.17	0.00	20156.24
247.00	116551.46	0.00	10913.24
247.10	117618.31	0.00	1477.52
247.20	117936.50	0.00	-8081.52
247.30	117493.40	0.00	-17692.56
247.40	116280.07	0.00	-27282.91
247.50	114291.54	0.00	-36779.08
247.60	111527.00	0.00	-46107.33
247.70	107990.13	0.00	-55194.33
247.80	103689.37	0.00	-63967.73
247.90	98638.26	0.00	-72356.84
248.00	92855.71	0.00	-80293.29
248.10	86366.36	0.00	-87711.65
248.20	79200.76	0.00	-94550.08
248.30	71395.64	0.00	-100751.01
248.40	62994.04	0.00	-106261.68
248.50	54045.34	0.00	-111034.76
248.60	44605.27	0.00	-115028.85
248.70	34735.77	0.00	-118208.99
248.80	24504.68	0.00	-120547.07
248.90	13985.42	0.00	-122022.21
249.00	3256.45	0.00	-122620.98
249.10	-7599.41	0.00	-122337.67
249.20	-18495.67	0.00	-121174.37
249.30	-29343.13	0.00	-119141.01
249.40	-40050.82	0.00	-116255.28
249.50	-50527.12	0.00	-112542.49
249.60	-60680.89	0.00	-108035.32
249.70	-70422.66	0.00	-102773.45
249.80	-79665.86	0.00	-96803.18
249.90	-88328.02	0.00	-90176.88
250.00	-96331.98	0.00	-82952.42
250.10	-103606.98	0.00	-75192.56
250.20	-110089.72	0.00	-66964.18
250.30	-115725.26	0.00	-58337.56
250.40	-120467.83	0.00	-49385.60
250.50	-124281.46	0.00	-40182.99
250.60	-127140.44	0.00	-30805.38
250.70	-129029.64	0.00	-21328.56
250.80	-129944.57	0.00	-11827.62
250.90	-129901.95	0.00	-2376.22
251.00	-129083.00	0.00	6954.26
251.10	-127565.05	0.00	16095.38
251.20	-125372.06	0.00	24982.28
251.30	-122531.40	0.00	33554.34
251.40	-119073.57	0.00	41755.68
251.50	-115031.96	0.00	49535.58
251.60	-110442.55	0.00	56848.92
251.70	-105343.68	0.00	63656.39
251.80	-99775.74	0.00	69924.76
251.90	-93780.94	0.00	75626.97
252.00	-87402.96	0.00	80742.14
252.10	-80686.67	0.00	85255.57
252.20	-73677.81	0.00	89158.57
252.30	-66422.63	0.00	92448.29
252.40	-58967.59	0.00	95127.45
252.50	-51358.95	0.00	97203.98
252.60	-43642.48	0.00	98690.70
252.70	-35863.05	0.00	99604.85
252.80	-28064.31	0.00	99967.65
252.90	-20288.35	0.00	99803.79
253.00	-12575.39	0.00	99140.94
253.10	-4963.47	0.00	98009.24
253.20	2511.77	0.00	96440.73
253.30	9817.35	0.00	94468.89
253.40	16923.10	0.00	92128.07
253.50	23801.83	0.00	89453.03
253.60	30429.40	0.00	86478.50
253.70	36784.74	0.00	83238.67
253.80	42849.91	0.00	79766.86
253.90	48609.94	0.00	76095.10
254.00	54052.84	0.00	72253.85
254.10	59169.34	0.00	68271.70
254.20	63952.79	0.00	64175.15
254.30	68398.90	0.00	59988.43
254.40	72505.47	0.00	55733.35
254.50	76272.13	0.00	51429.27
254.60	79700.06	0.00	47093.02
254.70	82791.67	0.00	42738.94
254.80	85550.28	0.00	38378.96
254.90	87979.87	0.00	34022.70
255.00	90084.73	0.00	29677.62
255.10	91869.24	0.00	25349.24
255.20	93337.63	0.00	21041.34
255.30	94493.76	0.00	16756.23
255.40	95340.94	0.00	12495.03
255.50	95881.85	0.00	8258.00
255.60	96118.45	0.00	4044.81
255.70	96082.63	0.00	-145.11
255.80	95865.44	0.00	-4312.27
255.90	95471.13	0.00	-8456.80
256.00	94896.19	0.00	-12578.16
256.10	94135.49	0.00	-16674.86
256.20	93182.45	0.00	-20744.26
256.30	92029.34	0.00	-24782.32
256.40	90667.56	0.00	-28783.47
256.50	89087.89	0.00	-32740.50
256.60	87280.91	0.00	-36644.47
256.70	85237.27	0.00	-40484.73
256.80	82948.09	0.00	-44248.97
256.90	80405.32	0.00	-47923.28
257.00	77602.05	0.00	-51492.36
257.10	74532.92	0.00	-54939.66
257.20	71194.37	0.00	-58247.69
257.30	67584.95	0.00	-61398.26
257.40	63705.57	0.00	-64372.82
257.50	59559.69	0.00	-67152.82
257.60	55153.49	0.00	-69720.03
257.70	50495.92	0.00	-72056.91
257.80	45598.81	0.00	-74147.00
257.90	40476.75	0.00	-75975.23
258.00	35147.08	0.00	-77528.23
258.10	29629.71	0.00	-78794.66
258.20	23946.88	0.00	-79765.40
258.30	18122.98	0.00	-80433.76
258.40	12184.16	0.00	-80795.62
258.50	6158.02	0.00	-80849.52
258.60	73.26	0.00	-80596.62
258.70	-6040.76	0.00	-80040.75
258.80	-12154.41	0.00	-79188.19
258.90	-18238.16	0.00	-78047.60
259.00	-24263.02	0.00	-76629.76
259.10	-30200.84	0.00	-74947.30
259.20	-36024.67	0.00	-73014.45
259.30	-41709.05	0.00	-70846.66
259.40	-47230.23	0.00	-68460.29
259.50	-52566.32	0.00	-65872.24
259.60	-57697.46	0.00	-63099.64
259.70	-62605.81	0.00	-60159.45
259.80	-67275.60	0.00	-57068.23
259.90	-71693.06	0.00	-53841.81
260.00	-75846.29	0.00	-50495.06
260.10	-79725.10	0.00	-47041.72
260.20	-83320.88	0.00	-43494.25
260.30	-86626.32	0.00	-39863.76
260.40	-89635.22	0.00	-36159.96
260.50	-92342.28	0.00	-32391.21
260.60	-94742.82	0.00	-28564.59
260.70	-96832.65	0.00	-24686.02
260.80	-98607.84	0.00	-20760.45
260.90	-100064.59	0.00	-16792.01
261.00	-101199.18	0.00	-12784.33
261.10	-102007.84	0.00	-8740.68
261.20	-102502.78	0.00	-4664.31
261.30	-102789.27	0.00	-558.63
261.40	-102884.49	0.00	3572.51
261.50	-102784.11	0.00	7724.59
261.60	-102482.64	0.00	11892.29
261.70	-101973.67	0.00	16069.27
261.80	-101250.01	0.00	20248.07
261.90	-100303.98	0.00	24420.05
262.00	-99127.61	0.00	28575.36
262.10	-97712.90	0.00	32702.94
262.20	-96052.09	0.00	36790.58
262.30	-94137.90	0.00	40825.02
262.40	-91963.78	0.00	44792.10
262.50	-89524.09	0.00	48676.92
262.60	-86814.37	0.00	52464.03
262.70	-83831.44	0.00	56137.63
262.80	-80573.58	0.00	59681.81
262.90	-77040.66	0.00	63080.76
263.00	-73234.17	0.00	66319.01
263.10	-69157.31	0.00	69381.59
263.20	-64815.00	0.00	72254.28
263.30	-60213.85	0.00	74923.72
263.40	-55362.16	0.00	77377.60
263.50	-50269.82	0.00	79604.70
263.60	-44948.27	0.00	81595.04
263.70	-39410.42	0.00	83339.88
263.80	-33670.53	0.00	84831.71
263.90	-27744.12	0.00	86064.28
264.00	-21647.87	0.00	87032.53
264.10	-15399.58	0.00	87732.52
264.20	-9017.99	0.00	88161.34
264.30	-2522.80	0.00	88317.01
264.40	4065.43	0.00	88198.41
264.50	10725.34	0.00	87805.13
264.60	17434.77	0.00	87137.37
264.70	24170.84	0.00	86195.91
264.80	30909.89	0.00	84981.96
264.90	37627.57	0.00	83497.14
265.00	44298.79	0.00	81743.45
265.10	50897.80	0.00	79723.24
265.20	57398.12	0.00	77439.20
265.30	63772.68	0.00	74894.45
265.40	69993.80	0.00	72092.54
265.50	76033.30	0.00	69037.56
265.60	81862.56	0.00	65734.18
265.70	87452.71	0.00	62187.84
265.80	92774.72	0.00	58404.75
265.90	97799.63	0.00	54392.09
266.00	102498.76	0.00	50158.09
266.10	106843.93	0.00	45712.12
266.20	110807.75	0.00	41064.80
266.30	114363.90	0.00	36228.07
266.40	117487.45	0.00	31215.24
266.50	120155.15	0.00	26041.03
266.60	122345.76	0.00	20721.57
266.70	124040.35	0.00	15274.36
266.80	125222.61	0.00	9718.25
266.90	125931.79	0.00	4073.33
267.00	126314.19	0.00	-1639.15
267.10	126373.41	0.00	-7396.96
267.20	126103.43	0.00	-13176.99
267.30	125498.85	0.00	-18955.51
267.40	124554.95	0.00	-24708.27
267.50	123267.85	0.00	-30410.80
267.60	121634.53	0.00	-36038.56
267.70	119653.01	0.00	-41567.21
267.80	117322.34	0.00	-46972.79
267.90	114642.74	0.00	-52231.98
268.00	111615.62	0.00	-57322.25
268.10	108243.68	0.00	-62222.10
268.20	104530.89	0.00	-66911.20
268.30	100482.57	0.00	-71370.57
268.40	96105.39	0.00	-75582.67
268.50	91407.38	0.00	-79531.54
268.60	86397.92	0.00	-83202.85
268.70	81087.74	0.00	-86583.99
268.80	75488.90	0.00	-89664.03
268.90	69614.72	0.00	-92433.78
269.00	63479.81	0.00	-94885.74
269.10	57099.98	0.00	-97014.01
269.20	50492.18	0.00	-98814.31
269.30	43674.49	0.00	-100283.78
269.40	36666.05	0.00	-101420.99
269.50	29486.99	0.00	-102225.71
269.60	22158.41	0.00	-102698.90
269.70	14702.28	0.00	-102842.49
269.80	7141.44	0.00	-102659.29
269.90	-500.46	0.00	-102152.89
270.00	-8199.04	0.00	-101327.47
270.10	-15929.17	0.00	-100187.74
270.20	-23665.08	0.00	-98738.83
270.30	-31380.31	0.00	-96986.18
270.40	-39047.83	0.00	-94935.47
270.50	-46640.03	0.00	-92592.58
270.60	-54128.78	0.00	-89963.55
270.70	-61485.44	0.00	-87054.52
270.80	-68680.96	0.00	-83871.80
270.90	-75685.92	0.00	-80421.82
271.00	-82470.59	0.00	-76711.21
271.10	-89005.02	0.00	-72746.86
271.20	-95259.16	0.00	-68535.96
271.30	-101202.95	0.00	-64086.12
271.40	-106806.48	0.00	-59405.45
271.50	-112040.14	0.00	-54502.70
271.60	-116874.81	0.00	-49387.32
271.70	-121282.03	0.00	-44069.64
271.80	-125234.28	0.00	-38560.99
271.90	-128705.17	0.00	-32873.77
272.00	-131669.73	0.00	-27021.61
272.10	-134104.66	0.00	-21019.43
272.20	-135988.67	0.00	-14883.58
272.30	-137302.71	0.00	-8631.87
272.40	-138031.34	0.00	-2283.62
272.50	-138313.88	0.00	4140.31
272.60	-138249.62	0.00	10617.51
272.70	-137828.53	0.00	17124.08
272.80	-137040.48	0.00	23634.67
272.90	-135875.52	0.00	30122.59
273.00	-134324.10	0.00	36559.95
273.10	-132377.30	0.00	42917.80
273.20	-130027.16	0.00	49166.32
273.30	-127266.90	0.00	55275.08
273.40	-124091.25	0.00	61213.25
273.50	-120496.71	0.00	66949.88
273.60	-116481.86	0.00	72454.22
273.70	-112047.61	0.00	77696.01
273.80	-107197.46	0.00	82645.80
273.90	-101937.73	0.00	87275.27
274.00	-96277.72	0.00	91557.56
274.10	-90229.92	0.00	95467.61
274.20	-83810.09	0.00	98982.42
274.30	-77037.34	0.00	102081.38
274.40	-69934.13	0.00	104746.51
274.50	-62526.22	0.00	106962.72
274.60	-54842.62	0.00	108717.97
274.70	-46915.37	0.00	110003.48
274.80	-38779.36	0.00	110813.81
274.90	-30472.09	0.00	111147.00
275.00	-22033.27	0.00	111004.54
275.10	-13504.55	0.00	110391.38
275.20	-4929.01	0.00	109315.91
275.30	3649.18	0.00	107789.79
275.40	12185.29	0.00	105827.86
275.50	20634.50	0.00	103447.93
275.60	28952.40	0.00	100670.56
275.70	37095.45	0.00	97518.76
275.80	45021.47	0.00	94017.78
275.90	52690.12	0.00	90194.73
276.00	60063.32	0.00	86078.27
276.10	67105.60	0.00	81698.28
276.20	73784.50	0.00	77085.47
276.30	80070.83	0.00	72271.07
276.40	85938.93	0.00	67286.43
276.50	91366.85	0.00	62162.71
276.60	96336.45	0.00	56930.53
276.70	100833.47	0.00	51619.68
276.80	104847.57	0.00	46258.81
276.90	108372.20	0.00	40875.17
277.00	111404.54	0.00	35494.37
277.10	113945.33	0.00	30140.19
277.20	115998.63	0.00	24834.42
277.30	117571.60	0.00	19596.68
277.40	118674.21	0.00	14444.36
277.50	119318.94	0.00	9392.54
277.60	119520.42	0.00	4453.95
277.70	119295.13	0.00	-361.00
277.80	118661.01	0.00	-5044.21
277.90	117649.14	0.00	-9589.83
278.00	116417.34	0.00	-13994.11
278.10	115019.73	0.00	-18255.35
278.20	113468.56	0.00	-22373.70
278.30	111774.58	0.00	-26351.01
278.40	109946.96	0.00	-30190.65
278.50	107993.24	0.00	-33897.27
278.60	105919.23	0.00	-37476.63
278.70	103729.01	0.00	-40935.34
278.80	101424.92	0.00	-44280.61
278.90	99007.56	0.00	-47520.05
279.00	96475.79	0.00	-50661.38
279.10	93826.80	0.00	-53712.23
279.20	91056.21	0.00	-56679.84
279.30	88158.07	0.00	-59570.88
279.40	85125.05	0.00	-62391.19
279.50	81948.55	0.00	-65145.55
279.60	78618.84	0.00	-67837.53
279.70	75125.25	0.00	-70469.25
279.80	71456.37	0.00	-73041.20
279.90	67600.27	0.00	-75552.17
280.00	63544.78	0.00	-77999.03
280.10	59277.72	0.00	-80376.71
280.20	54787.21	0.00	-82678.05
280.30	50061.99	0.00	-84893.85
280.40	45091.73	0.00	-87012.79
280.50	39867.39	0.00	-89021.50
280.60	34381.55	0.00	-90904.60
280.70	28628.80	0.00	-92644.79
280.80	22606.07	0.00	-94223.03
280.90	16313.00	0.00	-95618.64
281.00	9752.29	0.00	-96809.58
281.10	2930.00	0.00	-97772.63
281.20	-4144.12	0.00	-98483.71
281.30	-11456.36	0.00	-98918.15
281.40	-18988.83	0.00	-99051.05
281.50	-26719.29	0.00	-98857.61
281.60	-34621.01	0.00	-98313.53
281.70	-42662.67	0.00	-97395.36
281.80	-50808.45	0.00	-96080.94
281.90	-59018.01	0.00	-94349.75
282.00	-67246.72	0.00	-92183.38
282.10	-75445.89	0.00	-89565.83
282.20	-83563.07	0.00	-86483.94
282.30	-91542.48	0.00	-82927.71
282.40	-99325.50	0.00	-78890.64
282.50	-106851.27	0.00	-74370.01
282.60	-114057.31	0.00	-69367.10
282.70	-120880.23	0.00	-63887.43
282.80	-127256.54	0.00	-57940.90
282.90	-133123.42	0.00	-51541.86
283.00	-138419.62	0.00	-44709.20
283.10	-143086.27	0.00	-37466.31
283.20	-147067.78	0.00	-29841.02
283.30	-150312.67	0.00	-21865.48
283.40	-152774.39	0.00	-13575.97
283.50	-154481.58	0.00	-5012.66
283.60	-155641.56	0.00	3780.67
283.70	-156251.02	0.00	12756.96
283.80	-156288.28	0.00	21866.23
283.90	-155733.15	0.00	31056.03
284.00	-154567.15	0.00	40271.85
284.10	-152773.70	0.00	49457.59
284.20	-150338.41	0.00	58556.05
284.30	-147249.36	0.00	67509.45
284.40	-143497.31	0.00	76259.86
284.50	-139076.10	0.00	84749.80
284.60	-133982.91	0.00	92922.63
284.70	-128218.58	0.00	100723.09
284.80	-121787.98	0.00	108097.76
284.90	-114700.25	0.00	114995.46
285.00	-106969.16	0.00	121367.70
285.10	-98613.37	0.00	127169.00
285.20	-89656.67	0.00	132357.31
285.30	-80128.15	0.00	136894.27
285.40	-70062.41	0.00	140745.49
285.50	-59499.60	0.00	143880.82
285.60	-48485.50	0.00	146274.51
285.70	-37071.43	0.00	147905.40
285.80	-25314.15	0.00	148757.06
285.90	-13275.65	0.00	148817.89
286.00	-1022.89	0.00	148081.17
286.10	11372.61	0.00	146545.11
286.20	23835.22	0.00	144212.90
286.30	36285.73	0.00	141092.62
286.40	48641.98	0.00	137197.31
286.50	60819.58	0.00	132544.79
286.60	72732.68	0.00	127157.69
286.70	84294.77	0.00	121063.28
286.80	95419.62	0.00	114293.36
286.90	106022.20	0.00	106884.12
287.00	116019.58	0.00	98875.97
287.10	125331.99	0.00	90313.34
287.20	133883.73	0.00	81244.47
287.30	141604.14	0.00	71721.16
287.40	148428.54	0.00	61798.50
287.50	154299.08	0.00	51534.58
287.60	159165.59	0.00	40990.14
287.70	162986.24	0.00	30228.25
287.80	165728.23	0.00	19313.87
287.90	167368.29	0.00	8313.49
288.00	167893.06	0.00	-2705.33
288.10	167299.38	0.00	-13674.47
288.20	165707.53	0.00	-24525.66
288.30	163386.26	0.00	-35191.04
288.40	160353.36	0.00	-45603.69
288.50	156618.59	0.00	-55698.09
288.60	152194.18	0.00	-65410.73
288.70	147095.17	0.00	-74680.57
288.80	141339.58	0.00	-83449.59
288.90	134948.78	0.00	-91663.27
289.00	127947.69	0.00	-99271.07
289.10	120365.04	0.00	-106226.85
289.20	112233.56	0.00	-112489.25
289.30	103590.12	0.00	-118022.11
289.40	94475.82	0.00	-122794.70
289.50	84936.00	0.00	-126781.98
289.60	75020.16	0.00	-129964.82
289.70	64781.82	0.00	-132330.10
289.80	54278.32	0.00	-133870.78
289.90	43570.44	0.00	-134585.91
290.00	32722.06	0.00	-134480.57
290.10	21799.66	0.00	-133565.73
290.20	10871.77	0.00	-131858.12
290.30	8.35	0.00	-129379.99
290.40	-10719.81	0.00	-126158.82
290.50	-21241.86	0.00	-122227.03
290.60	-31487.59	0.00	-117621.63
290.70	-41388.16	0.00	-112383.86
290.80	-50876.84	0.00	-106558.76
290.90	-59889.78	0.00	-100194.76
291.00	-68366.67	0.00	-93343.29
291.10	-76251.42	0.00	-86058.31
291.20	-83492.81	0.00	-78395.87
291.30	-90045.04	0.00	-70413.71
291.40	-95868.20	0.00	-62170.82
291.50	-100928.76	0.00	-53727.00
291.60	-105199.88	0.00	-45142.46
291.70	-108661.71	0.00	-36477.46
291.80	-111301.53	0.00	-27791.88
291.90	-113113.92	0.00	-19144.85
292.00	-114100.73	0.00	-10594.41
292.10	-114271.03	0.00	-2197.17
292.20	-113640.96	0.00	5992.08
292.30	-112233.52	0.00	13920.65
292.40	-110078.25	0.00	21538.26
292.50	-107210.84	0.00	28797.42
292.60	-103672.78	0.00	35653.64
292.70	-99577.53	0.00	42065.79
292.80	-95040.50	0.00	47996.32
292.90	-90097.70	0.00	53411.57
293.00	-84787.31	0.00	58282.00
293.10	-79149.68	0.00	62582.44
293.20	-73227.29	0.00	66292.28
293.30	-67064.69	0.00	69395.68
293.40	-60708.32	0.00	71881.71
293.50	-54206.33	0.00	73744.54
293.60	-47608.35	0.00	74983.45
293.70	-40965.15	0.00	75602.99
293.80	-34328.30	0.00	75612.93
293.90	-27749.72	0.00	75028.26
294.00	-21281.23	0.00	73869.11
294.10	-14974.02	0.00	72160.64
294.20	-8878.10	0.00	69932.86
294.30	-3041.68	0.00	67220.37
294.40	2489.41	0.00	64062.14
294.50	7672.32	0.00	60501.11
294.60	12467.78	0.00	56583.82
294.70	16840.70	0.00	52360.02
294.80	20760.70	0.00	47882.09
294.90	24202.57	0.00	43204.61
295.00	27146.74	0.00	38383.72
295.10	29579.60	0.00	33476.57
295.20	31493.79	0.00	28540.66
295.30	32888.37	0.00	23633.25
295.40	33768.91	0.00	18810.63
295.50	34147.43	0.00	14127.53
295.60	34042.33	0.00	9636.42
295.70	33478.14	0.00	5386.93
295.80	32485.17	0.00	1425.18
295.90	31099.15	0.00	-2206.77
296.00	29360.67	0.00	-5471.46
296.10	27314.61	0.00	-8336.54
296.20	25009.54	0.00	-10775.16
296.30	22496.93	0.00	-12766.38
296.40	19830.48	0.00	-14295.44
296.50	17065.32	0.00	-15353.98
296.60	14257.18	0.00	-15940.15
296.70	11461.65	0.00	-16058.71
296.80	8733.34	0.00	-15720.90
296.90	6125.13	0.00	-14944.40
297.00	3687.44	0.00	-13753.02
297.10	1467.47	0.00	-12176.43
297.20	-491.40	0.00	-10249.76
297.30	-2150.23	0.00	-8013.09
297.40	-3475.08	0.00	-5510.89
297.50	-4437.45	0.00	-2791.44
297.60	-5014.72	0.00	93.92
297.70	-5190.41	0.00	3091.48
297.80	-4954.51	0.00	6145.97
297.90	-4303.56	0.00	9201.33
298.00	-3240.76	0.00	12201.55
298.10	-1775.96	0.00	15091.49
298.20	74.49	0.00	17817.71
298.30	2287.86	0.00	20329.20
298.40	4835.39	0.00	22578.22
298.50	7682.63	0.00	24520.91
298.60	10789.91	0.00	26118.02
298.70	14112.90	0.00	27335.44
298.80	17603.20	0.00	28144.73
298.90	21209.05	0.00	28523.48
299.00	24876.09	0.00	28455.68
299.10	28548.17	0.00	27931.94
299.20	32168.21	0.00	26949.54
299.30	35679.05	0.00	25512.53
299.40	39024.39	0.00	23631.59
299.50	42149.68	0.00	21323.82
299.60	45002.94	0.00	18612.52
299.70	47540.54	0.00	15526.71
299.80	49742.68	0.00	12100.76
299.90	51576.86	0.00	8373.75
300.00	53012.54	0.00	4388.92
300.10	54024.17	0.00	192.96
300.20	54591.44	0.00	-4164.68
300.30	54699.49	0.00	-8632.56
300.40	54338.98	0.00	-13158.04
300.50	53506.18	0.00	-17688.02
300.60	52202.91	0.00	-22169.71
300.70	50436.47	0.00	-26551.43
300.80	48219.46	0.00	-30783.27
300.90	45569.59	0.00	-34817.82
301.00	42509.35	0.00	-38610.72
301.10	39065.73	0.00	-42121.29
301.20	35269.80	0.00	-45312.97
301.30	31156.27	0.00	-48153.70
301.40	26763.01	0.00	-50616.31
301.50	22130.55	0.00	-52678.65
301.60	17301.54	0.00	-54323.83
301.70	12320.14	0.00	-55540.19
301.80	7231.51	0.00	-56321.31
301.90	2081.17	0.00	-56665.85
302.00	-3085.53	0.00	-56577.39
302.10	-8224.01	0.00	-56064.13
302.20	-13290.94	0.00	-55138.57
302.30	-18244.77	0.00	-53817.14
302.40	-23046.17	0.00	-52119.71
302.50	-27658.42	0.00	-50069.23
302.60	-32047.75	0.00	-47691.13
302.70	-36183.63	0.00	-45012.95
302.80	-40038.95	0.00	-42063.76
302.90	-43590.19	0.00	-38873.71
303.00	-46817.48	0.00	-35473.60
303.10	-49704.61	0.00	-31894.43
303.20	-52238.95	0.00	-28167.01
303.30	-54411.40	0.00	-24321.63
303.40	-56216.18	0.00	-20387.73
303.50	-57650.68	0.00	-16393.71
303.60	-58715.18	0.00	-12366.69
303.70	-59412.65	0.00	-8332.38
303.80	-59748.47	0.00	-4314.98
303.90	-59730.13	0.00	-337.16
304.00	-59367.05	0.00	3579.99
304.10	-58679.46	0.00	7416.88
304.20	-57714.15	0.00	11155.40
304.30	-56485.54	0.00	14778.83
304.40	-55004.78	0.00	18271.70
304.50	-53283.09	0.00	21619.74
304.60	-51331.80	0.00	24809.72
304.70	-49162.33	0.00	27829.38
304.80	-46786.28	0.00	30667.33
304.90	-44215.43	0.00	33312.95
305.00	-41461.91	0.00	35756.37
305.10	-38538.23	0.00	37988.41
305.20	-35457.42	0.00	40000.57
305.30	-32233.15	0.00	41785.07
305.40	-28879.78	0.00	43334.87
305.50	-25412.49	0.00	44643.74
305.60	-21847.29	0.00	45706.34
305.70	-18201.14	0.00	46518.33
305.80	-14491.84	0.00	47076.48
305.90	-10738.13	0.00	47378.76
306.00	-6959.52	0.00	47424.50
306.10	-3176.27	0.00	47214.46
306.20	590.77	0.00	46750.95
306.30	4320.32	0.00	46037.89
306.40	7990.87	0.00	45080.93
306.50	11580.88	0.00	43887.38
306.60	15069.03	0.00	42466.32
306.70	18434.49	0.00	40828.52
306.80	21657.13	0.00	38986.37
306.90	24717.81	0.00	36953.83
307.00	27598.66	0.00	34746.25
307.10	30283.23	0.00	32380.27
307.20	32756.81	0.00	29873.60
307.30	35006.53	0.00	27244.83
307.40	37021.55	0.00	24513.21
307.50	38793.18	0.00	21698.39
307.60	40314.95	0.00	18820.20
307.70	41582.60	0.00	15898.42
307.80	42594.13	0.00	12952.50
307.90	43349.70	0.00	10001.37
308.00	43851.55	0.00	7063.21
308.10	44103.87	0.00	4155.28
308.20	44112.61	0.00	1293.78
308.30	43885.33	0.00	-1506.33
308.40	43430.96	0.00	-4231.39
308.50	42759.56	0.00	-6869.07
308.60	41893.77	0.00	-9408.46
308.70	40857.29	0.00	-11839.98
308.80	39660.35	0.00	-14155.42
308.90	38313.10	0.00	-16347.77
309.00	36825.53	0.00	-18411.21
309.10	35207.32	0.00	-20340.90
309.20	33467.84	0.00	-22132.93
309.30	31616.05	0.00	-23784.07
309.40	29660.53	0.00	-25291.72
309.50	27609.48	0.00	-26653.67
309.60	25470.79	0.00	-27868.01
309.70	23252.11	0.00	-28932.98
309.80	20960.94	0.00	-29846.87
309.90	18604.80	0.00	-30607.93
310.00	16191.33	0.00	-31214.31
310.10	13728.46	0.00	-31664.05
310.20	11224.54	0.00	-31955.09
310.30	8688.53	0.00	-32085.30
310.40	6130.10	0.00	-32052.55
310.50	3559.76	0.00	-31854.88
310.60	989.00	0.00	-31490.55
310.70	-1569.73	0.00	-30958.30
310.80	-4102.88	0.00	-30257.46
310.90	-6595.88	0.00	-29388.20
311.00	-9033.19	0.00	-28351.73
311.10	-11398.35	0.00	-27150.51
311.20	-13674.14	0.00	-25788.43
311.30	-15842.79	0.00	-24271.07
311.40	-17886.20	0.00	-22605.79
311.50	-19786.19	0.00	-20801.93
311.60	-21524.87	0.00	-18870.88
311.70	-23084.89	0.00	-16826.19
311.80	-24449.88	0.00	-14683.53
311.90	-25604.78	0.00	-12460.69
312.00	-26536.23	0.00	-10177.52
312.10	-27232.97	0.00	-7855.72
312.20	-27686.15	0.00	-5518.69
312.30	-27889.66	0.00	-3191.27
312.40	-27840.47	0.00	-899.42
312.50	-27538.85	0.00	1330.12
312.60	-26988.53	0.00	3470.21
312.70	-26196.90	0.00	5493.80
312.80	-25174.98	0.00	7374.31
312.90	-23937.49	0.00	9086.15
313.00	-22502.73	0.00	10605.23
313.10	-20892.39	0.00	11909.37
313.20	-19132.23	0.00	12978.85
313.30	-17253.38	0.00	13796.79
313.40	-15285.21	0.00	14349.64
313.50	-13258.66	0.00	14627.46
313.60	-11206.41	0.00	14624.31
313.70	-9162.35	0.00	14338.50
313.80	-7161.08	0.00	13772.73
313.90	-5237.31	0.00	12934.24
314.00	-3425.30	0.00	11834.83
314.10	-1758.23	0.00	10490.83
314.20	-267.58	0.00	8922.94
314.30	1017.45	0.00	7156.01
314.40	2070.53	0.00	5218.77
314.50	2868.71	0.00	3143.44
314.60	3392.97	0.00	965.31
314.70	3628.57	0.00	-1277.83
314.80	3565.45	0.00	-3546.18
314.90	3198.49	0.00	-5798.56
315.00	2527.68	0.00	-7993.08
315.10	1558.24	0.00	-10087.74
315.20	300.58	0.00	-12041.18
315.30	-1229.78	0.00	-13813.26
315.40	-3012.40	0.00	-15365.80
315.50	-5022.18	0.00	-16663.17
315.60	-7229.76	0.00	-17672.87
315.70	-9601.91	0.00	-18366.11
315.80	-12102.05	0.00	-18718.27
315.90	-14690.75	0.00	-18709.35
316.00	-17326.37	0.00	-18324.33
316.10	-19965.63	0.00	-17553.40
316.20	-22564.25	0.00	-16392.20
316.30	-25077.57	0.00	-14841.92
316.40	-27461.20	0.00	-12909.35
316.50	-29671.63	0.00	-10606.77
316.60	-31666.80	0.00	-7951.86
316.70	-33406.69	0.00	-4967.49
316.80	-34853.80	0.00	-1681.39
316.90	-35973.71	0.00	1874.19
317.00	-36735.45	0.00	5662.88
317.10	-37111.91	0.00	9644.71
317.20	-37080.23	0.00	13776.60
317.30	-36622.02	0.00	18012.93
317.40	-35723.68	0.00	22306.14
317.50	-34376.54	0.00	26607.37
317.60	-32577.02	0.00	30867.01
317.70	-30326.72	0.00	35035.44
317.80	-27632.46	0.00	39063.55
317.90	-24506.23	0.00	42903.42
318.00	-20965.17	0.00	46508.88
318.10	-17031.39	0.00	49836.08
318.20	-12731.82	0.00	52844.01
318.30	-8097.97	0.00	55494.97
318.40	-3165.61	0.00	57754.98
318.50	2025.52	0.00	59594.22
318.60	7432.19	0.00	60987.25
318.70	13008.05	0.00	61913.33
318.80	18704.17	0.00	62356.61
318.90	24469.58	0.00	62306.18
319.00	30251.81	0.00	61756.21
319.10	35997.52	0.00	60705.87
319.20	41653.09	0.00	59159.31
319.30	47165.29	0.00	57125.45
319.40	52481.86	0.00	54617.86
319.50	57552.19	0.00	51654.45
319.60	62327.85	0.00	48257.19
319.70	66763.23	0.00	44451.75
319.80	70815.99	0.00	40267.14
319.90	74447.60	0.00	35735.29
320.00	77623.71	0.00	30890.61
320.10	80314.50	0.00	25769.52
320.20	82507.04	0.00	20410.07
320.30	84253.39	0.00	14851.39
320.40	85554.79	0.00	9133.34
320.50	86404.55	0.00	3296.02
320.60	86798.69	0.00	-2620.59
320.70	86735.80	0.00	-8577.01
320.80	86216.84	0.00	-14534.59
320.90	85244.91	0.00	-20455.84
321.00	83825.11	0.00	-26304.60
321.10	81964.30	0.00	-32046.32
321.20	79670.96	0.00	-37648.19
321.30	76955.06	0.00	-43079.24
321.40	73827.84	0.00	-48310.44
321.50	70301.81	0.00	-53314.70
321.60	66390.59	0.00	-58066.87
321.70	62108.87	0.00	-62543.72
321.80	57472.42	0.00	-66723.83
321.90	52498.07	0.00	-70587.55
322.00	47203.73	0.00	-74116.91
322.10	41608.49	0.00	-77295.44
322.20	35732.67	0.00	-80108.18
322.30	29597.97	0.00	-82541.51
322.40	23227.53	0.00	-84583.11
322.50	16646.11	0.00	-86221.88
322.60	9880.18	0.00	-87447.98
322.70	2958.10	0.00	-88252.75
322.80	-4089.84	0.00	-88628.81
322.90	-11231.31	0.00	-88570.09
323.00	-18431.84	0.00	-88071.98
323.10	-25654.92	0.00	-87131.42
323.20	-32861.93	0.00	-85747.09
323.30	-40012.31	0.00	-83919.57
323.40	-47063.70	0.00	-81651.56
323.50	-53972.20	0.00	-78948.09
323.60	-60692.61	0.00	-75816.72
323.70	-67178.87	0.00	-72267.72
323.80	-73384.49	0.00	-68314.29
323.90	-79263.04	0.00	-63972.68
324.00	-84768.73	0.00	-59262.30
324.10	-89857.02	0.00	-54205.83
324.20	-94485.28	0.00	-48829.17
324.30	-98613.44	0.00	-43161.44
324.40	-102204.70	0.00	-37234.86
324.50	-105226.16	0.00	-31084.54
324.60	-107649.47	0.00	-24748.26
324.70	-109451.40	0.00	-18266.15
324.80	-110614.37	0.00	-11680.27
324.90	-111148.75	0.00	-5034.20
325.00	-111177.46	0.00	1627.47
325.10	-110721.49	0.00	8259.72
325.20	-109784.43	0.00	14817.62
325.30	-108373.19	0.00	21256.99
325.40	-106498.00	0.00	27534.97
325.50	-104172.38	0.00	33610.62
325.60	-101413.11	0.00	39445.56
325.70	-98240.05	0.00	45004.44
325.80	-94675.94	0.00	50255.50
325.90	-90746.20	0.00	55170.95
326.00	-86478.55	0.00	59727.40
326.10	-81902.68	0.00	63906.07
326.20	-77049.85	0.00	67693.02
326.30	-71952.42	0.00	71079.20
326.40	-66643.35	0.00	74060.49
326.50	-61155.76	0.00	76637.50
326.60	-55522.34	0.00	78815.44
326.70	-49774.90	0.00	80603.72
326.80	-43943.87	0.00	82015.61
326.90	-38057.87	0.00	83067.74
327.00	-32143.27	0.00	83779.53
327.10	-26223.90	0.00	84172.61
327.20	-20320.73	0.00	84270.19
327.30	-14451.74	0.00	84096.36
327.40	-8631.79	0.00	83675.45
327.50	-2872.63	0.00	83031.38
327.60	2817.01	0.00	82187.03
327.70	8431.20	0.00	81163.65
327.80	13966.59	0.00	79980.36
327.90	19421.99	0.00	78653.67
328.00	24797.95	0.00	77197.15
328.10	30096.28	0.00	75621.16
328.20	35319.50	0.00	73932.65
328.30	40470.26	0.00	72135.10
328.40	45550.77	0.00	70228.57
328.50	50562.21	0.00	68209.82
328.60	55504.20	0.00	66072.52
328.70	60374.26	0.00	63807.63
328.80	65167.36	0.00	61403.70
328.90	69875.56	0.00	58847.46
329.00	74487.66	0.00	56124.22
329.10	78989.06	0.00	53218.54
329.20	83361.60	0.00	50114.75
329.30	87583.62	0.00	46797.59
329.40	91630.03	0.00	43252.79
329.50	95472.54	0.00	39467.69
329.60	99080.03	0.00	35431.76
329.70	102418.92	0.00	31137.10
329.80	105453.74	0.00	26578.93
329.90	108147.70	0.00	21755.96
330.00	110463.34	0.00	16670.70
330.10	112364.08	0.00	11329.71
330.20	113917.41	0.00	5743.76
330.30	115164.41	0.00	-72.07
330.40	116076.39	0.00	-6098.46
330.50	116624.87	0.00	-12311.84
330.60	116781.98	0.00	-18684.62
330.70	116520.87	0.00	-25185.39
330.80	115816.11	0.00	-31779.21
330.90	114644.10	0.00	-38427.94
331.00	112983.39	0.00	-45090.67
331.10	110815.13	0.00	-51724.12
331.20	108123.32	0.00	-58283.12
331.30	104895.22	0.00	-64721.09
331.40	101121.65	0.00	-70990.55
331.50	96797.29	0.00	-77043.63
331.60	91920.96	0.00	-82832.53
331.70	86495.91	0.00	-88310.12
331.80	80530.05	0.00	-93430.35
331.90	74036.17	0.00	-98148.75
332.00	67032.11	0.00	-102422.92
332.10	59540.93	0.00	-106212.93
332.20	51590.97	0.00	-109481.74
332.30	43215.93	0.00	-112195.62
332.40	34454.86	0.00	-114324.46
332.50	25352.06	0.00	-115842.14
332.60	15956.93	0.00	-116726.81
332.70	6323.78	0.00	-116961.14
332.80	-3488.50	0.00	-116532.61
332.90	-13416.83	0.00	-115433.65
333.00	-23394.42	0.00	-113661.83
333.10	-33351.31	0.00	-111219.99
333.20	-43215.04	0.00	-108116.30
333.30	-52911.36	0.00	-104364.31
333.40	-62365.03	0.00	-99982.95
333.50	-71500.68	0.00	-94996.47
333.60	-80243.72	0.00	-89434.33
333.70	-88521.28	0.00	-83331.03
333.80	-96263.18	0.00	-76725.92
333.90	-103402.89	0.00	-69662.94
334.00	-109878.49	0.00	-62190.26
334.10	-115633.61	0.00	-54359.92
334.20	-120618.22	0.00	-46227.42
334.30	-124789.50	0.00	-37851.22
334.40	-128112.49	0.00	-29292.22
334.50	-130560.68	0.00	-20613.20
334.60	-132116.45	0.00	-11878.19
334.70	-132771.44	0.00	-3151.89
334.80	-132526.66	0.00	5501.06
334.90	-131392.56	0.00	14016.65
335.00	-129433.88	0.00	22332.24
335.10	-126845.63	0.00	30387.21
335.20	-123666.46	0.00	38123.58
335.30	-119921.51	0.00	45486.66
335.40	-115639.50	0.00	52425.63
335.50	-110852.64	0.00	58894.06
335.60	-105596.54	0.00	64850.44
335.70	-99910.00	0.00	70258.62
335.80	-93834.90	0.00	75088.12
335.90	-87415.87	0.00	79314.46
336.00	-80700.07	0.00	82919.41
336.10	-73736.78	0.00	85891.06
336.20	-66577.04	0.00	88223.95
336.30	-59273.19	0.00	89919.00
336.40	-51878.34	0.00	90983.42
336.50	-44445.86	0.00	91430.52
336.60	-37028.80	0.00	91279.47
336.70	-29679.29	0.00	90554.96
336.80	-22447.95	0.00	89286.77
336.90	-15383.24	0.00	87509.35
337.00	-8530.91	0.00	85261.31
337.10	-1933.41	0.00	82584.81
337.20	4370.67	0.00	79525.00
337.30	10347.02	0.00	76129.38
337.40	15966.08	0.00	72447.12
337.50	21203.38	0.00	68528.44
337.60	26039.79	0.00	64423.89
337.70	30461.68	0.00	60183.70
337.80	34461.07	0.00	55857.14
337.90	38035.52	0.00	51491.87
338.00	41188.10	0.00	47133.33
338.10	43927.13	0.00	42824.20
338.20	46265.89	0.00	38603.88
338.30	48222.25	0.00	34508.03
338.40	49818.18	0.00	30568.15
338.50	51079.21	0.00	26811.31
338.60	52033.84	0.00	23259.81
338.70	52712.91	0.00	19931.07
338.80	53148.89	0.00	16837.49
338.90	53375.22	0.00	13986.46
339.00	53425.58	0.00	11380.40
339.10	53333.20	0.00	9016.94
339.20	53130.21	0.00	6889.11
339.30	52847.00	0.00	4985.69
339.40	52511.60	0.00	3291.55
339.50	52149.20	0.00	1788.10
339.60	51781.68	0.00	453.82
339.70	51427.21	0.00	-735.24
339.80	51100.02	0.00	-1804.84
339.90	50810.14	0.00	-2781.93
340.00	50563.33	0.00	-3694.06
340.10	50361.07	0.00	-4568.72
340.20	50200.66	0.00	-5432.74
340.30	50075.40	0.00	-6311.66
340.40	49974.90	0.00	-7229.22
340.50	49904.39	0.00	-8206.81
340.60	49862.41	0.00	-9263.02
340.70	49829.64	0.00	-10413.25
340.80	49784.81	0.00	-11669.40
340.90	49705.21	0.00	-13039.64
341.00	49567.28	0.00	-14528.24
341.10	49347.05	0.00	-16135.53
341.20	49020.80	0.00	-17857.91
341.30	48565.49	0.00	-19687.98
341.40	47959.35	0.00	-21614.69
341.50	47182.30	0.00	-23623.66
341.60	46216.41	0.00	-25697.49
341.70	45046.28	0.00	-27816.16
341.80	43659.37	0.00	-29957.47
341.90	42046.25	0.00	-32097.54
342.00	40200.82	0.00	-34211.29
342.10	38120.42	0.00	-36273.00
342.20	35805.93	0.00	-38256.81
342.30	33261.73	0.00	-40137.22
342.40	30495.62	0.00	-41889.62
342.50	27518.74	0.00	-43490.73
342.60	24345.31	0.00	-44919.00
342.70	20992.43	0.00	-46154.98
342.80	17479.75	0.00	-47181.65
342.90	13829.19	0.00	-47984.67
343.00	10064.49	0.00	-48552.53
343.10	6210.90	0.00	-48876.70
343.20	2294.75	0.00	-48951.66
343.30	-1656.98	0.00	-48774.92
343.40	-5617.04	0.00	-48346.92
343.50	-9558.31	0.00	-47670.93
343.60	-13454.18	0.00	-46752.88
343.70	-17278.89	0.00	-45601.09
343.80	-21007.84	0.00	-44226.12
343.90	-24617.91	0.00	-42640.38
344.00	-28087.62	0.00	-40857.93
344.10	-31397.41	0.00	-38894.13
344.20	-34529.71	0.00	-36765.33
344.30	-37469.08	0.00	-34488.57
344.40	-40202.26	0.00	-32081.29
344.50	-42718.17	0.00	-29561.08
344.60	-45007.89	0.00	-26945.39
344.70	-47064.59	0.00	-24251.29
344.80	-48883.43	0.00	-21495.36
344.90	-50461.45	0.00	-18693.41
345.00	-51797.39	0.00	-15860.45
345.10	-52891.58	0.00	-13010.53
345.20	-53745.74	0.00	-10156.71
345.30	-54362.81	0.00	-7310.99
345.40	-54746.77	0.00	-4484.36
345.50	-54902.51	0.00	-1686.78
345.60	-54835.61	0.00	1072.77
345.70	-54552.29	0.00	3786.20
345.80	-54059.17	0.00	6446.26
345.90	-53383.97	0.00	9046.42
346.00	-52551.98	0.00	11580.81
346.10	-51568.57	0.00	14044.07
346.20	-50438.80	0.00	16431.29
346.30	-49167.45	0.00	18737.90
346.40	-47759.03	0.00	20959.57
346.50	-46217.88	0.00	23092.15
346.60	-44548.13	0.00	25131.59
346.70	-42753.89	0.00	27073.91
346.80	-40839.23	0.00	28915.12
346.90	-38808.34	0.00	30651.25
347.00	-36665.56	0.00	32278.30
347.10	-34415.49	0.00	33792.27
347.20	-32063.04	0.00	35189.20
347.30	-29613.53	0.00	36465.16
347.40	-27072.72	0.00	37616.33
347.50	-24446.87	0.00	38639.04
347.60	-21742.77	0.00	39529.84
347.70	-18967.75	0.00	40285.54
347.80	-16129.69	0.00	40903.29
347.90	-13237.01	0.00	41380.64
348.00	-10298.64	0.00	41715.58
348.10	-7323.96	0.00	41906.59
348.20	-4322.79	0.00	41952.70
348.30	-1305.27	0.00	41853.48
348.40	1718.15	0.00	41609.08
348.50	4736.84	0.00	41220.25
348.60	7740.02	0.00	40688.29
348.70	10716.88	0.00	40015.05
348.80	13656.65	0.00	39202.90
348.90	16548.65	0.00	38254.69
349.00	19382.36	0.00	37173.67
349.10	22147.52	0.00	35963.49
349.20	24834.11	0.00	34628.09
349.30	27432.42	0.00	33171.64
349.40	29933.08	0.00	31598.52
349.50	32327.06	0.00	29913.22
349.60	34605.64	0.00	28120.35
349.70	36760.46	0.00	26224.51
349.80	38783.42	0.00	24230.37
349.90	40666.75	0.00	22142.58
350.00	42402.89	0.00	19965.81
350.10	43984.51	0.00	17704.73
350.20	45404.48	0.00	15364.10
350.30	46655.81	0.00	12948.77
350.40	47731.68	0.00	10463.73
350.50	48625.41	0.00	7914.25
350.60	49330.46	0.00	5305.87
350.70	49840.49	0.00	2644.59
350.80	50149.34	0.00	-63.14
350.90	50263.92	0.00	-2810.22
351.00	50200.46	0.00	-5588.91
351.10	49953.87	0.00	-8390.66
351.20	49518.70	0.00	-11206.09
351.30	48889.62	0.00	-14024.90
351.40	48061.52	0.00	-16835.86
351.50	47029.71	0.00	-19626.75
351.60	45790.05	0.00	-22384.39
351.70	44339.14	0.00	-25094.66
351.80	42674.50	0.00	-27742.55
351.90	40794.78	0.00	-30312.24
352.00	38699.94	0.00	-32787.24
352.10	36391.42	0.00	-35150.50
352.20	33872.30	0.00	-37384.57
352.30	31147.51	0.00	-39471.83
352.40	28223.92	0.00	-41394.66
352.50	25110.46	0.00	-43135.67
352.60	21818.22	0.00	-44677.97
352.70	18360.48	0.00	-46005.40
352.80	14752.72	0.00	-47102.78
352.90	11012.61	0.00	-47956.18
353.00	7159.96	0.00	-48553.14
353.10	3216.55	0.00	-48882.95
353.20	-793.94	0.00	-48936.81
353.30	-4846.19	0.00	-48708.05
353.40	-8913.42	0.00	-48192.32
353.50	-12967.68	0.00	-47387.70
353.60	-16980.12	0.00	-46294.81
353.70	-20921.36	0.00	-44916.88
353.80	-24761.76	0.00	-43259.78
353.90	-28471.85	0.00	-41332.01
354.00	-32022.64	0.00	-39144.68
354.10	-35386.02	0.00	-36711.38
354.20	-38535.11	0.00	-34048.08
354.30	-41444.60	0.00	-31172.98
354.40	-44091.10	0.00	-28106.35
354.50	-46453.39	0.00	-24870.25
354.60	-48512.76	0.00	-21488.37
354.70	-50253.20	0.00	-17985.73
354.80	-51661.60	0.00	-14388.46
354.90	-52727.90	0.00	-10723.48
355.00	-53445.22	0.00	-7018.24
355.10	-53809.89	0.00	-3300.45
355.20	-53821.50	0.00	402.19
355.30	-53482.84	0.00	4062.26
355.40	-52812.25	0.00	7652.88
355.50	-51843.51	0.00	11147.97
355.60	-50586.90	0.00	14522.42
355.70	-49053.87	0.00	17752.36
355.80	-47257.68	0.00	20815.31
355.90	-45213.38	0.00	23690.39
356.00	-42937.69	0.00	26358.46
356.10	-40448.86	0.00	28802.26
356.20	-37766.61	0.00	31006.54
356.30	-34911.99	0.00	32958.18
356.40	-31907.25	0.00	34646.29
356.50	-28775.70	0.00	36062.26
356.60	-25541.61	0.00	37199.86
356.70	-22229.99	0.00	38055.31
356.80	-18866.46	0.00	38627.26
356.90	-15477.03	0.00	38916.89
357.00	-12087.95	0.00	38927.87
357.10	-8725.41	0.00	38666.38
357.20	-5415.38	0.00	38141.07
357.30	-2183.30	0.00	37363.05
357.40	946.17	0.00	36345.75
357.50	3949.38	0.00	35104.91
357.60	6804.04	0.00	33658.40
357.70	9489.48	0.00	32026.12
357.80	11986.90	0.00	30229.77
357.90	14279.65	0.00	28292.68
358.00	16353.54	0.00	26239.59
358.10	18196.98	0.00	24096.33
358.20	19801.25	0.00	21889.58
358.30	21160.64	0.00	19646.54
358.40	22272.58	0.00	17394.59
358.50	23137.73	0.00	15160.94
358.60	23759.98	0.00	12972.27
358.70	24146.47	0.00	10854.36
358.80	24307.49	0.00	8831.74
358.90	24256.34	0.00	6927.31
359.00	24009.15	0.00	5162.03
359.10	23584.68	0.00	3554.55
359.20	23003.96	0.00	2120.98
359.30	22290.01	0.00	874.57
359.40	21467.49	0.00	-174.44
359.50	20562.27	0.00	-1019.08
359.60	19601.00	0.00	-1655.67
359.70	18610.74	0.00	-2083.97
359.80	17618.45	0.00	-2307.18
359.90	16650.59	0.00	-2331.90
360.00	15732.70	0.00	-2168.01
360.10	14888.97	0.00	-1828.60
360.20	14141.84	0.00	-1329.70
360.30	13511.69	0.00	-690.12
360.40	13016.44	0.00	68.87
360.50	12671.36	0.00	923.87
360.60	12488.75	0.00	1849.64
360.70	12477.75	0.00	2819.51
360.80	12644.25	0.00	3805.74
360.90	12990.71	0.00	4779.94
361.00	13516.32	0.00	5713.46
361.10	14218.57	0.00	6577.82
361.20	15090.42	0.00	7345.07
361.30	16121.15	0.00	7988.22
361.40	17296.99	0.00	8481.62
361.50	18601.23	0.00	8801.30
361.60	20014.41	0.00	8925.31
361.70	21514.60	0.00	8834.07
361.80	23077.58	0.00	8510.64
361.90	24677.16	0.00	7940.98
362.00	26285.46	0.00	7114.18
362.10	27873.22	0.00	6022.68
362.20	29410.12	0.00	4662.45
362.30	30865.12	0.00	3033.08
362.40	32206.77	0.00	1137.92
362.50	33403.63	0.00	-1015.87
362.60	34424.54	0.00	-3417.32
362.70	35239.04	0.00	-6051.60
362.80	35817.74	0.00	-8900.15
362.90	36132.62	0.00	-11940.74
363.00	36157.48	0.00	-15147.60
363.10	35868.28	0.00	-18491.64
363.20	35243.47	0.00	-21940.66
363.30	34264.44	0.00	-25459.62
363.40	32915.77	0.00	-29010.97
363.50	31185.65	0.00	-32555.02
363.60	29066.21	0.00	-36050.32
363.70	26553.76	0.00	-39454.12
363.80	23649.12	0.00	-42722.85
363.90	20357.87	0.00	-45812.63
364.00	16690.50	0.00	-48679.79
364.10	12662.62	0.00	-51281.45
364.20	8294.99	0.00	-53576.06
364.30	3613.61	0.00	-55524.00
364.40	-1350.37	0.00	-57088.11
364.50	-6560.74	0.00	-58234.30
364.60	-11976.46	0.00	-58932.04
364.70	-17551.94	0.00	-59154.91
364.80	-23237.41	0.00	-58881.00
364.90	-28979.42	0.00	-58093.40
365.00	-34721.37	0.00	-56780.54
365.10	-40404.15	0.00	-54936.45
365.20	-45966.87	0.00	-52561.05
365.30	-51347.64	0.00	-49660.26
365.40	-56484.40	0.00	-46246.10
365.50	-61315.79	0.00	-42336.68
365.60	-65782.05	0.00	-37956.09
365.70	-69825.96	0.00	-33134.23
365.80	-73393.70	0.00	-27906.57
365.90	-76435.74	0.00	-22313.79
366.00	-78907.67	0.00	-16401.37
366.10	-80770.92	0.00	-10219.10
366.20	-82022.81	0.00	-3820.56
366.30	-82700.77	0.00	2737.53
366.40	-82790.41	0.00	9395.94
366.50	-82280.48	0.00	16093.59
366.60	-81164.87	0.00	22768.32
366.70	-79442.70	0.00	29357.56
366.80	-77118.42	0.00	35799.12
366.90	-74201.88	0.00	42031.89
367.00	-70708.32	0.00	47996.57
367.10	-66658.31	0.00	53636.32
367.20	-62077.74	0.00	58897.49
367.30	-56997.63	0.00	63730.14
367.40	-51453.98	0.00	68088.67
367.50	-45487.54	0.00	71932.26
367.60	-39143.49	0.00	75225.34
367.70	-32471.13	0.00	77937.92
367.80	-25523.44	0.00	80045.90
367.90	-18356.64	0.00	81531.25
368.00	-11029.63	0.00	82382.16
368.10	-3603.45	0.00	82593.08
368.20	3859.38	0.00	82164.70
368.30	11295.45	0.00	81103.84
368.40	18641.23	0.00	79423.30
368.50	25833.73	0.00	77141.57
368.60	32811.23	0.00	74282.58
368.70	39513.97	0.00	70875.32
368.80	45884.88	0.00	66953.41
368.90	51870.23	0.00	62554.70
369.00	57420.23	0.00	57720.73
369.10	62489.64	0.00	52496.24
369.20	67038.27	0.00	46928.66
369.30	71031.36	0.00	41067.51
369.40	74440.01	0.00	34963.92
369.50	77241.39	0.00	28670.02
369.60	79418.94	0.00	22238.43
369.70	80962.43	0.00	15721.77
369.80	81868.00	0.00	9172.11
369.90	82137.99	0.00	2640.55
370.00	81780.81	0.00	-3823.27
370.10	80813.03	0.00	-10171.52
370.20	79314.42	0.00	-16358.56
370.30	77331.42	0.00	-22341.30
370.40	74885.73	0.00	-28079.41
370.50	72001.28	0.00	-33535.65
370.60	68704.12	0.00	-38675.96
370.70	65022.16	0.00	-43469.73
370.80	60985.02	0.00	-47889.81
370.90	56623.85	0.00	-51912.68
371.00	51971.17	0.00	-55518.43
371.10	47060.69	0.00	-58690.79
371.20	41927.12	0.00	-61417.14
371.30	36606.04	0.00	-63688.40
371.40	31133.68	0.00	-65499.01
371.50	25546.78	0.00	-66846.84
371.60	19882.35	0.00	-67733.03
371.70	14177.51	0.00	-68161.91
371.80	8469.26	0.00	-68140.86
371.90	2794.28	0.00	-67680.09
372.00	-2811.31	0.00	-66792.58
372.10	-8312.16	0.00	-65493.81
372.20	-13673.96	0.00	-63801.63
372.30	-18863.62	0.00	-61736.09
372.40	-23849.57	0.00	-59319.17
372.50	-28601.95	0.00	-56574.66
372.60	-33092.89	0.00	-53527.90
372.70	-37296.66	0.00	-50205.58
372.80	-41189.93	0.00	-46635.53
372.90	-44751.93	0.00	-42846.49
373.00	-47964.64	0.00	-38867.89
373.10	-50812.91	0.00	-34729.59
373.20	-53284.56	0.00	-30461.70
373.30	-55370.48	0.00	-26094.29
373.40	-57064.68	0.00	-21657.21
373.50	-58364.26	0.00	-17179.84
373.60	-59269.39	0.00	-12690.86
373.70	-59783.28	0.00	-8218.06
373.80	-59911.99	0.00	-3788.15
373.90	-59664.36	0.00	573.47
374.00	-59051.80	0.00	4842.81
374.10	-58112.60	0.00	8997.48
374.20	-56883.72	0.00	13016.79
374.30	-55379.53	0.00	16881.86
374.40	-53615.14	0.00	20575.66
374.50	-51606.25	0.00	24083.08
374.60	-49369.05	0.00	27390.92
374.70	-46919.99	0.00	30487.88
374.80	-44275.72	0.00	33364.52
374.90	-41452.91	0.00	36013.16
375.00	-38468.16	0.00	38427.81
375.10	-35337.90	0.00	40604.04
375.20	-32078.31	0.00	42538.86
375.30	-28705.27	0.00	44230.55
375.40	-25234.31	0.00	45678.54
375.50	-21680.60	0.00	46883.19
375.60	-18058.94	0.00	47845.70
375.70	-14383.82	0.00	48567.93
375.80	-10669.45	0.00	49052.25
375.90	-6929.80	0.00	49301.44
376.00	-3178.71	0.00	49318.57
376.10	570.05	0.00	49106.93
376.20	4302.67	0.00	48669.98
376.30	8005.23	0.00	48011.29
376.40	11663.58	0.00	47134.60
376.50	15263.28	0.00	46043.81
376.60	18789.55	0.00	44743.01
376.70	22227.19	0.00	43236.64
376.80	25560.58	0.00	41529.50
376.90	28773.69	0.00	39626.93
377.00	31850.12	0.00	37534.92
377.10	34773.14	0.00	35260.24
377.20	37525.83	0.00	32810.58
377.30	40091.20	0.00	30194.68
377.40	42452.36	0.00	27422.48
377.50	44592.74	0.00	24505.19
377.60	46496.28	0.00	21455.39
377.70	48147.74	0.00	18287.08
377.80	49532.88	0.00	15015.75
377.90	50638.83	0.00	11658.29
378.00	51454.27	0.00	8233.04
378.10	51969.79	0.00	4759.64
378.20	52178.19	0.00	1258.92
378.30	52096.26	0.00	-2247.20
378.40	51736.95	0.00	-5736.00
378.50	51099.42	0.00	-9184.09
378.60	50184.84	0.00	-12567.75
378.70	48996.53	0.00	-15863.14
378.80	47540.02	0.00	-19046.64
378.90	45823.16	0.00	-22095.15
379.00	43856.07	0.00	-24986.39
379.10	41651.17	0.00	-27699.25
379.20	39223.14	0.00	-30214.06
379.30	36588.77	0.00	-32512.89
379.40	33766.86	0.00	-34579.83
379.50	30778.05	0.00	-36401.22
379.60	27644.58	0.00	-37965.87
379.70	24390.10	0.00	-39265.20
379.80	21039.33	0.00	-40293.40
379.90	17617.80	0.00	-41047.49
380.00	14151.56	0.00	-41527.36
380.10	10666.79	0.00	-41735.74
380.20	7189.50	0.00	-41678.17
380.30	3745.20	0.00	-41362.86
380.40	358.55	0.00	-40800.55
380.50	-2946.94	0.00	-40004.34
380.60	-6149.20	0.00	-38989.42
380.70	-9227.89	0.00	-37772.83
380.80	-12164.62	0.00	-36373.17
380.90	-14943.13	0.00	-34810.33
381.00	-17549.48	0.00	-33105.10
381.10	-19972.15	0.00	-31278.92
381.20	-22202.10	0.00	-29353.51
381.30	-24232.80	0.00	-27350.56
381.40	-26060.20	0.00	-25291.46
381.50	-27682.67	0.00	-23196.95
381.60	-29100.89	0.00	-21086.90
381.70	-30317.73	0.00	-18980.09
381.80	-31338.00	0.00	-16893.95
381.90	-32168.34	0.00	-14844.42
382.00	-32816.93	0.00	-12845.84
382.10	-33293.29	0.00	-10910.81
382.20	-33607.98	0.00	-9050.12
382.30	-33772.43	0.00	-7272.80
382.40	-33798.61	0.00	-5586.03
382.50	-33698.84	0.00	-3995.25
382.60	-33485.55	0.00	-2504.21
382.70	-33171.11	0.00	-1115.06
382.80	-32767.56	0.00	171.56
382.90	-32286.57	0.00	1356.32
383.00	-31739.21	0.00	2441.12
383.10	-31135.89	0.00	3428.94
383.20	-30491.41	0.00	4323.61
383.30	-29822.03	0.00	5129.78
383.40	-29135.03	0.00	5852.66
383.50	-28436.78	0.00	6497.97
383.60	-27732.84	0.00	7071.75
383.70	-27028.00	0.00	7580.32
383.80	-26326.37	0.00	8030.14
383.90	-25631.39	0.00	8427.75
384.00	-24945.91	0.00	8779.71
384.10	-24272.28	0.00	9092.59
384.20	-23612.34	0.00	9372.91
384.30	-22967.54	0.00	9627.12
384.40	-22338.90	0.00	9861.66
384.50	-21727.09	0.00	10082.90
384.60	-21132.42	0.00	10297.20
384.70	-20554.83	0.00	10510.89
384.80	-19993.87	0.00	10730.30
384.90	-19448.68	0.00	10961.74
385.00	-18917.92	0.00	11211.52
385.10	-18399.78	0.00	11485.91
385.20	-17891.84	0.00	11791.11
385.30	-17391.07	0.00	12133.21
385.40	-16893.77	0.00	12518.09
385.50	-16395.48	0.00	12951.35
385.60	-15890.99	0.00	13438.25
385.70	-15374.26	0.00	13983.51
385.80	-14838.48	0.00	14591.24
385.90	-14276.00	0.00	15264.77
386.00	-13678.43	0.00	16006.53
386.10	-13036.69	0.00	16817.89
386.20	-12341.06	0.00	17699.00
386.30	-11581.36	0.00	18648.68
386.40	-10747.05	0.00	19664.29
386.50	-9827.39	0.00	20741.64
386.60	-8811.70	0.00	21874.86
386.70	-7689.51	0.00	23056.44
386.80	-6450.83	0.00	24277.09
386.90	-5086.35	0.00	25525.87
387.00	-3587.75	0.00	26790.16
387.10	-1947.93	0.00	28055.77
387.20	-161.25	0.00	29307.05
387.30	1776.25	0.00	30527.09
387.40	3866.56	0.00	31697.85
387.50	6109.57	0.00	32800.42
387.60	8502.87	0.00	33815.29
387.70	11041.58	0.00	34722.57
387.80	13718.31	0.00	35502.33
387.90	16523.03	0.00	36134.90
388.00	19443.13	0.00	36601.16
388.10	22463.35	0.00	36882.85
388.20	25565.95	0.00	36962.92
388.30	28730.79	0.00	36825.79
388.40	31935.49	0.00	36457.62
388.50	35155.67	0.00	35846.58
388.60	38365.19	0.00	34983.09
388.70	41536.48	0.00	33859.97
388.80	44640.82	0.00	32472.63
388.90	47648.73	0.00	30819.17
389.00	50530.35	0.00	28900.49
389.10	53255.82	0.00	26720.27
389.20	55795.68	0.00	24285.01
389.30	58121.29	0.00	21603.95
389.40	60205.21	0.00	18689.02
389.50	62028.39	0.00	15554.67
389.60	63607.83	0.00	12217.75
389.70	64931.80	0.00	8697.30
389.80	65984.06	0.00	5014.34
389.90	66750.17	0.00	1191.62
390.00	67217.54	0.00	-2746.61
390.10	67375.52	0.00	-6774.91
390.20	67215.51	0.00	-10866.89
390.30	66730.96	0.00	-14995.52
390.40	65917.40	0.00	-19133.36
390.50	64772.49	0.00	-23252.93
390.60	63295.96	0.00	-27326.87
390.70	61489.63	0.00	-31328.27
390.80	59357.36	0.00	-35230.84
390.90	56905.02	0.00	-39009.21
391.00	54140.42	0.00	-42639.06
391.10	51073.29	0.00	-46097.29
391.20	47715.16	0.00	-49362.26
391.30	44079.34	0.00	-52413.79
391.40	40180.80	0.00	-55233.40
391.50	36036.15	0.00	-57804.29
391.60	31663.47	0.00	-60111.44
391.70	27082.31	0.00	-62141.70
391.80	22313.53	0.00	-63883.72
391.90	17379.25	0.00	-65328.05
392.00	12302.73	0.00	-66467.08
392.10	7108.24	0.00	-67295.05
392.20	1821.02	0.00	-67808.03
392.30	-3532.91	0.00	-68003.86
392.40	-8926.84	0.00	-67882.13
392.50	-14333.51	0.00	-67444.14
392.60	-19725.23	0.00	-66692.84
392.70	-25074.07	0.00	-65632.78
392.80	-30351.96	0.00	-64270.08
392.90	-35530.92	0.00	-62612.37
393.00	-40583.17	0.00	-60668.71
393.10	-45481.40	0.00	-58449.56
393.20	-50198.85	0.00	-55966.72
393.30	-54709.63	0.00	-53233.22
393.40	-58988.82	0.00	-50263.32
393.50	-63012.73	0.00	-47072.39
393.60	-66759.11	0.00	-43676.82
393.70	-70207.30	0.00	-40093.92
393.80	-73338.48	0.00	-36341.87
393.90	-76135.83	0.00	-32439.54
394.00	-78584.66	0.00	-28406.38
394.10	-80672.61	0.00	-24262.31
394.20	-82389.76	0.00	-20027.54
394.30	-83728.71	0.00	-15722.44
394.40	-84684.63	0.00	-11367.36
394.50	-85255.36	0.00	-6982.47
394.60	-85465.06	0.00	-2587.57
394.70	-85388.86	0.00	1798.04
394.80	-85036.31	0.00	6155.78
394.90	-84412.87	0.00	10467.89
395.00	-83524.78	0.00	14717.64
395.10	-82378.97	0.00	18889.40
395.20	-80982.96	0.00	22968.81
395.30	-79344.70	0.00	26942.83
395.40	-77472.51	0.00	30799.83
395.50	-75374.89	0.00	34529.62
395.60	-73060.44	0.00	38123.45
395.70	-70537.67	0.00	41573.99
395.80	-67814.92	0.00	44875.30
395.90	-64900.20	0.00	48022.68
396.00	-61801.09	0.00	51012.62
396.10	-58524.67	0.00	53842.59
396.20	-55077.38	0.00	56510.93
396.30	-51465.05	0.00	59016.58
396.40	-47692.78	0.00	61358.95
396.50	-43765.03	0.00	63537.61
396.60	-39685.60	0.00	65552.12
396.70	-35457.73	0.00	67401.80
396.80	-31084.19	0.00	69085.44
396.90	-26567.46	0.00	70601.19
397.00	-21909.88	0.00	71946.27
397.10	-17113.87	0.00	73116.90
397.20	-12182.18	0.00	74108.08
397.30	-7118.18	0.00	74913.59
397.40	-1926.13	0.00	75525.86
397.50	3388.55	0.00	75936.03
397.60	8818.88	0.00	76133.95
397.70	14356.09	0.00	76108.30
397.80	19989.32	0.00	75846.72
397.90	25705.29	0.00	75336.03
398.00	31488.12	0.00	74562.44
398.10	37319.09	0.00	73511.86
398.20	43176.50	0.00	72170.20
398.30	49035.58	0.00	70523.71
398.40	54868.44	0.00	68559.40
398.50	60644.15	0.00	66265.39
398.60	66328.80	0.00	63631.32
398.70	71885.77	0.00	60648.75
398.80	77275.94	0.00	57311.54
398.90	82458.13	0.00	53616.22
399.00	87389.45	0.00	49562.33
399.10	92025.88	0.00	45152.70
399.20	96322.79	0.00	40393.72
399.30	100235.62	0.00	35295.53
399.40	103720.51	0.00	29872.15
399.50	106735.01	0.00	24141.58
399.60	109238.80	0.00	18125.78
399.70	111194.38	0.00	11850.66
399.80	112630.33	0.00	5345.86
399.90	113628.81	0.00	-1355.34
400.00	114169.77	0.00	-8216.36
400.10	114233.04	0.00	-15197.61
400.20	113800.61	0.00	-22256.85
400.30	112856.90	0.00	-29349.67
400.40	111388.99	0.00	-36429.89
400.50	109386.92	0.00	-43450.11
400.60	106843.88	0.00	-50362.20
400.70	103756.45	0.00	-57117.83
400.80	100124.74	0.00	-63669.02
400.90	95952.60	0.00	-69968.65
401.00	91247.70	0.00	-75970.99
401.10	86021.65	0.00	-81632.16
401.20	80290.04	0.00	-86910.58
401.30	74072.48	0.00	-91767.41
401.40	67392.57	0.00	-96166.87
401.50	60277.85	0.00	-100076.59
401.60	52759.70	0.00	-103467.82
401.70	44873.18	0.00	-106315.69
401.80	36656.90	0.00	-108599.31
401.90	28152.75	0.00	-110301.87
402.00	19405.69	0.00	-111410.69
402.10	10463.44	0.00	-111917.19
402.20	1376.17	0.00	-111816.82
402.30	-7803.84	0.00	-111109.00
402.40	-17022.56	0.00	-109796.95
402.50	-26224.60	0.00	-107887.55
402.60	-35353.60	0.00	-105391.14
402.70	-44352.62	0.00	-102321.33
402.80	-53164.60	0.00	-98694.83
402.90	-61732.70	0.00	-94531.20
403.00	-70000.80	0.00	-89852.64
403.10	-77913.83	0.00	-84683.88
403.20	-85418.25	0.00	-79051.89
403.30	-92462.38	0.00	-72985.81
403.40	-98996.86	0.00	-66516.72
403.50	-104974.99	0.00	-59677.59
403.60	-110353.14	0.00	-52503.11
403.70	-115091.07	0.00	-45029.61
403.80	-119152.33	0.00	-37294.98
403.90	-122504.59	0.00	-29338.60
404.00	-125119.92	0.00	-21201.27
404.10	-126975.16	0.00	-12925.14
404.20	-128052.18	0.00	-4553.63
404.30	-128338.12	0.00	3868.61
404.40	-127875.58	0.00	12295.86
404.50	-126824.63	0.00	20681.36
404.60	-125194.76	0.00	28977.54
404.70	-122983.90	0.00	37136.12
404.80	-120191.54	0.00	45108.33
404.90	-116819.12	0.00	52845.19
405.00	-112870.35	0.00	60297.73
405.10	-108351.65	0.00	67417.33
405.20	-103272.53	0.00	74156.07
405.30	-97646.06	0.00	80467.14
405.40	-91489.24	0.00	86305.24
405.50	-84823.38	0.00	91627.03
405.60	-77674.50	0.00	96391.63
405.70	-70073.54	0.00	100561.09
405.80	-62056.63	0.00	104100.88
405.90	-53665.19	0.00	106980.43
406.00	-44945.97	0.00	109173.58
406.10	-35950.98	0.00	110659.06
406.20	-26737.26	0.00	111420.92
406.30	-17366.58	0.00	111448.95
406.40	-7904.97	0.00	110739.00
406.50	1577.85	0.00	109293.27
406.60	11009.19	0.00	107120.51
406.70	20314.23	0.00	104236.19
406.80	29416.90	0.00	100662.50
406.90	38240.94	0.00	96428.33
407.00	46710.96	0.00	91569.13
407.10	54753.57	0.00	86126.66
407.20	62298.55	0.00	80148.68
407.30	69279.98	0.00	73688.49
407.40	75637.33	0.00	66804.38
407.50	81316.55	0.00	59559.10
407.60	86270.99	0.00	52019.07
407.70	90462.26	0.00	44253.69
407.80	93860.95	0.00	36334.46
407.90	96447.14	0.00	28334.13
408.00	98210.82	0.00	20325.83
408.10	99152.01	0.00	12382.07
408.20	99280.84	0.00	4573.89
408.30	98617.29	0.00	-3030.11
408.40	97190.83	0.00	-10364.62
408.50	95039.87	0.00	-17368.47
408.60	92210.99	0.00	-23985.42
408.70	88762.52	0.00	-30164.85
408.80	84828.22	0.00	-35862.40
408.90	80488.37	0.00	-41040.47
409.00	75796.50	0.00	-45668.65
409.10	70808.33	0.00	-49724.01
409.20	65581.06	0.00	-53191.27
409.30	60172.75	0.00	-56062.89
409.40	54641.56	0.00	-58338.96
409.50	49045.04	0.00	-60027.03
409.60	43439.37	0.00	-61141.80
409.70	37878.69	0.00	-61704.72
409.80	32414.31	0.00	-61743.43
409.90	27094.10	0.00	-61291.18
410.00	21961.84	0.00	-60386.12
410.10	17056.66	0.00	-59070.57
410.20	12412.58	0.00	-57390.19
410.30	8058.10	0.00	-55393.12
410.40	4015.93	0.00	-53129.17
410.50	302.78	0.00	-50648.92
410.60	-3070.65	0.00	-48002.88
410.70	-6099.72	0.00	-45240.64
410.80	-8785.61	0.00	-42410.15
410.90	-11135.09	0.00	-39556.91
411.00	-13160.19	0.00	-36723.40
411.10	-14877.69	0.00	-33948.43
411.20	-16308.63	0.00	-31266.65
411.30	-17477.69	0.00	-28708.17
411.40	-18412.55	0.00	-26298.23
411.50	-19143.21	0.00	-24056.98
411.60	-19701.23	0.00	-21999.37
411.70	-20119.10	0.00	-20135.12
411.80	-20429.45	0.00	-18468.79
411.90	-20664.41	0.00	-16999.94
412.00	-20854.94	0.00	-15723.40
412.10	-21030.24	0.00	-14629.52
412.20	-21217.14	0.00	-13704.63
412.30	-21439.69	0.00	-12931.44
412.40	-21718.67	0.00	-12289.51
412.50	-22071.26	0.00	-11755.85
412.60	-22510.78	0.00	-11305.39
412.70	-23046.45	0.00	-10911.65
412.80	-23683.32	0.00	-10547.24
412.90	-24422.21	0.00	-10184.53
413.00	-25259.73	0.00	-9796.16
413.10	-26188.40	0.00	-9355.63
413.20	-27196.85	0.00	-8837.87
413.30	-28270.05	0.00	-8219.67
413.40	-29389.64	0.00	-7480.23
413.50	-30534.26	0.00	-6601.50
413.60	-31680.04	0.00	-5568.59
413.70	-32801.01	0.00	-4370.10
413.80	-33869.64	0.00	-2998.33
413.90	-34857.38	0.00	-1449.49
414.00	-35735.22	0.00	276.16
414.10	-36478.79	0.00	2174.28
414.20	-37073.19	0.00	4236.44
414.30	-37493.05	0.00	6450.23
414.40	-37713.68	0.00	8799.35
414.50	-37712.34	0.00	11263.89
414.60	-37468.63	0.00	13820.55
414.70	-36964.96	0.00	16443.03
414.80	-36186.89	0.00	19102.38
414.90	-35123.52	0.00	21767.49
415.00	-33767.72	0.00	24405.54
415.10	-32116.45	0.00	26982.55
415.20	-30170.89	0.00	29463.93
415.30	-27936.60	0.00	31815.07
415.40	-25423.58	0.00	34001.93
415.50	-22646.27	0.00	35991.63
415.60	-19623.46	0.00	37753.03
415.70	-16378.14	0.00	39257.30
415.80	-12937.27	0.00	40478.46
415.90	-9331.49	0.00	41393.87
416.00	-5594.73	0.00	41984.68
416.10	-1763.77	0.00	42236.22
416.20	2122.31	0.00	42138.33
416.30	6022.67	0.00	41685.59
416.40	9895.34	0.00	40877.47
416.50	13697.92	0.00	39718.45
416.60	17388.24	0.00	38217.98
416.70	20925.08	0.00	36390.39
416.80	24268.91	0.00	34254.71
416.90	27382.54	0.00	31834.35
417.00	30231.84	0.00	29156.80
417.10	32786.29	0.00	26253.13
417.20	35019.59	0.00	23157.55
417.30	36910.14	0.00	19906.77
417.40	38441.37	0.00	16539.41
417.50	39602.11	0.00	13095.36
417.60	40386.71	0.00	9615.07
417.70	40795.14	0.00	6138.86
417.80	40832.94	0.00	2706.23
417.90	40511.04	0.00	-644.83
418.00	39845.53	0.00	-3878.45
418.10	38857.21	0.00	-6961.53
418.20	37581.70	0.00	-9864.26
418.30	36055.97	0.00	-12560.60
418.40	34309.39	0.00	-15028.70
418.50	32373.38	0.00	-17251.18
418.60	30280.84	0.00	-19215.38
418.70	28065.57	0.00	-20913.50
418.80	25761.57	0.00	-22342.56
418.90	23402.46	0.00	-23504.40
419.00	21020.82	0.00	-24405.46
419.10	18647.61	0.00	-25056.53
419.20	16311.58	0.00	-25472.38
419.30	14038.77	0.00	-25671.34
419.40	11852.06	0.00	-25674.79
419.50	9770.78	0.00	-25506.59
419.60	7810.40	0.00	-25192.49
419.70	5982.33	0.00	-24759.47
419.80	4293.78	0.00	-24235.10
419.90	2747.75	0.00	-23646.84
420.00	1343.10	0.00	-23021.44
420.10	74.70	0.00	-22384.30
420.20	-1066.29	0.00	-21758.87
420.30	-2092.11	0.00	-21166.10
420.40	-3017.93	0.00	-20624.04
420.50	-3861.41	0.00	-20147.35
420.60	-4642.13	0.00	-19747.07
420.70	-5381.03	0.00	-19430.33
420.80	-6099.77	0.00	-19200.25
420.90	-6820.12	0.00	-19055.87
421.00	-7563.31	0.00	-18992.23
421.10	-8349.45	0.00	-19000.50
421.20	-9196.90	0.00	-19068.22
421.30	-10121.74	0.00	-19179.64
421.40	-11137.30	0.00	-19316.07
421.50	-12253.66	0.00	-19456.39
421.60	-13477.36	0.00	-19577.56
421.70	-14811.08	0.00	-19655.17
421.80	-16253.45	0.00	-19664.09
421.90	-17798.95	0.00	-19579.01
422.00	-19437.93	0.00	-19375.17
422.10	-21156.64	0.00	-19028.91
422.20	-22937.49	0.00	-18518.30
422.30	-24759.25	0.00	-17823.71
422.40	-26597.48	0.00	-16928.34
422.50	-28424.93	0.00	-15818.69
422.60	-30212.08	0.00	-14484.94
422.70	-31927.72	0.00	-12921.32
422.80	-33539.90	0.00	-11126.32
422.90	-35026.71	0.00	-9102.83
423.00	-36362.42	0.00	-6858.28
423.10	-37517.43	0.00	-4404.52
423.20	-38463.50	0.00	-1757.75
423.30	-39174.28	0.00	1061.71
423.40	-39625.86	0.00	4029.71
423.50	-39797.21	0.00	7118.70
423.60	-39670.68	0.00	10298.12
423.70	-39232.36	0.00	13534.97
423.80	-38472.36	0.00	16794.37
423.90	-37385.08	0.00	20040.16
424.00	-35969.40	0.00	23235.60
424.10	-34228.71	0.00	26343.95
424.20	-32170.96	0.00	29329.18
424.30	-29808.57	0.00	32156.63
424.40	-27158.26	0.00	34793.58
424.50	-24240.82	0.00	37209.86
424.60	-21080.81	0.00	39378.36
424.70	-17706.12	0.00	41275.51
424.80	-14147.56	0.00	42881.63
424.90	-10438.35	0.00	44181.29
425.00	-6613.51	0.00	45163.46
425.10	-2709.32	0.00	45821.67
425.20	1237.35	0.00	46154.04
425.30	5189.63	0.00	46163.19
425.40	9111.32	0.00	45856.10
425.50	12967.49	0.00	45243.82
425.60	16725.07	0.00	44341.20
425.70	20353.38	0.00	43166.42
425.80	23824.62	0.00	41740.58
425.90	27114.28	0.00	40087.11
426.00	30201.50	0.00	38231.26
426.10	33069.26	0.00	36199.48
426.20	35704.57	0.00	34018.84
426.30	38098.54	0.00	31716.39
426.40	40246.28	0.00	29318.60
426.50	42146.81	0.00	26850.81
426.60	43802.80	0.00	24336.68
426.70	45220.26	0.00	21797.73
426.80	46408.13	0.00	19252.98
426.90	47377.84	0.00	16718.58
427.00	48142.79	0.00	14207.55
427.10	48717.77	0.00	11729.68
427.20	49118.42	0.00	9291.38
427.30	49364.26	0.00	6895.74
427.40	49496.14	0.00	4542.60
427.50	49533.73	0.00	2228.77
427.60	49490.23	0.00	-51.73
427.70	49376.73	0.00	-2307.31
427.80	49201.84	0.00	-4548.43
427.90	48971.38	0.00	-6787.12
428.00	48688.19	0.00	-9036.47
428.10	48351.90	0.00	-11310.11
428.20	47958.87	0.00	-13621.64
428.30	47502.23	0.00	-15984.06
428.40	46971.87	0.00	-18409.21
428.50	46354.67	0.00	-20907.24
428.60	45634.70	0.00	-23486.06
428.70	44793.53	0.00	-26150.93
428.80	43810.62	0.00	-28903.99
428.90	42663.72	0.00	-31743.93
429.00	41329.42	0.00	-34665.67
429.10	39783.64	0.00	-37660.20
429.20	38002.22	0.00	-40714.43
429.30	35961.55	0.00	-43811.15
429.40	33639.15	0.00	-46929.04
429.50	31014.33	0.00	-50042.88
429.60	28068.82	0.00	-53123.70
429.70	24787.40	0.00	-56139.11
429.80	21158.44	0.00	-59053.69
429.90	17174.53	0.00	-61829.41
430.00	12832.96	0.00	-64426.19
430.10	8136.17	0.00	-66802.43
430.20	3092.20	0.00	-68915.67
430.30	-2285.03	0.00	-70723.22
430.40	-7975.48	0.00	-72182.88
430.50	-13952.80	0.00	-73253.60
430.60	-20184.33	0.00	-73896.23
430.70	-26631.10	0.00	-74074.17
430.80	-33248.08	0.00	-73754.13
430.90	-39984.37	0.00	-72906.71
431.00	-46783.69	0.00	-71507.04
431.10	-53584.86	0.00	-69535.37
431.20	-60322.44	0.00	-66977.56
431.30	-66927.49	0.00	-63825.50
431.40	-73328.43	0.00	-60077.53
431.50	-79451.97	0.00	-55738.68
431.60	-85224.16	0.00	-50820.87
431.70	-90571.47	0.00	-45343.05
431.80	-95421.93	0.00	-39331.17
431.90	-99706.28	0.00	-32818.14
432.00	-103359.15	0.00	-25843.61
432.10	-106320.47	0.00	-18453.72
432.20	-108624.67	0.00	-10700.70
432.30	-110301.31	0.00	-2642.44
432.40	-111316.68	0.00	5658.09
432.50	-111641.39	0.00	14133.46
432.60	-111250.75	0.00	22712.47
432.70	-110125.16	0.00	31320.92
432.80	-108250.49	0.00	39882.47
432.90	-105618.43	0.00	48319.43
433.00	-102226.84	0.00	56553.73
433.10	-98080.08	0.00	64507.82
433.20	-93189.29	0.00	72105.57
433.30	-87572.64	0.00	79273.20
433.40	-81255.52	0.00	85940.22
433.50	-74270.65	0.00	92040.26
433.60	-66658.17	0.00	97511.94
433.70	-58465.56	0.00	102299.60
433.80	-49747.48	0.00	106354.05
433.90	-40565.55	0.00	109633.18
434.00	-30987.94	0.00	112102.49
434.10	-21088.86	0.00	113735.59
434.20	-10947.92	0.00	114514.50
434.30	-649.35	0.00	114429.88
434.40	9718.86	0.00	113481.23
434.50	20065.98	0.00	111676.82
434.60	30299.65	0.00	109033.67
434.70	40327.05	0.00	105577.28
434.80	50056.16	0.00	101341.33
434.90	59397.00	0.00	96367.29
435.00	68262.94	0.00	90703.84
435.10	76572.00	0.00	84406.30
435.20	84248.00	0.00	77535.91
435.30	91221.75	0.00	70159.08
435.40	97432.11	0.00	62346.54
435.50	102826.85	0.00	54172.47
435.60	107363.45	0.00	45713.60
435.70	111009.68	0.00	37048.24
435.80	113744.03	0.00	28255.36
435.90	115555.90	0.00	19413.61
436.00	116445.64	0.00	10600.47
436.10	116424.38	0.00	1891.25
436.20	115513.63	0.00	-6641.67
436.30	113748.22	0.00	-14929.68
436.40	111284.01	0.00	-22908.68
436.50	108216.28	0.00	-30519.68
436.60	104584.85	0.00	-37709.41
436.70	100432.66	0.00	-44430.77
436.80	95805.31	0.00	-50643.22
436.90	90750.61	0.00	-56313.04
437.00	85318.14	0.00	-61413.48
437.10	79558.75	0.00	-65924.84
437.20	73524.06	0.00	-69834.42
437.30	67265.97	0.00	-73136.37
437.40	60836.15	0.00	-75831.44
437.50	54285.51	0.00	-77926.66
437.60	47663.74	0.00	-79434.92
437.70	41018.78	0.00	-80374.47
437.80	34396.40	0.00	-80768.38
437.90	27839.78	0.00	-80643.96
438.00	21389.09	0.00	-80032.10
438.10	15081.21	0.00	-78966.61
438.20	8949.47	0.00	-77483.56
438.30	3023.41	0.00	-75620.62
438.40	-2671.32	0.00	-73416.38
438.50	-8113.00	0.00	-70909.74
438.60	-13283.88	0.00	-68139.32
438.70	-18169.99	0.00	-65142.90
438.80	-22761.11	0.00	-61956.95
438.90	-27050.44	0.00	-58616.22
439.00	-31034.40	0.00	-55153.32
439.10	-34712.28	0.00	-51598.54
439.20	-38085.90	0.00	-47979.55
439.30	-41159.23	0.00	-44321.30
439.40	-43938.03	0.00	-40645.98
439.50	-46429.40	0.00	-36972.98
439.60	-48641.49	0.00	-33319.00
439.70	-50583.07	0.00	-29698.17
439.80	-52263.23	0.00	-26122.20
439.90	-53691.10	0.00	-22600.64
440.00	-54875.61	0.00	-19141.11
440.10	-55825.24	0.00	-15749.58
440.20	-56547.94	0.00	-12430.67
440.30	-57051.00	0.00	-9187.93
440.40	-57341.00	0.00	-6024.14
440.50	-57423.86	0.00	-2941.60
440.60	-57304.82	0.00	57.66
440.70	-56988.59	0.00	2971.57
440.80	-56479.46	0.00	5797.93
440.90	-55781.43	0.00	8534.13
441.00	-54898.39	0.00	11177.15
441.10	-53834.29	0.00	13723.38
441.20	-52610.24	0.00	16168.64
441.30	-51251.18	0.00	18508.17
441.40	-49759.31	0.00	20736.67
441.50	-48137.08	0.00	22848.36
441.60	-46387.55	0.00	24837.10
441.70	-44514.45	0.00	26696.51
441.80	-42522.33	0.00	28420.13
441.90	-40416.64	0.00	30001.53
442.00	-38203.78	0.00	31434.55
442.10	-35891.11	0.00	32713.40
442.20	-33486.95	0.00	33832.85
442.30	-31000.53	0.00	34788.36
442.40	-28441.91	0.00	35576.22
442.50	-25821.93	0.00	36193.65
442.60	-23152.04	0.00	36638.88
442.70	-20444.24	0.00	36911.24
442.80	-17710.90	0.00	37011.16
442.90	-14964.63	0.00	36940.17
443.00	-12218.15	0.00	36700.90
443.10	-9484.14	0.00	36297.06
443.20	-6775.14	0.00	35733.30
443.30	-4103.41	0.00	35015.21
443.40	-1480.84	0.00	34149.16
443.50	1081.10	0.00	33142.26
443.60	3571.47	0.00	32002.17
443.70	5979.87	0.00	30737.10
443.80	8296.45	0.00	29355.60
443.90	10511.94	0.00	27866.55
444.00	12617.63	0.00	26279.05
444.10	14605.35	0.00	24602.36
444.20	16467.43	0.00	22845.89
444.30	18196.70	0.00	21019.13
444.40	19786.40	0.00	19131.69
444.50	21230.22	0.00	17193.30
444.60	22522.25	0.00	15213.86
444.70	23656.97	0.00	13203.48
444.80	24629.30	0.00	11172.54
444.90	25434.62	0.00	9131.77
445.00	26068.82	0.00	7092.30
445.10	26528.40	0.00	5065.75
445.20	26810.57	0.00	3064.26
445.30	26913.35	0.00	1100.53
445.40	26835.76	0.00	-812.13
445.50	26577.91	0.00	-2659.87
445.60	26141.21	0.00	-4428.26
445.70	25528.55	0.00	-6102.44
445.80	24744.39	0.00	-7667.15
445.90	23794.97	0.00	-9106.95
446.00	22688.44	0.00	-10406.33
446.10	21434.93	0.00	-11549.96
446.20	20046.69	0.00	-12522.93
446.30	18538.08	0.00	-13311.01
446.40	16925.58	0.00	-13900.93
446.50	15227.80	0.00	-14280.75
446.60	13465.32	0.00	-14440.11
446.70	11660.58	0.00	-14370.56
446.80	9837.73	0.00	-14065.92
446.90	8022.33	0.00	-13522.52
447.00	6241.12	0.00	-12739.50
447.10	4521.65	0.00	-11719.06
447.20	2891.98	0.00	-10466.63
447.30	1380.24	0.00	-8991.06
447.40	14.21	0.00	-7304.69
447.50	-1179.10	0.00	-5423.43
447.60	-2173.88	0.00	-3366.71
447.70	-2945.99	0.00	-1157.43
447.80	-3473.44	0.00	1178.18
447.90	-3736.79	0.00	3610.81
448.00	-3719.57	0.00	6108.28
448.10	-3408.72	0.00	8635.91
448.20	-2794.88	0.00	11156.88
448.30	-1872.77	0.00	13632.69
448.40	-641.46	0.00	16023.61
448.50	895.45	0.00	18289.23
448.60	2729.60	0.00	20388.98
448.70	4847.79	0.00	22282.70
448.80	7231.93	0.00	23931.26
448.90	9859.09	0.00	25297.08
449.00	12701.94	0.00	26344.79
449.10	15730.28	0.00	27041.73
449.20	18909.40	0.00	27358.55
449.30	22200.99	0.00	27269.71
449.40	25563.66	0.00	26753.95
449.50	28953.37	0.00	25794.74
449.60	32323.96	0.00	24380.68
449.70	35627.60	0.00	22505.79
449.80	38815.41	0.00	20169.78
449.90	41837.95	0.00	17378.27
450.00	44645.82	0.00	14142.89
450.10	47190.21	0.00	10481.31
450.20	49423.49	0.00	6417.24
450.30	51299.75	0.00	1980.28
450.40	52775.38	0.00	-2794.25
450.50	53809.61	0.00	-7865.60
450.60	54365.03	0.00	-13187.94
450.70	54408.12	0.00	-18710.76
450.80	53909.75	0.00	-24379.44
450.90	52845.66	0.00	-30135.72
451.00	51196.87	0.00	-35918.42
451.10	48950.18	0.00	-41664.04
451.20	46098.46	0.00	-47307.54
451.30	42641.06	0.00	-52783.08
451.40	38584.09	0.00	-58024.80
451.50	33940.63	0.00	-62967.63
451.60	28730.91	0.00	-67548.10
451.70	22982.42	0.00	-71705.15
451.80	16729.91	0.00	-75380.89
451.90	10015.34	0.00	-78521.39
452.00	2887.63	0.00	-81077.35
452.10	-4597.52	0.00	-83004.83
452.20	-12378.11	0.00	-84265.77
452.30	-20386.32	0.00	-84828.61
452.40	-28549.09	0.00	-84668.66
452.50	-36788.91	0.00	-83768.54
452.60	-45024.60	0.00	-82118.44
452.70	-53172.31	0.00	-79716.29
452.80	-61146.45	0.00	-76567.84
452.90	-68860.83	0.00	-72686.70
453.00	-76229.80	0.00	-68094.17
453.10	-83169.38	0.00	-62819.09
453.20	-89598.49	0.00	-56897.51
453.30	-95440.06	0.00	-50372.32
453.40	-100622.23	0.00	-43292.80
453.50	-105079.33	0.00	-35714.09
453.60	-108752.96	0.00	-27696.56
453.70	-111592.83	0.00	-19305.20
453.80	-113638.29	0.00	-10608.90
453.90	-114956.75	0.00	-1679.72
454.00	-115530.08	0.00	7407.85
454.10	-115344.94	0.00	16577.69
454.20	-114392.97	0.00	25752.79
454.30	-112670.80	0.00	34856.05
454.40	-110180.09	0.00	43811.00
454.50	-106927.58	0.00	52542.56
454.60	-102925.09	0.00	60977.74
454.70	-98189.60	0.00	69046.31
454.80	-92743.31	0.00	76681.36
454.90	-86613.60	0.00	83819.98
455.00	-79833.14	0.00	90403.69
455.10	-72439.79	0.00	96378.93
455.20	-64476.62	0.00	101697.50
455.30	-55991.80	0.00	106316.86
455.40	-47038.48	0.00	110200.45
455.50	-37674.57	0.00	113317.89
455.60	-27962.48	0.00	115645.20
455.70	-17968.84	0.00	117164.85
455.80	-7764.02	0.00	117865.83
455.90	2578.27	0.00	117743.68
456.00	12981.60	0.00	116800.40
456.10	23367.38	0.00	115044.37
456.20	33655.58	0.00	112490.16
456.30	43765.48	0.00	109158.38
456.40	53616.42	0.00	105075.42
456.50	63128.67	0.00	100273.16
456.60	72224.29	0.00	94788.70
456.70	80827.94	0.00	88663.96
456.80	88867.78	0.00	81945.34
456.90	96276.34	0.00	74683.31
457.00	102991.24	0.00	66932.01
457.10	108956.05	0.00	58748.74
457.20	114120.90	0.00	50193.58
457.30	118443.16	0.00	41328.84
457.40	121887.93	0.00	32218.64
457.50	124428.48	0.00	22928.36
457.60	126046.57	0.00	13524.15
457.70	126732.65	0.00	4072.48
457.80	126488.60	0.00	-5360.43
457.90	125460.96	0.00	-14709.07
458.00	123738.83	0.00	-23909.10
458.10	121335.07	0.00	-32897.86
458.20	118265.39	0.00	-41614.83
458.30	114548.47	0.00	-50002.01
458.40	110205.95	0.00	-58004.40
458.50	105262.51	0.00	-65570.34
458.60	99745.89	0.00	-72651.89
458.70	93687.00	0.00	-79205.15
458.80	87119.91	0.00	-85190.54
458.90	80081.85	0.00	-90573.06
459.00	72613.24	0.00	-95322.51
459.10	64757.60	0.00	-99413.65
459.20	56561.45	0.00	-102826.33
459.30	48074.18	0.00	-105545.59
459.40	39347.79	0.00	-107561.67
459.50	30436.69	0.00	-108870.03
459.60	21397.37	0.00	-109471.33
459.70	12287.99	0.00	-109371.27
459.80	3168.00	0.00	-108580.54
459.90	-5902.34	0.00	-107114.61
460.00	-14862.47	0.00	-104993.53
460.10	-23652.06	0.00	-102241.71
460.20	-32211.59	0.00	-98887.63
460.30	-40482.91	0.00	-94963.59
460.40	-48409.83	0.00	-90505.33
460.50	-55938.70	0.00	-85551.73
460.60	-63018.97	0.00	-80144.46
460.70	-69603.73	0.00	-74327.58
460.80	-75650.19	0.00	-68147.19
460.90	-81120.16	0.00	-61651.03
461.00	-85980.44	0.00	-54888.08
461.10	-90203.17	0.00	-47908.19
461.20	-93766.11	0.00	-40761.67
461.30	-96652.83	0.00	-33498.93
461.40	-98852.89	0.00	-26170.07
461.50	-100361.83	0.00	-18824.56
461.60	-101181.24	0.00	-11510.82
461.70	-101318.58	0.00	-4275.95
461.80	-100787.09	0.00	2834.67
461.90	-99605.52	0.00	9777.63
462.00	-97844.69	0.00	16511.80
462.10	-95614.35	0.00	22998.62
462.20	-92939.43	0.00	29202.32
462.30	-89844.64	0.00	35090.16
462.40	-86356.30	0.00	40632.59
462.50	-82502.16	0.00	45803.47
462.60	-78311.34	0.00	50580.19
462.70	-73814.17	0.00	54943.76
462.80	-69042.08	0.00	58878.89
462.90	-64027.44	0.00	62374.05
463.00	-58803.40	0.00	65421.48
463.10	-53403.66	0.00	68017.13
463.20	-47862.32	0.00	70160.63
463.30	-42213.58	0.00	71855.18
463.40	-36491.58	0.00	73107.41
463.50	-30730.08	0.00	73927.22
463.60	-24962.21	0.00	74327.58
463.70	-19220.20	0.00	74324.30
463.80	-13535.13	0.00	73935.77
463.90	-7936.61	0.00	73182.68
464.00	-2452.59	0.00	72087.70
464.10	2890.93	0.00	70675.17
464.20	8070.09	0.00	68970.75
464.30	13063.37	0.00	67001.08
464.40	17851.73	0.00	64793.44
464.50	22418.75	0.00	62375.38
464.60	26750.67	0.00	59774.35
464.70	30836.48	0.00	57017.42
464.80	34667.87	0.00	54130.92
464.90	38239.20	0.00	51140.13
465.00	41547.40	0.00	48069.02
465.10	44591.83	0.00	44940.01
465.20	47374.09	0.00	41773.71
465.30	49897.85	0.00	38588.76
465.40	52168.58	0.00	35401.69
465.50	54193.30	0.00	32226.80
465.60	55980.28	0.00	29076.06
465.70	57538.74	0.00	25959.16
465.80	58878.57	0.00	22883.42
465.90	60010.00	0.00	19853.94
466.00	60943.29	0.00	16873.61
466.10	61688.47	0.00	13943.31
466.20	62255.06	0.00	11062.02
466.30	62651.79	0.00	8227.05
466.40	62886.44	0.00	5434.23
466.50	62965.59	0.00	2678.19
466.60	62899.10	0.00	-47.37
466.70	62731.25	0.00	-2749.42
466.80	62473.35	0.00	-5435.30
466.90	62125.21	0.00	-8112.41
467.00	61684.73	0.00	-10787.91
467.10	61147.98	0.00	-13468.46
467.20	60509.25	0.00	-16159.86
467.30	59761.23	0.00	-18866.89
467.40	58895.10	0.00	-21592.96
467.50	57900.79	0.00	-24339.97
467.60	56767.16	0.00	-27108.06
467.70	55482.28	0.00	-29895.49
467.80	54033.64	0.00	-32698.48
467.90	52408.51	0.00	-35511.18
468.00	50594.18	0.00	-38325.58
468.10	48578.30	0.00	-41131.53
468.20	46349.22	0.00	-43916.77
468.30	43896.26	0.00	-46667.03
468.40	41210.06	0.00	-49366.14
468.50	38282.89	0.00	-51996.20
468.60	35108.92	0.00	-54537.77
468.70	31684.52	0.00	-56970.12
468.80	28008.47	0.00	-59271.49
468.90	24082.26	0.00	-61419.34
469.00	19910.20	0.00	-63390.69
469.10	15499.62	0.00	-65162.45
469.20	10860.96	0.00	-66711.71
469.30	6007.86	0.00	-68016.08
469.40	957.18	0.00	-69054.05
469.50	-4271.04	0.00	-69805.28
469.60	-9653.63	0.00	-70250.88
469.70	-15164.43	0.00	-70373.77
469.80	-20774.44	0.00	-70158.87
469.90	-26452.07	0.00	-69593.37
470.00	-32163.35	0.00	-68666.92
470.10	-37872.30	0.00	-67371.81
470.20	-43541.19	0.00	-65703.11
470.30	-49131.00	0.00	-63658.74
470.40	-54601.73	0.00	-61239.54
470.50	-59912.90	0.00	-58449.33
470.60	-65023.91	0.00	-55294.83
470.70	-69894.55	0.00	-51785.66
470.80	-74485.40	0.00	-47934.24
470.90	-78758.25	0.00	-43755.70
471.00	-82676.56	0.00	-39267.71
471.10	-86205.85	0.00	-34490.36
471.20	-89314.05	0.00	-29445.97
471.30	-91971.87	0.00	-24158.88
471.40	-94153.09	0.00	-18655.28
471.50	-95834.86	0.00	-12962.98
471.60	-97050.98	0.00	-7111.21
471.70	-97863.32	0.00	-1130.41
471.80	-98262.79	0.00	4948.01
471.90	-98241.17	0.00	11091.81
472.00	-97791.61	0.00	17268.20
472.10	-96908.65	0.00	23443.98
472.20	-95588.22	0.00	29585.72
472.30	-93827.67	0.00	35659.97
472.40	-91625.85	0.00	41633.37
472.50	-88983.12	0.00	47472.88
472.60	-85901.50	0.00	53145.88
472.70	-82384.72	0.00	58620.31
472.80	-78438.37	0.00	63864.86
472.90	-74070.02	0.00	68849.05
473.00	-69289.36	0.00	73543.44
473.10	-64108.36	0.00	77919.68
473.20	-58541.41	0.00	81950.74
473.30	-52605.46	0.00	85611.00
473.40	-46320.16	0.00	88876.40
473.50	-39707.95	0.00	91724.62
473.60	-32794.20	0.00	94135.21
473.70	-25607.22	0.00	96089.72
473.80	-18178.30	0.00	97571.92
473.90	-10541.72	0.00	98567.90
474.00	-2734.67	0.00	99066.24
474.10	5202.90	0.00	99058.15
474.20	13228.36	0.00	98537.59
474.30	21296.69	0.00	97501.42
474.40	29360.72	0.00	95949.48
474.50	37371.49	0.00	93884.69
474.60	45278.58	0.00	91313.12
474.70	53030.59	0.00	88243.98
474.80	60575.57	0.00	84689.71
474.90	67861.57	0.00	80665.88
475.00	74837.12	0.00	76191.18
475.10	81451.84	0.00	71287.36
475.20	87656.97	0.00	65979.03
475.30	93405.93	0.00	60293.60
475.40	98654.88	0.00	54261.06
475.50	103363.25	0.00	47913.74
475.60	107494.21	0.00	41286.14
475.70	111015.15	0.00	34414.62
475.80	113898.05	0.00	27337.13
475.90	116119.82	0.00	20092.93
476.00	117662.58	0.00	12722.27
476.10	118513.83	0.00	5266.08
476.20	118720.49	0.00	-2234.32
476.30	118415.09	0.00	-9737.56
476.40	117604.75	0.00	-17202.51
476.50	116291.81	0.00	-24588.53
476.60	114480.08	0.00	-31855.81
476.70	112174.85	0.00	-38965.55
476.80	109382.89	0.00	-45880.24
476.90	106112.44	0.00	-52563.80
477.00	102373.25	0.00	-58981.83
477.10	98176.57	0.00	-65101.70
477.20	93535.28	0.00	-70892.70
477.30	88463.88	0.00	-76326.15
477.40	82978.57	0.00	-81375.44
477.50	77097.39	0.00	-86016.09
477.60	70840.23	0.00	-90225.85
477.70	64228.97	0.00	-93984.63
477.80	57287.54	0.00	-97274.57
477.90	50042.03	0.00	-100080.05
478.00	42520.72	0.00	-102387.66
478.10	34754.19	0.00	-104186.24
478.20	26775.33	0.00	-105466.84
478.30	18619.36	0.00	-106222.78
478.40	10323.85	0.00	-106449.67
478.50	1928.62	0.00	-106145.41
478.60	-6524.31	0.00	-105310.24
478.70	-14990.84	0.00	-103946.83
478.80	-23425.00	0.00	-102060.28
478.90	-31779.15	0.00	-99658.25
479.00	-40004.25	0.00	-96750.98
479.10	-48050.24	0.00	-93351.39
479.20	-55866.36	0.00	-89475.15
479.30	-63401.67	0.00	-85140.70
479.40	-70605.44	0.00	-80369.34
479.50	-77427.77	0.00	-75185.24
479.60	-83820.10	0.00	-69615.39
479.70	-89735.82	0.00	-63689.65
479.80	-95130.86	0.00	-57440.59
479.90	-99964.36	0.00	-50903.47
480.00	-104199.20	0.00	-44116.01
480.10	-107802.64	0.00	-37118.21
480.20	-110746.85	0.00	-29952.15
480.30	-113009.41	0.00	-22661.64
480.40	-114573.75	0.00	-15291.87
480.50	-115429.50	0.00	-7889.11
480.60	-115572.79	0.00	-500.17
480.70	-115007.76	0.00	6827.95
480.80	-113854.07	0.00	14048.63
480.90	-112192.25	0.00	21116.07
481.00	-110035.02	0.00	27985.86
481.10	-107398.02	0.00	34615.44
481.20	-104299.79	0.00	40964.65
481.30	-100761.73	0.00	46996.19
481.40	-96808.01	0.00	52676.09
481.50	-92465.43	0.00	57974.11
481.60	-87763.23	0.00	62864.11
481.70	-82732.90	0.00	67324.35
481.80	-77407.83	0.00	71337.72
481.90	-71823.04	0.00	74891.90
482.00	-66014.80	0.00	77979.46
482.10	-60020.19	0.00	80597.83
482.20	-53876.68	0.00	82749.24
482.30	-47621.70	0.00	84440.52
482.40	-41292.09	0.00	85682.89
482.50	-34923.72	0.00	86491.60
482.60	-28550.96	0.00	86885.54
482.70	-22206.27	0.00	86886.81
482.80	-15919.80	0.00	86520.16
482.90	-9719.03	0.00	85812.45
483.00	-3628.49	0.00	84792.11
483.10	2330.50	0.00	83488.45
483.20	8139.92	0.00	81931.12
483.30	13785.21	0.00	80149.48
483.40	19255.16	0.00	78172.01
483.50	24541.88	0.00	76025.78
483.60	29640.61	0.00	73735.92
483.70	34549.42	0.00	71325.20
483.80	39268.94	0.00	68813.60
483.90	43801.91	0.00	66218.03
484.00	48152.77	0.00	63552.09
484.10	52327.15	0.00	60825.91
484.20	56331.37	0.00	58046.05
484.30	60171.86	0.00	55215.59
484.40	63854.68	0.00	52334.14
484.50	67384.99	0.00	49398.09
484.60	70766.52	0.00	46400.87
484.70	74001.14	0.00	43333.22
484.80	77088.49	0.00	40183.65
484.90	80025.58	0.00	36938.86
485.00	82806.58	0.00	33584.23
485.10	85422.61	0.00	30104.36
485.20	87861.67	0.00	26483.64
485.30	90108.59	0.00	22706.77
485.40	92145.19	0.00	18759.37
485.50	93950.38	0.00	14628.54
485.60	95506.11	0.00	10303.35
485.70	96877.04	0.00	5775.43
485.80	98070.76	0.00	1039.34
485.90	99061.95	0.00	-3906.91
486.00	99823.07	0.00	-9061.59
486.10	100324.71	0.00	-14418.87
486.20	100536.04	0.00	-19968.64
486.30	100425.28	0.00	-25696.33
486.40	99960.18	0.00	-31582.81
486.50	99108.53	0.00	-37604.44
486.60	97838.75	0.00	-43733.09
486.70	96120.40	0.00	-49936.30
486.80	93924.79	0.00	-56177.55
486.90	91225.54	0.00	-62416.52
487.00	87999.18	0.00	-68609.47
487.10	84225.73	0.00	-74709.71
487.20	79889.25	0.00	-80668.06
487.30	74978.44	0.00	-86433.43
487.40	69487.11	0.00	-91953.41
487.50	63414.71	0.00	-97174.88
487.60	56766.75	0.00	-102044.69
487.70	49555.21	0.00	-106510.33
487.80	41798.84	0.00	-110520.61
487.90	33523.39	0.00	-114026.37
488.00	24761.79	0.00	-116981.08
488.10	15554.20	0.00	-119341.57
488.20	5947.93	0.00	-121068.58
488.30	-4002.71	0.00	-122127.35
488.40	-14236.73	0.00	-122488.15
488.50	-24686.82	0.00	-122126.71
488.60	-35279.95	0.00	-121024.65
488.70	-45938.02	0.00	-119169.78
488.80	-56578.58	0.00	-116556.34
488.90	-67115.81	0.00	-113185.17
489.00	-77461.44	0.00	-109063.80
489.10	-87525.81	0.00	-104206.41
489.20	-97219.04	0.00	-98633.80
489.30	-106452.17	0.00	-92373.17
489.40	-115138.35	0.00	-85457.89
489.50	-123194.04	0.00	-77927.19
489.60	-130540.19	0.00	-69825.77
489.70	-137103.33	0.00	-61203.34
489.80	-142816.65	0.00	-52114.13
489.90	-147620.91	0.00	-42616.34
490.00	-151465.33	0.00	-32771.59
490.10	-154308.28	0.00	-22644.26
490.20	-156125.81	0.00	-12300.88
490.30	-157123.17	0.00	-1809.54
490.40	-157395.05	0.00	8760.80
490.50	-156937.03	0.00	19340.88
490.60	-155747.37	0.00	29861.82
490.70	-153826.90	0.00	40255.61
490.80	-151179.06	0.00	50455.77
490.90	-147809.89	0.00	60397.78
491.00	-143728.13	0.00	70019.60
491.10	-138945.29	0.00	79262.13
491.20	-133475.78	0.00	88069.57
491.30	-127337.04	0.00	96389.78
491.40	-120549.70	0.00	104174.60
491.50	-113137.71	0.00	111380.08
491.60	-105128.50	0.00	117966.67
491.70	-96553.10	0.00	123899.47
491.80	-87446.24	0.00	129148.22
491.90	-77846.37	0.00	133687.50
492.00	-67795.77	0.00	137496.68
492.10	-57340.42	0.00	140559.97
492.20	-46530.00	0.00	142866.34
492.30	-35417.70	0.00	144409.50
492.40	-24060.01	0.00	145187.79
492.50	-12516.50	0.00	145204.00
492.60	-849.46	0.00	144465.30
492.70	10876.47	0.00	142983.01
492.80	22594.76	0.00	140772.44
492.90	34237.45	0.00	137852.64
493.00	45735.67	0.00	134246.20
493.10	57020.25	0.00	129979.01
493.20	68022.27	0.00	125080.01
493.30	78673.67	0.00	119580.89
493.40	88907.87	0.00	113515.91
493.50	98660.39	0.00	106921.54
493.60	107869.40	0.00	99836.24
493.70	116476.35	0.00	92300.20
493.80	124426.48	0.00	84355.08
493.90	131669.33	0.00	76043.70
494.00	138159.21	0.00	67409.89
494.10	143855.60	0.00	58498.17
494.20	148723.49	0.00	49353.57
494.30	152733.71	0.00	40021.42
494.40	155863.13	0.00	30547.14
494.50	158094.84	0.00	20976.08
494.60	159418.24	0.00	11353.32
494.70	159829.13	0.00	1723.55
494.80	159448.12	0.00	-7869.07
494.90	158508.48	0.00	-17381.08
495.00	157020.64	0.00	-26769.80
495.10	154989.19	0.00	-35993.47
495.20	152418.63	0.00	-45011.35
495.30	149313.52	0.00	-53783.81
495.40	145678.69	0.00	-62272.48
495.50	141519.46	0.00	-70440.32
495.60	136841.94	0.00	-78251.76
495.70	131653.26	0.00	-85672.80
495.80	125961.94	0.00	-92671.15
495.90	119778.18	0.00	-99216.33
496.00	113114.18	0.00	-105279.84
496.10	105984.47	0.00	-110835.29
496.20	98406.13	0.00	-115858.53
496.30	90399.15	0.00	-120327.80
496.40	81986.54	0.00	-124223.87
496.50	73194.57	0.00	-127530.19
496.60	64052.87	0.00	-130232.99
496.70	54594.47	0.00	-132321.43
496.80	44855.83	0.00	-133787.65
496.90	34876.73	0.00	-134626.89
497.00	24700.16	0.00	-134837.54
497.10	14372.11	0.00	-134421.12
497.20	3941.30	0.00	-133382.35
497.30	-6541.15	0.00	-131729.06
497.40	-17022.07	0.00	-129472.16
497.50	-27446.70	0.00	-126625.52
497.60	-37759.11	0.00	-123205.86
497.70	-47902.70	0.00	-119232.61
497.80	-57820.71	0.00	-114727.71
497.90	-67456.73	0.00	-109715.43
498.00	-76755.16	0.00	-104222.13
498.10	-85661.77	0.00	-98276.09
498.20	-94124.11	0.00	-91907.22
498.30	-102092.01	0.00	-85146.86
498.40	-109517.93	0.00	-78027.56
498.50	-116357.39	0.00	-70582.88
498.60	-122569.24	0.00	-62847.18
498.70	-128115.98	0.00	-54855.47
498.80	-132964.02	0.00	-46643.25
498.90	-137083.84	0.00	-38246.41
499.00	-140450.17	0.00	-29701.16
499.10	-143042.16	0.00	-21043.95
499.20	-144843.43	0.00	-12311.47
499.30	-145842.18	0.00	-3540.65
499.40	-146031.24	0.00	5231.36
499.50	-145411.83	0.00	13967.06
499.60	-144169.96	0.00	22628.65
499.70	-142407.61	0.00	31177.92
499.80	-140122.46	0.00	39576.20
499.90	-137312.07	0.00	47784.38
500.00	-133974.16	0.00	55762.87
500.10	-130107.02	0.00	63471.62
500.20	-125710.00	0.00	70870.20
500.30	-120783.92	0.00	77917.94
500.40	-115331.74	0.00	84574.05
500.50	-109359.03	0.00	90797.87
500.60	-102874.62	0.00	96549.16
500.70	-95891.21	0.00	101788.41
500.80	-88425.85	0.00	106477.30
500.90	-80500.57	0.00	110579.09
501.00	-72142.77	0.00	114059.17
501.10	-63385.61	0.00	116885.57
501.20	-54268.35	0.00	119029.55
501.30	-44836.40	0.00	120466.20
501.40	-35141.45	0.00	121174.99
501.50	-25241.26	0.00	121140.41
501.60	-15199.43	0.00	120352.45
501.70	-5084.90	0.00	118807.18
501.80	5028.65	0.00	116507.16
501.90	15063.60	0.00	113461.82
502.00	24939.32	0.00	109687.77
502.10	34573.28	0.00	105208.97
502.20	43882.23	0.00	100056.79
502.30	52783.54	0.00	94270.00
502.40	61196.54	0.00	87894.56
502.50	69043.95	0.00	80983.34
502.60	76253.29	0.00	73595.65
502.70	82758.25	0.00	65796.73
502.80	88500.00	0.00	57657.00
502.90	93428.37	0.00	49251.30
503.00	97502.89	0.00	40658.00
503.10	100693.69	0.00	31957.95
503.20	102982.12	0.00	23233.50
503.30	104361.23	0.00	14567.33
503.40	104835.98	0.00	6041.33
503.50	104423.17	0.00	-2264.52
503.60	103151.17	0.00	-10273.34
503.70	101059.43	0.00	-17912.39
503.80	98197.69	0.00	-25114.15
503.90	94625.03	0.00	-31817.28
504.00	90408.79	0.00	-37967.47
504.10	85623.22	0.00	-43518.20
504.20	80395.47	0.00	-48431.36
504.30	74845.13	0.00	-52677.71
504.40	69040.13	0.00	-56237.25
504.50	63049.81	0.00	-59099.33
504.60	56943.98	0.00	-61262.70
504.70	50791.99	0.00	-62735.36
504.80	44661.81	0.00	-63534.19
504.90	38619.00	0.00	-63684.56
505.00	32725.85	0.00	-63219.69
505.10	27040.40	0.00	-62179.92
505.20	21615.67	0.00	-60611.89
505.30	16498.86	0.00	-58567.59
505.40	11730.70	0.00	-56103.34
505.50	7344.97	0.00	-53278.77
505.60	3368.02	0.00	-50155.67
505.70	-181.40	0.00	-46796.89
505.80	-3292.29	0.00	-43265.27
505.90	-5961.32	0.00	-39622.55
506.00	-8192.65	0.00	-35928.37
506.10	-9997.50	0.00	-32239.28
506.20	-11393.71	0.00	-28607.95
506.30	-12405.10	0.00	-25082.35
506.40	-13060.70	0.00	-21705.17
506.50	-13393.99	0.00	-18513.23
506.60	-13441.92	0.00	-15537.17
506.70	-13244.07	0.00	-12801.16
506.80	-12841.59	0.00	-10322.80
506.90	-12276.32	0.00	-8113.16
507.00	-11589.82	0.00	-6176.90
507.10	-10822.46	0.00	-4512.62
507.20	-10012.62	0.00	-3113.20
507.30	-9195.92	0.00	-1966.34
507.40	-8404.57	0.00	-1055.13
507.50	-7666.80	0.00	-358.76
507.60	-7006.46	0.00	146.81
507.70	-6442.64	0.00	488.00
507.80	-5989.53	0.00	692.89
507.90	-5656.28	0.00	790.36
508.00	-5447.12	0.00	809.33
508.10	-5361.45	0.00	778.01
508.20	-5394.14	0.00	723.15
508.30	-5535.90	0.00	669.40
508.40	-5773.72	0.00	638.75
508.50	-6091.42	0.00	650.01
508.60	-6470.24	0.00	718.39
508.70	-6889.48	0.00	855.23
508.80	-7327.15	0.00	1067.80
508.90	-7760.74	0.00	1359.19
509.00	-8167.82	0.00	1728.35
509.10	-8526.77	0.00	2170.20
509.20	-8817.43	0.00	2675.85
509.30	-9021.65	0.00	3232.95
509.40	-9123.88	0.00	3826.03
509.50	-9111.60	0.00	4437.05
509.60	-8975.72	0.00	5045.87
509.70	-8710.87	0.00	5630.87
509.80	-8315.58	0.00	6169.55
509.90	-7792.39	0.00	6639.17
510.00	-7147.83	0.00	7017.40
510.10	-6392.34	0.00	7282.92
510.20	-5540.03	0.00	7416.04
510.30	-4608.40	0.00	7399.27
510.40	-3617.98	0.00	7217.82
510.50	-2591.86	0.00	6860.02
510.60	-1555.22	0.00	6317.75
510.70	-534.71	0.00	5586.69
510.80	442.06	0.00	4666.55
510.90	1347.22	0.00	3561.18
511.00	2153.16	0.00	2278.58
511.10	2833.25	0.00	830.86
511.20	3362.35	0.00	-765.93
511.30	3717.41	0.00	-2492.05
511.40	3878.01	0.00	-4324.38
511.50	3826.80	0.00	-6236.86
511.60	3549.95	0.00	-8200.87
511.70	3037.44	0.00	-10185.84
511.80	2283.40	0.00	-12159.73
511.90	1286.24	0.00	-14089.67
512.00	48.80	0.00	-15942.54
512.10	-1421.62	0.00	-17685.61
512.20	-3113.34	0.00	-19287.12
512.30	-5010.41	0.00	-20716.89
512.40	-7092.84	0.00	-21946.85
512.50	-9336.90	0.00	-22951.60
512.60	-11715.46	0.00	-23708.85
512.70	-14198.47	0.00	-24199.82
512.80	-16753.39	0.00	-24409.60
512.90	-19345.76	0.00	-24327.41
513.00	-21939.77	0.00	-23946.79
513.10	-24498.86	0.00	-23265.71
513.20	-26986.37	0.00	-22286.58
513.30	-29366.12	0.00	-21016.22
513.40	-31603.06	0.00	-19465.74
513.50	-33664.04	0.00	-17650.28
513.60	-35528.33	0.00	-15588.79
513.70	-37175.60	0.00	-13303.65
513.80	-38583.19	0.00	-10820.27
513.90	-39731.66	0.00	-8166.69
514.00	-40605.06	0.00	-5373.01
514.10	-41191.10	0.00	-2470.96
514.20	-41481.23	0.00	506.72
514.30	-41470.71	0.00	3526.73
514.40	-41158.59	0.00	6555.85
514.50	-40547.61	0.00	9561.38
514.60	-39644.12	0.00	12511.72
514.70	-38457.81	0.00	15376.78
514.80	-37001.55	0.00	18128.47
514.90	-35291.08	0.00	20741.04
515.00	-33344.66	0.00	23191.45
515.10	-31182.76	0.00	25459.60
515.20	-28827.66	0.00	27528.57
515.30	-26303.07	0.00	29384.74
515.40	-23633.67	0.00	31017.86
515.50	-20844.74	0.00	32421.07
515.60	-17961.75	0.00	33590.83
515.70	-15009.92	0.00	34526.81
515.80	-12013.87	0.00	35231.67
515.90	-8997.27	0.00	35710.87
516.00	-5982.49	0.00	35972.39
516.10	-2990.34	0.00	36026.36
516.20	-39.85	0.00	35884.78
516.30	2851.96	0.00	35561.12
516.40	5670.18	0.00	35069.93
516.50	8402.08	0.00	34426.50
516.60	11037.17	0.00	33646.44
516.70	13567.14	0.00	32745.33
516.80	15985.77	0.00	31738.41
516.90	18288.82	0.00	30640.25
517.00	20473.85	0.00	29464.49
517.10	22539.99	0.00	28223.60
517.20	24487.73	0.00	26928.74
517.30	26318.60	0.00	25589.58
517.40	28034.97	0.00	24214.27
517.50	29639.67	0.00	22809.40
517.60	31135.81	0.00	21380.03
517.70	32526.43	0.00	19929.75
517.80	33814.31	0.00	18460.84
517.90	35001.71	0.00	16974.40
518.00	36090.23	0.00	15470.55
518.10	37080.64	0.00	13948.67
518.20	37972.79	0.00	12407.64
518.30	38765.57	0.00	10846.06
518.40	39456.90	0.00	9262.57
518.50	40043.78	0.00	7656.03
518.60	40522.42	0.00	6025.82
518.70	40888.33	0.00	4372.01
518.80	41136.53	0.00	2695.56
518.90	41261.77	0.00	998.49
519.00	41265.03	0.00	-716.06
519.10	41157.57	0.00	-2443.71
519.20	40935.36	0.00	-4178.89
519.30	40593.97	0.00	-5914.82
519.40	40129.64	0.00	-7643.61
519.50	39539.59	0.00	-9356.41
519.60	38822.12	0.00	-11043.55
519.70	37976.90	0.00	-12694.78
519.80	37005.03	0.00	-14299.53
519.90	35909.19	0.00	-15847.13
520.00	34693.64	0.00	-17327.13
520.10	33364.31	0.00	-18729.60
520.20	31928.64	0.00	-20045.40
520.30	30395.56	0.00	-21266.47
520.40	28775.33	0.00	-22386.09
520.50	27079.29	0.00	-23399.09
520.60	25319.66	0.00	-24302.07
520.70	23509.26	0.00	-25093.50
520.80	21661.17	0.00	-25773.83
520.90	19788.42	0.00	-26345.51
521.00	17903.65	0.00	-26812.94
521.10	16018.77	0.00	-27182.41
521.20	14144.60	0.00	-27461.92
521.30	12290.61	0.00	-27660.95
521.40	10464.59	0.00	-27790.21
521.50	8672.46	0.00	-27861.32
521.60	6918.06	0.00	-27886.43
521.70	5203.04	0.00	-27877.87
521.80	3526.81	0.00	-27847.71
521.90	1886.51	0.00	-27807.34
522.00	277.18	0.00	-27767.10
522.10	-1308.18	0.00	-27735.84
522.20	-2878.28	0.00	-27720.60
522.30	-4443.34	0.00	-27726.25
522.40	-6014.67	0.00	-27755.25
522.50	-7604.26	0.00	-27807.44
522.60	-9224.37	0.00	-27879.87
522.70	-10887.05	0.00	-27966.80
522.80	-12603.61	0.00	-28059.68
522.90	-14384.15	0.00	-28147.25
523.00	-16237.08	0.00	-28215.74
523.10	-18168.64	0.00	-28249.15
523.20	-20182.51	0.00	-28229.55
523.30	-22279.46	0.00	-28137.52
523.40	-24456.99	0.00	-27952.60
523.50	-26709.19	0.00	-27653.79
523.60	-29026.54	0.00	-27220.11
523.70	-31395.92	0.00	-26631.12
523.80	-33800.64	0.00	-25867.56
523.90	-36220.58	0.00	-24911.82
524.00	-38632.48	0.00	-23748.52
524.10	-41010.23	0.00	-22365.01
524.20	-43325.37	0.00	-20751.75
524.30	-45547.51	0.00	-18902.75
524.40	-47644.99	0.00	-16815.80
524.50	-49585.43	0.00	-14492.76
524.60	-51336.46	0.00	-11939.59
524.70	-52866.36	0.00	-9166.47
524.80	-54145.21	0.00	-6187.66
524.90	-55170.65	0.00	-3021.40
525.00	-55933.18	0.00	310.37
525.10	-56411.58	0.00	3782.33
525.20	-56587.36	0.00	7366.19
525.30	-56445.20	0.00	11031.14
525.40	-55973.13	0.00	14744.37
525.50	-55162.83	0.00	18471.66
525.60	-54009.72	0.00	22177.88
525.70	-52513.08	0.00	25827.68
525.80	-50676.06	0.00	29385.99
525.90	-48505.59	0.00	32818.59
526.00	-46012.28	0.00	36092.71
526.10	-43210.22	0.00	39177.43
526.20	-40116.77	0.00	42044.15
526.30	-36752.25	0.00	44666.95
526.40	-33139.63	0.00	47022.92
526.50	-29304.17	0.00	49092.33
526.60	-25273.04	0.00	50858.83
526.70	-21074.94	0.00	52309.50
526.80	-16739.71	0.00	53434.88
526.90	-12297.95	0.00	54228.88
527.00	-7780.63	0.00	54688.70
527.10	-3218.75	0.00	54814.61
527.20	1356.96	0.00	54609.79
527.30	5916.36	0.00	54080.03
527.40	10430.12	0.00	53233.49
527.50	14869.96	0.00	52080.42
527.60	19208.80	0.00	50632.84
527.70	23420.89	0.00	48904.29
527.80	27481.92	0.00	46909.56
527.90	31369.07	0.00	44664.42
528.00	35061.04	0.00	42185.44
528.10	38538.06	0.00	39489.79
528.20	41781.89	0.00	36595.08
528.30	44775.78	0.00	33519.25
528.40	47504.46	0.00	30280.49
528.50	49954.13	0.00	26897.19
528.60	52112.42	0.00	23387.93
528.70	53968.38	0.00	19771.46
528.80	55512.53	0.00	16066.72
528.90	56736.85	0.00	12292.88
529.00	57634.83	0.00	8469.41
529.10	58201.57	0.00	4616.03
529.20	58433.80	0.00	752.83
529.30	58330.01	0.00	-3099.80
529.40	57890.56	0.00	-6921.10
529.50	57132.61	0.00	-10690.04
529.60	56089.21	0.00	-14385.33
529.70	54764.90	0.00	-17985.55
529.80	53164.71	0.00	-21469.22
529.90	51295.18	0.00	-24814.97
530.00	49164.49	0.00	-28001.73
530.10	46782.57	0.00	-31008.90
530.20	44161.21	0.00	-33816.59
530.30	41314.13	0.00	-36405.84
530.40	38257.00	0.00	-38758.88
530.50	35007.47	0.00	-40859.39
530.60	31585.09	0.00	-42692.70
530.70	28011.29	0.00	-44246.10
530.80	24309.21	0.00	-45508.99
530.90	20503.56	0.00	-46473.15
531.00	16620.38	0.00	-47132.85
531.10	12686.84	0.00	-47485.04
531.20	8730.93	0.00	-47529.41
531.30	4781.17	0.00	-47268.50
531.40	866.26	0.00	-46707.66
531.50	-2985.29	0.00	-45855.05
531.60	-6745.47	0.00	-44721.60
531.70	-10387.17	0.00	-43320.81
531.80	-13884.53	0.00	-41668.67
531.90	-17213.30	0.00	-39783.38
532.00	-20351.11	0.00	-37685.18
532.10	-23277.86	0.00	-35396.03
532.20	-25975.86	0.00	-32939.32
532.30	-28430.14	0.00	-30339.54
532.40	-30628.58	0.00	-27621.96
532.50	-32562.02	0.00	-24812.28
532.60	-34224.37	0.00	-21936.24
532.70	-35612.54	0.00	-19019.32
532.80	-36726.50	0.00	-16086.40
532.90	-37569.09	0.00	-13161.41
533.00	-38145.94	0.00	-10267.06
533.10	-38465.23	0.00	-7424.58
533.20	-38537.50	0.00	-4653.44
533.30	-38375.33	0.00	-1971.23
533.40	-37993.10	0.00	606.59
533.50	-37406.62	0.00	3066.73
533.60	-36632.83	0.00	5398.19
533.70	-35689.43	0.00	7592.24
533.80	-34596.25	0.00	9642.47
533.90	-33383.51	0.00	11544.67
534.00	-32070.16	0.00	13296.80
534.10	-30671.90	0.00	14898.77
534.20	-29203.60	0.00	16352.37
534.30	-27679.14	0.00	17661.01
534.40	-26111.24	0.00	18829.55
534.50	-24511.37	0.00	19864.03
534.60	-22889.61	0.00	20771.45
534.70	-21254.67	0.00	21559.52
534.80	-19613.82	0.00	22236.41
534.90	-17972.93	0.00	22810.49
535.00	-16336.51	0.00	23290.14
535.10	-14707.79	0.00	23683.47
535.20	-13088.83	0.00	23998.19
535.30	-11480.65	0.00	24241.39
535.40	-9883.35	0.00	24419.43
535.50	-8296.33	0.00	24537.79
535.60	-6718.41	0.00	24601.01
535.70	-5148.04	0.00	24612.63
535.80	-3583.47	0.00	24575.17
535.90	-2022.94	0.00	24490.10
536.00	-464.84	0.00	24357.95
536.10	1092.11	0.00	24178.28
536.20	2648.77	0.00	23949.83
536.30	4205.36	0.00	23670.61
536.40	5761.45	0.00	23337.98
536.50	7315.81	0.00	22948.86
536.60	8866.37	0.00	22499.77
536.70	10410.19	0.00	21987.08
536.80	11943.41	0.00	21407.07
536.90	13461.33	0.00	20756.13
537.00	14958.34	0.00	20030.89
537.10	16428.08	0.00	19228.33
537.20	17863.41	0.00	18345.92
537.30	19256.57	0.00	17381.74
537.40	20599.25	0.00	16334.54
537.50	21882.69	0.00	15203.85
537.60	23097.82	0.00	13990.04
537.70	24235.40	0.00	12694.37
537.80	25286.10	0.00	11319.00
537.90	26240.70	0.00	9867.04
538.00	27090.18	0.00	8342.54
538.10	27825.83	0.00	6750.46
538.20	28439.45	0.00	5096.67
538.30	28923.38	0.00	3387.91
538.40	29270.96	0.00	1631.73
538.50	29484.00	0.00	-163.56
538.60	29561.05	0.00	-1988.95
538.70	29497.81	0.00	-3834.83
538.80	29290.75	0.00	-5691.01
538.90	28937.21	0.00	-7546.88
539.00	28435.43	0.00	-9391.46
539.10	27784.59	0.00	-11213.49
539.20	26984.83	0.00	-13001.53
539.30	26037.31	0.00	-14744.08
539.40	24944.21	0.00	-16429.63
539.50	23708.73	0.00	-18046.83
539.60	22335.13	0.00	-19584.53
539.70	20828.71	0.00	-21031.89
539.80	19195.80	0.00	-22378.51
539.90	17443.75	0.00	-23614.49
540.00	15580.91	0.00	-24730.52
540.10	13616.59	0.00	-25718.00
540.20	11561.01	0.00	-26569.09
540.30	9425.27	0.00	-27276.82
540.40	7221.27	0.00	-27835.12
540.50	4961.67	0.00	-28238.92
540.60	2659.76	0.00	-28484.20
540.70	329.45	0.00	-28568.05
540.80	-2014.90	0.00	-28488.70
540.90	-4358.55	0.00	-28245.54
541.00	-6686.48	0.00	-27839.20
541.10	-8983.54	0.00	-27271.51
541.20	-11234.53	0.00	-26545.54
541.30	-13424.38	0.00	-25665.57
541.40	-15538.25	0.00	-24637.12
541.50	-17561.69	0.00	-23466.88
541.60	-19480.74	0.00	-22162.70
541.70	-21282.13	0.00	-20733.55
541.80	-22953.36	0.00	-19189.43
541.90	-24482.85	0.00	-17541.35
542.00	-25860.11	0.00	-15801.20
542.10	-27075.81	0.00	-13981.72
542.20	-28121.90	0.00	-12096.35
542.30	-28991.76	0.00	-10159.12
542.40	-29680.23	0.00	-8184.58
542.50	-30183.74	0.00	-6187.62
542.60	-30500.34	0.00	-4183.34
542.70	-30629.74	0.00	-2186.93
542.80	-30573.36	0.00	-213.52
542.90	-30334.31	0.00	1722.02
543.00	-29920.36	0.00	3605.19
543.10	-29346.58	0.00	5422.03
543.20	-28620.82	0.00	7159.28
543.30	-27751.58	0.00	8804.55
543.40	-26748.57	0.00	10346.44
543.50	-25622.61	0.00	11774.70
543.60	-24385.55	0.00	13080.35
543.70	-23050.10	0.00	14255.80
543.80	-21629.75	0.00	15294.94
543.90	-20138.60	0.00	16193.25
544.00	-18591.21	0.00	16947.83
544.10	-17002.39	0.00	17557.48
544.20	-15387.07	0.00	18022.68
544.30	-13760.07	0.00	18345.62
544.40	-12135.93	0.00	18530.12
544.50	-10528.70	0.00	18581.65
544.60	-8951.78	0.00	18507.17
544.70	-7417.69	0.00	18315.09
544.80	-5937.94	0.00	18015.09
544.90	-4522.82	0.00	17618.00
545.00	-3181.32	0.00	17135.61
545.10	-1920.96	0.00	16580.50
545.20	-747.71	0.00	15965.82
545.30	334.11	0.00	15305.08
545.40	1321.81	0.00	14611.95
545.50	2214.44	0.00	13899.99
545.60	3012.68	0.00	13182.50
545.70	3718.88	0.00	12472.22
545.80	4336.90	0.00	11781.17
545.90	4872.10	0.00	11120.45
546.00	5331.10	0.00	10500.06
546.10	5721.74	0.00	9928.73
546.20	6052.82	0.00	9413.81
546.30	6333.92	0.00	8961.14
546.40	6575.24	0.00	8574.99
546.50	6787.33	0.00	8257.99
546.60	6980.87	0.00	8011.15
546.70	7166.50	0.00	7833.84
546.80	7354.54	0.00	7723.83
546.90	7554.84	0.00	7677.42
547.00	7776.53	0.00	7689.47
547.10	8027.90	0.00	7753.57
547.20	8316.19	0.00	7862.19
547.30	8647.51	0.00	8006.82
547.40	9026.70	0.00	8178.18
547.50	9457.28	0.00	8366.40
547.60	9941.35	0.00	8561.20
547.70	10479.64	0.00	8752.13
547.80	11071.49	0.00	8928.71
547.90	11714.86	0.00	9080.69
548.00	12406.43	0.00	9198.14
548.10	13141.68	0.00	9271.70
548.20	13914.98	0.00	9292.64
548.30	14719.73	0.00	9253.06
548.40	15548.48	0.00	9145.94
548.50	16393.13	0.00	8965.21
548.60	17244.99	0.00	8705.86
548.70	18095.03	0.00	8363.91
548.80	18933.98	0.00	7936.43
548.90	19752.47	0.00	7421.55
549.00	20541.19	0.00	6818.38
549.10	21291.14	0.00	6127.00
549.20	21997.65	0.00	5348.37
549.30	22654.87	0.00	4484.24
549.40	23255.33	0.00	3537.09
549.50	23792.01	0.00	2510.04
549.60	24258.33	0.00	1406.73
549.70	24648.17	0.00	231.27
549.80	24955.83	0.00	-1011.85
549.90	25176.02	0.00	-2317.82
550.00	25303.81	0.00	-3681.58
550.10	25334.57	0.00	-5097.84
550.20	25263.93	0.00	-6561.11
550.30	25087.71	0.00	-8065.73
550.40	24801.90	0.00	-9605.81
550.50	24402.56	0.00	-11175.24
550.60	23885.83	0.00	-12767.63
550.70	23247.89	0.00	-14376.27
550.80	22484.95	0.00	-15994.04
550.90	21593.29	0.00	-17613.34
551.00	20569.26	0.00	-19226.02
551.10	19409.35	0.00	-20823.30
551.20	18110.31	0.00	-22395.69
551.30	16669.21	0.00	-23932.93
551.40	15083.59	0.00	-25423.92
551.50	13351.64	0.00	-26856.71
551.60	11472.32	0.00	-28218.47
551.70	9445.61	0.00	-29495.51
551.80	7272.67	0.00	-30673.33
551.90	4956.05	0.00	-31736.69
552.00	2499.95	0.00	-32669.72
552.10	-89.66	0.00	-33456.07
552.20	-2804.77	0.00	-34079.10
552.30	-5635.18	0.00	-34522.06
552.40	-8568.37	0.00	-34768.40
552.50	-11589.35	0.00	-34801.99
552.60	-14680.64	0.00	-34607.49
552.70	-17822.17	0.00	-34170.59
552.80	-20991.37	0.00	-33478.45
552.90	-24163.21	0.00	-32519.99
553.00	-27310.39	0.00	-31286.23
553.10	-30403.51	0.00	-29770.69
553.20	-33411.37	0.00	-27969.67
553.30	-36301.29	0.00	-25882.58
553.40	-39039.55	0.00	-23512.16
553.50	-41591.80	0.00	-20864.79
553.60	-43923.62	0.00	-17950.58
553.70	-46001.04	0.00	-14783.55
553.80	-47791.13	0.00	-11381.68
553.90	-49262.61	0.00	-7766.85
554.00	-50386.45	0.00	-3964.82
554.10	-51138.85	0.00	-5.04
554.20	-51523.68	0.00	4079.57
554.30	-51529.99	0.00	8252.96
554.40	-51142.93	0.00	12476.28
554.50	-50351.37	0.00	16708.35
554.60	-49148.24	0.00	20906.18
554.70	-47530.86	0.00	25025.49
554.80	-45501.18	0.00	29021.36
554.90	-43065.98	0.00	32848.84
555.00	-40237.00	0.00	36463.62
555.10	-37031.00	0.00	39822.68
555.20	-33469.73	0.00	42885.00
555.30	-29579.90	0.00	45612.17
555.40	-25392.90	0.00	47969.04
555.50	-20944.61	0.00	49924.27
555.60	-16275.04	0.00	51450.92
555.70	-11427.85	0.00	52526.82
555.80	-6449.89	0.00	53135.06
555.90	-1390.60	0.00	53264.21
556.00	3698.67	0.00	52908.60
556.10	8765.31	0.00	52068.41
556.20	13756.26	0.00	50749.70
556.30	18618.72	0.00	48964.34
556.40	23300.98	0.00	46729.84
556.50	27753.20	0.00	44069.11
556.60	31928.11	0.00	41010.06
556.70	35781.80	0.00	37585.23
556.80	39274.37	0.00	33831.26
556.90	42370.46	0.00	29788.32
557.00	45039.85	0.00	25499.53
557.10	47257.81	0.00	21010.29
557.20	49005.43	0.00	16367.61
557.30	50269.79	0.00	11619.47
557.40	51044.10	0.00	6814.08
557.50	51327.59	0.00	1999.28
557.60	51125.42	0.00	-2778.14
557.70	50448.41	0.00	-7472.99
557.80	49321.19	0.00	-12042.22
557.90	47787.61	0.00	-16445.44
558.00	45871.14	0.00	-20645.30
558.10	43596.66	0.00	-24607.84
558.20	40991.56	0.00	-28302.76
558.30	38085.33	0.00	-31703.62
558.40	34909.18	0.00	-34787.96
558.50	31495.54	0.00	-37537.34
558.60	27877.77	0.00	-39937.29
558.70	24089.69	0.00	-41977.26
558.80	20165.28	0.00	-43650.48
558.90	16138.31	0.00	-44953.72
559.00	12042.06	0.00	-45887.09
559.10	7909.04	0.00	-46453.77
559.20	3770.80	0.00	-46659.71
559.30	-342.30	0.00	-46513.35
559.40	-4401.23	0.00	-46025.27
559.50	-8378.39	0.00	-45207.94
559.60	-12247.72	0.00	-44075.41
559.70	-15984.73	0.00	-42643.03
559.80	-19566.50	0.00	-40927.23
559.90	-22971.75	0.00	-38945.26
560.00	-26180.74	0.00	-36715.05
560.10	-29175.30	0.00	-34255.05
560.20	-31938.78	0.00	-31584.07
560.30	-34455.97	0.00	-28721.24
560.40	-36713.12	0.00	-25685.93
560.50	-38697.90	0.00	-22497.72
560.60	-40399.36	0.00	-19176.41
560.70	-41807.93	0.00	-15741.99
560.80	-42915.48	0.00	-12214.71
560.90	-43715.29	0.00	-8615.08
561.00	-44207.92	0.00	-4963.90
561.10	-44409.41	0.00	-1282.29
561.20	-44319.39	0.00	2408.29
561.30	-43936.89	0.00	6086.03
561.40	-43261.98	0.00	9728.83
561.50	-42295.93	0.00	13314.30
561.60	-41041.28	0.00	16819.83
561.70	-39502.05	0.00	20222.70
561.80	-37683.83	0.00	23500.20
561.90	-35593.94	0.00	26629.75
562.00	-33241.59	0.00	29589.09
562.10	-30637.96	0.00	32356.50
562.20	-27796.32	0.00	34910.96
562.30	-24732.12	0.00	37232.44
562.40	-21463.02	0.00	39302.09
562.50	-18008.89	0.00	41102.55
562.60	-14391.80	0.00	42618.15
562.70	-10635.94	0.00	43835.19
562.80	-6767.52	0.00	44742.18
562.90	-2814.57	0.00	45330.05
563.00	1193.22	0.00	45592.35
563.10	5224.80	0.00	45525.46
563.20	9247.99	0.00	45128.71
563.30	13229.86	0.00	44404.49
563.40	17137.10	0.00	43358.34
563.50	20936.37	0.00	41998.97
563.60	24594.75	0.00	40338.25
563.70	28080.15	0.00	38391.17
563.80	31361.79	0.00	36175.71
563.90	34410.58	0.00	33712.70
564.00	37199.58	0.00	31025.65
564.10	39704.40	0.00	28140.46
564.20	41903.57	0.00	25085.22
564.30	43778.90	0.00	21889.82
564.40	45315.76	0.00	18585.65
564.50	46503.36	0.00	15205.24
564.60	47334.90	0.00	11781.80
564.70	47807.73	0.00	8348.88
564.80	47923.42	0.00	4939.90
564.90	47689.82	0.00	1587.72
565.00	47139.58	0.00	-1675.75
565.10	46291.78	0.00	-4820.01
565.20	45162.07	0.00	-7816.36
565.30	43769.00	0.00	-10638.31
565.40	42133.76	0.00	-13261.90
565.50	40279.97	0.00	-15666.04
565.60	38233.40	0.00	-17832.84
565.70	36021.66	0.00	-19747.81
565.80	33673.87	0.00	-21400.11
565.90	31220.28	0.00	-22782.66
566.00	28691.92	0.00	-23892.29
566.10	26120.12	0.00	-24729.75
566.20	23536.15	0.00	-25299.75
566.30	20970.75	0.00	-25610.86
566.40	18453.69	0.00	-25675.40
566.50	16013.34	0.00	-25509.31
566.60	13676.24	0.00	-25131.87
566.70	11466.67	0.00	-24565.47
566.80	9406.27	0.00	-23835.24
566.90	7513.70	0.00	-22968.76
567.00	5804.28	0.00	-21995.56
567.10	4289.70	0.00	-20946.76
567.20	2977.84	0.00	-19854.54
567.30	1872.57	0.00	-18751.70
567.40	973.59	0.00	-17671.09
567.50	276.44	0.00	-16645.14
567.60	-227.52	0.00	-15705.30
567.70	-551.07	0.00	-14881.51
567.80	-710.91	0.00	-14201.73
567.90	-727.53	0.00	-13691.39
568.00	-624.88	0.00	-13372.97
568.10	-430.09	0.00	-13265.50
568.20	-173.03	0.00	-13384.24
568.30	114.10	0.00	-13740.24
568.40	397.26	0.00	-14340.10
568.50	641.13	0.00	-15185.71
568.60	809.64	0.00	-16274.07
568.70	866.56	0.00	-17597.16
568.80	776.17	0.00	-19141.92
568.90	503.83	0.00	-20890.30
569.00	16.61	0.00	-22819.32
569.10	-716.03	0.00	-24901.33
569.20	-1721.67	0.00	-27104.22
569.30	-3024.30	0.00	-29391.80
569.40	-4643.77	0.00	-31724.19
569.50	-6595.25	0.00	-34058.34
569.60	-8888.71	0.00	-36348.55
569.70	-11528.56	0.00	-38547.13
569.80	-14513.18	0.00	-40605.01
569.90	-17834.69	0.00	-42472.47
570.00	-21478.71	0.00	-44099.89
570.10	-25424.22	0.00	-45438.51
570.20	-29643.56	0.00	-46441.19
570.30	-34102.45	0.00	-47063.21
570.40	-38760.23	0.00	-47263.01
570.50	-43570.11	0.00	-47002.95
570.60	-48479.64	0.00	-46250.03
570.70	-53431.18	0.00	-44976.50
570.80	-58362.62	0.00	-43160.52
570.90	-63208.09	0.00	-40786.64
571.00	-67898.87	0.00	-37846.28
571.10	-72364.64	0.00	-34338.09
571.20	-76578.46	0.00	-30268.20
571.30	-80509.74	0.00	-25650.39
571.40	-84100.61	0.00	-20506.15
571.50	-87294.52	0.00	-14864.63
571.60	-90036.88	0.00	-8762.44
571.70	-92275.64	0.00	-2243.40
571.80	-93961.97	0.00	4641.84
571.90	-95050.82	0.00	11836.35
572.00	-95501.51	0.00	19277.44
572.10	-95278.28	0.00	26897.43
572.20	-94350.86	0.00	34624.36
572.30	-92694.94	0.00	42382.88
572.40	-90292.70	0.00	50095.15
572.50	-87133.25	0.00	57681.78
572.60	-83213.03	0.00	65062.85
572.70	-78536.19	0.00	72158.93
572.80	-73114.90	0.00	78892.09
572.90	-66969.56	0.00	85186.93
573.00	-60128.99	0.00	90971.53
573.10	-52630.50	0.00	96178.49
573.20	-44519.80	0.00	100745.73
573.30	-35850.87	0.00	104617.40
573.40	-26685.71	0.00	107744.58
573.50	-17093.82	0.00	110085.99
573.60	-7151.76	0.00	111608.51
573.70	3057.66	0.00	112287.65
573.80	13446.14	0.00	112107.89
573.90	23920.93	0.00	111062.87
574.00	34385.88	0.00	109155.52
574.10	44742.67	0.00	106398.00
574.20	54892.08	0.00	102811.51
574.30	64735.38	0.00	98426.08
574.40	74175.70	0.00	93280.12
574.50	83119.46	0.00	87419.93
574.60	91477.74	0.00	80899.10
574.70	99167.63	0.00	73777.80
574.80	106113.48	0.00	66122.02
574.90	112248.06	0.00	58002.72
575.00	117513.58	0.00	49494.93
575.10	121862.52	0.00	40676.83
575.20	125258.32	0.00	31628.77
575.30	127675.87	0.00	22432.30
575.40	129101.77	0.00	13169.22
575.50	129534.40	0.00	3920.60
575.60	128983.80	0.00	-5234.13
575.70	127576.20	0.00	-14218.04
575.80	125459.67	0.00	-22957.58
575.90	122662.56	0.00	-31383.28
576.00	119217.29	0.00	-39430.51
576.10	115160.21	0.00	-47040.03
576.20	110531.27	0.00	-54158.57
576.30	105373.76	0.00	-60739.24
576.40	99733.98	0.00	-66741.90
576.50	93660.85	0.00	-72133.39
576.60	87205.62	0.00	-76887.70
576.70	80421.40	0.00	-80986.03
576.80	73362.81	0.00	-84416.80
576.90	66085.46	0.00	-87175.47
577.00	58645.56	0.00	-89264.40
577.10	51099.32	0.00	-90692.57
577.20	43502.52	0.00	-91475.23
577.30	35909.92	0.00	-91633.45
577.40	28374.75	0.00	-91193.74
577.50	20948.19	0.00	-90187.45
577.60	13678.80	0.00	-88650.24
577.70	6612.10	0.00	-86621.52
577.80	-209.94	0.00	-84143.76
577.90	-6749.32	0.00	-81261.93
578.00	-12972.34	0.00	-78022.80
578.10	-18849.89	0.00	-74474.31
578.20	-24357.73	0.00	-70664.96
578.30	-29476.60	0.00	-66643.16
578.40	-34192.31	0.00	-62456.63
578.50	-38495.75	0.00	-58151.85
578.60	-42382.76	0.00	-53773.55
578.70	-45854.01	0.00	-49364.16
578.80	-48914.75	0.00	-44963.45
578.90	-51574.49	0.00	-40608.10
579.00	-53846.62	0.00	-36331.38
579.10	-55748.01	0.00	-32162.90
579.20	-57298.52	0.00	-28128.42
579.30	-58520.51	0.00	-24249.65
579.40	-59438.27	0.00	-20544.28
579.50	-60077.54	0.00	-17025.86
579.60	-60464.91	0.00	-13703.93
579.70	-60627.33	0.00	-10584.13
579.80	-60591.55	0.00	-7668.30
579.90	-60383.66	0.00	-4954.79
580.00	-60028.64	0.00	-2438.67
580.10	-59549.93	0.00	-112.04
580.20	-58969.09	0.00	2035.58
580.30	-58305.50	0.00	4016.93
580.40	-57576.09	0.00	5846.60
580.50	-56795.19	0.00	7540.61
580.60	-55974.37	0.00	9115.98
580.70	-55122.40	0.00	10590.37
580.80	-54245.25	0.00	11981.60
580.90	-53358.31	0.00	13307.29
581.00	-52487.83	0.00	14584.49
581.10	-51630.89	0.00	15829.27
581.20	-50781.35	0.00	17056.47
581.30	-49931.05	0.00	18279.32
581.40	-49070.02	0.00	19509.26
581.50	-48186.80	0.00	20755.66
581.60	-47268.73	0.00	22025.70
581.70	-46302.23	0.00	23324.17
581.80	-45273.17	0.00	24653.48
581.90	-44167.16	0.00	26013.51
582.00	-42969.90	0.00	27401.71
582.10	-41667.48	0.00	28813.08
582.20	-40246.75	0.00	30240.29
582.30	-38695.59	0.00	31673.83
582.40	-37003.18	0.00	33102.14
582.50	-35160.36	0.00	34511.84
582.60	-33159.78	0.00	35887.97
582.70	-30996.20	0.00	37214.24
582.80	-28666.67	0.00	38473.35
582.90	-26170.68	0.00	39647.26
583.00	-23510.29	0.00	40717.55
583.10	-20690.24	0.00	41665.75
583.20	-17717.99	0.00	42473.66
583.30	-14603.72	0.00	43123.73
583.40	-11360.31	0.00	43599.35
583.50	-8003.27	0.00	43885.22
583.60	-4550.57	0.00	43967.62
583.70	-1022.50	0.00	43834.72
583.80	2558.53	0.00	43476.84
583.90	6168.30	0.00	42886.67
584.00	9781.04	0.00	42059.47
584.10	13369.75	0.00	40993.21
584.20	16906.61	0.00	39688.72
584.30	20363.35	0.00	38149.71
584.40	23711.64	0.00	36382.81
584.50	26923.53	0.00	34397.55
584.60	29971.90	0.00	32206.27
584.70	32830.81	0.00	29824.02
584.80	35476.00	0.00	27268.34
584.90	37885.18	0.00	24559.11
585.00	40038.48	0.00	21718.26
585.10	41918.71	0.00	18769.48
585.20	43511.65	0.00	15737.94
585.30	44806.30	0.00	12649.91
585.40	45795.03	0.00	9532.43
585.50	46473.70	0.00	6412.90
585.60	46841.72	0.00	3318.77
585.70	46902.05	0.00	277.08
585.80	46661.09	0.00	-2685.83
585.90	46128.61	0.00	-5544.71
586.00	45317.55	0.00	-8275.71
586.10	44243.77	0.00	-10856.73
586.20	42925.79	0.00	-13267.62
586.30	41384.48	0.00	-15490.48
586.40	39642.73	0.00	-17509.84
586.50	37726.38	0.00	-19312.81
586.60	35674.90	0.00	-20889.21
586.70	33516.00	0.00	-22231.64
586.80	31273.60	0.00	-23335.54
586.90	28971.83	0.00	-24199.13
587.00	26634.66	0.00	-24823.43
587.10	24285.73	0.00	-25212.12
587.20	21948.00	0.00	-25371.48
587.30	19643.54	0.00	-25310.18
587.40	17393.27	0.00	-25039.20
587.50	15216.78	0.00	-24571.52
587.60	13132.07	0.00	-23922.03
587.70	11155.45	0.00	-23107.20
587.80	9301.33	0.00	-22144.89
587.90	7582.10	0.00	-21054.11
588.00	6008.06	0.00	-19854.72
588.10	4587.31	0.00	-18567.22
588.20	3325.74	0.00	-17212.48
588.30	2226.95	0.00	-15811.46
588.40	1292.30	0.00	-14384.99
588.50	520.92	0.00	-12953.53
588.60	-90.23	0.00	-11536.90
588.70	-546.29	0.00	-10154.09
588.80	-854.40	0.00	-8823.03
588.90	-1023.57	0.00	-7560.40
589.00	-1064.52	0.00	-6381.40
589.10	-989.53	0.00	-5299.67
589.20	-812.27	0.00	-4327.04
589.30	-547.55	0.00	-3473.46
589.40	-211.16	0.00	-2746.88
589.50	180.44	0.00	-2153.14
589.60	610.27	0.00	-1695.96
589.70	1061.15	0.00	-1376.84
589.80	1515.94	0.00	-1195.12
589.90	1957.77	0.00	-1147.98
590.00	2370.31	0.00	-1230.49
590.10	2738.03	0.00	-1435.70
590.20	3046.42	0.00	-1754.77
590.30	3282.24	0.00	-2177.11
590.40	3433.66	0.00	-2690.56
590.50	3490.54	0.00	-3281.59
590.60	3444.49	0.00	-3935.51
590.70	3289.10	0.00	-4636.75
590.80	3019.94	0.00	-5369.09
590.90	2634.71	0.00	-6115.94
591.00	2133.23	0.00	-6860.62
591.10	1517.43	0.00	-7586.65
591.20	791.34	0.00	-8278.01
591.30	-39.02	0.00	-8919.43
591.40	-965.70	0.00	-9496.61
591.50	-1979.03	0.00	-9996.49
591.60	-3067.74	0.00	-10407.44
591.70	-4219.21	0.00	-10719.44
591.80	-5419.62	0.00	-10924.24
591.90	-6654.29	0.00	-11015.49
592.00	-7907.85	0.00	-10988.79
592.10	-9164.56	0.00	-10841.77
592.20	-10408.57	0.00	-10574.07
592.30	-11624.17	0.00	-10187.33
592.40	-12796.07	0.00	-9685.11
592.50	-13909.65	0.00	-9072.82
592.60	-14951.19	0.00	-8357.57
592.70	-15908.07	0.00	-7548.02
592.80	-16768.98	0.00	-6654.21
592.90	-17524.06	0.00	-5687.36
593.00	-18165.05	0.00	-4659.66
593.10	-18685.36	0.00	-3584.05
593.20	-19080.16	0.00	-2473.99
593.30	-19346.39	0.00	-1343.26
593.40	-19482.78	0.00	-205.70
593.50	-19489.82	0.00	924.98
593.60	-19369.65	0.00	2035.42
593.70	-19126.04	0.00	3112.78
593.80	-18764.25	0.00	4144.93
593.90	-18290.87	0.00	5120.57
594.00	-17713.73	0.00	6029.42
594.10	-17042.52	0.00	6862.26
594.20	-16289.77	0.00	7611.08
594.30	-15465.63	0.00	8269.08
594.40	-14580.49	0.00	8830.76
594.50	-13645.05	0.00	9291.91
594.60	-12670.20	0.00	9649.60
594.70	-11666.85	0.00	9902.20
594.80	-10645.81	0.00	10049.26
594.90	-9617.65	0.00	10091.52
595.00	-8592.59	0.00	10030.81
595.10	-7580.41	0.00	9869.97
595.20	-6590.35	0.00	9612.74
595.30	-5631.04	0.00	9263.69
595.40	-4710.45	0.00	8828.09
595.50	-3835.82	0.00	8311.81
595.60	-3013.70	0.00	7721.22
595.70	-2249.86	0.00	7063.10
595.80	-1549.35	0.00	6344.50
595.90	-916.49	0.00	5572.71
596.00	-354.91	0.00	4755.14
596.10	132.43	0.00	3899.26
596.20	543.19	0.00	3012.52
596.30	875.59	0.00	2102.37
596.40	1128.38	0.00	1176.13
596.50	1300.78	0.00	241.05
596.60	1392.41	0.00	-695.73
596.70	1403.28	0.00	-1627.21
596.80	1333.72	0.00	-2546.46
596.90	1184.36	0.00	-3446.64
597.00	956.09	0.00	-4320.98
597.10	650.06	0.00	-5162.70
597.20	267.68	0.00	-5965.05
597.30	-189.38	0.00	-6721.21
597.40	-719.18	0.00	-7424.28
597.50	-1319.46	0.00	-8067.29
597.60	-1987.60	0.00	-8643.12
597.70	-2720.57	0.00	-9144.56
597.80	-3514.90	0.00	-9564.23
597.90	-4366.56	0.00	-9894.69
598.00	-5270.93	0.00	-10128.38
598.10	-6222.72	0.00	-10257.75
598.20	-7215.90	0.00	-10275.26
598.30	-8243.63	0.00	-10173.49
598.40	-9298.21	0.00	-9945.23
598.50	-10371.03	0.00	-9583.58
598.60	-11452.52	0.00	-9082.10
598.70	-12532.14	0.00	-8434.93
598.80	-13598.36	0.00	-7636.93
598.90	-14638.71	0.00	-6683.86
599.00	-15639.74	0.00	-5572.52
599.10	-16587.15	0.00	-4300.92
599.20	-17465.81	0.00	-2868.45
599.30	-18259.89	0.00	-1276.02
599.40	-18952.96	0.00	473.81
599.50	-19528.14	0.00	2376.63
599.60	-19968.27	0.00	4426.12
599.70	-20256.09	0.00	6613.94
599.80	-20374.46	0.00	8929.63
599.90	-20306.56	0.00	11360.57
600.00	-20036.16	0.00	13891.94
