Time(s)	Fx(N)	Fy(N)	Fz(N)
0.00	-315.44	0.00	-84.76
0.10	-380.42	0.00	-80.26
0.20	-442.58	0.00	-75.46
0.30	-501.62	0.00	-70.39
0.40	-557.27	0.00	-65.05
0.50	-609.27	0.00	-59.48
0.60	-657.37	0.00	-53.69
0.70	-701.36	0.00	-47.72
0.80	-741.02	0.00	-41.59
0.90	-776.18	0.00	-35.33
1.00	-806.70	0.00	-28.96
1.10	-832.42	0.00	-22.52
1.20	-853.27	0.00	-16.02
1.30	-869.16	0.00	-9.50
1.40	-880.04	0.00	-3.00
1.50	-885.91	0.00	3.47
1.60	-886.78	0.00	9.87
1.70	-882.68	0.00	16.18
1.80	-873.69	0.00	22.36
1.90	-859.92	0.00	28.39
2.00	-841.54	0.00	34.25
2.10	-819.23	0.00	39.90
2.20	-793.25	0.00	45.32
2.30	-763.70	0.00	50.49
2.40	-730.74	0.00	55.39
2.50	-694.52	0.00	59.99
2.60	-655.18	0.00	64.29
2.70	-612.92	0.00	68.25
2.80	-567.91	0.00	71.87
2.90	-520.35	0.00	75.13
3.00	-470.45	0.00	78.02
3.10	-418.43	0.00	80.52
3.20	-364.52	0.00	82.64
3.30	-308.96	0.00	84.37
3.40	-252.01	0.00	85.70
3.50	-193.92	0.00	86.62
3.60	-134.96	0.00	87.14
3.70	-75.41	0.00	87.27
3.80	-15.56	0.00	86.99
3.90	44.31	0.00	86.31
4.00	103.91	0.00	85.25
4.10	162.93	0.00	83.80
4.20	221.08	0.00	81.98
4.30	278.05	0.00	79.79
4.40	333.56	0.00	77.26
4.50	387.31	0.00	74.38
4.60	439.00	0.00	71.17
4.70	488.36	0.00	67.64
4.80	535.11	0.00	63.82
4.90	578.99	0.00	59.72
5.00	619.75	0.00	55.34
5.10	657.14	0.00	50.72
5.20	690.94	0.00	45.87
5.30	720.95	0.00	40.80
5.40	746.98	0.00	35.54
5.50	768.87	0.00	30.11
5.60	786.45	0.00	24.52
5.70	799.64	0.00	18.81
5.80	808.77	0.00	12.98
5.90	813.98	0.00	7.06
6.00	815.22	0.00	1.07
6.10	812.46	0.00	-4.96
6.20	805.66	0.00	-11.01
6.30	794.82	0.00	-17.06
6.40	779.94	0.00	-23.08
6.50	761.02	0.00	-29.06
6.60	738.08	0.00	-34.97
6.70	711.17	0.00	-40.78
6.80	680.34	0.00	-46.47
6.90	645.64	0.00	-52.01
7.00	607.17	0.00	-57.39
7.10	565.01	0.00	-62.58
7.20	519.28	0.00	-67.55
7.30	470.11	0.00	-72.28
7.40	417.64	0.00	-76.75
7.50	362.05	0.00	-80.94
7.60	303.53	0.00	-84.83
7.70	242.28	0.00	-88.39
7.80	178.52	0.00	-91.60
7.90	112.50	0.00	-94.45
8.00	44.50	0.00	-96.91
8.10	-25.21	0.00	-98.98
8.20	-96.32	0.00	-100.63
8.30	-168.50	0.00	-101.85
8.40	-241.42	0.00	-102.63
8.50	-314.71	0.00	-102.95
8.60	-388.00	0.00	-102.82
8.70	-460.91	0.00	-102.21
8.80	-533.05	0.00	-101.13
8.90	-604.00	0.00	-99.56
9.00	-673.35	0.00	-97.52
9.10	-740.68	0.00	-95.00
9.20	-805.59	0.00	-92.00
9.30	-867.65	0.00	-88.53
9.40	-926.45	0.00	-84.59
9.50	-981.59	0.00	-80.19
9.60	-1032.67	0.00	-75.35
9.70	-1079.32	0.00	-70.08
9.80	-1121.18	0.00	-64.39
9.90	-1157.90	0.00	-58.30
10.00	-1189.19	0.00	-51.83
10.10	-1215.68	0.00	-45.01
10.20	-1237.72	0.00	-37.85
10.30	-1255.15	0.00	-30.39
10.40	-1267.80	0.00	-22.65
10.50	-1275.54	0.00	-14.65
10.60	-1278.24	0.00	-6.44
10.70	-1275.76	0.00	1.96
10.80	-1267.99	0.00	10.52
10.90	-1254.82	0.00	19.19
11.00	-1236.16	0.00	27.94
11.10	-1211.93	0.00	36.74
11.20	-1182.06	0.00	45.54
11.30	-1146.50	0.00	54.31
11.40	-1105.22	0.00	63.00
11.50	-1058.20	0.00	71.58
11.60	-1005.47	0.00	80.00
11.70	-947.05	0.00	88.23
11.80	-883.01	0.00	96.21
11.90	-813.43	0.00	103.91
12.00	-738.45	0.00	111.29
12.10	-658.21	0.00	118.30
12.20	-572.91	0.00	124.91
12.30	-482.78	0.00	131.07
12.40	-388.09	0.00	136.75
12.50	-289.15	0.00	141.91
12.60	-186.31	0.00	146.50
12.70	-79.95	0.00	150.51
12.80	29.48	0.00	153.88
12.90	141.51	0.00	156.60
13.00	255.63	0.00	158.62
13.10	371.28	0.00	159.94
13.20	487.87	0.00	160.51
13.30	604.77	0.00	160.32
13.40	721.32	0.00	159.36
13.50	836.84	0.00	157.60
13.60	950.63	0.00	155.03
13.70	1061.95	0.00	151.65
13.80	1170.08	0.00	147.46
13.90	1274.26	0.00	142.45
14.00	1373.75	0.00	136.63
14.10	1467.82	0.00	130.01
14.20	1555.74	0.00	122.60
14.30	1636.81	0.00	114.43
14.40	1710.36	0.00	105.51
14.50	1775.75	0.00	95.88
14.60	1832.38	0.00	85.57
14.70	1879.70	0.00	74.61
14.80	1917.24	0.00	63.06
14.90	1945.68	0.00	50.96
15.00	1967.33	0.00	38.36
15.10	1982.12	0.00	25.32
15.20	1989.83	0.00	11.90
15.30	1990.31	0.00	-1.83
15.40	1983.37	0.00	-15.81
15.50	1968.84	0.00	-29.95
15.60	1946.58	0.00	-44.20
15.70	1916.44	0.00	-58.45
15.80	1878.31	0.00	-72.65
15.90	1832.08	0.00	-86.70
16.00	1777.67	0.00	-100.52
16.10	1715.05	0.00	-114.03
16.20	1644.20	0.00	-127.15
16.30	1565.13	0.00	-139.78
16.40	1477.92	0.00	-151.86
16.50	1382.69	0.00	-163.30
16.60	1279.59	0.00	-174.03
16.70	1168.85	0.00	-183.97
16.80	1050.76	0.00	-193.04
16.90	925.65	0.00	-201.19
17.00	793.93	0.00	-208.35
17.10	656.09	0.00	-214.47
17.20	512.66	0.00	-219.50
17.30	364.26	0.00	-223.39
17.40	211.57	0.00	-226.10
17.50	55.33	0.00	-227.61
17.60	-103.65	0.00	-227.90
17.70	-264.51	0.00	-226.94
17.80	-426.33	0.00	-224.74
17.90	-588.15	0.00	-221.29
18.00	-748.98	0.00	-216.61
18.10	-907.79	0.00	-210.71
18.20	-1063.52	0.00	-203.62
18.30	-1215.13	0.00	-195.38
18.40	-1361.55	0.00	-186.02
18.50	-1501.73	0.00	-175.60
18.60	-1634.67	0.00	-164.17
18.70	-1759.36	0.00	-151.80
18.80	-1874.86	0.00	-138.55
18.90	-1980.29	0.00	-124.51
19.00	-2074.83	0.00	-109.76
19.10	-2157.73	0.00	-94.38
19.20	-2228.34	0.00	-78.47
19.30	-2286.09	0.00	-62.12
19.40	-2330.53	0.00	-45.42
19.50	-2361.30	0.00	-28.49
19.60	-2378.15	0.00	-11.41
19.70	-2381.67	0.00	5.71
19.80	-2376.19	0.00	22.76
19.90	-2362.45	0.00	39.64
20.00	-2340.48	0.00	56.27
20.10	-2310.30	0.00	72.53
20.20	-2271.95	0.00	88.33
20.30	-2225.50	0.00	103.58
20.40	-2171.00	0.00	118.21
20.50	-2108.55	0.00	132.11
20.60	-2038.25	0.00	145.22
20.70	-1960.24	0.00	157.47
20.80	-1874.67	0.00	168.79
20.90	-1781.75	0.00	179.13
21.00	-1681.70	0.00	188.43
21.10	-1574.80	0.00	196.65
21.20	-1461.36	0.00	203.76
21.30	-1341.74	0.00	209.72
21.40	-1216.33	0.00	214.52
21.50	-1085.60	0.00	218.13
21.60	-950.03	0.00	220.57
21.70	-810.18	0.00	221.83
21.80	-666.63	0.00	221.91
21.90	-520.03	0.00	220.84
22.00	-371.04	0.00	218.64
22.10	-220.38	0.00	215.34
22.20	-68.79	0.00	210.97
22.30	82.95	0.00	205.59
22.40	234.06	0.00	199.23
22.50	383.71	0.00	191.95
22.60	531.11	0.00	183.81
22.70	675.42	0.00	174.86
22.80	815.86	0.00	165.18
22.90	951.61	0.00	154.83
23.00	1081.92	0.00	143.88
23.10	1206.03	0.00	132.40
23.20	1323.26	0.00	120.47
23.30	1432.93	0.00	108.16
23.40	1534.45	0.00	95.55
23.50	1627.26	0.00	82.71
23.60	1710.87	0.00	69.72
23.70	1784.87	0.00	56.64
23.80	1848.89	0.00	43.55
23.90	1902.68	0.00	30.53
24.00	1946.01	0.00	17.62
24.10	1978.77	0.00	4.92
24.20	2000.90	0.00	-7.54
24.30	2012.45	0.00	-19.68
24.40	2013.50	0.00	-31.46
24.50	2004.24	0.00	-42.81
24.60	1984.90	0.00	-53.70
24.70	1957.70	0.00	-64.08
24.80	1924.96	0.00	-73.91
24.90	1886.89	0.00	-83.15
25.00	1843.67	0.00	-91.77
25.10	1795.52	0.00	-99.74
25.20	1742.63	0.00	-107.05
25.30	1685.21	0.00	-113.68
25.40	1623.49	0.00	-119.60
25.50	1557.67	0.00	-124.81
25.60	1487.99	0.00	-129.31
25.70	1414.68	0.00	-133.09
25.80	1337.99	0.00	-136.15
25.90	1258.17	0.00	-138.51
26.00	1175.50	0.00	-140.16
26.10	1090.25	0.00	-141.12
26.20	1002.70	0.00	-141.42
26.30	913.16	0.00	-141.06
26.40	821.94	0.00	-140.06
26.50	729.35	0.00	-138.47
26.60	635.72	0.00	-136.29
26.70	541.39	0.00	-133.56
26.80	446.70	0.00	-130.32
26.90	351.98	0.00	-126.59
27.00	257.59	0.00	-122.42
27.10	163.87	0.00	-117.83
27.20	71.17	0.00	-112.87
27.30	-20.19	0.00	-107.57
27.40	-109.87	0.00	-101.97
27.50	-197.54	0.00	-96.12
27.60	-282.91	0.00	-90.06
27.70	-365.67	0.00	-83.82
27.80	-445.55	0.00	-77.45
27.90	-522.29	0.00	-70.99
28.00	-595.64	0.00	-64.47
28.10	-665.40	0.00	-57.94
28.20	-731.36	0.00	-51.43
28.30	-793.36	0.00	-44.98
28.40	-851.25	0.00	-38.63
28.50	-904.91	0.00	-32.41
28.60	-954.26	0.00	-26.35
28.70	-999.22	0.00	-20.49
28.80	-1039.77	0.00	-14.85
28.90	-1075.88	0.00	-9.45
29.00	-1107.57	0.00	-4.33
29.10	-1134.88	0.00	0.50
29.20	-1157.87	0.00	5.02
29.30	-1176.61	0.00	9.22
29.40	-1191.22	0.00	13.08
29.50	-1201.80	0.00	16.59
29.60	-1208.50	0.00	19.75
29.70	-1211.46	0.00	22.55
29.80	-1210.85	0.00	24.99
29.90	-1206.83	0.00	27.08
30.00	-1199.59	0.00	28.82
30.10	-1189.30	0.00	30.23
30.20	-1176.16	0.00	31.30
30.30	-1161.20	0.00	32.07
30.40	-1145.11	0.00	32.54
30.50	-1128.00	0.00	32.74
30.60	-1109.97	0.00	32.69
30.70	-1091.12	0.00	32.42
30.80	-1071.53	0.00	31.95
30.90	-1051.25	0.00	31.32
31.00	-1030.34	0.00	30.55
31.10	-1008.83	0.00	29.68
31.20	-986.75	0.00	28.74
31.30	-964.09	0.00	27.77
31.40	-940.86	0.00	26.80
31.50	-917.01	0.00	25.86
31.60	-892.52	0.00	24.98
31.70	-867.34	0.00	24.21
31.80	-841.39	0.00	23.58
31.90	-814.60	0.00	23.11
32.00	-786.88	0.00	22.83
32.10	-758.12	0.00	22.77
32.20	-728.23	0.00	22.96
32.30	-697.06	0.00	23.41
32.40	-664.52	0.00	24.16
32.50	-630.45	0.00	25.20
32.60	-594.74	0.00	26.55
32.70	-557.25	0.00	28.22
32.80	-517.84	0.00	30.21
32.90	-476.39	0.00	32.52
33.00	-432.78	0.00	35.14
33.10	-386.90	0.00	38.08
33.20	-338.63	0.00	41.30
33.30	-287.91	0.00	44.79
33.40	-234.65	0.00	48.52
33.50	-178.80	0.00	52.48
33.60	-120.33	0.00	56.62
33.70	-59.24	0.00	60.91
33.80	4.45	0.00	65.31
33.90	70.69	0.00	69.78
34.00	139.41	0.00	74.26
34.10	210.48	0.00	78.71
34.20	283.77	0.00	83.08
34.30	359.07	0.00	87.31
34.40	436.18	0.00	91.35
34.50	514.83	0.00	95.14
34.60	594.72	0.00	98.63
34.70	675.53	0.00	101.75
34.80	756.87	0.00	104.45
34.90	838.34	0.00	106.68
35.00	919.50	0.00	108.38
35.10	999.88	0.00	109.52
35.20	1078.97	0.00	110.02
35.30	1156.25	0.00	109.87
35.40	1231.17	0.00	109.01
35.50	1303.17	0.00	107.42
35.60	1371.67	0.00	105.05
35.70	1436.08	0.00	101.90
35.80	1495.82	0.00	97.95
35.90	1550.32	0.00	93.18
36.00	1599.00	0.00	87.59
36.10	1641.33	0.00	81.18
36.20	1676.77	0.00	73.97
36.30	1705.89	0.00	65.97
36.40	1730.16	0.00	57.21
36.50	1749.30	0.00	47.71
36.60	1763.01	0.00	37.53
36.70	1770.99	0.00	26.70
36.80	1772.96	0.00	15.29
36.90	1768.63	0.00	3.35
37.00	1757.72	0.00	-9.06
37.10	1739.99	0.00	-21.86
37.20	1715.18	0.00	-34.96
37.30	1683.10	0.00	-48.30
37.40	1643.53	0.00	-61.78
37.50	1596.33	0.00	-75.31
37.60	1541.35	0.00	-88.80
37.70	1478.50	0.00	-102.15
37.80	1407.74	0.00	-115.27
37.90	1329.05	0.00	-128.06
38.00	1242.49	0.00	-140.42
38.10	1148.16	0.00	-152.26
38.20	1046.22	0.00	-163.47
38.30	936.90	0.00	-173.98
38.40	820.49	0.00	-183.69
38.50	697.36	0.00	-192.52
38.60	567.95	0.00	-200.38
38.70	432.75	0.00	-207.21
38.80	292.37	0.00	-212.94
38.90	147.45	0.00	-217.50
39.00	-1.29	0.00	-220.85
39.10	-153.03	0.00	-222.93
39.20	-306.94	0.00	-223.72
39.30	-462.08	0.00	-223.19
39.40	-617.49	0.00	-221.31
39.50	-772.15	0.00	-218.08
39.60	-925.01	0.00	-213.50
39.70	-1074.99	0.00	-207.59
39.80	-1221.00	0.00	-200.35
39.90	-1361.94	0.00	-191.82
40.00	-1496.71	0.00	-182.04
40.10	-1624.24	0.00	-171.06
40.20	-1743.47	0.00	-158.94
40.30	-1853.42	0.00	-145.74
40.40	-1953.14	0.00	-131.54
40.50	-2041.74	0.00	-116.41
40.60	-2118.43	0.00	-100.46
40.70	-2182.50	0.00	-83.76
40.80	-2233.33	0.00	-66.44
40.90	-2270.42	0.00	-48.58
41.00	-2293.37	0.00	-30.31
41.10	-2301.95	0.00	-11.73
41.20	-2299.21	0.00	7.04
41.30	-2287.25	0.00	25.88
41.40	-2266.02	0.00	44.66
41.50	-2235.47	0.00	63.28
41.60	-2195.59	0.00	81.61
41.70	-2146.36	0.00	99.53
41.80	-2087.83	0.00	116.94
41.90	-2020.03	0.00	133.72
42.00	-1943.07	0.00	149.76
42.10	-1857.06	0.00	164.96
42.20	-1762.17	0.00	179.23
42.30	-1658.62	0.00	192.47
42.40	-1546.67	0.00	204.61
42.50	-1426.66	0.00	215.56
42.60	-1298.96	0.00	225.27
42.70	-1164.02	0.00	233.67
42.80	-1022.37	0.00	240.70
42.90	-874.57	0.00	246.34
43.00	-721.29	0.00	250.54
43.10	-563.23	0.00	253.29
43.20	-401.19	0.00	254.58
43.30	-235.99	0.00	254.39
43.40	-68.56	0.00	252.74
43.50	100.17	0.00	249.64
43.60	269.18	0.00	245.12
43.70	437.44	0.00	239.21
43.80	603.89	0.00	231.95
43.90	767.43	0.00	223.40
44.00	926.98	0.00	213.62
44.10	1081.44	0.00	202.66
44.20	1229.73	0.00	190.61
44.30	1370.80	0.00	177.54
44.40	1503.64	0.00	163.54
44.50	1627.27	0.00	148.70
44.60	1740.80	0.00	133.11
44.70	1843.39	0.00	116.88
44.80	1934.28	0.00	100.09
44.90	2012.81	0.00	82.86
45.00	2078.41	0.00	65.30
45.10	2130.62	0.00	47.49
45.20	2169.08	0.00	29.56
45.30	2193.56	0.00	11.60
45.40	2203.93	0.00	-6.27
45.50	2200.18	0.00	-23.97
45.60	2184.31	0.00	-41.39
45.70	2159.44	0.00	-58.43
45.80	2125.70	0.00	-75.00
45.90	2083.23	0.00	-91.02
46.00	2032.16	0.00	-106.40
46.10	1972.64	0.00	-121.06
46.20	1904.84	0.00	-134.94
46.30	1828.94	0.00	-147.97
46.40	1745.17	0.00	-160.08
46.50	1653.76	0.00	-171.22
46.60	1554.99	0.00	-181.35
46.70	1449.15	0.00	-190.42
46.80	1336.61	0.00	-198.41
46.90	1217.73	0.00	-205.29
47.00	1092.95	0.00	-211.03
47.10	962.73	0.00	-215.63
47.20	827.58	0.00	-219.07
47.30	688.07	0.00	-221.37
47.40	544.79	0.00	-222.52
47.50	398.40	0.00	-222.54
47.60	249.58	0.00	-221.44
47.70	99.04	0.00	-219.26
47.80	-52.44	0.00	-216.02
47.90	-204.08	0.00	-211.75
48.00	-355.06	0.00	-206.50
48.10	-504.56	0.00	-200.30
48.20	-651.73	0.00	-193.21
48.30	-795.70	0.00	-185.27
48.40	-935.65	0.00	-176.53
48.50	-1070.71	0.00	-167.06
48.60	-1200.07	0.00	-156.90
48.70	-1322.93	0.00	-146.13
48.80	-1438.50	0.00	-134.78
48.90	-1546.07	0.00	-122.94
49.00	-1644.95	0.00	-110.66
49.10	-1734.50	0.00	-98.00
49.20	-1814.15	0.00	-85.02
49.30	-1883.39	0.00	-71.79
49.40	-1941.78	0.00	-58.37
49.50	-1988.96	0.00	-44.82
49.60	-2024.63	0.00	-31.19
49.70	-2048.59	0.00	-17.54
49.80	-2060.70	0.00	-3.93
49.90	-2062.61	0.00	9.58
50.00	-2056.97	0.00	22.95
50.10	-2043.85	0.00	36.12
50.20	-2023.28	0.00	49.04
50.30	-1995.30	0.00	61.67
50.40	-1959.94	0.00	73.97
50.50	-1917.25	0.00	85.89
50.60	-1867.27	0.00	97.38
50.70	-1810.05	0.00	108.42
50.80	-1745.66	0.00	118.97
50.90	-1674.17	0.00	129.00
51.00	-1595.69	0.00	138.46
51.10	-1510.33	0.00	147.34
51.20	-1418.23	0.00	155.61
51.30	-1319.57	0.00	163.24
51.40	-1214.54	0.00	170.20
51.50	-1103.39	0.00	176.48
51.60	-986.39	0.00	182.06
51.70	-863.85	0.00	186.92
51.80	-736.15	0.00	191.05
51.90	-603.68	0.00	194.42
52.00	-466.89	0.00	197.04
52.10	-326.29	0.00	198.89
52.20	-182.42	0.00	199.96
52.30	-35.86	0.00	200.24
52.40	112.73	0.00	199.74
52.50	262.70	0.00	198.45
52.60	413.31	0.00	196.38
52.70	563.81	0.00	193.52
52.80	713.43	0.00	189.87
52.90	861.35	0.00	185.46
53.00	1006.73	0.00	180.28
53.10	1148.72	0.00	174.34
53.20	1286.48	0.00	167.67
53.30	1419.15	0.00	160.28
53.40	1545.86	0.00	152.19
53.50	1665.79	0.00	143.41
53.60	1778.13	0.00	133.99
53.70	1882.07	0.00	123.93
53.80	1976.89	0.00	113.28
53.90	2061.86	0.00	102.07
54.00	2136.35	0.00	90.33
54.10	2199.75	0.00	78.10
54.20	2251.55	0.00	65.43
54.30	2291.30	0.00	52.35
54.40	2318.63	0.00	38.92
54.50	2336.37	0.00	25.18
54.60	2346.79	0.00	11.20
54.70	2349.76	0.00	-2.99
54.80	2345.17	0.00	-17.32
54.90	2332.90	0.00	-31.73
55.00	2312.81	0.00	-46.17
55.10	2284.78	0.00	-60.57
55.20	2248.68	0.00	-74.87
55.30	2204.38	0.00	-89.00
55.40	2151.77	0.00	-102.90
55.50	2090.74	0.00	-116.51
55.60	2021.21	0.00	-129.76
55.70	1943.12	0.00	-142.59
55.80	1856.44	0.00	-154.93
55.90	1761.17	0.00	-166.72
56.00	1657.35	0.00	-177.89
56.10	1545.09	0.00	-188.39
56.20	1424.52	0.00	-198.16
56.30	1295.86	0.00	-207.14
56.40	1159.36	0.00	-215.29
56.50	1015.37	0.00	-222.54
56.60	864.28	0.00	-228.85
56.70	706.59	0.00	-234.19
56.80	542.84	0.00	-238.50
56.90	373.66	0.00	-241.77
57.00	199.75	0.00	-243.95
57.10	21.91	0.00	-245.03
57.20	-159.02	0.00	-244.98
57.30	-342.12	0.00	-243.79
57.40	-526.42	0.00	-241.46
57.50	-710.86	0.00	-237.98
57.60	-894.38	0.00	-233.35
57.70	-1075.84	0.00	-227.58
57.80	-1254.08	0.00	-220.69
57.90	-1427.93	0.00	-212.70
58.00	-1596.21	0.00	-203.63
58.10	-1757.73	0.00	-193.53
58.20	-1911.31	0.00	-182.42
58.30	-2055.83	0.00	-170.35
58.40	-2190.17	0.00	-157.38
58.50	-2313.29	0.00	-143.55
58.60	-2424.20	0.00	-128.93
58.70	-2521.99	0.00	-113.59
58.80	-2605.83	0.00	-97.59
58.90	-2675.00	0.00	-81.00
59.00	-2728.87	0.00	-63.90
59.10	-2766.94	0.00	-46.38
59.20	-2788.83	0.00	-28.52
59.30	-2798.58	0.00	-10.41
59.40	-2799.73	0.00	7.88
59.50	-2792.19	0.00	26.24
59.60	-2775.85	0.00	44.59
59.70	-2750.59	0.00	62.83
59.80	-2716.28	0.00	80.88
59.90	-2672.80	0.00	98.63
60.00	-2620.02	0.00	116.01
60.10	-2557.82	0.00	132.92
60.20	-2486.09	0.00	149.27
60.30	-2404.76	0.00	164.99
60.40	-2313.75	0.00	179.98
60.50	-2213.06	0.00	194.17
60.60	-2102.69	0.00	207.49
60.70	-1982.72	0.00	219.85
60.80	-1853.28	0.00	231.21
60.90	-1714.56	0.00	241.50
61.00	-1566.82	0.00	250.66
61.10	-1410.40	0.00	258.64
61.20	-1245.71	0.00	265.40
61.30	-1073.27	0.00	270.91
61.40	-893.67	0.00	275.13
61.50	-707.58	0.00	278.03
61.60	-515.76	0.00	279.61
61.70	-319.08	0.00	279.84
61.80	-118.47	0.00	278.74
61.90	85.07	0.00	276.29
62.00	290.44	0.00	272.52
62.10	496.50	0.00	267.44
62.20	702.05	0.00	261.07
62.30	905.83	0.00	253.45
62.40	1106.57	0.00	244.61
62.50	1302.95	0.00	234.60
62.60	1493.67	0.00	223.46
62.70	1677.42	0.00	211.27
62.80	1852.90	0.00	198.06
62.90	2018.86	0.00	183.92
63.00	2174.09	0.00	168.91
63.10	2317.43	0.00	153.11
63.20	2447.82	0.00	136.60
63.30	2564.26	0.00	119.46
63.40	2665.85	0.00	101.77
63.50	2751.81	0.00	83.63
63.60	2821.48	0.00	65.11
63.70	2874.32	0.00	46.33
63.80	2909.92	0.00	27.35
63.90	2928.00	0.00	8.29
64.00	2928.81	0.00	-10.78
64.10	2918.51	0.00	-29.75
64.20	2899.34	0.00	-48.54
64.30	2871.26	0.00	-67.06
64.40	2834.24	0.00	-85.22
64.50	2788.25	0.00	-102.94
64.60	2733.22	0.00	-120.14
64.70	2669.10	0.00	-136.73
64.80	2595.85	0.00	-152.65
64.90	2513.42	0.00	-167.83
65.00	2421.80	0.00	-182.19
65.10	2320.97	0.00	-195.68
65.20	2210.98	0.00	-208.25
65.30	2091.90	0.00	-219.83
65.40	1963.84	0.00	-230.38
65.50	1826.96	0.00	-239.87
65.60	1681.52	0.00	-248.25
65.70	1527.78	0.00	-255.50
65.80	1366.13	0.00	-261.60
65.90	1197.00	0.00	-266.51
66.00	1020.90	0.00	-270.24
66.10	838.42	0.00	-272.77
66.20	650.25	0.00	-274.10
66.30	457.13	0.00	-274.24
66.40	259.89	0.00	-273.19
66.50	59.44	0.00	-270.95
66.60	-143.26	0.00	-267.57
66.70	-347.17	0.00	-263.04
66.80	-551.20	0.00	-257.40
66.90	-754.21	0.00	-250.68
67.00	-955.02	0.00	-242.92
67.10	-1152.43	0.00	-234.15
67.20	-1345.21	0.00	-224.41
67.30	-1532.13	0.00	-213.74
67.40	-1711.96	0.00	-202.20
67.50	-1883.50	0.00	-189.83
67.60	-2045.55	0.00	-176.69
67.70	-2196.99	0.00	-162.82
67.80	-2336.73	0.00	-148.29
67.90	-2463.74	0.00	-133.16
68.00	-2577.10	0.00	-117.47
68.10	-2675.93	0.00	-101.30
68.20	-2759.49	0.00	-84.71
68.30	-2827.12	0.00	-67.75
68.40	-2878.28	0.00	-50.49
68.50	-2912.55	0.00	-32.99
68.60	-2929.63	0.00	-15.33
68.70	-2932.31	0.00	2.44
68.80	-2926.21	0.00	20.25
68.90	-2911.40	0.00	38.03
69.00	-2887.79	0.00	55.72
69.10	-2855.26	0.00	73.25
69.20	-2813.67	0.00	90.56
69.30	-2762.88	0.00	107.58
69.40	-2702.74	0.00	124.25
69.50	-2633.07	0.00	140.50
69.60	-2553.73	0.00	156.26
69.70	-2464.57	0.00	171.48
69.80	-2365.47	0.00	186.10
69.90	-2256.35	0.00	200.05
70.00	-2137.15	0.00	213.27
70.10	-2007.86	0.00	225.70
70.20	-1868.55	0.00	237.30
70.30	-1719.32	0.00	247.99
70.40	-1560.38	0.00	257.74
70.50	-1392.00	0.00	266.49
70.60	-1214.55	0.00	274.19
70.70	-1028.48	0.00	280.80
70.80	-834.34	0.00	286.28
70.90	-632.80	0.00	290.58
71.00	-424.62	0.00	293.69
71.10	-210.66	0.00	295.55
71.20	8.11	0.00	296.16
71.30	230.64	0.00	295.48
71.40	455.75	0.00	293.50
71.50	682.21	0.00	290.22
71.60	908.69	0.00	285.61
71.70	1133.81	0.00	279.69
71.80	1356.10	0.00	272.46
71.90	1574.08	0.00	263.93
72.00	1786.22	0.00	254.12
72.10	1990.98	0.00	243.05
72.20	2186.83	0.00	230.75
72.30	2372.23	0.00	217.26
72.40	2545.70	0.00	202.63
72.50	2705.81	0.00	186.90
72.60	2851.18	0.00	170.13
72.70	2980.55	0.00	152.38
72.80	3092.73	0.00	133.73
72.90	3186.65	0.00	114.24
73.00	3261.40	0.00	94.01
73.10	3316.18	0.00	73.10
73.20	3350.77	0.00	51.63
73.30	3372.69	0.00	29.67
73.40	3384.90	0.00	7.34
73.50	3387.20	0.00	-15.27
73.60	3379.39	0.00	-38.04
73.70	3361.21	0.00	-60.86
73.80	3332.37	0.00	-83.63
73.90	3292.57	0.00	-106.23
74.00	3241.49	0.00	-128.55
74.10	3178.80	0.00	-150.46
74.20	3104.16	0.00	-171.87
74.30	3017.26	0.00	-192.64
74.40	2917.80	0.00	-212.67
74.50	2805.54	0.00	-231.86
74.60	2680.26	0.00	-250.09
74.70	2541.84	0.00	-267.27
74.80	2390.19	0.00	-283.29
74.90	2225.36	0.00	-298.06
75.00	2047.47	0.00	-311.50
75.10	1856.77	0.00	-323.53
75.20	1653.62	0.00	-334.07
75.30	1438.52	0.00	-343.06
75.40	1212.11	0.00	-350.44
75.50	975.17	0.00	-356.15
75.60	728.62	0.00	-360.16
75.70	473.55	0.00	-362.44
75.80	211.17	0.00	-362.96
75.90	-57.17	0.00	-361.70
76.00	-329.98	0.00	-358.66
76.10	-605.65	0.00	-353.85
76.20	-882.47	0.00	-347.29
76.30	-1158.62	0.00	-338.98
76.40	-1432.21	0.00	-328.98
76.50	-1701.30	0.00	-317.32
76.60	-1963.90	0.00	-304.05
76.70	-2218.01	0.00	-289.24
76.80	-2461.63	0.00	-272.95
76.90	-2692.79	0.00	-255.26
77.00	-2909.58	0.00	-236.25
77.10	-3110.16	0.00	-216.03
77.20	-3292.79	0.00	-194.68
77.30	-3455.87	0.00	-172.31
77.40	-3597.92	0.00	-149.04
77.50	-3717.64	0.00	-124.97
77.60	-3813.88	0.00	-100.23
77.70	-3885.74	0.00	-74.94
77.80	-3932.48	0.00	-49.23
77.90	-3956.03	0.00	-23.22
78.00	-3968.09	0.00	2.95
78.10	-3970.18	0.00	29.15
78.20	-3962.17	0.00	55.26
78.30	-3943.87	0.00	81.14
78.40	-3915.03	0.00	106.67
78.50	-3875.38	0.00	131.71
78.60	-3824.58	0.00	156.14
78.70	-3762.28	0.00	179.84
78.80	-3688.11	0.00	202.70
78.90	-3601.71	0.00	224.60
79.00	-3502.71	0.00	245.43
79.10	-3390.78	0.00	265.09
79.20	-3265.64	0.00	283.48
79.30	-3127.04	0.00	300.52
79.40	-2974.84	0.00	316.13
79.50	-2808.95	0.00	330.23
79.60	-2629.43	0.00	342.74
79.70	-2436.41	0.00	353.62
79.80	-2230.18	0.00	362.82
79.90	-2011.15	0.00	370.28
80.00	-1779.87	0.00	375.99
80.10	-1537.06	0.00	379.90
80.20	-1283.57	0.00	382.02
80.30	-1020.42	0.00	382.33
80.40	-748.78	0.00	380.83
80.50	-469.95	0.00	377.54
80.60	-185.38	0.00	372.48
80.70	103.35	0.00	365.67
80.80	394.56	0.00	357.17
80.90	686.46	0.00	347.00
81.00	977.18	0.00	335.23
81.10	1264.78	0.00	321.92
81.20	1547.29	0.00	307.13
81.30	1822.72	0.00	290.95
81.40	2089.06	0.00	273.46
81.50	2344.35	0.00	254.75
81.60	2586.66	0.00	234.91
81.70	2814.16	0.00	214.05
81.80	3025.08	0.00	192.26
81.90	3217.79	0.00	169.67
82.00	3390.79	0.00	146.38
82.10	3542.72	0.00	122.51
82.20	3672.43	0.00	98.19
82.30	3778.91	0.00	73.52
82.40	3861.39	0.00	48.64
82.50	3919.27	0.00	23.67
82.60	3952.21	0.00	-1.28
82.70	3960.05	0.00	-26.07
82.80	3944.90	0.00	-50.58
82.90	3918.89	0.00	-74.70
83.00	3884.01	0.00	-98.30
83.10	3840.25	0.00	-121.28
83.20	3787.54	0.00	-143.52
83.30	3725.78	0.00	-164.92
83.40	3654.83	0.00	-185.37
83.50	3574.55	0.00	-204.77
83.60	3484.79	0.00	-223.04
83.70	3385.38	0.00	-240.10
83.80	3276.20	0.00	-255.86
83.90	3157.15	0.00	-270.25
84.00	3028.15	0.00	-283.22
84.10	2889.19	0.00	-294.70
84.20	2740.34	0.00	-304.66
84.30	2581.72	0.00	-313.04
84.40	2413.53	0.00	-319.83
84.50	2236.09	0.00	-325.00
84.60	2049.80	0.00	-328.54
84.70	1855.14	0.00	-330.45
84.80	1652.74	0.00	-330.73
84.90	1443.28	0.00	-329.41
85.00	1227.58	0.00	-326.50
85.10	1006.55	0.00	-322.03
85.20	781.17	0.00	-316.05
85.30	552.54	0.00	-308.61
85.40	321.81	0.00	-299.77
85.50	90.19	0.00	-289.58
85.60	-141.03	0.00	-278.13
85.70	-370.55	0.00	-265.49
85.80	-597.03	0.00	-251.74
85.90	-819.12	0.00	-236.98
86.00	-1035.48	0.00	-221.30
86.10	-1244.79	0.00	-204.80
86.20	-1445.77	0.00	-187.58
86.30	-1637.19	0.00	-169.75
86.40	-1817.87	0.00	-151.41
86.50	-1986.74	0.00	-132.68
86.60	-2142.79	0.00	-113.67
86.70	-2285.14	0.00	-94.48
86.80	-2413.00	0.00	-75.23
86.90	-2525.73	0.00	-56.02
87.00	-2622.78	0.00	-36.96
87.10	-2703.76	0.00	-18.16
87.20	-2768.41	0.00	0.29
87.30	-2816.60	0.00	18.29
87.40	-2848.34	0.00	35.75
87.50	-2863.76	0.00	52.58
87.60	-2863.15	0.00	68.70
87.70	-2846.89	0.00	84.04
87.80	-2815.50	0.00	98.53
87.90	-2769.59	0.00	112.11
88.00	-2710.77	0.00	124.72
88.10	-2645.34	0.00	136.33
88.20	-2574.63	0.00	146.89
88.30	-2498.92	0.00	156.36
88.40	-2418.50	0.00	164.74
88.50	-2333.63	0.00	172.00
88.60	-2244.60	0.00	178.13
88.70	-2151.68	0.00	183.14
88.80	-2055.16	0.00	187.03
88.90	-1955.33	0.00	189.81
89.00	-1852.49	0.00	191.52
89.10	-1746.97	0.00	192.17
89.20	-1639.09	0.00	191.79
89.30	-1529.18	0.00	190.44
89.40	-1417.61	0.00	188.15
89.50	-1304.73	0.00	184.97
89.60	-1190.93	0.00	180.96
89.70	-1076.60	0.00	176.17
89.80	-962.12	0.00	170.66
89.90	-847.89	0.00	164.50
90.00	-734.32	0.00	157.74
90.10	-621.81	0.00	150.47
90.20	-510.75	0.00	142.74
90.30	-401.53	0.00	134.62
90.40	-294.54	0.00	126.17
90.50	-190.14	0.00	117.48
90.60	-88.68	0.00	108.59
90.70	9.53	0.00	99.58
90.80	104.16	0.00	90.51
90.90	194.94	0.00	81.43
91.00	281.62	0.00	72.41
91.10	363.97	0.00	63.50
91.20	441.82	0.00	54.76
91.30	514.99	0.00	46.22
91.40	583.37	0.00	37.93
91.50	646.87	0.00	29.94
91.60	705.43	0.00	22.28
91.70	759.02	0.00	14.98
91.80	807.66	0.00	8.08
91.90	851.39	0.00	1.59
92.00	890.29	0.00	-4.46
92.10	924.44	0.00	-10.06
92.20	953.99	0.00	-15.19
92.30	979.08	0.00	-19.84
92.40	999.89	0.00	-24.02
92.50	1016.61	0.00	-27.70
92.60	1029.45	0.00	-30.91
92.70	1038.64	0.00	-33.64
92.80	1044.41	0.00	-35.90
92.90	1047.01	0.00	-37.70
93.00	1046.69	0.00	-39.05
93.10	1043.71	0.00	-39.98
93.20	1038.33	0.00	-40.49
93.30	1030.79	0.00	-40.61
93.40	1021.35	0.00	-40.36
93.50	1010.25	0.00	-39.76
93.60	997.74	0.00	-38.84
93.70	984.04	0.00	-37.63
93.80	969.36	0.00	-36.15
93.90	953.91	0.00	-34.43
94.00	937.88	0.00	-32.50
94.10	921.44	0.00	-30.38
94.20	904.75	0.00	-28.12
94.30	887.94	0.00	-25.73
94.40	871.15	0.00	-23.25
94.50	854.80	0.00	-20.71
94.60	839.38	0.00	-18.14
94.70	824.92	0.00	-15.56
94.80	811.43	0.00	-13.01
94.90	798.91	0.00	-10.51
95.00	787.35	0.00	-8.09
95.10	776.70	0.00	-5.78
95.20	766.93	0.00	-3.59
95.30	757.96	0.00	-1.55
95.40	749.75	0.00	0.31
95.50	742.18	0.00	1.98
95.60	735.18	0.00	3.44
95.70	728.64	0.00	4.67
95.80	722.44	0.00	5.65
95.90	716.46	0.00	6.39
96.00	710.57	0.00	6.85
96.10	704.63	0.00	7.05
96.20	698.49	0.00	6.96
96.30	692.01	0.00	6.59
96.40	685.03	0.00	5.93
96.50	677.41	0.00	4.99
96.60	668.98	0.00	3.77
96.70	659.59	0.00	2.27
96.80	649.09	0.00	0.50
96.90	637.33	0.00	-1.53
97.00	624.15	0.00	-3.80
97.10	609.43	0.00	-6.31
97.20	593.01	0.00	-9.04
97.30	574.78	0.00	-11.96
97.40	554.60	0.00	-15.07
97.50	532.38	0.00	-18.33
97.60	508.02	0.00	-21.73
97.70	481.42	0.00	-25.24
97.80	452.51	0.00	-28.83
97.90	421.24	0.00	-32.49
98.00	387.57	0.00	-36.17
98.10	351.46	0.00	-39.87
98.20	312.90	0.00	-43.53
98.30	271.91	0.00	-47.15
98.40	228.51	0.00	-50.69
98.50	182.75	0.00	-54.12
98.60	134.70	0.00	-57.42
98.70	84.43	0.00	-60.56
98.80	32.06	0.00	-63.51
98.90	-22.30	0.00	-66.24
99.00	-78.48	0.00	-68.75
99.10	-136.34	0.00	-71.00
99.20	-195.67	0.00	-72.97
99.30	-256.29	0.00	-74.64
99.40	-317.97	0.00	-76.01
99.50	-380.46	0.00	-77.05
99.60	-443.53	0.00	-77.75
99.70	-506.89	0.00	-78.10
99.80	-570.28	0.00	-78.09
99.90	-633.39	0.00	-77.72
100.00	-695.93	0.00	-76.99
100.10	-757.59	0.00	-75.89
100.20	-818.06	0.00	-74.42
100.30	-877.01	0.00	-72.59
100.40	-934.14	0.00	-70.40
100.50	-989.12	0.00	-67.86
100.60	-1041.65	0.00	-64.99
100.70	-1091.41	0.00	-61.78
100.80	-1138.12	0.00	-58.27
100.90	-1181.47	0.00	-54.45
101.00	-1221.21	0.00	-50.35
101.10	-1257.07	0.00	-45.99
101.20	-1288.82	0.00	-41.39
101.30	-1316.22	0.00	-36.56
101.40	-1339.08	0.00	-31.53
101.50	-1357.23	0.00	-26.33
101.60	-1370.55	0.00	-20.97
101.70	-1380.20	0.00	-15.48
101.80	-1386.71	0.00	-9.89
101.90	-1390.02	0.00	-4.21
102.00	-1390.07	0.00	1.52
102.10	-1386.80	0.00	7.29
102.20	-1380.18	0.00	13.06
102.30	-1370.15	0.00	18.82
102.40	-1356.68	0.00	24.53
102.50	-1339.74	0.00	30.19
102.60	-1319.28	0.00	35.76
102.70	-1295.30	0.00	41.22
102.80	-1267.78	0.00	46.56
102.90	-1236.70	0.00	51.76
103.00	-1202.08	0.00	56.79
103.10	-1163.91	0.00	61.64
103.20	-1122.22	0.00	66.29
103.30	-1077.04	0.00	70.72
103.40	-1028.40	0.00	74.93
103.50	-976.36	0.00	78.90
103.60	-920.98	0.00	82.62
103.70	-862.35	0.00	86.08
103.80	-800.55	0.00	89.26
103.90	-735.70	0.00	92.17
104.00	-667.91	0.00	94.79
104.10	-597.34	0.00	97.11
104.20	-524.13	0.00	99.13
104.30	-448.47	0.00	100.85
104.40	-370.53	0.00	102.26
104.50	-290.54	0.00	103.36
104.60	-208.70	0.00	104.15
104.70	-125.28	0.00	104.62
104.80	-40.52	0.00	104.78
104.90	45.31	0.00	104.63
105.00	131.91	0.00	104.16
105.10	218.98	0.00	103.38
105.20	306.21	0.00	102.29
105.30	393.28	0.00	100.89
105.40	479.83	0.00	99.19
105.50	565.54	0.00	97.18
105.60	650.04	0.00	94.87
105.70	732.98	0.00	92.27
105.80	814.00	0.00	89.38
105.90	892.73	0.00	86.20
106.00	968.82	0.00	82.74
106.10	1041.90	0.00	79.00
106.20	1111.63	0.00	75.00
106.30	1177.66	0.00	70.74
106.40	1239.65	0.00	66.22
106.50	1297.29	0.00	61.46
106.60	1350.27	0.00	56.46
106.70	1398.29	0.00	51.24
106.80	1441.09	0.00	45.80
106.90	1478.42	0.00	40.15
107.00	1510.05	0.00	34.31
107.10	1535.79	0.00	28.30
107.20	1555.47	0.00	22.12
107.30	1568.93	0.00	15.79
107.40	1576.07	0.00	9.32
107.50	1577.02	0.00	2.75
107.60	1573.59	0.00	-3.93
107.70	1566.21	0.00	-10.68
107.80	1554.84	0.00	-17.49
107.90	1539.42	0.00	-24.33
108.00	1519.93	0.00	-31.18
108.10	1496.32	0.00	-38.01
108.20	1468.56	0.00	-44.81
108.30	1436.63	0.00	-51.55
108.40	1400.52	0.00	-58.19
108.50	1360.20	0.00	-64.71
108.60	1315.69	0.00	-71.08
108.70	1267.00	0.00	-77.28
108.80	1214.16	0.00	-83.28
108.90	1157.22	0.00	-89.03
109.00	1096.23	0.00	-94.53
109.10	1031.28	0.00	-99.73
109.20	962.49	0.00	-104.61
109.30	889.97	0.00	-109.15
109.40	813.88	0.00	-113.30
109.50	734.41	0.00	-117.06
109.60	651.74	0.00	-120.39
109.70	566.13	0.00	-123.26
109.80	477.82	0.00	-125.67
109.90	387.10	0.00	-127.58
110.00	294.29	0.00	-128.98
110.10	199.72	0.00	-129.85
110.20	103.77	0.00	-130.18
110.30	6.83	0.00	-129.96
110.40	-90.71	0.00	-129.19
110.50	-188.39	0.00	-127.84
110.60	-285.78	0.00	-125.93
110.70	-382.41	0.00	-123.45
110.80	-477.80	0.00	-120.41
110.90	-571.47	0.00	-116.81
111.00	-662.93	0.00	-112.67
111.10	-751.70	0.00	-108.00
111.20	-837.29	0.00	-102.81
111.30	-919.22	0.00	-97.12
111.40	-997.02	0.00	-90.96
111.50	-1070.26	0.00	-84.35
111.60	-1138.49	0.00	-77.33
111.70	-1201.32	0.00	-69.92
111.80	-1258.38	0.00	-62.16
111.90	-1309.31	0.00	-54.09
112.00	-1353.83	0.00	-45.74
112.10	-1391.64	0.00	-37.16
112.20	-1422.55	0.00	-28.39
112.30	-1446.35	0.00	-19.46
112.40	-1462.92	0.00	-10.44
112.50	-1472.17	0.00	-1.37
112.60	-1474.06	0.00	7.72
112.70	-1468.60	0.00	16.76
112.80	-1455.86	0.00	25.72
112.90	-1436.67	0.00	34.54
113.00	-1412.51	0.00	43.18
113.10	-1383.48	0.00	51.60
113.20	-1349.68	0.00	59.74
113.30	-1311.21	0.00	67.57
113.40	-1268.19	0.00	75.04
113.50	-1220.75	0.00	82.11
113.60	-1169.06	0.00	88.76
113.70	-1113.28	0.00	94.93
113.80	-1053.59	0.00	100.61
113.90	-990.20	0.00	105.76
114.00	-923.34	0.00	110.36
114.10	-853.25	0.00	114.38
114.20	-780.20	0.00	117.81
114.30	-704.46	0.00	120.63
114.40	-626.34	0.00	122.83
114.50	-546.15	0.00	124.39
114.60	-464.25	0.00	125.33
114.70	-380.97	0.00	125.63
114.80	-296.69	0.00	125.30
114.90	-211.79	0.00	124.35
115.00	-126.66	0.00	122.78
115.10	-41.71	0.00	120.61
115.20	42.66	0.00	117.86
115.30	126.04	0.00	114.55
115.40	208.00	0.00	110.69
115.50	288.14	0.00	106.33
115.60	366.06	0.00	101.48
115.70	441.35	0.00	96.18
115.80	513.63	0.00	90.45
115.90	582.52	0.00	84.35
116.00	647.68	0.00	77.89
116.10	708.77	0.00	71.13
116.20	765.48	0.00	64.10
116.30	817.52	0.00	56.84
116.40	864.64	0.00	49.40
116.50	906.62	0.00	41.81
116.60	943.27	0.00	34.12
116.70	974.42	0.00	26.36
116.80	999.96	0.00	18.59
116.90	1019.80	0.00	10.83
117.00	1033.89	0.00	3.14
117.10	1042.22	0.00	-4.46
117.20	1044.82	0.00	-11.92
117.30	1041.74	0.00	-19.21
117.40	1033.08	0.00	-26.29
117.50	1018.98	0.00	-33.13
117.60	999.59	0.00	-39.71
117.70	975.59	0.00	-45.98
117.80	947.66	0.00	-51.94
117.90	915.96	0.00	-57.54
118.00	880.67	0.00	-62.78
118.10	841.96	0.00	-67.63
118.20	800.02	0.00	-72.08
118.30	755.05	0.00	-76.10
118.40	707.26	0.00	-79.70
118.50	656.87	0.00	-82.85
118.60	604.11	0.00	-85.56
118.70	549.22	0.00	-87.82
118.80	492.44	0.00	-89.62
118.90	434.04	0.00	-90.96
119.00	374.28	0.00	-91.86
119.10	313.42	0.00	-92.30
119.20	251.76	0.00	-92.31
119.30	189.55	0.00	-91.87
119.40	127.10	0.00	-91.02
119.50	64.70	0.00	-89.74
119.60	2.63	0.00	-88.07
119.70	-58.82	0.00	-86.02
119.80	-119.35	0.00	-83.59
119.90	-178.68	0.00	-80.80
120.00	-236.52	0.00	-77.69
120.10	-292.60	0.00	-74.25
120.20	-346.64	0.00	-70.52
120.30	-398.40	0.00	-66.52
120.40	-447.61	0.00	-62.26
120.50	-494.04	0.00	-57.76
120.60	-537.46	0.00	-53.06
120.70	-577.68	0.00	-48.17
120.80	-614.50	0.00	-43.12
120.90	-647.74	0.00	-37.93
121.00	-677.25	0.00	-32.62
121.10	-702.90	0.00	-27.22
121.20	-724.58	0.00	-21.75
121.30	-742.20	0.00	-16.24
121.40	-755.69	0.00	-10.71
121.50	-765.01	0.00	-5.18
121.60	-770.14	0.00	0.32
121.70	-771.08	0.00	5.78
121.80	-768.00	0.00	11.16
121.90	-761.38	0.00	16.45
122.00	-751.30	0.00	21.62
122.10	-737.81	0.00	26.66
122.20	-721.00	0.00	31.54
122.30	-700.94	0.00	36.25
122.40	-677.73	0.00	40.76
122.50	-651.47	0.00	45.05
122.60	-622.27	0.00	49.12
122.70	-590.26	0.00	52.94
122.80	-555.57	0.00	56.49
122.90	-518.34	0.00	59.77
123.00	-478.74	0.00	62.76
123.10	-436.93	0.00	65.45
123.20	-393.07	0.00	67.83
123.30	-347.37	0.00	69.89
123.40	-300.00	0.00	71.62
123.50	-251.18	0.00	73.02
123.60	-201.11	0.00	74.08
123.70	-150.01	0.00	74.79
123.80	-98.12	0.00	75.16
123.90	-45.66	0.00	75.18
124.00	7.13	0.00	74.86
124.10	60.00	0.00	74.20
124.20	112.71	0.00	73.20
124.30	165.02	0.00	71.88
124.40	216.66	0.00	70.23
124.50	267.41	0.00	68.26
124.60	317.00	0.00	66.00
124.70	365.19	0.00	63.44
124.80	411.76	0.00	60.61
124.90	456.47	0.00	57.51
125.00	499.10	0.00	54.17
125.10	539.43	0.00	50.60
125.20	577.27	0.00	46.82
125.30	612.42	0.00	42.86
125.40	644.72	0.00	38.72
125.50	674.00	0.00	34.44
125.60	700.12	0.00	30.02
125.70	722.95	0.00	25.51
125.80	742.39	0.00	20.91
125.90	758.34	0.00	16.26
126.00	770.75	0.00	11.57
126.10	779.56	0.00	6.87
126.20	784.88	0.00	2.18
126.30	787.16	0.00	-2.47
126.40	786.45	0.00	-7.07
126.50	782.77	0.00	-11.59
126.60	776.15	0.00	-16.02
126.70	766.65	0.00	-20.32
126.80	754.29	0.00	-24.49
126.90	739.15	0.00	-28.50
127.00	721.29	0.00	-32.35
127.10	700.78	0.00	-36.00
127.20	677.71	0.00	-39.46
127.30	652.17	0.00	-42.70
127.40	624.25	0.00	-45.71
127.50	594.05	0.00	-48.50
127.60	561.70	0.00	-51.04
127.70	527.30	0.00	-53.33
127.80	490.98	0.00	-55.37
127.90	452.87	0.00	-57.16
128.00	413.11	0.00	-58.69
128.10	371.83	0.00	-59.96
128.20	329.19	0.00	-60.97
128.30	285.33	0.00	-61.73
128.40	240.41	0.00	-62.24
128.50	194.59	0.00	-62.51
128.60	148.02	0.00	-62.54
128.70	100.88	0.00	-62.34
128.80	53.32	0.00	-61.92
128.90	5.52	0.00	-61.28
129.00	-42.36	0.00	-60.45
129.10	-90.16	0.00	-59.42
129.20	-137.69	0.00	-58.22
129.30	-184.81	0.00	-56.84
129.40	-231.34	0.00	-55.31
129.50	-277.12	0.00	-53.63
129.60	-321.99	0.00	-51.82
129.70	-365.81	0.00	-49.89
129.80	-408.40	0.00	-47.84
129.90	-449.64	0.00	-45.70
130.00	-489.38	0.00	-43.47
130.10	-527.47	0.00	-41.16
130.20	-563.80	0.00	-38.78
130.30	-598.24	0.00	-36.35
130.40	-630.66	0.00	-33.86
130.50	-660.97	0.00	-31.32
130.60	-689.05	0.00	-28.75
130.70	-714.81	0.00	-26.15
130.80	-738.17	0.00	-23.52
130.90	-759.04	0.00	-20.87
131.00	-777.35	0.00	-18.20
131.10	-793.05	0.00	-15.52
131.20	-806.06	0.00	-12.83
131.30	-816.36	0.00	-10.12
131.40	-823.89	0.00	-7.41
131.50	-828.65	0.00	-4.69
131.60	-831.07	0.00	-1.96
131.70	-831.37	0.00	0.77
131.80	-829.54	0.00	3.52
131.90	-825.59	0.00	6.26
132.00	-819.49	0.00	9.02
132.10	-811.24	0.00	11.78
132.20	-800.83	0.00	14.55
132.30	-788.26	0.00	17.32
132.40	-773.53	0.00	20.09
132.50	-756.62	0.00	22.87
132.60	-737.54	0.00	25.64
132.70	-716.29	0.00	28.41
132.80	-692.88	0.00	31.18
132.90	-667.31	0.00	33.93
133.00	-639.60	0.00	36.66
133.10	-609.76	0.00	39.36
133.20	-577.83	0.00	42.04
133.30	-543.83	0.00	44.67
133.40	-507.81	0.00	47.25
133.50	-469.80	0.00	49.77
133.60	-429.88	0.00	52.22
133.70	-388.10	0.00	54.58
133.80	-344.55	0.00	56.84
133.90	-299.32	0.00	59.00
134.00	-252.51	0.00	61.02
134.10	-204.22	0.00	62.90
134.20	-154.60	0.00	64.63
134.30	-103.77	0.00	66.18
134.40	-51.90	0.00	67.54
134.50	0.86	0.00	68.70
134.60	54.32	0.00	69.63
134.70	108.29	0.00	70.33
134.80	162.57	0.00	70.77
134.90	216.94	0.00	70.95
135.00	271.18	0.00	70.84
135.10	325.05	0.00	70.44
135.20	378.31	0.00	69.73
135.30	430.69	0.00	68.70
135.40	481.96	0.00	67.35
135.50	531.83	0.00	65.67
135.60	580.05	0.00	63.65
135.70	626.36	0.00	61.28
135.80	670.48	0.00	58.58
135.90	712.17	0.00	55.53
136.00	751.16	0.00	52.15
136.10	787.20	0.00	48.44
136.20	820.07	0.00	44.41
136.30	849.54	0.00	40.06
136.40	875.40	0.00	35.42
136.50	897.47	0.00	30.51
136.60	915.56	0.00	25.33
136.70	929.53	0.00	19.92
136.80	939.25	0.00	14.29
136.90	944.62	0.00	8.48
137.00	945.56	0.00	2.52
137.10	942.13	0.00	-3.57
137.20	935.00	0.00	-9.75
137.30	924.25	0.00	-15.99
137.40	909.90	0.00	-22.24
137.50	891.94	0.00	-28.48
137.60	870.41	0.00	-34.65
137.70	845.36	0.00	-40.73
137.80	816.85	0.00	-46.67
137.90	784.96	0.00	-52.42
138.00	749.79	0.00	-57.96
138.10	711.46	0.00	-63.23
138.20	670.12	0.00	-68.21
138.30	625.92	0.00	-72.84
138.40	579.05	0.00	-77.11
138.50	529.71	0.00	-80.96
138.60	478.11	0.00	-84.38
138.70	424.50	0.00	-87.32
138.80	369.15	0.00	-89.77
138.90	312.32	0.00	-91.69
139.00	254.31	0.00	-93.08
139.10	195.43	0.00	-93.91
139.20	136.01	0.00	-94.16
139.30	76.38	0.00	-93.84
139.40	16.87	0.00	-92.93
139.50	-42.15	0.00	-91.44
139.60	-100.32	0.00	-89.36
139.70	-157.31	0.00	-86.72
139.80	-212.74	0.00	-83.51
139.90	-266.27	0.00	-79.75
140.00	-317.55	0.00	-75.48
140.10	-366.26	0.00	-70.71
140.20	-412.06	0.00	-65.47
140.30	-454.67	0.00	-59.79
140.40	-493.81	0.00	-53.72
140.50	-529.20	0.00	-47.29
140.60	-560.63	0.00	-40.55
140.70	-587.89	0.00	-33.54
140.80	-610.81	0.00	-26.31
140.90	-629.24	0.00	-18.91
141.00	-643.09	0.00	-11.40
141.10	-652.28	0.00	-3.82
141.20	-656.78	0.00	3.77
141.30	-656.60	0.00	11.31
141.40	-651.78	0.00	18.74
141.50	-642.38	0.00	26.03
141.60	-628.54	0.00	33.10
141.70	-610.40	0.00	39.92
141.80	-588.14	0.00	46.43
141.90	-561.98	0.00	52.57
142.00	-532.17	0.00	58.32
142.10	-498.97	0.00	63.62
142.20	-462.75	0.00	68.43
142.30	-423.97	0.00	72.72
142.40	-382.91	0.00	76.46
142.50	-339.88	0.00	79.62
142.60	-295.19	0.00	82.18
142.70	-249.17	0.00	84.12
142.80	-202.17	0.00	85.42
142.90	-154.53	0.00	86.08
143.00	-106.63	0.00	86.09
143.10	-58.82	0.00	85.45
143.20	-11.47	0.00	84.17
143.30	35.06	0.00	82.26
143.40	80.40	0.00	79.73
143.50	124.18	0.00	76.61
143.60	166.08	0.00	72.91
143.70	205.74	0.00	68.67
143.80	242.84	0.00	63.92
143.90	277.09	0.00	58.70
144.00	308.21	0.00	53.04
144.10	335.92	0.00	46.98
144.20	359.99	0.00	40.58
144.30	380.23	0.00	33.88
144.40	396.45	0.00	26.93
144.50	408.56	0.00	19.79
144.60	416.56	0.00	12.49
144.70	420.38	0.00	5.11
144.80	419.99	0.00	-2.31
144.90	415.36	0.00	-9.72
145.00	406.51	0.00	-17.06
145.10	393.47	0.00	-24.27
145.20	376.30	0.00	-31.32
145.30	355.10	0.00	-38.14
145.40	329.99	0.00	-44.69
145.50	301.10	0.00	-50.92
145.60	268.61	0.00	-56.80
145.70	232.71	0.00	-62.29
145.80	193.61	0.00	-67.34
145.90	151.56	0.00	-71.92
146.00	106.81	0.00	-76.01
146.10	59.65	0.00	-79.57
146.20	10.38	0.00	-82.60
146.30	-40.69	0.00	-85.07
146.40	-93.22	0.00	-86.96
146.50	-146.87	0.00	-88.28
146.60	-201.27	0.00	-89.01
146.70	-256.07	0.00	-89.15
146.80	-310.88	0.00	-88.72
146.90	-365.32	0.00	-87.71
147.00	-419.03	0.00	-86.14
147.10	-471.62	0.00	-84.02
147.20	-522.70	0.00	-81.38
147.30	-571.93	0.00	-78.23
147.40	-618.93	0.00	-74.60
147.50	-663.35	0.00	-70.52
147.60	-704.87	0.00	-66.02
147.70	-743.30	0.00	-61.13
147.80	-778.77	0.00	-55.89
147.90	-811.12	0.00	-50.34
148.00	-840.16	0.00	-44.50
148.10	-865.74	0.00	-38.43
148.20	-887.71	0.00	-32.16
148.30	-905.95	0.00	-25.72
148.40	-920.33	0.00	-19.17
148.50	-930.77	0.00	-12.54
148.60	-937.19	0.00	-5.86
148.70	-939.51	0.00	0.83
148.80	-937.68	0.00	7.49
148.90	-931.67	0.00	14.08
149.00	-921.44	0.00	20.57
149.10	-907.00	0.00	26.94
149.20	-888.33	0.00	33.15
149.30	-865.46	0.00	39.17
149.40	-838.41	0.00	44.99
149.50	-807.23	0.00	50.58
149.60	-771.98	0.00	55.93
149.70	-732.71	0.00	61.00
149.80	-689.51	0.00	65.80
149.90	-642.49	0.00	70.31
150.00	-591.74	0.00	74.52
150.10	-537.38	0.00	78.42
150.20	-479.57	0.00	82.01
150.30	-418.44	0.00	85.28
150.40	-354.16	0.00	88.24
150.50	-286.91	0.00	90.89
150.60	-216.88	0.00	93.22
150.70	-144.29	0.00	95.24
150.80	-69.35	0.00	96.96
150.90	7.70	0.00	98.38
151.00	86.61	0.00	99.51
151.10	167.12	0.00	100.34
151.20	248.94	0.00	100.90
151.30	331.78	0.00	101.18
151.40	415.34	0.00	101.19
151.50	499.29	0.00	100.93
151.60	583.32	0.00	100.41
151.70	667.07	0.00	99.63
151.80	750.19	0.00	98.60
151.90	832.33	0.00	97.31
152.00	913.11	0.00	95.76
152.10	992.16	0.00	93.96
152.20	1069.10	0.00	91.90
152.30	1143.52	0.00	89.58
152.40	1215.06	0.00	87.00
152.50	1283.32	0.00	84.14
152.60	1347.90	0.00	81.01
152.70	1408.43	0.00	77.59
152.80	1464.51	0.00	73.87
152.90	1515.79	0.00	69.86
153.00	1561.90	0.00	65.54
153.10	1602.48	0.00	60.91
153.20	1637.96	0.00	55.95
153.30	1669.97	0.00	50.67
153.40	1698.43	0.00	45.05
153.50	1723.19	0.00	39.10
153.60	1744.08	0.00	32.81
153.70	1760.92	0.00	26.18
153.80	1773.51	0.00	19.22
153.90	1781.67	0.00	11.93
154.00	1785.19	0.00	4.32
154.10	1783.85	0.00	-3.60
154.20	1777.45	0.00	-11.82
154.30	1765.76	0.00	-20.31
154.40	1748.55	0.00	-29.06
154.50	1725.62	0.00	-38.03
154.60	1696.73	0.00	-47.21
154.70	1661.69	0.00	-56.55
154.80	1620.29	0.00	-66.01
154.90	1572.35	0.00	-75.57
155.00	1517.70	0.00	-85.16
155.10	1456.20	0.00	-94.75
155.20	1387.73	0.00	-104.29
155.30	1312.20	0.00	-113.71
155.40	1229.57	0.00	-122.97
155.50	1139.83	0.00	-132.00
155.60	1043.02	0.00	-140.75
155.70	939.21	0.00	-149.15
155.80	828.56	0.00	-157.14
155.90	711.26	0.00	-164.66
156.00	587.57	0.00	-171.65
156.10	457.81	0.00	-178.05
156.20	322.36	0.00	-183.79
156.30	181.68	0.00	-188.82
156.40	36.29	0.00	-193.09
156.50	-113.22	0.00	-196.54
156.60	-266.20	0.00	-199.13
156.70	-421.94	0.00	-200.81
156.80	-579.66	0.00	-201.54
156.90	-738.52	0.00	-201.30
157.00	-897.63	0.00	-200.05
157.10	-1056.07	0.00	-197.77
157.20	-1212.87	0.00	-194.45
157.30	-1367.03	0.00	-190.09
157.40	-1517.52	0.00	-184.68
157.50	-1663.31	0.00	-178.22
157.60	-1803.36	0.00	-170.74
157.70	-1936.64	0.00	-162.26
157.80	-2062.14	0.00	-152.80
157.90	-2178.88	0.00	-142.40
158.00	-2285.92	0.00	-131.11
158.10	-2382.36	0.00	-118.98
158.20	-2467.38	0.00	-106.06
158.30	-2540.21	0.00	-92.42
158.40	-2600.20	0.00	-78.13
158.50	-2646.75	0.00	-63.26
158.60	-2679.37	0.00	-47.89
158.70	-2700.84	0.00	-32.12
158.80	-2715.17	0.00	-16.02
158.90	-2722.29	0.00	0.32
159.00	-2722.05	0.00	16.79
159.10	-2714.32	0.00	33.31
159.20	-2698.96	0.00	49.77
159.30	-2675.83	0.00	66.09
159.40	-2644.80	0.00	82.17
159.50	-2605.73	0.00	97.91
159.60	-2558.51	0.00	113.23
159.70	-2503.02	0.00	128.02
159.80	-2439.17	0.00	142.21
159.90	-2366.90	0.00	155.72
160.00	-2286.17	0.00	168.47
160.10	-2196.98	0.00	180.39
160.20	-2099.37	0.00	191.40
160.30	-1993.42	0.00	201.46
160.40	-1879.27	0.00	210.50
160.50	-1757.12	0.00	218.49
160.60	-1627.20	0.00	225.38
160.70	-1489.83	0.00	231.15
160.80	-1345.38	0.00	235.76
160.90	-1194.29	0.00	239.20
161.00	-1037.08	0.00	241.47
161.10	-874.30	0.00	242.56
161.20	-706.61	0.00	242.47
161.30	-534.69	0.00	241.23
161.40	-359.30	0.00	238.85
161.50	-181.25	0.00	235.36
161.60	-1.40	0.00	230.79
161.70	179.36	0.00	225.19
161.80	360.10	0.00	218.59
161.90	539.85	0.00	211.05
162.00	717.63	0.00	202.63
162.10	892.48	0.00	193.38
162.20	1063.39	0.00	183.37
162.30	1229.40	0.00	172.66
162.40	1389.56	0.00	161.33
162.50	1542.92	0.00	149.43
162.60	1688.61	0.00	137.04
162.70	1825.78	0.00	124.24
162.80	1953.64	0.00	111.10
162.90	2071.46	0.00	97.70
163.00	2178.60	0.00	84.09
163.10	2274.45	0.00	70.36
163.20	2358.53	0.00	56.57
163.30	2430.41	0.00	42.79
163.40	2489.76	0.00	29.09
163.50	2536.34	0.00	15.52
163.60	2570.01	0.00	2.15
163.70	2590.69	0.00	-10.96
163.80	2598.43	0.00	-23.77
163.90	2593.34	0.00	-36.22
164.00	2575.66	0.00	-48.28
164.10	2549.54	0.00	-59.89
164.20	2518.00	0.00	-71.02
164.30	2481.15	0.00	-81.63
164.40	2439.11	0.00	-91.70
164.50	2391.97	0.00	-101.20
164.60	2339.83	0.00	-110.10
164.70	2282.77	0.00	-118.40
164.80	2220.87	0.00	-126.06
164.90	2154.22	0.00	-133.09
165.00	2082.90	0.00	-139.46
165.10	2007.01	0.00	-145.18
165.20	1926.64	0.00	-150.24
165.30	1841.90	0.00	-154.65
165.40	1752.94	0.00	-158.40
165.50	1659.87	0.00	-161.50
165.60	1562.88	0.00	-163.95
165.70	1462.14	0.00	-165.77
165.80	1357.86	0.00	-166.97
165.90	1250.27	0.00	-167.56
166.00	1139.62	0.00	-167.55
166.10	1026.19	0.00	-166.96
166.20	910.28	0.00	-165.80
166.30	792.22	0.00	-164.10
166.40	672.37	0.00	-161.87
166.50	551.09	0.00	-159.13
166.60	428.78	0.00	-155.91
166.70	305.86	0.00	-152.22
166.80	182.75	0.00	-148.08
166.90	59.90	0.00	-143.53
167.00	-62.23	0.00	-138.58
167.10	-183.18	0.00	-133.26
167.20	-302.49	0.00	-127.59
167.30	-419.68	0.00	-121.59
167.40	-534.29	0.00	-115.30
167.50	-645.85	0.00	-108.74
167.60	-753.90	0.00	-101.93
167.70	-858.02	0.00	-94.90
167.80	-957.77	0.00	-87.69
167.90	-1052.75	0.00	-80.30
168.00	-1142.58	0.00	-72.79
168.10	-1226.91	0.00	-65.16
168.20	-1305.40	0.00	-57.46
168.30	-1377.77	0.00	-49.70
168.40	-1443.75	0.00	-41.93
168.50	-1503.12	0.00	-34.15
168.60	-1555.69	0.00	-26.42
168.70	-1601.32	0.00	-18.74
168.80	-1639.88	0.00	-11.15
168.90	-1671.32	0.00	-3.68
169.00	-1695.61	0.00	3.65
169.10	-1712.76	0.00	10.81
169.20	-1722.82	0.00	17.77
169.30	-1725.88	0.00	24.52
169.40	-1722.07	0.00	31.03
169.50	-1711.56	0.00	37.27
169.60	-1694.54	0.00	43.23
169.70	-1671.26	0.00	48.89
169.80	-1642.02	0.00	54.22
169.90	-1608.93	0.00	59.22
170.00	-1573.00	0.00	63.87
170.10	-1534.37	0.00	68.16
170.20	-1493.18	0.00	72.08
170.30	-1449.56	0.00	75.61
170.40	-1403.65	0.00	78.76
170.50	-1355.58	0.00	81.52
170.60	-1305.51	0.00	83.89
170.70	-1253.57	0.00	85.86
170.80	-1199.90	0.00	87.45
170.90	-1144.66	0.00	88.65
171.00	-1087.99	0.00	89.47
171.10	-1030.04	0.00	89.92
171.20	-970.96	0.00	90.01
171.30	-910.92	0.00	89.75
171.40	-850.06	0.00	89.17
171.50	-788.55	0.00	88.26
171.60	-726.55	0.00	87.05
171.70	-664.21	0.00	85.56
171.80	-601.71	0.00	83.81
171.90	-539.19	0.00	81.82
172.00	-476.82	0.00	79.60
172.10	-414.75	0.00	77.18
172.20	-353.15	0.00	74.59
172.30	-292.15	0.00	71.84
172.40	-231.91	0.00	68.95
172.50	-172.56	0.00	65.95
172.60	-114.25	0.00	62.86
172.70	-57.10	0.00	59.70
172.80	-1.24	0.00	56.50
172.90	53.22	0.00	53.26
173.00	106.17	0.00	50.01
173.10	157.52	0.00	46.77
173.20	207.16	0.00	43.55
173.30	255.02	0.00	40.37
173.40	301.02	0.00	37.24
173.50	345.09	0.00	34.18
173.60	387.19	0.00	31.19
173.70	427.25	0.00	28.28
173.80	465.25	0.00	25.47
173.90	501.14	0.00	22.75
174.00	534.91	0.00	20.13
174.10	566.54	0.00	17.63
174.20	596.02	0.00	15.23
174.30	623.35	0.00	12.94
174.40	648.52	0.00	10.76
174.50	671.56	0.00	8.68
174.60	692.47	0.00	6.71
174.70	711.28	0.00	4.85
174.80	728.01	0.00	3.08
174.90	742.70	0.00	1.40
175.00	755.36	0.00	-0.19
175.10	766.05	0.00	-1.70
175.20	774.79	0.00	-3.13
175.30	781.63	0.00	-4.50
175.40	786.62	0.00	-5.79
175.50	789.79	0.00	-7.03
175.60	791.21	0.00	-8.22
175.70	790.91	0.00	-9.36
175.80	788.96	0.00	-10.46
175.90	785.39	0.00	-11.52
176.00	780.28	0.00	-12.54
176.10	773.67	0.00	-13.54
176.20	765.62	0.00	-14.50
176.30	756.19	0.00	-15.43
176.40	745.44	0.00	-16.34
176.50	733.43	0.00	-17.22
176.60	720.42	0.00	-18.07
176.70	706.80	0.00	-18.89
176.80	692.61	0.00	-19.68
176.90	677.87	0.00	-20.44
177.00	662.63	0.00	-21.15
177.10	646.91	0.00	-21.83
177.20	630.75	0.00	-22.46
177.30	614.19	0.00	-23.04
177.40	597.27	0.00	-23.56
177.50	580.01	0.00	-24.02
177.60	562.46	0.00	-24.41
177.70	544.66	0.00	-24.74
177.80	526.64	0.00	-24.98
177.90	508.45	0.00	-25.15
178.00	490.13	0.00	-25.23
178.10	471.72	0.00	-25.22
178.20	453.27	0.00	-25.12
178.30	434.81	0.00	-24.92
178.40	416.39	0.00	-24.63
178.50	398.05	0.00	-24.24
178.60	379.84	0.00	-23.75
178.70	361.79	0.00	-23.17
178.80	343.94	0.00	-22.49
178.90	326.33	0.00	-21.72
179.00	309.00	0.00	-20.87
179.10	291.96	0.00	-19.93
179.20	275.25	0.00	-18.92
179.30	258.90	0.00	-17.84
179.40	242.91	0.00	-16.70
179.50	227.31	0.00	-15.52
179.60	212.10	0.00	-14.29
179.70	197.29	0.00	-13.04
179.80	182.86	0.00	-11.77
179.90	168.81	0.00	-10.51
180.00	155.13	0.00	-9.25
180.10	141.78	0.00	-8.03
180.20	128.74	0.00	-6.84
180.30	115.97	0.00	-5.71
180.40	103.42	0.00	-4.66
180.50	91.04	0.00	-3.69
180.60	78.78	0.00	-2.83
180.70	66.56	0.00	-2.08
180.80	54.32	0.00	-1.46
180.90	41.98	0.00	-0.99
181.00	29.45	0.00	-0.67
181.10	16.66	0.00	-0.52
181.20	3.51	0.00	-0.56
181.30	-10.10	0.00	-0.78
181.40	-24.26	0.00	-1.20
181.50	-39.06	0.00	-1.82
181.60	-54.60	0.00	-2.65
181.70	-70.98	0.00	-3.69
181.80	-88.30	0.00	-4.94
181.90	-106.64	0.00	-6.40
182.00	-126.08	0.00	-8.07
182.10	-146.72	0.00	-9.94
182.20	-168.61	0.00	-12.00
182.30	-191.84	0.00	-14.25
182.40	-216.44	0.00	-16.67
182.50	-242.47	0.00	-19.24
182.60	-269.96	0.00	-21.96
182.70	-298.92	0.00	-24.79
182.80	-329.36	0.00	-27.73
182.90	-361.26	0.00	-30.74
183.00	-394.59	0.00	-33.81
183.10	-429.30	0.00	-36.90
183.20	-465.33	0.00	-39.99
183.30	-502.58	0.00	-43.05
183.40	-540.95	0.00	-46.05
183.50	-580.31	0.00	-48.94
183.60	-620.50	0.00	-51.72
183.70	-661.36	0.00	-54.33
183.80	-702.68	0.00	-56.74
183.90	-744.26	0.00	-58.93
184.00	-785.86	0.00	-60.85
184.10	-827.23	0.00	-62.48
184.20	-868.09	0.00	-63.78
184.30	-908.15	0.00	-64.72
184.40	-947.12	0.00	-65.28
184.50	-984.67	0.00	-65.42
184.60	-1020.57	0.00	-65.12
184.70	-1055.30	0.00	-64.36
184.80	-1088.80	0.00	-63.11
184.90	-1120.81	0.00	-61.36
185.00	-1151.09	0.00	-59.10
185.10	-1179.37	0.00	-56.31
185.20	-1205.39	0.00	-52.98
185.30	-1228.89	0.00	-49.12
185.40	-1249.58	0.00	-44.71
185.50	-1267.20	0.00	-39.78
185.60	-1281.47	0.00	-34.32
185.70	-1292.11	0.00	-28.36
185.80	-1298.86	0.00	-21.90
185.90	-1301.43	0.00	-14.97
186.00	-1299.57	0.00	-7.59
186.10	-1293.02	0.00	0.19
186.20	-1281.53	0.00	8.35
186.30	-1264.86	0.00	16.85
186.40	-1242.79	0.00	25.65
186.50	-1215.12	0.00	34.69
186.60	-1181.65	0.00	43.93
186.70	-1142.22	0.00	53.32
186.80	-1096.71	0.00	62.79
186.90	-1044.99	0.00	72.28
187.00	-986.99	0.00	81.75
187.10	-922.67	0.00	91.12
187.20	-852.03	0.00	100.33
187.30	-775.10	0.00	109.32
187.40	-691.98	0.00	118.01
187.50	-602.78	0.00	126.35
187.60	-507.70	0.00	134.27
187.70	-406.97	0.00	141.71
187.80	-300.87	0.00	148.60
187.90	-189.76	0.00	154.88
188.00	-74.02	0.00	160.51
188.10	45.87	0.00	165.41
188.20	169.42	0.00	169.56
188.30	296.04	0.00	172.88
188.40	425.11	0.00	175.36
188.50	555.98	0.00	176.94
188.60	687.90	0.00	177.59
188.70	820.13	0.00	177.30
188.80	951.85	0.00	176.03
188.90	1082.24	0.00	173.78
189.00	1210.44	0.00	170.54
189.10	1335.57	0.00	166.30
189.20	1456.74	0.00	161.07
189.30	1573.06	0.00	154.85
189.40	1683.64	0.00	147.68
189.50	1787.61	0.00	139.57
189.60	1884.13	0.00	130.56
189.70	1972.39	0.00	120.68
189.80	2051.60	0.00	109.98
189.90	2121.06	0.00	98.50
190.00	2180.09	0.00	86.30
190.10	2228.12	0.00	73.45
190.20	2264.62	0.00	60.01
190.30	2290.41	0.00	46.05
190.40	2309.01	0.00	31.64
190.50	2320.53	0.00	16.86
190.60	2324.77	0.00	1.80
190.70	2321.58	0.00	-13.46
190.80	2310.80	0.00	-28.84
190.90	2292.28	0.00	-44.25
191.00	2265.86	0.00	-59.59
191.10	2231.42	0.00	-74.79
191.20	2188.84	0.00	-89.75
191.30	2138.01	0.00	-104.38
191.40	2078.87	0.00	-118.60
191.50	2011.35	0.00	-132.33
191.60	1935.44	0.00	-145.48
191.70	1851.16	0.00	-157.98
191.80	1758.57	0.00	-169.75
191.90	1657.77	0.00	-180.72
192.00	1548.92	0.00	-190.83
192.10	1432.22	0.00	-200.02
192.20	1307.96	0.00	-208.22
192.30	1176.45	0.00	-215.41
192.40	1038.10	0.00	-221.52
192.50	893.36	0.00	-226.53
192.60	742.76	0.00	-230.41
192.70	586.91	0.00	-233.13
192.80	426.45	0.00	-234.68
192.90	262.12	0.00	-235.05
193.00	94.69	0.00	-234.24
193.10	-75.00	0.00	-232.26
193.20	-246.05	0.00	-229.11
193.30	-417.52	0.00	-224.82
193.40	-588.46	0.00	-219.42
193.50	-757.85	0.00	-212.93
193.60	-924.68	0.00	-205.39
193.70	-1087.91	0.00	-196.85
193.80	-1246.51	0.00	-187.36
193.90	-1399.46	0.00	-176.98
194.00	-1545.74	0.00	-165.75
194.10	-1684.39	0.00	-153.75
194.20	-1814.47	0.00	-141.04
194.30	-1935.09	0.00	-127.70
194.40	-2045.42	0.00	-113.80
194.50	-2144.71	0.00	-99.41
194.60	-2232.27	0.00	-84.61
194.70	-2307.52	0.00	-69.49
194.80	-2369.94	0.00	-54.11
194.90	-2419.11	0.00	-38.57
195.00	-2454.74	0.00	-22.95
195.10	-2476.62	0.00	-7.31
195.20	-2484.64	0.00	8.26
195.30	-2478.81	0.00	23.67
195.40	-2462.63	0.00	38.86
195.50	-2439.03	0.00	53.76
195.60	-2408.10	0.00	68.29
195.70	-2369.87	0.00	82.38
195.80	-2324.42	0.00	95.98
195.90	-2271.79	0.00	109.02
196.00	-2212.07	0.00	121.44
196.10	-2145.32	0.00	133.20
196.20	-2071.64	0.00	144.24
196.30	-1991.13	0.00	154.53
196.40	-1903.91	0.00	164.02
196.50	-1810.13	0.00	172.67
196.60	-1709.97	0.00	180.47
196.70	-1603.63	0.00	187.38
196.80	-1491.37	0.00	193.39
196.90	-1373.45	0.00	198.48
197.00	-1250.21	0.00	202.63
197.10	-1121.99	0.00	205.85
197.20	-989.21	0.00	208.14
197.30	-852.31	0.00	209.48
197.40	-711.78	0.00	209.90
197.50	-568.16	0.00	209.40
197.60	-422.02	0.00	207.99
197.70	-273.97	0.00	205.70
197.80	-124.67	0.00	202.55
197.90	25.21	0.00	198.56
198.00	174.96	0.00	193.76
198.10	323.84	0.00	188.19
198.20	471.10	0.00	181.86
198.30	615.98	0.00	174.83
198.40	757.72	0.00	167.13
198.50	895.55	0.00	158.79
198.60	1028.70	0.00	149.87
198.70	1156.44	0.00	140.40
198.80	1278.04	0.00	130.43
198.90	1392.81	0.00	120.00
199.00	1500.08	0.00	109.16
199.10	1599.23	0.00	97.96
199.20	1689.69	0.00	86.44
199.30	1770.94	0.00	74.66
199.40	1842.51	0.00	62.67
199.50	1903.99	0.00	50.50
199.60	1955.06	0.00	38.22
199.70	1995.45	0.00	25.86
199.80	2024.95	0.00	13.49
199.90	2043.44	0.00	1.14
200.00	2050.87	0.00	-11.14
200.10	2047.27	0.00	-23.29
200.20	2032.73	0.00	-35.28
200.30	2008.47	0.00	-47.05
200.40	1977.57	0.00	-58.57
200.50	1940.31	0.00	-69.78
200.60	1896.77	0.00	-80.65
200.70	1847.04	0.00	-91.13
200.80	1791.22	0.00	-101.19
200.90	1729.41	0.00	-110.78
201.00	1661.74	0.00	-119.88
201.10	1588.34	0.00	-128.43
201.20	1509.37	0.00	-136.42
201.30	1424.99	0.00	-143.80
201.40	1335.41	0.00	-150.55
201.50	1240.85	0.00	-156.64
201.60	1141.57	0.00	-162.05
201.70	1037.84	0.00	-166.75
201.80	929.99	0.00	-170.72
201.90	818.37	0.00	-173.94
202.00	703.37	0.00	-176.40
202.10	585.40	0.00	-178.08
202.20	464.93	0.00	-178.98
202.30	342.45	0.00	-179.09
202.40	218.49	0.00	-178.40
202.50	93.60	0.00	-176.92
202.60	-31.63	0.00	-174.64
202.70	-156.60	0.00	-171.58
202.80	-280.66	0.00	-167.74
202.90	-403.18	0.00	-163.14
203.00	-523.48	0.00	-157.78
203.10	-640.90	0.00	-151.71
203.20	-754.77	0.00	-144.92
203.30	-864.42	0.00	-137.46
203.40	-969.20	0.00	-129.35
203.50	-1068.47	0.00	-120.62
203.60	-1161.61	0.00	-111.32
203.70	-1248.03	0.00	-101.48
203.80	-1327.18	0.00	-91.14
203.90	-1398.55	0.00	-80.36
204.00	-1461.68	0.00	-69.17
204.10	-1516.14	0.00	-57.63
204.20	-1561.59	0.00	-45.79
204.30	-1597.72	0.00	-33.71
204.40	-1624.30	0.00	-21.44
204.50	-1641.16	0.00	-9.05
204.60	-1648.22	0.00	3.41
204.70	-1645.42	0.00	15.88
204.80	-1632.83	0.00	28.29
204.90	-1611.53	0.00	40.58
205.00	-1583.30	0.00	52.70
205.10	-1548.27	0.00	64.57
205.20	-1506.52	0.00	76.13
205.30	-1458.19	0.00	87.33
205.40	-1403.40	0.00	98.10
205.50	-1342.33	0.00	108.39
205.60	-1275.17	0.00	118.14
205.70	-1202.12	0.00	127.29
205.80	-1123.44	0.00	135.80
205.90	-1039.40	0.00	143.61
206.00	-950.32	0.00	150.68
206.10	-856.54	0.00	156.97
206.20	-758.43	0.00	162.43
206.30	-656.42	0.00	167.04
206.40	-550.96	0.00	170.76
206.50	-442.55	0.00	173.56
206.60	-331.70	0.00	175.44
206.70	-218.97	0.00	176.36
206.80	-104.97	0.00	176.31
206.90	9.70	0.00	175.30
207.00	124.37	0.00	173.32
207.10	238.39	0.00	170.37
207.20	351.07	0.00	166.47
207.30	461.71	0.00	161.62
207.40	569.61	0.00	155.85
207.50	674.06	0.00	149.19
207.60	774.36	0.00	141.67
207.70	869.83	0.00	133.32
207.80	959.80	0.00	124.18
207.90	1043.63	0.00	114.31
208.00	1120.72	0.00	103.74
208.10	1190.49	0.00	92.55
208.20	1252.44	0.00	80.79
208.30	1306.09	0.00	68.51
208.40	1351.04	0.00	55.80
208.50	1386.93	0.00	42.73
208.60	1413.48	0.00	29.35
208.70	1430.50	0.00	15.76
208.80	1437.84	0.00	2.03
208.90	1435.45	0.00	-11.75
209.00	1424.58	0.00	-25.52
209.10	1406.13	0.00	-39.18
209.20	1380.16	0.00	-52.64
209.30	1346.77	0.00	-65.84
209.40	1306.07	0.00	-78.69
209.50	1258.21	0.00	-91.10
209.60	1203.38	0.00	-103.01
209.70	1141.80	0.00	-114.32
209.80	1073.71	0.00	-124.97
209.90	999.41	0.00	-134.90
210.00	919.23	0.00	-144.02
210.10	833.53	0.00	-152.29
210.20	742.72	0.00	-159.63
210.30	647.27	0.00	-166.01
210.40	547.65	0.00	-171.38
210.50	444.40	0.00	-175.68
210.60	338.10	0.00	-178.90
210.70	229.35	0.00	-181.00
210.80	118.81	0.00	-181.97
210.90	7.15	0.00	-181.78
211.00	-104.92	0.00	-180.44
211.10	-216.67	0.00	-177.95
211.20	-327.35	0.00	-174.31
211.30	-436.20	0.00	-169.54
211.40	-542.45	0.00	-163.67
211.50	-645.34	0.00	-156.72
211.60	-744.11	0.00	-148.75
211.70	-838.01	0.00	-139.79
211.80	-926.33	0.00	-129.90
211.90	-1008.38	0.00	-119.15
212.00	-1083.51	0.00	-107.59
212.10	-1151.13	0.00	-95.30
212.20	-1210.68	0.00	-82.36
212.30	-1261.69	0.00	-68.85
212.40	-1303.72	0.00	-54.86
212.50	-1336.44	0.00	-40.49
212.60	-1359.58	0.00	-25.83
212.70	-1372.93	0.00	-10.97
212.80	-1376.40	0.00	3.98
212.90	-1370.75	0.00	18.92
213.00	-1357.14	0.00	33.75
213.10	-1335.64	0.00	48.37
213.20	-1306.37	0.00	62.68
213.30	-1269.46	0.00	76.57
213.40	-1225.08	0.00	89.95
213.50	-1173.44	0.00	102.73
213.60	-1114.80	0.00	114.82
213.70	-1049.44	0.00	126.14
213.80	-977.71	0.00	136.59
213.90	-899.98	0.00	146.11
214.00	-816.66	0.00	154.63
214.10	-728.21	0.00	162.10
214.20	-635.14	0.00	168.45
214.30	-538.00	0.00	173.64
214.40	-437.35	0.00	177.64
214.50	-333.83	0.00	180.41
214.60	-228.09	0.00	181.94
214.70	-120.81	0.00	182.21
214.80	-12.71	0.00	181.23
214.90	95.48	0.00	179.00
215.00	203.01	0.00	175.54
215.10	309.10	0.00	170.87
215.20	413.01	0.00	165.04
215.30	513.95	0.00	158.08
215.40	611.18	0.00	150.04
215.50	703.97	0.00	140.98
215.60	791.60	0.00	130.98
215.70	873.39	0.00	120.10
215.80	948.71	0.00	108.42
215.90	1016.98	0.00	96.04
216.00	1077.66	0.00	83.03
216.10	1130.27	0.00	69.51
216.20	1174.42	0.00	55.55
216.30	1209.76	0.00	41.28
216.40	1236.05	0.00	26.78
216.50	1253.09	0.00	12.17
216.60	1260.80	0.00	-2.45
216.70	1259.15	0.00	-16.98
216.80	1248.42	0.00	-31.31
216.90	1229.93	0.00	-45.34
217.00	1204.01	0.00	-58.96
217.10	1170.84	0.00	-72.10
217.20	1130.64	0.00	-84.65
217.30	1083.65	0.00	-96.53
217.40	1030.16	0.00	-107.66
217.50	970.50	0.00	-117.96
217.60	905.02	0.00	-127.36
217.70	834.12	0.00	-135.81
217.80	758.23	0.00	-143.26
217.90	677.81	0.00	-149.65
218.00	593.36	0.00	-154.95
218.10	505.41	0.00	-159.12
218.20	414.52	0.00	-162.16
218.30	321.27	0.00	-164.05
218.40	226.28	0.00	-164.78
218.50	130.18	0.00	-164.37
218.60	33.60	0.00	-162.81
218.70	-62.78	0.00	-160.14
218.80	-158.31	0.00	-156.39
218.90	-252.31	0.00	-151.59
219.00	-344.12	0.00	-145.78
219.10	-433.09	0.00	-139.03
219.20	-518.58	0.00	-131.37
219.30	-599.98	0.00	-122.89
219.40	-676.68	0.00	-113.64
219.50	-748.14	0.00	-103.70
219.60	-813.84	0.00	-93.15
219.70	-873.31	0.00	-82.07
219.80	-926.11	0.00	-70.53
219.90	-971.90	0.00	-58.63
220.00	-1010.34	0.00	-46.46
220.10	-1041.19	0.00	-34.09
220.20	-1064.26	0.00	-21.62
220.30	-1079.43	0.00	-9.13
220.40	-1086.64	0.00	3.29
220.50	-1085.90	0.00	15.55
220.60	-1077.58	0.00	27.59
220.70	-1062.64	0.00	39.30
220.80	-1041.27	0.00	50.63
220.90	-1013.65	0.00	61.49
221.00	-979.98	0.00	71.83
221.10	-940.48	0.00	81.58
221.20	-895.42	0.00	90.67
221.30	-845.07	0.00	99.07
221.40	-789.76	0.00	106.71
221.50	-729.82	0.00	113.57
221.60	-665.63	0.00	119.61
221.70	-597.56	0.00	124.79
221.80	-526.04	0.00	129.09
221.90	-451.51	0.00	132.50
222.00	-374.42	0.00	135.01
222.10	-295.26	0.00	136.62
222.20	-214.50	0.00	137.31
222.30	-132.67	0.00	137.11
222.40	-50.28	0.00	136.03
222.50	32.14	0.00	134.08
222.60	114.07	0.00	131.29
222.70	194.96	0.00	127.68
222.80	274.30	0.00	123.31
222.90	351.56	0.00	118.19
223.00	426.24	0.00	112.37
223.10	497.83	0.00	105.91
223.20	565.87	0.00	98.84
223.30	629.90	0.00	91.23
223.40	689.51	0.00	83.13
223.50	744.29	0.00	74.59
223.60	793.90	0.00	65.68
223.70	838.03	0.00	56.46
223.80	876.38	0.00	46.99
223.90	908.74	0.00	37.33
224.00	934.91	0.00	27.55
224.10	954.76	0.00	17.71
224.20	968.20	0.00	7.87
224.30	975.18	0.00	-1.91
224.40	975.74	0.00	-11.56
224.50	970.51	0.00	-21.03
224.60	959.96	0.00	-30.26
224.70	944.19	0.00	-39.19
224.80	923.34	0.00	-47.77
224.90	897.56	0.00	-55.96
225.00	867.03	0.00	-63.70
225.10	831.95	0.00	-70.95
225.20	792.53	0.00	-77.68
225.30	749.03	0.00	-83.84
225.40	701.70	0.00	-89.41
225.50	650.82	0.00	-94.36
225.60	596.70	0.00	-98.66
225.70	539.64	0.00	-102.30
225.80	479.99	0.00	-105.25
225.90	418.09	0.00	-107.52
226.00	354.30	0.00	-109.09
226.10	289.00	0.00	-109.96
226.20	222.58	0.00	-110.14
226.30	155.42	0.00	-109.63
226.40	87.93	0.00	-108.45
226.50	20.51	0.00	-106.61
226.60	-46.44	0.00	-104.14
226.70	-112.51	0.00	-101.05
226.80	-177.32	0.00	-97.37
226.90	-240.46	0.00	-93.14
227.00	-301.57	0.00	-88.39
227.10	-360.27	0.00	-83.17
227.20	-416.23	0.00	-77.50
227.30	-469.11	0.00	-71.43
227.40	-518.60	0.00	-65.01
227.50	-564.43	0.00	-58.29
227.60	-606.33	0.00	-51.31
227.70	-644.10	0.00	-44.12
227.80	-677.53	0.00	-36.78
227.90	-706.46	0.00	-29.33
228.00	-730.77	0.00	-21.83
228.10	-750.37	0.00	-14.32
228.20	-765.21	0.00	-6.86
228.30	-775.26	0.00	0.51
228.40	-780.54	0.00	7.73
228.50	-781.11	0.00	14.77
228.60	-777.05	0.00	21.58
228.70	-768.48	0.00	28.11
228.80	-755.57	0.00	34.33
228.90	-738.87	0.00	40.21
229.00	-718.75	0.00	45.70
229.10	-695.38	0.00	50.79
229.20	-668.96	0.00	55.44
229.30	-639.70	0.00	59.63
229.40	-607.83	0.00	63.34
229.50	-573.57	0.00	66.56
229.60	-537.18	0.00	69.28
229.70	-498.89	0.00	71.48
229.80	-458.97	0.00	73.16
229.90	-417.69	0.00	74.33
230.00	-375.31	0.00	74.99
230.10	-332.10	0.00	75.14
230.20	-288.34	0.00	74.80
230.30	-244.29	0.00	73.98
230.40	-200.24	0.00	72.69
230.50	-156.43	0.00	70.95
230.60	-113.14	0.00	68.80
230.70	-70.61	0.00	66.24
230.80	-29.10	0.00	63.32
230.90	11.16	0.00	60.05
231.00	49.96	0.00	56.48
231.10	87.08	0.00	52.62
231.20	122.33	0.00	48.52
231.30	155.53	0.00	44.21
231.40	186.52	0.00	39.72
231.50	215.16	0.00	35.08
231.60	241.33	0.00	30.34
231.70	264.92	0.00	25.52
231.80	285.85	0.00	20.67
231.90	304.05	0.00	15.81
232.00	319.50	0.00	10.97
232.10	332.16	0.00	6.20
232.20	342.05	0.00	1.51
232.30	349.17	0.00	-3.06
232.40	353.59	0.00	-7.49
232.50	355.34	0.00	-11.74
232.60	354.52	0.00	-15.80
232.70	351.23	0.00	-19.64
232.80	345.58	0.00	-23.24
232.90	337.69	0.00	-26.59
233.00	327.71	0.00	-29.66
233.10	315.81	0.00	-32.45
233.20	302.14	0.00	-34.93
233.30	286.88	0.00	-37.10
233.40	270.23	0.00	-38.95
233.50	252.37	0.00	-40.46
233.60	233.51	0.00	-41.65
233.70	213.84	0.00	-42.50
233.80	193.58	0.00	-43.01
233.90	172.92	0.00	-43.17
234.00	152.09	0.00	-43.01
234.10	131.27	0.00	-42.51
234.20	110.67	0.00	-41.67
234.30	90.49	0.00	-40.52
234.40	70.92	0.00	-39.06
234.50	52.14	0.00	-37.29
234.60	34.33	0.00	-35.23
234.70	17.66	0.00	-32.89
234.80	2.29	0.00	-30.28
234.90	-11.65	0.00	-27.43
235.00	-24.02	0.00	-24.34
235.10	-34.69	0.00	-21.05
235.20	-43.55	0.00	-17.56
235.30	-50.51	0.00	-13.90
235.40	-55.49	0.00	-10.10
235.50	-58.43	0.00	-6.17
235.60	-59.27	0.00	-2.14
235.70	-58.00	0.00	1.96
235.80	-54.58	0.00	6.10
235.90	-49.03	0.00	10.26
236.00	-41.37	0.00	14.40
236.10	-31.64	0.00	18.50
236.20	-19.89	0.00	22.52
236.30	-6.21	0.00	26.43
236.40	9.32	0.00	30.20
236.50	26.58	0.00	33.81
236.60	45.43	0.00	37.21
236.70	65.73	0.00	40.37
236.80	87.32	0.00	43.27
236.90	110.00	0.00	45.88
237.00	133.57	0.00	48.16
237.10	157.84	0.00	50.08
237.20	182.59	0.00	51.63
237.30	207.59	0.00	52.77
237.40	232.61	0.00	53.48
237.50	257.40	0.00	53.74
237.60	281.71	0.00	53.54
237.70	305.29	0.00	52.86
237.80	327.89	0.00	51.69
237.90	349.23	0.00	50.02
238.00	369.07	0.00	47.85
238.10	387.14	0.00	45.17
238.20	403.21	0.00	41.99
238.30	417.02	0.00	38.32
238.40	428.33	0.00	34.16
238.50	436.93	0.00	29.54
238.60	442.59	0.00	24.48
238.70	445.13	0.00	19.00
238.80	444.35	0.00	13.13
238.90	440.09	0.00	6.90
239.00	432.20	0.00	0.36
239.10	420.56	0.00	-6.46
239.20	405.07	0.00	-13.51
239.30	385.66	0.00	-20.74
239.40	362.28	0.00	-28.09
239.50	334.92	0.00	-35.51
239.60	303.58	0.00	-42.95
239.70	268.32	0.00	-50.33
239.80	229.21	0.00	-57.61
239.90	186.38	0.00	-64.71
240.00	139.97	0.00	-71.58
240.10	90.18	0.00	-78.14
240.20	37.23	0.00	-84.33
240.30	-18.62	0.00	-90.09
240.40	-77.06	0.00	-95.37
240.50	-137.75	0.00	-100.09
240.60	-200.32	0.00	-104.21
240.70	-264.37	0.00	-107.66
240.80	-329.45	0.00	-110.41
240.90	-395.09	0.00	-112.40
241.00	-460.80	0.00	-113.60
241.10	-526.06	0.00	-113.97
241.20	-590.33	0.00	-113.48
241.30	-653.05	0.00	-112.10
241.40	-713.67	0.00	-109.83
241.50	-771.61	0.00	-106.66
241.60	-826.31	0.00	-102.57
241.70	-877.20	0.00	-97.58
241.80	-923.74	0.00	-91.70
241.90	-965.39	0.00	-84.95
242.00	-1001.65	0.00	-77.35
242.10	-1032.25	0.00	-68.95
242.20	-1057.57	0.00	-59.78
242.30	-1077.35	0.00	-49.90
242.40	-1091.31	0.00	-39.36
242.50	-1099.14	0.00	-28.22
242.60	-1100.61	0.00	-16.56
242.70	-1095.48	0.00	-4.45
242.80	-1083.55	0.00	8.03
242.90	-1064.66	0.00	20.80
243.00	-1038.68	0.00	33.75
243.10	-1005.53	0.00	46.82
243.20	-965.14	0.00	59.88
243.30	-917.52	0.00	72.86
243.40	-862.70	0.00	85.64
243.50	-800.77	0.00	98.13
243.60	-731.88	0.00	110.24
243.70	-656.20	0.00	121.86
243.80	-574.00	0.00	132.89
243.90	-485.58	0.00	143.25
244.00	-391.31	0.00	152.84
244.10	-291.61	0.00	161.58
244.20	-186.99	0.00	169.38
244.30	-77.98	0.00	176.18
244.40	34.81	0.00	181.91
244.50	150.70	0.00	186.50
244.60	268.98	0.00	189.90
244.70	388.88	0.00	192.06
244.80	509.56	0.00	192.95
244.90	630.18	0.00	192.54
245.00	749.83	0.00	190.82
245.10	867.60	0.00	187.76
245.20	982.54	0.00	183.38
245.30	1093.69	0.00	177.68
245.40	1200.12	0.00	170.69
245.50	1300.86	0.00	162.43
245.60	1394.99	0.00	152.94
245.70	1481.63	0.00	142.28
245.80	1559.91	0.00	130.49
245.90	1629.03	0.00	117.66
246.00	1688.25	0.00	103.85
246.10	1736.89	0.00	89.15
246.20	1775.34	0.00	73.64
246.30	1805.31	0.00	57.43
246.40	1826.59	0.00	40.61
246.50	1838.91	0.00	23.29
246.60	1842.04	0.00	5.60
246.70	1835.78	0.00	-12.37
246.80	1819.96	0.00	-30.49
246.90	1794.41	0.00	-48.64
247.00	1759.02	0.00	-66.70
247.10	1713.71	0.00	-84.55
247.20	1658.44	0.00	-102.06
247.30	1593.21	0.00	-119.13
247.40	1518.05	0.00	-135.64
247.50	1433.08	0.00	-151.47
247.60	1338.43	0.00	-166.52
247.70	1234.33	0.00	-180.68
247.80	1121.05	0.00	-193.86
247.90	998.94	0.00	-205.97
248.00	868.41	0.00	-216.93
248.10	729.96	0.00	-226.66
248.20	584.15	0.00	-235.09
248.30	431.64	0.00	-242.17
248.40	273.15	0.00	-247.85
248.50	109.49	0.00	-252.08
248.60	-58.48	0.00	-254.85
248.70	-229.80	0.00	-256.13
248.80	-403.45	0.00	-255.91
248.90	-578.37	0.00	-254.19
249.00	-753.42	0.00	-250.98
249.10	-927.44	0.00	-246.30
249.20	-1099.21	0.00	-240.18
249.30	-1267.51	0.00	-232.66
249.40	-1431.09	0.00	-223.78
249.50	-1588.72	0.00	-213.60
249.60	-1739.16	0.00	-202.19
249.70	-1881.23	0.00	-189.61
249.80	-2013.75	0.00	-175.95
249.90	-2135.62	0.00	-161.28
250.00	-2245.79	0.00	-145.69
250.10	-2343.32	0.00	-129.28
250.20	-2427.32	0.00	-112.15
250.30	-2497.02	0.00	-94.40
250.40	-2551.77	0.00	-76.13
250.50	-2592.83	0.00	-57.45
250.60	-2624.67	0.00	-38.47
250.70	-2647.41	0.00	-19.29
250.80	-2660.95	0.00	-0.03
250.90	-2665.19	0.00	19.22
251.00	-2660.01	0.00	38.35
251.10	-2645.30	0.00	57.25
251.20	-2620.96	0.00	75.82
251.30	-2586.88	0.00	93.97
251.40	-2542.95	0.00	111.61
251.50	-2489.08	0.00	128.64
251.60	-2425.18	0.00	144.99
251.70	-2351.22	0.00	160.57
251.80	-2267.14	0.00	175.32
251.90	-2172.95	0.00	189.16
252.00	-2068.70	0.00	202.05
252.10	-1954.46	0.00	213.92
252.20	-1830.36	0.00	224.72
252.30	-1696.61	0.00	234.42
252.40	-1553.45	0.00	242.98
252.50	-1401.22	0.00	250.37
252.60	-1240.29	0.00	256.58
252.70	-1071.15	0.00	261.59
252.80	-894.34	0.00	265.39
252.90	-710.48	0.00	267.97
253.00	-520.28	0.00	269.35
253.10	-324.52	0.00	269.53
253.20	-124.06	0.00	268.53
253.30	80.19	0.00	266.37
253.40	287.21	0.00	263.07
253.50	495.96	0.00	258.67
253.60	705.32	0.00	253.19
253.70	914.15	0.00	246.68
253.80	1121.25	0.00	239.18
253.90	1325.39	0.00	230.73
254.00	1525.35	0.00	221.39
254.10	1719.87	0.00	211.19
254.20	1907.73	0.00	200.21
254.30	2087.69	0.00	188.49
254.40	2258.57	0.00	176.09
254.50	2419.21	0.00	163.06
254.60	2568.51	0.00	149.48
254.70	2705.44	0.00	135.39
254.80	2829.02	0.00	120.86
254.90	2938.37	0.00	105.95
255.00	3032.69	0.00	90.72
255.10	3111.31	0.00	75.23
255.20	3173.62	0.00	59.54
255.30	3219.16	0.00	43.72
255.40	3248.77	0.00	27.82
255.50	3270.36	0.00	11.89
255.60	3285.40	0.00	-4.00
255.70	3293.87	0.00	-19.79
255.80	3295.70	0.00	-35.45
255.90	3290.81	0.00	-50.90
256.00	3279.06	0.00	-66.10
256.10	3260.28	0.00	-81.01
256.20	3234.28	0.00	-95.57
256.30	3200.84	0.00	-109.74
256.40	3159.72	0.00	-123.47
256.50	3110.66	0.00	-136.73
256.60	3053.41	0.00	-149.47
256.70	2987.69	0.00	-161.66
256.80	2913.25	0.00	-173.26
256.90	2829.84	0.00	-184.24
257.00	2737.25	0.00	-194.57
257.10	2635.27	0.00	-204.22
257.20	2523.76	0.00	-213.16
257.30	2402.59	0.00	-221.38
257.40	2271.72	0.00	-228.85
257.50	2131.12	0.00	-235.55
257.60	1980.88	0.00	-241.47
257.70	1821.13	0.00	-246.59
257.80	1652.07	0.00	-250.90
257.90	1473.99	0.00	-254.39
258.00	1287.27	0.00	-257.06
258.10	1092.37	0.00	-258.89
258.20	889.83	0.00	-259.90
258.30	680.27	0.00	-260.07
258.40	464.42	0.00	-259.41
258.50	243.08	0.00	-257.93
258.60	17.12	0.00	-255.64
258.70	-212.49	0.00	-252.53
258.80	-444.74	0.00	-248.63
258.90	-678.52	0.00	-243.95
259.00	-912.68	0.00	-238.49
259.10	-1146.04	0.00	-232.29
259.20	-1377.34	0.00	-225.36
259.30	-1605.31	0.00	-217.71
259.40	-1828.67	0.00	-209.38
259.50	-2046.10	0.00	-200.39
259.60	-2256.30	0.00	-190.77
259.70	-2457.99	0.00	-180.53
259.80	-2649.89	0.00	-169.73
259.90	-2830.76	0.00	-158.37
260.00	-2999.43	0.00	-146.50
260.10	-3154.76	0.00	-134.16
260.20	-3295.68	0.00	-121.37
260.30	-3421.20	0.00	-108.18
260.40	-3530.44	0.00	-94.61
260.50	-3622.59	0.00	-80.72
260.60	-3696.94	0.00	-66.53
260.70	-3752.92	0.00	-52.10
260.80	-3790.04	0.00	-37.46
260.90	-3812.61	0.00	-22.65
261.00	-3830.31	0.00	-7.72
261.10	-3843.42	0.00	7.30
261.20	-3851.81	0.00	22.35
261.30	-3855.33	0.00	37.39
261.40	-3853.73	0.00	52.39
261.50	-3846.75	0.00	67.29
261.60	-3834.04	0.00	82.05
261.70	-3815.24	0.00	96.62
261.80	-3789.92	0.00	110.97
261.90	-3757.63	0.00	125.05
262.00	-3717.90	0.00	138.82
262.10	-3670.23	0.00	152.23
262.20	-3614.12	0.00	165.24
262.30	-3549.05	0.00	177.81
262.40	-3474.54	0.00	189.90
262.50	-3390.11	0.00	201.47
262.60	-3295.30	0.00	212.49
262.70	-3189.71	0.00	222.91
262.80	-3072.97	0.00	232.69
262.90	-2944.79	0.00	241.82
263.00	-2804.94	0.00	250.25
263.10	-2653.25	0.00	257.95
263.20	-2489.65	0.00	264.89
263.30	-2314.18	0.00	271.05
263.40	-2126.95	0.00	276.40
263.50	-1928.19	0.00	280.92
263.60	-1718.25	0.00	284.59
263.70	-1497.57	0.00	287.39
263.80	-1266.72	0.00	289.30
263.90	-1026.39	0.00	290.32
264.00	-777.38	0.00	290.43
264.10	-520.59	0.00	289.62
264.20	-257.07	0.00	287.89
264.30	12.07	0.00	285.24
264.40	285.60	0.00	281.67
264.50	562.20	0.00	277.18
264.60	840.46	0.00	271.78
264.70	1118.90	0.00	265.49
264.80	1396.00	0.00	258.30
264.90	1670.16	0.00	250.25
265.00	1939.75	0.00	241.35
265.10	2203.15	0.00	231.62
265.20	2458.68	0.00	221.08
265.30	2704.72	0.00	209.77
265.40	2939.62	0.00	197.72
265.50	3161.81	0.00	184.95
265.60	3369.75	0.00	171.51
265.70	3561.97	0.00	157.44
265.80	3737.10	0.00	142.78
265.90	3893.85	0.00	127.56
266.00	4031.03	0.00	111.85
266.10	4147.60	0.00	95.68
266.20	4242.63	0.00	79.10
266.30	4315.35	0.00	62.18
266.40	4365.12	0.00	44.95
266.50	4391.61	0.00	27.49
266.60	4406.39	0.00	9.84
266.70	4417.10	0.00	-7.94
266.80	4423.63	0.00	-25.79
266.90	4425.75	0.00	-43.65
267.00	4423.17	0.00	-61.46
267.10	4415.52	0.00	-79.16
267.20	4402.37	0.00	-96.70
267.30	4383.22	0.00	-114.00
267.40	4357.52	0.00	-131.02
267.50	4324.65	0.00	-147.68
267.60	4283.99	0.00	-163.95
267.70	4234.86	0.00	-179.75
267.80	4176.59	0.00	-195.03
267.90	4108.49	0.00	-209.74
268.00	4029.88	0.00	-223.82
268.10	3940.13	0.00	-237.22
268.20	3838.62	0.00	-249.90
268.30	3724.78	0.00	-261.81
268.40	3598.13	0.00	-272.89
268.50	3458.24	0.00	-283.12
268.60	3304.79	0.00	-292.45
268.70	3137.54	0.00	-300.85
268.80	2956.37	0.00	-308.27
268.90	2761.28	0.00	-314.70
269.00	2552.41	0.00	-320.10
269.10	2330.01	0.00	-324.45
269.20	2094.50	0.00	-327.73
269.30	1846.41	0.00	-329.93
269.40	1586.44	0.00	-331.03
269.50	1315.42	0.00	-331.02
269.60	1034.33	0.00	-329.89
269.70	744.30	0.00	-327.66
269.80	446.57	0.00	-324.32
269.90	142.51	0.00	-319.87
270.00	-166.38	0.00	-314.33
270.10	-478.50	0.00	-307.71
270.20	-792.17	0.00	-300.03
270.30	-1105.60	0.00	-291.31
270.40	-1416.97	0.00	-281.59
270.50	-1724.40	0.00	-270.88
270.60	-2025.98	0.00	-259.23
270.70	-2319.78	0.00	-246.68
270.80	-2603.87	0.00	-233.25
270.90	-2876.38	0.00	-219.01
271.00	-3135.45	0.00	-203.99
271.10	-3379.28	0.00	-188.24
271.20	-3606.18	0.00	-171.83
271.30	-3814.54	0.00	-154.81
271.40	-4002.85	0.00	-137.23
271.50	-4169.75	0.00	-119.16
271.60	-4314.02	0.00	-100.67
271.70	-4434.61	0.00	-81.81
271.80	-4530.61	0.00	-62.65
271.90	-4601.31	0.00	-43.27
272.00	-4646.19	0.00	-23.74
272.10	-4664.90	0.00	-4.11
272.20	-4663.69	0.00	15.53
272.30	-4657.71	0.00	35.12
272.40	-4647.51	0.00	54.59
272.50	-4632.87	0.00	73.86
272.60	-4613.49	0.00	92.87
272.70	-4589.01	0.00	111.54
272.80	-4558.97	0.00	129.82
272.90	-4522.85	0.00	147.63
273.00	-4480.09	0.00	164.92
273.10	-4430.09	0.00	181.62
273.20	-4372.19	0.00	197.67
273.30	-4305.73	0.00	213.02
273.40	-4230.05	0.00	227.61
273.50	-4144.48	0.00	241.40
273.60	-4048.40	0.00	254.34
273.70	-3941.21	0.00	266.39
273.80	-3822.35	0.00	277.50
273.90	-3691.34	0.00	287.64
274.00	-3547.77	0.00	296.79
274.10	-3391.33	0.00	304.91
274.20	-3221.79	0.00	311.99
274.30	-3039.05	0.00	318.00
274.40	-2843.12	0.00	322.93
274.50	-2634.13	0.00	326.77
274.60	-2412.35	0.00	329.51
274.70	-2178.18	0.00	331.15
274.80	-1932.16	0.00	331.71
274.90	-1674.98	0.00	331.17
275.00	-1407.44	0.00	329.55
275.10	-1130.50	0.00	326.88
275.20	-845.23	0.00	323.15
275.30	-552.85	0.00	318.40
275.40	-254.66	0.00	312.65
275.50	47.90	0.00	305.92
275.60	353.33	0.00	298.25
275.70	660.02	0.00	289.67
275.80	966.31	0.00	280.22
275.90	1270.46	0.00	269.92
276.00	1570.72	0.00	258.83
276.10	1865.30	0.00	246.97
276.20	2152.41	0.00	234.40
276.30	2430.27	0.00	221.15
276.40	2697.12	0.00	207.28
276.50	2951.23	0.00	192.82
276.60	3190.97	0.00	177.82
276.70	3414.75	0.00	162.33
276.80	3621.07	0.00	146.40
276.90	3808.55	0.00	130.07
277.00	3975.93	0.00	113.39
277.10	4122.07	0.00	96.41
277.20	4245.96	0.00	79.17
277.30	4346.76	0.00	61.72
277.40	4423.78	0.00	44.11
277.50	4476.50	0.00	26.39
277.60	4504.56	0.00	8.59
277.70	4507.83	0.00	-9.23
277.80	4497.73	0.00	-27.03
277.90	4483.46	0.00	-44.76
278.00	4464.85	0.00	-62.38
278.10	4441.63	0.00	-79.84
278.20	4413.47	0.00	-97.11
278.30	4379.94	0.00	-114.13
278.40	4340.56	0.00	-130.87
278.50	4294.79	0.00	-147.27
278.60	4242.02	0.00	-163.30
278.70	4181.64	0.00	-178.91
278.80	4112.97	0.00	-194.06
278.90	4035.35	0.00	-208.71
279.00	3948.12	0.00	-222.81
279.10	3850.61	0.00	-236.32
279.20	3742.19	0.00	-249.20
279.30	3622.29	0.00	-261.41
279.40	3490.38	0.00	-272.89
279.50	3346.01	0.00	-283.62
279.60	3188.79	0.00	-293.55
279.70	3018.47	0.00	-302.64
279.80	2834.88	0.00	-310.86
279.90	2637.97	0.00	-318.15
280.00	2427.83	0.00	-324.49
280.10	2204.68	0.00	-329.84
280.20	1968.90	0.00	-334.16
280.30	1720.99	0.00	-337.42
280.40	1461.63	0.00	-339.60
280.50	1191.65	0.00	-340.66
280.60	912.01	0.00	-340.58
280.70	623.84	0.00	-339.33
280.80	328.41	0.00	-336.90
280.90	27.12	0.00	-333.28
281.00	-278.49	0.00	-328.45
281.10	-586.77	0.00	-322.40
281.20	-895.96	0.00	-315.14
281.30	-1204.22	0.00	-306.66
281.40	-1509.63	0.00	-296.97
281.50	-1810.22	0.00	-286.09
281.60	-2103.98	0.00	-274.03
281.70	-2388.88	0.00	-260.81
281.80	-2662.91	0.00	-246.47
281.90	-2924.07	0.00	-231.04
282.00	-3170.43	0.00	-214.56
282.10	-3400.10	0.00	-197.07
282.20	-3611.30	0.00	-178.64
282.30	-3802.38	0.00	-159.32
282.40	-3971.79	0.00	-139.17
282.50	-4118.14	0.00	-118.26
282.60	-4240.24	0.00	-96.68
282.70	-4337.03	0.00	-74.50
282.80	-4407.69	0.00	-51.80
282.90	-4451.60	0.00	-28.68
283.00	-4468.34	0.00	-5.24
283.10	-4459.68	0.00	18.43
283.20	-4440.72	0.00	42.22
283.30	-4414.54	0.00	66.04
283.40	-4380.87	0.00	89.77
283.50	-4339.35	0.00	113.29
283.60	-4289.59	0.00	136.51
283.70	-4231.12	0.00	159.31
283.80	-4163.43	0.00	181.58
283.90	-4086.00	0.00	203.20
284.00	-3998.27	0.00	224.08
284.10	-3899.70	0.00	244.09
284.20	-3789.76	0.00	263.14
284.30	-3667.94	0.00	281.12
284.40	-3533.82	0.00	297.94
284.50	-3387.01	0.00	313.50
284.60	-3227.23	0.00	327.72
284.70	-3054.30	0.00	340.52
284.80	-2868.14	0.00	351.82
284.90	-2668.83	0.00	361.56
285.00	-2456.56	0.00	369.67
285.10	-2231.69	0.00	376.11
285.20	-1994.73	0.00	380.82
285.30	-1746.35	0.00	383.79
285.40	-1487.40	0.00	384.98
285.50	-1218.87	0.00	384.38
285.60	-941.92	0.00	381.98
285.70	-657.87	0.00	377.79
285.80	-368.17	0.00	371.83
285.90	-74.42	0.00	364.11
286.00	221.69	0.00	354.68
286.10	518.34	0.00	343.58
286.20	813.66	0.00	330.86
286.30	1105.67	0.00	316.58
286.40	1392.41	0.00	300.83
286.50	1671.86	0.00	283.67
286.60	1942.02	0.00	265.21
286.70	2200.94	0.00	245.54
286.80	2446.71	0.00	224.76
286.90	2677.49	0.00	202.98
287.00	2891.56	0.00	180.32
287.10	3087.33	0.00	156.91
287.20	3263.33	0.00	132.86
287.30	3418.29	0.00	108.31
287.40	3551.09	0.00	83.40
287.50	3660.82	0.00	58.25
287.60	3746.76	0.00	33.00
287.70	3808.42	0.00	7.79
287.80	3845.51	0.00	-17.25
287.90	3857.97	0.00	-41.98
288.00	3845.97	0.00	-66.27
288.10	3809.87	0.00	-89.99
288.20	3757.70	0.00	-113.03
288.30	3696.94	0.00	-135.25
288.40	3627.66	0.00	-156.55
288.50	3549.90	0.00	-176.82
288.60	3463.67	0.00	-195.95
288.70	3368.96	0.00	-213.86
288.80	3265.79	0.00	-230.45
288.90	3154.14	0.00	-245.66
289.00	3034.05	0.00	-259.41
289.10	2905.57	0.00	-271.65
289.20	2768.79	0.00	-282.33
289.30	2623.86	0.00	-291.41
289.40	2470.96	0.00	-298.86
289.50	2310.37	0.00	-304.67
289.60	2142.42	0.00	-308.82
289.70	1967.51	0.00	-311.33
289.80	1786.15	0.00	-312.20
289.90	1598.89	0.00	-311.45
290.00	1406.38	0.00	-309.13
290.10	1209.36	0.00	-305.26
290.20	1008.62	0.00	-299.91
290.30	805.04	0.00	-293.13
290.40	599.54	0.00	-285.00
290.50	393.11	0.00	-275.57
290.60	186.78	0.00	-264.95
290.70	-18.38	0.00	-253.20
290.80	-221.30	0.00	-240.44
290.90	-420.87	0.00	-226.75
291.00	-616.01	0.00	-212.24
291.10	-805.62	0.00	-197.01
291.20	-988.67	0.00	-181.17
291.30	-1164.13	0.00	-164.83
291.40	-1331.05	0.00	-148.10
291.50	-1488.53	0.00	-131.09
291.60	-1635.73	0.00	-113.90
291.70	-1771.90	0.00	-96.65
291.80	-1896.39	0.00	-79.43
291.90	-2008.64	0.00	-62.35
292.00	-2108.17	0.00	-45.51
292.10	-2194.62	0.00	-29.00
292.20	-2267.75	0.00	-12.91
292.30	-2327.40	0.00	2.69
292.40	-2373.53	0.00	17.71
292.50	-2406.21	0.00	32.08
292.60	-2425.59	0.00	45.75
292.70	-2431.94	0.00	58.65
292.80	-2425.61	0.00	70.74
292.90	-2407.03	0.00	81.98
293.00	-2376.71	0.00	92.34
293.10	-2335.25	0.00	101.79
293.20	-2283.51	0.00	110.31
293.30	-2225.88	0.00	117.89
293.40	-2164.04	0.00	124.54
293.50	-2098.28	0.00	130.26
293.60	-2028.89	0.00	135.06
293.70	-1956.14	0.00	138.96
293.80	-1880.30	0.00	141.98
293.90	-1801.63	0.00	144.15
294.00	-1720.38	0.00	145.52
294.10	-1636.79	0.00	146.12
294.20	-1551.10	0.00	146.00
294.30	-1463.55	0.00	145.20
294.40	-1374.37	0.00	143.78
294.50	-1283.79	0.00	141.79
294.60	-1192.02	0.00	139.28
294.70	-1099.28	0.00	136.33
294.80	-1005.80	0.00	132.97
294.90	-911.79	0.00	129.27
295.00	-817.44	0.00	125.28
295.10	-722.98	0.00	121.06
295.20	-628.59	0.00	116.67
295.30	-534.47	0.00	112.15
295.40	-440.81	0.00	107.55
295.50	-347.79	0.00	102.92
295.60	-255.59	0.00	98.30
295.70	-164.39	0.00	93.72
295.80	-74.34	0.00	89.23
295.90	14.38	0.00	84.84
296.00	101.63	0.00	80.58
296.10	187.24	0.00	76.48
296.20	271.09	0.00	72.55
296.30	353.02	0.00	68.79
296.40	432.90	0.00	65.22
296.50	510.59	0.00	61.83
296.60	585.96	0.00	58.63
296.70	658.88	0.00	55.60
296.80	729.22	0.00	52.73
296.90	796.85	0.00	50.02
297.00	861.65	0.00	47.44
297.10	923.49	0.00	44.98
297.20	982.23	0.00	42.60
297.30	1037.75	0.00	40.29
297.40	1089.92	0.00	38.03
297.50	1138.61	0.00	35.78
297.60	1183.69	0.00	33.52
297.70	1225.03	0.00	31.22
297.80	1262.49	0.00	28.85
297.90	1295.96	0.00	26.40
298.00	1325.30	0.00	23.82
298.10	1350.40	0.00	21.11
298.20	1371.14	0.00	18.25
298.30	1387.41	0.00	15.20
298.40	1399.10	0.00	11.97
298.50	1406.13	0.00	8.53
298.60	1408.42	0.00	4.87
298.70	1405.88	0.00	1.00
298.80	1398.70	0.00	-3.09
298.90	1388.32	0.00	-7.40
299.00	1374.96	0.00	-11.92
299.10	1358.53	0.00	-16.64
299.20	1338.95	0.00	-21.56
299.30	1316.17	0.00	-26.64
299.40	1290.09	0.00	-31.88
299.50	1260.65	0.00	-37.25
299.60	1227.79	0.00	-42.72
299.70	1191.46	0.00	-48.26
299.80	1151.61	0.00	-53.83
299.90	1108.21	0.00	-59.42
300.00	1061.26	0.00	-64.96
300.10	1010.74	0.00	-70.44
300.20	956.70	0.00	-75.81
300.30	899.16	0.00	-81.03
300.40	838.20	0.00	-86.05
300.50	773.90	0.00	-90.84
300.60	706.38	0.00	-95.36
300.70	635.78	0.00	-99.57
300.80	562.27	0.00	-103.43
300.90	486.05	0.00	-106.90
301.00	407.33	0.00	-109.96
301.10	326.38	0.00	-112.56
301.20	243.47	0.00	-114.68
301.30	158.91	0.00	-116.29
301.40	73.03	0.00	-117.37
301.50	-13.81	0.00	-117.90
301.60	-101.23	0.00	-117.86
301.70	-188.84	0.00	-117.24
301.80	-276.21	0.00	-116.04
301.90	-362.92	0.00	-114.25
302.00	-448.52	0.00	-111.87
302.10	-532.57	0.00	-108.91
302.20	-614.60	0.00	-105.37
302.30	-694.16	0.00	-101.27
302.40	-770.80	0.00	-96.62
302.50	-844.07	0.00	-91.45
302.60	-913.55	0.00	-85.77
302.70	-978.80	0.00	-79.63
302.80	-1039.44	0.00	-73.05
302.90	-1095.09	0.00	-66.06
303.00	-1145.40	0.00	-58.70
303.10	-1190.06	0.00	-51.02
303.20	-1228.78	0.00	-43.05
303.30	-1261.33	0.00	-34.84
303.40	-1287.50	0.00	-26.44
303.50	-1307.13	0.00	-17.90
303.60	-1320.09	0.00	-9.25
303.70	-1326.32	0.00	-0.56
303.80	-1325.79	0.00	8.13
303.90	-1318.52	0.00	16.77
304.00	-1305.21	0.00	25.31
304.10	-1287.03	0.00	33.71
304.20	-1264.07	0.00	41.91
304.30	-1236.40	0.00	49.87
304.40	-1204.13	0.00	57.55
304.50	-1167.36	0.00	64.90
304.60	-1126.22	0.00	71.89
304.70	-1080.86	0.00	78.48
304.80	-1031.43	0.00	84.63
304.90	-978.12	0.00	90.31
305.00	-921.12	0.00	95.49
305.10	-860.64	0.00	100.15
305.20	-796.91	0.00	104.26
305.30	-730.19	0.00	107.82
305.40	-660.74	0.00	110.79
305.50	-588.83	0.00	113.18
305.60	-514.78	0.00	114.97
305.70	-438.90	0.00	116.15
305.80	-361.51	0.00	116.74
305.90	-282.96	0.00	116.72
306.00	-203.61	0.00	116.12
306.10	-123.82	0.00	114.93
306.20	-43.96	0.00	113.17
306.30	35.59	0.00	110.87
306.40	114.46	0.00	108.03
306.50	192.24	0.00	104.68
306.60	268.58	0.00	100.84
306.70	343.09	0.00	96.55
306.80	415.41	0.00	91.83
306.90	485.17	0.00	86.72
307.00	552.03	0.00	81.24
307.10	615.67	0.00	75.45
307.20	675.78	0.00	69.36
307.30	732.06	0.00	63.03
307.40	784.24	0.00	56.48
307.50	832.10	0.00	49.77
307.60	875.41	0.00	42.92
307.70	914.00	0.00	35.99
307.80	947.70	0.00	29.01
307.90	976.41	0.00	22.01
308.00	1000.02	0.00	15.05
308.10	1018.48	0.00	8.16
308.20	1031.77	0.00	1.37
308.30	1039.89	0.00	-5.28
308.40	1042.90	0.00	-11.75
308.50	1040.85	0.00	-18.02
308.60	1033.86	0.00	-24.04
308.70	1022.29	0.00	-29.80
308.80	1007.06	0.00	-35.27
308.90	988.37	0.00	-40.42
309.00	966.34	0.00	-45.24
309.10	941.12	0.00	-49.70
309.20	912.87	0.00	-53.79
309.30	881.75	0.00	-57.50
309.40	847.91	0.00	-60.81
309.50	811.52	0.00	-63.73
309.60	772.77	0.00	-66.24
309.70	731.82	0.00	-68.35
309.80	688.86	0.00	-70.07
309.90	644.07	0.00	-71.38
310.00	597.64	0.00	-72.31
310.10	549.75	0.00	-72.86
310.20	500.59	0.00	-73.05
310.30	450.34	0.00	-72.89
310.40	399.19	0.00	-72.40
310.50	347.33	0.00	-71.60
310.60	294.93	0.00	-70.51
310.70	242.17	0.00	-69.15
310.80	189.22	0.00	-67.56
310.90	136.25	0.00	-65.75
311.00	83.43	0.00	-63.75
311.10	30.90	0.00	-61.60
311.20	-21.19	0.00	-59.31
311.30	-72.69	0.00	-56.91
311.40	-123.47	0.00	-54.44
311.50	-173.41	0.00	-51.91
311.60	-222.39	0.00	-49.37
311.70	-270.32	0.00	-46.82
311.80	-317.08	0.00	-44.29
311.90	-362.59	0.00	-41.81
312.00	-406.77	0.00	-39.40
312.10	-449.55	0.00	-37.07
312.20	-490.86	0.00	-34.84
312.30	-530.64	0.00	-32.73
312.40	-568.83	0.00	-30.74
312.50	-605.41	0.00	-28.88
312.60	-640.31	0.00	-27.17
312.70	-673.50	0.00	-25.59
312.80	-704.96	0.00	-24.16
312.90	-734.63	0.00	-22.86
313.00	-762.49	0.00	-21.70
313.10	-788.52	0.00	-20.66
313.20	-812.66	0.00	-19.74
313.30	-834.89	0.00	-18.91
313.40	-855.17	0.00	-18.17
313.50	-873.46	0.00	-17.50
313.60	-889.71	0.00	-16.87
313.70	-903.88	0.00	-16.26
313.80	-916.17	0.00	-15.65
313.90	-927.12	0.00	-15.02
314.00	-936.69	0.00	-14.33
314.10	-944.84	0.00	-13.58
314.20	-951.50	0.00	-12.72
314.30	-956.62	0.00	-11.73
314.40	-960.10	0.00	-10.59
314.50	-961.84	0.00	-9.28
314.60	-961.75	0.00	-7.76
314.70	-959.70	0.00	-6.03
314.80	-955.57	0.00	-4.06
314.90	-949.23	0.00	-1.83
315.00	-940.53	0.00	0.67
315.10	-929.33	0.00	3.44
315.20	-915.47	0.00	6.51
315.30	-898.80	0.00	9.88
315.40	-879.16	0.00	13.54
315.50	-856.40	0.00	17.49
315.60	-830.37	0.00	21.73
315.70	-800.91	0.00	26.25
315.80	-767.89	0.00	31.03
315.90	-731.18	0.00	36.06
316.00	-690.66	0.00	41.31
316.10	-646.22	0.00	46.75
316.20	-597.78	0.00	52.37
316.30	-545.27	0.00	58.12
316.40	-488.66	0.00	63.98
316.50	-427.92	0.00	69.89
316.60	-363.06	0.00	75.82
316.70	-294.14	0.00	81.73
316.80	-221.21	0.00	87.56
316.90	-144.40	0.00	93.27
317.00	-63.85	0.00	98.82
317.10	20.25	0.00	104.14
317.20	107.69	0.00	109.19
317.30	198.19	0.00	113.93
317.40	291.44	0.00	118.28
317.50	387.09	0.00	122.22
317.60	484.76	0.00	125.69
317.70	584.00	0.00	128.64
317.80	684.35	0.00	131.03
317.90	785.30	0.00	132.82
318.00	886.30	0.00	133.97
318.10	986.76	0.00	134.45
318.20	1086.09	0.00	134.22
318.30	1183.66	0.00	133.27
318.40	1278.80	0.00	131.56
318.50	1370.85	0.00	129.08
318.60	1459.14	0.00	125.82
318.70	1542.98	0.00	121.76
318.80	1621.70	0.00	116.92
318.90	1694.62	0.00	111.30
319.00	1761.09	0.00	104.90
319.10	1820.48	0.00	97.73
319.20	1872.19	0.00	89.83
319.30	1917.51	0.00	81.21
319.40	1957.90	0.00	71.91
319.50	1993.08	0.00	61.97
319.60	2022.78	0.00	51.42
319.70	2046.75	0.00	40.32
319.80	2064.69	0.00	28.71
319.90	2076.36	0.00	16.65
320.00	2081.47	0.00	4.20
320.10	2079.77	0.00	-8.57
320.20	2071.00	0.00	-21.61
320.30	2054.90	0.00	-34.84
320.40	2031.22	0.00	-48.19
320.50	1999.75	0.00	-61.59
320.60	1960.26	0.00	-74.97
320.70	1912.56	0.00	-88.24
320.80	1856.47	0.00	-101.35
320.90	1791.86	0.00	-114.20
321.00	1718.62	0.00	-126.73
321.10	1636.66	0.00	-138.86
321.20	1545.97	0.00	-150.53
321.30	1446.56	0.00	-161.66
321.40	1338.51	0.00	-172.18
321.50	1221.95	0.00	-182.04
321.60	1097.07	0.00	-191.17
321.70	964.12	0.00	-199.52
321.80	823.43	0.00	-207.03
321.90	675.41	0.00	-213.66
322.00	520.52	0.00	-219.35
322.10	359.31	0.00	-224.08
322.20	192.41	0.00	-227.82
322.30	20.50	0.00	-230.52
322.40	-155.64	0.00	-232.18
322.50	-335.18	0.00	-232.77
322.60	-517.22	0.00	-232.28
322.70	-700.78	0.00	-230.72
322.80	-884.85	0.00	-228.07
322.90	-1068.38	0.00	-224.35
323.00	-1250.24	0.00	-219.57
323.10	-1429.30	0.00	-213.74
323.20	-1604.41	0.00	-206.90
323.30	-1774.40	0.00	-199.06
323.40	-1938.09	0.00	-190.26
323.50	-2094.34	0.00	-180.54
323.60	-2241.99	0.00	-169.94
323.70	-2379.96	0.00	-158.52
323.80	-2507.17	0.00	-146.31
323.90	-2622.63	0.00	-133.37
324.00	-2725.41	0.00	-119.77
324.10	-2814.65	0.00	-105.56
324.20	-2889.57	0.00	-90.81
324.30	-2949.51	0.00	-75.58
324.40	-2993.89	0.00	-59.94
324.50	-3025.22	0.00	-43.95
324.60	-3049.40	0.00	-27.70
324.70	-3066.52	0.00	-11.24
324.80	-3076.45	0.00	5.35
324.90	-3079.03	0.00	21.99
325.00	-3074.10	0.00	38.62
325.10	-3061.45	0.00	55.17
325.20	-3040.88	0.00	71.56
325.30	-3012.13	0.00	87.73
325.40	-2974.98	0.00	103.61
325.50	-2929.16	0.00	119.14
325.60	-2874.41	0.00	134.25
325.70	-2810.48	0.00	148.87
325.80	-2737.14	0.00	162.96
325.90	-2654.15	0.00	176.44
326.00	-2561.34	0.00	189.28
326.10	-2458.52	0.00	201.41
326.20	-2345.60	0.00	212.79
326.30	-2222.51	0.00	223.38
326.40	-2089.24	0.00	233.12
326.50	-1945.86	0.00	241.99
326.60	-1792.49	0.00	249.94
326.70	-1629.36	0.00	256.94
326.80	-1456.77	0.00	262.97
326.90	-1275.10	0.00	268.00
327.00	-1084.83	0.00	272.00
327.10	-886.55	0.00	274.96
327.20	-680.92	0.00	276.86
327.30	-468.71	0.00	277.69
327.40	-250.79	0.00	277.45
327.50	-28.11	0.00	276.13
327.60	198.30	0.00	273.73
327.70	427.30	0.00	270.25
327.80	657.72	0.00	265.70
327.90	888.30	0.00	260.09
328.00	1117.71	0.00	253.45
328.10	1344.60	0.00	245.77
328.20	1567.57	0.00	237.10
328.30	1785.22	0.00	227.45
328.40	1996.13	0.00	216.85
328.50	2198.87	0.00	205.34
328.60	2392.05	0.00	192.96
328.70	2574.31	0.00	179.74
328.80	2744.34	0.00	165.74
328.90	2900.88	0.00	151.00
329.00	3042.77	0.00	135.58
329.10	3168.91	0.00	119.52
329.20	3278.32	0.00	102.89
329.30	3370.13	0.00	85.76
329.40	3443.60	0.00	68.18
329.50	3498.10	0.00	50.22
329.60	3533.16	0.00	31.97
329.70	3548.58	0.00	13.48
329.80	3552.20	0.00	-5.16
329.90	3548.67	0.00	-23.88
330.00	3537.88	0.00	-42.60
330.10	3519.68	0.00	-61.24
330.20	3493.90	0.00	-79.71
330.30	3460.31	0.00	-97.94
330.40	3418.67	0.00	-115.84
330.50	3368.71	0.00	-133.34
330.60	3310.15	0.00	-150.34
330.70	3242.71	0.00	-166.78
330.80	3166.12	0.00	-182.57
330.90	3080.09	0.00	-197.63
331.00	2984.38	0.00	-211.90
331.10	2878.80	0.00	-225.31
331.20	2763.17	0.00	-237.78
331.30	2637.38	0.00	-249.26
331.40	2501.38	0.00	-259.68
331.50	2355.21	0.00	-269.00
331.60	2198.96	0.00	-277.16
331.70	2032.84	0.00	-284.12
331.80	1857.12	0.00	-289.84
331.90	1672.21	0.00	-294.30
332.00	1478.57	0.00	-297.47
332.10	1276.82	0.00	-299.32
332.20	1067.65	0.00	-299.86
332.30	851.84	0.00	-299.07
332.40	630.31	0.00	-296.96
332.50	404.05	0.00	-293.54
332.60	174.12	0.00	-288.83
332.70	-58.30	0.00	-282.85
332.80	-291.98	0.00	-275.64
332.90	-525.65	0.00	-267.22
333.00	-757.96	0.00	-257.66
333.10	-987.54	0.00	-247.00
333.20	-1213.00	0.00	-235.29
333.30	-1432.94	0.00	-222.60
333.40	-1645.98	0.00	-209.00
333.50	-1850.75	0.00	-194.56
333.60	-2045.92	0.00	-179.36
333.70	-2230.22	0.00	-163.48
333.80	-2402.45	0.00	-147.01
333.90	-2561.47	0.00	-130.02
334.00	-2706.26	0.00	-112.62
334.10	-2835.88	0.00	-94.90
334.20	-2949.52	0.00	-76.93
334.30	-3046.50	0.00	-58.82
334.40	-3126.25	0.00	-40.66
334.50	-3188.34	0.00	-22.54
334.60	-3232.49	0.00	-4.55
334.70	-3258.55	0.00	13.23
334.80	-3266.53	0.00	30.71
334.90	-3256.56	0.00	47.81
335.00	-3229.65	0.00	64.45
335.10	-3193.97	0.00	80.56
335.20	-3151.73	0.00	96.07
335.30	-3103.01	0.00	110.91
335.40	-3047.86	0.00	125.03
335.50	-2986.33	0.00	138.37
335.60	-2918.43	0.00	150.89
335.70	-2844.18	0.00	162.53
335.80	-2763.61	0.00	173.28
335.90	-2676.72	0.00	183.08
336.00	-2583.56	0.00	191.93
336.10	-2484.14	0.00	199.80
336.20	-2378.56	0.00	206.69
336.30	-2266.88	0.00	212.58
336.40	-2149.22	0.00	217.47
336.50	-2025.75	0.00	221.37
336.60	-1896.65	0.00	224.29
336.70	-1762.14	0.00	226.25
336.80	-1622.51	0.00	227.25
336.90	-1478.06	0.00	227.34
337.00	-1329.17	0.00	226.53
337.10	-1176.24	0.00	224.86
337.20	-1019.73	0.00	222.36
337.30	-860.13	0.00	219.06
337.40	-697.98	0.00	215.02
337.50	-533.84	0.00	210.26
337.60	-368.34	0.00	204.84
337.70	-202.11	0.00	198.79
337.80	-35.82	0.00	192.17
337.90	129.85	0.00	185.01
338.00	294.20	0.00	177.37
338.10	456.52	0.00	169.29
338.20	616.09	0.00	160.82
338.30	772.19	0.00	151.99
338.40	924.13	0.00	142.86
338.50	1071.20	0.00	133.47
338.60	1212.74	0.00	123.85
338.70	1348.10	0.00	114.05
338.80	1476.65	0.00	104.11
338.90	1597.81	0.00	94.06
339.00	1711.03	0.00	83.94
339.10	1815.82	0.00	73.78
339.20	1911.72	0.00	63.61
339.30	1998.31	0.00	53.47
339.40	2075.26	0.00	43.37
339.50	2142.26	0.00	33.35
339.60	2199.08	0.00	23.42
339.70	2245.52	0.00	13.62
339.80	2281.48	0.00	3.97
339.90	2306.90	0.00	-5.52
340.00	2321.75	0.00	-14.83
340.10	2326.11	0.00	-23.94
340.20	2320.09	0.00	-32.84
340.30	2303.85	0.00	-41.50
340.40	2277.68	0.00	-49.91
340.50	2245.13	0.00	-58.06
340.60	2208.22	0.00	-65.94
340.70	2167.02	0.00	-73.53
340.80	2121.57	0.00	-80.82
340.90	2071.92	0.00	-87.80
341.00	2018.11	0.00	-94.45
341.10	1960.15	0.00	-100.77
341.20	1898.09	0.00	-106.75
341.30	1831.96	0.00	-112.36
341.40	1761.79	0.00	-117.61
341.50	1687.64	0.00	-122.48
341.60	1609.55	0.00	-126.97
341.70	1527.59	0.00	-131.06
341.80	1441.86	0.00	-134.74
341.90	1352.45	0.00	-138.01
342.00	1259.49	0.00	-140.85
342.10	1163.11	0.00	-143.27
342.20	1063.50	0.00	-145.25
342.30	960.85	0.00	-146.78
342.40	855.37	0.00	-147.87
342.50	747.32	0.00	-148.50
342.60	636.96	0.00	-148.68
342.70	524.61	0.00	-148.40
342.80	410.58	0.00	-147.66
342.90	295.24	0.00	-146.46
343.00	178.97	0.00	-144.81
343.10	62.15	0.00	-142.70
343.20	-54.77	0.00	-140.14
343.30	-171.37	0.00	-137.14
343.40	-287.17	0.00	-133.71
343.50	-401.73	0.00	-129.84
343.60	-514.54	0.00	-125.56
343.70	-625.13	0.00	-120.88
343.80	-733.00	0.00	-115.80
343.90	-837.67	0.00	-110.35
344.00	-938.66	0.00	-104.54
344.10	-1035.47	0.00	-98.40
344.20	-1127.67	0.00	-91.93
344.30	-1214.78	0.00	-85.16
344.40	-1296.40	0.00	-78.11
344.50	-1372.10	0.00	-70.81
344.60	-1441.53	0.00	-63.28
344.70	-1504.33	0.00	-55.55
344.80	-1560.20	0.00	-47.64
344.90	-1608.85	0.00	-39.58
345.00	-1650.05	0.00	-31.40
345.10	-1683.60	0.00	-23.13
345.20	-1709.36	0.00	-14.79
345.30	-1727.21	0.00	-6.42
345.40	-1737.10	0.00	1.96
345.50	-1739.00	0.00	10.31
345.60	-1732.94	0.00	18.60
345.70	-1719.00	0.00	26.81
345.80	-1698.26	0.00	34.90
345.90	-1672.78	0.00	42.85
346.00	-1642.65	0.00	50.62
346.10	-1607.94	0.00	58.20
346.20	-1568.69	0.00	65.54
346.30	-1524.98	0.00	72.63
346.40	-1476.87	0.00	79.44
346.50	-1424.43	0.00	85.93
346.60	-1367.76	0.00	92.10
346.70	-1306.95	0.00	97.92
346.80	-1242.11	0.00	103.35
346.90	-1173.38	0.00	108.39
347.00	-1100.88	0.00	113.02
347.10	-1024.79	0.00	117.21
347.20	-945.29	0.00	120.95
347.30	-862.56	0.00	124.23
347.40	-776.84	0.00	127.03
347.50	-688.37	0.00	129.35
347.60	-597.41	0.00	131.16
347.70	-504.25	0.00	132.48
347.80	-409.20	0.00	133.27
347.90	-312.59	0.00	133.56
348.00	-214.78	0.00	133.32
348.10	-116.13	0.00	132.57
348.20	-17.03	0.00	131.29
348.30	82.10	0.00	129.51
348.40	180.84	0.00	127.21
348.50	278.76	0.00	124.41
348.60	375.43	0.00	121.12
348.70	470.38	0.00	117.35
348.80	563.17	0.00	113.11
348.90	653.34	0.00	108.42
349.00	740.44	0.00	103.29
349.10	824.04	0.00	97.74
349.20	903.68	0.00	91.80
349.30	978.97	0.00	85.49
349.40	1049.49	0.00	78.82
349.50	1114.86	0.00	71.83
349.60	1174.74	0.00	64.55
349.70	1228.79	0.00	57.00
349.80	1276.71	0.00	49.21
349.90	1318.24	0.00	41.22
350.00	1353.16	0.00	33.06
350.10	1381.27	0.00	24.76
350.20	1402.43	0.00	16.36
350.30	1416.53	0.00	7.90
350.40	1423.51	0.00	-0.60
350.50	1423.35	0.00	-9.08
350.60	1416.07	0.00	-17.52
350.70	1402.90	0.00	-25.87
350.80	1384.77	0.00	-34.10
350.90	1361.74	0.00	-42.17
351.00	1333.88	0.00	-50.05
351.10	1301.27	0.00	-57.69
351.20	1263.98	0.00	-65.06
351.30	1222.13	0.00	-72.13
351.40	1175.83	0.00	-78.86
351.50	1125.21	0.00	-85.22
351.60	1070.41	0.00	-91.18
351.70	1011.59	0.00	-96.71
351.80	948.93	0.00	-101.79
351.90	882.64	0.00	-106.39
352.00	812.92	0.00	-110.49
352.10	740.01	0.00	-114.06
352.20	664.16	0.00	-117.10
352.30	585.65	0.00	-119.59
352.40	504.78	0.00	-121.51
352.50	421.86	0.00	-122.86
352.60	337.21	0.00	-123.64
352.70	251.18	0.00	-123.83
352.80	164.15	0.00	-123.45
352.90	76.48	0.00	-122.50
353.00	-11.44	0.00	-120.98
353.10	-99.19	0.00	-118.91
353.20	-186.38	0.00	-116.30
353.30	-272.60	0.00	-113.16
353.40	-357.42	0.00	-109.52
353.50	-440.44	0.00	-105.39
353.60	-521.24	0.00	-100.81
353.70	-599.42	0.00	-95.81
353.80	-674.59	0.00	-90.40
353.90	-746.37	0.00	-84.63
354.00	-814.39	0.00	-78.52
354.10	-878.31	0.00	-72.12
354.20	-937.82	0.00	-65.46
354.30	-992.60	0.00	-58.57
354.40	-1042.41	0.00	-51.51
354.50	-1087.00	0.00	-44.30
354.60	-1126.15	0.00	-36.98
354.70	-1159.71	0.00	-29.60
354.80	-1187.53	0.00	-22.20
354.90	-1209.51	0.00	-14.81
355.00	-1225.59	0.00	-7.47
355.10	-1235.73	0.00	-0.23
355.20	-1239.95	0.00	6.90
355.30	-1238.28	0.00	13.86
355.40	-1231.76	0.00	20.64
355.50	-1221.07	0.00	27.19
355.60	-1206.31	0.00	33.50
355.70	-1187.58	0.00	39.53
355.80	-1164.98	0.00	45.27
355.90	-1138.62	0.00	50.69
356.00	-1108.61	0.00	55.78
356.10	-1075.08	0.00	60.51
356.20	-1038.17	0.00	64.89
356.30	-997.99	0.00	68.90
356.40	-954.70	0.00	72.54
356.50	-908.44	0.00	75.79
356.60	-859.36	0.00	78.67
356.70	-807.63	0.00	81.17
356.80	-753.40	0.00	83.30
356.90	-696.85	0.00	85.06
357.00	-638.14	0.00	86.47
357.10	-577.47	0.00	87.53
357.20	-515.01	0.00	88.26
357.30	-450.95	0.00	88.67
357.40	-385.49	0.00	88.77
357.50	-318.83	0.00	88.59
357.60	-251.16	0.00	88.14
357.70	-182.70	0.00	87.43
357.80	-113.65	0.00	86.49
357.90	-44.22	0.00	85.33
358.00	25.38	0.00	83.98
358.10	94.93	0.00	82.44
358.20	164.21	0.00	80.74
358.30	233.01	0.00	78.88
358.40	301.11	0.00	76.89
358.50	368.29	0.00	74.78
358.60	434.34	0.00	72.56
358.70	499.03	0.00	70.24
358.80	562.16	0.00	67.83
358.90	623.51	0.00	65.33
359.00	682.86	0.00	62.75
359.10	740.02	0.00	60.10
359.20	794.77	0.00	57.37
359.30	846.92	0.00	54.57
359.40	896.26	0.00	51.70
359.50	942.61	0.00	48.75
359.60	985.77	0.00	45.71
359.70	1025.56	0.00	42.59
359.80	1061.82	0.00	39.37
359.90	1094.37	0.00	36.05
360.00	1123.05	0.00	32.63
360.10	1147.72	0.00	29.09
360.20	1168.23	0.00	25.42
360.30	1184.46	0.00	21.62
360.40	1196.29	0.00	17.69
360.50	1203.86	0.00	13.60
360.60	1208.19	0.00	9.37
360.70	1209.34	0.00	4.99
360.80	1207.24	0.00	0.45
360.90	1201.82	0.00	-4.25
361.00	1193.01	0.00	-9.11
361.10	1180.72	0.00	-14.12
361.20	1164.89	0.00	-19.27
361.30	1145.44	0.00	-24.56
361.40	1122.29	0.00	-29.97
361.50	1095.38	0.00	-35.50
361.60	1064.66	0.00	-41.12
361.70	1030.06	0.00	-46.82
361.80	991.56	0.00	-52.56
361.90	949.12	0.00	-58.34
362.00	902.74	0.00	-64.11
362.10	852.41	0.00	-69.84
362.20	798.16	0.00	-75.51
362.30	740.04	0.00	-81.08
362.40	678.11	0.00	-86.52
362.50	612.48	0.00	-91.77
362.60	543.27	0.00	-96.81
362.70	470.62	0.00	-101.58
362.80	394.72	0.00	-106.06
362.90	315.80	0.00	-110.20
363.00	234.08	0.00	-113.95
363.10	149.86	0.00	-117.27
363.20	63.44	0.00	-120.14
363.30	-24.82	0.00	-122.50
363.40	-114.56	0.00	-124.32
363.50	-205.35	0.00	-125.56
363.60	-296.77	0.00	-126.21
363.70	-388.34	0.00	-126.22
363.80	-479.59	0.00	-125.57
363.90	-569.99	0.00	-124.25
364.00	-659.02	0.00	-122.24
364.10	-746.15	0.00	-119.52
364.20	-830.81	0.00	-116.10
364.30	-912.46	0.00	-111.96
364.40	-990.55	0.00	-107.11
364.50	-1064.51	0.00	-101.57
364.60	-1133.83	0.00	-95.35
364.70	-1197.98	0.00	-88.47
364.80	-1256.46	0.00	-80.95
364.90	-1308.81	0.00	-72.82
365.00	-1354.59	0.00	-64.14
365.10	-1393.41	0.00	-54.93
365.20	-1424.92	0.00	-45.24
365.30	-1448.81	0.00	-35.13
365.40	-1464.84	0.00	-24.65
365.50	-1472.81	0.00	-13.86
365.60	-1472.92	0.00	-2.83
365.70	-1466.75	0.00	8.38
365.80	-1454.47	0.00	19.69
365.90	-1436.03	0.00	31.04
366.00	-1411.42	0.00	42.35
366.10	-1380.65	0.00	53.55
366.20	-1343.76	0.00	64.57
366.30	-1300.80	0.00	75.32
366.40	-1251.86	0.00	85.74
366.50	-1197.06	0.00	95.75
366.60	-1136.55	0.00	105.28
366.70	-1070.52	0.00	114.28
366.80	-999.18	0.00	122.66
366.90	-922.78	0.00	130.37
367.00	-841.63	0.00	137.36
367.10	-756.05	0.00	143.57
367.20	-666.40	0.00	148.95
367.30	-573.09	0.00	153.47
367.40	-476.57	0.00	157.09
367.50	-377.31	0.00	159.78
367.60	-275.82	0.00	161.51
367.70	-172.65	0.00	162.28
367.80	-68.37	0.00	162.07
367.90	36.43	0.00	160.87
368.00	141.13	0.00	158.70
368.10	245.09	0.00	155.56
368.20	347.66	0.00	151.48
368.30	448.19	0.00	146.47
368.40	546.04	0.00	140.57
368.50	640.54	0.00	133.82
368.60	731.07	0.00	126.25
368.70	817.02	0.00	117.93
368.80	897.78	0.00	108.89
368.90	972.80	0.00	99.21
369.00	1041.54	0.00	88.94
369.10	1103.54	0.00	78.15
369.20	1158.35	0.00	66.92
369.30	1205.60	0.00	55.31
369.40	1244.95	0.00	43.40
369.50	1276.15	0.00	31.27
369.60	1299.00	0.00	19.00
369.70	1313.35	0.00	6.67
369.80	1319.14	0.00	-5.65
369.90	1316.38	0.00	-17.88
370.00	1305.13	0.00	-29.93
370.10	1285.61	0.00	-41.73
370.20	1259.19	0.00	-53.22
370.30	1226.44	0.00	-64.31
370.40	1187.53	0.00	-74.94
370.50	1142.67	0.00	-85.04
370.60	1092.08	0.00	-94.56
370.70	1036.00	0.00	-103.44
370.80	974.73	0.00	-111.63
370.90	908.57	0.00	-119.08
371.00	837.85	0.00	-125.76
371.10	762.92	0.00	-131.61
371.20	684.19	0.00	-136.63
371.30	602.05	0.00	-140.77
371.40	516.96	0.00	-144.03
371.50	429.36	0.00	-146.39
371.60	339.75	0.00	-147.85
371.70	248.63	0.00	-148.40
371.80	156.51	0.00	-148.05
371.90	63.94	0.00	-146.80
372.00	-28.54	0.00	-144.69
372.10	-120.38	0.00	-141.72
372.20	-211.01	0.00	-137.93
372.30	-299.87	0.00	-133.34
372.40	-386.42	0.00	-128.00
372.50	-470.09	0.00	-121.94
372.60	-550.36	0.00	-115.20
372.70	-626.71	0.00	-107.84
372.80	-698.65	0.00	-99.90
372.90	-765.71	0.00	-91.44
373.00	-827.46	0.00	-82.51
373.10	-883.48	0.00	-73.17
373.20	-933.44	0.00	-63.49
373.30	-976.99	0.00	-53.52
373.40	-1013.89	0.00	-43.33
373.50	-1043.88	0.00	-32.97
373.60	-1066.82	0.00	-22.51
373.70	-1082.56	0.00	-12.01
373.80	-1091.04	0.00	-1.54
373.90	-1092.26	0.00	8.85
374.00	-1086.93	0.00	19.09
374.10	-1075.64	0.00	29.14
374.20	-1058.49	0.00	38.92
374.30	-1035.58	0.00	48.40
374.40	-1007.04	0.00	57.52
374.50	-973.03	0.00	66.23
374.60	-933.72	0.00	74.49
374.70	-889.30	0.00	82.25
374.80	-840.01	0.00	89.48
374.90	-786.06	0.00	96.14
375.00	-727.74	0.00	102.20
375.10	-665.31	0.00	107.64
375.20	-599.08	0.00	112.43
375.30	-529.38	0.00	116.55
375.40	-456.55	0.00	119.99
375.50	-380.95	0.00	122.74
375.60	-302.98	0.00	124.79
375.70	-223.02	0.00	126.13
375.80	-141.50	0.00	126.77
375.90	-58.84	0.00	126.72
376.00	24.51	0.00	125.98
376.10	108.10	0.00	124.57
376.20	191.47	0.00	122.49
376.30	274.16	0.00	119.78
376.40	355.70	0.00	116.46
376.50	435.63	0.00	112.54
376.60	513.50	0.00	108.07
376.70	588.84	0.00	103.06
376.80	661.22	0.00	97.57
376.90	730.23	0.00	91.61
377.00	795.44	0.00	85.24
377.10	856.47	0.00	78.49
377.20	912.98	0.00	71.40
377.30	964.62	0.00	64.02
377.40	1011.09	0.00	56.39
377.50	1052.13	0.00	48.55
377.60	1087.50	0.00	40.55
377.70	1117.00	0.00	32.43
377.80	1140.48	0.00	24.24
377.90	1157.82	0.00	16.03
378.00	1169.63	0.00	7.82
378.10	1176.59	0.00	-0.32
378.20	1178.72	0.00	-8.36
378.30	1176.03	0.00	-16.27
378.40	1168.59	0.00	-23.99
378.50	1156.43	0.00	-31.51
378.60	1139.64	0.00	-38.77
378.70	1118.28	0.00	-45.76
378.80	1092.44	0.00	-52.43
378.90	1062.24	0.00	-58.77
379.00	1027.78	0.00	-64.74
379.10	989.20	0.00	-70.33
379.20	946.63	0.00	-75.52
379.30	900.21	0.00	-80.28
379.40	850.12	0.00	-84.62
379.50	796.53	0.00	-88.51
379.60	739.63	0.00	-91.95
379.70	679.61	0.00	-94.93
379.80	616.68	0.00	-97.45
379.90	551.07	0.00	-99.52
380.00	483.01	0.00	-101.13
380.10	412.74	0.00	-102.29
380.20	340.52	0.00	-103.01
380.30	266.61	0.00	-103.29
380.40	191.29	0.00	-103.16
380.50	114.84	0.00	-102.62
380.60	37.54	0.00	-101.69
380.70	-40.32	0.00	-100.39
380.80	-118.42	0.00	-98.74
380.90	-196.49	0.00	-96.75
381.00	-274.20	0.00	-94.45
381.10	-351.26	0.00	-91.86
381.20	-427.37	0.00	-88.99
381.30	-502.22	0.00	-85.88
381.40	-575.51	0.00	-82.54
381.50	-646.97	0.00	-79.00
381.60	-716.30	0.00	-75.28
381.70	-783.22	0.00	-71.40
381.80	-847.48	0.00	-67.38
381.90	-908.81	0.00	-63.24
382.00	-966.98	0.00	-59.00
382.10	-1021.75	0.00	-54.68
382.20	-1072.90	0.00	-50.30
382.30	-1120.23	0.00	-45.87
382.40	-1163.57	0.00	-41.40
382.50	-1202.73	0.00	-36.92
382.60	-1237.57	0.00	-32.43
382.70	-1267.96	0.00	-27.94
382.80	-1293.77	0.00	-23.46
382.90	-1314.91	0.00	-19.00
383.00	-1331.30	0.00	-14.57
383.10	-1343.25	0.00	-10.17
383.20	-1352.08	0.00	-5.81
383.30	-1357.90	0.00	-1.49
383.40	-1360.72	0.00	2.79
383.50	-1360.52	0.00	7.03
383.60	-1357.31	0.00	11.23
383.70	-1351.05	0.00	15.38
383.80	-1341.74	0.00	19.50
383.90	-1329.35	0.00	23.57
384.00	-1313.84	0.00	27.61
384.10	-1295.19	0.00	31.60
384.20	-1273.36	0.00	35.57
384.30	-1248.31	0.00	39.50
384.40	-1220.00	0.00	43.39
384.50	-1188.40	0.00	47.26
384.60	-1153.45	0.00	51.09
384.70	-1115.13	0.00	54.89
384.80	-1073.40	0.00	58.65
384.90	-1028.23	0.00	62.37
385.00	-979.59	0.00	66.06
385.10	-927.47	0.00	69.69
385.20	-871.87	0.00	73.27
385.30	-812.77	0.00	76.80
385.40	-750.22	0.00	80.25
385.50	-684.22	0.00	83.62
385.60	-614.84	0.00	86.90
385.70	-542.13	0.00	90.08
385.80	-466.19	0.00	93.13
385.90	-387.11	0.00	96.06
386.00	-305.02	0.00	98.83
386.10	-220.09	0.00	101.44
386.20	-132.47	0.00	103.86
386.30	-42.38	0.00	106.08
386.40	49.97	0.00	108.07
386.50	144.31	0.00	109.82
386.60	240.36	0.00	111.31
386.70	337.82	0.00	112.51
386.80	436.35	0.00	113.40
386.90	535.60	0.00	113.97
387.00	635.17	0.00	114.19
387.10	734.67	0.00	114.05
387.20	833.65	0.00	113.53
387.30	931.67	0.00	112.61
387.40	1028.26	0.00	111.28
387.50	1122.94	0.00	109.51
387.60	1215.21	0.00	107.31
387.70	1304.57	0.00	104.66
387.80	1390.51	0.00	101.54
387.90	1472.51	0.00	97.97
388.00	1550.06	0.00	93.92
388.10	1622.67	0.00	89.41
388.20	1689.83	0.00	84.42
388.30	1751.08	0.00	78.98
388.40	1805.95	0.00	73.08
388.50	1854.00	0.00	66.73
388.60	1894.83	0.00	59.96
388.70	1928.07	0.00	52.76
388.80	1954.48	0.00	45.17
388.90	1976.47	0.00	37.21
389.00	1994.01	0.00	28.89
389.10	2006.93	0.00	20.25
389.20	2015.08	0.00	11.32
389.30	2018.28	0.00	2.12
389.40	2016.36	0.00	-7.30
389.50	2009.15	0.00	-16.90
389.60	1996.46	0.00	-26.66
389.70	1978.13	0.00	-36.53
389.80	1953.97	0.00	-46.46
389.90	1923.82	0.00	-56.42
390.00	1887.51	0.00	-66.35
390.10	1844.89	0.00	-76.22
390.20	1795.82	0.00	-85.97
390.30	1740.18	0.00	-95.56
390.40	1677.86	0.00	-104.94
390.50	1608.78	0.00	-114.07
390.60	1532.90	0.00	-122.90
390.70	1450.19	0.00	-131.38
390.80	1360.66	0.00	-139.48
390.90	1264.37	0.00	-147.15
391.00	1161.41	0.00	-154.34
391.10	1051.92	0.00	-161.02
391.20	936.09	0.00	-167.14
391.30	814.16	0.00	-172.69
391.40	686.41	0.00	-177.61
391.50	553.19	0.00	-181.89
391.60	414.90	0.00	-185.49
391.70	271.99	0.00	-188.39
391.80	124.97	0.00	-190.57
391.90	-25.59	0.00	-192.01
392.00	-179.07	0.00	-192.69
392.10	-334.82	0.00	-192.61
392.20	-492.12	0.00	-191.75
392.30	-650.20	0.00	-190.11
392.40	-808.27	0.00	-187.69
392.50	-965.50	0.00	-184.49
392.60	-1121.03	0.00	-180.52
392.70	-1273.98	0.00	-175.78
392.80	-1423.45	0.00	-170.29
392.90	-1568.53	0.00	-164.06
393.00	-1708.32	0.00	-157.11
393.10	-1841.91	0.00	-149.46
393.20	-1968.43	0.00	-141.14
393.30	-2087.00	0.00	-132.18
393.40	-2196.81	0.00	-122.60
393.50	-2297.06	0.00	-112.44
393.60	-2387.01	0.00	-101.74
393.70	-2465.97	0.00	-90.52
393.80	-2533.31	0.00	-78.84
393.90	-2588.49	0.00	-66.73
394.00	-2631.01	0.00	-54.24
394.10	-2660.48	0.00	-41.41
394.20	-2678.78	0.00	-28.30
394.30	-2690.65	0.00	-14.94
394.40	-2696.15	0.00	-1.39
394.50	-2695.17	0.00	12.29
394.60	-2687.56	0.00	26.07
394.70	-2673.15	0.00	39.87
394.80	-2651.78	0.00	53.66
394.90	-2623.25	0.00	67.38
395.00	-2587.37	0.00	80.98
395.10	-2543.95	0.00	94.39
395.20	-2492.79	0.00	107.57
395.30	-2433.69	0.00	120.46
395.40	-2366.47	0.00	133.01
395.50	-2290.98	0.00	145.17
395.60	-2207.06	0.00	156.88
395.70	-2114.61	0.00	168.10
395.80	-2013.55	0.00	178.77
395.90	-1903.84	0.00	188.85
396.00	-1785.51	0.00	198.29
396.10	-1658.61	0.00	207.04
396.20	-1523.29	0.00	215.07
396.30	-1379.73	0.00	222.32
396.40	-1228.20	0.00	228.76
396.50	-1069.05	0.00	234.36
396.60	-902.68	0.00	239.07
396.70	-729.60	0.00	242.88
396.80	-550.39	0.00	245.74
396.90	-365.70	0.00	247.65
397.00	-176.28	0.00	248.56
397.10	17.06	0.00	248.47
397.20	213.43	0.00	247.36
397.30	411.86	0.00	245.23
397.40	611.33	0.00	242.06
397.50	810.75	0.00	237.86
397.60	1009.00	0.00	232.62
397.70	1204.88	0.00	226.35
397.80	1397.21	0.00	219.07
397.90	1584.76	0.00	210.79
398.00	1766.28	0.00	201.54
398.10	1940.55	0.00	191.33
398.20	2106.36	0.00	180.20
398.30	2262.50	0.00	168.19
398.40	2407.84	0.00	155.34
398.50	2541.28	0.00	141.68
398.60	2661.79	0.00	127.28
398.70	2768.42	0.00	112.18
398.80	2860.30	0.00	96.45
398.90	2936.68	0.00	80.14
399.00	2996.88	0.00	63.33
399.10	3040.39	0.00	46.08
399.20	3066.78	0.00	28.47
399.30	3076.03	0.00	10.58
399.40	3074.59	0.00	-7.52
399.50	3065.15	0.00	-25.73
399.60	3047.62	0.00	-43.98
399.70	3021.86	0.00	-62.18
399.80	2987.71	0.00	-80.24
399.90	2945.01	0.00	-98.07
400.00	2893.59	0.00	-115.58
400.10	2833.27	0.00	-132.70
400.20	2763.89	0.00	-149.31
400.30	2685.28	0.00	-165.35
400.40	2597.33	0.00	-180.72
400.50	2499.91	0.00	-195.35
400.60	2392.97	0.00	-209.15
400.70	2276.48	0.00	-222.05
400.80	2150.47	0.00	-233.97
400.90	2015.06	0.00	-244.84
401.00	1870.39	0.00	-254.61
401.10	1716.73	0.00	-263.21
401.20	1554.39	0.00	-270.59
401.30	1383.80	0.00	-276.71
401.40	1205.45	0.00	-281.52
401.50	1019.97	0.00	-284.99
401.60	828.03	0.00	-287.09
401.70	630.42	0.00	-287.81
401.80	428.03	0.00	-287.14
401.90	221.82	0.00	-285.06
402.00	12.84	0.00	-281.59
402.10	-197.79	0.00	-276.74
402.20	-408.89	0.00	-270.52
402.30	-619.22	0.00	-262.96
402.40	-827.50	0.00	-254.11
402.50	-1032.41	0.00	-244.00
402.60	-1232.62	0.00	-232.68
402.70	-1426.80	0.00	-220.21
402.80	-1613.62	0.00	-206.66
402.90	-1791.79	0.00	-192.10
403.00	-1960.05	0.00	-176.60
403.10	-2117.20	0.00	-160.25
403.20	-2262.12	0.00	-143.13
403.30	-2393.76	0.00	-125.35
403.40	-2511.16	0.00	-106.99
403.50	-2613.50	0.00	-88.16
403.60	-2700.05	0.00	-68.95
403.70	-2770.21	0.00	-49.49
403.80	-2823.52	0.00	-29.86
403.90	-2859.66	0.00	-10.19
404.00	-2878.46	0.00	9.42
404.10	-2879.89	0.00	28.87
404.20	-2864.05	0.00	48.04
404.30	-2834.14	0.00	66.83
404.40	-2795.62	0.00	85.15
404.50	-2748.70	0.00	102.88
404.60	-2693.46	0.00	119.94
404.70	-2630.02	0.00	136.24
404.80	-2558.47	0.00	151.69
404.90	-2478.93	0.00	166.22
405.00	-2391.52	0.00	179.74
405.10	-2296.40	0.00	192.19
405.20	-2193.74	0.00	203.52
405.30	-2083.74	0.00	213.67
405.40	-1966.66	0.00	222.59
405.50	-1842.77	0.00	230.26
405.60	-1712.40	0.00	236.64
405.70	-1575.94	0.00	241.70
405.80	-1433.82	0.00	245.45
405.90	-1286.51	0.00	247.88
406.00	-1134.56	0.00	248.99
406.10	-978.56	0.00	248.79
406.20	-819.15	0.00	247.31
406.30	-657.03	0.00	244.58
406.40	-492.92	0.00	240.62
406.50	-327.60	0.00	235.48
406.60	-161.89	0.00	229.22
406.70	3.37	0.00	221.89
406.80	167.33	0.00	213.54
406.90	329.10	0.00	204.25
407.00	487.80	0.00	194.09
407.10	642.57	0.00	183.13
407.20	792.54	0.00	171.45
407.30	936.86	0.00	159.12
407.40	1074.73	0.00	146.24
407.50	1205.36	0.00	132.89
407.60	1328.05	0.00	119.15
407.70	1442.10	0.00	105.11
407.80	1546.93	0.00	90.85
407.90	1641.97	0.00	76.46
408.00	1726.77	0.00	62.01
408.10	1800.93	0.00	47.60
408.20	1864.13	0.00	33.30
408.30	1916.16	0.00	19.17
408.40	1956.87	0.00	5.30
408.50	1986.19	0.00	-8.24
408.60	2004.16	0.00	-21.41
408.70	2010.88	0.00	-34.13
408.80	2006.53	0.00	-46.36
408.90	1991.38	0.00	-58.04
409.00	1965.76	0.00	-69.13
409.10	1930.07	0.00	-79.59
409.20	1886.23	0.00	-89.39
409.30	1836.82	0.00	-98.50
409.40	1782.13	0.00	-106.89
409.50	1722.40	0.00	-114.56
409.60	1657.91	0.00	-121.47
409.70	1588.89	0.00	-127.64
409.80	1515.63	0.00	-133.04
409.90	1438.38	0.00	-137.69
410.00	1357.43	0.00	-141.59
410.10	1273.07	0.00	-144.74
410.20	1185.58	0.00	-147.15
410.30	1095.28	0.00	-148.85
410.40	1002.48	0.00	-149.84
410.50	907.52	0.00	-150.16
410.60	810.72	0.00	-149.81
410.70	712.44	0.00	-148.84
410.80	613.05	0.00	-147.25
410.90	512.90	0.00	-145.09
411.00	412.39	0.00	-142.38
411.10	311.89	0.00	-139.14
411.20	211.80	0.00	-135.42
411.30	112.52	0.00	-131.23
411.40	14.44	0.00	-126.62
411.50	-82.04	0.00	-121.62
411.60	-176.53	0.00	-116.24
411.70	-268.63	0.00	-110.54
411.80	-357.95	0.00	-104.53
411.90	-444.13	0.00	-98.24
412.00	-526.81	0.00	-91.71
412.10	-605.64	0.00	-84.97
412.20	-680.28	0.00	-78.04
412.30	-750.43	0.00	-70.95
412.40	-815.81	0.00	-63.73
412.50	-876.15	0.00	-56.41
412.60	-931.21	0.00	-49.01
412.70	-980.78	0.00	-41.56
412.80	-1024.68	0.00	-34.09
412.90	-1062.76	0.00	-26.61
413.00	-1094.91	0.00	-19.16
413.10	-1121.05	0.00	-11.75
413.20	-1141.10	0.00	-4.42
413.30	-1155.07	0.00	2.82
413.40	-1162.97	0.00	9.94
413.50	-1164.83	0.00	16.91
413.60	-1160.76	0.00	23.73
413.70	-1150.85	0.00	30.36
413.80	-1135.25	0.00	36.78
413.90	-1114.13	0.00	42.98
414.00	-1087.71	0.00	48.92
414.10	-1056.92	0.00	54.60
414.20	-1022.39	0.00	59.99
414.30	-984.29	0.00	65.07
414.40	-942.78	0.00	69.83
414.50	-898.03	0.00	74.25
414.60	-850.23	0.00	78.31
414.70	-799.57	0.00	81.99
414.80	-746.25	0.00	85.29
414.90	-690.48	0.00	88.20
415.00	-632.50	0.00	90.69
415.10	-572.52	0.00	92.77
415.20	-510.80	0.00	94.42
415.30	-447.59	0.00	95.65
415.40	-383.16	0.00	96.44
415.50	-317.78	0.00	96.79
415.60	-251.74	0.00	96.70
415.70	-185.32	0.00	96.18
415.80	-118.82	0.00	95.23
415.90	-52.54	0.00	93.86
416.00	13.20	0.00	92.06
416.10	78.11	0.00	89.87
416.20	141.87	0.00	87.27
416.30	204.17	0.00	84.29
416.40	264.72	0.00	80.95
416.50	323.21	0.00	77.26
416.60	379.35	0.00	73.24
416.70	432.87	0.00	68.91
416.80	483.48	0.00	64.29
416.90	530.93	0.00	59.41
417.00	574.98	0.00	54.28
417.10	615.41	0.00	48.94
417.20	652.01	0.00	43.41
417.30	684.59	0.00	37.71
417.40	712.99	0.00	31.88
417.50	737.07	0.00	25.94
417.60	756.72	0.00	19.92
417.70	771.84	0.00	13.84
417.80	782.37	0.00	7.73
417.90	788.27	0.00	1.63
418.00	789.53	0.00	-4.45
418.10	786.16	0.00	-10.47
418.20	778.35	0.00	-16.42
418.30	766.58	0.00	-22.26
418.40	750.98	0.00	-27.98
418.50	731.59	0.00	-33.54
418.60	708.51	0.00	-38.93
418.70	681.83	0.00	-44.12
418.80	651.66	0.00	-49.11
418.90	618.12	0.00	-53.85
419.00	581.34	0.00	-58.35
419.10	541.46	0.00	-62.57
419.20	498.64	0.00	-66.51
419.30	453.05	0.00	-70.15
419.40	404.88	0.00	-73.48
419.50	354.32	0.00	-76.48
419.60	301.57	0.00	-79.15
419.70	246.86	0.00	-81.47
419.80	190.43	0.00	-83.44
419.90	132.51	0.00	-85.04
420.00	73.37	0.00	-86.28
420.10	13.28	0.00	-87.14
420.20	-47.48	0.00	-87.62
420.30	-108.63	0.00	-87.72
420.40	-169.87	0.00	-87.44
420.50	-230.89	0.00	-86.77
420.60	-291.38	0.00	-85.72
420.70	-351.02	0.00	-84.29
420.80	-409.50	0.00	-82.48
420.90	-466.49	0.00	-80.29
421.00	-521.68	0.00	-77.74
421.10	-574.74	0.00	-74.82
421.20	-625.36	0.00	-71.54
421.30	-673.23	0.00	-67.92
421.40	-718.05	0.00	-63.96
421.50	-759.54	0.00	-59.67
421.60	-797.42	0.00	-55.07
421.70	-831.43	0.00	-50.18
421.80	-861.32	0.00	-45.00
421.90	-886.86	0.00	-39.56
422.00	-908.05	0.00	-33.87
422.10	-925.32	0.00	-27.96
422.20	-938.60	0.00	-21.84
422.30	-947.78	0.00	-15.53
422.40	-952.77	0.00	-9.07
422.50	-953.48	0.00	-2.47
422.60	-949.84	0.00	4.23
422.70	-941.78	0.00	11.02
422.80	-929.26	0.00	17.87
422.90	-912.22	0.00	24.74
423.00	-890.65	0.00	31.60
423.10	-864.53	0.00	38.44
423.20	-833.86	0.00	45.21
423.30	-798.67	0.00	51.88
423.40	-758.98	0.00	58.44
423.50	-714.86	0.00	64.83
423.60	-666.38	0.00	71.04
423.70	-613.63	0.00	77.03
423.80	-556.74	0.00	82.77
423.90	-495.84	0.00	88.24
424.00	-431.10	0.00	93.39
424.10	-362.72	0.00	98.21
424.20	-290.90	0.00	102.67
424.30	-215.90	0.00	106.74
424.40	-137.98	0.00	110.39
424.50	-57.45	0.00	113.60
424.60	25.38	0.00	116.35
424.70	110.16	0.00	118.62
424.80	196.49	0.00	120.38
424.90	284.00	0.00	121.63
425.00	372.24	0.00	122.34
425.10	460.77	0.00	122.51
425.20	549.12	0.00	122.12
425.30	636.82	0.00	121.15
425.40	723.36	0.00	119.62
425.50	808.23	0.00	117.50
425.60	890.91	0.00	114.80
425.70	970.88	0.00	111.52
425.80	1047.60	0.00	107.67
425.90	1120.57	0.00	103.24
426.00	1189.27	0.00	98.24
426.10	1253.18	0.00	92.69
426.20	1311.83	0.00	86.60
426.30	1364.73	0.00	79.98
426.40	1411.46	0.00	72.86
426.50	1451.60	0.00	65.25
426.60	1484.87	0.00	57.18
426.70	1512.56	0.00	48.68
426.80	1535.01	0.00	39.77
426.90	1552.03	0.00	30.48
427.00	1563.45	0.00	20.86
427.10	1569.10	0.00	10.93
427.20	1568.81	0.00	0.74
427.30	1562.43	0.00	-9.68
427.40	1549.80	0.00	-20.26
427.50	1530.80	0.00	-30.99
427.60	1505.30	0.00	-41.79
427.70	1473.19	0.00	-52.63
427.80	1434.38	0.00	-63.44
427.90	1388.79	0.00	-74.19
428.00	1336.38	0.00	-84.81
428.10	1277.13	0.00	-95.24
428.20	1211.05	0.00	-105.44
428.30	1138.16	0.00	-115.34
428.40	1058.55	0.00	-124.88
428.50	972.34	0.00	-134.02
428.60	879.68	0.00	-142.68
428.70	780.78	0.00	-150.82
428.80	675.89	0.00	-158.38
428.90	565.32	0.00	-165.30
429.00	449.43	0.00	-171.54
429.10	328.62	0.00	-177.04
429.20	203.37	0.00	-181.76
429.30	74.21	0.00	-185.65
429.40	-58.29	0.00	-188.67
429.50	-193.50	0.00	-190.79
429.60	-330.73	0.00	-191.97
429.70	-469.24	0.00	-192.18
429.80	-608.27	0.00	-191.41
429.90	-746.98	0.00	-189.63
430.00	-884.53	0.00	-186.83
430.10	-1020.04	0.00	-183.00
430.20	-1152.61	0.00	-178.15
430.30	-1281.33	0.00	-172.28
430.40	-1405.27	0.00	-165.41
430.50	-1523.52	0.00	-157.54
430.60	-1635.19	0.00	-148.72
430.70	-1739.39	0.00	-138.96
430.80	-1835.28	0.00	-128.31
430.90	-1922.05	0.00	-116.82
431.00	-1998.97	0.00	-104.53
431.10	-2065.33	0.00	-91.50
431.20	-2120.51	0.00	-77.80
431.30	-2163.98	0.00	-63.50
431.40	-2195.28	0.00	-48.67
431.50	-2215.52	0.00	-33.39
431.60	-2227.85	0.00	-17.74
431.70	-2232.27	0.00	-1.81
431.80	-2228.63	0.00	14.31
431.90	-2216.81	0.00	30.53
432.00	-2196.71	0.00	46.74
432.10	-2168.22	0.00	62.86
432.20	-2131.26	0.00	78.80
432.30	-2085.76	0.00	94.44
432.40	-2031.68	0.00	109.70
432.50	-1969.00	0.00	124.47
432.60	-1897.74	0.00	138.68
432.70	-1817.95	0.00	152.23
432.80	-1729.72	0.00	165.03
432.90	-1633.19	0.00	177.00
433.00	-1528.53	0.00	188.07
433.10	-1416.00	0.00	198.16
433.20	-1295.88	0.00	207.21
433.30	-1168.54	0.00	215.16
433.40	-1034.39	0.00	221.96
433.50	-893.93	0.00	227.56
433.60	-747.70	0.00	231.94
433.70	-596.32	0.00	235.05
433.80	-440.47	0.00	236.88
433.90	-280.90	0.00	237.42
434.00	-118.41	0.00	236.67
434.10	46.15	0.00	234.63
434.20	211.87	0.00	231.31
434.30	377.81	0.00	226.74
434.40	542.98	0.00	220.95
434.50	706.39	0.00	213.97
434.60	867.02	0.00	205.86
434.70	1023.83	0.00	196.66
434.80	1175.79	0.00	186.44
434.90	1321.92	0.00	175.26
435.00	1461.21	0.00	163.19
435.10	1592.72	0.00	150.32
435.20	1715.55	0.00	136.72
435.30	1828.86	0.00	122.47
435.40	1931.86	0.00	107.68
435.50	2023.85	0.00	92.42
435.60	2104.22	0.00	76.80
435.70	2172.42	0.00	60.90
435.80	2228.02	0.00	44.83
435.90	2270.69	0.00	28.68
436.00	2300.19	0.00	12.54
436.10	2316.40	0.00	-3.50
436.20	2319.29	0.00	-19.34
436.30	2309.38	0.00	-34.90
436.40	2290.85	0.00	-50.09
436.50	2264.84	0.00	-64.83
436.60	2231.47	0.00	-79.04
436.70	2190.87	0.00	-92.66
436.80	2143.18	0.00	-105.60
436.90	2088.56	0.00	-117.83
437.00	2027.16	0.00	-129.26
437.10	1959.16	0.00	-139.87
437.20	1884.75	0.00	-149.60
437.30	1804.12	0.00	-158.42
437.40	1717.53	0.00	-166.29
437.50	1625.21	0.00	-173.19
437.60	1527.44	0.00	-179.10
437.70	1424.54	0.00	-184.02
437.80	1316.84	0.00	-187.92
437.90	1204.69	0.00	-190.83
438.00	1088.51	0.00	-192.73
438.10	968.71	0.00	-193.65
438.20	845.75	0.00	-193.60
438.30	720.12	0.00	-192.60
438.40	592.33	0.00	-190.69
438.50	462.91	0.00	-187.88
438.60	332.43	0.00	-184.23
438.70	201.47	0.00	-179.76
438.80	70.62	0.00	-174.53
438.90	-59.52	0.00	-168.58
439.00	-188.34	0.00	-161.96
439.10	-315.22	0.00	-154.72
439.20	-439.56	0.00	-146.91
439.30	-560.75	0.00	-138.60
439.40	-678.21	0.00	-129.83
439.50	-791.37	0.00	-120.66
439.60	-899.70	0.00	-111.16
439.70	-1002.66	0.00	-101.37
439.80	-1099.79	0.00	-91.36
439.90	-1190.64	0.00	-81.19
440.00	-1274.80	0.00	-70.90
440.10	-1351.92	0.00	-60.56
440.20	-1421.68	0.00	-50.22
440.30	-1483.83	0.00	-39.94
440.40	-1538.16	0.00	-29.75
440.50	-1584.51	0.00	-19.71
440.60	-1622.77	0.00	-9.87
440.70	-1652.91	0.00	-0.28
440.80	-1674.92	0.00	9.04
440.90	-1688.86	0.00	18.04
441.00	-1694.83	0.00	26.68
441.10	-1693.01	0.00	34.94
441.20	-1683.58	0.00	42.77
441.30	-1666.80	0.00	50.16
441.40	-1642.97	0.00	57.09
441.50	-1614.05	0.00	63.52
441.60	-1581.35	0.00	69.45
441.70	-1545.07	0.00	74.86
441.80	-1505.40	0.00	79.74
441.90	-1462.56	0.00	84.08
442.00	-1416.74	0.00	87.89
442.10	-1368.14	0.00	91.14
442.20	-1316.97	0.00	93.86
442.30	-1263.43	0.00	96.04
442.40	-1207.72	0.00	97.70
442.50	-1150.05	0.00	98.84
442.60	-1090.60	0.00	99.47
442.70	-1029.60	0.00	99.62
442.80	-967.24	0.00	99.30
442.90	-903.72	0.00	98.54
443.00	-839.25	0.00	97.35
443.10	-774.01	0.00	95.76
443.20	-708.21	0.00	93.81
443.30	-642.05	0.00	91.51
443.40	-575.70	0.00	88.91
443.50	-509.35	0.00	86.03
443.60	-443.18	0.00	82.90
443.70	-377.35	0.00	79.57
443.80	-312.04	0.00	76.06
443.90	-247.39	0.00	72.41
444.00	-183.55	0.00	68.66
444.10	-120.64	0.00	64.83
444.20	-58.80	0.00	60.98
444.30	1.88	0.00	57.12
444.40	61.28	0.00	53.30
444.50	119.33	0.00	49.55
444.60	175.96	0.00	45.89
444.70	231.10	0.00	42.36
444.80	284.70	0.00	38.98
444.90	336.74	0.00	35.78
445.00	387.18	0.00	32.79
445.10	436.01	0.00	30.01
445.20	483.24	0.00	27.48
445.30	528.86	0.00	25.20
445.40	572.88	0.00	23.18
445.50	615.34	0.00	21.43
445.60	656.25	0.00	19.97
445.70	695.63	0.00	18.78
445.80	733.52	0.00	17.86
445.90	769.96	0.00	17.22
446.00	804.96	0.00	16.84
446.10	838.55	0.00	16.70
446.20	870.75	0.00	16.80
446.30	901.58	0.00	17.11
446.40	931.04	0.00	17.60
446.50	959.13	0.00	18.26
446.60	985.84	0.00	19.05
446.70	1011.13	0.00	19.94
446.80	1034.97	0.00	20.90
446.90	1057.32	0.00	21.89
447.00	1078.10	0.00	22.88
447.10	1097.23	0.00	23.82
447.20	1114.62	0.00	24.69
447.30	1130.16	0.00	25.43
447.40	1143.73	0.00	26.01
447.50	1155.61	0.00	26.39
447.60	1166.57	0.00	26.53
447.70	1176.54	0.00	26.39
447.80	1185.35	0.00	25.94
447.90	1192.87	0.00	25.15
448.00	1198.90	0.00	23.98
448.10	1203.27	0.00	22.40
448.20	1205.77	0.00	20.40
448.30	1206.19	0.00	17.96
448.40	1204.30	0.00	15.05
448.50	1199.86	0.00	11.66
448.60	1192.65	0.00	7.80
448.70	1182.41	0.00	3.45
448.80	1168.91	0.00	-1.37
448.90	1151.88	0.00	-6.66
449.00	1131.10	0.00	-12.40
449.10	1106.32	0.00	-18.58
449.20	1077.32	0.00	-25.16
449.30	1043.88	0.00	-32.12
449.40	1005.81	0.00	-39.41
449.50	962.92	0.00	-47.00
449.60	915.05	0.00	-54.84
449.70	862.08	0.00	-62.87
449.80	803.91	0.00	-71.04
449.90	740.46	0.00	-79.28
450.00	671.71	0.00	-87.54
450.10	597.67	0.00	-95.75
450.20	518.40	0.00	-103.83
450.30	433.99	0.00	-111.72
450.40	344.60	0.00	-119.34
450.50	250.42	0.00	-126.62
450.60	151.73	0.00	-133.48
450.70	48.84	0.00	-139.86
450.80	-57.90	0.00	-145.68
450.90	-168.04	0.00	-150.87
451.00	-281.12	0.00	-155.37
451.10	-396.58	0.00	-159.11
451.20	-513.83	0.00	-162.03
451.30	-632.24	0.00	-164.08
451.40	-751.11	0.00	-165.21
451.50	-869.72	0.00	-165.38
451.60	-987.28	0.00	-164.55
451.70	-1103.01	0.00	-162.68
451.80	-1216.06	0.00	-159.77
451.90	-1325.60	0.00	-155.79
452.00	-1430.77	0.00	-150.74
452.10	-1530.72	0.00	-144.62
452.20	-1624.59	0.00	-137.44
452.30	-1711.57	0.00	-129.21
452.40	-1790.84	0.00	-119.97
452.50	-1861.65	0.00	-109.75
452.60	-1923.26	0.00	-98.60
452.70	-1975.02	0.00	-86.56
452.80	-2016.32	0.00	-73.70
452.90	-2046.65	0.00	-60.09
453.00	-2067.06	0.00	-45.80
453.10	-2080.02	0.00	-30.90
453.20	-2085.33	0.00	-15.50
453.30	-2082.79	0.00	0.32
453.40	-2072.17	0.00	16.46
453.50	-2053.29	0.00	32.82
453.60	-2025.98	0.00	49.29
453.70	-1990.09	0.00	65.77
453.80	-1945.50	0.00	82.15
453.90	-1892.11	0.00	98.31
454.00	-1829.86	0.00	114.14
454.10	-1758.74	0.00	129.54
454.20	-1678.76	0.00	144.40
454.30	-1590.00	0.00	158.61
454.40	-1492.58	0.00	172.07
454.50	-1386.70	0.00	184.68
454.60	-1272.59	0.00	196.35
454.70	-1150.57	0.00	206.99
454.80	-1021.03	0.00	216.52
454.90	-884.42	0.00	224.87
455.00	-741.29	0.00	231.97
455.10	-592.23	0.00	237.76
455.20	-437.94	0.00	242.20
455.30	-279.18	0.00	245.24
455.40	-116.77	0.00	246.86
455.50	48.39	0.00	247.02
455.60	215.34	0.00	245.73
455.70	383.06	0.00	242.98
455.80	550.49	0.00	238.77
455.90	716.53	0.00	233.13
456.00	880.04	0.00	226.09
456.10	1039.89	0.00	217.68
456.20	1194.91	0.00	207.96
456.30	1343.96	0.00	196.97
456.40	1485.90	0.00	184.79
456.50	1619.65	0.00	171.48
456.60	1744.14	0.00	157.14
456.70	1858.38	0.00	141.83
456.80	1961.44	0.00	125.67
456.90	2052.49	0.00	108.76
457.00	2130.76	0.00	91.18
457.10	2195.60	0.00	73.06
457.20	2246.47	0.00	54.51
457.30	2282.94	0.00	35.65
457.40	2304.72	0.00	16.58
457.50	2311.61	0.00	-2.57
457.60	2304.20	0.00	-21.68
457.70	2286.60	0.00	-40.65
457.80	2259.58	0.00	-59.34
457.90	2223.21	0.00	-77.65
458.00	2177.54	0.00	-95.47
458.10	2122.65	0.00	-112.69
458.20	2058.67	0.00	-129.22
458.30	1985.73	0.00	-144.94
458.40	1903.98	0.00	-159.78
458.50	1813.64	0.00	-173.65
458.60	1714.92	0.00	-186.47
458.70	1608.13	0.00	-198.17
458.80	1493.57	0.00	-208.69
458.90	1371.63	0.00	-217.97
459.00	1242.74	0.00	-225.98
459.10	1107.38	0.00	-232.66
459.20	966.09	0.00	-237.99
459.30	819.47	0.00	-241.96
459.40	668.18	0.00	-244.55
459.50	512.93	0.00	-245.76
459.60	354.49	0.00	-245.59
459.70	193.68	0.00	-244.06
459.80	31.37	0.00	-241.19
459.90	-131.55	0.00	-237.02
460.00	-294.12	0.00	-231.57
460.10	-455.39	0.00	-224.90
460.20	-614.35	0.00	-217.06
460.30	-770.03	0.00	-208.11
460.40	-921.42	0.00	-198.10
460.50	-1067.53	0.00	-187.12
460.60	-1207.39	0.00	-175.23
460.70	-1340.07	0.00	-162.51
460.80	-1464.66	0.00	-149.04
460.90	-1580.32	0.00	-134.91
461.00	-1686.24	0.00	-120.21
461.10	-1781.71	0.00	-105.02
461.20	-1866.07	0.00	-89.43
461.30	-1938.76	0.00	-73.54
461.40	-1999.29	0.00	-57.43
461.50	-2047.28	0.00	-41.19
461.60	-2082.44	0.00	-24.92
461.70	-2104.57	0.00	-8.69
461.80	-2113.60	0.00	7.41
461.90	-2109.65	0.00	23.29
462.00	-2095.89	0.00	38.88
462.10	-2073.79	0.00	54.11
462.20	-2043.45	0.00	68.89
462.30	-2004.99	0.00	83.17
462.40	-1958.53	0.00	96.88
462.50	-1904.19	0.00	109.96
462.60	-1842.13	0.00	122.35
462.70	-1772.51	0.00	134.02
462.80	-1695.49	0.00	144.91
462.90	-1611.28	0.00	154.99
463.00	-1520.11	0.00	164.22
463.10	-1422.21	0.00	172.58
463.20	-1317.88	0.00	180.03
463.30	-1207.42	0.00	186.57
463.40	-1091.18	0.00	192.17
463.50	-969.54	0.00	196.83
463.60	-842.94	0.00	200.55
463.70	-711.82	0.00	203.32
463.80	-576.70	0.00	205.15
463.90	-438.12	0.00	206.04
464.00	-296.65	0.00	206.01
464.10	-152.93	0.00	205.07
464.20	-7.60	0.00	203.25
464.30	138.65	0.00	200.55
464.40	285.10	0.00	197.02
464.50	431.00	0.00	192.67
464.60	575.60	0.00	187.53
464.70	718.11	0.00	181.63
464.80	857.76	0.00	175.02
464.90	993.74	0.00	167.71
465.00	1125.26	0.00	159.76
465.10	1251.56	0.00	151.19
465.20	1371.85	0.00	142.05
465.30	1485.41	0.00	132.37
465.40	1591.51	0.00	122.20
465.50	1689.49	0.00	111.57
465.60	1778.70	0.00	100.54
465.70	1858.55	0.00	89.14
465.80	1928.52	0.00	77.41
465.90	1988.13	0.00	65.39
466.00	2036.97	0.00	53.14
466.10	2074.70	0.00	40.69
466.20	2101.03	0.00	28.09
466.30	2116.17	0.00	15.38
466.40	2123.41	0.00	2.60
466.50	2123.49	0.00	-10.19
466.60	2116.37	0.00	-22.97
466.70	2102.02	0.00	-35.68
466.80	2080.40	0.00	-48.28
466.90	2051.45	0.00	-60.72
467.00	2015.14	0.00	-72.97
467.10	1971.43	0.00	-84.98
467.20	1920.28	0.00	-96.71
467.30	1861.67	0.00	-108.11
467.40	1795.59	0.00	-119.14
467.50	1722.04	0.00	-129.76
467.60	1641.05	0.00	-139.93
467.70	1552.68	0.00	-149.61
467.80	1457.02	0.00	-158.76
467.90	1354.18	0.00	-167.33
468.00	1244.33	0.00	-175.30
468.10	1127.67	0.00	-182.62
468.20	1004.45	0.00	-189.26
468.30	874.99	0.00	-195.19
468.40	739.64	0.00	-200.37
468.50	598.81	0.00	-204.78
468.60	452.99	0.00	-208.38
468.70	302.69	0.00	-211.15
468.80	148.52	0.00	-213.07
468.90	-8.87	0.00	-214.13
469.00	-168.80	0.00	-214.29
469.10	-330.48	0.00	-213.55
469.20	-493.12	0.00	-211.89
469.30	-655.86	0.00	-209.32
469.40	-817.79	0.00	-205.83
469.50	-978.01	0.00	-201.41
469.60	-1135.53	0.00	-196.07
469.70	-1289.39	0.00	-189.83
469.80	-1438.60	0.00	-182.69
469.90	-1582.17	0.00	-174.67
470.00	-1719.10	0.00	-165.80
470.10	-1848.44	0.00	-156.09
470.20	-1969.23	0.00	-145.59
470.30	-2080.57	0.00	-134.31
470.40	-2181.60	0.00	-122.32
470.50	-2271.51	0.00	-109.64
470.60	-2349.56	0.00	-96.32
470.70	-2415.08	0.00	-82.42
470.80	-2467.49	0.00	-67.99
470.90	-2506.28	0.00	-53.10
471.00	-2531.37	0.00	-37.80
471.10	-2547.15	0.00	-22.15
471.20	-2555.04	0.00	-6.24
471.30	-2554.92	0.00	9.88
471.40	-2546.65	0.00	26.12
471.50	-2530.09	0.00	42.41
471.60	-2505.08	0.00	58.68
471.70	-2471.48	0.00	74.85
471.80	-2429.14	0.00	90.83
471.90	-2377.91	0.00	106.55
472.00	-2317.67	0.00	121.93
472.10	-2248.30	0.00	136.90
472.20	-2169.72	0.00	151.37
472.30	-2081.87	0.00	165.26
472.40	-1984.72	0.00	178.51
472.50	-1878.29	0.00	191.04
472.60	-1762.66	0.00	202.79
472.70	-1637.96	0.00	213.68
472.80	-1504.37	0.00	223.65
472.90	-1362.16	0.00	232.65
473.00	-1211.66	0.00	240.63
473.10	-1053.28	0.00	247.52
473.20	-887.51	0.00	253.30
473.30	-714.94	0.00	257.92
473.40	-536.22	0.00	261.34
473.50	-352.09	0.00	263.54
473.60	-163.38	0.00	264.50
473.70	29.00	0.00	264.21
473.80	224.07	0.00	262.65
473.90	420.78	0.00	259.82
474.00	618.02	0.00	255.73
474.10	814.63	0.00	250.39
474.20	1009.38	0.00	243.82
474.30	1201.04	0.00	236.04
474.40	1388.34	0.00	227.09
474.50	1569.99	0.00	216.99
474.60	1744.73	0.00	205.80
474.70	1911.29	0.00	193.56
474.80	2068.44	0.00	180.34
474.90	2215.00	0.00	166.18
475.00	2349.84	0.00	151.16
475.10	2471.90	0.00	135.35
475.20	2580.19	0.00	118.83
475.30	2673.85	0.00	101.66
475.40	2752.08	0.00	83.95
475.50	2814.24	0.00	65.77
475.60	2859.77	0.00	47.21
475.70	2888.28	0.00	28.37
475.80	2899.66	0.00	9.33
475.90	2899.41	0.00	-9.80
476.00	2890.28	0.00	-28.93
476.10	2872.18	0.00	-47.97
476.20	2845.05	0.00	-66.82
476.30	2808.80	0.00	-85.38
476.40	2763.34	0.00	-103.57
476.50	2708.58	0.00	-121.28
476.60	2644.42	0.00	-138.44
476.70	2570.79	0.00	-154.96
476.80	2487.63	0.00	-170.76
476.90	2394.89	0.00	-185.74
477.00	2292.57	0.00	-199.85
477.10	2180.70	0.00	-213.02
477.20	2059.36	0.00	-225.17
477.30	1928.69	0.00	-236.24
477.40	1788.88	0.00	-246.19
477.50	1640.19	0.00	-254.97
477.60	1482.96	0.00	-262.54
477.70	1317.60	0.00	-268.85
477.80	1144.61	0.00	-273.88
477.90	964.56	0.00	-277.62
478.00	778.13	0.00	-280.04
478.10	586.06	0.00	-281.14
478.20	389.18	0.00	-280.91
478.30	188.41	0.00	-279.37
478.40	-15.27	0.00	-276.52
478.50	-220.80	0.00	-272.38
478.60	-427.05	0.00	-266.97
478.70	-632.87	0.00	-260.34
478.80	-837.02	0.00	-252.51
478.90	-1038.27	0.00	-243.53
479.00	-1235.33	0.00	-233.44
479.10	-1426.93	0.00	-222.31
479.20	-1611.80	0.00	-210.19
479.30	-1788.67	0.00	-197.13
479.40	-1956.32	0.00	-183.21
479.50	-2113.56	0.00	-168.50
479.60	-2259.27	0.00	-153.07
479.70	-2392.39	0.00	-136.99
479.80	-2511.94	0.00	-120.35
479.90	-2617.04	0.00	-103.22
480.00	-2706.91	0.00	-85.68
480.10	-2780.88	0.00	-67.82
480.20	-2838.40	0.00	-49.72
480.30	-2879.06	0.00	-31.46
480.40	-2902.54	0.00	-13.12
480.50	-2908.70	0.00	5.22
480.60	-2901.13	0.00	23.47
480.70	-2884.81	0.00	41.56
480.80	-2859.79	0.00	59.40
480.90	-2826.02	0.00	76.93
481.00	-2783.47	0.00	94.08
481.10	-2732.07	0.00	110.76
481.20	-2671.77	0.00	126.92
481.30	-2602.49	0.00	142.50
481.40	-2524.18	0.00	157.42
481.50	-2436.78	0.00	171.64
481.60	-2340.26	0.00	185.10
481.70	-2234.61	0.00	197.74
481.80	-2119.86	0.00	209.53
481.90	-1996.07	0.00	220.43
482.00	-1863.34	0.00	230.38
482.10	-1721.86	0.00	239.37
482.20	-1571.84	0.00	247.35
482.30	-1413.58	0.00	254.30
482.40	-1247.45	0.00	260.20
482.50	-1073.88	0.00	265.02
482.60	-893.41	0.00	268.76
482.70	-706.63	0.00	271.40
482.80	-514.22	0.00	272.93
482.90	-316.97	0.00	273.35
483.00	-115.70	0.00	272.65
483.10	88.64	0.00	270.84
483.20	295.07	0.00	267.93
483.30	502.52	0.00	263.92
483.40	709.86	0.00	258.82
483.50	915.91	0.00	252.66
483.60	1119.46	0.00	245.45
483.70	1319.25	0.00	237.21
483.80	1514.00	0.00	227.97
483.90	1702.42	0.00	217.75
484.00	1883.23	0.00	206.60
484.10	2055.17	0.00	194.54
484.20	2216.97	0.00	181.62
484.30	2367.45	0.00	167.87
484.40	2505.45	0.00	153.34
484.50	2629.90	0.00	138.08
484.60	2739.79	0.00	122.14
484.70	2834.20	0.00	105.58
484.80	2912.34	0.00	88.44
484.90	2973.50	0.00	70.79
485.00	3017.11	0.00	52.70
485.10	3042.72	0.00	34.23
485.20	3054.72	0.00	15.45
485.30	3057.76	0.00	-3.58
485.40	3051.69	0.00	-22.77
485.50	3036.36	0.00	-42.04
485.60	3011.59	0.00	-61.33
485.70	2977.14	0.00	-80.55
485.80	2932.81	0.00	-99.62
485.90	2878.35	0.00	-118.46
486.00	2813.50	0.00	-136.98
486.10	2738.04	0.00	-155.09
486.20	2651.73	0.00	-172.72
486.30	2554.37	0.00	-189.78
486.40	2445.79	0.00	-206.18
486.50	2325.85	0.00	-221.85
486.60	2194.49	0.00	-236.69
486.70	2051.69	0.00	-250.63
486.80	1897.53	0.00	-263.59
486.90	1732.15	0.00	-275.51
487.00	1555.81	0.00	-286.29
487.10	1368.86	0.00	-295.89
487.20	1171.76	0.00	-304.23
487.30	965.09	0.00	-311.25
487.40	749.57	0.00	-316.92
487.50	526.00	0.00	-321.16
487.60	295.34	0.00	-323.96
487.70	58.65	0.00	-325.26
487.80	-182.87	0.00	-325.05
487.90	-427.92	0.00	-323.30
488.00	-675.10	0.00	-320.00
488.10	-922.91	0.00	-315.14
488.20	-1169.77	0.00	-308.74
488.30	-1414.02	0.00	-300.79
488.40	-1653.95	0.00	-291.32
488.50	-1887.81	0.00	-280.36
488.60	-2113.86	0.00	-267.94
488.70	-2330.31	0.00	-254.11
488.80	-2535.43	0.00	-238.93
488.90	-2727.51	0.00	-222.44
489.00	-2904.92	0.00	-204.72
489.10	-3066.09	0.00	-185.85
489.20	-3209.57	0.00	-165.91
489.30	-3334.02	0.00	-144.98
489.40	-3438.24	0.00	-123.18
489.50	-3521.20	0.00	-100.59
489.60	-3582.01	0.00	-77.33
489.70	-3620.32	0.00	-53.50
489.80	-3644.64	0.00	-29.24
489.90	-3658.92	0.00	-4.64
490.00	-3662.99	0.00	20.16
490.10	-3656.64	0.00	45.03
490.20	-3639.63	0.00	69.85
490.30	-3611.65	0.00	94.50
490.40	-3572.39	0.00	118.84
490.50	-3521.50	0.00	142.76
490.60	-3458.61	0.00	166.12
490.70	-3383.37	0.00	188.80
490.80	-3295.42	0.00	210.69
490.90	-3194.43	0.00	231.66
491.00	-3080.09	0.00	251.61
491.10	-2952.15	0.00	270.43
491.20	-2810.45	0.00	288.01
491.30	-2654.87	0.00	304.27
491.40	-2485.42	0.00	319.12
491.50	-2302.18	0.00	332.47
491.60	-2105.39	0.00	344.25
491.70	-1895.39	0.00	354.41
491.80	-1672.67	0.00	362.87
491.90	-1437.89	0.00	369.60
492.00	-1191.82	0.00	374.55
492.10	-935.42	0.00	377.70
492.20	-669.78	0.00	379.03
492.30	-396.15	0.00	378.52
492.40	-115.94	0.00	376.19
492.50	169.33	0.00	372.03
492.60	457.98	0.00	366.06
492.70	748.25	0.00	358.32
492.80	1038.26	0.00	348.84
492.90	1326.05	0.00	337.67
493.00	1609.61	0.00	324.86
493.10	1886.89	0.00	310.48
493.20	2155.81	0.00	294.60
493.30	2414.31	0.00	277.29
493.40	2660.35	0.00	258.64
493.50	2891.97	0.00	238.75
493.60	3107.26	0.00	217.72
493.70	3304.43	0.00	195.65
493.80	3481.82	0.00	172.64
493.90	3637.90	0.00	148.82
494.00	3771.33	0.00	124.30
494.10	3880.94	0.00	99.21
494.20	3965.77	0.00	73.66
494.30	4025.07	0.00	47.78
494.40	4058.30	0.00	21.71
494.50	4067.96	0.00	-4.44
494.60	4066.56	0.00	-30.53
494.70	4055.57	0.00	-56.44
494.80	4034.91	0.00	-82.03
494.90	4004.41	0.00	-107.20
495.00	3963.86	0.00	-131.81
495.10	3913.01	0.00	-155.74
495.20	3851.56	0.00	-178.89
495.30	3779.20	0.00	-201.13
495.40	3695.59	0.00	-222.38
495.50	3600.42	0.00	-242.52
495.60	3493.38	0.00	-261.45
495.70	3374.19	0.00	-279.11
495.80	3242.63	0.00	-295.39
495.90	3098.52	0.00	-310.22
496.00	2941.78	0.00	-323.55
496.10	2772.41	0.00	-335.31
496.20	2590.51	0.00	-345.44
496.30	2396.32	0.00	-353.90
496.40	2190.17	0.00	-360.67
496.50	1972.53	0.00	-365.71
496.60	1744.03	0.00	-369.01
496.70	1505.42	0.00	-370.55
496.80	1257.58	0.00	-370.34
496.90	1001.54	0.00	-368.38
497.00	738.49	0.00	-364.70
497.10	469.70	0.00	-359.31
497.20	196.59	0.00	-352.27
497.30	-79.32	0.00	-343.59
497.40	-356.42	0.00	-333.35
497.50	-633.03	0.00	-321.60
497.60	-907.39	0.00	-308.40
497.70	-1177.73	0.00	-293.83
497.80	-1442.23	0.00	-277.96
497.90	-1699.08	0.00	-260.90
498.00	-1946.49	0.00	-242.72
498.10	-2182.73	0.00	-223.53
498.20	-2406.09	0.00	-203.43
498.30	-2614.98	0.00	-182.52
498.40	-2807.90	0.00	-160.93
498.50	-2983.48	0.00	-138.76
498.60	-3140.47	0.00	-116.13
498.70	-3277.79	0.00	-93.16
498.80	-3394.51	0.00	-69.98
498.90	-3489.88	0.00	-46.69
499.00	-3563.35	0.00	-23.42
499.10	-3614.54	0.00	-0.30
499.20	-3643.28	0.00	22.57
499.30	-3649.57	0.00	45.06
499.40	-3633.63	0.00	67.06
499.50	-3597.47	0.00	88.46
499.60	-3551.46	0.00	109.16
499.70	-3497.44	0.00	129.06
499.80	-3435.51	0.00	148.05
499.90	-3365.75	0.00	166.06
500.00	-3288.19	0.00	182.99
500.10	-3202.88	0.00	198.77
500.20	-3109.86	0.00	213.33
500.30	-3009.17	0.00	226.62
500.40	-2900.87	0.00	238.57
500.50	-2785.05	0.00	249.14
500.60	-2661.82	0.00	258.30
500.70	-2531.34	0.00	266.01
500.80	-2393.82	0.00	272.27
500.90	-2249.51	0.00	277.05
501.00	-2098.73	0.00	280.36
501.10	-1941.86	0.00	282.21
501.20	-1779.32	0.00	282.61
501.30	-1611.64	0.00	281.59
501.40	-1439.37	0.00	279.18
501.50	-1263.15	0.00	275.42
501.60	-1083.67	0.00	270.36
501.70	-901.67	0.00	264.05
501.80	-717.95	0.00	256.57
501.90	-533.34	0.00	247.97
502.00	-348.71	0.00	238.34
502.10	-164.96	0.00	227.74
502.20	16.99	0.00	216.27
502.30	196.24	0.00	204.01
502.40	371.85	0.00	191.05
502.50	542.94	0.00	177.49
502.60	708.61	0.00	163.41
502.70	868.03	0.00	148.92
502.80	1020.38	0.00	134.11
502.90	1164.91	0.00	119.07
503.00	1300.93	0.00	103.90
503.10	1427.80	0.00	88.69
503.20	1544.98	0.00	73.53
503.30	1651.98	0.00	58.52
503.40	1748.40	0.00	43.72
503.50	1833.94	0.00	29.22
503.60	1908.36	0.00	15.11
503.70	1971.53	0.00	1.44
503.80	2023.40	0.00	-11.72
503.90	2064.00	0.00	-24.30
504.00	2093.44	0.00	-36.26
504.10	2111.94	0.00	-47.55
504.20	2119.74	0.00	-58.11
504.30	2117.21	0.00	-67.93
504.40	2104.74	0.00	-76.97
504.50	2082.81	0.00	-85.20
504.60	2051.92	0.00	-92.61
504.70	2012.64	0.00	-99.19
504.80	1965.57	0.00	-104.94
504.90	1911.34	0.00	-109.86
505.00	1851.76	0.00	-113.95
505.10	1789.68	0.00	-117.23
505.20	1725.48	0.00	-119.71
505.30	1659.44	0.00	-121.41
505.40	1591.87	0.00	-122.37
505.50	1523.05	0.00	-122.61
505.60	1453.25	0.00	-122.17
505.70	1382.74	0.00	-121.08
505.80	1311.77	0.00	-119.38
505.90	1240.60	0.00	-117.12
506.00	1169.46	0.00	-114.33
506.10	1098.59	0.00	-111.07
506.20	1028.21	0.00	-107.38
506.30	958.53	0.00	-103.31
506.40	889.75	0.00	-98.90
506.50	822.07	0.00	-94.21
506.60	755.65	0.00	-89.28
506.70	690.68	0.00	-84.16
506.80	627.28	0.00	-78.89
506.90	565.61	0.00	-73.52
507.00	505.77	0.00	-68.09
507.10	447.89	0.00	-62.64
507.20	392.03	0.00	-57.23
507.30	338.29	0.00	-51.87
507.40	286.70	0.00	-46.61
507.50	237.31	0.00	-41.48
507.60	190.14	0.00	-36.52
507.70	145.20	0.00	-31.75
507.80	102.46	0.00	-27.20
507.90	61.91	0.00	-22.89
508.00	23.49	0.00	-18.84
508.10	-12.85	0.00	-15.07
508.20	-47.19	0.00	-11.60
508.30	-79.60	0.00	-8.44
508.40	-110.20	0.00	-5.60
508.50	-139.08	0.00	-3.09
508.60	-166.37	0.00	-0.91
508.70	-192.19	0.00	0.93
508.80	-216.66	0.00	2.44
508.90	-239.94	0.00	3.61
509.00	-262.16	0.00	4.45
509.10	-283.46	0.00	4.96
509.20	-303.98	0.00	5.17
509.30	-323.87	0.00	5.07
509.40	-343.27	0.00	4.68
509.50	-362.31	0.00	4.01
509.60	-381.12	0.00	3.08
509.70	-399.82	0.00	1.92
509.80	-418.54	0.00	0.53
509.90	-437.36	0.00	-1.06
510.00	-456.40	0.00	-2.83
510.10	-475.72	0.00	-4.75
510.20	-495.41	0.00	-6.80
510.30	-515.52	0.00	-8.95
510.40	-536.08	0.00	-11.19
510.50	-557.14	0.00	-13.48
510.60	-578.69	0.00	-15.79
510.70	-600.74	0.00	-18.10
510.80	-623.27	0.00	-20.38
510.90	-646.23	0.00	-22.61
511.00	-669.58	0.00	-24.75
511.10	-693.24	0.00	-26.79
511.20	-717.14	0.00	-28.69
511.30	-741.18	0.00	-30.44
511.40	-765.23	0.00	-32.01
511.50	-789.17	0.00	-33.38
511.60	-812.86	0.00	-34.53
511.70	-836.14	0.00	-35.44
511.80	-858.86	0.00	-36.09
511.90	-880.84	0.00	-36.47
512.00	-901.89	0.00	-36.57
512.10	-921.84	0.00	-36.37
512.20	-940.48	0.00	-35.87
512.30	-957.63	0.00	-35.05
512.40	-973.35	0.00	-33.93
512.50	-988.12	0.00	-32.48
512.60	-1001.84	0.00	-30.72
512.70	-1014.34	0.00	-28.65
512.80	-1025.47	0.00	-26.28
512.90	-1035.08	0.00	-23.60
513.00	-1043.02	0.00	-20.64
513.10	-1049.13	0.00	-17.40
513.20	-1053.27	0.00	-13.90
513.30	-1055.29	0.00	-10.16
513.40	-1055.06	0.00	-6.19
513.50	-1052.43	0.00	-2.02
513.60	-1047.28	0.00	2.34
513.70	-1039.48	0.00	6.85
513.80	-1028.93	0.00	11.50
513.90	-1015.52	0.00	16.26
514.00	-999.14	0.00	21.09
514.10	-979.72	0.00	25.99
514.20	-957.18	0.00	30.90
514.30	-931.46	0.00	35.82
514.40	-902.52	0.00	40.70
514.50	-870.31	0.00	45.53
514.60	-834.81	0.00	50.26
514.70	-796.03	0.00	54.89
514.80	-753.98	0.00	59.37
514.90	-708.68	0.00	63.68
515.00	-660.18	0.00	67.80
515.10	-608.56	0.00	71.71
515.20	-553.88	0.00	75.38
515.30	-496.25	0.00	78.79
515.40	-435.81	0.00	81.92
515.50	-372.68	0.00	84.75
515.60	-307.02	0.00	87.28
515.70	-239.03	0.00	89.48
515.80	-168.90	0.00	91.34
515.90	-96.84	0.00	92.86
516.00	-23.08	0.00	94.02
516.10	52.11	0.00	94.82
516.20	128.47	0.00	95.26
516.30	205.71	0.00	95.33
516.40	283.55	0.00	95.03
516.50	361.68	0.00	94.37
516.60	439.76	0.00	93.34
516.70	517.49	0.00	91.96
516.80	594.51	0.00	90.23
516.90	670.50	0.00	88.15
517.00	745.11	0.00	85.74
517.10	817.99	0.00	83.01
517.20	888.81	0.00	79.97
517.30	957.22	0.00	76.64
517.40	1022.89	0.00	73.02
517.50	1085.50	0.00	69.13
517.60	1144.73	0.00	65.00
517.70	1200.29	0.00	60.63
517.80	1251.87	0.00	56.04
517.90	1299.21	0.00	51.26
518.00	1342.06	0.00	46.29
518.10	1380.18	0.00	41.16
518.20	1413.36	0.00	35.88
518.30	1441.41	0.00	30.48
518.40	1464.17	0.00	24.97
518.50	1481.51	0.00	19.37
518.60	1493.29	0.00	13.70
518.70	1499.58	0.00	7.97
518.80	1501.95	0.00	2.20
518.90	1500.92	0.00	-3.58
519.00	1496.45	0.00	-9.37
519.10	1488.51	0.00	-15.14
519.20	1477.08	0.00	-20.88
519.30	1462.13	0.00	-26.58
519.40	1443.64	0.00	-32.21
519.50	1421.58	0.00	-37.77
519.60	1395.94	0.00	-43.23
519.70	1366.69	0.00	-48.59
519.80	1333.84	0.00	-53.83
519.90	1297.35	0.00	-58.94
520.00	1257.25	0.00	-63.90
520.10	1213.53	0.00	-68.69
520.20	1166.20	0.00	-73.32
520.30	1115.30	0.00	-77.76
520.40	1060.86	0.00	-81.99
520.50	1002.93	0.00	-86.02
520.60	941.57	0.00	-89.82
520.70	876.86	0.00	-93.39
520.80	808.89	0.00	-96.71
520.90	737.79	0.00	-99.76
521.00	663.68	0.00	-102.55
521.10	586.71	0.00	-105.05
521.20	507.05	0.00	-107.25
521.30	424.90	0.00	-109.15
521.40	340.47	0.00	-110.74
521.50	254.00	0.00	-111.99
521.60	165.74	0.00	-112.91
521.70	75.96	0.00	-113.48
521.80	-15.03	0.00	-113.70
521.90	-106.91	0.00	-113.55
522.00	-199.35	0.00	-113.02
522.10	-291.98	0.00	-112.12
522.20	-384.45	0.00	-110.83
522.30	-476.36	0.00	-109.16
522.40	-567.31	0.00	-107.09
522.50	-656.91	0.00	-104.62
522.60	-744.71	0.00	-101.76
522.70	-830.32	0.00	-98.50
522.80	-913.30	0.00	-94.85
522.90	-993.23	0.00	-90.81
523.00	-1069.70	0.00	-86.38
523.10	-1142.28	0.00	-81.58
523.20	-1210.58	0.00	-76.41
523.30	-1274.21	0.00	-70.88
523.40	-1332.81	0.00	-65.01
523.50	-1386.01	0.00	-58.82
523.60	-1433.50	0.00	-52.32
523.70	-1474.98	0.00	-45.53
523.80	-1510.18	0.00	-38.47
523.90	-1538.86	0.00	-31.17
524.00	-1560.83	0.00	-23.65
524.10	-1575.91	0.00	-15.95
524.20	-1583.98	0.00	-8.09
524.30	-1584.97	0.00	-0.11
524.40	-1579.21	0.00	7.97
524.50	-1568.60	0.00	16.10
524.60	-1553.37	0.00	24.26
524.70	-1533.51	0.00	32.40
524.80	-1509.02	0.00	40.48
524.90	-1479.90	0.00	48.47
525.00	-1446.15	0.00	56.33
525.10	-1407.80	0.00	64.02
525.20	-1364.88	0.00	71.49
525.30	-1317.45	0.00	78.71
525.40	-1265.58	0.00	85.65
525.50	-1209.35	0.00	92.25
525.60	-1148.87	0.00	98.49
525.70	-1084.25	0.00	104.33
525.80	-1015.67	0.00	109.73
525.90	-943.27	0.00	114.67
526.00	-867.27	0.00	119.11
526.10	-787.89	0.00	123.03
526.20	-705.37	0.00	126.41
526.30	-620.00	0.00	129.21
526.40	-532.07	0.00	131.42
526.50	-441.91	0.00	133.03
526.60	-349.87	0.00	134.02
526.70	-256.33	0.00	134.38
526.80	-161.69	0.00	134.11
526.90	-66.37	0.00	133.21
527.00	29.20	0.00	131.67
527.10	124.57	0.00	129.50
527.20	219.28	0.00	126.71
527.30	312.85	0.00	123.32
527.40	404.80	0.00	119.34
527.50	494.65	0.00	114.79
527.60	581.93	0.00	109.69
527.70	666.17	0.00	104.06
527.80	746.90	0.00	97.95
527.90	823.68	0.00	91.37
528.00	896.08	0.00	84.38
528.10	963.70	0.00	76.99
528.20	1026.16	0.00	69.26
528.30	1083.10	0.00	61.22
528.40	1134.22	0.00	52.92
528.50	1179.23	0.00	44.41
528.60	1217.90	0.00	35.73
528.70	1250.03	0.00	26.92
528.80	1275.46	0.00	18.03
528.90	1294.08	0.00	9.12
529.00	1305.83	0.00	0.23
529.10	1310.69	0.00	-8.59
529.20	1308.70	0.00	-17.30
529.30	1299.91	0.00	-25.84
529.40	1284.47	0.00	-34.19
529.50	1262.60	0.00	-42.28
529.60	1235.65	0.00	-50.09
529.70	1204.15	0.00	-57.57
529.80	1168.25	0.00	-64.68
529.90	1128.11	0.00	-71.39
530.00	1083.91	0.00	-77.68
530.10	1035.83	0.00	-83.50
530.20	984.06	0.00	-88.84
530.30	928.84	0.00	-93.66
530.40	870.38	0.00	-97.96
530.50	808.93	0.00	-101.72
530.60	744.76	0.00	-104.91
530.70	678.13	0.00	-107.54
530.80	609.32	0.00	-109.60
530.90	538.65	0.00	-111.08
531.00	466.41	0.00	-111.98
531.10	392.94	0.00	-112.31
531.20	318.56	0.00	-112.08
531.30	243.61	0.00	-111.28
531.40	168.44	0.00	-109.95
531.50	93.41	0.00	-108.08
531.60	18.87	0.00	-105.71
531.70	-54.83	0.00	-102.84
531.80	-127.33	0.00	-99.51
531.90	-198.28	0.00	-95.74
532.00	-267.32	0.00	-91.55
532.10	-334.13	0.00	-86.97
532.20	-398.37	0.00	-82.04
532.30	-459.73	0.00	-76.78
532.40	-517.91	0.00	-71.23
532.50	-572.62	0.00	-65.41
532.60	-623.61	0.00	-59.37
532.70	-670.62	0.00	-53.13
532.80	-713.45	0.00	-46.73
532.90	-751.90	0.00	-40.21
533.00	-785.79	0.00	-33.60
533.10	-815.01	0.00	-26.92
533.20	-839.42	0.00	-20.23
533.30	-858.95	0.00	-13.54
533.40	-873.54	0.00	-6.88
533.50	-883.18	0.00	-0.30
533.60	-887.87	0.00	6.18
533.70	-887.65	0.00	12.54
533.80	-882.57	0.00	18.74
533.90	-872.74	0.00	24.76
534.00	-858.31	0.00	30.57
534.10	-839.96	0.00	36.16
534.20	-817.97	0.00	41.50
534.30	-792.49	0.00	46.57
534.40	-763.65	0.00	51.35
534.50	-731.59	0.00	55.83
534.60	-696.47	0.00	59.99
534.70	-658.46	0.00	63.82
534.80	-617.73	0.00	67.31
534.90	-574.48	0.00	70.44
535.00	-528.89	0.00	73.22
535.10	-481.17	0.00	75.62
535.20	-431.52	0.00	77.66
535.30	-380.18	0.00	79.31
535.40	-327.37	0.00	80.59
535.50	-273.32	0.00	81.49
535.60	-218.27	0.00	82.01
535.70	-162.48	0.00	82.15
535.80	-106.20	0.00	81.92
535.90	-49.69	0.00	81.33
536.00	6.79	0.00	80.37
536.10	62.99	0.00	79.06
536.20	118.62	0.00	77.41
536.30	173.44	0.00	75.42
536.40	227.17	0.00	73.11
536.50	279.56	0.00	70.48
536.60	330.34	0.00	67.57
536.70	379.28	0.00	64.36
536.80	426.13	0.00	60.90
536.90	470.65	0.00	57.18
537.00	512.63	0.00	53.23
537.10	551.85	0.00	49.07
537.20	588.12	0.00	44.71
537.30	621.25	0.00	40.17
537.40	651.09	0.00	35.48
537.50	677.47	0.00	30.66
537.60	700.27	0.00	25.73
537.70	719.39	0.00	20.70
537.80	734.72	0.00	15.61
537.90	746.21	0.00	10.47
538.00	753.80	0.00	5.32
538.10	757.58	0.00	0.16
538.20	757.99	0.00	-4.97
538.30	755.07	0.00	-10.05
538.40	748.85	0.00	-15.07
538.50	739.38	0.00	-19.99
538.60	726.69	0.00	-24.79
538.70	710.84	0.00	-29.46
538.80	691.90	0.00	-33.97
538.90	669.95	0.00	-38.30
539.00	645.08	0.00	-42.43
539.10	617.39	0.00	-46.35
539.20	586.99	0.00	-50.04
539.30	554.00	0.00	-53.47
539.40	518.54	0.00	-56.65
539.50	480.77	0.00	-59.54
539.60	440.82	0.00	-62.15
539.70	398.87	0.00	-64.46
539.80	355.08	0.00	-66.45
539.90	309.63	0.00	-68.13
540.00	262.71	0.00	-69.49
540.10	214.51	0.00	-70.52
540.20	165.25	0.00	-71.23
540.30	115.11	0.00	-71.60
540.40	64.33	0.00	-71.65
540.50	13.13	0.00	-71.38
540.60	-38.29	0.00	-70.78
540.70	-89.68	0.00	-69.87
540.80	-140.81	0.00	-68.66
540.90	-191.48	0.00	-67.15
541.00	-241.43	0.00	-65.36
541.10	-290.45	0.00	-63.30
541.20	-338.32	0.00	-60.97
541.30	-384.83	0.00	-58.41
541.40	-429.75	0.00	-55.62
541.50	-472.89	0.00	-52.62
541.60	-514.05	0.00	-49.42
541.70	-553.05	0.00	-46.06
541.80	-589.71	0.00	-42.54
541.90	-623.88	0.00	-38.89
542.00	-655.41	0.00	-35.12
542.10	-684.15	0.00	-31.26
542.20	-710.01	0.00	-27.33
542.30	-732.86	0.00	-23.34
542.40	-752.62	0.00	-19.32
542.50	-769.23	0.00	-15.28
542.60	-782.62	0.00	-11.25
542.70	-792.76	0.00	-7.24
542.80	-799.63	0.00	-3.27
542.90	-803.33	0.00	0.64
543.00	-804.36	0.00	4.48
543.10	-802.81	0.00	8.24
543.20	-798.71	0.00	11.89
543.30	-792.11	0.00	15.44
543.40	-783.04	0.00	18.86
543.50	-771.55	0.00	22.15
543.60	-757.69	0.00	25.30
543.70	-741.52	0.00	28.30
543.80	-723.09	0.00	31.15
543.90	-702.48	0.00	33.84
544.00	-679.74	0.00	36.37
544.10	-654.95	0.00	38.73
544.20	-628.19	0.00	40.93
544.30	-599.51	0.00	42.96
544.40	-569.02	0.00	44.82
544.50	-536.78	0.00	46.52
544.60	-502.88	0.00	48.06
544.70	-467.42	0.00	49.44
544.80	-430.47	0.00	50.67
544.90	-392.14	0.00	51.74
545.00	-352.52	0.00	52.67
545.10	-311.72	0.00	53.45
545.20	-269.82	0.00	54.10
545.30	-226.95	0.00	54.61
545.40	-183.20	0.00	55.00
545.50	-138.69	0.00	55.26
545.60	-93.54	0.00	55.40
545.70	-47.86	0.00	55.42
545.80	-1.77	0.00	55.33
545.90	44.59	0.00	55.14
546.00	91.11	0.00	54.83
546.10	137.65	0.00	54.42
546.20	184.08	0.00	53.91
546.30	230.26	0.00	53.29
546.40	276.05	0.00	52.57
546.50	321.31	0.00	51.75
546.60	365.89	0.00	50.82
546.70	409.65	0.00	49.79
546.80	452.44	0.00	48.64
546.90	494.10	0.00	47.39
547.00	534.49	0.00	46.02
547.10	573.45	0.00	44.54
547.20	610.84	0.00	42.93
547.30	646.49	0.00	41.20
547.40	680.27	0.00	39.34
547.50	712.02	0.00	37.34
547.60	741.60	0.00	35.22
547.70	768.86	0.00	32.95
547.80	793.68	0.00	30.54
547.90	815.90	0.00	27.98
548.00	835.42	0.00	25.28
548.10	852.11	0.00	22.44
548.20	865.86	0.00	19.44
548.30	876.56	0.00	16.30
548.40	884.14	0.00	13.02
548.50	888.68	0.00	9.60
548.60	890.69	0.00	6.04
548.70	890.18	0.00	2.36
548.80	887.09	0.00	-1.45
548.90	881.36	0.00	-5.36
549.00	872.96	0.00	-9.38
549.10	861.84	0.00	-13.49
549.20	847.97	0.00	-17.67
549.30	831.33	0.00	-21.91
549.40	811.88	0.00	-26.19
549.50	789.63	0.00	-30.49
549.60	764.57	0.00	-34.80
549.70	736.71	0.00	-39.09
549.80	706.07	0.00	-43.34
549.90	672.68	0.00	-47.53
550.00	636.60	0.00	-51.63
550.10	597.87	0.00	-55.61
550.20	556.58	0.00	-59.45
550.30	512.82	0.00	-63.13
550.40	466.69	0.00	-66.62
550.50	418.33	0.00	-69.88
550.60	367.88	0.00	-72.90
550.70	315.50	0.00	-75.65
550.80	261.38	0.00	-78.10
550.90	205.69	0.00	-80.23
551.00	148.68	0.00	-82.01
551.10	90.56	0.00	-83.42
551.20	31.58	0.00	-84.45
551.30	-27.98	0.00	-85.07
551.40	-87.86	0.00	-85.27
551.50	-147.75	0.00	-85.04
551.60	-207.37	0.00	-84.35
551.70	-266.39	0.00	-83.22
551.80	-324.50	0.00	-81.62
551.90	-381.38	0.00	-79.55
552.00	-436.70	0.00	-77.03
552.10	-490.13	0.00	-74.04
552.20	-541.36	0.00	-70.61
552.30	-590.07	0.00	-66.73
552.40	-635.96	0.00	-62.43
552.50	-678.72	0.00	-57.72
552.60	-718.08	0.00	-52.63
552.70	-753.78	0.00	-47.17
552.80	-785.58	0.00	-41.38
552.90	-813.25	0.00	-35.29
553.00	-836.61	0.00	-28.92
553.10	-855.49	0.00	-22.33
553.20	-869.76	0.00	-15.54
553.30	-879.31	0.00	-8.60
553.40	-884.07	0.00	-1.56
553.50	-884.01	0.00	5.55
553.60	-879.13	0.00	12.68
553.70	-869.46	0.00	19.77
553.80	-855.07	0.00	26.79
553.90	-836.37	0.00	33.68
554.00	-813.90	0.00	40.39
554.10	-787.76	0.00	46.87
554.20	-758.07	0.00	53.09
554.30	-725.00	0.00	58.99
554.40	-688.72	0.00	64.53
554.50	-649.41	0.00	69.67
554.60	-607.29	0.00	74.37
554.70	-562.59	0.00	78.59
554.80	-515.57	0.00	82.30
554.90	-466.49	0.00	85.47
555.00	-415.65	0.00	88.07
555.10	-363.34	0.00	90.09
555.20	-309.88	0.00	91.50
555.30	-255.61	0.00	92.30
555.40	-200.87	0.00	92.46
555.50	-146.00	0.00	92.00
555.60	-91.37	0.00	90.90
555.70	-37.33	0.00	89.18
555.80	15.76	0.00	86.84
555.90	67.54	0.00	83.90
556.00	117.65	0.00	80.38
556.10	165.75	0.00	76.31
556.20	211.51	0.00	71.70
556.30	254.61	0.00	66.60
556.40	294.74	0.00	61.05
556.50	331.63	0.00	55.07
556.60	365.02	0.00	48.71
556.70	394.66	0.00	42.03
556.80	420.37	0.00	35.07
556.90	441.95	0.00	27.87
557.00	459.29	0.00	20.50
557.10	472.25	0.00	13.01
557.20	480.78	0.00	5.45
557.30	484.83	0.00	-2.12
557.40	484.40	0.00	-9.64
557.50	479.52	0.00	-17.07
557.60	470.27	0.00	-24.34
557.70	456.76	0.00	-31.40
557.80	439.11	0.00	-38.20
557.90	417.51	0.00	-44.68
558.00	392.15	0.00	-50.82
558.10	363.27	0.00	-56.54
558.20	331.13	0.00	-61.83
558.30	296.01	0.00	-66.63
558.40	258.22	0.00	-70.92
558.50	218.12	0.00	-74.65
558.60	176.04	0.00	-77.82
558.70	132.30	0.00	-80.39
558.80	87.24	0.00	-82.35
558.90	41.21	0.00	-83.68
559.00	-5.43	0.00	-84.38
559.10	-52.32	0.00	-84.45
559.20	-99.08	0.00	-83.88
559.30	-145.33	0.00	-82.68
559.40	-190.70	0.00	-80.87
559.50	-234.83	0.00	-78.46
559.60	-277.35	0.00	-75.46
559.70	-317.93	0.00	-71.90
559.80	-356.32	0.00	-67.81
559.90	-392.22	0.00	-63.23
560.00	-425.36	0.00	-58.18
560.10	-455.50	0.00	-52.70
560.20	-482.40	0.00	-46.84
560.30	-505.85	0.00	-40.63
560.40	-525.67	0.00	-34.13
560.50	-541.68	0.00	-27.37
560.60	-553.75	0.00	-20.41
560.70	-561.76	0.00	-13.30
560.80	-565.60	0.00	-6.08
560.90	-565.22	0.00	1.19
561.00	-560.55	0.00	8.46
561.10	-551.58	0.00	15.69
561.20	-538.31	0.00	22.83
561.30	-520.77	0.00	29.83
561.40	-498.99	0.00	36.64
561.50	-473.05	0.00	43.23
561.60	-443.04	0.00	49.55
561.70	-409.09	0.00	55.56
561.80	-371.34	0.00	61.23
561.90	-329.94	0.00	66.52
562.00	-285.09	0.00	71.41
562.10	-236.98	0.00	75.87
562.20	-185.85	0.00	79.88
562.30	-131.95	0.00	83.42
562.40	-75.53	0.00	86.46
562.50	-16.88	0.00	89.02
562.60	43.71	0.00	91.06
562.70	105.91	0.00	92.59
562.80	169.40	0.00	93.62
562.90	233.85	0.00	94.13
563.00	298.91	0.00	94.14
563.10	364.23	0.00	93.66
563.20	429.43	0.00	92.70
563.30	494.17	0.00	91.27
563.40	558.07	0.00	89.38
563.50	620.76	0.00	87.07
563.60	681.90	0.00	84.36
563.70	741.12	0.00	81.25
563.80	798.07	0.00	77.79
563.90	852.41	0.00	73.99
564.00	903.82	0.00	69.88
564.10	951.99	0.00	65.49
564.20	996.62	0.00	60.84
564.30	1037.43	0.00	55.98
564.40	1074.17	0.00	50.91
564.50	1106.84	0.00	45.67
564.60	1136.16	0.00	40.28
564.70	1162.14	0.00	34.77
564.80	1184.67	0.00	29.17
564.90	1203.68	0.00	23.49
565.00	1219.08	0.00	17.76
565.10	1230.81	0.00	11.99
565.20	1238.79	0.00	6.21
565.30	1242.96	0.00	0.42
565.40	1243.27	0.00	-5.34
565.50	1239.65	0.00	-11.08
565.60	1232.04	0.00	-16.78
565.70	1220.39	0.00	-22.43
565.80	1204.66	0.00	-28.03
565.90	1184.78	0.00	-33.55
566.00	1160.71	0.00	-39.01
566.10	1132.42	0.00	-44.38
566.20	1099.86	0.00	-49.68
566.30	1062.99	0.00	-54.89
566.40	1021.80	0.00	-60.01
566.50	976.26	0.00	-65.04
566.60	926.35	0.00	-69.97
566.70	872.09	0.00	-74.79
566.80	813.47	0.00	-79.52
566.90	750.53	0.00	-84.13
567.00	683.31	0.00	-88.62
567.10	611.87	0.00	-92.99
567.20	536.28	0.00	-97.22
567.30	456.65	0.00	-101.30
567.40	373.09	0.00	-105.23
567.50	285.77	0.00	-108.98
567.60	194.84	0.00	-112.54
567.70	100.53	0.00	-115.89
567.80	3.06	0.00	-119.02
567.90	-97.29	0.00	-121.90
568.00	-200.24	0.00	-124.51
568.10	-305.44	0.00	-126.82
568.20	-412.54	0.00	-128.81
568.30	-521.12	0.00	-130.45
568.40	-630.76	0.00	-131.71
568.50	-740.99	0.00	-132.57
568.60	-851.32	0.00	-132.99
568.70	-961.21	0.00	-132.95
568.80	-1070.11	0.00	-132.41
568.90	-1177.43	0.00	-131.36
569.00	-1282.58	0.00	-129.76
569.10	-1384.94	0.00	-127.60
569.20	-1483.86	0.00	-124.84
569.30	-1578.70	0.00	-121.46
569.40	-1668.81	0.00	-117.46
569.50	-1753.54	0.00	-112.81
569.60	-1832.24	0.00	-107.50
569.70	-1904.28	0.00	-101.53
569.80	-1969.06	0.00	-94.90
569.90	-2025.97	0.00	-87.61
570.00	-2074.47	0.00	-79.66
570.10	-2114.87	0.00	-71.08
570.20	-2150.13	0.00	-61.87
570.30	-2180.36	0.00	-52.06
570.40	-2205.32	0.00	-41.68
570.50	-2224.77	0.00	-30.76
570.60	-2238.45	0.00	-19.35
570.70	-2246.11	0.00	-7.48
570.80	-2247.48	0.00	4.78
570.90	-2242.30	0.00	17.39
571.00	-2230.30	0.00	30.29
571.10	-2211.21	0.00	43.40
571.20	-2184.78	0.00	56.67
571.30	-2150.77	0.00	70.01
571.40	-2108.93	0.00	83.36
571.50	-2059.06	0.00	96.63
571.60	-2000.96	0.00	109.75
571.70	-1934.48	0.00	122.63
571.80	-1859.49	0.00	135.20
571.90	-1775.90	0.00	147.36
572.00	-1683.68	0.00	159.04
572.10	-1582.84	0.00	170.17
572.20	-1473.46	0.00	180.65
572.30	-1355.66	0.00	190.42
572.40	-1229.64	0.00	199.40
572.50	-1095.69	0.00	207.52
572.60	-954.13	0.00	214.73
572.70	-805.39	0.00	220.96
572.80	-649.97	0.00	226.16
572.90	-488.44	0.00	230.29
573.00	-321.46	0.00	233.30
573.10	-149.76	0.00	235.17
573.20	25.86	0.00	235.86
573.30	204.54	0.00	235.36
573.40	385.33	0.00	233.66
573.50	567.24	0.00	230.77
573.60	749.23	0.00	226.68
573.70	930.22	0.00	221.41
573.80	1109.10	0.00	214.98
573.90	1284.72	0.00	207.43
574.00	1455.95	0.00	198.79
574.10	1621.63	0.00	189.11
574.20	1780.63	0.00	178.44
574.30	1931.84	0.00	166.85
574.40	2074.20	0.00	154.39
574.50	2206.67	0.00	141.13
574.60	2328.29	0.00	127.16
574.70	2438.18	0.00	112.56
574.80	2535.51	0.00	97.40
574.90	2619.57	0.00	81.78
575.00	2689.73	0.00	65.78
575.10	2745.48	0.00	49.50
575.20	2786.42	0.00	33.04
575.30	2812.24	0.00	16.47
575.40	2822.79	0.00	-0.10
575.50	2821.34	0.00	-16.58
575.60	2812.70	0.00	-32.88
575.70	2796.92	0.00	-48.92
575.80	2774.02	0.00	-64.60
575.90	2744.02	0.00	-79.86
576.00	2706.91	0.00	-94.60
576.10	2662.69	0.00	-108.76
576.20	2611.36	0.00	-122.27
576.30	2552.93	0.00	-135.07
576.40	2487.40	0.00	-147.09
576.50	2414.81	0.00	-158.29
576.60	2335.19	0.00	-168.63
576.70	2248.61	0.00	-178.06
576.80	2155.15	0.00	-186.55
576.90	2054.93	0.00	-194.08
577.00	1948.11	0.00	-200.62
577.10	1834.86	0.00	-206.16
577.20	1715.41	0.00	-210.70
577.30	1590.04	0.00	-214.23
577.40	1459.06	0.00	-216.76
577.50	1322.83	0.00	-218.30
577.60	1181.75	0.00	-218.87
577.70	1036.28	0.00	-218.47
577.80	886.90	0.00	-217.15
577.90	734.16	0.00	-214.93
578.00	578.63	0.00	-211.83
578.10	420.94	0.00	-207.91
578.20	261.72	0.00	-203.20
578.30	101.66	0.00	-197.74
578.40	-58.54	0.00	-191.58
578.50	-218.16	0.00	-184.76
578.60	-376.46	0.00	-177.34
578.70	-532.70	0.00	-169.36
578.80	-686.14	0.00	-160.88
578.90	-836.04	0.00	-151.93
579.00	-981.66	0.00	-142.59
579.10	-1122.31	0.00	-132.89
579.20	-1257.30	0.00	-122.89
579.30	-1385.95	0.00	-112.63
579.40	-1507.67	0.00	-102.17
579.50	-1621.85	0.00	-91.56
579.60	-1727.97	0.00	-80.83
579.70	-1825.54	0.00	-70.04
579.80	-1914.12	0.00	-59.22
579.90	-1993.33	0.00	-48.43
580.00	-2062.85	0.00	-37.69
580.10	-2122.42	0.00	-27.05
580.20	-2171.86	0.00	-16.54
580.30	-2211.01	0.00	-6.20
580.40	-2239.82	0.00	3.95
580.50	-2258.28	0.00	13.87
580.60	-2266.44	0.00	23.53
580.70	-2264.42	0.00	32.91
580.80	-2252.39	0.00	41.98
580.90	-2230.60	0.00	50.71
581.00	-2200.77	0.00	59.10
581.10	-2166.54	0.00	67.12
581.20	-2128.17	0.00	74.75
581.30	-2085.76	0.00	81.97
581.40	-2039.40	0.00	88.77
581.50	-1989.21	0.00	95.13
581.60	-1935.27	0.00	101.06
581.70	-1877.67	0.00	106.52
581.80	-1816.51	0.00	111.52
581.90	-1751.89	0.00	116.05
582.00	-1683.90	0.00	120.10
582.10	-1612.67	0.00	123.66
582.20	-1538.30	0.00	126.74
582.30	-1460.94	0.00	129.33
582.40	-1380.73	0.00	131.42
582.50	-1297.82	0.00	133.03
582.60	-1212.38	0.00	134.15
582.70	-1124.61	0.00	134.79
582.80	-1034.71	0.00	134.95
582.90	-942.91	0.00	134.64
583.00	-849.43	0.00	133.87
583.10	-754.53	0.00	132.64
583.20	-658.49	0.00	130.97
583.30	-561.57	0.00	128.87
583.40	-464.09	0.00	126.36
583.50	-366.34	0.00	123.45
583.60	-268.64	0.00	120.16
583.70	-171.32	0.00	116.51
583.80	-74.70	0.00	112.52
583.90	20.87	0.00	108.21
584.00	115.08	0.00	103.60
584.10	207.58	0.00	98.72
584.20	298.04	0.00	93.59
584.30	386.15	0.00	88.24
584.40	471.60	0.00	82.69
584.50	554.07	0.00	76.98
584.60	633.29	0.00	71.13
584.70	708.98	0.00	65.17
584.80	780.89	0.00	59.12
584.90	848.80	0.00	53.03
585.00	912.48	0.00	46.90
585.10	971.76	0.00	40.78
585.20	1026.46	0.00	34.69
585.30	1076.46	0.00	28.66
585.40	1121.65	0.00	22.71
585.50	1161.94	0.00	16.87
585.60	1197.28	0.00	11.17
585.70	1227.63	0.00	5.61
585.80	1253.01	0.00	0.23
585.90	1273.42	0.00	-4.95
586.00	1288.93	0.00	-9.92
586.10	1299.61	0.00	-14.67
586.20	1305.55	0.00	-19.17
586.30	1306.87	0.00	-23.41
586.40	1303.73	0.00	-27.40
586.50	1296.26	0.00	-31.11
586.60	1284.66	0.00	-34.54
586.70	1269.11	0.00	-37.69
586.80	1249.81	0.00	-40.56
586.90	1226.98	0.00	-43.14
587.00	1200.87	0.00	-45.44
587.10	1172.59	0.00	-47.46
587.20	1142.83	0.00	-49.21
587.30	1111.73	0.00	-50.69
587.40	1079.39	0.00	-51.92
587.50	1045.93	0.00	-52.90
587.60	1011.47	0.00	-53.64
587.70	976.12	0.00	-54.16
587.80	939.98	0.00	-54.47
587.90	903.14	0.00	-54.58
588.00	865.71	0.00	-54.51
588.10	827.76	0.00	-54.26
588.20	789.40	0.00	-53.87
588.30	750.70	0.00	-53.33
588.40	711.73	0.00	-52.67
588.50	672.58	0.00	-51.90
588.60	633.31	0.00	-51.03
588.70	593.99	0.00	-50.09
588.80	554.68	0.00	-49.07
588.90	515.44	0.00	-47.99
589.00	476.33	0.00	-46.87
589.10	437.40	0.00	-45.71
589.20	398.70	0.00	-44.53
589.30	360.28	0.00	-43.33
589.40	322.19	0.00	-42.12
589.50	284.46	0.00	-40.90
589.60	247.15	0.00	-39.68
589.70	210.30	0.00	-38.47
589.80	173.93	0.00	-37.27
589.90	138.09	0.00	-36.07
590.00	102.82	0.00	-34.89
590.10	68.15	0.00	-33.72
590.20	34.12	0.00	-32.55
590.30	0.75	0.00	-31.40
590.40	-31.90	0.00	-30.26
590.50	-63.82	0.00	-29.12
590.60	-94.96	0.00	-27.98
590.70	-125.29	0.00	-26.84
590.80	-154.79	0.00	-25.70
590.90	-183.41	0.00	-24.55
591.00	-211.13	0.00	-23.40
591.10	-237.92	0.00	-22.22
591.20	-263.74	0.00	-21.04
591.30	-288.58	0.00	-19.83
591.40	-312.39	0.00	-18.61
591.50	-335.15	0.00	-17.37
591.60	-356.84	0.00	-16.10
591.70	-377.44	0.00	-14.82
591.80	-396.93	0.00	-13.51
591.90	-415.29	0.00	-12.18
592.00	-432.51	0.00	-10.84
592.10	-448.58	0.00	-9.48
592.20	-463.49	0.00	-8.12
592.30	-477.23	0.00	-6.74
592.40	-489.82	0.00	-5.37
592.50	-501.26	0.00	-4.01
592.60	-511.55	0.00	-2.65
592.70	-520.72	0.00	-1.32
592.80	-528.78	0.00	-0.02
592.90	-535.76	0.00	1.25
593.00	-541.69	0.00	2.48
593.10	-546.60	0.00	3.64
593.20	-550.54	0.00	4.75
593.30	-553.55	0.00	5.79
593.40	-555.68	0.00	6.74
593.50	-556.97	0.00	7.61
593.60	-557.50	0.00	8.38
593.70	-557.31	0.00	9.05
593.80	-556.47	0.00	9.60
593.90	-555.05	0.00	10.03
594.00	-553.10	0.00	10.35
594.10	-550.71	0.00	10.53
594.20	-547.93	0.00	10.58
594.30	-544.84	0.00	10.50
594.40	-541.50	0.00	10.28
594.50	-538.01	0.00	9.93
594.60	-534.65	0.00	9.44
594.70	-531.52	0.00	8.83
594.80	-528.67	0.00	8.08
594.90	-526.13	0.00	7.22
595.00	-523.96	0.00	6.24
595.10	-522.18	0.00	5.16
595.20	-520.82	0.00	3.99
595.30	-519.91	0.00	2.73
595.40	-519.45	0.00	1.41
595.50	-519.45	0.00	0.03
595.60	-519.91	0.00	-1.39
595.70	-520.82	0.00	-2.83
595.80	-522.15	0.00	-4.28
595.90	-523.88	0.00	-5.71
596.00	-525.95	0.00	-7.10
596.10	-528.33	0.00	-8.44
596.20	-530.94	0.00	-9.71
596.30	-533.71	0.00	-10.87
596.40	-536.57	0.00	-11.92
596.50	-539.42	0.00	-12.83
596.60	-542.15	0.00	-13.59
596.70	-544.65	0.00	-14.16
596.80	-546.80	0.00	-14.53
596.90	-548.47	0.00	-14.68
597.00	-549.51	0.00	-14.60
597.10	-549.78	0.00	-14.26
597.20	-549.13	0.00	-13.66
597.30	-547.39	0.00	-12.78
597.40	-544.40	0.00	-11.61
597.50	-539.99	0.00	-10.13
597.60	-533.98	0.00	-8.35
597.70	-526.20	0.00	-6.26
597.80	-516.48	0.00	-3.85
597.90	-504.64	0.00	-1.13
598.00	-490.52	0.00	1.90
598.10	-473.95	0.00	5.23
598.20	-454.76	0.00	8.86
598.30	-432.82	0.00	12.76
598.40	-407.97	0.00	16.94
598.50	-380.10	0.00	21.35
598.60	-349.07	0.00	25.99
598.70	-314.80	0.00	30.84
598.80	-277.21	0.00	35.85
598.90	-236.22	0.00	41.01
599.00	-191.81	0.00	46.27
599.10	-143.96	0.00	51.61
599.20	-92.67	0.00	56.99
599.30	-37.99	0.00	62.36
599.40	20.02	0.00	67.69
599.50	81.25	0.00	72.93
599.60	145.59	0.00	78.04
599.70	212.86	0.00	82.97
599.80	282.86	0.00	87.68
599.90	355.36	0.00	92.12
600.00	430.10	0.00	96.24
