Time(s)	Fx(N)	Fy(N)	Fz(N)
0.00	4075.68	0.00	-48066.89
0.10	-173.99	0.00	-49289.45
0.20	-4686.82	0.00	-50124.99
0.30	-9417.15	0.00	-50535.03
0.40	-14313.45	0.00	-50486.68
0.50	-19318.93	0.00	-49953.33
0.60	-24372.31	0.00	-48915.34
0.70	-29408.73	0.00	-47360.56
0.80	-34360.76	0.00	-45284.74
0.90	-39159.48	0.00	-42691.89
1.00	-43735.71	0.00	-39594.42
1.10	-48021.21	0.00	-36013.16
1.20	-51950.01	0.00	-31977.24
1.30	-55459.68	0.00	-27523.82
1.40	-58492.61	0.00	-22697.64
1.50	-60997.21	0.00	-17550.42
1.60	-62929.08	0.00	-12140.14
1.70	-64252.01	0.00	-6530.15
1.80	-64938.83	0.00	-788.16
1.90	-64972.16	0.00	5014.84
2.00	-64368.82	0.00	10805.80
2.10	-63155.80	0.00	16510.86
2.20	-61343.68	0.00	22056.65
2.30	-58951.82	0.00	27371.61
2.40	-56008.14	0.00	32387.30
2.50	-52548.88	0.00	37039.65
2.60	-48618.10	0.00	41270.19
2.70	-44267.07	0.00	45027.11
2.80	-39553.49	0.00	48266.26
2.90	-34540.59	0.00	50952.02
3.00	-29296.10	0.00	53057.93
3.10	-23891.08	0.00	54567.22
3.20	-18398.66	0.00	55473.10
3.30	-12892.74	0.00	55778.87
3.40	-7446.59	0.00	55497.81
3.50	-2131.48	0.00	54652.88
3.60	2984.73	0.00	53276.17
3.70	7838.86	0.00	51408.25
3.80	12373.69	0.00	49097.23
3.90	16539.09	0.00	46397.76
4.00	20292.96	0.00	43369.83
4.10	23602.07	0.00	40077.49
4.20	26442.64	0.00	36587.48
4.30	28800.70	0.00	32967.82
4.40	30672.29	0.00	29286.33
4.50	32063.33	0.00	25609.27
4.60	32989.34	0.00	21999.93
4.70	33474.86	0.00	18517.32
4.80	33552.72	0.00	15215.01
4.90	33263.09	0.00	12140.05
5.00	32652.38	0.00	9332.08
5.10	31771.96	0.00	6822.61
5.20	30676.89	0.00	4634.47
5.30	29424.43	0.00	2781.48
5.40	28072.68	0.00	1268.36
5.50	26679.09	0.00	90.76
5.60	25299.12	0.00	-764.42
5.70	23984.87	0.00	-1318.57
5.80	22783.91	0.00	-1600.71
5.90	21738.14	0.00	-1646.63
6.00	20882.91	0.00	-1497.97
6.10	20246.96	0.00	-1201.13
6.20	19853.76	0.00	-806.04
6.30	19715.17	0.00	-364.93
6.40	19834.21	0.00	68.93
6.50	20205.50	0.00	442.59
6.60	20815.44	0.00	704.68
6.70	21642.52	0.00	806.66
6.80	22657.84	0.00	704.02
6.90	23825.83	0.00	357.33
7.00	25104.99	0.00	-266.74
7.10	26448.89	0.00	-1194.63
7.20	27807.20	0.00	-2445.14
7.30	29126.80	0.00	-4028.97
7.40	30352.96	0.00	-5948.34
7.50	31430.59	0.00	-8196.78
7.60	32305.39	0.00	-10759.23
7.70	32925.11	0.00	-13612.13
7.80	33240.71	0.00	-16723.91
7.90	33207.45	0.00	-20055.42
8.00	32785.94	0.00	-23560.76
8.10	31943.08	0.00	-27188.05
8.20	30652.88	0.00	-30880.47
8.30	28897.19	0.00	-34577.35
8.40	26666.22	0.00	-38215.38
8.50	23958.99	0.00	-41729.87
8.60	20783.55	0.00	-45056.05
8.70	17157.08	0.00	-48130.39
8.80	13105.77	0.00	-50891.93
8.90	8664.57	0.00	-53283.53
9.00	3876.70	0.00	-55253.06
9.10	-1206.97	0.00	-56754.54
9.20	-6528.74	0.00	-57749.10
9.30	-12025.06	0.00	-58205.82
9.40	-17627.60	0.00	-58102.43
9.50	-23264.58	0.00	-57425.82
9.60	-28862.01	0.00	-56172.34
9.70	-34345.23	0.00	-54347.92
9.80	-39640.28	0.00	-51967.99
9.90	-44675.44	0.00	-49057.18
10.00	-49382.65	0.00	-45648.84
10.10	-53698.92	0.00	-41784.37
10.20	-57567.61	0.00	-37512.38
10.30	-60939.59	0.00	-32887.67
10.40	-63774.23	0.00	-27970.12
10.50	-66040.18	0.00	-22823.45
10.60	-67715.96	0.00	-17513.90
10.70	-68790.29	0.00	-12108.88
10.80	-69267.35	0.00	-6675.61
10.90	-69198.02	0.00	-1279.76
11.00	-68609.67	0.00	4015.86
11.10	-67527.97	0.00	9152.54
11.20	-65985.30	0.00	14076.73
11.30	-64019.94	0.00	18741.10
11.40	-61675.18	0.00	23105.28
11.50	-58998.25	0.00	27136.61
11.60	-56039.27	0.00	30810.52
11.70	-52850.12	0.00	34110.83
11.80	-49483.24	0.00	37029.85
11.90	-45990.47	0.00	39568.19
12.00	-42421.93	0.00	41734.46
12.10	-38824.87	0.00	43544.75
12.20	-35242.71	0.00	45021.96
12.30	-31714.06	0.00	46194.92
12.40	-28271.90	0.00	47097.45
12.50	-24943.00	0.00	47767.29
12.60	-21747.30	0.00	48244.92
12.70	-18697.66	0.00	48572.35
12.80	-15799.64	0.00	48791.90
12.90	-13051.56	0.00	48944.98
13.00	-10444.68	0.00	49070.89
13.10	-7963.64	0.00	49205.68
13.20	-5586.94	0.00	49381.13
13.30	-3287.72	0.00	49623.83
13.40	-1034.57	0.00	49954.36
13.50	1207.46	0.00	50386.67
13.60	3475.83	0.00	50927.57
13.70	5809.33	0.00	51576.44
13.80	8246.93	0.00	52325.09
13.90	10826.52	0.00	53157.82
14.00	13583.78	0.00	54051.63
14.10	16550.95	0.00	54976.63
14.20	19755.73	0.00	55896.57
14.30	23220.28	0.00	56769.60
14.40	26960.25	0.00	57549.05
14.50	30983.99	0.00	58184.46
14.60	35291.90	0.00	58622.54
14.70	39875.85	0.00	58808.36
14.80	44718.92	0.00	58686.51
14.90	49795.15	0.00	58202.27
15.00	55069.57	0.00	57302.86
15.10	60498.41	0.00	55938.56
15.20	66029.45	0.00	54063.92
15.30	71602.61	0.00	51638.78
15.40	77150.69	0.00	48629.32
15.50	82600.26	0.00	45008.93
15.60	87872.75	0.00	40759.03
15.70	92885.66	0.00	35869.72
15.80	97558.51	0.00	30340.30
15.90	101886.66	0.00	24179.73
16.00	105824.99	0.00	17406.81
16.10	109302.31	0.00	10050.30
16.20	112248.51	0.00	2148.90
16.30	114595.47	0.00	-6248.99
16.40	116277.93	0.00	-15085.60
16.50	117234.35	0.00	-24294.30
16.60	117407.76	0.00	-33800.18
16.70	116746.61	0.00	-43520.86
16.80	115205.65	0.00	-53367.34
16.90	112746.67	0.00	-63245.00
17.00	109339.39	0.00	-73054.67
17.10	104962.21	0.00	-82693.81
17.20	99603.01	0.00	-92057.78
17.30	93259.82	0.00	-101041.11
17.40	85941.52	0.00	-109538.88
17.50	77668.45	0.00	-117448.08
17.60	68472.85	0.00	-124668.98
17.70	58399.24	0.00	-131106.54
17.80	47504.68	0.00	-136671.71
17.90	35858.79	0.00	-141282.76
18.00	23543.62	0.00	-144866.49
18.10	10653.28	0.00	-147359.36
18.20	-2706.64	0.00	-148708.55
18.30	-16419.92	0.00	-148872.85
18.40	-30360.78	0.00	-147823.42
18.50	-44395.25	0.00	-145544.42
18.60	-58382.73	0.00	-142033.44
18.70	-72177.81	0.00	-137301.78
18.80	-85632.28	0.00	-131374.52
18.90	-98597.30	0.00	-124290.41
19.00	-110925.69	0.00	-116101.57
19.10	-122474.30	0.00	-106873.00
19.20	-133106.44	0.00	-96681.91
19.30	-142694.16	0.00	-85616.88
19.40	-151120.60	0.00	-73776.81
19.50	-158282.05	0.00	-61269.79
19.60	-164089.91	0.00	-48211.81
19.70	-168472.26	0.00	-34725.32
19.80	-171375.31	0.00	-20937.76
19.90	-172764.35	0.00	-6979.97
20.00	-172673.29	0.00	7015.42
20.10	-171366.03	0.00	20915.63
20.20	-168894.40	0.00	34589.35
20.30	-165280.64	0.00	47908.39
20.40	-160555.96	0.00	60749.21
20.50	-154760.42	0.00	72994.44
20.60	-147942.83	0.00	84534.29
20.70	-140160.61	0.00	95267.80
20.80	-131479.54	0.00	105104.06
20.90	-121973.48	0.00	113963.21
21.00	-111723.91	0.00	121777.31
21.10	-100819.45	0.00	128491.04
21.20	-89355.15	0.00	134062.22
21.30	-77431.72	0.00	138462.15
21.40	-65154.54	0.00	141675.77
21.50	-52632.60	0.00	143701.57
21.60	-39977.26	0.00	144551.45
21.70	-27300.88	0.00	144250.19
21.80	-14715.45	0.00	142834.96
21.90	-2331.02	0.00	140354.47
22.00	9745.80	0.00	136868.10
22.10	21413.34	0.00	132444.79
22.20	32576.40	0.00	127161.89
22.30	43147.60	0.00	121103.79
22.40	53048.66	0.00	114360.63
22.50	62211.50	0.00	107026.74
22.60	70579.15	0.00	99199.24
22.70	78106.43	0.00	90976.51
22.80	84760.36	0.00	82456.71
22.90	90520.39	0.00	73736.36
23.00	95378.31	0.00	64908.96
23.10	99337.85	0.00	56063.74
23.20	102414.19	0.00	47284.47
23.30	104633.05	0.00	38648.50
23.40	106029.74	0.00	30225.86
23.50	106647.94	0.00	22078.59
23.60	106538.40	0.00	14260.23
23.70	105757.50	0.00	6815.49
23.80	104365.78	0.00	-219.87
23.90	102426.48	0.00	-6818.97
24.00	100004.08	0.00	-12963.61
24.10	97162.91	0.00	-18643.88
24.20	93965.85	0.00	-23857.54
24.30	90480.25	0.00	-28609.41
24.40	86830.55	0.00	-32910.53
24.50	83076.72	0.00	-36777.27
24.60	79254.29	0.00	-40230.39
24.70	75393.48	0.00	-43294.08
24.80	71519.10	0.00	-45994.88
24.90	67650.64	0.00	-48360.81
25.00	63802.40	0.00	-50420.33
25.10	59983.88	0.00	-52201.50
25.20	56200.09	0.00	-53731.19
25.30	52452.16	0.00	-55034.40
25.40	48737.86	0.00	-56133.63
25.50	45052.26	0.00	-57048.46
25.60	41388.45	0.00	-57795.24
25.70	37738.22	0.00	-58386.87
25.80	34092.75	0.00	-58832.75
25.90	30443.34	0.00	-59138.87
26.00	26782.05	0.00	-59307.99
26.10	23102.25	0.00	-59339.91
26.20	19399.21	0.00	-59231.90
26.30	15670.45	0.00	-58979.12
26.40	11916.15	0.00	-58575.19
26.50	8139.34	0.00	-58012.70
26.60	4346.02	0.00	-57283.80
26.70	545.21	0.00	-56380.78
26.80	-3251.20	0.00	-55296.64
26.90	-7028.60	0.00	-54025.56
27.00	-10769.96	0.00	-52563.39
27.10	-14456.23	0.00	-50908.04
27.20	-18066.73	0.00	-49059.78
27.30	-21579.71	0.00	-47021.47
27.40	-24972.83	0.00	-44798.70
27.50	-28223.73	0.00	-42399.81
27.60	-31310.55	0.00	-39835.84
27.70	-34212.51	0.00	-37120.38
27.80	-36910.36	0.00	-34269.36
27.90	-39386.84	0.00	-31300.70
28.00	-41627.04	0.00	-28234.02
28.10	-43618.70	0.00	-25090.15
28.20	-45352.43	0.00	-21890.76
28.30	-46821.81	0.00	-18657.85
28.40	-48023.43	0.00	-15413.34
28.50	-48956.82	0.00	-12178.62
28.60	-49624.28	0.00	-8974.16
28.70	-50030.66	0.00	-5819.11
28.80	-50183.04	0.00	-2731.10
28.90	-50090.43	0.00	274.07
29.00	-49763.32	0.00	3182.54
29.10	-49213.29	0.00	5982.42
29.20	-48452.62	0.00	8663.83
29.30	-47493.86	0.00	11218.78
29.40	-46349.50	0.00	13640.96
29.50	-45031.64	0.00	15925.58
29.60	-43553.85	0.00	18069.01
29.70	-41942.72	0.00	20068.50
29.80	-40209.23	0.00	21921.80
29.90	-38359.54	0.00	23626.82
30.00	-36398.84	0.00	25181.28
30.10	-34331.57	0.00	26582.38
30.20	-32161.62	0.00	27826.54
30.30	-29892.73	0.00	28909.20
30.40	-27528.83	0.00	29824.63
30.50	-25074.45	0.00	30565.96
30.60	-22535.17	0.00	31125.13
30.70	-19918.04	0.00	31493.07
30.80	-17231.97	0.00	31659.91
30.90	-14488.15	0.00	31615.32
31.00	-11700.30	0.00	31348.86
31.10	-8884.94	0.00	30850.49
31.20	-6061.54	0.00	30111.08
31.30	-3252.53	0.00	29122.95
31.40	-483.23	0.00	27880.52
31.50	2218.32	0.00	26380.84
31.60	4821.72	0.00	24624.14
31.70	7294.58	0.00	22614.39
31.80	9603.16	0.00	20359.74
31.90	11712.89	0.00	17872.87
32.00	13589.21	0.00	15171.27
32.10	15198.29	0.00	12277.41
32.20	16507.88	0.00	9218.75
32.30	17488.17	0.00	6027.66
32.40	18112.62	0.00	2741.19
32.50	18358.78	0.00	-599.33
32.60	18209.03	0.00	-3948.70
32.70	17651.30	0.00	-7258.54
32.80	16679.56	0.00	-10477.92
32.90	15294.37	0.00	-13554.21
33.00	13503.15	0.00	-16433.94
33.10	11320.38	0.00	-19063.70
33.20	8767.66	0.00	-21391.10
33.30	5873.57	0.00	-23365.74
33.40	2673.45	0.00	-24940.14
33.50	-790.96	0.00	-26070.70
33.60	-4472.08	0.00	-26718.56
33.70	-8317.02	0.00	-26850.37
33.80	-12268.36	0.00	-26439.08
33.90	-16264.87	0.00	-25464.56
34.00	-20242.35	0.00	-23914.10
34.10	-24134.52	0.00	-21782.89
34.20	-27873.93	0.00	-19074.30
34.30	-31392.81	0.00	-15800.07
34.40	-34624.04	0.00	-11980.38
34.50	-37502.00	0.00	-7643.85
34.60	-39963.47	0.00	-2827.30
34.70	-41948.42	0.00	2424.46
34.80	-43400.90	0.00	8059.05
34.90	-44269.76	0.00	14017.00
35.00	-44509.42	0.00	20232.35
35.10	-44080.54	0.00	26633.31
35.20	-42950.76	0.00	33143.04
35.30	-41095.26	0.00	39680.51
35.40	-38497.40	0.00	46161.37
35.50	-35149.21	0.00	52498.98
35.60	-31051.90	0.00	58605.42
35.70	-26216.28	0.00	64392.57
35.80	-20663.08	0.00	69773.22
35.90	-14423.22	0.00	74662.19
36.00	-7537.95	0.00	78977.53
36.10	-58.83	0.00	82641.57
36.20	7952.33	0.00	85582.14
36.30	16423.76	0.00	87733.58
36.40	25274.20	0.00	89037.81
36.50	34413.49	0.00	89445.30
36.60	43743.37	0.00	88915.96
36.70	53158.54	0.00	87419.89
36.80	62547.77	0.00	84938.07
36.90	71795.34	0.00	81462.89
37.00	80782.54	0.00	76998.52
37.10	89389.37	0.00	71561.14
37.20	97496.33	0.00	65179.01
37.30	104986.33	0.00	57892.33
37.40	111746.59	0.00	49752.97
37.50	117670.59	0.00	40824.01
37.60	122712.30	0.00	31179.08
37.70	126907.55	0.00	20901.59
37.80	130199.27	0.00	10083.76
37.90	132533.99	0.00	-1174.47
38.00	133866.15	0.00	-12766.60
38.10	134158.50	0.00	-24580.94
38.20	133382.48	0.00	-36501.94
38.30	131518.56	0.00	-48411.63
38.40	128556.50	0.00	-60191.08
38.50	124495.62	0.00	-71721.88
38.60	119344.99	0.00	-82887.58
38.70	113123.58	0.00	-93575.03
38.80	105860.36	0.00	-103675.82
38.90	97594.30	0.00	-113087.40
39.00	88374.36	0.00	-121714.31
39.10	78259.33	0.00	-129469.18
39.20	67317.60	0.00	-136273.58
39.30	55626.82	0.00	-142058.84
39.40	43273.44	0.00	-146766.59
39.50	30352.15	0.00	-150349.29
39.60	16965.15	0.00	-152770.48
39.70	3221.32	0.00	-154005.02
39.80	-10764.70	0.00	-154039.05
39.90	-24873.62	0.00	-152869.97
40.00	-38982.66	0.00	-150506.18
40.10	-52966.83	0.00	-146966.77
40.20	-66700.25	0.00	-142281.09
40.30	-80057.62	0.00	-136488.26
40.40	-92915.58	0.00	-129636.53
40.50	-105154.23	0.00	-121782.71
40.60	-116658.53	0.00	-112991.42
40.70	-127319.71	0.00	-103334.34
40.80	-137036.64	0.00	-92889.46
40.90	-145717.03	0.00	-81740.31
41.00	-153278.60	0.00	-69975.08
41.10	-159650.10	0.00	-57685.91
41.20	-164772.16	0.00	-44967.98
41.30	-168597.99	0.00	-31918.77
41.40	-171093.92	0.00	-18637.27
41.50	-172239.70	0.00	-5223.16
41.60	-172170.42	0.00	8223.91
41.70	-171093.47	0.00	21605.04
41.80	-169019.49	0.00	34822.82
41.90	-165961.36	0.00	47782.00
42.00	-161935.86	0.00	60390.12
42.10	-156963.75	0.00	72558.17
42.20	-151069.87	0.00	84201.13
42.30	-144283.37	0.00	95238.54
42.40	-136637.93	0.00	105595.03
42.50	-128171.97	0.00	115200.77
42.60	-118928.94	0.00	123991.95
42.70	-108957.45	0.00	131911.12
42.80	-98311.49	0.00	138907.62
42.90	-87050.54	0.00	144937.81
43.00	-75239.58	0.00	149965.39
43.10	-62949.03	0.00	153961.61
43.20	-50254.60	0.00	156905.40
43.30	-37237.03	0.00	158783.53
43.40	-23981.65	0.00	159590.62
43.50	-10577.92	0.00	159329.19
43.60	2881.26	0.00	158009.54
43.70	16300.25	0.00	155649.68
43.80	29581.54	0.00	152275.15
43.90	42626.74	0.00	147918.74
44.00	55337.55	0.00	142620.23
44.10	67616.87	0.00	136426.02
44.20	79369.94	0.00	129388.70
44.30	90505.47	0.00	121566.59
44.40	100936.77	0.00	113023.24
44.50	110582.83	0.00	103826.80
44.60	119369.41	0.00	94049.50
44.70	127229.95	0.00	83766.93
44.80	134106.47	0.00	73057.42
44.90	139950.26	0.00	62001.34
45.00	144722.53	0.00	50680.42
45.10	148394.81	0.00	39177.04
45.20	150949.30	0.00	27573.53
45.30	152378.94	0.00	15951.52
45.40	152687.41	0.00	4391.27
45.50	151888.92	0.00	-7028.92
45.60	150032.38	0.00	-18233.35
45.70	147344.51	0.00	-29149.39
45.80	143895.90	0.00	-39708.04
45.90	139716.49	0.00	-49844.34
46.00	134838.87	0.00	-59497.76
46.10	129298.28	0.00	-68612.57
46.20	123132.53	0.00	-77138.10
46.30	116381.95	0.00	-85028.97
46.40	109089.41	0.00	-92245.34
46.50	101300.28	0.00	-98752.95
46.60	93062.35	0.00	-104523.32
46.70	84425.81	0.00	-109533.74
46.80	75443.13	0.00	-113767.30
46.90	66168.95	0.00	-117212.91
47.00	56659.87	0.00	-119865.22
47.10	46974.27	0.00	-121724.54
47.20	37171.99	0.00	-122796.77
47.30	27314.05	0.00	-123093.23
47.40	17462.18	0.00	-122630.52
47.50	7678.47	0.00	-121430.34
47.60	-1975.18	0.00	-119519.24
47.70	-11437.60	0.00	-116928.40
47.80	-20648.88	0.00	-113693.34
47.90	-29551.04	0.00	-109853.62
48.00	-38088.58	0.00	-105452.48
48.10	-46209.15	0.00	-100536.45
48.20	-53864.16	0.00	-95154.95
48.30	-61009.32	0.00	-89359.84
48.40	-67605.23	0.00	-83204.94
48.50	-73617.88	0.00	-76745.49
48.60	-79019.04	0.00	-70037.67
48.70	-83786.61	0.00	-63138.01
48.80	-87904.89	0.00	-56102.82
48.90	-91364.75	0.00	-48987.67
49.00	-94163.61	0.00	-41846.75
49.10	-96305.48	0.00	-34732.41
49.20	-97800.70	0.00	-27694.53
49.30	-98665.73	0.00	-20780.08
49.40	-98922.74	0.00	-14032.66
49.50	-98599.16	0.00	-7492.04
49.60	-97727.14	0.00	-1193.82
49.70	-96342.88	0.00	4830.85
49.80	-94486.04	0.00	10555.54
49.90	-92212.15	0.00	15958.68
50.00	-89637.84	0.00	21023.65
50.10	-86812.16	0.00	25738.82
50.20	-83771.43	0.00	30097.46
50.30	-80551.11	0.00	34097.62
50.40	-77185.33	0.00	37741.95
50.50	-73706.54	0.00	41037.38
50.60	-70145.11	0.00	43994.83
50.70	-66529.04	0.00	46628.82
50.80	-62883.58	0.00	48957.02
50.90	-59231.04	0.00	50999.78
51.00	-55590.53	0.00	52779.64
51.10	-51977.82	0.00	54320.79
51.20	-48405.20	0.00	55648.52
51.30	-44881.43	0.00	56788.66
51.40	-41411.73	0.00	57767.06
51.50	-37997.87	0.00	58609.03
51.60	-34638.25	0.00	59338.81
51.70	-31328.09	0.00	59979.10
51.80	-28059.68	0.00	60550.58
51.90	-24822.65	0.00	61071.49
52.00	-21604.32	0.00	61557.29
52.10	-18390.08	0.00	62020.29
52.20	-15163.86	0.00	62469.44
52.30	-11908.55	0.00	62910.10
52.40	-8606.54	0.00	63343.93
52.50	-5240.24	0.00	63768.82
52.60	-1792.59	0.00	64178.93
52.70	1752.39	0.00	64564.72
52.80	5409.02	0.00	64913.16
52.90	9189.49	0.00	65207.96
53.00	13103.34	0.00	65429.82
53.10	17156.99	0.00	65556.84
53.20	21353.32	0.00	65564.91
53.30	25691.31	0.00	65428.18
53.40	30165.74	0.00	65119.60
53.50	34766.95	0.00	64611.45
53.60	39480.71	0.00	63875.93
53.70	44288.12	0.00	62885.72
53.80	49165.70	0.00	61614.63
53.90	54085.44	0.00	60038.13
54.00	59015.09	0.00	58133.96
54.10	63918.43	0.00	55882.64
54.20	68755.70	0.00	53267.99
54.30	73484.07	0.00	50277.57
54.40	78058.27	0.00	46903.04
54.50	82431.19	0.00	43140.51
54.60	86554.60	0.00	38990.76
54.70	90379.89	0.00	34459.40
54.80	93858.91	0.00	29556.96
54.90	96944.69	0.00	24298.87
55.00	99592.28	0.00	18705.37
55.10	101809.37	0.00	12801.31
55.20	103629.99	0.00	6615.96
55.30	105025.48	0.00	182.62
55.40	105969.24	0.00	-6461.75
55.50	106437.40	0.00	-13276.95
55.60	106409.10	0.00	-20220.05
55.70	105866.66	0.00	-27245.93
55.80	104795.78	0.00	-34307.80
55.90	103185.67	0.00	-41357.76
56.00	101029.15	0.00	-48347.38
56.10	98322.68	0.00	-55228.22
56.20	95066.42	0.00	-61952.40
56.30	91264.21	0.00	-68473.03
56.40	86923.52	0.00	-74744.73
56.50	82055.44	0.00	-80723.99
56.60	76674.54	0.00	-86369.55
56.70	70798.84	0.00	-91642.71
56.80	64449.65	0.00	-96507.55
56.90	57651.47	0.00	-100931.14
57.00	50431.86	0.00	-104883.68
57.10	42821.33	0.00	-108338.53
57.20	34853.16	0.00	-111272.33
57.30	26563.29	0.00	-113664.90
57.40	17990.21	0.00	-115499.26
57.50	9174.76	0.00	-116761.56
57.60	160.08	0.00	-117440.95
57.70	-9008.61	0.00	-117529.52
57.80	-18284.06	0.00	-117022.18
57.90	-27617.20	0.00	-115916.56
58.00	-36957.26	0.00	-114212.94
58.10	-46251.95	0.00	-111914.18
58.20	-55447.62	0.00	-109025.64
58.30	-64489.50	0.00	-105555.19
58.40	-73321.92	0.00	-101513.17
58.50	-81888.60	0.00	-96912.47
58.60	-90132.95	0.00	-91768.49
58.70	-97998.41	0.00	-86099.29
58.80	-105428.89	0.00	-79925.59
58.90	-112369.19	0.00	-73270.91
59.00	-118765.48	0.00	-66161.61
59.10	-124565.87	0.00	-58626.99
59.20	-129720.93	0.00	-50699.32
59.30	-134184.29	0.00	-42413.91
59.40	-137913.29	0.00	-33809.08
59.50	-140869.55	0.00	-24926.11
59.60	-143019.56	0.00	-15809.20
59.70	-144357.76	0.00	-6505.24
59.80	-145044.29	0.00	2936.27
59.90	-145104.49	0.00	12463.58
60.00	-144526.46	0.00	22022.94
60.10	-143300.42	0.00	31559.01
60.20	-141419.03	0.00	41015.27
60.30	-138877.65	0.00	50334.45
60.40	-135674.65	0.00	59459.11
60.50	-131811.76	0.00	68332.14
60.60	-127294.25	0.00	76897.34
60.70	-122131.26	0.00	85099.95
60.80	-116336.00	0.00	92887.29
60.90	-109925.88	0.00	100209.24
61.00	-102922.68	0.00	107018.81
61.10	-95352.58	0.00	113272.62
61.20	-87246.17	0.00	118931.34
61.30	-78638.41	0.00	123960.06
61.40	-69568.44	0.00	128328.59
61.50	-60079.45	0.00	132011.73
61.60	-50218.38	0.00	134989.42
61.70	-40035.62	0.00	137246.80
61.80	-29584.61	0.00	138774.25
61.90	-18921.47	0.00	139567.25
62.00	-8104.53	0.00	139626.32
62.10	2806.18	0.00	138956.73
62.20	13749.35	0.00	137568.25
62.30	24662.96	0.00	135474.84
62.40	35484.70	0.00	132694.29
62.50	46152.51	0.00	129247.80
62.60	56604.96	0.00	125159.62
62.70	66781.74	0.00	120456.64
62.80	76623.96	0.00	115168.00
62.90	86074.59	0.00	109324.70
63.00	95078.66	0.00	102959.31
63.10	103583.61	0.00	96105.64
63.20	111539.50	0.00	88798.52
63.30	118899.17	0.00	81073.60
63.40	125618.49	0.00	72967.19
63.50	131656.46	0.00	64516.23
63.60	136975.40	0.00	55758.24
63.70	141541.11	0.00	46731.33
63.80	145323.03	0.00	37474.32
63.90	148294.40	0.00	28026.77
64.00	150432.49	0.00	18429.20
64.10	151718.81	0.00	8723.15
64.20	152139.33	0.00	-1048.62
64.30	151802.56	0.00	-10842.03
64.40	150853.13	0.00	-20611.56
64.50	149284.75	0.00	-30310.21
64.60	147090.98	0.00	-39889.50
64.70	144266.26	0.00	-49299.50
64.80	140806.44	0.00	-58488.98
64.90	136709.34	0.00	-67405.63
65.00	131975.43	0.00	-75996.37
65.10	126608.44	0.00	-84207.75
65.20	120616.05	0.00	-91986.38
65.30	114010.49	0.00	-99279.56
65.40	106809.20	0.00	-106035.86
65.50	99035.30	0.00	-112205.87
65.60	90718.08	0.00	-117742.90
65.70	81893.29	0.00	-122603.76
65.80	72603.37	0.00	-126749.59
65.90	62897.47	0.00	-130146.60
66.00	52831.32	0.00	-132766.84
66.10	42466.95	0.00	-134588.86
66.20	31872.19	0.00	-135598.37
66.30	21120.00	0.00	-135788.74
66.40	10287.63	0.00	-135161.40
66.50	-544.39	0.00	-133726.10
66.60	-11293.40	0.00	-131501.04
66.70	-21875.88	0.00	-128512.84
66.80	-32208.82	0.00	-124796.32
66.90	-42211.13	0.00	-120394.12
67.00	-51805.06	0.00	-115356.19
67.10	-60917.61	0.00	-109739.06
67.20	-69481.87	0.00	-103605.01
67.30	-77438.25	0.00	-97021.11
67.40	-84735.58	0.00	-90058.11
67.50	-91331.97	0.00	-82789.28
67.60	-97195.58	0.00	-75289.15
67.70	-102305.00	0.00	-67632.29
67.80	-106649.55	0.00	-59891.96
67.90	-110229.17	0.00	-52138.93
68.00	-113054.20	0.00	-44440.23
68.10	-115144.77	0.00	-36858.05
68.20	-116530.09	0.00	-29448.75
68.30	-117247.46	0.00	-22261.96
68.40	-117341.09	0.00	-15339.88
68.50	-116860.87	0.00	-8716.74
68.60	-115860.92	0.00	-2418.37
68.70	-114398.14	0.00	3537.88
68.80	-112530.74	0.00	9143.22
68.90	-110364.92	0.00	14397.14
69.00	-108046.18	0.00	19307.07
69.10	-105621.06	0.00	23887.79
69.20	-103129.01	0.00	28160.75
69.30	-100604.08	0.00	32153.14
69.40	-98074.35	0.00	35896.99
69.50	-95561.39	0.00	39428.05
69.60	-93079.96	0.00	42784.70
69.70	-90637.73	0.00	46006.74
69.80	-88235.25	0.00	49134.20
69.90	-85866.04	0.00	52206.22
70.00	-83516.81	0.00	55259.86
70.10	-81167.82	0.00	58329.06
70.20	-78793.40	0.00	61443.66
70.30	-76362.59	0.00	64628.50
70.40	-73839.84	0.00	67902.67
70.50	-71185.89	0.00	71278.91
70.60	-68358.64	0.00	74763.09
70.70	-65314.15	0.00	78353.87
70.80	-62007.66	0.00	82042.57
70.90	-58394.62	0.00	85813.06
71.00	-54431.77	0.00	89641.95
71.10	-50078.24	0.00	93498.79
71.20	-45296.52	0.00	97346.50
71.30	-40053.55	0.00	101141.88
71.40	-34321.69	0.00	104836.22
71.50	-28079.60	0.00	108376.08
71.60	-21313.14	0.00	111704.07
71.70	-14016.09	0.00	114759.79
71.80	-6190.90	0.00	117480.77
71.90	2150.81	0.00	119803.48
72.00	10987.75	0.00	121664.36
72.10	20288.68	0.00	123000.92
72.20	30012.18	0.00	123752.75
72.30	40106.69	0.00	123862.61
72.40	50510.62	0.00	123277.42
72.50	61152.69	0.00	121949.29
72.60	71952.44	0.00	119836.39
72.70	82820.93	0.00	116903.89
72.80	93661.62	0.00	113124.67
72.90	104371.46	0.00	108480.07
73.00	114842.14	0.00	102960.44
73.10	124961.52	0.00	96565.63
73.20	134615.19	0.00	89305.32
73.30	143688.16	0.00	81199.25
73.40	152066.70	0.00	72277.28
73.50	159640.16	0.00	62579.29
73.60	166302.83	0.00	52155.01
73.70	171955.88	0.00	41063.58
73.80	176509.09	0.00	29373.11
73.90	180030.08	0.00	17159.94
74.00	182684.14	0.00	4507.91
74.10	184430.72	0.00	-8492.55
74.20	185232.02	0.00	-21745.48
74.30	185055.60	0.00	-35150.45
74.40	183874.66	0.00	-48603.74
74.50	181668.42	0.00	-61999.58
74.60	178422.45	0.00	-75231.40
74.70	174129.00	0.00	-88193.06
74.80	168787.32	0.00	-100780.16
74.90	162403.96	0.00	-112891.16
75.00	154993.08	0.00	-124428.60
75.10	146576.60	0.00	-135300.14
75.20	137184.47	0.00	-145419.53
75.30	126854.73	0.00	-154707.49
75.40	115633.57	0.00	-163092.46
75.50	103575.29	0.00	-170511.19
75.60	90742.16	0.00	-176909.25
75.70	77204.18	0.00	-182241.38
75.80	63038.76	0.00	-186471.68
75.90	48330.23	0.00	-189573.71
76.00	33169.32	0.00	-191530.45
76.10	17652.50	0.00	-192334.15
76.20	1881.20	0.00	-191986.08
76.30	-14039.02	0.00	-190496.19
76.40	-29999.35	0.00	-187882.68
76.50	-45888.80	0.00	-184171.54
76.60	-61595.16	0.00	-179396.01
76.70	-77006.11	0.00	-173596.05
76.80	-92010.31	0.00	-166817.73
76.90	-106498.54	0.00	-159112.65
77.00	-120364.74	0.00	-150537.33
77.10	-133507.14	0.00	-141152.65
77.20	-145829.28	0.00	-131023.24
77.30	-157241.02	0.00	-120216.92
77.40	-167659.43	0.00	-108804.18
77.50	-177009.69	0.00	-96857.61
77.60	-185225.79	0.00	-84451.42
77.70	-192251.28	0.00	-71660.90
77.80	-198039.71	0.00	-58562.02
77.90	-202555.18	0.00	-45230.89
78.00	-205772.53	0.00	-31743.38
78.10	-207677.62	0.00	-18174.62
78.20	-208267.29	0.00	-4598.65
78.30	-207781.02	0.00	8912.05
78.40	-206505.24	0.00	22286.87
78.50	-204453.62	0.00	35457.54
78.60	-201639.64	0.00	48358.36
78.70	-198077.12	0.00	60926.60
78.80	-193780.22	0.00	73102.79
78.90	-188763.65	0.00	84830.92
79.00	-183042.78	0.00	96058.71
79.10	-176633.83	0.00	106737.74
79.20	-169554.09	0.00	116823.63
79.30	-161822.16	0.00	126276.09
79.40	-153458.16	0.00	135058.95
79.50	-144483.99	0.00	143140.17
79.60	-134923.57	0.00	150491.80
79.70	-124803.03	0.00	157089.83
79.80	-114151.02	0.00	162914.12
79.90	-102998.85	0.00	167948.24
80.00	-91380.73	0.00	172179.27
80.10	-79333.96	0.00	175597.62
80.20	-66899.09	0.00	178196.89
80.30	-54120.05	0.00	179973.64
80.40	-41044.29	0.00	180927.27
80.50	-27722.85	0.00	181059.85
80.60	-14210.37	0.00	180376.07
80.70	-565.09	0.00	178883.12
80.80	13151.20	0.00	176590.67
80.90	26873.39	0.00	173510.91
81.00	40533.17	0.00	169658.56
81.10	54059.41	0.00	165050.98
81.20	67378.52	0.00	159708.23
81.30	80414.95	0.00	153653.23
81.40	93091.74	0.00	146911.91
81.50	105331.26	0.00	139513.27
81.60	117055.86	0.00	131489.54
81.70	128188.81	0.00	122876.29
81.80	138655.11	0.00	113712.40
81.90	148382.47	0.00	104040.15
82.00	157302.31	0.00	93905.08
82.10	165350.64	0.00	83355.91
82.20	172469.12	0.00	72444.32
82.30	178605.89	0.00	61224.69
82.40	183716.44	0.00	49753.75
82.50	187764.36	0.00	38090.14
82.60	190721.91	0.00	26293.98
82.70	192570.53	0.00	14426.29
82.80	193301.16	0.00	2548.47
82.90	192915.31	0.00	-9278.35
83.00	191665.85	0.00	-20993.86
83.10	189752.14	0.00	-32539.24
83.20	187184.71	0.00	-43857.64
83.30	183975.28	0.00	-54894.78
83.40	180136.69	0.00	-65599.40
83.50	175682.77	0.00	-75923.65
83.60	170628.19	0.00	-85823.38
83.70	164988.35	0.00	-95258.39
83.80	158779.25	0.00	-104192.50
83.90	152017.36	0.00	-112593.57
84.00	144719.56	0.00	-120433.40
84.10	136903.06	0.00	-127687.54
84.20	128585.39	0.00	-134334.96
84.30	119784.47	0.00	-140357.73
84.40	110518.69	0.00	-145740.56
84.50	100807.10	0.00	-150470.39
84.60	90669.67	0.00	-154535.84
84.70	80127.59	0.00	-157926.78
84.80	69203.71	0.00	-160633.87
84.90	57923.02	0.00	-162648.15
85.00	46313.16	0.00	-163960.75
85.10	34405.04	0.00	-164562.64
85.20	22233.42	0.00	-164444.53
85.30	9837.58	0.00	-163596.87
85.40	-2738.13	0.00	-162010.01
85.50	-15443.71	0.00	-159674.47
85.60	-28223.06	0.00	-156581.37
85.70	-41013.63	0.00	-152723.01
85.80	-53746.25	0.00	-148093.51
85.90	-66345.05	0.00	-142689.60
86.00	-78727.74	0.00	-136511.48
86.10	-90805.94	0.00	-129563.73
86.20	-102485.96	0.00	-121856.25
86.30	-113669.63	0.00	-113405.15
86.40	-124255.54	0.00	-104233.66
86.50	-134140.47	0.00	-94372.90
86.60	-143221.04	0.00	-83862.58
86.70	-151395.55	0.00	-72751.48
86.80	-158566.04	0.00	-61097.88
86.90	-164640.34	0.00	-48969.61
87.00	-169534.27	0.00	-36444.03
87.10	-173173.79	0.00	-23607.70
87.20	-175497.03	0.00	-10555.77
87.30	-176456.26	0.00	2608.80
87.40	-176019.50	0.00	15776.36
87.50	-174172.01	0.00	28831.81
87.60	-170970.30	0.00	41656.17
87.70	-166685.11	0.00	54128.22
87.80	-161364.28	0.00	66126.37
87.90	-155031.55	0.00	77530.61
88.00	-147722.13	0.00	88224.52
88.10	-139483.16	0.00	98097.30
88.20	-130373.94	0.00	107045.81
88.30	-120465.94	0.00	114976.46
88.40	-109842.57	0.00	121807.06
88.50	-98598.67	0.00	127468.44
88.60	-86839.61	0.00	131905.89
88.70	-74680.30	0.00	135080.34
88.80	-62243.63	0.00	136969.30
88.90	-49658.92	0.00	137567.42
89.00	-37059.85	0.00	136886.78
89.10	-24582.38	0.00	134956.89
89.20	-12362.37	0.00	131824.26
89.30	-533.16	0.00	127551.71
89.40	10776.93	0.00	122217.36
89.50	21447.07	0.00	115913.29
89.60	31366.30	0.00	108744.00
89.70	40435.72	0.00	100824.56
89.80	48570.50	0.00	92278.59
89.90	55701.53	0.00	83236.16
90.00	61776.75	0.00	73831.47
90.10	66762.13	0.00	64200.53
90.20	70642.16	0.00	54478.85
90.30	73419.92	0.00	44799.10
90.40	75116.79	0.00	35288.93
90.50	75771.63	0.00	26068.85
90.60	75439.64	0.00	17250.36
90.70	74190.83	0.00	8934.15
90.80	72108.19	0.00	1208.73
90.90	69285.64	0.00	-5850.87
91.00	65825.72	0.00	-12184.00
91.10	61837.24	0.00	-17745.00
91.20	57432.78	0.00	-22503.58
91.30	52726.32	0.00	-26444.77
91.40	47830.80	0.00	-29568.74
91.50	42855.87	0.00	-31890.13
91.60	37905.83	0.00	-33437.31
91.70	33077.72	0.00	-34251.22
91.80	28459.68	0.00	-34384.12
91.90	24129.54	0.00	-33898.09
92.00	20153.78	0.00	-32863.35
92.10	16586.63	0.00	-31356.55
92.20	13469.61	0.00	-29458.88
92.30	10831.27	0.00	-27254.25
92.40	8687.21	0.00	-24827.36
92.50	7040.40	0.00	-22261.91
92.60	5881.73	0.00	-19638.82
92.70	5190.80	0.00	-17034.59
92.80	4936.88	0.00	-14519.82
92.90	5080.09	0.00	-12157.88
93.00	5572.73	0.00	-10003.79
93.10	6360.70	0.00	-8103.29
93.20	7385.07	0.00	-6492.18
93.30	8583.65	0.00	-5195.90
93.40	9892.64	0.00	-4229.33
93.50	11248.24	0.00	-3596.82
93.60	12588.26	0.00	-3292.52
93.70	13853.63	0.00	-3300.87
93.80	14989.79	0.00	-3597.37
93.90	15947.98	0.00	-4149.45
94.00	16686.38	0.00	-4917.59
94.10	17171.85	0.00	-5856.53
94.20	17381.46	0.00	-6916.61
94.30	17299.06	0.00	-8045.20
94.40	16917.45	0.00	-9188.11
94.50	16238.57	0.00	-10291.12
94.60	15273.32	0.00	-11301.36
94.70	14041.19	0.00	-12168.72
94.80	12569.66	0.00	-12847.17
94.90	10893.46	0.00	-13295.93
95.00	9053.69	0.00	-13480.48
95.10	7096.71	0.00	-13373.50
95.20	5072.99	0.00	-12955.54
95.30	3035.86	0.00	-12215.52
95.40	1040.17	0.00	-11151.03
95.50	-859.07	0.00	-9768.46
95.60	-2608.05	0.00	-8082.83
95.70	-4155.47	0.00	-6117.54
95.80	-5453.85	0.00	-3903.79
95.90	-6460.66	0.00	-1479.96
96.00	-7139.40	0.00	1109.26
96.10	-7460.51	0.00	3813.87
96.20	-7402.13	0.00	6579.64
96.30	-6950.62	0.00	9349.30
96.40	-6100.98	0.00	12063.81
96.50	-4856.97	0.00	14663.62
96.60	-3231.12	0.00	17089.96
96.70	-1244.45	0.00	19286.11
96.80	1073.90	0.00	21198.62
96.90	3687.33	0.00	22778.44
97.00	6552.47	0.00	23981.96
97.10	9620.10	0.00	24771.92
97.20	12836.15	0.00	25118.20
97.30	16142.76	0.00	24998.46
97.40	19479.43	0.00	24398.60
97.50	22784.22	0.00	23313.04
97.60	25994.85	0.00	21744.91
97.70	29049.94	0.00	19705.96
97.80	31890.08	0.00	17216.33
97.90	34458.91	0.00	14304.27
98.00	36704.08	0.00	11005.52
98.10	38578.16	0.00	7362.69
98.20	40039.39	0.00	3424.48
98.30	41052.41	0.00	-755.21
98.40	41588.78	0.00	-5118.29
98.50	41627.40	0.00	-9603.49
98.60	41154.86	0.00	-14147.49
98.70	40165.56	0.00	-18686.05
98.80	38661.81	0.00	-23155.08
98.90	36653.71	0.00	-27491.83
99.00	34158.97	0.00	-31635.91
99.10	31202.60	0.00	-35530.32
99.20	27816.43	0.00	-39122.42
99.30	24038.56	0.00	-42364.73
99.40	19912.75	0.00	-45215.71
99.50	15487.63	0.00	-47640.35
99.60	10815.88	0.00	-49610.69
99.70	5953.32	0.00	-51106.14
99.80	957.97	0.00	-52113.69
99.90	-4110.93	0.00	-52627.99
100.00	-9193.97	0.00	-52651.24
100.10	-14232.57	0.00	-52192.95
100.20	-19169.95	0.00	-51269.61
100.30	-23952.12	0.00	-49904.17
100.40	-28528.71	0.00	-48125.44
100.50	-32853.85	0.00	-45967.39
100.60	-36886.82	0.00	-43468.33
100.70	-40592.69	0.00	-40670.12
100.80	-43942.71	0.00	-37617.18
100.90	-46914.72	0.00	-34355.62
101.00	-49493.23	0.00	-30932.29
101.10	-51669.51	0.00	-27393.83
101.20	-53441.43	0.00	-23785.83
101.30	-54813.18	0.00	-20151.92
101.40	-55794.89	0.00	-16533.07
101.50	-56402.07	0.00	-12966.86
101.60	-56654.96	0.00	-9486.94
101.70	-56577.85	0.00	-6122.49
101.80	-56198.22	0.00	-2897.93
101.90	-55545.93	0.00	167.34
102.00	-54661.59	0.00	3059.05
102.10	-53601.00	0.00	5768.03
102.20	-52395.17	0.00	8290.05
102.30	-51072.40	0.00	10625.58
102.40	-49659.02	0.00	12779.39
102.50	-48178.86	0.00	14760.10
102.60	-46652.74	0.00	16579.61
102.70	-45098.13	0.00	18252.49
102.80	-43528.82	0.00	19795.26
102.90	-41954.78	0.00	21225.75
103.00	-40382.10	0.00	22562.31
103.10	-38813.00	0.00	23823.14
103.20	-37246.06	0.00	25025.57
103.30	-35676.46	0.00	26185.39
103.40	-34096.33	0.00	27316.32
103.50	-32495.25	0.00	28429.45
103.60	-30860.80	0.00	29532.84
103.70	-29179.11	0.00	30631.19
103.80	-27435.59	0.00	31725.67
103.90	-25615.55	0.00	32813.83
104.00	-23704.94	0.00	33889.62
104.10	-21691.00	0.00	34943.60
104.20	-19562.92	0.00	35963.19
104.30	-17312.43	0.00	36933.09
104.40	-14934.34	0.00	37835.78
104.50	-12426.99	0.00	38652.09
104.60	-9792.54	0.00	39361.89
104.70	-7037.23	0.00	39944.76
104.80	-4171.45	0.00	40380.75
104.90	-1209.68	0.00	40651.14
105.00	1829.66	0.00	40739.12
105.10	4924.55	0.00	40630.51
105.20	8049.84	0.00	40314.36
105.30	11177.79	0.00	39783.52
105.40	14278.76	0.00	39035.01
105.50	17321.98	0.00	38070.38
105.60	20276.38	0.00	36895.84
105.70	23111.48	0.00	35522.29
105.80	25798.24	0.00	33965.23
105.90	28309.98	0.00	32244.43
106.00	30623.19	0.00	30383.51
106.10	32718.28	0.00	28409.42
106.20	34580.25	0.00	26351.72
106.30	36199.21	0.00	24241.78
106.40	37570.76	0.00	22111.92
106.50	38696.25	0.00	19994.48
106.60	39582.77	0.00	17920.84
106.70	40243.03	0.00	15920.47
106.80	40695.05	0.00	14019.98
106.90	40961.64	0.00	12242.24
107.00	41069.74	0.00	10605.63
107.10	41049.60	0.00	9123.30
107.20	40933.86	0.00	7802.71
107.30	40756.48	0.00	6645.20
107.40	40551.62	0.00	5645.86
107.50	40352.54	0.00	4793.43
107.60	40190.42	0.00	4070.58
107.70	40093.26	0.00	3454.24
107.80	40084.83	0.00	2916.15
107.90	40186.29	0.00	2423.64
108.00	40424.51	0.00	1940.50
108.10	40808.02	0.00	1428.01
108.20	41336.44	0.00	846.07
108.30	42002.32	0.00	154.44
108.40	42791.05	0.00	-686.05
108.50	43681.09	0.00	-1712.22
108.60	44644.25	0.00	-2957.30
108.70	45646.23	0.00	-4449.78
108.80	46647.40	0.00	-6212.39
108.90	47603.65	0.00	-8261.11
109.00	48467.44	0.00	-10604.47
109.10	49188.97	0.00	-13242.94
109.20	49717.39	0.00	-16168.62
109.30	50002.11	0.00	-19365.06
109.40	49994.13	0.00	-22807.36
109.50	49647.32	0.00	-26462.54
109.60	48919.69	0.00	-30290.03
109.70	47774.57	0.00	-34242.47
109.80	46181.66	0.00	-38266.64
109.90	44117.96	0.00	-42304.60
110.00	41568.57	0.00	-46294.95
110.10	38527.21	0.00	-50174.17
110.20	34996.68	0.00	-53878.06
110.30	30988.99	0.00	-57343.18
110.40	26525.31	0.00	-60508.29
110.50	21635.75	0.00	-63315.74
110.60	16358.86	0.00	-65712.74
110.70	10740.95	0.00	-67652.52
110.80	4835.24	0.00	-69095.34
110.90	-1299.16	0.00	-70009.26
111.00	-7598.45	0.00	-70370.81
111.10	-13995.38	0.00	-70165.33
111.20	-20420.63	0.00	-69387.11
111.30	-26804.16	0.00	-68039.38
111.40	-33076.63	0.00	-66134.00
111.50	-39170.72	0.00	-63690.93
111.60	-45022.38	0.00	-60737.62
111.70	-50571.99	0.00	-57308.14
111.80	-55765.37	0.00	-53442.24
111.90	-60554.56	0.00	-49184.28
112.00	-64898.50	0.00	-44582.10
112.10	-68763.41	0.00	-39685.95
112.20	-72123.05	0.00	-34547.29
112.30	-74958.67	0.00	-29217.77
112.40	-77258.88	0.00	-23748.18
112.50	-79019.23	0.00	-18187.63
112.60	-80241.70	0.00	-12582.70
112.70	-80934.05	0.00	-6976.88
112.80	-81109.02	0.00	-1410.12
112.90	-80783.59	0.00	4081.55
113.00	-79995.19	0.00	9466.08
113.10	-78819.45	0.00	14715.43
113.20	-77281.14	0.00	19805.42
113.30	-75400.63	0.00	24715.43
113.40	-73197.45	0.00	29428.07
113.50	-70689.96	0.00	33928.66
113.60	-67895.16	0.00	38204.80
113.70	-64828.52	0.00	42245.78
113.80	-61504.06	0.00	46042.08
113.90	-57934.50	0.00	49584.86
114.00	-54131.44	0.00	52865.51
114.10	-50105.80	0.00	55875.27
114.20	-45868.14	0.00	58604.93
114.30	-41429.17	0.00	61044.65
114.40	-36800.22	0.00	63183.84
114.50	-31993.77	0.00	65011.22
114.60	-27023.90	0.00	66514.90
114.70	-21906.73	0.00	67682.63
114.80	-16660.85	0.00	68502.12
114.90	-11307.58	0.00	68961.43
115.00	-5871.19	0.00	69049.40
115.10	-379.04	0.00	68756.15
115.20	5138.47	0.00	68073.64
115.30	10648.01	0.00	66996.09
115.40	16113.56	0.00	65520.57
115.50	21496.77	0.00	63647.38
115.60	26757.46	0.00	61380.47
115.70	31854.12	0.00	58727.80
115.80	36744.64	0.00	55701.50
115.90	41386.94	0.00	52318.09
116.00	45739.77	0.00	48598.46
116.10	49763.48	0.00	44567.85
116.20	53420.77	0.00	40255.67
116.30	56677.45	0.00	35695.18
116.40	59503.15	0.00	30923.23
116.50	61871.96	0.00	25979.67
116.60	63763.01	0.00	20906.96
116.70	65160.88	0.00	15749.46
116.80	66056.00	0.00	10552.86
116.90	66444.88	0.00	5363.47
117.00	66330.16	0.00	227.54
117.10	65720.67	0.00	-4809.43
117.20	64631.23	0.00	-9703.43
117.30	63082.85	0.00	-14412.53
117.40	61129.48	0.00	-18897.55
117.50	58815.17	0.00	-23122.62
117.60	56169.66	0.00	-27055.67
117.70	53225.65	0.00	-30668.90
117.80	50018.34	0.00	-33939.09
117.90	46584.91	0.00	-36847.90
118.00	42963.94	0.00	-39382.04
118.10	39194.91	0.00	-41533.35
118.20	35317.52	0.00	-43298.79
118.30	31371.17	0.00	-44680.36
118.40	27394.39	0.00	-45684.85
118.50	23424.20	0.00	-46323.67
118.60	19495.70	0.00	-46612.38
118.70	15641.46	0.00	-46570.35
118.80	11891.17	0.00	-46220.26
118.90	8271.22	0.00	-45587.52
119.00	4804.42	0.00	-44699.77
119.10	1509.74	0.00	-43586.22
119.20	-1597.80	0.00	-42277.05
119.30	-4507.24	0.00	-40802.83
119.40	-7211.58	0.00	-39193.87
119.50	-9707.76	0.00	-37479.68
119.60	-11996.39	0.00	-35688.40
119.70	-14081.50	0.00	-33846.34
119.80	-15970.21	0.00	-31977.56
119.90	-17672.31	0.00	-30103.47
120.00	-19199.82	0.00	-28242.57
120.10	-20566.49	0.00	-26410.27
120.20	-21787.26	0.00	-24618.74
120.30	-22877.83	0.00	-22876.88
120.40	-23854.03	0.00	-21190.37
120.50	-24731.41	0.00	-19561.83
120.60	-25524.75	0.00	-17990.98
120.70	-26247.63	0.00	-16474.90
120.80	-26912.08	0.00	-15008.41
120.90	-27528.30	0.00	-13584.39
121.00	-28104.39	0.00	-12194.18
121.10	-28646.21	0.00	-10828.01
121.20	-29157.31	0.00	-9475.46
121.30	-29638.90	0.00	-8125.83
121.40	-30089.92	0.00	-6768.59
121.50	-30507.15	0.00	-5393.76
121.60	-30885.41	0.00	-3992.23
121.70	-31217.78	0.00	-2556.11
121.80	-31495.90	0.00	-1078.96
121.90	-31710.37	0.00	444.03
122.00	-31858.32	0.00	2015.82
122.10	-31933.11	0.00	3637.53
122.20	-31923.72	0.00	5308.28
122.30	-31819.13	0.00	7025.33
122.40	-31608.60	0.00	8784.03
122.50	-31281.97	0.00	10577.98
122.60	-30829.85	0.00	12399.16
122.70	-30243.86	0.00	14238.07
122.80	-29516.76	0.00	16083.93
122.90	-28642.65	0.00	17924.89
123.00	-27617.03	0.00	19748.20
123.10	-26436.91	0.00	21540.46
123.20	-25100.83	0.00	23287.80
123.30	-23608.94	0.00	24976.09
123.40	-21962.96	0.00	26591.13
123.50	-20166.17	0.00	28118.84
123.60	-18223.41	0.00	29545.41
123.70	-16141.03	0.00	30857.44
123.80	-13926.83	0.00	32042.13
123.90	-11590.01	0.00	33087.37
124.00	-9141.10	0.00	33981.83
124.10	-6591.90	0.00	34715.12
124.20	-3955.39	0.00	35277.87
124.30	-1245.65	0.00	35661.76
124.40	1522.21	0.00	35859.69
124.50	4332.18	0.00	35865.78
124.60	7167.44	0.00	35675.45
124.70	10010.45	0.00	35285.50
124.80	12843.12	0.00	34694.14
124.90	15646.90	0.00	33901.04
125.00	18402.94	0.00	32907.34
125.10	21092.26	0.00	31715.72
125.20	23695.86	0.00	30330.35
125.30	26194.94	0.00	28756.96
125.40	28571.03	0.00	27002.73
125.50	30806.22	0.00	25076.37
125.60	32883.24	0.00	22988.00
125.70	34785.74	0.00	20749.13
125.80	36498.40	0.00	18372.58
125.90	38007.07	0.00	15872.39
126.00	39299.00	0.00	13263.76
126.10	40362.89	0.00	10562.89
126.20	41189.11	0.00	7786.93
126.30	41769.73	0.00	4953.81
126.40	42098.67	0.00	2082.12
126.50	42177.51	0.00	-809.01
126.60	42018.34	0.00	-3700.06
126.70	41621.26	0.00	-6571.27
126.80	40987.27	0.00	-9402.78
126.90	40118.95	0.00	-12174.77
127.00	39020.51	0.00	-14867.65
127.10	37697.80	0.00	-17462.16
127.20	36158.31	0.00	-19939.58
127.30	34411.18	0.00	-22281.86
127.40	32467.20	0.00	-24471.79
127.50	30338.80	0.00	-26493.15
127.60	28040.01	0.00	-28330.90
127.70	25586.39	0.00	-29971.31
127.80	22995.02	0.00	-31402.14
127.90	20284.38	0.00	-32612.81
128.00	17474.28	0.00	-33594.53
128.10	14585.67	0.00	-34340.44
128.20	11640.55	0.00	-34845.77
128.30	8661.75	0.00	-35107.92
128.40	5672.74	0.00	-35126.61
128.50	2697.40	0.00	-34903.90
128.60	-240.26	0.00	-34444.28
128.70	-3116.34	0.00	-33754.67
128.80	-5907.40	0.00	-32844.45
128.90	-8590.70	0.00	-31725.36
129.00	-11144.56	0.00	-30411.47
129.10	-13548.67	0.00	-28919.03
129.20	-15784.39	0.00	-27266.32
129.30	-17835.06	0.00	-25473.47
129.40	-19686.28	0.00	-23562.21
129.50	-21326.15	0.00	-21555.60
129.60	-22745.50	0.00	-19477.75
129.70	-23938.08	0.00	-17353.47
129.80	-24900.67	0.00	-15207.94
129.90	-25633.18	0.00	-13066.31
130.00	-26138.68	0.00	-10953.37
130.10	-26423.37	0.00	-8893.11
130.20	-26496.48	0.00	-6908.38
130.30	-26370.14	0.00	-5020.50
130.40	-26059.18	0.00	-3248.90
130.50	-25580.87	0.00	-1610.82
130.60	-24954.59	0.00	-121.01
130.70	-24201.53	0.00	1208.54
130.80	-23344.25	0.00	2368.81
130.90	-22406.28	0.00	3353.87
131.00	-21411.68	0.00	4161.01
131.10	-20384.59	0.00	4790.77
131.20	-19348.76	0.00	5246.91
131.30	-18327.11	0.00	5536.32
131.40	-17341.26	0.00	5668.90
131.50	-16411.62	0.00	5657.32
131.60	-15558.30	0.00	5516.75
131.70	-14796.77	0.00	5264.58
131.80	-14139.48	0.00	4920.02
131.90	-13596.12	0.00	4503.71
132.00	-13173.39	0.00	4037.29
132.10	-12874.92	0.00	3542.98
132.20	-12701.25	0.00	3043.05
132.30	-12649.87	0.00	2559.45
132.40	-12715.30	0.00	2113.29
132.50	-12889.24	0.00	1724.45
132.60	-13160.87	0.00	1411.22
132.70	-13517.03	0.00	1189.87
132.80	-13942.65	0.00	1074.43
132.90	-14421.01	0.00	1076.41
133.00	-14934.25	0.00	1204.62
133.10	-15463.66	0.00	1465.07
133.20	-15990.21	0.00	1860.92
133.30	-16494.88	0.00	2392.47
133.40	-16959.10	0.00	3057.30
133.50	-17365.12	0.00	3850.36
133.60	-17696.35	0.00	4764.22
133.70	-17937.65	0.00	5789.29
133.80	-18075.58	0.00	6914.11
133.90	-18098.60	0.00	8125.70
134.00	-17997.23	0.00	9409.87
134.10	-17764.09	0.00	10751.60
134.20	-17393.96	0.00	12135.39
134.30	-16883.71	0.00	13545.57
134.40	-16232.28	0.00	14966.68
134.50	-15440.45	0.00	16383.71
134.60	-14510.75	0.00	17782.42
134.70	-13447.21	0.00	19149.48
134.80	-12255.13	0.00	20472.70
134.90	-10940.81	0.00	21741.11
135.00	-9511.32	0.00	22945.07
135.10	-7974.20	0.00	24076.20
135.20	-6337.24	0.00	25127.41
135.30	-4608.22	0.00	26092.80
135.40	-2794.72	0.00	26967.48
135.50	-903.92	0.00	27747.46
135.60	1057.49	0.00	28429.40
135.70	3083.45	0.00	29010.42
135.80	5168.53	0.00	29487.82
135.90	7307.96	0.00	29858.90
136.00	9497.51	0.00	30120.65
136.10	11733.43	0.00	30269.58
136.20	14012.25	0.00	30301.48
136.30	16330.59	0.00	30211.30
136.40	18684.92	0.00	29992.98
136.50	21071.24	0.00	29639.39
136.60	23484.83	0.00	29142.31
136.70	25919.88	0.00	28492.46
136.80	28369.21	0.00	27679.62
136.90	30823.92	0.00	26692.76
137.00	33273.15	0.00	25520.31
137.10	35703.78	0.00	24150.42
137.20	38100.20	0.00	22571.33
137.30	40444.23	0.00	20771.78
137.40	42714.96	0.00	18741.44
137.50	44888.79	0.00	16471.43
137.60	46939.49	0.00	13954.79
137.70	48838.40	0.00	11187.03
137.80	50562.29	0.00	8166.66
137.90	52100.35	0.00	4895.66
138.00	53422.30	0.00	1379.97
138.10	54495.48	0.00	-2370.09
138.20	55286.47	0.00	-6339.49
138.30	55761.70	0.00	-10508.19
138.40	55888.03	0.00	-14850.98
138.50	55633.55	0.00	-19337.40
138.60	54968.25	0.00	-23931.78
138.70	53864.89	0.00	-28593.45
138.80	52299.73	0.00	-33276.97
138.90	50253.35	0.00	-37932.64
139.00	47711.48	0.00	-42507.00
139.10	44665.64	0.00	-46943.52
139.20	41113.94	0.00	-51183.46
139.30	37061.57	0.00	-55166.69
139.40	32521.38	0.00	-58832.73
139.50	27514.20	0.00	-62121.80
139.60	22069.16	0.00	-64975.93
139.70	16223.67	0.00	-67340.08
139.80	10023.44	0.00	-69163.27
139.90	3522.16	0.00	-70399.73
140.00	-3218.96	0.00	-71009.86
140.10	-10131.77	0.00	-70961.29
140.20	-17142.10	0.00	-70229.73
140.30	-24170.66	0.00	-68799.68
140.40	-31134.32	0.00	-66665.06
140.50	-37947.36	0.00	-63829.62
140.60	-44522.94	0.00	-60307.22
140.70	-50774.65	0.00	-56121.85
140.80	-56618.08	0.00	-51307.55
140.90	-61972.42	0.00	-45908.03
141.00	-66762.09	0.00	-39976.17
141.10	-70918.25	0.00	-33573.33
141.20	-74380.19	0.00	-26768.43
141.30	-77096.65	0.00	-19636.91
141.40	-79026.85	0.00	-12259.61
141.50	-80141.43	0.00	-4721.41
141.60	-80423.01	0.00	2890.09
141.70	-79867.82	0.00	10486.01
141.80	-78530.92	0.00	17977.66
141.90	-76453.17	0.00	25277.98
142.00	-73659.25	0.00	32302.94
142.10	-70182.62	0.00	38972.87
142.20	-66065.02	0.00	45213.76
142.30	-61355.80	0.00	50958.33
142.40	-56111.21	0.00	56147.02
142.50	-50393.48	0.00	60728.83
142.60	-44269.93	0.00	64661.91
142.70	-37811.86	0.00	67914.04
142.80	-31093.48	0.00	70462.85
142.90	-24190.79	0.00	72295.87
143.00	-17180.36	0.00	73410.39
143.10	-10138.18	0.00	73813.12
143.20	-3138.57	0.00	73519.67
143.30	3746.96	0.00	72553.89
143.40	10450.66	0.00	70947.12
143.50	16909.47	0.00	68737.20
143.60	23065.78	0.00	65967.57
143.70	28868.08	0.00	62686.15
143.80	34271.43	0.00	58944.31
143.90	39237.81	0.00	54795.77
144.00	43736.24	0.00	50295.58
144.10	47742.80	0.00	45499.10
144.20	51240.51	0.00	40461.09
144.30	54218.96	0.00	35234.88
144.40	56673.95	0.00	29871.66
144.50	58606.93	0.00	24419.89
144.60	60024.41	0.00	18924.82
144.70	60937.27	0.00	13428.20
144.80	61360.05	0.00	7968.04
144.90	61310.30	0.00	2578.58
145.00	60809.02	0.00	-2709.68
145.10	59906.64	0.00	-7869.81
145.20	58636.28	0.00	-12878.18
145.30	57017.77	0.00	-17714.19
145.40	55070.14	0.00	-22359.80
145.50	52811.44	0.00	-26799.19
145.60	50258.61	0.00	-31018.29
145.70	47427.53	0.00	-35004.33
145.80	44333.07	0.00	-38745.47
145.90	40989.32	0.00	-42230.41
146.00	37409.82	0.00	-45448.06
146.10	33607.89	0.00	-48387.29
146.20	29596.95	0.00	-51036.79
146.30	25390.97	0.00	-53384.91
146.40	21004.80	0.00	-55419.68
146.50	16454.58	0.00	-57128.87
146.60	11758.14	0.00	-58500.12
146.70	6935.26	0.00	-59521.18
146.80	2008.00	0.00	-60180.18
146.90	-2999.12	0.00	-60465.95
147.00	-8059.02	0.00	-60368.43
147.10	-13141.93	0.00	-59879.02
147.20	-18215.53	0.00	-58991.07
147.30	-23245.05	0.00	-57700.25
147.40	-28193.48	0.00	-56004.96
147.50	-33021.95	0.00	-53906.72
147.60	-37690.09	0.00	-51410.53
147.70	-42156.58	0.00	-48525.08
147.80	-46379.64	0.00	-45263.06
147.90	-50317.69	0.00	-41641.29
148.00	-53930.03	0.00	-37680.76
148.10	-57177.45	0.00	-33406.70
148.20	-60023.02	0.00	-28848.45
148.30	-62432.70	0.00	-24039.30
148.40	-64376.08	0.00	-19016.29
148.50	-65826.96	0.00	-13819.84
148.60	-66769.17	0.00	-8493.37
148.70	-67225.84	0.00	-3082.85
148.80	-67194.97	0.00	2363.72
148.90	-66671.28	0.00	7796.90
149.00	-65654.17	0.00	13166.44
149.10	-64147.89	0.00	18421.86
149.20	-62161.64	0.00	23513.20
149.30	-59709.67	0.00	28391.62
149.40	-56811.22	0.00	33010.14
149.50	-53490.49	0.00	37324.27
149.60	-49776.51	0.00	41292.64
149.70	-45702.88	0.00	44877.62
149.80	-41307.55	0.00	48045.88
149.90	-36632.45	0.00	50768.91
150.00	-31723.05	0.00	53023.41
150.10	-26627.89	0.00	54791.71
150.20	-21398.02	0.00	56062.07
150.30	-16086.37	0.00	56828.83
150.40	-10747.11	0.00	57092.61
150.50	-5434.94	0.00	56860.31
150.60	-204.32	0.00	56145.03
150.70	4891.28	0.00	54965.98
150.80	9800.14	0.00	53348.19
150.90	14473.08	0.00	51322.25
151.00	18864.18	0.00	48923.84
151.10	22931.53	0.00	46193.29
151.20	26637.86	0.00	43175.04
151.30	29951.16	0.00	39917.01
151.40	32845.22	0.00	36469.92
151.50	35300.04	0.00	32886.65
151.60	37302.22	0.00	29221.41
151.70	38845.17	0.00	25529.05
151.80	39929.25	0.00	21864.24
151.90	40561.82	0.00	18280.71
152.00	40757.14	0.00	14830.46
152.10	40536.15	0.00	11562.99
152.20	39926.19	0.00	8524.63
152.30	38960.60	0.00	5757.77
152.40	37678.17	0.00	3300.25
152.50	36122.61	0.00	1184.76
152.60	34341.86	0.00	-561.67
152.70	32387.35	0.00	-1918.20
152.80	30313.23	0.00	-2870.51
152.90	28175.52	0.00	-3411.14
153.00	26031.29	0.00	-3539.69
153.10	23937.73	0.00	-3263.00
153.20	21951.27	0.00	-2595.14
153.30	20126.68	0.00	-1557.37
153.40	18516.23	0.00	-178.00
153.50	17168.75	0.00	1507.90
153.60	16128.85	0.00	3458.84
153.70	15436.07	0.00	5627.37
153.80	15125.68	0.00	7960.65
153.90	15226.10	0.00	10401.11
154.00	15757.60	0.00	12887.17
154.10	16733.10	0.00	15354.09
154.20	18157.68	0.00	17734.87
154.30	20028.26	0.00	19961.24
154.40	22333.40	0.00	21964.64
154.50	25053.22	0.00	23677.35
154.60	28159.40	0.00	25033.56
154.70	31615.40	0.00	25970.48
154.80	35376.73	0.00	26429.47
154.90	39391.41	0.00	26357.11
155.00	43600.51	0.00	25706.26
155.10	47938.80	0.00	24437.07
155.20	52335.56	0.00	22517.88
155.30	56715.40	0.00	19926.03
155.40	60999.22	0.00	16648.60
155.50	65105.21	0.00	12682.99
155.60	68949.90	0.00	8037.36
155.70	72449.26	0.00	2730.88
155.80	75519.86	0.00	-3206.06
155.90	78079.95	0.00	-9732.00
156.00	80050.65	0.00	-16794.54
156.10	81357.13	0.00	-24330.83
156.20	81929.67	0.00	-32268.07
156.30	81704.84	0.00	-40524.31
156.40	80626.58	0.00	-49009.38
156.50	78647.25	0.00	-57625.91
156.60	75728.62	0.00	-66270.56
156.70	71842.89	0.00	-74835.37
156.80	66973.47	0.00	-83209.18
156.90	61115.88	0.00	-91279.16
157.00	54278.35	0.00	-98932.35
157.10	46482.48	0.00	-106057.35
157.20	37763.59	0.00	-112545.86
157.30	28171.02	0.00	-118294.38
157.40	17768.19	0.00	-123205.71
157.50	6632.46	0.00	-127190.50
157.60	-5145.23	0.00	-130168.67
157.70	-17460.97	0.00	-132070.70
157.80	-30198.77	0.00	-132838.80
157.90	-43231.69	0.00	-132427.97
158.00	-56423.26	0.00	-130806.79
158.10	-69629.10	0.00	-127958.11
158.20	-82698.90	0.00	-123879.51
158.30	-95478.48	0.00	-118583.57
158.40	-107812.14	0.00	-112097.85
158.50	-119545.10	0.00	-104464.76
158.60	-130526.04	0.00	-95741.15
158.70	-140609.73	0.00	-85997.68
158.80	-149659.53	0.00	-75318.02
158.90	-157549.95	0.00	-63797.82
159.00	-164168.94	0.00	-51543.53
159.10	-169420.00	0.00	-38671.04
159.20	-173224.11	0.00	-25304.20
159.30	-175609.67	0.00	-11573.18
159.40	-176794.28	0.00	2387.22
159.50	-176776.89	0.00	16439.36
159.60	-175550.93	0.00	30444.54
159.70	-173119.71	0.00	44264.83
159.80	-169496.48	0.00	57764.85
159.90	-164704.41	0.00	70813.54
160.00	-158776.56	0.00	83285.79
160.10	-151755.75	0.00	95064.01
160.20	-143694.46	0.00	106039.52
160.30	-134654.61	0.00	116113.90
160.40	-124707.24	0.00	125200.00
160.50	-113932.06	0.00	133222.93
160.60	-102416.98	0.00	140120.73
160.70	-90257.40	0.00	145844.95
160.80	-77555.41	0.00	150360.91
160.90	-64418.87	0.00	153647.86
161.00	-50960.32	0.00	155698.87
161.10	-37295.79	0.00	156520.56
161.20	-23543.51	0.00	156132.67
161.30	-9822.49	0.00	154567.41
161.40	3748.88	0.00	151868.72
161.50	17054.38	0.00	148091.39
161.60	29981.38	0.00	143300.02
161.70	42422.37	0.00	137567.95
161.80	54276.34	0.00	130976.12
161.90	65450.08	0.00	123611.80
162.00	75859.42	0.00	115567.41
162.10	85430.26	0.00	106939.21
162.20	94099.45	0.00	97826.07
162.30	101815.55	0.00	88328.24
162.40	108539.28	0.00	78546.11
162.50	114243.87	0.00	68579.11
162.60	118915.15	0.00	58524.55
162.70	122551.41	0.00	48476.61
162.80	125163.10	0.00	38525.37
162.90	126772.34	0.00	28755.91
163.00	127412.22	0.00	19247.55
163.10	127125.94	0.00	10073.09
163.20	125965.82	0.00	1298.25
163.30	123992.23	0.00	-7018.88
163.40	121272.31	0.00	-14828.19
163.50	117878.77	0.00	-22087.93
163.60	113888.53	0.00	-28764.83
163.70	109382.05	0.00	-34834.20
163.80	104519.64	0.00	-40279.91
163.90	99423.70	0.00	-45094.25
164.00	94155.74	0.00	-49277.66
164.10	88775.23	0.00	-52838.43
164.20	83338.97	0.00	-55792.20
164.30	77900.49	0.00	-58161.43
164.40	72509.57	0.00	-59974.81
164.50	67211.69	0.00	-61266.53
164.60	62047.61	0.00	-62075.51
164.70	57052.96	0.00	-62444.62
164.80	52257.96	0.00	-62419.82
164.90	47687.12	0.00	-62049.24
165.00	43359.18	0.00	-61382.37
165.10	39286.97	0.00	-60469.14
165.20	35477.51	0.00	-59359.08
165.30	31932.13	0.00	-58100.49
165.40	28646.69	0.00	-56739.69
165.50	25611.92	0.00	-55320.30
165.60	22813.80	0.00	-53882.61
165.70	20234.11	0.00	-52463.04
165.80	17850.87	0.00	-51093.66
165.90	15639.03	0.00	-49801.82
166.00	13571.07	0.00	-48609.92
166.10	11617.66	0.00	-47535.15
166.20	9748.34	0.00	-46589.51
166.30	7932.20	0.00	-45779.77
166.40	6138.56	0.00	-45107.56
166.50	4337.57	0.00	-44569.61
166.60	2500.87	0.00	-44158.00
166.70	602.13	0.00	-43860.47
166.80	-1382.43	0.00	-43660.82
166.90	-3473.57	0.00	-43539.39
167.00	-5688.60	0.00	-43473.48
167.10	-8041.10	0.00	-43437.96
167.20	-10540.54	0.00	-43405.72
167.30	-13192.18	0.00	-43348.30
167.40	-15996.81	0.00	-43236.42
167.50	-18950.77	0.00	-43040.55
167.60	-22045.86	0.00	-42731.51
167.70	-25269.42	0.00	-42280.97
167.80	-28604.50	0.00	-41662.03
167.90	-32029.95	0.00	-40849.71
168.00	-35520.76	0.00	-39821.41
168.10	-39048.34	0.00	-38557.41
168.20	-42580.89	0.00	-37041.24
168.30	-46083.89	0.00	-35260.04
168.40	-49520.51	0.00	-33204.93
168.50	-52852.26	0.00	-30871.21
168.60	-56039.49	0.00	-28258.60
168.70	-59042.10	0.00	-25371.37
168.80	-61820.16	0.00	-22218.44
168.90	-64334.62	0.00	-18813.36
169.00	-66548.02	0.00	-15174.24
169.10	-68425.14	0.00	-11323.62
169.20	-69933.75	0.00	-7288.25
169.30	-71045.19	0.00	-3098.79
169.40	-71735.05	0.00	1210.59
169.50	-71983.66	0.00	5602.59
169.60	-71776.60	0.00	10037.36
169.70	-71125.63	0.00	14473.04
169.80	-70064.78	0.00	18866.36
169.90	-68594.96	0.00	23173.34
170.00	-66721.00	0.00	27349.97
170.10	-64452.60	0.00	31352.90
170.20	-61804.37	0.00	35140.16
170.30	-58795.64	0.00	38671.88
170.40	-55450.37	0.00	41910.91
170.50	-51796.85	0.00	44823.49
170.60	-47867.39	0.00	47379.82
170.70	-43697.86	0.00	49554.51
170.80	-39327.26	0.00	51327.07
170.90	-34797.13	0.00	52682.19
171.00	-30150.95	0.00	53609.99
171.10	-25433.54	0.00	54106.15
171.20	-20690.33	0.00	54171.92
171.30	-15966.70	0.00	53814.05
171.40	-11307.30	0.00	53044.61
171.50	-6755.36	0.00	51880.72
171.60	-2352.10	0.00	50344.15
171.70	1863.92	0.00	48460.95
171.80	5857.30	0.00	46260.88
171.90	9596.26	0.00	43776.89
172.00	13053.03	0.00	41044.58
172.10	16204.15	0.00	38101.49
172.20	19030.68	0.00	34986.61
172.30	21518.33	0.00	31739.68
172.40	23657.50	0.00	28400.68
172.50	25443.21	0.00	25009.23
172.60	26875.04	0.00	21604.12
172.70	27956.86	0.00	18222.80
172.80	28696.68	0.00	14901.02
172.90	29106.30	0.00	11672.45
173.00	29201.02	0.00	8568.39
173.10	28999.27	0.00	5617.48
173.20	28522.28	0.00	2845.58
173.30	27793.67	0.00	275.53
173.40	26839.12	0.00	-2072.90
173.50	25685.95	0.00	-4183.09
173.60	24362.84	0.00	-6041.67
173.70	22899.42	0.00	-7638.48
173.80	21325.96	0.00	-8966.61
173.90	19673.07	0.00	-10022.39
174.00	17971.34	0.00	-10805.35
174.10	16251.08	0.00	-11318.17
174.20	14541.99	0.00	-11566.66
174.30	12872.88	0.00	-11559.68
174.40	11271.37	0.00	-11309.03
174.50	9763.60	0.00	-10829.39
174.60	8373.92	0.00	-10138.15
174.70	7124.62	0.00	-9255.26
174.80	6035.62	0.00	-8203.05
174.90	5124.23	0.00	-7005.97
175.00	4404.85	0.00	-5690.31
175.10	3888.74	0.00	-4283.96
175.20	3583.83	0.00	-2815.93
175.30	3494.53	0.00	-1316.08
175.40	3621.58	0.00	185.41
175.50	3962.02	0.00	1658.41
175.60	4509.10	0.00	3073.39
175.70	5252.41	0.00	4401.87
175.80	6177.90	0.00	5616.92
175.90	7268.16	0.00	6693.66
176.00	8502.59	0.00	7609.66
176.10	9857.80	0.00	8345.44
176.20	11307.95	0.00	8884.78
176.30	12825.23	0.00	9215.06
176.40	14380.36	0.00	9327.54
176.50	15943.14	0.00	9217.47
176.60	17483.01	0.00	8884.22
176.70	18969.66	0.00	8331.28
176.80	20373.61	0.00	7566.19
176.90	21666.78	0.00	6600.34
177.00	22823.15	0.00	5448.76
177.10	23823.16	0.00	4129.75
177.20	24648.74	0.00	2664.54
177.30	25283.01	0.00	1076.81
177.40	25712.47	0.00	-607.78
177.50	25927.19	0.00	-2362.15
177.60	25920.89	0.00	-4158.31
177.70	25691.01	0.00	-5967.90
177.80	25238.67	0.00	-7762.78
177.90	24568.53	0.00	-9515.50
178.00	23688.62	0.00	-11199.81
178.10	22610.13	0.00	-12791.10
178.20	21347.11	0.00	-14266.78
178.30	19916.10	0.00	-15606.66
178.40	18335.81	0.00	-16793.17
178.50	16626.74	0.00	-17811.60
178.60	14810.72	0.00	-18650.25
178.70	12910.56	0.00	-19300.50
178.80	10949.60	0.00	-19756.79
178.90	8951.35	0.00	-20016.66
179.00	6939.07	0.00	-20080.58
179.10	4935.46	0.00	-19951.83
179.20	2962.31	0.00	-19636.34
179.30	1040.20	0.00	-19142.44
179.40	-811.72	0.00	-18480.60
179.50	-2575.98	0.00	-17663.20
179.60	-4236.98	0.00	-16704.23
179.70	-5781.08	0.00	-15618.98
179.80	-7196.72	0.00	-14423.77
179.90	-8474.51	0.00	-13135.64
180.00	-9607.19	0.00	-11772.08
180.10	-10589.67	0.00	-10350.74
180.20	-11418.94	0.00	-8889.17
180.30	-12094.01	0.00	-7404.58
180.40	-12615.79	0.00	-5913.64
180.50	-12986.98	0.00	-4432.24
180.60	-13211.86	0.00	-2975.36
180.70	-13296.18	0.00	-1556.90
180.80	-13246.89	0.00	-189.56
180.90	-13072.02	0.00	1115.24
181.00	-12780.41	0.00	2347.41
181.10	-12381.53	0.00	3498.22
181.20	-11885.25	0.00	4560.33
181.30	-11301.66	0.00	5527.68
181.40	-10640.88	0.00	6395.52
181.50	-9912.84	0.00	7160.25
181.60	-9127.19	0.00	7819.36
181.70	-8293.17	0.00	8371.24
181.80	-7419.43	0.00	8815.11
181.90	-6514.07	0.00	9150.80
182.00	-5584.53	0.00	9378.62
182.10	-4637.60	0.00	9499.18
182.20	-3679.48	0.00	9513.26
182.30	-2715.82	0.00	9421.61
182.40	-1751.78	0.00	9224.91
182.50	-792.21	0.00	8923.59
182.60	158.25	0.00	8517.78
182.70	1095.00	0.00	8007.29
182.80	2013.36	0.00	7391.55
182.90	2908.32	0.00	6669.70
183.00	3774.45	0.00	5840.58
183.10	4605.70	0.00	4902.89
183.20	5395.30	0.00	3855.31
183.30	6135.60	0.00	2696.62
183.40	6818.02	0.00	1425.95
183.50	7433.00	0.00	42.96
183.60	7969.95	0.00	-1451.95
183.70	8417.32	0.00	-3057.38
183.80	8762.64	0.00	-4770.68
183.90	8992.64	0.00	-6587.80
184.00	9093.40	0.00	-8502.98
184.10	9050.55	0.00	-10508.63
184.20	8849.48	0.00	-12595.13
184.30	8475.64	0.00	-14750.71
184.40	7914.76	0.00	-16961.34
184.50	7153.24	0.00	-19210.71
184.60	6178.45	0.00	-21480.16
184.70	4979.06	0.00	-23748.78
184.80	3545.40	0.00	-25993.46
184.90	1869.84	0.00	-28189.04
185.00	-52.91	0.00	-30308.47
185.10	-2225.44	0.00	-32323.04
185.20	-4647.32	0.00	-34202.66
185.30	-7314.83	0.00	-35916.17
185.40	-10220.66	0.00	-37431.68
185.50	-13353.71	0.00	-38716.97
185.60	-16698.90	0.00	-39739.90
185.70	-20237.00	0.00	-40468.85
185.80	-23944.60	0.00	-40873.21
185.90	-27794.02	0.00	-40923.82
186.00	-31753.41	0.00	-40593.54
186.10	-35786.82	0.00	-39857.70
186.20	-39854.40	0.00	-38694.61
186.30	-43912.66	0.00	-37086.09
186.40	-47917.41	0.00	-35017.94
186.50	-51840.64	0.00	-32480.39
186.60	-55640.85	0.00	-29468.52
186.70	-59271.30	0.00	-25982.67
186.80	-62684.15	0.00	-22028.75
186.90	-65830.91	0.00	-17618.51
187.00	-68662.99	0.00	-12769.75
187.10	-71132.31	0.00	-7506.42
187.20	-73191.81	0.00	-1858.65
187.30	-74796.16	0.00	4137.31
187.40	-75902.32	0.00	10439.30
187.50	-76470.23	0.00	16999.47
187.60	-76463.45	0.00	23764.71
187.70	-75849.77	0.00	30677.14
187.80	-74601.89	0.00	37674.68
187.90	-72697.96	0.00	44691.75
188.00	-70122.15	0.00	51660.03
188.10	-66865.18	0.00	58509.36
188.20	-62924.69	0.00	65168.55
188.30	-58305.70	0.00	71566.43
188.40	-53020.78	0.00	77632.75
188.50	-47090.28	0.00	83299.19
188.60	-40542.39	0.00	88500.31
188.70	-33413.06	0.00	93174.48
188.80	-25745.86	0.00	97264.72
188.90	-17591.65	0.00	100719.54
189.00	-9008.16	0.00	103493.58
189.10	-59.46	0.00	105548.24
189.20	9184.70	0.00	106852.16
189.30	18649.68	0.00	107381.51
189.40	28256.77	0.00	107120.28
189.50	37924.13	0.00	106060.32
189.60	47567.78	0.00	104201.29
189.70	57102.61	0.00	101550.55
189.80	66443.39	0.00	98122.79
189.90	75505.85	0.00	93939.73
190.00	84207.61	0.00	89029.64
190.10	92469.17	0.00	83426.77
190.20	100214.78	0.00	77170.85
190.30	107373.27	0.00	70306.39
190.40	113878.72	0.00	62882.14
190.50	119671.13	0.00	54950.44
190.60	124696.90	0.00	46566.62
190.70	128909.29	0.00	37788.45
190.80	132268.70	0.00	28675.63
190.90	134742.92	0.00	19289.29
191.00	136389.09	0.00	9691.63
191.10	137324.93	0.00	-54.52
191.20	137544.68	0.00	-9885.91
191.30	137043.07	0.00	-19739.23
191.40	135817.01	0.00	-29551.28
191.50	133865.52	0.00	-39259.17
191.60	131189.81	0.00	-48800.56
191.70	127793.47	0.00	-58113.80
191.80	123682.64	0.00	-67138.12
191.90	118866.38	0.00	-75813.89
192.00	113357.02	0.00	-84082.86
192.10	107170.56	0.00	-91888.43
192.20	100327.17	0.00	-99175.99
192.30	92851.55	0.00	-105893.36
192.40	84773.43	0.00	-111991.13
192.50	76127.89	0.00	-117423.23
192.60	66955.71	0.00	-122147.37
192.70	57303.54	0.00	-126125.62
192.80	47224.05	0.00	-129324.90
192.90	36775.84	0.00	-131717.58
193.00	26023.30	0.00	-133281.94
193.10	15036.26	0.00	-134002.67
193.20	3889.47	0.00	-133871.28
193.30	-7338.01	0.00	-132886.42
193.40	-18563.68	0.00	-131054.12
193.50	-29702.48	0.00	-128387.97
193.60	-40667.90	0.00	-124909.07
193.70	-51373.14	0.00	-120645.97
193.80	-61732.30	0.00	-115634.45
193.90	-71661.67	0.00	-109917.10
194.00	-81080.97	0.00	-103542.91
194.10	-89914.60	0.00	-96566.59
194.20	-98092.77	0.00	-89047.97
194.30	-105552.56	0.00	-81051.12
194.40	-112238.84	0.00	-72643.56
194.50	-118105.06	0.00	-63895.32
194.60	-123113.81	0.00	-54878.05
194.70	-127237.26	0.00	-45664.03
194.80	-130457.34	0.00	-36325.30
194.90	-132765.79	0.00	-26932.76
195.00	-134163.94	0.00	-17555.35
195.10	-134662.40	0.00	-8259.28
195.20	-134280.51	0.00	892.61
195.30	-133045.73	0.00	9841.45
195.40	-131022.44	0.00	18532.77
195.50	-128398.75	0.00	26916.87
195.60	-125229.67	0.00	34949.10
195.70	-121549.78	0.00	42589.94
195.80	-117394.48	0.00	49805.12
195.90	-112799.60	0.00	56565.48
196.00	-107801.16	0.00	62846.93
196.10	-102435.09	0.00	68630.21
196.20	-96737.02	0.00	73900.65
196.30	-90742.18	0.00	78647.85
196.40	-84485.29	0.00	82865.42
196.50	-78000.49	0.00	86550.60
196.60	-71321.31	0.00	89703.95
196.70	-64480.72	0.00	92328.99
196.80	-57511.12	0.00	94431.94
196.90	-50444.41	0.00	96021.39
197.00	-43312.01	0.00	97108.09
197.10	-36144.91	0.00	97704.68
197.20	-28973.75	0.00	97825.51
197.30	-21828.75	0.00	97486.53
197.40	-14739.79	0.00	96705.09
197.50	-7736.31	0.00	95499.89
197.60	-847.28	0.00	93890.84
197.70	5898.88	0.00	91899.08
197.80	12474.49	0.00	89546.84
197.90	18852.70	0.00	86857.40
198.00	25007.72	0.00	83855.06
198.10	30915.03	0.00	80565.03
198.20	36551.57	0.00	77013.38
198.30	41896.04	0.00	73226.90
198.40	46929.08	0.00	69232.99
198.50	51633.56	0.00	65059.48
198.60	55994.76	0.00	60734.50
198.70	60000.62	0.00	56286.21
198.80	63641.86	0.00	51742.64
198.90	66912.14	0.00	47131.36
199.00	69808.16	0.00	42479.27
199.10	72329.67	0.00	37812.30
199.20	74479.45	0.00	33155.12
199.30	76263.25	0.00	28530.84
199.40	77689.63	0.00	23960.75
199.50	78769.78	0.00	19464.05
199.60	79517.21	0.00	15057.60
199.70	79947.47	0.00	10755.72
199.80	80077.77	0.00	6570.02
199.90	79926.55	0.00	2509.28
200.00	79513.07	0.00	-1420.62
200.10	78856.90	0.00	-5216.70
200.20	77977.44	0.00	-8878.80
200.30	76904.48	0.00	-12409.50
200.40	75706.35	0.00	-15813.85
200.50	74402.42	0.00	-19099.16
200.60	73002.99	0.00	-22274.64
200.70	71515.70	0.00	-25350.99
200.80	69945.33	0.00	-28339.93
200.90	68293.64	0.00	-31253.76
201.00	66559.25	0.00	-34104.74
201.10	64737.69	0.00	-36904.57
201.20	62821.45	0.00	-39663.83
201.30	60800.15	0.00	-42391.38
201.40	58660.82	0.00	-45093.85
201.50	56388.25	0.00	-47775.14
201.60	53965.46	0.00	-50435.97
201.70	51374.19	0.00	-53073.53
201.80	48595.55	0.00	-55681.19
201.90	45610.63	0.00	-58248.37
202.00	42401.28	0.00	-60760.41
202.10	38950.78	0.00	-63198.69
202.20	35244.62	0.00	-65540.78
202.30	31271.23	0.00	-67760.77
202.40	27022.69	0.00	-69829.66
202.50	22495.38	0.00	-71715.93
202.60	17690.52	0.00	-73386.16
202.70	12614.69	0.00	-74805.77
202.80	7280.17	0.00	-75939.78
202.90	1705.18	0.00	-76753.65
203.00	-4086.02	0.00	-77214.17
203.10	-10063.20	0.00	-77290.28
203.20	-16190.38	0.00	-76953.93
203.30	-22426.16	0.00	-76180.83
203.40	-28724.31	0.00	-74951.17
203.50	-35034.35	0.00	-73250.27
203.60	-41302.38	0.00	-71069.02
203.70	-47471.99	0.00	-68404.32
203.80	-53485.20	0.00	-65259.26
203.90	-59283.51	0.00	-61643.24
204.00	-64808.98	0.00	-57571.95
204.10	-70005.29	0.00	-53067.11
204.20	-74818.78	0.00	-48156.17
204.30	-79199.43	0.00	-42871.85
204.40	-83101.77	0.00	-37251.59
204.50	-86485.62	0.00	-31336.83
204.60	-89316.81	0.00	-25172.35
204.70	-91567.62	0.00	-18805.42
204.80	-93217.16	0.00	-12285.04
204.90	-94251.55	0.00	-5661.12
205.00	-94663.92	0.00	1016.33
205.10	-94488.46	0.00	7697.95
205.20	-93799.32	0.00	14335.66
205.30	-92607.95	0.00	20883.37
205.40	-90927.17	0.00	27297.41
205.50	-88772.71	0.00	33537.01
205.60	-86162.71	0.00	39564.59
205.70	-83117.29	0.00	45345.99
205.80	-79658.13	0.00	50850.57
205.90	-75808.06	0.00	56051.24
206.00	-71590.71	0.00	60924.34
206.10	-67030.20	0.00	65449.55
206.20	-62150.89	0.00	69609.60
206.30	-56977.18	0.00	73390.06
206.40	-51533.41	0.00	76779.00
206.50	-45843.80	0.00	79766.67
206.60	-39932.43	0.00	82345.21
206.70	-33823.36	0.00	84508.31
206.80	-27540.68	0.00	86250.96
206.90	-21108.68	0.00	87569.17
207.00	-14552.09	0.00	88459.80
207.10	-7896.19	0.00	88920.43
207.20	-1167.12	0.00	88949.24
207.30	5608.01	0.00	88545.03
207.40	12400.88	0.00	87707.24
207.50	19181.84	0.00	86436.04
207.60	25919.80	0.00	84732.46
207.70	32582.18	0.00	82598.59
207.80	39134.96	0.00	80037.81
207.90	45542.71	0.00	77054.97
208.00	51768.78	0.00	73656.67
208.10	57775.54	0.00	69851.47
208.20	63524.65	0.00	65650.15
208.30	68977.43	0.00	61065.88
208.40	74095.28	0.00	56114.35
208.50	78840.14	0.00	50813.96
208.60	83174.97	0.00	45185.80
208.70	87064.32	0.00	39253.71
208.80	90474.76	0.00	33044.22
208.90	93375.45	0.00	26586.43
209.00	95738.62	0.00	19911.87
209.10	97539.96	0.00	13054.25
209.20	98759.05	0.00	6049.24
209.30	99397.35	0.00	-1065.83
209.40	99529.40	0.00	-8252.32
209.50	99158.86	0.00	-15470.56
209.60	98280.13	0.00	-22680.26
209.70	96889.71	0.00	-29840.75
209.80	94986.13	0.00	-36911.38
209.90	92570.01	0.00	-43851.78
210.00	89643.94	0.00	-50622.11
210.10	86212.55	0.00	-57183.29
210.20	82282.39	0.00	-63497.16
210.30	77862.00	0.00	-69526.64
210.40	72961.84	0.00	-75235.82
210.50	67594.44	0.00	-80589.99
210.60	61774.37	0.00	-85555.71
210.70	55518.42	0.00	-90100.73
210.80	48845.72	0.00	-94194.10
210.90	41777.92	0.00	-97806.03
211.00	34339.47	0.00	-100907.99
211.10	26557.81	0.00	-103472.65
211.20	18463.65	0.00	-105474.00
211.30	10091.29	0.00	-106887.39
211.40	1478.86	0.00	-107689.72
211.50	-7331.44	0.00	-107859.61
211.60	-16293.11	0.00	-107377.69
211.70	-25355.19	0.00	-106226.91
211.80	-34462.24	0.00	-104392.96
211.90	-43554.32	0.00	-101864.64
212.00	-52567.16	0.00	-98634.40
212.10	-61432.40	0.00	-94698.82
212.20	-70078.04	0.00	-90059.14
212.30	-78428.99	0.00	-84721.75
212.40	-86407.74	0.00	-78698.75
212.50	-93935.25	0.00	-72008.35
212.60	-100931.92	0.00	-64675.30
212.70	-107318.71	0.00	-56731.21
212.80	-113018.34	0.00	-48214.77
212.90	-117956.58	0.00	-39171.87
213.00	-122063.58	0.00	-29655.61
213.10	-125275.24	0.00	-19726.16
213.20	-127534.49	0.00	-9450.47
213.30	-128852.16	0.00	1098.09
213.40	-129319.38	0.00	11840.34
213.50	-128911.38	0.00	22691.91
213.60	-127604.55	0.00	33564.08
213.70	-125381.32	0.00	44364.66
213.80	-122230.83	0.00	54999.01
213.90	-118149.45	0.00	65371.12
214.00	-113141.37	0.00	75384.75
214.10	-107219.04	0.00	84944.60
214.20	-100403.60	0.00	93957.50
214.30	-92725.23	0.00	102333.60
214.40	-84223.40	0.00	109987.55
214.50	-74946.96	0.00	116839.58
214.60	-64954.22	0.00	122816.57
214.70	-54312.78	0.00	127853.01
214.80	-43099.29	0.00	131891.86
214.90	-31398.99	0.00	134885.34
215.00	-19305.19	0.00	136795.57
215.10	-6918.45	0.00	137595.03
215.20	5654.29	0.00	137267.04
215.30	18300.79	0.00	135805.90
215.40	30904.72	0.00	133217.10
215.50	43347.00	0.00	129517.22
215.60	55507.26	0.00	124733.80
215.70	67265.38	0.00	118905.07
215.80	78503.11	0.00	112079.53
215.90	89105.70	0.00	104315.38
216.00	98963.51	0.00	95679.98
216.10	107973.65	0.00	86249.03
216.20	116041.47	0.00	76105.81
216.30	123082.02	0.00	65340.28
216.40	129021.32	0.00	54048.10
216.50	133797.48	0.00	42329.66
216.60	137361.65	0.00	30289.01
216.70	139678.75	0.00	18032.78
216.80	140727.92	0.00	5669.10
216.90	140504.56	0.00	-6693.46
217.00	139155.76	0.00	-18947.02
217.10	136785.04	0.00	-30985.40
217.20	133413.48	0.00	-42705.17
217.30	129068.75	0.00	-54006.59
217.40	123785.01	0.00	-64794.58
217.50	117602.86	0.00	-74979.53
217.60	110569.27	0.00	-84478.12
217.70	102737.46	0.00	-93213.99
217.80	94166.76	0.00	-101118.41
217.90	84922.51	0.00	-108130.80
218.00	75075.78	0.00	-114199.18
218.10	64703.11	0.00	-119280.51
218.20	53886.18	0.00	-123341.02
218.30	42711.29	0.00	-126356.34
218.40	31268.90	0.00	-128311.64
218.50	19652.97	0.00	-129201.59
218.60	7960.23	0.00	-129030.35
218.70	-3710.66	0.00	-127811.38
218.80	-15259.94	0.00	-125567.24
218.90	-26587.84	0.00	-122329.29
219.00	-37595.51	0.00	-118137.32
219.10	-48186.25	0.00	-113039.14
219.20	-58266.53	0.00	-107090.07
219.30	-67747.21	0.00	-100352.44
219.40	-76544.66	0.00	-92894.91
219.50	-84581.86	0.00	-84791.86
219.60	-91789.51	0.00	-76122.70
219.70	-98106.93	0.00	-66971.04
219.80	-103483.01	0.00	-57423.96
219.90	-107876.95	0.00	-47571.13
220.00	-111258.87	0.00	-37503.95
220.10	-113610.29	0.00	-27314.60
220.20	-114924.37	0.00	-17095.19
220.30	-115206.07	0.00	-6936.73
220.40	-114472.00	0.00	3071.73
220.50	-112750.49	0.00	12844.10
220.60	-110162.25	0.00	22298.14
220.70	-106811.37	0.00	31356.32
220.80	-102741.70	0.00	39946.70
220.90	-98002.31	0.00	48003.65
221.00	-92647.05	0.00	55468.59
221.10	-86734.19	0.00	62290.56
221.20	-80325.82	0.00	68426.73
221.30	-73487.34	0.00	73842.82
221.40	-66286.75	0.00	78513.33
221.50	-58793.99	0.00	82421.67
221.60	-51080.15	0.00	85560.18
221.70	-43216.62	0.00	87929.98
221.80	-35274.29	0.00	89540.67
221.90	-27322.64	0.00	90409.96
222.00	-19428.93	0.00	90563.08
222.10	-11657.29	0.00	90032.14
222.20	-4067.96	0.00	88855.40
222.30	3283.41	0.00	87076.37
222.40	10346.47	0.00	84742.95
222.50	17076.65	0.00	81906.41
222.60	23435.61	0.00	78620.43
222.70	29391.52	0.00	74940.10
222.80	34919.18	0.00	70920.93
222.90	40000.07	0.00	66617.89
223.00	44622.16	0.00	62084.54
223.10	48779.65	0.00	57372.22
223.20	52472.57	0.00	52529.30
223.30	55706.25	0.00	47600.60
223.40	58490.71	0.00	42626.86
223.50	60839.94	0.00	37644.41
223.60	62771.20	0.00	32684.88
223.70	64304.19	0.00	27775.09
223.80	65460.29	0.00	22937.10
223.90	66261.79	0.00	18188.32
224.00	66731.15	0.00	13541.74
224.10	66890.31	0.00	9006.31
224.20	66760.11	0.00	4587.37
224.30	66359.77	0.00	287.13
224.40	65706.44	0.00	-3894.71
224.50	64824.07	0.00	-7960.40
224.60	63760.50	0.00	-11913.49
224.70	62526.62	0.00	-15758.20
224.80	61126.35	0.00	-19498.82
224.90	59560.65	0.00	-23139.10
225.00	57827.82	0.00	-26681.72
225.10	55923.83	0.00	-30127.79
225.20	53842.74	0.00	-33476.46
225.30	51577.16	0.00	-36724.56
225.40	49118.81	0.00	-39866.36
225.50	46459.04	0.00	-42893.41
225.60	43589.42	0.00	-45794.47
225.70	40502.34	0.00	-48555.51
225.80	37191.57	0.00	-51159.88
225.90	33652.84	0.00	-53588.49
226.00	29884.35	0.00	-55820.07
226.10	25887.29	0.00	-57831.61
226.20	21666.26	0.00	-59598.69
226.30	17229.62	0.00	-61096.07
226.40	12589.85	0.00	-62298.16
226.50	7763.70	0.00	-63179.61
226.60	2772.37	0.00	-63715.90
226.70	-2358.49	0.00	-63883.95
226.80	-7598.81	0.00	-63662.71
226.90	-12914.29	0.00	-63033.74
227.00	-18266.64	0.00	-61981.77
227.10	-23613.97	0.00	-60495.22
227.20	-28911.20	0.00	-58566.69
227.30	-34110.64	0.00	-56193.33
227.40	-39162.62	0.00	-53377.18
227.50	-44016.17	0.00	-50125.50
227.60	-48619.79	0.00	-46450.89
227.70	-52922.26	0.00	-42371.40
227.80	-56873.47	0.00	-37910.58
227.90	-60425.29	0.00	-33097.32
228.00	-63532.44	0.00	-27965.78
228.10	-66153.26	0.00	-22555.01
228.20	-68250.59	0.00	-16908.70
228.30	-69792.46	0.00	-11074.68
228.40	-70752.77	0.00	-5104.40
228.50	-71111.89	0.00	947.59
228.60	-70858.53	0.00	7024.36
228.70	-70026.28	0.00	13067.26
228.80	-68632.81	0.00	19016.66
228.90	-66683.63	0.00	24812.74
229.00	-64190.15	0.00	30396.30
229.10	-61169.73	0.00	35709.50
229.20	-57645.74	0.00	40696.72
229.30	-53647.35	0.00	45305.30
229.40	-49209.50	0.00	49486.29
229.50	-44372.54	0.00	53195.17
229.60	-39181.99	0.00	56392.48
229.70	-33688.08	0.00	59044.41
229.80	-27945.28	0.00	61123.32
229.90	-22011.71	0.00	62608.18
230.00	-15948.52	0.00	63484.89
230.10	-9819.14	0.00	63746.51
230.20	-3688.52	0.00	63393.47
230.30	2377.72	0.00	62433.54
230.40	8314.19	0.00	60881.82
230.50	14056.58	0.00	58760.57
230.60	19542.62	0.00	56098.93
230.70	24713.01	0.00	52932.58
230.80	29512.27	0.00	49303.28
230.90	33889.63	0.00	45258.33
231.00	37799.80	0.00	40849.94
231.10	41203.73	0.00	36134.59
231.20	44069.24	0.00	31172.18
231.30	46371.54	0.00	26025.34
231.40	48093.66	0.00	20758.49
231.50	49226.73	0.00	15436.99
231.60	49770.18	0.00	10126.28
231.70	49731.71	0.00	4890.90
231.80	49127.22	0.00	-206.35
231.90	47980.51	0.00	-5105.35
232.00	46322.90	0.00	-9749.46
232.10	44192.73	0.00	-14086.40
232.20	41634.66	0.00	-18068.96
232.30	38706.35	0.00	-21655.72
232.40	35471.50	0.00	-24811.69
232.50	31984.66	0.00	-27508.81
232.60	28303.09	0.00	-29726.38
232.70	24486.05	0.00	-31451.42
232.80	20593.88	0.00	-32678.82
232.90	16687.07	0.00	-33411.44
233.00	12825.28	0.00	-33660.07
233.10	9066.30	0.00	-33443.20
233.20	5465.10	0.00	-32786.72
233.30	2072.81	0.00	-31723.46
233.40	-1064.23	0.00	-30292.55
233.50	-3905.33	0.00	-28538.74
233.60	-6416.25	0.00	-26511.50
233.70	-8569.93	0.00	-24264.15
233.80	-10346.96	0.00	-21852.76
233.90	-11736.07	0.00	-19335.04
234.00	-12734.31	0.00	-16769.24
234.10	-13347.13	0.00	-14212.89
234.20	-13588.27	0.00	-11721.63
234.30	-13479.45	0.00	-9348.07
234.40	-13049.85	0.00	-7140.65
234.50	-12335.47	0.00	-5142.54
234.60	-11378.28	0.00	-3390.80
234.70	-10225.23	0.00	-1915.44
234.80	-8927.19	0.00	-738.83
234.90	-7537.70	0.00	124.86
235.00	-6111.68	0.00	669.99
235.10	-4704.20	0.00	899.60
235.20	-3369.04	0.00	825.31
235.30	-2157.47	0.00	467.14
235.40	-1116.94	0.00	-147.01
235.50	-289.92	0.00	-981.95
235.60	287.17	0.00	-1996.06
235.70	584.92	0.00	-3142.26
235.80	581.67	0.00	-4369.08
235.90	264.18	0.00	-5621.99
236.00	-371.96	0.00	-6844.62
236.10	-1322.15	0.00	-7980.19
236.20	-2572.66	0.00	-8972.91
236.30	-4100.92	0.00	-9769.32
236.40	-5875.84	0.00	-10319.70
236.50	-7858.42	0.00	-10579.30
236.60	-10002.56	0.00	-10509.49
236.70	-12255.98	0.00	-10078.84
236.80	-14561.35	0.00	-9263.98
236.90	-16857.58	0.00	-8050.27
237.00	-19083.50	0.00	-6432.34
237.10	-21176.84	0.00	-4414.38
237.20	-23074.83	0.00	-2010.23
237.30	-24716.54	0.00	756.75
237.40	-26044.20	0.00	3854.00
237.50	-27004.44	0.00	7240.31
237.60	-27549.44	0.00	10866.54
237.70	-27638.01	0.00	14676.46
237.80	-27236.49	0.00	18607.89
237.90	-26319.53	0.00	22593.76
238.00	-24870.68	0.00	26563.43
238.10	-22882.91	0.00	30443.98
238.20	-20358.82	0.00	34161.62
238.30	-17310.82	0.00	37643.03
238.40	-13761.05	0.00	40816.74
238.50	-9741.13	0.00	43614.44
238.60	-5291.82	0.00	45972.20
238.70	-462.47	0.00	47831.65
238.80	4689.72	0.00	49140.99
238.90	10100.46	0.00	49855.87
239.00	15699.38	0.00	49940.19
239.10	21411.01	0.00	49366.69
239.20	27156.02	0.00	48117.36
239.30	32852.33	0.00	46183.76
239.40	38416.47	0.00	43567.14
239.50	43764.80	0.00	40278.41
239.60	48814.83	0.00	36337.95
239.70	53486.52	0.00	31775.33
239.80	57703.47	0.00	26628.85
239.90	61395.33	0.00	20945.04
240.00	64527.76	0.00	14777.96
240.10	67060.72	0.00	8188.51
240.20	68948.27	0.00	1243.65
240.30	70151.08	0.00	-5984.47
240.40	70636.68	0.00	-13419.38
240.50	70379.81	0.00	-20981.20
240.60	69362.57	0.00	-28587.59
240.70	67574.61	0.00	-36154.67
240.80	65013.25	0.00	-43597.96
240.90	61683.62	0.00	-50833.30
241.00	57598.65	0.00	-57777.79
241.10	52779.19	0.00	-64350.60
241.20	47253.91	0.00	-70473.90
241.30	41059.30	0.00	-76073.63
241.40	34239.56	0.00	-81080.30
241.50	26846.42	0.00	-85429.71
241.60	18938.92	0.00	-89063.63
241.70	10583.09	0.00	-91930.43
241.80	1851.51	0.00	-93985.65
241.90	-7177.13	0.00	-95192.50
242.00	-16418.69	0.00	-95522.28
242.10	-25784.25	0.00	-94954.77
242.20	-35180.98	0.00	-93478.44
242.30	-44513.02	0.00	-91090.70
242.40	-53682.54	0.00	-87797.98
242.50	-62590.80	0.00	-83615.72
242.60	-71139.39	0.00	-78568.32
242.70	-79231.45	0.00	-72688.91
242.80	-86772.91	0.00	-66019.13
242.90	-93673.80	0.00	-58608.70
243.00	-99849.53	0.00	-50515.00
243.10	-105222.08	0.00	-41802.52
243.20	-109721.15	0.00	-32542.18
243.30	-113285.26	0.00	-22810.70
243.40	-115918.64	0.00	-12689.78
243.50	-117681.25	0.00	-2265.29
243.60	-118549.57	0.00	8373.57
243.70	-118504.66	0.00	19135.20
243.80	-117533.86	0.00	29926.48
243.90	-115630.90	0.00	40653.71
244.00	-112795.91	0.00	51223.49
244.10	-109035.50	0.00	61543.65
244.20	-104362.80	0.00	71524.10
244.30	-98797.50	0.00	81077.60
244.40	-92365.91	0.00	90120.59
244.50	-85100.94	0.00	98573.85
244.60	-77042.10	0.00	106363.15
244.70	-68235.50	0.00	113419.83
244.80	-58733.74	0.00	119681.24
244.90	-48595.86	0.00	125091.23
245.00	-37887.09	0.00	129600.42
245.10	-26678.75	0.00	133166.51
245.20	-15047.88	0.00	135754.44
245.30	-3076.96	0.00	137336.57
245.40	9146.52	0.00	137892.71
245.50	21530.52	0.00	137410.17
245.60	33979.03	0.00	135883.75
245.70	46392.72	0.00	133315.65
245.80	58669.58	0.00	129715.42
245.90	70705.76	0.00	125099.84
246.00	82396.41	0.00	119492.81
246.10	93636.59	0.00	112925.18
246.20	104322.27	0.00	105434.65
246.30	114351.35	0.00	97065.56
246.40	123624.76	0.00	87868.76
246.50	132047.56	0.00	77901.40
246.60	139530.09	0.00	67226.73
246.70	145989.11	0.00	55913.90
246.80	151348.94	0.00	44037.64
246.90	155542.54	0.00	31678.05
247.00	158514.53	0.00	18920.17
247.10	160396.85	0.00	5853.64
247.20	161275.82	0.00	-7427.77
247.30	161128.70	0.00	-20826.72
247.40	159936.79	0.00	-34242.82
247.50	157685.91	0.00	-47573.41
247.60	154366.86	0.00	-60714.19
247.70	149976.06	0.00	-73560.15
247.80	144516.21	0.00	-86006.40
247.90	137996.97	0.00	-97949.12
248.00	130435.68	0.00	-109286.62
248.10	121858.04	0.00	-119920.36
248.20	112298.80	0.00	-129755.99
248.30	101802.27	0.00	-138704.52
248.40	90422.83	0.00	-146683.33
248.50	78225.23	0.00	-153617.24
248.60	65284.75	0.00	-159439.52
248.70	51687.14	0.00	-164092.82
248.80	37528.35	0.00	-167530.02
248.90	22914.07	0.00	-169714.97
249.00	7958.91	0.00	-170623.12
249.10	-7214.52	0.00	-170241.95
249.20	-22476.90	0.00	-168571.36
249.30	-37693.66	0.00	-165623.79
249.40	-52726.61	0.00	-161424.24
249.50	-67435.84	0.00	-156010.06
249.60	-81681.68	0.00	-149430.62
249.70	-95326.77	0.00	-141746.79
249.80	-108238.22	0.00	-133030.22
249.90	-120289.70	0.00	-123362.54
250.00	-131363.48	0.00	-112834.31
250.10	-141352.46	0.00	-101543.99
250.20	-150161.85	0.00	-89596.65
250.30	-157710.82	0.00	-77102.66
250.40	-163933.78	0.00	-64176.38
250.50	-168781.40	0.00	-50934.66
250.60	-172221.38	0.00	-37495.43
250.70	-174238.74	0.00	-23976.26
250.80	-174835.93	0.00	-10492.96
250.90	-174061.65	0.00	2841.81
251.00	-172211.53	0.00	15919.80
251.10	-169386.01	0.00	28638.39
251.20	-165627.99	0.00	40901.68
251.30	-160985.44	0.00	52621.43
251.40	-155510.95	0.00	63717.90
251.50	-149261.27	0.00	74120.53
251.60	-142296.82	0.00	83768.46
251.70	-134681.18	0.00	92610.87
251.80	-126480.61	0.00	100607.23
251.90	-117763.48	0.00	107727.29
252.00	-108599.74	0.00	113951.03
252.10	-99060.33	0.00	119268.36
252.20	-89216.57	0.00	123678.79
252.30	-79139.59	0.00	127190.88
252.40	-68899.65	0.00	129821.66
252.50	-58565.58	0.00	131595.96
252.60	-48204.13	0.00	132545.59
252.70	-37879.43	0.00	132708.54
252.80	-27652.43	0.00	132128.11
252.90	-17580.35	0.00	130852.04
253.00	-7716.29	0.00	128931.58
253.10	1891.21	0.00	126420.62
253.20	11198.46	0.00	123374.83
253.30	20166.91	0.00	119850.78
253.40	28763.27	0.00	115905.19
253.50	36959.65	0.00	111594.15
253.60	44733.55	0.00	106972.43
253.70	52067.77	0.00	102092.84
253.80	58950.31	0.00	97005.68
253.90	65374.09	0.00	91758.23
254.00	71336.67	0.00	86394.32
254.10	76839.94	0.00	80953.94
254.20	81889.61	0.00	75472.98
254.30	86494.83	0.00	69983.00
254.40	90667.61	0.00	64511.07
254.50	94422.32	0.00	59079.68
254.60	97775.08	0.00	53706.76
254.70	100743.19	0.00	48405.68
254.80	103344.50	0.00	43185.46
254.90	105596.89	0.00	38050.88
255.00	107517.60	0.00	33002.82
255.10	109122.76	0.00	28038.54
255.20	110426.85	0.00	23152.10
255.30	111442.26	0.00	18334.84
255.40	112178.88	0.00	13575.87
255.50	112643.82	0.00	8862.61
255.60	112841.18	0.00	4181.47
255.70	112810.76	0.00	-481.58
255.80	112654.17	0.00	-5140.31
255.90	112370.61	0.00	-9807.61
256.00	111949.64	0.00	-14494.78
256.10	111377.16	0.00	-19210.95
256.20	110635.77	0.00	-23962.47
256.30	109705.24	0.00	-28752.40
256.40	108563.01	0.00	-33580.07
256.50	107184.83	0.00	-38440.67
256.60	105545.39	0.00	-43325.10
256.70	103619.12	0.00	-48219.73
256.80	101380.91	0.00	-53106.51
256.90	98806.92	0.00	-57963.02
257.00	95875.40	0.00	-62762.77
257.10	92567.46	0.00	-67475.64
257.20	88867.80	0.00	-72068.35
257.30	84765.39	0.00	-76505.14
257.40	80254.12	0.00	-80748.50
257.50	75333.24	0.00	-84760.03
257.60	70007.77	0.00	-88501.26
257.70	64288.73	0.00	-91934.65
257.80	58193.24	0.00	-95024.43
257.90	51744.47	0.00	-97737.56
258.00	44971.39	0.00	-100044.53
258.10	37908.40	0.00	-101920.16
258.20	30594.84	0.00	-103344.23
258.30	23074.23	0.00	-104302.06
258.40	15393.56	0.00	-104784.84
258.50	7602.34	0.00	-104789.91
258.60	-248.34	0.00	-104320.80
258.70	-8106.86	0.00	-103387.11
258.80	-15922.06	0.00	-102004.22
258.90	-23644.26	0.00	-100192.89
259.00	-31226.24	0.00	-97978.63
259.10	-38624.05	0.00	-95390.97
259.20	-45797.83	0.00	-92462.69
259.30	-52712.34	0.00	-89228.86
259.40	-59337.48	0.00	-85725.94
259.50	-65648.53	0.00	-81990.76
259.60	-71626.21	0.00	-78059.62
259.70	-77256.64	0.00	-73967.35
259.80	-82531.02	0.00	-69746.50
259.90	-87445.24	0.00	-65426.61
260.00	-91999.25	0.00	-61033.61
260.10	-96196.43	0.00	-56589.38
260.20	-100042.74	0.00	-52111.41
260.30	-103545.92	0.00	-47612.75
260.40	-106714.64	0.00	-43101.94
260.50	-109557.66	0.00	-38583.32
260.60	-112083.01	0.00	-34057.28
260.70	-114297.34	0.00	-29520.81
260.80	-116205.26	0.00	-24968.09
260.90	-117808.94	0.00	-20391.17
261.00	-119107.75	0.00	-15780.74
261.10	-120098.14	0.00	-11126.92
261.20	-120783.53	0.00	-6420.10
261.30	-121278.58	0.00	-1651.65
261.40	-121610.02	0.00	3185.29
261.50	-121764.42	0.00	8095.17
261.60	-121725.51	0.00	13079.51
261.70	-121474.73	0.00	18136.42
261.80	-120991.89	0.00	23260.35
261.90	-120255.86	0.00	28441.89
262.00	-119245.24	0.00	33667.78
262.10	-117939.10	0.00	38921.01
262.20	-116317.65	0.00	44181.12
262.30	-114362.83	0.00	49424.55
262.40	-112058.93	0.00	54625.16
262.50	-109393.02	0.00	59754.75
262.60	-106355.40	0.00	64783.79
262.70	-102939.83	0.00	69681.98
262.80	-99143.75	0.00	74419.04
262.90	-94968.34	0.00	78965.32
263.00	-90418.47	0.00	83292.44
263.10	-85502.62	0.00	87373.90
263.20	-80232.60	0.00	91185.54
263.30	-74623.28	0.00	94705.95
263.40	-68692.20	0.00	97916.77
263.50	-62459.21	0.00	100802.88
263.60	-55945.98	0.00	103352.46
263.70	-49175.62	0.00	105556.91
263.80	-42172.16	0.00	107410.77
263.90	-34960.24	0.00	108911.42
264.00	-27564.70	0.00	110058.78
264.10	-20010.28	0.00	110854.91
264.20	-12321.43	0.00	111303.57
264.30	-4522.10	0.00	111409.82
264.40	3364.26	0.00	111179.47
264.50	11314.74	0.00	110618.73
264.60	19306.88	0.00	109733.75
264.70	27318.47	0.00	108530.30
264.80	35327.40	0.00	107013.47
264.90	43311.33	0.00	105187.48
265.00	51247.45	0.00	103055.53
265.10	59112.18	0.00	100619.80
265.20	66880.85	0.00	97881.50
265.30	74527.46	0.00	94840.98
265.40	82024.46	0.00	91497.99
265.50	89342.59	0.00	87851.94
265.60	96450.80	0.00	83902.22
265.70	103316.21	0.00	79648.64
265.80	109904.25	0.00	75091.74
265.90	116178.83	0.00	70233.30
266.00	122102.62	0.00	65076.66
266.10	127637.41	0.00	59627.13
266.20	132744.56	0.00	53892.35
266.30	137385.59	0.00	47882.52
266.40	141522.70	0.00	41610.68
266.50	145119.43	0.00	35092.83
266.60	148141.31	0.00	28348.03
266.70	150556.54	0.00	21398.36
266.80	152336.63	0.00	14268.88
266.90	153491.36	0.00	6987.47
267.00	154207.86	0.00	-415.45
267.10	154507.05	0.00	-7907.17
267.20	154377.29	0.00	-15453.05
267.30	153808.50	0.00	-23016.98
267.40	152792.38	0.00	-30561.72
267.50	151322.60	0.00	-38049.48
267.60	149394.88	0.00	-45442.29
267.70	147007.15	0.00	-52702.56
267.80	144159.58	0.00	-59793.52
267.90	140854.62	0.00	-66679.64
268.00	137097.00	0.00	-73327.07
268.10	132893.73	0.00	-79704.01
268.20	128254.00	0.00	-85781.03
268.30	123189.11	0.00	-91531.33
268.40	117712.40	0.00	-96930.98
268.50	111839.07	0.00	-101959.03
268.60	105586.07	0.00	-106597.64
268.70	98971.95	0.00	-110832.09
268.80	92016.67	0.00	-114650.77
268.90	84741.48	0.00	-118045.08
269.00	77168.69	0.00	-121009.31
269.10	69321.58	0.00	-123540.46
269.20	61224.18	0.00	-125638.03
269.30	52901.17	0.00	-127303.80
269.40	44377.74	0.00	-128541.53
269.50	35679.46	0.00	-129356.69
269.60	26832.21	0.00	-129756.20
269.70	17862.07	0.00	-129748.08
269.80	8795.33	0.00	-129341.25
269.90	-341.60	0.00	-128545.16
270.00	-9522.20	0.00	-127369.61
270.10	-18719.79	0.00	-125824.51
270.20	-27907.52	0.00	-123919.60
270.30	-37058.34	0.00	-121664.38
270.40	-46144.95	0.00	-119067.88
270.50	-55139.70	0.00	-116138.60
270.60	-64014.54	0.00	-112884.41
270.70	-72740.95	0.00	-109312.53
270.80	-81289.85	0.00	-105429.52
270.90	-89631.55	0.00	-101241.35
271.00	-97735.68	0.00	-96753.41
271.10	-105571.18	0.00	-91970.70
271.20	-113106.25	0.00	-86897.93
271.30	-120308.37	0.00	-81539.70
271.40	-127144.38	0.00	-75900.70
271.50	-133580.50	0.00	-69985.96
271.60	-139582.51	0.00	-63801.10
271.70	-145115.85	0.00	-57352.56
271.80	-150145.89	0.00	-50647.93
271.90	-154638.17	0.00	-43696.20
272.00	-158558.71	0.00	-36508.05
272.10	-161874.34	0.00	-29096.10
272.20	-164553.18	0.00	-21475.23
272.30	-166564.99	0.00	-13662.74
272.40	-167881.75	0.00	-5678.60
272.50	-168629.66	0.00	2454.42
272.60	-168966.87	0.00	10710.60
272.70	-168874.13	0.00	19061.25
272.80	-168331.44	0.00	27474.66
272.90	-167318.70	0.00	35916.22
273.00	-165816.18	0.00	44348.51
273.10	-163804.93	0.00	52731.51
273.20	-161267.31	0.00	61022.88
273.30	-158187.52	0.00	69178.29
273.40	-154552.07	0.00	77151.85
273.50	-150350.34	0.00	84896.56
273.60	-145575.06	0.00	92364.82
273.70	-140222.83	0.00	99509.04
273.80	-134294.54	0.00	106282.18
273.90	-127795.77	0.00	112638.41
274.00	-120737.14	0.00	118533.74
274.10	-113134.56	0.00	123926.64
274.20	-105009.42	0.00	128778.64
274.30	-96388.69	0.00	133054.92
274.40	-87304.87	0.00	136724.86
274.50	-77795.95	0.00	139762.50
274.60	-67905.11	0.00	142146.95
274.70	-57680.47	0.00	143862.77
274.80	-47174.62	0.00	144900.16
274.90	-36444.12	0.00	145255.19
275.00	-25548.89	0.00	144929.83
275.10	-14551.50	0.00	143931.96
275.20	-3516.47	0.00	142275.25
275.30	7490.57	0.00	139978.92
275.40	18403.69	0.00	137067.52
275.50	29157.51	0.00	133570.52
275.60	39688.03	0.00	129521.86
275.70	49933.46	0.00	124959.49
275.80	59834.98	0.00	119924.79
275.90	69337.47	0.00	114461.99
276.00	78390.15	0.00	108617.57
276.10	86947.16	0.00	102439.58
276.20	94968.02	0.00	95977.05
276.30	102418.00	0.00	89279.32
276.40	109268.38	0.00	82395.47
276.50	115496.60	0.00	75373.68
276.60	121086.30	0.00	68260.72
276.70	126027.30	0.00	61101.40
276.80	130315.36	0.00	53938.19
276.90	133952.00	0.00	46810.71
277.00	136944.12	0.00	39755.50
277.10	139303.60	0.00	32805.65
277.20	141046.83	0.00	25990.64
277.30	142194.22	0.00	19336.15
277.40	142769.59	0.00	12863.99
277.50	142799.67	0.00	6592.05
277.60	142313.45	0.00	534.37
277.70	141341.65	0.00	-5298.88
277.80	139916.12	0.00	-10901.15
277.90	138118.68	0.00	-16269.45
278.00	136140.00	0.00	-21404.08
278.10	134014.57	0.00	-26308.41
278.20	131761.72	0.00	-30988.59
278.30	129398.44	0.00	-35453.29
278.40	126939.28	0.00	-39713.36
278.50	124396.24	0.00	-43781.51
278.60	121778.76	0.00	-47672.00
278.70	119093.60	0.00	-51400.23
278.80	116344.87	0.00	-54982.46
278.90	113534.03	0.00	-58435.43
279.00	110659.89	0.00	-61776.01
279.10	107718.65	0.00	-65020.87
279.20	104703.94	0.00	-68186.10
279.30	101606.96	0.00	-71286.92
279.40	98416.51	0.00	-74337.35
279.50	95119.16	0.00	-77349.84
279.60	91699.40	0.00	-80335.04
279.70	88139.82	0.00	-83301.45
279.80	84421.31	0.00	-86255.15
279.90	80523.33	0.00	-89199.60
280.00	76424.22	0.00	-92135.34
280.10	72101.47	0.00	-95059.82
280.20	67532.14	0.00	-97967.21
280.30	62693.24	0.00	-100848.30
280.40	57562.18	0.00	-103690.34
280.50	52117.26	0.00	-106477.05
280.60	46338.21	0.00	-109188.62
280.70	40206.71	0.00	-111801.70
280.80	33706.99	0.00	-114289.61
280.90	26826.43	0.00	-116622.43
281.00	19556.13	0.00	-118767.33
281.10	11891.57	0.00	-120688.79
281.20	3833.15	0.00	-122349.07
281.30	-4613.23	0.00	-123708.55
281.40	-13435.66	0.00	-124726.31
281.50	-22615.73	0.00	-125360.66
281.60	-32128.19	0.00	-125569.71
281.70	-41940.60	0.00	-125312.10
281.80	-52013.18	0.00	-124547.57
281.90	-62298.68	0.00	-123237.76
282.00	-72742.48	0.00	-121346.86
282.10	-83282.76	0.00	-118842.34
282.20	-93850.82	0.00	-115695.65
282.30	-104371.62	0.00	-111882.84
282.40	-114764.38	0.00	-107385.24
282.50	-124943.41	0.00	-102189.98
282.60	-134819.05	0.00	-96290.48
282.70	-144298.72	0.00	-89686.90
282.80	-153288.16	0.00	-82386.43
282.90	-161692.69	0.00	-74403.57
283.00	-169418.62	0.00	-65760.20
283.10	-176374.63	0.00	-56485.63
283.20	-182473.25	0.00	-46616.52
283.30	-187632.30	0.00	-36196.66
283.40	-191776.25	0.00	-25276.69
283.50	-194852.51	0.00	-13913.68
283.60	-197112.94	0.00	-2170.63
283.70	-198641.30	0.00	9884.10
283.80	-199404.61	0.00	22177.46
283.90	-199372.54	0.00	34632.45
284.00	-198517.64	0.00	47168.88
284.10	-196815.63	0.00	59704.18
284.20	-194245.64	0.00	72154.26
284.30	-190790.58	0.00	84434.34
284.40	-186437.41	0.00	96459.79
284.50	-181177.52	0.00	108146.98
284.60	-175007.04	0.00	119414.07
284.70	-167927.23	0.00	130181.73
284.80	-159944.80	0.00	140373.88
284.90	-151072.27	0.00	149918.31
285.00	-141328.29	0.00	158747.28
285.10	-130737.95	0.00	166797.99
285.20	-119333.01	0.00	174013.03
285.30	-107152.11	0.00	180340.71
285.40	-94240.94	0.00	185735.39
285.50	-80652.34	0.00	190157.62
285.60	-66446.26	0.00	193574.34
285.70	-51689.75	0.00	195958.94
285.80	-36456.81	0.00	197291.27
285.90	-20828.11	0.00	197557.67
286.00	-4890.72	0.00	196750.87
286.10	11262.37	0.00	194869.93
286.20	27532.72	0.00	191920.15
286.30	43817.07	0.00	187912.91
286.40	60008.07	0.00	182865.62
286.50	75995.05	0.00	176801.54
286.60	91664.93	0.00	169749.66
286.70	106903.23	0.00	161744.63
286.80	121595.07	0.00	152826.61
286.90	135626.37	0.00	143041.16
287.00	148884.99	0.00	132439.17
287.10	161262.03	0.00	121076.68
287.20	172653.09	0.00	109014.82
287.30	182959.60	0.00	96319.60
287.40	192090.08	0.00	83061.75
287.50	199961.50	0.00	69316.51
287.60	206500.46	0.00	55163.34
287.70	211644.38	0.00	40685.59
287.80	215342.61	0.00	25970.14
287.90	217557.31	0.00	11106.90
288.00	218264.30	0.00	-3811.70
288.10	217453.67	0.00	-18691.32
288.20	215406.47	0.00	-33436.39
288.30	212399.14	0.00	-47950.88
288.40	208436.09	0.00	-62139.07
288.50	203525.08	0.00	-75906.42
288.60	197677.72	0.00	-89160.49
288.70	190910.04	0.00	-101811.81
288.80	183243.01	0.00	-113774.85
288.90	174703.04	0.00	-124968.87
289.00	165322.45	0.00	-135318.86
289.10	155139.83	0.00	-144756.31
289.20	144200.34	0.00	-153220.01
289.30	132555.88	0.00	-160656.67
289.40	120265.14	0.00	-167021.51
289.50	107393.50	0.00	-172278.73
289.60	94012.80	0.00	-176401.79
289.70	80200.97	0.00	-179373.68
289.80	66041.49	0.00	-181186.90
289.90	51622.76	0.00	-181843.44
290.00	37037.32	0.00	-181354.60
290.10	22380.95	0.00	-179740.63
290.20	7751.74	0.00	-177030.35
290.30	-6750.94	0.00	-173260.59
290.40	-21027.55	0.00	-168475.63
290.50	-34979.38	0.00	-162726.53
290.60	-48509.70	0.00	-156070.39
290.70	-61524.79	0.00	-148569.66
290.80	-73934.93	0.00	-140291.40
290.90	-85655.33	0.00	-131306.49
291.00	-96607.04	0.00	-121688.97
291.10	-106717.70	0.00	-111515.32
291.20	-115922.22	0.00	-100863.84
291.30	-124163.40	0.00	-89814.05
291.40	-131392.37	0.00	-78446.10
291.50	-137569.04	0.00	-66840.37
291.60	-142662.34	0.00	-55076.94
291.70	-146650.46	0.00	-43235.25
291.80	-149520.92	0.00	-31393.71
291.90	-151270.64	0.00	-19629.43
292.00	-151905.86	0.00	-8017.86
292.10	-151442.03	0.00	3367.44
292.20	-149903.55	0.00	14455.10
292.30	-147323.57	0.00	25176.20
292.40	-143743.58	0.00	35464.57
292.50	-139213.56	0.00	45257.10
292.60	-133913.62	0.00	54494.01
292.70	-127983.02	0.00	63119.25
292.80	-121462.33	0.00	71080.83
292.90	-114395.35	0.00	78331.20
293.00	-106829.40	0.00	84827.67
293.10	-98815.47	0.00	90532.76
293.20	-90408.35	0.00	95414.68
293.30	-81666.67	0.00	99447.67
293.40	-72652.86	0.00	102612.38
293.50	-63432.96	0.00	104896.27
293.60	-54076.34	0.00	106293.88
293.70	-44655.30	0.00	106807.07
293.80	-35244.55	0.00	106445.28
293.90	-25920.56	0.00	105225.61
294.00	-16760.80	0.00	103172.91
294.10	-7842.86	0.00	100319.69
294.20	756.43	0.00	96706.08
294.30	8962.06	0.00	92379.51
294.40	16701.87	0.00	87394.50
294.50	23907.65	0.00	81812.16
294.60	30516.16	0.00	75699.75
294.70	36470.25	0.00	69130.04
294.80	41719.80	0.00	62180.63
294.90	46222.63	0.00	54933.19
295.00	49945.37	0.00	47472.61
295.10	52864.09	0.00	39886.11
295.20	54964.90	0.00	32262.23
295.30	56244.29	0.00	24689.87
295.40	56709.42	0.00	17257.21
295.50	56378.14	0.00	10050.67
295.60	55278.84	0.00	3153.83
295.70	53450.18	0.00	-3353.63
295.80	50940.59	0.00	-9396.99
295.90	47807.63	0.00	-14907.45
296.00	44117.18	0.00	-19823.14
296.10	39942.50	0.00	-24089.94
296.20	35363.20	0.00	-27662.33
296.30	30464.03	0.00	-30504.08
296.40	25333.71	0.00	-32588.82
296.50	20063.57	0.00	-33900.56
296.60	14746.27	0.00	-34433.98
296.70	9474.42	0.00	-34194.61
296.80	4339.30	0.00	-33198.93
296.90	-570.50	0.00	-31474.19
297.00	-5170.28	0.00	-29058.13
297.10	-9380.48	0.00	-25998.59
297.20	-13127.76	0.00	-22352.85
297.30	-16346.03	0.00	-18186.87
297.40	-18977.39	0.00	-13574.46
297.50	-20972.97	0.00	-8596.15
297.60	-22293.56	0.00	-3338.11
297.70	-22910.28	0.00	2109.13
297.80	-22804.98	0.00	7652.05
297.90	-21970.53	0.00	13195.48
298.00	-20411.08	0.00	18644.09
298.10	-18142.01	0.00	23903.83
298.20	-15189.83	0.00	28883.35
298.30	-11591.97	0.00	33495.46
298.40	-7396.25	0.00	37658.43
298.50	-2660.42	0.00	41297.29
298.60	2548.67	0.00	44344.99
298.70	8155.91	0.00	46743.43
298.80	14078.96	0.00	48444.36
298.90	20229.47	0.00	49410.15
299.00	26514.31	0.00	49614.31
299.10	32837.04	0.00	49041.90
299.20	39099.37	0.00	47689.75
299.30	45202.77	0.00	45566.45
299.40	51050.01	0.00	42692.18
299.50	56546.88	0.00	39098.32
299.60	61603.68	0.00	34826.97
299.70	66136.84	0.00	29930.17
299.80	70070.33	0.00	24469.06
299.90	73364.39	0.00	18512.86
300.00	75999.47	0.00	12137.74
300.10	77935.43	0.00	5425.59
300.20	79141.36	0.00	-1537.34
300.30	79595.95	0.00	-8661.77
300.40	79287.62	0.00	-15856.87
300.50	78214.50	0.00	-23031.61
300.60	76384.37	0.00	-30096.24
300.70	73814.40	0.00	-36963.62
300.80	70530.81	0.00	-43550.56
300.90	66568.47	0.00	-49778.99
301.00	61970.26	0.00	-55577.12
301.10	56786.46	0.00	-60880.40
301.20	51073.97	0.00	-65632.34
301.30	44895.42	0.00	-69785.21
301.40	38318.25	0.00	-73300.54
301.50	31413.70	0.00	-76149.40
301.60	24255.67	0.00	-78312.61
301.70	16919.70	0.00	-79780.63
301.80	9481.76	0.00	-80553.40
301.90	2017.12	0.00	-80639.90
302.00	-5400.69	0.00	-80057.62
302.10	-12701.04	0.00	-78831.89
302.20	-19817.06	0.00	-76995.02
302.30	-26686.65	0.00	-74585.44
302.40	-33253.14	0.00	-71646.66
302.50	-39465.97	0.00	-68226.27
302.60	-45281.14	0.00	-64374.84
302.70	-50661.57	0.00	-60144.88
302.80	-55577.19	0.00	-55589.77
302.90	-60004.96	0.00	-50762.82
303.00	-63928.70	0.00	-45716.34
303.10	-67338.76	0.00	-40500.83
303.20	-70231.56	0.00	-35164.27
303.30	-72609.08	0.00	-29751.59
303.40	-74478.14	0.00	-24304.19
303.50	-75849.77	0.00	-18859.65
303.60	-76738.42	0.00	-13451.58
303.70	-77161.26	0.00	-8109.61
303.80	-77137.41	0.00	-2859.45
303.90	-76687.28	0.00	2276.87
304.00	-75831.97	0.00	7280.66
304.10	-74623.91	0.00	12136.24
304.20	-73116.60	0.00	16830.45
304.30	-71326.01	0.00	21352.14
304.40	-69266.32	0.00	25691.72
304.50	-66949.99	0.00	29840.63
304.60	-64387.92	0.00	33790.84
304.70	-61589.60	0.00	37534.50
304.80	-58563.51	0.00	41063.50
304.90	-55317.42	0.00	44369.25
305.00	-51858.87	0.00	47442.43
305.10	-48195.58	0.00	50272.91
305.20	-44335.93	0.00	52849.75
305.30	-40289.43	0.00	55161.28
305.40	-36067.12	0.00	57195.26
305.50	-31681.95	0.00	58939.18
305.60	-27149.11	0.00	60380.55
305.70	-22486.29	0.00	61507.33
305.80	-17713.76	0.00	62308.33
305.90	-12854.51	0.00	62773.67
306.00	-7934.14	0.00	62895.24
306.10	-2980.73	0.00	62667.16
306.20	1975.43	0.00	62086.16
306.30	6902.17	0.00	61151.97
306.40	11765.90	0.00	59867.61
306.50	16532.12	0.00	58239.61
306.60	21165.97	0.00	56278.15
306.70	25632.89	0.00	53997.08
306.80	29899.23	0.00	51413.90
306.90	33932.89	0.00	48549.58
307.00	37703.94	0.00	45428.30
307.10	41185.21	0.00	42077.14
307.20	44352.83	0.00	38525.63
307.30	47186.62	0.00	34805.29
307.40	49670.53	0.00	30949.03
307.50	51792.84	0.00	26990.65
307.60	53546.30	0.00	22964.20
307.70	54928.20	0.00	18903.34
307.80	55940.26	0.00	14840.82
307.90	56588.44	0.00	10807.88
308.00	56882.62	0.00	6833.77
308.10	56836.26	0.00	2945.26
308.20	56465.85	0.00	-833.65
308.30	55790.44	0.00	-4482.07
308.40	54831.01	0.00	-7982.39
308.50	53615.59	0.00	-11320.35
308.60	52191.51	0.00	-14485.05
308.70	50582.28	0.00	-17468.83
308.80	48807.53	0.00	-20267.06
308.90	46885.65	0.00	-22877.88
309.00	44833.51	0.00	-25301.80
309.10	42666.13	0.00	-27541.34
309.20	40396.53	0.00	-29600.52
309.30	38035.57	0.00	-31484.40
309.40	35591.99	0.00	-33198.58
309.50	33072.47	0.00	-34748.67
309.60	30481.73	0.00	-36139.87
309.70	27822.89	0.00	-37376.51
309.80	25097.67	0.00	-38461.70
309.90	22306.87	0.00	-39396.99
310.00	19450.75	0.00	-40182.22
310.10	16529.54	0.00	-40815.28
310.20	13543.92	0.00	-41292.18
310.30	10495.54	0.00	-41607.04
310.40	7387.49	0.00	-41752.28
310.50	4224.79	0.00	-41718.83
310.60	1014.78	0.00	-41496.54
310.70	-2232.50	0.00	-41074.53
310.80	-5504.10	0.00	-40441.72
310.90	-8783.89	0.00	-39587.34
311.00	-12052.56	0.00	-38501.51
311.10	-15287.61	0.00	-37175.86
311.20	-18463.53	0.00	-35604.11
311.30	-21552.03	0.00	-33782.65
311.40	-24522.44	0.00	-31711.10
311.50	-27342.21	0.00	-29392.77
311.60	-29977.48	0.00	-26835.15
311.70	-32393.78	0.00	-24050.18
311.80	-34556.80	0.00	-21054.51
311.90	-36433.17	0.00	-17869.65
312.00	-37991.34	0.00	-14521.94
312.10	-39202.43	0.00	-11042.46
312.20	-40041.10	0.00	-7466.77
312.30	-40486.35	0.00	-3834.51
312.40	-40522.30	0.00	-188.92
312.50	-40138.85	0.00	3423.76
312.60	-39332.26	0.00	6955.08
312.70	-38105.64	0.00	10355.17
312.80	-36469.21	0.00	13573.63
312.90	-34440.46	0.00	16560.54
313.00	-32049.69	0.00	19267.43
313.10	-29334.35	0.00	21648.31
313.20	-26330.11	0.00	23660.71
313.30	-23078.81	0.00	25266.65
313.40	-19628.03	0.00	26433.57
313.50	-16030.45	0.00	27135.21
313.60	-12343.09	0.00	27352.34
313.70	-8626.42	0.00	27073.42
313.80	-4943.36	0.00	26295.11
313.90	-1358.13	0.00	25022.57
314.00	2064.88	0.00	23269.70
314.10	5262.40	0.00	21059.10
314.20	8173.50	0.00	18421.96
314.30	10740.85	0.00	15397.65
314.40	12911.91	0.00	12033.26
314.50	14640.12	0.00	8382.89
314.60	15885.85	0.00	4506.85
314.70	16617.40	0.00	470.65
314.80	16811.69	0.00	-3656.01
314.90	16454.85	0.00	-7800.46
315.00	15542.63	0.00	-11888.27
315.10	14080.59	0.00	-15844.55
315.20	12084.07	0.00	-19595.21
315.30	9577.97	0.00	-23068.30
315.40	6596.39	0.00	-26195.17
315.50	3182.02	0.00	-28911.76
315.60	-614.64	0.00	-31159.59
315.70	-4736.09	0.00	-32886.85
315.80	-9118.91	0.00	-34049.22
315.90	-13694.76	0.00	-34610.63
316.00	-18391.59	0.00	-34543.83
316.10	-23134.81	0.00	-33830.87
316.20	-27848.41	0.00	-32463.31
316.30	-32456.20	0.00	-30442.42
316.40	-36882.88	0.00	-27779.10
316.50	-41055.13	0.00	-24493.68
316.60	-44902.60	0.00	-20615.62
316.70	-48358.81	0.00	-16183.06
316.80	-51361.99	0.00	-11242.19
316.90	-53855.81	0.00	-5846.58
317.00	-55789.99	0.00	-56.44
317.10	-57120.89	0.00	6062.33
317.20	-57811.93	0.00	12439.00
317.30	-57833.99	0.00	18999.00
317.40	-57165.67	0.00	25664.97
317.50	-55793.54	0.00	32357.72
317.60	-53712.24	0.00	38997.36
317.70	-50924.58	0.00	45504.23
317.80	-47441.52	0.00	51800.00
317.90	-43282.13	0.00	57808.60
318.00	-38473.38	0.00	63457.15
318.10	-33050.00	0.00	68676.89
318.20	-27054.14	0.00	73403.97
318.30	-20535.01	0.00	77580.17
318.40	-13548.42	0.00	81153.62
318.50	-6156.24	0.00	84079.37
318.60	1574.24	0.00	86319.84
318.70	9570.99	0.00	87845.22
318.80	17758.09	0.00	88633.75
318.90	26056.56	0.00	88671.90
319.00	34385.30	0.00	87954.39
319.10	42662.10	0.00	86484.17
319.20	50804.70	0.00	84272.23
319.30	58731.78	0.00	81337.30
319.40	66364.11	0.00	77705.53
319.50	73625.56	0.00	73409.93
319.60	80444.12	0.00	68489.88
319.70	86752.84	0.00	62990.40
319.80	92490.76	0.00	56961.46
319.90	97603.62	0.00	50457.20
320.00	102044.54	0.00	43535.12
320.10	105774.54	0.00	36255.19
320.20	108762.91	0.00	28679.04
320.30	111028.78	0.00	20869.08
320.40	112658.63	0.00	12887.65
320.50	113655.85	0.00	4796.28
320.60	114024.44	0.00	-3345.10
320.70	113772.40	0.00	-11478.78
320.80	112911.31	0.00	-19549.90
320.90	111455.79	0.00	-27506.88
321.00	109423.03	0.00	-35301.87
321.10	106832.26	0.00	-42890.98
321.20	103704.29	0.00	-50234.49
321.30	100061.01	0.00	-57296.86
321.40	95925.03	0.00	-64046.72
321.50	91319.23	0.00	-70456.66
321.60	86266.47	0.00	-76503.04
321.70	80789.35	0.00	-82165.62
321.80	74910.00	0.00	-87427.15
321.90	68650.03	0.00	-92272.98
322.00	62030.47	0.00	-96690.49
322.10	55071.90	0.00	-100668.67
322.20	47794.59	0.00	-104197.61
322.30	40218.79	0.00	-107268.04
322.40	32365.06	0.00	-109870.93
322.50	24254.68	0.00	-111997.15
322.60	15910.16	0.00	-113637.22
322.70	7355.69	0.00	-114781.16
322.80	-1382.29	0.00	-115418.40
322.90	-10274.54	0.00	-115537.91
323.00	-19288.54	0.00	-115128.33
323.10	-28388.03	0.00	-114178.31
323.20	-37532.64	0.00	-112676.88
323.30	-46677.59	0.00	-110613.97
323.40	-55773.57	0.00	-107981.04
323.50	-64766.74	0.00	-104771.66
323.60	-73598.88	0.00	-100982.27
323.70	-82207.77	0.00	-96612.88
323.80	-90527.71	0.00	-91667.79
323.90	-98490.23	0.00	-86156.21
324.00	-106025.02	0.00	-80092.95
324.10	-113060.99	0.00	-73498.87
324.20	-119527.48	0.00	-66401.32
324.30	-125355.59	0.00	-58834.36
324.40	-130479.63	0.00	-50838.93
324.50	-134838.53	0.00	-42462.68
324.60	-138377.37	0.00	-33759.83
324.70	-141048.73	0.00	-24790.62
324.80	-142814.01	0.00	-15620.76
324.90	-143661.08	0.00	-6320.58
325.00	-143749.12	0.00	3035.90
325.10	-143118.71	0.00	12372.14
325.20	-141769.41	0.00	21610.25
325.30	-139707.85	0.00	30672.33
325.40	-136947.91	0.00	39481.90
325.50	-133510.83	0.00	47965.21
325.60	-129425.17	0.00	56052.71
325.70	-124726.56	0.00	63680.33
325.80	-119457.34	0.00	70790.71
325.90	-113666.02	0.00	77334.34
326.00	-107406.52	0.00	83270.45
326.10	-100737.36	0.00	88567.84
326.20	-93720.60	0.00	93205.31
326.30	-86420.74	0.00	97172.05
326.40	-78903.49	0.00	100467.64
326.50	-71234.46	0.00	103101.88
326.60	-63477.84	0.00	105094.33
326.70	-55695.12	0.00	106473.60
326.80	-47943.78	0.00	107276.50
326.90	-40276.15	0.00	107546.88
327.00	-32738.34	0.00	107334.36
327.10	-25369.34	0.00	106692.94
327.20	-18200.39	0.00	105679.46
327.30	-11254.42	0.00	104352.05
327.40	-4545.92	0.00	102768.55
327.50	1919.11	0.00	100984.93
327.60	8142.81	0.00	99053.87
327.70	14134.98	0.00	97023.34
327.80	19912.27	0.00	94935.41
327.90	25497.22	0.00	92825.25
328.00	30917.06	0.00	90720.28
328.10	36202.41	0.00	88639.57
328.20	41385.88	0.00	86593.55
328.30	46500.53	0.00	84583.89
328.40	51578.38	0.00	82603.66
328.50	56648.93	0.00	80637.75
328.60	61737.77	0.00	78663.51
328.70	66865.25	0.00	76651.57
328.80	72045.37	0.00	74566.89
328.90	77284.79	0.00	72369.93
329.00	82582.13	0.00	70017.92
329.10	87927.46	0.00	67466.24
329.20	93302.02	0.00	64669.83
329.30	98678.24	0.00	61584.58
329.40	104020.00	0.00	58168.69
329.50	109283.14	0.00	54383.96
329.60	114416.22	0.00	50197.00
329.70	119361.44	0.00	45580.25
329.80	124055.82	0.00	40512.88
329.90	128432.47	0.00	34981.52
330.00	132422.05	0.00	28980.78
330.10	135954.23	0.00	22513.59
330.20	138994.11	0.00	15591.36
330.30	141645.81	0.00	8233.92
330.40	143877.85	0.00	469.34
330.50	145639.09	0.00	-7666.51
330.60	146880.55	0.00	-16130.41
330.70	147556.10	0.00	-24872.49
330.80	147622.97	0.00	-33836.94
330.90	147042.29	0.00	-42962.87
331.00	145779.51	0.00	-52185.14
331.10	143804.75	0.00	-61435.27
331.20	141093.11	0.00	-70642.37
331.30	137624.95	0.00	-79734.02
331.40	133386.10	0.00	-88637.11
331.50	128368.11	0.00	-97278.71
331.60	122568.42	0.00	-105586.79
331.70	115990.54	0.00	-113490.98
331.80	108644.22	0.00	-120923.16
331.90	100545.64	0.00	-127818.11
332.00	91717.57	0.00	-134113.95
332.10	82189.50	0.00	-139752.71
332.20	71997.83	0.00	-144680.66
332.30	61185.93	0.00	-148848.75
332.40	49804.24	0.00	-152212.91
332.50	37910.30	0.00	-154734.43
332.60	25568.70	0.00	-156380.21
332.70	12850.98	0.00	-157123.05
332.80	-164.61	0.00	-156941.99
332.90	-13393.43	0.00	-155822.50
333.00	-26744.88	0.00	-153756.80
333.10	-40123.03	0.00	-150744.09
333.20	-53427.30	0.00	-146790.76
333.30	-66553.38	0.00	-141910.61
333.40	-79394.26	0.00	-136125.01
333.50	-91841.35	0.00	-129463.01
333.60	-103785.83	0.00	-121961.39
333.70	-115120.04	0.00	-113664.62
333.80	-125738.98	0.00	-104624.81
333.90	-135541.87	0.00	-94901.45
334.00	-144433.71	0.00	-84561.11
334.10	-152326.92	0.00	-73677.06
334.20	-159142.80	0.00	-62328.71
334.30	-164813.02	0.00	-50600.97
334.40	-169280.90	0.00	-38583.49
334.50	-172502.57	0.00	-26369.80
334.60	-174447.88	0.00	-14056.35
334.70	-175101.14	0.00	-1741.48
334.80	-174461.54	0.00	10475.70
334.90	-172543.80	0.00	22496.45
335.00	-169565.07	0.00	34223.58
335.10	-165707.87	0.00	45562.67
335.20	-161002.60	0.00	56423.16
335.30	-155485.85	0.00	66719.57
335.40	-149200.34	0.00	76372.49
335.50	-142194.86	0.00	85309.60
335.60	-134524.03	0.00	93466.56
335.70	-126248.07	0.00	100787.74
335.80	-117432.43	0.00	107226.91
335.90	-108147.37	0.00	112747.71
336.00	-98467.35	0.00	117323.99
336.10	-88470.48	0.00	120940.06
336.20	-78237.70	0.00	123590.71
336.30	-67852.01	0.00	125281.15
336.40	-57397.56	0.00	126026.74
336.50	-46958.69	0.00	125852.65
336.60	-36618.95	0.00	124793.39
336.70	-26460.02	0.00	122892.16
336.80	-16560.70	0.00	120200.20
336.90	-6995.86	0.00	116775.94
337.00	2164.55	0.00	112684.19
337.10	10856.48	0.00	107995.17
337.20	19022.64	0.00	102783.54
337.30	26613.30	0.00	97127.37
337.40	33586.97	0.00	91107.14
337.50	39910.97	0.00	84804.62
337.60	45561.85	0.00	78301.84
337.70	50525.65	0.00	71680.05
337.80	54798.01	0.00	65018.63
337.90	58384.18	0.00	58394.15
338.00	61298.72	0.00	51879.33
338.10	63565.19	0.00	45542.19
338.20	65215.63	0.00	39445.10
338.30	66289.80	0.00	33644.11
338.40	66834.46	0.00	28188.13
338.50	66902.32	0.00	23118.42
338.60	66551.07	0.00	18468.01
338.70	65842.15	0.00	14261.38
338.80	64839.58	0.00	10514.20
338.90	63608.67	0.00	7233.17
339.00	62214.74	0.00	4416.11
339.10	60721.81	0.00	2052.12
339.20	59191.33	0.00	121.91
339.30	57681.00	0.00	-1401.71
339.40	56243.60	0.00	-2553.15
339.50	54925.97	0.00	-3373.32
339.60	53768.12	0.00	-3908.69
339.70	52802.44	0.00	-4210.22
339.80	52053.08	0.00	-4332.31
339.90	51535.59	0.00	-4331.53
340.00	51256.64	0.00	-4265.40
340.10	51213.97	0.00	-4191.10
340.20	51396.60	0.00	-4164.19
340.30	51785.16	0.00	-4237.38
340.40	52352.49	0.00	-4459.33
340.50	53078.95	0.00	-4873.59
340.60	53942.85	0.00	-5517.61
340.70	54900.34	0.00	-6421.92
340.80	55903.81	0.00	-7609.47
340.90	56903.01	0.00	-9095.19
341.00	57846.25	0.00	-10885.61
341.10	58681.57	0.00	-12978.88
341.20	59357.96	0.00	-15364.82
341.30	59826.50	0.00	-18025.23
341.40	60041.39	0.00	-20934.46
341.50	59961.04	0.00	-24059.97
341.60	59548.86	0.00	-27363.26
341.70	58774.07	0.00	-30800.76
341.80	57612.30	0.00	-34324.91
341.90	56046.03	0.00	-37885.29
342.00	54064.92	0.00	-41429.79
342.10	51665.90	0.00	-44905.77
342.20	48853.19	0.00	-48261.25
342.30	45638.10	0.00	-51446.01
342.40	42038.71	0.00	-54412.62
342.50	38079.39	0.00	-57117.39
342.60	33790.23	0.00	-59521.13
342.70	29206.39	0.00	-61589.89
342.80	24367.24	0.00	-63295.44
342.90	19315.62	0.00	-64615.63
343.00	14096.92	0.00	-65534.63
343.10	8758.18	0.00	-66042.94
343.20	3347.24	0.00	-66137.34
343.30	-2088.21	0.00	-65820.60
343.40	-7501.35	0.00	-65101.14
343.50	-12847.10	0.00	-63992.60
343.60	-18082.73	0.00	-62513.21
343.70	-23168.50	0.00	-60685.20
343.80	-28068.13	0.00	-58534.15
343.90	-32749.21	0.00	-56088.23
344.00	-37183.48	0.00	-53377.55
344.10	-41346.98	0.00	-50433.40
344.20	-45220.12	0.00	-47287.64
344.30	-48787.66	0.00	-43972.05
344.40	-52038.52	0.00	-40517.75
344.50	-54965.62	0.00	-36954.70
344.60	-57565.57	0.00	-33311.31
344.70	-59838.30	0.00	-29614.02
344.80	-61786.71	0.00	-25887.11
344.90	-63416.21	0.00	-22152.45
345.00	-64734.32	0.00	-18429.44
345.10	-65750.21	0.00	-14734.95
345.20	-66474.29	0.00	-11083.36
345.30	-66917.81	0.00	-7486.66
345.40	-67092.47	0.00	-3954.63
345.50	-67010.11	0.00	-495.01
345.60	-66682.40	0.00	2886.26
345.70	-66120.63	0.00	6184.74
345.80	-65338.53	0.00	9397.27
345.90	-64381.84	0.00	12521.62
346.00	-63268.34	0.00	15556.24
346.10	-62003.65	0.00	18499.96
346.20	-60592.21	0.00	21351.72
346.30	-59037.33	0.00	24110.37
346.40	-57341.39	0.00	26774.41
346.50	-55506.04	0.00	29341.83
346.60	-53532.33	0.00	31810.01
346.70	-51421.04	0.00	34175.56
346.80	-49172.80	0.00	36434.32
346.90	-46788.44	0.00	38581.32
347.00	-44269.13	0.00	40610.85
347.10	-41616.68	0.00	42516.47
347.20	-38833.66	0.00	44291.19
347.30	-35923.66	0.00	45927.58
347.40	-32891.37	0.00	47417.94
347.50	-29742.77	0.00	48754.48
347.60	-26485.11	0.00	49929.57
347.70	-23127.03	0.00	50935.90
347.80	-19678.49	0.00	51766.73
347.90	-16150.75	0.00	52416.06
348.00	-12556.28	0.00	52878.84
348.10	-8908.58	0.00	53151.12
348.20	-5222.09	0.00	53230.17
348.30	-1511.94	0.00	53114.62
348.40	2206.27	0.00	52804.44
348.50	5916.65	0.00	52301.04
348.60	9603.30	0.00	51607.17
348.70	13250.54	0.00	50726.92
348.80	16843.11	0.00	49665.55
348.90	20366.39	0.00	48429.37
349.00	23806.56	0.00	47025.58
349.10	27150.76	0.00	45462.06
349.20	30387.19	0.00	43747.14
349.30	33505.15	0.00	41889.41
349.40	36495.07	0.00	39897.45
349.50	39348.50	0.00	37779.68
349.60	42057.99	0.00	35544.12
349.70	44617.02	0.00	33198.23
349.80	47019.82	0.00	30748.79
349.90	49261.24	0.00	28201.81
350.00	51336.48	0.00	25562.45
350.10	53240.97	0.00	22835.06
350.20	54970.09	0.00	20023.19
350.30	56519.01	0.00	17129.72
350.40	57882.49	0.00	14156.97
350.50	59054.76	0.00	11106.90
350.60	60029.34	0.00	7981.36
350.70	60799.01	0.00	4782.28
350.80	61355.78	0.00	1511.99
350.90	61702.20	0.00	-1826.50
351.00	61860.28	0.00	-5229.22
351.10	61821.96	0.00	-8690.94
351.20	61576.41	0.00	-12204.91
351.30	61112.00	0.00	-15762.61
351.40	60416.58	0.00	-19353.57
351.50	59477.80	0.00	-22965.16
351.60	58283.40	0.00	-26582.52
351.70	56821.64	0.00	-30188.47
351.80	55081.67	0.00	-33763.55
351.90	53053.94	0.00	-37286.06
352.00	50730.66	0.00	-40732.25
352.10	48106.17	0.00	-44076.45
352.20	45177.37	0.00	-47291.44
352.30	41944.11	0.00	-50348.69
352.40	38409.52	0.00	-53218.80
352.50	34580.29	0.00	-55871.96
352.60	30466.95	0.00	-58278.36
352.70	26084.00	0.00	-60408.74
352.80	21450.06	0.00	-62234.95
352.90	16587.85	0.00	-63730.40
353.00	11524.15	0.00	-64870.68
353.10	6289.64	0.00	-65633.98
353.20	918.69	0.00	-66001.67
353.30	-4551.04	0.00	-65958.62
353.40	-10078.91	0.00	-65493.70
353.50	-15621.89	0.00	-64600.01
353.60	-21135.06	0.00	-63275.13
353.70	-26572.21	0.00	-61521.33
353.80	-31886.56	0.00	-59345.60
353.90	-37031.41	0.00	-56759.65
354.00	-41960.83	0.00	-53779.83
354.10	-46630.41	0.00	-50426.88
354.20	-50997.87	0.00	-46725.76
354.30	-55023.78	0.00	-42705.21
354.40	-58672.06	0.00	-38397.40
354.50	-61910.58	0.00	-33837.49
354.60	-64711.53	0.00	-29063.06
354.70	-67051.84	0.00	-24113.65
354.80	-68913.37	0.00	-19030.17
354.90	-70283.12	0.00	-13854.41
355.00	-71153.26	0.00	-8628.45
355.10	-71521.13	0.00	-3394.21
355.20	-71389.07	0.00	1807.06
355.30	-70764.85	0.00	6935.16
355.40	-69696.03	0.00	11951.37
355.50	-68217.65	0.00	16818.71
355.60	-66345.39	0.00	21502.27
355.70	-64097.27	0.00	25969.36
355.80	-61493.43	0.00	30189.71
355.90	-58555.91	0.00	34135.59
356.00	-55308.51	0.00	37781.87
356.10	-51776.65	0.00	41106.05
356.20	-47987.23	0.00	44088.33
356.30	-43968.55	0.00	46711.64
356.40	-39750.24	0.00	48961.57
356.50	-35363.20	0.00	50826.47
356.60	-30839.53	0.00	52297.48
356.70	-26212.48	0.00	53368.51
356.80	-21516.37	0.00	54036.37
356.90	-16786.50	0.00	54300.84
357.00	-12058.98	0.00	54164.75
357.10	-7370.57	0.00	53634.09
357.20	-2758.45	0.00	52718.16
357.30	1740.08	0.00	51429.63
357.40	6087.96	0.00	49784.64
357.50	10248.76	0.00	47802.90
357.60	14187.13	0.00	45507.64
357.70	17869.34	0.00	42925.66
357.80	21263.81	0.00	40087.17
357.90	24341.64	0.00	37025.69
358.00	27077.25	0.00	33777.75
358.10	29448.88	0.00	30382.61
358.20	31439.14	0.00	26881.85
358.30	33035.50	0.00	23318.87
358.40	34230.69	0.00	19738.35
358.50	35022.99	0.00	16185.61
358.60	35416.54	0.00	12705.94
358.70	35421.32	0.00	9343.86
358.80	35053.26	0.00	6142.41
358.90	34333.99	0.00	3142.34
359.00	33290.62	0.00	381.45
359.10	31955.31	0.00	-2106.18
359.20	30364.77	0.00	-4290.79
359.30	28559.62	0.00	-6147.56
359.40	26583.68	0.00	-7657.07
359.50	24483.19	0.00	-8805.70
359.60	22305.93	0.00	-9585.94
359.70	20100.42	0.00	-9996.47
359.80	17914.97	0.00	-10042.29
359.90	15796.88	0.00	-9734.57
360.00	13791.57	0.00	-9090.47
360.10	11941.79	0.00	-8132.82
360.20	10286.99	0.00	-6889.70
360.30	8862.58	0.00	-5393.91
360.40	7699.48	0.00	-3682.41
360.50	6823.65	0.00	-1795.66
360.60	6255.74	0.00	223.04
360.70	6010.86	0.00	2328.32
360.80	6098.45	0.00	4473.41
360.90	6522.19	0.00	6610.86
361.00	7280.07	0.00	8693.26
361.10	8364.51	0.00	10673.87
361.20	9762.48	0.00	12507.28
361.30	11456.30	0.00	14149.95
361.40	13424.10	0.00	15560.75
361.50	15639.14	0.00	16701.44
361.60	18070.70	0.00	17537.07
361.70	20684.58	0.00	18036.34
361.80	23443.43	0.00	18171.97
361.90	26307.24	0.00	17920.90
362.00	29233.70	0.00	17264.62
362.10	32178.63	0.00	16189.30
362.20	35096.36	0.00	14686.03
362.30	37940.14	0.00	12750.94
362.40	40662.48	0.00	10385.36
362.50	43215.60	0.00	7595.90
362.60	45551.78	0.00	4394.58
362.70	47623.76	0.00	798.86
362.80	49385.20	0.00	-3168.31
362.90	50791.06	0.00	-7478.52
363.00	51798.14	0.00	-12097.93
363.10	52365.53	0.00	-16987.40
363.20	52455.18	0.00	-22102.64
363.30	52032.42	0.00	-27394.44
363.40	51066.57	0.00	-32809.02
363.50	49531.52	0.00	-38288.40
363.60	47406.38	0.00	-43770.89
363.70	44676.07	0.00	-49191.68
363.80	41331.91	0.00	-54483.46
363.90	37372.21	0.00	-59577.24
364.00	32802.77	0.00	-64403.08
364.10	27637.35	0.00	-68891.08
364.20	21898.05	0.00	-72972.25
364.30	15615.56	0.00	-76579.57
364.40	8829.33	0.00	-79648.95
364.50	1587.58	0.00	-82120.29
364.60	-6052.88	0.00	-83938.50
364.70	-14026.87	0.00	-85054.42
364.80	-22261.43	0.00	-85425.83
364.90	-30676.38	0.00	-85018.22
365.00	-39185.20	0.00	-83805.58
365.10	-47696.03	0.00	-81771.05
365.20	-56112.82	0.00	-78907.40
365.30	-64336.68	0.00	-75217.44
365.40	-72267.24	0.00	-70714.23
365.50	-79804.26	0.00	-65421.13
365.60	-86849.19	0.00	-59371.73
365.70	-93306.79	0.00	-52609.59
365.80	-99086.77	0.00	-45187.80
365.90	-104105.40	0.00	-37168.45
366.00	-108286.95	0.00	-28621.89
366.10	-111565.15	0.00	-19625.89
366.20	-113889.58	0.00	-10264.69
366.30	-115322.64	0.00	-627.95
366.40	-115877.72	0.00	9190.41
366.50	-115536.00	0.00	19093.40
366.60	-114286.92	0.00	28982.23
366.70	-112128.31	0.00	38757.55
366.80	-109066.49	0.00	48320.73
366.90	-105116.30	0.00	57575.12
367.00	-100301.12	0.00	66427.28
367.10	-94652.73	0.00	74788.07
367.20	-88211.20	0.00	82573.83
367.30	-81024.62	0.00	89707.29
367.40	-73148.83	0.00	96118.54
367.50	-64646.99	0.00	101745.74
367.60	-55589.10	0.00	106535.85
367.70	-46051.40	0.00	110445.10
367.80	-36115.71	0.00	113439.42
367.90	-25868.61	0.00	115494.70
368.00	-15400.60	0.00	116596.92
368.10	-4805.15	0.00	116742.10
368.20	5822.38	0.00	115936.20
368.30	16385.77	0.00	114194.86
368.40	26789.12	0.00	111542.94
368.50	36937.99	0.00	108014.13
368.60	46740.56	0.00	103650.29
368.70	56108.77	0.00	98500.76
368.80	64959.43	0.00	92621.66
368.90	73215.26	0.00	86075.05
369.00	80805.83	0.00	78928.04
369.10	87668.40	0.00	71251.94
369.20	93748.66	0.00	63121.32
369.30	99001.30	0.00	54613.10
369.40	103390.44	0.00	45805.64
369.50	106889.91	0.00	36777.85
369.60	109483.37	0.00	27608.37
369.70	111164.26	0.00	18374.68
369.80	111935.62	0.00	9152.46
369.90	111809.73	0.00	14.80
370.00	110807.63	0.00	-8968.36
370.10	108988.53	0.00	-17730.79
370.20	106487.15	0.00	-26210.46
370.30	103344.74	0.00	-34349.89
370.40	99596.74	0.00	-42096.45
370.50	95281.04	0.00	-49402.65
370.60	90437.61	0.00	-56226.20
370.70	85108.25	0.00	-62530.19
370.80	79336.33	0.00	-68283.01
370.90	73166.49	0.00	-73458.36
371.00	66644.49	0.00	-78035.15
371.10	59816.93	0.00	-81997.37
371.20	52731.14	0.00	-85333.87
371.30	45434.95	0.00	-88038.22
371.40	37976.53	0.00	-90108.48
371.50	30404.22	0.00	-91546.93
371.60	22766.38	0.00	-92359.89
371.70	15111.19	0.00	-92557.47
371.80	7486.46	0.00	-92153.33
371.90	-60.53	0.00	-91164.48
372.00	-7483.28	0.00	-89611.05
372.10	-14736.29	0.00	-87516.11
372.20	-21775.30	0.00	-84905.47
372.30	-28557.60	0.00	-81807.49
372.40	-35042.25	0.00	-78252.91
372.50	-41190.46	0.00	-74274.66
372.60	-46965.85	0.00	-69907.65
372.70	-52334.83	0.00	-65188.63
372.80	-57266.87	0.00	-60155.90
372.90	-61734.87	0.00	-54849.14
373.00	-65715.44	0.00	-49309.13
373.10	-69189.17	0.00	-43577.50
373.20	-72140.90	0.00	-37696.37
373.30	-74559.92	0.00	-31708.09
373.40	-76440.08	0.00	-25654.86
373.50	-77779.93	0.00	-19578.38
373.60	-78582.68	0.00	-13519.46
373.70	-78856.18	0.00	-7517.64
373.80	-78612.77	0.00	-1610.80
373.90	-77869.07	0.00	4165.18
374.00	-76652.78	0.00	9776.80
374.10	-75038.41	0.00	15193.27
374.20	-73059.17	0.00	20386.74
374.30	-70739.22	0.00	25332.59
374.40	-68103.86	0.00	30009.57
374.50	-65179.21	0.00	34399.91
374.60	-61991.80	0.00	38489.39
374.70	-58568.27	0.00	42267.27
374.80	-54935.00	0.00	45726.22
374.90	-51117.74	0.00	48862.12
375.00	-47141.34	0.00	51673.84
375.10	-43029.45	0.00	54162.90
375.20	-38804.27	0.00	56333.18
375.30	-34486.42	0.00	58190.45
375.40	-30094.78	0.00	59742.01
375.50	-25646.47	0.00	60996.19
375.60	-21156.84	0.00	61961.97
375.70	-16639.56	0.00	62648.51
375.80	-12106.81	0.00	63064.76
375.90	-7569.47	0.00	63219.13
376.00	-3037.41	0.00	63119.14
376.10	1480.19	0.00	62771.23
376.20	5974.50	0.00	62180.61
376.30	10436.62	0.00	61351.11
376.40	14857.22	0.00	60285.24
376.50	19226.17	0.00	58984.29
376.60	23532.17	0.00	57448.44
376.70	27762.46	0.00	55677.04
376.80	31902.52	0.00	53668.94
376.90	35935.97	0.00	51422.82
377.00	39844.36	0.00	48937.64
377.10	43607.24	0.00	46213.04
377.20	47202.20	0.00	43249.86
377.30	50605.05	0.00	40050.53
377.40	53790.07	0.00	36619.54
377.50	56730.45	0.00	32963.87
377.60	59398.64	0.00	29093.27
377.70	61766.96	0.00	25020.60
377.80	63808.11	0.00	20762.05
377.90	65495.86	0.00	16337.19
378.00	66805.68	0.00	11769.10
378.10	67715.39	0.00	7084.22
378.20	68205.83	0.00	2312.23
378.30	68290.60	0.00	-2514.24
378.40	67983.31	0.00	-7359.94
378.50	67275.85	0.00	-12187.50
378.60	66163.80	0.00	-16957.86
378.70	64646.74	0.00	-21630.95
378.80	62728.55	0.00	-26166.26
378.90	60417.51	0.00	-30523.55
379.00	57726.47	0.00	-34663.50
379.10	54672.80	0.00	-38548.43
379.20	51278.31	0.00	-42142.96
379.30	47569.09	0.00	-45414.66
379.40	43575.21	0.00	-48334.63
379.50	39330.38	0.00	-50878.03
379.60	34871.50	0.00	-53024.52
379.70	30238.16	0.00	-54758.67
379.80	25472.06	0.00	-56070.19
379.90	20616.37	0.00	-56954.10
380.00	15715.13	0.00	-57410.81
380.10	10812.46	0.00	-57446.09
380.20	5951.98	0.00	-57070.87
380.30	1176.04	0.00	-56301.08
380.40	-3474.90	0.00	-55157.22
380.50	-7962.90	0.00	-53664.02
380.60	-12253.12	0.00	-51849.90
380.70	-16314.29	0.00	-49746.40
380.80	-20119.19	0.00	-47387.65
380.90	-23644.91	0.00	-44809.63
381.00	-26873.19	0.00	-42049.60
381.10	-29790.46	0.00	-39145.41
381.20	-32387.95	0.00	-36134.83
381.30	-34661.63	0.00	-33054.96
381.40	-36612.02	0.00	-29941.61
381.50	-38243.96	0.00	-26828.78
381.60	-39566.33	0.00	-23748.17
381.70	-40591.57	0.00	-20728.77
381.80	-41335.32	0.00	-17796.53
381.90	-41815.85	0.00	-14974.06
382.00	-42053.53	0.00	-12280.50
382.10	-42070.35	0.00	-9731.38
382.20	-41889.28	0.00	-7338.66
382.30	-41533.80	0.00	-5110.71
382.40	-41027.34	0.00	-3052.53
382.50	-40392.84	0.00	-1165.90
382.60	-39652.29	0.00	550.33
382.70	-38826.40	0.00	2099.96
382.80	-37934.25	0.00	3489.05
382.90	-36993.07	0.00	4725.58
383.00	-36018.09	0.00	5819.04
383.10	-35025.48	0.00	6780.02
383.20	-34036.32	0.00	7619.86
383.30	-33059.33	0.00	8350.25
383.40	-32100.33	0.00	8982.89
383.50	-31163.41	0.00	9529.20
383.60	-30251.17	0.00	10000.09
383.70	-29364.90	0.00	10405.70
383.80	-28504.91	0.00	10755.34
383.90	-27670.78	0.00	11057.35
384.00	-26861.60	0.00	11319.10
384.10	-26076.31	0.00	11547.03
384.20	-25313.85	0.00	11746.74
384.30	-24573.41	0.00	11923.15
384.40	-23854.55	0.00	12080.64
384.50	-23157.35	0.00	12223.28
384.60	-22482.40	0.00	12355.09
384.70	-21830.83	0.00	12480.17
384.80	-21204.26	0.00	12603.05
384.90	-20604.59	0.00	12728.79
385.00	-20033.92	0.00	12863.20
385.10	-19494.28	0.00	13012.94
385.20	-18987.34	0.00	13185.64
385.30	-18514.19	0.00	13389.85
385.40	-18075.02	0.00	13635.04
385.50	-17668.78	0.00	13931.46
385.60	-17292.99	0.00	14289.98
385.70	-16943.39	0.00	14721.79
385.80	-16613.80	0.00	15238.16
385.90	-16295.93	0.00	15850.03
386.00	-15979.32	0.00	16567.66
386.10	-15651.26	0.00	17400.18
386.20	-15296.94	0.00	18355.19
386.30	-14899.50	0.00	19438.31
386.40	-14440.31	0.00	20652.77
386.50	-13899.27	0.00	21999.08
386.60	-13255.14	0.00	23474.66
386.70	-12486.03	0.00	25073.60
386.80	-11569.85	0.00	26786.51
386.90	-10484.91	0.00	28600.34
387.00	-9210.41	0.00	30498.45
387.10	-7727.06	0.00	32460.64
387.20	-6017.67	0.00	34463.34
387.30	-4067.65	0.00	36479.88
387.40	-1865.61	0.00	38480.85
387.50	596.20	0.00	40434.52
387.60	3321.50	0.00	42307.34
387.70	6309.56	0.00	44064.54
387.80	9555.01	0.00	45670.69
387.90	13047.64	0.00	47090.33
388.00	16772.30	0.00	48288.67
388.10	20708.95	0.00	49232.19
388.20	24832.77	0.00	49889.27
388.30	29114.40	0.00	50230.83
388.40	33520.22	0.00	50230.84
388.50	38012.79	0.00	49866.84
388.60	42551.30	0.00	49120.37
388.70	47092.17	0.00	47977.31
388.80	51589.66	0.00	46428.21
388.90	55996.51	0.00	44468.43
389.00	60264.68	0.00	42098.25
389.10	64346.06	0.00	39322.93
389.20	68193.21	0.00	36152.63
389.30	71760.06	0.00	32602.23
389.40	75002.65	0.00	28691.16
389.50	77879.74	0.00	24443.10
389.60	80366.39	0.00	19885.60
389.70	82486.27	0.00	15049.70
389.80	84221.35	0.00	9969.51
389.90	85550.81	0.00	4681.68
390.00	86457.17	0.00	-775.07
390.10	86926.43	0.00	-6360.47
390.20	86948.01	0.00	-12033.21
390.30	86514.82	0.00	-17751.47
390.40	85623.18	0.00	-23473.40
390.50	84272.73	0.00	-29157.59
390.60	82466.33	0.00	-34763.53
390.70	80209.93	0.00	-40252.00
390.80	77512.42	0.00	-45585.44
390.90	74385.42	0.00	-50728.26
391.00	70843.16	0.00	-55647.09
391.10	66902.26	0.00	-60311.05
391.20	62581.53	0.00	-64691.84
391.30	57901.81	0.00	-68763.90
391.40	52885.76	0.00	-72504.49
391.50	47557.68	0.00	-75893.66
391.60	41943.36	0.00	-78914.27
391.70	36069.89	0.00	-81551.91
391.80	29965.54	0.00	-83794.87
391.90	23659.64	0.00	-85633.95
392.00	17182.41	0.00	-87062.41
392.10	10564.89	0.00	-88075.80
392.20	3838.85	0.00	-88671.85
392.30	-2963.31	0.00	-88850.31
392.40	-9808.64	0.00	-88612.85
392.50	-16663.73	0.00	-87962.93
392.60	-23494.74	0.00	-86905.74
392.70	-30267.56	0.00	-85448.10
392.80	-36947.86	0.00	-83598.39
392.90	-43501.21	0.00	-81366.54
393.00	-49893.22	0.00	-78764.03
393.10	-56089.72	0.00	-75803.84
393.20	-62056.91	0.00	-72500.49
393.30	-67761.60	0.00	-68870.05
393.40	-73171.47	0.00	-64930.16
393.50	-78255.29	0.00	-60700.04
393.60	-82983.26	0.00	-56200.47
393.70	-87327.32	0.00	-51453.80
393.80	-91261.49	0.00	-46483.88
393.90	-94762.18	0.00	-41315.99
394.00	-97808.55	0.00	-35976.73
394.10	-100382.85	0.00	-30493.89
394.20	-102470.67	0.00	-24896.24
394.30	-104061.28	0.00	-19213.28
394.40	-105147.80	0.00	-13475.05
394.50	-105727.37	0.00	-7711.76
394.60	-105825.65	0.00	-1953.46
394.70	-105544.32	0.00	3770.25
394.80	-104901.01	0.00	9430.66
394.90	-103905.37	0.00	15000.30
395.00	-102568.90	0.00	20453.27
395.10	-100904.81	0.00	25765.66
395.20	-98927.86	0.00	30915.84
395.30	-96654.10	0.00	35884.73
395.40	-94100.64	0.00	40656.09
395.50	-91285.33	0.00	45216.65
395.60	-88226.43	0.00	49556.24
395.70	-84942.23	0.00	53667.85
395.80	-81450.71	0.00	57547.56
395.90	-77769.14	0.00	61194.45
396.00	-73913.69	0.00	64610.36
396.10	-69899.10	0.00	67799.67
396.20	-65738.36	0.00	70768.90
396.30	-61442.39	0.00	73526.29
396.40	-57019.84	0.00	76081.37
396.50	-52476.94	0.00	78444.38
396.60	-47817.39	0.00	80625.79
396.70	-43042.38	0.00	82635.63
396.80	-38150.67	0.00	84483.04
396.90	-33138.78	0.00	86175.59
397.00	-28001.27	0.00	87718.87
397.10	-22731.10	0.00	89115.91
397.20	-17320.10	0.00	90366.85
397.30	-11759.52	0.00	91468.55
397.40	-6040.62	0.00	92414.37
397.50	-155.35	0.00	93194.01
397.60	5902.96	0.00	93793.48
397.70	12138.83	0.00	94195.19
397.80	18553.94	0.00	94378.10
397.90	25146.38	0.00	94318.08
398.00	31909.96	0.00	93988.29
398.10	38833.64	0.00	93359.73
398.20	45900.91	0.00	92401.86
398.30	53089.43	0.00	91083.31
398.40	60370.64	0.00	89372.62
398.50	67709.65	0.00	87239.13
398.60	75065.17	0.00	84653.78
398.70	82389.65	0.00	81590.02
398.80	89629.61	0.00	78024.64
398.90	96726.10	0.00	73938.63
399.00	103615.38	0.00	69317.95
399.10	110229.73	0.00	64154.23
399.20	116498.42	0.00	58445.40
399.30	122348.82	0.00	52196.18
399.40	127707.66	0.00	45418.48
399.50	132502.29	0.00	38131.64
399.60	136662.10	0.00	30362.52
399.70	140119.88	0.00	22145.49
399.80	142829.41	0.00	13522.20
399.90	144911.39	0.00	4541.22
400.00	146371.91	0.00	-4742.39
400.10	147174.42	0.00	-14267.78
400.20	147286.36	0.00	-23968.99
400.30	146679.76	0.00	-33775.86
400.40	145331.63	0.00	-43614.92
400.50	143224.40	0.00	-53410.42
400.60	140346.25	0.00	-63085.35
400.70	136691.41	0.00	-72562.54
400.80	132260.36	0.00	-81765.68
400.90	127059.94	0.00	-90620.38
401.00	121103.48	0.00	-99055.14
401.10	114410.72	0.00	-107002.26
401.20	107007.76	0.00	-114398.67
401.30	98926.90	0.00	-121186.64
401.40	90206.35	0.00	-127314.37
401.50	80889.96	0.00	-132736.48
401.60	71026.85	0.00	-137414.35
401.70	60670.92	0.00	-141316.32
401.80	49880.40	0.00	-144417.77
401.90	38717.30	0.00	-146701.08
402.00	27246.85	0.00	-148155.47
402.10	15536.93	0.00	-148776.69
402.20	3657.44	0.00	-148566.74
402.30	-8320.25	0.00	-147533.36
402.40	-20323.87	0.00	-145689.58
402.50	-32280.83	0.00	-143053.20
402.60	-44118.71	0.00	-139646.21
402.70	-55765.76	0.00	-135494.28
402.80	-67151.27	0.00	-130626.20
402.90	-78206.04	0.00	-125073.40
403.00	-88862.65	0.00	-118869.50
403.10	-99055.82	0.00	-112049.86
403.20	-108722.61	0.00	-104651.33
403.30	-117802.71	0.00	-96711.94
403.40	-126238.63	0.00	-88270.72
403.50	-133975.90	0.00	-79367.58
403.60	-140963.27	0.00	-70043.33
403.70	-147152.95	0.00	-60339.62
403.80	-152500.78	0.00	-50299.10
403.90	-156966.54	0.00	-39965.56
404.00	-160514.16	0.00	-29384.03
404.10	-163112.10	0.00	-18601.05
404.20	-164733.63	0.00	-7664.87
404.30	-165357.24	0.00	3374.40
404.40	-165051.49	0.00	14464.56
404.50	-164026.49	0.00	25551.22
404.60	-162281.44	0.00	36577.68
404.70	-159803.96	0.00	47484.93
404.80	-156582.46	0.00	58211.70
404.90	-152606.78	0.00	68694.61
405.00	-147868.96	0.00	78868.39
405.10	-142364.05	0.00	88666.21
405.20	-136090.95	0.00	98020.18
405.30	-129053.36	0.00	106861.79
405.40	-121260.60	0.00	115122.65
405.50	-112728.54	0.00	122735.14
405.60	-103480.38	0.00	129633.27
405.70	-93547.41	0.00	135753.56
405.80	-82969.67	0.00	141035.94
405.90	-71796.36	0.00	145424.76
406.00	-60086.23	0.00	148869.80
406.10	-47907.69	0.00	151327.18
406.20	-35338.71	0.00	152760.43
406.30	-22466.50	0.00	153141.32
406.40	-9386.91	0.00	152450.76
406.50	3796.34	0.00	150679.52
406.60	16972.80	0.00	147828.88
406.70	30026.59	0.00	143911.14
406.80	42837.93	0.00	138949.94
406.90	55284.97	0.00	132980.43
407.00	67245.62	0.00	126049.31
407.10	78599.67	0.00	118214.59
407.20	89230.88	0.00	109545.17
407.30	99029.16	0.00	100120.32
407.40	107892.65	0.00	90028.81
407.50	115729.82	0.00	79368.01
407.60	122461.31	0.00	68242.66
407.70	128021.62	0.00	56763.63
407.80	132360.57	0.00	45046.43
407.90	135444.41	0.00	33209.67
408.00	137256.62	0.00	21373.40
408.10	137798.38	0.00	9657.41
408.20	137088.59	0.00	-1820.53
408.30	135163.59	0.00	-12946.35
408.40	132076.45	0.00	-23611.40
408.50	127895.90	0.00	-33714.06
408.60	122726.68	0.00	-43161.25
408.70	116790.12	0.00	-51869.76
408.80	110190.66	0.00	-59767.54
408.90	103014.74	0.00	-66794.64
409.00	95354.04	0.00	-72904.05
409.10	87304.37	0.00	-78062.27
409.20	78964.40	0.00	-82249.67
409.30	70434.33	0.00	-85460.54
409.40	61814.51	0.00	-87702.97
409.50	53203.90	0.00	-88998.43
409.60	44698.67	0.00	-89381.14
409.70	36390.66	0.00	-88897.21
409.80	28365.96	0.00	-87603.57
409.90	20703.59	0.00	-85566.74
410.00	13474.26	0.00	-82861.42
410.10	6739.27	0.00	-79569.00
410.20	549.63	0.00	-75775.95
410.30	-5054.61	0.00	-71572.15
410.40	-10044.85	0.00	-67049.22
410.50	-14404.12	0.00	-62298.86
410.60	-18127.09	0.00	-57411.27
410.70	-21219.77	0.00	-52473.56
410.80	-23698.98	0.00	-47568.38
410.90	-25591.69	0.00	-42772.58
411.00	-26934.06	0.00	-38156.15
411.10	-27770.35	0.00	-33781.21
411.20	-28151.73	0.00	-29701.26
411.30	-28134.95	0.00	-25960.59
411.40	-27780.96	0.00	-22593.92
411.50	-27153.53	0.00	-19626.20
411.60	-26317.81	0.00	-17072.62
411.70	-25339.00	0.00	-14938.79
411.80	-24281.04	0.00	-13221.08
411.90	-23205.42	0.00	-11907.17
412.00	-22170.04	0.00	-10976.58
412.10	-21228.27	0.00	-10401.53
412.20	-20428.09	0.00	-10147.70
412.30	-19811.40	0.00	-10175.14
412.40	-19413.39	0.00	-10439.26
412.50	-19262.19	0.00	-10891.82
412.60	-19378.55	0.00	-11481.91
412.70	-19775.63	0.00	-12156.99
412.80	-20459.02	0.00	-12863.82
412.90	-21426.79	0.00	-13549.53
413.00	-22669.67	0.00	-14162.42
413.10	-24171.31	0.00	-14652.93
413.20	-25908.69	0.00	-14974.42
413.30	-27852.56	0.00	-15083.94
413.40	-29967.94	0.00	-14942.93
413.50	-32214.81	0.00	-14517.84
413.60	-34548.72	0.00	-13780.65
413.70	-36921.56	0.00	-12709.41
413.80	-39282.36	0.00	-11288.55
413.90	-41578.14	0.00	-9509.25
414.00	-43754.80	0.00	-7369.61
414.10	-45758.06	0.00	-4874.79
414.20	-47543.28	0.00	-2037.03
414.30	-49076.57	0.00	1124.43
414.40	-50311.55	0.00	4583.50
414.50	-51204.46	0.00	8307.57
414.60	-51715.24	0.00	12257.86
414.70	-51808.26	0.00	16389.90
414.80	-51453.00	0.00	20654.17
414.90	-50624.71	0.00	24996.79
415.00	-49304.96	0.00	29360.24
415.10	-47482.17	0.00	33684.34
415.20	-45152.06	0.00	37907.11
415.30	-42317.97	0.00	41965.81
415.40	-38991.12	0.00	45797.99
415.50	-35190.76	0.00	49342.60
415.60	-30944.13	0.00	52541.05
415.70	-26286.36	0.00	55338.30
415.80	-21260.19	0.00	57683.92
415.90	-15915.54	0.00	59533.09
416.00	-10308.93	0.00	60847.54
416.10	-4502.75	0.00	61596.35
416.20	1435.62	0.00	61756.66
416.30	7434.81	0.00	61314.31
416.40	13420.63	0.00	60264.19
416.50	19317.30	0.00	58610.58
416.60	25048.81	0.00	56367.17
416.70	30540.27	0.00	53557.05
416.80	35719.36	0.00	50212.37
416.90	40517.74	0.00	46373.95
417.00	44872.42	0.00	42090.60
417.10	48727.03	0.00	37418.35
417.20	52033.03	0.00	32419.48
417.30	54750.75	0.00	27161.47
417.40	56850.19	0.00	21715.74
417.50	58311.76	0.00	16156.38
417.60	59126.62	0.00	10558.82
417.70	59296.95	0.00	4998.36
417.80	58835.82	0.00	-451.21
417.90	57766.93	0.00	-5718.96
418.00	56124.04	0.00	-10738.22
418.10	53966.24	0.00	-15447.80
418.20	51361.23	0.00	-19793.10
418.30	48362.29	0.00	-23727.16
418.40	45027.84	0.00	-27211.48
418.50	41420.36	0.00	-30216.68
418.60	37605.18	0.00	-32722.97
418.70	33649.17	0.00	-34720.38
418.80	29619.47	0.00	-36208.85
418.90	25582.12	0.00	-37198.04
419.00	21600.74	0.00	-37706.94
419.10	17735.28	0.00	-37763.30
419.20	14040.76	0.00	-37402.86
419.30	10566.26	0.00	-36668.42
419.40	7353.87	0.00	-35608.76
419.50	4437.94	0.00	-34277.42
419.60	1844.42	0.00	-32731.41
419.70	-409.56	0.00	-31029.86
419.80	-2315.89	0.00	-29232.63
419.90	-3875.54	0.00	-27398.90
420.00	-5098.33	0.00	-25585.84
420.10	-6002.51	0.00	-23847.31
420.20	-6614.21	0.00	-22232.62
420.30	-6966.59	0.00	-20785.51
420.40	-7098.95	0.00	-19543.13
420.50	-7055.61	0.00	-18535.31
420.60	-6884.80	0.00	-17783.92
420.70	-6637.32	0.00	-17302.44
420.80	-6365.30	0.00	-17095.72
420.90	-6120.83	0.00	-17159.95
421.00	-5954.71	0.00	-17482.84
421.10	-5915.10	0.00	-18043.88
421.20	-6046.41	0.00	-18814.96
421.30	-6388.12	0.00	-19760.97
421.40	-6973.82	0.00	-20840.71
421.50	-7830.33	0.00	-22007.80
421.60	-8976.97	0.00	-23211.81
421.70	-10425.03	0.00	-24399.37
421.80	-12177.35	0.00	-25515.44
421.90	-14228.12	0.00	-26504.59
422.00	-16562.84	0.00	-27312.21
422.10	-19158.49	0.00	-27885.86
422.20	-21983.85	0.00	-28176.42
422.30	-25000.03	0.00	-28139.31
422.40	-28161.16	0.00	-27735.49
422.50	-31415.22	0.00	-26932.51
422.60	-34705.07	0.00	-25705.26
422.70	-37969.55	0.00	-24036.67
422.80	-41144.75	0.00	-21918.28
422.90	-44165.33	0.00	-19350.50
423.00	-46970.44	0.00	-16342.86
423.10	-49516.31	0.00	-12913.89
423.20	-51747.67	0.00	-9090.98
423.30	-53610.94	0.00	-4909.94
423.40	-55057.22	0.00	-414.41
423.50	-56043.19	0.00	4344.86
423.60	-56532.06	0.00	9310.98
423.70	-56494.32	0.00	14421.89
423.80	-55908.36	0.00	19611.57
423.90	-54760.99	0.00	24811.31
424.00	-53047.80	0.00	29951.00
424.10	-50773.31	0.00	34960.48
424.20	-47951.06	0.00	39770.95
424.30	-44603.39	0.00	44316.29
424.40	-40761.21	0.00	48534.34
424.50	-36463.46	0.00	52368.15
424.60	-31756.46	0.00	55767.03
424.70	-26693.19	0.00	58687.57
424.80	-21332.25	0.00	61094.41
424.90	-15736.84	0.00	62960.88
425.00	-9973.57	0.00	64269.46
425.10	-4111.20	0.00	65012.01
425.20	1780.69	0.00	65189.79
425.30	7633.06	0.00	64813.32
425.40	13378.77	0.00	63901.98
425.50	18953.85	0.00	62483.42
425.60	24298.82	0.00	60592.88
425.70	29359.76	0.00	58272.22
425.80	34089.40	0.00	55568.90
425.90	38447.90	0.00	52534.81
426.00	42403.58	0.00	49225.04
426.10	45933.36	0.00	45696.59
426.20	49023.02	0.00	42007.02
426.30	51667.23	0.00	38213.17
426.40	53869.35	0.00	34369.88
426.50	55641.05	0.00	30528.77
426.60	57001.65	0.00	26737.16
426.70	57977.36	0.00	23037.09
426.80	58600.30	0.00	19464.44
426.90	58907.41	0.00	16048.33
427.00	58939.22	0.00	12810.55
427.10	58738.63	0.00	9765.28
427.20	58349.55	0.00	6918.97
427.30	57819.91	0.00	4270.43
427.40	57220.72	0.00	1811.06
427.50	56595.59	0.00	-474.70
427.60	55978.53	0.00	-2608.72
427.70	55398.72	0.00	-4618.46
427.80	54879.66	0.00	-6536.07
427.90	54438.59	0.00	-8397.34
428.00	54085.96	0.00	-10240.63
428.10	53825.12	0.00	-12105.74
428.20	53652.14	0.00	-14032.66
428.30	53555.84	0.00	-16060.42
428.40	53517.90	0.00	-18225.86
428.50	53513.24	0.00	-20562.57
428.60	53510.49	0.00	-23099.74
428.70	53472.59	0.00	-25861.27
428.80	53357.58	0.00	-28864.83
428.90	53119.42	0.00	-32121.22
429.00	52708.99	0.00	-35633.74
429.10	52075.11	0.00	-39397.75
429.20	51165.61	0.00	-43400.47
429.30	49928.49	0.00	-47620.83
429.40	48313.07	0.00	-52029.58
429.50	46271.11	0.00	-56589.53
429.60	43757.99	0.00	-61255.94
429.70	40733.77	0.00	-65977.10
429.80	37164.26	0.00	-70695.01
429.90	33022.02	0.00	-75346.21
430.00	28287.27	0.00	-79862.72
430.10	22948.68	0.00	-84173.05
430.20	17004.16	0.00	-88203.34
430.30	10461.38	0.00	-91878.50
430.40	3338.30	0.00	-95123.41
430.50	-4336.49	0.00	-97864.19
430.60	-12523.64	0.00	-100029.36
430.70	-21172.96	0.00	-101551.10
430.80	-30223.62	0.00	-102366.39
430.90	-39604.48	0.00	-102418.16
431.00	-49234.56	0.00	-101656.35
431.10	-59023.84	0.00	-100038.84
431.20	-68874.09	0.00	-97532.41
431.30	-78680.03	0.00	-94113.44
431.40	-88330.57	0.00	-89768.60
431.50	-97710.29	0.00	-84495.39
431.60	-106701.02	0.00	-78302.52
431.70	-115183.64	0.00	-71210.15
431.80	-123039.89	0.00	-63250.02
431.90	-130154.29	0.00	-54465.35
432.00	-136416.17	0.00	-44910.67
432.10	-141721.56	0.00	-34651.44
432.20	-145985.41	0.00	-23763.50
432.30	-149301.98	0.00	-12332.44
432.40	-151674.79	0.00	-452.72
432.50	-153052.84	0.00	11773.26
432.60	-153392.13	0.00	24236.28
432.70	-152656.24	0.00	36821.49
432.80	-150817.00	0.00	49409.79
432.90	-147855.00	0.00	61879.18
433.00	-143760.25	0.00	74106.25
433.10	-138532.72	0.00	85967.76
433.20	-132182.91	0.00	97342.13
433.30	-124732.29	0.00	108111.01
433.40	-116213.78	0.00	118160.87
433.50	-106672.01	0.00	127384.44
433.60	-96163.55	0.00	135682.14
433.70	-84756.95	0.00	142963.46
433.80	-72532.58	0.00	149148.15
433.90	-59582.34	0.00	154167.32
434.00	-46009.11	0.00	157964.41
434.10	-31925.98	0.00	160495.92
434.20	-17455.24	0.00	161732.10
434.30	-2727.17	0.00	161657.28
434.40	12121.46	0.00	160270.17
434.50	26949.02	0.00	157583.83
434.60	41610.87	0.00	153625.57
434.70	55961.42	0.00	148436.55
434.80	69856.18	0.00	142071.23
434.90	83154.00	0.00	134596.68
435.00	95719.30	0.00	126091.70
435.10	107424.17	0.00	116645.72
435.20	118150.57	0.00	106357.68
435.30	127792.22	0.00	95334.70
435.40	136256.43	0.00	83690.69
435.50	143465.59	0.00	71544.84
435.60	149358.51	0.00	59020.13
435.70	153891.31	0.00	46241.70
435.80	157038.11	0.00	33335.27
435.90	158791.31	0.00	20425.54
436.00	159161.47	0.00	7634.64
436.10	158176.95	0.00	-4919.39
436.20	155883.09	0.00	-17124.04
436.30	152421.36	0.00	-28873.64
436.40	148044.43	0.00	-40070.66
436.50	142822.96	0.00	-50626.73
436.60	136825.15	0.00	-60463.63
436.70	130124.10	0.00	-69514.06
436.80	122797.07	0.00	-77722.24
436.90	114924.68	0.00	-85044.34
437.00	106590.12	0.00	-91448.68
437.10	97878.20	0.00	-96915.81
437.20	88874.43	0.00	-101438.29
437.30	79664.04	0.00	-105020.37
437.40	70330.95	0.00	-107677.44
437.50	60956.78	0.00	-109435.32
437.60	51619.83	0.00	-110329.38
437.70	42394.11	0.00	-110403.58
437.80	33348.45	0.00	-109709.30
437.90	24545.69	0.00	-108304.12
438.00	16041.96	0.00	-106250.61
438.10	7886.16	0.00	-103614.94
438.20	119.46	0.00	-100465.56
438.30	-7224.84	0.00	-96871.91
438.40	-14121.49	0.00	-92903.16
438.50	-20553.13	0.00	-88626.97
438.60	-26510.04	0.00	-84108.41
438.70	-31989.71	0.00	-79409.01
438.80	-36996.25	0.00	-74585.84
438.90	-41539.69	0.00	-69690.86
439.00	-45635.14	0.00	-64770.39
439.10	-49301.91	0.00	-59864.69
439.20	-52562.55	0.00	-55007.80
439.30	-55441.90	0.00	-50227.46
439.40	-57966.09	0.00	-45545.28
439.50	-60161.64	0.00	-40976.97
439.60	-62054.56	0.00	-36532.77
439.70	-63669.64	0.00	-32217.93
439.80	-65029.67	0.00	-28033.38
439.90	-66155.01	0.00	-23976.36
440.00	-67063.05	0.00	-20041.23
440.10	-67768.02	0.00	-16220.18
440.20	-68280.81	0.00	-12504.04
440.30	-68608.97	0.00	-8883.00
440.40	-68756.88	0.00	-5347.38
440.50	-68725.93	0.00	-1888.22
440.60	-68514.98	0.00	1502.08
440.70	-68120.72	0.00	4829.31
440.80	-67538.24	0.00	8097.06
440.90	-66761.60	0.00	11306.42
441.00	-65784.41	0.00	14455.86
441.10	-64608.37	0.00	17541.10
441.20	-63263.52	0.00	20555.25
441.30	-61747.13	0.00	23488.93
441.40	-60053.05	0.00	26330.52
441.50	-58176.88	0.00	29066.51
441.60	-56116.29	0.00	31681.92
441.70	-53871.36	0.00	34160.72
441.80	-51444.76	0.00	36486.37
441.90	-48841.86	0.00	38642.28
442.00	-46070.81	0.00	40612.38
442.10	-43142.40	0.00	42381.55
442.20	-40069.97	0.00	43936.11
442.30	-36869.17	0.00	45264.22
442.40	-33557.64	0.00	46356.24
442.50	-30154.72	0.00	47204.99
442.60	-26680.96	0.00	47805.92
442.70	-23157.80	0.00	48157.25
442.80	-19607.04	0.00	48259.97
442.90	-16050.45	0.00	48117.80
443.00	-12509.36	0.00	47736.99
443.10	-9004.22	0.00	47126.13
443.20	-5554.32	0.00	46295.86
443.30	-2177.45	0.00	45258.54
443.40	1110.30	0.00	44027.84
443.50	4294.65	0.00	42618.37
443.60	7363.25	0.00	41045.27
443.70	10305.62	0.00	39323.78
443.80	13113.08	0.00	37468.93
443.90	15778.61	0.00	35495.20
444.00	18296.57	0.00	33416.19
444.10	20662.49	0.00	31244.50
444.20	22872.72	0.00	28991.56
444.30	24924.12	0.00	26667.57
444.40	26813.73	0.00	24281.57
444.50	28538.45	0.00	21841.52
444.60	30094.76	0.00	19354.52
444.70	31478.48	0.00	16827.06
444.80	32684.62	0.00	14265.34
444.90	33707.26	0.00	11675.62
445.00	34539.54	0.00	9064.63
445.10	35173.77	0.00	6439.95
445.20	35601.58	0.00	3810.39
445.30	35814.15	0.00	1186.38
445.40	35802.63	0.00	-1419.77
445.50	35558.48	0.00	-3993.57
445.60	35074.01	0.00	-6518.24
445.70	34342.87	0.00	-8974.60
445.80	33360.60	0.00	-11341.11
445.90	32125.18	0.00	-13594.03
446.00	30637.57	0.00	-15707.62
446.10	28902.19	0.00	-17654.59
446.20	26927.34	0.00	-19406.45
446.30	24725.60	0.00	-20934.18
446.40	22314.00	0.00	-22208.76
446.50	19714.24	0.00	-23201.95
446.60	16954.37	0.00	-23886.98
446.70	14066.39	0.00	-24239.37
446.80	11083.93	0.00	-24237.64
446.90	8044.84	0.00	-23864.10
447.00	4990.75	0.00	-23105.51
447.10	1966.55	0.00	-21953.79
447.20	-980.28	0.00	-20406.49
447.30	-3800.47	0.00	-18467.31
447.40	-6443.76	0.00	-16146.41
447.50	-8859.86	0.00	-13460.63
447.60	-10999.43	0.00	-10433.55
447.70	-12815.03	0.00	-7095.50
447.80	-14262.13	0.00	-3483.26
447.90	-15300.07	0.00	360.17
448.00	-15894.45	0.00	4386.07
448.10	-16016.48	0.00	8540.58
448.20	-15642.15	0.00	12765.36
448.30	-14754.05	0.00	16998.39
448.40	-13341.89	0.00	21174.77
448.50	-11402.94	0.00	25227.69
448.60	-8942.32	0.00	29089.37
448.70	-5973.25	0.00	32692.03
448.80	-2517.14	0.00	35968.92
448.90	1396.37	0.00	38855.31
449.00	5729.54	0.00	41289.45
449.10	10436.76	0.00	43213.55
449.20	15464.86	0.00	44574.70
449.30	20753.56	0.00	45325.69
449.40	26236.07	0.00	45425.83
449.50	31839.71	0.00	44841.67
449.60	37488.62	0.00	43547.64
449.70	43115.08	0.00	41526.61
449.80	48643.57	0.00	38770.34
449.90	53995.67	0.00	35279.84
450.00	59092.56	0.00	31065.66
450.10	63855.88	0.00	26147.99
450.20	68208.63	0.00	20556.72
450.30	72075.95	0.00	14331.34
450.40	75385.98	0.00	7520.76
450.50	78070.70	0.00	182.93
450.60	80066.71	0.00	-7615.58
450.70	81316.02	0.00	-15800.18
450.80	81766.88	0.00	-24288.97
450.90	81374.46	0.00	-32993.55
451.00	80101.70	0.00	-41819.98
451.10	77919.93	0.00	-50669.81
451.20	74809.62	0.00	-59441.21
451.30	70760.99	0.00	-68030.23
451.40	65774.59	0.00	-76332.06
451.50	59861.83	0.00	-84242.34
451.60	53045.35	0.00	-91658.61
451.70	45359.35	0.00	-98481.60
451.80	36849.78	0.00	-104616.64
451.90	27574.31	0.00	-109974.96
452.00	17602.20	0.00	-114474.99
452.10	7013.98	0.00	-118043.52
452.20	-4099.10	0.00	-120616.77
452.30	-15635.79	0.00	-122141.38
452.40	-27485.83	0.00	-122575.21
452.50	-39531.07	0.00	-121887.99
452.60	-51646.82	0.00	-120061.81
452.70	-63703.41	0.00	-117091.45
452.80	-75567.89	0.00	-112984.50
452.90	-87105.84	0.00	-107761.31
453.00	-98183.31	0.00	-101454.73
453.10	-108668.78	0.00	-94109.75
453.20	-118435.20	0.00	-85782.87
453.30	-127361.95	0.00	-76541.43
453.40	-135336.71	0.00	-66462.69
453.50	-142257.29	0.00	-55632.86
453.60	-148033.20	0.00	-44146.05
453.70	-152587.14	0.00	-32103.07
453.80	-155872.13	0.00	-19610.20
453.90	-158048.41	0.00	-6777.98
454.00	-159154.33	0.00	6280.12
454.10	-159174.94	0.00	19448.96
454.20	-158102.53	0.00	32612.94
454.30	-155936.46	0.00	45657.29
454.40	-152683.14	0.00	58469.15
454.50	-148355.87	0.00	70938.72
454.60	-142974.83	0.00	82960.25
454.70	-136567.05	0.00	94432.98
454.80	-129166.44	0.00	105261.99
454.90	-120813.71	0.00	115358.95
455.00	-111556.49	0.00	124642.75
455.10	-101449.23	0.00	133040.07
455.20	-90553.20	0.00	140485.86
455.30	-78936.39	0.00	146923.65
455.40	-66673.36	0.00	152305.89
455.50	-53845.05	0.00	156594.10
455.60	-40538.38	0.00	159758.97
455.70	-26845.96	0.00	161780.43
455.80	-12865.47	0.00	162647.57
455.90	1300.88	0.00	162358.56
456.00	15547.13	0.00	160920.46
456.10	29764.36	0.00	158349.02
456.20	43841.65	0.00	154668.38
456.30	57667.08	0.00	149910.75
456.40	71128.83	0.00	144116.05
456.50	84116.33	0.00	137331.49
456.60	96521.45	0.00	129611.12
456.70	108239.73	0.00	121015.38
456.80	119171.59	0.00	111610.56
456.90	129223.53	0.00	101468.25
457.00	138309.28	0.00	90664.82
457.10	146350.90	0.00	79280.79
457.20	153279.76	0.00	67400.27
457.30	159037.44	0.00	55110.26
457.40	163576.52	0.00	42500.10
457.50	166861.17	0.00	29660.74
457.60	168867.64	0.00	16684.12
457.70	169584.55	0.00	3662.49
457.80	169026.78	0.00	-9312.25
457.90	167441.07	0.00	-22149.26
458.00	164926.81	0.00	-34759.36
458.10	161501.65	0.00	-47055.75
458.20	157186.88	0.00	-58954.61
458.30	152007.60	0.00	-70375.75
458.40	145992.83	0.00	-81243.16
458.50	139175.71	0.00	-91485.64
458.60	131593.61	0.00	-101037.25
458.70	123288.32	0.00	-109837.86
458.80	114306.15	0.00	-117833.56
458.90	104697.99	0.00	-124977.00
459.00	94519.32	0.00	-131227.80
459.10	83830.16	0.00	-136552.72
459.20	72694.92	0.00	-140925.91
459.30	61182.17	0.00	-144329.00
459.40	49364.32	0.00	-146751.16
459.50	37317.25	0.00	-148189.08
459.60	25119.73	0.00	-148646.86
459.70	12852.91	0.00	-148135.89
459.80	599.65	0.00	-146674.57
459.90	-11556.23	0.00	-144288.04
460.00	-23530.72	0.00	-141007.84
460.10	-35240.41	0.00	-136871.52
460.20	-46603.34	0.00	-131922.16
460.30	-57539.88	0.00	-126207.95
460.40	-67973.53	0.00	-119781.61
460.50	-77831.74	0.00	-112699.92
460.60	-87046.72	0.00	-105023.18
460.70	-95556.15	0.00	-96814.59
460.80	-103303.84	0.00	-88139.79
460.90	-110240.33	0.00	-79066.25
461.00	-116323.39	0.00	-69662.73
461.10	-121518.47	0.00	-59998.81
461.20	-125798.99	0.00	-50144.33
461.30	-129146.58	0.00	-40168.90
461.40	-131551.22	0.00	-30141.44
461.50	-133011.26	0.00	-20129.73
461.60	-133533.35	0.00	-10199.96
461.70	-133132.27	0.00	-416.29
461.80	-131830.68	0.00	9159.50
461.90	-129669.99	0.00	18468.45
462.00	-126826.79	0.00	27454.75
462.10	-123375.12	0.00	36066.11
462.20	-119347.20	0.00	44254.07
462.30	-114777.51	0.00	51974.36
462.40	-109702.82	0.00	59187.11
462.50	-104162.02	0.00	65857.21
462.60	-98196.15	0.00	71954.45
462.70	-91848.18	0.00	77453.79
462.80	-85162.94	0.00	82335.50
462.90	-78186.90	0.00	86585.27
463.00	-70967.90	0.00	90194.30
463.10	-63554.88	0.00	93159.29
463.20	-55997.55	0.00	95482.46
463.30	-48345.95	0.00	97171.40
463.40	-40650.07	0.00	98238.96
463.50	-32959.36	0.00	98702.98
463.60	-25322.24	0.00	98586.07
463.70	-17785.58	0.00	97915.23
463.80	-10394.23	0.00	96721.49
463.90	-3190.47	0.00	95039.40
464.00	3786.43	0.00	92906.62
464.10	10500.67	0.00	90363.31
464.20	16920.31	0.00	87451.61
464.30	23017.60	0.00	84215.03
464.40	28769.27	0.00	80697.88
464.50	34156.69	0.00	76944.61
464.60	39166.01	0.00	72999.27
464.70	43788.17	0.00	68904.88
464.80	48018.85	0.00	64702.92
464.90	51858.34	0.00	60432.77
465.00	55311.28	0.00	56131.27
465.10	58386.40	0.00	51832.26
465.20	61096.11	0.00	47566.24
465.30	63456.10	0.00	43360.03
465.40	65484.85	0.00	39236.56
465.50	67203.07	0.00	35214.67
465.60	68633.22	0.00	31309.05
465.70	69798.86	0.00	27530.15
465.80	70724.11	0.00	23884.26
465.90	71433.05	0.00	20373.63
466.00	71949.21	0.00	16996.59
466.10	72294.97	0.00	13747.86
466.20	72491.12	0.00	10618.78
466.30	72556.35	0.00	7597.72
466.40	72506.91	0.00	4670.44
466.50	72356.21	0.00	1820.57
466.60	72121.73	0.00	-969.96
466.70	71855.87	0.00	-3720.37
466.80	71569.59	0.00	-6450.52
466.90	71262.06	0.00	-9180.36
467.00	70928.87	0.00	-11929.43
467.10	70562.04	0.00	-14716.26
467.20	70150.22	0.00	-17557.90
467.30	69678.87	0.00	-20469.40
467.40	69130.53	0.00	-23463.36
467.50	68485.14	0.00	-26549.50
467.60	67720.41	0.00	-29734.28
467.70	66812.25	0.00	-33020.60
467.80	65735.24	0.00	-36407.52
467.90	64463.10	0.00	-39890.13
468.00	62969.27	0.00	-43459.40
468.10	61227.42	0.00	-47102.16
468.20	59212.05	0.00	-50801.16
468.30	56899.04	0.00	-54535.21
468.40	54266.24	0.00	-58279.36
468.50	51293.98	0.00	-62005.23
468.60	47965.67	0.00	-65681.34
468.70	44268.24	0.00	-69273.57
468.80	40192.63	0.00	-72745.58
468.90	35734.19	0.00	-76059.44
469.00	30893.01	0.00	-79176.11
469.10	25674.22	0.00	-82056.11
469.20	20088.18	0.00	-84660.10
469.30	14150.63	0.00	-86949.55
469.40	7882.69	0.00	-88887.30
469.50	1310.84	0.00	-90438.19
469.60	-5533.23	0.00	-91569.62
469.70	-12612.84	0.00	-92252.07
469.80	-19886.64	0.00	-92459.58
469.90	-27309.00	0.00	-92170.14
470.00	-34830.50	0.00	-91366.05
470.10	-42398.48	0.00	-90034.19
470.20	-49957.62	0.00	-88166.16
470.30	-57450.60	0.00	-85758.49
470.40	-64818.84	0.00	-82812.58
470.50	-72003.14	0.00	-79334.69
470.60	-78944.49	0.00	-75335.87
470.70	-85584.72	0.00	-70831.68
470.80	-91867.26	0.00	-65842.06
470.90	-97737.77	0.00	-60390.94
471.00	-103144.83	0.00	-54505.96
471.10	-108040.46	0.00	-48218.10
471.20	-112380.66	0.00	-41561.23
471.30	-116125.85	0.00	-34571.78
471.40	-119241.26	0.00	-27288.29
471.50	-121697.15	0.00	-19750.99
471.60	-123489.29	0.00	-12001.47
471.70	-124733.44	0.00	-4082.27
471.80	-125444.01	0.00	3963.45
471.90	-125613.41	0.00	12092.18
472.00	-125235.72	0.00	20260.38
472.10	-124306.51	0.00	28424.65
472.20	-122822.79	0.00	36541.95
472.30	-120782.85	0.00	44569.76
472.40	-118186.31	0.00	52466.17
472.50	-115034.05	0.00	60190.02
472.60	-111328.30	0.00	67700.90
472.70	-107072.77	0.00	74959.29
472.80	-102272.75	0.00	81926.52
472.90	-96935.36	0.00	88564.90
473.00	-91069.76	0.00	94837.70
473.10	-84687.41	0.00	100709.22
473.20	-77802.42	0.00	106144.94
473.30	-70431.82	0.00	111111.53
473.40	-62595.88	0.00	115577.05
473.50	-54318.46	0.00	119511.12
473.60	-45627.25	0.00	122885.06
473.70	-36554.05	0.00	125672.17
473.80	-27134.99	0.00	127847.97
473.90	-17410.65	0.00	129390.51
474.00	-7426.12	0.00	130280.63
474.10	2768.96	0.00	130502.27
474.20	13120.56	0.00	130042.87
474.30	23570.47	0.00	128893.57
474.40	34056.59	0.00	127049.59
474.50	44513.36	0.00	124510.47
474.60	54872.31	0.00	121280.32
474.70	65062.68	0.00	117367.99
474.80	75012.13	0.00	112787.21
474.90	84647.57	0.00	107556.72
475.00	93896.02	0.00	101700.19
475.10	102685.50	0.00	95246.24
475.20	110946.02	0.00	88228.23
475.30	118610.52	0.00	80684.11
475.40	125615.80	0.00	72656.11
475.50	131903.41	0.00	64190.36
475.60	137420.52	0.00	55336.52
475.70	142120.66	0.00	46147.27
475.80	145964.38	0.00	36677.79
475.90	148919.82	0.00	26985.22
476.00	150963.07	0.00	17128.07
476.10	152078.51	0.00	7165.61
476.20	152318.83	0.00	-2842.69
476.30	151880.22	0.00	-12837.76
476.40	150782.34	0.00	-22761.49
476.50	149032.10	0.00	-32557.24
476.60	146638.62	0.00	-42170.29
476.70	143613.09	0.00	-51548.27
476.80	139968.58	0.00	-60641.53
476.90	135719.94	0.00	-69403.38
477.00	130883.63	0.00	-77790.31
477.10	125477.64	0.00	-85762.16
477.20	119521.43	0.00	-93282.17
477.30	113035.83	0.00	-100316.99
477.40	106043.07	0.00	-106836.61
477.50	98566.74	0.00	-112814.27
477.60	90631.91	0.00	-118226.34
477.70	82265.12	0.00	-123052.06
477.80	73494.57	0.00	-127273.45
477.90	64350.19	0.00	-130875.00
478.00	54863.89	0.00	-133843.55
478.10	45069.65	0.00	-136168.06
478.20	35003.81	0.00	-137839.44
478.30	24705.21	0.00	-138850.48
478.40	14215.42	0.00	-139195.74
478.50	3578.91	0.00	-138871.52
478.60	-7156.81	0.00	-137875.93
478.70	-17941.11	0.00	-136208.95
478.80	-28720.16	0.00	-133872.60
478.90	-39436.98	0.00	-130871.12
479.00	-50031.59	0.00	-127211.27
479.10	-60441.18	0.00	-122902.58
479.20	-70600.50	0.00	-117957.70
479.30	-80442.23	0.00	-112392.70
479.40	-89897.61	0.00	-106227.48
479.50	-98897.09	0.00	-99486.01
479.60	-107371.10	0.00	-92196.70
479.70	-115250.99	0.00	-84392.59
479.80	-122469.99	0.00	-76111.57
479.90	-128964.25	0.00	-67396.47
480.00	-134673.99	0.00	-58295.03
480.10	-139544.57	0.00	-48859.88
480.20	-143527.66	0.00	-39148.25
480.30	-146582.27	0.00	-29221.68
480.40	-148675.77	0.00	-19145.57
480.50	-149784.82	0.00	-8988.58
480.60	-149896.06	0.00	1178.06
480.70	-149021.30	0.00	11281.32
480.80	-147354.35	0.00	21247.29
480.90	-144962.27	0.00	31002.16
481.00	-141859.69	0.00	40473.19
481.10	-138067.00	0.00	49589.85
481.20	-133610.48	0.00	58284.82
481.30	-128522.30	0.00	66495.10
481.40	-122840.45	0.00	74163.00
481.50	-116608.52	0.00	81237.11
481.60	-109875.37	0.00	87673.13
481.70	-102694.65	0.00	93434.62
481.80	-95124.19	0.00	98493.62
481.90	-87225.31	0.00	102831.08
482.00	-79061.98	0.00	106437.12
482.10	-70699.86	0.00	109311.15
482.20	-62205.33	0.00	111461.76
482.30	-53644.39	0.00	112906.44
482.40	-45081.60	0.00	113671.15
482.50	-36578.93	0.00	113789.61
482.60	-28194.75	0.00	113302.59
482.70	-19982.81	0.00	112256.88
482.80	-11991.31	0.00	110704.30
482.90	-4262.15	0.00	108700.48
483.00	3169.76	0.00	106303.68
483.10	10276.93	0.00	103573.45
483.20	17039.60	0.00	100569.41
483.30	23445.83	0.00	97349.96
483.40	29491.40	0.00	93971.05
483.50	35179.48	0.00	90485.04
483.60	40520.18	0.00	86939.69
483.70	45529.83	0.00	83377.22
483.80	50230.19	0.00	79833.52
483.90	54647.48	0.00	76337.60
484.00	58811.27	0.00	72911.09
484.10	62753.38	0.00	69568.02
484.20	66506.68	0.00	66314.73
484.30	70103.85	0.00	63149.96
484.40	73576.19	0.00	60065.16
484.50	76952.53	0.00	57044.90
484.60	80258.09	0.00	54067.45
484.70	83513.52	0.00	51105.58
484.80	86734.11	0.00	48127.31
484.90	89929.00	0.00	45096.90
485.00	93100.70	0.00	41975.88
485.10	96244.69	0.00	38724.08
485.20	99349.17	0.00	35300.72
485.30	102395.10	0.00	31665.54
485.40	105356.32	0.00	27779.88
485.50	108199.85	0.00	23607.71
485.60	110886.45	0.00	19116.65
485.70	113411.29	0.00	14278.86
485.80	115831.96	0.00	9071.94
485.90	118108.77	0.00	3479.64
486.00	120192.97	0.00	-2507.52
486.10	122032.44	0.00	-8891.68
486.20	123572.48	0.00	-15667.29
486.30	124756.53	0.00	-22820.80
486.40	125527.03	0.00	-30330.54
486.50	125826.22	0.00	-38166.69
486.60	125597.00	0.00	-46291.40
486.70	124783.77	0.00	-54659.05
486.80	123333.34	0.00	-63216.60
486.90	121195.81	0.00	-71904.07
487.00	118325.44	0.00	-80655.18
487.10	114681.59	0.00	-89398.01
487.20	110229.54	0.00	-98055.87
487.30	104941.42	0.00	-106548.13
487.40	98797.04	0.00	-114791.27
487.50	91784.71	0.00	-122699.87
487.60	83901.97	0.00	-130187.74
487.70	75156.29	0.00	-137169.05
487.80	65565.68	0.00	-143559.52
487.90	55159.14	0.00	-149277.53
488.00	43977.05	0.00	-154245.34
488.10	32071.31	0.00	-158390.21
488.20	19505.43	0.00	-161645.45
488.30	6354.27	0.00	-163951.46
488.40	-7296.25	0.00	-165256.67
488.50	-21349.80	0.00	-165518.35
488.60	-35700.45	0.00	-164703.31
488.70	-50233.66	0.00	-162788.54
488.80	-64827.58	0.00	-159761.57
488.90	-79354.45	0.00	-155620.82
489.00	-93682.24	0.00	-150375.69
489.10	-107676.38	0.00	-144046.54
489.20	-121201.69	0.00	-136664.52
489.30	-134124.26	0.00	-128271.18
489.40	-146313.51	0.00	-118918.02
489.50	-157644.09	0.00	-108665.84
489.60	-167997.86	0.00	-97583.99
489.70	-177265.67	0.00	-85749.51
489.80	-185349.02	0.00	-73246.18
489.90	-192161.57	0.00	-60163.50
490.00	-197630.43	0.00	-46595.62
490.10	-201697.14	0.00	-32640.27
490.20	-204318.45	0.00	-18397.60
490.30	-205683.65	0.00	-3969.16
490.40	-206057.43	0.00	10543.22
490.50	-205440.76	0.00	25038.39
490.60	-203837.43	0.00	39416.90
490.70	-201254.71	0.00	53581.81
490.80	-197703.18	0.00	67439.54
490.90	-193196.66	0.00	80900.56
491.00	-187752.16	0.00	93880.00
491.10	-181389.90	0.00	106298.22
491.20	-174133.46	0.00	118081.20
491.30	-166009.86	0.00	129160.94
491.40	-157049.76	0.00	139475.68
491.50	-147287.66	0.00	148970.15
491.60	-136762.11	0.00	157595.67
491.70	-125515.90	0.00	165310.23
491.80	-113596.21	0.00	172078.47
491.90	-101054.79	0.00	177871.72
492.00	-87948.01	0.00	182667.89
492.10	-74336.91	0.00	186451.34
492.20	-60287.07	0.00	189212.82
492.30	-45868.57	0.00	190949.26
492.40	-31155.65	0.00	191663.62
492.50	-16226.46	0.00	191364.67
492.60	-1162.59	0.00	190066.79
492.70	13951.42	0.00	187789.70
492.80	29028.71	0.00	184558.23
492.90	43980.75	0.00	180401.99
493.00	58718.12	0.00	175355.11
493.10	73151.27	0.00	169455.86
493.20	87191.37	0.00	162746.32
493.30	100751.17	0.00	155272.01
493.40	113745.86	0.00	147081.49
493.50	126093.88	0.00	138225.94
493.60	137717.76	0.00	128758.79
493.70	148544.81	0.00	118735.25
493.80	158507.90	0.00	108211.94
493.90	167546.00	0.00	97246.46
494.00	175604.70	0.00	85897.01
494.10	182636.70	0.00	74222.05
494.20	188602.10	0.00	62279.93
494.30	193468.62	0.00	50128.65
494.40	197211.80	0.00	37825.56
494.50	199815.00	0.00	25427.16
494.60	201269.39	0.00	12988.95
494.70	201573.83	0.00	565.32
494.80	200915.22	0.00	-11790.57
494.90	199590.87	0.00	-24026.80
495.00	197610.97	0.00	-36092.71
495.10	194980.67	0.00	-47938.90
495.20	191704.04	0.00	-59517.18
495.30	187784.27	0.00	-70780.55
495.40	183224.02	0.00	-81683.20
495.50	178025.78	0.00	-92180.47
495.60	172192.35	0.00	-102228.88
495.70	165727.39	0.00	-111786.16
495.80	158635.99	0.00	-120811.38
495.90	150925.23	0.00	-129265.04
496.00	142604.85	0.00	-137109.27
496.10	133687.79	0.00	-144308.06
496.20	124190.82	0.00	-150827.52
496.30	114135.01	0.00	-156636.18
496.40	103546.20	0.00	-161705.36
496.50	92455.37	0.00	-166009.50
496.60	80898.87	0.00	-169526.53
496.70	68918.60	0.00	-172238.25
496.80	56561.96	0.00	-174130.65
496.90	43881.78	0.00	-175194.26
497.00	30936.03	0.00	-175424.38
497.10	17787.44	0.00	-174821.29
497.20	4502.95	0.00	-173390.38
497.30	-8846.91	0.00	-171142.24
497.40	-22188.76	0.00	-168092.56
497.50	-35447.20	0.00	-164262.05
497.60	-48545.68	0.00	-159676.19
497.70	-61407.44	0.00	-154364.96
497.80	-73956.36	0.00	-148362.40
497.90	-86117.94	0.00	-141706.18
498.00	-97820.11	0.00	-134437.06
498.10	-108993.99	0.00	-126598.35
498.20	-119574.63	0.00	-118235.27
498.30	-129501.55	0.00	-109394.38
498.40	-138719.25	0.00	-100122.99
498.50	-147177.48	0.00	-90468.57
498.60	-154831.52	0.00	-80478.30
498.70	-161642.22	0.00	-70198.58
498.80	-167575.99	0.00	-59674.70
498.90	-172604.66	0.00	-48950.60
499.00	-176705.28	0.00	-38068.69
499.10	-179859.85	0.00	-27069.83
499.20	-182055.02	0.00	-15993.40
499.30	-183281.77	0.00	-4877.51
499.40	-183535.11	0.00	6240.77
499.50	-182835.90	0.00	17325.01
499.60	-181466.81	0.00	28338.96
499.70	-179509.25	0.00	39246.09
499.80	-176954.92	0.00	50009.08
499.90	-173792.82	0.00	60589.27
500.00	-170009.64	0.00	70946.21
500.10	-165590.40	0.00	81037.19
500.20	-160519.26	0.00	90816.93
500.30	-154780.39	0.00	100237.31
500.40	-148359.10	0.00	109247.25
500.50	-141242.95	0.00	117792.77
500.60	-133423.06	0.00	125817.18
500.70	-124895.39	0.00	133261.46
500.80	-115662.11	0.00	140064.83
500.90	-105732.86	0.00	146165.44
501.00	-95126.02	0.00	151501.32
501.10	-83869.81	0.00	156011.41
501.20	-72003.30	0.00	159636.72
501.30	-59577.10	0.00	162321.70
501.40	-46653.92	0.00	164015.51
501.50	-33308.79	0.00	164673.49
501.60	-19628.96	0.00	164258.54
501.70	-5713.41	0.00	162742.48
501.80	8327.89	0.00	160107.34
501.90	22375.19	0.00	156346.51
502.00	36300.51	0.00	151465.73
502.10	49969.49	0.00	145483.87
502.20	63243.60	0.00	138433.52
502.30	75982.60	0.00	130361.28
502.40	88047.15	0.00	121327.75
502.50	99301.67	0.00	111407.32
502.60	109617.15	0.00	100687.56
502.70	118873.99	0.00	89268.37
502.80	126964.78	0.00	77260.84
502.90	133796.75	0.00	64785.82
503.00	139294.10	0.00	51972.28
503.10	143399.90	0.00	38955.43
503.20	146077.58	0.00	25874.64
503.30	147311.99	0.00	12871.35
503.40	147109.94	0.00	86.71
503.50	145500.18	0.00	-12340.67
503.60	142532.98	0.00	-24276.99
503.70	138279.07	0.00	-35595.54
503.80	132828.19	0.00	-46178.76
503.90	126287.15	0.00	-55920.21
504.00	118825.88	0.00	-64726.36
504.10	110680.48	0.00	-72518.03
504.20	101966.03	0.00	-79231.70
504.30	92797.89	0.00	-84820.45
504.40	83296.02	0.00	-89254.55
504.50	73583.26	0.00	-92521.82
504.60	63783.46	0.00	-94627.55
504.70	54019.59	0.00	-95594.19
504.80	44411.75	0.00	-95460.63
504.90	35075.16	0.00	-94281.27
505.00	26118.26	0.00	-92124.70
505.10	17640.78	0.00	-89072.26
505.20	9732.13	0.00	-85216.25
505.30	2469.78	0.00	-80658.07
505.40	-4081.98	0.00	-75506.16
505.50	-9873.05	0.00	-69873.90
505.60	-14868.25	0.00	-63877.37
505.70	-19047.68	0.00	-57633.21
505.80	-22406.77	0.00	-51256.49
505.90	-24956.00	0.00	-44858.59
506.00	-26720.23	0.00	-38545.33
506.10	-27737.75	0.00	-32415.13
506.20	-28059.10	0.00	-26557.51
506.30	-27745.55	0.00	-21051.65
506.40	-26867.42	0.00	-15965.29
506.50	-25502.26	0.00	-11353.94
506.60	-23732.89	0.00	-7260.20
506.70	-21645.41	0.00	-3713.51
506.80	-19327.16	0.00	-730.15
506.90	-16864.80	0.00	1686.59
507.00	-14342.40	0.00	3545.82
507.10	-11839.71	0.00	4868.35
507.20	-9430.56	0.00	5685.69
507.30	-7181.49	0.00	6038.90
507.40	-5150.52	0.00	5977.20
507.50	-3386.26	0.00	5556.57
507.60	-1927.15	0.00	4838.09
507.70	-801.06	0.00	3886.35
507.80	-25.01	0.00	2767.78
507.90	394.75	0.00	1548.94
508.00	462.47	0.00	294.97
508.10	192.42	0.00	-932.02
508.20	-391.82	0.00	-2074.35
508.30	-1258.25	0.00	-3080.03
508.40	-2367.55	0.00	-3903.95
508.50	-3674.22	0.00	-4508.77
508.60	-5127.97	0.00	-4865.67
508.70	-6675.10	0.00	-4954.88
508.80	-8259.94	0.00	-4765.95
508.90	-9826.42	0.00	-4297.83
509.00	-11319.45	0.00	-3558.71
509.10	-12686.44	0.00	-2565.65
509.20	-13878.61	0.00	-1343.97
509.30	-14852.27	0.00	73.48
509.40	-15569.90	0.00	1647.32
509.50	-16001.16	0.00	3332.65
509.60	-16123.60	0.00	5080.33
509.70	-15923.24	0.00	6838.22
509.80	-15394.95	0.00	8552.56
509.90	-14542.54	0.00	10169.31
510.00	-13378.69	0.00	11635.57
510.10	-11924.65	0.00	12900.87
510.20	-10209.68	0.00	13918.46
510.30	-8270.44	0.00	14646.47
510.40	-6150.03	0.00	15048.95
510.50	-3897.03	0.00	15096.78
510.60	-1564.36	0.00	14768.45
510.70	791.91	0.00	14050.56
510.80	3113.88	0.00	12938.25
510.90	5343.05	0.00	11435.37
511.00	7421.66	0.00	9554.48
511.10	9293.93	0.00	7316.64
511.20	10907.24	0.00	4751.05
511.30	12213.29	0.00	1894.47
511.40	13169.09	0.00	-1209.48
511.50	13737.88	0.00	-4511.18
511.60	13889.88	0.00	-7955.99
511.70	13602.92	0.00	-11485.32
511.80	12862.96	0.00	-15037.75
511.90	11664.33	0.00	-18550.31
512.00	10009.98	0.00	-21959.61
512.10	7911.42	0.00	-25203.12
512.20	5388.60	0.00	-28220.32
512.30	2469.58	0.00	-30953.92
512.40	-809.92	0.00	-33350.83
512.50	-4407.08	0.00	-35363.25
512.60	-8272.78	0.00	-36949.48
512.70	-12352.35	0.00	-38074.67
512.80	-16586.62	0.00	-38711.46
512.90	-20912.88	0.00	-38840.43
513.00	-25266.01	0.00	-38450.44
513.10	-29579.66	0.00	-37538.72
513.20	-33787.44	0.00	-36110.96
513.30	-37824.06	0.00	-34181.06
513.40	-41626.60	0.00	-31770.87
513.50	-45135.58	0.00	-28909.76
513.60	-48296.06	0.00	-25633.96
513.70	-51061.44	0.00	-21985.93
513.80	-53412.44	0.00	-18013.51
513.90	-55321.67	0.00	-13769.03
514.00	-56764.00	0.00	-9308.34
514.10	-57721.26	0.00	-4689.79
514.20	-58182.44	0.00	26.82
514.30	-58143.67	0.00	4781.29
514.40	-57608.10	0.00	9514.10
514.50	-56585.74	0.00	14167.38
514.60	-55093.12	0.00	18685.92
514.70	-53152.85	0.00	23018.05
514.80	-50793.12	0.00	27116.45
514.90	-48047.14	0.00	30938.86
515.00	-44952.38	0.00	34448.65
515.10	-41549.92	0.00	37615.36
515.20	-37883.61	0.00	40414.94
515.30	-33999.25	0.00	42830.02
515.40	-29943.76	0.00	44849.94
515.50	-25764.32	0.00	46470.65
515.60	-21507.53	0.00	47694.56
515.70	-17218.56	0.00	48530.13
515.80	-12940.46	0.00	48991.44
515.90	-8713.36	0.00	49097.64
516.00	-4573.90	0.00	48872.28
516.10	-554.70	0.00	48342.60
516.20	3316.14	0.00	47538.74
516.30	7015.28	0.00	46492.90
516.40	10524.40	0.00	45238.55
516.50	13830.26	0.00	43809.57
516.60	16924.60	0.00	42239.44
516.70	19804.04	0.00	40560.47
516.80	22469.74	0.00	38803.11
516.90	24927.01	0.00	36995.29
517.00	27184.79	0.00	35161.87
517.10	29255.12	0.00	33324.20
517.20	31152.43	0.00	31499.80
517.30	32892.86	0.00	29702.12
517.40	34493.58	0.00	27940.43
517.50	35971.99	0.00	26219.88
517.60	37345.07	0.00	24541.60
517.70	38628.63	0.00	22902.98
517.80	39836.76	0.00	21298.05
517.90	40981.19	0.00	19717.89
518.00	42070.90	0.00	18151.21
518.10	43111.70	0.00	16584.96
518.20	44106.02	0.00	15004.95
518.30	45052.73	0.00	13396.60
518.40	45947.21	0.00	11745.56
518.50	46781.43	0.00	10038.48
518.60	47544.19	0.00	8263.59
518.70	48221.54	0.00	6411.35
518.80	48797.23	0.00	4474.97
518.90	49253.28	0.00	2450.86
519.00	49576.40	0.00	338.96
519.10	49768.34	0.00	-1857.01
519.20	49812.18	0.00	-4129.49
519.30	49689.91	0.00	-6467.06
519.40	49384.97	0.00	-8854.63
519.50	48882.93	0.00	-11273.75
519.60	48172.11	0.00	-13702.96
519.70	47244.17	0.00	-16118.41
519.80	46094.52	0.00	-18494.40
519.90	44722.71	0.00	-20804.17
520.00	43132.69	0.00	-23020.60
520.10	41332.88	0.00	-25117.09
520.20	39336.18	0.00	-27068.33
520.30	37159.81	0.00	-28851.14
520.40	34824.95	0.00	-30445.22
520.50	32356.37	0.00	-31833.87
520.60	29781.79	0.00	-33004.61
520.70	27131.21	0.00	-33949.66
520.80	24436.17	0.00	-34666.33
520.90	21728.81	0.00	-35157.22
521.00	19041.02	0.00	-35430.31
521.10	16403.47	0.00	-35498.84
521.20	13844.67	0.00	-35381.01
521.30	11390.13	0.00	-35099.60
521.40	9061.44	0.00	-34681.33
521.50	6875.60	0.00	-34156.14
521.60	4844.40	0.00	-33556.33
521.70	2973.92	0.00	-32915.62
521.80	1264.23	0.00	-32268.07
521.90	-290.69	0.00	-31647.07
522.00	-1702.94	0.00	-31084.22
522.10	-2990.40	0.00	-30608.24
522.20	-4176.30	0.00	-30244.02
522.30	-5288.56	0.00	-30011.64
522.40	-6359.03	0.00	-29925.62
522.50	-7422.48	0.00	-29994.18
522.60	-8515.60	0.00	-30218.85
522.70	-9675.76	0.00	-30594.06
522.80	-10939.84	0.00	-31107.09
522.90	-12342.95	0.00	-31738.20
523.00	-13917.19	0.00	-32460.86
523.10	-15690.46	0.00	-33242.35
523.20	-17685.35	0.00	-34044.43
523.30	-19918.12	0.00	-34824.29
523.40	-22397.89	0.00	-35535.51
523.50	-25125.91	0.00	-36129.37
523.60	-28095.18	0.00	-36556.01
523.70	-31290.09	0.00	-36765.88
523.80	-34686.50	0.00	-36711.03
523.90	-38251.87	0.00	-36346.53
524.00	-41945.80	0.00	-35631.76
524.10	-45720.69	0.00	-34531.60
524.20	-49522.65	0.00	-33017.58
524.30	-53292.63	0.00	-31068.76
524.40	-56967.69	0.00	-28672.53
524.50	-60482.46	0.00	-25825.12
524.60	-63770.64	0.00	-22531.95
524.70	-66766.59	0.00	-18807.68
524.80	-69406.97	0.00	-14676.09
524.90	-71636.44	0.00	-10169.69
525.00	-73445.88	0.00	-5329.08
525.10	-74803.05	0.00	-202.19
525.20	-75670.80	0.00	5156.75
525.30	-76018.94	0.00	10688.37
525.40	-75824.85	0.00	16329.37
525.50	-75073.86	0.00	22013.92
525.60	-73759.49	0.00	27675.02
525.70	-71883.44	0.00	33245.92
525.80	-69455.47	0.00	38661.42
525.90	-66493.07	0.00	43859.22
526.00	-63020.96	0.00	48781.05
526.10	-59070.47	0.00	53373.72
526.20	-54678.79	0.00	57589.98
526.30	-49888.09	0.00	61389.23
526.40	-44744.60	0.00	64737.95
526.50	-39297.59	0.00	67610.05
526.60	-33598.43	0.00	69986.92
526.70	-27699.53	0.00	71857.30
526.80	-21653.38	0.00	73217.00
526.90	-15511.70	0.00	74068.44
527.00	-9324.55	0.00	74420.01
527.10	-3139.71	0.00	74285.42
527.20	2997.97	0.00	73682.82
527.30	9046.99	0.00	72634.02
527.40	14969.48	0.00	71163.59
527.50	20731.40	0.00	69298.01
527.60	26302.50	0.00	67064.88
527.70	31656.27	0.00	64492.16
527.80	36769.65	0.00	61607.54
527.90	41622.77	0.00	58437.91
528.00	46198.49	0.00	55008.93
528.10	50482.02	0.00	51344.77
528.20	54460.41	0.00	47467.96
528.30	58122.13	0.00	43399.33
528.40	61456.58	0.00	39158.19
528.50	64453.79	0.00	34762.47
528.60	67104.04	0.00	30229.04
528.70	69397.70	0.00	25574.05
528.80	71325.10	0.00	20813.39
528.90	72876.46	0.00	15963.09
529.00	74042.07	0.00	11039.75
529.10	74812.40	0.00	6060.95
529.20	75178.45	0.00	1045.63
529.30	75132.05	0.00	-3985.63
529.40	74666.70	0.00	-9010.36
529.50	73815.56	0.00	-14004.10
529.60	72599.55	0.00	-18940.38
529.70	71014.69	0.00	-23790.76
529.80	69058.91	0.00	-28525.03
529.90	66732.51	0.00	-33111.49
530.00	64038.64	0.00	-37517.33
530.10	60983.75	0.00	-41709.06
530.20	57577.85	0.00	-45653.05
530.30	53834.86	0.00	-49316.12
530.40	49772.76	0.00	-52666.10
530.50	45413.66	0.00	-55672.51
530.60	40783.81	0.00	-58307.14
530.70	35913.45	0.00	-60544.67
530.80	30836.62	0.00	-62363.23
530.90	25590.82	0.00	-63744.89
531.00	20216.57	0.00	-64676.15
531.10	14756.96	0.00	-65148.23
531.20	9257.02	0.00	-65157.38
531.30	3763.11	0.00	-64705.07
531.40	-1677.78	0.00	-63798.01
531.50	-7018.73	0.00	-62448.17
531.60	-12213.67	0.00	-60672.62
531.70	-17218.05	0.00	-58493.32
531.80	-21989.60	0.00	-55936.79
531.90	-26489.00	0.00	-53033.70
532.00	-30680.51	0.00	-49818.41
532.10	-34532.52	0.00	-46328.39
532.20	-38018.03	0.00	-42603.67
532.30	-41115.08	0.00	-38686.16
532.40	-43807.02	0.00	-34619.00
532.50	-46082.68	0.00	-30445.88
532.60	-47936.49	0.00	-26210.34
532.70	-49368.42	0.00	-21955.15
532.80	-50383.86	0.00	-17721.61
532.90	-50993.36	0.00	-13548.97
533.00	-51212.31	0.00	-9473.86
533.10	-51060.48	0.00	-5529.83
533.20	-50561.52	0.00	-1746.86
533.30	-49742.40	0.00	1848.96
533.40	-48632.76	0.00	5235.69
533.50	-47264.25	0.00	8395.77
533.60	-45669.87	0.00	11316.07
533.70	-43886.03	0.00	13987.92
533.80	-41962.47	0.00	16407.05
533.90	-39932.24	0.00	18573.35
534.00	-37823.97	0.00	20490.71
534.10	-35664.46	0.00	22166.61
534.20	-33478.29	0.00	23611.81
534.30	-31287.51	0.00	24839.83
534.40	-29111.31	0.00	25866.50
534.50	-26965.84	0.00	26709.44
534.60	-24864.11	0.00	27387.50
534.70	-22815.85	0.00	27920.20
534.80	-20827.65	0.00	28327.25
534.90	-18902.99	0.00	28627.95
535.00	-17042.45	0.00	28840.79
535.10	-15243.94	0.00	28982.95
535.20	-13503.02	0.00	29069.94
535.30	-11813.24	0.00	29115.31
535.40	-10166.55	0.00	29130.33
535.50	-8553.68	0.00	29123.89
535.60	-6964.62	0.00	29102.36
535.70	-5389.01	0.00	29069.57
535.80	-3816.60	0.00	29026.86
535.90	-2237.61	0.00	28973.17
536.00	-643.13	0.00	28905.28
536.10	974.54	0.00	28817.94
536.20	2621.66	0.00	28704.23
536.30	4302.77	0.00	28555.80
536.40	6020.54	0.00	28363.23
536.50	7775.68	0.00	28116.38
536.60	9566.82	0.00	27804.68
536.70	11390.58	0.00	27417.50
536.80	13241.58	0.00	26944.48
536.90	15112.55	0.00	26375.78
537.00	16994.48	0.00	25702.40
537.10	18876.78	0.00	24916.35
537.20	20747.48	0.00	24010.89
537.30	22593.47	0.00	22980.68
537.40	24400.73	0.00	21821.86
537.50	26154.56	0.00	20532.20
537.60	27839.83	0.00	19111.06
537.70	29441.24	0.00	17559.48
537.80	30943.53	0.00	15880.11
537.90	32331.70	0.00	14077.22
538.00	33591.20	0.00	12156.58
538.10	34708.17	0.00	10125.45
538.20	35669.53	0.00	7992.45
538.30	36463.22	0.00	5767.45
538.40	37078.27	0.00	3461.53
538.50	37511.39	0.00	1086.81
538.60	37764.17	0.00	-1343.65
538.70	37829.93	0.00	-3815.95
538.80	37703.06	0.00	-6315.45
538.90	37379.11	0.00	-8826.92
539.00	36854.93	0.00	-11334.65
539.10	36128.62	0.00	-13822.54
539.20	35199.61	0.00	-16274.27
539.30	34068.72	0.00	-18673.36
539.40	32738.13	0.00	-21003.38
539.50	31211.45	0.00	-23247.99
539.60	29493.73	0.00	-25391.15
539.70	27591.44	0.00	-27417.21
539.80	25512.51	0.00	-29311.04
539.90	23266.32	0.00	-31058.19
540.00	20863.62	0.00	-32645.02
540.10	18316.56	0.00	-34058.79
540.20	15638.63	0.00	-35287.83
540.30	12844.54	0.00	-36321.63
540.40	9950.23	0.00	-37150.95
540.50	6972.71	0.00	-37767.92
540.60	3929.97	0.00	-38166.12
540.70	840.92	0.00	-38340.68
540.80	-2274.84	0.00	-38288.29
540.90	-5397.06	0.00	-38007.31
541.00	-8505.05	0.00	-37497.77
541.10	-11577.82	0.00	-36761.40
541.20	-14594.24	0.00	-35801.66
541.30	-17533.20	0.00	-34623.70
541.40	-20373.83	0.00	-33234.42
541.50	-23095.63	0.00	-31642.37
541.60	-25678.68	0.00	-29857.75
541.70	-28103.84	0.00	-27892.38
541.80	-30352.90	0.00	-25759.64
541.90	-32408.82	0.00	-23474.37
542.00	-34255.88	0.00	-21052.82
542.10	-35879.87	0.00	-18512.55
542.20	-37268.31	0.00	-15872.30
542.30	-38410.55	0.00	-13151.92
542.40	-39298.02	0.00	-10372.13
542.50	-39924.30	0.00	-7554.48
542.60	-40285.29	0.00	-4721.09
542.70	-40379.34	0.00	-1894.46
542.80	-40207.28	0.00	902.67
542.90	-39772.65	0.00	3647.65
543.00	-39092.26	0.00	6318.06
543.10	-38181.26	0.00	8892.04
543.20	-37049.44	0.00	11348.50
543.30	-35708.69	0.00	13667.43
543.40	-34173.00	0.00	15830.12
543.50	-32458.32	0.00	17819.47
543.60	-30582.50	0.00	19620.20
543.70	-28565.05	0.00	21219.14
543.80	-26427.04	0.00	22605.40
543.90	-24190.81	0.00	23770.62
544.00	-21879.73	0.00	24709.08
544.10	-19517.93	0.00	25417.87
544.20	-17129.96	0.00	25896.97
544.30	-14740.48	0.00	26149.29
544.40	-12373.88	0.00	26180.66
544.50	-10053.90	0.00	25999.81
544.60	-7803.33	0.00	25618.26
544.70	-5643.56	0.00	25050.15
544.80	-3594.30	0.00	24312.05
544.90	-1673.20	0.00	23422.73
545.00	104.44	0.00	22402.85
545.10	1725.92	0.00	21274.62
545.20	3181.40	0.00	20061.46
545.30	4464.04	0.00	18787.58
545.40	5570.15	0.00	17477.59
545.50	6499.23	0.00	16156.02
545.60	7253.99	0.00	14846.95
545.70	7840.23	0.00	13573.52
545.80	8266.79	0.00	12357.56
545.90	8545.29	0.00	11219.16
546.00	8689.92	0.00	10176.31
546.10	8717.10	0.00	9244.58
546.20	8645.16	0.00	8436.85
546.30	8493.92	0.00	7763.08
546.40	8284.26	0.00	7230.11
546.50	8037.69	0.00	6841.63
546.60	7775.88	0.00	6598.08
546.70	7520.21	0.00	6496.70
546.80	7291.29	0.00	6531.65
546.90	7108.56	0.00	6694.17
547.00	6989.86	0.00	6972.79
547.10	6951.12	0.00	7353.63
547.20	7005.97	0.00	7820.72
547.30	7165.55	0.00	8356.39
547.40	7438.29	0.00	8941.67
547.50	7829.77	0.00	9556.71
547.60	8342.67	0.00	10181.20
547.70	8976.78	0.00	10794.86
547.80	9729.04	0.00	11377.80
547.90	10593.71	0.00	11910.96
548.00	11562.53	0.00	12376.45
548.10	12625.01	0.00	12757.90
548.20	13768.67	0.00	13040.75
548.30	14979.38	0.00	13212.42
548.40	16241.73	0.00	13262.54
548.50	17539.40	0.00	13183.01
548.60	18855.49	0.00	12968.05
548.70	20172.94	0.00	12614.18
548.80	21474.85	0.00	12120.17
548.90	22744.84	0.00	11486.86
549.00	23967.30	0.00	10717.02
549.10	25127.68	0.00	9815.13
549.20	26212.70	0.00	8787.11
549.30	27215.04	0.00	7640.07
549.40	28128.72	0.00	6382.02
549.50	28945.75	0.00	5021.57
549.60	29659.60	0.00	3567.69
549.70	30265.09	0.00	2029.42
549.80	30758.27	0.00	415.62
549.90	31136.27	0.00	-1265.21
550.00	31397.09	0.00	-3005.10
550.10	31539.38	0.00	-4796.73
550.20	31562.20	0.00	-6633.51
550.30	31464.77	0.00	-8509.61
550.40	31246.26	0.00	-10419.89
550.50	30905.51	0.00	-12359.88
550.60	30440.85	0.00	-14325.58
550.70	29849.90	0.00	-16313.35
550.80	29129.42	0.00	-18319.63
550.90	28275.23	0.00	-20340.75
551.00	27282.13	0.00	-22372.62
551.10	26143.93	0.00	-24410.44
551.20	24853.50	0.00	-26448.41
551.30	23402.88	0.00	-28479.43
551.40	21783.51	0.00	-30494.84
551.50	19986.46	0.00	-32484.13
551.60	18002.75	0.00	-34434.75
551.70	15823.72	0.00	-36331.93
551.80	13441.45	0.00	-38158.57
551.90	10849.22	0.00	-39895.21
552.00	8042.00	0.00	-41520.03
552.10	5017.00	0.00	-43008.98
552.20	1774.12	0.00	-44335.97
552.30	-1683.46	0.00	-45473.17
552.40	-5348.88	0.00	-46391.33
552.50	-9211.08	0.00	-47060.31
552.60	-13254.44	0.00	-47449.55
552.70	-17458.49	0.00	-47528.69
552.80	-21797.67	0.00	-47268.26
552.90	-26241.22	0.00	-46640.37
553.00	-30753.21	0.00	-45619.47
553.10	-35292.66	0.00	-44183.12
553.20	-39813.82	0.00	-42312.74
553.30	-44266.63	0.00	-39994.37
553.40	-48597.26	0.00	-37219.35
553.50	-52748.86	0.00	-33984.99
553.60	-56662.40	0.00	-30295.09
553.70	-60277.63	0.00	-26160.44
553.80	-63534.19	0.00	-21599.11
553.90	-66372.77	0.00	-16636.71
554.00	-68736.33	0.00	-11306.40
554.10	-70571.34	0.00	-5648.81
554.20	-71851.10	0.00	288.20
554.30	-72571.02	0.00	6449.98
554.40	-72696.99	0.00	12775.66
554.50	-72200.31	0.00	19198.90
554.60	-71059.09	0.00	25648.76
554.70	-69258.88	0.00	32050.72
554.80	-66793.38	0.00	38327.79
554.90	-63664.86	0.00	44401.77
555.00	-59884.60	0.00	50194.48
555.10	-55473.15	0.00	55629.13
555.20	-50460.37	0.00	60631.62
555.30	-44885.42	0.00	65131.92
555.40	-38796.48	0.00	69065.29
555.50	-32250.36	0.00	72373.54
555.60	-25311.89	0.00	75006.10
555.70	-18053.15	0.00	76921.01
555.80	-10552.50	0.00	78085.73
555.90	-2893.53	0.00	78477.85
556.00	4836.27	0.00	78085.50
556.10	12546.83	0.00	76907.65
556.20	20146.98	0.00	74954.20
556.30	27546.00	0.00	72245.80
556.40	34655.15	0.00	68813.54
556.50	41389.28	0.00	64698.40
556.60	47668.26	0.00	59950.53
556.70	53418.46	0.00	54628.34
556.80	58574.04	0.00	48797.47
556.90	63078.04	0.00	42529.62
557.00	66883.38	0.00	35901.26
557.10	69953.54	0.00	28992.35
557.20	72263.11	0.00	21884.92
557.30	73797.96	0.00	14661.71
557.40	74555.29	0.00	7404.80
557.50	74543.37	0.00	194.31
557.60	73780.99	0.00	-6892.79
557.70	72299.85	0.00	-13783.85
557.80	70180.11	0.00	-20411.48
557.90	67476.29	0.00	-26714.41
558.00	64233.07	0.00	-32638.16
558.10	60499.14	0.00	-38135.55
558.20	56326.35	0.00	-43167.03
558.30	51768.75	0.00	-47700.81
558.40	46881.68	0.00	-51712.87
558.50	41720.93	0.00	-55186.79
558.60	36341.91	0.00	-58113.38
558.70	30798.88	0.00	-60490.23
558.80	25144.29	0.00	-62321.16
558.90	19428.24	0.00	-63615.55
559.00	13697.93	0.00	-64387.60
559.10	7997.37	0.00	-64655.55
559.20	2367.06	0.00	-64440.94
559.30	-3156.08	0.00	-63767.80
559.40	-8538.82	0.00	-62661.92
559.50	-13751.49	0.00	-61150.14
559.60	-18767.84	0.00	-59259.77
559.70	-23564.82	0.00	-57017.98
559.80	-28122.24	0.00	-54451.45
559.90	-32422.45	0.00	-51585.95
560.00	-36449.98	0.00	-48446.13
560.10	-40191.10	0.00	-45055.42
560.20	-43633.52	0.00	-41435.95
560.30	-46765.97	0.00	-37608.64
560.40	-49577.95	0.00	-33593.37
560.50	-52059.47	0.00	-29409.15
560.60	-54200.86	0.00	-25074.41
560.70	-55992.65	0.00	-20607.33
560.80	-57425.57	0.00	-16026.16
560.90	-58490.59	0.00	-11349.53
561.00	-59181.21	0.00	-6596.83
561.10	-59518.94	0.00	-1788.47
561.20	-59506.10	0.00	3053.88
561.30	-59135.93	0.00	7907.03
561.40	-58402.15	0.00	12746.20
561.50	-57299.24	0.00	17544.89
561.60	-55822.92	0.00	22274.94
561.70	-53970.52	0.00	26906.59
561.80	-51741.46	0.00	31408.67
561.90	-49137.63	0.00	35748.83
562.00	-46163.82	0.00	39893.86
562.10	-42828.04	0.00	43810.05
562.20	-39141.92	0.00	47463.66
562.30	-35120.86	0.00	50821.38
562.40	-30784.32	0.00	53850.85
562.50	-26155.89	0.00	56521.17
562.60	-21263.35	0.00	58803.49
562.70	-16138.60	0.00	60671.50
562.80	-10817.55	0.00	62101.98
562.90	-5339.86	0.00	63075.29
563.00	251.34	0.00	63575.82
563.10	5909.88	0.00	63592.39
563.20	11587.02	0.00	63118.64
563.30	17232.05	0.00	62153.22
563.40	22792.86	0.00	60700.07
563.50	28216.69	0.00	58768.54
563.60	33450.83	0.00	56373.38
563.70	38443.40	0.00	53534.75
563.80	43144.13	0.00	50278.07
563.90	47505.14	0.00	46633.81
564.00	51481.75	0.00	42637.18
564.10	55033.17	0.00	38327.81
564.20	58123.23	0.00	33749.22
564.30	60721.04	0.00	28948.37
564.40	62801.47	0.00	23975.06
564.50	64345.72	0.00	18881.29
564.60	65341.58	0.00	13720.60
564.70	65783.81	0.00	8547.39
564.80	65674.18	0.00	3416.15
564.90	65030.69	0.00	-1619.24
565.00	63905.00	0.00	-6506.27
565.10	62320.59	0.00	-11194.51
565.20	60302.15	0.00	-15636.30
565.30	57879.24	0.00	-19787.45
565.40	55085.96	0.00	-23607.84
565.50	51960.58	0.00	-27062.01
565.60	48545.16	0.00	-30119.63
565.70	44885.01	0.00	-32755.99
565.80	41028.16	0.00	-34952.32
565.90	37024.83	0.00	-36696.08
566.00	32926.69	0.00	-37981.18
566.10	28786.29	0.00	-38808.05
566.20	24656.29	0.00	-39183.66
566.30	20588.74	0.00	-39121.47
566.40	16634.38	0.00	-38641.23
566.50	12841.85	0.00	-37768.73
566.60	9256.96	0.00	-36535.48
566.70	5922.04	0.00	-34978.28
566.80	2875.17	0.00	-33138.68
566.90	149.63	0.00	-31062.51
567.00	-2226.72	0.00	-28799.13
567.10	-4231.92	0.00	-26400.86
567.20	-5850.37	0.00	-23922.16
567.30	-7073.14	0.00	-21418.88
567.40	-7898.23	0.00	-18947.47
567.50	-8330.71	0.00	-16564.14
567.60	-8382.79	0.00	-14324.02
567.70	-8073.71	0.00	-12280.31
567.80	-7429.59	0.00	-10483.44
567.90	-6483.16	0.00	-8980.25
568.00	-5273.38	0.00	-7813.21
568.10	-3844.93	0.00	-7019.63
568.20	-2247.63	0.00	-6631.01
568.30	-535.81	0.00	-6672.33
568.40	1232.45	0.00	-7161.50
568.50	2996.17	0.00	-8108.88
568.60	4692.33	0.00	-9516.85
568.70	6256.77	0.00	-11379.54
568.80	7625.23	0.00	-13682.58
568.90	8734.33	0.00	-16403.10
569.00	9522.57	0.00	-19509.73
569.10	9931.41	0.00	-22962.77
569.20	9906.31	0.00	-26714.56
569.30	9397.70	0.00	-30709.86
569.40	8362.05	0.00	-34886.46
569.50	6762.77	0.00	-39175.91
569.60	4571.17	0.00	-43504.29
569.70	1767.22	0.00	-47793.24
569.80	-1659.59	0.00	-51960.94
569.90	-5709.68	0.00	-55923.33
570.00	-10372.79	0.00	-59595.29
570.10	-15627.60	0.00	-62891.93
570.20	-21441.41	0.00	-65729.96
570.30	-27770.12	0.00	-68029.00
570.40	-34558.24	0.00	-69712.96
570.50	-41739.21	0.00	-70711.34
570.60	-49235.88	0.00	-70960.55
570.70	-56961.15	0.00	-70405.09
570.80	-64818.97	0.00	-68998.73
570.90	-72705.37	0.00	-66705.43
571.00	-80509.88	0.00	-63500.34
571.10	-88117.00	0.00	-59370.43
571.20	-95407.92	0.00	-54315.14
571.30	-102265.23	0.00	-48346.71
571.40	-108655.60	0.00	-41490.45
571.50	-114519.44	0.00	-33784.69
571.60	-119765.40	0.00	-25280.66
571.70	-124305.95	0.00	-16042.05
571.80	-128058.43	0.00	-6144.45
571.90	-130945.94	0.00	4325.38
572.00	-132898.30	0.00	15270.55
572.10	-133852.91	0.00	26585.05
572.20	-133755.61	0.00	38155.13
572.30	-132561.46	0.00	49860.63
572.40	-130235.57	0.00	61576.54
572.50	-126753.82	0.00	73174.65
572.60	-122103.54	0.00	84525.18
572.70	-116284.22	0.00	95498.58
572.80	-109307.98	0.00	105967.25
572.90	-101200.16	0.00	115807.32
573.00	-91999.57	0.00	124900.33
573.10	-81758.78	0.00	133134.95
573.20	-70544.16	0.00	140408.46
573.30	-58435.68	0.00	146628.29
573.40	-45526.65	0.00	151713.30
573.50	-31923.01	0.00	155594.93
573.60	-17742.57	0.00	158218.22
573.70	-3113.85	0.00	159542.58
573.80	11825.26	0.00	159542.35
573.90	26929.14	0.00	158207.21
574.00	42046.28	0.00	155542.29
574.10	57021.34	0.00	151568.11
574.20	71697.39	0.00	146320.25
574.30	85918.26	0.00	139848.81
574.40	99530.96	0.00	132217.72
574.50	112388.18	0.00	123503.78
574.60	124350.62	0.00	113795.55
574.70	135289.38	0.00	103192.07
574.80	145088.06	0.00	91801.50
574.90	153644.71	0.00	79739.56
575.00	160873.51	0.00	67127.97
575.10	166706.10	0.00	54092.78
575.20	171092.63	0.00	40762.70
575.30	174002.38	0.00	27267.43
575.40	175424.03	0.00	13735.98
575.50	175365.56	0.00	295.12
575.60	173863.84	0.00	-12932.16
575.70	171201.13	0.00	-25828.07
575.80	167523.97	0.00	-38281.32
575.90	162881.86	0.00	-50188.29
576.00	157330.32	0.00	-61454.05
576.10	150930.42	0.00	-71993.22
576.20	143748.27	0.00	-81730.74
576.30	135854.57	0.00	-90602.33
576.40	127324.04	0.00	-98554.97
576.50	118234.96	0.00	-105547.09
576.60	108668.51	0.00	-111548.64
576.70	98708.25	0.00	-116541.07
576.80	88439.37	0.00	-120517.07
576.90	77948.04	0.00	-123480.29
577.00	67320.64	0.00	-125444.88
577.10	56642.95	0.00	-126434.90
577.20	45999.34	0.00	-126483.74
577.30	35471.91	0.00	-125633.32
577.40	25139.62	0.00	-123933.32
577.50	15077.45	0.00	-121440.32
577.60	5355.56	0.00	-118216.87
577.70	-3961.50	0.00	-114330.50
577.80	-12815.52	0.00	-109852.81
577.90	-21155.26	0.00	-104858.40
578.00	-28937.04	0.00	-99423.88
578.10	-36125.20	0.00	-93626.86
578.20	-42692.35	0.00	-87544.95
578.30	-48619.64	0.00	-81254.80
578.40	-53896.77	0.00	-74831.14
578.50	-58521.90	0.00	-68345.91
578.60	-62501.42	0.00	-61867.44
578.70	-65849.55	0.00	-55459.66
578.80	-68587.86	0.00	-49181.43
578.90	-70744.57	0.00	-43085.95
579.00	-72353.91	0.00	-37220.25
579.10	-73455.16	0.00	-31624.79
579.20	-74091.86	0.00	-26333.20
579.30	-74310.75	0.00	-21372.06
579.40	-74160.85	0.00	-16760.88
579.50	-73692.42	0.00	-12512.11
579.60	-72956.01	0.00	-8631.36
579.70	-72001.46	0.00	-5117.59
579.80	-70877.02	0.00	-1963.56
579.90	-69628.53	0.00	843.77
580.00	-68298.64	0.00	3322.66
580.10	-66926.19	0.00	5496.02
580.20	-65545.61	0.00	7390.70
580.30	-64186.54	0.00	9036.82
580.40	-62873.46	0.00	10467.01
580.50	-61625.47	0.00	11715.64
580.60	-60456.25	0.00	12818.14
580.70	-59374.04	0.00	13810.18
580.80	-58383.46	0.00	14726.99
580.90	-57510.09	0.00	15602.69
581.00	-56755.32	0.00	16469.66
581.10	-56106.27	0.00	17357.96
581.20	-55546.30	0.00	18294.78
581.30	-55055.46	0.00	19304.06
581.40	-54610.99	0.00	20406.08
581.50	-54187.81	0.00	21617.12
581.60	-53759.02	0.00	22949.31
581.70	-53296.47	0.00	24410.40
581.80	-52771.28	0.00	26003.74
581.90	-52154.36	0.00	27728.20
582.00	-51417.00	0.00	29578.30
582.10	-50531.32	0.00	31544.28
582.20	-49470.79	0.00	33612.28
582.30	-48210.74	0.00	35764.64
582.40	-46728.78	0.00	37980.12
582.50	-45005.23	0.00	40234.30
582.60	-43023.55	0.00	42499.95
582.70	-40770.65	0.00	44747.45
582.80	-38237.27	0.00	46945.30
582.90	-35418.24	0.00	49060.59
583.00	-32312.69	0.00	51059.53
583.10	-28924.29	0.00	52908.05
583.20	-25261.33	0.00	54572.29
583.30	-21336.81	0.00	56019.25
583.40	-17168.43	0.00	57217.34
583.50	-12778.53	0.00	58136.94
583.60	-8193.93	0.00	58750.96
583.70	-3445.69	0.00	59035.40
583.80	1431.19	0.00	58969.81
583.90	6398.14	0.00	58537.76
584.00	11413.57	0.00	57727.24
584.10	16433.33	0.00	56530.96
584.20	21411.38	0.00	54946.68
584.30	26300.51	0.00	52977.33
584.40	31052.98	0.00	50631.11
584.50	35621.40	0.00	47921.52
584.60	39959.45	0.00	44867.26
584.70	44022.72	0.00	41492.01
584.80	47769.46	0.00	37824.18
584.90	51161.39	0.00	33896.52
585.00	54164.35	0.00	29745.66
585.10	56748.95	0.00	25411.54
585.20	58891.12	0.00	20936.87
585.30	60572.56	0.00	16366.40
585.40	61781.03	0.00	11746.23
585.50	62510.59	0.00	7123.12
585.60	62761.70	0.00	2543.72
585.70	62541.09	0.00	-1946.19
585.80	61861.64	0.00	-6302.33
585.90	60742.06	0.00	-10482.68
586.00	59206.48	0.00	-14448.05
586.10	57283.92	0.00	-18162.63
586.20	55007.70	0.00	-21594.49
586.30	52414.81	0.00	-24715.95
586.40	49556.91	0.00	-27503.91
586.50	46491.22	0.00	-29940.04
586.60	43256.18	0.00	-32010.90
586.70	39890.73	0.00	-33707.98
586.80	36434.05	0.00	-35027.61
586.90	32924.96	0.00	-35970.86
587.00	29401.52	0.00	-36543.30
587.10	25900.52	0.00	-36754.76
587.20	22457.11	0.00	-36618.99
587.30	19104.42	0.00	-36153.29
587.40	15873.26	0.00	-35378.16
587.50	12791.84	0.00	-34316.91
587.60	9885.59	0.00	-32995.20
587.70	7176.92	0.00	-31440.67
587.80	4685.17	0.00	-29682.56
587.90	2426.46	0.00	-27751.32
588.00	413.69	0.00	-25678.21
588.10	-1343.55	0.00	-23495.01
588.20	-2838.91	0.00	-21233.66
588.30	-4069.33	0.00	-18925.99
588.40	-5034.93	0.00	-16603.37
588.50	-5739.01	0.00	-14296.48
588.60	-6187.91	0.00	-12035.06
588.70	-6390.98	0.00	-9847.57
588.80	-6360.45	0.00	-7761.03
588.90	-6111.27	0.00	-5800.68
589.00	-5661.00	0.00	-3989.81
589.10	-5029.60	0.00	-2349.44
589.20	-4239.24	0.00	-898.11
589.30	-3314.04	0.00	348.33
589.40	-2279.84	0.00	1377.02
589.50	-1163.83	0.00	2178.21
589.60	5.74	0.00	2745.51
589.70	1199.96	0.00	3075.97
589.80	2389.65	0.00	3170.25
589.90	3545.81	0.00	3032.63
590.00	4640.03	0.00	2671.06
590.10	5645.00	0.00	2097.05
590.20	6534.91	0.00	1325.58
590.30	7285.94	0.00	374.89
590.40	7876.69	0.00	-733.74
590.50	8288.55	0.00	-1976.36
590.60	8506.10	0.00	-3326.72
590.70	8517.41	0.00	-4756.70
590.80	8314.25	0.00	-6236.83
590.90	7892.32	0.00	-7736.80
591.00	7251.36	0.00	-9226.02
591.10	6395.12	0.00	-10674.22
591.20	5331.37	0.00	-12051.96
591.30	4071.72	0.00	-13331.26
591.40	2631.44	0.00	-14486.05
591.50	1029.12	0.00	-15492.73
591.60	-713.63	0.00	-16330.55
591.70	-2572.68	0.00	-16982.00
591.80	-4521.78	0.00	-17433.13
591.90	-6533.12	0.00	-17673.70
592.00	-8577.89	0.00	-17697.38
592.10	-10626.76	0.00	-17501.79
592.20	-12650.54	0.00	-17088.41
592.30	-14620.65	0.00	-16462.53
592.40	-16509.66	0.00	-15633.04
592.50	-18291.81	0.00	-14612.16
592.60	-19943.38	0.00	-13415.10
592.70	-21443.14	0.00	-12059.74
592.80	-22772.62	0.00	-10566.19
592.90	-23916.38	0.00	-8956.37
593.00	-24862.18	0.00	-7253.54
593.10	-25601.10	0.00	-5481.84
593.20	-26127.55	0.00	-3665.87
593.30	-26439.29	0.00	-1830.22
593.40	-26537.26	0.00	0.91
593.50	-26425.49	0.00	1804.13
593.60	-26110.89	0.00	3557.20
593.70	-25602.97	0.00	5239.30
593.80	-24913.61	0.00	6831.33
593.90	-24056.69	0.00	8316.11
594.00	-23049.81	0.00	9678.55
594.10	-21913.80	0.00	10905.79
594.20	-20665.93	0.00	11987.24
594.30	-19323.95	0.00	12914.66
594.40	-17905.98	0.00	13682.11
594.50	-16430.23	0.00	14285.96
594.60	-14914.73	0.00	14724.77
594.70	-13377.13	0.00	14999.19
594.80	-11834.42	0.00	15111.85
594.90	-10302.79	0.00	15067.19
595.00	-8797.40	0.00	14871.27
595.10	-7332.28	0.00	14531.61
595.20	-5920.19	0.00	14056.94
595.30	-4572.54	0.00	13457.05
595.40	-3299.30	0.00	12742.50
595.50	-2108.99	0.00	11924.47
595.60	-1008.69	0.00	11014.53
595.70	-4.04	0.00	10024.38
595.80	900.72	0.00	8965.77
595.90	1702.60	0.00	7850.20
596.00	2399.85	0.00	6688.86
596.10	2991.75	0.00	5492.45
596.20	3478.51	0.00	4271.07
596.30	3861.11	0.00	3034.17
596.40	4141.14	0.00	1790.49
596.50	4320.60	0.00	548.04
596.60	4401.78	0.00	-685.88
596.70	4387.06	0.00	-1904.62
596.80	4278.83	0.00	-3102.13
596.90	4079.28	0.00	-4272.81
597.00	3790.40	0.00	-5411.45
597.10	3413.83	0.00	-6513.03
597.20	2950.88	0.00	-7572.57
597.30	2402.49	0.00	-8585.02
597.40	1769.28	0.00	-9545.04
597.50	1051.64	0.00	-10446.87
597.60	249.78	0.00	-11284.21
597.70	-636.09	0.00	-12050.08
597.80	-1605.60	0.00	-12736.75
597.90	-2658.07	0.00	-13335.66
598.00	-3792.31	0.00	-13837.43
598.10	-5006.34	0.00	-14231.83
598.20	-6297.28	0.00	-14507.90
598.30	-7661.07	0.00	-14654.00
598.40	-9092.28	0.00	-14657.99
598.50	-10583.96	0.00	-14507.38
598.60	-12127.46	0.00	-14189.57
598.70	-13712.29	0.00	-13692.08
598.80	-15326.08	0.00	-13002.85
598.90	-16954.44	0.00	-12110.51
599.00	-18581.02	0.00	-11004.72
599.10	-20187.50	0.00	-9676.47
599.20	-21753.67	0.00	-8118.40
599.30	-23257.53	0.00	-6325.15
599.40	-24675.44	0.00	-4293.64
599.50	-25982.36	0.00	-2023.33
599.60	-27152.03	0.00	483.42
599.70	-28157.26	0.00	3221.23
599.80	-28970.25	0.00	6181.39
599.90	-29562.90	0.00	9351.79
600.00	-29907.21	0.00	12716.71
