Time(s)	Fx(N)	Fy(N)	Fz(N)
0.00	6704.35	0.00	-6294.54
0.10	5784.42	0.00	-6344.54
0.20	4825.02	0.00	-6369.50
0.30	3829.55	0.00	-6369.33
0.40	2801.92	0.00	-6344.02
0.50	1746.61	0.00	-6293.67
0.60	668.57	0.00	-6218.48
0.70	-426.74	0.00	-6118.76
0.80	-1533.45	0.00	-5994.88
0.90	-2645.29	0.00	-5847.35
1.00	-3755.67	0.00	-5676.74
1.10	-4857.74	0.00	-5483.72
1.20	-5944.40	0.00	-5269.06
1.30	-7008.47	0.00	-5033.61
1.40	-8042.67	0.00	-4778.30
1.50	-9039.76	0.00	-4504.12
1.60	-9992.60	0.00	-4212.17
1.70	-10894.20	0.00	-3903.60
1.80	-11737.84	0.00	-3579.62
1.90	-12517.14	0.00	-3241.51
2.00	-13226.10	0.00	-2890.62
2.10	-13859.21	0.00	-2528.31
2.20	-14411.49	0.00	-2156.02
2.30	-14878.55	0.00	-1775.23
2.40	-15256.67	0.00	-1387.43
2.50	-15542.80	0.00	-994.15
2.60	-15734.62	0.00	-596.96
2.70	-15830.59	0.00	-197.40
2.80	-15838.72	0.00	202.93
2.90	-15810.17	0.00	602.47
3.00	-15752.98	0.00	999.62
3.10	-15666.57	0.00	1392.83
3.20	-15550.09	0.00	1780.54
3.30	-15402.44	0.00	2161.23
3.40	-15222.32	0.00	2533.39
3.50	-15008.23	0.00	2895.55
3.60	-14758.52	0.00	3246.28
3.70	-14471.47	0.00	3584.20
3.80	-14145.28	0.00	3907.97
3.90	-13778.19	0.00	4216.32
4.00	-13368.48	0.00	4508.04
4.10	-12914.54	0.00	4781.96
4.20	-12414.96	0.00	5037.01
4.30	-11868.55	0.00	5272.18
4.40	-11274.39	0.00	5486.54
4.50	-10631.93	0.00	5679.25
4.60	-9940.97	0.00	5849.54
4.70	-9201.77	0.00	5996.76
4.80	-8415.03	0.00	6120.30
4.90	-7581.98	0.00	6219.69
5.00	-6704.35	0.00	6294.54
5.10	-5784.42	0.00	6344.54
5.20	-4825.02	0.00	6369.50
5.30	-3829.55	0.00	6369.33
5.40	-2801.92	0.00	6344.02
5.50	-1746.61	0.00	6293.67
5.60	-668.57	0.00	6218.48
5.70	426.74	0.00	6118.76
5.80	1533.45	0.00	5994.88
5.90	2645.29	0.00	5847.35
6.00	3755.67	0.00	5676.74
6.10	4857.74	0.00	5483.72
6.20	5944.40	0.00	5269.06
6.30	7008.47	0.00	5033.61
6.40	8042.67	0.00	4778.30
6.50	9039.76	0.00	4504.12
6.60	9992.60	0.00	4212.17
6.70	10894.20	0.00	3903.60
6.80	11737.84	0.00	3579.62
6.90	12517.14	0.00	3241.51
7.00	13226.10	0.00	2890.62
7.10	13859.21	0.00	2528.31
7.20	14411.49	0.00	2156.02
7.30	14878.55	0.00	1775.23
7.40	15256.67	0.00	1387.43
7.50	15542.80	0.00	994.15
7.60	15734.62	0.00	596.96
7.70	15830.59	0.00	197.40
7.80	15838.72	0.00	-202.93
7.90	15810.17	0.00	-602.47
8.00	15752.98	0.00	-999.62
8.10	15666.57	0.00	-1392.83
8.20	15550.09	0.00	-1780.54
8.30	15402.44	0.00	-2161.23
8.40	15222.32	0.00	-2533.39
8.50	15008.23	0.00	-2895.55
8.60	14758.52	0.00	-3246.28
8.70	14471.47	0.00	-3584.20
8.80	14145.28	0.00	-3907.97
8.90	13778.19	0.00	-4216.32
9.00	13368.48	0.00	-4508.04
9.10	12914.54	0.00	-4781.96
9.20	12414.96	0.00	-5037.01
9.30	11868.55	0.00	-5272.18
9.40	11274.39	0.00	-5486.54
9.50	10631.93	0.00	-5679.25
9.60	9940.97	0.00	-5849.54
9.70	9201.77	0.00	-5996.76
9.80	8415.03	0.00	-6120.30
9.90	7581.98	0.00	-6219.69
10.00	6704.35	0.00	-6294.54
10.10	5784.42	0.00	-6344.54
10.20	4825.02	0.00	-6369.50
10.30	3829.55	0.00	-6369.33
10.40	2801.92	0.00	-6344.02
10.50	1746.61	0.00	-6293.67
10.60	668.57	0.00	-6218.48
10.70	-426.74	0.00	-6118.76
10.80	-1533.45	0.00	-5994.88
10.90	-2645.29	0.00	-5847.35
11.00	-3755.67	0.00	-5676.74
11.10	-4857.74	0.00	-5483.72
11.20	-5944.40	0.00	-5269.06
11.30	-7008.47	0.00	-5033.61
11.40	-8042.67	0.00	-4778.30
11.50	-9039.76	0.00	-4504.12
11.60	-9992.60	0.00	-4212.17
11.70	-10894.20	0.00	-3903.60
11.80	-11737.84	0.00	-3579.62
11.90	-12517.14	0.00	-3241.51
12.00	-13226.10	0.00	-2890.62
12.10	-13859.21	0.00	-2528.31
12.20	-14411.49	0.00	-2156.02
12.30	-14878.55	0.00	-1775.23
12.40	-15256.67	0.00	-1387.43
12.50	-15542.80	0.00	-994.15
12.60	-15734.62	0.00	-596.96
12.70	-15830.59	0.00	-197.40
12.80	-15838.72	0.00	202.93
12.90	-15810.17	0.00	602.47
13.00	-15752.98	0.00	999.62
13.10	-15666.57	0.00	1392.83
13.20	-15550.09	0.00	1780.54
13.30	-15402.44	0.00	2161.23
13.40	-15222.32	0.00	2533.39
13.50	-15008.23	0.00	2895.55
13.60	-14758.52	0.00	3246.28
13.70	-14471.47	0.00	3584.20
13.80	-14145.28	0.00	3907.97
13.90	-13778.19	0.00	4216.32
14.00	-13368.48	0.00	4508.04
14.10	-12914.54	0.00	4781.96
14.20	-12414.96	0.00	5037.01
14.30	-11868.55	0.00	5272.18
14.40	-11274.39	0.00	5486.54
14.50	-10631.93	0.00	5679.25
14.60	-9940.97	0.00	5849.54
14.70	-9201.77	0.00	5996.76
14.80	-8415.03	0.00	6120.30
14.90	-7581.98	0.00	6219.69
15.00	-6704.35	0.00	6294.54
15.10	-5784.42	0.00	6344.54
15.20	-4825.02	0.00	6369.50
15.30	-3829.55	0.00	6369.33
15.40	-2801.92	0.00	6344.02
15.50	-1746.61	0.00	6293.67
15.60	-668.57	0.00	6218.48
15.70	426.74	0.00	6118.76
15.80	1533.45	0.00	5994.88
15.90	2645.29	0.00	5847.35
16.00	3755.67	0.00	5676.74
16.10	4857.74	0.00	5483.72
16.20	5944.40	0.00	5269.06
16.30	7008.47	0.00	5033.61
16.40	8042.67	0.00	4778.30
16.50	9039.76	0.00	4504.12
16.60	9992.60	0.00	4212.17
16.70	10894.20	0.00	3903.60
16.80	11737.84	0.00	3579.62
16.90	12517.14	0.00	3241.51
17.00	13226.10	0.00	2890.62
17.10	13859.21	0.00	2528.31
17.20	14411.49	0.00	2156.02
17.30	14878.55	0.00	1775.23
17.40	15256.67	0.00	1387.43
17.50	15542.80	0.00	994.15
17.60	15734.62	0.00	596.96
17.70	15830.59	0.00	197.40
17.80	15838.72	0.00	-202.93
17.90	15810.17	0.00	-602.47
18.00	15752.98	0.00	-999.62
18.10	15666.57	0.00	-1392.83
18.20	15550.09	0.00	-1780.54
18.30	15402.44	0.00	-2161.23
18.40	15222.32	0.00	-2533.39
18.50	15008.23	0.00	-2895.55
18.60	14758.52	0.00	-3246.28
18.70	14471.47	0.00	-3584.20
18.80	14145.28	0.00	-3907.97
18.90	13778.19	0.00	-4216.32
19.00	13368.48	0.00	-4508.04
19.10	12914.54	0.00	-4781.96
19.20	12414.96	0.00	-5037.01
19.30	11868.55	0.00	-5272.18
19.40	11274.39	0.00	-5486.54
19.50	10631.93	0.00	-5679.25
19.60	9940.97	0.00	-5849.54
19.70	9201.77	0.00	-5996.76
19.80	8415.03	0.00	-6120.30
19.90	7581.98	0.00	-6219.69
20.00	6704.35	0.00	-6294.54
20.10	5784.42	0.00	-6344.54
20.20	4825.02	0.00	-6369.50
20.30	3829.55	0.00	-6369.33
20.40	2801.92	0.00	-6344.02
20.50	1746.61	0.00	-6293.67
20.60	668.57	0.00	-6218.48
20.70	-426.74	0.00	-6118.76
20.80	-1533.45	0.00	-5994.88
20.90	-2645.29	0.00	-5847.35
21.00	-3755.67	0.00	-5676.74
21.10	-4857.74	0.00	-5483.72
21.20	-5944.40	0.00	-5269.06
21.30	-7008.47	0.00	-5033.61
21.40	-8042.67	0.00	-4778.30
21.50	-9039.76	0.00	-4504.12
21.60	-9992.60	0.00	-4212.17
21.70	-10894.20	0.00	-3903.60
21.80	-11737.84	0.00	-3579.62
21.90	-12517.14	0.00	-3241.51
22.00	-13226.10	0.00	-2890.62
22.10	-13859.21	0.00	-2528.31
22.20	-14411.49	0.00	-2156.02
22.30	-14878.55	0.00	-1775.23
22.40	-15256.67	0.00	-1387.43
22.50	-15542.80	0.00	-994.15
22.60	-15734.62	0.00	-596.96
22.70	-15830.59	0.00	-197.40
22.80	-15838.72	0.00	202.93
22.90	-15810.17	0.00	602.47
23.00	-15752.98	0.00	999.62
23.10	-15666.57	0.00	1392.83
23.20	-15550.09	0.00	1780.54
23.30	-15402.44	0.00	2161.23
23.40	-15222.32	0.00	2533.39
23.50	-15008.23	0.00	2895.55
23.60	-14758.52	0.00	3246.28
23.70	-14471.47	0.00	3584.20
23.80	-14145.28	0.00	3907.97
23.90	-13778.19	0.00	4216.32
24.00	-13368.48	0.00	4508.04
24.10	-12914.54	0.00	4781.96
24.20	-12414.96	0.00	5037.01
24.30	-11868.55	0.00	5272.18
24.40	-11274.39	0.00	5486.54
24.50	-10631.93	0.00	5679.25
24.60	-9940.97	0.00	5849.54
24.70	-9201.77	0.00	5996.76
24.80	-8415.03	0.00	6120.30
24.90	-7581.98	0.00	6219.69
25.00	-6704.35	0.00	6294.54
25.10	-5784.42	0.00	6344.54
25.20	-4825.02	0.00	6369.50
25.30	-3829.55	0.00	6369.33
25.40	-2801.92	0.00	6344.02
25.50	-1746.61	0.00	6293.67
25.60	-668.57	0.00	6218.48
25.70	426.74	0.00	6118.76
25.80	1533.45	0.00	5994.88
25.90	2645.29	0.00	5847.35
26.00	3755.67	0.00	5676.74
26.10	4857.74	0.00	5483.72
26.20	5944.40	0.00	5269.06
26.30	7008.47	0.00	5033.61
26.40	8042.67	0.00	4778.30
26.50	9039.76	0.00	4504.12
26.60	9992.60	0.00	4212.17
26.70	10894.20	0.00	3903.60
26.80	11737.84	0.00	3579.62
26.90	12517.14	0.00	3241.51
27.00	13226.10	0.00	2890.62
27.10	13859.21	0.00	2528.31
27.20	14411.49	0.00	2156.02
27.30	14878.55	0.00	1775.23
27.40	15256.67	0.00	1387.43
27.50	15542.80	0.00	994.15
27.60	15734.62	0.00	596.96
27.70	15830.59	0.00	197.40
27.80	15838.72	0.00	-202.93
27.90	15810.17	0.00	-602.47
28.00	15752.98	0.00	-999.62
28.10	15666.57	0.00	-1392.83
28.20	15550.09	0.00	-1780.54
28.30	15402.44	0.00	-2161.23
28.40	15222.32	0.00	-2533.39
28.50	15008.23	0.00	-2895.55
28.60	14758.52	0.00	-3246.28
28.70	14471.47	0.00	-3584.20
28.80	14145.28	0.00	-3907.97
28.90	13778.19	0.00	-4216.32
29.00	13368.48	0.00	-4508.04
29.10	12914.54	0.00	-4781.96
29.20	12414.96	0.00	-5037.01
29.30	11868.55	0.00	-5272.18
29.40	11274.39	0.00	-5486.54
29.50	10631.93	0.00	-5679.25
29.60	9940.97	0.00	-5849.54
29.70	9201.77	0.00	-5996.76
29.80	8415.03	0.00	-6120.30
29.90	7581.98	0.00	-6219.69
30.00	6704.35	0.00	-6294.54
30.10	5784.42	0.00	-6344.54
30.20	4825.02	0.00	-6369.50
30.30	3829.55	0.00	-6369.33
30.40	2801.92	0.00	-6344.02
30.50	1746.61	0.00	-6293.67
30.60	668.57	0.00	-6218.48
30.70	-426.74	0.00	-6118.76
30.80	-1533.45	0.00	-5994.88
30.90	-2645.29	0.00	-5847.35
31.00	-3755.67	0.00	-5676.74
31.10	-4857.74	0.00	-5483.72
31.20	-5944.40	0.00	-5269.06
31.30	-7008.47	0.00	-5033.61
31.40	-8042.67	0.00	-4778.30
31.50	-9039.76	0.00	-4504.12
31.60	-9992.60	0.00	-4212.17
31.70	-10894.20	0.00	-3903.60
31.80	-11737.84	0.00	-3579.62
31.90	-12517.14	0.00	-3241.51
32.00	-13226.10	0.00	-2890.62
32.10	-13859.21	0.00	-2528.31
32.20	-14411.49	0.00	-2156.02
32.30	-14878.55	0.00	-1775.23
32.40	-15256.67	0.00	-1387.43
32.50	-15542.80	0.00	-994.15
32.60	-15734.62	0.00	-596.96
32.70	-15830.59	0.00	-197.40
32.80	-15838.72	0.00	202.93
32.90	-15810.17	0.00	602.47
33.00	-15752.98	0.00	999.62
33.10	-15666.57	0.00	1392.83
33.20	-15550.09	0.00	1780.54
33.30	-15402.44	0.00	2161.23
33.40	-15222.32	0.00	2533.39
33.50	-15008.23	0.00	2895.55
33.60	-14758.52	0.00	3246.28
33.70	-14471.47	0.00	3584.20
33.80	-14145.28	0.00	3907.97
33.90	-13778.19	0.00	4216.32
34.00	-13368.48	0.00	4508.04
34.10	-12914.54	0.00	4781.96
34.20	-12414.96	0.00	5037.01
34.30	-11868.55	0.00	5272.18
34.40	-11274.39	0.00	5486.54
34.50	-10631.93	0.00	5679.25
34.60	-9940.97	0.00	5849.54
34.70	-9201.77	0.00	5996.76
34.80	-8415.03	0.00	6120.30
34.90	-7581.98	0.00	6219.69
35.00	-6704.35	0.00	6294.54
35.10	-5784.42	0.00	6344.54
35.20	-4825.02	0.00	6369.50
35.30	-3829.55	0.00	6369.33
35.40	-2801.92	0.00	6344.02
35.50	-1746.61	0.00	6293.67
35.60	-668.57	0.00	6218.48
35.70	426.74	0.00	6118.76
35.80	1533.45	0.00	5994.88
35.90	2645.29	0.00	5847.35
36.00	3755.67	0.00	5676.74
36.10	4857.74	0.00	5483.72
36.20	5944.40	0.00	5269.06
36.30	7008.47	0.00	5033.61
36.40	8042.67	0.00	4778.30
36.50	9039.76	0.00	4504.12
36.60	9992.60	0.00	4212.17
36.70	10894.20	0.00	3903.60
36.80	11737.84	0.00	3579.62
36.90	12517.14	0.00	3241.51
37.00	13226.10	0.00	2890.62
37.10	13859.21	0.00	2528.31
37.20	14411.49	0.00	2156.02
37.30	14878.55	0.00	1775.23
37.40	15256.67	0.00	1387.43
37.50	15542.80	0.00	994.15
37.60	15734.62	0.00	596.96
37.70	15830.59	0.00	197.40
37.80	15838.72	0.00	-202.93
37.90	15810.17	0.00	-602.47
38.00	15752.98	0.00	-999.62
38.10	15666.57	0.00	-1392.83
38.20	15550.09	0.00	-1780.54
38.30	15402.44	0.00	-2161.23
38.40	15222.32	0.00	-2533.39
38.50	15008.23	0.00	-2895.55
38.60	14758.52	0.00	-3246.28
38.70	14471.47	0.00	-3584.20
38.80	14145.28	0.00	-3907.97
38.90	13778.19	0.00	-4216.32
39.00	13368.48	0.00	-4508.04
39.10	12914.54	0.00	-4781.96
39.20	12414.96	0.00	-5037.01
39.30	11868.55	0.00	-5272.18
39.40	11274.39	0.00	-5486.54
39.50	10631.93	0.00	-5679.25
39.60	9940.97	0.00	-5849.54
39.70	9201.77	0.00	-5996.76
39.80	8415.03	0.00	-6120.30
39.90	7581.98	0.00	-6219.69
40.00	6704.35	0.00	-6294.54
40.10	5784.42	0.00	-6344.54
40.20	4825.02	0.00	-6369.50
40.30	3829.55	0.00	-6369.33
40.40	2801.92	0.00	-6344.02
40.50	1746.61	0.00	-6293.67
40.60	668.57	0.00	-6218.48
40.70	-426.74	0.00	-6118.76
40.80	-1533.45	0.00	-5994.88
40.90	-2645.29	0.00	-5847.35
41.00	-3755.67	0.00	-5676.74
41.10	-4857.74	0.00	-5483.72
41.20	-5944.40	0.00	-5269.06
41.30	-7008.47	0.00	-5033.61
41.40	-8042.67	0.00	-4778.30
41.50	-9039.76	0.00	-4504.12
41.60	-9992.60	0.00	-4212.17
41.70	-10894.20	0.00	-3903.60
41.80	-11737.84	0.00	-3579.62
41.90	-12517.14	0.00	-3241.51
42.00	-13226.10	0.00	-2890.62
42.10	-13859.21	0.00	-2528.31
42.20	-14411.49	0.00	-2156.02
42.30	-14878.55	0.00	-1775.23
42.40	-15256.67	0.00	-1387.43
42.50	-15542.80	0.00	-994.15
42.60	-15734.62	0.00	-596.96
42.70	-15830.59	0.00	-197.40
42.80	-15838.72	0.00	202.93
42.90	-15810.17	0.00	602.47
43.00	-15752.98	0.00	999.62
43.10	-15666.57	0.00	1392.83
43.20	-15550.09	0.00	1780.54
43.30	-15402.44	0.00	2161.23
43.40	-15222.32	0.00	2533.39
43.50	-15008.23	0.00	2895.55
43.60	-14758.52	0.00	3246.28
43.70	-14471.47	0.00	3584.20
43.80	-14145.28	0.00	3907.97
43.90	-13778.19	0.00	4216.32
44.00	-13368.48	0.00	4508.04
44.10	-12914.54	0.00	4781.96
44.20	-12414.96	0.00	5037.01
44.30	-11868.55	0.00	5272.18
44.40	-11274.39	0.00	5486.54
44.50	-10631.93	0.00	5679.25
44.60	-9940.97	0.00	5849.54
44.70	-9201.77	0.00	5996.76
44.80	-8415.03	0.00	6120.30
44.90	-7581.98	0.00	6219.69
45.00	-6704.35	0.00	6294.54
45.10	-5784.42	0.00	6344.54
45.20	-4825.02	0.00	6369.50
45.30	-3829.55	0.00	6369.33
45.40	-2801.92	0.00	6344.02
45.50	-1746.61	0.00	6293.67
45.60	-668.57	0.00	6218.48
45.70	426.74	0.00	6118.76
45.80	1533.45	0.00	5994.88
45.90	2645.29	0.00	5847.35
46.00	3755.67	0.00	5676.74
46.10	4857.74	0.00	5483.72
46.20	5944.40	0.00	5269.06
46.30	7008.47	0.00	5033.61
46.40	8042.67	0.00	4778.30
46.50	9039.76	0.00	4504.12
46.60	9992.60	0.00	4212.17
46.70	10894.20	0.00	3903.60
46.80	11737.84	0.00	3579.62
46.90	12517.14	0.00	3241.51
47.00	13226.10	0.00	2890.62
47.10	13859.21	0.00	2528.31
47.20	14411.49	0.00	2156.02
47.30	14878.55	0.00	1775.23
47.40	15256.67	0.00	1387.43
47.50	15542.80	0.00	994.15
47.60	15734.62	0.00	596.96
47.70	15830.59	0.00	197.40
47.80	15838.72	0.00	-202.93
47.90	15810.17	0.00	-602.47
48.00	15752.98	0.00	-999.62
48.10	15666.57	0.00	-1392.83
48.20	15550.09	0.00	-1780.54
48.30	15402.44	0.00	-2161.23
48.40	15222.32	0.00	-2533.39
48.50	15008.23	0.00	-2895.55
48.60	14758.52	0.00	-3246.28
48.70	14471.47	0.00	-3584.20
48.80	14145.28	0.00	-3907.97
48.90	13778.19	0.00	-4216.32
49.00	13368.48	0.00	-4508.04
49.10	12914.54	0.00	-4781.96
49.20	12414.96	0.00	-5037.01
49.30	11868.55	0.00	-5272.18
49.40	11274.39	0.00	-5486.54
49.50	10631.93	0.00	-5679.25
49.60	9940.97	0.00	-5849.54
49.70	9201.77	0.00	-5996.76
49.80	8415.03	0.00	-6120.30
49.90	7581.98	0.00	-6219.69
50.00	6704.35	0.00	-6294.54
50.10	5784.42	0.00	-6344.54
50.20	4825.02	0.00	-6369.50
50.30	3829.55	0.00	-6369.33
50.40	2801.92	0.00	-6344.02
50.50	1746.61	0.00	-6293.67
50.60	668.57	0.00	-6218.48
50.70	-426.74	0.00	-6118.76
50.80	-1533.45	0.00	-5994.88
50.90	-2645.29	0.00	-5847.35
51.00	-3755.67	0.00	-5676.74
51.10	-4857.74	0.00	-5483.72
51.20	-5944.40	0.00	-5269.06
51.30	-7008.47	0.00	-5033.61
51.40	-8042.67	0.00	-4778.30
51.50	-9039.76	0.00	-4504.12
51.60	-9992.60	0.00	-4212.17
51.70	-10894.20	0.00	-3903.60
51.80	-11737.84	0.00	-3579.62
51.90	-12517.14	0.00	-3241.51
52.00	-13226.10	0.00	-2890.62
52.10	-13859.21	0.00	-2528.31
52.20	-14411.49	0.00	-2156.02
52.30	-14878.55	0.00	-1775.23
52.40	-15256.67	0.00	-1387.43
52.50	-15542.80	0.00	-994.15
52.60	-15734.62	0.00	-596.96
52.70	-15830.59	0.00	-197.40
52.80	-15838.72	0.00	202.93
52.90	-15810.17	0.00	602.47
53.00	-15752.98	0.00	999.62
53.10	-15666.57	0.00	1392.83
53.20	-15550.09	0.00	1780.54
53.30	-15402.44	0.00	2161.23
53.40	-15222.32	0.00	2533.39
53.50	-15008.23	0.00	2895.55
53.60	-14758.52	0.00	3246.28
53.70	-14471.47	0.00	3584.20
53.80	-14145.28	0.00	3907.97
53.90	-13778.19	0.00	4216.32
54.00	-13368.48	0.00	4508.04
54.10	-12914.54	0.00	4781.96
54.20	-12414.96	0.00	5037.01
54.30	-11868.55	0.00	5272.18
54.40	-11274.39	0.00	5486.54
54.50	-10631.93	0.00	5679.25
54.60	-9940.97	0.00	5849.54
54.70	-9201.77	0.00	5996.76
54.80	-8415.03	0.00	6120.30
54.90	-7581.98	0.00	6219.69
55.00	-6704.35	0.00	6294.54
55.10	-5784.42	0.00	6344.54
55.20	-4825.02	0.00	6369.50
55.30	-3829.55	0.00	6369.33
55.40	-2801.92	0.00	6344.02
55.50	-1746.61	0.00	6293.67
55.60	-668.57	0.00	6218.48
55.70	426.74	0.00	6118.76
55.80	1533.45	0.00	5994.88
55.90	2645.29	0.00	5847.35
56.00	3755.67	0.00	5676.74
56.10	4857.74	0.00	5483.72
56.20	5944.40	0.00	5269.06
56.30	7008.47	0.00	5033.61
56.40	8042.67	0.00	4778.30
56.50	9039.76	0.00	4504.12
56.60	9992.60	0.00	4212.17
56.70	10894.20	0.00	3903.60
56.80	11737.84	0.00	3579.62
56.90	12517.14	0.00	3241.51
57.00	13226.10	0.00	2890.62
57.10	13859.21	0.00	2528.31
57.20	14411.49	0.00	2156.02
57.30	14878.55	0.00	1775.23
57.40	15256.67	0.00	1387.43
57.50	15542.80	0.00	994.15
57.60	15734.62	0.00	596.96
57.70	15830.59	0.00	197.40
57.80	15838.72	0.00	-202.93
57.90	15810.17	0.00	-602.47
58.00	15752.98	0.00	-999.62
58.10	15666.57	0.00	-1392.83
58.20	15550.09	0.00	-1780.54
58.30	15402.44	0.00	-2161.23
58.40	15222.32	0.00	-2533.39
58.50	15008.23	0.00	-2895.55
58.60	14758.52	0.00	-3246.28
58.70	14471.47	0.00	-3584.20
58.80	14145.28	0.00	-3907.97
58.90	13778.19	0.00	-4216.32
59.00	13368.48	0.00	-4508.04
59.10	12914.54	0.00	-4781.96
59.20	12414.96	0.00	-5037.01
59.30	11868.55	0.00	-5272.18
59.40	11274.39	0.00	-5486.54
59.50	10631.93	0.00	-5679.25
59.60	9940.97	0.00	-5849.54
59.70	9201.77	0.00	-5996.76
59.80	8415.03	0.00	-6120.30
59.90	7581.98	0.00	-6219.69
60.00	6704.35	0.00	-6294.54
60.10	5784.42	0.00	-6344.54
60.20	4825.02	0.00	-6369.50
60.30	3829.55	0.00	-6369.33
60.40	2801.92	0.00	-6344.02
60.50	1746.61	0.00	-6293.67
60.60	668.57	0.00	-6218.48
60.70	-426.74	0.00	-6118.76
60.80	-1533.45	0.00	-5994.88
60.90	-2645.29	0.00	-5847.35
61.00	-3755.67	0.00	-5676.74
61.10	-4857.74	0.00	-5483.72
61.20	-5944.40	0.00	-5269.06
61.30	-7008.47	0.00	-5033.61
61.40	-8042.67	0.00	-4778.30
61.50	-9039.76	0.00	-4504.12
61.60	-9992.60	0.00	-4212.17
61.70	-10894.20	0.00	-3903.60
61.80	-11737.84	0.00	-3579.62
61.90	-12517.14	0.00	-3241.51
62.00	-13226.10	0.00	-2890.62
62.10	-13859.21	0.00	-2528.31
62.20	-14411.49	0.00	-2156.02
62.30	-14878.55	0.00	-1775.23
62.40	-15256.67	0.00	-1387.43
62.50	-15542.80	0.00	-994.15
62.60	-15734.62	0.00	-596.96
62.70	-15830.59	0.00	-197.40
62.80	-15838.72	0.00	202.93
62.90	-15810.17	0.00	602.47
63.00	-15752.98	0.00	999.62
63.10	-15666.57	0.00	1392.83
63.20	-15550.09	0.00	1780.54
63.30	-15402.44	0.00	2161.23
63.40	-15222.32	0.00	2533.39
63.50	-15008.23	0.00	2895.55
63.60	-14758.52	0.00	3246.28
63.70	-14471.47	0.00	3584.20
63.80	-14145.28	0.00	3907.97
63.90	-13778.19	0.00	4216.32
64.00	-13368.48	0.00	4508.04
64.10	-12914.54	0.00	4781.96
64.20	-12414.96	0.00	5037.01
64.30	-11868.55	0.00	5272.18
64.40	-11274.39	0.00	5486.54
64.50	-10631.93	0.00	5679.25
64.60	-9940.97	0.00	5849.54
64.70	-9201.77	0.00	5996.76
64.80	-8415.03	0.00	6120.30
64.90	-7581.98	0.00	6219.69
65.00	-6704.35	0.00	6294.54
65.10	-5784.42	0.00	6344.54
65.20	-4825.02	0.00	6369.50
65.30	-3829.55	0.00	6369.33
65.40	-2801.92	0.00	6344.02
65.50	-1746.61	0.00	6293.67
65.60	-668.57	0.00	6218.48
65.70	426.74	0.00	6118.76
65.80	1533.45	0.00	5994.88
65.90	2645.29	0.00	5847.35
66.00	3755.67	0.00	5676.74
66.10	4857.74	0.00	5483.72
66.20	5944.40	0.00	5269.06
66.30	7008.47	0.00	5033.61
66.40	8042.67	0.00	4778.30
66.50	9039.76	0.00	4504.12
66.60	9992.60	0.00	4212.17
66.70	10894.20	0.00	3903.60
66.80	11737.84	0.00	3579.62
66.90	12517.14	0.00	3241.51
67.00	13226.10	0.00	2890.62
67.10	13859.21	0.00	2528.31
67.20	14411.49	0.00	2156.02
67.30	14878.55	0.00	1775.23
67.40	15256.67	0.00	1387.43
67.50	15542.80	0.00	994.15
67.60	15734.62	0.00	596.96
67.70	15830.59	0.00	197.40
67.80	15838.72	0.00	-202.93
67.90	15810.17	0.00	-602.47
68.00	15752.98	0.00	-999.62
68.10	15666.57	0.00	-1392.83
68.20	15550.09	0.00	-1780.54
68.30	15402.44	0.00	-2161.23
68.40	15222.32	0.00	-2533.39
68.50	15008.23	0.00	-2895.55
68.60	14758.52	0.00	-3246.28
68.70	14471.47	0.00	-3584.20
68.80	14145.28	0.00	-3907.97
68.90	13778.19	0.00	-4216.32
69.00	13368.48	0.00	-4508.04
69.10	12914.54	0.00	-4781.96
69.20	12414.96	0.00	-5037.01
69.30	11868.55	0.00	-5272.18
69.40	11274.39	0.00	-5486.54
69.50	10631.93	0.00	-5679.25
69.60	9940.97	0.00	-5849.54
69.70	9201.77	0.00	-5996.76
69.80	8415.03	0.00	-6120.30
69.90	7581.98	0.00	-6219.69
70.00	6704.35	0.00	-6294.54
70.10	5784.42	0.00	-6344.54
70.20	4825.02	0.00	-6369.50
70.30	3829.55	0.00	-6369.33
70.40	2801.92	0.00	-6344.02
70.50	1746.61	0.00	-6293.67
70.60	668.57	0.00	-6218.48
70.70	-426.74	0.00	-6118.76
70.80	-1533.45	0.00	-5994.88
70.90	-2645.29	0.00	-5847.35
71.00	-3755.67	0.00	-5676.74
71.10	-4857.74	0.00	-5483.72
71.20	-5944.40	0.00	-5269.06
71.30	-7008.47	0.00	-5033.61
71.40	-8042.67	0.00	-4778.30
71.50	-9039.76	0.00	-4504.12
71.60	-9992.60	0.00	-4212.17
71.70	-10894.20	0.00	-3903.60
71.80	-11737.84	0.00	-3579.62
71.90	-12517.14	0.00	-3241.51
72.00	-13226.10	0.00	-2890.62
72.10	-13859.21	0.00	-2528.31
72.20	-14411.49	0.00	-2156.02
72.30	-14878.55	0.00	-1775.23
72.40	-15256.67	0.00	-1387.43
72.50	-15542.80	0.00	-994.15
72.60	-15734.62	0.00	-596.96
72.70	-15830.59	0.00	-197.40
72.80	-15838.72	0.00	202.93
72.90	-15810.17	0.00	602.47
73.00	-15752.98	0.00	999.62
73.10	-15666.57	0.00	1392.83
73.20	-15550.09	0.00	1780.54
73.30	-15402.44	0.00	2161.23
73.40	-15222.32	0.00	2533.39
73.50	-15008.23	0.00	2895.55
73.60	-14758.52	0.00	3246.28
73.70	-14471.47	0.00	3584.20
73.80	-14145.28	0.00	3907.97
73.90	-13778.19	0.00	4216.32
74.00	-13368.48	0.00	4508.04
74.10	-12914.54	0.00	4781.96
74.20	-12414.96	0.00	5037.01
74.30	-11868.55	0.00	5272.18
74.40	-11274.39	0.00	5486.54
74.50	-10631.93	0.00	5679.25
74.60	-9940.97	0.00	5849.54
74.70	-9201.77	0.00	5996.76
74.80	-8415.03	0.00	6120.30
74.90	-7581.98	0.00	6219.69
75.00	-6704.35	0.00	6294.54
75.10	-5784.42	0.00	6344.54
75.20	-4825.02	0.00	6369.50
75.30	-3829.55	0.00	6369.33
75.40	-2801.92	0.00	6344.02
75.50	-1746.61	0.00	6293.67
75.60	-668.57	0.00	6218.48
75.70	426.74	0.00	6118.76
75.80	1533.45	0.00	5994.88
75.90	2645.29	0.00	5847.35
76.00	3755.67	0.00	5676.74
76.10	4857.74	0.00	5483.72
76.20	5944.40	0.00	5269.06
76.30	7008.47	0.00	5033.61
76.40	8042.67	0.00	4778.30
76.50	9039.76	0.00	4504.12
76.60	9992.60	0.00	4212.17
76.70	10894.20	0.00	3903.60
76.80	11737.84	0.00	3579.62
76.90	12517.14	0.00	3241.51
77.00	13226.10	0.00	2890.62
77.10	13859.21	0.00	2528.31
77.20	14411.49	0.00	2156.02
77.30	14878.55	0.00	1775.23
77.40	15256.67	0.00	1387.43
77.50	15542.80	0.00	994.15
77.60	15734.62	0.00	596.96
77.70	15830.59	0.00	197.40
77.80	15838.72	0.00	-202.93
77.90	15810.17	0.00	-602.47
78.00	15752.98	0.00	-999.62
78.10	15666.57	0.00	-1392.83
78.20	15550.09	0.00	-1780.54
78.30	15402.44	0.00	-2161.23
78.40	15222.32	0.00	-2533.39
78.50	15008.23	0.00	-2895.55
78.60	14758.52	0.00	-3246.28
78.70	14471.47	0.00	-3584.20
78.80	14145.28	0.00	-3907.97
78.90	13778.19	0.00	-4216.32
79.00	13368.48	0.00	-4508.04
79.10	12914.54	0.00	-4781.96
79.20	12414.96	0.00	-5037.01
79.30	11868.55	0.00	-5272.18
79.40	11274.39	0.00	-5486.54
79.50	10631.93	0.00	-5679.25
79.60	9940.97	0.00	-5849.54
79.70	9201.77	0.00	-5996.76
79.80	8415.03	0.00	-6120.30
79.90	7581.98	0.00	-6219.69
80.00	6704.35	0.00	-6294.54
80.10	5784.42	0.00	-6344.54
80.20	4825.02	0.00	-6369.50
80.30	3829.55	0.00	-6369.33
80.40	2801.92	0.00	-6344.02
80.50	1746.61	0.00	-6293.67
80.60	668.57	0.00	-6218.48
80.70	-426.74	0.00	-6118.76
80.80	-1533.45	0.00	-5994.88
80.90	-2645.29	0.00	-5847.35
81.00	-3755.67	0.00	-5676.74
81.10	-4857.74	0.00	-5483.72
81.20	-5944.40	0.00	-5269.06
81.30	-7008.47	0.00	-5033.61
81.40	-8042.67	0.00	-4778.30
81.50	-9039.76	0.00	-4504.12
81.60	-9992.60	0.00	-4212.17
81.70	-10894.20	0.00	-3903.60
81.80	-11737.84	0.00	-3579.62
81.90	-12517.14	0.00	-3241.51
82.00	-13226.10	0.00	-2890.62
82.10	-13859.21	0.00	-2528.31
82.20	-14411.49	0.00	-2156.02
82.30	-14878.55	0.00	-1775.23
82.40	-15256.67	0.00	-1387.43
82.50	-15542.80	0.00	-994.15
82.60	-15734.62	0.00	-596.96
82.70	-15830.59	0.00	-197.40
82.80	-15838.72	0.00	202.93
82.90	-15810.17	0.00	602.47
83.00	-15752.98	0.00	999.62
83.10	-15666.57	0.00	1392.83
83.20	-15550.09	0.00	1780.54
83.30	-15402.44	0.00	2161.23
83.40	-15222.32	0.00	2533.39
83.50	-15008.23	0.00	2895.55
83.60	-14758.52	0.00	3246.28
83.70	-14471.47	0.00	3584.20
83.80	-14145.28	0.00	3907.97
83.90	-13778.19	0.00	4216.32
84.00	-13368.48	0.00	4508.04
84.10	-12914.54	0.00	4781.96
84.20	-12414.96	0.00	5037.01
84.30	-11868.55	0.00	5272.18
84.40	-11274.39	0.00	5486.54
84.50	-10631.93	0.00	5679.25
84.60	-9940.97	0.00	5849.54
84.70	-9201.77	0.00	5996.76
84.80	-8415.03	0.00	6120.30
84.90	-7581.98	0.00	6219.69
85.00	-6704.35	0.00	6294.54
85.10	-5784.42	0.00	6344.54
85.20	-4825.02	0.00	6369.50
85.30	-3829.55	0.00	6369.33
85.40	-2801.92	0.00	6344.02
85.50	-1746.61	0.00	6293.67
85.60	-668.57	0.00	6218.48
85.70	426.74	0.00	6118.76
85.80	1533.45	0.00	5994.88
85.90	2645.29	0.00	5847.35
86.00	3755.67	0.00	5676.74
86.10	4857.74	0.00	5483.72
86.20	5944.40	0.00	5269.06
86.30	7008.47	0.00	5033.61
86.40	8042.67	0.00	4778.30
86.50	9039.76	0.00	4504.12
86.60	9992.60	0.00	4212.17
86.70	10894.20	0.00	3903.60
86.80	11737.84	0.00	3579.62
86.90	12517.14	0.00	3241.51
87.00	13226.10	0.00	2890.62
87.10	13859.21	0.00	2528.31
87.20	14411.49	0.00	2156.02
87.30	14878.55	0.00	1775.23
87.40	15256.67	0.00	1387.43
87.50	15542.80	0.00	994.15
87.60	15734.62	0.00	596.96
87.70	15830.59	0.00	197.40
87.80	15838.72	0.00	-202.93
87.90	15810.17	0.00	-602.47
88.00	15752.98	0.00	-999.62
88.10	15666.57	0.00	-1392.83
88.20	15550.09	0.00	-1780.54
88.30	15402.44	0.00	-2161.23
88.40	15222.32	0.00	-2533.39
88.50	15008.23	0.00	-2895.55
88.60	14758.52	0.00	-3246.28
88.70	14471.47	0.00	-3584.20
88.80	14145.28	0.00	-3907.97
88.90	13778.19	0.00	-4216.32
89.00	13368.48	0.00	-4508.04
89.10	12914.54	0.00	-4781.96
89.20	12414.96	0.00	-5037.01
89.30	11868.55	0.00	-5272.18
89.40	11274.39	0.00	-5486.54
89.50	10631.93	0.00	-5679.25
89.60	9940.97	0.00	-5849.54
89.70	9201.77	0.00	-5996.76
89.80	8415.03	0.00	-6120.30
89.90	7581.98	0.00	-6219.69
90.00	6704.35	0.00	-6294.54
90.10	5784.42	0.00	-6344.54
90.20	4825.02	0.00	-6369.50
90.30	3829.55	0.00	-6369.33
90.40	2801.92	0.00	-6344.02
90.50	1746.61	0.00	-6293.67
90.60	668.57	0.00	-6218.48
90.70	-426.74	0.00	-6118.76
90.80	-1533.45	0.00	-5994.88
90.90	-2645.29	0.00	-5847.35
91.00	-3755.67	0.00	-5676.74
91.10	-4857.74	0.00	-5483.72
91.20	-5944.40	0.00	-5269.06
91.30	-7008.47	0.00	-5033.61
91.40	-8042.67	0.00	-4778.30
91.50	-9039.76	0.00	-4504.12
91.60	-9992.60	0.00	-4212.17
91.70	-10894.20	0.00	-3903.60
91.80	-11737.84	0.00	-3579.62
91.90	-12517.14	0.00	-3241.51
92.00	-13226.10	0.00	-2890.62
92.10	-13859.21	0.00	-2528.31
92.20	-14411.49	0.00	-2156.02
92.30	-14878.55	0.00	-1775.23
92.40	-15256.67	0.00	-1387.43
92.50	-15542.80	0.00	-994.15
92.60	-15734.62	0.00	-596.96
92.70	-15830.59	0.00	-197.40
92.80	-15838.72	0.00	202.93
92.90	-15810.17	0.00	602.47
93.00	-15752.98	0.00	999.62
93.10	-15666.57	0.00	1392.83
93.20	-15550.09	0.00	1780.54
93.30	-15402.44	0.00	2161.23
93.40	-15222.32	0.00	2533.39
93.50	-15008.23	0.00	2895.55
93.60	-14758.52	0.00	3246.28
93.70	-14471.47	0.00	3584.20
93.80	-14145.28	0.00	3907.97
93.90	-13778.19	0.00	4216.32
94.00	-13368.48	0.00	4508.04
94.10	-12914.54	0.00	4781.96
94.20	-12414.96	0.00	5037.01
94.30	-11868.55	0.00	5272.18
94.40	-11274.39	0.00	5486.54
94.50	-10631.93	0.00	5679.25
94.60	-9940.97	0.00	5849.54
94.70	-9201.77	0.00	5996.76
94.80	-8415.03	0.00	6120.30
94.90	-7581.98	0.00	6219.69
95.00	-6704.35	0.00	6294.54
95.10	-5784.42	0.00	6344.54
95.20	-4825.02	0.00	6369.50
95.30	-3829.55	0.00	6369.33
95.40	-2801.92	0.00	6344.02
95.50	-1746.61	0.00	6293.67
95.60	-668.57	0.00	6218.48
95.70	426.74	0.00	6118.76
95.80	1533.45	0.00	5994.88
95.90	2645.29	0.00	5847.35
96.00	3755.67	0.00	5676.74
96.10	4857.74	0.00	5483.72
96.20	5944.40	0.00	5269.06
96.30	7008.47	0.00	5033.61
96.40	8042.67	0.00	4778.30
96.50	9039.76	0.00	4504.12
96.60	9992.60	0.00	4212.17
96.70	10894.20	0.00	3903.60
96.80	11737.84	0.00	3579.62
96.90	12517.14	0.00	3241.51
97.00	13226.10	0.00	2890.62
97.10	13859.21	0.00	2528.31
97.20	14411.49	0.00	2156.02
97.30	14878.55	0.00	1775.23
97.40	15256.67	0.00	1387.43
97.50	15542.80	0.00	994.15
97.60	15734.62	0.00	596.96
97.70	15830.59	0.00	197.40
97.80	15838.72	0.00	-202.93
97.90	15810.17	0.00	-602.47
98.00	15752.98	0.00	-999.62
98.10	15666.57	0.00	-1392.83
98.20	15550.09	0.00	-1780.54
98.30	15402.44	0.00	-2161.23
98.40	15222.32	0.00	-2533.39
98.50	15008.23	0.00	-2895.55
98.60	14758.52	0.00	-3246.28
98.70	14471.47	0.00	-3584.20
98.80	14145.28	0.00	-3907.97
98.90	13778.19	0.00	-4216.32
99.00	13368.48	0.00	-4508.04
99.10	12914.54	0.00	-4781.96
99.20	12414.96	0.00	-5037.01
99.30	11868.55	0.00	-5272.18
99.40	11274.39	0.00	-5486.54
99.50	10631.93	0.00	-5679.25
99.60	9940.97	0.00	-5849.54
99.70	9201.77	0.00	-5996.76
99.80	8415.03	0.00	-6120.30
99.90	7581.98	0.00	-6219.69
100.00	6704.35	0.00	-6294.54
100.10	5784.42	0.00	-6344.54
100.20	4825.02	0.00	-6369.50
100.30	3829.55	0.00	-6369.33
100.40	2801.92	0.00	-6344.02
100.50	1746.61	0.00	-6293.67
100.60	668.57	0.00	-6218.48
100.70	-426.74	0.00	-6118.76
100.80	-1533.45	0.00	-5994.88
100.90	-2645.29	0.00	-5847.35
101.00	-3755.67	0.00	-5676.74
101.10	-4857.74	0.00	-5483.72
101.20	-5944.40	0.00	-5269.06
101.30	-7008.47	0.00	-5033.61
101.40	-8042.67	0.00	-4778.30
101.50	-9039.76	0.00	-4504.12
101.60	-9992.60	0.00	-4212.17
101.70	-10894.20	0.00	-3903.60
101.80	-11737.84	0.00	-3579.62
101.90	-12517.14	0.00	-3241.51
102.00	-13226.10	0.00	-2890.62
102.10	-13859.21	0.00	-2528.31
102.20	-14411.49	0.00	-2156.02
102.30	-14878.55	0.00	-1775.23
102.40	-15256.67	0.00	-1387.43
102.50	-15542.80	0.00	-994.15
102.60	-15734.62	0.00	-596.96
102.70	-15830.59	0.00	-197.40
102.80	-15838.72	0.00	202.93
102.90	-15810.17	0.00	602.47
103.00	-15752.98	0.00	999.62
103.10	-15666.57	0.00	1392.83
103.20	-15550.09	0.00	1780.54
103.30	-15402.44	0.00	2161.23
103.40	-15222.32	0.00	2533.39
103.50	-15008.23	0.00	2895.55
103.60	-14758.52	0.00	3246.28
103.70	-14471.47	0.00	3584.20
103.80	-14145.28	0.00	3907.97
103.90	-13778.19	0.00	4216.32
104.00	-13368.48	0.00	4508.04
104.10	-12914.54	0.00	4781.96
104.20	-12414.96	0.00	5037.01
104.30	-11868.55	0.00	5272.18
104.40	-11274.39	0.00	5486.54
104.50	-10631.93	0.00	5679.25
104.60	-9940.97	0.00	5849.54
104.70	-9201.77	0.00	5996.76
104.80	-8415.03	0.00	6120.30
104.90	-7581.98	0.00	6219.69
105.00	-6704.35	0.00	6294.54
105.10	-5784.42	0.00	6344.54
105.20	-4825.02	0.00	6369.50
105.30	-3829.55	0.00	6369.33
105.40	-2801.92	0.00	6344.02
105.50	-1746.61	0.00	6293.67
105.60	-668.57	0.00	6218.48
105.70	426.74	0.00	6118.76
105.80	1533.45	0.00	5994.88
105.90	2645.29	0.00	5847.35
106.00	3755.67	0.00	5676.74
106.10	4857.74	0.00	5483.72
106.20	5944.40	0.00	5269.06
106.30	7008.47	0.00	5033.61
106.40	8042.67	0.00	4778.30
106.50	9039.76	0.00	4504.12
106.60	9992.60	0.00	4212.17
106.70	10894.20	0.00	3903.60
106.80	11737.84	0.00	3579.62
106.90	12517.14	0.00	3241.51
107.00	13226.10	0.00	2890.62
107.10	13859.21	0.00	2528.31
107.20	14411.49	0.00	2156.02
107.30	14878.55	0.00	1775.23
107.40	15256.67	0.00	1387.43
107.50	15542.80	0.00	994.15
107.60	15734.62	0.00	596.96
107.70	15830.59	0.00	197.40
107.80	15838.72	0.00	-202.93
107.90	15810.17	0.00	-602.47
108.00	15752.98	0.00	-999.62
108.10	15666.57	0.00	-1392.83
108.20	15550.09	0.00	-1780.54
108.30	15402.44	0.00	-2161.23
108.40	15222.32	0.00	-2533.39
108.50	15008.23	0.00	-2895.55
108.60	14758.52	0.00	-3246.28
108.70	14471.47	0.00	-3584.20
108.80	14145.28	0.00	-3907.97
108.90	13778.19	0.00	-4216.32
109.00	13368.48	0.00	-4508.04
109.10	12914.54	0.00	-4781.96
109.20	12414.96	0.00	-5037.01
109.30	11868.55	0.00	-5272.18
109.40	11274.39	0.00	-5486.54
109.50	10631.93	0.00	-5679.25
109.60	9940.97	0.00	-5849.54
109.70	9201.77	0.00	-5996.76
109.80	8415.03	0.00	-6120.30
109.90	7581.98	0.00	-6219.69
110.00	6704.35	0.00	-6294.54
110.10	5784.42	0.00	-6344.54
110.20	4825.02	0.00	-6369.50
110.30	3829.55	0.00	-6369.33
110.40	2801.92	0.00	-6344.02
110.50	1746.61	0.00	-6293.67
110.60	668.57	0.00	-6218.48
110.70	-426.74	0.00	-6118.76
110.80	-1533.45	0.00	-5994.88
110.90	-2645.29	0.00	-5847.35
111.00	-3755.67	0.00	-5676.74
111.10	-4857.74	0.00	-5483.72
111.20	-5944.40	0.00	-5269.06
111.30	-7008.47	0.00	-5033.61
111.40	-8042.67	0.00	-4778.30
111.50	-9039.76	0.00	-4504.12
111.60	-9992.60	0.00	-4212.17
111.70	-10894.20	0.00	-3903.60
111.80	-11737.84	0.00	-3579.62
111.90	-12517.14	0.00	-3241.51
112.00	-13226.10	0.00	-2890.62
112.10	-13859.21	0.00	-2528.31
112.20	-14411.49	0.00	-2156.02
112.30	-14878.55	0.00	-1775.23
112.40	-15256.67	0.00	-1387.43
112.50	-15542.80	0.00	-994.15
112.60	-15734.62	0.00	-596.96
112.70	-15830.59	0.00	-197.40
112.80	-15838.72	0.00	202.93
112.90	-15810.17	0.00	602.47
113.00	-15752.98	0.00	999.62
113.10	-15666.57	0.00	1392.83
113.20	-15550.09	0.00	1780.54
113.30	-15402.44	0.00	2161.23
113.40	-15222.32	0.00	2533.39
113.50	-15008.23	0.00	2895.55
113.60	-14758.52	0.00	3246.28
113.70	-14471.47	0.00	3584.20
113.80	-14145.28	0.00	3907.97
113.90	-13778.19	0.00	4216.32
114.00	-13368.48	0.00	4508.04
114.10	-12914.54	0.00	4781.96
114.20	-12414.96	0.00	5037.01
114.30	-11868.55	0.00	5272.18
114.40	-11274.39	0.00	5486.54
114.50	-10631.93	0.00	5679.25
114.60	-9940.97	0.00	5849.54
114.70	-9201.77	0.00	5996.76
114.80	-8415.03	0.00	6120.30
114.90	-7581.98	0.00	6219.69
115.00	-6704.35	0.00	6294.54
115.10	-5784.42	0.00	6344.54
115.20	-4825.02	0.00	6369.50
115.30	-3829.55	0.00	6369.33
115.40	-2801.92	0.00	6344.02
115.50	-1746.61	0.00	6293.67
115.60	-668.57	0.00	6218.48
115.70	426.74	0.00	6118.76
115.80	1533.45	0.00	5994.88
115.90	2645.29	0.00	5847.35
116.00	3755.67	0.00	5676.74
116.10	4857.74	0.00	5483.72
116.20	5944.40	0.00	5269.06
116.30	7008.47	0.00	5033.61
116.40	8042.67	0.00	4778.30
116.50	9039.76	0.00	4504.12
116.60	9992.60	0.00	4212.17
116.70	10894.20	0.00	3903.60
116.80	11737.84	0.00	3579.62
116.90	12517.14	0.00	3241.51
117.00	13226.10	0.00	2890.62
117.10	13859.21	0.00	2528.31
117.20	14411.49	0.00	2156.02
117.30	14878.55	0.00	1775.23
117.40	15256.67	0.00	1387.43
117.50	15542.80	0.00	994.15
117.60	15734.62	0.00	596.96
117.70	15830.59	0.00	197.40
117.80	15838.72	0.00	-202.93
117.90	15810.17	0.00	-602.47
118.00	15752.98	0.00	-999.62
118.10	15666.57	0.00	-1392.83
118.20	15550.09	0.00	-1780.54
118.30	15402.44	0.00	-2161.23
118.40	15222.32	0.00	-2533.39
118.50	15008.23	0.00	-2895.55
118.60	14758.52	0.00	-3246.28
118.70	14471.47	0.00	-3584.20
118.80	14145.28	0.00	-3907.97
118.90	13778.19	0.00	-4216.32
119.00	13368.48	0.00	-4508.04
119.10	12914.54	0.00	-4781.96
119.20	12414.96	0.00	-5037.01
119.30	11868.55	0.00	-5272.18
119.40	11274.39	0.00	-5486.54
119.50	10631.93	0.00	-5679.25
119.60	9940.97	0.00	-5849.54
119.70	9201.77	0.00	-5996.76
119.80	8415.03	0.00	-6120.30
119.90	7581.98	0.00	-6219.69
120.00	6704.35	0.00	-6294.54
120.10	5784.42	0.00	-6344.54
120.20	4825.02	0.00	-6369.50
120.30	3829.55	0.00	-6369.33
120.40	2801.92	0.00	-6344.02
120.50	1746.61	0.00	-6293.67
120.60	668.57	0.00	-6218.48
120.70	-426.74	0.00	-6118.76
120.80	-1533.45	0.00	-5994.88
120.90	-2645.29	0.00	-5847.35
121.00	-3755.67	0.00	-5676.74
121.10	-4857.74	0.00	-5483.72
121.20	-5944.40	0.00	-5269.06
121.30	-7008.47	0.00	-5033.61
121.40	-8042.67	0.00	-4778.30
121.50	-9039.76	0.00	-4504.12
121.60	-9992.60	0.00	-4212.17
121.70	-10894.20	0.00	-3903.60
121.80	-11737.84	0.00	-3579.62
121.90	-12517.14	0.00	-3241.51
122.00	-13226.10	0.00	-2890.62
122.10	-13859.21	0.00	-2528.31
122.20	-14411.49	0.00	-2156.02
122.30	-14878.55	0.00	-1775.23
122.40	-15256.67	0.00	-1387.43
122.50	-15542.80	0.00	-994.15
122.60	-15734.62	0.00	-596.96
122.70	-15830.59	0.00	-197.40
122.80	-15838.72	0.00	202.93
122.90	-15810.17	0.00	602.47
123.00	-15752.98	0.00	999.62
123.10	-15666.57	0.00	1392.83
123.20	-15550.09	0.00	1780.54
123.30	-15402.44	0.00	2161.23
123.40	-15222.32	0.00	2533.39
123.50	-15008.23	0.00	2895.55
123.60	-14758.52	0.00	3246.28
123.70	-14471.47	0.00	3584.20
123.80	-14145.28	0.00	3907.97
123.90	-13778.19	0.00	4216.32
124.00	-13368.48	0.00	4508.04
124.10	-12914.54	0.00	4781.96
124.20	-12414.96	0.00	5037.01
124.30	-11868.55	0.00	5272.18
124.40	-11274.39	0.00	5486.54
124.50	-10631.93	0.00	5679.25
124.60	-9940.97	0.00	5849.54
124.70	-9201.77	0.00	5996.76
124.80	-8415.03	0.00	6120.30
124.90	-7581.98	0.00	6219.69
125.00	-6704.35	0.00	6294.54
125.10	-5784.42	0.00	6344.54
125.20	-4825.02	0.00	6369.50
125.30	-3829.55	0.00	6369.33
125.40	-2801.92	0.00	6344.02
125.50	-1746.61	0.00	6293.67
125.60	-668.57	0.00	6218.48
125.70	426.74	0.00	6118.76
125.80	1533.45	0.00	5994.88
125.90	2645.29	0.00	5847.35
126.00	3755.67	0.00	5676.74
126.10	4857.74	0.00	5483.72
126.20	5944.40	0.00	5269.06
126.30	7008.47	0.00	5033.61
126.40	8042.67	0.00	4778.30
126.50	9039.76	0.00	4504.12
126.60	9992.60	0.00	4212.17
126.70	10894.20	0.00	3903.60
126.80	11737.84	0.00	3579.62
126.90	12517.14	0.00	3241.51
127.00	13226.10	0.00	2890.62
127.10	13859.21	0.00	2528.31
127.20	14411.49	0.00	2156.02
127.30	14878.55	0.00	1775.23
127.40	15256.67	0.00	1387.43
127.50	15542.80	0.00	994.15
127.60	15734.62	0.00	596.96
127.70	15830.59	0.00	197.40
127.80	15838.72	0.00	-202.93
127.90	15810.17	0.00	-602.47
128.00	15752.98	0.00	-999.62
128.10	15666.57	0.00	-1392.83
128.20	15550.09	0.00	-1780.54
128.30	15402.44	0.00	-2161.23
128.40	15222.32	0.00	-2533.39
128.50	15008.23	0.00	-2895.55
128.60	14758.52	0.00	-3246.28
128.70	14471.47	0.00	-3584.20
128.80	14145.28	0.00	-3907.97
128.90	13778.19	0.00	-4216.32
129.00	13368.48	0.00	-4508.04
129.10	12914.54	0.00	-4781.96
129.20	12414.96	0.00	-5037.01
129.30	11868.55	0.00	-5272.18
129.40	11274.39	0.00	-5486.54
129.50	10631.93	0.00	-5679.25
129.60	9940.97	0.00	-5849.54
129.70	9201.77	0.00	-5996.76
129.80	8415.03	0.00	-6120.30
129.90	7581.98	0.00	-6219.69
130.00	6704.35	0.00	-6294.54
130.10	5784.42	0.00	-6344.54
130.20	4825.02	0.00	-6369.50
130.30	3829.55	0.00	-6369.33
130.40	2801.92	0.00	-6344.02
130.50	1746.61	0.00	-6293.67
130.60	668.57	0.00	-6218.48
130.70	-426.74	0.00	-6118.76
130.80	-1533.45	0.00	-5994.88
130.90	-2645.29	0.00	-5847.35
131.00	-3755.67	0.00	-5676.74
131.10	-4857.74	0.00	-5483.72
131.20	-5944.40	0.00	-5269.06
131.30	-7008.47	0.00	-5033.61
131.40	-8042.67	0.00	-4778.30
131.50	-9039.76	0.00	-4504.12
131.60	-9992.60	0.00	-4212.17
131.70	-10894.20	0.00	-3903.60
131.80	-11737.84	0.00	-3579.62
131.90	-12517.14	0.00	-3241.51
132.00	-13226.10	0.00	-2890.62
132.10	-13859.21	0.00	-2528.31
132.20	-14411.49	0.00	-2156.02
132.30	-14878.55	0.00	-1775.23
132.40	-15256.67	0.00	-1387.43
132.50	-15542.80	0.00	-994.15
132.60	-15734.62	0.00	-596.96
132.70	-15830.59	0.00	-197.40
132.80	-15838.72	0.00	202.93
132.90	-15810.17	0.00	602.47
133.00	-15752.98	0.00	999.62
133.10	-15666.57	0.00	1392.83
133.20	-15550.09	0.00	1780.54
133.30	-15402.44	0.00	2161.23
133.40	-15222.32	0.00	2533.39
133.50	-15008.23	0.00	2895.55
133.60	-14758.52	0.00	3246.28
133.70	-14471.47	0.00	3584.20
133.80	-14145.28	0.00	3907.97
133.90	-13778.19	0.00	4216.32
134.00	-13368.48	0.00	4508.04
134.10	-12914.54	0.00	4781.96
134.20	-12414.96	0.00	5037.01
134.30	-11868.55	0.00	5272.18
134.40	-11274.39	0.00	5486.54
134.50	-10631.93	0.00	5679.25
134.60	-9940.97	0.00	5849.54
134.70	-9201.77	0.00	5996.76
134.80	-8415.03	0.00	6120.30
134.90	-7581.98	0.00	6219.69
135.00	-6704.35	0.00	6294.54
135.10	-5784.42	0.00	6344.54
135.20	-4825.02	0.00	6369.50
135.30	-3829.55	0.00	6369.33
135.40	-2801.92	0.00	6344.02
135.50	-1746.61	0.00	6293.67
135.60	-668.57	0.00	6218.48
135.70	426.74	0.00	6118.76
135.80	1533.45	0.00	5994.88
135.90	2645.29	0.00	5847.35
136.00	3755.67	0.00	5676.74
136.10	4857.74	0.00	5483.72
136.20	5944.40	0.00	5269.06
136.30	7008.47	0.00	5033.61
136.40	8042.67	0.00	4778.30
136.50	9039.76	0.00	4504.12
136.60	9992.60	0.00	4212.17
136.70	10894.20	0.00	3903.60
136.80	11737.84	0.00	3579.62
136.90	12517.14	0.00	3241.51
137.00	13226.10	0.00	2890.62
137.10	13859.21	0.00	2528.31
137.20	14411.49	0.00	2156.02
137.30	14878.55	0.00	1775.23
137.40	15256.67	0.00	1387.43
137.50	15542.80	0.00	994.15
137.60	15734.62	0.00	596.96
137.70	15830.59	0.00	197.40
137.80	15838.72	0.00	-202.93
137.90	15810.17	0.00	-602.47
138.00	15752.98	0.00	-999.62
138.10	15666.57	0.00	-1392.83
138.20	15550.09	0.00	-1780.54
138.30	15402.44	0.00	-2161.23
138.40	15222.32	0.00	-2533.39
138.50	15008.23	0.00	-2895.55
138.60	14758.52	0.00	-3246.28
138.70	14471.47	0.00	-3584.20
138.80	14145.28	0.00	-3907.97
138.90	13778.19	0.00	-4216.32
139.00	13368.48	0.00	-4508.04
139.10	12914.54	0.00	-4781.96
139.20	12414.96	0.00	-5037.01
139.30	11868.55	0.00	-5272.18
139.40	11274.39	0.00	-5486.54
139.50	10631.93	0.00	-5679.25
139.60	9940.97	0.00	-5849.54
139.70	9201.77	0.00	-5996.76
139.80	8415.03	0.00	-6120.30
139.90	7581.98	0.00	-6219.69
140.00	6704.35	0.00	-6294.54
140.10	5784.42	0.00	-6344.54
140.20	4825.02	0.00	-6369.50
140.30	3829.55	0.00	-6369.33
140.40	2801.92	0.00	-6344.02
140.50	1746.61	0.00	-6293.67
140.60	668.57	0.00	-6218.48
140.70	-426.74	0.00	-6118.76
140.80	-1533.45	0.00	-5994.88
140.90	-2645.29	0.00	-5847.35
141.00	-3755.67	0.00	-5676.74
141.10	-4857.74	0.00	-5483.72
141.20	-5944.40	0.00	-5269.06
141.30	-7008.47	0.00	-5033.61
141.40	-8042.67	0.00	-4778.30
141.50	-9039.76	0.00	-4504.12
141.60	-9992.60	0.00	-4212.17
141.70	-10894.20	0.00	-3903.60
141.80	-11737.84	0.00	-3579.62
141.90	-12517.14	0.00	-3241.51
142.00	-13226.10	0.00	-2890.62
142.10	-13859.21	0.00	-2528.31
142.20	-14411.49	0.00	-2156.02
142.30	-14878.55	0.00	-1775.23
142.40	-15256.67	0.00	-1387.43
142.50	-15542.80	0.00	-994.15
142.60	-15734.62	0.00	-596.96
142.70	-15830.59	0.00	-197.40
142.80	-15838.72	0.00	202.93
142.90	-15810.17	0.00	602.47
143.00	-15752.98	0.00	999.62
143.10	-15666.57	0.00	1392.83
143.20	-15550.09	0.00	1780.54
143.30	-15402.44	0.00	2161.23
143.40	-15222.32	0.00	2533.39
143.50	-15008.23	0.00	2895.55
143.60	-14758.52	0.00	3246.28
143.70	-14471.47	0.00	3584.20
143.80	-14145.28	0.00	3907.97
143.90	-13778.19	0.00	4216.32
144.00	-13368.48	0.00	4508.04
144.10	-12914.54	0.00	4781.96
144.20	-12414.96	0.00	5037.01
144.30	-11868.55	0.00	5272.18
144.40	-11274.39	0.00	5486.54
144.50	-10631.93	0.00	5679.25
144.60	-9940.97	0.00	5849.54
144.70	-9201.77	0.00	5996.76
144.80	-8415.03	0.00	6120.30
144.90	-7581.98	0.00	6219.69
145.00	-6704.35	0.00	6294.54
145.10	-5784.42	0.00	6344.54
145.20	-4825.02	0.00	6369.50
145.30	-3829.55	0.00	6369.33
145.40	-2801.92	0.00	6344.02
145.50	-1746.61	0.00	6293.67
145.60	-668.57	0.00	6218.48
145.70	426.74	0.00	6118.76
145.80	1533.45	0.00	5994.88
145.90	2645.29	0.00	5847.35
146.00	3755.67	0.00	5676.74
146.10	4857.74	0.00	5483.72
146.20	5944.40	0.00	5269.06
146.30	7008.47	0.00	5033.61
146.40	8042.67	0.00	4778.30
146.50	9039.76	0.00	4504.12
146.60	9992.60	0.00	4212.17
146.70	10894.20	0.00	3903.60
146.80	11737.84	0.00	3579.62
146.90	12517.14	0.00	3241.51
147.00	13226.10	0.00	2890.62
147.10	13859.21	0.00	2528.31
147.20	14411.49	0.00	2156.02
147.30	14878.55	0.00	1775.23
147.40	15256.67	0.00	1387.43
147.50	15542.80	0.00	994.15
147.60	15734.62	0.00	596.96
147.70	15830.59	0.00	197.40
147.80	15838.72	0.00	-202.93
147.90	15810.17	0.00	-602.47
148.00	15752.98	0.00	-999.62
148.10	15666.57	0.00	-1392.83
148.20	15550.09	0.00	-1780.54
148.30	15402.44	0.00	-2161.23
148.40	15222.32	0.00	-2533.39
148.50	15008.23	0.00	-2895.55
148.60	14758.52	0.00	-3246.28
148.70	14471.47	0.00	-3584.20
148.80	14145.28	0.00	-3907.97
148.90	13778.19	0.00	-4216.32
149.00	13368.48	0.00	-4508.04
149.10	12914.54	0.00	-4781.96
149.20	12414.96	0.00	-5037.01
149.30	11868.55	0.00	-5272.18
149.40	11274.39	0.00	-5486.54
149.50	10631.93	0.00	-5679.25
149.60	9940.97	0.00	-5849.54
149.70	9201.77	0.00	-5996.76
149.80	8415.03	0.00	-6120.30
149.90	7581.98	0.00	-6219.69
150.00	6704.35	0.00	-6294.54
150.10	5784.42	0.00	-6344.54
150.20	4825.02	0.00	-6369.50
150.30	3829.55	0.00	-6369.33
150.40	2801.92	0.00	-6344.02
150.50	1746.61	0.00	-6293.67
150.60	668.57	0.00	-6218.48
150.70	-426.74	0.00	-6118.76
150.80	-1533.45	0.00	-5994.88
150.90	-2645.29	0.00	-5847.35
151.00	-3755.67	0.00	-5676.74
151.10	-4857.74	0.00	-5483.72
151.20	-5944.40	0.00	-5269.06
151.30	-7008.47	0.00	-5033.61
151.40	-8042.67	0.00	-4778.30
151.50	-9039.76	0.00	-4504.12
151.60	-9992.60	0.00	-4212.17
151.70	-10894.20	0.00	-3903.60
151.80	-11737.84	0.00	-3579.62
151.90	-12517.14	0.00	-3241.51
152.00	-13226.10	0.00	-2890.62
152.10	-13859.21	0.00	-2528.31
152.20	-14411.49	0.00	-2156.02
152.30	-14878.55	0.00	-1775.23
152.40	-15256.67	0.00	-1387.43
152.50	-15542.80	0.00	-994.15
152.60	-15734.62	0.00	-596.96
152.70	-15830.59	0.00	-197.40
152.80	-15838.72	0.00	202.93
152.90	-15810.17	0.00	602.47
153.00	-15752.98	0.00	999.62
153.10	-15666.57	0.00	1392.83
153.20	-15550.09	0.00	1780.54
153.30	-15402.44	0.00	2161.23
153.40	-15222.32	0.00	2533.39
153.50	-15008.23	0.00	2895.55
153.60	-14758.52	0.00	3246.28
153.70	-14471.47	0.00	3584.20
153.80	-14145.28	0.00	3907.97
153.90	-13778.19	0.00	4216.32
154.00	-13368.48	0.00	4508.04
154.10	-12914.54	0.00	4781.96
154.20	-12414.96	0.00	5037.01
154.30	-11868.55	0.00	5272.18
154.40	-11274.39	0.00	5486.54
154.50	-10631.93	0.00	5679.25
154.60	-9940.97	0.00	5849.54
154.70	-9201.77	0.00	5996.76
154.80	-8415.03	0.00	6120.30
154.90	-7581.98	0.00	6219.69
155.00	-6704.35	0.00	6294.54
155.10	-5784.42	0.00	6344.54
155.20	-4825.02	0.00	6369.50
155.30	-3829.55	0.00	6369.33
155.40	-2801.92	0.00	6344.02
155.50	-1746.61	0.00	6293.67
155.60	-668.57	0.00	6218.48
155.70	426.74	0.00	6118.76
155.80	1533.45	0.00	5994.88
155.90	2645.29	0.00	5847.35
156.00	3755.67	0.00	5676.74
156.10	4857.74	0.00	5483.72
156.20	5944.40	0.00	5269.06
156.30	7008.47	0.00	5033.61
156.40	8042.67	0.00	4778.30
156.50	9039.76	0.00	4504.12
156.60	9992.60	0.00	4212.17
156.70	10894.20	0.00	3903.60
156.80	11737.84	0.00	3579.62
156.90	12517.14	0.00	3241.51
157.00	13226.10	0.00	2890.62
157.10	13859.21	0.00	2528.31
157.20	14411.49	0.00	2156.02
157.30	14878.55	0.00	1775.23
157.40	15256.67	0.00	1387.43
157.50	15542.80	0.00	994.15
157.60	15734.62	0.00	596.96
157.70	15830.59	0.00	197.40
157.80	15838.72	0.00	-202.93
157.90	15810.17	0.00	-602.47
158.00	15752.98	0.00	-999.62
158.10	15666.57	0.00	-1392.83
158.20	15550.09	0.00	-1780.54
158.30	15402.44	0.00	-2161.23
158.40	15222.32	0.00	-2533.39
158.50	15008.23	0.00	-2895.55
158.60	14758.52	0.00	-3246.28
158.70	14471.47	0.00	-3584.20
158.80	14145.28	0.00	-3907.97
158.90	13778.19	0.00	-4216.32
159.00	13368.48	0.00	-4508.04
159.10	12914.54	0.00	-4781.96
159.20	12414.96	0.00	-5037.01
159.30	11868.55	0.00	-5272.18
159.40	11274.39	0.00	-5486.54
159.50	10631.93	0.00	-5679.25
159.60	9940.97	0.00	-5849.54
159.70	9201.77	0.00	-5996.76
159.80	8415.03	0.00	-6120.30
159.90	7581.98	0.00	-6219.69
160.00	6704.35	0.00	-6294.54
160.10	5784.42	0.00	-6344.54
160.20	4825.02	0.00	-6369.50
160.30	3829.55	0.00	-6369.33
160.40	2801.92	0.00	-6344.02
160.50	1746.61	0.00	-6293.67
160.60	668.57	0.00	-6218.48
160.70	-426.74	0.00	-6118.76
160.80	-1533.45	0.00	-5994.88
160.90	-2645.29	0.00	-5847.35
161.00	-3755.67	0.00	-5676.74
161.10	-4857.74	0.00	-5483.72
161.20	-5944.40	0.00	-5269.06
161.30	-7008.47	0.00	-5033.61
161.40	-8042.67	0.00	-4778.30
161.50	-9039.76	0.00	-4504.12
161.60	-9992.60	0.00	-4212.17
161.70	-10894.20	0.00	-3903.60
161.80	-11737.84	0.00	-3579.62
161.90	-12517.14	0.00	-3241.51
162.00	-13226.10	0.00	-2890.62
162.10	-13859.21	0.00	-2528.31
162.20	-14411.49	0.00	-2156.02
162.30	-14878.55	0.00	-1775.23
162.40	-15256.67	0.00	-1387.43
162.50	-15542.80	0.00	-994.15
162.60	-15734.62	0.00	-596.96
162.70	-15830.59	0.00	-197.40
162.80	-15838.72	0.00	202.93
162.90	-15810.17	0.00	602.47
163.00	-15752.98	0.00	999.62
163.10	-15666.57	0.00	1392.83
163.20	-15550.09	0.00	1780.54
163.30	-15402.44	0.00	2161.23
163.40	-15222.32	0.00	2533.39
163.50	-15008.23	0.00	2895.55
163.60	-14758.52	0.00	3246.28
163.70	-14471.47	0.00	3584.20
163.80	-14145.28	0.00	3907.97
163.90	-13778.19	0.00	4216.32
164.00	-13368.48	0.00	4508.04
164.10	-12914.54	0.00	4781.96
164.20	-12414.96	0.00	5037.01
164.30	-11868.55	0.00	5272.18
164.40	-11274.39	0.00	5486.54
164.50	-10631.93	0.00	5679.25
164.60	-9940.97	0.00	5849.54
164.70	-9201.77	0.00	5996.76
164.80	-8415.03	0.00	6120.30
164.90	-7581.98	0.00	6219.69
165.00	-6704.35	0.00	6294.54
165.10	-5784.42	0.00	6344.54
165.20	-4825.02	0.00	6369.50
165.30	-3829.55	0.00	6369.33
165.40	-2801.92	0.00	6344.02
165.50	-1746.61	0.00	6293.67
165.60	-668.57	0.00	6218.48
165.70	426.74	0.00	6118.76
165.80	1533.45	0.00	5994.88
165.90	2645.29	0.00	5847.35
166.00	3755.67	0.00	5676.74
166.10	4857.74	0.00	5483.72
166.20	5944.40	0.00	5269.06
166.30	7008.47	0.00	5033.61
166.40	8042.67	0.00	4778.30
166.50	9039.76	0.00	4504.12
166.60	9992.60	0.00	4212.17
166.70	10894.20	0.00	3903.60
166.80	11737.84	0.00	3579.62
166.90	12517.14	0.00	3241.51
167.00	13226.10	0.00	2890.62
167.10	13859.21	0.00	2528.31
167.20	14411.49	0.00	2156.02
167.30	14878.55	0.00	1775.23
167.40	15256.67	0.00	1387.43
167.50	15542.80	0.00	994.15
167.60	15734.62	0.00	596.96
167.70	15830.59	0.00	197.40
167.80	15838.72	0.00	-202.93
167.90	15810.17	0.00	-602.47
168.00	15752.98	0.00	-999.62
168.10	15666.57	0.00	-1392.83
168.20	15550.09	0.00	-1780.54
168.30	15402.44	0.00	-2161.23
168.40	15222.32	0.00	-2533.39
168.50	15008.23	0.00	-2895.55
168.60	14758.52	0.00	-3246.28
168.70	14471.47	0.00	-3584.20
168.80	14145.28	0.00	-3907.97
168.90	13778.19	0.00	-4216.32
169.00	13368.48	0.00	-4508.04
169.10	12914.54	0.00	-4781.96
169.20	12414.96	0.00	-5037.01
169.30	11868.55	0.00	-5272.18
169.40	11274.39	0.00	-5486.54
169.50	10631.93	0.00	-5679.25
169.60	9940.97	0.00	-5849.54
169.70	9201.77	0.00	-5996.76
169.80	8415.03	0.00	-6120.30
169.90	7581.98	0.00	-6219.69
170.00	6704.35	0.00	-6294.54
170.10	5784.42	0.00	-6344.54
170.20	4825.02	0.00	-6369.50
170.30	3829.55	0.00	-6369.33
170.40	2801.92	0.00	-6344.02
170.50	1746.61	0.00	-6293.67
170.60	668.57	0.00	-6218.48
170.70	-426.74	0.00	-6118.76
170.80	-1533.45	0.00	-5994.88
170.90	-2645.29	0.00	-5847.35
171.00	-3755.67	0.00	-5676.74
171.10	-4857.74	0.00	-5483.72
171.20	-5944.40	0.00	-5269.06
171.30	-7008.47	0.00	-5033.61
171.40	-8042.67	0.00	-4778.30
171.50	-9039.76	0.00	-4504.12
171.60	-9992.60	0.00	-4212.17
171.70	-10894.20	0.00	-3903.60
171.80	-11737.84	0.00	-3579.62
171.90	-12517.14	0.00	-3241.51
172.00	-13226.10	0.00	-2890.62
172.10	-13859.21	0.00	-2528.31
172.20	-14411.49	0.00	-2156.02
172.30	-14878.55	0.00	-1775.23
172.40	-15256.67	0.00	-1387.43
172.50	-15542.80	0.00	-994.15
172.60	-15734.62	0.00	-596.96
172.70	-15830.59	0.00	-197.40
172.80	-15838.72	0.00	202.93
172.90	-15810.17	0.00	602.47
173.00	-15752.98	0.00	999.62
173.10	-15666.57	0.00	1392.83
173.20	-15550.09	0.00	1780.54
173.30	-15402.44	0.00	2161.23
173.40	-15222.32	0.00	2533.39
173.50	-15008.23	0.00	2895.55
173.60	-14758.52	0.00	3246.28
173.70	-14471.47	0.00	3584.20
173.80	-14145.28	0.00	3907.97
173.90	-13778.19	0.00	4216.32
174.00	-13368.48	0.00	4508.04
174.10	-12914.54	0.00	4781.96
174.20	-12414.96	0.00	5037.01
174.30	-11868.55	0.00	5272.18
174.40	-11274.39	0.00	5486.54
174.50	-10631.93	0.00	5679.25
174.60	-9940.97	0.00	5849.54
174.70	-9201.77	0.00	5996.76
174.80	-8415.03	0.00	6120.30
174.90	-7581.98	0.00	6219.69
175.00	-6704.35	0.00	6294.54
175.10	-5784.42	0.00	6344.54
175.20	-4825.02	0.00	6369.50
175.30	-3829.55	0.00	6369.33
175.40	-2801.92	0.00	6344.02
175.50	-1746.61	0.00	6293.67
175.60	-668.57	0.00	6218.48
175.70	426.74	0.00	6118.76
175.80	1533.45	0.00	5994.88
175.90	2645.29	0.00	5847.35
176.00	3755.67	0.00	5676.74
176.10	4857.74	0.00	5483.72
176.20	5944.40	0.00	5269.06
176.30	7008.47	0.00	5033.61
176.40	8042.67	0.00	4778.30
176.50	9039.76	0.00	4504.12
176.60	9992.60	0.00	4212.17
176.70	10894.20	0.00	3903.60
176.80	11737.84	0.00	3579.62
176.90	12517.14	0.00	3241.51
177.00	13226.10	0.00	2890.62
177.10	13859.21	0.00	2528.31
177.20	14411.49	0.00	2156.02
177.30	14878.55	0.00	1775.23
177.40	15256.67	0.00	1387.43
177.50	15542.80	0.00	994.15
177.60	15734.62	0.00	596.96
177.70	15830.59	0.00	197.40
177.80	15838.72	0.00	-202.93
177.90	15810.17	0.00	-602.47
178.00	15752.98	0.00	-999.62
178.10	15666.57	0.00	-1392.83
178.20	15550.09	0.00	-1780.54
178.30	15402.44	0.00	-2161.23
178.40	15222.32	0.00	-2533.39
178.50	15008.23	0.00	-2895.55
178.60	14758.52	0.00	-3246.28
178.70	14471.47	0.00	-3584.20
178.80	14145.28	0.00	-3907.97
178.90	13778.19	0.00	-4216.32
179.00	13368.48	0.00	-4508.04
179.10	12914.54	0.00	-4781.96
179.20	12414.96	0.00	-5037.01
179.30	11868.55	0.00	-5272.18
179.40	11274.39	0.00	-5486.54
179.50	10631.93	0.00	-5679.25
179.60	9940.97	0.00	-5849.54
179.70	9201.77	0.00	-5996.76
179.80	8415.03	0.00	-6120.30
179.90	7581.98	0.00	-6219.69
180.00	6704.35	0.00	-6294.54
180.10	5784.42	0.00	-6344.54
180.20	4825.02	0.00	-6369.50
180.30	3829.55	0.00	-6369.33
180.40	2801.92	0.00	-6344.02
180.50	1746.61	0.00	-6293.67
180.60	668.57	0.00	-6218.48
180.70	-426.74	0.00	-6118.76
180.80	-1533.45	0.00	-5994.88
180.90	-2645.29	0.00	-5847.35
181.00	-3755.67	0.00	-5676.74
181.10	-4857.74	0.00	-5483.72
181.20	-5944.40	0.00	-5269.06
181.30	-7008.47	0.00	-5033.61
181.40	-8042.67	0.00	-4778.30
181.50	-9039.76	0.00	-4504.12
181.60	-9992.60	0.00	-4212.17
181.70	-10894.20	0.00	-3903.60
181.80	-11737.84	0.00	-3579.62
181.90	-12517.14	0.00	-3241.51
182.00	-13226.10	0.00	-2890.62
182.10	-13859.21	0.00	-2528.31
182.20	-14411.49	0.00	-2156.02
182.30	-14878.55	0.00	-1775.23
182.40	-15256.67	0.00	-1387.43
182.50	-15542.80	0.00	-994.15
182.60	-15734.62	0.00	-596.96
182.70	-15830.59	0.00	-197.40
182.80	-15838.72	0.00	202.93
182.90	-15810.17	0.00	602.47
183.00	-15752.98	0.00	999.62
183.10	-15666.57	0.00	1392.83
183.20	-15550.09	0.00	1780.54
183.30	-15402.44	0.00	2161.23
183.40	-15222.32	0.00	2533.39
183.50	-15008.23	0.00	2895.55
183.60	-14758.52	0.00	3246.28
183.70	-14471.47	0.00	3584.20
183.80	-14145.28	0.00	3907.97
183.90	-13778.19	0.00	4216.32
184.00	-13368.48	0.00	4508.04
184.10	-12914.54	0.00	4781.96
184.20	-12414.96	0.00	5037.01
184.30	-11868.55	0.00	5272.18
184.40	-11274.39	0.00	5486.54
184.50	-10631.93	0.00	5679.25
184.60	-9940.97	0.00	5849.54
184.70	-9201.77	0.00	5996.76
184.80	-8415.03	0.00	6120.30
184.90	-7581.98	0.00	6219.69
185.00	-6704.35	0.00	6294.54
185.10	-5784.42	0.00	6344.54
185.20	-4825.02	0.00	6369.50
185.30	-3829.55	0.00	6369.33
185.40	-2801.92	0.00	6344.02
185.50	-1746.61	0.00	6293.67
185.60	-668.57	0.00	6218.48
185.70	426.74	0.00	6118.76
185.80	1533.45	0.00	5994.88
185.90	2645.29	0.00	5847.35
186.00	3755.67	0.00	5676.74
186.10	4857.74	0.00	5483.72
186.20	5944.40	0.00	5269.06
186.30	7008.47	0.00	5033.61
186.40	8042.67	0.00	4778.30
186.50	9039.76	0.00	4504.12
186.60	9992.60	0.00	4212.17
186.70	10894.20	0.00	3903.60
186.80	11737.84	0.00	3579.62
186.90	12517.14	0.00	3241.51
187.00	13226.10	0.00	2890.62
187.10	13859.21	0.00	2528.31
187.20	14411.49	0.00	2156.02
187.30	14878.55	0.00	1775.23
187.40	15256.67	0.00	1387.43
187.50	15542.80	0.00	994.15
187.60	15734.62	0.00	596.96
187.70	15830.59	0.00	197.40
187.80	15838.72	0.00	-202.93
187.90	15810.17	0.00	-602.47
188.00	15752.98	0.00	-999.62
188.10	15666.57	0.00	-1392.83
188.20	15550.09	0.00	-1780.54
188.30	15402.44	0.00	-2161.23
188.40	15222.32	0.00	-2533.39
188.50	15008.23	0.00	-2895.55
188.60	14758.52	0.00	-3246.28
188.70	14471.47	0.00	-3584.20
188.80	14145.28	0.00	-3907.97
188.90	13778.19	0.00	-4216.32
189.00	13368.48	0.00	-4508.04
189.10	12914.54	0.00	-4781.96
189.20	12414.96	0.00	-5037.01
189.30	11868.55	0.00	-5272.18
189.40	11274.39	0.00	-5486.54
189.50	10631.93	0.00	-5679.25
189.60	9940.97	0.00	-5849.54
189.70	9201.77	0.00	-5996.76
189.80	8415.03	0.00	-6120.30
189.90	7581.98	0.00	-6219.69
190.00	6704.35	0.00	-6294.54
190.10	5784.42	0.00	-6344.54
190.20	4825.02	0.00	-6369.50
190.30	3829.55	0.00	-6369.33
190.40	2801.92	0.00	-6344.02
190.50	1746.61	0.00	-6293.67
190.60	668.57	0.00	-6218.48
190.70	-426.74	0.00	-6118.76
190.80	-1533.45	0.00	-5994.88
190.90	-2645.29	0.00	-5847.35
191.00	-3755.67	0.00	-5676.74
191.10	-4857.74	0.00	-5483.72
191.20	-5944.40	0.00	-5269.06
191.30	-7008.47	0.00	-5033.61
191.40	-8042.67	0.00	-4778.30
191.50	-9039.76	0.00	-4504.12
191.60	-9992.60	0.00	-4212.17
191.70	-10894.20	0.00	-3903.60
191.80	-11737.84	0.00	-3579.62
191.90	-12517.14	0.00	-3241.51
192.00	-13226.10	0.00	-2890.62
192.10	-13859.21	0.00	-2528.31
192.20	-14411.49	0.00	-2156.02
192.30	-14878.55	0.00	-1775.23
192.40	-15256.67	0.00	-1387.43
192.50	-15542.80	0.00	-994.15
192.60	-15734.62	0.00	-596.96
192.70	-15830.59	0.00	-197.40
192.80	-15838.72	0.00	202.93
192.90	-15810.17	0.00	602.47
193.00	-15752.98	0.00	999.62
193.10	-15666.57	0.00	1392.83
193.20	-15550.09	0.00	1780.54
193.30	-15402.44	0.00	2161.23
193.40	-15222.32	0.00	2533.39
193.50	-15008.23	0.00	2895.55
193.60	-14758.52	0.00	3246.28
193.70	-14471.47	0.00	3584.20
193.80	-14145.28	0.00	3907.97
193.90	-13778.19	0.00	4216.32
194.00	-13368.48	0.00	4508.04
194.10	-12914.54	0.00	4781.96
194.20	-12414.96	0.00	5037.01
194.30	-11868.55	0.00	5272.18
194.40	-11274.39	0.00	5486.54
194.50	-10631.93	0.00	5679.25
194.60	-9940.97	0.00	5849.54
194.70	-9201.77	0.00	5996.76
194.80	-8415.03	0.00	6120.30
194.90	-7581.98	0.00	6219.69
195.00	-6704.35	0.00	6294.54
195.10	-5784.42	0.00	6344.54
195.20	-4825.02	0.00	6369.50
195.30	-3829.55	0.00	6369.33
195.40	-2801.92	0.00	6344.02
195.50	-1746.61	0.00	6293.67
195.60	-668.57	0.00	6218.48
195.70	426.74	0.00	6118.76
195.80	1533.45	0.00	5994.88
195.90	2645.29	0.00	5847.35
196.00	3755.67	0.00	5676.74
196.10	4857.74	0.00	5483.72
196.20	5944.40	0.00	5269.06
196.30	7008.47	0.00	5033.61
196.40	8042.67	0.00	4778.30
196.50	9039.76	0.00	4504.12
196.60	9992.60	0.00	4212.17
196.70	10894.20	0.00	3903.60
196.80	11737.84	0.00	3579.62
196.90	12517.14	0.00	3241.51
197.00	13226.10	0.00	2890.62
197.10	13859.21	0.00	2528.31
197.20	14411.49	0.00	2156.02
197.30	14878.55	0.00	1775.23
197.40	15256.67	0.00	1387.43
197.50	15542.80	0.00	994.15
197.60	15734.62	0.00	596.96
197.70	15830.59	0.00	197.40
197.80	15838.72	0.00	-202.93
197.90	15810.17	0.00	-602.47
198.00	15752.98	0.00	-999.62
198.10	15666.57	0.00	-1392.83
198.20	15550.09	0.00	-1780.54
198.30	15402.44	0.00	-2161.23
198.40	15222.32	0.00	-2533.39
198.50	15008.23	0.00	-2895.55
198.60	14758.52	0.00	-3246.28
198.70	14471.47	0.00	-3584.20
198.80	14145.28	0.00	-3907.97
198.90	13778.19	0.00	-4216.32
199.00	13368.48	0.00	-4508.04
199.10	12914.54	0.00	-4781.96
199.20	12414.96	0.00	-5037.01
199.30	11868.55	0.00	-5272.18
199.40	11274.39	0.00	-5486.54
199.50	10631.93	0.00	-5679.25
199.60	9940.97	0.00	-5849.54
199.70	9201.77	0.00	-5996.76
199.80	8415.03	0.00	-6120.30
199.90	7581.98	0.00	-6219.69
200.00	6704.35	0.00	-6294.54
200.10	5784.42	0.00	-6344.54
200.20	4825.02	0.00	-6369.50
200.30	3829.55	0.00	-6369.33
200.40	2801.92	0.00	-6344.02
200.50	1746.61	0.00	-6293.67
200.60	668.57	0.00	-6218.48
200.70	-426.74	0.00	-6118.76
200.80	-1533.45	0.00	-5994.88
200.90	-2645.29	0.00	-5847.35
201.00	-3755.67	0.00	-5676.74
201.10	-4857.74	0.00	-5483.72
201.20	-5944.40	0.00	-5269.06
201.30	-7008.47	0.00	-5033.61
201.40	-8042.67	0.00	-4778.30
201.50	-9039.76	0.00	-4504.12
201.60	-9992.60	0.00	-4212.17
201.70	-10894.20	0.00	-3903.60
201.80	-11737.84	0.00	-3579.62
201.90	-12517.14	0.00	-3241.51
202.00	-13226.10	0.00	-2890.62
202.10	-13859.21	0.00	-2528.31
202.20	-14411.49	0.00	-2156.02
202.30	-14878.55	0.00	-1775.23
202.40	-15256.67	0.00	-1387.43
202.50	-15542.80	0.00	-994.15
202.60	-15734.62	0.00	-596.96
202.70	-15830.59	0.00	-197.40
202.80	-15838.72	0.00	202.93
202.90	-15810.17	0.00	602.47
203.00	-15752.98	0.00	999.62
203.10	-15666.57	0.00	1392.83
203.20	-15550.09	0.00	1780.54
203.30	-15402.44	0.00	2161.23
203.40	-15222.32	0.00	2533.39
203.50	-15008.23	0.00	2895.55
203.60	-14758.52	0.00	3246.28
203.70	-14471.47	0.00	3584.20
203.80	-14145.28	0.00	3907.97
203.90	-13778.19	0.00	4216.32
204.00	-13368.48	0.00	4508.04
204.10	-12914.54	0.00	4781.96
204.20	-12414.96	0.00	5037.01
204.30	-11868.55	0.00	5272.18
204.40	-11274.39	0.00	5486.54
204.50	-10631.93	0.00	5679.25
204.60	-9940.97	0.00	5849.54
204.70	-9201.77	0.00	5996.76
204.80	-8415.03	0.00	6120.30
204.90	-7581.98	0.00	6219.69
205.00	-6704.35	0.00	6294.54
205.10	-5784.42	0.00	6344.54
205.20	-4825.02	0.00	6369.50
205.30	-3829.55	0.00	6369.33
205.40	-2801.92	0.00	6344.02
205.50	-1746.61	0.00	6293.67
205.60	-668.57	0.00	6218.48
205.70	426.74	0.00	6118.76
205.80	1533.45	0.00	5994.88
205.90	2645.29	0.00	5847.35
206.00	3755.67	0.00	5676.74
206.10	4857.74	0.00	5483.72
206.20	5944.40	0.00	5269.06
206.30	7008.47	0.00	5033.61
206.40	8042.67	0.00	4778.30
206.50	9039.76	0.00	4504.12
206.60	9992.60	0.00	4212.17
206.70	10894.20	0.00	3903.60
206.80	11737.84	0.00	3579.62
206.90	12517.14	0.00	3241.51
207.00	13226.10	0.00	2890.62
207.10	13859.21	0.00	2528.31
207.20	14411.49	0.00	2156.02
207.30	14878.55	0.00	1775.23
207.40	15256.67	0.00	1387.43
207.50	15542.80	0.00	994.15
207.60	15734.62	0.00	596.96
207.70	15830.59	0.00	197.40
207.80	15838.72	0.00	-202.93
207.90	15810.17	0.00	-602.47
208.00	15752.98	0.00	-999.62
208.10	15666.57	0.00	-1392.83
208.20	15550.09	0.00	-1780.54
208.30	15402.44	0.00	-2161.23
208.40	15222.32	0.00	-2533.39
208.50	15008.23	0.00	-2895.55
208.60	14758.52	0.00	-3246.28
208.70	14471.47	0.00	-3584.20
208.80	14145.28	0.00	-3907.97
208.90	13778.19	0.00	-4216.32
209.00	13368.48	0.00	-4508.04
209.10	12914.54	0.00	-4781.96
209.20	12414.96	0.00	-5037.01
209.30	11868.55	0.00	-5272.18
209.40	11274.39	0.00	-5486.54
209.50	10631.93	0.00	-5679.25
209.60	9940.97	0.00	-5849.54
209.70	9201.77	0.00	-5996.76
209.80	8415.03	0.00	-6120.30
209.90	7581.98	0.00	-6219.69
210.00	6704.35	0.00	-6294.54
210.10	5784.42	0.00	-6344.54
210.20	4825.02	0.00	-6369.50
210.30	3829.55	0.00	-6369.33
210.40	2801.92	0.00	-6344.02
210.50	1746.61	0.00	-6293.67
210.60	668.57	0.00	-6218.48
210.70	-426.74	0.00	-6118.76
210.80	-1533.45	0.00	-5994.88
210.90	-2645.29	0.00	-5847.35
211.00	-3755.67	0.00	-5676.74
211.10	-4857.74	0.00	-5483.72
211.20	-5944.40	0.00	-5269.06
211.30	-7008.47	0.00	-5033.61
211.40	-8042.67	0.00	-4778.30
211.50	-9039.76	0.00	-4504.12
211.60	-9992.60	0.00	-4212.17
211.70	-10894.20	0.00	-3903.60
211.80	-11737.84	0.00	-3579.62
211.90	-12517.14	0.00	-3241.51
212.00	-13226.10	0.00	-2890.62
212.10	-13859.21	0.00	-2528.31
212.20	-14411.49	0.00	-2156.02
212.30	-14878.55	0.00	-1775.23
212.40	-15256.67	0.00	-1387.43
212.50	-15542.80	0.00	-994.15
212.60	-15734.62	0.00	-596.96
212.70	-15830.59	0.00	-197.40
212.80	-15838.72	0.00	202.93
212.90	-15810.17	0.00	602.47
213.00	-15752.98	0.00	999.62
213.10	-15666.57	0.00	1392.83
213.20	-15550.09	0.00	1780.54
213.30	-15402.44	0.00	2161.23
213.40	-15222.32	0.00	2533.39
213.50	-15008.23	0.00	2895.55
213.60	-14758.52	0.00	3246.28
213.70	-14471.47	0.00	3584.20
213.80	-14145.28	0.00	3907.97
213.90	-13778.19	0.00	4216.32
214.00	-13368.48	0.00	4508.04
214.10	-12914.54	0.00	4781.96
214.20	-12414.96	0.00	5037.01
214.30	-11868.55	0.00	5272.18
214.40	-11274.39	0.00	5486.54
214.50	-10631.93	0.00	5679.25
214.60	-9940.97	0.00	5849.54
214.70	-9201.77	0.00	5996.76
214.80	-8415.03	0.00	6120.30
214.90	-7581.98	0.00	6219.69
215.00	-6704.35	0.00	6294.54
215.10	-5784.42	0.00	6344.54
215.20	-4825.02	0.00	6369.50
215.30	-3829.55	0.00	6369.33
215.40	-2801.92	0.00	6344.02
215.50	-1746.61	0.00	6293.67
215.60	-668.57	0.00	6218.48
215.70	426.74	0.00	6118.76
215.80	1533.45	0.00	5994.88
215.90	2645.29	0.00	5847.35
216.00	3755.67	0.00	5676.74
216.10	4857.74	0.00	5483.72
216.20	5944.40	0.00	5269.06
216.30	7008.47	0.00	5033.61
216.40	8042.67	0.00	4778.30
216.50	9039.76	0.00	4504.12
216.60	9992.60	0.00	4212.17
216.70	10894.20	0.00	3903.60
216.80	11737.84	0.00	3579.62
216.90	12517.14	0.00	3241.51
217.00	13226.10	0.00	2890.62
217.10	13859.21	0.00	2528.31
217.20	14411.49	0.00	2156.02
217.30	14878.55	0.00	1775.23
217.40	15256.67	0.00	1387.43
217.50	15542.80	0.00	994.15
217.60	15734.62	0.00	596.96
217.70	15830.59	0.00	197.40
217.80	15838.72	0.00	-202.93
217.90	15810.17	0.00	-602.47
218.00	15752.98	0.00	-999.62
218.10	15666.57	0.00	-1392.83
218.20	15550.09	0.00	-1780.54
218.30	15402.44	0.00	-2161.23
218.40	15222.32	0.00	-2533.39
218.50	15008.23	0.00	-2895.55
218.60	14758.52	0.00	-3246.28
218.70	14471.47	0.00	-3584.20
218.80	14145.28	0.00	-3907.97
218.90	13778.19	0.00	-4216.32
219.00	13368.48	0.00	-4508.04
219.10	12914.54	0.00	-4781.96
219.20	12414.96	0.00	-5037.01
219.30	11868.55	0.00	-5272.18
219.40	11274.39	0.00	-5486.54
219.50	10631.93	0.00	-5679.25
219.60	9940.97	0.00	-5849.54
219.70	9201.77	0.00	-5996.76
219.80	8415.03	0.00	-6120.30
219.90	7581.98	0.00	-6219.69
220.00	6704.35	0.00	-6294.54
220.10	5784.42	0.00	-6344.54
220.20	4825.02	0.00	-6369.50
220.30	3829.55	0.00	-6369.33
220.40	2801.92	0.00	-6344.02
220.50	1746.61	0.00	-6293.67
220.60	668.57	0.00	-6218.48
220.70	-426.74	0.00	-6118.76
220.80	-1533.45	0.00	-5994.88
220.90	-2645.29	0.00	-5847.35
221.00	-3755.67	0.00	-5676.74
221.10	-4857.74	0.00	-5483.72
221.20	-5944.40	0.00	-5269.06
221.30	-7008.47	0.00	-5033.61
221.40	-8042.67	0.00	-4778.30
221.50	-9039.76	0.00	-4504.12
221.60	-9992.60	0.00	-4212.17
221.70	-10894.20	0.00	-3903.60
221.80	-11737.84	0.00	-3579.62
221.90	-12517.14	0.00	-3241.51
222.00	-13226.10	0.00	-2890.62
222.10	-13859.21	0.00	-2528.31
222.20	-14411.49	0.00	-2156.02
222.30	-14878.55	0.00	-1775.23
222.40	-15256.67	0.00	-1387.43
222.50	-15542.80	0.00	-994.15
222.60	-15734.62	0.00	-596.96
222.70	-15830.59	0.00	-197.40
222.80	-15838.72	0.00	202.93
222.90	-15810.17	0.00	602.47
223.00	-15752.98	0.00	999.62
223.10	-15666.57	0.00	1392.83
223.20	-15550.09	0.00	1780.54
223.30	-15402.44	0.00	2161.23
223.40	-15222.32	0.00	2533.39
223.50	-15008.23	0.00	2895.55
223.60	-14758.52	0.00	3246.28
223.70	-14471.47	0.00	3584.20
223.80	-14145.28	0.00	3907.97
223.90	-13778.19	0.00	4216.32
224.00	-13368.48	0.00	4508.04
224.10	-12914.54	0.00	4781.96
224.20	-12414.96	0.00	5037.01
224.30	-11868.55	0.00	5272.18
224.40	-11274.39	0.00	5486.54
224.50	-10631.93	0.00	5679.25
224.60	-9940.97	0.00	5849.54
224.70	-9201.77	0.00	5996.76
224.80	-8415.03	0.00	6120.30
224.90	-7581.98	0.00	6219.69
225.00	-6704.35	0.00	6294.54
225.10	-5784.42	0.00	6344.54
225.20	-4825.02	0.00	6369.50
225.30	-3829.55	0.00	6369.33
225.40	-2801.92	0.00	6344.02
225.50	-1746.61	0.00	6293.67
225.60	-668.57	0.00	6218.48
225.70	426.74	0.00	6118.76
225.80	1533.45	0.00	5994.88
225.90	2645.29	0.00	5847.35
226.00	3755.67	0.00	5676.74
226.10	4857.74	0.00	5483.72
226.20	5944.40	0.00	5269.06
226.30	7008.47	0.00	5033.61
226.40	8042.67	0.00	4778.30
226.50	9039.76	0.00	4504.12
226.60	9992.60	0.00	4212.17
226.70	10894.20	0.00	3903.60
226.80	11737.84	0.00	3579.62
226.90	12517.14	0.00	3241.51
227.00	13226.10	0.00	2890.62
227.10	13859.21	0.00	2528.31
227.20	14411.49	0.00	2156.02
227.30	14878.55	0.00	1775.23
227.40	15256.67	0.00	1387.43
227.50	15542.80	0.00	994.15
227.60	15734.62	0.00	596.96
227.70	15830.59	0.00	197.40
227.80	15838.72	0.00	-202.93
227.90	15810.17	0.00	-602.47
228.00	15752.98	0.00	-999.62
228.10	15666.57	0.00	-1392.83
228.20	15550.09	0.00	-1780.54
228.30	15402.44	0.00	-2161.23
228.40	15222.32	0.00	-2533.39
228.50	15008.23	0.00	-2895.55
228.60	14758.52	0.00	-3246.28
228.70	14471.47	0.00	-3584.20
228.80	14145.28	0.00	-3907.97
228.90	13778.19	0.00	-4216.32
229.00	13368.48	0.00	-4508.04
229.10	12914.54	0.00	-4781.96
229.20	12414.96	0.00	-5037.01
229.30	11868.55	0.00	-5272.18
229.40	11274.39	0.00	-5486.54
229.50	10631.93	0.00	-5679.25
229.60	9940.97	0.00	-5849.54
229.70	9201.77	0.00	-5996.76
229.80	8415.03	0.00	-6120.30
229.90	7581.98	0.00	-6219.69
230.00	6704.35	0.00	-6294.54
230.10	5784.42	0.00	-6344.54
230.20	4825.02	0.00	-6369.50
230.30	3829.55	0.00	-6369.33
230.40	2801.92	0.00	-6344.02
230.50	1746.61	0.00	-6293.67
230.60	668.57	0.00	-6218.48
230.70	-426.74	0.00	-6118.76
230.80	-1533.45	0.00	-5994.88
230.90	-2645.29	0.00	-5847.35
231.00	-3755.67	0.00	-5676.74
231.10	-4857.74	0.00	-5483.72
231.20	-5944.40	0.00	-5269.06
231.30	-7008.47	0.00	-5033.61
231.40	-8042.67	0.00	-4778.30
231.50	-9039.76	0.00	-4504.12
231.60	-9992.60	0.00	-4212.17
231.70	-10894.20	0.00	-3903.60
231.80	-11737.84	0.00	-3579.62
231.90	-12517.14	0.00	-3241.51
232.00	-13226.10	0.00	-2890.62
232.10	-13859.21	0.00	-2528.31
232.20	-14411.49	0.00	-2156.02
232.30	-14878.55	0.00	-1775.23
232.40	-15256.67	0.00	-1387.43
232.50	-15542.80	0.00	-994.15
232.60	-15734.62	0.00	-596.96
232.70	-15830.59	0.00	-197.40
232.80	-15838.72	0.00	202.93
232.90	-15810.17	0.00	602.47
233.00	-15752.98	0.00	999.62
233.10	-15666.57	0.00	1392.83
233.20	-15550.09	0.00	1780.54
233.30	-15402.44	0.00	2161.23
233.40	-15222.32	0.00	2533.39
233.50	-15008.23	0.00	2895.55
233.60	-14758.52	0.00	3246.28
233.70	-14471.47	0.00	3584.20
233.80	-14145.28	0.00	3907.97
233.90	-13778.19	0.00	4216.32
234.00	-13368.48	0.00	4508.04
234.10	-12914.54	0.00	4781.96
234.20	-12414.96	0.00	5037.01
234.30	-11868.55	0.00	5272.18
234.40	-11274.39	0.00	5486.54
234.50	-10631.93	0.00	5679.25
234.60	-9940.97	0.00	5849.54
234.70	-9201.77	0.00	5996.76
234.80	-8415.03	0.00	6120.30
234.90	-7581.98	0.00	6219.69
235.00	-6704.35	0.00	6294.54
235.10	-5784.42	0.00	6344.54
235.20	-4825.02	0.00	6369.50
235.30	-3829.55	0.00	6369.33
235.40	-2801.92	0.00	6344.02
235.50	-1746.61	0.00	6293.67
235.60	-668.57	0.00	6218.48
235.70	426.74	0.00	6118.76
235.80	1533.45	0.00	5994.88
235.90	2645.29	0.00	5847.35
236.00	3755.67	0.00	5676.74
236.10	4857.74	0.00	5483.72
236.20	5944.40	0.00	5269.06
236.30	7008.47	0.00	5033.61
236.40	8042.67	0.00	4778.30
236.50	9039.76	0.00	4504.12
236.60	9992.60	0.00	4212.17
236.70	10894.20	0.00	3903.60
236.80	11737.84	0.00	3579.62
236.90	12517.14	0.00	3241.51
237.00	13226.10	0.00	2890.62
237.10	13859.21	0.00	2528.31
237.20	14411.49	0.00	2156.02
237.30	14878.55	0.00	1775.23
237.40	15256.67	0.00	1387.43
237.50	15542.80	0.00	994.15
237.60	15734.62	0.00	596.96
237.70	15830.59	0.00	197.40
237.80	15838.72	0.00	-202.93
237.90	15810.17	0.00	-602.47
238.00	15752.98	0.00	-999.62
238.10	15666.57	0.00	-1392.83
238.20	15550.09	0.00	-1780.54
238.30	15402.44	0.00	-2161.23
238.40	15222.32	0.00	-2533.39
238.50	15008.23	0.00	-2895.55
238.60	14758.52	0.00	-3246.28
238.70	14471.47	0.00	-3584.20
238.80	14145.28	0.00	-3907.97
238.90	13778.19	0.00	-4216.32
239.00	13368.48	0.00	-4508.04
239.10	12914.54	0.00	-4781.96
239.20	12414.96	0.00	-5037.01
239.30	11868.55	0.00	-5272.18
239.40	11274.39	0.00	-5486.54
239.50	10631.93	0.00	-5679.25
239.60	9940.97	0.00	-5849.54
239.70	9201.77	0.00	-5996.76
239.80	8415.03	0.00	-6120.30
239.90	7581.98	0.00	-6219.69
240.00	6704.35	0.00	-6294.54
240.10	5784.42	0.00	-6344.54
240.20	4825.02	0.00	-6369.50
240.30	3829.55	0.00	-6369.33
240.40	2801.92	0.00	-6344.02
240.50	1746.61	0.00	-6293.67
240.60	668.57	0.00	-6218.48
240.70	-426.74	0.00	-6118.76
240.80	-1533.45	0.00	-5994.88
240.90	-2645.29	0.00	-5847.35
241.00	-3755.67	0.00	-5676.74
241.10	-4857.74	0.00	-5483.72
241.20	-5944.40	0.00	-5269.06
241.30	-7008.47	0.00	-5033.61
241.40	-8042.67	0.00	-4778.30
241.50	-9039.76	0.00	-4504.12
241.60	-9992.60	0.00	-4212.17
241.70	-10894.20	0.00	-3903.60
241.80	-11737.84	0.00	-3579.62
241.90	-12517.14	0.00	-3241.51
242.00	-13226.10	0.00	-2890.62
242.10	-13859.21	0.00	-2528.31
242.20	-14411.49	0.00	-2156.02
242.30	-14878.55	0.00	-1775.23
242.40	-15256.67	0.00	-1387.43
242.50	-15542.80	0.00	-994.15
242.60	-15734.62	0.00	-596.96
242.70	-15830.59	0.00	-197.40
242.80	-15838.72	0.00	202.93
242.90	-15810.17	0.00	602.47
243.00	-15752.98	0.00	999.62
243.10	-15666.57	0.00	1392.83
243.20	-15550.09	0.00	1780.54
243.30	-15402.44	0.00	2161.23
243.40	-15222.32	0.00	2533.39
243.50	-15008.23	0.00	2895.55
243.60	-14758.52	0.00	3246.28
243.70	-14471.47	0.00	3584.20
243.80	-14145.28	0.00	3907.97
243.90	-13778.19	0.00	4216.32
244.00	-13368.48	0.00	4508.04
244.10	-12914.54	0.00	4781.96
244.20	-12414.96	0.00	5037.01
244.30	-11868.55	0.00	5272.18
244.40	-11274.39	0.00	5486.54
244.50	-10631.93	0.00	5679.25
244.60	-9940.97	0.00	5849.54
244.70	-9201.77	0.00	5996.76
244.80	-8415.03	0.00	6120.30
244.90	-7581.98	0.00	6219.69
245.00	-6704.35	0.00	6294.54
245.10	-5784.42	0.00	6344.54
245.20	-4825.02	0.00	6369.50
245.30	-3829.55	0.00	6369.33
245.40	-2801.92	0.00	6344.02
245.50	-1746.61	0.00	6293.67
245.60	-668.57	0.00	6218.48
245.70	426.74	0.00	6118.76
245.80	1533.45	0.00	5994.88
245.90	2645.29	0.00	5847.35
246.00	3755.67	0.00	5676.74
246.10	4857.74	0.00	5483.72
246.20	5944.40	0.00	5269.06
246.30	7008.47	0.00	5033.61
246.40	8042.67	0.00	4778.30
246.50	9039.76	0.00	4504.12
246.60	9992.60	0.00	4212.17
246.70	10894.20	0.00	3903.60
246.80	11737.84	0.00	3579.62
246.90	12517.14	0.00	3241.51
247.00	13226.10	0.00	2890.62
247.10	13859.21	0.00	2528.31
247.20	14411.49	0.00	2156.02
247.30	14878.55	0.00	1775.23
247.40	15256.67	0.00	1387.43
247.50	15542.80	0.00	994.15
247.60	15734.62	0.00	596.96
247.70	15830.59	0.00	197.40
247.80	15838.72	0.00	-202.93
247.90	15810.17	0.00	-602.47
248.00	15752.98	0.00	-999.62
248.10	15666.57	0.00	-1392.83
248.20	15550.09	0.00	-1780.54
248.30	15402.44	0.00	-2161.23
248.40	15222.32	0.00	-2533.39
248.50	15008.23	0.00	-2895.55
248.60	14758.52	0.00	-3246.28
248.70	14471.47	0.00	-3584.20
248.80	14145.28	0.00	-3907.97
248.90	13778.19	0.00	-4216.32
249.00	13368.48	0.00	-4508.04
249.10	12914.54	0.00	-4781.96
249.20	12414.96	0.00	-5037.01
249.30	11868.55	0.00	-5272.18
249.40	11274.39	0.00	-5486.54
249.50	10631.93	0.00	-5679.25
249.60	9940.97	0.00	-5849.54
249.70	9201.77	0.00	-5996.76
249.80	8415.03	0.00	-6120.30
249.90	7581.98	0.00	-6219.69
250.00	6704.35	0.00	-6294.54
250.10	5784.42	0.00	-6344.54
250.20	4825.02	0.00	-6369.50
250.30	3829.55	0.00	-6369.33
250.40	2801.92	0.00	-6344.02
250.50	1746.61	0.00	-6293.67
250.60	668.57	0.00	-6218.48
250.70	-426.74	0.00	-6118.76
250.80	-1533.45	0.00	-5994.88
250.90	-2645.29	0.00	-5847.35
251.00	-3755.67	0.00	-5676.74
251.10	-4857.74	0.00	-5483.72
251.20	-5944.40	0.00	-5269.06
251.30	-7008.47	0.00	-5033.61
251.40	-8042.67	0.00	-4778.30
251.50	-9039.76	0.00	-4504.12
251.60	-9992.60	0.00	-4212.17
251.70	-10894.20	0.00	-3903.60
251.80	-11737.84	0.00	-3579.62
251.90	-12517.14	0.00	-3241.51
252.00	-13226.10	0.00	-2890.62
252.10	-13859.21	0.00	-2528.31
252.20	-14411.49	0.00	-2156.02
252.30	-14878.55	0.00	-1775.23
252.40	-15256.67	0.00	-1387.43
252.50	-15542.80	0.00	-994.15
252.60	-15734.62	0.00	-596.96
252.70	-15830.59	0.00	-197.40
252.80	-15838.72	0.00	202.93
252.90	-15810.17	0.00	602.47
253.00	-15752.98	0.00	999.62
253.10	-15666.57	0.00	1392.83
253.20	-15550.09	0.00	1780.54
253.30	-15402.44	0.00	2161.23
253.40	-15222.32	0.00	2533.39
253.50	-15008.23	0.00	2895.55
253.60	-14758.52	0.00	3246.28
253.70	-14471.47	0.00	3584.20
253.80	-14145.28	0.00	3907.97
253.90	-13778.19	0.00	4216.32
254.00	-13368.48	0.00	4508.04
254.10	-12914.54	0.00	4781.96
254.20	-12414.96	0.00	5037.01
254.30	-11868.55	0.00	5272.18
254.40	-11274.39	0.00	5486.54
254.50	-10631.93	0.00	5679.25
254.60	-9940.97	0.00	5849.54
254.70	-9201.77	0.00	5996.76
254.80	-8415.03	0.00	6120.30
254.90	-7581.98	0.00	6219.69
255.00	-6704.35	0.00	6294.54
255.10	-5784.42	0.00	6344.54
255.20	-4825.02	0.00	6369.50
255.30	-3829.55	0.00	6369.33
255.40	-2801.92	0.00	6344.02
255.50	-1746.61	0.00	6293.67
255.60	-668.57	0.00	6218.48
255.70	426.74	0.00	6118.76
255.80	1533.45	0.00	5994.88
255.90	2645.29	0.00	5847.35
256.00	3755.67	0.00	5676.74
256.10	4857.74	0.00	5483.72
256.20	5944.40	0.00	5269.06
256.30	7008.47	0.00	5033.61
256.40	8042.67	0.00	4778.30
256.50	9039.76	0.00	4504.12
256.60	9992.60	0.00	4212.17
256.70	10894.20	0.00	3903.60
256.80	11737.84	0.00	3579.62
256.90	12517.14	0.00	3241.51
257.00	13226.10	0.00	2890.62
257.10	13859.21	0.00	2528.31
257.20	14411.49	0.00	2156.02
257.30	14878.55	0.00	1775.23
257.40	15256.67	0.00	1387.43
257.50	15542.80	0.00	994.15
257.60	15734.62	0.00	596.96
257.70	15830.59	0.00	197.40
257.80	15838.72	0.00	-202.93
257.90	15810.17	0.00	-602.47
258.00	15752.98	0.00	-999.62
258.10	15666.57	0.00	-1392.83
258.20	15550.09	0.00	-1780.54
258.30	15402.44	0.00	-2161.23
258.40	15222.32	0.00	-2533.39
258.50	15008.23	0.00	-2895.55
258.60	14758.52	0.00	-3246.28
258.70	14471.47	0.00	-3584.20
258.80	14145.28	0.00	-3907.97
258.90	13778.19	0.00	-4216.32
259.00	13368.48	0.00	-4508.04
259.10	12914.54	0.00	-4781.96
259.20	12414.96	0.00	-5037.01
259.30	11868.55	0.00	-5272.18
259.40	11274.39	0.00	-5486.54
259.50	10631.93	0.00	-5679.25
259.60	9940.97	0.00	-5849.54
259.70	9201.77	0.00	-5996.76
259.80	8415.03	0.00	-6120.30
259.90	7581.98	0.00	-6219.69
260.00	6704.35	0.00	-6294.54
260.10	5784.42	0.00	-6344.54
260.20	4825.02	0.00	-6369.50
260.30	3829.55	0.00	-6369.33
260.40	2801.92	0.00	-6344.02
260.50	1746.61	0.00	-6293.67
260.60	668.57	0.00	-6218.48
260.70	-426.74	0.00	-6118.76
260.80	-1533.45	0.00	-5994.88
260.90	-2645.29	0.00	-5847.35
261.00	-3755.67	0.00	-5676.74
261.10	-4857.74	0.00	-5483.72
261.20	-5944.40	0.00	-5269.06
261.30	-7008.47	0.00	-5033.61
261.40	-8042.67	0.00	-4778.30
261.50	-9039.76	0.00	-4504.12
261.60	-9992.60	0.00	-4212.17
261.70	-10894.20	0.00	-3903.60
261.80	-11737.84	0.00	-3579.62
261.90	-12517.14	0.00	-3241.51
262.00	-13226.10	0.00	-2890.62
262.10	-13859.21	0.00	-2528.31
262.20	-14411.49	0.00	-2156.02
262.30	-14878.55	0.00	-1775.23
262.40	-15256.67	0.00	-1387.43
262.50	-15542.80	0.00	-994.15
262.60	-15734.62	0.00	-596.96
262.70	-15830.59	0.00	-197.40
262.80	-15838.72	0.00	202.93
262.90	-15810.17	0.00	602.47
263.00	-15752.98	0.00	999.62
263.10	-15666.57	0.00	1392.83
263.20	-15550.09	0.00	1780.54
263.30	-15402.44	0.00	2161.23
263.40	-15222.32	0.00	2533.39
263.50	-15008.23	0.00	2895.55
263.60	-14758.52	0.00	3246.28
263.70	-14471.47	0.00	3584.20
263.80	-14145.28	0.00	3907.97
263.90	-13778.19	0.00	4216.32
264.00	-13368.48	0.00	4508.04
264.10	-12914.54	0.00	4781.96
264.20	-12414.96	0.00	5037.01
264.30	-11868.55	0.00	5272.18
264.40	-11274.39	0.00	5486.54
264.50	-10631.93	0.00	5679.25
264.60	-9940.97	0.00	5849.54
264.70	-9201.77	0.00	5996.76
264.80	-8415.03	0.00	6120.30
264.90	-7581.98	0.00	6219.69
265.00	-6704.35	0.00	6294.54
265.10	-5784.42	0.00	6344.54
265.20	-4825.02	0.00	6369.50
265.30	-3829.55	0.00	6369.33
265.40	-2801.92	0.00	6344.02
265.50	-1746.61	0.00	6293.67
265.60	-668.57	0.00	6218.48
265.70	426.74	0.00	6118.76
265.80	1533.45	0.00	5994.88
265.90	2645.29	0.00	5847.35
266.00	3755.67	0.00	5676.74
266.10	4857.74	0.00	5483.72
266.20	5944.40	0.00	5269.06
266.30	7008.47	0.00	5033.61
266.40	8042.67	0.00	4778.30
266.50	9039.76	0.00	4504.12
266.60	9992.60	0.00	4212.17
266.70	10894.20	0.00	3903.60
266.80	11737.84	0.00	3579.62
266.90	12517.14	0.00	3241.51
267.00	13226.10	0.00	2890.62
267.10	13859.21	0.00	2528.31
267.20	14411.49	0.00	2156.02
267.30	14878.55	0.00	1775.23
267.40	15256.67	0.00	1387.43
267.50	15542.80	0.00	994.15
267.60	15734.62	0.00	596.96
267.70	15830.59	0.00	197.40
267.80	15838.72	0.00	-202.93
267.90	15810.17	0.00	-602.47
268.00	15752.98	0.00	-999.62
268.10	15666.57	0.00	-1392.83
268.20	15550.09	0.00	-1780.54
268.30	15402.44	0.00	-2161.23
268.40	15222.32	0.00	-2533.39
268.50	15008.23	0.00	-2895.55
268.60	14758.52	0.00	-3246.28
268.70	14471.47	0.00	-3584.20
268.80	14145.28	0.00	-3907.97
268.90	13778.19	0.00	-4216.32
269.00	13368.48	0.00	-4508.04
269.10	12914.54	0.00	-4781.96
269.20	12414.96	0.00	-5037.01
269.30	11868.55	0.00	-5272.18
269.40	11274.39	0.00	-5486.54
269.50	10631.93	0.00	-5679.25
269.60	9940.97	0.00	-5849.54
269.70	9201.77	0.00	-5996.76
269.80	8415.03	0.00	-6120.30
269.90	7581.98	0.00	-6219.69
270.00	6704.35	0.00	-6294.54
270.10	5784.42	0.00	-6344.54
270.20	4825.02	0.00	-6369.50
270.30	3829.55	0.00	-6369.33
270.40	2801.92	0.00	-6344.02
270.50	1746.61	0.00	-6293.67
270.60	668.57	0.00	-6218.48
270.70	-426.74	0.00	-6118.76
270.80	-1533.45	0.00	-5994.88
270.90	-2645.29	0.00	-5847.35
271.00	-3755.67	0.00	-5676.74
271.10	-4857.74	0.00	-5483.72
271.20	-5944.40	0.00	-5269.06
271.30	-7008.47	0.00	-5033.61
271.40	-8042.67	0.00	-4778.30
271.50	-9039.76	0.00	-4504.12
271.60	-9992.60	0.00	-4212.17
271.70	-10894.20	0.00	-3903.60
271.80	-11737.84	0.00	-3579.62
271.90	-12517.14	0.00	-3241.51
272.00	-13226.10	0.00	-2890.62
272.10	-13859.21	0.00	-2528.31
272.20	-14411.49	0.00	-2156.02
272.30	-14878.55	0.00	-1775.23
272.40	-15256.67	0.00	-1387.43
272.50	-15542.80	0.00	-994.15
272.60	-15734.62	0.00	-596.96
272.70	-15830.59	0.00	-197.40
272.80	-15838.72	0.00	202.93
272.90	-15810.17	0.00	602.47
273.00	-15752.98	0.00	999.62
273.10	-15666.57	0.00	1392.83
273.20	-15550.09	0.00	1780.54
273.30	-15402.44	0.00	2161.23
273.40	-15222.32	0.00	2533.39
273.50	-15008.23	0.00	2895.55
273.60	-14758.52	0.00	3246.28
273.70	-14471.47	0.00	3584.20
273.80	-14145.28	0.00	3907.97
273.90	-13778.19	0.00	4216.32
274.00	-13368.48	0.00	4508.04
274.10	-12914.54	0.00	4781.96
274.20	-12414.96	0.00	5037.01
274.30	-11868.55	0.00	5272.18
274.40	-11274.39	0.00	5486.54
274.50	-10631.93	0.00	5679.25
274.60	-9940.97	0.00	5849.54
274.70	-9201.77	0.00	5996.76
274.80	-8415.03	0.00	6120.30
274.90	-7581.98	0.00	6219.69
275.00	-6704.35	0.00	6294.54
275.10	-5784.42	0.00	6344.54
275.20	-4825.02	0.00	6369.50
275.30	-3829.55	0.00	6369.33
275.40	-2801.92	0.00	6344.02
275.50	-1746.61	0.00	6293.67
275.60	-668.57	0.00	6218.48
275.70	426.74	0.00	6118.76
275.80	1533.45	0.00	5994.88
275.90	2645.29	0.00	5847.35
276.00	3755.67	0.00	5676.74
276.10	4857.74	0.00	5483.72
276.20	5944.40	0.00	5269.06
276.30	7008.47	0.00	5033.61
276.40	8042.67	0.00	4778.30
276.50	9039.76	0.00	4504.12
276.60	9992.60	0.00	4212.17
276.70	10894.20	0.00	3903.60
276.80	11737.84	0.00	3579.62
276.90	12517.14	0.00	3241.51
277.00	13226.10	0.00	2890.62
277.10	13859.21	0.00	2528.31
277.20	14411.49	0.00	2156.02
277.30	14878.55	0.00	1775.23
277.40	15256.67	0.00	1387.43
277.50	15542.80	0.00	994.15
277.60	15734.62	0.00	596.96
277.70	15830.59	0.00	197.40
277.80	15838.72	0.00	-202.93
277.90	15810.17	0.00	-602.47
278.00	15752.98	0.00	-999.62
278.10	15666.57	0.00	-1392.83
278.20	15550.09	0.00	-1780.54
278.30	15402.44	0.00	-2161.23
278.40	15222.32	0.00	-2533.39
278.50	15008.23	0.00	-2895.55
278.60	14758.52	0.00	-3246.28
278.70	14471.47	0.00	-3584.20
278.80	14145.28	0.00	-3907.97
278.90	13778.19	0.00	-4216.32
279.00	13368.48	0.00	-4508.04
279.10	12914.54	0.00	-4781.96
279.20	12414.96	0.00	-5037.01
279.30	11868.55	0.00	-5272.18
279.40	11274.39	0.00	-5486.54
279.50	10631.93	0.00	-5679.25
279.60	9940.97	0.00	-5849.54
279.70	9201.77	0.00	-5996.76
279.80	8415.03	0.00	-6120.30
279.90	7581.98	0.00	-6219.69
280.00	6704.35	0.00	-6294.54
280.10	5784.42	0.00	-6344.54
280.20	4825.02	0.00	-6369.50
280.30	3829.55	0.00	-6369.33
280.40	2801.92	0.00	-6344.02
280.50	1746.61	0.00	-6293.67
280.60	668.57	0.00	-6218.48
280.70	-426.74	0.00	-6118.76
280.80	-1533.45	0.00	-5994.88
280.90	-2645.29	0.00	-5847.35
281.00	-3755.67	0.00	-5676.74
281.10	-4857.74	0.00	-5483.72
281.20	-5944.40	0.00	-5269.06
281.30	-7008.47	0.00	-5033.61
281.40	-8042.67	0.00	-4778.30
281.50	-9039.76	0.00	-4504.12
281.60	-9992.60	0.00	-4212.17
281.70	-10894.20	0.00	-3903.60
281.80	-11737.84	0.00	-3579.62
281.90	-12517.14	0.00	-3241.51
282.00	-13226.10	0.00	-2890.62
282.10	-13859.21	0.00	-2528.31
282.20	-14411.49	0.00	-2156.02
282.30	-14878.55	0.00	-1775.23
282.40	-15256.67	0.00	-1387.43
282.50	-15542.80	0.00	-994.15
282.60	-15734.62	0.00	-596.96
282.70	-15830.59	0.00	-197.40
282.80	-15838.72	0.00	202.93
282.90	-15810.17	0.00	602.47
283.00	-15752.98	0.00	999.62
283.10	-15666.57	0.00	1392.83
283.20	-15550.09	0.00	1780.54
283.30	-15402.44	0.00	2161.23
283.40	-15222.32	0.00	2533.39
283.50	-15008.23	0.00	2895.55
283.60	-14758.52	0.00	3246.28
283.70	-14471.47	0.00	3584.20
283.80	-14145.28	0.00	3907.97
283.90	-13778.19	0.00	4216.32
284.00	-13368.48	0.00	4508.04
284.10	-12914.54	0.00	4781.96
284.20	-12414.96	0.00	5037.01
284.30	-11868.55	0.00	5272.18
284.40	-11274.39	0.00	5486.54
284.50	-10631.93	0.00	5679.25
284.60	-9940.97	0.00	5849.54
284.70	-9201.77	0.00	5996.76
284.80	-8415.03	0.00	6120.30
284.90	-7581.98	0.00	6219.69
285.00	-6704.35	0.00	6294.54
285.10	-5784.42	0.00	6344.54
285.20	-4825.02	0.00	6369.50
285.30	-3829.55	0.00	6369.33
285.40	-2801.92	0.00	6344.02
285.50	-1746.61	0.00	6293.67
285.60	-668.57	0.00	6218.48
285.70	426.74	0.00	6118.76
285.80	1533.45	0.00	5994.88
285.90	2645.29	0.00	5847.35
286.00	3755.67	0.00	5676.74
286.10	4857.74	0.00	5483.72
286.20	5944.40	0.00	5269.06
286.30	7008.47	0.00	5033.61
286.40	8042.67	0.00	4778.30
286.50	9039.76	0.00	4504.12
286.60	9992.60	0.00	4212.17
286.70	10894.20	0.00	3903.60
286.80	11737.84	0.00	3579.62
286.90	12517.14	0.00	3241.51
287.00	13226.10	0.00	2890.62
287.10	13859.21	0.00	2528.31
287.20	14411.49	0.00	2156.02
287.30	14878.55	0.00	1775.23
287.40	15256.67	0.00	1387.43
287.50	15542.80	0.00	994.15
287.60	15734.62	0.00	596.96
287.70	15830.59	0.00	197.40
287.80	15838.72	0.00	-202.93
287.90	15810.17	0.00	-602.47
288.00	15752.98	0.00	-999.62
288.10	15666.57	0.00	-1392.83
288.20	15550.09	0.00	-1780.54
288.30	15402.44	0.00	-2161.23
288.40	15222.32	0.00	-2533.39
288.50	15008.23	0.00	-2895.55
288.60	14758.52	0.00	-3246.28
288.70	14471.47	0.00	-3584.20
288.80	14145.28	0.00	-3907.97
288.90	13778.19	0.00	-4216.32
289.00	13368.48	0.00	-4508.04
289.10	12914.54	0.00	-4781.96
289.20	12414.96	0.00	-5037.01
289.30	11868.55	0.00	-5272.18
289.40	11274.39	0.00	-5486.54
289.50	10631.93	0.00	-5679.25
289.60	9940.97	0.00	-5849.54
289.70	9201.77	0.00	-5996.76
289.80	8415.03	0.00	-6120.30
289.90	7581.98	0.00	-6219.69
290.00	6704.35	0.00	-6294.54
290.10	5784.42	0.00	-6344.54
290.20	4825.02	0.00	-6369.50
290.30	3829.55	0.00	-6369.33
290.40	2801.92	0.00	-6344.02
290.50	1746.61	0.00	-6293.67
290.60	668.57	0.00	-6218.48
290.70	-426.74	0.00	-6118.76
290.80	-1533.45	0.00	-5994.88
290.90	-2645.29	0.00	-5847.35
291.00	-3755.67	0.00	-5676.74
291.10	-4857.74	0.00	-5483.72
291.20	-5944.40	0.00	-5269.06
291.30	-7008.47	0.00	-5033.61
291.40	-8042.67	0.00	-4778.30
291.50	-9039.76	0.00	-4504.12
291.60	-9992.60	0.00	-4212.17
291.70	-10894.20	0.00	-3903.60
291.80	-11737.84	0.00	-3579.62
291.90	-12517.14	0.00	-3241.51
292.00	-13226.10	0.00	-2890.62
292.10	-13859.21	0.00	-2528.31
292.20	-14411.49	0.00	-2156.02
292.30	-14878.55	0.00	-1775.23
292.40	-15256.67	0.00	-1387.43
292.50	-15542.80	0.00	-994.15
292.60	-15734.62	0.00	-596.96
292.70	-15830.59	0.00	-197.40
292.80	-15838.72	0.00	202.93
292.90	-15810.17	0.00	602.47
293.00	-15752.98	0.00	999.62
293.10	-15666.57	0.00	1392.83
293.20	-15550.09	0.00	1780.54
293.30	-15402.44	0.00	2161.23
293.40	-15222.32	0.00	2533.39
293.50	-15008.23	0.00	2895.55
293.60	-14758.52	0.00	3246.28
293.70	-14471.47	0.00	3584.20
293.80	-14145.28	0.00	3907.97
293.90	-13778.19	0.00	4216.32
294.00	-13368.48	0.00	4508.04
294.10	-12914.54	0.00	4781.96
294.20	-12414.96	0.00	5037.01
294.30	-11868.55	0.00	5272.18
294.40	-11274.39	0.00	5486.54
294.50	-10631.93	0.00	5679.25
294.60	-9940.97	0.00	5849.54
294.70	-9201.77	0.00	5996.76
294.80	-8415.03	0.00	6120.30
294.90	-7581.98	0.00	6219.69
295.00	-6704.35	0.00	6294.54
295.10	-5784.42	0.00	6344.54
295.20	-4825.02	0.00	6369.50
295.30	-3829.55	0.00	6369.33
295.40	-2801.92	0.00	6344.02
295.50	-1746.61	0.00	6293.67
295.60	-668.57	0.00	6218.48
295.70	426.74	0.00	6118.76
295.80	1533.45	0.00	5994.88
295.90	2645.29	0.00	5847.35
296.00	3755.67	0.00	5676.74
296.10	4857.74	0.00	5483.72
296.20	5944.40	0.00	5269.06
296.30	7008.47	0.00	5033.61
296.40	8042.67	0.00	4778.30
296.50	9039.76	0.00	4504.12
296.60	9992.60	0.00	4212.17
296.70	10894.20	0.00	3903.60
296.80	11737.84	0.00	3579.62
296.90	12517.14	0.00	3241.51
297.00	13226.10	0.00	2890.62
297.10	13859.21	0.00	2528.31
297.20	14411.49	0.00	2156.02
297.30	14878.55	0.00	1775.23
297.40	15256.67	0.00	1387.43
297.50	15542.80	0.00	994.15
297.60	15734.62	0.00	596.96
297.70	15830.59	0.00	197.40
297.80	15838.72	0.00	-202.93
297.90	15810.17	0.00	-602.47
298.00	15752.98	0.00	-999.62
298.10	15666.57	0.00	-1392.83
298.20	15550.09	0.00	-1780.54
298.30	15402.44	0.00	-2161.23
298.40	15222.32	0.00	-2533.39
298.50	15008.23	0.00	-2895.55
298.60	14758.52	0.00	-3246.28
298.70	14471.47	0.00	-3584.20
298.80	14145.28	0.00	-3907.97
298.90	13778.19	0.00	-4216.32
299.00	13368.48	0.00	-4508.04
299.10	12914.54	0.00	-4781.96
299.20	12414.96	0.00	-5037.01
299.30	11868.55	0.00	-5272.18
299.40	11274.39	0.00	-5486.54
299.50	10631.93	0.00	-5679.25
299.60	9940.97	0.00	-5849.54
299.70	9201.77	0.00	-5996.76
299.80	8415.03	0.00	-6120.30
299.90	7581.98	0.00	-6219.69
300.00	6704.35	0.00	-6294.54
300.10	5784.42	0.00	-6344.54
300.20	4825.02	0.00	-6369.50
300.30	3829.55	0.00	-6369.33
300.40	2801.92	0.00	-6344.02
300.50	1746.61	0.00	-6293.67
300.60	668.57	0.00	-6218.48
300.70	-426.74	0.00	-6118.76
300.80	-1533.45	0.00	-5994.88
300.90	-2645.29	0.00	-5847.35
301.00	-3755.67	0.00	-5676.74
301.10	-4857.74	0.00	-5483.72
301.20	-5944.40	0.00	-5269.06
301.30	-7008.47	0.00	-5033.61
301.40	-8042.67	0.00	-4778.30
301.50	-9039.76	0.00	-4504.12
301.60	-9992.60	0.00	-4212.17
301.70	-10894.20	0.00	-3903.60
301.80	-11737.84	0.00	-3579.62
301.90	-12517.14	0.00	-3241.51
302.00	-13226.10	0.00	-2890.62
302.10	-13859.21	0.00	-2528.31
302.20	-14411.49	0.00	-2156.02
302.30	-14878.55	0.00	-1775.23
302.40	-15256.67	0.00	-1387.43
302.50	-15542.80	0.00	-994.15
302.60	-15734.62	0.00	-596.96
302.70	-15830.59	0.00	-197.40
302.80	-15838.72	0.00	202.93
302.90	-15810.17	0.00	602.47
303.00	-15752.98	0.00	999.62
303.10	-15666.57	0.00	1392.83
303.20	-15550.09	0.00	1780.54
303.30	-15402.44	0.00	2161.23
303.40	-15222.32	0.00	2533.39
303.50	-15008.23	0.00	2895.55
303.60	-14758.52	0.00	3246.28
303.70	-14471.47	0.00	3584.20
303.80	-14145.28	0.00	3907.97
303.90	-13778.19	0.00	4216.32
304.00	-13368.48	0.00	4508.04
304.10	-12914.54	0.00	4781.96
304.20	-12414.96	0.00	5037.01
304.30	-11868.55	0.00	5272.18
304.40	-11274.39	0.00	5486.54
304.50	-10631.93	0.00	5679.25
304.60	-9940.97	0.00	5849.54
304.70	-9201.77	0.00	5996.76
304.80	-8415.03	0.00	6120.30
304.90	-7581.98	0.00	6219.69
305.00	-6704.35	0.00	6294.54
305.10	-5784.42	0.00	6344.54
305.20	-4825.02	0.00	6369.50
305.30	-3829.55	0.00	6369.33
305.40	-2801.92	0.00	6344.02
305.50	-1746.61	0.00	6293.67
305.60	-668.57	0.00	6218.48
305.70	426.74	0.00	6118.76
305.80	1533.45	0.00	5994.88
305.90	2645.29	0.00	5847.35
306.00	3755.67	0.00	5676.74
306.10	4857.74	0.00	5483.72
306.20	5944.40	0.00	5269.06
306.30	7008.47	0.00	5033.61
306.40	8042.67	0.00	4778.30
306.50	9039.76	0.00	4504.12
306.60	9992.60	0.00	4212.17
306.70	10894.20	0.00	3903.60
306.80	11737.84	0.00	3579.62
306.90	12517.14	0.00	3241.51
307.00	13226.10	0.00	2890.62
307.10	13859.21	0.00	2528.31
307.20	14411.49	0.00	2156.02
307.30	14878.55	0.00	1775.23
307.40	15256.67	0.00	1387.43
307.50	15542.80	0.00	994.15
307.60	15734.62	0.00	596.96
307.70	15830.59	0.00	197.40
307.80	15838.72	0.00	-202.93
307.90	15810.17	0.00	-602.47
308.00	15752.98	0.00	-999.62
308.10	15666.57	0.00	-1392.83
308.20	15550.09	0.00	-1780.54
308.30	15402.44	0.00	-2161.23
308.40	15222.32	0.00	-2533.39
308.50	15008.23	0.00	-2895.55
308.60	14758.52	0.00	-3246.28
308.70	14471.47	0.00	-3584.20
308.80	14145.28	0.00	-3907.97
308.90	13778.19	0.00	-4216.32
309.00	13368.48	0.00	-4508.04
309.10	12914.54	0.00	-4781.96
309.20	12414.96	0.00	-5037.01
309.30	11868.55	0.00	-5272.18
309.40	11274.39	0.00	-5486.54
309.50	10631.93	0.00	-5679.25
309.60	9940.97	0.00	-5849.54
309.70	9201.77	0.00	-5996.76
309.80	8415.03	0.00	-6120.30
309.90	7581.98	0.00	-6219.69
310.00	6704.35	0.00	-6294.54
310.10	5784.42	0.00	-6344.54
310.20	4825.02	0.00	-6369.50
310.30	3829.55	0.00	-6369.33
310.40	2801.92	0.00	-6344.02
310.50	1746.61	0.00	-6293.67
310.60	668.57	0.00	-6218.48
310.70	-426.74	0.00	-6118.76
310.80	-1533.45	0.00	-5994.88
310.90	-2645.29	0.00	-5847.35
311.00	-3755.67	0.00	-5676.74
311.10	-4857.74	0.00	-5483.72
311.20	-5944.40	0.00	-5269.06
311.30	-7008.47	0.00	-5033.61
311.40	-8042.67	0.00	-4778.30
311.50	-9039.76	0.00	-4504.12
311.60	-9992.60	0.00	-4212.17
311.70	-10894.20	0.00	-3903.60
311.80	-11737.84	0.00	-3579.62
311.90	-12517.14	0.00	-3241.51
312.00	-13226.10	0.00	-2890.62
312.10	-13859.21	0.00	-2528.31
312.20	-14411.49	0.00	-2156.02
312.30	-14878.55	0.00	-1775.23
312.40	-15256.67	0.00	-1387.43
312.50	-15542.80	0.00	-994.15
312.60	-15734.62	0.00	-596.96
312.70	-15830.59	0.00	-197.40
312.80	-15838.72	0.00	202.93
312.90	-15810.17	0.00	602.47
313.00	-15752.98	0.00	999.62
313.10	-15666.57	0.00	1392.83
313.20	-15550.09	0.00	1780.54
313.30	-15402.44	0.00	2161.23
313.40	-15222.32	0.00	2533.39
313.50	-15008.23	0.00	2895.55
313.60	-14758.52	0.00	3246.28
313.70	-14471.47	0.00	3584.20
313.80	-14145.28	0.00	3907.97
313.90	-13778.19	0.00	4216.32
314.00	-13368.48	0.00	4508.04
314.10	-12914.54	0.00	4781.96
314.20	-12414.96	0.00	5037.01
314.30	-11868.55	0.00	5272.18
314.40	-11274.39	0.00	5486.54
314.50	-10631.93	0.00	5679.25
314.60	-9940.97	0.00	5849.54
314.70	-9201.77	0.00	5996.76
314.80	-8415.03	0.00	6120.30
314.90	-7581.98	0.00	6219.69
315.00	-6704.35	0.00	6294.54
315.10	-5784.42	0.00	6344.54
315.20	-4825.02	0.00	6369.50
315.30	-3829.55	0.00	6369.33
315.40	-2801.92	0.00	6344.02
315.50	-1746.61	0.00	6293.67
315.60	-668.57	0.00	6218.48
315.70	426.74	0.00	6118.76
315.80	1533.45	0.00	5994.88
315.90	2645.29	0.00	5847.35
316.00	3755.67	0.00	5676.74
316.10	4857.74	0.00	5483.72
316.20	5944.40	0.00	5269.06
316.30	7008.47	0.00	5033.61
316.40	8042.67	0.00	4778.30
316.50	9039.76	0.00	4504.12
316.60	9992.60	0.00	4212.17
316.70	10894.20	0.00	3903.60
316.80	11737.84	0.00	3579.62
316.90	12517.14	0.00	3241.51
317.00	13226.10	0.00	2890.62
317.10	13859.21	0.00	2528.31
317.20	14411.49	0.00	2156.02
317.30	14878.55	0.00	1775.23
317.40	15256.67	0.00	1387.43
317.50	15542.80	0.00	994.15
317.60	15734.62	0.00	596.96
317.70	15830.59	0.00	197.40
317.80	15838.72	0.00	-202.93
317.90	15810.17	0.00	-602.47
318.00	15752.98	0.00	-999.62
318.10	15666.57	0.00	-1392.83
318.20	15550.09	0.00	-1780.54
318.30	15402.44	0.00	-2161.23
318.40	15222.32	0.00	-2533.39
318.50	15008.23	0.00	-2895.55
318.60	14758.52	0.00	-3246.28
318.70	14471.47	0.00	-3584.20
318.80	14145.28	0.00	-3907.97
318.90	13778.19	0.00	-4216.32
319.00	13368.48	0.00	-4508.04
319.10	12914.54	0.00	-4781.96
319.20	12414.96	0.00	-5037.01
319.30	11868.55	0.00	-5272.18
319.40	11274.39	0.00	-5486.54
319.50	10631.93	0.00	-5679.25
319.60	9940.97	0.00	-5849.54
319.70	9201.77	0.00	-5996.76
319.80	8415.03	0.00	-6120.30
319.90	7581.98	0.00	-6219.69
320.00	6704.35	0.00	-6294.54
320.10	5784.42	0.00	-6344.54
320.20	4825.02	0.00	-6369.50
320.30	3829.55	0.00	-6369.33
320.40	2801.92	0.00	-6344.02
320.50	1746.61	0.00	-6293.67
320.60	668.57	0.00	-6218.48
320.70	-426.74	0.00	-6118.76
320.80	-1533.45	0.00	-5994.88
320.90	-2645.29	0.00	-5847.35
321.00	-3755.67	0.00	-5676.74
321.10	-4857.74	0.00	-5483.72
321.20	-5944.40	0.00	-5269.06
321.30	-7008.47	0.00	-5033.61
321.40	-8042.67	0.00	-4778.30
321.50	-9039.76	0.00	-4504.12
321.60	-9992.60	0.00	-4212.17
321.70	-10894.20	0.00	-3903.60
321.80	-11737.84	0.00	-3579.62
321.90	-12517.14	0.00	-3241.51
322.00	-13226.10	0.00	-2890.62
322.10	-13859.21	0.00	-2528.31
322.20	-14411.49	0.00	-2156.02
322.30	-14878.55	0.00	-1775.23
322.40	-15256.67	0.00	-1387.43
322.50	-15542.80	0.00	-994.15
322.60	-15734.62	0.00	-596.96
322.70	-15830.59	0.00	-197.40
322.80	-15838.72	0.00	202.93
322.90	-15810.17	0.00	602.47
323.00	-15752.98	0.00	999.62
323.10	-15666.57	0.00	1392.83
323.20	-15550.09	0.00	1780.54
323.30	-15402.44	0.00	2161.23
323.40	-15222.32	0.00	2533.39
323.50	-15008.23	0.00	2895.55
323.60	-14758.52	0.00	3246.28
323.70	-14471.47	0.00	3584.20
323.80	-14145.28	0.00	3907.97
323.90	-13778.19	0.00	4216.32
324.00	-13368.48	0.00	4508.04
324.10	-12914.54	0.00	4781.96
324.20	-12414.96	0.00	5037.01
324.30	-11868.55	0.00	5272.18
324.40	-11274.39	0.00	5486.54
324.50	-10631.93	0.00	5679.25
324.60	-9940.97	0.00	5849.54
324.70	-9201.77	0.00	5996.76
324.80	-8415.03	0.00	6120.30
324.90	-7581.98	0.00	6219.69
325.00	-6704.35	0.00	6294.54
325.10	-5784.42	0.00	6344.54
325.20	-4825.02	0.00	6369.50
325.30	-3829.55	0.00	6369.33
325.40	-2801.92	0.00	6344.02
325.50	-1746.61	0.00	6293.67
325.60	-668.57	0.00	6218.48
325.70	426.74	0.00	6118.76
325.80	1533.45	0.00	5994.88
325.90	2645.29	0.00	5847.35
326.00	3755.67	0.00	5676.74
326.10	4857.74	0.00	5483.72
326.20	5944.40	0.00	5269.06
326.30	7008.47	0.00	5033.61
326.40	8042.67	0.00	4778.30
326.50	9039.76	0.00	4504.12
326.60	9992.60	0.00	4212.17
326.70	10894.20	0.00	3903.60
326.80	11737.84	0.00	3579.62
326.90	12517.14	0.00	3241.51
327.00	13226.10	0.00	2890.62
327.10	13859.21	0.00	2528.31
327.20	14411.49	0.00	2156.02
327.30	14878.55	0.00	1775.23
327.40	15256.67	0.00	1387.43
327.50	15542.80	0.00	994.15
327.60	15734.62	0.00	596.96
327.70	15830.59	0.00	197.40
327.80	15838.72	0.00	-202.93
327.90	15810.17	0.00	-602.47
328.00	15752.98	0.00	-999.62
328.10	15666.57	0.00	-1392.83
328.20	15550.09	0.00	-1780.54
328.30	15402.44	0.00	-2161.23
328.40	15222.32	0.00	-2533.39
328.50	15008.23	0.00	-2895.55
328.60	14758.52	0.00	-3246.28
328.70	14471.47	0.00	-3584.20
328.80	14145.28	0.00	-3907.97
328.90	13778.19	0.00	-4216.32
329.00	13368.48	0.00	-4508.04
329.10	12914.54	0.00	-4781.96
329.20	12414.96	0.00	-5037.01
329.30	11868.55	0.00	-5272.18
329.40	11274.39	0.00	-5486.54
329.50	10631.93	0.00	-5679.25
329.60	9940.97	0.00	-5849.54
329.70	9201.77	0.00	-5996.76
329.80	8415.03	0.00	-6120.30
329.90	7581.98	0.00	-6219.69
330.00	6704.35	0.00	-6294.54
330.10	5784.42	0.00	-6344.54
330.20	4825.02	0.00	-6369.50
330.30	3829.55	0.00	-6369.33
330.40	2801.92	0.00	-6344.02
330.50	1746.61	0.00	-6293.67
330.60	668.57	0.00	-6218.48
330.70	-426.74	0.00	-6118.76
330.80	-1533.45	0.00	-5994.88
330.90	-2645.29	0.00	-5847.35
331.00	-3755.67	0.00	-5676.74
331.10	-4857.74	0.00	-5483.72
331.20	-5944.40	0.00	-5269.06
331.30	-7008.47	0.00	-5033.61
331.40	-8042.67	0.00	-4778.30
331.50	-9039.76	0.00	-4504.12
331.60	-9992.60	0.00	-4212.17
331.70	-10894.20	0.00	-3903.60
331.80	-11737.84	0.00	-3579.62
331.90	-12517.14	0.00	-3241.51
332.00	-13226.10	0.00	-2890.62
332.10	-13859.21	0.00	-2528.31
332.20	-14411.49	0.00	-2156.02
332.30	-14878.55	0.00	-1775.23
332.40	-15256.67	0.00	-1387.43
332.50	-15542.80	0.00	-994.15
332.60	-15734.62	0.00	-596.96
332.70	-15830.59	0.00	-197.40
332.80	-15838.72	0.00	202.93
332.90	-15810.17	0.00	602.47
333.00	-15752.98	0.00	999.62
333.10	-15666.57	0.00	1392.83
333.20	-15550.09	0.00	1780.54
333.30	-15402.44	0.00	2161.23
333.40	-15222.32	0.00	2533.39
333.50	-15008.23	0.00	2895.55
333.60	-14758.52	0.00	3246.28
333.70	-14471.47	0.00	3584.20
333.80	-14145.28	0.00	3907.97
333.90	-13778.19	0.00	4216.32
334.00	-13368.48	0.00	4508.04
334.10	-12914.54	0.00	4781.96
334.20	-12414.96	0.00	5037.01
334.30	-11868.55	0.00	5272.18
334.40	-11274.39	0.00	5486.54
334.50	-10631.93	0.00	5679.25
334.60	-9940.97	0.00	5849.54
334.70	-9201.77	0.00	5996.76
334.80	-8415.03	0.00	6120.30
334.90	-7581.98	0.00	6219.69
335.00	-6704.35	0.00	6294.54
335.10	-5784.42	0.00	6344.54
335.20	-4825.02	0.00	6369.50
335.30	-3829.55	0.00	6369.33
335.40	-2801.92	0.00	6344.02
335.50	-1746.61	0.00	6293.67
335.60	-668.57	0.00	6218.48
335.70	426.74	0.00	6118.76
335.80	1533.45	0.00	5994.88
335.90	2645.29	0.00	5847.35
336.00	3755.67	0.00	5676.74
336.10	4857.74	0.00	5483.72
336.20	5944.40	0.00	5269.06
336.30	7008.47	0.00	5033.61
336.40	8042.67	0.00	4778.30
336.50	9039.76	0.00	4504.12
336.60	9992.60	0.00	4212.17
336.70	10894.20	0.00	3903.60
336.80	11737.84	0.00	3579.62
336.90	12517.14	0.00	3241.51
337.00	13226.10	0.00	2890.62
337.10	13859.21	0.00	2528.31
337.20	14411.49	0.00	2156.02
337.30	14878.55	0.00	1775.23
337.40	15256.67	0.00	1387.43
337.50	15542.80	0.00	994.15
337.60	15734.62	0.00	596.96
337.70	15830.59	0.00	197.40
337.80	15838.72	0.00	-202.93
337.90	15810.17	0.00	-602.47
338.00	15752.98	0.00	-999.62
338.10	15666.57	0.00	-1392.83
338.20	15550.09	0.00	-1780.54
338.30	15402.44	0.00	-2161.23
338.40	15222.32	0.00	-2533.39
338.50	15008.23	0.00	-2895.55
338.60	14758.52	0.00	-3246.28
338.70	14471.47	0.00	-3584.20
338.80	14145.28	0.00	-3907.97
338.90	13778.19	0.00	-4216.32
339.00	13368.48	0.00	-4508.04
339.10	12914.54	0.00	-4781.96
339.20	12414.96	0.00	-5037.01
339.30	11868.55	0.00	-5272.18
339.40	11274.39	0.00	-5486.54
339.50	10631.93	0.00	-5679.25
339.60	9940.97	0.00	-5849.54
339.70	9201.77	0.00	-5996.76
339.80	8415.03	0.00	-6120.30
339.90	7581.98	0.00	-6219.69
340.00	6704.35	0.00	-6294.54
340.10	5784.42	0.00	-6344.54
340.20	4825.02	0.00	-6369.50
340.30	3829.55	0.00	-6369.33
340.40	2801.92	0.00	-6344.02
340.50	1746.61	0.00	-6293.67
340.60	668.57	0.00	-6218.48
340.70	-426.74	0.00	-6118.76
340.80	-1533.45	0.00	-5994.88
340.90	-2645.29	0.00	-5847.35
341.00	-3755.67	0.00	-5676.74
341.10	-4857.74	0.00	-5483.72
341.20	-5944.40	0.00	-5269.06
341.30	-7008.47	0.00	-5033.61
341.40	-8042.67	0.00	-4778.30
341.50	-9039.76	0.00	-4504.12
341.60	-9992.60	0.00	-4212.17
341.70	-10894.20	0.00	-3903.60
341.80	-11737.84	0.00	-3579.62
341.90	-12517.14	0.00	-3241.51
342.00	-13226.10	0.00	-2890.62
342.10	-13859.21	0.00	-2528.31
342.20	-14411.49	0.00	-2156.02
342.30	-14878.55	0.00	-1775.23
342.40	-15256.67	0.00	-1387.43
342.50	-15542.80	0.00	-994.15
342.60	-15734.62	0.00	-596.96
342.70	-15830.59	0.00	-197.40
342.80	-15838.72	0.00	202.93
342.90	-15810.17	0.00	602.47
343.00	-15752.98	0.00	999.62
343.10	-15666.57	0.00	1392.83
343.20	-15550.09	0.00	1780.54
343.30	-15402.44	0.00	2161.23
343.40	-15222.32	0.00	2533.39
343.50	-15008.23	0.00	2895.55
343.60	-14758.52	0.00	3246.28
343.70	-14471.47	0.00	3584.20
343.80	-14145.28	0.00	3907.97
343.90	-13778.19	0.00	4216.32
344.00	-13368.48	0.00	4508.04
344.10	-12914.54	0.00	4781.96
344.20	-12414.96	0.00	5037.01
344.30	-11868.55	0.00	5272.18
344.40	-11274.39	0.00	5486.54
344.50	-10631.93	0.00	5679.25
344.60	-9940.97	0.00	5849.54
344.70	-9201.77	0.00	5996.76
344.80	-8415.03	0.00	6120.30
344.90	-7581.98	0.00	6219.69
345.00	-6704.35	0.00	6294.54
345.10	-5784.42	0.00	6344.54
345.20	-4825.02	0.00	6369.50
345.30	-3829.55	0.00	6369.33
345.40	-2801.92	0.00	6344.02
345.50	-1746.61	0.00	6293.67
345.60	-668.57	0.00	6218.48
345.70	426.74	0.00	6118.76
345.80	1533.45	0.00	5994.88
345.90	2645.29	0.00	5847.35
346.00	3755.67	0.00	5676.74
346.10	4857.74	0.00	5483.72
346.20	5944.40	0.00	5269.06
346.30	7008.47	0.00	5033.61
346.40	8042.67	0.00	4778.30
346.50	9039.76	0.00	4504.12
346.60	9992.60	0.00	4212.17
346.70	10894.20	0.00	3903.60
346.80	11737.84	0.00	3579.62
346.90	12517.14	0.00	3241.51
347.00	13226.10	0.00	2890.62
347.10	13859.21	0.00	2528.31
347.20	14411.49	0.00	2156.02
347.30	14878.55	0.00	1775.23
347.40	15256.67	0.00	1387.43
347.50	15542.80	0.00	994.15
347.60	15734.62	0.00	596.96
347.70	15830.59	0.00	197.40
347.80	15838.72	0.00	-202.93
347.90	15810.17	0.00	-602.47
348.00	15752.98	0.00	-999.62
348.10	15666.57	0.00	-1392.83
348.20	15550.09	0.00	-1780.54
348.30	15402.44	0.00	-2161.23
348.40	15222.32	0.00	-2533.39
348.50	15008.23	0.00	-2895.55
348.60	14758.52	0.00	-3246.28
348.70	14471.47	0.00	-3584.20
348.80	14145.28	0.00	-3907.97
348.90	13778.19	0.00	-4216.32
349.00	13368.48	0.00	-4508.04
349.10	12914.54	0.00	-4781.96
349.20	12414.96	0.00	-5037.01
349.30	11868.55	0.00	-5272.18
349.40	11274.39	0.00	-5486.54
349.50	10631.93	0.00	-5679.25
349.60	9940.97	0.00	-5849.54
349.70	9201.77	0.00	-5996.76
349.80	8415.03	0.00	-6120.30
349.90	7581.98	0.00	-6219.69
350.00	6704.35	0.00	-6294.54
350.10	5784.42	0.00	-6344.54
350.20	4825.02	0.00	-6369.50
350.30	3829.55	0.00	-6369.33
350.40	2801.92	0.00	-6344.02
350.50	1746.61	0.00	-6293.67
350.60	668.57	0.00	-6218.48
350.70	-426.74	0.00	-6118.76
350.80	-1533.45	0.00	-5994.88
350.90	-2645.29	0.00	-5847.35
351.00	-3755.67	0.00	-5676.74
351.10	-4857.74	0.00	-5483.72
351.20	-5944.40	0.00	-5269.06
351.30	-7008.47	0.00	-5033.61
351.40	-8042.67	0.00	-4778.30
351.50	-9039.76	0.00	-4504.12
351.60	-9992.60	0.00	-4212.17
351.70	-10894.20	0.00	-3903.60
351.80	-11737.84	0.00	-3579.62
351.90	-12517.14	0.00	-3241.51
352.00	-13226.10	0.00	-2890.62
352.10	-13859.21	0.00	-2528.31
352.20	-14411.49	0.00	-2156.02
352.30	-14878.55	0.00	-1775.23
352.40	-15256.67	0.00	-1387.43
352.50	-15542.80	0.00	-994.15
352.60	-15734.62	0.00	-596.96
352.70	-15830.59	0.00	-197.40
352.80	-15838.72	0.00	202.93
352.90	-15810.17	0.00	602.47
353.00	-15752.98	0.00	999.62
353.10	-15666.57	0.00	1392.83
353.20	-15550.09	0.00	1780.54
353.30	-15402.44	0.00	2161.23
353.40	-15222.32	0.00	2533.39
353.50	-15008.23	0.00	2895.55
353.60	-14758.52	0.00	3246.28
353.70	-14471.47	0.00	3584.20
353.80	-14145.28	0.00	3907.97
353.90	-13778.19	0.00	4216.32
354.00	-13368.48	0.00	4508.04
354.10	-12914.54	0.00	4781.96
354.20	-12414.96	0.00	5037.01
354.30	-11868.55	0.00	5272.18
354.40	-11274.39	0.00	5486.54
354.50	-10631.93	0.00	5679.25
354.60	-9940.97	0.00	5849.54
354.70	-9201.77	0.00	5996.76
354.80	-8415.03	0.00	6120.30
354.90	-7581.98	0.00	6219.69
355.00	-6704.35	0.00	6294.54
355.10	-5784.42	0.00	6344.54
355.20	-4825.02	0.00	6369.50
355.30	-3829.55	0.00	6369.33
355.40	-2801.92	0.00	6344.02
355.50	-1746.61	0.00	6293.67
355.60	-668.57	0.00	6218.48
355.70	426.74	0.00	6118.76
355.80	1533.45	0.00	5994.88
355.90	2645.29	0.00	5847.35
356.00	3755.67	0.00	5676.74
356.10	4857.74	0.00	5483.72
356.20	5944.40	0.00	5269.06
356.30	7008.47	0.00	5033.61
356.40	8042.67	0.00	4778.30
356.50	9039.76	0.00	4504.12
356.60	9992.60	0.00	4212.17
356.70	10894.20	0.00	3903.60
356.80	11737.84	0.00	3579.62
356.90	12517.14	0.00	3241.51
357.00	13226.10	0.00	2890.62
357.10	13859.21	0.00	2528.31
357.20	14411.49	0.00	2156.02
357.30	14878.55	0.00	1775.23
357.40	15256.67	0.00	1387.43
357.50	15542.80	0.00	994.15
357.60	15734.62	0.00	596.96
357.70	15830.59	0.00	197.40
357.80	15838.72	0.00	-202.93
357.90	15810.17	0.00	-602.47
358.00	15752.98	0.00	-999.62
358.10	15666.57	0.00	-1392.83
358.20	15550.09	0.00	-1780.54
358.30	15402.44	0.00	-2161.23
358.40	15222.32	0.00	-2533.39
358.50	15008.23	0.00	-2895.55
358.60	14758.52	0.00	-3246.28
358.70	14471.47	0.00	-3584.20
358.80	14145.28	0.00	-3907.97
358.90	13778.19	0.00	-4216.32
359.00	13368.48	0.00	-4508.04
359.10	12914.54	0.00	-4781.96
359.20	12414.96	0.00	-5037.01
359.30	11868.55	0.00	-5272.18
359.40	11274.39	0.00	-5486.54
359.50	10631.93	0.00	-5679.25
359.60	9940.97	0.00	-5849.54
359.70	9201.77	0.00	-5996.76
359.80	8415.03	0.00	-6120.30
359.90	7581.98	0.00	-6219.69
360.00	6704.35	0.00	-6294.54
360.10	5784.42	0.00	-6344.54
360.20	4825.02	0.00	-6369.50
360.30	3829.55	0.00	-6369.33
360.40	2801.92	0.00	-6344.02
360.50	1746.61	0.00	-6293.67
360.60	668.57	0.00	-6218.48
360.70	-426.74	0.00	-6118.76
360.80	-1533.45	0.00	-5994.88
360.90	-2645.29	0.00	-5847.35
361.00	-3755.67	0.00	-5676.74
361.10	-4857.74	0.00	-5483.72
361.20	-5944.40	0.00	-5269.06
361.30	-7008.47	0.00	-5033.61
361.40	-8042.67	0.00	-4778.30
361.50	-9039.76	0.00	-4504.12
361.60	-9992.60	0.00	-4212.17
361.70	-10894.20	0.00	-3903.60
361.80	-11737.84	0.00	-3579.62
361.90	-12517.14	0.00	-3241.51
362.00	-13226.10	0.00	-2890.62
362.10	-13859.21	0.00	-2528.31
362.20	-14411.49	0.00	-2156.02
362.30	-14878.55	0.00	-1775.23
362.40	-15256.67	0.00	-1387.43
362.50	-15542.80	0.00	-994.15
362.60	-15734.62	0.00	-596.96
362.70	-15830.59	0.00	-197.40
362.80	-15838.72	0.00	202.93
362.90	-15810.17	0.00	602.47
363.00	-15752.98	0.00	999.62
363.10	-15666.57	0.00	1392.83
363.20	-15550.09	0.00	1780.54
363.30	-15402.44	0.00	2161.23
363.40	-15222.32	0.00	2533.39
363.50	-15008.23	0.00	2895.55
363.60	-14758.52	0.00	3246.28
363.70	-14471.47	0.00	3584.20
363.80	-14145.28	0.00	3907.97
363.90	-13778.19	0.00	4216.32
364.00	-13368.48	0.00	4508.04
364.10	-12914.54	0.00	4781.96
364.20	-12414.96	0.00	5037.01
364.30	-11868.55	0.00	5272.18
364.40	-11274.39	0.00	5486.54
364.50	-10631.93	0.00	5679.25
364.60	-9940.97	0.00	5849.54
364.70	-9201.77	0.00	5996.76
364.80	-8415.03	0.00	6120.30
364.90	-7581.98	0.00	6219.69
365.00	-6704.35	0.00	6294.54
365.10	-5784.42	0.00	6344.54
365.20	-4825.02	0.00	6369.50
365.30	-3829.55	0.00	6369.33
365.40	-2801.92	0.00	6344.02
365.50	-1746.61	0.00	6293.67
365.60	-668.57	0.00	6218.48
365.70	426.74	0.00	6118.76
365.80	1533.45	0.00	5994.88
365.90	2645.29	0.00	5847.35
366.00	3755.67	0.00	5676.74
366.10	4857.74	0.00	5483.72
366.20	5944.40	0.00	5269.06
366.30	7008.47	0.00	5033.61
366.40	8042.67	0.00	4778.30
366.50	9039.76	0.00	4504.12
366.60	9992.60	0.00	4212.17
366.70	10894.20	0.00	3903.60
366.80	11737.84	0.00	3579.62
366.90	12517.14	0.00	3241.51
367.00	13226.10	0.00	2890.62
367.10	13859.21	0.00	2528.31
367.20	14411.49	0.00	2156.02
367.30	14878.55	0.00	1775.23
367.40	15256.67	0.00	1387.43
367.50	15542.80	0.00	994.15
367.60	15734.62	0.00	596.96
367.70	15830.59	0.00	197.40
367.80	15838.72	0.00	-202.93
367.90	15810.17	0.00	-602.47
368.00	15752.98	0.00	-999.62
368.10	15666.57	0.00	-1392.83
368.20	15550.09	0.00	-1780.54
368.30	15402.44	0.00	-2161.23
368.40	15222.32	0.00	-2533.39
368.50	15008.23	0.00	-2895.55
368.60	14758.52	0.00	-3246.28
368.70	14471.47	0.00	-3584.20
368.80	14145.28	0.00	-3907.97
368.90	13778.19	0.00	-4216.32
369.00	13368.48	0.00	-4508.04
369.10	12914.54	0.00	-4781.96
369.20	12414.96	0.00	-5037.01
369.30	11868.55	0.00	-5272.18
369.40	11274.39	0.00	-5486.54
369.50	10631.93	0.00	-5679.25
369.60	9940.97	0.00	-5849.54
369.70	9201.77	0.00	-5996.76
369.80	8415.03	0.00	-6120.30
369.90	7581.98	0.00	-6219.69
370.00	6704.35	0.00	-6294.54
370.10	5784.42	0.00	-6344.54
370.20	4825.02	0.00	-6369.50
370.30	3829.55	0.00	-6369.33
370.40	2801.92	0.00	-6344.02
370.50	1746.61	0.00	-6293.67
370.60	668.57	0.00	-6218.48
370.70	-426.74	0.00	-6118.76
370.80	-1533.45	0.00	-5994.88
370.90	-2645.29	0.00	-5847.35
371.00	-3755.67	0.00	-5676.74
371.10	-4857.74	0.00	-5483.72
371.20	-5944.40	0.00	-5269.06
371.30	-7008.47	0.00	-5033.61
371.40	-8042.67	0.00	-4778.30
371.50	-9039.76	0.00	-4504.12
371.60	-9992.60	0.00	-4212.17
371.70	-10894.20	0.00	-3903.60
371.80	-11737.84	0.00	-3579.62
371.90	-12517.14	0.00	-3241.51
372.00	-13226.10	0.00	-2890.62
372.10	-13859.21	0.00	-2528.31
372.20	-14411.49	0.00	-2156.02
372.30	-14878.55	0.00	-1775.23
372.40	-15256.67	0.00	-1387.43
372.50	-15542.80	0.00	-994.15
372.60	-15734.62	0.00	-596.96
372.70	-15830.59	0.00	-197.40
372.80	-15838.72	0.00	202.93
372.90	-15810.17	0.00	602.47
373.00	-15752.98	0.00	999.62
373.10	-15666.57	0.00	1392.83
373.20	-15550.09	0.00	1780.54
373.30	-15402.44	0.00	2161.23
373.40	-15222.32	0.00	2533.39
373.50	-15008.23	0.00	2895.55
373.60	-14758.52	0.00	3246.28
373.70	-14471.47	0.00	3584.20
373.80	-14145.28	0.00	3907.97
373.90	-13778.19	0.00	4216.32
374.00	-13368.48	0.00	4508.04
374.10	-12914.54	0.00	4781.96
374.20	-12414.96	0.00	5037.01
374.30	-11868.55	0.00	5272.18
374.40	-11274.39	0.00	5486.54
374.50	-10631.93	0.00	5679.25
374.60	-9940.97	0.00	5849.54
374.70	-9201.77	0.00	5996.76
374.80	-8415.03	0.00	6120.30
374.90	-7581.98	0.00	6219.69
375.00	-6704.35	0.00	6294.54
375.10	-5784.42	0.00	6344.54
375.20	-4825.02	0.00	6369.50
375.30	-3829.55	0.00	6369.33
375.40	-2801.92	0.00	6344.02
375.50	-1746.61	0.00	6293.67
375.60	-668.57	0.00	6218.48
375.70	426.74	0.00	6118.76
375.80	1533.45	0.00	5994.88
375.90	2645.29	0.00	5847.35
376.00	3755.67	0.00	5676.74
376.10	4857.74	0.00	5483.72
376.20	5944.40	0.00	5269.06
376.30	7008.47	0.00	5033.61
376.40	8042.67	0.00	4778.30
376.50	9039.76	0.00	4504.12
376.60	9992.60	0.00	4212.17
376.70	10894.20	0.00	3903.60
376.80	11737.84	0.00	3579.62
376.90	12517.14	0.00	3241.51
377.00	13226.10	0.00	2890.62
377.10	13859.21	0.00	2528.31
377.20	14411.49	0.00	2156.02
377.30	14878.55	0.00	1775.23
377.40	15256.67	0.00	1387.43
377.50	15542.80	0.00	994.15
377.60	15734.62	0.00	596.96
377.70	15830.59	0.00	197.40
377.80	15838.72	0.00	-202.93
377.90	15810.17	0.00	-602.47
378.00	15752.98	0.00	-999.62
378.10	15666.57	0.00	-1392.83
378.20	15550.09	0.00	-1780.54
378.30	15402.44	0.00	-2161.23
378.40	15222.32	0.00	-2533.39
378.50	15008.23	0.00	-2895.55
378.60	14758.52	0.00	-3246.28
378.70	14471.47	0.00	-3584.20
378.80	14145.28	0.00	-3907.97
378.90	13778.19	0.00	-4216.32
379.00	13368.48	0.00	-4508.04
379.10	12914.54	0.00	-4781.96
379.20	12414.96	0.00	-5037.01
379.30	11868.55	0.00	-5272.18
379.40	11274.39	0.00	-5486.54
379.50	10631.93	0.00	-5679.25
379.60	9940.97	0.00	-5849.54
379.70	9201.77	0.00	-5996.76
379.80	8415.03	0.00	-6120.30
379.90	7581.98	0.00	-6219.69
380.00	6704.35	0.00	-6294.54
380.10	5784.42	0.00	-6344.54
380.20	4825.02	0.00	-6369.50
380.30	3829.55	0.00	-6369.33
380.40	2801.92	0.00	-6344.02
380.50	1746.61	0.00	-6293.67
380.60	668.57	0.00	-6218.48
380.70	-426.74	0.00	-6118.76
380.80	-1533.45	0.00	-5994.88
380.90	-2645.29	0.00	-5847.35
381.00	-3755.67	0.00	-5676.74
381.10	-4857.74	0.00	-5483.72
381.20	-5944.40	0.00	-5269.06
381.30	-7008.47	0.00	-5033.61
381.40	-8042.67	0.00	-4778.30
381.50	-9039.76	0.00	-4504.12
381.60	-9992.60	0.00	-4212.17
381.70	-10894.20	0.00	-3903.60
381.80	-11737.84	0.00	-3579.62
381.90	-12517.14	0.00	-3241.51
382.00	-13226.10	0.00	-2890.62
382.10	-13859.21	0.00	-2528.31
382.20	-14411.49	0.00	-2156.02
382.30	-14878.55	0.00	-1775.23
382.40	-15256.67	0.00	-1387.43
382.50	-15542.80	0.00	-994.15
382.60	-15734.62	0.00	-596.96
382.70	-15830.59	0.00	-197.40
382.80	-15838.72	0.00	202.93
382.90	-15810.17	0.00	602.47
383.00	-15752.98	0.00	999.62
383.10	-15666.57	0.00	1392.83
383.20	-15550.09	0.00	1780.54
383.30	-15402.44	0.00	2161.23
383.40	-15222.32	0.00	2533.39
383.50	-15008.23	0.00	2895.55
383.60	-14758.52	0.00	3246.28
383.70	-14471.47	0.00	3584.20
383.80	-14145.28	0.00	3907.97
383.90	-13778.19	0.00	4216.32
384.00	-13368.48	0.00	4508.04
384.10	-12914.54	0.00	4781.96
384.20	-12414.96	0.00	5037.01
384.30	-11868.55	0.00	5272.18
384.40	-11274.39	0.00	5486.54
384.50	-10631.93	0.00	5679.25
384.60	-9940.97	0.00	5849.54
384.70	-9201.77	0.00	5996.76
384.80	-8415.03	0.00	6120.30
384.90	-7581.98	0.00	6219.69
385.00	-6704.35	0.00	6294.54
385.10	-5784.42	0.00	6344.54
385.20	-4825.02	0.00	6369.50
385.30	-3829.55	0.00	6369.33
385.40	-2801.92	0.00	6344.02
385.50	-1746.61	0.00	6293.67
385.60	-668.57	0.00	6218.48
385.70	426.74	0.00	6118.76
385.80	1533.45	0.00	5994.88
385.90	2645.29	0.00	5847.35
386.00	3755.67	0.00	5676.74
386.10	4857.74	0.00	5483.72
386.20	5944.40	0.00	5269.06
386.30	7008.47	0.00	5033.61
386.40	8042.67	0.00	4778.30
386.50	9039.76	0.00	4504.12
386.60	9992.60	0.00	4212.17
386.70	10894.20	0.00	3903.60
386.80	11737.84	0.00	3579.62
386.90	12517.14	0.00	3241.51
387.00	13226.10	0.00	2890.62
387.10	13859.21	0.00	2528.31
387.20	14411.49	0.00	2156.02
387.30	14878.55	0.00	1775.23
387.40	15256.67	0.00	1387.43
387.50	15542.80	0.00	994.15
387.60	15734.62	0.00	596.96
387.70	15830.59	0.00	197.40
387.80	15838.72	0.00	-202.93
387.90	15810.17	0.00	-602.47
388.00	15752.98	0.00	-999.62
388.10	15666.57	0.00	-1392.83
388.20	15550.09	0.00	-1780.54
388.30	15402.44	0.00	-2161.23
388.40	15222.32	0.00	-2533.39
388.50	15008.23	0.00	-2895.55
388.60	14758.52	0.00	-3246.28
388.70	14471.47	0.00	-3584.20
388.80	14145.28	0.00	-3907.97
388.90	13778.19	0.00	-4216.32
389.00	13368.48	0.00	-4508.04
389.10	12914.54	0.00	-4781.96
389.20	12414.96	0.00	-5037.01
389.30	11868.55	0.00	-5272.18
389.40	11274.39	0.00	-5486.54
389.50	10631.93	0.00	-5679.25
389.60	9940.97	0.00	-5849.54
389.70	9201.77	0.00	-5996.76
389.80	8415.03	0.00	-6120.30
389.90	7581.98	0.00	-6219.69
390.00	6704.35	0.00	-6294.54
390.10	5784.42	0.00	-6344.54
390.20	4825.02	0.00	-6369.50
390.30	3829.55	0.00	-6369.33
390.40	2801.92	0.00	-6344.02
390.50	1746.61	0.00	-6293.67
390.60	668.57	0.00	-6218.48
390.70	-426.74	0.00	-6118.76
390.80	-1533.45	0.00	-5994.88
390.90	-2645.29	0.00	-5847.35
391.00	-3755.67	0.00	-5676.74
391.10	-4857.74	0.00	-5483.72
391.20	-5944.40	0.00	-5269.06
391.30	-7008.47	0.00	-5033.61
391.40	-8042.67	0.00	-4778.30
391.50	-9039.76	0.00	-4504.12
391.60	-9992.60	0.00	-4212.17
391.70	-10894.20	0.00	-3903.60
391.80	-11737.84	0.00	-3579.62
391.90	-12517.14	0.00	-3241.51
392.00	-13226.10	0.00	-2890.62
392.10	-13859.21	0.00	-2528.31
392.20	-14411.49	0.00	-2156.02
392.30	-14878.55	0.00	-1775.23
392.40	-15256.67	0.00	-1387.43
392.50	-15542.80	0.00	-994.15
392.60	-15734.62	0.00	-596.96
392.70	-15830.59	0.00	-197.40
392.80	-15838.72	0.00	202.93
392.90	-15810.17	0.00	602.47
393.00	-15752.98	0.00	999.62
393.10	-15666.57	0.00	1392.83
393.20	-15550.09	0.00	1780.54
393.30	-15402.44	0.00	2161.23
393.40	-15222.32	0.00	2533.39
393.50	-15008.23	0.00	2895.55
393.60	-14758.52	0.00	3246.28
393.70	-14471.47	0.00	3584.20
393.80	-14145.28	0.00	3907.97
393.90	-13778.19	0.00	4216.32
394.00	-13368.48	0.00	4508.04
394.10	-12914.54	0.00	4781.96
394.20	-12414.96	0.00	5037.01
394.30	-11868.55	0.00	5272.18
394.40	-11274.39	0.00	5486.54
394.50	-10631.93	0.00	5679.25
394.60	-9940.97	0.00	5849.54
394.70	-9201.77	0.00	5996.76
394.80	-8415.03	0.00	6120.30
394.90	-7581.98	0.00	6219.69
395.00	-6704.35	0.00	6294.54
395.10	-5784.42	0.00	6344.54
395.20	-4825.02	0.00	6369.50
395.30	-3829.55	0.00	6369.33
395.40	-2801.92	0.00	6344.02
395.50	-1746.61	0.00	6293.67
395.60	-668.57	0.00	6218.48
395.70	426.74	0.00	6118.76
395.80	1533.45	0.00	5994.88
395.90	2645.29	0.00	5847.35
396.00	3755.67	0.00	5676.74
396.10	4857.74	0.00	5483.72
396.20	5944.40	0.00	5269.06
396.30	7008.47	0.00	5033.61
396.40	8042.67	0.00	4778.30
396.50	9039.76	0.00	4504.12
396.60	9992.60	0.00	4212.17
396.70	10894.20	0.00	3903.60
396.80	11737.84	0.00	3579.62
396.90	12517.14	0.00	3241.51
397.00	13226.10	0.00	2890.62
397.10	13859.21	0.00	2528.31
397.20	14411.49	0.00	2156.02
397.30	14878.55	0.00	1775.23
397.40	15256.67	0.00	1387.43
397.50	15542.80	0.00	994.15
397.60	15734.62	0.00	596.96
397.70	15830.59	0.00	197.40
397.80	15838.72	0.00	-202.93
397.90	15810.17	0.00	-602.47
398.00	15752.98	0.00	-999.62
398.10	15666.57	0.00	-1392.83
398.20	15550.09	0.00	-1780.54
398.30	15402.44	0.00	-2161.23
398.40	15222.32	0.00	-2533.39
398.50	15008.23	0.00	-2895.55
398.60	14758.52	0.00	-3246.28
398.70	14471.47	0.00	-3584.20
398.80	14145.28	0.00	-3907.97
398.90	13778.19	0.00	-4216.32
399.00	13368.48	0.00	-4508.04
399.10	12914.54	0.00	-4781.96
399.20	12414.96	0.00	-5037.01
399.30	11868.55	0.00	-5272.18
399.40	11274.39	0.00	-5486.54
399.50	10631.93	0.00	-5679.25
399.60	9940.97	0.00	-5849.54
399.70	9201.77	0.00	-5996.76
399.80	8415.03	0.00	-6120.30
399.90	7581.98	0.00	-6219.69
400.00	6704.35	0.00	-6294.54
400.10	5784.42	0.00	-6344.54
400.20	4825.02	0.00	-6369.50
400.30	3829.55	0.00	-6369.33
400.40	2801.92	0.00	-6344.02
400.50	1746.61	0.00	-6293.67
400.60	668.57	0.00	-6218.48
400.70	-426.74	0.00	-6118.76
400.80	-1533.45	0.00	-5994.88
400.90	-2645.29	0.00	-5847.35
401.00	-3755.67	0.00	-5676.74
401.10	-4857.74	0.00	-5483.72
401.20	-5944.40	0.00	-5269.06
401.30	-7008.47	0.00	-5033.61
401.40	-8042.67	0.00	-4778.30
401.50	-9039.76	0.00	-4504.12
401.60	-9992.60	0.00	-4212.17
401.70	-10894.20	0.00	-3903.60
401.80	-11737.84	0.00	-3579.62
401.90	-12517.14	0.00	-3241.51
402.00	-13226.10	0.00	-2890.62
402.10	-13859.21	0.00	-2528.31
402.20	-14411.49	0.00	-2156.02
402.30	-14878.55	0.00	-1775.23
402.40	-15256.67	0.00	-1387.43
402.50	-15542.80	0.00	-994.15
402.60	-15734.62	0.00	-596.96
402.70	-15830.59	0.00	-197.40
402.80	-15838.72	0.00	202.93
402.90	-15810.17	0.00	602.47
403.00	-15752.98	0.00	999.62
403.10	-15666.57	0.00	1392.83
403.20	-15550.09	0.00	1780.54
403.30	-15402.44	0.00	2161.23
403.40	-15222.32	0.00	2533.39
403.50	-15008.23	0.00	2895.55
403.60	-14758.52	0.00	3246.28
403.70	-14471.47	0.00	3584.20
403.80	-14145.28	0.00	3907.97
403.90	-13778.19	0.00	4216.32
404.00	-13368.48	0.00	4508.04
404.10	-12914.54	0.00	4781.96
404.20	-12414.96	0.00	5037.01
404.30	-11868.55	0.00	5272.18
404.40	-11274.39	0.00	5486.54
404.50	-10631.93	0.00	5679.25
404.60	-9940.97	0.00	5849.54
404.70	-9201.77	0.00	5996.76
404.80	-8415.03	0.00	6120.30
404.90	-7581.98	0.00	6219.69
405.00	-6704.35	0.00	6294.54
405.10	-5784.42	0.00	6344.54
405.20	-4825.02	0.00	6369.50
405.30	-3829.55	0.00	6369.33
405.40	-2801.92	0.00	6344.02
405.50	-1746.61	0.00	6293.67
405.60	-668.57	0.00	6218.48
405.70	426.74	0.00	6118.76
405.80	1533.45	0.00	5994.88
405.90	2645.29	0.00	5847.35
406.00	3755.67	0.00	5676.74
406.10	4857.74	0.00	5483.72
406.20	5944.40	0.00	5269.06
406.30	7008.47	0.00	5033.61
406.40	8042.67	0.00	4778.30
406.50	9039.76	0.00	4504.12
406.60	9992.60	0.00	4212.17
406.70	10894.20	0.00	3903.60
406.80	11737.84	0.00	3579.62
406.90	12517.14	0.00	3241.51
407.00	13226.10	0.00	2890.62
407.10	13859.21	0.00	2528.31
407.20	14411.49	0.00	2156.02
407.30	14878.55	0.00	1775.23
407.40	15256.67	0.00	1387.43
407.50	15542.80	0.00	994.15
407.60	15734.62	0.00	596.96
407.70	15830.59	0.00	197.40
407.80	15838.72	0.00	-202.93
407.90	15810.17	0.00	-602.47
408.00	15752.98	0.00	-999.62
408.10	15666.57	0.00	-1392.83
408.20	15550.09	0.00	-1780.54
408.30	15402.44	0.00	-2161.23
408.40	15222.32	0.00	-2533.39
408.50	15008.23	0.00	-2895.55
408.60	14758.52	0.00	-3246.28
408.70	14471.47	0.00	-3584.20
408.80	14145.28	0.00	-3907.97
408.90	13778.19	0.00	-4216.32
409.00	13368.48	0.00	-4508.04
409.10	12914.54	0.00	-4781.96
409.20	12414.96	0.00	-5037.01
409.30	11868.55	0.00	-5272.18
409.40	11274.39	0.00	-5486.54
409.50	10631.93	0.00	-5679.25
409.60	9940.97	0.00	-5849.54
409.70	9201.77	0.00	-5996.76
409.80	8415.03	0.00	-6120.30
409.90	7581.98	0.00	-6219.69
410.00	6704.35	0.00	-6294.54
410.10	5784.42	0.00	-6344.54
410.20	4825.02	0.00	-6369.50
410.30	3829.55	0.00	-6369.33
410.40	2801.92	0.00	-6344.02
410.50	1746.61	0.00	-6293.67
410.60	668.57	0.00	-6218.48
410.70	-426.74	0.00	-6118.76
410.80	-1533.45	0.00	-5994.88
410.90	-2645.29	0.00	-5847.35
411.00	-3755.67	0.00	-5676.74
411.10	-4857.74	0.00	-5483.72
411.20	-5944.40	0.00	-5269.06
411.30	-7008.47	0.00	-5033.61
411.40	-8042.67	0.00	-4778.30
411.50	-9039.76	0.00	-4504.12
411.60	-9992.60	0.00	-4212.17
411.70	-10894.20	0.00	-3903.60
411.80	-11737.84	0.00	-3579.62
411.90	-12517.14	0.00	-3241.51
412.00	-13226.10	0.00	-2890.62
412.10	-13859.21	0.00	-2528.31
412.20	-14411.49	0.00	-2156.02
412.30	-14878.55	0.00	-1775.23
412.40	-15256.67	0.00	-1387.43
412.50	-15542.80	0.00	-994.15
412.60	-15734.62	0.00	-596.96
412.70	-15830.59	0.00	-197.40
412.80	-15838.72	0.00	202.93
412.90	-15810.17	0.00	602.47
413.00	-15752.98	0.00	999.62
413.10	-15666.57	0.00	1392.83
413.20	-15550.09	0.00	1780.54
413.30	-15402.44	0.00	2161.23
413.40	-15222.32	0.00	2533.39
413.50	-15008.23	0.00	2895.55
413.60	-14758.52	0.00	3246.28
413.70	-14471.47	0.00	3584.20
413.80	-14145.28	0.00	3907.97
413.90	-13778.19	0.00	4216.32
414.00	-13368.48	0.00	4508.04
414.10	-12914.54	0.00	4781.96
414.20	-12414.96	0.00	5037.01
414.30	-11868.55	0.00	5272.18
414.40	-11274.39	0.00	5486.54
414.50	-10631.93	0.00	5679.25
414.60	-9940.97	0.00	5849.54
414.70	-9201.77	0.00	5996.76
414.80	-8415.03	0.00	6120.30
414.90	-7581.98	0.00	6219.69
415.00	-6704.35	0.00	6294.54
415.10	-5784.42	0.00	6344.54
415.20	-4825.02	0.00	6369.50
415.30	-3829.55	0.00	6369.33
415.40	-2801.92	0.00	6344.02
415.50	-1746.61	0.00	6293.67
415.60	-668.57	0.00	6218.48
415.70	426.74	0.00	6118.76
415.80	1533.45	0.00	5994.88
415.90	2645.29	0.00	5847.35
416.00	3755.67	0.00	5676.74
416.10	4857.74	0.00	5483.72
416.20	5944.40	0.00	5269.06
416.30	7008.47	0.00	5033.61
416.40	8042.67	0.00	4778.30
416.50	9039.76	0.00	4504.12
416.60	9992.60	0.00	4212.17
416.70	10894.20	0.00	3903.60
416.80	11737.84	0.00	3579.62
416.90	12517.14	0.00	3241.51
417.00	13226.10	0.00	2890.62
417.10	13859.21	0.00	2528.31
417.20	14411.49	0.00	2156.02
417.30	14878.55	0.00	1775.23
417.40	15256.67	0.00	1387.43
417.50	15542.80	0.00	994.15
417.60	15734.62	0.00	596.96
417.70	15830.59	0.00	197.40
417.80	15838.72	0.00	-202.93
417.90	15810.17	0.00	-602.47
418.00	15752.98	0.00	-999.62
418.10	15666.57	0.00	-1392.83
418.20	15550.09	0.00	-1780.54
418.30	15402.44	0.00	-2161.23
418.40	15222.32	0.00	-2533.39
418.50	15008.23	0.00	-2895.55
418.60	14758.52	0.00	-3246.28
418.70	14471.47	0.00	-3584.20
418.80	14145.28	0.00	-3907.97
418.90	13778.19	0.00	-4216.32
419.00	13368.48	0.00	-4508.04
419.10	12914.54	0.00	-4781.96
419.20	12414.96	0.00	-5037.01
419.30	11868.55	0.00	-5272.18
419.40	11274.39	0.00	-5486.54
419.50	10631.93	0.00	-5679.25
419.60	9940.97	0.00	-5849.54
419.70	9201.77	0.00	-5996.76
419.80	8415.03	0.00	-6120.30
419.90	7581.98	0.00	-6219.69
420.00	6704.35	0.00	-6294.54
420.10	5784.42	0.00	-6344.54
420.20	4825.02	0.00	-6369.50
420.30	3829.55	0.00	-6369.33
420.40	2801.92	0.00	-6344.02
420.50	1746.61	0.00	-6293.67
420.60	668.57	0.00	-6218.48
420.70	-426.74	0.00	-6118.76
420.80	-1533.45	0.00	-5994.88
420.90	-2645.29	0.00	-5847.35
421.00	-3755.67	0.00	-5676.74
421.10	-4857.74	0.00	-5483.72
421.20	-5944.40	0.00	-5269.06
421.30	-7008.47	0.00	-5033.61
421.40	-8042.67	0.00	-4778.30
421.50	-9039.76	0.00	-4504.12
421.60	-9992.60	0.00	-4212.17
421.70	-10894.20	0.00	-3903.60
421.80	-11737.84	0.00	-3579.62
421.90	-12517.14	0.00	-3241.51
422.00	-13226.10	0.00	-2890.62
422.10	-13859.21	0.00	-2528.31
422.20	-14411.49	0.00	-2156.02
422.30	-14878.55	0.00	-1775.23
422.40	-15256.67	0.00	-1387.43
422.50	-15542.80	0.00	-994.15
422.60	-15734.62	0.00	-596.96
422.70	-15830.59	0.00	-197.40
422.80	-15838.72	0.00	202.93
422.90	-15810.17	0.00	602.47
423.00	-15752.98	0.00	999.62
423.10	-15666.57	0.00	1392.83
423.20	-15550.09	0.00	1780.54
423.30	-15402.44	0.00	2161.23
423.40	-15222.32	0.00	2533.39
423.50	-15008.23	0.00	2895.55
423.60	-14758.52	0.00	3246.28
423.70	-14471.47	0.00	3584.20
423.80	-14145.28	0.00	3907.97
423.90	-13778.19	0.00	4216.32
424.00	-13368.48	0.00	4508.04
424.10	-12914.54	0.00	4781.96
424.20	-12414.96	0.00	5037.01
424.30	-11868.55	0.00	5272.18
424.40	-11274.39	0.00	5486.54
424.50	-10631.93	0.00	5679.25
424.60	-9940.97	0.00	5849.54
424.70	-9201.77	0.00	5996.76
424.80	-8415.03	0.00	6120.30
424.90	-7581.98	0.00	6219.69
425.00	-6704.35	0.00	6294.54
425.10	-5784.42	0.00	6344.54
425.20	-4825.02	0.00	6369.50
425.30	-3829.55	0.00	6369.33
425.40	-2801.92	0.00	6344.02
425.50	-1746.61	0.00	6293.67
425.60	-668.57	0.00	6218.48
425.70	426.74	0.00	6118.76
425.80	1533.45	0.00	5994.88
425.90	2645.29	0.00	5847.35
426.00	3755.67	0.00	5676.74
426.10	4857.74	0.00	5483.72
426.20	5944.40	0.00	5269.06
426.30	7008.47	0.00	5033.61
426.40	8042.67	0.00	4778.30
426.50	9039.76	0.00	4504.12
426.60	9992.60	0.00	4212.17
426.70	10894.20	0.00	3903.60
426.80	11737.84	0.00	3579.62
426.90	12517.14	0.00	3241.51
427.00	13226.10	0.00	2890.62
427.10	13859.21	0.00	2528.31
427.20	14411.49	0.00	2156.02
427.30	14878.55	0.00	1775.23
427.40	15256.67	0.00	1387.43
427.50	15542.80	0.00	994.15
427.60	15734.62	0.00	596.96
427.70	15830.59	0.00	197.40
427.80	15838.72	0.00	-202.93
427.90	15810.17	0.00	-602.47
428.00	15752.98	0.00	-999.62
428.10	15666.57	0.00	-1392.83
428.20	15550.09	0.00	-1780.54
428.30	15402.44	0.00	-2161.23
428.40	15222.32	0.00	-2533.39
428.50	15008.23	0.00	-2895.55
428.60	14758.52	0.00	-3246.28
428.70	14471.47	0.00	-3584.20
428.80	14145.28	0.00	-3907.97
428.90	13778.19	0.00	-4216.32
429.00	13368.48	0.00	-4508.04
429.10	12914.54	0.00	-4781.96
429.20	12414.96	0.00	-5037.01
429.30	11868.55	0.00	-5272.18
429.40	11274.39	0.00	-5486.54
429.50	10631.93	0.00	-5679.25
429.60	9940.97	0.00	-5849.54
429.70	9201.77	0.00	-5996.76
429.80	8415.03	0.00	-6120.30
429.90	7581.98	0.00	-6219.69
430.00	6704.35	0.00	-6294.54
430.10	5784.42	0.00	-6344.54
430.20	4825.02	0.00	-6369.50
430.30	3829.55	0.00	-6369.33
430.40	2801.92	0.00	-6344.02
430.50	1746.61	0.00	-6293.67
430.60	668.57	0.00	-6218.48
430.70	-426.74	0.00	-6118.76
430.80	-1533.45	0.00	-5994.88
430.90	-2645.29	0.00	-5847.35
431.00	-3755.67	0.00	-5676.74
431.10	-4857.74	0.00	-5483.72
431.20	-5944.40	0.00	-5269.06
431.30	-7008.47	0.00	-5033.61
431.40	-8042.67	0.00	-4778.30
431.50	-9039.76	0.00	-4504.12
431.60	-9992.60	0.00	-4212.17
431.70	-10894.20	0.00	-3903.60
431.80	-11737.84	0.00	-3579.62
431.90	-12517.14	0.00	-3241.51
432.00	-13226.10	0.00	-2890.62
432.10	-13859.21	0.00	-2528.31
432.20	-14411.49	0.00	-2156.02
432.30	-14878.55	0.00	-1775.23
432.40	-15256.67	0.00	-1387.43
432.50	-15542.80	0.00	-994.15
432.60	-15734.62	0.00	-596.96
432.70	-15830.59	0.00	-197.40
432.80	-15838.72	0.00	202.93
432.90	-15810.17	0.00	602.47
433.00	-15752.98	0.00	999.62
433.10	-15666.57	0.00	1392.83
433.20	-15550.09	0.00	1780.54
433.30	-15402.44	0.00	2161.23
433.40	-15222.32	0.00	2533.39
433.50	-15008.23	0.00	2895.55
433.60	-14758.52	0.00	3246.28
433.70	-14471.47	0.00	3584.20
433.80	-14145.28	0.00	3907.97
433.90	-13778.19	0.00	4216.32
434.00	-13368.48	0.00	4508.04
434.10	-12914.54	0.00	4781.96
434.20	-12414.96	0.00	5037.01
434.30	-11868.55	0.00	5272.18
434.40	-11274.39	0.00	5486.54
434.50	-10631.93	0.00	5679.25
434.60	-9940.97	0.00	5849.54
434.70	-9201.77	0.00	5996.76
434.80	-8415.03	0.00	6120.30
434.90	-7581.98	0.00	6219.69
435.00	-6704.35	0.00	6294.54
435.10	-5784.42	0.00	6344.54
435.20	-4825.02	0.00	6369.50
435.30	-3829.55	0.00	6369.33
435.40	-2801.92	0.00	6344.02
435.50	-1746.61	0.00	6293.67
435.60	-668.57	0.00	6218.48
435.70	426.74	0.00	6118.76
435.80	1533.45	0.00	5994.88
435.90	2645.29	0.00	5847.35
436.00	3755.67	0.00	5676.74
436.10	4857.74	0.00	5483.72
436.20	5944.40	0.00	5269.06
436.30	7008.47	0.00	5033.61
436.40	8042.67	0.00	4778.30
436.50	9039.76	0.00	4504.12
436.60	9992.60	0.00	4212.17
436.70	10894.20	0.00	3903.60
436.80	11737.84	0.00	3579.62
436.90	12517.14	0.00	3241.51
437.00	13226.10	0.00	2890.62
437.10	13859.21	0.00	2528.31
437.20	14411.49	0.00	2156.02
437.30	14878.55	0.00	1775.23
437.40	15256.67	0.00	1387.43
437.50	15542.80	0.00	994.15
437.60	15734.62	0.00	596.96
437.70	15830.59	0.00	197.40
437.80	15838.72	0.00	-202.93
437.90	15810.17	0.00	-602.47
438.00	15752.98	0.00	-999.62
438.10	15666.57	0.00	-1392.83
438.20	15550.09	0.00	-1780.54
438.30	15402.44	0.00	-2161.23
438.40	15222.32	0.00	-2533.39
438.50	15008.23	0.00	-2895.55
438.60	14758.52	0.00	-3246.28
438.70	14471.47	0.00	-3584.20
438.80	14145.28	0.00	-3907.97
438.90	13778.19	0.00	-4216.32
439.00	13368.48	0.00	-4508.04
439.10	12914.54	0.00	-4781.96
439.20	12414.96	0.00	-5037.01
439.30	11868.55	0.00	-5272.18
439.40	11274.39	0.00	-5486.54
439.50	10631.93	0.00	-5679.25
439.60	9940.97	0.00	-5849.54
439.70	9201.77	0.00	-5996.76
439.80	8415.03	0.00	-6120.30
439.90	7581.98	0.00	-6219.69
440.00	6704.35	0.00	-6294.54
440.10	5784.42	0.00	-6344.54
440.20	4825.02	0.00	-6369.50
440.30	3829.55	0.00	-6369.33
440.40	2801.92	0.00	-6344.02
440.50	1746.61	0.00	-6293.67
440.60	668.57	0.00	-6218.48
440.70	-426.74	0.00	-6118.76
440.80	-1533.45	0.00	-5994.88
440.90	-2645.29	0.00	-5847.35
441.00	-3755.67	0.00	-5676.74
441.10	-4857.74	0.00	-5483.72
441.20	-5944.40	0.00	-5269.06
441.30	-7008.47	0.00	-5033.61
441.40	-8042.67	0.00	-4778.30
441.50	-9039.76	0.00	-4504.12
441.60	-9992.60	0.00	-4212.17
441.70	-10894.20	0.00	-3903.60
441.80	-11737.84	0.00	-3579.62
441.90	-12517.14	0.00	-3241.51
442.00	-13226.10	0.00	-2890.62
442.10	-13859.21	0.00	-2528.31
442.20	-14411.49	0.00	-2156.02
442.30	-14878.55	0.00	-1775.23
442.40	-15256.67	0.00	-1387.43
442.50	-15542.80	0.00	-994.15
442.60	-15734.62	0.00	-596.96
442.70	-15830.59	0.00	-197.40
442.80	-15838.72	0.00	202.93
442.90	-15810.17	0.00	602.47
443.00	-15752.98	0.00	999.62
443.10	-15666.57	0.00	1392.83
443.20	-15550.09	0.00	1780.54
443.30	-15402.44	0.00	2161.23
443.40	-15222.32	0.00	2533.39
443.50	-15008.23	0.00	2895.55
443.60	-14758.52	0.00	3246.28
443.70	-14471.47	0.00	3584.20
443.80	-14145.28	0.00	3907.97
443.90	-13778.19	0.00	4216.32
444.00	-13368.48	0.00	4508.04
444.10	-12914.54	0.00	4781.96
444.20	-12414.96	0.00	5037.01
444.30	-11868.55	0.00	5272.18
444.40	-11274.39	0.00	5486.54
444.50	-10631.93	0.00	5679.25
444.60	-9940.97	0.00	5849.54
444.70	-9201.77	0.00	5996.76
444.80	-8415.03	0.00	6120.30
444.90	-7581.98	0.00	6219.69
445.00	-6704.35	0.00	6294.54
445.10	-5784.42	0.00	6344.54
445.20	-4825.02	0.00	6369.50
445.30	-3829.55	0.00	6369.33
445.40	-2801.92	0.00	6344.02
445.50	-1746.61	0.00	6293.67
445.60	-668.57	0.00	6218.48
445.70	426.74	0.00	6118.76
445.80	1533.45	0.00	5994.88
445.90	2645.29	0.00	5847.35
446.00	3755.67	0.00	5676.74
446.10	4857.74	0.00	5483.72
446.20	5944.40	0.00	5269.06
446.30	7008.47	0.00	5033.61
446.40	8042.67	0.00	4778.30
446.50	9039.76	0.00	4504.12
446.60	9992.60	0.00	4212.17
446.70	10894.20	0.00	3903.60
446.80	11737.84	0.00	3579.62
446.90	12517.14	0.00	3241.51
447.00	13226.10	0.00	2890.62
447.10	13859.21	0.00	2528.31
447.20	14411.49	0.00	2156.02
447.30	14878.55	0.00	1775.23
447.40	15256.67	0.00	1387.43
447.50	15542.80	0.00	994.15
447.60	15734.62	0.00	596.96
447.70	15830.59	0.00	197.40
447.80	15838.72	0.00	-202.93
447.90	15810.17	0.00	-602.47
448.00	15752.98	0.00	-999.62
448.10	15666.57	0.00	-1392.83
448.20	15550.09	0.00	-1780.54
448.30	15402.44	0.00	-2161.23
448.40	15222.32	0.00	-2533.39
448.50	15008.23	0.00	-2895.55
448.60	14758.52	0.00	-3246.28
448.70	14471.47	0.00	-3584.20
448.80	14145.28	0.00	-3907.97
448.90	13778.19	0.00	-4216.32
449.00	13368.48	0.00	-4508.04
449.10	12914.54	0.00	-4781.96
449.20	12414.96	0.00	-5037.01
449.30	11868.55	0.00	-5272.18
449.40	11274.39	0.00	-5486.54
449.50	10631.93	0.00	-5679.25
449.60	9940.97	0.00	-5849.54
449.70	9201.77	0.00	-5996.76
449.80	8415.03	0.00	-6120.30
449.90	7581.98	0.00	-6219.69
450.00	6704.35	0.00	-6294.54
450.10	5784.42	0.00	-6344.54
450.20	4825.02	0.00	-6369.50
450.30	3829.55	0.00	-6369.33
450.40	2801.92	0.00	-6344.02
450.50	1746.61	0.00	-6293.67
450.60	668.57	0.00	-6218.48
450.70	-426.74	0.00	-6118.76
450.80	-1533.45	0.00	-5994.88
450.90	-2645.29	0.00	-5847.35
451.00	-3755.67	0.00	-5676.74
451.10	-4857.74	0.00	-5483.72
451.20	-5944.40	0.00	-5269.06
451.30	-7008.47	0.00	-5033.61
451.40	-8042.67	0.00	-4778.30
451.50	-9039.76	0.00	-4504.12
451.60	-9992.60	0.00	-4212.17
451.70	-10894.20	0.00	-3903.60
451.80	-11737.84	0.00	-3579.62
451.90	-12517.14	0.00	-3241.51
452.00	-13226.10	0.00	-2890.62
452.10	-13859.21	0.00	-2528.31
452.20	-14411.49	0.00	-2156.02
452.30	-14878.55	0.00	-1775.23
452.40	-15256.67	0.00	-1387.43
452.50	-15542.80	0.00	-994.15
452.60	-15734.62	0.00	-596.96
452.70	-15830.59	0.00	-197.40
452.80	-15838.72	0.00	202.93
452.90	-15810.17	0.00	602.47
453.00	-15752.98	0.00	999.62
453.10	-15666.57	0.00	1392.83
453.20	-15550.09	0.00	1780.54
453.30	-15402.44	0.00	2161.23
453.40	-15222.32	0.00	2533.39
453.50	-15008.23	0.00	2895.55
453.60	-14758.52	0.00	3246.28
453.70	-14471.47	0.00	3584.20
453.80	-14145.28	0.00	3907.97
453.90	-13778.19	0.00	4216.32
454.00	-13368.48	0.00	4508.04
454.10	-12914.54	0.00	4781.96
454.20	-12414.96	0.00	5037.01
454.30	-11868.55	0.00	5272.18
454.40	-11274.39	0.00	5486.54
454.50	-10631.93	0.00	5679.25
454.60	-9940.97	0.00	5849.54
454.70	-9201.77	0.00	5996.76
454.80	-8415.03	0.00	6120.30
454.90	-7581.98	0.00	6219.69
455.00	-6704.35	0.00	6294.54
455.10	-5784.42	0.00	6344.54
455.20	-4825.02	0.00	6369.50
455.30	-3829.55	0.00	6369.33
455.40	-2801.92	0.00	6344.02
455.50	-1746.61	0.00	6293.67
455.60	-668.57	0.00	6218.48
455.70	426.74	0.00	6118.76
455.80	1533.45	0.00	5994.88
455.90	2645.29	0.00	5847.35
456.00	3755.67	0.00	5676.74
456.10	4857.74	0.00	5483.72
456.20	5944.40	0.00	5269.06
456.30	7008.47	0.00	5033.61
456.40	8042.67	0.00	4778.30
456.50	9039.76	0.00	4504.12
456.60	9992.60	0.00	4212.17
456.70	10894.20	0.00	3903.60
456.80	11737.84	0.00	3579.62
456.90	12517.14	0.00	3241.51
457.00	13226.10	0.00	2890.62
457.10	13859.21	0.00	2528.31
457.20	14411.49	0.00	2156.02
457.30	14878.55	0.00	1775.23
457.40	15256.67	0.00	1387.43
457.50	15542.80	0.00	994.15
457.60	15734.62	0.00	596.96
457.70	15830.59	0.00	197.40
457.80	15838.72	0.00	-202.93
457.90	15810.17	0.00	-602.47
458.00	15752.98	0.00	-999.62
458.10	15666.57	0.00	-1392.83
458.20	15550.09	0.00	-1780.54
458.30	15402.44	0.00	-2161.23
458.40	15222.32	0.00	-2533.39
458.50	15008.23	0.00	-2895.55
458.60	14758.52	0.00	-3246.28
458.70	14471.47	0.00	-3584.20
458.80	14145.28	0.00	-3907.97
458.90	13778.19	0.00	-4216.32
459.00	13368.48	0.00	-4508.04
459.10	12914.54	0.00	-4781.96
459.20	12414.96	0.00	-5037.01
459.30	11868.55	0.00	-5272.18
459.40	11274.39	0.00	-5486.54
459.50	10631.93	0.00	-5679.25
459.60	9940.97	0.00	-5849.54
459.70	9201.77	0.00	-5996.76
459.80	8415.03	0.00	-6120.30
459.90	7581.98	0.00	-6219.69
460.00	6704.35	0.00	-6294.54
460.10	5784.42	0.00	-6344.54
460.20	4825.02	0.00	-6369.50
460.30	3829.55	0.00	-6369.33
460.40	2801.92	0.00	-6344.02
460.50	1746.61	0.00	-6293.67
460.60	668.57	0.00	-6218.48
460.70	-426.74	0.00	-6118.76
460.80	-1533.45	0.00	-5994.88
460.90	-2645.29	0.00	-5847.35
461.00	-3755.67	0.00	-5676.74
461.10	-4857.74	0.00	-5483.72
461.20	-5944.40	0.00	-5269.06
461.30	-7008.47	0.00	-5033.61
461.40	-8042.67	0.00	-4778.30
461.50	-9039.76	0.00	-4504.12
461.60	-9992.60	0.00	-4212.17
461.70	-10894.20	0.00	-3903.60
461.80	-11737.84	0.00	-3579.62
461.90	-12517.14	0.00	-3241.51
462.00	-13226.10	0.00	-2890.62
462.10	-13859.21	0.00	-2528.31
462.20	-14411.49	0.00	-2156.02
462.30	-14878.55	0.00	-1775.23
462.40	-15256.67	0.00	-1387.43
462.50	-15542.80	0.00	-994.15
462.60	-15734.62	0.00	-596.96
462.70	-15830.59	0.00	-197.40
462.80	-15838.72	0.00	202.93
462.90	-15810.17	0.00	602.47
463.00	-15752.98	0.00	999.62
463.10	-15666.57	0.00	1392.83
463.20	-15550.09	0.00	1780.54
463.30	-15402.44	0.00	2161.23
463.40	-15222.32	0.00	2533.39
463.50	-15008.23	0.00	2895.55
463.60	-14758.52	0.00	3246.28
463.70	-14471.47	0.00	3584.20
463.80	-14145.28	0.00	3907.97
463.90	-13778.19	0.00	4216.32
464.00	-13368.48	0.00	4508.04
464.10	-12914.54	0.00	4781.96
464.20	-12414.96	0.00	5037.01
464.30	-11868.55	0.00	5272.18
464.40	-11274.39	0.00	5486.54
464.50	-10631.93	0.00	5679.25
464.60	-9940.97	0.00	5849.54
464.70	-9201.77	0.00	5996.76
464.80	-8415.03	0.00	6120.30
464.90	-7581.98	0.00	6219.69
465.00	-6704.35	0.00	6294.54
465.10	-5784.42	0.00	6344.54
465.20	-4825.02	0.00	6369.50
465.30	-3829.55	0.00	6369.33
465.40	-2801.92	0.00	6344.02
465.50	-1746.61	0.00	6293.67
465.60	-668.57	0.00	6218.48
465.70	426.74	0.00	6118.76
465.80	1533.45	0.00	5994.88
465.90	2645.29	0.00	5847.35
466.00	3755.67	0.00	5676.74
466.10	4857.74	0.00	5483.72
466.20	5944.40	0.00	5269.06
466.30	7008.47	0.00	5033.61
466.40	8042.67	0.00	4778.30
466.50	9039.76	0.00	4504.12
466.60	9992.60	0.00	4212.17
466.70	10894.20	0.00	3903.60
466.80	11737.84	0.00	3579.62
466.90	12517.14	0.00	3241.51
467.00	13226.10	0.00	2890.62
467.10	13859.21	0.00	2528.31
467.20	14411.49	0.00	2156.02
467.30	14878.55	0.00	1775.23
467.40	15256.67	0.00	1387.43
467.50	15542.80	0.00	994.15
467.60	15734.62	0.00	596.96
467.70	15830.59	0.00	197.40
467.80	15838.72	0.00	-202.93
467.90	15810.17	0.00	-602.47
468.00	15752.98	0.00	-999.62
468.10	15666.57	0.00	-1392.83
468.20	15550.09	0.00	-1780.54
468.30	15402.44	0.00	-2161.23
468.40	15222.32	0.00	-2533.39
468.50	15008.23	0.00	-2895.55
468.60	14758.52	0.00	-3246.28
468.70	14471.47	0.00	-3584.20
468.80	14145.28	0.00	-3907.97
468.90	13778.19	0.00	-4216.32
469.00	13368.48	0.00	-4508.04
469.10	12914.54	0.00	-4781.96
469.20	12414.96	0.00	-5037.01
469.30	11868.55	0.00	-5272.18
469.40	11274.39	0.00	-5486.54
469.50	10631.93	0.00	-5679.25
469.60	9940.97	0.00	-5849.54
469.70	9201.77	0.00	-5996.76
469.80	8415.03	0.00	-6120.30
469.90	7581.98	0.00	-6219.69
470.00	6704.35	0.00	-6294.54
470.10	5784.42	0.00	-6344.54
470.20	4825.02	0.00	-6369.50
470.30	3829.55	0.00	-6369.33
470.40	2801.92	0.00	-6344.02
470.50	1746.61	0.00	-6293.67
470.60	668.57	0.00	-6218.48
470.70	-426.74	0.00	-6118.76
470.80	-1533.45	0.00	-5994.88
470.90	-2645.29	0.00	-5847.35
471.00	-3755.67	0.00	-5676.74
471.10	-4857.74	0.00	-5483.72
471.20	-5944.40	0.00	-5269.06
471.30	-7008.47	0.00	-5033.61
471.40	-8042.67	0.00	-4778.30
471.50	-9039.76	0.00	-4504.12
471.60	-9992.60	0.00	-4212.17
471.70	-10894.20	0.00	-3903.60
471.80	-11737.84	0.00	-3579.62
471.90	-12517.14	0.00	-3241.51
472.00	-13226.10	0.00	-2890.62
472.10	-13859.21	0.00	-2528.31
472.20	-14411.49	0.00	-2156.02
472.30	-14878.55	0.00	-1775.23
472.40	-15256.67	0.00	-1387.43
472.50	-15542.80	0.00	-994.15
472.60	-15734.62	0.00	-596.96
472.70	-15830.59	0.00	-197.40
472.80	-15838.72	0.00	202.93
472.90	-15810.17	0.00	602.47
473.00	-15752.98	0.00	999.62
473.10	-15666.57	0.00	1392.83
473.20	-15550.09	0.00	1780.54
473.30	-15402.44	0.00	2161.23
473.40	-15222.32	0.00	2533.39
473.50	-15008.23	0.00	2895.55
473.60	-14758.52	0.00	3246.28
473.70	-14471.47	0.00	3584.20
473.80	-14145.28	0.00	3907.97
473.90	-13778.19	0.00	4216.32
474.00	-13368.48	0.00	4508.04
474.10	-12914.54	0.00	4781.96
474.20	-12414.96	0.00	5037.01
474.30	-11868.55	0.00	5272.18
474.40	-11274.39	0.00	5486.54
474.50	-10631.93	0.00	5679.25
474.60	-9940.97	0.00	5849.54
474.70	-9201.77	0.00	5996.76
474.80	-8415.03	0.00	6120.30
474.90	-7581.98	0.00	6219.69
475.00	-6704.35	0.00	6294.54
475.10	-5784.42	0.00	6344.54
475.20	-4825.02	0.00	6369.50
475.30	-3829.55	0.00	6369.33
475.40	-2801.92	0.00	6344.02
475.50	-1746.61	0.00	6293.67
475.60	-668.57	0.00	6218.48
475.70	426.74	0.00	6118.76
475.80	1533.45	0.00	5994.88
475.90	2645.29	0.00	5847.35
476.00	3755.67	0.00	5676.74
476.10	4857.74	0.00	5483.72
476.20	5944.40	0.00	5269.06
476.30	7008.47	0.00	5033.61
476.40	8042.67	0.00	4778.30
476.50	9039.76	0.00	4504.12
476.60	9992.60	0.00	4212.17
476.70	10894.20	0.00	3903.60
476.80	11737.84	0.00	3579.62
476.90	12517.14	0.00	3241.51
477.00	13226.10	0.00	2890.62
477.10	13859.21	0.00	2528.31
477.20	14411.49	0.00	2156.02
477.30	14878.55	0.00	1775.23
477.40	15256.67	0.00	1387.43
477.50	15542.80	0.00	994.15
477.60	15734.62	0.00	596.96
477.70	15830.59	0.00	197.40
477.80	15838.72	0.00	-202.93
477.90	15810.17	0.00	-602.47
478.00	15752.98	0.00	-999.62
478.10	15666.57	0.00	-1392.83
478.20	15550.09	0.00	-1780.54
478.30	15402.44	0.00	-2161.23
478.40	15222.32	0.00	-2533.39
478.50	15008.23	0.00	-2895.55
478.60	14758.52	0.00	-3246.28
478.70	14471.47	0.00	-3584.20
478.80	14145.28	0.00	-3907.97
478.90	13778.19	0.00	-4216.32
479.00	13368.48	0.00	-4508.04
479.10	12914.54	0.00	-4781.96
479.20	12414.96	0.00	-5037.01
479.30	11868.55	0.00	-5272.18
479.40	11274.39	0.00	-5486.54
479.50	10631.93	0.00	-5679.25
479.60	9940.97	0.00	-5849.54
479.70	9201.77	0.00	-5996.76
479.80	8415.03	0.00	-6120.30
479.90	7581.98	0.00	-6219.69
480.00	6704.35	0.00	-6294.54
480.10	5784.42	0.00	-6344.54
480.20	4825.02	0.00	-6369.50
480.30	3829.55	0.00	-6369.33
480.40	2801.92	0.00	-6344.02
480.50	1746.61	0.00	-6293.67
480.60	668.57	0.00	-6218.48
480.70	-426.74	0.00	-6118.76
480.80	-1533.45	0.00	-5994.88
480.90	-2645.29	0.00	-5847.35
481.00	-3755.67	0.00	-5676.74
481.10	-4857.74	0.00	-5483.72
481.20	-5944.40	0.00	-5269.06
481.30	-7008.47	0.00	-5033.61
481.40	-8042.67	0.00	-4778.30
481.50	-9039.76	0.00	-4504.12
481.60	-9992.60	0.00	-4212.17
481.70	-10894.20	0.00	-3903.60
481.80	-11737.84	0.00	-3579.62
481.90	-12517.14	0.00	-3241.51
482.00	-13226.10	0.00	-2890.62
482.10	-13859.21	0.00	-2528.31
482.20	-14411.49	0.00	-2156.02
482.30	-14878.55	0.00	-1775.23
482.40	-15256.67	0.00	-1387.43
482.50	-15542.80	0.00	-994.15
482.60	-15734.62	0.00	-596.96
482.70	-15830.59	0.00	-197.40
482.80	-15838.72	0.00	202.93
482.90	-15810.17	0.00	602.47
483.00	-15752.98	0.00	999.62
483.10	-15666.57	0.00	1392.83
483.20	-15550.09	0.00	1780.54
483.30	-15402.44	0.00	2161.23
483.40	-15222.32	0.00	2533.39
483.50	-15008.23	0.00	2895.55
483.60	-14758.52	0.00	3246.28
483.70	-14471.47	0.00	3584.20
483.80	-14145.28	0.00	3907.97
483.90	-13778.19	0.00	4216.32
484.00	-13368.48	0.00	4508.04
484.10	-12914.54	0.00	4781.96
484.20	-12414.96	0.00	5037.01
484.30	-11868.55	0.00	5272.18
484.40	-11274.39	0.00	5486.54
484.50	-10631.93	0.00	5679.25
484.60	-9940.97	0.00	5849.54
484.70	-9201.77	0.00	5996.76
484.80	-8415.03	0.00	6120.30
484.90	-7581.98	0.00	6219.69
485.00	-6704.35	0.00	6294.54
485.10	-5784.42	0.00	6344.54
485.20	-4825.02	0.00	6369.50
485.30	-3829.55	0.00	6369.33
485.40	-2801.92	0.00	6344.02
485.50	-1746.61	0.00	6293.67
485.60	-668.57	0.00	6218.48
485.70	426.74	0.00	6118.76
485.80	1533.45	0.00	5994.88
485.90	2645.29	0.00	5847.35
486.00	3755.67	0.00	5676.74
486.10	4857.74	0.00	5483.72
486.20	5944.40	0.00	5269.06
486.30	7008.47	0.00	5033.61
486.40	8042.67	0.00	4778.30
486.50	9039.76	0.00	4504.12
486.60	9992.60	0.00	4212.17
486.70	10894.20	0.00	3903.60
486.80	11737.84	0.00	3579.62
486.90	12517.14	0.00	3241.51
487.00	13226.10	0.00	2890.62
487.10	13859.21	0.00	2528.31
487.20	14411.49	0.00	2156.02
487.30	14878.55	0.00	1775.23
487.40	15256.67	0.00	1387.43
487.50	15542.80	0.00	994.15
487.60	15734.62	0.00	596.96
487.70	15830.59	0.00	197.40
487.80	15838.72	0.00	-202.93
487.90	15810.17	0.00	-602.47
488.00	15752.98	0.00	-999.62
488.10	15666.57	0.00	-1392.83
488.20	15550.09	0.00	-1780.54
488.30	15402.44	0.00	-2161.23
488.40	15222.32	0.00	-2533.39
488.50	15008.23	0.00	-2895.55
488.60	14758.52	0.00	-3246.28
488.70	14471.47	0.00	-3584.20
488.80	14145.28	0.00	-3907.97
488.90	13778.19	0.00	-4216.32
489.00	13368.48	0.00	-4508.04
489.10	12914.54	0.00	-4781.96
489.20	12414.96	0.00	-5037.01
489.30	11868.55	0.00	-5272.18
489.40	11274.39	0.00	-5486.54
489.50	10631.93	0.00	-5679.25
489.60	9940.97	0.00	-5849.54
489.70	9201.77	0.00	-5996.76
489.80	8415.03	0.00	-6120.30
489.90	7581.98	0.00	-6219.69
490.00	6704.35	0.00	-6294.54
490.10	5784.42	0.00	-6344.54
490.20	4825.02	0.00	-6369.50
490.30	3829.55	0.00	-6369.33
490.40	2801.92	0.00	-6344.02
490.50	1746.61	0.00	-6293.67
490.60	668.57	0.00	-6218.48
490.70	-426.74	0.00	-6118.76
490.80	-1533.45	0.00	-5994.88
490.90	-2645.29	0.00	-5847.35
491.00	-3755.67	0.00	-5676.74
491.10	-4857.74	0.00	-5483.72
491.20	-5944.40	0.00	-5269.06
491.30	-7008.47	0.00	-5033.61
491.40	-8042.67	0.00	-4778.30
491.50	-9039.76	0.00	-4504.12
491.60	-9992.60	0.00	-4212.17
491.70	-10894.20	0.00	-3903.60
491.80	-11737.84	0.00	-3579.62
491.90	-12517.14	0.00	-3241.51
492.00	-13226.10	0.00	-2890.62
492.10	-13859.21	0.00	-2528.31
492.20	-14411.49	0.00	-2156.02
492.30	-14878.55	0.00	-1775.23
492.40	-15256.67	0.00	-1387.43
492.50	-15542.80	0.00	-994.15
492.60	-15734.62	0.00	-596.96
492.70	-15830.59	0.00	-197.40
492.80	-15838.72	0.00	202.93
492.90	-15810.17	0.00	602.47
493.00	-15752.98	0.00	999.62
493.10	-15666.57	0.00	1392.83
493.20	-15550.09	0.00	1780.54
493.30	-15402.44	0.00	2161.23
493.40	-15222.32	0.00	2533.39
493.50	-15008.23	0.00	2895.55
493.60	-14758.52	0.00	3246.28
493.70	-14471.47	0.00	3584.20
493.80	-14145.28	0.00	3907.97
493.90	-13778.19	0.00	4216.32
494.00	-13368.48	0.00	4508.04
494.10	-12914.54	0.00	4781.96
494.20	-12414.96	0.00	5037.01
494.30	-11868.55	0.00	5272.18
494.40	-11274.39	0.00	5486.54
494.50	-10631.93	0.00	5679.25
494.60	-9940.97	0.00	5849.54
494.70	-9201.77	0.00	5996.76
494.80	-8415.03	0.00	6120.30
494.90	-7581.98	0.00	6219.69
495.00	-6704.35	0.00	6294.54
495.10	-5784.42	0.00	6344.54
495.20	-4825.02	0.00	6369.50
495.30	-3829.55	0.00	6369.33
495.40	-2801.92	0.00	6344.02
495.50	-1746.61	0.00	6293.67
495.60	-668.57	0.00	6218.48
495.70	426.74	0.00	6118.76
495.80	1533.45	0.00	5994.88
495.90	2645.29	0.00	5847.35
496.00	3755.67	0.00	5676.74
496.10	4857.74	0.00	5483.72
496.20	5944.40	0.00	5269.06
496.30	7008.47	0.00	5033.61
496.40	8042.67	0.00	4778.30
496.50	9039.76	0.00	4504.12
496.60	9992.60	0.00	4212.17
496.70	10894.20	0.00	3903.60
496.80	11737.84	0.00	3579.62
496.90	12517.14	0.00	3241.51
497.00	13226.10	0.00	2890.62
497.10	13859.21	0.00	2528.31
497.20	14411.49	0.00	2156.02
497.30	14878.55	0.00	1775.23
497.40	15256.67	0.00	1387.43
497.50	15542.80	0.00	994.15
497.60	15734.62	0.00	596.96
497.70	15830.59	0.00	197.40
497.80	15838.72	0.00	-202.93
497.90	15810.17	0.00	-602.47
498.00	15752.98	0.00	-999.62
498.10	15666.57	0.00	-1392.83
498.20	15550.09	0.00	-1780.54
498.30	15402.44	0.00	-2161.23
498.40	15222.32	0.00	-2533.39
498.50	15008.23	0.00	-2895.55
498.60	14758.52	0.00	-3246.28
498.70	14471.47	0.00	-3584.20
498.80	14145.28	0.00	-3907.97
498.90	13778.19	0.00	-4216.32
499.00	13368.48	0.00	-4508.04
499.10	12914.54	0.00	-4781.96
499.20	12414.96	0.00	-5037.01
499.30	11868.55	0.00	-5272.18
499.40	11274.39	0.00	-5486.54
499.50	10631.93	0.00	-5679.25
499.60	9940.97	0.00	-5849.54
499.70	9201.77	0.00	-5996.76
499.80	8415.03	0.00	-6120.30
499.90	7581.98	0.00	-6219.69
500.00	6704.35	0.00	-6294.54
500.10	5784.42	0.00	-6344.54
500.20	4825.02	0.00	-6369.50
500.30	3829.55	0.00	-6369.33
500.40	2801.92	0.00	-6344.02
500.50	1746.61	0.00	-6293.67
500.60	668.57	0.00	-6218.48
500.70	-426.74	0.00	-6118.76
500.80	-1533.45	0.00	-5994.88
500.90	-2645.29	0.00	-5847.35
501.00	-3755.67	0.00	-5676.74
501.10	-4857.74	0.00	-5483.72
501.20	-5944.40	0.00	-5269.06
501.30	-7008.47	0.00	-5033.61
501.40	-8042.67	0.00	-4778.30
501.50	-9039.76	0.00	-4504.12
501.60	-9992.60	0.00	-4212.17
501.70	-10894.20	0.00	-3903.60
501.80	-11737.84	0.00	-3579.62
501.90	-12517.14	0.00	-3241.51
502.00	-13226.10	0.00	-2890.62
502.10	-13859.21	0.00	-2528.31
502.20	-14411.49	0.00	-2156.02
502.30	-14878.55	0.00	-1775.23
502.40	-15256.67	0.00	-1387.43
502.50	-15542.80	0.00	-994.15
502.60	-15734.62	0.00	-596.96
502.70	-15830.59	0.00	-197.40
502.80	-15838.72	0.00	202.93
502.90	-15810.17	0.00	602.47
503.00	-15752.98	0.00	999.62
503.10	-15666.57	0.00	1392.83
503.20	-15550.09	0.00	1780.54
503.30	-15402.44	0.00	2161.23
503.40	-15222.32	0.00	2533.39
503.50	-15008.23	0.00	2895.55
503.60	-14758.52	0.00	3246.28
503.70	-14471.47	0.00	3584.20
503.80	-14145.28	0.00	3907.97
503.90	-13778.19	0.00	4216.32
504.00	-13368.48	0.00	4508.04
504.10	-12914.54	0.00	4781.96
504.20	-12414.96	0.00	5037.01
504.30	-11868.55	0.00	5272.18
504.40	-11274.39	0.00	5486.54
504.50	-10631.93	0.00	5679.25
504.60	-9940.97	0.00	5849.54
504.70	-9201.77	0.00	5996.76
504.80	-8415.03	0.00	6120.30
504.90	-7581.98	0.00	6219.69
505.00	-6704.35	0.00	6294.54
505.10	-5784.42	0.00	6344.54
505.20	-4825.02	0.00	6369.50
505.30	-3829.55	0.00	6369.33
505.40	-2801.92	0.00	6344.02
505.50	-1746.61	0.00	6293.67
505.60	-668.57	0.00	6218.48
505.70	426.74	0.00	6118.76
505.80	1533.45	0.00	5994.88
505.90	2645.29	0.00	5847.35
506.00	3755.67	0.00	5676.74
506.10	4857.74	0.00	5483.72
506.20	5944.40	0.00	5269.06
506.30	7008.47	0.00	5033.61
506.40	8042.67	0.00	4778.30
506.50	9039.76	0.00	4504.12
506.60	9992.60	0.00	4212.17
506.70	10894.20	0.00	3903.60
506.80	11737.84	0.00	3579.62
506.90	12517.14	0.00	3241.51
507.00	13226.10	0.00	2890.62
507.10	13859.21	0.00	2528.31
507.20	14411.49	0.00	2156.02
507.30	14878.55	0.00	1775.23
507.40	15256.67	0.00	1387.43
507.50	15542.80	0.00	994.15
507.60	15734.62	0.00	596.96
507.70	15830.59	0.00	197.40
507.80	15838.72	0.00	-202.93
507.90	15810.17	0.00	-602.47
508.00	15752.98	0.00	-999.62
508.10	15666.57	0.00	-1392.83
508.20	15550.09	0.00	-1780.54
508.30	15402.44	0.00	-2161.23
508.40	15222.32	0.00	-2533.39
508.50	15008.23	0.00	-2895.55
508.60	14758.52	0.00	-3246.28
508.70	14471.47	0.00	-3584.20
508.80	14145.28	0.00	-3907.97
508.90	13778.19	0.00	-4216.32
509.00	13368.48	0.00	-4508.04
509.10	12914.54	0.00	-4781.96
509.20	12414.96	0.00	-5037.01
509.30	11868.55	0.00	-5272.18
509.40	11274.39	0.00	-5486.54
509.50	10631.93	0.00	-5679.25
509.60	9940.97	0.00	-5849.54
509.70	9201.77	0.00	-5996.76
509.80	8415.03	0.00	-6120.30
509.90	7581.98	0.00	-6219.69
510.00	6704.35	0.00	-6294.54
510.10	5784.42	0.00	-6344.54
510.20	4825.02	0.00	-6369.50
510.30	3829.55	0.00	-6369.33
510.40	2801.92	0.00	-6344.02
510.50	1746.61	0.00	-6293.67
510.60	668.57	0.00	-6218.48
510.70	-426.74	0.00	-6118.76
510.80	-1533.45	0.00	-5994.88
510.90	-2645.29	0.00	-5847.35
511.00	-3755.67	0.00	-5676.74
511.10	-4857.74	0.00	-5483.72
511.20	-5944.40	0.00	-5269.06
511.30	-7008.47	0.00	-5033.61
511.40	-8042.67	0.00	-4778.30
511.50	-9039.76	0.00	-4504.12
511.60	-9992.60	0.00	-4212.17
511.70	-10894.20	0.00	-3903.60
511.80	-11737.84	0.00	-3579.62
511.90	-12517.14	0.00	-3241.51
512.00	-13226.10	0.00	-2890.62
512.10	-13859.21	0.00	-2528.31
512.20	-14411.49	0.00	-2156.02
512.30	-14878.55	0.00	-1775.23
512.40	-15256.67	0.00	-1387.43
512.50	-15542.80	0.00	-994.15
512.60	-15734.62	0.00	-596.96
512.70	-15830.59	0.00	-197.40
512.80	-15838.72	0.00	202.93
512.90	-15810.17	0.00	602.47
513.00	-15752.98	0.00	999.62
513.10	-15666.57	0.00	1392.83
513.20	-15550.09	0.00	1780.54
513.30	-15402.44	0.00	2161.23
513.40	-15222.32	0.00	2533.39
513.50	-15008.23	0.00	2895.55
513.60	-14758.52	0.00	3246.28
513.70	-14471.47	0.00	3584.20
513.80	-14145.28	0.00	3907.97
513.90	-13778.19	0.00	4216.32
514.00	-13368.48	0.00	4508.04
514.10	-12914.54	0.00	4781.96
514.20	-12414.96	0.00	5037.01
514.30	-11868.55	0.00	5272.18
514.40	-11274.39	0.00	5486.54
514.50	-10631.93	0.00	5679.25
514.60	-9940.97	0.00	5849.54
514.70	-9201.77	0.00	5996.76
514.80	-8415.03	0.00	6120.30
514.90	-7581.98	0.00	6219.69
515.00	-6704.35	0.00	6294.54
515.10	-5784.42	0.00	6344.54
515.20	-4825.02	0.00	6369.50
515.30	-3829.55	0.00	6369.33
515.40	-2801.92	0.00	6344.02
515.50	-1746.61	0.00	6293.67
515.60	-668.57	0.00	6218.48
515.70	426.74	0.00	6118.76
515.80	1533.45	0.00	5994.88
515.90	2645.29	0.00	5847.35
516.00	3755.67	0.00	5676.74
516.10	4857.74	0.00	5483.72
516.20	5944.40	0.00	5269.06
516.30	7008.47	0.00	5033.61
516.40	8042.67	0.00	4778.30
516.50	9039.76	0.00	4504.12
516.60	9992.60	0.00	4212.17
516.70	10894.20	0.00	3903.60
516.80	11737.84	0.00	3579.62
516.90	12517.14	0.00	3241.51
517.00	13226.10	0.00	2890.62
517.10	13859.21	0.00	2528.31
517.20	14411.49	0.00	2156.02
517.30	14878.55	0.00	1775.23
517.40	15256.67	0.00	1387.43
517.50	15542.80	0.00	994.15
517.60	15734.62	0.00	596.96
517.70	15830.59	0.00	197.40
517.80	15838.72	0.00	-202.93
517.90	15810.17	0.00	-602.47
518.00	15752.98	0.00	-999.62
518.10	15666.57	0.00	-1392.83
518.20	15550.09	0.00	-1780.54
518.30	15402.44	0.00	-2161.23
518.40	15222.32	0.00	-2533.39
518.50	15008.23	0.00	-2895.55
518.60	14758.52	0.00	-3246.28
518.70	14471.47	0.00	-3584.20
518.80	14145.28	0.00	-3907.97
518.90	13778.19	0.00	-4216.32
519.00	13368.48	0.00	-4508.04
519.10	12914.54	0.00	-4781.96
519.20	12414.96	0.00	-5037.01
519.30	11868.55	0.00	-5272.18
519.40	11274.39	0.00	-5486.54
519.50	10631.93	0.00	-5679.25
519.60	9940.97	0.00	-5849.54
519.70	9201.77	0.00	-5996.76
519.80	8415.03	0.00	-6120.30
519.90	7581.98	0.00	-6219.69
520.00	6704.35	0.00	-6294.54
520.10	5784.42	0.00	-6344.54
520.20	4825.02	0.00	-6369.50
520.30	3829.55	0.00	-6369.33
520.40	2801.92	0.00	-6344.02
520.50	1746.61	0.00	-6293.67
520.60	668.57	0.00	-6218.48
520.70	-426.74	0.00	-6118.76
520.80	-1533.45	0.00	-5994.88
520.90	-2645.29	0.00	-5847.35
521.00	-3755.67	0.00	-5676.74
521.10	-4857.74	0.00	-5483.72
521.20	-5944.40	0.00	-5269.06
521.30	-7008.47	0.00	-5033.61
521.40	-8042.67	0.00	-4778.30
521.50	-9039.76	0.00	-4504.12
521.60	-9992.60	0.00	-4212.17
521.70	-10894.20	0.00	-3903.60
521.80	-11737.84	0.00	-3579.62
521.90	-12517.14	0.00	-3241.51
522.00	-13226.10	0.00	-2890.62
522.10	-13859.21	0.00	-2528.31
522.20	-14411.49	0.00	-2156.02
522.30	-14878.55	0.00	-1775.23
522.40	-15256.67	0.00	-1387.43
522.50	-15542.80	0.00	-994.15
522.60	-15734.62	0.00	-596.96
522.70	-15830.59	0.00	-197.40
522.80	-15838.72	0.00	202.93
522.90	-15810.17	0.00	602.47
523.00	-15752.98	0.00	999.62
523.10	-15666.57	0.00	1392.83
523.20	-15550.09	0.00	1780.54
523.30	-15402.44	0.00	2161.23
523.40	-15222.32	0.00	2533.39
523.50	-15008.23	0.00	2895.55
523.60	-14758.52	0.00	3246.28
523.70	-14471.47	0.00	3584.20
523.80	-14145.28	0.00	3907.97
523.90	-13778.19	0.00	4216.32
524.00	-13368.48	0.00	4508.04
524.10	-12914.54	0.00	4781.96
524.20	-12414.96	0.00	5037.01
524.30	-11868.55	0.00	5272.18
524.40	-11274.39	0.00	5486.54
524.50	-10631.93	0.00	5679.25
524.60	-9940.97	0.00	5849.54
524.70	-9201.77	0.00	5996.76
524.80	-8415.03	0.00	6120.30
524.90	-7581.98	0.00	6219.69
525.00	-6704.35	0.00	6294.54
525.10	-5784.42	0.00	6344.54
525.20	-4825.02	0.00	6369.50
525.30	-3829.55	0.00	6369.33
525.40	-2801.92	0.00	6344.02
525.50	-1746.61	0.00	6293.67
525.60	-668.57	0.00	6218.48
525.70	426.74	0.00	6118.76
525.80	1533.45	0.00	5994.88
525.90	2645.29	0.00	5847.35
526.00	3755.67	0.00	5676.74
526.10	4857.74	0.00	5483.72
526.20	5944.40	0.00	5269.06
526.30	7008.47	0.00	5033.61
526.40	8042.67	0.00	4778.30
526.50	9039.76	0.00	4504.12
526.60	9992.60	0.00	4212.17
526.70	10894.20	0.00	3903.60
526.80	11737.84	0.00	3579.62
526.90	12517.14	0.00	3241.51
527.00	13226.10	0.00	2890.62
527.10	13859.21	0.00	2528.31
527.20	14411.49	0.00	2156.02
527.30	14878.55	0.00	1775.23
527.40	15256.67	0.00	1387.43
527.50	15542.80	0.00	994.15
527.60	15734.62	0.00	596.96
527.70	15830.59	0.00	197.40
527.80	15838.72	0.00	-202.93
527.90	15810.17	0.00	-602.47
528.00	15752.98	0.00	-999.62
528.10	15666.57	0.00	-1392.83
528.20	15550.09	0.00	-1780.54
528.30	15402.44	0.00	-2161.23
528.40	15222.32	0.00	-2533.39
528.50	15008.23	0.00	-2895.55
528.60	14758.52	0.00	-3246.28
528.70	14471.47	0.00	-3584.20
528.80	14145.28	0.00	-3907.97
528.90	13778.19	0.00	-4216.32
529.00	13368.48	0.00	-4508.04
529.10	12914.54	0.00	-4781.96
529.20	12414.96	0.00	-5037.01
529.30	11868.55	0.00	-5272.18
529.40	11274.39	0.00	-5486.54
529.50	10631.93	0.00	-5679.25
529.60	9940.97	0.00	-5849.54
529.70	9201.77	0.00	-5996.76
529.80	8415.03	0.00	-6120.30
529.90	7581.98	0.00	-6219.69
530.00	6704.35	0.00	-6294.54
530.10	5784.42	0.00	-6344.54
530.20	4825.02	0.00	-6369.50
530.30	3829.55	0.00	-6369.33
530.40	2801.92	0.00	-6344.02
530.50	1746.61	0.00	-6293.67
530.60	668.57	0.00	-6218.48
530.70	-426.74	0.00	-6118.76
530.80	-1533.45	0.00	-5994.88
530.90	-2645.29	0.00	-5847.35
531.00	-3755.67	0.00	-5676.74
531.10	-4857.74	0.00	-5483.72
531.20	-5944.40	0.00	-5269.06
531.30	-7008.47	0.00	-5033.61
531.40	-8042.67	0.00	-4778.30
531.50	-9039.76	0.00	-4504.12
531.60	-9992.60	0.00	-4212.17
531.70	-10894.20	0.00	-3903.60
531.80	-11737.84	0.00	-3579.62
531.90	-12517.14	0.00	-3241.51
532.00	-13226.10	0.00	-2890.62
532.10	-13859.21	0.00	-2528.31
532.20	-14411.49	0.00	-2156.02
532.30	-14878.55	0.00	-1775.23
532.40	-15256.67	0.00	-1387.43
532.50	-15542.80	0.00	-994.15
532.60	-15734.62	0.00	-596.96
532.70	-15830.59	0.00	-197.40
532.80	-15838.72	0.00	202.93
532.90	-15810.17	0.00	602.47
533.00	-15752.98	0.00	999.62
533.10	-15666.57	0.00	1392.83
533.20	-15550.09	0.00	1780.54
533.30	-15402.44	0.00	2161.23
533.40	-15222.32	0.00	2533.39
533.50	-15008.23	0.00	2895.55
533.60	-14758.52	0.00	3246.28
533.70	-14471.47	0.00	3584.20
533.80	-14145.28	0.00	3907.97
533.90	-13778.19	0.00	4216.32
534.00	-13368.48	0.00	4508.04
534.10	-12914.54	0.00	4781.96
534.20	-12414.96	0.00	5037.01
534.30	-11868.55	0.00	5272.18
534.40	-11274.39	0.00	5486.54
534.50	-10631.93	0.00	5679.25
534.60	-9940.97	0.00	5849.54
534.70	-9201.77	0.00	5996.76
534.80	-8415.03	0.00	6120.30
534.90	-7581.98	0.00	6219.69
535.00	-6704.35	0.00	6294.54
535.10	-5784.42	0.00	6344.54
535.20	-4825.02	0.00	6369.50
535.30	-3829.55	0.00	6369.33
535.40	-2801.92	0.00	6344.02
535.50	-1746.61	0.00	6293.67
535.60	-668.57	0.00	6218.48
535.70	426.74	0.00	6118.76
535.80	1533.45	0.00	5994.88
535.90	2645.29	0.00	5847.35
536.00	3755.67	0.00	5676.74
536.10	4857.74	0.00	5483.72
536.20	5944.40	0.00	5269.06
536.30	7008.47	0.00	5033.61
536.40	8042.67	0.00	4778.30
536.50	9039.76	0.00	4504.12
536.60	9992.60	0.00	4212.17
536.70	10894.20	0.00	3903.60
536.80	11737.84	0.00	3579.62
536.90	12517.14	0.00	3241.51
537.00	13226.10	0.00	2890.62
537.10	13859.21	0.00	2528.31
537.20	14411.49	0.00	2156.02
537.30	14878.55	0.00	1775.23
537.40	15256.67	0.00	1387.43
537.50	15542.80	0.00	994.15
537.60	15734.62	0.00	596.96
537.70	15830.59	0.00	197.40
537.80	15838.72	0.00	-202.93
537.90	15810.17	0.00	-602.47
538.00	15752.98	0.00	-999.62
538.10	15666.57	0.00	-1392.83
538.20	15550.09	0.00	-1780.54
538.30	15402.44	0.00	-2161.23
538.40	15222.32	0.00	-2533.39
538.50	15008.23	0.00	-2895.55
538.60	14758.52	0.00	-3246.28
538.70	14471.47	0.00	-3584.20
538.80	14145.28	0.00	-3907.97
538.90	13778.19	0.00	-4216.32
539.00	13368.48	0.00	-4508.04
539.10	12914.54	0.00	-4781.96
539.20	12414.96	0.00	-5037.01
539.30	11868.55	0.00	-5272.18
539.40	11274.39	0.00	-5486.54
539.50	10631.93	0.00	-5679.25
539.60	9940.97	0.00	-5849.54
539.70	9201.77	0.00	-5996.76
539.80	8415.03	0.00	-6120.30
539.90	7581.98	0.00	-6219.69
540.00	6704.35	0.00	-6294.54
540.10	5784.42	0.00	-6344.54
540.20	4825.02	0.00	-6369.50
540.30	3829.55	0.00	-6369.33
540.40	2801.92	0.00	-6344.02
540.50	1746.61	0.00	-6293.67
540.60	668.57	0.00	-6218.48
540.70	-426.74	0.00	-6118.76
540.80	-1533.45	0.00	-5994.88
540.90	-2645.29	0.00	-5847.35
541.00	-3755.67	0.00	-5676.74
541.10	-4857.74	0.00	-5483.72
541.20	-5944.40	0.00	-5269.06
541.30	-7008.47	0.00	-5033.61
541.40	-8042.67	0.00	-4778.30
541.50	-9039.76	0.00	-4504.12
541.60	-9992.60	0.00	-4212.17
541.70	-10894.20	0.00	-3903.60
541.80	-11737.84	0.00	-3579.62
541.90	-12517.14	0.00	-3241.51
542.00	-13226.10	0.00	-2890.62
542.10	-13859.21	0.00	-2528.31
542.20	-14411.49	0.00	-2156.02
542.30	-14878.55	0.00	-1775.23
542.40	-15256.67	0.00	-1387.43
542.50	-15542.80	0.00	-994.15
542.60	-15734.62	0.00	-596.96
542.70	-15830.59	0.00	-197.40
542.80	-15838.72	0.00	202.93
542.90	-15810.17	0.00	602.47
543.00	-15752.98	0.00	999.62
543.10	-15666.57	0.00	1392.83
543.20	-15550.09	0.00	1780.54
543.30	-15402.44	0.00	2161.23
543.40	-15222.32	0.00	2533.39
543.50	-15008.23	0.00	2895.55
543.60	-14758.52	0.00	3246.28
543.70	-14471.47	0.00	3584.20
543.80	-14145.28	0.00	3907.97
543.90	-13778.19	0.00	4216.32
544.00	-13368.48	0.00	4508.04
544.10	-12914.54	0.00	4781.96
544.20	-12414.96	0.00	5037.01
544.30	-11868.55	0.00	5272.18
544.40	-11274.39	0.00	5486.54
544.50	-10631.93	0.00	5679.25
544.60	-9940.97	0.00	5849.54
544.70	-9201.77	0.00	5996.76
544.80	-8415.03	0.00	6120.30
544.90	-7581.98	0.00	6219.69
545.00	-6704.35	0.00	6294.54
545.10	-5784.42	0.00	6344.54
545.20	-4825.02	0.00	6369.50
545.30	-3829.55	0.00	6369.33
545.40	-2801.92	0.00	6344.02
545.50	-1746.61	0.00	6293.67
545.60	-668.57	0.00	6218.48
545.70	426.74	0.00	6118.76
545.80	1533.45	0.00	5994.88
545.90	2645.29	0.00	5847.35
546.00	3755.67	0.00	5676.74
546.10	4857.74	0.00	5483.72
546.20	5944.40	0.00	5269.06
546.30	7008.47	0.00	5033.61
546.40	8042.67	0.00	4778.30
546.50	9039.76	0.00	4504.12
546.60	9992.60	0.00	4212.17
546.70	10894.20	0.00	3903.60
546.80	11737.84	0.00	3579.62
546.90	12517.14	0.00	3241.51
547.00	13226.10	0.00	2890.62
547.10	13859.21	0.00	2528.31
547.20	14411.49	0.00	2156.02
547.30	14878.55	0.00	1775.23
547.40	15256.67	0.00	1387.43
547.50	15542.80	0.00	994.15
547.60	15734.62	0.00	596.96
547.70	15830.59	0.00	197.40
547.80	15838.72	0.00	-202.93
547.90	15810.17	0.00	-602.47
548.00	15752.98	0.00	-999.62
548.10	15666.57	0.00	-1392.83
548.20	15550.09	0.00	-1780.54
548.30	15402.44	0.00	-2161.23
548.40	15222.32	0.00	-2533.39
548.50	15008.23	0.00	-2895.55
548.60	14758.52	0.00	-3246.28
548.70	14471.47	0.00	-3584.20
548.80	14145.28	0.00	-3907.97
548.90	13778.19	0.00	-4216.32
549.00	13368.48	0.00	-4508.04
549.10	12914.54	0.00	-4781.96
549.20	12414.96	0.00	-5037.01
549.30	11868.55	0.00	-5272.18
549.40	11274.39	0.00	-5486.54
549.50	10631.93	0.00	-5679.25
549.60	9940.97	0.00	-5849.54
549.70	9201.77	0.00	-5996.76
549.80	8415.03	0.00	-6120.30
549.90	7581.98	0.00	-6219.69
550.00	6704.35	0.00	-6294.54
550.10	5784.42	0.00	-6344.54
550.20	4825.02	0.00	-6369.50
550.30	3829.55	0.00	-6369.33
550.40	2801.92	0.00	-6344.02
550.50	1746.61	0.00	-6293.67
550.60	668.57	0.00	-6218.48
550.70	-426.74	0.00	-6118.76
550.80	-1533.45	0.00	-5994.88
550.90	-2645.29	0.00	-5847.35
551.00	-3755.67	0.00	-5676.74
551.10	-4857.74	0.00	-5483.72
551.20	-5944.40	0.00	-5269.06
551.30	-7008.47	0.00	-5033.61
551.40	-8042.67	0.00	-4778.30
551.50	-9039.76	0.00	-4504.12
551.60	-9992.60	0.00	-4212.17
551.70	-10894.20	0.00	-3903.60
551.80	-11737.84	0.00	-3579.62
551.90	-12517.14	0.00	-3241.51
552.00	-13226.10	0.00	-2890.62
552.10	-13859.21	0.00	-2528.31
552.20	-14411.49	0.00	-2156.02
552.30	-14878.55	0.00	-1775.23
552.40	-15256.67	0.00	-1387.43
552.50	-15542.80	0.00	-994.15
552.60	-15734.62	0.00	-596.96
552.70	-15830.59	0.00	-197.40
552.80	-15838.72	0.00	202.93
552.90	-15810.17	0.00	602.47
553.00	-15752.98	0.00	999.62
553.10	-15666.57	0.00	1392.83
553.20	-15550.09	0.00	1780.54
553.30	-15402.44	0.00	2161.23
553.40	-15222.32	0.00	2533.39
553.50	-15008.23	0.00	2895.55
553.60	-14758.52	0.00	3246.28
553.70	-14471.47	0.00	3584.20
553.80	-14145.28	0.00	3907.97
553.90	-13778.19	0.00	4216.32
554.00	-13368.48	0.00	4508.04
554.10	-12914.54	0.00	4781.96
554.20	-12414.96	0.00	5037.01
554.30	-11868.55	0.00	5272.18
554.40	-11274.39	0.00	5486.54
554.50	-10631.93	0.00	5679.25
554.60	-9940.97	0.00	5849.54
554.70	-9201.77	0.00	5996.76
554.80	-8415.03	0.00	6120.30
554.90	-7581.98	0.00	6219.69
555.00	-6704.35	0.00	6294.54
555.10	-5784.42	0.00	6344.54
555.20	-4825.02	0.00	6369.50
555.30	-3829.55	0.00	6369.33
555.40	-2801.92	0.00	6344.02
555.50	-1746.61	0.00	6293.67
555.60	-668.57	0.00	6218.48
555.70	426.74	0.00	6118.76
555.80	1533.45	0.00	5994.88
555.90	2645.29	0.00	5847.35
556.00	3755.67	0.00	5676.74
556.10	4857.74	0.00	5483.72
556.20	5944.40	0.00	5269.06
556.30	7008.47	0.00	5033.61
556.40	8042.67	0.00	4778.30
556.50	9039.76	0.00	4504.12
556.60	9992.60	0.00	4212.17
556.70	10894.20	0.00	3903.60
556.80	11737.84	0.00	3579.62
556.90	12517.14	0.00	3241.51
557.00	13226.10	0.00	2890.62
557.10	13859.21	0.00	2528.31
557.20	14411.49	0.00	2156.02
557.30	14878.55	0.00	1775.23
557.40	15256.67	0.00	1387.43
557.50	15542.80	0.00	994.15
557.60	15734.62	0.00	596.96
557.70	15830.59	0.00	197.40
557.80	15838.72	0.00	-202.93
557.90	15810.17	0.00	-602.47
558.00	15752.98	0.00	-999.62
558.10	15666.57	0.00	-1392.83
558.20	15550.09	0.00	-1780.54
558.30	15402.44	0.00	-2161.23
558.40	15222.32	0.00	-2533.39
558.50	15008.23	0.00	-2895.55
558.60	14758.52	0.00	-3246.28
558.70	14471.47	0.00	-3584.20
558.80	14145.28	0.00	-3907.97
558.90	13778.19	0.00	-4216.32
559.00	13368.48	0.00	-4508.04
559.10	12914.54	0.00	-4781.96
559.20	12414.96	0.00	-5037.01
559.30	11868.55	0.00	-5272.18
559.40	11274.39	0.00	-5486.54
559.50	10631.93	0.00	-5679.25
559.60	9940.97	0.00	-5849.54
559.70	9201.77	0.00	-5996.76
559.80	8415.03	0.00	-6120.30
559.90	7581.98	0.00	-6219.69
560.00	6704.35	0.00	-6294.54
560.10	5784.42	0.00	-6344.54
560.20	4825.02	0.00	-6369.50
560.30	3829.55	0.00	-6369.33
560.40	2801.92	0.00	-6344.02
560.50	1746.61	0.00	-6293.67
560.60	668.57	0.00	-6218.48
560.70	-426.74	0.00	-6118.76
560.80	-1533.45	0.00	-5994.88
560.90	-2645.29	0.00	-5847.35
561.00	-3755.67	0.00	-5676.74
561.10	-4857.74	0.00	-5483.72
561.20	-5944.40	0.00	-5269.06
561.30	-7008.47	0.00	-5033.61
561.40	-8042.67	0.00	-4778.30
561.50	-9039.76	0.00	-4504.12
561.60	-9992.60	0.00	-4212.17
561.70	-10894.20	0.00	-3903.60
561.80	-11737.84	0.00	-3579.62
561.90	-12517.14	0.00	-3241.51
562.00	-13226.10	0.00	-2890.62
562.10	-13859.21	0.00	-2528.31
562.20	-14411.49	0.00	-2156.02
562.30	-14878.55	0.00	-1775.23
562.40	-15256.67	0.00	-1387.43
562.50	-15542.80	0.00	-994.15
562.60	-15734.62	0.00	-596.96
562.70	-15830.59	0.00	-197.40
562.80	-15838.72	0.00	202.93
562.90	-15810.17	0.00	602.47
563.00	-15752.98	0.00	999.62
563.10	-15666.57	0.00	1392.83
563.20	-15550.09	0.00	1780.54
563.30	-15402.44	0.00	2161.23
563.40	-15222.32	0.00	2533.39
563.50	-15008.23	0.00	2895.55
563.60	-14758.52	0.00	3246.28
563.70	-14471.47	0.00	3584.20
563.80	-14145.28	0.00	3907.97
563.90	-13778.19	0.00	4216.32
564.00	-13368.48	0.00	4508.04
564.10	-12914.54	0.00	4781.96
564.20	-12414.96	0.00	5037.01
564.30	-11868.55	0.00	5272.18
564.40	-11274.39	0.00	5486.54
564.50	-10631.93	0.00	5679.25
564.60	-9940.97	0.00	5849.54
564.70	-9201.77	0.00	5996.76
564.80	-8415.03	0.00	6120.30
564.90	-7581.98	0.00	6219.69
565.00	-6704.35	0.00	6294.54
565.10	-5784.42	0.00	6344.54
565.20	-4825.02	0.00	6369.50
565.30	-3829.55	0.00	6369.33
565.40	-2801.92	0.00	6344.02
565.50	-1746.61	0.00	6293.67
565.60	-668.57	0.00	6218.48
565.70	426.74	0.00	6118.76
565.80	1533.45	0.00	5994.88
565.90	2645.29	0.00	5847.35
566.00	3755.67	0.00	5676.74
566.10	4857.74	0.00	5483.72
566.20	5944.40	0.00	5269.06
566.30	7008.47	0.00	5033.61
566.40	8042.67	0.00	4778.30
566.50	9039.76	0.00	4504.12
566.60	9992.60	0.00	4212.17
566.70	10894.20	0.00	3903.60
566.80	11737.84	0.00	3579.62
566.90	12517.14	0.00	3241.51
567.00	13226.10	0.00	2890.62
567.10	13859.21	0.00	2528.31
567.20	14411.49	0.00	2156.02
567.30	14878.55	0.00	1775.23
567.40	15256.67	0.00	1387.43
567.50	15542.80	0.00	994.15
567.60	15734.62	0.00	596.96
567.70	15830.59	0.00	197.40
567.80	15838.72	0.00	-202.93
567.90	15810.17	0.00	-602.47
568.00	15752.98	0.00	-999.62
568.10	15666.57	0.00	-1392.83
568.20	15550.09	0.00	-1780.54
568.30	15402.44	0.00	-2161.23
568.40	15222.32	0.00	-2533.39
568.50	15008.23	0.00	-2895.55
568.60	14758.52	0.00	-3246.28
568.70	14471.47	0.00	-3584.20
568.80	14145.28	0.00	-3907.97
568.90	13778.19	0.00	-4216.32
569.00	13368.48	0.00	-4508.04
569.10	12914.54	0.00	-4781.96
569.20	12414.96	0.00	-5037.01
569.30	11868.55	0.00	-5272.18
569.40	11274.39	0.00	-5486.54
569.50	10631.93	0.00	-5679.25
569.60	9940.97	0.00	-5849.54
569.70	9201.77	0.00	-5996.76
569.80	8415.03	0.00	-6120.30
569.90	7581.98	0.00	-6219.69
570.00	6704.35	0.00	-6294.54
570.10	5784.42	0.00	-6344.54
570.20	4825.02	0.00	-6369.50
570.30	3829.55	0.00	-6369.33
570.40	2801.92	0.00	-6344.02
570.50	1746.61	0.00	-6293.67
570.60	668.57	0.00	-6218.48
570.70	-426.74	0.00	-6118.76
570.80	-1533.45	0.00	-5994.88
570.90	-2645.29	0.00	-5847.35
571.00	-3755.67	0.00	-5676.74
571.10	-4857.74	0.00	-5483.72
571.20	-5944.40	0.00	-5269.06
571.30	-7008.47	0.00	-5033.61
571.40	-8042.67	0.00	-4778.30
571.50	-9039.76	0.00	-4504.12
571.60	-9992.60	0.00	-4212.17
571.70	-10894.20	0.00	-3903.60
571.80	-11737.84	0.00	-3579.62
571.90	-12517.14	0.00	-3241.51
572.00	-13226.10	0.00	-2890.62
572.10	-13859.21	0.00	-2528.31
572.20	-14411.49	0.00	-2156.02
572.30	-14878.55	0.00	-1775.23
572.40	-15256.67	0.00	-1387.43
572.50	-15542.80	0.00	-994.15
572.60	-15734.62	0.00	-596.96
572.70	-15830.59	0.00	-197.40
572.80	-15838.72	0.00	202.93
572.90	-15810.17	0.00	602.47
573.00	-15752.98	0.00	999.62
573.10	-15666.57	0.00	1392.83
573.20	-15550.09	0.00	1780.54
573.30	-15402.44	0.00	2161.23
573.40	-15222.32	0.00	2533.39
573.50	-15008.23	0.00	2895.55
573.60	-14758.52	0.00	3246.28
573.70	-14471.47	0.00	3584.20
573.80	-14145.28	0.00	3907.97
573.90	-13778.19	0.00	4216.32
574.00	-13368.48	0.00	4508.04
574.10	-12914.54	0.00	4781.96
574.20	-12414.96	0.00	5037.01
574.30	-11868.55	0.00	5272.18
574.40	-11274.39	0.00	5486.54
574.50	-10631.93	0.00	5679.25
574.60	-9940.97	0.00	5849.54
574.70	-9201.77	0.00	5996.76
574.80	-8415.03	0.00	6120.30
574.90	-7581.98	0.00	6219.69
575.00	-6704.35	0.00	6294.54
575.10	-5784.42	0.00	6344.54
575.20	-4825.02	0.00	6369.50
575.30	-3829.55	0.00	6369.33
575.40	-2801.92	0.00	6344.02
575.50	-1746.61	0.00	6293.67
575.60	-668.57	0.00	6218.48
575.70	426.74	0.00	6118.76
575.80	1533.45	0.00	5994.88
575.90	2645.29	0.00	5847.35
576.00	3755.67	0.00	5676.74
576.10	4857.74	0.00	5483.72
576.20	5944.40	0.00	5269.06
576.30	7008.47	0.00	5033.61
576.40	8042.67	0.00	4778.30
576.50	9039.76	0.00	4504.12
576.60	9992.60	0.00	4212.17
576.70	10894.20	0.00	3903.60
576.80	11737.84	0.00	3579.62
576.90	12517.14	0.00	3241.51
577.00	13226.10	0.00	2890.62
577.10	13859.21	0.00	2528.31
577.20	14411.49	0.00	2156.02
577.30	14878.55	0.00	1775.23
577.40	15256.67	0.00	1387.43
577.50	15542.80	0.00	994.15
577.60	15734.62	0.00	596.96
577.70	15830.59	0.00	197.40
577.80	15838.72	0.00	-202.93
577.90	15810.17	0.00	-602.47
578.00	15752.98	0.00	-999.62
578.10	15666.57	0.00	-1392.83
578.20	15550.09	0.00	-1780.54
578.30	15402.44	0.00	-2161.23
578.40	15222.32	0.00	-2533.39
578.50	15008.23	0.00	-2895.55
578.60	14758.52	0.00	-3246.28
578.70	14471.47	0.00	-3584.20
578.80	14145.28	0.00	-3907.97
578.90	13778.19	0.00	-4216.32
579.00	13368.48	0.00	-4508.04
579.10	12914.54	0.00	-4781.96
579.20	12414.96	0.00	-5037.01
579.30	11868.55	0.00	-5272.18
579.40	11274.39	0.00	-5486.54
579.50	10631.93	0.00	-5679.25
579.60	9940.97	0.00	-5849.54
579.70	9201.77	0.00	-5996.76
579.80	8415.03	0.00	-6120.30
579.90	7581.98	0.00	-6219.69
580.00	6704.35	0.00	-6294.54
580.10	5784.42	0.00	-6344.54
580.20	4825.02	0.00	-6369.50
580.30	3829.55	0.00	-6369.33
580.40	2801.92	0.00	-6344.02
580.50	1746.61	0.00	-6293.67
580.60	668.57	0.00	-6218.48
580.70	-426.74	0.00	-6118.76
580.80	-1533.45	0.00	-5994.88
580.90	-2645.29	0.00	-5847.35
581.00	-3755.67	0.00	-5676.74
581.10	-4857.74	0.00	-5483.72
581.20	-5944.40	0.00	-5269.06
581.30	-7008.47	0.00	-5033.61
581.40	-8042.67	0.00	-4778.30
581.50	-9039.76	0.00	-4504.12
581.60	-9992.60	0.00	-4212.17
581.70	-10894.20	0.00	-3903.60
581.80	-11737.84	0.00	-3579.62
581.90	-12517.14	0.00	-3241.51
582.00	-13226.10	0.00	-2890.62
582.10	-13859.21	0.00	-2528.31
582.20	-14411.49	0.00	-2156.02
582.30	-14878.55	0.00	-1775.23
582.40	-15256.67	0.00	-1387.43
582.50	-15542.80	0.00	-994.15
582.60	-15734.62	0.00	-596.96
582.70	-15830.59	0.00	-197.40
582.80	-15838.72	0.00	202.93
582.90	-15810.17	0.00	602.47
583.00	-15752.98	0.00	999.62
583.10	-15666.57	0.00	1392.83
583.20	-15550.09	0.00	1780.54
583.30	-15402.44	0.00	2161.23
583.40	-15222.32	0.00	2533.39
583.50	-15008.23	0.00	2895.55
583.60	-14758.52	0.00	3246.28
583.70	-14471.47	0.00	3584.20
583.80	-14145.28	0.00	3907.97
583.90	-13778.19	0.00	4216.32
584.00	-13368.48	0.00	4508.04
584.10	-12914.54	0.00	4781.96
584.20	-12414.96	0.00	5037.01
584.30	-11868.55	0.00	5272.18
584.40	-11274.39	0.00	5486.54
584.50	-10631.93	0.00	5679.25
584.60	-9940.97	0.00	5849.54
584.70	-9201.77	0.00	5996.76
584.80	-8415.03	0.00	6120.30
584.90	-7581.98	0.00	6219.69
585.00	-6704.35	0.00	6294.54
585.10	-5784.42	0.00	6344.54
585.20	-4825.02	0.00	6369.50
585.30	-3829.55	0.00	6369.33
585.40	-2801.92	0.00	6344.02
585.50	-1746.61	0.00	6293.67
585.60	-668.57	0.00	6218.48
585.70	426.74	0.00	6118.76
585.80	1533.45	0.00	5994.88
585.90	2645.29	0.00	5847.35
586.00	3755.67	0.00	5676.74
586.10	4857.74	0.00	5483.72
586.20	5944.40	0.00	5269.06
586.30	7008.47	0.00	5033.61
586.40	8042.67	0.00	4778.30
586.50	9039.76	0.00	4504.12
586.60	9992.60	0.00	4212.17
586.70	10894.20	0.00	3903.60
586.80	11737.84	0.00	3579.62
586.90	12517.14	0.00	3241.51
587.00	13226.10	0.00	2890.62
587.10	13859.21	0.00	2528.31
587.20	14411.49	0.00	2156.02
587.30	14878.55	0.00	1775.23
587.40	15256.67	0.00	1387.43
587.50	15542.80	0.00	994.15
587.60	15734.62	0.00	596.96
587.70	15830.59	0.00	197.40
587.80	15838.72	0.00	-202.93
587.90	15810.17	0.00	-602.47
588.00	15752.98	0.00	-999.62
588.10	15666.57	0.00	-1392.83
588.20	15550.09	0.00	-1780.54
588.30	15402.44	0.00	-2161.23
588.40	15222.32	0.00	-2533.39
588.50	15008.23	0.00	-2895.55
588.60	14758.52	0.00	-3246.28
588.70	14471.47	0.00	-3584.20
588.80	14145.28	0.00	-3907.97
588.90	13778.19	0.00	-4216.32
589.00	13368.48	0.00	-4508.04
589.10	12914.54	0.00	-4781.96
589.20	12414.96	0.00	-5037.01
589.30	11868.55	0.00	-5272.18
589.40	11274.39	0.00	-5486.54
589.50	10631.93	0.00	-5679.25
589.60	9940.97	0.00	-5849.54
589.70	9201.77	0.00	-5996.76
589.80	8415.03	0.00	-6120.30
589.90	7581.98	0.00	-6219.69
590.00	6704.35	0.00	-6294.54
590.10	5784.42	0.00	-6344.54
590.20	4825.02	0.00	-6369.50
590.30	3829.55	0.00	-6369.33
590.40	2801.92	0.00	-6344.02
590.50	1746.61	0.00	-6293.67
590.60	668.57	0.00	-6218.48
590.70	-426.74	0.00	-6118.76
590.80	-1533.45	0.00	-5994.88
590.90	-2645.29	0.00	-5847.35
591.00	-3755.67	0.00	-5676.74
591.10	-4857.74	0.00	-5483.72
591.20	-5944.40	0.00	-5269.06
591.30	-7008.47	0.00	-5033.61
591.40	-8042.67	0.00	-4778.30
591.50	-9039.76	0.00	-4504.12
591.60	-9992.60	0.00	-4212.17
591.70	-10894.20	0.00	-3903.60
591.80	-11737.84	0.00	-3579.62
591.90	-12517.14	0.00	-3241.51
592.00	-13226.10	0.00	-2890.62
592.10	-13859.21	0.00	-2528.31
592.20	-14411.49	0.00	-2156.02
592.30	-14878.55	0.00	-1775.23
592.40	-15256.67	0.00	-1387.43
592.50	-15542.80	0.00	-994.15
592.60	-15734.62	0.00	-596.96
592.70	-15830.59	0.00	-197.40
592.80	-15838.72	0.00	202.93
592.90	-15810.17	0.00	602.47
593.00	-15752.98	0.00	999.62
593.10	-15666.57	0.00	1392.83
593.20	-15550.09	0.00	1780.54
593.30	-15402.44	0.00	2161.23
593.40	-15222.32	0.00	2533.39
593.50	-15008.23	0.00	2895.55
593.60	-14758.52	0.00	3246.28
593.70	-14471.47	0.00	3584.20
593.80	-14145.28	0.00	3907.97
593.90	-13778.19	0.00	4216.32
594.00	-13368.48	0.00	4508.04
594.10	-12914.54	0.00	4781.96
594.20	-12414.96	0.00	5037.01
594.30	-11868.55	0.00	5272.18
594.40	-11274.39	0.00	5486.54
594.50	-10631.93	0.00	5679.25
594.60	-9940.97	0.00	5849.54
594.70	-9201.77	0.00	5996.76
594.80	-8415.03	0.00	6120.30
594.90	-7581.98	0.00	6219.69
595.00	-6704.35	0.00	6294.54
595.10	-5784.42	0.00	6344.54
595.20	-4825.02	0.00	6369.50
595.30	-3829.55	0.00	6369.33
595.40	-2801.92	0.00	6344.02
595.50	-1746.61	0.00	6293.67
595.60	-668.57	0.00	6218.48
595.70	426.74	0.00	6118.76
595.80	1533.45	0.00	5994.88
595.90	2645.29	0.00	5847.35
596.00	3755.67	0.00	5676.74
596.10	4857.74	0.00	5483.72
596.20	5944.40	0.00	5269.06
596.30	7008.47	0.00	5033.61
596.40	8042.67	0.00	4778.30
596.50	9039.76	0.00	4504.12
596.60	9992.60	0.00	4212.17
596.70	10894.20	0.00	3903.60
596.80	11737.84	0.00	3579.62
596.90	12517.14	0.00	3241.51
597.00	13226.10	0.00	2890.62
597.10	13859.21	0.00	2528.31
597.20	14411.49	0.00	2156.02
597.30	14878.55	0.00	1775.23
597.40	15256.67	0.00	1387.43
597.50	15542.80	0.00	994.15
597.60	15734.62	0.00	596.96
597.70	15830.59	0.00	197.40
597.80	15838.72	0.00	-202.93
597.90	15810.17	0.00	-602.47
598.00	15752.98	0.00	-999.62
598.10	15666.57	0.00	-1392.83
598.20	15550.09	0.00	-1780.54
598.30	15402.44	0.00	-2161.23
598.40	15222.32	0.00	-2533.39
598.50	15008.23	0.00	-2895.55
598.60	14758.52	0.00	-3246.28
598.70	14471.47	0.00	-3584.20
598.80	14145.28	0.00	-3907.97
598.90	13778.19	0.00	-4216.32
599.00	13368.48	0.00	-4508.04
599.10	12914.54	0.00	-4781.96
599.20	12414.96	0.00	-5037.01
599.30	11868.55	0.00	-5272.18
599.40	11274.39	0.00	-5486.54
599.50	10631.93	0.00	-5679.25
599.60	9940.97	0.00	-5849.54
599.70	9201.77	0.00	-5996.76
599.80	8415.03	0.00	-6120.30
599.90	7581.98	0.00	-6219.69
600.00	6704.35	0.00	-6294.54
