Time(s)	Fx(N)	Fy(N)	Fz(N)
0.00	4481.50	0.00	-469.60
0.10	4235.17	0.00	-481.99
0.20	3966.25	0.00	-492.48
0.30	3674.72	0.00	-501.03
0.40	3360.82	0.00	-507.60
0.50	3025.10	0.00	-512.16
0.60	2668.38	0.00	-514.71
0.70	2291.78	0.00	-515.22
0.80	1896.75	0.00	-513.70
0.90	1485.01	0.00	-510.15
1.00	1058.56	0.00	-504.59
1.10	619.69	0.00	-497.04
1.20	170.94	0.00	-487.52
1.30	-284.93	0.00	-476.09
1.40	-744.95	0.00	-462.77
1.50	-1205.97	0.00	-447.63
1.60	-1664.70	0.00	-430.72
1.70	-2117.77	0.00	-412.11
1.80	-2561.70	0.00	-391.87
1.90	-2993.03	0.00	-370.09
2.00	-3408.28	0.00	-346.84
2.10	-3804.05	0.00	-322.23
2.20	-4177.02	0.00	-296.35
2.30	-4524.02	0.00	-269.29
2.40	-4842.05	0.00	-241.18
2.50	-5128.33	0.00	-212.11
2.60	-5380.34	0.00	-182.20
2.70	-5595.81	0.00	-151.58
2.80	-5772.83	0.00	-120.36
2.90	-5909.78	0.00	-88.66
3.00	-6005.42	0.00	-56.61
3.10	-6058.88	0.00	-24.34
3.20	-6070.83	0.00	8.02
3.30	-6066.98	0.00	40.36
3.40	-6057.83	0.00	72.54
3.50	-6043.04	0.00	104.43
3.60	-6022.06	0.00	135.90
3.70	-5994.18	0.00	166.84
3.80	-5958.50	0.00	197.13
3.90	-5913.99	0.00	226.63
4.00	-5859.51	0.00	255.24
4.10	-5793.80	0.00	282.84
4.20	-5715.54	0.00	309.33
4.30	-5623.38	0.00	334.60
4.40	-5515.95	0.00	358.54
4.50	-5391.90	0.00	381.07
4.60	-5249.96	0.00	402.10
4.70	-5088.93	0.00	421.54
4.80	-4907.76	0.00	439.32
4.90	-4705.52	0.00	455.36
5.00	-4481.50	0.00	469.60
5.10	-4235.17	0.00	481.99
5.20	-3966.25	0.00	492.48
5.30	-3674.72	0.00	501.03
5.40	-3360.82	0.00	507.60
5.50	-3025.10	0.00	512.16
5.60	-2668.38	0.00	514.71
5.70	-2291.78	0.00	515.22
5.80	-1896.75	0.00	513.70
5.90	-1485.01	0.00	510.15
6.00	-1058.56	0.00	504.59
6.10	-619.69	0.00	497.04
6.20	-170.94	0.00	487.52
6.30	284.93	0.00	476.09
6.40	744.95	0.00	462.77
6.50	1205.97	0.00	447.63
6.60	1664.70	0.00	430.72
6.70	2117.77	0.00	412.11
6.80	2561.70	0.00	391.87
6.90	2993.03	0.00	370.09
7.00	3408.28	0.00	346.84
7.10	3804.05	0.00	322.23
7.20	4177.02	0.00	296.35
7.30	4524.02	0.00	269.29
7.40	4842.05	0.00	241.18
7.50	5128.33	0.00	212.11
7.60	5380.34	0.00	182.20
7.70	5595.81	0.00	151.58
7.80	5772.83	0.00	120.36
7.90	5909.78	0.00	88.66
8.00	6005.42	0.00	56.61
8.10	6058.88	0.00	24.34
8.20	6070.83	0.00	-8.02
8.30	6066.98	0.00	-40.36
8.40	6057.83	0.00	-72.54
8.50	6043.04	0.00	-104.43
8.60	6022.06	0.00	-135.90
8.70	5994.18	0.00	-166.84
8.80	5958.50	0.00	-197.13
8.90	5913.99	0.00	-226.63
9.00	5859.51	0.00	-255.24
9.10	5793.80	0.00	-282.84
9.20	5715.54	0.00	-309.33
9.30	5623.38	0.00	-334.60
9.40	5515.95	0.00	-358.54
9.50	5391.90	0.00	-381.07
9.60	5249.96	0.00	-402.10
9.70	5088.93	0.00	-421.54
9.80	4907.76	0.00	-439.32
9.90	4705.52	0.00	-455.36
10.00	4481.50	0.00	-469.60
10.10	4235.17	0.00	-481.99
10.20	3966.25	0.00	-492.48
10.30	3674.72	0.00	-501.03
10.40	3360.82	0.00	-507.60
10.50	3025.10	0.00	-512.16
10.60	2668.38	0.00	-514.71
10.70	2291.78	0.00	-515.22
10.80	1896.75	0.00	-513.70
10.90	1485.01	0.00	-510.15
11.00	1058.56	0.00	-504.59
11.10	619.69	0.00	-497.04
11.20	170.94	0.00	-487.52
11.30	-284.93	0.00	-476.09
11.40	-744.95	0.00	-462.77
11.50	-1205.97	0.00	-447.63
11.60	-1664.70	0.00	-430.72
11.70	-2117.77	0.00	-412.11
11.80	-2561.70	0.00	-391.87
11.90	-2993.03	0.00	-370.09
12.00	-3408.28	0.00	-346.84
12.10	-3804.05	0.00	-322.23
12.20	-4177.02	0.00	-296.35
12.30	-4524.02	0.00	-269.29
12.40	-4842.05	0.00	-241.18
12.50	-5128.33	0.00	-212.11
12.60	-5380.34	0.00	-182.20
12.70	-5595.81	0.00	-151.58
12.80	-5772.83	0.00	-120.36
12.90	-5909.78	0.00	-88.66
13.00	-6005.42	0.00	-56.61
13.10	-6058.88	0.00	-24.34
13.20	-6070.83	0.00	8.02
13.30	-6066.98	0.00	40.36
13.40	-6057.83	0.00	72.54
13.50	-6043.04	0.00	104.43
13.60	-6022.06	0.00	135.90
13.70	-5994.18	0.00	166.84
13.80	-5958.50	0.00	197.13
13.90	-5913.99	0.00	226.63
14.00	-5859.51	0.00	255.24
14.10	-5793.80	0.00	282.84
14.20	-5715.54	0.00	309.33
14.30	-5623.38	0.00	334.60
14.40	-5515.95	0.00	358.54
14.50	-5391.90	0.00	381.07
14.60	-5249.96	0.00	402.10
14.70	-5088.93	0.00	421.54
14.80	-4907.76	0.00	439.32
14.90	-4705.52	0.00	455.36
15.00	-4481.50	0.00	469.60
15.10	-4235.17	0.00	481.99
15.20	-3966.25	0.00	492.48
15.30	-3674.72	0.00	501.03
15.40	-3360.82	0.00	507.60
15.50	-3025.10	0.00	512.16
15.60	-2668.38	0.00	514.71
15.70	-2291.78	0.00	515.22
15.80	-1896.75	0.00	513.70
15.90	-1485.01	0.00	510.15
16.00	-1058.56	0.00	504.59
16.10	-619.69	0.00	497.04
16.20	-170.94	0.00	487.52
16.30	284.93	0.00	476.09
16.40	744.95	0.00	462.77
16.50	1205.97	0.00	447.63
16.60	1664.70	0.00	430.72
16.70	2117.77	0.00	412.11
16.80	2561.70	0.00	391.87
16.90	2993.03	0.00	370.09
17.00	3408.28	0.00	346.84
17.10	3804.05	0.00	322.23
17.20	4177.02	0.00	296.35
17.30	4524.02	0.00	269.29
17.40	4842.05	0.00	241.18
17.50	5128.33	0.00	212.11
17.60	5380.34	0.00	182.20
17.70	5595.81	0.00	151.58
17.80	5772.83	0.00	120.36
17.90	5909.78	0.00	88.66
18.00	6005.42	0.00	56.61
18.10	6058.88	0.00	24.34
18.20	6070.83	0.00	-8.02
18.30	6066.98	0.00	-40.36
18.40	6057.83	0.00	-72.54
18.50	6043.04	0.00	-104.43
18.60	6022.06	0.00	-135.90
18.70	5994.18	0.00	-166.84
18.80	5958.50	0.00	-197.13
18.90	5913.99	0.00	-226.63
19.00	5859.51	0.00	-255.24
19.10	5793.80	0.00	-282.84
19.20	5715.54	0.00	-309.33
19.30	5623.38	0.00	-334.60
19.40	5515.95	0.00	-358.54
19.50	5391.90	0.00	-381.07
19.60	5249.96	0.00	-402.10
19.70	5088.93	0.00	-421.54
19.80	4907.76	0.00	-439.32
19.90	4705.52	0.00	-455.36
20.00	4481.50	0.00	-469.60
20.10	4235.17	0.00	-481.99
20.20	3966.25	0.00	-492.48
20.30	3674.72	0.00	-501.03
20.40	3360.82	0.00	-507.60
20.50	3025.10	0.00	-512.16
20.60	2668.38	0.00	-514.71
20.70	2291.78	0.00	-515.22
20.80	1896.75	0.00	-513.70
20.90	1485.01	0.00	-510.15
21.00	1058.56	0.00	-504.59
21.10	619.69	0.00	-497.04
21.20	170.94	0.00	-487.52
21.30	-284.93	0.00	-476.09
21.40	-744.95	0.00	-462.77
21.50	-1205.97	0.00	-447.63
21.60	-1664.70	0.00	-430.72
21.70	-2117.77	0.00	-412.11
21.80	-2561.70	0.00	-391.87
21.90	-2993.03	0.00	-370.09
22.00	-3408.28	0.00	-346.84
22.10	-3804.05	0.00	-322.23
22.20	-4177.02	0.00	-296.35
22.30	-4524.02	0.00	-269.29
22.40	-4842.05	0.00	-241.18
22.50	-5128.33	0.00	-212.11
22.60	-5380.34	0.00	-182.20
22.70	-5595.81	0.00	-151.58
22.80	-5772.83	0.00	-120.36
22.90	-5909.78	0.00	-88.66
23.00	-6005.42	0.00	-56.61
23.10	-6058.88	0.00	-24.34
23.20	-6070.83	0.00	8.02
23.30	-6066.98	0.00	40.36
23.40	-6057.83	0.00	72.54
23.50	-6043.04	0.00	104.43
23.60	-6022.06	0.00	135.90
23.70	-5994.18	0.00	166.84
23.80	-5958.50	0.00	197.13
23.90	-5913.99	0.00	226.63
24.00	-5859.51	0.00	255.24
24.10	-5793.80	0.00	282.84
24.20	-5715.54	0.00	309.33
24.30	-5623.38	0.00	334.60
24.40	-5515.95	0.00	358.54
24.50	-5391.90	0.00	381.07
24.60	-5249.96	0.00	402.10
24.70	-5088.93	0.00	421.54
24.80	-4907.76	0.00	439.32
24.90	-4705.52	0.00	455.36
25.00	-4481.50	0.00	469.60
25.10	-4235.17	0.00	481.99
25.20	-3966.25	0.00	492.48
25.30	-3674.72	0.00	501.03
25.40	-3360.82	0.00	507.60
25.50	-3025.10	0.00	512.16
25.60	-2668.38	0.00	514.71
25.70	-2291.78	0.00	515.22
25.80	-1896.75	0.00	513.70
25.90	-1485.01	0.00	510.15
26.00	-1058.56	0.00	504.59
26.10	-619.69	0.00	497.04
26.20	-170.94	0.00	487.52
26.30	284.93	0.00	476.09
26.40	744.95	0.00	462.77
26.50	1205.97	0.00	447.63
26.60	1664.70	0.00	430.72
26.70	2117.77	0.00	412.11
26.80	2561.70	0.00	391.87
26.90	2993.03	0.00	370.09
27.00	3408.28	0.00	346.84
27.10	3804.05	0.00	322.23
27.20	4177.02	0.00	296.35
27.30	4524.02	0.00	269.29
27.40	4842.05	0.00	241.18
27.50	5128.33	0.00	212.11
27.60	5380.34	0.00	182.20
27.70	5595.81	0.00	151.58
27.80	5772.83	0.00	120.36
27.90	5909.78	0.00	88.66
28.00	6005.42	0.00	56.61
28.10	6058.88	0.00	24.34
28.20	6070.83	0.00	-8.02
28.30	6066.98	0.00	-40.36
28.40	6057.83	0.00	-72.54
28.50	6043.04	0.00	-104.43
28.60	6022.06	0.00	-135.90
28.70	5994.18	0.00	-166.84
28.80	5958.50	0.00	-197.13
28.90	5913.99	0.00	-226.63
29.00	5859.51	0.00	-255.24
29.10	5793.80	0.00	-282.84
29.20	5715.54	0.00	-309.33
29.30	5623.38	0.00	-334.60
29.40	5515.95	0.00	-358.54
29.50	5391.90	0.00	-381.07
29.60	5249.96	0.00	-402.10
29.70	5088.93	0.00	-421.54
29.80	4907.76	0.00	-439.32
29.90	4705.52	0.00	-455.36
30.00	4481.50	0.00	-469.60
30.10	4235.17	0.00	-481.99
30.20	3966.25	0.00	-492.48
30.30	3674.72	0.00	-501.03
30.40	3360.82	0.00	-507.60
30.50	3025.10	0.00	-512.16
30.60	2668.38	0.00	-514.71
30.70	2291.78	0.00	-515.22
30.80	1896.75	0.00	-513.70
30.90	1485.01	0.00	-510.15
31.00	1058.56	0.00	-504.59
31.10	619.69	0.00	-497.04
31.20	170.94	0.00	-487.52
31.30	-284.93	0.00	-476.09
31.40	-744.95	0.00	-462.77
31.50	-1205.97	0.00	-447.63
31.60	-1664.70	0.00	-430.72
31.70	-2117.77	0.00	-412.11
31.80	-2561.70	0.00	-391.87
31.90	-2993.03	0.00	-370.09
32.00	-3408.28	0.00	-346.84
32.10	-3804.05	0.00	-322.23
32.20	-4177.02	0.00	-296.35
32.30	-4524.02	0.00	-269.29
32.40	-4842.05	0.00	-241.18
32.50	-5128.33	0.00	-212.11
32.60	-5380.34	0.00	-182.20
32.70	-5595.81	0.00	-151.58
32.80	-5772.83	0.00	-120.36
32.90	-5909.78	0.00	-88.66
33.00	-6005.42	0.00	-56.61
33.10	-6058.88	0.00	-24.34
33.20	-6070.83	0.00	8.02
33.30	-6066.98	0.00	40.36
33.40	-6057.83	0.00	72.54
33.50	-6043.04	0.00	104.43
33.60	-6022.06	0.00	135.90
33.70	-5994.18	0.00	166.84
33.80	-5958.50	0.00	197.13
33.90	-5913.99	0.00	226.63
34.00	-5859.51	0.00	255.24
34.10	-5793.80	0.00	282.84
34.20	-5715.54	0.00	309.33
34.30	-5623.38	0.00	334.60
34.40	-5515.95	0.00	358.54
34.50	-5391.90	0.00	381.07
34.60	-5249.96	0.00	402.10
34.70	-5088.93	0.00	421.54
34.80	-4907.76	0.00	439.32
34.90	-4705.52	0.00	455.36
35.00	-4481.50	0.00	469.60
35.10	-4235.17	0.00	481.99
35.20	-3966.25	0.00	492.48
35.30	-3674.72	0.00	501.03
35.40	-3360.82	0.00	507.60
35.50	-3025.10	0.00	512.16
35.60	-2668.38	0.00	514.71
35.70	-2291.78	0.00	515.22
35.80	-1896.75	0.00	513.70
35.90	-1485.01	0.00	510.15
36.00	-1058.56	0.00	504.59
36.10	-619.69	0.00	497.04
36.20	-170.94	0.00	487.52
36.30	284.93	0.00	476.09
36.40	744.95	0.00	462.77
36.50	1205.97	0.00	447.63
36.60	1664.70	0.00	430.72
36.70	2117.77	0.00	412.11
36.80	2561.70	0.00	391.87
36.90	2993.03	0.00	370.09
37.00	3408.28	0.00	346.84
37.10	3804.05	0.00	322.23
37.20	4177.02	0.00	296.35
37.30	4524.02	0.00	269.29
37.40	4842.05	0.00	241.18
37.50	5128.33	0.00	212.11
37.60	5380.34	0.00	182.20
37.70	5595.81	0.00	151.58
37.80	5772.83	0.00	120.36
37.90	5909.78	0.00	88.66
38.00	6005.42	0.00	56.61
38.10	6058.88	0.00	24.34
38.20	6070.83	0.00	-8.02
38.30	6066.98	0.00	-40.36
38.40	6057.83	0.00	-72.54
38.50	6043.04	0.00	-104.43
38.60	6022.06	0.00	-135.90
38.70	5994.18	0.00	-166.84
38.80	5958.50	0.00	-197.13
38.90	5913.99	0.00	-226.63
39.00	5859.51	0.00	-255.24
39.10	5793.80	0.00	-282.84
39.20	5715.54	0.00	-309.33
39.30	5623.38	0.00	-334.60
39.40	5515.95	0.00	-358.54
39.50	5391.90	0.00	-381.07
39.60	5249.96	0.00	-402.10
39.70	5088.93	0.00	-421.54
39.80	4907.76	0.00	-439.32
39.90	4705.52	0.00	-455.36
40.00	4481.50	0.00	-469.60
40.10	4235.17	0.00	-481.99
40.20	3966.25	0.00	-492.48
40.30	3674.72	0.00	-501.03
40.40	3360.82	0.00	-507.60
40.50	3025.10	0.00	-512.16
40.60	2668.38	0.00	-514.71
40.70	2291.78	0.00	-515.22
40.80	1896.75	0.00	-513.70
40.90	1485.01	0.00	-510.15
41.00	1058.56	0.00	-504.59
41.10	619.69	0.00	-497.04
41.20	170.94	0.00	-487.52
41.30	-284.93	0.00	-476.09
41.40	-744.95	0.00	-462.77
41.50	-1205.97	0.00	-447.63
41.60	-1664.70	0.00	-430.72
41.70	-2117.77	0.00	-412.11
41.80	-2561.70	0.00	-391.87
41.90	-2993.03	0.00	-370.09
42.00	-3408.28	0.00	-346.84
42.10	-3804.05	0.00	-322.23
42.20	-4177.02	0.00	-296.35
42.30	-4524.02	0.00	-269.29
42.40	-4842.05	0.00	-241.18
42.50	-5128.33	0.00	-212.11
42.60	-5380.34	0.00	-182.20
42.70	-5595.81	0.00	-151.58
42.80	-5772.83	0.00	-120.36
42.90	-5909.78	0.00	-88.66
43.00	-6005.42	0.00	-56.61
43.10	-6058.88	0.00	-24.34
43.20	-6070.83	0.00	8.02
43.30	-6066.98	0.00	40.36
43.40	-6057.83	0.00	72.54
43.50	-6043.04	0.00	104.43
43.60	-6022.06	0.00	135.90
43.70	-5994.18	0.00	166.84
43.80	-5958.50	0.00	197.13
43.90	-5913.99	0.00	226.63
44.00	-5859.51	0.00	255.24
44.10	-5793.80	0.00	282.84
44.20	-5715.54	0.00	309.33
44.30	-5623.38	0.00	334.60
44.40	-5515.95	0.00	358.54
44.50	-5391.90	0.00	381.07
44.60	-5249.96	0.00	402.10
44.70	-5088.93	0.00	421.54
44.80	-4907.76	0.00	439.32
44.90	-4705.52	0.00	455.36
45.00	-4481.50	0.00	469.60
45.10	-4235.17	0.00	481.99
45.20	-3966.25	0.00	492.48
45.30	-3674.72	0.00	501.03
45.40	-3360.82	0.00	507.60
45.50	-3025.10	0.00	512.16
45.60	-2668.38	0.00	514.71
45.70	-2291.78	0.00	515.22
45.80	-1896.75	0.00	513.70
45.90	-1485.01	0.00	510.15
46.00	-1058.56	0.00	504.59
46.10	-619.69	0.00	497.04
46.20	-170.94	0.00	487.52
46.30	284.93	0.00	476.09
46.40	744.95	0.00	462.77
46.50	1205.97	0.00	447.63
46.60	1664.70	0.00	430.72
46.70	2117.77	0.00	412.11
46.80	2561.70	0.00	391.87
46.90	2993.03	0.00	370.09
47.00	3408.28	0.00	346.84
47.10	3804.05	0.00	322.23
47.20	4177.02	0.00	296.35
47.30	4524.02	0.00	269.29
47.40	4842.05	0.00	241.18
47.50	5128.33	0.00	212.11
47.60	5380.34	0.00	182.20
47.70	5595.81	0.00	151.58
47.80	5772.83	0.00	120.36
47.90	5909.78	0.00	88.66
48.00	6005.42	0.00	56.61
48.10	6058.88	0.00	24.34
48.20	6070.83	0.00	-8.02
48.30	6066.98	0.00	-40.36
48.40	6057.83	0.00	-72.54
48.50	6043.04	0.00	-104.43
48.60	6022.06	0.00	-135.90
48.70	5994.18	0.00	-166.84
48.80	5958.50	0.00	-197.13
48.90	5913.99	0.00	-226.63
49.00	5859.51	0.00	-255.24
49.10	5793.80	0.00	-282.84
49.20	5715.54	0.00	-309.33
49.30	5623.38	0.00	-334.60
49.40	5515.95	0.00	-358.54
49.50	5391.90	0.00	-381.07
49.60	5249.96	0.00	-402.10
49.70	5088.93	0.00	-421.54
49.80	4907.76	0.00	-439.32
49.90	4705.52	0.00	-455.36
50.00	4481.50	0.00	-469.60
50.10	4235.17	0.00	-481.99
50.20	3966.25	0.00	-492.48
50.30	3674.72	0.00	-501.03
50.40	3360.82	0.00	-507.60
50.50	3025.10	0.00	-512.16
50.60	2668.38	0.00	-514.71
50.70	2291.78	0.00	-515.22
50.80	1896.75	0.00	-513.70
50.90	1485.01	0.00	-510.15
51.00	1058.56	0.00	-504.59
51.10	619.69	0.00	-497.04
51.20	170.94	0.00	-487.52
51.30	-284.93	0.00	-476.09
51.40	-744.95	0.00	-462.77
51.50	-1205.97	0.00	-447.63
51.60	-1664.70	0.00	-430.72
51.70	-2117.77	0.00	-412.11
51.80	-2561.70	0.00	-391.87
51.90	-2993.03	0.00	-370.09
52.00	-3408.28	0.00	-346.84
52.10	-3804.05	0.00	-322.23
52.20	-4177.02	0.00	-296.35
52.30	-4524.02	0.00	-269.29
52.40	-4842.05	0.00	-241.18
52.50	-5128.33	0.00	-212.11
52.60	-5380.34	0.00	-182.20
52.70	-5595.81	0.00	-151.58
52.80	-5772.83	0.00	-120.36
52.90	-5909.78	0.00	-88.66
53.00	-6005.42	0.00	-56.61
53.10	-6058.88	0.00	-24.34
53.20	-6070.83	0.00	8.02
53.30	-6066.98	0.00	40.36
53.40	-6057.83	0.00	72.54
53.50	-6043.04	0.00	104.43
53.60	-6022.06	0.00	135.90
53.70	-5994.18	0.00	166.84
53.80	-5958.50	0.00	197.13
53.90	-5913.99	0.00	226.63
54.00	-5859.51	0.00	255.24
54.10	-5793.80	0.00	282.84
54.20	-5715.54	0.00	309.33
54.30	-5623.38	0.00	334.60
54.40	-5515.95	0.00	358.54
54.50	-5391.90	0.00	381.07
54.60	-5249.96	0.00	402.10
54.70	-5088.93	0.00	421.54
54.80	-4907.76	0.00	439.32
54.90	-4705.52	0.00	455.36
55.00	-4481.50	0.00	469.60
55.10	-4235.17	0.00	481.99
55.20	-3966.25	0.00	492.48
55.30	-3674.72	0.00	501.03
55.40	-3360.82	0.00	507.60
55.50	-3025.10	0.00	512.16
55.60	-2668.38	0.00	514.71
55.70	-2291.78	0.00	515.22
55.80	-1896.75	0.00	513.70
55.90	-1485.01	0.00	510.15
56.00	-1058.56	0.00	504.59
56.10	-619.69	0.00	497.04
56.20	-170.94	0.00	487.52
56.30	284.93	0.00	476.09
56.40	744.95	0.00	462.77
56.50	1205.97	0.00	447.63
56.60	1664.70	0.00	430.72
56.70	2117.77	0.00	412.11
56.80	2561.70	0.00	391.87
56.90	2993.03	0.00	370.09
57.00	3408.28	0.00	346.84
57.10	3804.05	0.00	322.23
57.20	4177.02	0.00	296.35
57.30	4524.02	0.00	269.29
57.40	4842.05	0.00	241.18
57.50	5128.33	0.00	212.11
57.60	5380.34	0.00	182.20
57.70	5595.81	0.00	151.58
57.80	5772.83	0.00	120.36
57.90	5909.78	0.00	88.66
58.00	6005.42	0.00	56.61
58.10	6058.88	0.00	24.34
58.20	6070.83	0.00	-8.02
58.30	6066.98	0.00	-40.36
58.40	6057.83	0.00	-72.54
58.50	6043.04	0.00	-104.43
58.60	6022.06	0.00	-135.90
58.70	5994.18	0.00	-166.84
58.80	5958.50	0.00	-197.13
58.90	5913.99	0.00	-226.63
59.00	5859.51	0.00	-255.24
59.10	5793.80	0.00	-282.84
59.20	5715.54	0.00	-309.33
59.30	5623.38	0.00	-334.60
59.40	5515.95	0.00	-358.54
59.50	5391.90	0.00	-381.07
59.60	5249.96	0.00	-402.10
59.70	5088.93	0.00	-421.54
59.80	4907.76	0.00	-439.32
59.90	4705.52	0.00	-455.36
60.00	4481.50	0.00	-469.60
60.10	4235.17	0.00	-481.99
60.20	3966.25	0.00	-492.48
60.30	3674.72	0.00	-501.03
60.40	3360.82	0.00	-507.60
60.50	3025.10	0.00	-512.16
60.60	2668.38	0.00	-514.71
60.70	2291.78	0.00	-515.22
60.80	1896.75	0.00	-513.70
60.90	1485.01	0.00	-510.15
61.00	1058.56	0.00	-504.59
61.10	619.69	0.00	-497.04
61.20	170.94	0.00	-487.52
61.30	-284.93	0.00	-476.09
61.40	-744.95	0.00	-462.77
61.50	-1205.97	0.00	-447.63
61.60	-1664.70	0.00	-430.72
61.70	-2117.77	0.00	-412.11
61.80	-2561.70	0.00	-391.87
61.90	-2993.03	0.00	-370.09
62.00	-3408.28	0.00	-346.84
62.10	-3804.05	0.00	-322.23
62.20	-4177.02	0.00	-296.35
62.30	-4524.02	0.00	-269.29
62.40	-4842.05	0.00	-241.18
62.50	-5128.33	0.00	-212.11
62.60	-5380.34	0.00	-182.20
62.70	-5595.81	0.00	-151.58
62.80	-5772.83	0.00	-120.36
62.90	-5909.78	0.00	-88.66
63.00	-6005.42	0.00	-56.61
63.10	-6058.88	0.00	-24.34
63.20	-6070.83	0.00	8.02
63.30	-6066.98	0.00	40.36
63.40	-6057.83	0.00	72.54
63.50	-6043.04	0.00	104.43
63.60	-6022.06	0.00	135.90
63.70	-5994.18	0.00	166.84
63.80	-5958.50	0.00	197.13
63.90	-5913.99	0.00	226.63
64.00	-5859.51	0.00	255.24
64.10	-5793.80	0.00	282.84
64.20	-5715.54	0.00	309.33
64.30	-5623.38	0.00	334.60
64.40	-5515.95	0.00	358.54
64.50	-5391.90	0.00	381.07
64.60	-5249.96	0.00	402.10
64.70	-5088.93	0.00	421.54
64.80	-4907.76	0.00	439.32
64.90	-4705.52	0.00	455.36
65.00	-4481.50	0.00	469.60
65.10	-4235.17	0.00	481.99
65.20	-3966.25	0.00	492.48
65.30	-3674.72	0.00	501.03
65.40	-3360.82	0.00	507.60
65.50	-3025.10	0.00	512.16
65.60	-2668.38	0.00	514.71
65.70	-2291.78	0.00	515.22
65.80	-1896.75	0.00	513.70
65.90	-1485.01	0.00	510.15
66.00	-1058.56	0.00	504.59
66.10	-619.69	0.00	497.04
66.20	-170.94	0.00	487.52
66.30	284.93	0.00	476.09
66.40	744.95	0.00	462.77
66.50	1205.97	0.00	447.63
66.60	1664.70	0.00	430.72
66.70	2117.77	0.00	412.11
66.80	2561.70	0.00	391.87
66.90	2993.03	0.00	370.09
67.00	3408.28	0.00	346.84
67.10	3804.05	0.00	322.23
67.20	4177.02	0.00	296.35
67.30	4524.02	0.00	269.29
67.40	4842.05	0.00	241.18
67.50	5128.33	0.00	212.11
67.60	5380.34	0.00	182.20
67.70	5595.81	0.00	151.58
67.80	5772.83	0.00	120.36
67.90	5909.78	0.00	88.66
68.00	6005.42	0.00	56.61
68.10	6058.88	0.00	24.34
68.20	6070.83	0.00	-8.02
68.30	6066.98	0.00	-40.36
68.40	6057.83	0.00	-72.54
68.50	6043.04	0.00	-104.43
68.60	6022.06	0.00	-135.90
68.70	5994.18	0.00	-166.84
68.80	5958.50	0.00	-197.13
68.90	5913.99	0.00	-226.63
69.00	5859.51	0.00	-255.24
69.10	5793.80	0.00	-282.84
69.20	5715.54	0.00	-309.33
69.30	5623.38	0.00	-334.60
69.40	5515.95	0.00	-358.54
69.50	5391.90	0.00	-381.07
69.60	5249.96	0.00	-402.10
69.70	5088.93	0.00	-421.54
69.80	4907.76	0.00	-439.32
69.90	4705.52	0.00	-455.36
70.00	4481.50	0.00	-469.60
70.10	4235.17	0.00	-481.99
70.20	3966.25	0.00	-492.48
70.30	3674.72	0.00	-501.03
70.40	3360.82	0.00	-507.60
70.50	3025.10	0.00	-512.16
70.60	2668.38	0.00	-514.71
70.70	2291.78	0.00	-515.22
70.80	1896.75	0.00	-513.70
70.90	1485.01	0.00	-510.15
71.00	1058.56	0.00	-504.59
71.10	619.69	0.00	-497.04
71.20	170.94	0.00	-487.52
71.30	-284.93	0.00	-476.09
71.40	-744.95	0.00	-462.77
71.50	-1205.97	0.00	-447.63
71.60	-1664.70	0.00	-430.72
71.70	-2117.77	0.00	-412.11
71.80	-2561.70	0.00	-391.87
71.90	-2993.03	0.00	-370.09
72.00	-3408.28	0.00	-346.84
72.10	-3804.05	0.00	-322.23
72.20	-4177.02	0.00	-296.35
72.30	-4524.02	0.00	-269.29
72.40	-4842.05	0.00	-241.18
72.50	-5128.33	0.00	-212.11
72.60	-5380.34	0.00	-182.20
72.70	-5595.81	0.00	-151.58
72.80	-5772.83	0.00	-120.36
72.90	-5909.78	0.00	-88.66
73.00	-6005.42	0.00	-56.61
73.10	-6058.88	0.00	-24.34
73.20	-6070.83	0.00	8.02
73.30	-6066.98	0.00	40.36
73.40	-6057.83	0.00	72.54
73.50	-6043.04	0.00	104.43
73.60	-6022.06	0.00	135.90
73.70	-5994.18	0.00	166.84
73.80	-5958.50	0.00	197.13
73.90	-5913.99	0.00	226.63
74.00	-5859.51	0.00	255.24
74.10	-5793.80	0.00	282.84
74.20	-5715.54	0.00	309.33
74.30	-5623.38	0.00	334.60
74.40	-5515.95	0.00	358.54
74.50	-5391.90	0.00	381.07
74.60	-5249.96	0.00	402.10
74.70	-5088.93	0.00	421.54
74.80	-4907.76	0.00	439.32
74.90	-4705.52	0.00	455.36
75.00	-4481.50	0.00	469.60
75.10	-4235.17	0.00	481.99
75.20	-3966.25	0.00	492.48
75.30	-3674.72	0.00	501.03
75.40	-3360.82	0.00	507.60
75.50	-3025.10	0.00	512.16
75.60	-2668.38	0.00	514.71
75.70	-2291.78	0.00	515.22
75.80	-1896.75	0.00	513.70
75.90	-1485.01	0.00	510.15
76.00	-1058.56	0.00	504.59
76.10	-619.69	0.00	497.04
76.20	-170.94	0.00	487.52
76.30	284.93	0.00	476.09
76.40	744.95	0.00	462.77
76.50	1205.97	0.00	447.63
76.60	1664.70	0.00	430.72
76.70	2117.77	0.00	412.11
76.80	2561.70	0.00	391.87
76.90	2993.03	0.00	370.09
77.00	3408.28	0.00	346.84
77.10	3804.05	0.00	322.23
77.20	4177.02	0.00	296.35
77.30	4524.02	0.00	269.29
77.40	4842.05	0.00	241.18
77.50	5128.33	0.00	212.11
77.60	5380.34	0.00	182.20
77.70	5595.81	0.00	151.58
77.80	5772.83	0.00	120.36
77.90	5909.78	0.00	88.66
78.00	6005.42	0.00	56.61
78.10	6058.88	0.00	24.34
78.20	6070.83	0.00	-8.02
78.30	6066.98	0.00	-40.36
78.40	6057.83	0.00	-72.54
78.50	6043.04	0.00	-104.43
78.60	6022.06	0.00	-135.90
78.70	5994.18	0.00	-166.84
78.80	5958.50	0.00	-197.13
78.90	5913.99	0.00	-226.63
79.00	5859.51	0.00	-255.24
79.10	5793.80	0.00	-282.84
79.20	5715.54	0.00	-309.33
79.30	5623.38	0.00	-334.60
79.40	5515.95	0.00	-358.54
79.50	5391.90	0.00	-381.07
79.60	5249.96	0.00	-402.10
79.70	5088.93	0.00	-421.54
79.80	4907.76	0.00	-439.32
79.90	4705.52	0.00	-455.36
80.00	4481.50	0.00	-469.60
80.10	4235.17	0.00	-481.99
80.20	3966.25	0.00	-492.48
80.30	3674.72	0.00	-501.03
80.40	3360.82	0.00	-507.60
80.50	3025.10	0.00	-512.16
80.60	2668.38	0.00	-514.71
80.70	2291.78	0.00	-515.22
80.80	1896.75	0.00	-513.70
80.90	1485.01	0.00	-510.15
81.00	1058.56	0.00	-504.59
81.10	619.69	0.00	-497.04
81.20	170.94	0.00	-487.52
81.30	-284.93	0.00	-476.09
81.40	-744.95	0.00	-462.77
81.50	-1205.97	0.00	-447.63
81.60	-1664.70	0.00	-430.72
81.70	-2117.77	0.00	-412.11
81.80	-2561.70	0.00	-391.87
81.90	-2993.03	0.00	-370.09
82.00	-3408.28	0.00	-346.84
82.10	-3804.05	0.00	-322.23
82.20	-4177.02	0.00	-296.35
82.30	-4524.02	0.00	-269.29
82.40	-4842.05	0.00	-241.18
82.50	-5128.33	0.00	-212.11
82.60	-5380.34	0.00	-182.20
82.70	-5595.81	0.00	-151.58
82.80	-5772.83	0.00	-120.36
82.90	-5909.78	0.00	-88.66
83.00	-6005.42	0.00	-56.61
83.10	-6058.88	0.00	-24.34
83.20	-6070.83	0.00	8.02
83.30	-6066.98	0.00	40.36
83.40	-6057.83	0.00	72.54
83.50	-6043.04	0.00	104.43
83.60	-6022.06	0.00	135.90
83.70	-5994.18	0.00	166.84
83.80	-5958.50	0.00	197.13
83.90	-5913.99	0.00	226.63
84.00	-5859.51	0.00	255.24
84.10	-5793.80	0.00	282.84
84.20	-5715.54	0.00	309.33
84.30	-5623.38	0.00	334.60
84.40	-5515.95	0.00	358.54
84.50	-5391.90	0.00	381.07
84.60	-5249.96	0.00	402.10
84.70	-5088.93	0.00	421.54
84.80	-4907.76	0.00	439.32
84.90	-4705.52	0.00	455.36
85.00	-4481.50	0.00	469.60
85.10	-4235.17	0.00	481.99
85.20	-3966.25	0.00	492.48
85.30	-3674.72	0.00	501.03
85.40	-3360.82	0.00	507.60
85.50	-3025.10	0.00	512.16
85.60	-2668.38	0.00	514.71
85.70	-2291.78	0.00	515.22
85.80	-1896.75	0.00	513.70
85.90	-1485.01	0.00	510.15
86.00	-1058.56	0.00	504.59
86.10	-619.69	0.00	497.04
86.20	-170.94	0.00	487.52
86.30	284.93	0.00	476.09
86.40	744.95	0.00	462.77
86.50	1205.97	0.00	447.63
86.60	1664.70	0.00	430.72
86.70	2117.77	0.00	412.11
86.80	2561.70	0.00	391.87
86.90	2993.03	0.00	370.09
87.00	3408.28	0.00	346.84
87.10	3804.05	0.00	322.23
87.20	4177.02	0.00	296.35
87.30	4524.02	0.00	269.29
87.40	4842.05	0.00	241.18
87.50	5128.33	0.00	212.11
87.60	5380.34	0.00	182.20
87.70	5595.81	0.00	151.58
87.80	5772.83	0.00	120.36
87.90	5909.78	0.00	88.66
88.00	6005.42	0.00	56.61
88.10	6058.88	0.00	24.34
88.20	6070.83	0.00	-8.02
88.30	6066.98	0.00	-40.36
88.40	6057.83	0.00	-72.54
88.50	6043.04	0.00	-104.43
88.60	6022.06	0.00	-135.90
88.70	5994.18	0.00	-166.84
88.80	5958.50	0.00	-197.13
88.90	5913.99	0.00	-226.63
89.00	5859.51	0.00	-255.24
89.10	5793.80	0.00	-282.84
89.20	5715.54	0.00	-309.33
89.30	5623.38	0.00	-334.60
89.40	5515.95	0.00	-358.54
89.50	5391.90	0.00	-381.07
89.60	5249.96	0.00	-402.10
89.70	5088.93	0.00	-421.54
89.80	4907.76	0.00	-439.32
89.90	4705.52	0.00	-455.36
90.00	4481.50	0.00	-469.60
90.10	4235.17	0.00	-481.99
90.20	3966.25	0.00	-492.48
90.30	3674.72	0.00	-501.03
90.40	3360.82	0.00	-507.60
90.50	3025.10	0.00	-512.16
90.60	2668.38	0.00	-514.71
90.70	2291.78	0.00	-515.22
90.80	1896.75	0.00	-513.70
90.90	1485.01	0.00	-510.15
91.00	1058.56	0.00	-504.59
91.10	619.69	0.00	-497.04
91.20	170.94	0.00	-487.52
91.30	-284.93	0.00	-476.09
91.40	-744.95	0.00	-462.77
91.50	-1205.97	0.00	-447.63
91.60	-1664.70	0.00	-430.72
91.70	-2117.77	0.00	-412.11
91.80	-2561.70	0.00	-391.87
91.90	-2993.03	0.00	-370.09
92.00	-3408.28	0.00	-346.84
92.10	-3804.05	0.00	-322.23
92.20	-4177.02	0.00	-296.35
92.30	-4524.02	0.00	-269.29
92.40	-4842.05	0.00	-241.18
92.50	-5128.33	0.00	-212.11
92.60	-5380.34	0.00	-182.20
92.70	-5595.81	0.00	-151.58
92.80	-5772.83	0.00	-120.36
92.90	-5909.78	0.00	-88.66
93.00	-6005.42	0.00	-56.61
93.10	-6058.88	0.00	-24.34
93.20	-6070.83	0.00	8.02
93.30	-6066.98	0.00	40.36
93.40	-6057.83	0.00	72.54
93.50	-6043.04	0.00	104.43
93.60	-6022.06	0.00	135.90
93.70	-5994.18	0.00	166.84
93.80	-5958.50	0.00	197.13
93.90	-5913.99	0.00	226.63
94.00	-5859.51	0.00	255.24
94.10	-5793.80	0.00	282.84
94.20	-5715.54	0.00	309.33
94.30	-5623.38	0.00	334.60
94.40	-5515.95	0.00	358.54
94.50	-5391.90	0.00	381.07
94.60	-5249.96	0.00	402.10
94.70	-5088.93	0.00	421.54
94.80	-4907.76	0.00	439.32
94.90	-4705.52	0.00	455.36
95.00	-4481.50	0.00	469.60
95.10	-4235.17	0.00	481.99
95.20	-3966.25	0.00	492.48
95.30	-3674.72	0.00	501.03
95.40	-3360.82	0.00	507.60
95.50	-3025.10	0.00	512.16
95.60	-2668.38	0.00	514.71
95.70	-2291.78	0.00	515.22
95.80	-1896.75	0.00	513.70
95.90	-1485.01	0.00	510.15
96.00	-1058.56	0.00	504.59
96.10	-619.69	0.00	497.04
96.20	-170.94	0.00	487.52
96.30	284.93	0.00	476.09
96.40	744.95	0.00	462.77
96.50	1205.97	0.00	447.63
96.60	1664.70	0.00	430.72
96.70	2117.77	0.00	412.11
96.80	2561.70	0.00	391.87
96.90	2993.03	0.00	370.09
97.00	3408.28	0.00	346.84
97.10	3804.05	0.00	322.23
97.20	4177.02	0.00	296.35
97.30	4524.02	0.00	269.29
97.40	4842.05	0.00	241.18
97.50	5128.33	0.00	212.11
97.60	5380.34	0.00	182.20
97.70	5595.81	0.00	151.58
97.80	5772.83	0.00	120.36
97.90	5909.78	0.00	88.66
98.00	6005.42	0.00	56.61
98.10	6058.88	0.00	24.34
98.20	6070.83	0.00	-8.02
98.30	6066.98	0.00	-40.36
98.40	6057.83	0.00	-72.54
98.50	6043.04	0.00	-104.43
98.60	6022.06	0.00	-135.90
98.70	5994.18	0.00	-166.84
98.80	5958.50	0.00	-197.13
98.90	5913.99	0.00	-226.63
99.00	5859.51	0.00	-255.24
99.10	5793.80	0.00	-282.84
99.20	5715.54	0.00	-309.33
99.30	5623.38	0.00	-334.60
99.40	5515.95	0.00	-358.54
99.50	5391.90	0.00	-381.07
99.60	5249.96	0.00	-402.10
99.70	5088.93	0.00	-421.54
99.80	4907.76	0.00	-439.32
99.90	4705.52	0.00	-455.36
100.00	4481.50	0.00	-469.60
100.10	4235.17	0.00	-481.99
100.20	3966.25	0.00	-492.48
100.30	3674.72	0.00	-501.03
100.40	3360.82	0.00	-507.60
100.50	3025.10	0.00	-512.16
100.60	2668.38	0.00	-514.71
100.70	2291.78	0.00	-515.22
100.80	1896.75	0.00	-513.70
100.90	1485.01	0.00	-510.15
101.00	1058.56	0.00	-504.59
101.10	619.69	0.00	-497.04
101.20	170.94	0.00	-487.52
101.30	-284.93	0.00	-476.09
101.40	-744.95	0.00	-462.77
101.50	-1205.97	0.00	-447.63
101.60	-1664.70	0.00	-430.72
101.70	-2117.77	0.00	-412.11
101.80	-2561.70	0.00	-391.87
101.90	-2993.03	0.00	-370.09
102.00	-3408.28	0.00	-346.84
102.10	-3804.05	0.00	-322.23
102.20	-4177.02	0.00	-296.35
102.30	-4524.02	0.00	-269.29
102.40	-4842.05	0.00	-241.18
102.50	-5128.33	0.00	-212.11
102.60	-5380.34	0.00	-182.20
102.70	-5595.81	0.00	-151.58
102.80	-5772.83	0.00	-120.36
102.90	-5909.78	0.00	-88.66
103.00	-6005.42	0.00	-56.61
103.10	-6058.88	0.00	-24.34
103.20	-6070.83	0.00	8.02
103.30	-6066.98	0.00	40.36
103.40	-6057.83	0.00	72.54
103.50	-6043.04	0.00	104.43
103.60	-6022.06	0.00	135.90
103.70	-5994.18	0.00	166.84
103.80	-5958.50	0.00	197.13
103.90	-5913.99	0.00	226.63
104.00	-5859.51	0.00	255.24
104.10	-5793.80	0.00	282.84
104.20	-5715.54	0.00	309.33
104.30	-5623.38	0.00	334.60
104.40	-5515.95	0.00	358.54
104.50	-5391.90	0.00	381.07
104.60	-5249.96	0.00	402.10
104.70	-5088.93	0.00	421.54
104.80	-4907.76	0.00	439.32
104.90	-4705.52	0.00	455.36
105.00	-4481.50	0.00	469.60
105.10	-4235.17	0.00	481.99
105.20	-3966.25	0.00	492.48
105.30	-3674.72	0.00	501.03
105.40	-3360.82	0.00	507.60
105.50	-3025.10	0.00	512.16
105.60	-2668.38	0.00	514.71
105.70	-2291.78	0.00	515.22
105.80	-1896.75	0.00	513.70
105.90	-1485.01	0.00	510.15
106.00	-1058.56	0.00	504.59
106.10	-619.69	0.00	497.04
106.20	-170.94	0.00	487.52
106.30	284.93	0.00	476.09
106.40	744.95	0.00	462.77
106.50	1205.97	0.00	447.63
106.60	1664.70	0.00	430.72
106.70	2117.77	0.00	412.11
106.80	2561.70	0.00	391.87
106.90	2993.03	0.00	370.09
107.00	3408.28	0.00	346.84
107.10	3804.05	0.00	322.23
107.20	4177.02	0.00	296.35
107.30	4524.02	0.00	269.29
107.40	4842.05	0.00	241.18
107.50	5128.33	0.00	212.11
107.60	5380.34	0.00	182.20
107.70	5595.81	0.00	151.58
107.80	5772.83	0.00	120.36
107.90	5909.78	0.00	88.66
108.00	6005.42	0.00	56.61
108.10	6058.88	0.00	24.34
108.20	6070.83	0.00	-8.02
108.30	6066.98	0.00	-40.36
108.40	6057.83	0.00	-72.54
108.50	6043.04	0.00	-104.43
108.60	6022.06	0.00	-135.90
108.70	5994.18	0.00	-166.84
108.80	5958.50	0.00	-197.13
108.90	5913.99	0.00	-226.63
109.00	5859.51	0.00	-255.24
109.10	5793.80	0.00	-282.84
109.20	5715.54	0.00	-309.33
109.30	5623.38	0.00	-334.60
109.40	5515.95	0.00	-358.54
109.50	5391.90	0.00	-381.07
109.60	5249.96	0.00	-402.10
109.70	5088.93	0.00	-421.54
109.80	4907.76	0.00	-439.32
109.90	4705.52	0.00	-455.36
110.00	4481.50	0.00	-469.60
110.10	4235.17	0.00	-481.99
110.20	3966.25	0.00	-492.48
110.30	3674.72	0.00	-501.03
110.40	3360.82	0.00	-507.60
110.50	3025.10	0.00	-512.16
110.60	2668.38	0.00	-514.71
110.70	2291.78	0.00	-515.22
110.80	1896.75	0.00	-513.70
110.90	1485.01	0.00	-510.15
111.00	1058.56	0.00	-504.59
111.10	619.69	0.00	-497.04
111.20	170.94	0.00	-487.52
111.30	-284.93	0.00	-476.09
111.40	-744.95	0.00	-462.77
111.50	-1205.97	0.00	-447.63
111.60	-1664.70	0.00	-430.72
111.70	-2117.77	0.00	-412.11
111.80	-2561.70	0.00	-391.87
111.90	-2993.03	0.00	-370.09
112.00	-3408.28	0.00	-346.84
112.10	-3804.05	0.00	-322.23
112.20	-4177.02	0.00	-296.35
112.30	-4524.02	0.00	-269.29
112.40	-4842.05	0.00	-241.18
112.50	-5128.33	0.00	-212.11
112.60	-5380.34	0.00	-182.20
112.70	-5595.81	0.00	-151.58
112.80	-5772.83	0.00	-120.36
112.90	-5909.78	0.00	-88.66
113.00	-6005.42	0.00	-56.61
113.10	-6058.88	0.00	-24.34
113.20	-6070.83	0.00	8.02
113.30	-6066.98	0.00	40.36
113.40	-6057.83	0.00	72.54
113.50	-6043.04	0.00	104.43
113.60	-6022.06	0.00	135.90
113.70	-5994.18	0.00	166.84
113.80	-5958.50	0.00	197.13
113.90	-5913.99	0.00	226.63
114.00	-5859.51	0.00	255.24
114.10	-5793.80	0.00	282.84
114.20	-5715.54	0.00	309.33
114.30	-5623.38	0.00	334.60
114.40	-5515.95	0.00	358.54
114.50	-5391.90	0.00	381.07
114.60	-5249.96	0.00	402.10
114.70	-5088.93	0.00	421.54
114.80	-4907.76	0.00	439.32
114.90	-4705.52	0.00	455.36
115.00	-4481.50	0.00	469.60
115.10	-4235.17	0.00	481.99
115.20	-3966.25	0.00	492.48
115.30	-3674.72	0.00	501.03
115.40	-3360.82	0.00	507.60
115.50	-3025.10	0.00	512.16
115.60	-2668.38	0.00	514.71
115.70	-2291.78	0.00	515.22
115.80	-1896.75	0.00	513.70
115.90	-1485.01	0.00	510.15
116.00	-1058.56	0.00	504.59
116.10	-619.69	0.00	497.04
116.20	-170.94	0.00	487.52
116.30	284.93	0.00	476.09
116.40	744.95	0.00	462.77
116.50	1205.97	0.00	447.63
116.60	1664.70	0.00	430.72
116.70	2117.77	0.00	412.11
116.80	2561.70	0.00	391.87
116.90	2993.03	0.00	370.09
117.00	3408.28	0.00	346.84
117.10	3804.05	0.00	322.23
117.20	4177.02	0.00	296.35
117.30	4524.02	0.00	269.29
117.40	4842.05	0.00	241.18
117.50	5128.33	0.00	212.11
117.60	5380.34	0.00	182.20
117.70	5595.81	0.00	151.58
117.80	5772.83	0.00	120.36
117.90	5909.78	0.00	88.66
118.00	6005.42	0.00	56.61
118.10	6058.88	0.00	24.34
118.20	6070.83	0.00	-8.02
118.30	6066.98	0.00	-40.36
118.40	6057.83	0.00	-72.54
118.50	6043.04	0.00	-104.43
118.60	6022.06	0.00	-135.90
118.70	5994.18	0.00	-166.84
118.80	5958.50	0.00	-197.13
118.90	5913.99	0.00	-226.63
119.00	5859.51	0.00	-255.24
119.10	5793.80	0.00	-282.84
119.20	5715.54	0.00	-309.33
119.30	5623.38	0.00	-334.60
119.40	5515.95	0.00	-358.54
119.50	5391.90	0.00	-381.07
119.60	5249.96	0.00	-402.10
119.70	5088.93	0.00	-421.54
119.80	4907.76	0.00	-439.32
119.90	4705.52	0.00	-455.36
120.00	4481.50	0.00	-469.60
120.10	4235.17	0.00	-481.99
120.20	3966.25	0.00	-492.48
120.30	3674.72	0.00	-501.03
120.40	3360.82	0.00	-507.60
120.50	3025.10	0.00	-512.16
120.60	2668.38	0.00	-514.71
120.70	2291.78	0.00	-515.22
120.80	1896.75	0.00	-513.70
120.90	1485.01	0.00	-510.15
121.00	1058.56	0.00	-504.59
121.10	619.69	0.00	-497.04
121.20	170.94	0.00	-487.52
121.30	-284.93	0.00	-476.09
121.40	-744.95	0.00	-462.77
121.50	-1205.97	0.00	-447.63
121.60	-1664.70	0.00	-430.72
121.70	-2117.77	0.00	-412.11
121.80	-2561.70	0.00	-391.87
121.90	-2993.03	0.00	-370.09
122.00	-3408.28	0.00	-346.84
122.10	-3804.05	0.00	-322.23
122.20	-4177.02	0.00	-296.35
122.30	-4524.02	0.00	-269.29
122.40	-4842.05	0.00	-241.18
122.50	-5128.33	0.00	-212.11
122.60	-5380.34	0.00	-182.20
122.70	-5595.81	0.00	-151.58
122.80	-5772.83	0.00	-120.36
122.90	-5909.78	0.00	-88.66
123.00	-6005.42	0.00	-56.61
123.10	-6058.88	0.00	-24.34
123.20	-6070.83	0.00	8.02
123.30	-6066.98	0.00	40.36
123.40	-6057.83	0.00	72.54
123.50	-6043.04	0.00	104.43
123.60	-6022.06	0.00	135.90
123.70	-5994.18	0.00	166.84
123.80	-5958.50	0.00	197.13
123.90	-5913.99	0.00	226.63
124.00	-5859.51	0.00	255.24
124.10	-5793.80	0.00	282.84
124.20	-5715.54	0.00	309.33
124.30	-5623.38	0.00	334.60
124.40	-5515.95	0.00	358.54
124.50	-5391.90	0.00	381.07
124.60	-5249.96	0.00	402.10
124.70	-5088.93	0.00	421.54
124.80	-4907.76	0.00	439.32
124.90	-4705.52	0.00	455.36
125.00	-4481.50	0.00	469.60
125.10	-4235.17	0.00	481.99
125.20	-3966.25	0.00	492.48
125.30	-3674.72	0.00	501.03
125.40	-3360.82	0.00	507.60
125.50	-3025.10	0.00	512.16
125.60	-2668.38	0.00	514.71
125.70	-2291.78	0.00	515.22
125.80	-1896.75	0.00	513.70
125.90	-1485.01	0.00	510.15
126.00	-1058.56	0.00	504.59
126.10	-619.69	0.00	497.04
126.20	-170.94	0.00	487.52
126.30	284.93	0.00	476.09
126.40	744.95	0.00	462.77
126.50	1205.97	0.00	447.63
126.60	1664.70	0.00	430.72
126.70	2117.77	0.00	412.11
126.80	2561.70	0.00	391.87
126.90	2993.03	0.00	370.09
127.00	3408.28	0.00	346.84
127.10	3804.05	0.00	322.23
127.20	4177.02	0.00	296.35
127.30	4524.02	0.00	269.29
127.40	4842.05	0.00	241.18
127.50	5128.33	0.00	212.11
127.60	5380.34	0.00	182.20
127.70	5595.81	0.00	151.58
127.80	5772.83	0.00	120.36
127.90	5909.78	0.00	88.66
128.00	6005.42	0.00	56.61
128.10	6058.88	0.00	24.34
128.20	6070.83	0.00	-8.02
128.30	6066.98	0.00	-40.36
128.40	6057.83	0.00	-72.54
128.50	6043.04	0.00	-104.43
128.60	6022.06	0.00	-135.90
128.70	5994.18	0.00	-166.84
128.80	5958.50	0.00	-197.13
128.90	5913.99	0.00	-226.63
129.00	5859.51	0.00	-255.24
129.10	5793.80	0.00	-282.84
129.20	5715.54	0.00	-309.33
129.30	5623.38	0.00	-334.60
129.40	5515.95	0.00	-358.54
129.50	5391.90	0.00	-381.07
129.60	5249.96	0.00	-402.10
129.70	5088.93	0.00	-421.54
129.80	4907.76	0.00	-439.32
129.90	4705.52	0.00	-455.36
130.00	4481.50	0.00	-469.60
130.10	4235.17	0.00	-481.99
130.20	3966.25	0.00	-492.48
130.30	3674.72	0.00	-501.03
130.40	3360.82	0.00	-507.60
130.50	3025.10	0.00	-512.16
130.60	2668.38	0.00	-514.71
130.70	2291.78	0.00	-515.22
130.80	1896.75	0.00	-513.70
130.90	1485.01	0.00	-510.15
131.00	1058.56	0.00	-504.59
131.10	619.69	0.00	-497.04
131.20	170.94	0.00	-487.52
131.30	-284.93	0.00	-476.09
131.40	-744.95	0.00	-462.77
131.50	-1205.97	0.00	-447.63
131.60	-1664.70	0.00	-430.72
131.70	-2117.77	0.00	-412.11
131.80	-2561.70	0.00	-391.87
131.90	-2993.03	0.00	-370.09
132.00	-3408.28	0.00	-346.84
132.10	-3804.05	0.00	-322.23
132.20	-4177.02	0.00	-296.35
132.30	-4524.02	0.00	-269.29
132.40	-4842.05	0.00	-241.18
132.50	-5128.33	0.00	-212.11
132.60	-5380.34	0.00	-182.20
132.70	-5595.81	0.00	-151.58
132.80	-5772.83	0.00	-120.36
132.90	-5909.78	0.00	-88.66
133.00	-6005.42	0.00	-56.61
133.10	-6058.88	0.00	-24.34
133.20	-6070.83	0.00	8.02
133.30	-6066.98	0.00	40.36
133.40	-6057.83	0.00	72.54
133.50	-6043.04	0.00	104.43
133.60	-6022.06	0.00	135.90
133.70	-5994.18	0.00	166.84
133.80	-5958.50	0.00	197.13
133.90	-5913.99	0.00	226.63
134.00	-5859.51	0.00	255.24
134.10	-5793.80	0.00	282.84
134.20	-5715.54	0.00	309.33
134.30	-5623.38	0.00	334.60
134.40	-5515.95	0.00	358.54
134.50	-5391.90	0.00	381.07
134.60	-5249.96	0.00	402.10
134.70	-5088.93	0.00	421.54
134.80	-4907.76	0.00	439.32
134.90	-4705.52	0.00	455.36
135.00	-4481.50	0.00	469.60
135.10	-4235.17	0.00	481.99
135.20	-3966.25	0.00	492.48
135.30	-3674.72	0.00	501.03
135.40	-3360.82	0.00	507.60
135.50	-3025.10	0.00	512.16
135.60	-2668.38	0.00	514.71
135.70	-2291.78	0.00	515.22
135.80	-1896.75	0.00	513.70
135.90	-1485.01	0.00	510.15
136.00	-1058.56	0.00	504.59
136.10	-619.69	0.00	497.04
136.20	-170.94	0.00	487.52
136.30	284.93	0.00	476.09
136.40	744.95	0.00	462.77
136.50	1205.97	0.00	447.63
136.60	1664.70	0.00	430.72
136.70	2117.77	0.00	412.11
136.80	2561.70	0.00	391.87
136.90	2993.03	0.00	370.09
137.00	3408.28	0.00	346.84
137.10	3804.05	0.00	322.23
137.20	4177.02	0.00	296.35
137.30	4524.02	0.00	269.29
137.40	4842.05	0.00	241.18
137.50	5128.33	0.00	212.11
137.60	5380.34	0.00	182.20
137.70	5595.81	0.00	151.58
137.80	5772.83	0.00	120.36
137.90	5909.78	0.00	88.66
138.00	6005.42	0.00	56.61
138.10	6058.88	0.00	24.34
138.20	6070.83	0.00	-8.02
138.30	6066.98	0.00	-40.36
138.40	6057.83	0.00	-72.54
138.50	6043.04	0.00	-104.43
138.60	6022.06	0.00	-135.90
138.70	5994.18	0.00	-166.84
138.80	5958.50	0.00	-197.13
138.90	5913.99	0.00	-226.63
139.00	5859.51	0.00	-255.24
139.10	5793.80	0.00	-282.84
139.20	5715.54	0.00	-309.33
139.30	5623.38	0.00	-334.60
139.40	5515.95	0.00	-358.54
139.50	5391.90	0.00	-381.07
139.60	5249.96	0.00	-402.10
139.70	5088.93	0.00	-421.54
139.80	4907.76	0.00	-439.32
139.90	4705.52	0.00	-455.36
140.00	4481.50	0.00	-469.60
140.10	4235.17	0.00	-481.99
140.20	3966.25	0.00	-492.48
140.30	3674.72	0.00	-501.03
140.40	3360.82	0.00	-507.60
140.50	3025.10	0.00	-512.16
140.60	2668.38	0.00	-514.71
140.70	2291.78	0.00	-515.22
140.80	1896.75	0.00	-513.70
140.90	1485.01	0.00	-510.15
141.00	1058.56	0.00	-504.59
141.10	619.69	0.00	-497.04
141.20	170.94	0.00	-487.52
141.30	-284.93	0.00	-476.09
141.40	-744.95	0.00	-462.77
141.50	-1205.97	0.00	-447.63
141.60	-1664.70	0.00	-430.72
141.70	-2117.77	0.00	-412.11
141.80	-2561.70	0.00	-391.87
141.90	-2993.03	0.00	-370.09
142.00	-3408.28	0.00	-346.84
142.10	-3804.05	0.00	-322.23
142.20	-4177.02	0.00	-296.35
142.30	-4524.02	0.00	-269.29
142.40	-4842.05	0.00	-241.18
142.50	-5128.33	0.00	-212.11
142.60	-5380.34	0.00	-182.20
142.70	-5595.81	0.00	-151.58
142.80	-5772.83	0.00	-120.36
142.90	-5909.78	0.00	-88.66
143.00	-6005.42	0.00	-56.61
143.10	-6058.88	0.00	-24.34
143.20	-6070.83	0.00	8.02
143.30	-6066.98	0.00	40.36
143.40	-6057.83	0.00	72.54
143.50	-6043.04	0.00	104.43
143.60	-6022.06	0.00	135.90
143.70	-5994.18	0.00	166.84
143.80	-5958.50	0.00	197.13
143.90	-5913.99	0.00	226.63
144.00	-5859.51	0.00	255.24
144.10	-5793.80	0.00	282.84
144.20	-5715.54	0.00	309.33
144.30	-5623.38	0.00	334.60
144.40	-5515.95	0.00	358.54
144.50	-5391.90	0.00	381.07
144.60	-5249.96	0.00	402.10
144.70	-5088.93	0.00	421.54
144.80	-4907.76	0.00	439.32
144.90	-4705.52	0.00	455.36
145.00	-4481.50	0.00	469.60
145.10	-4235.17	0.00	481.99
145.20	-3966.25	0.00	492.48
145.30	-3674.72	0.00	501.03
145.40	-3360.82	0.00	507.60
145.50	-3025.10	0.00	512.16
145.60	-2668.38	0.00	514.71
145.70	-2291.78	0.00	515.22
145.80	-1896.75	0.00	513.70
145.90	-1485.01	0.00	510.15
146.00	-1058.56	0.00	504.59
146.10	-619.69	0.00	497.04
146.20	-170.94	0.00	487.52
146.30	284.93	0.00	476.09
146.40	744.95	0.00	462.77
146.50	1205.97	0.00	447.63
146.60	1664.70	0.00	430.72
146.70	2117.77	0.00	412.11
146.80	2561.70	0.00	391.87
146.90	2993.03	0.00	370.09
147.00	3408.28	0.00	346.84
147.10	3804.05	0.00	322.23
147.20	4177.02	0.00	296.35
147.30	4524.02	0.00	269.29
147.40	4842.05	0.00	241.18
147.50	5128.33	0.00	212.11
147.60	5380.34	0.00	182.20
147.70	5595.81	0.00	151.58
147.80	5772.83	0.00	120.36
147.90	5909.78	0.00	88.66
148.00	6005.42	0.00	56.61
148.10	6058.88	0.00	24.34
148.20	6070.83	0.00	-8.02
148.30	6066.98	0.00	-40.36
148.40	6057.83	0.00	-72.54
148.50	6043.04	0.00	-104.43
148.60	6022.06	0.00	-135.90
148.70	5994.18	0.00	-166.84
148.80	5958.50	0.00	-197.13
148.90	5913.99	0.00	-226.63
149.00	5859.51	0.00	-255.24
149.10	5793.80	0.00	-282.84
149.20	5715.54	0.00	-309.33
149.30	5623.38	0.00	-334.60
149.40	5515.95	0.00	-358.54
149.50	5391.90	0.00	-381.07
149.60	5249.96	0.00	-402.10
149.70	5088.93	0.00	-421.54
149.80	4907.76	0.00	-439.32
149.90	4705.52	0.00	-455.36
150.00	4481.50	0.00	-469.60
150.10	4235.17	0.00	-481.99
150.20	3966.25	0.00	-492.48
150.30	3674.72	0.00	-501.03
150.40	3360.82	0.00	-507.60
150.50	3025.10	0.00	-512.16
150.60	2668.38	0.00	-514.71
150.70	2291.78	0.00	-515.22
150.80	1896.75	0.00	-513.70
150.90	1485.01	0.00	-510.15
151.00	1058.56	0.00	-504.59
151.10	619.69	0.00	-497.04
151.20	170.94	0.00	-487.52
151.30	-284.93	0.00	-476.09
151.40	-744.95	0.00	-462.77
151.50	-1205.97	0.00	-447.63
151.60	-1664.70	0.00	-430.72
151.70	-2117.77	0.00	-412.11
151.80	-2561.70	0.00	-391.87
151.90	-2993.03	0.00	-370.09
152.00	-3408.28	0.00	-346.84
152.10	-3804.05	0.00	-322.23
152.20	-4177.02	0.00	-296.35
152.30	-4524.02	0.00	-269.29
152.40	-4842.05	0.00	-241.18
152.50	-5128.33	0.00	-212.11
152.60	-5380.34	0.00	-182.20
152.70	-5595.81	0.00	-151.58
152.80	-5772.83	0.00	-120.36
152.90	-5909.78	0.00	-88.66
153.00	-6005.42	0.00	-56.61
153.10	-6058.88	0.00	-24.34
153.20	-6070.83	0.00	8.02
153.30	-6066.98	0.00	40.36
153.40	-6057.83	0.00	72.54
153.50	-6043.04	0.00	104.43
153.60	-6022.06	0.00	135.90
153.70	-5994.18	0.00	166.84
153.80	-5958.50	0.00	197.13
153.90	-5913.99	0.00	226.63
154.00	-5859.51	0.00	255.24
154.10	-5793.80	0.00	282.84
154.20	-5715.54	0.00	309.33
154.30	-5623.38	0.00	334.60
154.40	-5515.95	0.00	358.54
154.50	-5391.90	0.00	381.07
154.60	-5249.96	0.00	402.10
154.70	-5088.93	0.00	421.54
154.80	-4907.76	0.00	439.32
154.90	-4705.52	0.00	455.36
155.00	-4481.50	0.00	469.60
155.10	-4235.17	0.00	481.99
155.20	-3966.25	0.00	492.48
155.30	-3674.72	0.00	501.03
155.40	-3360.82	0.00	507.60
155.50	-3025.10	0.00	512.16
155.60	-2668.38	0.00	514.71
155.70	-2291.78	0.00	515.22
155.80	-1896.75	0.00	513.70
155.90	-1485.01	0.00	510.15
156.00	-1058.56	0.00	504.59
156.10	-619.69	0.00	497.04
156.20	-170.94	0.00	487.52
156.30	284.93	0.00	476.09
156.40	744.95	0.00	462.77
156.50	1205.97	0.00	447.63
156.60	1664.70	0.00	430.72
156.70	2117.77	0.00	412.11
156.80	2561.70	0.00	391.87
156.90	2993.03	0.00	370.09
157.00	3408.28	0.00	346.84
157.10	3804.05	0.00	322.23
157.20	4177.02	0.00	296.35
157.30	4524.02	0.00	269.29
157.40	4842.05	0.00	241.18
157.50	5128.33	0.00	212.11
157.60	5380.34	0.00	182.20
157.70	5595.81	0.00	151.58
157.80	5772.83	0.00	120.36
157.90	5909.78	0.00	88.66
158.00	6005.42	0.00	56.61
158.10	6058.88	0.00	24.34
158.20	6070.83	0.00	-8.02
158.30	6066.98	0.00	-40.36
158.40	6057.83	0.00	-72.54
158.50	6043.04	0.00	-104.43
158.60	6022.06	0.00	-135.90
158.70	5994.18	0.00	-166.84
158.80	5958.50	0.00	-197.13
158.90	5913.99	0.00	-226.63
159.00	5859.51	0.00	-255.24
159.10	5793.80	0.00	-282.84
159.20	5715.54	0.00	-309.33
159.30	5623.38	0.00	-334.60
159.40	5515.95	0.00	-358.54
159.50	5391.90	0.00	-381.07
159.60	5249.96	0.00	-402.10
159.70	5088.93	0.00	-421.54
159.80	4907.76	0.00	-439.32
159.90	4705.52	0.00	-455.36
160.00	4481.50	0.00	-469.60
160.10	4235.17	0.00	-481.99
160.20	3966.25	0.00	-492.48
160.30	3674.72	0.00	-501.03
160.40	3360.82	0.00	-507.60
160.50	3025.10	0.00	-512.16
160.60	2668.38	0.00	-514.71
160.70	2291.78	0.00	-515.22
160.80	1896.75	0.00	-513.70
160.90	1485.01	0.00	-510.15
161.00	1058.56	0.00	-504.59
161.10	619.69	0.00	-497.04
161.20	170.94	0.00	-487.52
161.30	-284.93	0.00	-476.09
161.40	-744.95	0.00	-462.77
161.50	-1205.97	0.00	-447.63
161.60	-1664.70	0.00	-430.72
161.70	-2117.77	0.00	-412.11
161.80	-2561.70	0.00	-391.87
161.90	-2993.03	0.00	-370.09
162.00	-3408.28	0.00	-346.84
162.10	-3804.05	0.00	-322.23
162.20	-4177.02	0.00	-296.35
162.30	-4524.02	0.00	-269.29
162.40	-4842.05	0.00	-241.18
162.50	-5128.33	0.00	-212.11
162.60	-5380.34	0.00	-182.20
162.70	-5595.81	0.00	-151.58
162.80	-5772.83	0.00	-120.36
162.90	-5909.78	0.00	-88.66
163.00	-6005.42	0.00	-56.61
163.10	-6058.88	0.00	-24.34
163.20	-6070.83	0.00	8.02
163.30	-6066.98	0.00	40.36
163.40	-6057.83	0.00	72.54
163.50	-6043.04	0.00	104.43
163.60	-6022.06	0.00	135.90
163.70	-5994.18	0.00	166.84
163.80	-5958.50	0.00	197.13
163.90	-5913.99	0.00	226.63
164.00	-5859.51	0.00	255.24
164.10	-5793.80	0.00	282.84
164.20	-5715.54	0.00	309.33
164.30	-5623.38	0.00	334.60
164.40	-5515.95	0.00	358.54
164.50	-5391.90	0.00	381.07
164.60	-5249.96	0.00	402.10
164.70	-5088.93	0.00	421.54
164.80	-4907.76	0.00	439.32
164.90	-4705.52	0.00	455.36
165.00	-4481.50	0.00	469.60
165.10	-4235.17	0.00	481.99
165.20	-3966.25	0.00	492.48
165.30	-3674.72	0.00	501.03
165.40	-3360.82	0.00	507.60
165.50	-3025.10	0.00	512.16
165.60	-2668.38	0.00	514.71
165.70	-2291.78	0.00	515.22
165.80	-1896.75	0.00	513.70
165.90	-1485.01	0.00	510.15
166.00	-1058.56	0.00	504.59
166.10	-619.69	0.00	497.04
166.20	-170.94	0.00	487.52
166.30	284.93	0.00	476.09
166.40	744.95	0.00	462.77
166.50	1205.97	0.00	447.63
166.60	1664.70	0.00	430.72
166.70	2117.77	0.00	412.11
166.80	2561.70	0.00	391.87
166.90	2993.03	0.00	370.09
167.00	3408.28	0.00	346.84
167.10	3804.05	0.00	322.23
167.20	4177.02	0.00	296.35
167.30	4524.02	0.00	269.29
167.40	4842.05	0.00	241.18
167.50	5128.33	0.00	212.11
167.60	5380.34	0.00	182.20
167.70	5595.81	0.00	151.58
167.80	5772.83	0.00	120.36
167.90	5909.78	0.00	88.66
168.00	6005.42	0.00	56.61
168.10	6058.88	0.00	24.34
168.20	6070.83	0.00	-8.02
168.30	6066.98	0.00	-40.36
168.40	6057.83	0.00	-72.54
168.50	6043.04	0.00	-104.43
168.60	6022.06	0.00	-135.90
168.70	5994.18	0.00	-166.84
168.80	5958.50	0.00	-197.13
168.90	5913.99	0.00	-226.63
169.00	5859.51	0.00	-255.24
169.10	5793.80	0.00	-282.84
169.20	5715.54	0.00	-309.33
169.30	5623.38	0.00	-334.60
169.40	5515.95	0.00	-358.54
169.50	5391.90	0.00	-381.07
169.60	5249.96	0.00	-402.10
169.70	5088.93	0.00	-421.54
169.80	4907.76	0.00	-439.32
169.90	4705.52	0.00	-455.36
170.00	4481.50	0.00	-469.60
170.10	4235.17	0.00	-481.99
170.20	3966.25	0.00	-492.48
170.30	3674.72	0.00	-501.03
170.40	3360.82	0.00	-507.60
170.50	3025.10	0.00	-512.16
170.60	2668.38	0.00	-514.71
170.70	2291.78	0.00	-515.22
170.80	1896.75	0.00	-513.70
170.90	1485.01	0.00	-510.15
171.00	1058.56	0.00	-504.59
171.10	619.69	0.00	-497.04
171.20	170.94	0.00	-487.52
171.30	-284.93	0.00	-476.09
171.40	-744.95	0.00	-462.77
171.50	-1205.97	0.00	-447.63
171.60	-1664.70	0.00	-430.72
171.70	-2117.77	0.00	-412.11
171.80	-2561.70	0.00	-391.87
171.90	-2993.03	0.00	-370.09
172.00	-3408.28	0.00	-346.84
172.10	-3804.05	0.00	-322.23
172.20	-4177.02	0.00	-296.35
172.30	-4524.02	0.00	-269.29
172.40	-4842.05	0.00	-241.18
172.50	-5128.33	0.00	-212.11
172.60	-5380.34	0.00	-182.20
172.70	-5595.81	0.00	-151.58
172.80	-5772.83	0.00	-120.36
172.90	-5909.78	0.00	-88.66
173.00	-6005.42	0.00	-56.61
173.10	-6058.88	0.00	-24.34
173.20	-6070.83	0.00	8.02
173.30	-6066.98	0.00	40.36
173.40	-6057.83	0.00	72.54
173.50	-6043.04	0.00	104.43
173.60	-6022.06	0.00	135.90
173.70	-5994.18	0.00	166.84
173.80	-5958.50	0.00	197.13
173.90	-5913.99	0.00	226.63
174.00	-5859.51	0.00	255.24
174.10	-5793.80	0.00	282.84
174.20	-5715.54	0.00	309.33
174.30	-5623.38	0.00	334.60
174.40	-5515.95	0.00	358.54
174.50	-5391.90	0.00	381.07
174.60	-5249.96	0.00	402.10
174.70	-5088.93	0.00	421.54
174.80	-4907.76	0.00	439.32
174.90	-4705.52	0.00	455.36
175.00	-4481.50	0.00	469.60
175.10	-4235.17	0.00	481.99
175.20	-3966.25	0.00	492.48
175.30	-3674.72	0.00	501.03
175.40	-3360.82	0.00	507.60
175.50	-3025.10	0.00	512.16
175.60	-2668.38	0.00	514.71
175.70	-2291.78	0.00	515.22
175.80	-1896.75	0.00	513.70
175.90	-1485.01	0.00	510.15
176.00	-1058.56	0.00	504.59
176.10	-619.69	0.00	497.04
176.20	-170.94	0.00	487.52
176.30	284.93	0.00	476.09
176.40	744.95	0.00	462.77
176.50	1205.97	0.00	447.63
176.60	1664.70	0.00	430.72
176.70	2117.77	0.00	412.11
176.80	2561.70	0.00	391.87
176.90	2993.03	0.00	370.09
177.00	3408.28	0.00	346.84
177.10	3804.05	0.00	322.23
177.20	4177.02	0.00	296.35
177.30	4524.02	0.00	269.29
177.40	4842.05	0.00	241.18
177.50	5128.33	0.00	212.11
177.60	5380.34	0.00	182.20
177.70	5595.81	0.00	151.58
177.80	5772.83	0.00	120.36
177.90	5909.78	0.00	88.66
178.00	6005.42	0.00	56.61
178.10	6058.88	0.00	24.34
178.20	6070.83	0.00	-8.02
178.30	6066.98	0.00	-40.36
178.40	6057.83	0.00	-72.54
178.50	6043.04	0.00	-104.43
178.60	6022.06	0.00	-135.90
178.70	5994.18	0.00	-166.84
178.80	5958.50	0.00	-197.13
178.90	5913.99	0.00	-226.63
179.00	5859.51	0.00	-255.24
179.10	5793.80	0.00	-282.84
179.20	5715.54	0.00	-309.33
179.30	5623.38	0.00	-334.60
179.40	5515.95	0.00	-358.54
179.50	5391.90	0.00	-381.07
179.60	5249.96	0.00	-402.10
179.70	5088.93	0.00	-421.54
179.80	4907.76	0.00	-439.32
179.90	4705.52	0.00	-455.36
180.00	4481.50	0.00	-469.60
180.10	4235.17	0.00	-481.99
180.20	3966.25	0.00	-492.48
180.30	3674.72	0.00	-501.03
180.40	3360.82	0.00	-507.60
180.50	3025.10	0.00	-512.16
180.60	2668.38	0.00	-514.71
180.70	2291.78	0.00	-515.22
180.80	1896.75	0.00	-513.70
180.90	1485.01	0.00	-510.15
181.00	1058.56	0.00	-504.59
181.10	619.69	0.00	-497.04
181.20	170.94	0.00	-487.52
181.30	-284.93	0.00	-476.09
181.40	-744.95	0.00	-462.77
181.50	-1205.97	0.00	-447.63
181.60	-1664.70	0.00	-430.72
181.70	-2117.77	0.00	-412.11
181.80	-2561.70	0.00	-391.87
181.90	-2993.03	0.00	-370.09
182.00	-3408.28	0.00	-346.84
182.10	-3804.05	0.00	-322.23
182.20	-4177.02	0.00	-296.35
182.30	-4524.02	0.00	-269.29
182.40	-4842.05	0.00	-241.18
182.50	-5128.33	0.00	-212.11
182.60	-5380.34	0.00	-182.20
182.70	-5595.81	0.00	-151.58
182.80	-5772.83	0.00	-120.36
182.90	-5909.78	0.00	-88.66
183.00	-6005.42	0.00	-56.61
183.10	-6058.88	0.00	-24.34
183.20	-6070.83	0.00	8.02
183.30	-6066.98	0.00	40.36
183.40	-6057.83	0.00	72.54
183.50	-6043.04	0.00	104.43
183.60	-6022.06	0.00	135.90
183.70	-5994.18	0.00	166.84
183.80	-5958.50	0.00	197.13
183.90	-5913.99	0.00	226.63
184.00	-5859.51	0.00	255.24
184.10	-5793.80	0.00	282.84
184.20	-5715.54	0.00	309.33
184.30	-5623.38	0.00	334.60
184.40	-5515.95	0.00	358.54
184.50	-5391.90	0.00	381.07
184.60	-5249.96	0.00	402.10
184.70	-5088.93	0.00	421.54
184.80	-4907.76	0.00	439.32
184.90	-4705.52	0.00	455.36
185.00	-4481.50	0.00	469.60
185.10	-4235.17	0.00	481.99
185.20	-3966.25	0.00	492.48
185.30	-3674.72	0.00	501.03
185.40	-3360.82	0.00	507.60
185.50	-3025.10	0.00	512.16
185.60	-2668.38	0.00	514.71
185.70	-2291.78	0.00	515.22
185.80	-1896.75	0.00	513.70
185.90	-1485.01	0.00	510.15
186.00	-1058.56	0.00	504.59
186.10	-619.69	0.00	497.04
186.20	-170.94	0.00	487.52
186.30	284.93	0.00	476.09
186.40	744.95	0.00	462.77
186.50	1205.97	0.00	447.63
186.60	1664.70	0.00	430.72
186.70	2117.77	0.00	412.11
186.80	2561.70	0.00	391.87
186.90	2993.03	0.00	370.09
187.00	3408.28	0.00	346.84
187.10	3804.05	0.00	322.23
187.20	4177.02	0.00	296.35
187.30	4524.02	0.00	269.29
187.40	4842.05	0.00	241.18
187.50	5128.33	0.00	212.11
187.60	5380.34	0.00	182.20
187.70	5595.81	0.00	151.58
187.80	5772.83	0.00	120.36
187.90	5909.78	0.00	88.66
188.00	6005.42	0.00	56.61
188.10	6058.88	0.00	24.34
188.20	6070.83	0.00	-8.02
188.30	6066.98	0.00	-40.36
188.40	6057.83	0.00	-72.54
188.50	6043.04	0.00	-104.43
188.60	6022.06	0.00	-135.90
188.70	5994.18	0.00	-166.84
188.80	5958.50	0.00	-197.13
188.90	5913.99	0.00	-226.63
189.00	5859.51	0.00	-255.24
189.10	5793.80	0.00	-282.84
189.20	5715.54	0.00	-309.33
189.30	5623.38	0.00	-334.60
189.40	5515.95	0.00	-358.54
189.50	5391.90	0.00	-381.07
189.60	5249.96	0.00	-402.10
189.70	5088.93	0.00	-421.54
189.80	4907.76	0.00	-439.32
189.90	4705.52	0.00	-455.36
190.00	4481.50	0.00	-469.60
190.10	4235.17	0.00	-481.99
190.20	3966.25	0.00	-492.48
190.30	3674.72	0.00	-501.03
190.40	3360.82	0.00	-507.60
190.50	3025.10	0.00	-512.16
190.60	2668.38	0.00	-514.71
190.70	2291.78	0.00	-515.22
190.80	1896.75	0.00	-513.70
190.90	1485.01	0.00	-510.15
191.00	1058.56	0.00	-504.59
191.10	619.69	0.00	-497.04
191.20	170.94	0.00	-487.52
191.30	-284.93	0.00	-476.09
191.40	-744.95	0.00	-462.77
191.50	-1205.97	0.00	-447.63
191.60	-1664.70	0.00	-430.72
191.70	-2117.77	0.00	-412.11
191.80	-2561.70	0.00	-391.87
191.90	-2993.03	0.00	-370.09
192.00	-3408.28	0.00	-346.84
192.10	-3804.05	0.00	-322.23
192.20	-4177.02	0.00	-296.35
192.30	-4524.02	0.00	-269.29
192.40	-4842.05	0.00	-241.18
192.50	-5128.33	0.00	-212.11
192.60	-5380.34	0.00	-182.20
192.70	-5595.81	0.00	-151.58
192.80	-5772.83	0.00	-120.36
192.90	-5909.78	0.00	-88.66
193.00	-6005.42	0.00	-56.61
193.10	-6058.88	0.00	-24.34
193.20	-6070.83	0.00	8.02
193.30	-6066.98	0.00	40.36
193.40	-6057.83	0.00	72.54
193.50	-6043.04	0.00	104.43
193.60	-6022.06	0.00	135.90
193.70	-5994.18	0.00	166.84
193.80	-5958.50	0.00	197.13
193.90	-5913.99	0.00	226.63
194.00	-5859.51	0.00	255.24
194.10	-5793.80	0.00	282.84
194.20	-5715.54	0.00	309.33
194.30	-5623.38	0.00	334.60
194.40	-5515.95	0.00	358.54
194.50	-5391.90	0.00	381.07
194.60	-5249.96	0.00	402.10
194.70	-5088.93	0.00	421.54
194.80	-4907.76	0.00	439.32
194.90	-4705.52	0.00	455.36
195.00	-4481.50	0.00	469.60
195.10	-4235.17	0.00	481.99
195.20	-3966.25	0.00	492.48
195.30	-3674.72	0.00	501.03
195.40	-3360.82	0.00	507.60
195.50	-3025.10	0.00	512.16
195.60	-2668.38	0.00	514.71
195.70	-2291.78	0.00	515.22
195.80	-1896.75	0.00	513.70
195.90	-1485.01	0.00	510.15
196.00	-1058.56	0.00	504.59
196.10	-619.69	0.00	497.04
196.20	-170.94	0.00	487.52
196.30	284.93	0.00	476.09
196.40	744.95	0.00	462.77
196.50	1205.97	0.00	447.63
196.60	1664.70	0.00	430.72
196.70	2117.77	0.00	412.11
196.80	2561.70	0.00	391.87
196.90	2993.03	0.00	370.09
197.00	3408.28	0.00	346.84
197.10	3804.05	0.00	322.23
197.20	4177.02	0.00	296.35
197.30	4524.02	0.00	269.29
197.40	4842.05	0.00	241.18
197.50	5128.33	0.00	212.11
197.60	5380.34	0.00	182.20
197.70	5595.81	0.00	151.58
197.80	5772.83	0.00	120.36
197.90	5909.78	0.00	88.66
198.00	6005.42	0.00	56.61
198.10	6058.88	0.00	24.34
198.20	6070.83	0.00	-8.02
198.30	6066.98	0.00	-40.36
198.40	6057.83	0.00	-72.54
198.50	6043.04	0.00	-104.43
198.60	6022.06	0.00	-135.90
198.70	5994.18	0.00	-166.84
198.80	5958.50	0.00	-197.13
198.90	5913.99	0.00	-226.63
199.00	5859.51	0.00	-255.24
199.10	5793.80	0.00	-282.84
199.20	5715.54	0.00	-309.33
199.30	5623.38	0.00	-334.60
199.40	5515.95	0.00	-358.54
199.50	5391.90	0.00	-381.07
199.60	5249.96	0.00	-402.10
199.70	5088.93	0.00	-421.54
199.80	4907.76	0.00	-439.32
199.90	4705.52	0.00	-455.36
200.00	4481.50	0.00	-469.60
200.10	4235.17	0.00	-481.99
200.20	3966.25	0.00	-492.48
200.30	3674.72	0.00	-501.03
200.40	3360.82	0.00	-507.60
200.50	3025.10	0.00	-512.16
200.60	2668.38	0.00	-514.71
200.70	2291.78	0.00	-515.22
200.80	1896.75	0.00	-513.70
200.90	1485.01	0.00	-510.15
201.00	1058.56	0.00	-504.59
201.10	619.69	0.00	-497.04
201.20	170.94	0.00	-487.52
201.30	-284.93	0.00	-476.09
201.40	-744.95	0.00	-462.77
201.50	-1205.97	0.00	-447.63
201.60	-1664.70	0.00	-430.72
201.70	-2117.77	0.00	-412.11
201.80	-2561.70	0.00	-391.87
201.90	-2993.03	0.00	-370.09
202.00	-3408.28	0.00	-346.84
202.10	-3804.05	0.00	-322.23
202.20	-4177.02	0.00	-296.35
202.30	-4524.02	0.00	-269.29
202.40	-4842.05	0.00	-241.18
202.50	-5128.33	0.00	-212.11
202.60	-5380.34	0.00	-182.20
202.70	-5595.81	0.00	-151.58
202.80	-5772.83	0.00	-120.36
202.90	-5909.78	0.00	-88.66
203.00	-6005.42	0.00	-56.61
203.10	-6058.88	0.00	-24.34
203.20	-6070.83	0.00	8.02
203.30	-6066.98	0.00	40.36
203.40	-6057.83	0.00	72.54
203.50	-6043.04	0.00	104.43
203.60	-6022.06	0.00	135.90
203.70	-5994.18	0.00	166.84
203.80	-5958.50	0.00	197.13
203.90	-5913.99	0.00	226.63
204.00	-5859.51	0.00	255.24
204.10	-5793.80	0.00	282.84
204.20	-5715.54	0.00	309.33
204.30	-5623.38	0.00	334.60
204.40	-5515.95	0.00	358.54
204.50	-5391.90	0.00	381.07
204.60	-5249.96	0.00	402.10
204.70	-5088.93	0.00	421.54
204.80	-4907.76	0.00	439.32
204.90	-4705.52	0.00	455.36
205.00	-4481.50	0.00	469.60
205.10	-4235.17	0.00	481.99
205.20	-3966.25	0.00	492.48
205.30	-3674.72	0.00	501.03
205.40	-3360.82	0.00	507.60
205.50	-3025.10	0.00	512.16
205.60	-2668.38	0.00	514.71
205.70	-2291.78	0.00	515.22
205.80	-1896.75	0.00	513.70
205.90	-1485.01	0.00	510.15
206.00	-1058.56	0.00	504.59
206.10	-619.69	0.00	497.04
206.20	-170.94	0.00	487.52
206.30	284.93	0.00	476.09
206.40	744.95	0.00	462.77
206.50	1205.97	0.00	447.63
206.60	1664.70	0.00	430.72
206.70	2117.77	0.00	412.11
206.80	2561.70	0.00	391.87
206.90	2993.03	0.00	370.09
207.00	3408.28	0.00	346.84
207.10	3804.05	0.00	322.23
207.20	4177.02	0.00	296.35
207.30	4524.02	0.00	269.29
207.40	4842.05	0.00	241.18
207.50	5128.33	0.00	212.11
207.60	5380.34	0.00	182.20
207.70	5595.81	0.00	151.58
207.80	5772.83	0.00	120.36
207.90	5909.78	0.00	88.66
208.00	6005.42	0.00	56.61
208.10	6058.88	0.00	24.34
208.20	6070.83	0.00	-8.02
208.30	6066.98	0.00	-40.36
208.40	6057.83	0.00	-72.54
208.50	6043.04	0.00	-104.43
208.60	6022.06	0.00	-135.90
208.70	5994.18	0.00	-166.84
208.80	5958.50	0.00	-197.13
208.90	5913.99	0.00	-226.63
209.00	5859.51	0.00	-255.24
209.10	5793.80	0.00	-282.84
209.20	5715.54	0.00	-309.33
209.30	5623.38	0.00	-334.60
209.40	5515.95	0.00	-358.54
209.50	5391.90	0.00	-381.07
209.60	5249.96	0.00	-402.10
209.70	5088.93	0.00	-421.54
209.80	4907.76	0.00	-439.32
209.90	4705.52	0.00	-455.36
210.00	4481.50	0.00	-469.60
210.10	4235.17	0.00	-481.99
210.20	3966.25	0.00	-492.48
210.30	3674.72	0.00	-501.03
210.40	3360.82	0.00	-507.60
210.50	3025.10	0.00	-512.16
210.60	2668.38	0.00	-514.71
210.70	2291.78	0.00	-515.22
210.80	1896.75	0.00	-513.70
210.90	1485.01	0.00	-510.15
211.00	1058.56	0.00	-504.59
211.10	619.69	0.00	-497.04
211.20	170.94	0.00	-487.52
211.30	-284.93	0.00	-476.09
211.40	-744.95	0.00	-462.77
211.50	-1205.97	0.00	-447.63
211.60	-1664.70	0.00	-430.72
211.70	-2117.77	0.00	-412.11
211.80	-2561.70	0.00	-391.87
211.90	-2993.03	0.00	-370.09
212.00	-3408.28	0.00	-346.84
212.10	-3804.05	0.00	-322.23
212.20	-4177.02	0.00	-296.35
212.30	-4524.02	0.00	-269.29
212.40	-4842.05	0.00	-241.18
212.50	-5128.33	0.00	-212.11
212.60	-5380.34	0.00	-182.20
212.70	-5595.81	0.00	-151.58
212.80	-5772.83	0.00	-120.36
212.90	-5909.78	0.00	-88.66
213.00	-6005.42	0.00	-56.61
213.10	-6058.88	0.00	-24.34
213.20	-6070.83	0.00	8.02
213.30	-6066.98	0.00	40.36
213.40	-6057.83	0.00	72.54
213.50	-6043.04	0.00	104.43
213.60	-6022.06	0.00	135.90
213.70	-5994.18	0.00	166.84
213.80	-5958.50	0.00	197.13
213.90	-5913.99	0.00	226.63
214.00	-5859.51	0.00	255.24
214.10	-5793.80	0.00	282.84
214.20	-5715.54	0.00	309.33
214.30	-5623.38	0.00	334.60
214.40	-5515.95	0.00	358.54
214.50	-5391.90	0.00	381.07
214.60	-5249.96	0.00	402.10
214.70	-5088.93	0.00	421.54
214.80	-4907.76	0.00	439.32
214.90	-4705.52	0.00	455.36
215.00	-4481.50	0.00	469.60
215.10	-4235.17	0.00	481.99
215.20	-3966.25	0.00	492.48
215.30	-3674.72	0.00	501.03
215.40	-3360.82	0.00	507.60
215.50	-3025.10	0.00	512.16
215.60	-2668.38	0.00	514.71
215.70	-2291.78	0.00	515.22
215.80	-1896.75	0.00	513.70
215.90	-1485.01	0.00	510.15
216.00	-1058.56	0.00	504.59
216.10	-619.69	0.00	497.04
216.20	-170.94	0.00	487.52
216.30	284.93	0.00	476.09
216.40	744.95	0.00	462.77
216.50	1205.97	0.00	447.63
216.60	1664.70	0.00	430.72
216.70	2117.77	0.00	412.11
216.80	2561.70	0.00	391.87
216.90	2993.03	0.00	370.09
217.00	3408.28	0.00	346.84
217.10	3804.05	0.00	322.23
217.20	4177.02	0.00	296.35
217.30	4524.02	0.00	269.29
217.40	4842.05	0.00	241.18
217.50	5128.33	0.00	212.11
217.60	5380.34	0.00	182.20
217.70	5595.81	0.00	151.58
217.80	5772.83	0.00	120.36
217.90	5909.78	0.00	88.66
218.00	6005.42	0.00	56.61
218.10	6058.88	0.00	24.34
218.20	6070.83	0.00	-8.02
218.30	6066.98	0.00	-40.36
218.40	6057.83	0.00	-72.54
218.50	6043.04	0.00	-104.43
218.60	6022.06	0.00	-135.90
218.70	5994.18	0.00	-166.84
218.80	5958.50	0.00	-197.13
218.90	5913.99	0.00	-226.63
219.00	5859.51	0.00	-255.24
219.10	5793.80	0.00	-282.84
219.20	5715.54	0.00	-309.33
219.30	5623.38	0.00	-334.60
219.40	5515.95	0.00	-358.54
219.50	5391.90	0.00	-381.07
219.60	5249.96	0.00	-402.10
219.70	5088.93	0.00	-421.54
219.80	4907.76	0.00	-439.32
219.90	4705.52	0.00	-455.36
220.00	4481.50	0.00	-469.60
220.10	4235.17	0.00	-481.99
220.20	3966.25	0.00	-492.48
220.30	3674.72	0.00	-501.03
220.40	3360.82	0.00	-507.60
220.50	3025.10	0.00	-512.16
220.60	2668.38	0.00	-514.71
220.70	2291.78	0.00	-515.22
220.80	1896.75	0.00	-513.70
220.90	1485.01	0.00	-510.15
221.00	1058.56	0.00	-504.59
221.10	619.69	0.00	-497.04
221.20	170.94	0.00	-487.52
221.30	-284.93	0.00	-476.09
221.40	-744.95	0.00	-462.77
221.50	-1205.97	0.00	-447.63
221.60	-1664.70	0.00	-430.72
221.70	-2117.77	0.00	-412.11
221.80	-2561.70	0.00	-391.87
221.90	-2993.03	0.00	-370.09
222.00	-3408.28	0.00	-346.84
222.10	-3804.05	0.00	-322.23
222.20	-4177.02	0.00	-296.35
222.30	-4524.02	0.00	-269.29
222.40	-4842.05	0.00	-241.18
222.50	-5128.33	0.00	-212.11
222.60	-5380.34	0.00	-182.20
222.70	-5595.81	0.00	-151.58
222.80	-5772.83	0.00	-120.36
222.90	-5909.78	0.00	-88.66
223.00	-6005.42	0.00	-56.61
223.10	-6058.88	0.00	-24.34
223.20	-6070.83	0.00	8.02
223.30	-6066.98	0.00	40.36
223.40	-6057.83	0.00	72.54
223.50	-6043.04	0.00	104.43
223.60	-6022.06	0.00	135.90
223.70	-5994.18	0.00	166.84
223.80	-5958.50	0.00	197.13
223.90	-5913.99	0.00	226.63
224.00	-5859.51	0.00	255.24
224.10	-5793.80	0.00	282.84
224.20	-5715.54	0.00	309.33
224.30	-5623.38	0.00	334.60
224.40	-5515.95	0.00	358.54
224.50	-5391.90	0.00	381.07
224.60	-5249.96	0.00	402.10
224.70	-5088.93	0.00	421.54
224.80	-4907.76	0.00	439.32
224.90	-4705.52	0.00	455.36
225.00	-4481.50	0.00	469.60
225.10	-4235.17	0.00	481.99
225.20	-3966.25	0.00	492.48
225.30	-3674.72	0.00	501.03
225.40	-3360.82	0.00	507.60
225.50	-3025.10	0.00	512.16
225.60	-2668.38	0.00	514.71
225.70	-2291.78	0.00	515.22
225.80	-1896.75	0.00	513.70
225.90	-1485.01	0.00	510.15
226.00	-1058.56	0.00	504.59
226.10	-619.69	0.00	497.04
226.20	-170.94	0.00	487.52
226.30	284.93	0.00	476.09
226.40	744.95	0.00	462.77
226.50	1205.97	0.00	447.63
226.60	1664.70	0.00	430.72
226.70	2117.77	0.00	412.11
226.80	2561.70	0.00	391.87
226.90	2993.03	0.00	370.09
227.00	3408.28	0.00	346.84
227.10	3804.05	0.00	322.23
227.20	4177.02	0.00	296.35
227.30	4524.02	0.00	269.29
227.40	4842.05	0.00	241.18
227.50	5128.33	0.00	212.11
227.60	5380.34	0.00	182.20
227.70	5595.81	0.00	151.58
227.80	5772.83	0.00	120.36
227.90	5909.78	0.00	88.66
228.00	6005.42	0.00	56.61
228.10	6058.88	0.00	24.34
228.20	6070.83	0.00	-8.02
228.30	6066.98	0.00	-40.36
228.40	6057.83	0.00	-72.54
228.50	6043.04	0.00	-104.43
228.60	6022.06	0.00	-135.90
228.70	5994.18	0.00	-166.84
228.80	5958.50	0.00	-197.13
228.90	5913.99	0.00	-226.63
229.00	5859.51	0.00	-255.24
229.10	5793.80	0.00	-282.84
229.20	5715.54	0.00	-309.33
229.30	5623.38	0.00	-334.60
229.40	5515.95	0.00	-358.54
229.50	5391.90	0.00	-381.07
229.60	5249.96	0.00	-402.10
229.70	5088.93	0.00	-421.54
229.80	4907.76	0.00	-439.32
229.90	4705.52	0.00	-455.36
230.00	4481.50	0.00	-469.60
230.10	4235.17	0.00	-481.99
230.20	3966.25	0.00	-492.48
230.30	3674.72	0.00	-501.03
230.40	3360.82	0.00	-507.60
230.50	3025.10	0.00	-512.16
230.60	2668.38	0.00	-514.71
230.70	2291.78	0.00	-515.22
230.80	1896.75	0.00	-513.70
230.90	1485.01	0.00	-510.15
231.00	1058.56	0.00	-504.59
231.10	619.69	0.00	-497.04
231.20	170.94	0.00	-487.52
231.30	-284.93	0.00	-476.09
231.40	-744.95	0.00	-462.77
231.50	-1205.97	0.00	-447.63
231.60	-1664.70	0.00	-430.72
231.70	-2117.77	0.00	-412.11
231.80	-2561.70	0.00	-391.87
231.90	-2993.03	0.00	-370.09
232.00	-3408.28	0.00	-346.84
232.10	-3804.05	0.00	-322.23
232.20	-4177.02	0.00	-296.35
232.30	-4524.02	0.00	-269.29
232.40	-4842.05	0.00	-241.18
232.50	-5128.33	0.00	-212.11
232.60	-5380.34	0.00	-182.20
232.70	-5595.81	0.00	-151.58
232.80	-5772.83	0.00	-120.36
232.90	-5909.78	0.00	-88.66
233.00	-6005.42	0.00	-56.61
233.10	-6058.88	0.00	-24.34
233.20	-6070.83	0.00	8.02
233.30	-6066.98	0.00	40.36
233.40	-6057.83	0.00	72.54
233.50	-6043.04	0.00	104.43
233.60	-6022.06	0.00	135.90
233.70	-5994.18	0.00	166.84
233.80	-5958.50	0.00	197.13
233.90	-5913.99	0.00	226.63
234.00	-5859.51	0.00	255.24
234.10	-5793.80	0.00	282.84
234.20	-5715.54	0.00	309.33
234.30	-5623.38	0.00	334.60
234.40	-5515.95	0.00	358.54
234.50	-5391.90	0.00	381.07
234.60	-5249.96	0.00	402.10
234.70	-5088.93	0.00	421.54
234.80	-4907.76	0.00	439.32
234.90	-4705.52	0.00	455.36
235.00	-4481.50	0.00	469.60
235.10	-4235.17	0.00	481.99
235.20	-3966.25	0.00	492.48
235.30	-3674.72	0.00	501.03
235.40	-3360.82	0.00	507.60
235.50	-3025.10	0.00	512.16
235.60	-2668.38	0.00	514.71
235.70	-2291.78	0.00	515.22
235.80	-1896.75	0.00	513.70
235.90	-1485.01	0.00	510.15
236.00	-1058.56	0.00	504.59
236.10	-619.69	0.00	497.04
236.20	-170.94	0.00	487.52
236.30	284.93	0.00	476.09
236.40	744.95	0.00	462.77
236.50	1205.97	0.00	447.63
236.60	1664.70	0.00	430.72
236.70	2117.77	0.00	412.11
236.80	2561.70	0.00	391.87
236.90	2993.03	0.00	370.09
237.00	3408.28	0.00	346.84
237.10	3804.05	0.00	322.23
237.20	4177.02	0.00	296.35
237.30	4524.02	0.00	269.29
237.40	4842.05	0.00	241.18
237.50	5128.33	0.00	212.11
237.60	5380.34	0.00	182.20
237.70	5595.81	0.00	151.58
237.80	5772.83	0.00	120.36
237.90	5909.78	0.00	88.66
238.00	6005.42	0.00	56.61
238.10	6058.88	0.00	24.34
238.20	6070.83	0.00	-8.02
238.30	6066.98	0.00	-40.36
238.40	6057.83	0.00	-72.54
238.50	6043.04	0.00	-104.43
238.60	6022.06	0.00	-135.90
238.70	5994.18	0.00	-166.84
238.80	5958.50	0.00	-197.13
238.90	5913.99	0.00	-226.63
239.00	5859.51	0.00	-255.24
239.10	5793.80	0.00	-282.84
239.20	5715.54	0.00	-309.33
239.30	5623.38	0.00	-334.60
239.40	5515.95	0.00	-358.54
239.50	5391.90	0.00	-381.07
239.60	5249.96	0.00	-402.10
239.70	5088.93	0.00	-421.54
239.80	4907.76	0.00	-439.32
239.90	4705.52	0.00	-455.36
240.00	4481.50	0.00	-469.60
240.10	4235.17	0.00	-481.99
240.20	3966.25	0.00	-492.48
240.30	3674.72	0.00	-501.03
240.40	3360.82	0.00	-507.60
240.50	3025.10	0.00	-512.16
240.60	2668.38	0.00	-514.71
240.70	2291.78	0.00	-515.22
240.80	1896.75	0.00	-513.70
240.90	1485.01	0.00	-510.15
241.00	1058.56	0.00	-504.59
241.10	619.69	0.00	-497.04
241.20	170.94	0.00	-487.52
241.30	-284.93	0.00	-476.09
241.40	-744.95	0.00	-462.77
241.50	-1205.97	0.00	-447.63
241.60	-1664.70	0.00	-430.72
241.70	-2117.77	0.00	-412.11
241.80	-2561.70	0.00	-391.87
241.90	-2993.03	0.00	-370.09
242.00	-3408.28	0.00	-346.84
242.10	-3804.05	0.00	-322.23
242.20	-4177.02	0.00	-296.35
242.30	-4524.02	0.00	-269.29
242.40	-4842.05	0.00	-241.18
242.50	-5128.33	0.00	-212.11
242.60	-5380.34	0.00	-182.20
242.70	-5595.81	0.00	-151.58
242.80	-5772.83	0.00	-120.36
242.90	-5909.78	0.00	-88.66
243.00	-6005.42	0.00	-56.61
243.10	-6058.88	0.00	-24.34
243.20	-6070.83	0.00	8.02
243.30	-6066.98	0.00	40.36
243.40	-6057.83	0.00	72.54
243.50	-6043.04	0.00	104.43
243.60	-6022.06	0.00	135.90
243.70	-5994.18	0.00	166.84
243.80	-5958.50	0.00	197.13
243.90	-5913.99	0.00	226.63
244.00	-5859.51	0.00	255.24
244.10	-5793.80	0.00	282.84
244.20	-5715.54	0.00	309.33
244.30	-5623.38	0.00	334.60
244.40	-5515.95	0.00	358.54
244.50	-5391.90	0.00	381.07
244.60	-5249.96	0.00	402.10
244.70	-5088.93	0.00	421.54
244.80	-4907.76	0.00	439.32
244.90	-4705.52	0.00	455.36
245.00	-4481.50	0.00	469.60
245.10	-4235.17	0.00	481.99
245.20	-3966.25	0.00	492.48
245.30	-3674.72	0.00	501.03
245.40	-3360.82	0.00	507.60
245.50	-3025.10	0.00	512.16
245.60	-2668.38	0.00	514.71
245.70	-2291.78	0.00	515.22
245.80	-1896.75	0.00	513.70
245.90	-1485.01	0.00	510.15
246.00	-1058.56	0.00	504.59
246.10	-619.69	0.00	497.04
246.20	-170.94	0.00	487.52
246.30	284.93	0.00	476.09
246.40	744.95	0.00	462.77
246.50	1205.97	0.00	447.63
246.60	1664.70	0.00	430.72
246.70	2117.77	0.00	412.11
246.80	2561.70	0.00	391.87
246.90	2993.03	0.00	370.09
247.00	3408.28	0.00	346.84
247.10	3804.05	0.00	322.23
247.20	4177.02	0.00	296.35
247.30	4524.02	0.00	269.29
247.40	4842.05	0.00	241.18
247.50	5128.33	0.00	212.11
247.60	5380.34	0.00	182.20
247.70	5595.81	0.00	151.58
247.80	5772.83	0.00	120.36
247.90	5909.78	0.00	88.66
248.00	6005.42	0.00	56.61
248.10	6058.88	0.00	24.34
248.20	6070.83	0.00	-8.02
248.30	6066.98	0.00	-40.36
248.40	6057.83	0.00	-72.54
248.50	6043.04	0.00	-104.43
248.60	6022.06	0.00	-135.90
248.70	5994.18	0.00	-166.84
248.80	5958.50	0.00	-197.13
248.90	5913.99	0.00	-226.63
249.00	5859.51	0.00	-255.24
249.10	5793.80	0.00	-282.84
249.20	5715.54	0.00	-309.33
249.30	5623.38	0.00	-334.60
249.40	5515.95	0.00	-358.54
249.50	5391.90	0.00	-381.07
249.60	5249.96	0.00	-402.10
249.70	5088.93	0.00	-421.54
249.80	4907.76	0.00	-439.32
249.90	4705.52	0.00	-455.36
250.00	4481.50	0.00	-469.60
250.10	4235.17	0.00	-481.99
250.20	3966.25	0.00	-492.48
250.30	3674.72	0.00	-501.03
250.40	3360.82	0.00	-507.60
250.50	3025.10	0.00	-512.16
250.60	2668.38	0.00	-514.71
250.70	2291.78	0.00	-515.22
250.80	1896.75	0.00	-513.70
250.90	1485.01	0.00	-510.15
251.00	1058.56	0.00	-504.59
251.10	619.69	0.00	-497.04
251.20	170.94	0.00	-487.52
251.30	-284.93	0.00	-476.09
251.40	-744.95	0.00	-462.77
251.50	-1205.97	0.00	-447.63
251.60	-1664.70	0.00	-430.72
251.70	-2117.77	0.00	-412.11
251.80	-2561.70	0.00	-391.87
251.90	-2993.03	0.00	-370.09
252.00	-3408.28	0.00	-346.84
252.10	-3804.05	0.00	-322.23
252.20	-4177.02	0.00	-296.35
252.30	-4524.02	0.00	-269.29
252.40	-4842.05	0.00	-241.18
252.50	-5128.33	0.00	-212.11
252.60	-5380.34	0.00	-182.20
252.70	-5595.81	0.00	-151.58
252.80	-5772.83	0.00	-120.36
252.90	-5909.78	0.00	-88.66
253.00	-6005.42	0.00	-56.61
253.10	-6058.88	0.00	-24.34
253.20	-6070.83	0.00	8.02
253.30	-6066.98	0.00	40.36
253.40	-6057.83	0.00	72.54
253.50	-6043.04	0.00	104.43
253.60	-6022.06	0.00	135.90
253.70	-5994.18	0.00	166.84
253.80	-5958.50	0.00	197.13
253.90	-5913.99	0.00	226.63
254.00	-5859.51	0.00	255.24
254.10	-5793.80	0.00	282.84
254.20	-5715.54	0.00	309.33
254.30	-5623.38	0.00	334.60
254.40	-5515.95	0.00	358.54
254.50	-5391.90	0.00	381.07
254.60	-5249.96	0.00	402.10
254.70	-5088.93	0.00	421.54
254.80	-4907.76	0.00	439.32
254.90	-4705.52	0.00	455.36
255.00	-4481.50	0.00	469.60
255.10	-4235.17	0.00	481.99
255.20	-3966.25	0.00	492.48
255.30	-3674.72	0.00	501.03
255.40	-3360.82	0.00	507.60
255.50	-3025.10	0.00	512.16
255.60	-2668.38	0.00	514.71
255.70	-2291.78	0.00	515.22
255.80	-1896.75	0.00	513.70
255.90	-1485.01	0.00	510.15
256.00	-1058.56	0.00	504.59
256.10	-619.69	0.00	497.04
256.20	-170.94	0.00	487.52
256.30	284.93	0.00	476.09
256.40	744.95	0.00	462.77
256.50	1205.97	0.00	447.63
256.60	1664.70	0.00	430.72
256.70	2117.77	0.00	412.11
256.80	2561.70	0.00	391.87
256.90	2993.03	0.00	370.09
257.00	3408.28	0.00	346.84
257.10	3804.05	0.00	322.23
257.20	4177.02	0.00	296.35
257.30	4524.02	0.00	269.29
257.40	4842.05	0.00	241.18
257.50	5128.33	0.00	212.11
257.60	5380.34	0.00	182.20
257.70	5595.81	0.00	151.58
257.80	5772.83	0.00	120.36
257.90	5909.78	0.00	88.66
258.00	6005.42	0.00	56.61
258.10	6058.88	0.00	24.34
258.20	6070.83	0.00	-8.02
258.30	6066.98	0.00	-40.36
258.40	6057.83	0.00	-72.54
258.50	6043.04	0.00	-104.43
258.60	6022.06	0.00	-135.90
258.70	5994.18	0.00	-166.84
258.80	5958.50	0.00	-197.13
258.90	5913.99	0.00	-226.63
259.00	5859.51	0.00	-255.24
259.10	5793.80	0.00	-282.84
259.20	5715.54	0.00	-309.33
259.30	5623.38	0.00	-334.60
259.40	5515.95	0.00	-358.54
259.50	5391.90	0.00	-381.07
259.60	5249.96	0.00	-402.10
259.70	5088.93	0.00	-421.54
259.80	4907.76	0.00	-439.32
259.90	4705.52	0.00	-455.36
260.00	4481.50	0.00	-469.60
260.10	4235.17	0.00	-481.99
260.20	3966.25	0.00	-492.48
260.30	3674.72	0.00	-501.03
260.40	3360.82	0.00	-507.60
260.50	3025.10	0.00	-512.16
260.60	2668.38	0.00	-514.71
260.70	2291.78	0.00	-515.22
260.80	1896.75	0.00	-513.70
260.90	1485.01	0.00	-510.15
261.00	1058.56	0.00	-504.59
261.10	619.69	0.00	-497.04
261.20	170.94	0.00	-487.52
261.30	-284.93	0.00	-476.09
261.40	-744.95	0.00	-462.77
261.50	-1205.97	0.00	-447.63
261.60	-1664.70	0.00	-430.72
261.70	-2117.77	0.00	-412.11
261.80	-2561.70	0.00	-391.87
261.90	-2993.03	0.00	-370.09
262.00	-3408.28	0.00	-346.84
262.10	-3804.05	0.00	-322.23
262.20	-4177.02	0.00	-296.35
262.30	-4524.02	0.00	-269.29
262.40	-4842.05	0.00	-241.18
262.50	-5128.33	0.00	-212.11
262.60	-5380.34	0.00	-182.20
262.70	-5595.81	0.00	-151.58
262.80	-5772.83	0.00	-120.36
262.90	-5909.78	0.00	-88.66
263.00	-6005.42	0.00	-56.61
263.10	-6058.88	0.00	-24.34
263.20	-6070.83	0.00	8.02
263.30	-6066.98	0.00	40.36
263.40	-6057.83	0.00	72.54
263.50	-6043.04	0.00	104.43
263.60	-6022.06	0.00	135.90
263.70	-5994.18	0.00	166.84
263.80	-5958.50	0.00	197.13
263.90	-5913.99	0.00	226.63
264.00	-5859.51	0.00	255.24
264.10	-5793.80	0.00	282.84
264.20	-5715.54	0.00	309.33
264.30	-5623.38	0.00	334.60
264.40	-5515.95	0.00	358.54
264.50	-5391.90	0.00	381.07
264.60	-5249.96	0.00	402.10
264.70	-5088.93	0.00	421.54
264.80	-4907.76	0.00	439.32
264.90	-4705.52	0.00	455.36
265.00	-4481.50	0.00	469.60
265.10	-4235.17	0.00	481.99
265.20	-3966.25	0.00	492.48
265.30	-3674.72	0.00	501.03
265.40	-3360.82	0.00	507.60
265.50	-3025.10	0.00	512.16
265.60	-2668.38	0.00	514.71
265.70	-2291.78	0.00	515.22
265.80	-1896.75	0.00	513.70
265.90	-1485.01	0.00	510.15
266.00	-1058.56	0.00	504.59
266.10	-619.69	0.00	497.04
266.20	-170.94	0.00	487.52
266.30	284.93	0.00	476.09
266.40	744.95	0.00	462.77
266.50	1205.97	0.00	447.63
266.60	1664.70	0.00	430.72
266.70	2117.77	0.00	412.11
266.80	2561.70	0.00	391.87
266.90	2993.03	0.00	370.09
267.00	3408.28	0.00	346.84
267.10	3804.05	0.00	322.23
267.20	4177.02	0.00	296.35
267.30	4524.02	0.00	269.29
267.40	4842.05	0.00	241.18
267.50	5128.33	0.00	212.11
267.60	5380.34	0.00	182.20
267.70	5595.81	0.00	151.58
267.80	5772.83	0.00	120.36
267.90	5909.78	0.00	88.66
268.00	6005.42	0.00	56.61
268.10	6058.88	0.00	24.34
268.20	6070.83	0.00	-8.02
268.30	6066.98	0.00	-40.36
268.40	6057.83	0.00	-72.54
268.50	6043.04	0.00	-104.43
268.60	6022.06	0.00	-135.90
268.70	5994.18	0.00	-166.84
268.80	5958.50	0.00	-197.13
268.90	5913.99	0.00	-226.63
269.00	5859.51	0.00	-255.24
269.10	5793.80	0.00	-282.84
269.20	5715.54	0.00	-309.33
269.30	5623.38	0.00	-334.60
269.40	5515.95	0.00	-358.54
269.50	5391.90	0.00	-381.07
269.60	5249.96	0.00	-402.10
269.70	5088.93	0.00	-421.54
269.80	4907.76	0.00	-439.32
269.90	4705.52	0.00	-455.36
270.00	4481.50	0.00	-469.60
270.10	4235.17	0.00	-481.99
270.20	3966.25	0.00	-492.48
270.30	3674.72	0.00	-501.03
270.40	3360.82	0.00	-507.60
270.50	3025.10	0.00	-512.16
270.60	2668.38	0.00	-514.71
270.70	2291.78	0.00	-515.22
270.80	1896.75	0.00	-513.70
270.90	1485.01	0.00	-510.15
271.00	1058.56	0.00	-504.59
271.10	619.69	0.00	-497.04
271.20	170.94	0.00	-487.52
271.30	-284.93	0.00	-476.09
271.40	-744.95	0.00	-462.77
271.50	-1205.97	0.00	-447.63
271.60	-1664.70	0.00	-430.72
271.70	-2117.77	0.00	-412.11
271.80	-2561.70	0.00	-391.87
271.90	-2993.03	0.00	-370.09
272.00	-3408.28	0.00	-346.84
272.10	-3804.05	0.00	-322.23
272.20	-4177.02	0.00	-296.35
272.30	-4524.02	0.00	-269.29
272.40	-4842.05	0.00	-241.18
272.50	-5128.33	0.00	-212.11
272.60	-5380.34	0.00	-182.20
272.70	-5595.81	0.00	-151.58
272.80	-5772.83	0.00	-120.36
272.90	-5909.78	0.00	-88.66
273.00	-6005.42	0.00	-56.61
273.10	-6058.88	0.00	-24.34
273.20	-6070.83	0.00	8.02
273.30	-6066.98	0.00	40.36
273.40	-6057.83	0.00	72.54
273.50	-6043.04	0.00	104.43
273.60	-6022.06	0.00	135.90
273.70	-5994.18	0.00	166.84
273.80	-5958.50	0.00	197.13
273.90	-5913.99	0.00	226.63
274.00	-5859.51	0.00	255.24
274.10	-5793.80	0.00	282.84
274.20	-5715.54	0.00	309.33
274.30	-5623.38	0.00	334.60
274.40	-5515.95	0.00	358.54
274.50	-5391.90	0.00	381.07
274.60	-5249.96	0.00	402.10
274.70	-5088.93	0.00	421.54
274.80	-4907.76	0.00	439.32
274.90	-4705.52	0.00	455.36
275.00	-4481.50	0.00	469.60
275.10	-4235.17	0.00	481.99
275.20	-3966.25	0.00	492.48
275.30	-3674.72	0.00	501.03
275.40	-3360.82	0.00	507.60
275.50	-3025.10	0.00	512.16
275.60	-2668.38	0.00	514.71
275.70	-2291.78	0.00	515.22
275.80	-1896.75	0.00	513.70
275.90	-1485.01	0.00	510.15
276.00	-1058.56	0.00	504.59
276.10	-619.69	0.00	497.04
276.20	-170.94	0.00	487.52
276.30	284.93	0.00	476.09
276.40	744.95	0.00	462.77
276.50	1205.97	0.00	447.63
276.60	1664.70	0.00	430.72
276.70	2117.77	0.00	412.11
276.80	2561.70	0.00	391.87
276.90	2993.03	0.00	370.09
277.00	3408.28	0.00	346.84
277.10	3804.05	0.00	322.23
277.20	4177.02	0.00	296.35
277.30	4524.02	0.00	269.29
277.40	4842.05	0.00	241.18
277.50	5128.33	0.00	212.11
277.60	5380.34	0.00	182.20
277.70	5595.81	0.00	151.58
277.80	5772.83	0.00	120.36
277.90	5909.78	0.00	88.66
278.00	6005.42	0.00	56.61
278.10	6058.88	0.00	24.34
278.20	6070.83	0.00	-8.02
278.30	6066.98	0.00	-40.36
278.40	6057.83	0.00	-72.54
278.50	6043.04	0.00	-104.43
278.60	6022.06	0.00	-135.90
278.70	5994.18	0.00	-166.84
278.80	5958.50	0.00	-197.13
278.90	5913.99	0.00	-226.63
279.00	5859.51	0.00	-255.24
279.10	5793.80	0.00	-282.84
279.20	5715.54	0.00	-309.33
279.30	5623.38	0.00	-334.60
279.40	5515.95	0.00	-358.54
279.50	5391.90	0.00	-381.07
279.60	5249.96	0.00	-402.10
279.70	5088.93	0.00	-421.54
279.80	4907.76	0.00	-439.32
279.90	4705.52	0.00	-455.36
280.00	4481.50	0.00	-469.60
280.10	4235.17	0.00	-481.99
280.20	3966.25	0.00	-492.48
280.30	3674.72	0.00	-501.03
280.40	3360.82	0.00	-507.60
280.50	3025.10	0.00	-512.16
280.60	2668.38	0.00	-514.71
280.70	2291.78	0.00	-515.22
280.80	1896.75	0.00	-513.70
280.90	1485.01	0.00	-510.15
281.00	1058.56	0.00	-504.59
281.10	619.69	0.00	-497.04
281.20	170.94	0.00	-487.52
281.30	-284.93	0.00	-476.09
281.40	-744.95	0.00	-462.77
281.50	-1205.97	0.00	-447.63
281.60	-1664.70	0.00	-430.72
281.70	-2117.77	0.00	-412.11
281.80	-2561.70	0.00	-391.87
281.90	-2993.03	0.00	-370.09
282.00	-3408.28	0.00	-346.84
282.10	-3804.05	0.00	-322.23
282.20	-4177.02	0.00	-296.35
282.30	-4524.02	0.00	-269.29
282.40	-4842.05	0.00	-241.18
282.50	-5128.33	0.00	-212.11
282.60	-5380.34	0.00	-182.20
282.70	-5595.81	0.00	-151.58
282.80	-5772.83	0.00	-120.36
282.90	-5909.78	0.00	-88.66
283.00	-6005.42	0.00	-56.61
283.10	-6058.88	0.00	-24.34
283.20	-6070.83	0.00	8.02
283.30	-6066.98	0.00	40.36
283.40	-6057.83	0.00	72.54
283.50	-6043.04	0.00	104.43
283.60	-6022.06	0.00	135.90
283.70	-5994.18	0.00	166.84
283.80	-5958.50	0.00	197.13
283.90	-5913.99	0.00	226.63
284.00	-5859.51	0.00	255.24
284.10	-5793.80	0.00	282.84
284.20	-5715.54	0.00	309.33
284.30	-5623.38	0.00	334.60
284.40	-5515.95	0.00	358.54
284.50	-5391.90	0.00	381.07
284.60	-5249.96	0.00	402.10
284.70	-5088.93	0.00	421.54
284.80	-4907.76	0.00	439.32
284.90	-4705.52	0.00	455.36
285.00	-4481.50	0.00	469.60
285.10	-4235.17	0.00	481.99
285.20	-3966.25	0.00	492.48
285.30	-3674.72	0.00	501.03
285.40	-3360.82	0.00	507.60
285.50	-3025.10	0.00	512.16
285.60	-2668.38	0.00	514.71
285.70	-2291.78	0.00	515.22
285.80	-1896.75	0.00	513.70
285.90	-1485.01	0.00	510.15
286.00	-1058.56	0.00	504.59
286.10	-619.69	0.00	497.04
286.20	-170.94	0.00	487.52
286.30	284.93	0.00	476.09
286.40	744.95	0.00	462.77
286.50	1205.97	0.00	447.63
286.60	1664.70	0.00	430.72
286.70	2117.77	0.00	412.11
286.80	2561.70	0.00	391.87
286.90	2993.03	0.00	370.09
287.00	3408.28	0.00	346.84
287.10	3804.05	0.00	322.23
287.20	4177.02	0.00	296.35
287.30	4524.02	0.00	269.29
287.40	4842.05	0.00	241.18
287.50	5128.33	0.00	212.11
287.60	5380.34	0.00	182.20
287.70	5595.81	0.00	151.58
287.80	5772.83	0.00	120.36
287.90	5909.78	0.00	88.66
288.00	6005.42	0.00	56.61
288.10	6058.88	0.00	24.34
288.20	6070.83	0.00	-8.02
288.30	6066.98	0.00	-40.36
288.40	6057.83	0.00	-72.54
288.50	6043.04	0.00	-104.43
288.60	6022.06	0.00	-135.90
288.70	5994.18	0.00	-166.84
288.80	5958.50	0.00	-197.13
288.90	5913.99	0.00	-226.63
289.00	5859.51	0.00	-255.24
289.10	5793.80	0.00	-282.84
289.20	5715.54	0.00	-309.33
289.30	5623.38	0.00	-334.60
289.40	5515.95	0.00	-358.54
289.50	5391.90	0.00	-381.07
289.60	5249.96	0.00	-402.10
289.70	5088.93	0.00	-421.54
289.80	4907.76	0.00	-439.32
289.90	4705.52	0.00	-455.36
290.00	4481.50	0.00	-469.60
290.10	4235.17	0.00	-481.99
290.20	3966.25	0.00	-492.48
290.30	3674.72	0.00	-501.03
290.40	3360.82	0.00	-507.60
290.50	3025.10	0.00	-512.16
290.60	2668.38	0.00	-514.71
290.70	2291.78	0.00	-515.22
290.80	1896.75	0.00	-513.70
290.90	1485.01	0.00	-510.15
291.00	1058.56	0.00	-504.59
291.10	619.69	0.00	-497.04
291.20	170.94	0.00	-487.52
291.30	-284.93	0.00	-476.09
291.40	-744.95	0.00	-462.77
291.50	-1205.97	0.00	-447.63
291.60	-1664.70	0.00	-430.72
291.70	-2117.77	0.00	-412.11
291.80	-2561.70	0.00	-391.87
291.90	-2993.03	0.00	-370.09
292.00	-3408.28	0.00	-346.84
292.10	-3804.05	0.00	-322.23
292.20	-4177.02	0.00	-296.35
292.30	-4524.02	0.00	-269.29
292.40	-4842.05	0.00	-241.18
292.50	-5128.33	0.00	-212.11
292.60	-5380.34	0.00	-182.20
292.70	-5595.81	0.00	-151.58
292.80	-5772.83	0.00	-120.36
292.90	-5909.78	0.00	-88.66
293.00	-6005.42	0.00	-56.61
293.10	-6058.88	0.00	-24.34
293.20	-6070.83	0.00	8.02
293.30	-6066.98	0.00	40.36
293.40	-6057.83	0.00	72.54
293.50	-6043.04	0.00	104.43
293.60	-6022.06	0.00	135.90
293.70	-5994.18	0.00	166.84
293.80	-5958.50	0.00	197.13
293.90	-5913.99	0.00	226.63
294.00	-5859.51	0.00	255.24
294.10	-5793.80	0.00	282.84
294.20	-5715.54	0.00	309.33
294.30	-5623.38	0.00	334.60
294.40	-5515.95	0.00	358.54
294.50	-5391.90	0.00	381.07
294.60	-5249.96	0.00	402.10
294.70	-5088.93	0.00	421.54
294.80	-4907.76	0.00	439.32
294.90	-4705.52	0.00	455.36
295.00	-4481.50	0.00	469.60
295.10	-4235.17	0.00	481.99
295.20	-3966.25	0.00	492.48
295.30	-3674.72	0.00	501.03
295.40	-3360.82	0.00	507.60
295.50	-3025.10	0.00	512.16
295.60	-2668.38	0.00	514.71
295.70	-2291.78	0.00	515.22
295.80	-1896.75	0.00	513.70
295.90	-1485.01	0.00	510.15
296.00	-1058.56	0.00	504.59
296.10	-619.69	0.00	497.04
296.20	-170.94	0.00	487.52
296.30	284.93	0.00	476.09
296.40	744.95	0.00	462.77
296.50	1205.97	0.00	447.63
296.60	1664.70	0.00	430.72
296.70	2117.77	0.00	412.11
296.80	2561.70	0.00	391.87
296.90	2993.03	0.00	370.09
297.00	3408.28	0.00	346.84
297.10	3804.05	0.00	322.23
297.20	4177.02	0.00	296.35
297.30	4524.02	0.00	269.29
297.40	4842.05	0.00	241.18
297.50	5128.33	0.00	212.11
297.60	5380.34	0.00	182.20
297.70	5595.81	0.00	151.58
297.80	5772.83	0.00	120.36
297.90	5909.78	0.00	88.66
298.00	6005.42	0.00	56.61
298.10	6058.88	0.00	24.34
298.20	6070.83	0.00	-8.02
298.30	6066.98	0.00	-40.36
298.40	6057.83	0.00	-72.54
298.50	6043.04	0.00	-104.43
298.60	6022.06	0.00	-135.90
298.70	5994.18	0.00	-166.84
298.80	5958.50	0.00	-197.13
298.90	5913.99	0.00	-226.63
299.00	5859.51	0.00	-255.24
299.10	5793.80	0.00	-282.84
299.20	5715.54	0.00	-309.33
299.30	5623.38	0.00	-334.60
299.40	5515.95	0.00	-358.54
299.50	5391.90	0.00	-381.07
299.60	5249.96	0.00	-402.10
299.70	5088.93	0.00	-421.54
299.80	4907.76	0.00	-439.32
299.90	4705.52	0.00	-455.36
300.00	4481.50	0.00	-469.60
300.10	4235.17	0.00	-481.99
300.20	3966.25	0.00	-492.48
300.30	3674.72	0.00	-501.03
300.40	3360.82	0.00	-507.60
300.50	3025.10	0.00	-512.16
300.60	2668.38	0.00	-514.71
300.70	2291.78	0.00	-515.22
300.80	1896.75	0.00	-513.70
300.90	1485.01	0.00	-510.15
301.00	1058.56	0.00	-504.59
301.10	619.69	0.00	-497.04
301.20	170.94	0.00	-487.52
301.30	-284.93	0.00	-476.09
301.40	-744.95	0.00	-462.77
301.50	-1205.97	0.00	-447.63
301.60	-1664.70	0.00	-430.72
301.70	-2117.77	0.00	-412.11
301.80	-2561.70	0.00	-391.87
301.90	-2993.03	0.00	-370.09
302.00	-3408.28	0.00	-346.84
302.10	-3804.05	0.00	-322.23
302.20	-4177.02	0.00	-296.35
302.30	-4524.02	0.00	-269.29
302.40	-4842.05	0.00	-241.18
302.50	-5128.33	0.00	-212.11
302.60	-5380.34	0.00	-182.20
302.70	-5595.81	0.00	-151.58
302.80	-5772.83	0.00	-120.36
302.90	-5909.78	0.00	-88.66
303.00	-6005.42	0.00	-56.61
303.10	-6058.88	0.00	-24.34
303.20	-6070.83	0.00	8.02
303.30	-6066.98	0.00	40.36
303.40	-6057.83	0.00	72.54
303.50	-6043.04	0.00	104.43
303.60	-6022.06	0.00	135.90
303.70	-5994.18	0.00	166.84
303.80	-5958.50	0.00	197.13
303.90	-5913.99	0.00	226.63
304.00	-5859.51	0.00	255.24
304.10	-5793.80	0.00	282.84
304.20	-5715.54	0.00	309.33
304.30	-5623.38	0.00	334.60
304.40	-5515.95	0.00	358.54
304.50	-5391.90	0.00	381.07
304.60	-5249.96	0.00	402.10
304.70	-5088.93	0.00	421.54
304.80	-4907.76	0.00	439.32
304.90	-4705.52	0.00	455.36
305.00	-4481.50	0.00	469.60
305.10	-4235.17	0.00	481.99
305.20	-3966.25	0.00	492.48
305.30	-3674.72	0.00	501.03
305.40	-3360.82	0.00	507.60
305.50	-3025.10	0.00	512.16
305.60	-2668.38	0.00	514.71
305.70	-2291.78	0.00	515.22
305.80	-1896.75	0.00	513.70
305.90	-1485.01	0.00	510.15
306.00	-1058.56	0.00	504.59
306.10	-619.69	0.00	497.04
306.20	-170.94	0.00	487.52
306.30	284.93	0.00	476.09
306.40	744.95	0.00	462.77
306.50	1205.97	0.00	447.63
306.60	1664.70	0.00	430.72
306.70	2117.77	0.00	412.11
306.80	2561.70	0.00	391.87
306.90	2993.03	0.00	370.09
307.00	3408.28	0.00	346.84
307.10	3804.05	0.00	322.23
307.20	4177.02	0.00	296.35
307.30	4524.02	0.00	269.29
307.40	4842.05	0.00	241.18
307.50	5128.33	0.00	212.11
307.60	5380.34	0.00	182.20
307.70	5595.81	0.00	151.58
307.80	5772.83	0.00	120.36
307.90	5909.78	0.00	88.66
308.00	6005.42	0.00	56.61
308.10	6058.88	0.00	24.34
308.20	6070.83	0.00	-8.02
308.30	6066.98	0.00	-40.36
308.40	6057.83	0.00	-72.54
308.50	6043.04	0.00	-104.43
308.60	6022.06	0.00	-135.90
308.70	5994.18	0.00	-166.84
308.80	5958.50	0.00	-197.13
308.90	5913.99	0.00	-226.63
309.00	5859.51	0.00	-255.24
309.10	5793.80	0.00	-282.84
309.20	5715.54	0.00	-309.33
309.30	5623.38	0.00	-334.60
309.40	5515.95	0.00	-358.54
309.50	5391.90	0.00	-381.07
309.60	5249.96	0.00	-402.10
309.70	5088.93	0.00	-421.54
309.80	4907.76	0.00	-439.32
309.90	4705.52	0.00	-455.36
310.00	4481.50	0.00	-469.60
310.10	4235.17	0.00	-481.99
310.20	3966.25	0.00	-492.48
310.30	3674.72	0.00	-501.03
310.40	3360.82	0.00	-507.60
310.50	3025.10	0.00	-512.16
310.60	2668.38	0.00	-514.71
310.70	2291.78	0.00	-515.22
310.80	1896.75	0.00	-513.70
310.90	1485.01	0.00	-510.15
311.00	1058.56	0.00	-504.59
311.10	619.69	0.00	-497.04
311.20	170.94	0.00	-487.52
311.30	-284.93	0.00	-476.09
311.40	-744.95	0.00	-462.77
311.50	-1205.97	0.00	-447.63
311.60	-1664.70	0.00	-430.72
311.70	-2117.77	0.00	-412.11
311.80	-2561.70	0.00	-391.87
311.90	-2993.03	0.00	-370.09
312.00	-3408.28	0.00	-346.84
312.10	-3804.05	0.00	-322.23
312.20	-4177.02	0.00	-296.35
312.30	-4524.02	0.00	-269.29
312.40	-4842.05	0.00	-241.18
312.50	-5128.33	0.00	-212.11
312.60	-5380.34	0.00	-182.20
312.70	-5595.81	0.00	-151.58
312.80	-5772.83	0.00	-120.36
312.90	-5909.78	0.00	-88.66
313.00	-6005.42	0.00	-56.61
313.10	-6058.88	0.00	-24.34
313.20	-6070.83	0.00	8.02
313.30	-6066.98	0.00	40.36
313.40	-6057.83	0.00	72.54
313.50	-6043.04	0.00	104.43
313.60	-6022.06	0.00	135.90
313.70	-5994.18	0.00	166.84
313.80	-5958.50	0.00	197.13
313.90	-5913.99	0.00	226.63
314.00	-5859.51	0.00	255.24
314.10	-5793.80	0.00	282.84
314.20	-5715.54	0.00	309.33
314.30	-5623.38	0.00	334.60
314.40	-5515.95	0.00	358.54
314.50	-5391.90	0.00	381.07
314.60	-5249.96	0.00	402.10
314.70	-5088.93	0.00	421.54
314.80	-4907.76	0.00	439.32
314.90	-4705.52	0.00	455.36
315.00	-4481.50	0.00	469.60
315.10	-4235.17	0.00	481.99
315.20	-3966.25	0.00	492.48
315.30	-3674.72	0.00	501.03
315.40	-3360.82	0.00	507.60
315.50	-3025.10	0.00	512.16
315.60	-2668.38	0.00	514.71
315.70	-2291.78	0.00	515.22
315.80	-1896.75	0.00	513.70
315.90	-1485.01	0.00	510.15
316.00	-1058.56	0.00	504.59
316.10	-619.69	0.00	497.04
316.20	-170.94	0.00	487.52
316.30	284.93	0.00	476.09
316.40	744.95	0.00	462.77
316.50	1205.97	0.00	447.63
316.60	1664.70	0.00	430.72
316.70	2117.77	0.00	412.11
316.80	2561.70	0.00	391.87
316.90	2993.03	0.00	370.09
317.00	3408.28	0.00	346.84
317.10	3804.05	0.00	322.23
317.20	4177.02	0.00	296.35
317.30	4524.02	0.00	269.29
317.40	4842.05	0.00	241.18
317.50	5128.33	0.00	212.11
317.60	5380.34	0.00	182.20
317.70	5595.81	0.00	151.58
317.80	5772.83	0.00	120.36
317.90	5909.78	0.00	88.66
318.00	6005.42	0.00	56.61
318.10	6058.88	0.00	24.34
318.20	6070.83	0.00	-8.02
318.30	6066.98	0.00	-40.36
318.40	6057.83	0.00	-72.54
318.50	6043.04	0.00	-104.43
318.60	6022.06	0.00	-135.90
318.70	5994.18	0.00	-166.84
318.80	5958.50	0.00	-197.13
318.90	5913.99	0.00	-226.63
319.00	5859.51	0.00	-255.24
319.10	5793.80	0.00	-282.84
319.20	5715.54	0.00	-309.33
319.30	5623.38	0.00	-334.60
319.40	5515.95	0.00	-358.54
319.50	5391.90	0.00	-381.07
319.60	5249.96	0.00	-402.10
319.70	5088.93	0.00	-421.54
319.80	4907.76	0.00	-439.32
319.90	4705.52	0.00	-455.36
320.00	4481.50	0.00	-469.60
320.10	4235.17	0.00	-481.99
320.20	3966.25	0.00	-492.48
320.30	3674.72	0.00	-501.03
320.40	3360.82	0.00	-507.60
320.50	3025.10	0.00	-512.16
320.60	2668.38	0.00	-514.71
320.70	2291.78	0.00	-515.22
320.80	1896.75	0.00	-513.70
320.90	1485.01	0.00	-510.15
321.00	1058.56	0.00	-504.59
321.10	619.69	0.00	-497.04
321.20	170.94	0.00	-487.52
321.30	-284.93	0.00	-476.09
321.40	-744.95	0.00	-462.77
321.50	-1205.97	0.00	-447.63
321.60	-1664.70	0.00	-430.72
321.70	-2117.77	0.00	-412.11
321.80	-2561.70	0.00	-391.87
321.90	-2993.03	0.00	-370.09
322.00	-3408.28	0.00	-346.84
322.10	-3804.05	0.00	-322.23
322.20	-4177.02	0.00	-296.35
322.30	-4524.02	0.00	-269.29
322.40	-4842.05	0.00	-241.18
322.50	-5128.33	0.00	-212.11
322.60	-5380.34	0.00	-182.20
322.70	-5595.81	0.00	-151.58
322.80	-5772.83	0.00	-120.36
322.90	-5909.78	0.00	-88.66
323.00	-6005.42	0.00	-56.61
323.10	-6058.88	0.00	-24.34
323.20	-6070.83	0.00	8.02
323.30	-6066.98	0.00	40.36
323.40	-6057.83	0.00	72.54
323.50	-6043.04	0.00	104.43
323.60	-6022.06	0.00	135.90
323.70	-5994.18	0.00	166.84
323.80	-5958.50	0.00	197.13
323.90	-5913.99	0.00	226.63
324.00	-5859.51	0.00	255.24
324.10	-5793.80	0.00	282.84
324.20	-5715.54	0.00	309.33
324.30	-5623.38	0.00	334.60
324.40	-5515.95	0.00	358.54
324.50	-5391.90	0.00	381.07
324.60	-5249.96	0.00	402.10
324.70	-5088.93	0.00	421.54
324.80	-4907.76	0.00	439.32
324.90	-4705.52	0.00	455.36
325.00	-4481.50	0.00	469.60
325.10	-4235.17	0.00	481.99
325.20	-3966.25	0.00	492.48
325.30	-3674.72	0.00	501.03
325.40	-3360.82	0.00	507.60
325.50	-3025.10	0.00	512.16
325.60	-2668.38	0.00	514.71
325.70	-2291.78	0.00	515.22
325.80	-1896.75	0.00	513.70
325.90	-1485.01	0.00	510.15
326.00	-1058.56	0.00	504.59
326.10	-619.69	0.00	497.04
326.20	-170.94	0.00	487.52
326.30	284.93	0.00	476.09
326.40	744.95	0.00	462.77
326.50	1205.97	0.00	447.63
326.60	1664.70	0.00	430.72
326.70	2117.77	0.00	412.11
326.80	2561.70	0.00	391.87
326.90	2993.03	0.00	370.09
327.00	3408.28	0.00	346.84
327.10	3804.05	0.00	322.23
327.20	4177.02	0.00	296.35
327.30	4524.02	0.00	269.29
327.40	4842.05	0.00	241.18
327.50	5128.33	0.00	212.11
327.60	5380.34	0.00	182.20
327.70	5595.81	0.00	151.58
327.80	5772.83	0.00	120.36
327.90	5909.78	0.00	88.66
328.00	6005.42	0.00	56.61
328.10	6058.88	0.00	24.34
328.20	6070.83	0.00	-8.02
328.30	6066.98	0.00	-40.36
328.40	6057.83	0.00	-72.54
328.50	6043.04	0.00	-104.43
328.60	6022.06	0.00	-135.90
328.70	5994.18	0.00	-166.84
328.80	5958.50	0.00	-197.13
328.90	5913.99	0.00	-226.63
329.00	5859.51	0.00	-255.24
329.10	5793.80	0.00	-282.84
329.20	5715.54	0.00	-309.33
329.30	5623.38	0.00	-334.60
329.40	5515.95	0.00	-358.54
329.50	5391.90	0.00	-381.07
329.60	5249.96	0.00	-402.10
329.70	5088.93	0.00	-421.54
329.80	4907.76	0.00	-439.32
329.90	4705.52	0.00	-455.36
330.00	4481.50	0.00	-469.60
330.10	4235.17	0.00	-481.99
330.20	3966.25	0.00	-492.48
330.30	3674.72	0.00	-501.03
330.40	3360.82	0.00	-507.60
330.50	3025.10	0.00	-512.16
330.60	2668.38	0.00	-514.71
330.70	2291.78	0.00	-515.22
330.80	1896.75	0.00	-513.70
330.90	1485.01	0.00	-510.15
331.00	1058.56	0.00	-504.59
331.10	619.69	0.00	-497.04
331.20	170.94	0.00	-487.52
331.30	-284.93	0.00	-476.09
331.40	-744.95	0.00	-462.77
331.50	-1205.97	0.00	-447.63
331.60	-1664.70	0.00	-430.72
331.70	-2117.77	0.00	-412.11
331.80	-2561.70	0.00	-391.87
331.90	-2993.03	0.00	-370.09
332.00	-3408.28	0.00	-346.84
332.10	-3804.05	0.00	-322.23
332.20	-4177.02	0.00	-296.35
332.30	-4524.02	0.00	-269.29
332.40	-4842.05	0.00	-241.18
332.50	-5128.33	0.00	-212.11
332.60	-5380.34	0.00	-182.20
332.70	-5595.81	0.00	-151.58
332.80	-5772.83	0.00	-120.36
332.90	-5909.78	0.00	-88.66
333.00	-6005.42	0.00	-56.61
333.10	-6058.88	0.00	-24.34
333.20	-6070.83	0.00	8.02
333.30	-6066.98	0.00	40.36
333.40	-6057.83	0.00	72.54
333.50	-6043.04	0.00	104.43
333.60	-6022.06	0.00	135.90
333.70	-5994.18	0.00	166.84
333.80	-5958.50	0.00	197.13
333.90	-5913.99	0.00	226.63
334.00	-5859.51	0.00	255.24
334.10	-5793.80	0.00	282.84
334.20	-5715.54	0.00	309.33
334.30	-5623.38	0.00	334.60
334.40	-5515.95	0.00	358.54
334.50	-5391.90	0.00	381.07
334.60	-5249.96	0.00	402.10
334.70	-5088.93	0.00	421.54
334.80	-4907.76	0.00	439.32
334.90	-4705.52	0.00	455.36
335.00	-4481.50	0.00	469.60
335.10	-4235.17	0.00	481.99
335.20	-3966.25	0.00	492.48
335.30	-3674.72	0.00	501.03
335.40	-3360.82	0.00	507.60
335.50	-3025.10	0.00	512.16
335.60	-2668.38	0.00	514.71
335.70	-2291.78	0.00	515.22
335.80	-1896.75	0.00	513.70
335.90	-1485.01	0.00	510.15
336.00	-1058.56	0.00	504.59
336.10	-619.69	0.00	497.04
336.20	-170.94	0.00	487.52
336.30	284.93	0.00	476.09
336.40	744.95	0.00	462.77
336.50	1205.97	0.00	447.63
336.60	1664.70	0.00	430.72
336.70	2117.77	0.00	412.11
336.80	2561.70	0.00	391.87
336.90	2993.03	0.00	370.09
337.00	3408.28	0.00	346.84
337.10	3804.05	0.00	322.23
337.20	4177.02	0.00	296.35
337.30	4524.02	0.00	269.29
337.40	4842.05	0.00	241.18
337.50	5128.33	0.00	212.11
337.60	5380.34	0.00	182.20
337.70	5595.81	0.00	151.58
337.80	5772.83	0.00	120.36
337.90	5909.78	0.00	88.66
338.00	6005.42	0.00	56.61
338.10	6058.88	0.00	24.34
338.20	6070.83	0.00	-8.02
338.30	6066.98	0.00	-40.36
338.40	6057.83	0.00	-72.54
338.50	6043.04	0.00	-104.43
338.60	6022.06	0.00	-135.90
338.70	5994.18	0.00	-166.84
338.80	5958.50	0.00	-197.13
338.90	5913.99	0.00	-226.63
339.00	5859.51	0.00	-255.24
339.10	5793.80	0.00	-282.84
339.20	5715.54	0.00	-309.33
339.30	5623.38	0.00	-334.60
339.40	5515.95	0.00	-358.54
339.50	5391.90	0.00	-381.07
339.60	5249.96	0.00	-402.10
339.70	5088.93	0.00	-421.54
339.80	4907.76	0.00	-439.32
339.90	4705.52	0.00	-455.36
340.00	4481.50	0.00	-469.60
340.10	4235.17	0.00	-481.99
340.20	3966.25	0.00	-492.48
340.30	3674.72	0.00	-501.03
340.40	3360.82	0.00	-507.60
340.50	3025.10	0.00	-512.16
340.60	2668.38	0.00	-514.71
340.70	2291.78	0.00	-515.22
340.80	1896.75	0.00	-513.70
340.90	1485.01	0.00	-510.15
341.00	1058.56	0.00	-504.59
341.10	619.69	0.00	-497.04
341.20	170.94	0.00	-487.52
341.30	-284.93	0.00	-476.09
341.40	-744.95	0.00	-462.77
341.50	-1205.97	0.00	-447.63
341.60	-1664.70	0.00	-430.72
341.70	-2117.77	0.00	-412.11
341.80	-2561.70	0.00	-391.87
341.90	-2993.03	0.00	-370.09
342.00	-3408.28	0.00	-346.84
342.10	-3804.05	0.00	-322.23
342.20	-4177.02	0.00	-296.35
342.30	-4524.02	0.00	-269.29
342.40	-4842.05	0.00	-241.18
342.50	-5128.33	0.00	-212.11
342.60	-5380.34	0.00	-182.20
342.70	-5595.81	0.00	-151.58
342.80	-5772.83	0.00	-120.36
342.90	-5909.78	0.00	-88.66
343.00	-6005.42	0.00	-56.61
343.10	-6058.88	0.00	-24.34
343.20	-6070.83	0.00	8.02
343.30	-6066.98	0.00	40.36
343.40	-6057.83	0.00	72.54
343.50	-6043.04	0.00	104.43
343.60	-6022.06	0.00	135.90
343.70	-5994.18	0.00	166.84
343.80	-5958.50	0.00	197.13
343.90	-5913.99	0.00	226.63
344.00	-5859.51	0.00	255.24
344.10	-5793.80	0.00	282.84
344.20	-5715.54	0.00	309.33
344.30	-5623.38	0.00	334.60
344.40	-5515.95	0.00	358.54
344.50	-5391.90	0.00	381.07
344.60	-5249.96	0.00	402.10
344.70	-5088.93	0.00	421.54
344.80	-4907.76	0.00	439.32
344.90	-4705.52	0.00	455.36
345.00	-4481.50	0.00	469.60
345.10	-4235.17	0.00	481.99
345.20	-3966.25	0.00	492.48
345.30	-3674.72	0.00	501.03
345.40	-3360.82	0.00	507.60
345.50	-3025.10	0.00	512.16
345.60	-2668.38	0.00	514.71
345.70	-2291.78	0.00	515.22
345.80	-1896.75	0.00	513.70
345.90	-1485.01	0.00	510.15
346.00	-1058.56	0.00	504.59
346.10	-619.69	0.00	497.04
346.20	-170.94	0.00	487.52
346.30	284.93	0.00	476.09
346.40	744.95	0.00	462.77
346.50	1205.97	0.00	447.63
346.60	1664.70	0.00	430.72
346.70	2117.77	0.00	412.11
346.80	2561.70	0.00	391.87
346.90	2993.03	0.00	370.09
347.00	3408.28	0.00	346.84
347.10	3804.05	0.00	322.23
347.20	4177.02	0.00	296.35
347.30	4524.02	0.00	269.29
347.40	4842.05	0.00	241.18
347.50	5128.33	0.00	212.11
347.60	5380.34	0.00	182.20
347.70	5595.81	0.00	151.58
347.80	5772.83	0.00	120.36
347.90	5909.78	0.00	88.66
348.00	6005.42	0.00	56.61
348.10	6058.88	0.00	24.34
348.20	6070.83	0.00	-8.02
348.30	6066.98	0.00	-40.36
348.40	6057.83	0.00	-72.54
348.50	6043.04	0.00	-104.43
348.60	6022.06	0.00	-135.90
348.70	5994.18	0.00	-166.84
348.80	5958.50	0.00	-197.13
348.90	5913.99	0.00	-226.63
349.00	5859.51	0.00	-255.24
349.10	5793.80	0.00	-282.84
349.20	5715.54	0.00	-309.33
349.30	5623.38	0.00	-334.60
349.40	5515.95	0.00	-358.54
349.50	5391.90	0.00	-381.07
349.60	5249.96	0.00	-402.10
349.70	5088.93	0.00	-421.54
349.80	4907.76	0.00	-439.32
349.90	4705.52	0.00	-455.36
350.00	4481.50	0.00	-469.60
350.10	4235.17	0.00	-481.99
350.20	3966.25	0.00	-492.48
350.30	3674.72	0.00	-501.03
350.40	3360.82	0.00	-507.60
350.50	3025.10	0.00	-512.16
350.60	2668.38	0.00	-514.71
350.70	2291.78	0.00	-515.22
350.80	1896.75	0.00	-513.70
350.90	1485.01	0.00	-510.15
351.00	1058.56	0.00	-504.59
351.10	619.69	0.00	-497.04
351.20	170.94	0.00	-487.52
351.30	-284.93	0.00	-476.09
351.40	-744.95	0.00	-462.77
351.50	-1205.97	0.00	-447.63
351.60	-1664.70	0.00	-430.72
351.70	-2117.77	0.00	-412.11
351.80	-2561.70	0.00	-391.87
351.90	-2993.03	0.00	-370.09
352.00	-3408.28	0.00	-346.84
352.10	-3804.05	0.00	-322.23
352.20	-4177.02	0.00	-296.35
352.30	-4524.02	0.00	-269.29
352.40	-4842.05	0.00	-241.18
352.50	-5128.33	0.00	-212.11
352.60	-5380.34	0.00	-182.20
352.70	-5595.81	0.00	-151.58
352.80	-5772.83	0.00	-120.36
352.90	-5909.78	0.00	-88.66
353.00	-6005.42	0.00	-56.61
353.10	-6058.88	0.00	-24.34
353.20	-6070.83	0.00	8.02
353.30	-6066.98	0.00	40.36
353.40	-6057.83	0.00	72.54
353.50	-6043.04	0.00	104.43
353.60	-6022.06	0.00	135.90
353.70	-5994.18	0.00	166.84
353.80	-5958.50	0.00	197.13
353.90	-5913.99	0.00	226.63
354.00	-5859.51	0.00	255.24
354.10	-5793.80	0.00	282.84
354.20	-5715.54	0.00	309.33
354.30	-5623.38	0.00	334.60
354.40	-5515.95	0.00	358.54
354.50	-5391.90	0.00	381.07
354.60	-5249.96	0.00	402.10
354.70	-5088.93	0.00	421.54
354.80	-4907.76	0.00	439.32
354.90	-4705.52	0.00	455.36
355.00	-4481.50	0.00	469.60
355.10	-4235.17	0.00	481.99
355.20	-3966.25	0.00	492.48
355.30	-3674.72	0.00	501.03
355.40	-3360.82	0.00	507.60
355.50	-3025.10	0.00	512.16
355.60	-2668.38	0.00	514.71
355.70	-2291.78	0.00	515.22
355.80	-1896.75	0.00	513.70
355.90	-1485.01	0.00	510.15
356.00	-1058.56	0.00	504.59
356.10	-619.69	0.00	497.04
356.20	-170.94	0.00	487.52
356.30	284.93	0.00	476.09
356.40	744.95	0.00	462.77
356.50	1205.97	0.00	447.63
356.60	1664.70	0.00	430.72
356.70	2117.77	0.00	412.11
356.80	2561.70	0.00	391.87
356.90	2993.03	0.00	370.09
357.00	3408.28	0.00	346.84
357.10	3804.05	0.00	322.23
357.20	4177.02	0.00	296.35
357.30	4524.02	0.00	269.29
357.40	4842.05	0.00	241.18
357.50	5128.33	0.00	212.11
357.60	5380.34	0.00	182.20
357.70	5595.81	0.00	151.58
357.80	5772.83	0.00	120.36
357.90	5909.78	0.00	88.66
358.00	6005.42	0.00	56.61
358.10	6058.88	0.00	24.34
358.20	6070.83	0.00	-8.02
358.30	6066.98	0.00	-40.36
358.40	6057.83	0.00	-72.54
358.50	6043.04	0.00	-104.43
358.60	6022.06	0.00	-135.90
358.70	5994.18	0.00	-166.84
358.80	5958.50	0.00	-197.13
358.90	5913.99	0.00	-226.63
359.00	5859.51	0.00	-255.24
359.10	5793.80	0.00	-282.84
359.20	5715.54	0.00	-309.33
359.30	5623.38	0.00	-334.60
359.40	5515.95	0.00	-358.54
359.50	5391.90	0.00	-381.07
359.60	5249.96	0.00	-402.10
359.70	5088.93	0.00	-421.54
359.80	4907.76	0.00	-439.32
359.90	4705.52	0.00	-455.36
360.00	4481.50	0.00	-469.60
360.10	4235.17	0.00	-481.99
360.20	3966.25	0.00	-492.48
360.30	3674.72	0.00	-501.03
360.40	3360.82	0.00	-507.60
360.50	3025.10	0.00	-512.16
360.60	2668.38	0.00	-514.71
360.70	2291.78	0.00	-515.22
360.80	1896.75	0.00	-513.70
360.90	1485.01	0.00	-510.15
361.00	1058.56	0.00	-504.59
361.10	619.69	0.00	-497.04
361.20	170.94	0.00	-487.52
361.30	-284.93	0.00	-476.09
361.40	-744.95	0.00	-462.77
361.50	-1205.97	0.00	-447.63
361.60	-1664.70	0.00	-430.72
361.70	-2117.77	0.00	-412.11
361.80	-2561.70	0.00	-391.87
361.90	-2993.03	0.00	-370.09
362.00	-3408.28	0.00	-346.84
362.10	-3804.05	0.00	-322.23
362.20	-4177.02	0.00	-296.35
362.30	-4524.02	0.00	-269.29
362.40	-4842.05	0.00	-241.18
362.50	-5128.33	0.00	-212.11
362.60	-5380.34	0.00	-182.20
362.70	-5595.81	0.00	-151.58
362.80	-5772.83	0.00	-120.36
362.90	-5909.78	0.00	-88.66
363.00	-6005.42	0.00	-56.61
363.10	-6058.88	0.00	-24.34
363.20	-6070.83	0.00	8.02
363.30	-6066.98	0.00	40.36
363.40	-6057.83	0.00	72.54
363.50	-6043.04	0.00	104.43
363.60	-6022.06	0.00	135.90
363.70	-5994.18	0.00	166.84
363.80	-5958.50	0.00	197.13
363.90	-5913.99	0.00	226.63
364.00	-5859.51	0.00	255.24
364.10	-5793.80	0.00	282.84
364.20	-5715.54	0.00	309.33
364.30	-5623.38	0.00	334.60
364.40	-5515.95	0.00	358.54
364.50	-5391.90	0.00	381.07
364.60	-5249.96	0.00	402.10
364.70	-5088.93	0.00	421.54
364.80	-4907.76	0.00	439.32
364.90	-4705.52	0.00	455.36
365.00	-4481.50	0.00	469.60
365.10	-4235.17	0.00	481.99
365.20	-3966.25	0.00	492.48
365.30	-3674.72	0.00	501.03
365.40	-3360.82	0.00	507.60
365.50	-3025.10	0.00	512.16
365.60	-2668.38	0.00	514.71
365.70	-2291.78	0.00	515.22
365.80	-1896.75	0.00	513.70
365.90	-1485.01	0.00	510.15
366.00	-1058.56	0.00	504.59
366.10	-619.69	0.00	497.04
366.20	-170.94	0.00	487.52
366.30	284.93	0.00	476.09
366.40	744.95	0.00	462.77
366.50	1205.97	0.00	447.63
366.60	1664.70	0.00	430.72
366.70	2117.77	0.00	412.11
366.80	2561.70	0.00	391.87
366.90	2993.03	0.00	370.09
367.00	3408.28	0.00	346.84
367.10	3804.05	0.00	322.23
367.20	4177.02	0.00	296.35
367.30	4524.02	0.00	269.29
367.40	4842.05	0.00	241.18
367.50	5128.33	0.00	212.11
367.60	5380.34	0.00	182.20
367.70	5595.81	0.00	151.58
367.80	5772.83	0.00	120.36
367.90	5909.78	0.00	88.66
368.00	6005.42	0.00	56.61
368.10	6058.88	0.00	24.34
368.20	6070.83	0.00	-8.02
368.30	6066.98	0.00	-40.36
368.40	6057.83	0.00	-72.54
368.50	6043.04	0.00	-104.43
368.60	6022.06	0.00	-135.90
368.70	5994.18	0.00	-166.84
368.80	5958.50	0.00	-197.13
368.90	5913.99	0.00	-226.63
369.00	5859.51	0.00	-255.24
369.10	5793.80	0.00	-282.84
369.20	5715.54	0.00	-309.33
369.30	5623.38	0.00	-334.60
369.40	5515.95	0.00	-358.54
369.50	5391.90	0.00	-381.07
369.60	5249.96	0.00	-402.10
369.70	5088.93	0.00	-421.54
369.80	4907.76	0.00	-439.32
369.90	4705.52	0.00	-455.36
370.00	4481.50	0.00	-469.60
370.10	4235.17	0.00	-481.99
370.20	3966.25	0.00	-492.48
370.30	3674.72	0.00	-501.03
370.40	3360.82	0.00	-507.60
370.50	3025.10	0.00	-512.16
370.60	2668.38	0.00	-514.71
370.70	2291.78	0.00	-515.22
370.80	1896.75	0.00	-513.70
370.90	1485.01	0.00	-510.15
371.00	1058.56	0.00	-504.59
371.10	619.69	0.00	-497.04
371.20	170.94	0.00	-487.52
371.30	-284.93	0.00	-476.09
371.40	-744.95	0.00	-462.77
371.50	-1205.97	0.00	-447.63
371.60	-1664.70	0.00	-430.72
371.70	-2117.77	0.00	-412.11
371.80	-2561.70	0.00	-391.87
371.90	-2993.03	0.00	-370.09
372.00	-3408.28	0.00	-346.84
372.10	-3804.05	0.00	-322.23
372.20	-4177.02	0.00	-296.35
372.30	-4524.02	0.00	-269.29
372.40	-4842.05	0.00	-241.18
372.50	-5128.33	0.00	-212.11
372.60	-5380.34	0.00	-182.20
372.70	-5595.81	0.00	-151.58
372.80	-5772.83	0.00	-120.36
372.90	-5909.78	0.00	-88.66
373.00	-6005.42	0.00	-56.61
373.10	-6058.88	0.00	-24.34
373.20	-6070.83	0.00	8.02
373.30	-6066.98	0.00	40.36
373.40	-6057.83	0.00	72.54
373.50	-6043.04	0.00	104.43
373.60	-6022.06	0.00	135.90
373.70	-5994.18	0.00	166.84
373.80	-5958.50	0.00	197.13
373.90	-5913.99	0.00	226.63
374.00	-5859.51	0.00	255.24
374.10	-5793.80	0.00	282.84
374.20	-5715.54	0.00	309.33
374.30	-5623.38	0.00	334.60
374.40	-5515.95	0.00	358.54
374.50	-5391.90	0.00	381.07
374.60	-5249.96	0.00	402.10
374.70	-5088.93	0.00	421.54
374.80	-4907.76	0.00	439.32
374.90	-4705.52	0.00	455.36
375.00	-4481.50	0.00	469.60
375.10	-4235.17	0.00	481.99
375.20	-3966.25	0.00	492.48
375.30	-3674.72	0.00	501.03
375.40	-3360.82	0.00	507.60
375.50	-3025.10	0.00	512.16
375.60	-2668.38	0.00	514.71
375.70	-2291.78	0.00	515.22
375.80	-1896.75	0.00	513.70
375.90	-1485.01	0.00	510.15
376.00	-1058.56	0.00	504.59
376.10	-619.69	0.00	497.04
376.20	-170.94	0.00	487.52
376.30	284.93	0.00	476.09
376.40	744.95	0.00	462.77
376.50	1205.97	0.00	447.63
376.60	1664.70	0.00	430.72
376.70	2117.77	0.00	412.11
376.80	2561.70	0.00	391.87
376.90	2993.03	0.00	370.09
377.00	3408.28	0.00	346.84
377.10	3804.05	0.00	322.23
377.20	4177.02	0.00	296.35
377.30	4524.02	0.00	269.29
377.40	4842.05	0.00	241.18
377.50	5128.33	0.00	212.11
377.60	5380.34	0.00	182.20
377.70	5595.81	0.00	151.58
377.80	5772.83	0.00	120.36
377.90	5909.78	0.00	88.66
378.00	6005.42	0.00	56.61
378.10	6058.88	0.00	24.34
378.20	6070.83	0.00	-8.02
378.30	6066.98	0.00	-40.36
378.40	6057.83	0.00	-72.54
378.50	6043.04	0.00	-104.43
378.60	6022.06	0.00	-135.90
378.70	5994.18	0.00	-166.84
378.80	5958.50	0.00	-197.13
378.90	5913.99	0.00	-226.63
379.00	5859.51	0.00	-255.24
379.10	5793.80	0.00	-282.84
379.20	5715.54	0.00	-309.33
379.30	5623.38	0.00	-334.60
379.40	5515.95	0.00	-358.54
379.50	5391.90	0.00	-381.07
379.60	5249.96	0.00	-402.10
379.70	5088.93	0.00	-421.54
379.80	4907.76	0.00	-439.32
379.90	4705.52	0.00	-455.36
380.00	4481.50	0.00	-469.60
380.10	4235.17	0.00	-481.99
380.20	3966.25	0.00	-492.48
380.30	3674.72	0.00	-501.03
380.40	3360.82	0.00	-507.60
380.50	3025.10	0.00	-512.16
380.60	2668.38	0.00	-514.71
380.70	2291.78	0.00	-515.22
380.80	1896.75	0.00	-513.70
380.90	1485.01	0.00	-510.15
381.00	1058.56	0.00	-504.59
381.10	619.69	0.00	-497.04
381.20	170.94	0.00	-487.52
381.30	-284.93	0.00	-476.09
381.40	-744.95	0.00	-462.77
381.50	-1205.97	0.00	-447.63
381.60	-1664.70	0.00	-430.72
381.70	-2117.77	0.00	-412.11
381.80	-2561.70	0.00	-391.87
381.90	-2993.03	0.00	-370.09
382.00	-3408.28	0.00	-346.84
382.10	-3804.05	0.00	-322.23
382.20	-4177.02	0.00	-296.35
382.30	-4524.02	0.00	-269.29
382.40	-4842.05	0.00	-241.18
382.50	-5128.33	0.00	-212.11
382.60	-5380.34	0.00	-182.20
382.70	-5595.81	0.00	-151.58
382.80	-5772.83	0.00	-120.36
382.90	-5909.78	0.00	-88.66
383.00	-6005.42	0.00	-56.61
383.10	-6058.88	0.00	-24.34
383.20	-6070.83	0.00	8.02
383.30	-6066.98	0.00	40.36
383.40	-6057.83	0.00	72.54
383.50	-6043.04	0.00	104.43
383.60	-6022.06	0.00	135.90
383.70	-5994.18	0.00	166.84
383.80	-5958.50	0.00	197.13
383.90	-5913.99	0.00	226.63
384.00	-5859.51	0.00	255.24
384.10	-5793.80	0.00	282.84
384.20	-5715.54	0.00	309.33
384.30	-5623.38	0.00	334.60
384.40	-5515.95	0.00	358.54
384.50	-5391.90	0.00	381.07
384.60	-5249.96	0.00	402.10
384.70	-5088.93	0.00	421.54
384.80	-4907.76	0.00	439.32
384.90	-4705.52	0.00	455.36
385.00	-4481.50	0.00	469.60
385.10	-4235.17	0.00	481.99
385.20	-3966.25	0.00	492.48
385.30	-3674.72	0.00	501.03
385.40	-3360.82	0.00	507.60
385.50	-3025.10	0.00	512.16
385.60	-2668.38	0.00	514.71
385.70	-2291.78	0.00	515.22
385.80	-1896.75	0.00	513.70
385.90	-1485.01	0.00	510.15
386.00	-1058.56	0.00	504.59
386.10	-619.69	0.00	497.04
386.20	-170.94	0.00	487.52
386.30	284.93	0.00	476.09
386.40	744.95	0.00	462.77
386.50	1205.97	0.00	447.63
386.60	1664.70	0.00	430.72
386.70	2117.77	0.00	412.11
386.80	2561.70	0.00	391.87
386.90	2993.03	0.00	370.09
387.00	3408.28	0.00	346.84
387.10	3804.05	0.00	322.23
387.20	4177.02	0.00	296.35
387.30	4524.02	0.00	269.29
387.40	4842.05	0.00	241.18
387.50	5128.33	0.00	212.11
387.60	5380.34	0.00	182.20
387.70	5595.81	0.00	151.58
387.80	5772.83	0.00	120.36
387.90	5909.78	0.00	88.66
388.00	6005.42	0.00	56.61
388.10	6058.88	0.00	24.34
388.20	6070.83	0.00	-8.02
388.30	6066.98	0.00	-40.36
388.40	6057.83	0.00	-72.54
388.50	6043.04	0.00	-104.43
388.60	6022.06	0.00	-135.90
388.70	5994.18	0.00	-166.84
388.80	5958.50	0.00	-197.13
388.90	5913.99	0.00	-226.63
389.00	5859.51	0.00	-255.24
389.10	5793.80	0.00	-282.84
389.20	5715.54	0.00	-309.33
389.30	5623.38	0.00	-334.60
389.40	5515.95	0.00	-358.54
389.50	5391.90	0.00	-381.07
389.60	5249.96	0.00	-402.10
389.70	5088.93	0.00	-421.54
389.80	4907.76	0.00	-439.32
389.90	4705.52	0.00	-455.36
390.00	4481.50	0.00	-469.60
390.10	4235.17	0.00	-481.99
390.20	3966.25	0.00	-492.48
390.30	3674.72	0.00	-501.03
390.40	3360.82	0.00	-507.60
390.50	3025.10	0.00	-512.16
390.60	2668.38	0.00	-514.71
390.70	2291.78	0.00	-515.22
390.80	1896.75	0.00	-513.70
390.90	1485.01	0.00	-510.15
391.00	1058.56	0.00	-504.59
391.10	619.69	0.00	-497.04
391.20	170.94	0.00	-487.52
391.30	-284.93	0.00	-476.09
391.40	-744.95	0.00	-462.77
391.50	-1205.97	0.00	-447.63
391.60	-1664.70	0.00	-430.72
391.70	-2117.77	0.00	-412.11
391.80	-2561.70	0.00	-391.87
391.90	-2993.03	0.00	-370.09
392.00	-3408.28	0.00	-346.84
392.10	-3804.05	0.00	-322.23
392.20	-4177.02	0.00	-296.35
392.30	-4524.02	0.00	-269.29
392.40	-4842.05	0.00	-241.18
392.50	-5128.33	0.00	-212.11
392.60	-5380.34	0.00	-182.20
392.70	-5595.81	0.00	-151.58
392.80	-5772.83	0.00	-120.36
392.90	-5909.78	0.00	-88.66
393.00	-6005.42	0.00	-56.61
393.10	-6058.88	0.00	-24.34
393.20	-6070.83	0.00	8.02
393.30	-6066.98	0.00	40.36
393.40	-6057.83	0.00	72.54
393.50	-6043.04	0.00	104.43
393.60	-6022.06	0.00	135.90
393.70	-5994.18	0.00	166.84
393.80	-5958.50	0.00	197.13
393.90	-5913.99	0.00	226.63
394.00	-5859.51	0.00	255.24
394.10	-5793.80	0.00	282.84
394.20	-5715.54	0.00	309.33
394.30	-5623.38	0.00	334.60
394.40	-5515.95	0.00	358.54
394.50	-5391.90	0.00	381.07
394.60	-5249.96	0.00	402.10
394.70	-5088.93	0.00	421.54
394.80	-4907.76	0.00	439.32
394.90	-4705.52	0.00	455.36
395.00	-4481.50	0.00	469.60
395.10	-4235.17	0.00	481.99
395.20	-3966.25	0.00	492.48
395.30	-3674.72	0.00	501.03
395.40	-3360.82	0.00	507.60
395.50	-3025.10	0.00	512.16
395.60	-2668.38	0.00	514.71
395.70	-2291.78	0.00	515.22
395.80	-1896.75	0.00	513.70
395.90	-1485.01	0.00	510.15
396.00	-1058.56	0.00	504.59
396.10	-619.69	0.00	497.04
396.20	-170.94	0.00	487.52
396.30	284.93	0.00	476.09
396.40	744.95	0.00	462.77
396.50	1205.97	0.00	447.63
396.60	1664.70	0.00	430.72
396.70	2117.77	0.00	412.11
396.80	2561.70	0.00	391.87
396.90	2993.03	0.00	370.09
397.00	3408.28	0.00	346.84
397.10	3804.05	0.00	322.23
397.20	4177.02	0.00	296.35
397.30	4524.02	0.00	269.29
397.40	4842.05	0.00	241.18
397.50	5128.33	0.00	212.11
397.60	5380.34	0.00	182.20
397.70	5595.81	0.00	151.58
397.80	5772.83	0.00	120.36
397.90	5909.78	0.00	88.66
398.00	6005.42	0.00	56.61
398.10	6058.88	0.00	24.34
398.20	6070.83	0.00	-8.02
398.30	6066.98	0.00	-40.36
398.40	6057.83	0.00	-72.54
398.50	6043.04	0.00	-104.43
398.60	6022.06	0.00	-135.90
398.70	5994.18	0.00	-166.84
398.80	5958.50	0.00	-197.13
398.90	5913.99	0.00	-226.63
399.00	5859.51	0.00	-255.24
399.10	5793.80	0.00	-282.84
399.20	5715.54	0.00	-309.33
399.30	5623.38	0.00	-334.60
399.40	5515.95	0.00	-358.54
399.50	5391.90	0.00	-381.07
399.60	5249.96	0.00	-402.10
399.70	5088.93	0.00	-421.54
399.80	4907.76	0.00	-439.32
399.90	4705.52	0.00	-455.36
400.00	4481.50	0.00	-469.60
400.10	4235.17	0.00	-481.99
400.20	3966.25	0.00	-492.48
400.30	3674.72	0.00	-501.03
400.40	3360.82	0.00	-507.60
400.50	3025.10	0.00	-512.16
400.60	2668.38	0.00	-514.71
400.70	2291.78	0.00	-515.22
400.80	1896.75	0.00	-513.70
400.90	1485.01	0.00	-510.15
401.00	1058.56	0.00	-504.59
401.10	619.69	0.00	-497.04
401.20	170.94	0.00	-487.52
401.30	-284.93	0.00	-476.09
401.40	-744.95	0.00	-462.77
401.50	-1205.97	0.00	-447.63
401.60	-1664.70	0.00	-430.72
401.70	-2117.77	0.00	-412.11
401.80	-2561.70	0.00	-391.87
401.90	-2993.03	0.00	-370.09
402.00	-3408.28	0.00	-346.84
402.10	-3804.05	0.00	-322.23
402.20	-4177.02	0.00	-296.35
402.30	-4524.02	0.00	-269.29
402.40	-4842.05	0.00	-241.18
402.50	-5128.33	0.00	-212.11
402.60	-5380.34	0.00	-182.20
402.70	-5595.81	0.00	-151.58
402.80	-5772.83	0.00	-120.36
402.90	-5909.78	0.00	-88.66
403.00	-6005.42	0.00	-56.61
403.10	-6058.88	0.00	-24.34
403.20	-6070.83	0.00	8.02
403.30	-6066.98	0.00	40.36
403.40	-6057.83	0.00	72.54
403.50	-6043.04	0.00	104.43
403.60	-6022.06	0.00	135.90
403.70	-5994.18	0.00	166.84
403.80	-5958.50	0.00	197.13
403.90	-5913.99	0.00	226.63
404.00	-5859.51	0.00	255.24
404.10	-5793.80	0.00	282.84
404.20	-5715.54	0.00	309.33
404.30	-5623.38	0.00	334.60
404.40	-5515.95	0.00	358.54
404.50	-5391.90	0.00	381.07
404.60	-5249.96	0.00	402.10
404.70	-5088.93	0.00	421.54
404.80	-4907.76	0.00	439.32
404.90	-4705.52	0.00	455.36
405.00	-4481.50	0.00	469.60
405.10	-4235.17	0.00	481.99
405.20	-3966.25	0.00	492.48
405.30	-3674.72	0.00	501.03
405.40	-3360.82	0.00	507.60
405.50	-3025.10	0.00	512.16
405.60	-2668.38	0.00	514.71
405.70	-2291.78	0.00	515.22
405.80	-1896.75	0.00	513.70
405.90	-1485.01	0.00	510.15
406.00	-1058.56	0.00	504.59
406.10	-619.69	0.00	497.04
406.20	-170.94	0.00	487.52
406.30	284.93	0.00	476.09
406.40	744.95	0.00	462.77
406.50	1205.97	0.00	447.63
406.60	1664.70	0.00	430.72
406.70	2117.77	0.00	412.11
406.80	2561.70	0.00	391.87
406.90	2993.03	0.00	370.09
407.00	3408.28	0.00	346.84
407.10	3804.05	0.00	322.23
407.20	4177.02	0.00	296.35
407.30	4524.02	0.00	269.29
407.40	4842.05	0.00	241.18
407.50	5128.33	0.00	212.11
407.60	5380.34	0.00	182.20
407.70	5595.81	0.00	151.58
407.80	5772.83	0.00	120.36
407.90	5909.78	0.00	88.66
408.00	6005.42	0.00	56.61
408.10	6058.88	0.00	24.34
408.20	6070.83	0.00	-8.02
408.30	6066.98	0.00	-40.36
408.40	6057.83	0.00	-72.54
408.50	6043.04	0.00	-104.43
408.60	6022.06	0.00	-135.90
408.70	5994.18	0.00	-166.84
408.80	5958.50	0.00	-197.13
408.90	5913.99	0.00	-226.63
409.00	5859.51	0.00	-255.24
409.10	5793.80	0.00	-282.84
409.20	5715.54	0.00	-309.33
409.30	5623.38	0.00	-334.60
409.40	5515.95	0.00	-358.54
409.50	5391.90	0.00	-381.07
409.60	5249.96	0.00	-402.10
409.70	5088.93	0.00	-421.54
409.80	4907.76	0.00	-439.32
409.90	4705.52	0.00	-455.36
410.00	4481.50	0.00	-469.60
410.10	4235.17	0.00	-481.99
410.20	3966.25	0.00	-492.48
410.30	3674.72	0.00	-501.03
410.40	3360.82	0.00	-507.60
410.50	3025.10	0.00	-512.16
410.60	2668.38	0.00	-514.71
410.70	2291.78	0.00	-515.22
410.80	1896.75	0.00	-513.70
410.90	1485.01	0.00	-510.15
411.00	1058.56	0.00	-504.59
411.10	619.69	0.00	-497.04
411.20	170.94	0.00	-487.52
411.30	-284.93	0.00	-476.09
411.40	-744.95	0.00	-462.77
411.50	-1205.97	0.00	-447.63
411.60	-1664.70	0.00	-430.72
411.70	-2117.77	0.00	-412.11
411.80	-2561.70	0.00	-391.87
411.90	-2993.03	0.00	-370.09
412.00	-3408.28	0.00	-346.84
412.10	-3804.05	0.00	-322.23
412.20	-4177.02	0.00	-296.35
412.30	-4524.02	0.00	-269.29
412.40	-4842.05	0.00	-241.18
412.50	-5128.33	0.00	-212.11
412.60	-5380.34	0.00	-182.20
412.70	-5595.81	0.00	-151.58
412.80	-5772.83	0.00	-120.36
412.90	-5909.78	0.00	-88.66
413.00	-6005.42	0.00	-56.61
413.10	-6058.88	0.00	-24.34
413.20	-6070.83	0.00	8.02
413.30	-6066.98	0.00	40.36
413.40	-6057.83	0.00	72.54
413.50	-6043.04	0.00	104.43
413.60	-6022.06	0.00	135.90
413.70	-5994.18	0.00	166.84
413.80	-5958.50	0.00	197.13
413.90	-5913.99	0.00	226.63
414.00	-5859.51	0.00	255.24
414.10	-5793.80	0.00	282.84
414.20	-5715.54	0.00	309.33
414.30	-5623.38	0.00	334.60
414.40	-5515.95	0.00	358.54
414.50	-5391.90	0.00	381.07
414.60	-5249.96	0.00	402.10
414.70	-5088.93	0.00	421.54
414.80	-4907.76	0.00	439.32
414.90	-4705.52	0.00	455.36
415.00	-4481.50	0.00	469.60
415.10	-4235.17	0.00	481.99
415.20	-3966.25	0.00	492.48
415.30	-3674.72	0.00	501.03
415.40	-3360.82	0.00	507.60
415.50	-3025.10	0.00	512.16
415.60	-2668.38	0.00	514.71
415.70	-2291.78	0.00	515.22
415.80	-1896.75	0.00	513.70
415.90	-1485.01	0.00	510.15
416.00	-1058.56	0.00	504.59
416.10	-619.69	0.00	497.04
416.20	-170.94	0.00	487.52
416.30	284.93	0.00	476.09
416.40	744.95	0.00	462.77
416.50	1205.97	0.00	447.63
416.60	1664.70	0.00	430.72
416.70	2117.77	0.00	412.11
416.80	2561.70	0.00	391.87
416.90	2993.03	0.00	370.09
417.00	3408.28	0.00	346.84
417.10	3804.05	0.00	322.23
417.20	4177.02	0.00	296.35
417.30	4524.02	0.00	269.29
417.40	4842.05	0.00	241.18
417.50	5128.33	0.00	212.11
417.60	5380.34	0.00	182.20
417.70	5595.81	0.00	151.58
417.80	5772.83	0.00	120.36
417.90	5909.78	0.00	88.66
418.00	6005.42	0.00	56.61
418.10	6058.88	0.00	24.34
418.20	6070.83	0.00	-8.02
418.30	6066.98	0.00	-40.36
418.40	6057.83	0.00	-72.54
418.50	6043.04	0.00	-104.43
418.60	6022.06	0.00	-135.90
418.70	5994.18	0.00	-166.84
418.80	5958.50	0.00	-197.13
418.90	5913.99	0.00	-226.63
419.00	5859.51	0.00	-255.24
419.10	5793.80	0.00	-282.84
419.20	5715.54	0.00	-309.33
419.30	5623.38	0.00	-334.60
419.40	5515.95	0.00	-358.54
419.50	5391.90	0.00	-381.07
419.60	5249.96	0.00	-402.10
419.70	5088.93	0.00	-421.54
419.80	4907.76	0.00	-439.32
419.90	4705.52	0.00	-455.36
420.00	4481.50	0.00	-469.60
420.10	4235.17	0.00	-481.99
420.20	3966.25	0.00	-492.48
420.30	3674.72	0.00	-501.03
420.40	3360.82	0.00	-507.60
420.50	3025.10	0.00	-512.16
420.60	2668.38	0.00	-514.71
420.70	2291.78	0.00	-515.22
420.80	1896.75	0.00	-513.70
420.90	1485.01	0.00	-510.15
421.00	1058.56	0.00	-504.59
421.10	619.69	0.00	-497.04
421.20	170.94	0.00	-487.52
421.30	-284.93	0.00	-476.09
421.40	-744.95	0.00	-462.77
421.50	-1205.97	0.00	-447.63
421.60	-1664.70	0.00	-430.72
421.70	-2117.77	0.00	-412.11
421.80	-2561.70	0.00	-391.87
421.90	-2993.03	0.00	-370.09
422.00	-3408.28	0.00	-346.84
422.10	-3804.05	0.00	-322.23
422.20	-4177.02	0.00	-296.35
422.30	-4524.02	0.00	-269.29
422.40	-4842.05	0.00	-241.18
422.50	-5128.33	0.00	-212.11
422.60	-5380.34	0.00	-182.20
422.70	-5595.81	0.00	-151.58
422.80	-5772.83	0.00	-120.36
422.90	-5909.78	0.00	-88.66
423.00	-6005.42	0.00	-56.61
423.10	-6058.88	0.00	-24.34
423.20	-6070.83	0.00	8.02
423.30	-6066.98	0.00	40.36
423.40	-6057.83	0.00	72.54
423.50	-6043.04	0.00	104.43
423.60	-6022.06	0.00	135.90
423.70	-5994.18	0.00	166.84
423.80	-5958.50	0.00	197.13
423.90	-5913.99	0.00	226.63
424.00	-5859.51	0.00	255.24
424.10	-5793.80	0.00	282.84
424.20	-5715.54	0.00	309.33
424.30	-5623.38	0.00	334.60
424.40	-5515.95	0.00	358.54
424.50	-5391.90	0.00	381.07
424.60	-5249.96	0.00	402.10
424.70	-5088.93	0.00	421.54
424.80	-4907.76	0.00	439.32
424.90	-4705.52	0.00	455.36
425.00	-4481.50	0.00	469.60
425.10	-4235.17	0.00	481.99
425.20	-3966.25	0.00	492.48
425.30	-3674.72	0.00	501.03
425.40	-3360.82	0.00	507.60
425.50	-3025.10	0.00	512.16
425.60	-2668.38	0.00	514.71
425.70	-2291.78	0.00	515.22
425.80	-1896.75	0.00	513.70
425.90	-1485.01	0.00	510.15
426.00	-1058.56	0.00	504.59
426.10	-619.69	0.00	497.04
426.20	-170.94	0.00	487.52
426.30	284.93	0.00	476.09
426.40	744.95	0.00	462.77
426.50	1205.97	0.00	447.63
426.60	1664.70	0.00	430.72
426.70	2117.77	0.00	412.11
426.80	2561.70	0.00	391.87
426.90	2993.03	0.00	370.09
427.00	3408.28	0.00	346.84
427.10	3804.05	0.00	322.23
427.20	4177.02	0.00	296.35
427.30	4524.02	0.00	269.29
427.40	4842.05	0.00	241.18
427.50	5128.33	0.00	212.11
427.60	5380.34	0.00	182.20
427.70	5595.81	0.00	151.58
427.80	5772.83	0.00	120.36
427.90	5909.78	0.00	88.66
428.00	6005.42	0.00	56.61
428.10	6058.88	0.00	24.34
428.20	6070.83	0.00	-8.02
428.30	6066.98	0.00	-40.36
428.40	6057.83	0.00	-72.54
428.50	6043.04	0.00	-104.43
428.60	6022.06	0.00	-135.90
428.70	5994.18	0.00	-166.84
428.80	5958.50	0.00	-197.13
428.90	5913.99	0.00	-226.63
429.00	5859.51	0.00	-255.24
429.10	5793.80	0.00	-282.84
429.20	5715.54	0.00	-309.33
429.30	5623.38	0.00	-334.60
429.40	5515.95	0.00	-358.54
429.50	5391.90	0.00	-381.07
429.60	5249.96	0.00	-402.10
429.70	5088.93	0.00	-421.54
429.80	4907.76	0.00	-439.32
429.90	4705.52	0.00	-455.36
430.00	4481.50	0.00	-469.60
430.10	4235.17	0.00	-481.99
430.20	3966.25	0.00	-492.48
430.30	3674.72	0.00	-501.03
430.40	3360.82	0.00	-507.60
430.50	3025.10	0.00	-512.16
430.60	2668.38	0.00	-514.71
430.70	2291.78	0.00	-515.22
430.80	1896.75	0.00	-513.70
430.90	1485.01	0.00	-510.15
431.00	1058.56	0.00	-504.59
431.10	619.69	0.00	-497.04
431.20	170.94	0.00	-487.52
431.30	-284.93	0.00	-476.09
431.40	-744.95	0.00	-462.77
431.50	-1205.97	0.00	-447.63
431.60	-1664.70	0.00	-430.72
431.70	-2117.77	0.00	-412.11
431.80	-2561.70	0.00	-391.87
431.90	-2993.03	0.00	-370.09
432.00	-3408.28	0.00	-346.84
432.10	-3804.05	0.00	-322.23
432.20	-4177.02	0.00	-296.35
432.30	-4524.02	0.00	-269.29
432.40	-4842.05	0.00	-241.18
432.50	-5128.33	0.00	-212.11
432.60	-5380.34	0.00	-182.20
432.70	-5595.81	0.00	-151.58
432.80	-5772.83	0.00	-120.36
432.90	-5909.78	0.00	-88.66
433.00	-6005.42	0.00	-56.61
433.10	-6058.88	0.00	-24.34
433.20	-6070.83	0.00	8.02
433.30	-6066.98	0.00	40.36
433.40	-6057.83	0.00	72.54
433.50	-6043.04	0.00	104.43
433.60	-6022.06	0.00	135.90
433.70	-5994.18	0.00	166.84
433.80	-5958.50	0.00	197.13
433.90	-5913.99	0.00	226.63
434.00	-5859.51	0.00	255.24
434.10	-5793.80	0.00	282.84
434.20	-5715.54	0.00	309.33
434.30	-5623.38	0.00	334.60
434.40	-5515.95	0.00	358.54
434.50	-5391.90	0.00	381.07
434.60	-5249.96	0.00	402.10
434.70	-5088.93	0.00	421.54
434.80	-4907.76	0.00	439.32
434.90	-4705.52	0.00	455.36
435.00	-4481.50	0.00	469.60
435.10	-4235.17	0.00	481.99
435.20	-3966.25	0.00	492.48
435.30	-3674.72	0.00	501.03
435.40	-3360.82	0.00	507.60
435.50	-3025.10	0.00	512.16
435.60	-2668.38	0.00	514.71
435.70	-2291.78	0.00	515.22
435.80	-1896.75	0.00	513.70
435.90	-1485.01	0.00	510.15
436.00	-1058.56	0.00	504.59
436.10	-619.69	0.00	497.04
436.20	-170.94	0.00	487.52
436.30	284.93	0.00	476.09
436.40	744.95	0.00	462.77
436.50	1205.97	0.00	447.63
436.60	1664.70	0.00	430.72
436.70	2117.77	0.00	412.11
436.80	2561.70	0.00	391.87
436.90	2993.03	0.00	370.09
437.00	3408.28	0.00	346.84
437.10	3804.05	0.00	322.23
437.20	4177.02	0.00	296.35
437.30	4524.02	0.00	269.29
437.40	4842.05	0.00	241.18
437.50	5128.33	0.00	212.11
437.60	5380.34	0.00	182.20
437.70	5595.81	0.00	151.58
437.80	5772.83	0.00	120.36
437.90	5909.78	0.00	88.66
438.00	6005.42	0.00	56.61
438.10	6058.88	0.00	24.34
438.20	6070.83	0.00	-8.02
438.30	6066.98	0.00	-40.36
438.40	6057.83	0.00	-72.54
438.50	6043.04	0.00	-104.43
438.60	6022.06	0.00	-135.90
438.70	5994.18	0.00	-166.84
438.80	5958.50	0.00	-197.13
438.90	5913.99	0.00	-226.63
439.00	5859.51	0.00	-255.24
439.10	5793.80	0.00	-282.84
439.20	5715.54	0.00	-309.33
439.30	5623.38	0.00	-334.60
439.40	5515.95	0.00	-358.54
439.50	5391.90	0.00	-381.07
439.60	5249.96	0.00	-402.10
439.70	5088.93	0.00	-421.54
439.80	4907.76	0.00	-439.32
439.90	4705.52	0.00	-455.36
440.00	4481.50	0.00	-469.60
440.10	4235.17	0.00	-481.99
440.20	3966.25	0.00	-492.48
440.30	3674.72	0.00	-501.03
440.40	3360.82	0.00	-507.60
440.50	3025.10	0.00	-512.16
440.60	2668.38	0.00	-514.71
440.70	2291.78	0.00	-515.22
440.80	1896.75	0.00	-513.70
440.90	1485.01	0.00	-510.15
441.00	1058.56	0.00	-504.59
441.10	619.69	0.00	-497.04
441.20	170.94	0.00	-487.52
441.30	-284.93	0.00	-476.09
441.40	-744.95	0.00	-462.77
441.50	-1205.97	0.00	-447.63
441.60	-1664.70	0.00	-430.72
441.70	-2117.77	0.00	-412.11
441.80	-2561.70	0.00	-391.87
441.90	-2993.03	0.00	-370.09
442.00	-3408.28	0.00	-346.84
442.10	-3804.05	0.00	-322.23
442.20	-4177.02	0.00	-296.35
442.30	-4524.02	0.00	-269.29
442.40	-4842.05	0.00	-241.18
442.50	-5128.33	0.00	-212.11
442.60	-5380.34	0.00	-182.20
442.70	-5595.81	0.00	-151.58
442.80	-5772.83	0.00	-120.36
442.90	-5909.78	0.00	-88.66
443.00	-6005.42	0.00	-56.61
443.10	-6058.88	0.00	-24.34
443.20	-6070.83	0.00	8.02
443.30	-6066.98	0.00	40.36
443.40	-6057.83	0.00	72.54
443.50	-6043.04	0.00	104.43
443.60	-6022.06	0.00	135.90
443.70	-5994.18	0.00	166.84
443.80	-5958.50	0.00	197.13
443.90	-5913.99	0.00	226.63
444.00	-5859.51	0.00	255.24
444.10	-5793.80	0.00	282.84
444.20	-5715.54	0.00	309.33
444.30	-5623.38	0.00	334.60
444.40	-5515.95	0.00	358.54
444.50	-5391.90	0.00	381.07
444.60	-5249.96	0.00	402.10
444.70	-5088.93	0.00	421.54
444.80	-4907.76	0.00	439.32
444.90	-4705.52	0.00	455.36
445.00	-4481.50	0.00	469.60
445.10	-4235.17	0.00	481.99
445.20	-3966.25	0.00	492.48
445.30	-3674.72	0.00	501.03
445.40	-3360.82	0.00	507.60
445.50	-3025.10	0.00	512.16
445.60	-2668.38	0.00	514.71
445.70	-2291.78	0.00	515.22
445.80	-1896.75	0.00	513.70
445.90	-1485.01	0.00	510.15
446.00	-1058.56	0.00	504.59
446.10	-619.69	0.00	497.04
446.20	-170.94	0.00	487.52
446.30	284.93	0.00	476.09
446.40	744.95	0.00	462.77
446.50	1205.97	0.00	447.63
446.60	1664.70	0.00	430.72
446.70	2117.77	0.00	412.11
446.80	2561.70	0.00	391.87
446.90	2993.03	0.00	370.09
447.00	3408.28	0.00	346.84
447.10	3804.05	0.00	322.23
447.20	4177.02	0.00	296.35
447.30	4524.02	0.00	269.29
447.40	4842.05	0.00	241.18
447.50	5128.33	0.00	212.11
447.60	5380.34	0.00	182.20
447.70	5595.81	0.00	151.58
447.80	5772.83	0.00	120.36
447.90	5909.78	0.00	88.66
448.00	6005.42	0.00	56.61
448.10	6058.88	0.00	24.34
448.20	6070.83	0.00	-8.02
448.30	6066.98	0.00	-40.36
448.40	6057.83	0.00	-72.54
448.50	6043.04	0.00	-104.43
448.60	6022.06	0.00	-135.90
448.70	5994.18	0.00	-166.84
448.80	5958.50	0.00	-197.13
448.90	5913.99	0.00	-226.63
449.00	5859.51	0.00	-255.24
449.10	5793.80	0.00	-282.84
449.20	5715.54	0.00	-309.33
449.30	5623.38	0.00	-334.60
449.40	5515.95	0.00	-358.54
449.50	5391.90	0.00	-381.07
449.60	5249.96	0.00	-402.10
449.70	5088.93	0.00	-421.54
449.80	4907.76	0.00	-439.32
449.90	4705.52	0.00	-455.36
450.00	4481.50	0.00	-469.60
450.10	4235.17	0.00	-481.99
450.20	3966.25	0.00	-492.48
450.30	3674.72	0.00	-501.03
450.40	3360.82	0.00	-507.60
450.50	3025.10	0.00	-512.16
450.60	2668.38	0.00	-514.71
450.70	2291.78	0.00	-515.22
450.80	1896.75	0.00	-513.70
450.90	1485.01	0.00	-510.15
451.00	1058.56	0.00	-504.59
451.10	619.69	0.00	-497.04
451.20	170.94	0.00	-487.52
451.30	-284.93	0.00	-476.09
451.40	-744.95	0.00	-462.77
451.50	-1205.97	0.00	-447.63
451.60	-1664.70	0.00	-430.72
451.70	-2117.77	0.00	-412.11
451.80	-2561.70	0.00	-391.87
451.90	-2993.03	0.00	-370.09
452.00	-3408.28	0.00	-346.84
452.10	-3804.05	0.00	-322.23
452.20	-4177.02	0.00	-296.35
452.30	-4524.02	0.00	-269.29
452.40	-4842.05	0.00	-241.18
452.50	-5128.33	0.00	-212.11
452.60	-5380.34	0.00	-182.20
452.70	-5595.81	0.00	-151.58
452.80	-5772.83	0.00	-120.36
452.90	-5909.78	0.00	-88.66
453.00	-6005.42	0.00	-56.61
453.10	-6058.88	0.00	-24.34
453.20	-6070.83	0.00	8.02
453.30	-6066.98	0.00	40.36
453.40	-6057.83	0.00	72.54
453.50	-6043.04	0.00	104.43
453.60	-6022.06	0.00	135.90
453.70	-5994.18	0.00	166.84
453.80	-5958.50	0.00	197.13
453.90	-5913.99	0.00	226.63
454.00	-5859.51	0.00	255.24
454.10	-5793.80	0.00	282.84
454.20	-5715.54	0.00	309.33
454.30	-5623.38	0.00	334.60
454.40	-5515.95	0.00	358.54
454.50	-5391.90	0.00	381.07
454.60	-5249.96	0.00	402.10
454.70	-5088.93	0.00	421.54
454.80	-4907.76	0.00	439.32
454.90	-4705.52	0.00	455.36
455.00	-4481.50	0.00	469.60
455.10	-4235.17	0.00	481.99
455.20	-3966.25	0.00	492.48
455.30	-3674.72	0.00	501.03
455.40	-3360.82	0.00	507.60
455.50	-3025.10	0.00	512.16
455.60	-2668.38	0.00	514.71
455.70	-2291.78	0.00	515.22
455.80	-1896.75	0.00	513.70
455.90	-1485.01	0.00	510.15
456.00	-1058.56	0.00	504.59
456.10	-619.69	0.00	497.04
456.20	-170.94	0.00	487.52
456.30	284.93	0.00	476.09
456.40	744.95	0.00	462.77
456.50	1205.97	0.00	447.63
456.60	1664.70	0.00	430.72
456.70	2117.77	0.00	412.11
456.80	2561.70	0.00	391.87
456.90	2993.03	0.00	370.09
457.00	3408.28	0.00	346.84
457.10	3804.05	0.00	322.23
457.20	4177.02	0.00	296.35
457.30	4524.02	0.00	269.29
457.40	4842.05	0.00	241.18
457.50	5128.33	0.00	212.11
457.60	5380.34	0.00	182.20
457.70	5595.81	0.00	151.58
457.80	5772.83	0.00	120.36
457.90	5909.78	0.00	88.66
458.00	6005.42	0.00	56.61
458.10	6058.88	0.00	24.34
458.20	6070.83	0.00	-8.02
458.30	6066.98	0.00	-40.36
458.40	6057.83	0.00	-72.54
458.50	6043.04	0.00	-104.43
458.60	6022.06	0.00	-135.90
458.70	5994.18	0.00	-166.84
458.80	5958.50	0.00	-197.13
458.90	5913.99	0.00	-226.63
459.00	5859.51	0.00	-255.24
459.10	5793.80	0.00	-282.84
459.20	5715.54	0.00	-309.33
459.30	5623.38	0.00	-334.60
459.40	5515.95	0.00	-358.54
459.50	5391.90	0.00	-381.07
459.60	5249.96	0.00	-402.10
459.70	5088.93	0.00	-421.54
459.80	4907.76	0.00	-439.32
459.90	4705.52	0.00	-455.36
460.00	4481.50	0.00	-469.60
460.10	4235.17	0.00	-481.99
460.20	3966.25	0.00	-492.48
460.30	3674.72	0.00	-501.03
460.40	3360.82	0.00	-507.60
460.50	3025.10	0.00	-512.16
460.60	2668.38	0.00	-514.71
460.70	2291.78	0.00	-515.22
460.80	1896.75	0.00	-513.70
460.90	1485.01	0.00	-510.15
461.00	1058.56	0.00	-504.59
461.10	619.69	0.00	-497.04
461.20	170.94	0.00	-487.52
461.30	-284.93	0.00	-476.09
461.40	-744.95	0.00	-462.77
461.50	-1205.97	0.00	-447.63
461.60	-1664.70	0.00	-430.72
461.70	-2117.77	0.00	-412.11
461.80	-2561.70	0.00	-391.87
461.90	-2993.03	0.00	-370.09
462.00	-3408.28	0.00	-346.84
462.10	-3804.05	0.00	-322.23
462.20	-4177.02	0.00	-296.35
462.30	-4524.02	0.00	-269.29
462.40	-4842.05	0.00	-241.18
462.50	-5128.33	0.00	-212.11
462.60	-5380.34	0.00	-182.20
462.70	-5595.81	0.00	-151.58
462.80	-5772.83	0.00	-120.36
462.90	-5909.78	0.00	-88.66
463.00	-6005.42	0.00	-56.61
463.10	-6058.88	0.00	-24.34
463.20	-6070.83	0.00	8.02
463.30	-6066.98	0.00	40.36
463.40	-6057.83	0.00	72.54
463.50	-6043.04	0.00	104.43
463.60	-6022.06	0.00	135.90
463.70	-5994.18	0.00	166.84
463.80	-5958.50	0.00	197.13
463.90	-5913.99	0.00	226.63
464.00	-5859.51	0.00	255.24
464.10	-5793.80	0.00	282.84
464.20	-5715.54	0.00	309.33
464.30	-5623.38	0.00	334.60
464.40	-5515.95	0.00	358.54
464.50	-5391.90	0.00	381.07
464.60	-5249.96	0.00	402.10
464.70	-5088.93	0.00	421.54
464.80	-4907.76	0.00	439.32
464.90	-4705.52	0.00	455.36
465.00	-4481.50	0.00	469.60
465.10	-4235.17	0.00	481.99
465.20	-3966.25	0.00	492.48
465.30	-3674.72	0.00	501.03
465.40	-3360.82	0.00	507.60
465.50	-3025.10	0.00	512.16
465.60	-2668.38	0.00	514.71
465.70	-2291.78	0.00	515.22
465.80	-1896.75	0.00	513.70
465.90	-1485.01	0.00	510.15
466.00	-1058.56	0.00	504.59
466.10	-619.69	0.00	497.04
466.20	-170.94	0.00	487.52
466.30	284.93	0.00	476.09
466.40	744.95	0.00	462.77
466.50	1205.97	0.00	447.63
466.60	1664.70	0.00	430.72
466.70	2117.77	0.00	412.11
466.80	2561.70	0.00	391.87
466.90	2993.03	0.00	370.09
467.00	3408.28	0.00	346.84
467.10	3804.05	0.00	322.23
467.20	4177.02	0.00	296.35
467.30	4524.02	0.00	269.29
467.40	4842.05	0.00	241.18
467.50	5128.33	0.00	212.11
467.60	5380.34	0.00	182.20
467.70	5595.81	0.00	151.58
467.80	5772.83	0.00	120.36
467.90	5909.78	0.00	88.66
468.00	6005.42	0.00	56.61
468.10	6058.88	0.00	24.34
468.20	6070.83	0.00	-8.02
468.30	6066.98	0.00	-40.36
468.40	6057.83	0.00	-72.54
468.50	6043.04	0.00	-104.43
468.60	6022.06	0.00	-135.90
468.70	5994.18	0.00	-166.84
468.80	5958.50	0.00	-197.13
468.90	5913.99	0.00	-226.63
469.00	5859.51	0.00	-255.24
469.10	5793.80	0.00	-282.84
469.20	5715.54	0.00	-309.33
469.30	5623.38	0.00	-334.60
469.40	5515.95	0.00	-358.54
469.50	5391.90	0.00	-381.07
469.60	5249.96	0.00	-402.10
469.70	5088.93	0.00	-421.54
469.80	4907.76	0.00	-439.32
469.90	4705.52	0.00	-455.36
470.00	4481.50	0.00	-469.60
470.10	4235.17	0.00	-481.99
470.20	3966.25	0.00	-492.48
470.30	3674.72	0.00	-501.03
470.40	3360.82	0.00	-507.60
470.50	3025.10	0.00	-512.16
470.60	2668.38	0.00	-514.71
470.70	2291.78	0.00	-515.22
470.80	1896.75	0.00	-513.70
470.90	1485.01	0.00	-510.15
471.00	1058.56	0.00	-504.59
471.10	619.69	0.00	-497.04
471.20	170.94	0.00	-487.52
471.30	-284.93	0.00	-476.09
471.40	-744.95	0.00	-462.77
471.50	-1205.97	0.00	-447.63
471.60	-1664.70	0.00	-430.72
471.70	-2117.77	0.00	-412.11
471.80	-2561.70	0.00	-391.87
471.90	-2993.03	0.00	-370.09
472.00	-3408.28	0.00	-346.84
472.10	-3804.05	0.00	-322.23
472.20	-4177.02	0.00	-296.35
472.30	-4524.02	0.00	-269.29
472.40	-4842.05	0.00	-241.18
472.50	-5128.33	0.00	-212.11
472.60	-5380.34	0.00	-182.20
472.70	-5595.81	0.00	-151.58
472.80	-5772.83	0.00	-120.36
472.90	-5909.78	0.00	-88.66
473.00	-6005.42	0.00	-56.61
473.10	-6058.88	0.00	-24.34
473.20	-6070.83	0.00	8.02
473.30	-6066.98	0.00	40.36
473.40	-6057.83	0.00	72.54
473.50	-6043.04	0.00	104.43
473.60	-6022.06	0.00	135.90
473.70	-5994.18	0.00	166.84
473.80	-5958.50	0.00	197.13
473.90	-5913.99	0.00	226.63
474.00	-5859.51	0.00	255.24
474.10	-5793.80	0.00	282.84
474.20	-5715.54	0.00	309.33
474.30	-5623.38	0.00	334.60
474.40	-5515.95	0.00	358.54
474.50	-5391.90	0.00	381.07
474.60	-5249.96	0.00	402.10
474.70	-5088.93	0.00	421.54
474.80	-4907.76	0.00	439.32
474.90	-4705.52	0.00	455.36
475.00	-4481.50	0.00	469.60
475.10	-4235.17	0.00	481.99
475.20	-3966.25	0.00	492.48
475.30	-3674.72	0.00	501.03
475.40	-3360.82	0.00	507.60
475.50	-3025.10	0.00	512.16
475.60	-2668.38	0.00	514.71
475.70	-2291.78	0.00	515.22
475.80	-1896.75	0.00	513.70
475.90	-1485.01	0.00	510.15
476.00	-1058.56	0.00	504.59
476.10	-619.69	0.00	497.04
476.20	-170.94	0.00	487.52
476.30	284.93	0.00	476.09
476.40	744.95	0.00	462.77
476.50	1205.97	0.00	447.63
476.60	1664.70	0.00	430.72
476.70	2117.77	0.00	412.11
476.80	2561.70	0.00	391.87
476.90	2993.03	0.00	370.09
477.00	3408.28	0.00	346.84
477.10	3804.05	0.00	322.23
477.20	4177.02	0.00	296.35
477.30	4524.02	0.00	269.29
477.40	4842.05	0.00	241.18
477.50	5128.33	0.00	212.11
477.60	5380.34	0.00	182.20
477.70	5595.81	0.00	151.58
477.80	5772.83	0.00	120.36
477.90	5909.78	0.00	88.66
478.00	6005.42	0.00	56.61
478.10	6058.88	0.00	24.34
478.20	6070.83	0.00	-8.02
478.30	6066.98	0.00	-40.36
478.40	6057.83	0.00	-72.54
478.50	6043.04	0.00	-104.43
478.60	6022.06	0.00	-135.90
478.70	5994.18	0.00	-166.84
478.80	5958.50	0.00	-197.13
478.90	5913.99	0.00	-226.63
479.00	5859.51	0.00	-255.24
479.10	5793.80	0.00	-282.84
479.20	5715.54	0.00	-309.33
479.30	5623.38	0.00	-334.60
479.40	5515.95	0.00	-358.54
479.50	5391.90	0.00	-381.07
479.60	5249.96	0.00	-402.10
479.70	5088.93	0.00	-421.54
479.80	4907.76	0.00	-439.32
479.90	4705.52	0.00	-455.36
480.00	4481.50	0.00	-469.60
480.10	4235.17	0.00	-481.99
480.20	3966.25	0.00	-492.48
480.30	3674.72	0.00	-501.03
480.40	3360.82	0.00	-507.60
480.50	3025.10	0.00	-512.16
480.60	2668.38	0.00	-514.71
480.70	2291.78	0.00	-515.22
480.80	1896.75	0.00	-513.70
480.90	1485.01	0.00	-510.15
481.00	1058.56	0.00	-504.59
481.10	619.69	0.00	-497.04
481.20	170.94	0.00	-487.52
481.30	-284.93	0.00	-476.09
481.40	-744.95	0.00	-462.77
481.50	-1205.97	0.00	-447.63
481.60	-1664.70	0.00	-430.72
481.70	-2117.77	0.00	-412.11
481.80	-2561.70	0.00	-391.87
481.90	-2993.03	0.00	-370.09
482.00	-3408.28	0.00	-346.84
482.10	-3804.05	0.00	-322.23
482.20	-4177.02	0.00	-296.35
482.30	-4524.02	0.00	-269.29
482.40	-4842.05	0.00	-241.18
482.50	-5128.33	0.00	-212.11
482.60	-5380.34	0.00	-182.20
482.70	-5595.81	0.00	-151.58
482.80	-5772.83	0.00	-120.36
482.90	-5909.78	0.00	-88.66
483.00	-6005.42	0.00	-56.61
483.10	-6058.88	0.00	-24.34
483.20	-6070.83	0.00	8.02
483.30	-6066.98	0.00	40.36
483.40	-6057.83	0.00	72.54
483.50	-6043.04	0.00	104.43
483.60	-6022.06	0.00	135.90
483.70	-5994.18	0.00	166.84
483.80	-5958.50	0.00	197.13
483.90	-5913.99	0.00	226.63
484.00	-5859.51	0.00	255.24
484.10	-5793.80	0.00	282.84
484.20	-5715.54	0.00	309.33
484.30	-5623.38	0.00	334.60
484.40	-5515.95	0.00	358.54
484.50	-5391.90	0.00	381.07
484.60	-5249.96	0.00	402.10
484.70	-5088.93	0.00	421.54
484.80	-4907.76	0.00	439.32
484.90	-4705.52	0.00	455.36
485.00	-4481.50	0.00	469.60
485.10	-4235.17	0.00	481.99
485.20	-3966.25	0.00	492.48
485.30	-3674.72	0.00	501.03
485.40	-3360.82	0.00	507.60
485.50	-3025.10	0.00	512.16
485.60	-2668.38	0.00	514.71
485.70	-2291.78	0.00	515.22
485.80	-1896.75	0.00	513.70
485.90	-1485.01	0.00	510.15
486.00	-1058.56	0.00	504.59
486.10	-619.69	0.00	497.04
486.20	-170.94	0.00	487.52
486.30	284.93	0.00	476.09
486.40	744.95	0.00	462.77
486.50	1205.97	0.00	447.63
486.60	1664.70	0.00	430.72
486.70	2117.77	0.00	412.11
486.80	2561.70	0.00	391.87
486.90	2993.03	0.00	370.09
487.00	3408.28	0.00	346.84
487.10	3804.05	0.00	322.23
487.20	4177.02	0.00	296.35
487.30	4524.02	0.00	269.29
487.40	4842.05	0.00	241.18
487.50	5128.33	0.00	212.11
487.60	5380.34	0.00	182.20
487.70	5595.81	0.00	151.58
487.80	5772.83	0.00	120.36
487.90	5909.78	0.00	88.66
488.00	6005.42	0.00	56.61
488.10	6058.88	0.00	24.34
488.20	6070.83	0.00	-8.02
488.30	6066.98	0.00	-40.36
488.40	6057.83	0.00	-72.54
488.50	6043.04	0.00	-104.43
488.60	6022.06	0.00	-135.90
488.70	5994.18	0.00	-166.84
488.80	5958.50	0.00	-197.13
488.90	5913.99	0.00	-226.63
489.00	5859.51	0.00	-255.24
489.10	5793.80	0.00	-282.84
489.20	5715.54	0.00	-309.33
489.30	5623.38	0.00	-334.60
489.40	5515.95	0.00	-358.54
489.50	5391.90	0.00	-381.07
489.60	5249.96	0.00	-402.10
489.70	5088.93	0.00	-421.54
489.80	4907.76	0.00	-439.32
489.90	4705.52	0.00	-455.36
490.00	4481.50	0.00	-469.60
490.10	4235.17	0.00	-481.99
490.20	3966.25	0.00	-492.48
490.30	3674.72	0.00	-501.03
490.40	3360.82	0.00	-507.60
490.50	3025.10	0.00	-512.16
490.60	2668.38	0.00	-514.71
490.70	2291.78	0.00	-515.22
490.80	1896.75	0.00	-513.70
490.90	1485.01	0.00	-510.15
491.00	1058.56	0.00	-504.59
491.10	619.69	0.00	-497.04
491.20	170.94	0.00	-487.52
491.30	-284.93	0.00	-476.09
491.40	-744.95	0.00	-462.77
491.50	-1205.97	0.00	-447.63
491.60	-1664.70	0.00	-430.72
491.70	-2117.77	0.00	-412.11
491.80	-2561.70	0.00	-391.87
491.90	-2993.03	0.00	-370.09
492.00	-3408.28	0.00	-346.84
492.10	-3804.05	0.00	-322.23
492.20	-4177.02	0.00	-296.35
492.30	-4524.02	0.00	-269.29
492.40	-4842.05	0.00	-241.18
492.50	-5128.33	0.00	-212.11
492.60	-5380.34	0.00	-182.20
492.70	-5595.81	0.00	-151.58
492.80	-5772.83	0.00	-120.36
492.90	-5909.78	0.00	-88.66
493.00	-6005.42	0.00	-56.61
493.10	-6058.88	0.00	-24.34
493.20	-6070.83	0.00	8.02
493.30	-6066.98	0.00	40.36
493.40	-6057.83	0.00	72.54
493.50	-6043.04	0.00	104.43
493.60	-6022.06	0.00	135.90
493.70	-5994.18	0.00	166.84
493.80	-5958.50	0.00	197.13
493.90	-5913.99	0.00	226.63
494.00	-5859.51	0.00	255.24
494.10	-5793.80	0.00	282.84
494.20	-5715.54	0.00	309.33
494.30	-5623.38	0.00	334.60
494.40	-5515.95	0.00	358.54
494.50	-5391.90	0.00	381.07
494.60	-5249.96	0.00	402.10
494.70	-5088.93	0.00	421.54
494.80	-4907.76	0.00	439.32
494.90	-4705.52	0.00	455.36
495.00	-4481.50	0.00	469.60
495.10	-4235.17	0.00	481.99
495.20	-3966.25	0.00	492.48
495.30	-3674.72	0.00	501.03
495.40	-3360.82	0.00	507.60
495.50	-3025.10	0.00	512.16
495.60	-2668.38	0.00	514.71
495.70	-2291.78	0.00	515.22
495.80	-1896.75	0.00	513.70
495.90	-1485.01	0.00	510.15
496.00	-1058.56	0.00	504.59
496.10	-619.69	0.00	497.04
496.20	-170.94	0.00	487.52
496.30	284.93	0.00	476.09
496.40	744.95	0.00	462.77
496.50	1205.97	0.00	447.63
496.60	1664.70	0.00	430.72
496.70	2117.77	0.00	412.11
496.80	2561.70	0.00	391.87
496.90	2993.03	0.00	370.09
497.00	3408.28	0.00	346.84
497.10	3804.05	0.00	322.23
497.20	4177.02	0.00	296.35
497.30	4524.02	0.00	269.29
497.40	4842.05	0.00	241.18
497.50	5128.33	0.00	212.11
497.60	5380.34	0.00	182.20
497.70	5595.81	0.00	151.58
497.80	5772.83	0.00	120.36
497.90	5909.78	0.00	88.66
498.00	6005.42	0.00	56.61
498.10	6058.88	0.00	24.34
498.20	6070.83	0.00	-8.02
498.30	6066.98	0.00	-40.36
498.40	6057.83	0.00	-72.54
498.50	6043.04	0.00	-104.43
498.60	6022.06	0.00	-135.90
498.70	5994.18	0.00	-166.84
498.80	5958.50	0.00	-197.13
498.90	5913.99	0.00	-226.63
499.00	5859.51	0.00	-255.24
499.10	5793.80	0.00	-282.84
499.20	5715.54	0.00	-309.33
499.30	5623.38	0.00	-334.60
499.40	5515.95	0.00	-358.54
499.50	5391.90	0.00	-381.07
499.60	5249.96	0.00	-402.10
499.70	5088.93	0.00	-421.54
499.80	4907.76	0.00	-439.32
499.90	4705.52	0.00	-455.36
500.00	4481.50	0.00	-469.60
500.10	4235.17	0.00	-481.99
500.20	3966.25	0.00	-492.48
500.30	3674.72	0.00	-501.03
500.40	3360.82	0.00	-507.60
500.50	3025.10	0.00	-512.16
500.60	2668.38	0.00	-514.71
500.70	2291.78	0.00	-515.22
500.80	1896.75	0.00	-513.70
500.90	1485.01	0.00	-510.15
501.00	1058.56	0.00	-504.59
501.10	619.69	0.00	-497.04
501.20	170.94	0.00	-487.52
501.30	-284.93	0.00	-476.09
501.40	-744.95	0.00	-462.77
501.50	-1205.97	0.00	-447.63
501.60	-1664.70	0.00	-430.72
501.70	-2117.77	0.00	-412.11
501.80	-2561.70	0.00	-391.87
501.90	-2993.03	0.00	-370.09
502.00	-3408.28	0.00	-346.84
502.10	-3804.05	0.00	-322.23
502.20	-4177.02	0.00	-296.35
502.30	-4524.02	0.00	-269.29
502.40	-4842.05	0.00	-241.18
502.50	-5128.33	0.00	-212.11
502.60	-5380.34	0.00	-182.20
502.70	-5595.81	0.00	-151.58
502.80	-5772.83	0.00	-120.36
502.90	-5909.78	0.00	-88.66
503.00	-6005.42	0.00	-56.61
503.10	-6058.88	0.00	-24.34
503.20	-6070.83	0.00	8.02
503.30	-6066.98	0.00	40.36
503.40	-6057.83	0.00	72.54
503.50	-6043.04	0.00	104.43
503.60	-6022.06	0.00	135.90
503.70	-5994.18	0.00	166.84
503.80	-5958.50	0.00	197.13
503.90	-5913.99	0.00	226.63
504.00	-5859.51	0.00	255.24
504.10	-5793.80	0.00	282.84
504.20	-5715.54	0.00	309.33
504.30	-5623.38	0.00	334.60
504.40	-5515.95	0.00	358.54
504.50	-5391.90	0.00	381.07
504.60	-5249.96	0.00	402.10
504.70	-5088.93	0.00	421.54
504.80	-4907.76	0.00	439.32
504.90	-4705.52	0.00	455.36
505.00	-4481.50	0.00	469.60
505.10	-4235.17	0.00	481.99
505.20	-3966.25	0.00	492.48
505.30	-3674.72	0.00	501.03
505.40	-3360.82	0.00	507.60
505.50	-3025.10	0.00	512.16
505.60	-2668.38	0.00	514.71
505.70	-2291.78	0.00	515.22
505.80	-1896.75	0.00	513.70
505.90	-1485.01	0.00	510.15
506.00	-1058.56	0.00	504.59
506.10	-619.69	0.00	497.04
506.20	-170.94	0.00	487.52
506.30	284.93	0.00	476.09
506.40	744.95	0.00	462.77
506.50	1205.97	0.00	447.63
506.60	1664.70	0.00	430.72
506.70	2117.77	0.00	412.11
506.80	2561.70	0.00	391.87
506.90	2993.03	0.00	370.09
507.00	3408.28	0.00	346.84
507.10	3804.05	0.00	322.23
507.20	4177.02	0.00	296.35
507.30	4524.02	0.00	269.29
507.40	4842.05	0.00	241.18
507.50	5128.33	0.00	212.11
507.60	5380.34	0.00	182.20
507.70	5595.81	0.00	151.58
507.80	5772.83	0.00	120.36
507.90	5909.78	0.00	88.66
508.00	6005.42	0.00	56.61
508.10	6058.88	0.00	24.34
508.20	6070.83	0.00	-8.02
508.30	6066.98	0.00	-40.36
508.40	6057.83	0.00	-72.54
508.50	6043.04	0.00	-104.43
508.60	6022.06	0.00	-135.90
508.70	5994.18	0.00	-166.84
508.80	5958.50	0.00	-197.13
508.90	5913.99	0.00	-226.63
509.00	5859.51	0.00	-255.24
509.10	5793.80	0.00	-282.84
509.20	5715.54	0.00	-309.33
509.30	5623.38	0.00	-334.60
509.40	5515.95	0.00	-358.54
509.50	5391.90	0.00	-381.07
509.60	5249.96	0.00	-402.10
509.70	5088.93	0.00	-421.54
509.80	4907.76	0.00	-439.32
509.90	4705.52	0.00	-455.36
510.00	4481.50	0.00	-469.60
510.10	4235.17	0.00	-481.99
510.20	3966.25	0.00	-492.48
510.30	3674.72	0.00	-501.03
510.40	3360.82	0.00	-507.60
510.50	3025.10	0.00	-512.16
510.60	2668.38	0.00	-514.71
510.70	2291.78	0.00	-515.22
510.80	1896.75	0.00	-513.70
510.90	1485.01	0.00	-510.15
511.00	1058.56	0.00	-504.59
511.10	619.69	0.00	-497.04
511.20	170.94	0.00	-487.52
511.30	-284.93	0.00	-476.09
511.40	-744.95	0.00	-462.77
511.50	-1205.97	0.00	-447.63
511.60	-1664.70	0.00	-430.72
511.70	-2117.77	0.00	-412.11
511.80	-2561.70	0.00	-391.87
511.90	-2993.03	0.00	-370.09
512.00	-3408.28	0.00	-346.84
512.10	-3804.05	0.00	-322.23
512.20	-4177.02	0.00	-296.35
512.30	-4524.02	0.00	-269.29
512.40	-4842.05	0.00	-241.18
512.50	-5128.33	0.00	-212.11
512.60	-5380.34	0.00	-182.20
512.70	-5595.81	0.00	-151.58
512.80	-5772.83	0.00	-120.36
512.90	-5909.78	0.00	-88.66
513.00	-6005.42	0.00	-56.61
513.10	-6058.88	0.00	-24.34
513.20	-6070.83	0.00	8.02
513.30	-6066.98	0.00	40.36
513.40	-6057.83	0.00	72.54
513.50	-6043.04	0.00	104.43
513.60	-6022.06	0.00	135.90
513.70	-5994.18	0.00	166.84
513.80	-5958.50	0.00	197.13
513.90	-5913.99	0.00	226.63
514.00	-5859.51	0.00	255.24
514.10	-5793.80	0.00	282.84
514.20	-5715.54	0.00	309.33
514.30	-5623.38	0.00	334.60
514.40	-5515.95	0.00	358.54
514.50	-5391.90	0.00	381.07
514.60	-5249.96	0.00	402.10
514.70	-5088.93	0.00	421.54
514.80	-4907.76	0.00	439.32
514.90	-4705.52	0.00	455.36
515.00	-4481.50	0.00	469.60
515.10	-4235.17	0.00	481.99
515.20	-3966.25	0.00	492.48
515.30	-3674.72	0.00	501.03
515.40	-3360.82	0.00	507.60
515.50	-3025.10	0.00	512.16
515.60	-2668.38	0.00	514.71
515.70	-2291.78	0.00	515.22
515.80	-1896.75	0.00	513.70
515.90	-1485.01	0.00	510.15
516.00	-1058.56	0.00	504.59
516.10	-619.69	0.00	497.04
516.20	-170.94	0.00	487.52
516.30	284.93	0.00	476.09
516.40	744.95	0.00	462.77
516.50	1205.97	0.00	447.63
516.60	1664.70	0.00	430.72
516.70	2117.77	0.00	412.11
516.80	2561.70	0.00	391.87
516.90	2993.03	0.00	370.09
517.00	3408.28	0.00	346.84
517.10	3804.05	0.00	322.23
517.20	4177.02	0.00	296.35
517.30	4524.02	0.00	269.29
517.40	4842.05	0.00	241.18
517.50	5128.33	0.00	212.11
517.60	5380.34	0.00	182.20
517.70	5595.81	0.00	151.58
517.80	5772.83	0.00	120.36
517.90	5909.78	0.00	88.66
518.00	6005.42	0.00	56.61
518.10	6058.88	0.00	24.34
518.20	6070.83	0.00	-8.02
518.30	6066.98	0.00	-40.36
518.40	6057.83	0.00	-72.54
518.50	6043.04	0.00	-104.43
518.60	6022.06	0.00	-135.90
518.70	5994.18	0.00	-166.84
518.80	5958.50	0.00	-197.13
518.90	5913.99	0.00	-226.63
519.00	5859.51	0.00	-255.24
519.10	5793.80	0.00	-282.84
519.20	5715.54	0.00	-309.33
519.30	5623.38	0.00	-334.60
519.40	5515.95	0.00	-358.54
519.50	5391.90	0.00	-381.07
519.60	5249.96	0.00	-402.10
519.70	5088.93	0.00	-421.54
519.80	4907.76	0.00	-439.32
519.90	4705.52	0.00	-455.36
520.00	4481.50	0.00	-469.60
520.10	4235.17	0.00	-481.99
520.20	3966.25	0.00	-492.48
520.30	3674.72	0.00	-501.03
520.40	3360.82	0.00	-507.60
520.50	3025.10	0.00	-512.16
520.60	2668.38	0.00	-514.71
520.70	2291.78	0.00	-515.22
520.80	1896.75	0.00	-513.70
520.90	1485.01	0.00	-510.15
521.00	1058.56	0.00	-504.59
521.10	619.69	0.00	-497.04
521.20	170.94	0.00	-487.52
521.30	-284.93	0.00	-476.09
521.40	-744.95	0.00	-462.77
521.50	-1205.97	0.00	-447.63
521.60	-1664.70	0.00	-430.72
521.70	-2117.77	0.00	-412.11
521.80	-2561.70	0.00	-391.87
521.90	-2993.03	0.00	-370.09
522.00	-3408.28	0.00	-346.84
522.10	-3804.05	0.00	-322.23
522.20	-4177.02	0.00	-296.35
522.30	-4524.02	0.00	-269.29
522.40	-4842.05	0.00	-241.18
522.50	-5128.33	0.00	-212.11
522.60	-5380.34	0.00	-182.20
522.70	-5595.81	0.00	-151.58
522.80	-5772.83	0.00	-120.36
522.90	-5909.78	0.00	-88.66
523.00	-6005.42	0.00	-56.61
523.10	-6058.88	0.00	-24.34
523.20	-6070.83	0.00	8.02
523.30	-6066.98	0.00	40.36
523.40	-6057.83	0.00	72.54
523.50	-6043.04	0.00	104.43
523.60	-6022.06	0.00	135.90
523.70	-5994.18	0.00	166.84
523.80	-5958.50	0.00	197.13
523.90	-5913.99	0.00	226.63
524.00	-5859.51	0.00	255.24
524.10	-5793.80	0.00	282.84
524.20	-5715.54	0.00	309.33
524.30	-5623.38	0.00	334.60
524.40	-5515.95	0.00	358.54
524.50	-5391.90	0.00	381.07
524.60	-5249.96	0.00	402.10
524.70	-5088.93	0.00	421.54
524.80	-4907.76	0.00	439.32
524.90	-4705.52	0.00	455.36
525.00	-4481.50	0.00	469.60
525.10	-4235.17	0.00	481.99
525.20	-3966.25	0.00	492.48
525.30	-3674.72	0.00	501.03
525.40	-3360.82	0.00	507.60
525.50	-3025.10	0.00	512.16
525.60	-2668.38	0.00	514.71
525.70	-2291.78	0.00	515.22
525.80	-1896.75	0.00	513.70
525.90	-1485.01	0.00	510.15
526.00	-1058.56	0.00	504.59
526.10	-619.69	0.00	497.04
526.20	-170.94	0.00	487.52
526.30	284.93	0.00	476.09
526.40	744.95	0.00	462.77
526.50	1205.97	0.00	447.63
526.60	1664.70	0.00	430.72
526.70	2117.77	0.00	412.11
526.80	2561.70	0.00	391.87
526.90	2993.03	0.00	370.09
527.00	3408.28	0.00	346.84
527.10	3804.05	0.00	322.23
527.20	4177.02	0.00	296.35
527.30	4524.02	0.00	269.29
527.40	4842.05	0.00	241.18
527.50	5128.33	0.00	212.11
527.60	5380.34	0.00	182.20
527.70	5595.81	0.00	151.58
527.80	5772.83	0.00	120.36
527.90	5909.78	0.00	88.66
528.00	6005.42	0.00	56.61
528.10	6058.88	0.00	24.34
528.20	6070.83	0.00	-8.02
528.30	6066.98	0.00	-40.36
528.40	6057.83	0.00	-72.54
528.50	6043.04	0.00	-104.43
528.60	6022.06	0.00	-135.90
528.70	5994.18	0.00	-166.84
528.80	5958.50	0.00	-197.13
528.90	5913.99	0.00	-226.63
529.00	5859.51	0.00	-255.24
529.10	5793.80	0.00	-282.84
529.20	5715.54	0.00	-309.33
529.30	5623.38	0.00	-334.60
529.40	5515.95	0.00	-358.54
529.50	5391.90	0.00	-381.07
529.60	5249.96	0.00	-402.10
529.70	5088.93	0.00	-421.54
529.80	4907.76	0.00	-439.32
529.90	4705.52	0.00	-455.36
530.00	4481.50	0.00	-469.60
530.10	4235.17	0.00	-481.99
530.20	3966.25	0.00	-492.48
530.30	3674.72	0.00	-501.03
530.40	3360.82	0.00	-507.60
530.50	3025.10	0.00	-512.16
530.60	2668.38	0.00	-514.71
530.70	2291.78	0.00	-515.22
530.80	1896.75	0.00	-513.70
530.90	1485.01	0.00	-510.15
531.00	1058.56	0.00	-504.59
531.10	619.69	0.00	-497.04
531.20	170.94	0.00	-487.52
531.30	-284.93	0.00	-476.09
531.40	-744.95	0.00	-462.77
531.50	-1205.97	0.00	-447.63
531.60	-1664.70	0.00	-430.72
531.70	-2117.77	0.00	-412.11
531.80	-2561.70	0.00	-391.87
531.90	-2993.03	0.00	-370.09
532.00	-3408.28	0.00	-346.84
532.10	-3804.05	0.00	-322.23
532.20	-4177.02	0.00	-296.35
532.30	-4524.02	0.00	-269.29
532.40	-4842.05	0.00	-241.18
532.50	-5128.33	0.00	-212.11
532.60	-5380.34	0.00	-182.20
532.70	-5595.81	0.00	-151.58
532.80	-5772.83	0.00	-120.36
532.90	-5909.78	0.00	-88.66
533.00	-6005.42	0.00	-56.61
533.10	-6058.88	0.00	-24.34
533.20	-6070.83	0.00	8.02
533.30	-6066.98	0.00	40.36
533.40	-6057.83	0.00	72.54
533.50	-6043.04	0.00	104.43
533.60	-6022.06	0.00	135.90
533.70	-5994.18	0.00	166.84
533.80	-5958.50	0.00	197.13
533.90	-5913.99	0.00	226.63
534.00	-5859.51	0.00	255.24
534.10	-5793.80	0.00	282.84
534.20	-5715.54	0.00	309.33
534.30	-5623.38	0.00	334.60
534.40	-5515.95	0.00	358.54
534.50	-5391.90	0.00	381.07
534.60	-5249.96	0.00	402.10
534.70	-5088.93	0.00	421.54
534.80	-4907.76	0.00	439.32
534.90	-4705.52	0.00	455.36
535.00	-4481.50	0.00	469.60
535.10	-4235.17	0.00	481.99
535.20	-3966.25	0.00	492.48
535.30	-3674.72	0.00	501.03
535.40	-3360.82	0.00	507.60
535.50	-3025.10	0.00	512.16
535.60	-2668.38	0.00	514.71
535.70	-2291.78	0.00	515.22
535.80	-1896.75	0.00	513.70
535.90	-1485.01	0.00	510.15
536.00	-1058.56	0.00	504.59
536.10	-619.69	0.00	497.04
536.20	-170.94	0.00	487.52
536.30	284.93	0.00	476.09
536.40	744.95	0.00	462.77
536.50	1205.97	0.00	447.63
536.60	1664.70	0.00	430.72
536.70	2117.77	0.00	412.11
536.80	2561.70	0.00	391.87
536.90	2993.03	0.00	370.09
537.00	3408.28	0.00	346.84
537.10	3804.05	0.00	322.23
537.20	4177.02	0.00	296.35
537.30	4524.02	0.00	269.29
537.40	4842.05	0.00	241.18
537.50	5128.33	0.00	212.11
537.60	5380.34	0.00	182.20
537.70	5595.81	0.00	151.58
537.80	5772.83	0.00	120.36
537.90	5909.78	0.00	88.66
538.00	6005.42	0.00	56.61
538.10	6058.88	0.00	24.34
538.20	6070.83	0.00	-8.02
538.30	6066.98	0.00	-40.36
538.40	6057.83	0.00	-72.54
538.50	6043.04	0.00	-104.43
538.60	6022.06	0.00	-135.90
538.70	5994.18	0.00	-166.84
538.80	5958.50	0.00	-197.13
538.90	5913.99	0.00	-226.63
539.00	5859.51	0.00	-255.24
539.10	5793.80	0.00	-282.84
539.20	5715.54	0.00	-309.33
539.30	5623.38	0.00	-334.60
539.40	5515.95	0.00	-358.54
539.50	5391.90	0.00	-381.07
539.60	5249.96	0.00	-402.10
539.70	5088.93	0.00	-421.54
539.80	4907.76	0.00	-439.32
539.90	4705.52	0.00	-455.36
540.00	4481.50	0.00	-469.60
540.10	4235.17	0.00	-481.99
540.20	3966.25	0.00	-492.48
540.30	3674.72	0.00	-501.03
540.40	3360.82	0.00	-507.60
540.50	3025.10	0.00	-512.16
540.60	2668.38	0.00	-514.71
540.70	2291.78	0.00	-515.22
540.80	1896.75	0.00	-513.70
540.90	1485.01	0.00	-510.15
541.00	1058.56	0.00	-504.59
541.10	619.69	0.00	-497.04
541.20	170.94	0.00	-487.52
541.30	-284.93	0.00	-476.09
541.40	-744.95	0.00	-462.77
541.50	-1205.97	0.00	-447.63
541.60	-1664.70	0.00	-430.72
541.70	-2117.77	0.00	-412.11
541.80	-2561.70	0.00	-391.87
541.90	-2993.03	0.00	-370.09
542.00	-3408.28	0.00	-346.84
542.10	-3804.05	0.00	-322.23
542.20	-4177.02	0.00	-296.35
542.30	-4524.02	0.00	-269.29
542.40	-4842.05	0.00	-241.18
542.50	-5128.33	0.00	-212.11
542.60	-5380.34	0.00	-182.20
542.70	-5595.81	0.00	-151.58
542.80	-5772.83	0.00	-120.36
542.90	-5909.78	0.00	-88.66
543.00	-6005.42	0.00	-56.61
543.10	-6058.88	0.00	-24.34
543.20	-6070.83	0.00	8.02
543.30	-6066.98	0.00	40.36
543.40	-6057.83	0.00	72.54
543.50	-6043.04	0.00	104.43
543.60	-6022.06	0.00	135.90
543.70	-5994.18	0.00	166.84
543.80	-5958.50	0.00	197.13
543.90	-5913.99	0.00	226.63
544.00	-5859.51	0.00	255.24
544.10	-5793.80	0.00	282.84
544.20	-5715.54	0.00	309.33
544.30	-5623.38	0.00	334.60
544.40	-5515.95	0.00	358.54
544.50	-5391.90	0.00	381.07
544.60	-5249.96	0.00	402.10
544.70	-5088.93	0.00	421.54
544.80	-4907.76	0.00	439.32
544.90	-4705.52	0.00	455.36
545.00	-4481.50	0.00	469.60
545.10	-4235.17	0.00	481.99
545.20	-3966.25	0.00	492.48
545.30	-3674.72	0.00	501.03
545.40	-3360.82	0.00	507.60
545.50	-3025.10	0.00	512.16
545.60	-2668.38	0.00	514.71
545.70	-2291.78	0.00	515.22
545.80	-1896.75	0.00	513.70
545.90	-1485.01	0.00	510.15
546.00	-1058.56	0.00	504.59
546.10	-619.69	0.00	497.04
546.20	-170.94	0.00	487.52
546.30	284.93	0.00	476.09
546.40	744.95	0.00	462.77
546.50	1205.97	0.00	447.63
546.60	1664.70	0.00	430.72
546.70	2117.77	0.00	412.11
546.80	2561.70	0.00	391.87
546.90	2993.03	0.00	370.09
547.00	3408.28	0.00	346.84
547.10	3804.05	0.00	322.23
547.20	4177.02	0.00	296.35
547.30	4524.02	0.00	269.29
547.40	4842.05	0.00	241.18
547.50	5128.33	0.00	212.11
547.60	5380.34	0.00	182.20
547.70	5595.81	0.00	151.58
547.80	5772.83	0.00	120.36
547.90	5909.78	0.00	88.66
548.00	6005.42	0.00	56.61
548.10	6058.88	0.00	24.34
548.20	6070.83	0.00	-8.02
548.30	6066.98	0.00	-40.36
548.40	6057.83	0.00	-72.54
548.50	6043.04	0.00	-104.43
548.60	6022.06	0.00	-135.90
548.70	5994.18	0.00	-166.84
548.80	5958.50	0.00	-197.13
548.90	5913.99	0.00	-226.63
549.00	5859.51	0.00	-255.24
549.10	5793.80	0.00	-282.84
549.20	5715.54	0.00	-309.33
549.30	5623.38	0.00	-334.60
549.40	5515.95	0.00	-358.54
549.50	5391.90	0.00	-381.07
549.60	5249.96	0.00	-402.10
549.70	5088.93	0.00	-421.54
549.80	4907.76	0.00	-439.32
549.90	4705.52	0.00	-455.36
550.00	4481.50	0.00	-469.60
550.10	4235.17	0.00	-481.99
550.20	3966.25	0.00	-492.48
550.30	3674.72	0.00	-501.03
550.40	3360.82	0.00	-507.60
550.50	3025.10	0.00	-512.16
550.60	2668.38	0.00	-514.71
550.70	2291.78	0.00	-515.22
550.80	1896.75	0.00	-513.70
550.90	1485.01	0.00	-510.15
551.00	1058.56	0.00	-504.59
551.10	619.69	0.00	-497.04
551.20	170.94	0.00	-487.52
551.30	-284.93	0.00	-476.09
551.40	-744.95	0.00	-462.77
551.50	-1205.97	0.00	-447.63
551.60	-1664.70	0.00	-430.72
551.70	-2117.77	0.00	-412.11
551.80	-2561.70	0.00	-391.87
551.90	-2993.03	0.00	-370.09
552.00	-3408.28	0.00	-346.84
552.10	-3804.05	0.00	-322.23
552.20	-4177.02	0.00	-296.35
552.30	-4524.02	0.00	-269.29
552.40	-4842.05	0.00	-241.18
552.50	-5128.33	0.00	-212.11
552.60	-5380.34	0.00	-182.20
552.70	-5595.81	0.00	-151.58
552.80	-5772.83	0.00	-120.36
552.90	-5909.78	0.00	-88.66
553.00	-6005.42	0.00	-56.61
553.10	-6058.88	0.00	-24.34
553.20	-6070.83	0.00	8.02
553.30	-6066.98	0.00	40.36
553.40	-6057.83	0.00	72.54
553.50	-6043.04	0.00	104.43
553.60	-6022.06	0.00	135.90
553.70	-5994.18	0.00	166.84
553.80	-5958.50	0.00	197.13
553.90	-5913.99	0.00	226.63
554.00	-5859.51	0.00	255.24
554.10	-5793.80	0.00	282.84
554.20	-5715.54	0.00	309.33
554.30	-5623.38	0.00	334.60
554.40	-5515.95	0.00	358.54
554.50	-5391.90	0.00	381.07
554.60	-5249.96	0.00	402.10
554.70	-5088.93	0.00	421.54
554.80	-4907.76	0.00	439.32
554.90	-4705.52	0.00	455.36
555.00	-4481.50	0.00	469.60
555.10	-4235.17	0.00	481.99
555.20	-3966.25	0.00	492.48
555.30	-3674.72	0.00	501.03
555.40	-3360.82	0.00	507.60
555.50	-3025.10	0.00	512.16
555.60	-2668.38	0.00	514.71
555.70	-2291.78	0.00	515.22
555.80	-1896.75	0.00	513.70
555.90	-1485.01	0.00	510.15
556.00	-1058.56	0.00	504.59
556.10	-619.69	0.00	497.04
556.20	-170.94	0.00	487.52
556.30	284.93	0.00	476.09
556.40	744.95	0.00	462.77
556.50	1205.97	0.00	447.63
556.60	1664.70	0.00	430.72
556.70	2117.77	0.00	412.11
556.80	2561.70	0.00	391.87
556.90	2993.03	0.00	370.09
557.00	3408.28	0.00	346.84
557.10	3804.05	0.00	322.23
557.20	4177.02	0.00	296.35
557.30	4524.02	0.00	269.29
557.40	4842.05	0.00	241.18
557.50	5128.33	0.00	212.11
557.60	5380.34	0.00	182.20
557.70	5595.81	0.00	151.58
557.80	5772.83	0.00	120.36
557.90	5909.78	0.00	88.66
558.00	6005.42	0.00	56.61
558.10	6058.88	0.00	24.34
558.20	6070.83	0.00	-8.02
558.30	6066.98	0.00	-40.36
558.40	6057.83	0.00	-72.54
558.50	6043.04	0.00	-104.43
558.60	6022.06	0.00	-135.90
558.70	5994.18	0.00	-166.84
558.80	5958.50	0.00	-197.13
558.90	5913.99	0.00	-226.63
559.00	5859.51	0.00	-255.24
559.10	5793.80	0.00	-282.84
559.20	5715.54	0.00	-309.33
559.30	5623.38	0.00	-334.60
559.40	5515.95	0.00	-358.54
559.50	5391.90	0.00	-381.07
559.60	5249.96	0.00	-402.10
559.70	5088.93	0.00	-421.54
559.80	4907.76	0.00	-439.32
559.90	4705.52	0.00	-455.36
560.00	4481.50	0.00	-469.60
560.10	4235.17	0.00	-481.99
560.20	3966.25	0.00	-492.48
560.30	3674.72	0.00	-501.03
560.40	3360.82	0.00	-507.60
560.50	3025.10	0.00	-512.16
560.60	2668.38	0.00	-514.71
560.70	2291.78	0.00	-515.22
560.80	1896.75	0.00	-513.70
560.90	1485.01	0.00	-510.15
561.00	1058.56	0.00	-504.59
561.10	619.69	0.00	-497.04
561.20	170.94	0.00	-487.52
561.30	-284.93	0.00	-476.09
561.40	-744.95	0.00	-462.77
561.50	-1205.97	0.00	-447.63
561.60	-1664.70	0.00	-430.72
561.70	-2117.77	0.00	-412.11
561.80	-2561.70	0.00	-391.87
561.90	-2993.03	0.00	-370.09
562.00	-3408.28	0.00	-346.84
562.10	-3804.05	0.00	-322.23
562.20	-4177.02	0.00	-296.35
562.30	-4524.02	0.00	-269.29
562.40	-4842.05	0.00	-241.18
562.50	-5128.33	0.00	-212.11
562.60	-5380.34	0.00	-182.20
562.70	-5595.81	0.00	-151.58
562.80	-5772.83	0.00	-120.36
562.90	-5909.78	0.00	-88.66
563.00	-6005.42	0.00	-56.61
563.10	-6058.88	0.00	-24.34
563.20	-6070.83	0.00	8.02
563.30	-6066.98	0.00	40.36
563.40	-6057.83	0.00	72.54
563.50	-6043.04	0.00	104.43
563.60	-6022.06	0.00	135.90
563.70	-5994.18	0.00	166.84
563.80	-5958.50	0.00	197.13
563.90	-5913.99	0.00	226.63
564.00	-5859.51	0.00	255.24
564.10	-5793.80	0.00	282.84
564.20	-5715.54	0.00	309.33
564.30	-5623.38	0.00	334.60
564.40	-5515.95	0.00	358.54
564.50	-5391.90	0.00	381.07
564.60	-5249.96	0.00	402.10
564.70	-5088.93	0.00	421.54
564.80	-4907.76	0.00	439.32
564.90	-4705.52	0.00	455.36
565.00	-4481.50	0.00	469.60
565.10	-4235.17	0.00	481.99
565.20	-3966.25	0.00	492.48
565.30	-3674.72	0.00	501.03
565.40	-3360.82	0.00	507.60
565.50	-3025.10	0.00	512.16
565.60	-2668.38	0.00	514.71
565.70	-2291.78	0.00	515.22
565.80	-1896.75	0.00	513.70
565.90	-1485.01	0.00	510.15
566.00	-1058.56	0.00	504.59
566.10	-619.69	0.00	497.04
566.20	-170.94	0.00	487.52
566.30	284.93	0.00	476.09
566.40	744.95	0.00	462.77
566.50	1205.97	0.00	447.63
566.60	1664.70	0.00	430.72
566.70	2117.77	0.00	412.11
566.80	2561.70	0.00	391.87
566.90	2993.03	0.00	370.09
567.00	3408.28	0.00	346.84
567.10	3804.05	0.00	322.23
567.20	4177.02	0.00	296.35
567.30	4524.02	0.00	269.29
567.40	4842.05	0.00	241.18
567.50	5128.33	0.00	212.11
567.60	5380.34	0.00	182.20
567.70	5595.81	0.00	151.58
567.80	5772.83	0.00	120.36
567.90	5909.78	0.00	88.66
568.00	6005.42	0.00	56.61
568.10	6058.88	0.00	24.34
568.20	6070.83	0.00	-8.02
568.30	6066.98	0.00	-40.36
568.40	6057.83	0.00	-72.54
568.50	6043.04	0.00	-104.43
568.60	6022.06	0.00	-135.90
568.70	5994.18	0.00	-166.84
568.80	5958.50	0.00	-197.13
568.90	5913.99	0.00	-226.63
569.00	5859.51	0.00	-255.24
569.10	5793.80	0.00	-282.84
569.20	5715.54	0.00	-309.33
569.30	5623.38	0.00	-334.60
569.40	5515.95	0.00	-358.54
569.50	5391.90	0.00	-381.07
569.60	5249.96	0.00	-402.10
569.70	5088.93	0.00	-421.54
569.80	4907.76	0.00	-439.32
569.90	4705.52	0.00	-455.36
570.00	4481.50	0.00	-469.60
570.10	4235.17	0.00	-481.99
570.20	3966.25	0.00	-492.48
570.30	3674.72	0.00	-501.03
570.40	3360.82	0.00	-507.60
570.50	3025.10	0.00	-512.16
570.60	2668.38	0.00	-514.71
570.70	2291.78	0.00	-515.22
570.80	1896.75	0.00	-513.70
570.90	1485.01	0.00	-510.15
571.00	1058.56	0.00	-504.59
571.10	619.69	0.00	-497.04
571.20	170.94	0.00	-487.52
571.30	-284.93	0.00	-476.09
571.40	-744.95	0.00	-462.77
571.50	-1205.97	0.00	-447.63
571.60	-1664.70	0.00	-430.72
571.70	-2117.77	0.00	-412.11
571.80	-2561.70	0.00	-391.87
571.90	-2993.03	0.00	-370.09
572.00	-3408.28	0.00	-346.84
572.10	-3804.05	0.00	-322.23
572.20	-4177.02	0.00	-296.35
572.30	-4524.02	0.00	-269.29
572.40	-4842.05	0.00	-241.18
572.50	-5128.33	0.00	-212.11
572.60	-5380.34	0.00	-182.20
572.70	-5595.81	0.00	-151.58
572.80	-5772.83	0.00	-120.36
572.90	-5909.78	0.00	-88.66
573.00	-6005.42	0.00	-56.61
573.10	-6058.88	0.00	-24.34
573.20	-6070.83	0.00	8.02
573.30	-6066.98	0.00	40.36
573.40	-6057.83	0.00	72.54
573.50	-6043.04	0.00	104.43
573.60	-6022.06	0.00	135.90
573.70	-5994.18	0.00	166.84
573.80	-5958.50	0.00	197.13
573.90	-5913.99	0.00	226.63
574.00	-5859.51	0.00	255.24
574.10	-5793.80	0.00	282.84
574.20	-5715.54	0.00	309.33
574.30	-5623.38	0.00	334.60
574.40	-5515.95	0.00	358.54
574.50	-5391.90	0.00	381.07
574.60	-5249.96	0.00	402.10
574.70	-5088.93	0.00	421.54
574.80	-4907.76	0.00	439.32
574.90	-4705.52	0.00	455.36
575.00	-4481.50	0.00	469.60
575.10	-4235.17	0.00	481.99
575.20	-3966.25	0.00	492.48
575.30	-3674.72	0.00	501.03
575.40	-3360.82	0.00	507.60
575.50	-3025.10	0.00	512.16
575.60	-2668.38	0.00	514.71
575.70	-2291.78	0.00	515.22
575.80	-1896.75	0.00	513.70
575.90	-1485.01	0.00	510.15
576.00	-1058.56	0.00	504.59
576.10	-619.69	0.00	497.04
576.20	-170.94	0.00	487.52
576.30	284.93	0.00	476.09
576.40	744.95	0.00	462.77
576.50	1205.97	0.00	447.63
576.60	1664.70	0.00	430.72
576.70	2117.77	0.00	412.11
576.80	2561.70	0.00	391.87
576.90	2993.03	0.00	370.09
577.00	3408.28	0.00	346.84
577.10	3804.05	0.00	322.23
577.20	4177.02	0.00	296.35
577.30	4524.02	0.00	269.29
577.40	4842.05	0.00	241.18
577.50	5128.33	0.00	212.11
577.60	5380.34	0.00	182.20
577.70	5595.81	0.00	151.58
577.80	5772.83	0.00	120.36
577.90	5909.78	0.00	88.66
578.00	6005.42	0.00	56.61
578.10	6058.88	0.00	24.34
578.20	6070.83	0.00	-8.02
578.30	6066.98	0.00	-40.36
578.40	6057.83	0.00	-72.54
578.50	6043.04	0.00	-104.43
578.60	6022.06	0.00	-135.90
578.70	5994.18	0.00	-166.84
578.80	5958.50	0.00	-197.13
578.90	5913.99	0.00	-226.63
579.00	5859.51	0.00	-255.24
579.10	5793.80	0.00	-282.84
579.20	5715.54	0.00	-309.33
579.30	5623.38	0.00	-334.60
579.40	5515.95	0.00	-358.54
579.50	5391.90	0.00	-381.07
579.60	5249.96	0.00	-402.10
579.70	5088.93	0.00	-421.54
579.80	4907.76	0.00	-439.32
579.90	4705.52	0.00	-455.36
580.00	4481.50	0.00	-469.60
580.10	4235.17	0.00	-481.99
580.20	3966.25	0.00	-492.48
580.30	3674.72	0.00	-501.03
580.40	3360.82	0.00	-507.60
580.50	3025.10	0.00	-512.16
580.60	2668.38	0.00	-514.71
580.70	2291.78	0.00	-515.22
580.80	1896.75	0.00	-513.70
580.90	1485.01	0.00	-510.15
581.00	1058.56	0.00	-504.59
581.10	619.69	0.00	-497.04
581.20	170.94	0.00	-487.52
581.30	-284.93	0.00	-476.09
581.40	-744.95	0.00	-462.77
581.50	-1205.97	0.00	-447.63
581.60	-1664.70	0.00	-430.72
581.70	-2117.77	0.00	-412.11
581.80	-2561.70	0.00	-391.87
581.90	-2993.03	0.00	-370.09
582.00	-3408.28	0.00	-346.84
582.10	-3804.05	0.00	-322.23
582.20	-4177.02	0.00	-296.35
582.30	-4524.02	0.00	-269.29
582.40	-4842.05	0.00	-241.18
582.50	-5128.33	0.00	-212.11
582.60	-5380.34	0.00	-182.20
582.70	-5595.81	0.00	-151.58
582.80	-5772.83	0.00	-120.36
582.90	-5909.78	0.00	-88.66
583.00	-6005.42	0.00	-56.61
583.10	-6058.88	0.00	-24.34
583.20	-6070.83	0.00	8.02
583.30	-6066.98	0.00	40.36
583.40	-6057.83	0.00	72.54
583.50	-6043.04	0.00	104.43
583.60	-6022.06	0.00	135.90
583.70	-5994.18	0.00	166.84
583.80	-5958.50	0.00	197.13
583.90	-5913.99	0.00	226.63
584.00	-5859.51	0.00	255.24
584.10	-5793.80	0.00	282.84
584.20	-5715.54	0.00	309.33
584.30	-5623.38	0.00	334.60
584.40	-5515.95	0.00	358.54
584.50	-5391.90	0.00	381.07
584.60	-5249.96	0.00	402.10
584.70	-5088.93	0.00	421.54
584.80	-4907.76	0.00	439.32
584.90	-4705.52	0.00	455.36
585.00	-4481.50	0.00	469.60
585.10	-4235.17	0.00	481.99
585.20	-3966.25	0.00	492.48
585.30	-3674.72	0.00	501.03
585.40	-3360.82	0.00	507.60
585.50	-3025.10	0.00	512.16
585.60	-2668.38	0.00	514.71
585.70	-2291.78	0.00	515.22
585.80	-1896.75	0.00	513.70
585.90	-1485.01	0.00	510.15
586.00	-1058.56	0.00	504.59
586.10	-619.69	0.00	497.04
586.20	-170.94	0.00	487.52
586.30	284.93	0.00	476.09
586.40	744.95	0.00	462.77
586.50	1205.97	0.00	447.63
586.60	1664.70	0.00	430.72
586.70	2117.77	0.00	412.11
586.80	2561.70	0.00	391.87
586.90	2993.03	0.00	370.09
587.00	3408.28	0.00	346.84
587.10	3804.05	0.00	322.23
587.20	4177.02	0.00	296.35
587.30	4524.02	0.00	269.29
587.40	4842.05	0.00	241.18
587.50	5128.33	0.00	212.11
587.60	5380.34	0.00	182.20
587.70	5595.81	0.00	151.58
587.80	5772.83	0.00	120.36
587.90	5909.78	0.00	88.66
588.00	6005.42	0.00	56.61
588.10	6058.88	0.00	24.34
588.20	6070.83	0.00	-8.02
588.30	6066.98	0.00	-40.36
588.40	6057.83	0.00	-72.54
588.50	6043.04	0.00	-104.43
588.60	6022.06	0.00	-135.90
588.70	5994.18	0.00	-166.84
588.80	5958.50	0.00	-197.13
588.90	5913.99	0.00	-226.63
589.00	5859.51	0.00	-255.24
589.10	5793.80	0.00	-282.84
589.20	5715.54	0.00	-309.33
589.30	5623.38	0.00	-334.60
589.40	5515.95	0.00	-358.54
589.50	5391.90	0.00	-381.07
589.60	5249.96	0.00	-402.10
589.70	5088.93	0.00	-421.54
589.80	4907.76	0.00	-439.32
589.90	4705.52	0.00	-455.36
590.00	4481.50	0.00	-469.60
590.10	4235.17	0.00	-481.99
590.20	3966.25	0.00	-492.48
590.30	3674.72	0.00	-501.03
590.40	3360.82	0.00	-507.60
590.50	3025.10	0.00	-512.16
590.60	2668.38	0.00	-514.71
590.70	2291.78	0.00	-515.22
590.80	1896.75	0.00	-513.70
590.90	1485.01	0.00	-510.15
591.00	1058.56	0.00	-504.59
591.10	619.69	0.00	-497.04
591.20	170.94	0.00	-487.52
591.30	-284.93	0.00	-476.09
591.40	-744.95	0.00	-462.77
591.50	-1205.97	0.00	-447.63
591.60	-1664.70	0.00	-430.72
591.70	-2117.77	0.00	-412.11
591.80	-2561.70	0.00	-391.87
591.90	-2993.03	0.00	-370.09
592.00	-3408.28	0.00	-346.84
592.10	-3804.05	0.00	-322.23
592.20	-4177.02	0.00	-296.35
592.30	-4524.02	0.00	-269.29
592.40	-4842.05	0.00	-241.18
592.50	-5128.33	0.00	-212.11
592.60	-5380.34	0.00	-182.20
592.70	-5595.81	0.00	-151.58
592.80	-5772.83	0.00	-120.36
592.90	-5909.78	0.00	-88.66
593.00	-6005.42	0.00	-56.61
593.10	-6058.88	0.00	-24.34
593.20	-6070.83	0.00	8.02
593.30	-6066.98	0.00	40.36
593.40	-6057.83	0.00	72.54
593.50	-6043.04	0.00	104.43
593.60	-6022.06	0.00	135.90
593.70	-5994.18	0.00	166.84
593.80	-5958.50	0.00	197.13
593.90	-5913.99	0.00	226.63
594.00	-5859.51	0.00	255.24
594.10	-5793.80	0.00	282.84
594.20	-5715.54	0.00	309.33
594.30	-5623.38	0.00	334.60
594.40	-5515.95	0.00	358.54
594.50	-5391.90	0.00	381.07
594.60	-5249.96	0.00	402.10
594.70	-5088.93	0.00	421.54
594.80	-4907.76	0.00	439.32
594.90	-4705.52	0.00	455.36
595.00	-4481.50	0.00	469.60
595.10	-4235.17	0.00	481.99
595.20	-3966.25	0.00	492.48
595.30	-3674.72	0.00	501.03
595.40	-3360.82	0.00	507.60
595.50	-3025.10	0.00	512.16
595.60	-2668.38	0.00	514.71
595.70	-2291.78	0.00	515.22
595.80	-1896.75	0.00	513.70
595.90	-1485.01	0.00	510.15
596.00	-1058.56	0.00	504.59
596.10	-619.69	0.00	497.04
596.20	-170.94	0.00	487.52
596.30	284.93	0.00	476.09
596.40	744.95	0.00	462.77
596.50	1205.97	0.00	447.63
596.60	1664.70	0.00	430.72
596.70	2117.77	0.00	412.11
596.80	2561.70	0.00	391.87
596.90	2993.03	0.00	370.09
597.00	3408.28	0.00	346.84
597.10	3804.05	0.00	322.23
597.20	4177.02	0.00	296.35
597.30	4524.02	0.00	269.29
597.40	4842.05	0.00	241.18
597.50	5128.33	0.00	212.11
597.60	5380.34	0.00	182.20
597.70	5595.81	0.00	151.58
597.80	5772.83	0.00	120.36
597.90	5909.78	0.00	88.66
598.00	6005.42	0.00	56.61
598.10	6058.88	0.00	24.34
598.20	6070.83	0.00	-8.02
598.30	6066.98	0.00	-40.36
598.40	6057.83	0.00	-72.54
598.50	6043.04	0.00	-104.43
598.60	6022.06	0.00	-135.90
598.70	5994.18	0.00	-166.84
598.80	5958.50	0.00	-197.13
598.90	5913.99	0.00	-226.63
599.00	5859.51	0.00	-255.24
599.10	5793.80	0.00	-282.84
599.20	5715.54	0.00	-309.33
599.30	5623.38	0.00	-334.60
599.40	5515.95	0.00	-358.54
599.50	5391.90	0.00	-381.07
599.60	5249.96	0.00	-402.10
599.70	5088.93	0.00	-421.54
599.80	4907.76	0.00	-439.32
599.90	4705.52	0.00	-455.36
600.00	4481.50	0.00	-469.60
