Time(s)	Fx(N)	Fy(N)	Fz(N)
0.00	-8640.43	0.00	-7938.52
0.10	-9407.94	0.00	-7119.61
0.20	-10086.08	0.00	-6239.69
0.30	-10666.46	0.00	-5308.86
0.40	-11142.15	0.00	-4337.97
0.50	-11507.86	0.00	-3338.50
0.60	-11760.04	0.00	-2322.29
0.70	-11896.96	0.00	-1301.39
0.80	-11918.74	0.00	-287.81
0.90	-11827.33	0.00	706.70
1.00	-11626.47	0.00	1670.79
1.10	-11321.91	0.00	2593.81
1.20	-10929.81	0.00	3465.89
1.30	-10461.43	0.00	4278.18
1.40	-9924.48	0.00	5022.96
1.50	-9327.45	0.00	5693.77
1.60	-8679.40	0.00	6285.51
1.70	-7989.89	0.00	6794.49
1.80	-7268.74	0.00	7218.52
1.90	-6525.93	0.00	7556.85
2.00	-5771.38	0.00	7810.19
2.10	-5014.81	0.00	7980.65
2.20	-4265.53	0.00	8071.67
2.30	-3532.32	0.00	8087.91
2.40	-2823.21	0.00	8035.13
2.50	-2145.40	0.00	7920.03
2.60	-1505.10	0.00	7750.09
2.70	-907.43	0.00	7533.41
2.80	-356.31	0.00	7278.48
2.90	145.53	0.00	6994.03
3.00	596.65	0.00	6688.83
3.10	996.87	0.00	6371.45
3.20	1347.21	0.00	6050.13
3.30	1649.89	0.00	5732.57
3.40	1908.21	0.00	5425.79
3.50	2126.43	0.00	5135.96
3.60	2309.67	0.00	4868.29
3.70	2463.73	0.00	4626.94
3.80	2594.93	0.00	4414.90
3.90	2709.92	0.00	4234.00
4.00	2815.52	0.00	4084.84
4.10	2918.49	0.00	3966.80
4.20	3025.38	0.00	3878.09
4.30	3142.34	0.00	3815.79
4.40	3274.90	0.00	3775.96
4.50	3427.88	0.00	3753.72
4.60	3605.22	0.00	3743.36
4.70	3809.84	0.00	3738.57
4.80	4043.56	0.00	3732.50
4.90	4307.03	0.00	3718.00
5.00	4599.68	0.00	3687.80
5.10	4919.69	0.00	3634.67
5.20	5264.03	0.00	3551.60
5.30	5628.47	0.00	3432.05
5.40	6007.69	0.00	3270.03
5.50	6395.32	0.00	3060.33
5.60	6784.14	0.00	2798.65
5.70	7166.17	0.00	2481.72
5.80	7534.28	0.00	2107.39
5.90	7884.28	0.00	1674.75
6.00	8208.26	0.00	1184.17
6.10	8497.94	0.00	637.30
6.20	8745.22	0.00	37.10
6.30	8942.28	0.00	-612.21
6.40	9081.75	0.00	-1305.19
6.50	9156.90	0.00	-2035.30
6.60	9161.74	0.00	-2794.97
6.70	9091.19	0.00	-3575.76
6.80	8941.14	0.00	-4368.51
6.90	8708.61	0.00	-5163.52
7.00	8391.78	0.00	-5950.70
7.10	7990.07	0.00	-6719.81
7.20	7504.21	0.00	-7460.62
7.30	6936.20	0.00	-8163.13
7.40	6289.34	0.00	-8817.74
7.50	5568.19	0.00	-9415.47
7.60	4778.54	0.00	-9948.09
7.70	3927.29	0.00	-10408.31
7.80	3022.41	0.00	-10789.90
7.90	2072.75	0.00	-11087.79
8.00	1087.94	0.00	-11298.19
8.10	78.24	0.00	-11418.62
8.20	-945.69	0.00	-11447.99
8.30	-1972.91	0.00	-11386.52
8.40	-2992.47	0.00	-11235.81
8.50	-3993.55	0.00	-10998.72
8.60	-4965.69	0.00	-10679.33
8.70	-5898.99	0.00	-10282.82
8.80	-6784.27	0.00	-9815.35
8.90	-7613.26	0.00	-9283.92
9.00	-8378.71	0.00	-8696.20
9.10	-9074.55	0.00	-8060.38
9.20	-9695.97	0.00	-7384.97
9.30	-10239.47	0.00	-6678.64
9.40	-10702.89	0.00	-5950.02
9.50	-11085.42	0.00	-5207.53
9.60	-11387.56	0.00	-4459.24
9.70	-11611.03	0.00	-3712.66
9.80	-11758.70	0.00	-2974.65
9.90	-11834.45	0.00	-2251.28
10.00	-11843.02	0.00	-1547.72
10.10	-11794.50	0.00	-868.19
10.20	-11705.00	0.00	-215.87
10.30	-11580.75	0.00	407.08
10.40	-11427.56	0.00	999.57
10.50	-11251.06	0.00	1561.52
10.60	-11056.54	0.00	2093.84
10.70	-10848.86	0.00	2598.33
10.80	-10632.30	0.00	3077.61
10.90	-10410.46	0.00	3535.02
11.00	-10186.19	0.00	3974.46
11.10	-9961.49	0.00	4400.29
11.20	-9737.48	0.00	4817.13
11.30	-9514.34	0.00	5229.76
11.40	-9291.30	0.00	5642.94
11.50	-9066.68	0.00	6061.21
11.60	-8837.84	0.00	6488.83
11.70	-8601.30	0.00	6929.51
11.80	-8352.76	0.00	7386.39
11.90	-8087.19	0.00	7861.84
12.00	-7798.96	0.00	8357.35
12.10	-7481.92	0.00	8873.49
12.20	-7129.56	0.00	9409.79
12.30	-6735.14	0.00	9964.70
12.40	-6291.86	0.00	10535.54
12.50	-5792.99	0.00	11118.56
12.60	-5232.09	0.00	11708.84
12.70	-4603.17	0.00	12300.45
12.80	-3900.84	0.00	12886.40
12.90	-3120.52	0.00	13458.80
13.00	-2258.58	0.00	14008.93
13.10	-1312.55	0.00	14527.34
13.20	-281.25	0.00	15004.02
13.30	835.08	0.00	15428.54
13.40	2034.62	0.00	15790.21
13.50	3313.87	0.00	16078.26
13.60	4667.58	0.00	16282.01
13.70	6088.65	0.00	16391.10
13.80	7568.18	0.00	16395.62
13.90	9095.36	0.00	16286.33
14.00	10657.63	0.00	16054.86
14.10	12240.68	0.00	15693.86
14.20	13828.59	0.00	15197.19
14.30	15404.03	0.00	14560.05
14.40	16948.40	0.00	13779.15
14.50	18442.14	0.00	12852.81
14.60	19864.96	0.00	11781.06
14.70	21196.20	0.00	10565.73
14.80	22415.14	0.00	9210.52
14.90	23501.41	0.00	7720.97
15.00	24435.33	0.00	6104.54
15.10	25233.26	0.00	4370.50
15.20	25914.73	0.00	2529.95
15.30	26469.11	0.00	595.71
15.40	26886.15	0.00	-1417.81
15.50	27156.04	0.00	-3494.72
15.60	27269.51	0.00	-5617.80
15.70	27217.92	0.00	-7768.70
15.80	26993.43	0.00	-9928.14
15.90	26589.04	0.00	-12076.11
16.00	25998.85	0.00	-14192.11
16.10	25218.14	0.00	-16255.43
16.20	24243.60	0.00	-18245.34
16.30	23073.53	0.00	-20141.37
16.40	21708.00	0.00	-21923.62
16.50	20149.07	0.00	-23572.91
16.60	18400.95	0.00	-25071.14
16.70	16470.18	0.00	-26401.44
16.80	14365.78	0.00	-27548.45
16.90	12099.30	0.00	-28498.50
17.00	9684.92	0.00	-29239.82
17.10	7139.44	0.00	-29762.66
17.20	4482.20	0.00	-30059.50
17.30	1735.01	0.00	-30125.11
17.40	-1078.10	0.00	-29956.64
17.50	-3931.08	0.00	-29553.70
17.60	-6796.19	0.00	-28918.36
17.70	-9644.39	0.00	-28055.13
17.80	-12445.76	0.00	-26970.94
17.90	-15169.98	0.00	-25675.05
18.00	-17786.82	0.00	-24178.97
18.10	-20266.72	0.00	-22496.28
18.20	-22581.25	0.00	-20642.50
18.30	-24703.71	0.00	-18634.88
18.40	-26609.63	0.00	-16492.22
18.50	-28277.19	0.00	-14234.60
18.60	-29687.72	0.00	-11883.13
18.70	-30826.00	0.00	-9459.74
18.80	-31680.57	0.00	-6986.83
18.90	-32243.94	0.00	-4487.06
19.00	-32512.72	0.00	-1983.03
19.10	-32487.61	0.00	502.98
19.20	-32186.91	0.00	2949.29
19.30	-31703.12	0.00	5335.05
19.40	-31057.41	0.00	7640.51
19.50	-30256.30	0.00	9847.22
19.60	-29306.91	0.00	11938.24
19.70	-28216.98	0.00	13898.32
19.80	-26994.85	0.00	15714.03
19.90	-25649.50	0.00	17373.87
20.00	-24190.58	0.00	18868.38
20.10	-22628.36	0.00	20190.16
20.20	-20973.74	0.00	21333.92
20.30	-19238.21	0.00	22296.44
20.40	-17433.79	0.00	23076.52
20.50	-15572.94	0.00	23674.95
20.60	-13668.49	0.00	24094.37
20.70	-11733.48	0.00	24339.12
20.80	-9781.07	0.00	24415.16
20.90	-7824.34	0.00	24329.86
21.00	-5876.20	0.00	24091.80
21.10	-3949.21	0.00	23710.65
21.20	-2055.39	0.00	23196.88
21.30	-206.15	0.00	22561.64
21.40	1587.89	0.00	21816.52
21.50	3316.97	0.00	20973.35
21.60	4972.34	0.00	20044.05
21.70	6546.26	0.00	19040.43
21.80	8032.09	0.00	17974.05
21.90	9424.29	0.00	16856.06
22.00	10718.42	0.00	15697.11
22.10	11911.09	0.00	14507.22
22.20	12999.95	0.00	13295.72
22.30	13983.60	0.00	12071.19
22.40	14861.49	0.00	10841.42
22.50	15633.89	0.00	9613.40
22.60	16301.73	0.00	8393.32
22.70	16866.51	0.00	7186.61
22.80	17330.26	0.00	5997.96
22.90	17695.37	0.00	4831.36
23.00	17964.55	0.00	3690.20
23.10	18140.72	0.00	2577.30
23.20	18227.01	0.00	1495.00
23.30	18226.62	0.00	445.27
23.40	18142.84	0.00	-570.28
23.50	17979.00	0.00	-1550.27
23.60	17738.49	0.00	-2493.51
23.70	17424.69	0.00	-3398.92
23.80	17044.10	0.00	-4265.48
23.90	16623.40	0.00	-5092.22
24.00	16168.88	0.00	-5878.12
24.10	15681.44	0.00	-6622.14
24.20	15161.83	0.00	-7323.22
24.30	14610.74	0.00	-7980.22
24.40	14028.91	0.00	-8591.98
24.50	13417.11	0.00	-9157.33
24.60	12776.25	0.00	-9675.10
24.70	12107.40	0.00	-10144.17
24.80	11411.83	0.00	-10563.49
24.90	10691.04	0.00	-10932.14
25.00	9946.78	0.00	-11249.32
25.10	9181.04	0.00	-11514.45
25.20	8396.05	0.00	-11727.16
25.30	7594.30	0.00	-11887.32
25.40	6778.46	0.00	-11995.09
25.50	5951.42	0.00	-12050.90
25.60	5116.19	0.00	-12055.46
25.70	4275.93	0.00	-12009.80
25.80	3433.84	0.00	-11915.19
25.90	2593.19	0.00	-11773.18
26.00	1757.22	0.00	-11585.56
26.10	929.15	0.00	-11354.31
26.20	112.11	0.00	-11081.59
26.30	-690.86	0.00	-10769.69
26.40	-1476.85	0.00	-10420.97
26.50	-2243.05	0.00	-10037.86
26.60	-2986.84	0.00	-9622.80
26.70	-3705.70	0.00	-9178.21
26.80	-4397.27	0.00	-8706.43
26.90	-5059.28	0.00	-8209.77
27.00	-5689.60	0.00	-7690.42
27.10	-6286.15	0.00	-7150.48
27.20	-6846.95	0.00	-6591.97
27.30	-7370.02	0.00	-6016.79
27.40	-7853.44	0.00	-5426.80
27.50	-8295.29	0.00	-4823.83
27.60	-8693.65	0.00	-4209.67
27.70	-9046.59	0.00	-3586.15
27.80	-9352.22	0.00	-2955.18
27.90	-9608.66	0.00	-2318.76
28.00	-9814.07	0.00	-1679.05
28.10	-9966.70	0.00	-1038.42
28.20	-10064.94	0.00	-399.44
28.30	-10107.35	0.00	235.06
28.40	-10092.72	0.00	861.96
28.50	-10020.14	0.00	1477.88
28.60	-9889.07	0.00	2079.11
28.70	-9699.39	0.00	2661.71
28.80	-9451.44	0.00	3221.46
28.90	-9146.13	0.00	3753.93
29.00	-8785.01	0.00	4254.50
29.10	-8375.11	0.00	4718.46
29.20	-7921.48	0.00	5141.06
29.30	-7426.29	0.00	5517.57
29.40	-6892.32	0.00	5843.37
29.50	-6323.01	0.00	6114.08
29.60	-5722.44	0.00	6325.60
29.70	-5095.38	0.00	6474.26
29.80	-4447.21	0.00	6556.85
29.90	-3783.96	0.00	6570.78
30.00	-3112.24	0.00	6514.14
30.10	-2439.14	0.00	6385.74
30.20	-1772.22	0.00	6185.27
30.30	-1119.37	0.00	5913.26
30.40	-488.72	0.00	5571.20
30.50	111.50	0.00	5161.56
30.60	673.05	0.00	4687.76
30.70	1187.84	0.00	4154.24
30.80	1648.10	0.00	3566.40
30.90	2046.46	0.00	2930.61
31.00	2376.14	0.00	2254.11
31.10	2631.09	0.00	1545.02
31.20	2806.07	0.00	812.19
31.30	2896.86	0.00	65.16
31.40	2900.26	0.00	-685.95
31.50	2814.27	0.00	-1430.58
31.60	2638.13	0.00	-2157.84
31.70	2372.35	0.00	-2856.65
31.80	2018.79	0.00	-3515.88
31.90	1580.61	0.00	-4124.51
32.00	1062.33	0.00	-4671.79
32.10	469.73	0.00	-5147.37
32.20	-190.16	0.00	-5541.49
32.30	-909.15	0.00	-5845.10
32.40	-1677.98	0.00	-6050.05
32.50	-2486.42	0.00	-6149.19
32.60	-3323.42	0.00	-6136.56
32.70	-4177.16	0.00	-6007.44
32.80	-5035.31	0.00	-5758.53
32.90	-5885.04	0.00	-5388.00
33.00	-6713.29	0.00	-4895.58
33.10	-7506.81	0.00	-4282.63
33.20	-8252.39	0.00	-3552.16
33.30	-8936.96	0.00	-2708.85
33.40	-9547.76	0.00	-1759.03
33.50	-10072.47	0.00	-710.68
33.60	-10499.34	0.00	426.66
33.70	-10817.35	0.00	1641.95
33.80	-11016.35	0.00	2922.78
33.90	-11087.13	0.00	4255.45
34.00	-11021.65	0.00	5625.17
34.10	-10813.09	0.00	7016.20
34.20	-10456.00	0.00	8412.03
34.30	-9946.44	0.00	9795.59
34.40	-9282.09	0.00	11149.47
34.50	-8462.36	0.00	12456.13
34.60	-7488.50	0.00	13698.12
34.70	-6363.69	0.00	14858.31
34.80	-5093.12	0.00	15920.15
34.90	-3684.06	0.00	16867.84
35.00	-2145.85	0.00	17686.59
35.10	-489.97	0.00	18362.79
35.20	1270.03	0.00	18884.22
35.30	3118.60	0.00	19240.20
35.40	5038.26	0.00	19421.78
35.50	7009.75	0.00	19421.81
35.60	9012.24	0.00	19235.09
35.70	11023.53	0.00	18858.42
35.80	13020.36	0.00	18290.69
35.90	14978.63	0.00	17532.85
36.00	16873.86	0.00	16587.96
36.10	18681.43	0.00	15461.14
36.20	20377.06	0.00	14159.49
36.30	21937.15	0.00	12692.07
36.40	23339.24	0.00	11069.75
36.50	24562.30	0.00	9305.11
36.60	25587.24	0.00	7412.30
36.70	26412.17	0.00	5406.87
36.80	27080.39	0.00	3305.61
36.90	27590.06	0.00	1126.36
37.00	27935.16	0.00	-1112.19
37.10	28110.36	0.00	-3390.67
37.20	28111.02	0.00	-5689.27
37.30	27933.18	0.00	-7987.90
37.40	27573.61	0.00	-10266.44
37.50	27029.85	0.00	-12504.91
37.60	26300.29	0.00	-14683.66
37.70	25384.30	0.00	-16783.56
37.80	24282.28	0.00	-18786.20
37.90	22995.82	0.00	-20674.02
38.00	21527.85	0.00	-22430.49
38.10	19882.74	0.00	-24040.22
38.20	18066.44	0.00	-25489.13
38.30	16086.63	0.00	-26764.52
38.40	13952.74	0.00	-27855.20
38.50	11676.13	0.00	-28751.54
38.60	9270.04	0.00	-29445.55
38.70	6749.64	0.00	-29930.95
38.80	4132.01	0.00	-30203.18
38.90	1436.06	0.00	-30259.41
39.00	-1317.62	0.00	-30098.57
39.10	-4106.87	0.00	-29721.36
39.20	-6908.19	0.00	-29130.16
39.30	-9696.99	0.00	-28329.05
39.40	-12447.86	0.00	-27323.77
39.50	-15134.91	0.00	-26121.62
39.60	-17732.07	0.00	-24731.39
39.70	-20213.49	0.00	-23163.33
39.80	-22553.91	0.00	-21429.01
39.90	-24729.04	0.00	-19541.23
40.00	-26715.91	0.00	-17513.92
40.10	-28493.29	0.00	-15362.03
40.20	-30041.97	0.00	-13101.40
40.30	-31345.13	0.00	-10748.60
40.40	-32388.60	0.00	-8320.88
40.50	-33161.07	0.00	-5835.92
40.60	-33654.33	0.00	-3311.79
40.70	-33863.36	0.00	-766.75
40.80	-33820.46	0.00	1780.87
40.90	-33613.35	0.00	4312.83
41.00	-33247.12	0.00	6811.12
41.10	-32722.52	0.00	9258.09
41.20	-32040.36	0.00	11636.57
41.30	-31201.67	0.00	13930.04
41.40	-30207.75	0.00	16122.75
41.50	-29060.33	0.00	18199.79
41.60	-27761.69	0.00	20147.27
41.70	-26314.85	0.00	21952.34
41.80	-24723.66	0.00	23603.37
41.90	-22992.97	0.00	25089.95
42.00	-21128.77	0.00	26402.99
42.10	-19138.31	0.00	27534.80
42.20	-17030.14	0.00	28479.07
42.30	-14814.24	0.00	29230.97
42.40	-12502.00	0.00	29787.10
42.50	-10106.26	0.00	30145.55
42.60	-7641.24	0.00	30305.88
42.70	-5122.50	0.00	30269.05
42.80	-2566.80	0.00	30037.47
42.90	8.02	0.00	29614.89
43.00	2583.19	0.00	29006.41
43.10	5139.29	0.00	28218.36
43.20	7656.38	0.00	27258.27
43.30	10114.33	0.00	26134.78
43.40	12493.04	0.00	24857.57
43.50	14772.69	0.00	23437.27
43.60	16934.11	0.00	21885.35
43.70	18958.92	0.00	20214.03
43.80	20829.94	0.00	18436.22
43.90	22531.31	0.00	16565.35
44.00	24048.83	0.00	14615.32
44.10	25370.10	0.00	12600.36
44.20	26484.73	0.00	10534.95
44.30	27384.52	0.00	8433.70
44.40	28063.50	0.00	6311.23
44.50	28518.08	0.00	4182.10
44.60	28747.06	0.00	2060.65
44.70	28751.61	0.00	-39.02
44.80	28535.29	0.00	-2103.26
44.90	28117.80	0.00	-4118.86
45.00	27570.38	0.00	-6073.22
45.10	26905.59	0.00	-7954.39
45.20	26127.66	0.00	-9751.19
45.30	25241.01	0.00	-11453.27
45.40	24250.32	0.00	-13051.19
45.50	23160.55	0.00	-14536.45
45.60	21977.08	0.00	-15901.61
45.70	20705.69	0.00	-17140.29
45.80	19352.63	0.00	-18247.20
45.90	17924.68	0.00	-19218.21
46.00	16429.15	0.00	-20050.32
46.10	14873.90	0.00	-20741.72
46.20	13267.31	0.00	-21291.71
46.30	11618.29	0.00	-21700.78
46.40	9936.20	0.00	-21970.47
46.50	8230.80	0.00	-22103.44
46.60	6512.17	0.00	-22103.34
46.70	4790.63	0.00	-21974.80
46.80	3076.60	0.00	-21723.34
46.90	1380.50	0.00	-21355.27
47.00	-287.36	0.00	-20877.67
47.10	-1916.94	0.00	-20298.21
47.20	-3498.58	0.00	-19625.15
47.30	-5023.12	0.00	-18867.13
47.40	-6482.02	0.00	-18033.16
47.50	-7867.51	0.00	-17132.45
47.60	-9172.62	0.00	-16174.34
47.70	-10391.30	0.00	-15168.15
47.80	-11518.50	0.00	-14123.13
47.90	-12550.17	0.00	-13048.30
48.00	-13483.32	0.00	-11952.41
48.10	-14316.02	0.00	-10843.79
48.20	-15047.39	0.00	-9730.33
48.30	-15677.55	0.00	-8619.37
48.40	-16207.58	0.00	-7517.61
48.50	-16639.45	0.00	-6431.13
48.60	-16975.93	0.00	-5365.27
48.70	-17220.53	0.00	-4324.63
48.80	-17377.32	0.00	-3313.08
48.90	-17450.89	0.00	-2333.70
49.00	-17446.20	0.00	-1388.79
49.10	-17368.45	0.00	-479.95
49.20	-17223.00	0.00	391.98
49.30	-17015.20	0.00	1226.82
49.40	-16763.40	0.00	2025.00
49.50	-16489.80	0.00	2787.56
49.60	-16197.65	0.00	3516.00
49.70	-15889.51	0.00	4212.26
49.80	-15567.37	0.00	4878.62
49.90	-15232.64	0.00	5517.59
50.00	-14886.14	0.00	6131.87
50.10	-14528.09	0.00	6724.22
50.20	-14158.15	0.00	7297.37
50.30	-13775.42	0.00	7853.97
50.40	-13378.45	0.00	8396.43
50.50	-12965.33	0.00	8926.92
50.60	-12533.73	0.00	9447.25
50.70	-12080.92	0.00	9958.82
50.80	-11603.86	0.00	10462.53
50.90	-11099.31	0.00	10958.81
51.00	-10563.85	0.00	11447.50
51.10	-9994.00	0.00	11927.91
51.20	-9386.33	0.00	12398.73
51.30	-8737.51	0.00	12858.11
51.40	-8044.44	0.00	13303.61
51.50	-7304.34	0.00	13732.28
51.60	-6514.84	0.00	14140.69
51.70	-5674.06	0.00	14524.95
51.80	-4780.74	0.00	14880.80
51.90	-3834.24	0.00	15203.69
52.00	-2834.72	0.00	15488.83
52.10	-1783.09	0.00	15731.28
52.20	-681.15	0.00	15926.05
52.30	468.44	0.00	16068.17
52.40	1662.07	0.00	16152.81
52.50	2895.26	0.00	16175.30
52.60	4162.56	0.00	16131.31
52.70	5457.67	0.00	16016.85
52.80	6773.43	0.00	15828.37
52.90	8101.87	0.00	15562.85
53.00	9434.32	0.00	15217.82
53.10	10761.48	0.00	14791.42
53.20	12073.47	0.00	14282.46
53.30	13360.04	0.00	13690.40
53.40	14610.61	0.00	13015.44
53.50	15814.44	0.00	12258.46
53.60	16960.74	0.00	11421.04
53.70	18038.83	0.00	10505.46
53.80	19038.28	0.00	9514.68
53.90	19949.03	0.00	8452.29
54.00	20761.54	0.00	7322.48
54.10	21466.92	0.00	6130.04
54.20	22057.01	0.00	4880.26
54.30	22524.54	0.00	3578.90
54.40	22883.48	0.00	2232.17
54.50	23165.52	0.00	846.64
54.60	23368.62	0.00	-570.80
54.70	23490.15	0.00	-2012.96
54.80	23527.49	0.00	-3472.47
54.90	23478.10	0.00	-4941.73
55.00	23339.42	0.00	-6413.02
55.10	23108.98	0.00	-7878.56
55.20	22784.35	0.00	-9330.46
55.30	22363.21	0.00	-10760.84
55.40	21843.34	0.00	-12161.83
55.50	21222.75	0.00	-13525.62
55.60	20499.68	0.00	-14844.45
55.70	19672.67	0.00	-16110.68
55.80	18740.68	0.00	-17316.82
55.90	17703.14	0.00	-18455.54
56.00	16560.05	0.00	-19519.72
56.10	15312.08	0.00	-20502.46
56.20	13960.64	0.00	-21397.14
56.30	12508.02	0.00	-22197.47
56.40	10957.40	0.00	-22897.49
56.50	9312.99	0.00	-23491.63
56.60	7580.09	0.00	-23974.79
56.70	5765.11	0.00	-24342.34
56.80	3875.65	0.00	-24590.17
56.90	1920.46	0.00	-24714.79
57.00	-90.47	0.00	-24713.32
57.10	-2146.05	0.00	-24583.57
57.20	-4234.02	0.00	-24324.08
57.30	-6341.12	0.00	-23934.14
57.40	-8453.14	0.00	-23413.84
57.50	-10555.04	0.00	-22764.14
57.60	-12631.14	0.00	-21986.79
57.70	-14665.24	0.00	-21084.46
57.80	-16640.82	0.00	-20060.67
57.90	-18541.26	0.00	-18919.81
58.00	-20350.06	0.00	-17667.11
58.10	-22051.03	0.00	-16308.66
58.20	-23628.55	0.00	-14851.31
58.30	-25067.80	0.00	-13302.66
58.40	-26354.96	0.00	-11671.01
58.50	-27477.41	0.00	-9965.29
58.60	-28423.96	0.00	-8194.97
58.70	-29184.99	0.00	-6369.98
58.80	-29752.63	0.00	-4500.67
58.90	-30120.83	0.00	-2597.66
59.00	-30298.75	0.00	-671.78
59.10	-30359.83	0.00	1266.01
59.20	-30315.36	0.00	3204.76
59.30	-30164.76	0.00	5133.57
59.40	-29907.40	0.00	7041.68
59.50	-29542.58	0.00	8918.61
59.60	-29069.57	0.00	10754.13
59.70	-28487.65	0.00	12538.44
59.80	-27796.12	0.00	14262.12
59.90	-26994.40	0.00	15916.27
60.00	-26082.06	0.00	17492.46
60.10	-25058.89	0.00	18982.85
60.20	-23924.99	0.00	20380.13
60.30	-22680.86	0.00	21677.58
60.40	-21327.44	0.00	22869.06
60.50	-19866.26	0.00	23948.99
60.60	-18299.48	0.00	24912.37
60.70	-16629.99	0.00	25754.76
60.80	-14861.48	0.00	26472.25
60.90	-12998.55	0.00	27061.45
61.00	-11046.73	0.00	27519.50
61.10	-9012.59	0.00	27844.03
61.20	-6903.74	0.00	28033.17
61.30	-4728.91	0.00	28085.51
61.40	-2497.94	0.00	28000.16
61.50	-221.83	0.00	27776.72
61.60	2087.35	0.00	27415.31
61.70	4416.42	0.00	26916.55
61.80	6751.20	0.00	26281.67
61.90	9076.55	0.00	25512.45
62.00	11376.51	0.00	24611.33
62.10	13634.42	0.00	23581.39
62.20	15833.07	0.00	22426.43
62.30	17954.89	0.00	21151.00
62.40	19982.17	0.00	19760.42
62.50	21897.24	0.00	18260.81
62.60	23682.78	0.00	16659.14
62.70	25321.99	0.00	14963.23
62.80	26798.96	0.00	13181.71
62.90	28098.85	0.00	11324.09
63.00	29208.18	0.00	9400.64
63.10	30115.13	0.00	7422.45
63.20	30809.71	0.00	5401.25
63.30	31284.01	0.00	3349.45
63.40	31532.41	0.00	1279.98
63.50	31551.69	0.00	-793.83
63.60	31383.36	0.00	-2858.31
63.70	31093.16	0.00	-4899.66
63.80	30681.82	0.00	-6904.04
63.90	30149.60	0.00	-8857.77
64.00	29497.18	0.00	-10747.47
64.10	28725.73	0.00	-12560.22
64.20	27837.03	0.00	-14283.75
64.30	26833.53	0.00	-15906.59
64.40	25718.44	0.00	-17418.19
64.50	24495.83	0.00	-18809.11
64.60	23170.64	0.00	-20071.12
64.70	21748.77	0.00	-21197.33
64.80	20237.03	0.00	-22182.22
64.90	18643.21	0.00	-23021.80
65.00	16975.95	0.00	-23713.57
65.10	15244.75	0.00	-24256.59
65.20	13459.84	0.00	-24651.43
65.30	11632.09	0.00	-24900.17
65.40	9772.83	0.00	-25006.33
65.50	7893.72	0.00	-24974.78
65.60	6006.57	0.00	-24811.63
65.70	4123.18	0.00	-24524.13
65.80	2255.11	0.00	-24120.49
65.90	413.52	0.00	-23609.74
66.00	-1391.00	0.00	-23001.55
66.10	-3148.61	0.00	-22306.07
66.20	-4850.32	0.00	-21533.72
66.30	-6488.20	0.00	-20695.02
66.40	-8055.37	0.00	-19800.44
66.50	-9546.12	0.00	-18860.15
66.60	-10955.97	0.00	-17883.93
66.70	-12281.59	0.00	-16880.98
66.80	-13520.85	0.00	-15859.78
66.90	-14672.71	0.00	-14828.02
67.00	-15737.17	0.00	-13792.44
67.10	-16715.11	0.00	-12758.77
67.20	-17608.22	0.00	-11731.71
67.30	-18418.79	0.00	-10714.88
67.40	-19149.61	0.00	-9710.77
67.50	-19803.76	0.00	-8720.83
67.60	-20384.44	0.00	-7745.44
67.70	-20894.86	0.00	-6784.01
67.80	-21338.02	0.00	-5835.04
67.90	-21716.58	0.00	-4896.23
68.00	-22032.77	0.00	-3964.55
68.10	-22288.21	0.00	-3036.42
68.20	-22483.90	0.00	-2107.81
68.30	-22620.09	0.00	-1174.41
68.40	-22713.72	0.00	-231.76
68.50	-22801.43	0.00	724.60
68.60	-22882.71	0.00	1698.95
68.70	-22954.74	0.00	2695.26
68.80	-23013.61	0.00	3717.03
68.90	-23054.44	0.00	4767.15
69.00	-23071.38	0.00	5847.77
69.10	-23057.72	0.00	6960.22
69.20	-23005.95	0.00	8104.82
69.30	-22907.89	0.00	9280.89
69.40	-22754.76	0.00	10486.63
69.50	-22537.35	0.00	11719.08
69.60	-22246.14	0.00	12974.10
69.70	-21871.44	0.00	14246.36
69.80	-21403.58	0.00	15529.35
69.90	-20833.09	0.00	16815.46
70.00	-20150.85	0.00	18095.98
70.10	-19348.31	0.00	19361.24
70.20	-18417.72	0.00	20600.68
70.30	-17352.28	0.00	21803.01
70.40	-16146.39	0.00	22956.29
70.50	-14795.85	0.00	24048.14
70.60	-13298.04	0.00	25065.92
70.70	-11652.13	0.00	25996.83
70.80	-9859.26	0.00	26828.18
70.90	-7922.67	0.00	27547.54
71.00	-5847.85	0.00	28142.92
71.10	-3642.61	0.00	28602.98
71.20	-1317.18	0.00	28917.20
71.30	1115.80	0.00	29076.05
71.40	3641.30	0.00	29071.14
71.50	6241.96	0.00	28895.38
71.60	8898.24	0.00	28543.11
71.70	11588.54	0.00	28010.18
71.80	14289.50	0.00	27294.07
71.90	16976.19	0.00	26393.92
72.00	19622.49	0.00	25310.61
72.10	22201.41	0.00	24046.73
72.20	24685.48	0.00	22606.61
72.30	27047.20	0.00	20996.31
72.40	29259.43	0.00	19223.50
72.50	31295.86	0.00	17297.45
72.60	33131.45	0.00	15228.93
72.70	34742.85	0.00	13030.08
72.80	36108.81	0.00	10714.30
72.90	37210.56	0.00	8296.14
73.00	38032.17	0.00	5791.11
73.10	38576.34	0.00	3215.56
73.20	38956.33	0.00	586.50
73.30	39194.43	0.00	-2078.54
73.40	39287.42	0.00	-4761.71
73.50	39231.86	0.00	-7444.95
73.60	39024.10	0.00	-10110.21
73.70	38660.32	0.00	-12739.57
73.80	38136.64	0.00	-15315.40
73.90	37449.16	0.00	-17820.52
74.00	36594.19	0.00	-20238.31
74.10	35568.36	0.00	-22552.86
74.20	34368.81	0.00	-24749.07
74.30	32993.42	0.00	-26812.79
74.40	31440.97	0.00	-28730.87
74.50	29711.37	0.00	-30491.28
74.60	27805.87	0.00	-32083.20
74.70	25727.22	0.00	-33497.03
74.80	23479.87	0.00	-34724.48
74.90	21070.06	0.00	-35758.59
75.00	18505.96	0.00	-36593.80
75.10	15797.75	0.00	-37225.89
75.20	12957.63	0.00	-37652.05
75.30	9999.79	0.00	-37870.85
75.40	6940.42	0.00	-37882.21
75.50	3797.56	0.00	-37687.38
75.60	590.97	0.00	-37288.89
75.70	-2658.04	0.00	-36690.52
75.80	-5926.82	0.00	-35897.23
75.90	-9191.64	0.00	-34915.07
76.00	-12427.97	0.00	-33751.14
76.10	-15610.73	0.00	-32413.50
76.20	-18714.68	0.00	-30911.07
76.30	-21714.65	0.00	-29253.55
76.40	-24585.92	0.00	-27451.33
76.50	-27304.52	0.00	-25515.38
76.60	-29847.54	0.00	-23457.21
76.70	-32193.40	0.00	-21288.71
76.80	-34322.16	0.00	-19022.11
76.90	-36215.74	0.00	-16669.89
77.00	-37858.12	0.00	-14244.69
77.10	-39235.57	0.00	-11759.25
77.20	-40336.78	0.00	-9226.33
77.30	-41152.96	0.00	-6658.68
77.40	-41677.97	0.00	-4068.95
77.50	-41908.33	0.00	-1469.68
77.60	-41902.24	0.00	1126.77
77.70	-41789.52	0.00	3708.22
77.80	-41574.83	0.00	6262.74
77.90	-41257.31	0.00	8778.65
78.00	-40835.21	0.00	11244.54
78.10	-40305.95	0.00	13649.31
78.20	-39666.29	0.00	15982.18
78.30	-38912.41	0.00	18232.72
78.40	-38040.15	0.00	20390.86
78.50	-37045.16	0.00	22446.95
78.60	-35923.13	0.00	24391.75
78.70	-34669.98	0.00	26216.49
78.80	-33282.09	0.00	27912.90
78.90	-31756.54	0.00	29473.27
79.00	-30091.28	0.00	30890.47
79.10	-28285.39	0.00	32158.00
79.20	-26339.21	0.00	33270.07
79.30	-24254.53	0.00	34221.60
79.40	-22034.74	0.00	35008.34
79.50	-19684.90	0.00	35626.84
79.60	-17211.86	0.00	36074.53
79.70	-14624.27	0.00	36349.77
79.80	-11932.55	0.00	36451.84
79.90	-9148.93	0.00	36381.00
80.00	-6287.29	0.00	36138.45
80.10	-3363.08	0.00	35726.39
80.20	-393.18	0.00	35147.94
80.30	2604.32	0.00	34407.18
80.40	5610.30	0.00	33509.02
80.50	8604.83	0.00	32459.26
80.60	11567.46	0.00	31264.43
80.70	14477.45	0.00	29931.75
80.80	17314.04	0.00	28469.08
80.90	20056.70	0.00	26884.78
81.00	22685.40	0.00	25187.64
81.10	25180.83	0.00	23386.80
81.20	27524.64	0.00	21491.62
81.30	29699.63	0.00	19511.62
81.40	31689.90	0.00	17456.38
81.50	33481.06	0.00	15335.47
81.60	35060.25	0.00	13158.38
81.70	36416.35	0.00	10934.47
81.80	37539.93	0.00	8672.93
81.90	38423.37	0.00	6382.74
82.00	39060.84	0.00	4072.70
82.10	39448.32	0.00	1751.37
82.20	39583.57	0.00	-572.83
82.30	39491.08	0.00	-2891.67
82.40	39299.15	0.00	-5196.98
82.50	39024.50	0.00	-7480.69
82.60	38664.50	0.00	-9734.69
82.70	38215.44	0.00	-11950.82
82.80	37672.57	0.00	-14120.78
82.90	37030.28	0.00	-16236.10
83.00	36282.22	0.00	-18288.05
83.10	35421.48	0.00	-20267.67
83.20	34440.88	0.00	-22165.66
83.30	33333.16	0.00	-23972.45
83.40	32091.24	0.00	-25678.17
83.50	30708.60	0.00	-27272.70
83.60	29179.50	0.00	-28745.74
83.70	27499.34	0.00	-30086.85
83.80	25664.96	0.00	-31285.61
83.90	23674.96	0.00	-32331.72
84.00	21529.99	0.00	-33215.13
84.10	19233.02	0.00	-33926.24
84.20	16789.54	0.00	-34456.07
84.30	14207.81	0.00	-34796.42
84.40	11498.91	0.00	-34940.10
84.50	8676.90	0.00	-34881.13
84.60	5758.74	0.00	-34614.91
84.70	2764.26	0.00	-34138.41
84.80	-284.00	0.00	-33450.35
84.90	-3361.05	0.00	-32551.35
85.00	-6439.73	0.00	-31444.04
85.10	-9491.12	0.00	-30133.18
85.20	-12485.01	0.00	-28625.69
85.30	-15390.40	0.00	-26930.72
85.40	-18176.10	0.00	-25059.59
85.50	-20811.30	0.00	-23025.80
85.60	-23266.24	0.00	-20844.88
85.70	-25512.80	0.00	-18534.28
85.80	-27525.12	0.00	-16113.23
85.90	-29280.19	0.00	-13602.47
86.00	-30758.37	0.00	-11024.07
86.10	-31943.81	0.00	-8401.11
86.20	-32824.87	0.00	-5757.42
86.30	-33394.36	0.00	-3117.23
86.40	-33649.73	0.00	-504.88
86.50	-33593.10	0.00	2055.56
86.60	-33231.25	0.00	4540.61
86.70	-32575.41	0.00	6927.71
86.80	-31641.05	0.00	9195.57
86.90	-30467.48	0.00	11324.43
87.00	-29148.45	0.00	13296.40
87.10	-27703.32	0.00	15095.66
87.20	-26144.62	0.00	16708.71
87.30	-24485.84	0.00	18124.54
87.40	-22741.45	0.00	19334.78
87.50	-20926.77	0.00	20333.76
87.60	-19057.91	0.00	21118.61
87.70	-17151.62	0.00	21689.21
87.80	-15225.09	0.00	22048.17
87.90	-13295.80	0.00	22200.74
88.00	-11381.21	0.00	22154.66
88.10	-9498.53	0.00	21920.01
88.20	-7664.44	0.00	21508.96
88.30	-5894.81	0.00	20935.57
88.40	-4204.38	0.00	20215.48
88.50	-2606.53	0.00	19365.62
88.60	-1113.00	0.00	18403.93
88.70	266.28	0.00	17349.01
88.80	1523.44	0.00	16219.80
88.90	2652.72	0.00	15035.27
89.00	3650.60	0.00	13814.10
89.10	4515.80	0.00	12574.37
89.20	5249.25	0.00	11333.31
89.30	5854.01	0.00	10106.99
89.40	6335.15	0.00	8910.18
89.50	6699.52	0.00	7756.07
89.60	6955.57	0.00	6656.17
89.70	7113.10	0.00	5620.15
89.80	7182.93	0.00	4655.82
89.90	7176.69	0.00	3769.01
90.00	7106.44	0.00	2963.66
90.10	6984.40	0.00	2241.77
90.20	6822.68	0.00	1603.56
90.30	6632.98	0.00	1047.50
90.40	6426.36	0.00	570.52
90.50	6212.98	0.00	168.13
90.60	6001.96	0.00	-165.34
90.70	5801.18	0.00	-436.60
90.80	5617.17	0.00	-653.10
90.90	5455.06	0.00	-822.86
91.00	5318.51	0.00	-954.21
91.10	5209.69	0.00	-1055.56
91.20	5129.36	0.00	-1135.18
91.30	5076.89	0.00	-1200.98
91.40	5050.39	0.00	-1260.34
91.50	5046.82	0.00	-1319.93
91.60	5062.15	0.00	-1385.51
91.70	5091.51	0.00	-1461.91
91.80	5129.43	0.00	-1552.82
91.90	5169.96	0.00	-1660.82
92.00	5206.94	0.00	-1787.28
92.10	5234.16	0.00	-1932.42
92.20	5245.61	0.00	-2095.28
92.30	5235.63	0.00	-2273.82
92.40	5199.09	0.00	-2464.96
92.50	5131.59	0.00	-2664.74
92.60	5029.55	0.00	-2868.42
92.70	4890.38	0.00	-3070.63
92.80	4712.52	0.00	-3265.53
92.90	4495.51	0.00	-3446.99
93.00	4240.06	0.00	-3608.75
93.10	3947.98	0.00	-3744.64
93.20	3622.21	0.00	-3848.69
93.30	3266.79	0.00	-3915.37
93.40	2887.38	0.00	-3939.69
93.50	2489.76	0.00	-3917.38
93.60	2080.11	0.00	-3845.03
93.70	1665.22	0.00	-3720.16
93.80	1252.37	0.00	-3541.32
93.90	849.19	0.00	-3308.18
94.00	463.42	0.00	-3021.55
94.10	102.83	0.00	-2683.37
94.20	-225.03	0.00	-2296.73
94.30	-512.95	0.00	-1865.83
94.40	-754.27	0.00	-1395.90
94.50	-943.02	0.00	-893.14
94.60	-1074.05	0.00	-364.59
94.70	-1143.18	0.00	182.00
94.80	-1147.30	0.00	738.25
94.90	-1084.44	0.00	1295.39
95.00	-953.85	0.00	1844.35
95.10	-756.00	0.00	2375.96
95.20	-492.62	0.00	2881.11
95.30	-166.64	0.00	3350.95
95.40	217.82	0.00	3777.02
95.50	655.55	0.00	4151.40
95.60	1140.36	0.00	4466.92
95.70	1665.15	0.00	4717.22
95.80	2222.08	0.00	4896.94
95.90	2802.70	0.00	5001.76
96.00	3398.11	0.00	5028.51
96.10	3999.09	0.00	4975.24
96.20	4596.32	0.00	4841.21
96.30	5180.48	0.00	4626.97
96.40	5742.42	0.00	4334.29
96.50	6273.31	0.00	3966.16
96.60	6764.81	0.00	3526.73
96.70	7209.11	0.00	3021.21
96.80	7599.13	0.00	2455.82
96.90	7928.55	0.00	1837.62
97.00	8191.95	0.00	1174.45
97.10	8384.79	0.00	474.74
97.20	8503.57	0.00	-252.65
97.30	8545.74	0.00	-998.50
97.40	8509.84	0.00	-1753.50
97.50	8395.39	0.00	-2508.33
97.60	8202.96	0.00	-3253.83
97.70	7934.09	0.00	-3981.15
97.80	7591.30	0.00	-4681.92
97.90	7177.95	0.00	-5348.34
98.00	6698.28	0.00	-5973.28
98.10	6157.26	0.00	-6550.44
98.20	5560.49	0.00	-7074.35
98.30	4914.16	0.00	-7540.51
98.40	4224.92	0.00	-7945.37
98.50	3499.72	0.00	-8286.37
98.60	2745.77	0.00	-8561.96
98.70	1970.36	0.00	-8771.54
98.80	1180.77	0.00	-8915.45
98.90	384.17	0.00	-8994.93
99.00	-412.55	0.00	-9011.98
99.10	-1202.81	0.00	-8969.37
99.20	-1980.49	0.00	-8870.46
99.30	-2739.98	0.00	-8719.12
99.40	-3476.25	0.00	-8519.64
99.50	-4184.90	0.00	-8276.58
99.60	-4862.22	0.00	-7994.68
99.70	-5505.14	0.00	-7678.73
99.80	-6111.28	0.00	-7333.45
99.90	-6678.93	0.00	-6963.41
100.00	-7206.97	0.00	-6572.94
100.10	-7694.86	0.00	-6166.02
100.20	-8142.53	0.00	-5746.25
100.30	-8550.36	0.00	-5316.79
100.40	-8919.03	0.00	-4880.31
100.50	-9249.48	0.00	-4439.00
100.60	-9542.80	0.00	-3994.55
100.70	-9800.11	0.00	-3548.19
100.80	-10022.54	0.00	-3100.69
100.90	-10211.09	0.00	-2652.46
101.00	-10366.61	0.00	-2203.56
101.10	-10489.70	0.00	-1753.79
101.20	-10580.71	0.00	-1302.78
101.30	-10639.71	0.00	-850.06
101.40	-10667.66	0.00	-395.15
101.50	-10673.37	0.00	62.36
101.60	-10658.00	0.00	522.72
101.70	-10620.44	0.00	985.94
101.80	-10559.26	0.00	1451.75
101.90	-10472.85	0.00	1919.53
102.00	-10359.43	0.00	2388.25
102.10	-10217.17	0.00	2856.48
102.20	-10044.28	0.00	3322.37
102.30	-9839.06	0.00	3783.66
102.40	-9600.04	0.00	4237.70
102.50	-9326.03	0.00	4681.50
102.60	-9016.25	0.00	5111.78
102.70	-8670.32	0.00	5525.07
102.80	-8288.39	0.00	5917.76
102.90	-7871.18	0.00	6286.21
103.00	-7419.99	0.00	6626.87
103.10	-6936.71	0.00	6936.36
103.20	-6423.84	0.00	7211.58
103.30	-5884.46	0.00	7449.82
103.40	-5322.18	0.00	7648.85
103.50	-4741.10	0.00	7807.00
103.60	-4145.70	0.00	7923.24
103.70	-3540.76	0.00	7997.23
103.80	-2931.27	0.00	8029.36
103.90	-2322.28	0.00	8020.74
104.00	-1718.80	0.00	7973.25
104.10	-1125.65	0.00	7889.45
104.20	-547.36	0.00	7772.60
104.30	12.00	0.00	7626.50
104.40	548.89	0.00	7455.50
104.50	1060.43	0.00	7264.32
104.60	1544.46	0.00	7057.94
104.70	1999.65	0.00	6841.51
104.80	2425.49	0.00	6620.16
104.90	2822.34	0.00	6398.86
105.00	3191.39	0.00	6182.31
105.10	3534.66	0.00	5974.77
105.20	3854.92	0.00	5779.91
105.30	4155.58	0.00	5600.75
105.40	4440.60	0.00	5439.51
105.50	4714.37	0.00	5297.55
105.60	4981.53	0.00	5175.27
105.70	5246.82	0.00	5072.17
105.80	5514.92	0.00	4986.73
105.90	5790.28	0.00	4916.52
106.00	6076.93	0.00	4858.20
106.10	6378.35	0.00	4807.60
106.20	6697.31	0.00	4759.85
106.30	7035.70	0.00	4709.47
106.40	7394.50	0.00	4650.50
106.50	7773.62	0.00	4576.71
106.60	8171.87	0.00	4481.72
106.70	8586.94	0.00	4359.19
106.80	9015.42	0.00	4202.99
106.90	9452.78	0.00	4007.38
107.00	9893.49	0.00	3767.21
107.10	10331.12	0.00	3477.98
107.20	10758.43	0.00	3136.10
107.30	11167.56	0.00	2738.89
107.40	11550.43	0.00	2284.77
107.50	11908.24	0.00	1773.26
107.60	12238.33	0.00	1205.05
107.70	12533.38	0.00	582.01
107.80	12786.17	0.00	-92.81
107.90	12989.77	0.00	-815.29
108.00	13137.64	0.00	-1580.21
108.10	13223.75	0.00	-2381.43
108.20	13242.73	0.00	-3211.97
108.30	13189.89	0.00	-4064.13
108.40	13061.36	0.00	-4929.68
108.50	12854.13	0.00	-5799.95
108.60	12566.08	0.00	-6666.06
108.70	12196.04	0.00	-7519.04
108.80	11743.77	0.00	-8349.98
108.90	11209.98	0.00	-9150.23
109.00	10596.29	0.00	-9911.48
109.10	9905.24	0.00	-10625.95
109.20	9140.19	0.00	-11286.41
109.30	8305.30	0.00	-11886.39
109.40	7405.45	0.00	-12420.15
109.50	6446.20	0.00	-12882.77
109.60	5433.66	0.00	-13270.18
109.70	4374.44	0.00	-13579.20
109.80	3275.57	0.00	-13807.48
109.90	2144.38	0.00	-13953.49
110.00	988.48	0.00	-14016.52
110.10	-184.40	0.00	-13996.60
110.20	-1366.42	0.00	-13894.44
110.30	-2549.73	0.00	-13711.37
110.40	-3726.53	0.00	-13449.28
110.50	-4889.11	0.00	-13110.52
110.60	-6029.94	0.00	-12697.87
110.70	-7141.67	0.00	-12214.46
110.80	-8217.17	0.00	-11663.70
110.90	-9249.58	0.00	-11049.24
111.00	-10232.34	0.00	-10374.92
111.10	-11159.17	0.00	-9644.73
111.20	-12024.12	0.00	-8862.80
111.30	-12821.61	0.00	-8033.36
111.40	-13546.41	0.00	-7160.77
111.50	-14193.65	0.00	-6249.46
111.60	-14758.89	0.00	-5303.98
111.70	-15238.13	0.00	-4329.00
111.80	-15627.82	0.00	-3329.29
111.90	-15924.90	0.00	-2309.79
112.00	-16126.84	0.00	-1275.56
112.10	-16231.69	0.00	-231.84
112.20	-16238.08	0.00	815.97
112.30	-16149.65	0.00	1862.31
112.40	-15987.52	0.00	2901.46
112.50	-15754.21	0.00	3927.55
112.60	-15449.49	0.00	4934.58
112.70	-15073.34	0.00	5916.47
112.80	-14626.04	0.00	6867.05
112.90	-14108.17	0.00	7780.17
113.00	-13520.73	0.00	8649.72
113.10	-12865.18	0.00	9469.66
113.20	-12143.47	0.00	10234.16
113.30	-11358.10	0.00	10937.60
113.40	-10512.20	0.00	11574.68
113.50	-9609.49	0.00	12140.48
113.60	-8654.36	0.00	12630.57
113.70	-7651.83	0.00	13041.00
113.80	-6607.58	0.00	13368.46
113.90	-5527.91	0.00	13610.29
114.00	-4419.70	0.00	13764.54
114.10	-3290.36	0.00	13830.02
114.20	-2147.77	0.00	13806.36
114.30	-1000.17	0.00	13693.97
114.40	143.90	0.00	13494.14
114.50	1275.74	0.00	13208.96
114.60	2386.58	0.00	12841.34
114.70	3467.71	0.00	12395.02
114.80	4510.65	0.00	11874.44
114.90	5507.19	0.00	11284.79
115.00	6449.61	0.00	10631.86
115.10	7330.74	0.00	9922.02
115.20	8144.10	0.00	9162.13
115.30	8883.97	0.00	8359.42
115.40	9545.52	0.00	7521.42
115.50	10124.85	0.00	6655.85
115.60	10619.05	0.00	5770.50
115.70	11026.23	0.00	4873.16
115.80	11345.53	0.00	3971.49
115.90	11577.11	0.00	3072.91
116.00	11722.12	0.00	2184.56
116.10	11782.67	0.00	1313.15
116.20	11761.74	0.00	464.91
116.30	11663.12	0.00	-354.46
116.40	11491.27	0.00	-1139.88
116.50	11251.29	0.00	-1886.91
116.60	10948.75	0.00	-2591.77
116.70	10591.28	0.00	-3251.41
116.80	10193.96	0.00	-3863.45
116.90	9763.16	0.00	-4426.20
117.00	9303.72	0.00	-4938.66
117.10	8820.31	0.00	-5400.46
117.20	8317.44	0.00	-5811.81
117.30	7799.36	0.00	-6173.49
117.40	7270.04	0.00	-6486.74
117.50	6733.16	0.00	-6753.25
117.60	6192.03	0.00	-6975.05
117.70	5649.62	0.00	-7154.47
117.80	5108.53	0.00	-7294.03
117.90	4571.00	0.00	-7396.41
118.00	4038.89	0.00	-7464.38
118.10	3513.71	0.00	-7500.71
118.20	2996.63	0.00	-7508.12
118.30	2488.55	0.00	-7489.25
118.40	1990.04	0.00	-7446.59
118.50	1501.46	0.00	-7382.45
118.60	1022.97	0.00	-7298.92
118.70	554.54	0.00	-7197.88
118.80	96.05	0.00	-7080.93
118.90	-352.73	0.00	-6949.44
119.00	-792.05	0.00	-6804.51
119.10	-1222.18	0.00	-6646.98
119.20	-1643.33	0.00	-6477.46
119.30	-2055.66	0.00	-6296.35
119.40	-2459.22	0.00	-6103.82
119.50	-2853.95	0.00	-5899.90
119.60	-3239.63	0.00	-5684.43
119.70	-3615.89	0.00	-5457.16
119.80	-3982.19	0.00	-5217.76
119.90	-4337.81	0.00	-4965.82
120.00	-4681.85	0.00	-4700.92
120.10	-5013.25	0.00	-4422.66
120.20	-5330.77	0.00	-4130.65
120.30	-5633.03	0.00	-3824.59
120.40	-5918.52	0.00	-3504.26
120.50	-6185.59	0.00	-3169.56
120.60	-6432.53	0.00	-2820.52
120.70	-6657.54	0.00	-2457.32
120.80	-6858.80	0.00	-2080.33
120.90	-7034.45	0.00	-1690.06
121.00	-7182.68	0.00	-1287.26
121.10	-7301.71	0.00	-872.82
121.20	-7389.87	0.00	-447.88
121.30	-7445.74	0.00	-13.72
121.40	-7472.05	0.00	428.13
121.50	-7469.32	0.00	876.02
121.60	-7436.40	0.00	1328.07
121.70	-7372.25	0.00	1782.26
121.80	-7275.96	0.00	2236.43
121.90	-7146.77	0.00	2688.26
122.00	-6984.08	0.00	3135.36
122.10	-6787.45	0.00	3575.20
122.20	-6556.66	0.00	4005.21
122.30	-6291.67	0.00	4422.75
122.40	-5992.67	0.00	4825.17
122.50	-5660.08	0.00	5209.81
122.60	-5294.57	0.00	5574.01
122.70	-4897.05	0.00	5915.20
122.80	-4468.69	0.00	6230.84
122.90	-4010.90	0.00	6518.50
123.00	-3525.39	0.00	6775.86
123.10	-3014.12	0.00	7000.74
123.20	-2479.29	0.00	7191.13
123.30	-1923.39	0.00	7345.17
123.40	-1349.15	0.00	7461.23
123.50	-759.54	0.00	7537.89
123.60	-157.76	0.00	7573.95
123.70	452.76	0.00	7568.48
123.80	1068.41	0.00	7520.80
123.90	1685.41	0.00	7430.52
124.00	2299.80	0.00	7297.52
124.10	2907.52	0.00	7122.00
124.20	3504.42	0.00	6904.46
124.30	4086.29	0.00	6645.72
124.40	4648.91	0.00	6346.88
124.50	5188.06	0.00	6009.42
124.60	5699.60	0.00	5635.08
124.70	6179.50	0.00	5225.96
124.80	6623.87	0.00	4784.43
124.90	7029.06	0.00	4313.19
125.00	7391.62	0.00	3815.21
125.10	7708.42	0.00	3293.74
125.20	7976.67	0.00	2752.27
125.30	8193.95	0.00	2194.53
125.40	8358.29	0.00	1624.45
125.50	8468.14	0.00	1046.11
125.60	8522.48	0.00	463.76
125.70	8520.77	0.00	-118.28
125.80	8467.37	0.00	-695.61
125.90	8366.24	0.00	-1263.83
126.00	8218.12	0.00	-1818.57
126.10	8024.11	0.00	-2355.54
126.20	7785.69	0.00	-2870.57
126.30	7504.72	0.00	-3359.68
126.40	7183.41	0.00	-3819.10
126.50	6824.37	0.00	-4245.37
126.60	6430.53	0.00	-4635.31
126.70	6005.17	0.00	-4986.14
126.80	5551.87	0.00	-5295.47
126.90	5074.49	0.00	-5561.38
127.00	4577.12	0.00	-5782.39
127.10	4064.06	0.00	-5957.54
127.20	3539.76	0.00	-6086.38
127.30	3008.75	0.00	-6168.99
127.40	2475.62	0.00	-6205.98
127.50	1944.90	0.00	-6198.49
127.60	1421.08	0.00	-6148.15
127.70	908.48	0.00	-6057.10
127.80	411.19	0.00	-5927.92
127.90	-66.96	0.00	-5763.60
128.00	-522.45	0.00	-5567.53
128.10	-952.18	0.00	-5343.38
128.20	-1353.48	0.00	-5095.10
128.30	-1724.13	0.00	-4826.83
128.40	-2062.45	0.00	-4542.84
128.50	-2367.24	0.00	-4247.44
128.60	-2637.88	0.00	-3944.95
128.70	-2874.26	0.00	-3639.59
128.80	-3076.82	0.00	-3335.43
128.90	-3246.48	0.00	-3036.34
129.00	-3384.65	0.00	-2745.88
129.10	-3493.19	0.00	-2467.31
129.20	-3574.32	0.00	-2203.49
129.30	-3630.61	0.00	-1956.86
129.40	-3664.87	0.00	-1729.44
129.50	-3680.16	0.00	-1522.73
129.60	-3679.62	0.00	-1337.79
129.70	-3666.49	0.00	-1175.17
129.80	-3643.98	0.00	-1034.95
129.90	-3615.25	0.00	-916.75
130.00	-3583.29	0.00	-819.73
130.10	-3550.92	0.00	-742.69
130.20	-3520.71	0.00	-684.04
130.30	-3494.92	0.00	-641.88
130.40	-3475.50	0.00	-614.05
130.50	-3464.03	0.00	-598.18
130.60	-3461.72	0.00	-591.76
130.70	-3469.40	0.00	-592.16
130.80	-3487.52	0.00	-596.74
130.90	-3516.13	0.00	-602.88
131.00	-3554.94	0.00	-608.01
131.10	-3603.33	0.00	-609.72
131.20	-3660.35	0.00	-605.72
131.30	-3724.82	0.00	-593.94
131.40	-3796.20	0.00	-572.54
131.50	-3873.58	0.00	-539.93
131.60	-3955.32	0.00	-494.79
131.70	-4039.67	0.00	-436.05
131.80	-4124.84	0.00	-362.95
131.90	-4209.06	0.00	-274.96
132.00	-4290.57	0.00	-171.84
132.10	-4367.67	0.00	-53.53
132.20	-4438.76	0.00	79.76
132.30	-4502.36	0.00	227.68
132.40	-4557.11	0.00	389.73
132.50	-4601.77	0.00	565.26
132.60	-4635.27	0.00	753.56
132.70	-4656.64	0.00	953.86
132.80	-4665.05	0.00	1165.37
132.90	-4659.78	0.00	1387.28
133.00	-4640.18	0.00	1618.82
133.10	-4605.69	0.00	1859.24
133.20	-4555.75	0.00	2107.86
133.30	-4489.82	0.00	2364.04
133.40	-4407.36	0.00	2627.16
133.50	-4307.74	0.00	2896.67
133.60	-4190.28	0.00	3172.03
133.70	-4054.18	0.00	3452.68
133.80	-3898.53	0.00	3738.03
133.90	-3722.28	0.00	4027.42
134.00	-3524.27	0.00	4320.09
134.10	-3303.20	0.00	4615.12
134.20	-3057.64	0.00	4911.38
134.30	-2786.08	0.00	5207.53
134.40	-2486.96	0.00	5501.94
134.50	-2158.68	0.00	5792.69
134.60	-1799.70	0.00	6077.50
134.70	-1408.57	0.00	6353.74
134.80	-984.00	0.00	6618.40
134.90	-524.95	0.00	6868.12
135.00	-30.71	0.00	7099.15
135.10	499.04	0.00	7307.40
135.20	1064.12	0.00	7488.48
135.30	1663.78	0.00	7637.75
135.40	2296.61	0.00	7750.35
135.50	2960.49	0.00	7821.33
135.60	3652.52	0.00	7845.68
135.70	4368.95	0.00	7818.48
135.80	5105.20	0.00	7734.94
135.90	5855.80	0.00	7590.60
136.00	6614.42	0.00	7381.36
136.10	7373.89	0.00	7103.67
136.20	8126.28	0.00	6754.60
136.30	8862.92	0.00	6331.96
136.40	9574.58	0.00	5834.44
136.50	10251.52	0.00	5261.67
136.60	10883.72	0.00	4614.32
136.70	11460.96	0.00	3894.18
136.80	11973.07	0.00	3104.17
136.90	12410.13	0.00	2248.41
137.00	12765.32	0.00	1332.22
137.10	13043.45	0.00	362.10
137.20	13239.25	0.00	-654.34
137.30	13346.27	0.00	-1708.38
137.40	13358.69	0.00	-2790.32
137.50	13271.51	0.00	-3889.60
137.60	13080.59	0.00	-4994.89
137.70	12782.81	0.00	-6094.29
137.80	12376.18	0.00	-7175.45
137.90	11859.88	0.00	-8225.80
138.00	11234.41	0.00	-9232.69
138.10	10501.62	0.00	-10183.65
138.20	9664.76	0.00	-11066.53
138.30	8728.53	0.00	-11869.74
138.40	7699.10	0.00	-12582.46
138.50	6584.05	0.00	-13194.76
138.60	5392.38	0.00	-13697.83
138.70	4134.42	0.00	-14084.12
138.80	2821.71	0.00	-14347.48
138.90	1466.90	0.00	-14483.23
139.00	83.62	0.00	-14488.32
139.10	-1313.79	0.00	-14361.29
139.20	-2710.39	0.00	-14102.40
139.30	-4090.93	0.00	-13713.55
139.40	-5440.05	0.00	-13198.31
139.50	-6742.59	0.00	-12561.78
139.60	-7983.76	0.00	-11810.62
139.70	-9149.48	0.00	-10952.83
139.80	-10226.56	0.00	-9997.68
139.90	-11202.98	0.00	-8955.53
140.00	-12068.05	0.00	-7837.69
140.10	-12812.62	0.00	-6656.21
140.20	-13429.20	0.00	-5423.71
140.30	-13912.11	0.00	-4153.18
140.40	-14257.49	0.00	-2857.79
140.50	-14463.39	0.00	-1550.70
140.60	-14529.73	0.00	-244.87
140.70	-14458.25	0.00	1047.08
140.80	-14252.42	0.00	2313.07
140.90	-13923.04	0.00	3541.67
141.00	-13490.91	0.00	4722.23
141.10	-12962.51	0.00	5844.99
141.20	-12344.09	0.00	6901.14
141.30	-11642.39	0.00	7882.92
141.40	-10864.60	0.00	8783.60
141.50	-10018.21	0.00	9597.57
141.60	-9111.01	0.00	10320.26
141.70	-8150.98	0.00	10948.20
141.80	-7146.20	0.00	11478.90
141.90	-6104.86	0.00	11910.90
142.00	-5035.11	0.00	12243.62
142.10	-3945.09	0.00	12477.33
142.20	-2842.82	0.00	12613.09
142.30	-1736.18	0.00	12652.63
142.40	-632.90	0.00	12598.32
142.50	459.53	0.00	12453.04
142.60	1533.85	0.00	12220.14
142.70	2583.04	0.00	11903.35
142.80	3600.38	0.00	11506.71
142.90	4579.43	0.00	11034.54
143.00	5514.07	0.00	10491.36
143.10	6398.48	0.00	9881.86
143.20	7227.18	0.00	9210.88
143.30	7995.03	0.00	8483.36
143.40	8697.23	0.00	7704.35
143.50	9329.35	0.00	6878.97
143.60	9887.33	0.00	6012.44
143.70	10367.53	0.00	5110.06
143.80	10766.70	0.00	4177.23
143.90	11082.04	0.00	3219.44
144.00	11311.23	0.00	2242.28
144.10	11452.43	0.00	1251.46
144.20	11504.87	0.00	252.82
144.30	11477.93	0.00	-747.70
144.40	11375.06	0.00	-1744.04
144.50	11196.09	0.00	-2730.02
144.60	10941.09	0.00	-3699.38
144.70	10610.41	0.00	-4645.78
144.80	10204.70	0.00	-5562.86
144.90	9725.03	0.00	-6444.22
145.00	9172.87	0.00	-7283.53
145.10	8550.18	0.00	-8074.53
145.20	7859.46	0.00	-8811.10
145.30	7103.78	0.00	-9487.32
145.40	6286.84	0.00	-10097.56
145.50	5412.99	0.00	-10636.51
145.60	4487.24	0.00	-11099.27
145.70	3515.32	0.00	-11481.42
145.80	2503.61	0.00	-11779.08
145.90	1459.18	0.00	-11988.99
146.00	389.73	0.00	-12108.56
146.10	-696.44	0.00	-12135.94
146.20	-1790.52	0.00	-12070.07
146.30	-2883.24	0.00	-11910.71
146.40	-3964.98	0.00	-11658.48
146.50	-5025.89	0.00	-11314.88
146.60	-6055.98	0.00	-10882.32
146.70	-7045.29	0.00	-10364.10
146.80	-7983.98	0.00	-9764.38
146.90	-8862.54	0.00	-9088.23
147.00	-9671.89	0.00	-8341.50
147.10	-10403.54	0.00	-7530.82
147.20	-11049.75	0.00	-6663.56
147.30	-11603.63	0.00	-5747.69
147.40	-12059.29	0.00	-4791.76
147.50	-12411.95	0.00	-3804.80
147.60	-12658.02	0.00	-2796.16
147.70	-12795.16	0.00	-1775.51
147.80	-12829.33	0.00	-752.61
147.90	-12771.75	0.00	262.71
148.00	-12623.79	0.00	1260.73
148.10	-12387.44	0.00	2231.92
148.20	-12065.52	0.00	3167.10
148.30	-11661.59	0.00	4057.49
148.40	-11180.02	0.00	4894.89
148.50	-10625.89	0.00	5671.74
148.60	-10005.03	0.00	6381.26
148.70	-9323.94	0.00	7017.47
148.80	-8589.76	0.00	7575.34
148.90	-7810.19	0.00	8050.83
149.00	-6993.48	0.00	8440.94
149.10	-6148.27	0.00	8743.75
149.20	-5283.57	0.00	8958.47
149.30	-4408.61	0.00	9085.45
149.40	-3532.75	0.00	9126.17
149.50	-2665.36	0.00	9083.23
149.60	-1815.69	0.00	8960.32
149.70	-992.71	0.00	8762.19
149.80	-205.01	0.00	8494.58
149.90	539.35	0.00	8164.13
150.00	1233.00	0.00	7778.35
150.10	1869.34	0.00	7345.45
150.20	2442.73	0.00	6874.28
150.30	2948.53	0.00	6374.19
150.40	3383.24	0.00	5854.89
150.50	3744.57	0.00	5326.36
150.60	4031.49	0.00	4798.61
150.70	4244.28	0.00	4281.64
150.80	4384.55	0.00	3785.21
150.90	4455.21	0.00	3318.71
151.00	4460.45	0.00	2891.02
151.10	4405.71	0.00	2510.35
151.20	4297.58	0.00	2184.10
151.30	4143.67	0.00	1918.72
151.40	3952.56	0.00	1719.61
151.50	3733.63	0.00	1590.99
151.60	3496.88	0.00	1535.79
151.70	3252.82	0.00	1555.61
151.80	3012.24	0.00	1650.63
151.90	2786.08	0.00	1819.58
152.00	2585.20	0.00	2059.74
152.10	2420.20	0.00	2366.89
152.20	2301.25	0.00	2735.40
152.30	2237.87	0.00	3158.24
152.40	2238.76	0.00	3627.06
152.50	2311.66	0.00	4132.32
152.60	2463.10	0.00	4663.34
152.70	2698.31	0.00	5208.51
152.80	3021.07	0.00	5755.43
152.90	3433.54	0.00	6291.03
153.00	3936.21	0.00	6801.87
153.10	4527.75	0.00	7274.22
153.20	5204.98	0.00	7694.39
153.30	5962.82	0.00	8048.87
153.40	6794.26	0.00	8324.57
153.50	7690.40	0.00	8509.08
153.60	8640.47	0.00	8590.84
153.70	9631.96	0.00	8559.39
153.80	10651.66	0.00	8405.54
153.90	11693.95	0.00	8121.59
154.00	12747.64	0.00	7701.46
154.10	13798.87	0.00	7140.88
154.20	14833.25	0.00	6437.49
154.30	15835.98	0.00	5590.94
154.40	16791.99	0.00	4602.95
154.50	17686.17	0.00	3477.41
154.60	18503.44	0.00	2220.28
154.70	19228.91	0.00	839.69
154.80	19848.07	0.00	-654.22
154.90	20346.87	0.00	-2249.31
155.00	20711.93	0.00	-3931.62
155.10	20930.60	0.00	-5685.46
155.20	20991.19	0.00	-7493.65
155.30	20883.08	0.00	-9337.68
155.40	20596.92	0.00	-11197.95
155.50	20124.76	0.00	-13054.03
155.60	19460.24	0.00	-14884.90
155.70	18598.79	0.00	-16669.27
155.80	17537.81	0.00	-18385.81
155.90	16276.82	0.00	-20013.47
156.00	14817.66	0.00	-21531.78
156.10	13164.65	0.00	-22921.10
156.20	11324.68	0.00	-24162.94
156.30	9307.36	0.00	-25240.17
156.40	7125.07	0.00	-26137.29
156.50	4792.95	0.00	-26840.66
156.60	2328.90	0.00	-27338.66
156.70	-246.52	0.00	-27621.89
156.80	-2910.27	0.00	-27683.29
156.90	-5637.00	0.00	-27518.25
157.00	-8399.37	0.00	-27124.64
157.10	-11168.39	0.00	-26502.93
157.20	-13913.80	0.00	-25656.09
157.30	-16604.54	0.00	-24589.60
157.40	-19209.21	0.00	-23311.41
157.50	-21696.66	0.00	-21831.75
157.60	-24036.43	0.00	-20163.10
157.70	-26199.40	0.00	-18319.95
157.80	-28158.24	0.00	-16318.64
157.90	-29887.96	0.00	-14177.16
158.00	-31366.38	0.00	-11914.91
158.10	-32574.55	0.00	-9552.48
158.20	-33497.11	0.00	-7111.35
158.30	-34122.55	0.00	-4613.69
158.40	-34443.49	0.00	-2082.05
158.50	-34512.52	0.00	460.88
158.60	-34404.33	0.00	2992.56
158.70	-34120.94	0.00	5490.81
158.80	-33664.55	0.00	7934.10
158.90	-33037.92	0.00	10301.74
159.00	-32244.40	0.00	12574.14
159.10	-31288.03	0.00	14732.98
159.20	-30173.58	0.00	16761.39
159.30	-28906.65	0.00	18644.12
159.40	-27493.80	0.00	20367.69
159.50	-25942.57	0.00	21920.45
159.60	-24261.59	0.00	23292.71
159.70	-22460.64	0.00	24476.81
159.80	-20550.64	0.00	25467.12
159.90	-18543.69	0.00	26260.08
160.00	-16452.99	0.00	26854.15
160.10	-14292.81	0.00	27249.83
160.20	-12078.36	0.00	27449.55
160.30	-9825.62	0.00	27457.61
160.40	-7551.21	0.00	27280.07
160.50	-5272.20	0.00	26924.64
160.60	-3005.79	0.00	26400.51
160.70	-769.20	0.00	25718.24
160.80	1420.69	0.00	24889.55
160.90	3547.55	0.00	23927.20
161.00	5595.82	0.00	22844.74
161.10	7551.02	0.00	21656.37
161.20	9399.90	0.00	20376.73
161.30	11130.68	0.00	19020.71
161.40	12733.16	0.00	17603.27
161.50	14198.92	0.00	16139.26
161.60	15521.37	0.00	14643.22
161.70	16695.79	0.00	13129.26
161.80	17719.39	0.00	11610.86
161.90	18591.24	0.00	10100.77
162.00	19312.24	0.00	8610.87
162.10	19885.01	0.00	7152.05
162.20	20313.77	0.00	5734.15
162.30	20604.19	0.00	4365.88
162.40	20763.19	0.00	3054.77
162.50	20798.80	0.00	1807.11
162.60	20719.92	0.00	628.00
162.70	20536.12	0.00	-478.73
162.80	20257.45	0.00	-1510.42
162.90	19894.20	0.00	-2465.58
163.00	19456.75	0.00	-3343.85
163.10	18955.36	0.00	-4145.90
163.20	18399.98	0.00	-4873.37
163.30	17810.51	0.00	-5528.77
163.40	17218.35	0.00	-6115.39
163.50	16629.26	0.00	-6637.22
163.60	16047.24	0.00	-7098.77
163.70	15475.52	0.00	-7505.01
163.80	14916.63	0.00	-7861.27
163.90	14372.34	0.00	-8173.06
164.00	13843.70	0.00	-8446.01
164.10	13331.06	0.00	-8685.72
164.20	12834.04	0.00	-8897.70
164.30	12351.66	0.00	-9087.22
164.40	11882.29	0.00	-9259.24
164.50	11423.76	0.00	-9418.32
164.60	10973.38	0.00	-9568.54
164.70	10528.04	0.00	-9713.43
164.80	10084.23	0.00	-9855.94
164.90	9638.19	0.00	-9998.35
165.00	9185.92	0.00	-10142.28
165.10	8723.32	0.00	-10288.63
165.20	8246.25	0.00	-10437.62
165.30	7750.65	0.00	-10588.75
165.40	7232.61	0.00	-10740.85
165.50	6688.50	0.00	-10892.10
165.60	6115.01	0.00	-11040.07
165.70	5509.30	0.00	-11181.76
165.80	4869.04	0.00	-11313.73
165.90	4192.52	0.00	-11432.09
166.00	3478.70	0.00	-11532.64
166.10	2727.30	0.00	-11610.94
166.20	1938.80	0.00	-11662.42
166.30	1114.55	0.00	-11682.48
166.40	256.73	0.00	-11666.57
166.50	-631.62	0.00	-11610.32
166.60	-1546.59	0.00	-11509.64
166.70	-2483.44	0.00	-11360.81
166.80	-3436.65	0.00	-11160.55
166.90	-4399.98	0.00	-10906.17
167.00	-5366.53	0.00	-10595.56
167.10	-6328.84	0.00	-10227.32
167.20	-7279.02	0.00	-9800.78
167.30	-8208.82	0.00	-9316.05
167.40	-9109.83	0.00	-8774.03
167.50	-9973.55	0.00	-8176.44
167.60	-10791.59	0.00	-7525.80
167.70	-11555.78	0.00	-6825.39
167.80	-12258.33	0.00	-6079.26
167.90	-12891.98	0.00	-5292.14
168.00	-13450.11	0.00	-4469.41
168.10	-13926.86	0.00	-3617.00
168.20	-14317.27	0.00	-2741.31
168.30	-14617.32	0.00	-1849.16
168.40	-14824.05	0.00	-947.63
168.50	-14935.58	0.00	-44.02
168.60	-14951.14	0.00	854.28
168.70	-14871.12	0.00	1739.90
168.80	-14696.98	0.00	2605.55
168.90	-14431.29	0.00	3444.17
169.00	-14080.82	0.00	4248.97
169.10	-13665.90	0.00	5013.55
169.20	-13192.36	0.00	5731.96
169.30	-12664.05	0.00	6398.76
169.40	-12085.24	0.00	7009.09
169.50	-11460.58	0.00	7558.72
169.60	-10795.09	0.00	8044.11
169.70	-10094.10	0.00	8462.38
169.80	-9363.19	0.00	8811.39
169.90	-8608.16	0.00	9089.74
170.00	-7835.02	0.00	9296.74
170.10	-7049.84	0.00	9432.44
170.20	-6258.81	0.00	9497.61
170.30	-5468.08	0.00	9493.72
170.40	-4683.78	0.00	9422.87
170.50	-3911.90	0.00	9287.85
170.60	-3158.27	0.00	9092.02
170.70	-2428.46	0.00	8839.28
170.80	-1727.74	0.00	8534.06
170.90	-1061.02	0.00	8181.24
171.00	-432.75	0.00	7786.08
171.10	153.06	0.00	7354.19
171.20	692.98	0.00	6891.46
171.30	1184.15	0.00	6403.95
171.40	1624.32	0.00	5897.89
171.50	2011.92	0.00	5379.55
171.60	2346.06	0.00	4855.21
171.70	2626.53	0.00	4331.05
171.80	2853.83	0.00	3813.09
171.90	3029.15	0.00	3307.12
172.00	3154.35	0.00	2818.63
172.10	3231.92	0.00	2352.74
172.20	3264.97	0.00	1914.12
172.30	3257.15	0.00	1506.95
172.40	3212.59	0.00	1134.86
172.50	3135.85	0.00	800.87
172.60	3031.82	0.00	507.39
172.70	2905.65	0.00	256.13
172.80	2762.67	0.00	48.15
172.90	2608.27	0.00	-116.20
173.00	2447.84	0.00	-237.25
173.10	2286.66	0.00	-316.01
173.20	2129.82	0.00	-354.12
173.30	1982.15	0.00	-353.87
173.40	1848.10	0.00	-318.07
173.50	1731.73	0.00	-250.08
173.60	1636.59	0.00	-153.68
173.70	1565.70	0.00	-33.04
173.80	1521.51	0.00	107.39
173.90	1505.84	0.00	262.92
174.00	1519.90	0.00	428.74
174.10	1564.23	0.00	600.00
174.20	1638.76	0.00	771.87
174.30	1742.79	0.00	939.65
174.40	1874.99	0.00	1098.85
174.50	2033.51	0.00	1245.22
174.60	2215.95	0.00	1374.87
174.70	2419.43	0.00	1484.31
174.80	2640.67	0.00	1570.50
174.90	2876.06	0.00	1630.86
175.00	3121.68	0.00	1663.37
175.10	3373.42	0.00	1666.54
175.20	3627.06	0.00	1639.43
175.30	3878.30	0.00	1581.64
175.40	4122.87	0.00	1493.37
175.50	4356.63	0.00	1375.29
175.60	4575.57	0.00	1228.61
175.70	4775.92	0.00	1055.01
175.80	4954.24	0.00	856.60
175.90	5107.40	0.00	635.85
176.00	5232.69	0.00	395.58
176.10	5327.82	0.00	138.90
176.20	5391.00	0.00	-130.88
176.30	5422.91	0.00	-410.28
176.40	5423.89	0.00	-695.74
176.50	5393.58	0.00	-983.64
176.60	5332.01	0.00	-1270.38
176.70	5239.61	0.00	-1552.46
176.80	5117.21	0.00	-1826.48
176.90	4965.97	0.00	-2089.22
177.00	4787.40	0.00	-2337.69
177.10	4583.28	0.00	-2569.14
177.20	4355.68	0.00	-2781.13
177.30	4106.87	0.00	-2971.52
177.40	3839.31	0.00	-3138.50
177.50	3555.62	0.00	-3280.61
177.60	3258.50	0.00	-3396.74
177.70	2950.71	0.00	-3486.14
177.80	2635.04	0.00	-3548.39
177.90	2314.26	0.00	-3583.41
178.00	1991.09	0.00	-3591.43
178.10	1668.17	0.00	-3572.98
178.20	1347.99	0.00	-3528.84
178.30	1032.94	0.00	-3460.05
178.40	725.22	0.00	-3367.83
178.50	426.88	0.00	-3253.59
178.60	139.74	0.00	-3118.88
178.70	-134.53	0.00	-2965.34
178.80	-394.50	0.00	-2794.72
178.90	-638.91	0.00	-2608.77
179.00	-866.70	0.00	-2409.29
179.10	-1076.98	0.00	-2198.08
179.20	-1269.03	0.00	-1976.89
179.30	-1442.28	0.00	-1747.46
179.40	-1596.31	0.00	-1511.46
179.50	-1730.78	0.00	-1270.50
179.60	-1845.47	0.00	-1026.14
179.70	-1940.24	0.00	-779.87
179.80	-2015.00	0.00	-533.13
179.90	-2069.73	0.00	-287.32
180.00	-2104.44	0.00	-43.79
180.10	-2119.15	0.00	196.14
180.20	-2113.94	0.00	431.14
180.30	-2088.89	0.00	659.88
180.40	-2044.11	0.00	881.02
180.50	-1979.74	0.00	1093.18
180.60	-1895.97	0.00	1294.93
180.70	-1793.04	0.00	1484.77
180.80	-1671.24	0.00	1661.16
180.90	-1530.98	0.00	1822.47
181.00	-1372.74	0.00	1967.00
181.10	-1197.15	0.00	2092.97
181.20	-1004.99	0.00	2198.55
181.30	-797.19	0.00	2281.84
181.40	-574.89	0.00	2340.92
181.50	-339.43	0.00	2373.82
181.60	-92.40	0.00	2378.61
181.70	164.37	0.00	2353.38
181.80	428.81	0.00	2296.28
181.90	698.56	0.00	2205.57
182.00	970.98	0.00	2079.65
182.10	1243.15	0.00	1917.12
182.20	1511.90	0.00	1716.77
182.30	1773.76	0.00	1477.72
182.40	2025.03	0.00	1199.37
182.50	2261.77	0.00	881.51
182.60	2479.83	0.00	524.34
182.70	2674.90	0.00	128.50
182.80	2842.53	0.00	-304.84
182.90	2978.18	0.00	-773.99
183.00	3077.28	0.00	-1276.71
183.10	3135.29	0.00	-1810.15
183.20	3147.77	0.00	-2370.87
183.30	3110.41	0.00	-2954.81
183.40	3019.17	0.00	-3557.32
183.50	2870.34	0.00	-4173.12
183.60	2660.57	0.00	-4796.37
183.70	2387.06	0.00	-5420.72
183.80	2047.55	0.00	-6039.30
183.90	1640.47	0.00	-6644.81
184.00	1164.98	0.00	-7229.62
184.10	621.11	0.00	-7785.81
184.20	9.77	0.00	-8305.27
184.30	-667.14	0.00	-8779.83
184.40	-1406.70	0.00	-9201.37
184.50	-2204.92	0.00	-9561.88
184.60	-3056.71	0.00	-9853.67
184.70	-3955.87	0.00	-10069.42
184.80	-4895.15	0.00	-10202.34
184.90	-5866.20	0.00	-10246.28
185.00	-6859.69	0.00	-10195.86
185.10	-7865.39	0.00	-10046.53
185.20	-8872.23	0.00	-9794.75
185.30	-9868.47	0.00	-9438.00
185.40	-10841.84	0.00	-8974.87
185.50	-11779.68	0.00	-8405.13
185.60	-12669.17	0.00	-7729.78
185.70	-13507.83	0.00	-6951.01
185.80	-14293.87	0.00	-6072.26
185.90	-15018.44	0.00	-5098.18
186.00	-15673.03	0.00	-4034.58
186.10	-16249.49	0.00	-2888.39
186.20	-16740.13	0.00	-1667.58
186.30	-17137.75	0.00	-381.08
186.40	-17435.68	0.00	961.33
186.50	-17627.86	0.00	2349.12
186.60	-17708.83	0.00	3771.14
186.70	-17673.81	0.00	5215.75
186.80	-17518.72	0.00	6670.94
186.90	-17240.18	0.00	8124.44
187.00	-16835.62	0.00	9563.90
187.10	-16303.26	0.00	10976.99
187.20	-15642.17	0.00	12351.51
187.30	-14852.32	0.00	13675.52
187.40	-13934.58	0.00	14937.46
187.50	-12890.82	0.00	16126.22
187.60	-11723.94	0.00	17231.23
187.70	-10437.87	0.00	18242.59
187.80	-9037.64	0.00	19151.07
187.90	-7529.42	0.00	19948.20
188.00	-5920.51	0.00	20626.36
188.10	-4219.40	0.00	21178.75
188.20	-2435.73	0.00	21599.49
188.30	-580.31	0.00	21883.61
188.40	1334.92	0.00	22027.10
188.50	3296.91	0.00	22026.93
188.60	5291.59	0.00	21881.05
188.70	7303.96	0.00	21588.42
188.80	9318.13	0.00	21149.02
188.90	11317.52	0.00	20563.85
189.00	13284.96	0.00	19834.94
189.10	15202.87	0.00	18965.37
189.20	17053.47	0.00	17959.23
189.30	18818.95	0.00	16821.66
189.40	20481.69	0.00	15558.79
189.50	22024.56	0.00	14177.76
189.60	23431.06	0.00	12686.69
189.70	24685.65	0.00	11094.62
189.80	25773.95	0.00	9411.48
189.90	26683.01	0.00	7648.04
190.00	27401.49	0.00	5815.84
190.10	27919.90	0.00	3927.13
190.20	28242.92	0.00	1994.73
190.30	28431.17	0.00	31.99
190.40	28492.03	0.00	-1947.33
190.50	28423.52	0.00	-3929.23
190.60	28223.95	0.00	-5899.52
190.70	27891.94	0.00	-7844.01
190.80	27426.52	0.00	-9748.61
190.90	26827.14	0.00	-11599.48
191.00	26093.82	0.00	-13383.21
191.10	25227.19	0.00	-15086.86
191.20	24228.61	0.00	-16698.19
191.30	23100.25	0.00	-18205.72
191.40	21845.16	0.00	-19598.88
191.50	20467.37	0.00	-20868.10
191.60	18971.94	0.00	-22004.90
191.70	17365.02	0.00	-23001.95
191.80	15653.87	0.00	-23853.17
191.90	13846.88	0.00	-24553.74
192.00	11953.55	0.00	-25100.14
192.10	9984.46	0.00	-25490.17
192.20	7951.18	0.00	-25722.91
192.30	5866.26	0.00	-25798.74
192.40	3743.04	0.00	-25719.27
192.50	1595.57	0.00	-25487.32
192.60	-561.53	0.00	-25106.81
192.70	-2713.25	0.00	-24582.74
192.80	-4844.34	0.00	-23921.07
192.90	-6939.51	0.00	-23128.64
193.00	-8983.58	0.00	-22213.08
193.10	-10961.70	0.00	-21182.69
193.20	-12859.50	0.00	-20046.39
193.30	-14663.26	0.00	-18813.54
193.40	-16360.10	0.00	-17493.93
193.50	-17938.10	0.00	-16097.60
193.60	-19386.43	0.00	-14634.83
193.70	-20695.50	0.00	-13115.97
193.80	-21857.01	0.00	-11551.43
193.90	-22864.07	0.00	-9951.54
194.00	-23711.24	0.00	-8326.55
194.10	-24394.54	0.00	-6686.51
194.20	-24911.51	0.00	-5041.22
194.30	-25261.20	0.00	-3400.22
194.40	-25444.11	0.00	-1772.70
194.50	-25462.18	0.00	-167.47
194.60	-25318.75	0.00	1407.04
194.70	-25018.57	0.00	2942.86
194.80	-24604.81	0.00	4432.49
194.90	-24111.87	0.00	5868.92
195.00	-23542.97	0.00	7245.63
195.10	-22901.33	0.00	8556.66
195.20	-22190.11	0.00	9796.58
195.30	-21412.52	0.00	10960.56
195.40	-20571.85	0.00	12044.31
195.50	-19671.48	0.00	13044.16
195.60	-18714.95	0.00	13957.06
195.70	-17705.98	0.00	14780.55
195.80	-16648.51	0.00	15512.82
195.90	-15546.71	0.00	16152.66
196.00	-14404.99	0.00	16699.54
196.10	-13228.02	0.00	17153.52
196.20	-12020.71	0.00	17515.29
196.30	-10788.17	0.00	17786.17
196.40	-9535.71	0.00	17968.04
196.50	-8268.79	0.00	18063.37
196.60	-6992.96	0.00	18075.17
196.70	-5713.83	0.00	18006.92
196.80	-4436.96	0.00	17862.56
196.90	-3167.84	0.00	17646.44
197.00	-1911.80	0.00	17363.23
197.10	-673.94	0.00	17017.88
197.20	540.92	0.00	16615.52
197.30	1728.32	0.00	16161.42
197.40	2884.18	0.00	15660.89
197.50	4004.88	0.00	15119.18
197.60	5087.26	0.00	14541.44
197.70	6128.62	0.00	13932.63
197.80	7126.77	0.00	13297.42
197.90	8079.99	0.00	12640.15
198.00	8987.00	0.00	11964.76
198.10	9846.90	0.00	11274.71
198.20	10659.17	0.00	10573.01
198.30	11423.56	0.00	9862.11
198.40	12140.04	0.00	9143.93
198.50	12808.71	0.00	8419.88
198.60	13429.71	0.00	7690.82
198.70	14003.18	0.00	6957.11
198.80	14529.13	0.00	6218.69
198.90	15007.41	0.00	5475.08
199.00	15437.60	0.00	4725.49
199.10	15819.03	0.00	3968.89
199.20	16150.67	0.00	3204.08
199.30	16431.15	0.00	2429.80
199.40	16658.76	0.00	1644.85
199.50	16831.44	0.00	848.14
199.60	16946.85	0.00	38.81
199.70	17002.37	0.00	-783.67
199.80	17007.26	0.00	-1619.41
199.90	16977.97	0.00	-2468.05
200.00	16911.47	0.00	-3328.70
200.10	16804.17	0.00	-4199.85
200.20	16652.25	0.00	-5079.39
200.30	16451.81	0.00	-5964.55
200.40	16198.90	0.00	-6851.94
200.50	15889.68	0.00	-7737.54
200.60	15520.50	0.00	-8616.74
200.70	15087.99	0.00	-9484.42
200.80	14589.20	0.00	-10334.99
200.90	14021.65	0.00	-11162.46
201.00	13383.44	0.00	-11960.57
201.10	12673.37	0.00	-12722.87
201.20	11890.93	0.00	-13442.81
201.30	11036.42	0.00	-14113.88
201.40	10110.99	0.00	-14729.68
201.50	9116.64	0.00	-15284.09
201.60	8056.28	0.00	-15771.29
201.70	6933.71	0.00	-16185.94
201.80	5753.59	0.00	-16523.21
201.90	4521.45	0.00	-16778.86
202.00	3243.62	0.00	-16949.35
202.10	1927.16	0.00	-17031.82
202.20	579.84	0.00	-17024.18
202.30	-790.01	0.00	-16925.10
202.40	-2173.55	0.00	-16734.05
202.50	-3561.54	0.00	-16451.25
202.60	-4944.47	0.00	-16077.68
202.70	-6312.61	0.00	-15615.04
202.80	-7656.22	0.00	-15065.73
202.90	-8965.57	0.00	-14432.75
203.00	-10231.10	0.00	-13719.72
203.10	-11443.50	0.00	-12930.75
203.20	-12593.84	0.00	-12070.42
203.30	-13673.61	0.00	-11143.72
203.40	-14674.87	0.00	-10155.94
203.50	-15590.24	0.00	-9112.69
203.60	-16413.05	0.00	-8019.77
203.70	-17137.31	0.00	-6883.16
203.80	-17757.80	0.00	-5708.96
203.90	-18270.11	0.00	-4503.37
204.00	-18670.63	0.00	-3272.61
204.10	-18956.57	0.00	-2022.96
204.20	-19126.00	0.00	-760.65
204.30	-19177.81	0.00	508.06
204.40	-19126.26	0.00	1776.97
204.50	-18996.76	0.00	3039.94
204.60	-18789.87	0.00	4290.86
204.70	-18505.72	0.00	5523.69
204.80	-18144.42	0.00	6732.47
204.90	-17706.16	0.00	7911.32
205.00	-17191.18	0.00	9054.44
205.10	-16599.86	0.00	10156.16
205.20	-15932.71	0.00	11210.92
205.30	-15190.50	0.00	12213.28
205.40	-14374.23	0.00	13158.01
205.50	-13485.26	0.00	14040.03
205.60	-12525.29	0.00	14854.50
205.70	-11496.48	0.00	15596.83
205.80	-10401.47	0.00	16262.71
205.90	-9243.41	0.00	16848.13
206.00	-8026.00	0.00	17349.44
206.10	-6753.53	0.00	17763.38
206.20	-5430.87	0.00	18087.08
206.30	-4063.51	0.00	18318.10
206.40	-2657.52	0.00	18454.47
206.50	-1219.54	0.00	18494.68
206.60	243.22	0.00	18437.71
206.70	1723.03	0.00	18283.04
206.80	3211.72	0.00	18030.62
206.90	4700.67	0.00	17680.91
207.00	6180.93	0.00	17234.85
207.10	7643.25	0.00	16693.85
207.20	9078.15	0.00	16059.78
207.30	10476.04	0.00	15334.94
207.40	11827.25	0.00	14522.06
207.50	13122.10	0.00	13624.27
207.60	14351.04	0.00	12645.08
207.70	15504.69	0.00	11588.38
207.80	16573.90	0.00	10458.41
207.90	17549.86	0.00	9259.73
208.00	18424.18	0.00	7997.27
208.10	19188.95	0.00	6676.28
208.20	19836.80	0.00	5302.33
208.30	20361.00	0.00	3881.33
208.40	20755.53	0.00	2419.54
208.50	21015.13	0.00	923.57
208.60	21155.79	0.00	-599.63
208.70	21202.52	0.00	-2142.73
208.80	21152.62	0.00	-3698.04
208.90	21003.14	0.00	-5257.49
209.00	20751.04	0.00	-6812.63
209.10	20393.29	0.00	-8354.65
209.20	19926.94	0.00	-9874.42
209.30	19349.19	0.00	-11362.45
209.40	18657.53	0.00	-12808.99
209.50	17849.85	0.00	-14204.04
209.60	16924.57	0.00	-15537.41
209.70	15880.79	0.00	-16798.82
209.80	14718.43	0.00	-17977.93
209.90	13438.38	0.00	-19064.47
210.00	12042.67	0.00	-20048.34
210.10	10534.57	0.00	-20919.69
210.20	8918.73	0.00	-21669.05
210.30	7201.31	0.00	-22287.49
210.40	5390.06	0.00	-22766.68
210.50	3494.38	0.00	-23099.07
210.60	1525.33	0.00	-23277.97
210.70	-504.31	0.00	-23297.71
210.80	-2580.16	0.00	-23153.76
210.90	-4686.24	0.00	-22842.79
211.00	-6805.15	0.00	-22362.81
211.10	-8918.18	0.00	-21713.26
211.20	-11005.56	0.00	-20895.03
211.30	-13046.67	0.00	-19910.56
211.40	-15020.32	0.00	-18763.86
211.50	-16905.07	0.00	-17460.53
211.60	-18679.53	0.00	-16007.74
211.70	-20322.75	0.00	-14414.24
211.80	-21814.54	0.00	-12690.28
211.90	-23135.85	0.00	-10847.55
212.00	-24269.14	0.00	-8899.15
212.10	-25198.67	0.00	-6859.39
212.20	-25910.86	0.00	-4743.75
212.30	-26394.54	0.00	-2568.73
212.40	-26642.20	0.00	-351.64
212.50	-26697.68	0.00	1889.49
212.60	-26585.38	0.00	4136.14
212.70	-26303.14	0.00	6369.44
212.80	-25849.50	0.00	8570.41
212.90	-25223.79	0.00	10720.11
213.00	-24426.21	0.00	12799.88
213.10	-23457.92	0.00	14791.48
213.20	-22321.17	0.00	16677.32
213.30	-21019.43	0.00	18440.65
213.40	-19557.49	0.00	20065.70
213.50	-17941.58	0.00	21537.87
213.60	-16179.50	0.00	22843.87
213.70	-14280.67	0.00	23971.88
213.80	-12256.21	0.00	24911.63
213.90	-10119.00	0.00	25654.55
214.00	-7883.62	0.00	26193.84
214.10	-5566.37	0.00	26524.50
214.20	-3185.17	0.00	26643.43
214.30	-759.41	0.00	26549.45
214.40	1690.16	0.00	26243.27
214.50	4141.71	0.00	25727.52
214.60	6572.51	0.00	25006.69
214.70	8959.24	0.00	24087.10
214.80	11278.32	0.00	22976.82
214.90	13506.23	0.00	21685.60
215.00	15619.85	0.00	20224.77
215.10	17596.84	0.00	18607.10
215.20	19416.00	0.00	16846.74
215.30	21057.61	0.00	14959.01
215.40	22503.77	0.00	12960.30
215.50	23738.72	0.00	10867.93
215.60	24749.10	0.00	8699.93
215.70	25524.20	0.00	6474.93
215.80	26056.13	0.00	4211.98
215.90	26339.97	0.00	1930.33
216.00	26373.87	0.00	-350.65
216.10	26167.02	0.00	-2611.76
216.20	25779.08	0.00	-4834.04
216.30	25224.19	0.00	-6999.00
216.40	24506.10	0.00	-9088.78
216.50	23629.28	0.00	-11086.29
216.60	22598.97	0.00	-12975.39
216.70	21421.29	0.00	-14741.00
216.80	20103.32	0.00	-16369.30
216.90	18653.13	0.00	-17847.80
217.00	17079.90	0.00	-19165.46
217.10	15393.93	0.00	-20312.84
217.20	13606.71	0.00	-21282.12
217.30	11730.91	0.00	-22067.23
217.40	9780.33	0.00	-22663.84
217.50	7769.89	0.00	-23069.46
217.60	5715.50	0.00	-23283.41
217.70	3633.96	0.00	-23306.82
217.80	1542.77	0.00	-23142.61
217.90	-540.05	0.00	-22795.46
218.00	-2596.18	0.00	-22271.71
218.10	-4607.23	0.00	-21579.31
218.20	-6555.05	0.00	-20727.66
218.30	-8421.95	0.00	-19727.56
218.40	-10191.03	0.00	-18590.99
218.50	-11846.41	0.00	-17331.04
218.60	-13373.50	0.00	-15961.66
218.70	-14759.24	0.00	-14497.53
218.80	-15992.33	0.00	-12953.88
218.90	-17063.39	0.00	-11346.29
219.00	-17965.09	0.00	-9690.48
219.10	-18692.26	0.00	-8002.15
219.20	-19241.96	0.00	-6296.79
219.30	-19613.46	0.00	-4589.49
219.40	-19808.21	0.00	-2894.79
219.50	-19829.76	0.00	-1226.51
219.60	-19683.63	0.00	402.36
219.70	-19377.16	0.00	1979.83
219.80	-18929.65	0.00	3494.95
219.90	-18377.94	0.00	4937.95
220.00	-17731.41	0.00	6300.26
220.10	-16998.01	0.00	7574.58
220.20	-16185.79	0.00	8754.87
220.30	-15302.89	0.00	9836.36
220.40	-14357.41	0.00	10815.55
220.50	-13357.42	0.00	11690.11
220.60	-12310.84	0.00	12458.89
220.70	-11225.45	0.00	13121.80
220.80	-10108.76	0.00	13679.72
220.90	-8968.04	0.00	14134.43
221.00	-7810.24	0.00	14488.50
221.10	-6641.95	0.00	14745.14
221.20	-5469.41	0.00	14908.13
221.30	-4298.42	0.00	14981.66
221.40	-3134.43	0.00	14970.27
221.50	-1982.41	0.00	14878.70
221.60	-846.98	0.00	14711.77
221.70	267.68	0.00	14474.35
221.80	1357.73	0.00	14171.21
221.90	2419.69	0.00	13806.98
222.00	3450.38	0.00	13386.08
222.10	4446.90	0.00	12912.69
222.20	5406.55	0.00	12390.69
222.30	6326.80	0.00	11823.64
222.40	7205.25	0.00	11214.82
222.50	8039.58	0.00	10567.16
222.60	8827.49	0.00	9883.35
222.70	9566.69	0.00	9165.78
222.80	10254.81	0.00	8416.64
222.90	10889.47	0.00	7637.96
223.00	11468.15	0.00	6831.63
223.10	11988.30	0.00	5999.51
223.20	12447.27	0.00	5143.45
223.30	12842.33	0.00	4265.36
223.40	13170.75	0.00	3367.31
223.50	13429.79	0.00	2451.53
223.60	13616.78	0.00	1520.52
223.70	13729.17	0.00	577.06
223.80	13764.73	0.00	-375.72
223.90	13734.06	0.00	-1334.34
224.00	13642.98	0.00	-2294.90
224.10	13489.45	0.00	-3253.11
224.20	13271.45	0.00	-4204.29
224.30	12987.12	0.00	-5143.33
224.40	12634.78	0.00	-6064.78
224.50	12213.04	0.00	-6962.83
224.60	11720.89	0.00	-7831.39
224.70	11157.79	0.00	-8664.14
224.80	10523.72	0.00	-9454.60
224.90	9819.30	0.00	-10196.18
225.00	9045.83	0.00	-10882.29
225.10	8205.37	0.00	-11506.45
225.20	7300.81	0.00	-12062.32
225.30	6335.89	0.00	-12543.85
225.40	5315.22	0.00	-12945.39
225.50	4244.34	0.00	-13261.74
225.60	3129.70	0.00	-13488.28
225.70	1978.61	0.00	-13621.03
225.80	799.25	0.00	-13656.79
225.90	-399.42	0.00	-13593.17
226.00	-1607.73	0.00	-13428.67
226.10	-2815.39	0.00	-13162.76
226.20	-4011.61	0.00	-12795.88
226.30	-5185.23	0.00	-12329.52
226.40	-6324.88	0.00	-11766.22
226.50	-7419.14	0.00	-11109.56
226.60	-8456.69	0.00	-10364.19
226.70	-9426.51	0.00	-9535.76
226.80	-10318.06	0.00	-8630.88
226.90	-11121.45	0.00	-7657.14
227.00	-11827.61	0.00	-6622.92
227.10	-12428.49	0.00	-5537.41
227.20	-12917.16	0.00	-4410.49
227.30	-13288.00	0.00	-3252.57
227.40	-13536.75	0.00	-2074.55
227.50	-13660.68	0.00	-887.66
227.60	-13658.59	0.00	296.68
227.70	-13530.88	0.00	1466.98
227.80	-13281.48	0.00	2611.81
227.90	-12928.07	0.00	3719.97
228.00	-12477.11	0.00	4780.61
228.10	-11932.94	0.00	5783.35
228.20	-11300.79	0.00	6718.48
228.30	-10586.81	0.00	7577.00
228.40	-9798.03	0.00	8350.81
228.50	-8942.28	0.00	9032.79
228.60	-8028.20	0.00	9616.90
228.70	-7065.14	0.00	10098.27
228.80	-6063.06	0.00	10473.27
228.90	-5032.48	0.00	10739.57
229.00	-3984.33	0.00	10896.17
229.10	-2929.81	0.00	10943.41
229.20	-1880.30	0.00	10883.01
229.30	-847.14	0.00	10718.00
229.40	158.52	0.00	10452.71
229.50	1125.83	0.00	10092.71
229.60	2044.53	0.00	9644.72
229.70	2905.03	0.00	9116.53
229.80	3698.60	0.00	8516.87
229.90	4417.54	0.00	7855.28
230.00	5055.35	0.00	7141.96
230.10	5606.77	0.00	6387.64
230.20	6067.96	0.00	5603.38
230.30	6436.54	0.00	4800.39
230.40	6711.61	0.00	3989.88
230.50	6893.81	0.00	3182.88
230.60	6985.25	0.00	2390.01
230.70	6989.51	0.00	1621.37
230.80	6911.50	0.00	886.32
230.90	6757.39	0.00	193.37
231.00	6534.42	0.00	-449.96
231.10	6250.81	0.00	-1037.31
231.20	5915.50	0.00	-1563.51
231.30	5538.01	0.00	-2024.68
231.40	5128.20	0.00	-2418.32
231.50	4696.06	0.00	-2743.25
231.60	4251.51	0.00	-2999.70
231.70	3804.21	0.00	-3189.19
231.80	3364.03	0.00	-3314.53
231.90	2939.83	0.00	-3379.72
232.00	2538.84	0.00	-3389.84
232.10	2167.41	0.00	-3350.89
232.20	1830.91	0.00	-3269.69
232.30	1533.56	0.00	-3153.67
232.40	1278.41	0.00	-3010.72
232.50	1067.28	0.00	-2848.97
232.60	900.70	0.00	-2676.62
232.70	777.96	0.00	-2501.72
232.80	697.11	0.00	-2332.02
232.90	655.03	0.00	-2174.73
233.00	647.55	0.00	-2036.40
233.10	669.52	0.00	-1922.74
233.20	714.99	0.00	-1838.51
233.30	777.34	0.00	-1787.35
233.40	849.47	0.00	-1771.76
233.50	923.96	0.00	-1793.03
233.60	993.29	0.00	-1851.15
233.70	1050.01	0.00	-1944.89
233.80	1086.92	0.00	-2071.77
233.90	1097.30	0.00	-2228.14
234.00	1075.02	0.00	-2409.27
234.10	1014.77	0.00	-2609.44
234.20	912.11	0.00	-2822.06
234.30	763.70	0.00	-3039.87
234.40	567.29	0.00	-3255.05
234.50	321.91	0.00	-3459.44
234.60	27.82	0.00	-3644.69
234.70	-313.40	0.00	-3802.48
234.80	-698.87	0.00	-3924.72
234.90	-1124.46	0.00	-4003.69
235.00	-1584.81	0.00	-4032.26
235.10	-2073.41	0.00	-4004.04
235.20	-2582.75	0.00	-3913.53
235.30	-3104.40	0.00	-3756.29
235.40	-3629.19	0.00	-3528.99
235.50	-4147.36	0.00	-3229.55
235.60	-4648.73	0.00	-2857.20
235.70	-5122.92	0.00	-2412.52
235.80	-5559.56	0.00	-1897.44
235.90	-5948.95	0.00	-1315.27
236.00	-6284.38	0.00	-670.63
236.10	-6557.68	0.00	30.55
236.20	-6760.92	0.00	781.19
236.30	-6886.91	0.00	1573.07
236.40	-6929.34	0.00	2397.00
236.50	-6882.88	0.00	3242.91
236.60	-6743.27	0.00	4100.05
236.70	-6507.40	0.00	4957.08
236.80	-6173.39	0.00	5802.29
236.90	-5740.63	0.00	6623.70
237.00	-5209.84	0.00	7409.32
237.10	-4583.08	0.00	8147.25
237.20	-3863.81	0.00	8825.87
237.30	-3056.85	0.00	9434.00
237.40	-2168.40	0.00	9961.10
237.50	-1206.00	0.00	10397.36
237.60	-178.48	0.00	10733.87
237.70	904.10	0.00	10962.75
237.80	2030.51	0.00	11077.27
237.90	3188.50	0.00	11071.93
238.00	4364.87	0.00	10942.55
238.10	5545.66	0.00	10686.38
238.20	6716.29	0.00	10302.09
238.30	7861.75	0.00	9789.85
238.40	8966.79	0.00	9151.33
238.50	10016.14	0.00	8389.70
238.60	10994.75	0.00	7509.64
238.70	11887.99	0.00	6517.26
238.80	12681.89	0.00	5420.08
238.90	13363.98	0.00	4226.96
239.00	13936.27	0.00	2947.99
239.10	14395.75	0.00	1594.44
239.20	14735.02	0.00	178.59
239.30	14947.59	0.00	-1286.35
239.40	15027.85	0.00	-2786.40
239.50	14971.22	0.00	-4306.95
239.60	14774.10	0.00	-5832.92
239.70	14434.01	0.00	-7348.91
239.80	13949.56	0.00	-8839.38
239.90	13320.60	0.00	-10288.81
240.00	12548.19	0.00	-11681.87
240.10	11634.73	0.00	-13003.57
240.20	10583.97	0.00	-14239.47
240.30	9401.06	0.00	-15375.79
240.40	8092.61	0.00	-16399.58
240.50	6666.73	0.00	-17298.86
240.60	5132.98	0.00	-18062.75
240.70	3502.41	0.00	-18681.58
240.80	1787.54	0.00	-19146.98
240.90	2.25	0.00	-19452.02
241.00	-1838.26	0.00	-19591.20
241.10	-3717.57	0.00	-19560.57
241.20	-5618.24	0.00	-19357.74
241.30	-7521.89	0.00	-18981.90
241.40	-9409.46	0.00	-18433.82
241.50	-11261.40	0.00	-17715.83
241.60	-13057.90	0.00	-16831.81
241.70	-14779.13	0.00	-15787.15
241.80	-16405.56	0.00	-14588.64
241.90	-17918.15	0.00	-13244.47
242.00	-19298.69	0.00	-11764.10
242.10	-20530.02	0.00	-10158.20
242.20	-21596.33	0.00	-8438.52
242.30	-22483.36	0.00	-6617.82
242.40	-23178.64	0.00	-4709.75
242.50	-23689.46	0.00	-2728.72
242.60	-24050.25	0.00	-689.80
242.70	-24258.49	0.00	1391.38
242.80	-24310.47	0.00	3498.77
242.90	-24202.92	0.00	5616.01
243.00	-23932.99	0.00	7726.54
243.10	-23498.31	0.00	9813.72
243.20	-22897.04	0.00	11860.94
243.30	-22127.95	0.00	13851.73
243.40	-21190.52	0.00	15769.87
243.50	-20085.08	0.00	17599.51
243.60	-18812.91	0.00	19325.26
243.70	-17376.44	0.00	20932.31
243.80	-15779.35	0.00	22406.54
243.90	-14026.79	0.00	23734.60
244.00	-12125.45	0.00	24904.05
244.10	-10083.77	0.00	25903.44
244.20	-7912.01	0.00	26722.42
244.30	-5622.36	0.00	27351.84
244.40	-3229.00	0.00	27783.84
244.50	-748.09	0.00	28011.94
244.60	1802.21	0.00	28031.15
244.70	4401.83	0.00	27838.01
244.80	7028.93	0.00	27430.68
244.90	9660.05	0.00	26809.04
245.00	12270.34	0.00	25974.66
245.10	14833.85	0.00	24930.91
245.20	17323.86	0.00	23682.95
245.30	19713.21	0.00	22237.72
245.40	21974.75	0.00	20603.97
245.50	24081.74	0.00	18792.20
245.60	26008.33	0.00	16814.62
245.70	27729.99	0.00	14685.07
245.80	29223.97	0.00	12418.95
245.90	30469.78	0.00	10033.09
246.00	31449.55	0.00	7545.62
246.10	32148.43	0.00	4975.84
246.20	32570.71	0.00	2344.01
246.30	32796.21	0.00	-328.77
246.40	32834.77	0.00	-3020.83
246.50	32683.62	0.00	-5710.11
246.60	32340.41	0.00	-8374.36
246.70	31803.36	0.00	-10991.41
246.80	31071.34	0.00	-13539.36
246.90	30144.01	0.00	-15996.86
247.00	29022.02	0.00	-18343.30
247.10	27707.13	0.00	-20559.03
247.20	26202.42	0.00	-22625.61
247.30	24512.49	0.00	-24525.99
247.40	22643.59	0.00	-26244.67
247.50	20603.80	0.00	-27767.92
247.60	18403.12	0.00	-29083.86
247.70	16053.61	0.00	-30182.63
247.80	13569.34	0.00	-31056.46
247.90	10966.48	0.00	-31699.76
248.00	8263.18	0.00	-32109.13
248.10	5479.44	0.00	-32283.40
248.20	2636.99	0.00	-32223.61
248.30	-240.98	0.00	-31932.93
248.40	-3130.08	0.00	-31416.67
248.50	-6005.03	0.00	-30682.11
248.60	-8840.05	0.00	-29738.43
248.70	-11609.19	0.00	-28596.54
248.80	-14286.77	0.00	-27268.96
248.90	-16847.79	0.00	-25769.61
249.00	-19268.30	0.00	-24113.67
249.10	-21525.82	0.00	-22317.34
249.20	-23599.70	0.00	-20397.65
249.30	-25471.43	0.00	-18372.30
249.40	-27124.97	0.00	-16259.39
249.50	-28546.95	0.00	-14077.24
249.60	-29726.87	0.00	-11844.20
249.70	-30657.26	0.00	-9578.46
249.80	-31333.69	0.00	-7297.84
249.90	-31754.82	0.00	-5019.64
250.00	-31922.35	0.00	-2760.46
250.10	-31840.89	0.00	-536.08
250.20	-31553.21	0.00	1638.70
250.30	-31139.43	0.00	3750.13
250.40	-30608.25	0.00	5785.66
250.50	-29966.10	0.00	7734.00
250.60	-29219.32	0.00	9585.16
250.70	-28374.19	0.00	11330.52
250.80	-27436.91	0.00	12962.83
250.90	-26413.63	0.00	14476.25
251.00	-25310.47	0.00	15866.32
251.10	-24133.54	0.00	17129.93
251.20	-22888.94	0.00	18265.30
251.30	-21582.78	0.00	19271.89
251.40	-20221.16	0.00	20150.37
251.50	-18810.14	0.00	20902.48
251.60	-17355.78	0.00	21531.01
251.70	-15864.03	0.00	22039.61
251.80	-14340.78	0.00	22432.73
251.90	-12791.74	0.00	22715.48
252.00	-11222.47	0.00	22893.50
252.10	-9638.31	0.00	22972.84
252.20	-8044.32	0.00	22959.80
252.30	-6445.30	0.00	22860.84
252.40	-4845.76	0.00	22682.43
252.50	-3249.85	0.00	22430.91
252.60	-1661.46	0.00	22112.42
252.70	-84.16	0.00	21732.77
252.80	1478.77	0.00	21297.36
252.90	3024.26	0.00	20811.10
253.00	4549.41	0.00	20278.35
253.10	6051.46	0.00	19702.88
253.20	7527.67	0.00	19087.86
253.30	8975.31	0.00	18435.85
253.40	10391.50	0.00	17748.79
253.50	11773.21	0.00	17028.08
253.60	13117.13	0.00	16274.58
253.70	14419.65	0.00	15488.72
253.80	15676.77	0.00	14670.55
253.90	16884.09	0.00	13819.86
254.00	18036.80	0.00	12936.25
254.10	19129.65	0.00	12019.27
254.20	20156.98	0.00	11068.50
254.30	21112.81	0.00	10083.68
254.40	21990.84	0.00	9064.78
254.50	22784.59	0.00	8012.18
254.60	23487.51	0.00	6926.64
254.70	24093.08	0.00	5809.47
254.80	24594.96	0.00	4662.55
254.90	24987.16	0.00	3488.36
255.00	25264.18	0.00	2290.01
255.10	25426.83	0.00	1071.28
255.20	25523.68	0.00	-163.49
255.30	25564.58	0.00	-1409.35
255.40	25546.78	0.00	-2660.84
255.50	25467.62	0.00	-3912.05
255.60	25324.64	0.00	-5156.74
255.70	25115.61	0.00	-6388.39
255.80	24838.62	0.00	-7600.36
255.90	24492.13	0.00	-8785.98
256.00	24075.00	0.00	-9938.67
256.10	23586.53	0.00	-11052.06
256.20	23026.49	0.00	-12120.10
256.30	22395.12	0.00	-13137.18
256.40	21693.16	0.00	-14098.20
256.50	20921.81	0.00	-14998.65
256.60	20082.72	0.00	-15834.67
256.70	19177.97	0.00	-16603.13
256.80	18210.03	0.00	-17301.60
256.90	17181.70	0.00	-17928.39
257.00	16096.08	0.00	-18482.52
257.10	14956.51	0.00	-18963.71
257.20	13766.52	0.00	-19372.31
257.30	12529.76	0.00	-19709.25
257.40	11249.99	0.00	-19975.95
257.50	9930.99	0.00	-20174.27
257.60	8576.55	0.00	-20306.38
257.70	7190.48	0.00	-20374.69
257.80	5776.51	0.00	-20381.74
257.90	4338.37	0.00	-20330.15
258.00	2879.74	0.00	-20222.47
258.10	1404.30	0.00	-20061.17
258.20	-84.26	0.00	-19848.55
258.30	-1582.19	0.00	-19586.67
258.40	-3085.68	0.00	-19277.36
258.50	-4590.74	0.00	-18922.14
258.60	-6093.22	0.00	-18522.27
258.70	-7588.76	0.00	-18078.73
258.80	-9072.69	0.00	-17592.24
258.90	-10540.09	0.00	-17063.28
259.00	-11985.68	0.00	-16492.19
259.10	-13403.87	0.00	-15879.16
259.20	-14788.73	0.00	-15224.32
259.30	-16134.02	0.00	-14527.80
259.40	-17433.20	0.00	-13789.78
259.50	-18679.51	0.00	-13010.58
259.60	-19866.02	0.00	-12190.68
259.70	-20985.68	0.00	-11330.79
259.80	-22031.45	0.00	-10431.90
259.90	-22996.34	0.00	-9495.31
260.00	-23873.58	0.00	-8522.64
260.10	-24656.67	0.00	-7515.87
260.20	-25339.49	0.00	-6477.31
260.30	-25916.45	0.00	-5409.61
260.40	-26382.53	0.00	-4315.73
260.50	-26733.41	0.00	-3198.94
260.60	-26965.63	0.00	-2062.73
260.70	-27120.67	0.00	-910.83
260.80	-27233.05	0.00	252.91
260.90	-27301.84	0.00	1424.48
261.00	-27326.05	0.00	2599.84
261.10	-27304.57	0.00	3774.93
261.20	-27236.21	0.00	4945.73
261.30	-27119.69	0.00	6108.28
261.40	-26953.59	0.00	7258.76
261.50	-26736.40	0.00	8393.46
261.60	-26466.49	0.00	9508.86
261.70	-26142.12	0.00	10601.60
261.80	-25761.43	0.00	11668.51
261.90	-25322.46	0.00	12706.61
262.00	-24823.17	0.00	13713.08
262.10	-24261.45	0.00	14685.27
262.20	-23635.14	0.00	15620.66
262.30	-22942.07	0.00	16516.86
262.40	-22180.12	0.00	17371.56
262.50	-21347.21	0.00	18182.52
262.60	-20441.43	0.00	18947.51
262.70	-19461.03	0.00	19664.36
262.80	-18404.53	0.00	20330.83
262.90	-17270.76	0.00	20944.71
263.00	-16058.95	0.00	21503.70
263.10	-14768.78	0.00	22005.50
263.20	-13400.51	0.00	22447.72
263.30	-11954.97	0.00	22827.96
263.40	-10433.71	0.00	23143.80
263.50	-8839.00	0.00	23392.81
263.60	-7173.94	0.00	23572.58
263.70	-5442.46	0.00	23680.79
263.80	-3649.41	0.00	23715.21
263.90	-1800.53	0.00	23673.73
264.00	97.50	0.00	23554.47
264.10	2037.07	0.00	23355.76
264.20	4009.69	0.00	23076.22
264.30	6005.97	0.00	22714.81
264.40	8015.75	0.00	22270.86
264.50	10028.11	0.00	21744.09
264.60	12031.49	0.00	21134.70
264.70	14013.80	0.00	20443.36
264.80	15962.50	0.00	19671.21
264.90	17864.78	0.00	18819.95
265.00	19707.68	0.00	17891.76
265.10	21478.25	0.00	16889.37
265.20	23163.69	0.00	15816.00
265.30	24751.51	0.00	14675.39
265.40	26229.70	0.00	13471.73
265.50	27586.88	0.00	12209.65
265.60	28812.44	0.00	10894.20
265.70	29896.69	0.00	9530.78
265.80	30830.98	0.00	8125.09
265.90	31607.79	0.00	6683.11
266.00	32220.86	0.00	5211.00
266.10	32665.26	0.00	3715.08
266.20	32937.40	0.00	2201.76
266.30	33059.40	0.00	677.46
266.40	33118.16	0.00	-851.39
266.50	33121.65	0.00	-2378.48
266.60	33069.74	0.00	-3897.61
266.70	32962.02	0.00	-5402.77
266.80	32797.82	0.00	-6888.17
266.90	32576.20	0.00	-8348.27
267.00	32295.99	0.00	-9777.86
267.10	31955.77	0.00	-11172.01
267.20	31553.93	0.00	-12526.16
267.30	31088.66	0.00	-13836.09
267.40	30558.02	0.00	-15097.96
267.50	29959.97	0.00	-16308.26
267.60	29292.39	0.00	-17463.88
267.70	28553.15	0.00	-18562.01
267.80	27740.11	0.00	-19600.21
267.90	26851.23	0.00	-20576.30
268.00	25884.57	0.00	-21488.41
268.10	24838.35	0.00	-22334.91
268.20	23711.01	0.00	-23114.37
268.30	22501.25	0.00	-23825.55
268.40	21208.11	0.00	-24467.34
268.50	19830.97	0.00	-25038.74
268.60	18369.67	0.00	-25538.81
268.70	16824.52	0.00	-25966.64
268.80	15196.38	0.00	-26321.35
268.90	13486.70	0.00	-26602.01
269.00	11697.59	0.00	-26807.67
269.10	9831.88	0.00	-26937.31
269.20	7893.15	0.00	-26989.85
269.30	5885.82	0.00	-26964.14
269.40	3815.15	0.00	-26859.00
269.50	1687.31	0.00	-26673.18
269.60	-490.59	0.00	-26405.42
269.70	-2710.51	0.00	-26054.49
269.80	-4963.41	0.00	-25619.19
269.90	-7239.33	0.00	-25098.42
270.00	-9527.32	0.00	-24491.24
270.10	-11815.57	0.00	-23796.90
270.20	-14091.39	0.00	-23014.89
270.30	-16341.33	0.00	-22145.04
270.40	-18551.24	0.00	-21187.56
270.50	-20706.41	0.00	-20143.07
270.60	-22791.69	0.00	-19012.72
270.70	-24791.64	0.00	-17798.16
270.80	-26690.73	0.00	-16501.68
270.90	-28473.46	0.00	-15126.15
271.00	-30124.65	0.00	-13675.14
271.10	-31629.56	0.00	-12152.89
271.20	-32974.17	0.00	-10564.32
271.30	-34145.35	0.00	-8915.07
271.40	-35131.10	0.00	-7211.42
271.50	-35920.74	0.00	-5460.36
271.60	-36505.11	0.00	-3669.44
271.70	-36876.74	0.00	-1846.84
271.80	-37032.40	0.00	-1.20
271.90	-37065.75	0.00	1858.35
272.00	-37025.11	0.00	3722.34
272.10	-36908.00	0.00	5581.01
272.20	-36711.71	0.00	7424.41
272.30	-36433.35	0.00	9242.52
272.40	-36069.94	0.00	11025.31
272.50	-35618.46	0.00	12762.86
272.60	-35075.99	0.00	14445.50
272.70	-34439.72	0.00	16063.86
272.80	-33707.15	0.00	17608.98
272.90	-32876.13	0.00	19072.43
273.00	-31944.96	0.00	20446.37
273.10	-30912.53	0.00	21723.63
273.20	-29778.38	0.00	22897.80
273.30	-28542.79	0.00	23963.28
273.40	-27206.87	0.00	24915.31
273.50	-25772.61	0.00	25750.04
273.60	-24242.89	0.00	26464.53
273.70	-22621.56	0.00	27056.78
273.80	-20913.42	0.00	27525.74
273.90	-19124.22	0.00	27871.27
274.00	-17260.60	0.00	28094.15
274.10	-15330.09	0.00	28196.04
274.20	-13340.99	0.00	28179.42
274.30	-11302.35	0.00	28047.59
274.40	-9223.81	0.00	27804.57
274.50	-7115.53	0.00	27455.04
274.60	-4988.08	0.00	27004.28
274.70	-2852.27	0.00	26458.12
274.80	-719.07	0.00	25822.82
274.90	1400.55	0.00	25105.01
275.00	3495.75	0.00	24311.60
275.10	5555.93	0.00	23449.73
275.20	7570.87	0.00	22526.66
275.30	9530.82	0.00	21549.67
275.40	11426.61	0.00	20526.03
275.50	13249.74	0.00	19462.92
275.60	14992.48	0.00	18367.32
275.70	16647.87	0.00	17245.97
275.80	18209.81	0.00	16105.31
275.90	19673.09	0.00	14951.43
276.00	21033.39	0.00	13789.99
276.10	22287.26	0.00	12626.21
276.20	23432.15	0.00	11464.79
276.30	24466.34	0.00	10309.92
276.40	25388.90	0.00	9165.23
276.50	26199.64	0.00	8033.78
276.60	26899.07	0.00	6918.02
276.70	27488.25	0.00	5819.83
276.80	27968.81	0.00	4740.51
276.90	28342.78	0.00	3680.76
277.00	28612.52	0.00	2640.74
277.10	28780.67	0.00	1620.08
277.20	28850.01	0.00	617.90
277.30	28823.40	0.00	-367.12
277.40	28721.43	0.00	-1336.71
277.50	28612.85	0.00	-2292.95
277.60	28504.99	0.00	-3238.18
277.70	28398.11	0.00	-4174.97
277.80	28291.70	0.00	-5106.04
277.90	28184.50	0.00	-6034.12
278.00	28074.48	0.00	-6961.97
278.10	27958.87	0.00	-7892.19
278.20	27834.11	0.00	-8827.22
278.30	27695.94	0.00	-9769.19
278.40	27539.37	0.00	-10719.87
278.50	27358.71	0.00	-11680.58
278.60	27147.66	0.00	-12652.12
278.70	26899.32	0.00	-13634.69
278.80	26606.28	0.00	-14627.84
278.90	26260.68	0.00	-15630.40
279.00	25854.34	0.00	-16640.47
279.10	25378.82	0.00	-17655.36
279.20	24825.53	0.00	-18671.59
279.30	24185.91	0.00	-19684.88
279.40	23451.52	0.00	-20690.16
279.50	22614.22	0.00	-21681.62
279.60	21666.30	0.00	-22652.71
279.70	20600.68	0.00	-23596.22
279.80	19411.05	0.00	-24504.34
279.90	18092.05	0.00	-25368.77
280.00	16639.46	0.00	-26180.75
280.10	15050.38	0.00	-26931.22
280.20	13323.34	0.00	-27610.93
280.30	11458.50	0.00	-28210.53
280.40	9457.81	0.00	-28720.69
280.50	7325.06	0.00	-29132.30
280.60	5066.04	0.00	-29436.50
280.70	2688.60	0.00	-29624.89
280.80	202.66	0.00	-29689.60
280.90	-2379.73	0.00	-29623.47
281.00	-5044.45	0.00	-29420.09
281.10	-7775.35	0.00	-29073.97
281.20	-10554.39	0.00	-28580.58
281.30	-13361.74	0.00	-27936.50
281.40	-16175.98	0.00	-27139.40
281.50	-18974.31	0.00	-26188.17
281.60	-21732.83	0.00	-25082.93
281.70	-24426.77	0.00	-23825.03
281.80	-27030.87	0.00	-22417.10
281.90	-29519.65	0.00	-20863.02
282.00	-31867.80	0.00	-19167.92
282.10	-34050.54	0.00	-17338.11
282.20	-36043.95	0.00	-15381.08
282.30	-37825.35	0.00	-13305.41
282.40	-39373.67	0.00	-11120.69
282.50	-40669.72	0.00	-8837.51
282.60	-41696.56	0.00	-6467.31
282.70	-42439.73	0.00	-4022.31
282.80	-42891.23	0.00	-1515.45
282.90	-43175.13	0.00	1039.74
283.00	-43353.18	0.00	3629.22
283.10	-43421.24	0.00	6238.53
283.20	-43374.45	0.00	8852.91
283.30	-43207.19	0.00	11457.36
283.40	-42913.16	0.00	14036.75
283.50	-42485.48	0.00	16575.92
283.60	-41916.81	0.00	19059.74
283.70	-41199.54	0.00	21473.22
283.80	-40325.94	0.00	23801.61
283.90	-39288.42	0.00	26030.44
284.00	-38079.79	0.00	28145.64
284.10	-36693.49	0.00	30133.61
284.20	-35123.92	0.00	31981.30
284.30	-33366.67	0.00	33676.31
284.40	-31418.86	0.00	35206.96
284.50	-29279.38	0.00	36562.38
284.60	-26949.17	0.00	37732.58
284.70	-24431.47	0.00	38708.56
284.80	-21731.97	0.00	39482.39
284.90	-18859.02	0.00	40047.26
285.00	-15823.75	0.00	40397.58
285.10	-12640.08	0.00	40529.06
285.20	-9324.80	0.00	40438.78
285.30	-5897.45	0.00	40125.21
285.40	-2380.24	0.00	39588.31
285.50	1202.16	0.00	38829.54
285.60	4822.83	0.00	37851.88
285.70	8452.94	0.00	36659.90
285.80	12062.09	0.00	35259.67
285.90	15618.74	0.00	33658.82
286.00	19090.62	0.00	31866.46
286.10	22445.28	0.00	29893.15
286.20	25650.53	0.00	27750.84
286.30	28674.97	0.00	25452.76
286.40	31488.55	0.00	23013.35
286.50	34063.00	0.00	20448.12
286.60	36372.36	0.00	17773.55
286.70	38393.40	0.00	15006.95
286.80	40105.99	0.00	12166.26
286.90	41493.48	0.00	9269.99
287.00	42542.94	0.00	6336.98
287.10	43245.36	0.00	3386.28
287.20	43595.82	0.00	436.97
287.30	43593.48	0.00	-2491.99
287.40	43241.60	0.00	-5381.91
287.50	42647.54	0.00	-8214.53
287.60	41917.36	0.00	-10972.17
287.70	41051.99	0.00	-13637.85
287.80	40051.94	0.00	-16195.38
287.90	38917.46	0.00	-18629.55
288.00	37648.69	0.00	-20926.13
288.10	36245.87	0.00	-23072.04
288.20	34709.57	0.00	-25055.36
288.30	33040.83	0.00	-26865.44
288.40	31241.44	0.00	-28492.89
288.50	29314.10	0.00	-29929.68
288.60	27262.63	0.00	-31169.13
288.70	25092.10	0.00	-32205.92
288.80	22809.01	0.00	-33036.12
288.90	20421.35	0.00	-33657.16
289.00	17938.72	0.00	-34067.86
289.10	15372.32	0.00	-34268.39
289.20	12734.98	0.00	-34260.25
289.30	10041.11	0.00	-34046.25
289.40	7306.57	0.00	-33630.46
289.50	4548.62	0.00	-33018.23
289.60	1785.66	0.00	-32216.08
289.70	-962.87	0.00	-31231.69
289.80	-3676.82	0.00	-30073.87
289.90	-6335.50	0.00	-28752.48
290.00	-8918.04	0.00	-27278.36
290.10	-11403.63	0.00	-25663.34
290.20	-13771.86	0.00	-23920.06
290.30	-16003.05	0.00	-22062.00
290.40	-18078.51	0.00	-20103.35
290.50	-19980.88	0.00	-18058.94
290.60	-21694.43	0.00	-15944.14
290.70	-23205.27	0.00	-13774.77
290.80	-24501.63	0.00	-11567.00
290.90	-25574.09	0.00	-9337.23
291.00	-26415.66	0.00	-7102.00
291.10	-27021.98	0.00	-4877.82
291.20	-27391.39	0.00	-2681.11
291.30	-27524.91	0.00	-528.02
291.40	-27426.32	0.00	1565.68
291.50	-27102.02	0.00	3584.72
291.60	-26560.96	0.00	5514.49
291.70	-25814.50	0.00	7341.18
291.80	-24876.21	0.00	9051.86
291.90	-23764.81	0.00	10634.66
292.00	-22539.93	0.00	12078.88
292.10	-21226.04	0.00	13375.08
292.20	-19832.86	0.00	14515.22
292.30	-18370.80	0.00	15492.75
292.40	-16851.01	0.00	16302.65
292.50	-15285.34	0.00	16941.57
292.60	-13686.33	0.00	17407.83
292.70	-12067.13	0.00	17701.48
292.80	-10441.44	0.00	17824.31
292.90	-8823.35	0.00	17779.86
293.00	-7227.22	0.00	17573.38
293.10	-5667.50	0.00	17211.83
293.20	-4158.52	0.00	16703.76
293.30	-2714.29	0.00	16059.25
293.40	-1348.25	0.00	15289.83
293.50	-73.09	0.00	14408.33
293.60	1099.57	0.00	13428.71
293.70	2159.31	0.00	12365.96
293.80	3097.18	0.00	11235.87
293.90	3905.88	0.00	10054.86
294.00	4579.88	0.00	8839.76
294.10	5115.63	0.00	7607.63
294.20	5511.55	0.00	6375.49
294.30	5768.15	0.00	5160.17
294.40	5888.03	0.00	3977.99
294.50	5875.82	0.00	2844.65
294.60	5738.15	0.00	1774.94
294.70	5483.49	0.00	782.56
294.80	5122.03	0.00	-120.03
294.90	4665.50	0.00	-921.84
295.00	4126.95	0.00	-1613.47
295.10	3520.53	0.00	-2187.23
295.20	2861.25	0.00	-2637.26
295.30	2164.72	0.00	-2959.61
295.40	1446.89	0.00	-3152.30
295.50	723.79	0.00	-3215.31
295.60	11.31	0.00	-3150.62
295.70	-675.10	0.00	-2962.11
295.80	-1320.59	0.00	-2655.57
295.90	-1911.17	0.00	-2238.56
296.00	-2433.91	0.00	-1720.30
296.10	-2877.04	0.00	-1111.50
296.20	-3230.21	0.00	-424.24
296.30	-3484.54	0.00	328.25
296.40	-3632.75	0.00	1131.81
296.50	-3669.30	0.00	1971.54
296.60	-3590.39	0.00	2832.06
296.70	-3394.04	0.00	3697.72
296.80	-3080.14	0.00	4552.89
296.90	-2650.41	0.00	5382.16
297.00	-2108.42	0.00	6170.58
297.10	-1459.55	0.00	6903.92
297.20	-710.90	0.00	7568.84
297.30	128.77	0.00	8153.15
297.40	1049.15	0.00	8645.91
297.50	2038.53	0.00	9037.67
297.60	3083.97	0.00	9320.53
297.70	4171.45	0.00	9488.29
297.80	5286.10	0.00	9536.52
297.90	6412.44	0.00	9462.56
298.00	7534.58	0.00	9265.61
298.10	8636.51	0.00	8946.64
298.20	9702.38	0.00	8508.38
298.30	10716.70	0.00	7955.26
298.40	11664.68	0.00	7293.26
298.50	12532.43	0.00	6529.83
298.60	13307.20	0.00	5673.70
298.70	13977.64	0.00	4734.77
298.80	14533.93	0.00	3723.88
298.90	14968.40	0.00	2652.62
299.00	15291.15	0.00	1533.17
299.10	15507.04	0.00	378.07
299.20	15614.28	0.00	-799.96
299.30	15612.20	0.00	-1988.26
299.40	15501.19	0.00	-3174.34
299.50	15282.64	0.00	-4346.12
299.60	14958.86	0.00	-5492.04
299.70	14533.06	0.00	-6601.23
299.80	14009.20	0.00	-7663.62
299.90	13391.97	0.00	-8670.03
300.00	12686.71	0.00	-9612.25
300.10	11899.29	0.00	-10483.08
300.20	11036.06	0.00	-11276.41
300.30	10103.81	0.00	-11987.15
300.40	9109.60	0.00	-12611.31
300.50	8060.79	0.00	-13145.89
300.60	6964.90	0.00	-13588.87
300.70	5829.59	0.00	-13939.19
300.80	4662.58	0.00	-14196.60
300.90	3471.58	0.00	-14361.65
301.00	2264.28	0.00	-14435.57
301.10	1048.27	0.00	-14420.23
301.20	-168.95	0.00	-14317.99
301.30	-1380.07	0.00	-14131.67
301.40	-2577.93	0.00	-13864.46
301.50	-3755.55	0.00	-13519.85
301.60	-4906.17	0.00	-13101.56
301.70	-6023.28	0.00	-12613.50
301.80	-7100.54	0.00	-12059.73
301.90	-8131.91	0.00	-11444.40
302.00	-9111.56	0.00	-10771.78
302.10	-10033.95	0.00	-10046.18
302.20	-10893.79	0.00	-9272.01
302.30	-11686.13	0.00	-8453.74
302.40	-12406.29	0.00	-7595.90
302.50	-13050.00	0.00	-6703.15
302.60	-13613.32	0.00	-5780.21
302.70	-14092.76	0.00	-4831.94
302.80	-14485.30	0.00	-3863.31
302.90	-14788.42	0.00	-2879.43
303.00	-15000.16	0.00	-1885.53
303.10	-15119.15	0.00	-886.98
303.20	-15144.68	0.00	110.74
303.30	-15076.70	0.00	1102.04
303.40	-14922.13	0.00	2081.27
303.50	-14699.27	0.00	3042.75
303.60	-14409.98	0.00	3980.78
303.70	-14055.43	0.00	4889.74
303.80	-13637.08	0.00	5764.12
303.90	-13156.74	0.00	6598.56
304.00	-12616.61	0.00	7387.95
304.10	-12019.29	0.00	8127.46
304.20	-11367.76	0.00	8812.65
304.30	-10665.45	0.00	9439.47
304.40	-9916.18	0.00	10004.35
304.50	-9124.16	0.00	10504.25
304.60	-8293.97	0.00	10936.71
304.70	-7430.51	0.00	11299.86
304.80	-6538.98	0.00	11592.44
304.90	-5624.81	0.00	11813.86
305.00	-4693.59	0.00	11964.15
305.10	-3751.03	0.00	12043.96
305.20	-2802.89	0.00	12054.54
305.30	-1854.89	0.00	11997.74
305.40	-912.64	0.00	11875.89
305.50	18.39	0.00	11691.81
305.60	932.99	0.00	11448.74
305.70	1826.20	0.00	11150.25
305.80	2693.42	0.00	10800.17
305.90	3530.43	0.00	10402.53
306.00	4333.38	0.00	9961.49
306.10	5098.88	0.00	9481.25
306.20	5823.94	0.00	8965.99
306.30	6506.01	0.00	8419.79
306.40	7142.94	0.00	7846.63
306.50	7732.95	0.00	7250.26
306.60	8274.62	0.00	6634.22
306.70	8766.86	0.00	6001.80
306.80	9208.82	0.00	5356.03
306.90	9599.86	0.00	4699.65
307.00	9939.54	0.00	4035.16
307.10	10227.51	0.00	3364.79
307.20	10463.53	0.00	2690.59
307.30	10647.38	0.00	2014.39
307.40	10778.89	0.00	1337.93
307.50	10857.85	0.00	662.82
307.60	10884.05	0.00	-9.31
307.70	10857.28	0.00	-676.84
307.80	10777.31	0.00	-1338.05
307.90	10647.06	0.00	-1991.08
308.00	10475.01	0.00	-2633.89
308.10	10260.96	0.00	-3264.23
308.20	10004.14	0.00	-3879.56
308.30	9703.76	0.00	-4477.08
308.40	9359.12	0.00	-5053.69
308.50	8969.70	0.00	-5606.02
308.60	8535.19	0.00	-6130.40
308.70	8055.65	0.00	-6622.94
308.80	7531.52	0.00	-7079.53
308.90	6963.75	0.00	-7495.93
309.00	6353.86	0.00	-7867.83
309.10	5703.98	0.00	-8190.93
309.20	5016.94	0.00	-8461.01
309.30	4296.27	0.00	-8674.08
309.40	3546.27	0.00	-8826.42
309.50	2771.94	0.00	-8914.73
309.60	1979.06	0.00	-8936.22
309.70	1174.05	0.00	-8888.72
309.80	364.01	0.00	-8770.75
309.90	-443.45	0.00	-8581.67
310.00	-1240.24	0.00	-8321.66
310.10	-2017.95	0.00	-7991.88
310.20	-2767.97	0.00	-7594.45
310.30	-3481.66	0.00	-7132.50
310.40	-4150.50	0.00	-6610.18
310.50	-4766.24	0.00	-6032.65
310.60	-5321.12	0.00	-5406.03
310.70	-5808.02	0.00	-4737.35
310.80	-6220.60	0.00	-4034.49
310.90	-6553.51	0.00	-3306.05
311.00	-6802.47	0.00	-2561.27
311.10	-6964.44	0.00	-1809.88
311.20	-7037.69	0.00	-1061.95
311.30	-7021.88	0.00	-327.74
311.40	-6918.07	0.00	382.47
311.50	-6728.80	0.00	1058.53
311.60	-6457.99	0.00	1690.64
311.70	-6110.96	0.00	2269.45
311.80	-5694.30	0.00	2786.31
311.90	-5215.78	0.00	3233.35
312.00	-4684.25	0.00	3603.66
312.10	-4109.46	0.00	3891.43
312.20	-3501.88	0.00	4092.06
312.30	-2872.59	0.00	4202.21
312.40	-2233.00	0.00	4219.95
312.50	-1594.85	0.00	4144.73
312.60	-969.82	0.00	3977.48
312.70	-369.11	0.00	3720.56
312.80	196.37	0.00	3377.75
312.90	716.07	0.00	2954.24
313.00	1180.09	0.00	2456.51
313.10	1579.27	0.00	1892.29
313.20	1905.49	0.00	1270.41
313.30	2151.97	0.00	600.70
313.40	2313.00	0.00	-106.15
313.50	2384.12	0.00	-838.76
313.60	2362.21	0.00	-1585.21
313.70	2245.52	0.00	-2333.22
313.80	2033.74	0.00	-3070.35
313.90	1728.01	0.00	-3784.13
314.00	1330.91	0.00	-4462.31
314.10	846.44	0.00	-5092.96
314.20	280.03	0.00	-5664.72
314.30	-361.55	0.00	-6166.90
314.40	-1070.26	0.00	-6589.68
314.50	-1836.82	0.00	-6924.24
314.60	-2650.86	0.00	-7162.86
314.70	-3501.05	0.00	-7299.07
314.80	-4375.19	0.00	-7327.72
314.90	-5260.41	0.00	-7245.07
315.00	-6143.65	0.00	-7048.85
315.10	-7014.67	0.00	-6738.25
315.20	-7862.11	0.00	-6314.00
315.30	-8674.22	0.00	-5778.32
315.40	-9439.63	0.00	-5134.91
315.50	-10147.45	0.00	-4388.88
315.60	-10787.38	0.00	-3546.71
315.70	-11349.82	0.00	-2616.16
315.80	-11825.93	0.00	-1606.14
315.90	-12207.73	0.00	-526.62
316.00	-12488.18	0.00	611.52
316.10	-12661.19	0.00	1796.62
316.20	-12721.69	0.00	3016.40
316.30	-12665.70	0.00	4258.16
316.40	-12490.31	0.00	5508.88
316.50	-12193.75	0.00	6755.45
316.60	-11775.41	0.00	7984.78
316.70	-11235.82	0.00	9184.04
316.80	-10576.69	0.00	10340.74
316.90	-9800.91	0.00	11442.96
317.00	-8912.50	0.00	12479.42
317.10	-7916.65	0.00	13439.65
317.20	-6819.63	0.00	14314.11
317.30	-5628.79	0.00	15094.22
317.40	-4352.46	0.00	15772.54
317.50	-2999.94	0.00	16342.74
317.60	-1581.34	0.00	16799.68
317.70	-107.53	0.00	17139.43
317.80	1409.96	0.00	17359.24
317.90	2959.11	0.00	17457.55
318.00	4527.48	0.00	17433.95
318.10	6102.37	0.00	17289.10
318.20	7670.98	0.00	17024.70
318.30	9220.49	0.00	16643.37
318.40	10738.27	0.00	16148.59
318.50	12211.93	0.00	15544.57
318.60	13629.50	0.00	14836.18
318.70	14979.52	0.00	14028.85
318.80	16251.13	0.00	13128.42
318.90	17434.16	0.00	12141.11
319.00	18519.23	0.00	11073.35
319.10	19497.73	0.00	9931.79
319.20	20361.96	0.00	8723.15
319.30	21105.07	0.00	7454.20
319.40	21721.12	0.00	6131.72
319.50	22209.13	0.00	4762.44
319.60	22605.49	0.00	3353.05
319.70	22919.29	0.00	1910.18
319.80	23149.60	0.00	440.43
319.90	23295.24	0.00	-1049.65
320.00	23354.73	0.00	-2553.49
320.10	23326.26	0.00	-4064.48
320.20	23207.71	0.00	-5575.93
320.30	22996.65	0.00	-7081.05
320.40	22690.37	0.00	-8572.88
320.50	22285.97	0.00	-10044.28
320.60	21780.47	0.00	-11487.87
320.70	21170.84	0.00	-12896.07
320.80	20454.22	0.00	-14261.06
320.90	19627.98	0.00	-15574.78
321.00	18689.96	0.00	-16829.01
321.10	17638.55	0.00	-18015.35
321.20	16472.94	0.00	-19125.35
321.30	15193.22	0.00	-20150.54
321.40	13800.60	0.00	-21082.53
321.50	12297.53	0.00	-21913.16
321.60	10687.86	0.00	-22634.58
321.70	8976.93	0.00	-23239.41
321.80	7171.67	0.00	-23720.86
321.90	5280.65	0.00	-24072.89
322.00	3314.11	0.00	-24290.31
322.10	1283.90	0.00	-24368.97
322.20	-796.55	0.00	-24305.85
322.30	-2912.38	0.00	-24099.16
322.40	-5047.44	0.00	-23748.47
322.50	-7184.48	0.00	-23254.72
322.60	-9305.42	0.00	-22620.34
322.70	-11391.64	0.00	-21849.22
322.80	-13424.21	0.00	-20946.71
322.90	-15384.31	0.00	-19919.57
323.00	-17253.53	0.00	-18775.95
323.10	-19014.18	0.00	-17525.24
323.20	-20649.70	0.00	-16177.97
323.30	-22144.89	0.00	-14745.65
323.40	-23486.28	0.00	-13240.60
323.50	-24662.35	0.00	-11675.78
323.60	-25663.73	0.00	-10064.55
323.70	-26483.39	0.00	-8420.48
323.80	-27116.70	0.00	-6757.13
323.90	-27561.53	0.00	-5087.80
324.00	-27818.21	0.00	-3425.38
324.10	-27889.45	0.00	-1782.08
324.20	-27784.52	0.00	-169.29
324.30	-27570.73	0.00	1402.60
324.40	-27274.20	0.00	2924.35
324.50	-26901.45	0.00	4387.96
324.60	-26459.05	0.00	5786.77
324.70	-25953.55	0.00	7115.51
324.80	-25391.33	0.00	8370.32
324.90	-24778.52	0.00	9548.72
325.00	-24120.88	0.00	10649.59
325.10	-23423.75	0.00	11673.06
325.20	-22691.90	0.00	12620.43
325.30	-21929.48	0.00	13494.06
325.40	-21139.98	0.00	14297.16
325.50	-20326.12	0.00	15033.70
325.60	-19489.85	0.00	15708.17
325.70	-18632.32	0.00	16325.43
325.80	-17753.85	0.00	16890.53
325.90	-16853.99	0.00	17408.51
326.00	-15931.54	0.00	17884.21
326.10	-14984.59	0.00	18322.15
326.20	-14010.62	0.00	18726.35
326.30	-13006.58	0.00	19100.21
326.40	-11969.03	0.00	19446.41
326.50	-10894.25	0.00	19766.81
326.60	-9778.36	0.00	20062.40
326.70	-8617.54	0.00	20333.27
326.80	-7408.13	0.00	20578.59
326.90	-6146.81	0.00	20796.64
327.00	-4830.76	0.00	20984.85
327.10	-3457.82	0.00	21139.84
327.20	-2026.66	0.00	21257.53
327.30	-536.87	0.00	21333.21
327.40	1010.87	0.00	21361.65
327.50	2614.69	0.00	21337.26
327.60	4271.45	0.00	21254.17
327.70	5976.70	0.00	21106.38
327.80	7724.58	0.00	20887.91
327.90	9507.83	0.00	20592.90
328.00	11317.82	0.00	20215.77
328.10	13144.54	0.00	19751.33
328.20	14976.70	0.00	19194.87
328.30	16801.80	0.00	18542.31
328.40	18606.24	0.00	17790.27
328.50	20375.47	0.00	16936.17
328.60	22094.14	0.00	15978.27
328.70	23746.28	0.00	14915.76
328.80	25315.51	0.00	13748.81
328.90	26785.27	0.00	12478.59
329.00	28139.02	0.00	11107.31
329.10	29360.48	0.00	9638.23
329.20	30433.90	0.00	8075.66
329.30	31344.29	0.00	6424.98
329.40	32077.68	0.00	4692.60
329.50	32624.30	0.00	2885.92
329.60	33052.49	0.00	1013.36
329.70	33390.84	0.00	-915.76
329.80	33633.26	0.00	-2891.19
329.90	33773.44	0.00	-4901.90
330.00	33804.80	0.00	-6936.07
330.10	33720.62	0.00	-8981.21
330.20	33514.07	0.00	-11024.24
330.30	33178.31	0.00	-13051.60
330.40	32706.64	0.00	-15049.33
330.50	32092.63	0.00	-17003.20
330.60	31330.30	0.00	-18898.83
330.70	30414.27	0.00	-20721.84
330.80	29340.01	0.00	-22457.95
330.90	28103.99	0.00	-24093.16
331.00	26703.95	0.00	-25613.87
331.10	25139.08	0.00	-27007.04
331.20	23410.19	0.00	-28260.34
331.30	21519.97	0.00	-29362.29
331.40	19473.09	0.00	-30302.41
331.50	17276.36	0.00	-31071.35
331.60	14938.79	0.00	-31661.03
331.70	12471.73	0.00	-32064.73
331.80	9888.76	0.00	-32277.24
331.90	7205.74	0.00	-32294.88
332.00	4440.69	0.00	-32115.66
332.10	1613.61	0.00	-31739.25
332.20	-1253.70	0.00	-31167.08
332.30	-4137.89	0.00	-30402.29
332.40	-7014.36	0.00	-29449.80
332.50	-9857.64	0.00	-28316.20
332.60	-12641.70	0.00	-27009.78
332.70	-15340.43	0.00	-25540.39
332.80	-17928.01	0.00	-23919.39
332.90	-20379.37	0.00	-22159.52
333.00	-22670.60	0.00	-20274.82
333.10	-24779.37	0.00	-18280.40
333.20	-26685.34	0.00	-16192.38
333.30	-28370.49	0.00	-14027.66
333.40	-29819.44	0.00	-11803.76
333.50	-31019.75	0.00	-9538.62
333.60	-31962.10	0.00	-7250.47
333.70	-32640.45	0.00	-4957.53
333.80	-33052.12	0.00	-2677.92
333.90	-33197.83	0.00	-429.40
334.00	-33081.64	0.00	1770.80
334.10	-32710.81	0.00	3906.14
334.20	-32095.72	0.00	5960.99
334.30	-31290.32	0.00	7920.76
334.40	-30372.85	0.00	9772.07
334.50	-29351.68	0.00	11502.87
334.60	-28234.43	0.00	13102.60
334.70	-27029.15	0.00	14562.24
334.80	-25744.28	0.00	15874.45
334.90	-24388.74	0.00	17033.60
335.00	-22971.85	0.00	18035.82
335.10	-21503.39	0.00	18879.03
335.20	-19993.49	0.00	19562.94
335.30	-18452.62	0.00	20089.01
335.40	-16891.46	0.00	20460.41
335.50	-15320.81	0.00	20681.92
335.60	-13751.49	0.00	20759.89
335.70	-12194.11	0.00	20702.06
335.80	-10659.01	0.00	20517.45
335.90	-9156.02	0.00	20216.21
336.00	-7694.33	0.00	19809.44
336.10	-6282.35	0.00	19308.97
336.20	-4927.49	0.00	18727.21
336.30	-3636.10	0.00	18076.91
336.40	-2413.31	0.00	17370.97
336.50	-1262.97	0.00	16622.22
336.60	-187.59	0.00	15843.21
336.70	811.70	0.00	15046.02
336.80	1735.13	0.00	14242.07
336.90	2584.22	0.00	13441.94
337.00	3361.74	0.00	12655.23
337.10	4071.60	0.00	11890.43
337.20	4718.67	0.00	11154.78
337.30	5308.68	0.00	10454.22
337.40	5848.00	0.00	9793.35
337.50	6343.47	0.00	9175.34
337.60	6802.17	0.00	8602.00
337.70	7231.26	0.00	8073.78
337.80	7637.72	0.00	7589.85
337.90	8028.24	0.00	7148.13
338.00	8408.93	0.00	6745.48
338.10	8785.26	0.00	6377.76
338.20	9161.86	0.00	6040.02
338.30	9542.42	0.00	5726.60
338.40	9929.57	0.00	5431.40
338.50	10324.88	0.00	5147.94
338.60	10728.77	0.00	4869.62
338.70	11140.53	0.00	4589.86
338.80	11558.33	0.00	4302.25
338.90	11979.30	0.00	4000.76
339.00	12399.60	0.00	3679.82
339.10	12814.52	0.00	3334.51
339.20	13218.60	0.00	2960.61
339.30	13605.77	0.00	2554.75
339.40	13969.53	0.00	2114.40
339.50	14303.10	0.00	1638.00
339.60	14599.59	0.00	1124.92
339.70	14852.17	0.00	575.48
339.80	15054.23	0.00	-9.06
339.90	15199.58	0.00	-626.56
340.00	15292.62	0.00	-1274.05
340.10	15343.82	0.00	-1947.81
340.20	15349.20	0.00	-2643.43
340.30	15305.08	0.00	-3355.98
340.40	15208.33	0.00	-4080.02
340.50	15056.36	0.00	-4809.79
340.60	14847.22	0.00	-5539.30
340.70	14579.53	0.00	-6262.43
340.80	14252.55	0.00	-6973.07
340.90	13866.16	0.00	-7665.18
341.00	13420.82	0.00	-8332.95
341.10	12917.58	0.00	-8970.85
341.20	12358.05	0.00	-9573.71
341.30	11744.34	0.00	-10136.81
341.40	11079.05	0.00	-10655.92
341.50	10365.23	0.00	-11127.36
341.60	9606.30	0.00	-11547.98
341.70	8806.02	0.00	-11915.26
341.80	7968.46	0.00	-12227.23
341.90	7097.90	0.00	-12482.54
342.00	6198.82	0.00	-12680.37
342.10	5275.83	0.00	-12820.46
342.20	4333.61	0.00	-12903.05
342.30	3376.88	0.00	-12928.83
342.40	2410.38	0.00	-12898.92
342.50	1438.77	0.00	-12814.79
342.60	466.63	0.00	-12678.24
342.70	-501.54	0.00	-12491.30
342.80	-1461.42	0.00	-12256.24
342.90	-2408.80	0.00	-11975.45
343.00	-3339.66	0.00	-11651.46
343.10	-4250.18	0.00	-11286.84
343.20	-5136.69	0.00	-10884.21
343.30	-5995.71	0.00	-10446.17
343.40	-6823.96	0.00	-9975.29
343.50	-7618.32	0.00	-9474.10
343.60	-8375.86	0.00	-8945.06
343.70	-9093.81	0.00	-8390.55
343.80	-9769.57	0.00	-7812.89
343.90	-10400.69	0.00	-7214.32
344.00	-10984.89	0.00	-6597.03
344.10	-11520.04	0.00	-5963.13
344.20	-12004.18	0.00	-5314.72
344.30	-12435.51	0.00	-4653.84
344.40	-12812.41	0.00	-3982.56
344.50	-13133.45	0.00	-3302.91
344.60	-13397.42	0.00	-2616.97
344.70	-13603.32	0.00	-1926.81
344.80	-13750.39	0.00	-1234.57
344.90	-13838.13	0.00	-542.40
345.00	-13866.32	0.00	147.49
345.10	-13835.05	0.00	832.86
345.20	-13744.74	0.00	1511.44
345.30	-13607.77	0.00	2180.96
345.40	-13433.46	0.00	2839.10
345.50	-13222.22	0.00	3483.61
345.60	-12974.55	0.00	4112.23
345.70	-12691.00	0.00	4722.78
345.80	-12372.26	0.00	5313.13
345.90	-12019.08	0.00	5881.28
346.00	-11632.33	0.00	6425.34
346.10	-11213.01	0.00	6943.54
346.20	-10762.17	0.00	7434.32
346.30	-10281.00	0.00	7896.24
346.40	-9770.77	0.00	8328.07
346.50	-9232.80	0.00	8728.79
346.60	-8668.50	0.00	9097.53
346.70	-8079.32	0.00	9433.66
346.80	-7466.75	0.00	9736.68
346.90	-6832.29	0.00	10006.31
347.00	-6177.47	0.00	10242.38
347.10	-5503.80	0.00	10444.89
347.20	-4812.77	0.00	10613.92
347.30	-4105.87	0.00	10749.63
347.40	-3384.57	0.00	10852.24
347.50	-2650.32	0.00	10921.99
347.60	-1904.55	0.00	10959.11
347.70	-1148.71	0.00	10963.80
347.80	-384.27	0.00	10936.18
347.90	387.29	0.00	10876.31
348.00	1164.38	0.00	10784.13
348.10	1945.36	0.00	10659.47
348.20	2728.44	0.00	10502.07
348.30	3511.70	0.00	10311.50
348.40	4293.00	0.00	10087.27
348.50	5070.01	0.00	9828.75
348.60	5840.17	0.00	9535.27
348.70	6600.61	0.00	9206.10
348.80	7348.22	0.00	8840.50
348.90	8079.57	0.00	8437.76
349.00	8790.94	0.00	7997.25
349.10	9478.30	0.00	7518.46
349.20	10137.38	0.00	7001.05
349.30	10763.64	0.00	6444.93
349.40	11352.32	0.00	5850.28
349.50	11898.53	0.00	5217.60
349.60	12397.25	0.00	4547.77
349.70	12843.46	0.00	3842.10
349.80	13232.16	0.00	3102.34
349.90	13558.50	0.00	2330.71
350.00	13817.85	0.00	1529.93
350.10	14005.89	0.00	703.23
350.20	14119.51	0.00	-145.68
350.30	14170.60	0.00	-1012.59
350.40	14162.20	0.00	-1892.84
350.50	14091.82	0.00	-2781.36
350.60	13957.23	0.00	-3672.68
350.70	13756.54	0.00	-4561.01
350.80	13488.23	0.00	-5440.31
350.90	13151.23	0.00	-6304.35
351.00	12744.90	0.00	-7146.77
351.10	12269.15	0.00	-7961.18
351.20	11724.42	0.00	-8741.23
351.30	11111.71	0.00	-9480.69
351.40	10432.63	0.00	-10173.54
351.50	9689.41	0.00	-10814.01
351.60	8884.89	0.00	-11396.70
351.70	8022.52	0.00	-11916.62
351.80	7106.37	0.00	-12369.24
351.90	6141.10	0.00	-12750.55
352.00	5131.96	0.00	-13057.12
352.10	4084.73	0.00	-13286.10
352.20	3005.67	0.00	-13435.27
352.30	1901.55	0.00	-13503.05
352.40	779.51	0.00	-13488.50
352.50	-352.94	0.00	-13391.35
352.60	-1488.03	0.00	-13211.97
352.70	-2617.73	0.00	-12951.37
352.80	-3733.87	0.00	-12611.18
352.90	-4828.24	0.00	-12193.64
353.00	-5892.57	0.00	-11701.57
353.10	-6918.73	0.00	-11138.36
353.20	-7898.72	0.00	-10507.93
353.30	-8824.79	0.00	-9814.70
353.40	-9689.55	0.00	-9063.58
353.50	-10485.99	0.00	-8259.91
353.60	-11207.62	0.00	-7409.47
353.70	-11848.52	0.00	-6518.38
353.80	-12403.43	0.00	-5593.16
353.90	-12867.83	0.00	-4640.59
354.00	-13237.97	0.00	-3667.74
354.10	-13510.99	0.00	-2681.89
354.20	-13684.94	0.00	-1690.48
354.30	-13758.82	0.00	-701.10
354.40	-13732.62	0.00	278.66
354.50	-13607.36	0.00	1241.17
354.60	-13385.94	0.00	2178.92
354.70	-13085.08	0.00	3084.52
354.80	-12712.32	0.00	3950.83
354.90	-12270.79	0.00	4771.01
355.00	-11764.17	0.00	5538.62
355.10	-11196.70	0.00	6247.69
355.20	-10573.19	0.00	6892.80
355.30	-9898.96	0.00	7469.15
355.40	-9179.87	0.00	7972.66
355.50	-8422.25	0.00	8400.01
355.60	-7632.88	0.00	8748.69
355.70	-6818.92	0.00	9017.08
355.80	-5987.84	0.00	9204.45
355.90	-5147.35	0.00	9311.00
356.00	-4305.27	0.00	9337.86
356.10	-3469.48	0.00	9287.10
356.20	-2647.80	0.00	9161.69
356.30	-1847.84	0.00	8965.47
356.40	-1076.93	0.00	8703.12
356.50	-341.98	0.00	8380.06
356.60	350.59	0.00	8002.42
356.70	995.01	0.00	7576.89
356.80	1586.21	0.00	7110.70
356.90	2119.92	0.00	6611.47
357.00	2592.73	0.00	6087.11
357.10	3002.15	0.00	5545.70
357.20	3346.64	0.00	4995.39
357.30	3625.65	0.00	4444.30
357.40	3839.57	0.00	3900.36
357.50	3989.79	0.00	3371.26
357.60	4078.60	0.00	2864.29
357.70	4109.21	0.00	2386.32
357.80	4085.61	0.00	1943.64
357.90	4012.59	0.00	1541.91
358.00	3895.58	0.00	1186.13
358.10	3740.61	0.00	880.50
358.20	3554.19	0.00	628.46
358.30	3343.23	0.00	432.58
358.40	3114.91	0.00	294.61
358.50	2876.62	0.00	215.36
358.60	2635.81	0.00	194.80
358.70	2399.92	0.00	231.97
358.80	2176.27	0.00	325.08
358.90	1971.97	0.00	471.44
359.00	1793.83	0.00	667.53
359.10	1648.25	0.00	909.07
359.20	1541.17	0.00	1190.99
359.30	1477.96	0.00	1507.52
359.40	1463.37	0.00	1852.27
359.50	1501.43	0.00	2218.25
359.60	1595.38	0.00	2597.98
359.70	1747.66	0.00	2983.53
359.80	1959.77	0.00	3366.66
359.90	2232.27	0.00	3738.87
360.00	2564.74	0.00	4091.53
360.10	2955.71	0.00	4415.95
360.20	3402.65	0.00	4703.54
360.30	3901.94	0.00	4945.88
360.40	4448.88	0.00	5134.87
360.50	5037.71	0.00	5262.83
360.60	5661.60	0.00	5322.62
360.70	6312.73	0.00	5307.78
360.80	6982.32	0.00	5212.62
360.90	7660.74	0.00	5032.35
361.00	8340.40	0.00	4763.18
361.10	9015.59	0.00	4402.38
361.20	9676.73	0.00	3948.42
361.30	10313.91	0.00	3400.99
361.40	10917.02	0.00	2761.10
361.50	11475.90	0.00	2031.07
361.60	11980.42	0.00	1214.58
361.70	12420.60	0.00	316.65
361.80	12786.74	0.00	-656.33
361.90	13069.50	0.00	-1696.71
362.00	13260.02	0.00	-2795.59
362.10	13350.08	0.00	-3942.91
362.20	13332.17	0.00	-5127.58
362.30	13199.61	0.00	-6337.54
362.40	12946.70	0.00	-7559.97
362.50	12568.78	0.00	-8781.35
362.60	12062.41	0.00	-9987.74
362.70	11425.42	0.00	-11164.83
362.80	10657.04	0.00	-12298.24
362.90	9758.02	0.00	-13373.62
363.00	8730.65	0.00	-14376.90
363.10	7578.89	0.00	-15294.46
363.20	6308.40	0.00	-16113.33
363.30	4926.58	0.00	-16821.35
363.40	3442.58	0.00	-17407.38
363.50	1867.26	0.00	-17861.43
363.60	213.17	0.00	-18174.84
363.70	-1505.54	0.00	-18340.38
363.80	-3273.24	0.00	-18352.37
363.90	-5072.97	0.00	-18206.79
364.00	-6886.64	0.00	-17901.34
364.10	-8695.21	0.00	-17435.48
364.20	-10478.97	0.00	-16810.45
364.30	-12217.81	0.00	-16029.28
364.40	-13891.52	0.00	-15096.77
364.50	-15480.09	0.00	-14019.42
364.60	-16964.06	0.00	-12805.39
364.70	-18324.83	0.00	-11464.34
364.80	-19544.97	0.00	-10007.43
364.90	-20608.54	0.00	-8447.07
365.00	-21501.39	0.00	-6796.84
365.10	-22211.39	0.00	-5071.32
365.20	-22728.65	0.00	-3285.92
365.30	-23045.74	0.00	-1456.65
365.40	-23178.98	0.00	399.99
365.50	-23163.05	0.00	2267.26
365.60	-22998.01	0.00	4128.36
365.70	-22684.13	0.00	5966.60
365.80	-22222.55	0.00	7765.61
365.90	-21615.28	0.00	9509.50
366.00	-20865.24	0.00	11183.04
366.10	-19976.25	0.00	12771.81
366.20	-18953.09	0.00	14262.37
366.30	-17801.48	0.00	15642.32
366.40	-16528.15	0.00	16900.50
366.50	-15140.82	0.00	18027.02
366.60	-13648.21	0.00	19013.37
366.70	-12060.04	0.00	19852.44
366.80	-10386.99	0.00	20538.61
366.90	-8640.69	0.00	21067.72
367.00	-6833.62	0.00	21437.13
367.10	-4979.04	0.00	21645.62
367.20	-3090.91	0.00	21693.46
367.30	-1183.77	0.00	21582.28
367.40	727.42	0.00	21315.06
367.50	2627.43	0.00	20896.05
367.60	4500.86	0.00	20330.66
367.70	6332.41	0.00	19625.42
367.80	8106.97	0.00	18787.85
367.90	9809.85	0.00	17826.37
368.00	11426.94	0.00	16750.19
368.10	12944.88	0.00	15569.22
368.20	14351.24	0.00	14293.94
368.30	15634.64	0.00	12935.33
368.40	16784.95	0.00	11504.71
368.50	17793.33	0.00	10013.71
368.60	18652.41	0.00	8474.13
368.70	19356.31	0.00	6897.85
368.80	19900.75	0.00	5296.73
368.90	20283.03	0.00	3682.57
369.00	20502.10	0.00	2066.98
369.10	20558.54	0.00	461.33
369.20	20454.48	0.00	-1123.31
369.30	20193.85	0.00	-2676.29
369.40	19807.75	0.00	-4187.37
369.50	19318.29	0.00	-5646.85
369.60	18729.49	0.00	-7045.58
369.70	18045.64	0.00	-8375.03
369.80	17271.36	0.00	-9627.32
369.90	16411.57	0.00	-10795.30
370.00	15471.57	0.00	-11872.58
370.10	14457.01	0.00	-12853.54
370.20	13373.92	0.00	-13733.37
370.30	12228.75	0.00	-14508.12
370.40	11028.31	0.00	-15174.71
370.50	9779.84	0.00	-15730.90
370.60	8490.91	0.00	-16175.38
370.70	7169.44	0.00	-16507.67
370.80	5823.64	0.00	-16728.17
370.90	4461.96	0.00	-16838.14
371.00	3093.01	0.00	-16839.63
371.10	1725.50	0.00	-16735.48
371.20	368.15	0.00	-16529.24
371.30	-970.41	0.00	-16225.17
371.40	-2281.69	0.00	-15828.11
371.50	-3557.49	0.00	-15343.44
371.60	-4789.94	0.00	-14777.01
371.70	-5971.64	0.00	-14135.07
371.80	-7095.66	0.00	-13424.14
371.90	-8155.68	0.00	-12650.98
372.00	-9146.04	0.00	-11822.47
372.10	-10061.73	0.00	-10945.55
372.20	-10898.50	0.00	-10027.10
372.30	-11652.81	0.00	-9073.94
372.40	-12321.87	0.00	-8092.68
372.50	-12903.64	0.00	-7089.72
372.60	-13396.75	0.00	-6071.17
372.70	-13800.54	0.00	-5042.82
372.80	-14114.97	0.00	-4010.10
372.90	-14340.57	0.00	-2978.09
373.00	-14478.41	0.00	-1951.47
373.10	-14530.00	0.00	-934.56
373.20	-14497.26	0.00	68.69
373.30	-14382.79	0.00	1054.66
373.40	-14203.60	0.00	2020.05
373.50	-13969.31	0.00	2961.83
373.60	-13681.55	0.00	3877.21
373.70	-13341.73	0.00	4763.57
373.80	-12951.08	0.00	5618.45
373.90	-12510.65	0.00	6439.48
374.00	-12021.32	0.00	7224.34
374.10	-11483.90	0.00	7970.74
374.20	-10899.13	0.00	8676.36
374.30	-10267.76	0.00	9338.85
374.40	-9590.59	0.00	9955.78
374.50	-8868.56	0.00	10524.69
374.60	-8102.82	0.00	11043.01
374.70	-7294.78	0.00	11508.15
374.80	-6446.18	0.00	11917.49
374.90	-5559.19	0.00	12268.38
375.00	-4636.42	0.00	12558.24
375.10	-3680.97	0.00	12784.58
375.20	-2696.52	0.00	12945.04
375.30	-1687.30	0.00	13037.46
375.40	-658.13	0.00	13059.97
375.50	385.59	0.00	13011.01
375.60	1437.90	0.00	12889.44
375.70	2492.32	0.00	12694.56
375.80	3541.86	0.00	12426.19
375.90	4579.18	0.00	12084.72
376.00	5596.56	0.00	11671.14
376.10	6586.08	0.00	11187.11
376.20	7539.72	0.00	10634.93
376.30	8449.42	0.00	10017.59
376.40	9307.28	0.00	9338.76
376.50	10105.64	0.00	8602.76
376.60	10837.25	0.00	7814.57
376.70	11495.37	0.00	6979.75
376.80	12073.90	0.00	6104.39
376.90	12567.49	0.00	5195.10
377.00	12971.67	0.00	4258.87
377.10	13282.91	0.00	3303.01
377.20	13498.70	0.00	2335.08
377.30	13617.59	0.00	1362.77
377.40	13639.24	0.00	393.80
377.50	13566.39	0.00	-564.15
377.60	13415.81	0.00	-1503.58
377.70	13192.79	0.00	-2417.26
377.80	12899.98	0.00	-3298.29
377.90	12540.54	0.00	-4140.24
378.00	12118.12	0.00	-4937.19
378.10	11636.82	0.00	-5683.83
378.20	11101.14	0.00	-6375.48
378.30	10515.93	0.00	-7008.18
378.40	9886.33	0.00	-7578.70
378.50	9217.75	0.00	-8084.58
378.60	8515.73	0.00	-8524.13
378.70	7785.98	0.00	-8896.41
378.80	7034.21	0.00	-9201.24
378.90	6266.15	0.00	-9439.16
379.00	5487.42	0.00	-9611.37
379.10	4703.52	0.00	-9719.72
379.20	3919.72	0.00	-9766.61
379.30	3141.05	0.00	-9754.96
379.40	2372.23	0.00	-9688.10
379.50	1617.64	0.00	-9569.74
379.60	881.28	0.00	-9403.83
379.70	166.72	0.00	-9194.57
379.80	-522.84	0.00	-8946.25
379.90	-1184.66	0.00	-8663.25
380.00	-1816.42	0.00	-8349.91
380.10	-2416.20	0.00	-8010.52
380.20	-2982.49	0.00	-7649.26
380.30	-3514.15	0.00	-7270.13
380.40	-4010.37	0.00	-6876.95
380.50	-4470.67	0.00	-6473.29
380.60	-4894.85	0.00	-6062.51
380.70	-5282.94	0.00	-5647.70
380.80	-5635.20	0.00	-5231.70
380.90	-5952.05	0.00	-4817.10
381.00	-6234.08	0.00	-4406.27
381.10	-6482.00	0.00	-4001.35
381.20	-6696.63	0.00	-3604.26
381.30	-6878.89	0.00	-3216.76
381.40	-7029.76	0.00	-2840.44
381.50	-7150.34	0.00	-2476.75
381.60	-7241.78	0.00	-2126.99
381.70	-7305.34	0.00	-1792.36
381.80	-7342.35	0.00	-1473.97
381.90	-7354.26	0.00	-1172.81
382.00	-7342.63	0.00	-889.76
382.10	-7309.12	0.00	-625.62
382.20	-7255.53	0.00	-381.03
382.30	-7183.80	0.00	-156.53
382.40	-7095.97	0.00	47.51
382.50	-6994.23	0.00	230.91
382.60	-6880.84	0.00	393.67
382.70	-6759.41	0.00	536.04
382.80	-6635.85	0.00	658.50
382.90	-6512.59	0.00	761.83
383.00	-6391.80	0.00	847.10
383.10	-6275.65	0.00	915.65
383.20	-6166.18	0.00	969.19
383.30	-6065.36	0.00	1009.70
383.40	-5974.96	0.00	1039.50
383.50	-5896.55	0.00	1061.20
383.60	-5831.45	0.00	1077.65
383.70	-5780.66	0.00	1091.96
383.80	-5744.81	0.00	1107.45
383.90	-5724.17	0.00	1127.57
384.00	-5718.56	0.00	1155.84
384.10	-5727.38	0.00	1195.85
384.20	-5749.53	0.00	1251.13
384.30	-5783.45	0.00	1325.09
384.40	-5827.09	0.00	1420.99
384.50	-5877.93	0.00	1541.81
384.60	-5933.01	0.00	1690.21
384.70	-5988.96	0.00	1868.47
384.80	-6041.99	0.00	2078.41
384.90	-6088.03	0.00	2321.34
385.00	-6122.70	0.00	2598.00
385.10	-6141.42	0.00	2908.55
385.20	-6139.47	0.00	3252.51
385.30	-6112.05	0.00	3628.74
385.40	-6054.39	0.00	4035.48
385.50	-5961.80	0.00	4470.28
385.60	-5829.76	0.00	4930.08
385.70	-5654.02	0.00	5411.22
385.80	-5430.65	0.00	5909.46
385.90	-5156.15	0.00	6420.04
386.00	-4827.48	0.00	6937.76
386.10	-4442.17	0.00	7457.02
386.20	-3998.38	0.00	7971.91
386.30	-3494.93	0.00	8476.28
386.40	-2931.34	0.00	8963.85
386.50	-2307.93	0.00	9428.26
386.60	-1625.77	0.00	9863.20
386.70	-886.75	0.00	10262.46
386.80	-93.57	0.00	10620.05
386.90	750.27	0.00	10930.27
387.00	1640.46	0.00	11187.76
387.10	2571.96	0.00	11387.63
387.20	3538.97	0.00	11525.49
387.30	4535.04	0.00	11597.48
387.40	5553.10	0.00	11600.36
387.50	6585.55	0.00	11531.55
387.60	7624.32	0.00	11389.10
387.70	8660.99	0.00	11171.79
387.80	9686.85	0.00	10879.06
387.90	10693.02	0.00	10511.06
388.00	11670.57	0.00	10068.60
388.10	12610.59	0.00	9553.16
388.20	13504.32	0.00	8966.86
388.30	14343.26	0.00	8312.41
388.40	15119.26	0.00	7593.07
388.50	15824.61	0.00	6812.62
388.60	16452.14	0.00	5975.32
388.70	16995.29	0.00	5085.83
388.80	17448.20	0.00	4149.18
388.90	17816.09	0.00	3170.71
389.00	18118.70	0.00	2156.04
389.10	18354.85	0.00	1110.98
389.20	18522.74	0.00	41.53
389.30	18620.74	0.00	-1046.20
389.40	18647.42	0.00	-2146.01
389.50	18601.50	0.00	-3251.67
389.60	18481.88	0.00	-4356.92
389.70	18287.59	0.00	-5455.55
389.80	18017.87	0.00	-6541.40
389.90	17672.11	0.00	-7608.39
390.00	17249.90	0.00	-8650.56
390.10	16751.08	0.00	-9662.07
390.20	16175.72	0.00	-10637.27
390.30	15524.20	0.00	-11570.68
390.40	14797.25	0.00	-12457.03
390.50	13995.93	0.00	-13291.30
390.60	13121.78	0.00	-14068.73
390.70	12176.74	0.00	-14784.86
390.80	11163.30	0.00	-15435.53
390.90	10084.45	0.00	-16016.96
391.00	8943.77	0.00	-16525.74
391.10	7745.40	0.00	-16958.87
391.20	6494.11	0.00	-17313.80
391.30	5195.23	0.00	-17588.45
391.40	3854.71	0.00	-17781.26
391.50	2479.06	0.00	-17891.15
391.60	1075.31	0.00	-17917.64
391.70	-349.03	0.00	-17860.78
391.80	-1786.03	0.00	-17721.18
391.90	-3227.41	0.00	-17500.06
392.00	-4664.65	0.00	-17199.19
392.10	-6089.05	0.00	-16820.91
392.20	-7491.86	0.00	-16368.07
392.30	-8864.39	0.00	-15844.07
392.40	-10198.10	0.00	-15252.76
392.50	-11484.74	0.00	-14598.41
392.60	-12716.41	0.00	-13885.67
392.70	-13885.74	0.00	-13119.50
392.80	-14985.91	0.00	-12305.10
392.90	-16010.77	0.00	-11447.83
393.00	-16954.92	0.00	-10553.16
393.10	-17813.73	0.00	-9626.56
393.20	-18583.42	0.00	-8673.42
393.30	-19261.04	0.00	-7699.01
393.40	-19844.49	0.00	-6708.36
393.50	-20332.52	0.00	-5706.23
393.60	-20724.66	0.00	-4697.01
393.70	-21021.19	0.00	-3684.69
393.80	-21223.09	0.00	-2672.80
393.90	-21331.91	0.00	-1664.42
394.00	-21362.97	0.00	-662.10
394.10	-21353.62	0.00	332.12
394.20	-21308.07	0.00	1316.67
394.30	-21228.33	0.00	2290.50
394.40	-21116.00	0.00	3252.96
394.50	-20972.22	0.00	4203.82
394.60	-20797.63	0.00	5143.17
394.70	-20592.29	0.00	6071.36
394.80	-20355.71	0.00	6988.92
394.90	-20086.78	0.00	7896.47
395.00	-19783.79	0.00	8794.62
395.10	-19444.44	0.00	9683.88
395.20	-19065.86	0.00	10564.56
395.30	-18644.65	0.00	11436.69
395.40	-18176.91	0.00	12299.91
395.50	-17658.37	0.00	13153.40
395.60	-17084.40	0.00	13995.81
395.70	-16450.18	0.00	14825.20
395.80	-15750.78	0.00	15639.00
395.90	-14981.27	0.00	16433.98
396.00	-14136.90	0.00	17206.24
396.10	-13213.23	0.00	17951.20
396.20	-12206.25	0.00	18663.69
396.30	-11112.59	0.00	19337.90
396.40	-9929.64	0.00	19967.52
396.50	-8655.72	0.00	20545.80
396.60	-7290.21	0.00	21065.62
396.70	-5833.71	0.00	21519.64
396.80	-4288.15	0.00	21900.40
396.90	-2656.85	0.00	22200.44
397.00	-944.70	0.00	22412.45
397.10	841.88	0.00	22529.41
397.20	2694.86	0.00	22544.73
397.30	4604.62	0.00	22452.36
397.40	6559.99	0.00	22246.97
397.50	8548.32	0.00	21924.01
397.60	10555.54	0.00	21479.87
397.70	12566.39	0.00	20911.94
397.80	14564.50	0.00	20218.71
397.90	16532.65	0.00	19399.81
398.00	18452.98	0.00	18456.08
398.10	20307.23	0.00	17389.55
398.20	22077.03	0.00	16203.50
398.30	23744.18	0.00	14902.37
398.40	25290.90	0.00	13491.79
398.50	26700.18	0.00	11978.49
398.60	27956.01	0.00	10370.22
398.70	29043.67	0.00	8675.69
398.80	29949.95	0.00	6904.47
398.90	30663.41	0.00	5066.84
399.00	31174.52	0.00	3173.73
399.10	31489.38	0.00	1236.56
399.20	31684.70	0.00	-732.87
399.30	31771.86	0.00	-2722.52
399.40	31748.84	0.00	-4720.19
399.50	31613.64	0.00	-6713.71
399.60	31364.30	0.00	-8690.97
399.70	30998.84	0.00	-10640.09
399.80	30515.34	0.00	-12549.45
399.90	29911.95	0.00	-14407.83
400.00	29186.93	0.00	-16204.45
400.10	28338.72	0.00	-17929.02
400.20	27366.00	0.00	-19571.80
400.30	26267.79	0.00	-21123.65
400.40	25043.52	0.00	-22576.02
400.50	23693.16	0.00	-23920.97
400.60	22217.28	0.00	-25151.20
400.70	20617.18	0.00	-26260.04
400.80	18895.00	0.00	-27241.40
400.90	17053.82	0.00	-28089.85
401.00	15097.73	0.00	-28800.50
401.10	13031.99	0.00	-29369.06
401.20	10863.02	0.00	-29791.83
401.30	8598.58	0.00	-30065.63
401.40	6247.74	0.00	-30187.87
401.50	3820.97	0.00	-30156.50
401.60	1330.15	0.00	-29970.04
401.70	-1211.43	0.00	-29627.60
401.80	-3789.10	0.00	-29128.90
401.90	-6386.83	0.00	-28474.27
402.00	-8987.36	0.00	-27664.75
402.10	-11572.24	0.00	-26702.06
402.20	-14122.02	0.00	-25588.71
402.30	-16616.40	0.00	-24328.00
402.40	-19034.44	0.00	-22924.11
402.50	-21354.77	0.00	-21382.13
402.60	-23555.86	0.00	-19708.12
402.70	-25616.31	0.00	-17909.14
402.80	-27515.14	0.00	-15993.30
402.90	-29232.13	0.00	-13969.76
403.00	-30748.14	0.00	-11848.79
403.10	-32045.43	0.00	-9641.73
403.20	-33108.03	0.00	-7360.99
403.30	-33922.01	0.00	-5020.01
403.40	-34475.85	0.00	-2633.19
403.50	-34760.65	0.00	-215.86
403.60	-34770.38	0.00	2215.84
403.70	-34559.46	0.00	4645.11
403.80	-34199.77	0.00	7054.55
403.90	-33688.91	0.00	9426.39
404.00	-33024.44	0.00	11742.61
404.10	-32204.37	0.00	13985.14
404.20	-31227.32	0.00	16136.09
404.30	-30092.76	0.00	18177.92
404.40	-28801.17	0.00	20093.68
404.50	-27354.32	0.00	21867.23
404.60	-25755.41	0.00	23483.44
404.70	-24009.30	0.00	24928.44
404.80	-22122.65	0.00	26189.79
404.90	-20104.06	0.00	27256.69
405.00	-17964.14	0.00	28120.15
405.10	-15715.58	0.00	28773.15
405.20	-13373.08	0.00	29210.74
405.30	-10953.30	0.00	29430.19
405.40	-8474.74	0.00	29431.00
405.50	-5957.50	0.00	29214.98
405.60	-3423.03	0.00	28786.24
405.70	-893.84	0.00	28151.14
405.80	1606.87	0.00	27318.25
405.90	4055.61	0.00	26298.21
406.00	6429.03	0.00	25103.65
406.10	8704.34	0.00	23748.96
406.20	10859.74	0.00	22250.12
406.30	12874.88	0.00	20624.49
406.40	14731.22	0.00	18890.57
406.50	16412.43	0.00	17067.71
406.60	17904.67	0.00	15175.87
406.70	19196.90	0.00	13235.32
406.80	20281.01	0.00	11266.38
406.90	21152.00	0.00	9289.12
407.00	21807.98	0.00	7323.10
407.10	22250.18	0.00	5387.13
407.20	22482.87	0.00	3498.98
407.30	22513.16	0.00	1675.20
407.40	22350.80	0.00	-69.08
407.50	22007.90	0.00	-1720.33
407.60	21498.65	0.00	-3266.77
407.70	20838.91	0.00	-4698.43
407.80	20045.92	0.00	-6007.31
407.90	19137.84	0.00	-7187.34
408.00	18136.96	0.00	-8234.43
408.10	17087.67	0.00	-9146.44
408.20	16008.75	0.00	-9923.14
408.30	14912.40	0.00	-10566.13
408.40	13810.33	0.00	-11078.71
408.50	12713.65	0.00	-11465.78
408.60	11632.74	0.00	-11733.68
408.70	10577.15	0.00	-11890.02
408.80	9555.50	0.00	-11943.52
408.90	8575.40	0.00	-11903.80
409.00	7643.34	0.00	-11781.19
409.10	6764.65	0.00	-11586.55
409.20	5943.44	0.00	-11331.04
409.30	5182.59	0.00	-11025.94
409.40	4483.70	0.00	-10682.48
409.50	3847.16	0.00	-10311.61
409.60	3272.11	0.00	-9923.88
409.70	2756.55	0.00	-9529.23
409.80	2297.39	0.00	-9136.90
409.90	1890.51	0.00	-8755.26
410.00	1530.93	0.00	-8391.71
410.10	1212.87	0.00	-8052.61
410.20	929.91	0.00	-7743.16
410.30	675.14	0.00	-7467.40
410.40	441.27	0.00	-7228.14
410.50	220.86	0.00	-7026.95
410.60	6.40	0.00	-6864.18
410.70	-209.49	0.00	-6738.98
410.80	-433.91	0.00	-6649.34
410.90	-673.52	0.00	-6592.16
411.00	-934.43	0.00	-6563.33
411.10	-1222.02	0.00	-6557.83
411.20	-1540.86	0.00	-6569.84
411.30	-1894.56	0.00	-6592.85
411.40	-2285.71	0.00	-6619.84
411.50	-2715.75	0.00	-6643.39
411.60	-3184.99	0.00	-6655.84
411.70	-3692.48	0.00	-6649.47
411.80	-4236.06	0.00	-6616.63
411.90	-4812.33	0.00	-6549.95
412.00	-5416.67	0.00	-6442.45
412.10	-6043.32	0.00	-6287.73
412.20	-6685.44	0.00	-6080.11
412.30	-7335.20	0.00	-5814.74
412.40	-7983.93	0.00	-5487.78
412.50	-8622.25	0.00	-5096.45
412.60	-9240.24	0.00	-4639.12
412.70	-9827.61	0.00	-4115.44
412.80	-10373.96	0.00	-3526.32
412.90	-10868.91	0.00	-2873.96
413.00	-11302.38	0.00	-2161.90
413.10	-11664.81	0.00	-1394.92
413.20	-11947.33	0.00	-579.04
413.30	-12142.02	0.00	278.57
413.40	-12245.11	0.00	1169.70
413.50	-12263.26	0.00	2085.23
413.60	-12193.57	0.00	3015.25
413.70	-12032.94	0.00	3949.23
413.80	-11779.39	0.00	4876.21
413.90	-11432.16	0.00	5784.98
414.00	-10991.72	0.00	6664.25
414.10	-10459.83	0.00	7502.92
414.20	-9839.57	0.00	8290.19
414.30	-9135.31	0.00	9015.84
414.40	-8352.70	0.00	9670.36
414.50	-7498.62	0.00	10245.18
414.60	-6581.10	0.00	10732.76
414.70	-5609.25	0.00	11126.83
414.80	-4593.12	0.00	11422.40
414.90	-3543.54	0.00	11615.96
415.00	-2472.00	0.00	11705.47
415.10	-1390.44	0.00	11690.44
415.20	-311.04	0.00	11571.94
415.30	753.97	0.00	11352.56
415.40	1792.53	0.00	11036.35
415.50	2793.00	0.00	10628.80
415.60	3744.35	0.00	10136.66
415.70	4636.39	0.00	9567.85
415.80	5459.95	0.00	8931.31
415.90	6207.07	0.00	8236.79
416.00	6871.14	0.00	7494.73
416.10	7447.03	0.00	6715.99
416.20	7931.16	0.00	5911.66
416.30	8321.58	0.00	5092.90
416.40	8617.94	0.00	4270.68
416.50	8821.53	0.00	3455.59
416.60	8935.15	0.00	2657.67
416.70	8963.04	0.00	1886.19
416.80	8910.77	0.00	1149.54
416.90	8785.04	0.00	455.07
417.00	8593.55	0.00	-191.03
417.10	8344.75	0.00	-783.84
417.20	8047.65	0.00	-1319.72
417.30	7711.59	0.00	-1796.38
417.40	7346.46	0.00	-2212.90
417.50	6965.75	0.00	-2569.66
417.60	6578.80	0.00	-2868.33
417.70	6193.23	0.00	-3111.79
417.80	5816.04	0.00	-3303.99
417.90	5453.45	0.00	-3449.88
418.00	5110.78	0.00	-3555.22
418.10	4792.36	0.00	-3626.45
418.20	4501.46	0.00	-3670.50
418.30	4240.20	0.00	-3694.63
418.40	4009.57	0.00	-3706.22
418.50	3809.37	0.00	-3712.58
418.60	3638.26	0.00	-3720.80
418.70	3493.82	0.00	-3737.52
418.80	3372.60	0.00	-3768.82
418.90	3270.21	0.00	-3820.01
419.00	3181.46	0.00	-3895.54
419.10	3100.48	0.00	-3998.85
419.20	3020.89	0.00	-4132.31
419.30	2935.95	0.00	-4297.12
419.40	2838.73	0.00	-4493.29
419.50	2722.30	0.00	-4719.64
419.60	2579.91	0.00	-4973.75
419.70	2405.17	0.00	-5252.10
419.80	2192.21	0.00	-5550.06
419.90	1935.89	0.00	-5862.00
420.00	1631.87	0.00	-6181.44
420.10	1276.84	0.00	-6501.16
420.20	868.57	0.00	-6813.37
420.30	406.04	0.00	-7109.88
420.40	-110.52	0.00	-7382.25
420.50	-679.52	0.00	-7622.04
420.60	-1298.06	0.00	-7820.96
420.70	-1961.90	0.00	-7971.08
420.80	-2665.51	0.00	-8064.99
420.90	-3402.13	0.00	-8096.00
421.00	-4163.88	0.00	-8058.31
421.10	-4941.89	0.00	-7947.11
421.20	-5726.40	0.00	-7758.74
421.30	-6507.02	0.00	-7490.78
421.40	-7272.87	0.00	-7142.13
421.50	-8012.80	0.00	-6713.04
421.60	-8715.62	0.00	-6205.13
421.70	-9370.34	0.00	-5621.39
421.80	-9966.41	0.00	-4966.13
421.90	-10493.91	0.00	-4244.91
422.00	-10943.81	0.00	-3464.44
422.10	-11308.16	0.00	-2632.48
422.20	-11587.83	0.00	-1757.68
422.30	-11784.90	0.00	-849.40
422.40	-11896.09	0.00	82.41
422.50	-11919.28	0.00	1027.44
422.60	-11853.46	0.00	1975.20
422.70	-11698.78	0.00	2915.23
422.80	-11456.54	0.00	3837.25
422.90	-11129.14	0.00	4731.40
423.00	-10720.04	0.00	5588.38
423.10	-10233.69	0.00	6399.64
423.20	-9675.49	0.00	7157.49
423.30	-9051.61	0.00	7855.26
423.40	-8368.97	0.00	8487.37
423.50	-7635.03	0.00	9049.44
423.60	-6857.75	0.00	9538.31
423.70	-6045.33	0.00	9952.07
423.80	-5206.16	0.00	10290.05
423.90	-4348.61	0.00	10552.82
424.00	-3480.90	0.00	10742.08
424.10	-2610.93	0.00	10860.59
424.20	-1746.15	0.00	10912.12
424.30	-893.41	0.00	10901.24
424.40	-58.88	0.00	10833.23
424.50	752.12	0.00	10713.95
424.60	1535.13	0.00	10549.60
424.70	2286.66	0.00	10346.62
424.80	3004.17	0.00	10111.51
424.90	3686.16	0.00	9850.64
425.00	4332.08	0.00	9570.10
425.10	4942.29	0.00	9275.55
425.20	5518.06	0.00	8972.10
425.30	6061.39	0.00	8664.16
425.40	6574.97	0.00	8355.37
425.50	7061.99	0.00	8048.46
425.60	7526.05	0.00	7745.27
425.70	7970.98	0.00	7446.65
425.80	8400.65	0.00	7152.47
425.90	8818.88	0.00	6861.64
426.00	9229.20	0.00	6572.11
426.10	9634.74	0.00	6280.98
426.20	10038.06	0.00	5984.53
426.30	10441.03	0.00	5678.35
426.40	10844.70	0.00	5357.44
426.50	11249.21	0.00	5016.32
426.60	11653.68	0.00	4649.24
426.70	12056.21	0.00	4250.25
426.80	12454.42	0.00	3813.41
426.90	12856.41	0.00	3332.94
427.00	13263.08	0.00	2803.40
427.10	13669.96	0.00	2219.80
427.20	14071.63	0.00	1577.81
427.30	14461.79	0.00	873.90
427.40	14833.30	0.00	105.44
427.50	15178.28	0.00	-729.16
427.60	15488.20	0.00	-1630.32
427.70	15753.98	0.00	-2597.23
427.80	15966.11	0.00	-3627.76
427.90	16114.78	0.00	-4718.44
428.00	16189.99	0.00	-5864.41
428.10	16181.74	0.00	-7059.43
428.20	16080.14	0.00	-8295.87
428.30	15875.59	0.00	-9564.83
428.40	15558.95	0.00	-10856.12
428.50	15121.69	0.00	-12158.41
428.60	14556.13	0.00	-13459.31
428.70	13855.57	0.00	-14745.54
428.80	13014.49	0.00	-16003.07
428.90	12028.78	0.00	-17217.25
429.00	10895.88	0.00	-18373.08
429.10	9614.99	0.00	-19455.33
429.20	8187.22	0.00	-20448.79
429.30	6615.76	0.00	-21338.48
429.40	4906.03	0.00	-22109.87
429.50	3065.72	0.00	-22749.09
429.60	1104.97	0.00	-23243.16
429.70	-963.70	0.00	-23580.18
429.80	-3125.34	0.00	-23749.56
429.90	-5362.62	0.00	-23742.19
430.00	-7655.99	0.00	-23550.60
430.10	-9983.80	0.00	-23169.15
430.20	-12322.52	0.00	-22594.12
430.30	-14647.06	0.00	-21823.84
430.40	-16931.05	0.00	-20858.75
430.50	-19147.25	0.00	-19701.50
430.60	-21267.97	0.00	-18356.92
430.70	-23265.50	0.00	-16832.04
430.80	-25112.64	0.00	-15136.06
430.90	-26783.17	0.00	-13280.27
431.00	-28252.38	0.00	-11277.97
431.10	-29497.51	0.00	-9144.33
431.20	-30498.29	0.00	-6896.26
431.30	-31237.33	0.00	-4552.22
431.40	-31723.20	0.00	-2132.04
431.50	-32026.70	0.00	343.35
431.60	-32149.55	0.00	2852.07
431.70	-32087.38	0.00	5371.62
431.80	-31836.56	0.00	7879.11
431.90	-31394.30	0.00	10351.53
432.00	-30758.74	0.00	12766.00
432.10	-29929.07	0.00	15100.10
432.20	-28905.67	0.00	17332.10
432.30	-27690.29	0.00	19441.22
432.40	-26286.17	0.00	21407.91
432.50	-24698.25	0.00	23214.05
432.60	-22933.24	0.00	24843.21
432.70	-20999.84	0.00	26280.80
432.80	-18908.74	0.00	27514.28
432.90	-16672.76	0.00	28533.30
433.00	-14306.78	0.00	29329.81
433.10	-11827.77	0.00	29898.12
433.20	-9254.62	0.00	30235.01
433.30	-6608.06	0.00	30339.69
433.40	-3910.37	0.00	30213.84
433.50	-1185.15	0.00	29861.51
433.60	1542.98	0.00	29289.09
433.70	4248.80	0.00	28505.15
433.80	6906.82	0.00	27520.33
433.90	9491.77	0.00	26347.19
434.00	11978.94	0.00	24999.96
434.10	14344.70	0.00	23494.38
434.20	16566.84	0.00	21847.44
434.30	18625.03	0.00	20077.13
434.40	20501.10	0.00	18202.23
434.50	22179.38	0.00	16241.99
434.60	23646.96	0.00	14215.92
434.70	24893.83	0.00	12143.51
434.80	25913.04	0.00	10043.98
434.90	26700.75	0.00	7936.06
435.00	27256.18	0.00	5837.74
435.10	27581.53	0.00	3766.12
435.20	27681.86	0.00	1737.18
435.30	27564.85	0.00	-234.35
435.40	27240.58	0.00	-2135.10
435.50	26721.23	0.00	-3953.22
435.60	26040.31	0.00	-5678.36
435.70	25263.17	0.00	-7301.80
435.80	24402.06	0.00	-8816.39
435.90	23465.86	0.00	-10216.59
436.00	22463.23	0.00	-11498.40
436.10	21402.48	0.00	-12659.28
436.20	20291.54	0.00	-13698.13
436.30	19138.01	0.00	-14615.09
436.40	17949.03	0.00	-15411.52
436.50	16731.34	0.00	-16089.79
436.60	15491.24	0.00	-16653.17
436.70	14234.56	0.00	-17105.71
436.80	12966.71	0.00	-17452.05
436.90	11692.66	0.00	-17697.32
437.00	10416.92	0.00	-17846.96
437.10	9143.64	0.00	-17906.64
437.20	7876.56	0.00	-17882.08
437.30	6619.11	0.00	-17779.00
437.40	5374.38	0.00	-17603.01
437.50	4145.23	0.00	-17359.52
437.60	2934.32	0.00	-17053.70
437.70	1744.13	0.00	-16690.41
437.80	577.06	0.00	-16274.23
437.90	-564.59	0.00	-15809.36
438.00	-1678.49	0.00	-15299.70
438.10	-2762.31	0.00	-14748.86
438.20	-3813.65	0.00	-14160.11
438.30	-4830.05	0.00	-13536.52
438.40	-5808.93	0.00	-12880.92
438.50	-6747.65	0.00	-12195.99
438.60	-7643.44	0.00	-11484.30
438.70	-8493.50	0.00	-10748.35
438.80	-9294.96	0.00	-9990.62
438.90	-10044.96	0.00	-9213.61
439.00	-10740.68	0.00	-8419.88
439.10	-11379.39	0.00	-7612.08
439.20	-11958.52	0.00	-6792.95
439.30	-12475.69	0.00	-5965.36
439.40	-12928.80	0.00	-5132.30
439.50	-13316.06	0.00	-4296.87
439.60	-13636.05	0.00	-3462.25
439.70	-13887.77	0.00	-2631.71
439.80	-14070.65	0.00	-1808.57
439.90	-14184.62	0.00	-996.13
440.00	-14230.08	0.00	-197.68
440.10	-14207.92	0.00	583.56
440.20	-14119.53	0.00	1344.49
440.30	-13966.72	0.00	2082.16
440.40	-13751.78	0.00	2793.81
440.50	-13477.38	0.00	3476.88
440.60	-13157.14	0.00	4129.08
440.70	-12802.12	0.00	4748.35
440.80	-12414.16	0.00	5332.92
440.90	-11995.11	0.00	5881.28
441.00	-11546.78	0.00	6392.19
441.10	-11070.94	0.00	6864.66
441.20	-10569.31	0.00	7297.92
441.30	-10043.52	0.00	7691.41
441.40	-9495.15	0.00	8044.75
441.50	-8925.67	0.00	8357.69
441.60	-8336.52	0.00	8630.06
441.70	-7729.05	0.00	8861.77
441.80	-7104.61	0.00	9052.76
441.90	-6464.52	0.00	9202.97
442.00	-5810.17	0.00	9312.30
442.10	-5142.99	0.00	9380.63
442.20	-4464.54	0.00	9407.75
442.30	-3776.54	0.00	9393.42
442.40	-3080.90	0.00	9337.36
442.50	-2379.80	0.00	9239.24
442.60	-1675.67	0.00	9098.75
442.70	-971.28	0.00	8915.60
442.80	-269.73	0.00	8689.60
442.90	425.54	0.00	8420.67
443.00	1110.71	0.00	8108.94
443.10	1781.64	0.00	7754.76
443.20	2433.88	0.00	7358.80
443.30	3062.69	0.00	6922.11
443.40	3663.09	0.00	6446.13
443.50	4229.96	0.00	5932.80
443.60	4758.10	0.00	5384.55
443.70	5242.30	0.00	4804.38
443.80	5677.48	0.00	4195.84
443.90	6058.74	0.00	3563.07
444.00	6381.53	0.00	2910.80
444.10	6641.71	0.00	2244.31
444.20	6835.70	0.00	1569.41
444.30	6960.54	0.00	892.40
444.40	7014.05	0.00	220.03
444.50	6994.83	0.00	-440.63
444.60	6902.42	0.00	-1082.20
444.70	6737.31	0.00	-1697.15
444.80	6500.97	0.00	-2277.85
444.90	6195.93	0.00	-2816.73
445.00	5825.73	0.00	-3306.34
445.10	5394.93	0.00	-3739.54
445.20	4909.08	0.00	-4109.54
445.30	4374.65	0.00	-4410.10
445.40	3799.00	0.00	-4635.60
445.50	3190.25	0.00	-4781.15
445.60	2557.22	0.00	-4842.72
445.70	1909.30	0.00	-4817.22
445.80	1256.36	0.00	-4702.61
445.90	608.58	0.00	-4497.94
446.00	-23.62	0.00	-4203.42
446.10	-629.77	0.00	-3820.51
446.20	-1199.44	0.00	-3351.88
446.30	-1722.42	0.00	-2801.47
446.40	-2188.81	0.00	-2174.48
446.50	-2589.17	0.00	-1477.34
446.60	-2914.65	0.00	-717.68
446.70	-3157.14	0.00	95.75
446.80	-3309.35	0.00	953.10
446.90	-3364.96	0.00	1843.60
447.00	-3318.70	0.00	2755.59
447.10	-3166.50	0.00	3676.69
447.20	-2905.58	0.00	4593.92
447.30	-2534.51	0.00	5493.86
447.40	-2053.33	0.00	6362.85
447.50	-1463.63	0.00	7187.08
447.60	-768.57	0.00	7952.88
447.70	27.02	0.00	8646.82
447.80	916.66	0.00	9255.94
447.90	1892.19	0.00	9767.96
448.00	2943.79	0.00	10171.41
448.10	4060.04	0.00	10455.88
448.20	5227.96	0.00	10612.12
448.30	6433.17	0.00	10632.27
448.40	7659.98	0.00	10509.95
448.50	8891.57	0.00	10240.42
448.60	10110.23	0.00	9820.68
448.70	11297.55	0.00	9249.56
448.80	12441.77	0.00	8527.77
448.90	13535.26	0.00	7657.95
449.00	14563.73	0.00	6644.66
449.10	15513.27	0.00	5494.39
449.20	16370.47	0.00	4215.51
449.30	17122.47	0.00	2818.17
449.40	17757.14	0.00	1314.24
449.50	18263.11	0.00	-282.83
449.60	18629.87	0.00	-1958.17
449.70	18847.91	0.00	-3695.61
449.80	18908.71	0.00	-5477.94
449.90	18804.92	0.00	-7287.02
450.00	18530.40	0.00	-9104.09
450.10	18080.35	0.00	-10909.91
450.20	17451.39	0.00	-12685.05
450.30	16641.68	0.00	-14410.08
450.40	15651.02	0.00	-16065.83
450.50	14480.97	0.00	-17633.62
450.60	13134.93	0.00	-19095.45
450.70	11618.27	0.00	-20434.25
450.80	9938.36	0.00	-21634.05
450.90	8104.66	0.00	-22680.18
451.00	6128.74	0.00	-23559.42
451.10	4024.29	0.00	-24260.15
451.20	1807.08	0.00	-24772.50
451.30	-505.09	0.00	-25088.40
451.40	-2892.54	0.00	-25201.72
451.50	-5333.84	0.00	-25108.28
451.60	-7806.00	0.00	-24805.91
451.70	-10284.73	0.00	-24294.46
451.80	-12744.70	0.00	-23575.77
451.90	-15159.90	0.00	-22653.65
452.00	-17503.93	0.00	-21533.84
452.10	-19750.41	0.00	-20223.91
452.20	-21873.36	0.00	-18733.20
452.30	-23847.61	0.00	-17072.68
452.40	-25649.16	0.00	-15254.87
452.50	-27255.62	0.00	-13293.67
452.60	-28646.56	0.00	-11204.26
452.70	-29803.84	0.00	-9002.90
452.80	-30711.93	0.00	-6706.81
452.90	-31358.19	0.00	-4334.01
453.00	-31763.39	0.00	-1903.10
453.10	-31998.35	0.00	566.85
453.20	-32064.44	0.00	3056.47
453.30	-31959.75	0.00	5546.30
453.40	-31682.63	0.00	8016.93
453.50	-31231.70	0.00	10449.15
453.60	-30605.93	0.00	12824.12
453.70	-29804.72	0.00	15123.52
453.80	-28828.05	0.00	17329.67
453.90	-27676.54	0.00	19425.72
454.00	-26351.67	0.00	21395.71
454.10	-24855.93	0.00	23224.74
454.20	-23192.94	0.00	24899.05
454.30	-21367.67	0.00	26406.12
454.40	-19386.55	0.00	27734.79
454.50	-17257.63	0.00	28875.30
454.60	-14990.64	0.00	29819.35
454.70	-12597.13	0.00	30560.20
454.80	-10090.44	0.00	31092.68
454.90	-7485.76	0.00	31413.23
455.00	-4800.06	0.00	31519.89
455.10	-2051.98	0.00	31412.35
455.20	738.26	0.00	31091.91
455.30	3549.07	0.00	30561.48
455.40	6357.70	0.00	29825.54
455.50	9140.49	0.00	28890.07
455.60	11873.20	0.00	27762.53
455.70	14531.27	0.00	26451.78
455.80	17090.22	0.00	24968.00
455.90	19525.98	0.00	23322.57
456.00	21815.25	0.00	21528.01
456.10	23935.86	0.00	19597.87
456.20	25867.12	0.00	17546.59
456.30	27590.14	0.00	15389.38
456.40	29088.16	0.00	13142.10
456.50	30346.78	0.00	10821.14
456.60	31354.20	0.00	8443.27
456.70	32101.43	0.00	6025.48
456.80	32582.38	0.00	3584.90
456.90	32793.96	0.00	1138.64
457.00	32736.12	0.00	-1296.39
457.10	32451.86	0.00	-3703.51
457.20	32019.21	0.00	-6066.50
457.30	31442.27	0.00	-8369.62
457.40	30723.45	0.00	-10597.80
457.50	29865.25	0.00	-12736.70
457.60	28870.36	0.00	-14772.81
457.70	27741.78	0.00	-16693.55
457.80	26482.87	0.00	-18487.32
457.90	25097.54	0.00	-20143.62
458.00	23590.33	0.00	-21653.04
458.10	21966.53	0.00	-23007.37
458.20	20232.28	0.00	-24199.61
458.30	18394.68	0.00	-25223.99
458.40	16461.83	0.00	-26076.02
458.50	14442.90	0.00	-26752.50
458.60	12348.17	0.00	-27251.50
458.70	10188.99	0.00	-27572.36
458.80	7977.76	0.00	-27715.70
458.90	5727.89	0.00	-27683.37
459.00	3453.68	0.00	-27478.46
459.10	1170.21	0.00	-27105.20
459.20	-1106.79	0.00	-26568.97
459.30	-3361.13	0.00	-25876.22
459.40	-5576.35	0.00	-25034.41
459.50	-7735.93	0.00	-24051.95
459.60	-9823.47	0.00	-22938.14
459.70	-11822.98	0.00	-21703.03
459.80	-13719.06	0.00	-20357.41
459.90	-15497.12	0.00	-18912.67
460.00	-17143.64	0.00	-17380.70
460.10	-18646.32	0.00	-15773.80
460.20	-19994.31	0.00	-14104.60
460.30	-21178.32	0.00	-12385.90
460.40	-22190.82	0.00	-10630.59
460.50	-23026.06	0.00	-8851.53
460.60	-23680.22	0.00	-7061.46
460.70	-24151.42	0.00	-5272.87
460.80	-24439.72	0.00	-3497.88
460.90	-24547.08	0.00	-1748.19
461.00	-24477.36	0.00	-34.93
461.10	-24236.14	0.00	1631.40
461.20	-23830.80	0.00	3241.03
461.30	-23304.02	0.00	4784.98
461.40	-22689.60	0.00	6255.12
461.50	-21993.36	0.00	7644.27
461.60	-21221.24	0.00	8946.18
461.70	-20379.28	0.00	10155.60
461.80	-19473.60	0.00	11268.30
461.90	-18510.42	0.00	12281.09
462.00	-17496.02	0.00	13191.76
462.10	-16436.71	0.00	13999.15
462.20	-15338.86	0.00	14703.07
462.30	-14208.81	0.00	15304.24
462.40	-13052.88	0.00	15804.32
462.50	-11877.28	0.00	16205.78
462.60	-10688.12	0.00	16511.86
462.70	-9491.31	0.00	16726.49
462.80	-8292.55	0.00	16854.20
462.90	-7097.23	0.00	16900.05
463.00	-5910.43	0.00	16869.51
463.10	-4736.84	0.00	16768.39
463.20	-3580.72	0.00	16602.70
463.30	-2445.88	0.00	16378.60
463.40	-1335.62	0.00	16102.26
463.50	-252.75	0.00	15779.78
463.60	800.44	0.00	15417.09
463.70	1822.20	0.00	15019.88
463.80	2811.26	0.00	14593.50
463.90	3766.83	0.00	14142.90
464.00	4688.56	0.00	13672.55
464.10	5576.49	0.00	13186.40
464.20	6431.00	0.00	12687.83
464.30	7252.74	0.00	12179.65
464.40	8042.55	0.00	11664.01
464.50	8801.37	0.00	11142.48
464.60	9530.21	0.00	10615.98
464.70	10230.02	0.00	10084.87
464.80	10901.60	0.00	9548.90
464.90	11545.59	0.00	9007.34
465.00	12162.32	0.00	8458.97
465.10	12751.79	0.00	7902.15
465.20	13313.60	0.00	7334.92
465.30	13846.93	0.00	6755.06
465.40	14350.47	0.00	6160.17
465.50	14822.42	0.00	5547.77
465.60	15260.51	0.00	4915.35
465.70	15661.98	0.00	4260.54
465.80	16023.61	0.00	3581.10
465.90	16341.81	0.00	2875.10
466.00	16612.60	0.00	2140.90
466.10	16837.92	0.00	1377.33
466.20	17036.41	0.00	583.66
466.30	17206.47	0.00	-240.27
466.40	17344.14	0.00	-1094.08
466.50	17445.18	0.00	-1976.73
466.60	17505.11	0.00	-2886.57
466.70	17519.34	0.00	-3821.28
466.80	17483.14	0.00	-4777.91
466.90	17391.83	0.00	-5752.89
467.00	17240.76	0.00	-6742.02
467.10	17025.43	0.00	-7740.55
467.20	16741.54	0.00	-8743.21
467.30	16385.09	0.00	-9744.27
467.40	15952.43	0.00	-10737.60
467.50	15440.34	0.00	-11716.76
467.60	14846.09	0.00	-12675.05
467.70	14167.51	0.00	-13605.60
467.80	13403.07	0.00	-14501.46
467.90	12551.89	0.00	-15355.69
468.00	11613.83	0.00	-16161.40
468.10	10589.54	0.00	-16911.87
468.20	9480.45	0.00	-17600.61
468.30	8288.85	0.00	-18221.42
468.40	7017.89	0.00	-18768.46
468.50	5671.59	0.00	-19236.31
468.60	4254.87	0.00	-19620.01
468.70	2773.49	0.00	-19915.10
468.80	1234.12	0.00	-20117.68
468.90	-355.78	0.00	-20224.39
469.00	-1987.93	0.00	-20232.48
469.10	-3653.29	0.00	-20139.77
469.20	-5342.14	0.00	-19944.70
469.30	-7044.09	0.00	-19646.31
469.40	-8748.21	0.00	-19244.26
469.50	-10443.09	0.00	-18738.79
469.60	-12116.92	0.00	-18130.71
469.70	-13757.57	0.00	-17421.45
469.80	-15352.75	0.00	-16612.97
469.90	-16890.06	0.00	-15707.78
470.00	-18357.15	0.00	-14708.95
470.10	-19741.79	0.00	-13620.06
470.20	-21032.03	0.00	-12445.21
470.30	-22216.32	0.00	-11188.98
470.40	-23283.60	0.00	-9856.47
470.50	-24223.48	0.00	-8453.25
470.60	-25026.30	0.00	-6985.34
470.70	-25683.33	0.00	-5459.24
470.80	-26186.79	0.00	-3881.87
470.90	-26539.95	0.00	-2260.59
471.00	-26795.80	0.00	-603.15
471.10	-26960.89	0.00	1082.30
471.20	-27032.47	0.00	2787.25
471.30	-27007.61	0.00	4502.90
471.40	-26883.32	0.00	6220.13
471.50	-26656.53	0.00	7929.59
471.60	-26324.18	0.00	9621.74
471.70	-25883.27	0.00	11286.91
471.80	-25330.98	0.00	12915.33
471.90	-24664.74	0.00	14497.26
472.00	-23882.34	0.00	16022.98
472.10	-22982.03	0.00	17482.96
472.20	-21962.68	0.00	18867.86
472.30	-20823.85	0.00	20168.65
472.40	-19565.90	0.00	21376.68
472.50	-18190.13	0.00	22483.79
472.60	-16698.85	0.00	23482.33
472.70	-15095.50	0.00	24365.30
472.80	-13384.66	0.00	25126.39
472.90	-11572.14	0.00	25760.03
473.00	-9665.03	0.00	26261.48
473.10	-7671.67	0.00	26626.87
473.20	-5601.62	0.00	26853.20
473.30	-3465.70	0.00	26938.42
473.40	-1275.83	0.00	26881.43
473.50	955.00	0.00	26682.04
473.60	3212.85	0.00	26341.05
473.70	5482.96	0.00	25860.15
473.80	7749.91	0.00	25241.92
473.90	9997.79	0.00	24489.83
474.00	12210.33	0.00	23608.12
474.10	14371.15	0.00	22601.80
474.20	16463.89	0.00	21476.58
474.30	18472.42	0.00	20238.79
474.40	20381.03	0.00	18895.32
474.50	22174.63	0.00	17453.54
474.60	23838.86	0.00	15921.26
474.70	25360.31	0.00	14306.64
474.80	26726.62	0.00	12618.11
474.90	27926.65	0.00	10864.35
475.00	28950.54	0.00	9054.21
475.10	29789.86	0.00	7196.66
475.20	30437.64	0.00	5300.76
475.30	30888.43	0.00	3375.64
475.40	31138.40	0.00	1430.44
475.50	31203.35	0.00	-525.69
475.60	31161.74	0.00	-2483.62
475.70	31022.26	0.00	-4434.20
475.80	30783.83	0.00	-6368.34
475.90	30444.93	0.00	-8276.97
476.00	30003.69	0.00	-10151.04
476.10	29457.91	0.00	-11981.54
476.20	28805.16	0.00	-13759.49
476.30	28042.93	0.00	-15476.00
476.40	27168.71	0.00	-17122.20
476.50	26180.20	0.00	-18689.36
476.60	25075.40	0.00	-20168.83
476.70	23852.83	0.00	-21552.16
476.80	22511.68	0.00	-22831.11
476.90	21051.99	0.00	-23997.72
477.00	19474.82	0.00	-25044.37
477.10	17782.43	0.00	-25963.86
477.20	15978.39	0.00	-26749.51
477.30	14067.72	0.00	-27395.24
477.40	12057.01	0.00	-27895.65
477.50	9954.45	0.00	-28246.17
477.60	7769.90	0.00	-28443.07
477.70	5514.90	0.00	-28483.62
477.80	3202.57	0.00	-28366.17
477.90	847.57	0.00	-28090.21
478.00	-1534.03	0.00	-27656.42
478.10	-3924.93	0.00	-27066.76
478.20	-6306.81	0.00	-26324.50
478.30	-8660.59	0.00	-25434.20
478.40	-10966.67	0.00	-24401.77
478.50	-13205.29	0.00	-23234.39
478.60	-15356.79	0.00	-21940.49
478.70	-17402.03	0.00	-20529.68
478.80	-19322.62	0.00	-19012.67
478.90	-21101.36	0.00	-17401.13
479.00	-22722.47	0.00	-15707.60
479.10	-24171.93	0.00	-13945.33
479.20	-25437.73	0.00	-12128.09
479.30	-26510.06	0.00	-10270.05
479.40	-27381.52	0.00	-8385.54
479.50	-28047.20	0.00	-6488.92
479.60	-28504.80	0.00	-4594.33
479.70	-28754.56	0.00	-2715.58
479.80	-28799.31	0.00	-865.89
479.90	-28644.27	0.00	942.24
480.00	-28297.27	0.00	2697.18
480.10	-27817.59	0.00	4388.32
480.20	-27249.45	0.00	6006.22
480.30	-26599.59	0.00	7542.66
480.40	-25874.84	0.00	8990.76
480.50	-25082.08	0.00	10345.01
480.60	-24228.17	0.00	11601.31
480.70	-23319.89	0.00	12756.95
480.80	-22363.88	0.00	13810.63
480.90	-21366.58	0.00	14762.34
481.00	-20334.15	0.00	15613.37
481.10	-19272.41	0.00	16366.15
481.20	-18186.81	0.00	17024.15
481.30	-17082.27	0.00	17591.80
481.40	-15963.22	0.00	18074.28
481.50	-14833.49	0.00	18477.39
481.60	-13696.26	0.00	18807.41
481.70	-12554.05	0.00	19070.89
481.80	-11408.69	0.00	19274.52
481.90	-10261.30	0.00	19424.96
482.00	-9112.29	0.00	19528.66
482.10	-7961.42	0.00	19591.73
482.20	-6807.82	0.00	19619.77
482.30	-5650.03	0.00	19617.79
482.40	-4486.11	0.00	19590.06
482.50	-3313.74	0.00	19540.03
482.60	-2130.30	0.00	19470.25
482.70	-933.01	0.00	19382.34
482.80	280.92	0.00	19276.90
482.90	1514.18	0.00	19153.58
483.00	2769.18	0.00	19010.99
483.10	4047.89	0.00	18846.83
483.20	5351.70	0.00	18657.87
483.30	6681.29	0.00	18440.06
483.40	8036.43	0.00	18188.58
483.50	9415.90	0.00	17898.00
483.60	10817.35	0.00	17562.35
483.70	12237.18	0.00	17175.29
483.80	13670.50	0.00	16730.25
483.90	15111.06	0.00	16220.55
484.00	16551.20	0.00	15639.62
484.10	17981.89	0.00	14981.11
484.20	19392.76	0.00	14239.09
484.30	20772.15	0.00	13408.19
484.40	22107.24	0.00	12483.77
484.50	23384.21	0.00	11462.06
484.60	24588.36	0.00	10340.30
484.70	25704.39	0.00	9116.86
484.80	26716.58	0.00	7791.35
484.90	27609.11	0.00	6364.71
485.00	28366.32	0.00	4839.28
485.10	29013.65	0.00	3218.84
485.20	29589.70	0.00	1508.64
485.30	30085.55	0.00	-284.62
485.40	30491.93	0.00	-2152.78
485.50	30799.35	0.00	-4086.28
485.60	30998.19	0.00	-6074.27
485.70	31078.84	0.00	-8104.63
485.80	31031.74	0.00	-10164.18
485.90	30847.52	0.00	-12238.72
486.00	30517.16	0.00	-14313.24
486.10	30032.09	0.00	-16372.08
486.20	29384.41	0.00	-18399.10
486.30	28567.02	0.00	-20377.84
486.40	27573.80	0.00	-22291.78
486.50	26399.86	0.00	-24124.46
486.60	25041.68	0.00	-25859.71
486.70	23497.34	0.00	-27481.85
486.80	21766.67	0.00	-28975.86
486.90	19851.47	0.00	-30327.53
487.00	17755.66	0.00	-31523.68
487.10	15485.39	0.00	-32552.24
487.20	13049.14	0.00	-33402.44
487.30	10457.82	0.00	-34064.89
487.40	7724.78	0.00	-34531.68
487.50	4865.79	0.00	-34796.48
487.60	1898.96	0.00	-34854.56
487.70	-1155.32	0.00	-34702.88
487.80	-4274.63	0.00	-34340.07
487.90	-7434.62	0.00	-33766.42
488.00	-10609.39	0.00	-32983.93
488.10	-13771.66	0.00	-31996.18
488.20	-16893.23	0.00	-30808.39
488.30	-19945.24	0.00	-29427.26
488.40	-22898.65	0.00	-27860.96
488.50	-25724.58	0.00	-26119.01
488.60	-28394.78	0.00	-24212.18
488.70	-30882.04	0.00	-22152.44
488.80	-33160.55	0.00	-19952.75
488.90	-35206.39	0.00	-17627.03
489.00	-36997.82	0.00	-15190.00
489.10	-38515.64	0.00	-12657.03
489.20	-39743.50	0.00	-10044.07
489.30	-40668.15	0.00	-7367.45
489.40	-41279.63	0.00	-4643.81
489.50	-41579.89	0.00	-1889.92
489.60	-41700.66	0.00	877.40
489.70	-41688.52	0.00	3641.44
489.80	-41543.21	0.00	6385.73
489.90	-41263.87	0.00	9094.10
490.00	-40849.05	0.00	11750.86
490.10	-40296.85	0.00	14340.85
490.20	-39604.99	0.00	16849.58
490.30	-38770.94	0.00	19263.26
490.40	-37792.10	0.00	21568.95
490.50	-36665.92	0.00	23754.55
490.60	-35390.17	0.00	25808.95
490.70	-33963.03	0.00	27721.97
490.80	-32383.36	0.00	29484.48
490.90	-30650.84	0.00	31088.41
491.00	-28766.14	0.00	32526.72
491.10	-26731.13	0.00	33793.47
491.20	-24548.97	0.00	34883.74
491.30	-22224.25	0.00	35793.70
491.40	-19763.10	0.00	36520.52
491.50	-17173.25	0.00	37062.37
491.60	-14464.06	0.00	37418.39
491.70	-11646.58	0.00	37588.65
491.80	-8733.48	0.00	37574.08
491.90	-5739.04	0.00	37376.47
492.00	-2679.09	0.00	36998.40
492.10	429.12	0.00	36443.22
492.20	3567.02	0.00	35714.97
492.30	6714.89	0.00	34818.37
492.40	9852.02	0.00	33758.81
492.50	12956.90	0.00	32542.24
492.60	16007.43	0.00	31175.24
492.70	18981.19	0.00	29664.93
492.80	21855.62	0.00	28018.94
492.90	24608.33	0.00	26245.45
493.00	27217.32	0.00	24353.13
493.10	29661.29	0.00	22351.12
493.20	31919.87	0.00	20249.03
493.30	33973.93	0.00	18056.92
493.40	35805.77	0.00	15785.26
493.50	37399.45	0.00	13444.91
493.60	38740.96	0.00	11047.11
493.70	39818.44	0.00	8603.39
493.80	40622.40	0.00	6125.58
493.90	41145.82	0.00	3625.73
494.00	41384.32	0.00	1116.03
494.10	41359.54	0.00	-1391.20
494.20	41212.45	0.00	-3883.66
494.30	40966.38	0.00	-6349.07
494.40	40620.36	0.00	-8775.35
494.50	40172.83	0.00	-11150.59
494.60	39621.73	0.00	-13463.26
494.70	38964.61	0.00	-15702.21
494.80	38198.76	0.00	-17856.81
494.90	37321.32	0.00	-19916.98
495.00	36329.47	0.00	-21873.33
495.10	35220.52	0.00	-23717.17
495.20	33992.07	0.00	-25440.61
495.30	32642.15	0.00	-27036.55
495.40	31169.33	0.00	-28498.78
495.50	29572.89	0.00	-29821.94
495.60	27852.86	0.00	-31001.54
495.70	26010.15	0.00	-32033.96
495.80	24046.64	0.00	-32916.40
495.90	21965.21	0.00	-33646.86
496.00	19769.84	0.00	-34224.09
496.10	17465.61	0.00	-34647.52
496.20	15058.75	0.00	-34917.20
496.30	12556.64	0.00	-35033.73
496.40	9967.84	0.00	-34998.16
496.50	7302.08	0.00	-34811.98
496.60	4570.22	0.00	-34476.99
496.70	1784.28	0.00	-33995.26
496.80	-1042.61	0.00	-33369.10
496.90	-3896.22	0.00	-32600.99
497.00	-6761.29	0.00	-31693.58
497.10	-9621.57	0.00	-30649.67
497.20	-12459.86	0.00	-29472.22
497.30	-15258.12	0.00	-28164.36
497.40	-17997.53	0.00	-26729.47
497.50	-20658.65	0.00	-25171.19
497.60	-23221.51	0.00	-23493.51
497.70	-25665.81	0.00	-21700.88
497.80	-27971.09	0.00	-19798.24
497.90	-30116.95	0.00	-17791.17
498.00	-32083.30	0.00	-15685.96
498.10	-33850.60	0.00	-13489.72
498.20	-35400.21	0.00	-11210.45
498.30	-36714.62	0.00	-8857.15
498.40	-37777.84	0.00	-6439.82
498.50	-38575.69	0.00	-3969.60
498.60	-39096.13	0.00	-1458.69
498.70	-39329.55	0.00	1079.59
498.80	-39269.37	0.00	3630.84
498.90	-39004.34	0.00	6179.67
499.00	-38605.16	0.00	8709.77
499.10	-38066.42	0.00	11204.01
499.20	-37382.62	0.00	13644.66
499.30	-36548.45	0.00	16013.50
499.40	-35559.08	0.00	18292.07
499.50	-34410.39	0.00	20461.87
499.60	-33099.34	0.00	22504.63
499.70	-31624.18	0.00	24402.58
499.80	-29984.84	0.00	26138.67
499.90	-28183.12	0.00	27696.91
500.00	-26223.01	0.00	29062.57
500.10	-24110.87	0.00	30222.51
500.20	-21855.56	0.00	31165.37
500.30	-19468.60	0.00	31881.84
500.40	-16964.16	0.00	32364.80
500.50	-14359.03	0.00	32609.57
500.60	-11672.50	0.00	32613.97
500.70	-8926.16	0.00	32378.46
500.80	-6143.59	0.00	31906.15
500.90	-3350.07	0.00	31202.85
501.00	-572.09	0.00	30277.01
501.10	2163.10	0.00	29139.65
501.20	4828.00	0.00	27804.20
501.30	7395.43	0.00	26286.37
501.40	9839.08	0.00	24603.92
501.50	12134.07	0.00	22776.43
501.60	14257.49	0.00	20825.00
501.70	16188.89	0.00	18771.94
501.80	17910.71	0.00	16640.48
501.90	19408.67	0.00	14454.40
502.00	20672.03	0.00	12237.71
502.10	21693.81	0.00	10014.24
502.20	22470.88	0.00	7807.36
502.30	23003.98	0.00	5639.60
502.40	23297.62	0.00	3532.35
502.50	23359.90	0.00	1505.54
502.60	23202.27	0.00	-422.59
502.70	22839.16	0.00	-2235.76
502.80	22287.62	0.00	-3919.82
502.90	21566.86	0.00	-5462.96
503.00	20697.78	0.00	-6855.73
503.10	19702.47	0.00	-8091.23
503.20	18603.72	0.00	-9165.05
503.30	17424.55	0.00	-10075.25
503.40	16187.70	0.00	-10822.37
503.50	14919.75	0.00	-11409.26
503.60	13658.06	0.00	-11840.95
503.70	12418.53	0.00	-12124.49
503.80	11213.70	0.00	-12268.72
503.90	10054.87	0.00	-12284.06
504.00	8951.99	0.00	-12182.22
504.10	7913.52	0.00	-11975.95
504.20	6946.32	0.00	-11678.74
504.30	6055.59	0.00	-11304.57
504.40	5244.83	0.00	-10867.58
504.50	4515.84	0.00	-10381.79
504.60	3868.75	0.00	-9860.90
504.70	3302.08	0.00	-9317.96
504.80	2812.87	0.00	-8765.19
504.90	2396.76	0.00	-8213.77
505.00	2048.21	0.00	-7673.70
505.10	1760.64	0.00	-7153.59
505.20	1526.66	0.00	-6660.64
505.30	1338.28	0.00	-6200.53
505.40	1187.14	0.00	-5777.40
505.50	1064.72	0.00	-5393.84
505.60	962.59	0.00	-5050.95
505.70	872.61	0.00	-4748.41
505.80	787.12	0.00	-4484.57
505.90	699.15	0.00	-4256.61
506.00	602.55	0.00	-4060.63
506.10	492.15	0.00	-3891.91
506.20	363.83	0.00	-3745.00
506.30	214.64	0.00	-3614.00
506.40	42.82	0.00	-3492.71
506.50	-152.19	0.00	-3374.87
506.60	-369.74	0.00	-3254.31
506.70	-608.05	0.00	-3125.19
506.80	-864.24	0.00	-2982.16
506.90	-1134.48	0.00	-2820.48
507.00	-1414.07	0.00	-2636.22
507.10	-1697.61	0.00	-2426.36
507.20	-1979.14	0.00	-2188.85
507.30	-2252.34	0.00	-1922.70
507.40	-2510.67	0.00	-1628.03
507.50	-2747.62	0.00	-1306.05
507.60	-2956.83	0.00	-959.04
507.70	-3132.33	0.00	-590.35
507.80	-3268.66	0.00	-204.27
507.90	-3361.06	0.00	194.05
508.00	-3405.62	0.00	598.67
508.10	-3399.39	0.00	1003.06
508.20	-3340.46	0.00	1400.23
508.30	-3228.05	0.00	1782.85
508.40	-3062.58	0.00	2143.49
508.50	-2845.62	0.00	2474.71
508.60	-2579.93	0.00	2769.31
508.70	-2269.41	0.00	3020.45
508.80	-1919.01	0.00	3221.83
508.90	-1534.68	0.00	3367.83
509.00	-1123.21	0.00	3453.67
509.10	-692.13	0.00	3475.48
509.20	-249.56	0.00	3430.46
509.30	195.95	0.00	3316.94
509.40	635.60	0.00	3134.39
509.50	1060.47	0.00	2883.52
509.60	1461.72	0.00	2566.26
509.70	1830.75	0.00	2185.73
509.80	2159.35	0.00	1746.22
509.90	2439.86	0.00	1253.13
510.00	2665.30	0.00	712.86
510.10	2829.50	0.00	132.71
510.20	2927.20	0.00	-479.19
510.30	2954.19	0.00	-1114.12
510.40	2907.33	0.00	-1762.81
510.50	2784.63	0.00	-2415.67
510.60	2585.32	0.00	-3062.95
510.70	2309.84	0.00	-3694.87
510.80	1959.84	0.00	-4301.84
510.90	1538.19	0.00	-4874.58
511.00	1048.94	0.00	-5404.31
511.10	497.25	0.00	-5882.87
511.20	-110.71	0.00	-6302.88
511.30	-767.76	0.00	-6657.85
511.40	-1465.93	0.00	-6942.26
511.50	-2196.52	0.00	-7151.71
511.60	-2950.23	0.00	-7282.89
511.70	-3717.37	0.00	-7333.69
511.80	-4487.97	0.00	-7303.21
511.90	-5251.96	0.00	-7191.71
512.00	-5999.33	0.00	-7000.65
512.10	-6720.34	0.00	-6732.59
512.20	-7405.64	0.00	-6391.16
512.30	-8046.44	0.00	-5980.93
512.40	-8634.69	0.00	-5507.39
512.50	-9163.15	0.00	-4976.74
512.60	-9625.58	0.00	-4395.82
512.70	-10016.76	0.00	-3771.98
512.80	-10333.19	0.00	-3112.91
512.90	-10580.48	0.00	-2426.52
513.00	-10760.37	0.00	-1720.76
513.10	-10872.75	0.00	-1003.54
513.20	-10918.33	0.00	-282.57
513.30	-10898.57	0.00	434.81
513.40	-10815.62	0.00	1141.66
513.50	-10672.25	0.00	1831.60
513.60	-10471.75	0.00	2498.88
513.70	-10217.84	0.00	3138.42
513.80	-9914.59	0.00	3745.91
513.90	-9566.33	0.00	4317.79
514.00	-9177.53	0.00	4851.30
514.10	-8752.72	0.00	5344.44
514.20	-8296.40	0.00	5795.98
514.30	-7812.96	0.00	6205.39
514.40	-7306.59	0.00	6572.78
514.50	-6781.20	0.00	6898.88
514.60	-6240.38	0.00	7184.88
514.70	-5687.36	0.00	7432.40
514.80	-5124.94	0.00	7643.39
514.90	-4555.50	0.00	7819.99
515.00	-3980.99	0.00	7964.47
515.10	-3402.94	0.00	8079.12
515.20	-2822.46	0.00	8166.15
515.30	-2240.31	0.00	8227.63
515.40	-1656.96	0.00	8265.39
515.50	-1072.61	0.00	8280.98
515.60	-487.28	0.00	8275.62
515.70	99.10	0.00	8250.16
515.80	686.59	0.00	8205.08
515.90	1275.23	0.00	8140.48
516.00	1864.88	0.00	8056.11
516.10	2455.16	0.00	7951.40
516.20	3045.42	0.00	7825.51
516.30	3634.64	0.00	7677.37
516.40	4221.40	0.00	7505.82
516.50	4803.84	0.00	7309.59
516.60	5379.65	0.00	7087.49
516.70	5946.08	0.00	6838.40
516.80	6499.97	0.00	6561.45
516.90	7037.76	0.00	6256.03
517.00	7555.57	0.00	5921.91
517.10	8049.30	0.00	5559.28
517.20	8514.67	0.00	5168.83
517.30	8947.36	0.00	4751.76
517.40	9343.11	0.00	4309.83
517.50	9697.84	0.00	3845.35
517.60	10007.77	0.00	3361.17
517.70	10269.53	0.00	2860.65
517.80	10480.29	0.00	2347.58
517.90	10637.85	0.00	1826.18
518.00	10740.70	0.00	1300.94
518.10	10788.15	0.00	776.56
518.20	10780.30	0.00	257.83
518.30	10718.13	0.00	-250.46
518.40	10607.20	0.00	-743.69
518.50	10458.32	0.00	-1217.49
518.60	10274.60	0.00	-1667.88
518.70	10059.42	0.00	-2091.38
518.80	9816.60	0.00	-2485.10
518.90	9550.35	0.00	-2846.86
519.00	9265.17	0.00	-3175.19
519.10	8965.73	0.00	-3469.49
519.20	8656.79	0.00	-3729.94
519.30	8343.01	0.00	-3957.61
519.40	8028.85	0.00	-4154.35
519.50	7718.49	0.00	-4322.83
519.60	7415.60	0.00	-4466.40
519.70	7123.34	0.00	-4589.07
519.80	6844.15	0.00	-4695.33
519.90	6579.76	0.00	-4790.07
520.00	6331.02	0.00	-4878.43
520.10	6097.95	0.00	-4965.64
520.20	5879.65	0.00	-5056.84
520.30	5674.31	0.00	-5156.98
520.40	5479.27	0.00	-5270.59
520.50	5291.03	0.00	-5401.68
520.60	5105.37	0.00	-5553.58
520.70	4917.40	0.00	-5728.83
520.80	4721.75	0.00	-5929.05
520.90	4512.65	0.00	-6154.89
521.00	4284.12	0.00	-6405.96
521.10	4030.11	0.00	-6680.80
521.20	3744.70	0.00	-6976.91
521.30	3422.25	0.00	-7290.73
521.40	3057.59	0.00	-7617.74
521.50	2646.17	0.00	-7952.53
521.60	2184.22	0.00	-8288.91
521.70	1668.89	0.00	-8620.04
521.80	1098.38	0.00	-8938.61
521.90	471.99	0.00	-9236.93
522.00	-209.73	0.00	-9507.18
522.10	-945.02	0.00	-9741.57
522.20	-1730.83	0.00	-9932.49
522.30	-2562.86	0.00	-10072.70
522.40	-3435.58	0.00	-10155.51
522.50	-4342.33	0.00	-10174.93
522.60	-5275.43	0.00	-10125.76
522.70	-6226.24	0.00	-10003.78
522.80	-7185.37	0.00	-9805.78
522.90	-8142.83	0.00	-9529.65
523.00	-9088.19	0.00	-9174.42
523.10	-10010.80	0.00	-8740.27
523.20	-10899.98	0.00	-8228.52
523.30	-11745.20	0.00	-7641.60
523.40	-12536.29	0.00	-6982.99
523.50	-13263.63	0.00	-6257.12
523.60	-13918.31	0.00	-5469.30
523.70	-14492.27	0.00	-4625.62
523.80	-14978.44	0.00	-3732.78
523.90	-15370.85	0.00	-2798.00
524.00	-15664.69	0.00	-1828.89
524.10	-15856.38	0.00	-833.31
524.20	-15957.97	0.00	180.77
524.30	-15981.86	0.00	1205.36
524.40	-15927.93	0.00	2232.56
524.50	-15796.54	0.00	3254.71
524.60	-15588.50	0.00	4264.39
524.70	-15305.05	0.00	5254.56
524.80	-14947.74	0.00	6218.57
524.90	-14518.45	0.00	7150.23
525.00	-14019.31	0.00	8043.82
525.10	-13452.65	0.00	8894.08
525.20	-12821.02	0.00	9696.27
525.30	-12127.12	0.00	10446.08
525.40	-11373.82	0.00	11139.69
525.50	-10564.13	0.00	11773.67
525.60	-9701.23	0.00	12345.02
525.70	-8788.47	0.00	12851.09
525.80	-7829.39	0.00	13289.57
525.90	-6827.74	0.00	13658.47
526.00	-5787.50	0.00	13956.07
526.10	-4712.94	0.00	14180.93
526.20	-3608.61	0.00	14331.87
526.30	-2479.39	0.00	14407.95
526.40	-1330.49	0.00	14408.49
526.50	-167.52	0.00	14333.08
526.60	1003.59	0.00	14181.57
526.70	2176.50	0.00	13954.12
526.80	3344.52	0.00	13651.23
526.90	4500.64	0.00	13273.73
527.00	5637.54	0.00	12822.85
527.10	6747.66	0.00	12300.25
527.20	7823.24	0.00	11708.03
527.30	8856.42	0.00	11048.78
527.40	9839.33	0.00	10325.57
527.50	10764.16	0.00	9542.01
527.60	11623.29	0.00	8702.26
527.70	12409.41	0.00	7810.98
527.80	13115.59	0.00	6873.37
527.90	13735.46	0.00	5895.14
528.00	14263.28	0.00	4882.48
528.10	14694.06	0.00	3842.02
528.20	15023.67	0.00	2780.80
528.30	15248.94	0.00	1706.17
528.40	15367.70	0.00	625.75
528.50	15378.86	0.00	-452.64
528.60	15282.48	0.00	-1521.07
528.70	15079.98	0.00	-2571.61
528.80	14788.87	0.00	-3596.40
528.90	14420.47	0.00	-4587.75
529.00	13977.23	0.00	-5538.24
529.10	13462.15	0.00	-6440.80
529.20	12878.82	0.00	-7288.83
529.30	12231.35	0.00	-8076.26
529.40	11524.39	0.00	-8797.63
529.50	10763.09	0.00	-9448.20
529.60	9953.08	0.00	-10023.94
529.70	9100.41	0.00	-10521.63
529.80	8211.51	0.00	-10938.90
529.90	7293.10	0.00	-11274.23
530.00	6352.14	0.00	-11526.95
530.10	5395.77	0.00	-11697.27
530.20	4431.18	0.00	-11786.26
530.30	3465.57	0.00	-11795.77
530.40	2506.01	0.00	-11728.45
530.50	1559.39	0.00	-11587.64
530.60	632.31	0.00	-11377.33
530.70	-268.99	0.00	-11102.10
530.80	-1138.72	0.00	-10766.98
530.90	-1971.61	0.00	-10377.42
531.00	-2762.98	0.00	-9939.17
531.10	-3508.74	0.00	-9458.18
531.20	-4205.50	0.00	-8940.51
531.30	-4850.51	0.00	-8392.23
531.40	-5441.75	0.00	-7819.34
531.50	-5977.86	0.00	-7227.68
531.60	-6458.14	0.00	-6622.86
531.70	-6882.53	0.00	-6010.18
531.80	-7251.56	0.00	-5394.58
531.90	-7566.28	0.00	-4780.57
532.00	-7828.23	0.00	-4172.22
532.10	-8039.34	0.00	-3573.14
532.20	-8201.88	0.00	-2986.41
532.30	-8318.38	0.00	-2414.64
532.40	-8391.55	0.00	-1859.94
532.50	-8424.22	0.00	-1323.94
532.60	-8419.26	0.00	-807.82
532.70	-8379.54	0.00	-312.34
532.80	-8307.84	0.00	162.11
532.90	-8206.82	0.00	615.50
533.00	-8078.99	0.00	1048.06
533.10	-7926.65	0.00	1460.29
533.20	-7752.87	0.00	1852.87
533.30	-7564.31	0.00	2226.59
533.40	-7362.83	0.00	2582.38
533.50	-7149.28	0.00	2921.16
533.60	-6924.27	0.00	3243.89
533.70	-6688.13	0.00	3551.45
533.80	-6441.02	0.00	3844.67
533.90	-6182.89	0.00	4124.26
534.00	-5913.54	0.00	4390.79
534.10	-5632.65	0.00	4644.69
534.20	-5339.83	0.00	4886.20
534.30	-5034.61	0.00	5115.41
534.40	-4716.52	0.00	5332.20
534.50	-4385.11	0.00	5536.30
534.60	-4039.96	0.00	5727.23
534.70	-3680.74	0.00	5904.38
534.80	-3307.23	0.00	6066.96
534.90	-2919.35	0.00	6214.05
535.00	-2517.17	0.00	6344.61
535.10	-2100.94	0.00	6457.53
535.20	-1671.09	0.00	6551.59
535.30	-1228.31	0.00	6625.53
535.40	-773.45	0.00	6678.09
535.50	-307.62	0.00	6708.00
535.60	167.83	0.00	6713.99
535.70	651.33	0.00	6694.89
535.80	1141.08	0.00	6649.58
535.90	1635.07	0.00	6577.05
536.00	2131.07	0.00	6476.41
536.10	2626.65	0.00	6346.92
536.20	3119.20	0.00	6188.01
536.30	3605.97	0.00	5999.29
536.40	4084.06	0.00	5780.57
536.50	4550.47	0.00	5531.87
536.60	5002.13	0.00	5253.42
536.70	5435.90	0.00	4945.71
536.80	5848.66	0.00	4609.42
536.90	6237.27	0.00	4245.52
537.00	6598.66	0.00	3855.18
537.10	6929.85	0.00	3439.82
537.20	7227.97	0.00	3001.10
537.30	7490.33	0.00	2540.89
537.40	7714.39	0.00	2061.29
537.50	7897.85	0.00	1564.59
537.60	8038.66	0.00	1053.29
537.70	8135.03	0.00	530.06
537.80	8188.69	0.00	-2.26
537.90	8202.62	0.00	-540.71
538.00	8175.97	0.00	-1082.18
538.10	8108.10	0.00	-1623.45
538.20	7998.52	0.00	-2161.25
538.30	7847.02	0.00	-2692.21
538.40	7653.58	0.00	-3212.95
538.50	7418.43	0.00	-3720.07
538.60	7142.04	0.00	-4210.17
538.70	6825.18	0.00	-4679.91
538.80	6468.86	0.00	-5126.00
538.90	6074.38	0.00	-5545.25
539.00	5643.36	0.00	-5934.58
539.10	5177.68	0.00	-6291.07
539.20	4679.55	0.00	-6611.98
539.30	4151.50	0.00	-6894.77
539.40	3596.32	0.00	-7137.13
539.50	3017.15	0.00	-7337.03
539.60	2417.38	0.00	-7492.71
539.70	1800.70	0.00	-7602.73
539.80	1171.05	0.00	-7665.99
539.90	532.60	0.00	-7681.76
540.00	-110.29	0.00	-7649.69
540.10	-753.07	0.00	-7569.80
540.20	-1391.08	0.00	-7442.56
540.30	-2019.59	0.00	-7268.82
540.40	-2633.82	0.00	-7049.88
540.50	-3229.05	0.00	-6787.45
540.60	-3800.61	0.00	-6483.66
540.70	-4343.99	0.00	-6141.04
540.80	-4854.90	0.00	-5762.51
540.90	-5329.31	0.00	-5351.35
541.00	-5763.50	0.00	-4911.20
541.10	-6154.17	0.00	-4445.97
541.20	-6498.43	0.00	-3959.85
541.30	-6793.91	0.00	-3457.25
541.40	-7038.74	0.00	-2942.72
541.50	-7231.63	0.00	-2420.97
541.60	-7371.87	0.00	-1896.71
541.70	-7459.38	0.00	-1374.68
541.80	-7494.68	0.00	-859.55
541.90	-7478.87	0.00	-355.85
542.00	-7413.68	0.00	132.08
542.10	-7301.38	0.00	600.14
542.20	-7144.77	0.00	1044.56
542.30	-6949.19	0.00	1461.92
542.40	-6721.38	0.00	1849.21
542.50	-6464.92	0.00	2203.87
542.60	-6183.54	0.00	2523.83
542.70	-5881.15	0.00	2807.55
542.80	-5561.80	0.00	3054.01
542.90	-5229.56	0.00	3262.73
543.00	-4888.53	0.00	3433.78
543.10	-4542.74	0.00	3567.78
543.20	-4196.10	0.00	3665.82
543.30	-3852.32	0.00	3729.53
543.40	-3514.89	0.00	3760.94
543.50	-3187.01	0.00	3762.53
543.60	-2871.52	0.00	3737.10
543.70	-2570.90	0.00	3687.75
543.80	-2287.20	0.00	3617.82
543.90	-2022.04	0.00	3530.81
544.00	-1776.59	0.00	3430.32
544.10	-1551.53	0.00	3319.96
544.20	-1347.11	0.00	3203.33
544.30	-1163.11	0.00	3083.90
544.40	-998.90	0.00	2964.98
544.50	-853.44	0.00	2849.65
544.60	-725.31	0.00	2740.72
544.70	-612.81	0.00	2640.69
544.80	-513.94	0.00	2551.70
544.90	-426.49	0.00	2475.50
545.00	-348.11	0.00	2413.44
545.10	-276.33	0.00	2366.47
545.20	-208.63	0.00	2335.14
545.30	-142.53	0.00	2319.58
545.40	-75.59	0.00	2319.56
545.50	-5.51	0.00	2334.46
545.60	69.86	0.00	2363.36
545.70	152.48	0.00	2405.03
545.80	244.04	0.00	2458.01
545.90	346.01	0.00	2520.62
546.00	459.55	0.00	2591.01
546.10	585.55	0.00	2667.24
546.20	724.60	0.00	2747.29
546.30	877.02	0.00	2829.12
546.40	1042.83	0.00	2910.71
546.50	1221.80	0.00	2990.09
546.60	1413.47	0.00	3065.40
546.70	1617.18	0.00	3134.87
546.80	1832.06	0.00	3196.89
546.90	2057.12	0.00	3250.00
547.00	2291.25	0.00	3292.89
547.10	2533.26	0.00	3324.41
547.20	2781.92	0.00	3343.58
547.30	3035.97	0.00	3349.54
547.40	3294.17	0.00	3341.58
547.50	3555.30	0.00	3319.08
547.60	3818.19	0.00	3281.51
547.70	4081.72	0.00	3228.39
547.80	4344.83	0.00	3159.25
547.90	4606.51	0.00	3073.65
548.00	4865.80	0.00	2971.09
548.10	5121.75	0.00	2851.03
548.20	5373.44	0.00	2712.85
548.30	5619.89	0.00	2555.85
548.40	5860.09	0.00	2379.25
548.50	6092.92	0.00	2182.15
548.60	6317.13	0.00	1963.57
548.70	6533.88	0.00	1722.49
548.80	6743.82	0.00	1457.81
548.90	6945.56	0.00	1168.44
549.00	7137.40	0.00	853.33
549.10	7317.37	0.00	511.49
549.20	7483.15	0.00	142.11
549.30	7632.10	0.00	-255.46
549.40	7761.23	0.00	-681.58
549.50	7867.23	0.00	-1136.28
549.60	7946.46	0.00	-1619.18
549.70	7995.04	0.00	-2129.44
549.80	8008.81	0.00	-2665.69
549.90	7983.47	0.00	-3225.98
550.00	7914.61	0.00	-3807.72
550.10	7797.78	0.00	-4407.66
550.20	7628.61	0.00	-5021.88
550.30	7402.89	0.00	-5645.75
550.40	7116.71	0.00	-6273.96
550.50	6766.52	0.00	-6900.54
550.60	6349.30	0.00	-7518.92
550.70	5862.66	0.00	-8121.95
550.80	5304.98	0.00	-8702.02
550.90	4675.48	0.00	-9251.14
551.00	3974.38	0.00	-9761.04
551.10	3202.97	0.00	-10223.33
551.20	2363.69	0.00	-10629.59
551.30	1460.21	0.00	-10971.55
551.40	497.49	0.00	-11241.24
551.50	-518.24	0.00	-11431.15
551.60	-1579.45	0.00	-11534.37
551.70	-2677.35	0.00	-11544.77
551.80	-3801.97	0.00	-11457.13
551.90	-4942.21	0.00	-11267.28
552.00	-6086.04	0.00	-10972.24
552.10	-7220.58	0.00	-10570.32
552.20	-8332.34	0.00	-10061.18
552.30	-9407.39	0.00	-9445.95
552.40	-10431.64	0.00	-8727.23
552.50	-11391.07	0.00	-7909.11
552.60	-12271.98	0.00	-6997.15
552.70	-13061.26	0.00	-5998.39
552.80	-13746.71	0.00	-4921.20
552.90	-14317.21	0.00	-3775.26
553.00	-14763.05	0.00	-2571.39
553.10	-15076.08	0.00	-1321.44
553.20	-15249.93	0.00	-38.10
553.30	-15285.91	0.00	1265.25
553.40	-15199.98	0.00	2574.79
553.50	-14992.47	0.00	3876.41
553.60	-14663.57	0.00	5155.92
553.70	-14214.73	0.00	6399.33
553.80	-13648.66	0.00	7592.99
553.90	-12969.37	0.00	8723.83
554.00	-12182.10	0.00	9779.55
554.10	-11293.32	0.00	10748.78
554.20	-10310.66	0.00	11621.26
554.30	-9242.85	0.00	12388.00
554.40	-8099.65	0.00	13041.34
554.50	-6891.72	0.00	13575.10
554.60	-5630.53	0.00	13984.58
554.70	-4328.20	0.00	14266.68
554.80	-2997.36	0.00	14419.84
554.90	-1650.98	0.00	14444.03
555.00	-302.22	0.00	14340.76
555.10	1035.76	0.00	14112.93
555.20	2350.00	0.00	13764.82
555.30	3627.88	0.00	13301.94
555.40	4857.33	0.00	12730.90
555.50	6026.97	0.00	12059.29
555.60	7126.25	0.00	11295.55
555.70	8145.62	0.00	10448.79
555.80	9076.58	0.00	9528.63
555.90	9911.83	0.00	8545.08
556.00	10645.30	0.00	7508.39
556.10	11272.19	0.00	6428.86
556.20	11788.98	0.00	5316.78
556.30	12193.46	0.00	4182.25
556.40	12484.63	0.00	3035.11
556.50	12662.70	0.00	1884.85
556.60	12729.02	0.00	740.50
556.70	12685.95	0.00	-389.41
556.80	12536.81	0.00	-1496.86
556.90	12287.05	0.00	-2574.45
557.00	11953.46	0.00	-3615.34
557.10	11543.25	0.00	-4613.29
557.20	11060.59	0.00	-5562.65
557.30	10509.76	0.00	-6458.34
557.40	9895.09	0.00	-7295.83
557.50	9220.99	0.00	-8071.12
557.60	8491.91	0.00	-8780.68
557.70	7712.38	0.00	-9421.44
557.80	6886.98	0.00	-9990.76
557.90	6020.39	0.00	-10486.38
558.00	5117.42	0.00	-10906.41
558.10	4183.00	0.00	-11249.28
558.20	3222.23	0.00	-11513.76
558.30	2240.39	0.00	-11698.94
558.40	1242.97	0.00	-11804.17
558.50	235.70	0.00	-11829.15
558.60	-775.47	0.00	-11773.84
558.70	-1784.34	0.00	-11638.58
558.80	-2784.49	0.00	-11423.98
558.90	-3769.27	0.00	-11131.07
559.00	-4731.82	0.00	-10761.23
559.10	-5665.16	0.00	-10316.25
559.20	-6562.17	0.00	-9798.35
559.30	-7415.69	0.00	-9210.22
559.40	-8218.59	0.00	-8555.01
559.50	-8963.82	0.00	-7836.39
559.60	-9644.53	0.00	-7058.53
559.70	-10254.14	0.00	-6226.11
559.80	-10786.44	0.00	-5344.34
559.90	-11235.70	0.00	-4418.93
560.00	-11596.77	0.00	-3456.10
560.10	-11865.16	0.00	-2462.53
560.20	-12040.56	0.00	-1445.33
560.30	-12131.74	0.00	-412.00
560.40	-12137.86	0.00	629.62
560.50	-12057.64	0.00	1671.43
560.60	-11890.36	0.00	2705.11
560.70	-11635.85	0.00	3722.22
560.80	-11294.56	0.00	4714.30
560.90	-10867.62	0.00	5672.92
561.00	-10356.85	0.00	6589.81
561.10	-9764.80	0.00	7456.92
561.20	-9094.78	0.00	8266.56
561.30	-8350.87	0.00	9011.47
561.40	-7537.95	0.00	9684.91
561.50	-6661.67	0.00	10280.77
561.60	-5728.45	0.00	10793.63
561.70	-4745.45	0.00	11218.87
561.80	-3720.55	0.00	11552.72
561.90	-2662.23	0.00	11792.31
562.00	-1579.58	0.00	11935.74
562.10	-482.14	0.00	11982.10
562.20	620.12	0.00	11931.53
562.30	1717.03	0.00	11785.18
562.40	2798.21	0.00	11545.24
562.50	3853.33	0.00	11214.93
562.60	4872.18	0.00	10798.46
562.70	5844.82	0.00	10300.97
562.80	6761.76	0.00	9728.51
562.90	7614.11	0.00	9087.97
563.00	8393.69	0.00	8386.96
563.10	9093.19	0.00	7633.75
563.20	9706.29	0.00	6837.19
563.30	10227.77	0.00	6006.55
563.40	10653.60	0.00	5151.47
563.50	10981.03	0.00	4281.76
563.60	11208.62	0.00	3407.36
563.70	11336.28	0.00	2538.14
563.80	11365.29	0.00	1683.83
563.90	11298.26	0.00	853.85
564.00	11139.11	0.00	57.20
564.10	10893.16	0.00	-697.66
564.20	10574.81	0.00	-1402.92
564.30	10194.91	0.00	-2051.57
564.40	9760.32	0.00	-2637.42
564.50	9278.48	0.00	-3155.30
564.60	8757.39	0.00	-3601.02
564.70	8205.47	0.00	-3971.56
564.80	7631.51	0.00	-4265.01
564.90	7044.53	0.00	-4480.70
565.00	6453.70	0.00	-4619.16
565.10	5868.19	0.00	-4682.16
565.20	5297.05	0.00	-4672.69
565.30	4749.07	0.00	-4594.93
565.40	4232.64	0.00	-4454.20
565.50	3755.60	0.00	-4256.91
565.60	3325.13	0.00	-4010.46
565.70	2947.56	0.00	-3723.16
565.80	2628.31	0.00	-3404.09
565.90	2371.71	0.00	-3063.01
566.00	2180.94	0.00	-2710.18
566.10	2057.93	0.00	-2356.23
566.20	2003.28	0.00	-2011.97
566.30	2016.22	0.00	-1688.27
566.40	2094.60	0.00	-1395.80
566.50	2234.87	0.00	-1144.94
566.60	2432.11	0.00	-945.53
566.70	2680.08	0.00	-806.74
566.80	2971.30	0.00	-736.86
566.90	3297.10	0.00	-743.18
567.00	3647.79	0.00	-831.78
567.10	4012.73	0.00	-1007.45
567.20	4380.54	0.00	-1273.54
567.30	4739.19	0.00	-1631.84
567.40	5076.23	0.00	-2082.55
567.50	5378.94	0.00	-2624.17
567.60	5634.53	0.00	-3253.50
567.70	5830.30	0.00	-3965.60
567.80	5953.90	0.00	-4753.86
567.90	5993.47	0.00	-5610.01
568.00	5937.87	0.00	-6524.18
568.10	5776.84	0.00	-7485.05
568.20	5501.25	0.00	-8479.95
568.30	5103.26	0.00	-9494.98
568.40	4576.50	0.00	-10515.26
568.50	3916.25	0.00	-11525.05
568.60	3119.63	0.00	-12508.02
568.70	2185.73	0.00	-13447.44
568.80	1115.78	0.00	-14326.44
568.90	-86.79	0.00	-15128.26
569.00	-1416.17	0.00	-15836.48
569.10	-2864.21	0.00	-16435.34
569.20	-4420.29	0.00	-16909.89
569.30	-6071.41	0.00	-17246.34
569.40	-7802.18	0.00	-17432.22
569.50	-9594.99	0.00	-17456.64
569.60	-11430.10	0.00	-17310.46
569.70	-13285.86	0.00	-16986.49
569.80	-15139.02	0.00	-16479.64
569.90	-16964.95	0.00	-15787.05
570.00	-18738.08	0.00	-14908.14
570.10	-20432.26	0.00	-13844.74
570.20	-22021.21	0.00	-12601.05
570.30	-23478.98	0.00	-11183.69
570.40	-24780.45	0.00	-9601.60
570.50	-25911.95	0.00	-7866.01
570.60	-26908.79	0.00	-5990.28
570.70	-27766.63	0.00	-3989.82
570.80	-28474.30	0.00	-1881.83
570.90	-29021.44	0.00	314.83
571.00	-29398.54	0.00	2579.91
571.10	-29596.96	0.00	4892.01
571.20	-29609.04	0.00	7228.84
571.30	-29428.15	0.00	9567.52
571.40	-29048.80	0.00	11884.84
571.50	-28466.73	0.00	14157.59
571.60	-27679.09	0.00	16362.82
571.70	-26684.55	0.00	18478.14
571.80	-25483.48	0.00	20482.02
571.90	-24078.06	0.00	22354.03
572.00	-22472.51	0.00	24075.10
572.10	-20673.15	0.00	25627.75
572.20	-18688.55	0.00	26996.30
572.30	-16529.62	0.00	28167.04
572.40	-14209.64	0.00	29128.39
572.50	-11744.28	0.00	29871.03
572.60	-9151.52	0.00	30387.96
572.70	-6451.57	0.00	30674.61
572.80	-3666.71	0.00	30728.81
572.90	-821.03	0.00	30550.83
573.00	2059.78	0.00	30143.33
573.10	4948.83	0.00	29511.29
573.20	7818.33	0.00	28661.93
573.30	10640.05	0.00	27604.59
573.40	13385.75	0.00	26350.59
573.50	16027.60	0.00	24913.08
573.60	18538.70	0.00	23306.83
573.70	20893.47	0.00	21548.05
573.80	23068.14	0.00	19654.20
573.90	25041.10	0.00	17643.73
574.00	26793.34	0.00	15535.91
574.10	28308.71	0.00	13350.52
574.20	29574.20	0.00	11107.71
574.30	30580.13	0.00	8827.69
574.40	31320.30	0.00	6530.55
574.50	31792.00	0.00	4236.02
574.60	31996.06	0.00	1963.28
574.70	31936.71	0.00	-269.26
574.80	31621.47	0.00	-2444.14
574.90	31077.10	0.00	-4545.00
575.00	30394.20	0.00	-6556.76
575.10	29591.62	0.00	-8465.74
575.20	28677.39	0.00	-10259.75
575.30	27659.76	0.00	-11928.20
575.40	26547.16	0.00	-13462.17
575.50	25348.27	0.00	-14854.46
575.60	24071.99	0.00	-16099.59
575.70	22727.45	0.00	-17193.79
575.80	21323.99	0.00	-18135.04
575.90	19871.11	0.00	-18922.94
576.00	18378.47	0.00	-19558.72
576.10	16855.79	0.00	-20045.12
576.20	15312.82	0.00	-20386.27
576.30	13759.22	0.00	-20587.65
576.40	12204.50	0.00	-20655.87
576.50	10657.89	0.00	-20598.58
576.60	9128.28	0.00	-20424.35
576.70	7624.06	0.00	-20142.43
576.80	6153.06	0.00	-19762.68
576.90	4722.44	0.00	-19295.37
577.00	3338.63	0.00	-18751.01
577.10	2007.20	0.00	-18140.23
577.20	732.87	0.00	-17473.60
577.30	-480.58	0.00	-16761.52
577.40	-1630.28	0.00	-16014.04
577.50	-2714.34	0.00	-15240.78
577.60	-3731.79	0.00	-14450.82
577.70	-4682.55	0.00	-13652.56
577.80	-5567.38	0.00	-12853.71
577.90	-6387.82	0.00	-12061.14
578.00	-7146.11	0.00	-11280.88
578.10	-7845.10	0.00	-10518.08
578.20	-8488.11	0.00	-9776.97
578.30	-9078.87	0.00	-9060.87
578.40	-9621.38	0.00	-8372.16
578.50	-10119.81	0.00	-7712.36
578.60	-10578.33	0.00	-7082.12
578.70	-11001.09	0.00	-6481.27
578.80	-11392.03	0.00	-5908.88
578.90	-11754.80	0.00	-5363.35
579.00	-12092.71	0.00	-4842.46
579.10	-12408.59	0.00	-4343.46
579.20	-12704.76	0.00	-3863.15
579.30	-12982.95	0.00	-3398.00
579.40	-13244.27	0.00	-2944.23
579.50	-13489.20	0.00	-2497.91
579.60	-13717.53	0.00	-2055.08
579.70	-13928.43	0.00	-1611.83
579.80	-14120.40	0.00	-1164.39
579.90	-14291.36	0.00	-709.27
580.00	-14438.68	0.00	-243.29
580.10	-14559.23	0.00	236.28
580.20	-14649.49	0.00	731.68
580.30	-14705.61	0.00	1244.62
580.40	-14726.70	0.00	1776.14
580.50	-14726.39	0.00	2326.65
580.60	-14703.15	0.00	2895.87
580.70	-14652.55	0.00	3482.81
580.80	-14570.15	0.00	4085.76
580.90	-14451.54	0.00	4702.31
581.00	-14292.47	0.00	5329.39
581.10	-14088.90	0.00	5963.27
581.20	-13837.13	0.00	6599.66
581.30	-13533.84	0.00	7233.74
581.40	-13176.19	0.00	7860.23
581.50	-12761.90	0.00	8473.52
581.60	-12289.28	0.00	9067.70
581.70	-11757.33	0.00	9636.72
581.80	-11165.80	0.00	10174.46
581.90	-10515.16	0.00	10674.86
582.00	-9806.71	0.00	11132.00
582.10	-9042.54	0.00	11540.23
582.20	-8225.55	0.00	11894.25
582.30	-7359.46	0.00	12189.24
582.40	-6448.75	0.00	12420.91
582.50	-5498.64	0.00	12585.60
582.60	-4515.05	0.00	12680.33
582.70	-3504.50	0.00	12702.89
582.80	-2474.06	0.00	12651.83
582.90	-1431.25	0.00	12526.54
583.00	-383.93	0.00	12327.22
583.10	659.79	0.00	12054.91
583.20	1691.66	0.00	11711.46
583.30	2703.43	0.00	11299.51
583.40	3686.96	0.00	10822.46
583.50	4634.32	0.00	10284.40
583.60	5537.93	0.00	9690.06
583.70	6390.66	0.00	9044.78
583.80	7185.92	0.00	8354.37
583.90	7917.78	0.00	7625.08
584.00	8581.00	0.00	6863.51
584.10	9171.17	0.00	6076.52
584.20	9684.70	0.00	5271.14
584.30	10118.89	0.00	4454.50
584.40	10471.97	0.00	3633.75
584.50	10743.08	0.00	2815.96
584.60	10932.28	0.00	2008.04
584.70	11040.57	0.00	1216.72
584.80	11069.79	0.00	448.41
584.90	11022.65	0.00	-290.81
585.00	10902.62	0.00	-995.30
585.10	10713.93	0.00	-1659.85
585.20	10461.44	0.00	-2279.77
585.30	10150.60	0.00	-2850.95
585.40	9787.36	0.00	-3369.84
585.50	9378.07	0.00	-3833.52
585.60	8929.40	0.00	-4239.72
585.70	8448.27	0.00	-4586.85
585.80	7941.69	0.00	-4873.96
585.90	7417.38	0.00	-5100.82
586.00	6886.55	0.00	-5267.86
586.10	6355.84	0.00	-5376.18
586.20	5830.72	0.00	-5427.54
586.30	5316.48	0.00	-5424.33
586.40	4818.16	0.00	-5369.53
586.50	4340.47	0.00	-5266.68
586.60	3887.74	0.00	-5119.84
586.70	3463.89	0.00	-4933.49
586.80	3072.30	0.00	-4712.54
586.90	2715.87	0.00	-4462.20
587.00	2396.87	0.00	-4187.93
587.10	2116.98	0.00	-3895.37
587.20	1877.25	0.00	-3590.25
587.30	1678.05	0.00	-3278.28
587.40	1519.11	0.00	-2965.11
587.50	1399.52	0.00	-2656.23
587.60	1317.72	0.00	-2356.88
587.70	1271.58	0.00	-2071.95
587.80	1258.40	0.00	-1805.98
587.90	1274.97	0.00	-1563.00
588.00	1317.66	0.00	-1346.57
588.10	1382.45	0.00	-1159.63
588.20	1465.03	0.00	-1004.54
588.30	1560.88	0.00	-883.03
588.40	1665.32	0.00	-796.16
588.50	1773.66	0.00	-744.35
588.60	1881.21	0.00	-727.36
588.70	1983.40	0.00	-744.32
588.80	2075.86	0.00	-793.75
588.90	2154.48	0.00	-873.63
589.00	2215.47	0.00	-981.40
589.10	2255.44	0.00	-1114.05
589.20	2271.44	0.00	-1268.19
589.30	2260.99	0.00	-1440.09
589.40	2222.11	0.00	-1625.75
589.50	2153.39	0.00	-1821.03
589.60	2053.93	0.00	-2021.66
589.70	1923.40	0.00	-2223.36
589.80	1762.02	0.00	-2421.88
589.90	1570.52	0.00	-2613.12
590.00	1350.18	0.00	-2793.14
590.10	1102.72	0.00	-2958.27
590.20	830.32	0.00	-3105.13
590.30	535.57	0.00	-3230.69
590.40	221.40	0.00	-3332.34
590.50	-108.95	0.00	-3407.85
590.60	-452.02	0.00	-3455.49
590.70	-804.15	0.00	-3473.96
590.80	-1161.54	0.00	-3462.46
590.90	-1520.35	0.00	-3420.65
591.00	-1876.73	0.00	-3348.65
591.10	-2226.91	0.00	-3247.03
591.20	-2567.19	0.00	-3116.81
591.30	-2894.09	0.00	-2959.37
591.40	-3204.31	0.00	-2776.49
591.50	-3494.84	0.00	-2570.24
591.60	-3762.96	0.00	-2342.98
591.70	-4006.29	0.00	-2097.31
591.80	-4222.81	0.00	-1836.03
591.90	-4410.88	0.00	-1562.03
592.00	-4569.24	0.00	-1278.34
592.10	-4697.06	0.00	-988.00
592.20	-4793.87	0.00	-694.04
592.30	-4859.57	0.00	-399.46
592.40	-4894.47	0.00	-107.14
592.50	-4899.17	0.00	180.14
592.60	-4874.62	0.00	459.79
592.70	-4822.03	0.00	729.38
592.80	-4742.88	0.00	986.70
592.90	-4638.82	0.00	1229.77
593.00	-4511.70	0.00	1456.84
593.10	-4363.49	0.00	1666.41
593.20	-4196.25	0.00	1857.21
593.30	-4012.09	0.00	2028.20
593.40	-3813.51	0.00	2178.58
593.50	-3603.70	0.00	2307.74
593.60	-3384.62	0.00	2415.30
593.70	-3158.03	0.00	2501.02
593.80	-2925.64	0.00	2564.83
593.90	-2689.08	0.00	2606.79
594.00	-2449.89	0.00	2627.07
594.10	-2209.54	0.00	2625.94
594.20	-1969.43	0.00	2603.72
594.30	-1730.89	0.00	2560.80
594.40	-1495.18	0.00	2497.61
594.50	-1263.53	0.00	2414.60
594.60	-1037.13	0.00	2312.24
594.70	-817.15	0.00	2191.00
594.80	-604.76	0.00	2051.40
594.90	-401.16	0.00	1893.95
595.00	-207.53	0.00	1719.20
595.10	-25.14	0.00	1527.72
595.20	144.73	0.00	1320.15
595.30	300.74	0.00	1097.18
595.40	441.49	0.00	859.60
595.50	565.55	0.00	608.28
595.60	671.41	0.00	344.25
595.70	757.55	0.00	68.67
595.80	822.41	0.00	-217.13
595.90	864.43	0.00	-511.63
596.00	882.08	0.00	-813.11
596.10	873.85	0.00	-1119.62
596.20	838.31	0.00	-1428.97
596.30	774.14	0.00	-1738.72
596.40	680.16	0.00	-2046.21
596.50	555.35	0.00	-2348.50
596.60	398.92	0.00	-2642.41
596.70	210.33	0.00	-2924.54
596.80	-10.68	0.00	-3191.27
596.90	-264.02	0.00	-3438.77
597.00	-549.24	0.00	-3663.08
597.10	-865.51	0.00	-3860.07
597.20	-1211.54	0.00	-4025.57
597.30	-1585.61	0.00	-4155.36
597.40	-1985.51	0.00	-4245.22
597.50	-2408.54	0.00	-4291.04
597.60	-2851.49	0.00	-4288.87
597.70	-3310.65	0.00	-4234.94
597.80	-3781.82	0.00	-4125.82
597.90	-4260.30	0.00	-3958.41
598.00	-4740.94	0.00	-3730.09
598.10	-5218.12	0.00	-3438.74
598.20	-5685.87	0.00	-3082.86
598.30	-6137.84	0.00	-2661.62
598.40	-6567.37	0.00	-2174.89
598.50	-6967.59	0.00	-1623.37
598.60	-7331.46	0.00	-1008.59
598.70	-7651.83	0.00	-332.94
598.80	-7921.57	0.00	400.25
598.90	-8133.62	0.00	1186.77
599.00	-8281.11	0.00	2021.46
599.10	-8357.45	0.00	2898.30
599.20	-8356.40	0.00	3810.38
599.30	-8272.25	0.00	4749.98
599.40	-8099.84	0.00	5708.65
599.50	-7834.73	0.00	6677.25
599.60	-7473.26	0.00	7646.10
599.70	-7012.68	0.00	8605.02
599.80	-6451.21	0.00	9543.54
599.90	-5788.17	0.00	10450.95
600.00	-5024.03	0.00	11316.47
