Time(s)	Fx(N)	Fy(N)	Fz(N)
0.00	9707.98	0.00	-2605.19
0.10	9049.13	0.00	-2683.13
0.20	8346.67	0.00	-2750.48
0.30	7601.47	0.00	-2806.98
0.40	6814.82	0.00	-2852.40
0.50	5988.47	0.00	-2886.56
0.60	5124.66	0.00	-2909.33
0.70	4226.10	0.00	-2920.62
0.80	3296.00	0.00	-2920.38
0.90	2338.04	0.00	-2908.61
1.00	1356.36	0.00	-2885.37
1.10	355.53	0.00	-2850.74
1.20	-659.46	0.00	-2804.86
1.30	-1683.23	0.00	-2747.91
1.40	-2710.09	0.00	-2680.11
1.50	-3734.06	0.00	-2601.74
1.60	-4748.93	0.00	-2513.10
1.70	-5748.32	0.00	-2414.54
1.80	-6725.74	0.00	-2306.45
1.90	-7674.65	0.00	-2189.26
2.00	-8588.56	0.00	-2063.43
2.10	-9461.04	0.00	-1929.46
2.20	-10285.86	0.00	-1787.87
2.30	-11056.99	0.00	-1639.23
2.40	-11768.73	0.00	-1484.11
2.50	-12415.73	0.00	-1323.14
2.60	-12993.07	0.00	-1156.95
2.70	-13496.31	0.00	-986.19
2.80	-13921.54	0.00	-811.54
2.90	-14265.44	0.00	-633.69
3.00	-14525.31	0.00	-453.33
3.10	-14699.10	0.00	-271.19
3.20	-14785.42	0.00	-87.98
3.30	-14791.69	0.00	95.58
3.40	-14762.51	0.00	278.77
3.50	-14704.50	0.00	460.85
3.60	-14617.19	0.00	641.11
3.70	-14499.87	0.00	818.85
3.80	-14351.66	0.00	993.35
3.90	-14171.47	0.00	1163.93
4.00	-13958.09	0.00	1329.92
4.10	-13710.19	0.00	1490.66
4.20	-13426.38	0.00	1645.52
4.30	-13105.23	0.00	1793.88
4.40	-12745.34	0.00	1935.17
4.50	-12345.36	0.00	2068.81
4.60	-11904.06	0.00	2194.29
4.70	-11420.39	0.00	2311.12
4.80	-10893.50	0.00	2418.82
4.90	-10322.79	0.00	2516.97
5.00	-9707.98	0.00	2605.19
5.10	-9049.13	0.00	2683.13
5.20	-8346.67	0.00	2750.48
5.30	-7601.47	0.00	2806.98
5.40	-6814.82	0.00	2852.40
5.50	-5988.47	0.00	2886.56
5.60	-5124.66	0.00	2909.33
5.70	-4226.10	0.00	2920.62
5.80	-3296.00	0.00	2920.38
5.90	-2338.04	0.00	2908.61
6.00	-1356.36	0.00	2885.37
6.10	-355.53	0.00	2850.74
6.20	659.46	0.00	2804.86
6.30	1683.23	0.00	2747.91
6.40	2710.09	0.00	2680.11
6.50	3734.06	0.00	2601.74
6.60	4748.93	0.00	2513.10
6.70	5748.32	0.00	2414.54
6.80	6725.74	0.00	2306.45
6.90	7674.65	0.00	2189.26
7.00	8588.56	0.00	2063.43
7.10	9461.04	0.00	1929.46
7.20	10285.86	0.00	1787.87
7.30	11056.99	0.00	1639.23
7.40	11768.73	0.00	1484.11
7.50	12415.73	0.00	1323.14
7.60	12993.07	0.00	1156.95
7.70	13496.31	0.00	986.19
7.80	13921.54	0.00	811.54
7.90	14265.44	0.00	633.69
8.00	14525.31	0.00	453.33
8.10	14699.10	0.00	271.19
8.20	14785.42	0.00	87.98
8.30	14791.69	0.00	-95.58
8.40	14762.51	0.00	-278.77
8.50	14704.50	0.00	-460.85
8.60	14617.19	0.00	-641.11
8.70	14499.87	0.00	-818.85
8.80	14351.66	0.00	-993.35
8.90	14171.47	0.00	-1163.93
9.00	13958.09	0.00	-1329.92
9.10	13710.19	0.00	-1490.66
9.20	13426.38	0.00	-1645.52
9.30	13105.23	0.00	-1793.88
9.40	12745.34	0.00	-1935.17
9.50	12345.36	0.00	-2068.81
9.60	11904.06	0.00	-2194.29
9.70	11420.39	0.00	-2311.12
9.80	10893.50	0.00	-2418.82
9.90	10322.79	0.00	-2516.97
10.00	9707.98	0.00	-2605.19
10.10	9049.13	0.00	-2683.13
10.20	8346.67	0.00	-2750.48
10.30	7601.47	0.00	-2806.98
10.40	6814.82	0.00	-2852.40
10.50	5988.47	0.00	-2886.56
10.60	5124.66	0.00	-2909.33
10.70	4226.10	0.00	-2920.62
10.80	3296.00	0.00	-2920.38
10.90	2338.04	0.00	-2908.61
11.00	1356.36	0.00	-2885.37
11.10	355.53	0.00	-2850.74
11.20	-659.46	0.00	-2804.86
11.30	-1683.23	0.00	-2747.91
11.40	-2710.09	0.00	-2680.11
11.50	-3734.06	0.00	-2601.74
11.60	-4748.93	0.00	-2513.10
11.70	-5748.32	0.00	-2414.54
11.80	-6725.74	0.00	-2306.45
11.90	-7674.65	0.00	-2189.26
12.00	-8588.56	0.00	-2063.43
12.10	-9461.04	0.00	-1929.46
12.20	-10285.86	0.00	-1787.87
12.30	-11056.99	0.00	-1639.23
12.40	-11768.73	0.00	-1484.11
12.50	-12415.73	0.00	-1323.14
12.60	-12993.07	0.00	-1156.95
12.70	-13496.31	0.00	-986.19
12.80	-13921.54	0.00	-811.54
12.90	-14265.44	0.00	-633.69
13.00	-14525.31	0.00	-453.33
13.10	-14699.10	0.00	-271.19
13.20	-14785.42	0.00	-87.98
13.30	-14791.69	0.00	95.58
13.40	-14762.51	0.00	278.77
13.50	-14704.50	0.00	460.85
13.60	-14617.19	0.00	641.11
13.70	-14499.87	0.00	818.85
13.80	-14351.66	0.00	993.35
13.90	-14171.47	0.00	1163.93
14.00	-13958.09	0.00	1329.92
14.10	-13710.19	0.00	1490.66
14.20	-13426.38	0.00	1645.52
14.30	-13105.23	0.00	1793.88
14.40	-12745.34	0.00	1935.17
14.50	-12345.36	0.00	2068.81
14.60	-11904.06	0.00	2194.29
14.70	-11420.39	0.00	2311.12
14.80	-10893.50	0.00	2418.82
14.90	-10322.79	0.00	2516.97
15.00	-9707.98	0.00	2605.19
15.10	-9049.13	0.00	2683.13
15.20	-8346.67	0.00	2750.48
15.30	-7601.47	0.00	2806.98
15.40	-6814.82	0.00	2852.40
15.50	-5988.47	0.00	2886.56
15.60	-5124.66	0.00	2909.33
15.70	-4226.10	0.00	2920.62
15.80	-3296.00	0.00	2920.38
15.90	-2338.04	0.00	2908.61
16.00	-1356.36	0.00	2885.37
16.10	-355.53	0.00	2850.74
16.20	659.46	0.00	2804.86
16.30	1683.23	0.00	2747.91
16.40	2710.09	0.00	2680.11
16.50	3734.06	0.00	2601.74
16.60	4748.93	0.00	2513.10
16.70	5748.32	0.00	2414.54
16.80	6725.74	0.00	2306.45
16.90	7674.65	0.00	2189.26
17.00	8588.56	0.00	2063.43
17.10	9461.04	0.00	1929.46
17.20	10285.86	0.00	1787.87
17.30	11056.99	0.00	1639.23
17.40	11768.73	0.00	1484.11
17.50	12415.73	0.00	1323.14
17.60	12993.07	0.00	1156.95
17.70	13496.31	0.00	986.19
17.80	13921.54	0.00	811.54
17.90	14265.44	0.00	633.69
18.00	14525.31	0.00	453.33
18.10	14699.10	0.00	271.19
18.20	14785.42	0.00	87.98
18.30	14791.69	0.00	-95.58
18.40	14762.51	0.00	-278.77
18.50	14704.50	0.00	-460.85
18.60	14617.19	0.00	-641.11
18.70	14499.87	0.00	-818.85
18.80	14351.66	0.00	-993.35
18.90	14171.47	0.00	-1163.93
19.00	13958.09	0.00	-1329.92
19.10	13710.19	0.00	-1490.66
19.20	13426.38	0.00	-1645.52
19.30	13105.23	0.00	-1793.88
19.40	12745.34	0.00	-1935.17
19.50	12345.36	0.00	-2068.81
19.60	11904.06	0.00	-2194.29
19.70	11420.39	0.00	-2311.12
19.80	10893.50	0.00	-2418.82
19.90	10322.79	0.00	-2516.97
20.00	9707.98	0.00	-2605.19
20.10	9049.13	0.00	-2683.13
20.20	8346.67	0.00	-2750.48
20.30	7601.47	0.00	-2806.98
20.40	6814.82	0.00	-2852.40
20.50	5988.47	0.00	-2886.56
20.60	5124.66	0.00	-2909.33
20.70	4226.10	0.00	-2920.62
20.80	3296.00	0.00	-2920.38
20.90	2338.04	0.00	-2908.61
21.00	1356.36	0.00	-2885.37
21.10	355.53	0.00	-2850.74
21.20	-659.46	0.00	-2804.86
21.30	-1683.23	0.00	-2747.91
21.40	-2710.09	0.00	-2680.11
21.50	-3734.06	0.00	-2601.74
21.60	-4748.93	0.00	-2513.10
21.70	-5748.32	0.00	-2414.54
21.80	-6725.74	0.00	-2306.45
21.90	-7674.65	0.00	-2189.26
22.00	-8588.56	0.00	-2063.43
22.10	-9461.04	0.00	-1929.46
22.20	-10285.86	0.00	-1787.87
22.30	-11056.99	0.00	-1639.23
22.40	-11768.73	0.00	-1484.11
22.50	-12415.73	0.00	-1323.14
22.60	-12993.07	0.00	-1156.95
22.70	-13496.31	0.00	-986.19
22.80	-13921.54	0.00	-811.54
22.90	-14265.44	0.00	-633.69
23.00	-14525.31	0.00	-453.33
23.10	-14699.10	0.00	-271.19
23.20	-14785.42	0.00	-87.98
23.30	-14791.69	0.00	95.58
23.40	-14762.51	0.00	278.77
23.50	-14704.50	0.00	460.85
23.60	-14617.19	0.00	641.11
23.70	-14499.87	0.00	818.85
23.80	-14351.66	0.00	993.35
23.90	-14171.47	0.00	1163.93
24.00	-13958.09	0.00	1329.92
24.10	-13710.19	0.00	1490.66
24.20	-13426.38	0.00	1645.52
24.30	-13105.23	0.00	1793.88
24.40	-12745.34	0.00	1935.17
24.50	-12345.36	0.00	2068.81
24.60	-11904.06	0.00	2194.29
24.70	-11420.39	0.00	2311.12
24.80	-10893.50	0.00	2418.82
24.90	-10322.79	0.00	2516.97
25.00	-9707.98	0.00	2605.19
25.10	-9049.13	0.00	2683.13
25.20	-8346.67	0.00	2750.48
25.30	-7601.47	0.00	2806.98
25.40	-6814.82	0.00	2852.40
25.50	-5988.47	0.00	2886.56
25.60	-5124.66	0.00	2909.33
25.70	-4226.10	0.00	2920.62
25.80	-3296.00	0.00	2920.38
25.90	-2338.04	0.00	2908.61
26.00	-1356.36	0.00	2885.37
26.10	-355.53	0.00	2850.74
26.20	659.46	0.00	2804.86
26.30	1683.23	0.00	2747.91
26.40	2710.09	0.00	2680.11
26.50	3734.06	0.00	2601.74
26.60	4748.93	0.00	2513.10
26.70	5748.32	0.00	2414.54
26.80	6725.74	0.00	2306.45
26.90	7674.65	0.00	2189.26
27.00	8588.56	0.00	2063.43
27.10	9461.04	0.00	1929.46
27.20	10285.86	0.00	1787.87
27.30	11056.99	0.00	1639.23
27.40	11768.73	0.00	1484.11
27.50	12415.73	0.00	1323.14
27.60	12993.07	0.00	1156.95
27.70	13496.31	0.00	986.19
27.80	13921.54	0.00	811.54
27.90	14265.44	0.00	633.69
28.00	14525.31	0.00	453.33
28.10	14699.10	0.00	271.19
28.20	14785.42	0.00	87.98
28.30	14791.69	0.00	-95.58
28.40	14762.51	0.00	-278.77
28.50	14704.50	0.00	-460.85
28.60	14617.19	0.00	-641.11
28.70	14499.87	0.00	-818.85
28.80	14351.66	0.00	-993.35
28.90	14171.47	0.00	-1163.93
29.00	13958.09	0.00	-1329.92
29.10	13710.19	0.00	-1490.66
29.20	13426.38	0.00	-1645.52
29.30	13105.23	0.00	-1793.88
29.40	12745.34	0.00	-1935.17
29.50	12345.36	0.00	-2068.81
29.60	11904.06	0.00	-2194.29
29.70	11420.39	0.00	-2311.12
29.80	10893.50	0.00	-2418.82
29.90	10322.79	0.00	-2516.97
30.00	9707.98	0.00	-2605.19
30.10	9049.13	0.00	-2683.13
30.20	8346.67	0.00	-2750.48
30.30	7601.47	0.00	-2806.98
30.40	6814.82	0.00	-2852.40
30.50	5988.47	0.00	-2886.56
30.60	5124.66	0.00	-2909.33
30.70	4226.10	0.00	-2920.62
30.80	3296.00	0.00	-2920.38
30.90	2338.04	0.00	-2908.61
31.00	1356.36	0.00	-2885.37
31.10	355.53	0.00	-2850.74
31.20	-659.46	0.00	-2804.86
31.30	-1683.23	0.00	-2747.91
31.40	-2710.09	0.00	-2680.11
31.50	-3734.06	0.00	-2601.74
31.60	-4748.93	0.00	-2513.10
31.70	-5748.32	0.00	-2414.54
31.80	-6725.74	0.00	-2306.45
31.90	-7674.65	0.00	-2189.26
32.00	-8588.56	0.00	-2063.43
32.10	-9461.04	0.00	-1929.46
32.20	-10285.86	0.00	-1787.87
32.30	-11056.99	0.00	-1639.23
32.40	-11768.73	0.00	-1484.11
32.50	-12415.73	0.00	-1323.14
32.60	-12993.07	0.00	-1156.95
32.70	-13496.31	0.00	-986.19
32.80	-13921.54	0.00	-811.54
32.90	-14265.44	0.00	-633.69
33.00	-14525.31	0.00	-453.33
33.10	-14699.10	0.00	-271.19
33.20	-14785.42	0.00	-87.98
33.30	-14791.69	0.00	95.58
33.40	-14762.51	0.00	278.77
33.50	-14704.50	0.00	460.85
33.60	-14617.19	0.00	641.11
33.70	-14499.87	0.00	818.85
33.80	-14351.66	0.00	993.35
33.90	-14171.47	0.00	1163.93
34.00	-13958.09	0.00	1329.92
34.10	-13710.19	0.00	1490.66
34.20	-13426.38	0.00	1645.52
34.30	-13105.23	0.00	1793.88
34.40	-12745.34	0.00	1935.17
34.50	-12345.36	0.00	2068.81
34.60	-11904.06	0.00	2194.29
34.70	-11420.39	0.00	2311.12
34.80	-10893.50	0.00	2418.82
34.90	-10322.79	0.00	2516.97
35.00	-9707.98	0.00	2605.19
35.10	-9049.13	0.00	2683.13
35.20	-8346.67	0.00	2750.48
35.30	-7601.47	0.00	2806.98
35.40	-6814.82	0.00	2852.40
35.50	-5988.47	0.00	2886.56
35.60	-5124.66	0.00	2909.33
35.70	-4226.10	0.00	2920.62
35.80	-3296.00	0.00	2920.38
35.90	-2338.04	0.00	2908.61
36.00	-1356.36	0.00	2885.37
36.10	-355.53	0.00	2850.74
36.20	659.46	0.00	2804.86
36.30	1683.23	0.00	2747.91
36.40	2710.09	0.00	2680.11
36.50	3734.06	0.00	2601.74
36.60	4748.93	0.00	2513.10
36.70	5748.32	0.00	2414.54
36.80	6725.74	0.00	2306.45
36.90	7674.65	0.00	2189.26
37.00	8588.56	0.00	2063.43
37.10	9461.04	0.00	1929.46
37.20	10285.86	0.00	1787.87
37.30	11056.99	0.00	1639.23
37.40	11768.73	0.00	1484.11
37.50	12415.73	0.00	1323.14
37.60	12993.07	0.00	1156.95
37.70	13496.31	0.00	986.19
37.80	13921.54	0.00	811.54
37.90	14265.44	0.00	633.69
38.00	14525.31	0.00	453.33
38.10	14699.10	0.00	271.19
38.20	14785.42	0.00	87.98
38.30	14791.69	0.00	-95.58
38.40	14762.51	0.00	-278.77
38.50	14704.50	0.00	-460.85
38.60	14617.19	0.00	-641.11
38.70	14499.87	0.00	-818.85
38.80	14351.66	0.00	-993.35
38.90	14171.47	0.00	-1163.93
39.00	13958.09	0.00	-1329.92
39.10	13710.19	0.00	-1490.66
39.20	13426.38	0.00	-1645.52
39.30	13105.23	0.00	-1793.88
39.40	12745.34	0.00	-1935.17
39.50	12345.36	0.00	-2068.81
39.60	11904.06	0.00	-2194.29
39.70	11420.39	0.00	-2311.12
39.80	10893.50	0.00	-2418.82
39.90	10322.79	0.00	-2516.97
40.00	9707.98	0.00	-2605.19
40.10	9049.13	0.00	-2683.13
40.20	8346.67	0.00	-2750.48
40.30	7601.47	0.00	-2806.98
40.40	6814.82	0.00	-2852.40
40.50	5988.47	0.00	-2886.56
40.60	5124.66	0.00	-2909.33
40.70	4226.10	0.00	-2920.62
40.80	3296.00	0.00	-2920.38
40.90	2338.04	0.00	-2908.61
41.00	1356.36	0.00	-2885.37
41.10	355.53	0.00	-2850.74
41.20	-659.46	0.00	-2804.86
41.30	-1683.23	0.00	-2747.91
41.40	-2710.09	0.00	-2680.11
41.50	-3734.06	0.00	-2601.74
41.60	-4748.93	0.00	-2513.10
41.70	-5748.32	0.00	-2414.54
41.80	-6725.74	0.00	-2306.45
41.90	-7674.65	0.00	-2189.26
42.00	-8588.56	0.00	-2063.43
42.10	-9461.04	0.00	-1929.46
42.20	-10285.86	0.00	-1787.87
42.30	-11056.99	0.00	-1639.23
42.40	-11768.73	0.00	-1484.11
42.50	-12415.73	0.00	-1323.14
42.60	-12993.07	0.00	-1156.95
42.70	-13496.31	0.00	-986.19
42.80	-13921.54	0.00	-811.54
42.90	-14265.44	0.00	-633.69
43.00	-14525.31	0.00	-453.33
43.10	-14699.10	0.00	-271.19
43.20	-14785.42	0.00	-87.98
43.30	-14791.69	0.00	95.58
43.40	-14762.51	0.00	278.77
43.50	-14704.50	0.00	460.85
43.60	-14617.19	0.00	641.11
43.70	-14499.87	0.00	818.85
43.80	-14351.66	0.00	993.35
43.90	-14171.47	0.00	1163.93
44.00	-13958.09	0.00	1329.92
44.10	-13710.19	0.00	1490.66
44.20	-13426.38	0.00	1645.52
44.30	-13105.23	0.00	1793.88
44.40	-12745.34	0.00	1935.17
44.50	-12345.36	0.00	2068.81
44.60	-11904.06	0.00	2194.29
44.70	-11420.39	0.00	2311.12
44.80	-10893.50	0.00	2418.82
44.90	-10322.79	0.00	2516.97
45.00	-9707.98	0.00	2605.19
45.10	-9049.13	0.00	2683.13
45.20	-8346.67	0.00	2750.48
45.30	-7601.47	0.00	2806.98
45.40	-6814.82	0.00	2852.40
45.50	-5988.47	0.00	2886.56
45.60	-5124.66	0.00	2909.33
45.70	-4226.10	0.00	2920.62
45.80	-3296.00	0.00	2920.38
45.90	-2338.04	0.00	2908.61
46.00	-1356.36	0.00	2885.37
46.10	-355.53	0.00	2850.74
46.20	659.46	0.00	2804.86
46.30	1683.23	0.00	2747.91
46.40	2710.09	0.00	2680.11
46.50	3734.06	0.00	2601.74
46.60	4748.93	0.00	2513.10
46.70	5748.32	0.00	2414.54
46.80	6725.74	0.00	2306.45
46.90	7674.65	0.00	2189.26
47.00	8588.56	0.00	2063.43
47.10	9461.04	0.00	1929.46
47.20	10285.86	0.00	1787.87
47.30	11056.99	0.00	1639.23
47.40	11768.73	0.00	1484.11
47.50	12415.73	0.00	1323.14
47.60	12993.07	0.00	1156.95
47.70	13496.31	0.00	986.19
47.80	13921.54	0.00	811.54
47.90	14265.44	0.00	633.69
48.00	14525.31	0.00	453.33
48.10	14699.10	0.00	271.19
48.20	14785.42	0.00	87.98
48.30	14791.69	0.00	-95.58
48.40	14762.51	0.00	-278.77
48.50	14704.50	0.00	-460.85
48.60	14617.19	0.00	-641.11
48.70	14499.87	0.00	-818.85
48.80	14351.66	0.00	-993.35
48.90	14171.47	0.00	-1163.93
49.00	13958.09	0.00	-1329.92
49.10	13710.19	0.00	-1490.66
49.20	13426.38	0.00	-1645.52
49.30	13105.23	0.00	-1793.88
49.40	12745.34	0.00	-1935.17
49.50	12345.36	0.00	-2068.81
49.60	11904.06	0.00	-2194.29
49.70	11420.39	0.00	-2311.12
49.80	10893.50	0.00	-2418.82
49.90	10322.79	0.00	-2516.97
50.00	9707.98	0.00	-2605.19
50.10	9049.13	0.00	-2683.13
50.20	8346.67	0.00	-2750.48
50.30	7601.47	0.00	-2806.98
50.40	6814.82	0.00	-2852.40
50.50	5988.47	0.00	-2886.56
50.60	5124.66	0.00	-2909.33
50.70	4226.10	0.00	-2920.62
50.80	3296.00	0.00	-2920.38
50.90	2338.04	0.00	-2908.61
51.00	1356.36	0.00	-2885.37
51.10	355.53	0.00	-2850.74
51.20	-659.46	0.00	-2804.86
51.30	-1683.23	0.00	-2747.91
51.40	-2710.09	0.00	-2680.11
51.50	-3734.06	0.00	-2601.74
51.60	-4748.93	0.00	-2513.10
51.70	-5748.32	0.00	-2414.54
51.80	-6725.74	0.00	-2306.45
51.90	-7674.65	0.00	-2189.26
52.00	-8588.56	0.00	-2063.43
52.10	-9461.04	0.00	-1929.46
52.20	-10285.86	0.00	-1787.87
52.30	-11056.99	0.00	-1639.23
52.40	-11768.73	0.00	-1484.11
52.50	-12415.73	0.00	-1323.14
52.60	-12993.07	0.00	-1156.95
52.70	-13496.31	0.00	-986.19
52.80	-13921.54	0.00	-811.54
52.90	-14265.44	0.00	-633.69
53.00	-14525.31	0.00	-453.33
53.10	-14699.10	0.00	-271.19
53.20	-14785.42	0.00	-87.98
53.30	-14791.69	0.00	95.58
53.40	-14762.51	0.00	278.77
53.50	-14704.50	0.00	460.85
53.60	-14617.19	0.00	641.11
53.70	-14499.87	0.00	818.85
53.80	-14351.66	0.00	993.35
53.90	-14171.47	0.00	1163.93
54.00	-13958.09	0.00	1329.92
54.10	-13710.19	0.00	1490.66
54.20	-13426.38	0.00	1645.52
54.30	-13105.23	0.00	1793.88
54.40	-12745.34	0.00	1935.17
54.50	-12345.36	0.00	2068.81
54.60	-11904.06	0.00	2194.29
54.70	-11420.39	0.00	2311.12
54.80	-10893.50	0.00	2418.82
54.90	-10322.79	0.00	2516.97
55.00	-9707.98	0.00	2605.19
55.10	-9049.13	0.00	2683.13
55.20	-8346.67	0.00	2750.48
55.30	-7601.47	0.00	2806.98
55.40	-6814.82	0.00	2852.40
55.50	-5988.47	0.00	2886.56
55.60	-5124.66	0.00	2909.33
55.70	-4226.10	0.00	2920.62
55.80	-3296.00	0.00	2920.38
55.90	-2338.04	0.00	2908.61
56.00	-1356.36	0.00	2885.37
56.10	-355.53	0.00	2850.74
56.20	659.46	0.00	2804.86
56.30	1683.23	0.00	2747.91
56.40	2710.09	0.00	2680.11
56.50	3734.06	0.00	2601.74
56.60	4748.93	0.00	2513.10
56.70	5748.32	0.00	2414.54
56.80	6725.74	0.00	2306.45
56.90	7674.65	0.00	2189.26
57.00	8588.56	0.00	2063.43
57.10	9461.04	0.00	1929.46
57.20	10285.86	0.00	1787.87
57.30	11056.99	0.00	1639.23
57.40	11768.73	0.00	1484.11
57.50	12415.73	0.00	1323.14
57.60	12993.07	0.00	1156.95
57.70	13496.31	0.00	986.19
57.80	13921.54	0.00	811.54
57.90	14265.44	0.00	633.69
58.00	14525.31	0.00	453.33
58.10	14699.10	0.00	271.19
58.20	14785.42	0.00	87.98
58.30	14791.69	0.00	-95.58
58.40	14762.51	0.00	-278.77
58.50	14704.50	0.00	-460.85
58.60	14617.19	0.00	-641.11
58.70	14499.87	0.00	-818.85
58.80	14351.66	0.00	-993.35
58.90	14171.47	0.00	-1163.93
59.00	13958.09	0.00	-1329.92
59.10	13710.19	0.00	-1490.66
59.20	13426.38	0.00	-1645.52
59.30	13105.23	0.00	-1793.88
59.40	12745.34	0.00	-1935.17
59.50	12345.36	0.00	-2068.81
59.60	11904.06	0.00	-2194.29
59.70	11420.39	0.00	-2311.12
59.80	10893.50	0.00	-2418.82
59.90	10322.79	0.00	-2516.97
60.00	9707.98	0.00	-2605.19
60.10	9049.13	0.00	-2683.13
60.20	8346.67	0.00	-2750.48
60.30	7601.47	0.00	-2806.98
60.40	6814.82	0.00	-2852.40
60.50	5988.47	0.00	-2886.56
60.60	5124.66	0.00	-2909.33
60.70	4226.10	0.00	-2920.62
60.80	3296.00	0.00	-2920.38
60.90	2338.04	0.00	-2908.61
61.00	1356.36	0.00	-2885.37
61.10	355.53	0.00	-2850.74
61.20	-659.46	0.00	-2804.86
61.30	-1683.23	0.00	-2747.91
61.40	-2710.09	0.00	-2680.11
61.50	-3734.06	0.00	-2601.74
61.60	-4748.93	0.00	-2513.10
61.70	-5748.32	0.00	-2414.54
61.80	-6725.74	0.00	-2306.45
61.90	-7674.65	0.00	-2189.26
62.00	-8588.56	0.00	-2063.43
62.10	-9461.04	0.00	-1929.46
62.20	-10285.86	0.00	-1787.87
62.30	-11056.99	0.00	-1639.23
62.40	-11768.73	0.00	-1484.11
62.50	-12415.73	0.00	-1323.14
62.60	-12993.07	0.00	-1156.95
62.70	-13496.31	0.00	-986.19
62.80	-13921.54	0.00	-811.54
62.90	-14265.44	0.00	-633.69
63.00	-14525.31	0.00	-453.33
63.10	-14699.10	0.00	-271.19
63.20	-14785.42	0.00	-87.98
63.30	-14791.69	0.00	95.58
63.40	-14762.51	0.00	278.77
63.50	-14704.50	0.00	460.85
63.60	-14617.19	0.00	641.11
63.70	-14499.87	0.00	818.85
63.80	-14351.66	0.00	993.35
63.90	-14171.47	0.00	1163.93
64.00	-13958.09	0.00	1329.92
64.10	-13710.19	0.00	1490.66
64.20	-13426.38	0.00	1645.52
64.30	-13105.23	0.00	1793.88
64.40	-12745.34	0.00	1935.17
64.50	-12345.36	0.00	2068.81
64.60	-11904.06	0.00	2194.29
64.70	-11420.39	0.00	2311.12
64.80	-10893.50	0.00	2418.82
64.90	-10322.79	0.00	2516.97
65.00	-9707.98	0.00	2605.19
65.10	-9049.13	0.00	2683.13
65.20	-8346.67	0.00	2750.48
65.30	-7601.47	0.00	2806.98
65.40	-6814.82	0.00	2852.40
65.50	-5988.47	0.00	2886.56
65.60	-5124.66	0.00	2909.33
65.70	-4226.10	0.00	2920.62
65.80	-3296.00	0.00	2920.38
65.90	-2338.04	0.00	2908.61
66.00	-1356.36	0.00	2885.37
66.10	-355.53	0.00	2850.74
66.20	659.46	0.00	2804.86
66.30	1683.23	0.00	2747.91
66.40	2710.09	0.00	2680.11
66.50	3734.06	0.00	2601.74
66.60	4748.93	0.00	2513.10
66.70	5748.32	0.00	2414.54
66.80	6725.74	0.00	2306.45
66.90	7674.65	0.00	2189.26
67.00	8588.56	0.00	2063.43
67.10	9461.04	0.00	1929.46
67.20	10285.86	0.00	1787.87
67.30	11056.99	0.00	1639.23
67.40	11768.73	0.00	1484.11
67.50	12415.73	0.00	1323.14
67.60	12993.07	0.00	1156.95
67.70	13496.31	0.00	986.19
67.80	13921.54	0.00	811.54
67.90	14265.44	0.00	633.69
68.00	14525.31	0.00	453.33
68.10	14699.10	0.00	271.19
68.20	14785.42	0.00	87.98
68.30	14791.69	0.00	-95.58
68.40	14762.51	0.00	-278.77
68.50	14704.50	0.00	-460.85
68.60	14617.19	0.00	-641.11
68.70	14499.87	0.00	-818.85
68.80	14351.66	0.00	-993.35
68.90	14171.47	0.00	-1163.93
69.00	13958.09	0.00	-1329.92
69.10	13710.19	0.00	-1490.66
69.20	13426.38	0.00	-1645.52
69.30	13105.23	0.00	-1793.88
69.40	12745.34	0.00	-1935.17
69.50	12345.36	0.00	-2068.81
69.60	11904.06	0.00	-2194.29
69.70	11420.39	0.00	-2311.12
69.80	10893.50	0.00	-2418.82
69.90	10322.79	0.00	-2516.97
70.00	9707.98	0.00	-2605.19
70.10	9049.13	0.00	-2683.13
70.20	8346.67	0.00	-2750.48
70.30	7601.47	0.00	-2806.98
70.40	6814.82	0.00	-2852.40
70.50	5988.47	0.00	-2886.56
70.60	5124.66	0.00	-2909.33
70.70	4226.10	0.00	-2920.62
70.80	3296.00	0.00	-2920.38
70.90	2338.04	0.00	-2908.61
71.00	1356.36	0.00	-2885.37
71.10	355.53	0.00	-2850.74
71.20	-659.46	0.00	-2804.86
71.30	-1683.23	0.00	-2747.91
71.40	-2710.09	0.00	-2680.11
71.50	-3734.06	0.00	-2601.74
71.60	-4748.93	0.00	-2513.10
71.70	-5748.32	0.00	-2414.54
71.80	-6725.74	0.00	-2306.45
71.90	-7674.65	0.00	-2189.26
72.00	-8588.56	0.00	-2063.43
72.10	-9461.04	0.00	-1929.46
72.20	-10285.86	0.00	-1787.87
72.30	-11056.99	0.00	-1639.23
72.40	-11768.73	0.00	-1484.11
72.50	-12415.73	0.00	-1323.14
72.60	-12993.07	0.00	-1156.95
72.70	-13496.31	0.00	-986.19
72.80	-13921.54	0.00	-811.54
72.90	-14265.44	0.00	-633.69
73.00	-14525.31	0.00	-453.33
73.10	-14699.10	0.00	-271.19
73.20	-14785.42	0.00	-87.98
73.30	-14791.69	0.00	95.58
73.40	-14762.51	0.00	278.77
73.50	-14704.50	0.00	460.85
73.60	-14617.19	0.00	641.11
73.70	-14499.87	0.00	818.85
73.80	-14351.66	0.00	993.35
73.90	-14171.47	0.00	1163.93
74.00	-13958.09	0.00	1329.92
74.10	-13710.19	0.00	1490.66
74.20	-13426.38	0.00	1645.52
74.30	-13105.23	0.00	1793.88
74.40	-12745.34	0.00	1935.17
74.50	-12345.36	0.00	2068.81
74.60	-11904.06	0.00	2194.29
74.70	-11420.39	0.00	2311.12
74.80	-10893.50	0.00	2418.82
74.90	-10322.79	0.00	2516.97
75.00	-9707.98	0.00	2605.19
75.10	-9049.13	0.00	2683.13
75.20	-8346.67	0.00	2750.48
75.30	-7601.47	0.00	2806.98
75.40	-6814.82	0.00	2852.40
75.50	-5988.47	0.00	2886.56
75.60	-5124.66	0.00	2909.33
75.70	-4226.10	0.00	2920.62
75.80	-3296.00	0.00	2920.38
75.90	-2338.04	0.00	2908.61
76.00	-1356.36	0.00	2885.37
76.10	-355.53	0.00	2850.74
76.20	659.46	0.00	2804.86
76.30	1683.23	0.00	2747.91
76.40	2710.09	0.00	2680.11
76.50	3734.06	0.00	2601.74
76.60	4748.93	0.00	2513.10
76.70	5748.32	0.00	2414.54
76.80	6725.74	0.00	2306.45
76.90	7674.65	0.00	2189.26
77.00	8588.56	0.00	2063.43
77.10	9461.04	0.00	1929.46
77.20	10285.86	0.00	1787.87
77.30	11056.99	0.00	1639.23
77.40	11768.73	0.00	1484.11
77.50	12415.73	0.00	1323.14
77.60	12993.07	0.00	1156.95
77.70	13496.31	0.00	986.19
77.80	13921.54	0.00	811.54
77.90	14265.44	0.00	633.69
78.00	14525.31	0.00	453.33
78.10	14699.10	0.00	271.19
78.20	14785.42	0.00	87.98
78.30	14791.69	0.00	-95.58
78.40	14762.51	0.00	-278.77
78.50	14704.50	0.00	-460.85
78.60	14617.19	0.00	-641.11
78.70	14499.87	0.00	-818.85
78.80	14351.66	0.00	-993.35
78.90	14171.47	0.00	-1163.93
79.00	13958.09	0.00	-1329.92
79.10	13710.19	0.00	-1490.66
79.20	13426.38	0.00	-1645.52
79.30	13105.23	0.00	-1793.88
79.40	12745.34	0.00	-1935.17
79.50	12345.36	0.00	-2068.81
79.60	11904.06	0.00	-2194.29
79.70	11420.39	0.00	-2311.12
79.80	10893.50	0.00	-2418.82
79.90	10322.79	0.00	-2516.97
80.00	9707.98	0.00	-2605.19
80.10	9049.13	0.00	-2683.13
80.20	8346.67	0.00	-2750.48
80.30	7601.47	0.00	-2806.98
80.40	6814.82	0.00	-2852.40
80.50	5988.47	0.00	-2886.56
80.60	5124.66	0.00	-2909.33
80.70	4226.10	0.00	-2920.62
80.80	3296.00	0.00	-2920.38
80.90	2338.04	0.00	-2908.61
81.00	1356.36	0.00	-2885.37
81.10	355.53	0.00	-2850.74
81.20	-659.46	0.00	-2804.86
81.30	-1683.23	0.00	-2747.91
81.40	-2710.09	0.00	-2680.11
81.50	-3734.06	0.00	-2601.74
81.60	-4748.93	0.00	-2513.10
81.70	-5748.32	0.00	-2414.54
81.80	-6725.74	0.00	-2306.45
81.90	-7674.65	0.00	-2189.26
82.00	-8588.56	0.00	-2063.43
82.10	-9461.04	0.00	-1929.46
82.20	-10285.86	0.00	-1787.87
82.30	-11056.99	0.00	-1639.23
82.40	-11768.73	0.00	-1484.11
82.50	-12415.73	0.00	-1323.14
82.60	-12993.07	0.00	-1156.95
82.70	-13496.31	0.00	-986.19
82.80	-13921.54	0.00	-811.54
82.90	-14265.44	0.00	-633.69
83.00	-14525.31	0.00	-453.33
83.10	-14699.10	0.00	-271.19
83.20	-14785.42	0.00	-87.98
83.30	-14791.69	0.00	95.58
83.40	-14762.51	0.00	278.77
83.50	-14704.50	0.00	460.85
83.60	-14617.19	0.00	641.11
83.70	-14499.87	0.00	818.85
83.80	-14351.66	0.00	993.35
83.90	-14171.47	0.00	1163.93
84.00	-13958.09	0.00	1329.92
84.10	-13710.19	0.00	1490.66
84.20	-13426.38	0.00	1645.52
84.30	-13105.23	0.00	1793.88
84.40	-12745.34	0.00	1935.17
84.50	-12345.36	0.00	2068.81
84.60	-11904.06	0.00	2194.29
84.70	-11420.39	0.00	2311.12
84.80	-10893.50	0.00	2418.82
84.90	-10322.79	0.00	2516.97
85.00	-9707.98	0.00	2605.19
85.10	-9049.13	0.00	2683.13
85.20	-8346.67	0.00	2750.48
85.30	-7601.47	0.00	2806.98
85.40	-6814.82	0.00	2852.40
85.50	-5988.47	0.00	2886.56
85.60	-5124.66	0.00	2909.33
85.70	-4226.10	0.00	2920.62
85.80	-3296.00	0.00	2920.38
85.90	-2338.04	0.00	2908.61
86.00	-1356.36	0.00	2885.37
86.10	-355.53	0.00	2850.74
86.20	659.46	0.00	2804.86
86.30	1683.23	0.00	2747.91
86.40	2710.09	0.00	2680.11
86.50	3734.06	0.00	2601.74
86.60	4748.93	0.00	2513.10
86.70	5748.32	0.00	2414.54
86.80	6725.74	0.00	2306.45
86.90	7674.65	0.00	2189.26
87.00	8588.56	0.00	2063.43
87.10	9461.04	0.00	1929.46
87.20	10285.86	0.00	1787.87
87.30	11056.99	0.00	1639.23
87.40	11768.73	0.00	1484.11
87.50	12415.73	0.00	1323.14
87.60	12993.07	0.00	1156.95
87.70	13496.31	0.00	986.19
87.80	13921.54	0.00	811.54
87.90	14265.44	0.00	633.69
88.00	14525.31	0.00	453.33
88.10	14699.10	0.00	271.19
88.20	14785.42	0.00	87.98
88.30	14791.69	0.00	-95.58
88.40	14762.51	0.00	-278.77
88.50	14704.50	0.00	-460.85
88.60	14617.19	0.00	-641.11
88.70	14499.87	0.00	-818.85
88.80	14351.66	0.00	-993.35
88.90	14171.47	0.00	-1163.93
89.00	13958.09	0.00	-1329.92
89.10	13710.19	0.00	-1490.66
89.20	13426.38	0.00	-1645.52
89.30	13105.23	0.00	-1793.88
89.40	12745.34	0.00	-1935.17
89.50	12345.36	0.00	-2068.81
89.60	11904.06	0.00	-2194.29
89.70	11420.39	0.00	-2311.12
89.80	10893.50	0.00	-2418.82
89.90	10322.79	0.00	-2516.97
90.00	9707.98	0.00	-2605.19
90.10	9049.13	0.00	-2683.13
90.20	8346.67	0.00	-2750.48
90.30	7601.47	0.00	-2806.98
90.40	6814.82	0.00	-2852.40
90.50	5988.47	0.00	-2886.56
90.60	5124.66	0.00	-2909.33
90.70	4226.10	0.00	-2920.62
90.80	3296.00	0.00	-2920.38
90.90	2338.04	0.00	-2908.61
91.00	1356.36	0.00	-2885.37
91.10	355.53	0.00	-2850.74
91.20	-659.46	0.00	-2804.86
91.30	-1683.23	0.00	-2747.91
91.40	-2710.09	0.00	-2680.11
91.50	-3734.06	0.00	-2601.74
91.60	-4748.93	0.00	-2513.10
91.70	-5748.32	0.00	-2414.54
91.80	-6725.74	0.00	-2306.45
91.90	-7674.65	0.00	-2189.26
92.00	-8588.56	0.00	-2063.43
92.10	-9461.04	0.00	-1929.46
92.20	-10285.86	0.00	-1787.87
92.30	-11056.99	0.00	-1639.23
92.40	-11768.73	0.00	-1484.11
92.50	-12415.73	0.00	-1323.14
92.60	-12993.07	0.00	-1156.95
92.70	-13496.31	0.00	-986.19
92.80	-13921.54	0.00	-811.54
92.90	-14265.44	0.00	-633.69
93.00	-14525.31	0.00	-453.33
93.10	-14699.10	0.00	-271.19
93.20	-14785.42	0.00	-87.98
93.30	-14791.69	0.00	95.58
93.40	-14762.51	0.00	278.77
93.50	-14704.50	0.00	460.85
93.60	-14617.19	0.00	641.11
93.70	-14499.87	0.00	818.85
93.80	-14351.66	0.00	993.35
93.90	-14171.47	0.00	1163.93
94.00	-13958.09	0.00	1329.92
94.10	-13710.19	0.00	1490.66
94.20	-13426.38	0.00	1645.52
94.30	-13105.23	0.00	1793.88
94.40	-12745.34	0.00	1935.17
94.50	-12345.36	0.00	2068.81
94.60	-11904.06	0.00	2194.29
94.70	-11420.39	0.00	2311.12
94.80	-10893.50	0.00	2418.82
94.90	-10322.79	0.00	2516.97
95.00	-9707.98	0.00	2605.19
95.10	-9049.13	0.00	2683.13
95.20	-8346.67	0.00	2750.48
95.30	-7601.47	0.00	2806.98
95.40	-6814.82	0.00	2852.40
95.50	-5988.47	0.00	2886.56
95.60	-5124.66	0.00	2909.33
95.70	-4226.10	0.00	2920.62
95.80	-3296.00	0.00	2920.38
95.90	-2338.04	0.00	2908.61
96.00	-1356.36	0.00	2885.37
96.10	-355.53	0.00	2850.74
96.20	659.46	0.00	2804.86
96.30	1683.23	0.00	2747.91
96.40	2710.09	0.00	2680.11
96.50	3734.06	0.00	2601.74
96.60	4748.93	0.00	2513.10
96.70	5748.32	0.00	2414.54
96.80	6725.74	0.00	2306.45
96.90	7674.65	0.00	2189.26
97.00	8588.56	0.00	2063.43
97.10	9461.04	0.00	1929.46
97.20	10285.86	0.00	1787.87
97.30	11056.99	0.00	1639.23
97.40	11768.73	0.00	1484.11
97.50	12415.73	0.00	1323.14
97.60	12993.07	0.00	1156.95
97.70	13496.31	0.00	986.19
97.80	13921.54	0.00	811.54
97.90	14265.44	0.00	633.69
98.00	14525.31	0.00	453.33
98.10	14699.10	0.00	271.19
98.20	14785.42	0.00	87.98
98.30	14791.69	0.00	-95.58
98.40	14762.51	0.00	-278.77
98.50	14704.50	0.00	-460.85
98.60	14617.19	0.00	-641.11
98.70	14499.87	0.00	-818.85
98.80	14351.66	0.00	-993.35
98.90	14171.47	0.00	-1163.93
99.00	13958.09	0.00	-1329.92
99.10	13710.19	0.00	-1490.66
99.20	13426.38	0.00	-1645.52
99.30	13105.23	0.00	-1793.88
99.40	12745.34	0.00	-1935.17
99.50	12345.36	0.00	-2068.81
99.60	11904.06	0.00	-2194.29
99.70	11420.39	0.00	-2311.12
99.80	10893.50	0.00	-2418.82
99.90	10322.79	0.00	-2516.97
100.00	9707.98	0.00	-2605.19
100.10	9049.13	0.00	-2683.13
100.20	8346.67	0.00	-2750.48
100.30	7601.47	0.00	-2806.98
100.40	6814.82	0.00	-2852.40
100.50	5988.47	0.00	-2886.56
100.60	5124.66	0.00	-2909.33
100.70	4226.10	0.00	-2920.62
100.80	3296.00	0.00	-2920.38
100.90	2338.04	0.00	-2908.61
101.00	1356.36	0.00	-2885.37
101.10	355.53	0.00	-2850.74
101.20	-659.46	0.00	-2804.86
101.30	-1683.23	0.00	-2747.91
101.40	-2710.09	0.00	-2680.11
101.50	-3734.06	0.00	-2601.74
101.60	-4748.93	0.00	-2513.10
101.70	-5748.32	0.00	-2414.54
101.80	-6725.74	0.00	-2306.45
101.90	-7674.65	0.00	-2189.26
102.00	-8588.56	0.00	-2063.43
102.10	-9461.04	0.00	-1929.46
102.20	-10285.86	0.00	-1787.87
102.30	-11056.99	0.00	-1639.23
102.40	-11768.73	0.00	-1484.11
102.50	-12415.73	0.00	-1323.14
102.60	-12993.07	0.00	-1156.95
102.70	-13496.31	0.00	-986.19
102.80	-13921.54	0.00	-811.54
102.90	-14265.44	0.00	-633.69
103.00	-14525.31	0.00	-453.33
103.10	-14699.10	0.00	-271.19
103.20	-14785.42	0.00	-87.98
103.30	-14791.69	0.00	95.58
103.40	-14762.51	0.00	278.77
103.50	-14704.50	0.00	460.85
103.60	-14617.19	0.00	641.11
103.70	-14499.87	0.00	818.85
103.80	-14351.66	0.00	993.35
103.90	-14171.47	0.00	1163.93
104.00	-13958.09	0.00	1329.92
104.10	-13710.19	0.00	1490.66
104.20	-13426.38	0.00	1645.52
104.30	-13105.23	0.00	1793.88
104.40	-12745.34	0.00	1935.17
104.50	-12345.36	0.00	2068.81
104.60	-11904.06	0.00	2194.29
104.70	-11420.39	0.00	2311.12
104.80	-10893.50	0.00	2418.82
104.90	-10322.79	0.00	2516.97
105.00	-9707.98	0.00	2605.19
105.10	-9049.13	0.00	2683.13
105.20	-8346.67	0.00	2750.48
105.30	-7601.47	0.00	2806.98
105.40	-6814.82	0.00	2852.40
105.50	-5988.47	0.00	2886.56
105.60	-5124.66	0.00	2909.33
105.70	-4226.10	0.00	2920.62
105.80	-3296.00	0.00	2920.38
105.90	-2338.04	0.00	2908.61
106.00	-1356.36	0.00	2885.37
106.10	-355.53	0.00	2850.74
106.20	659.46	0.00	2804.86
106.30	1683.23	0.00	2747.91
106.40	2710.09	0.00	2680.11
106.50	3734.06	0.00	2601.74
106.60	4748.93	0.00	2513.10
106.70	5748.32	0.00	2414.54
106.80	6725.74	0.00	2306.45
106.90	7674.65	0.00	2189.26
107.00	8588.56	0.00	2063.43
107.10	9461.04	0.00	1929.46
107.20	10285.86	0.00	1787.87
107.30	11056.99	0.00	1639.23
107.40	11768.73	0.00	1484.11
107.50	12415.73	0.00	1323.14
107.60	12993.07	0.00	1156.95
107.70	13496.31	0.00	986.19
107.80	13921.54	0.00	811.54
107.90	14265.44	0.00	633.69
108.00	14525.31	0.00	453.33
108.10	14699.10	0.00	271.19
108.20	14785.42	0.00	87.98
108.30	14791.69	0.00	-95.58
108.40	14762.51	0.00	-278.77
108.50	14704.50	0.00	-460.85
108.60	14617.19	0.00	-641.11
108.70	14499.87	0.00	-818.85
108.80	14351.66	0.00	-993.35
108.90	14171.47	0.00	-1163.93
109.00	13958.09	0.00	-1329.92
109.10	13710.19	0.00	-1490.66
109.20	13426.38	0.00	-1645.52
109.30	13105.23	0.00	-1793.88
109.40	12745.34	0.00	-1935.17
109.50	12345.36	0.00	-2068.81
109.60	11904.06	0.00	-2194.29
109.70	11420.39	0.00	-2311.12
109.80	10893.50	0.00	-2418.82
109.90	10322.79	0.00	-2516.97
110.00	9707.98	0.00	-2605.19
110.10	9049.13	0.00	-2683.13
110.20	8346.67	0.00	-2750.48
110.30	7601.47	0.00	-2806.98
110.40	6814.82	0.00	-2852.40
110.50	5988.47	0.00	-2886.56
110.60	5124.66	0.00	-2909.33
110.70	4226.10	0.00	-2920.62
110.80	3296.00	0.00	-2920.38
110.90	2338.04	0.00	-2908.61
111.00	1356.36	0.00	-2885.37
111.10	355.53	0.00	-2850.74
111.20	-659.46	0.00	-2804.86
111.30	-1683.23	0.00	-2747.91
111.40	-2710.09	0.00	-2680.11
111.50	-3734.06	0.00	-2601.74
111.60	-4748.93	0.00	-2513.10
111.70	-5748.32	0.00	-2414.54
111.80	-6725.74	0.00	-2306.45
111.90	-7674.65	0.00	-2189.26
112.00	-8588.56	0.00	-2063.43
112.10	-9461.04	0.00	-1929.46
112.20	-10285.86	0.00	-1787.87
112.30	-11056.99	0.00	-1639.23
112.40	-11768.73	0.00	-1484.11
112.50	-12415.73	0.00	-1323.14
112.60	-12993.07	0.00	-1156.95
112.70	-13496.31	0.00	-986.19
112.80	-13921.54	0.00	-811.54
112.90	-14265.44	0.00	-633.69
113.00	-14525.31	0.00	-453.33
113.10	-14699.10	0.00	-271.19
113.20	-14785.42	0.00	-87.98
113.30	-14791.69	0.00	95.58
113.40	-14762.51	0.00	278.77
113.50	-14704.50	0.00	460.85
113.60	-14617.19	0.00	641.11
113.70	-14499.87	0.00	818.85
113.80	-14351.66	0.00	993.35
113.90	-14171.47	0.00	1163.93
114.00	-13958.09	0.00	1329.92
114.10	-13710.19	0.00	1490.66
114.20	-13426.38	0.00	1645.52
114.30	-13105.23	0.00	1793.88
114.40	-12745.34	0.00	1935.17
114.50	-12345.36	0.00	2068.81
114.60	-11904.06	0.00	2194.29
114.70	-11420.39	0.00	2311.12
114.80	-10893.50	0.00	2418.82
114.90	-10322.79	0.00	2516.97
115.00	-9707.98	0.00	2605.19
115.10	-9049.13	0.00	2683.13
115.20	-8346.67	0.00	2750.48
115.30	-7601.47	0.00	2806.98
115.40	-6814.82	0.00	2852.40
115.50	-5988.47	0.00	2886.56
115.60	-5124.66	0.00	2909.33
115.70	-4226.10	0.00	2920.62
115.80	-3296.00	0.00	2920.38
115.90	-2338.04	0.00	2908.61
116.00	-1356.36	0.00	2885.37
116.10	-355.53	0.00	2850.74
116.20	659.46	0.00	2804.86
116.30	1683.23	0.00	2747.91
116.40	2710.09	0.00	2680.11
116.50	3734.06	0.00	2601.74
116.60	4748.93	0.00	2513.10
116.70	5748.32	0.00	2414.54
116.80	6725.74	0.00	2306.45
116.90	7674.65	0.00	2189.26
117.00	8588.56	0.00	2063.43
117.10	9461.04	0.00	1929.46
117.20	10285.86	0.00	1787.87
117.30	11056.99	0.00	1639.23
117.40	11768.73	0.00	1484.11
117.50	12415.73	0.00	1323.14
117.60	12993.07	0.00	1156.95
117.70	13496.31	0.00	986.19
117.80	13921.54	0.00	811.54
117.90	14265.44	0.00	633.69
118.00	14525.31	0.00	453.33
118.10	14699.10	0.00	271.19
118.20	14785.42	0.00	87.98
118.30	14791.69	0.00	-95.58
118.40	14762.51	0.00	-278.77
118.50	14704.50	0.00	-460.85
118.60	14617.19	0.00	-641.11
118.70	14499.87	0.00	-818.85
118.80	14351.66	0.00	-993.35
118.90	14171.47	0.00	-1163.93
119.00	13958.09	0.00	-1329.92
119.10	13710.19	0.00	-1490.66
119.20	13426.38	0.00	-1645.52
119.30	13105.23	0.00	-1793.88
119.40	12745.34	0.00	-1935.17
119.50	12345.36	0.00	-2068.81
119.60	11904.06	0.00	-2194.29
119.70	11420.39	0.00	-2311.12
119.80	10893.50	0.00	-2418.82
119.90	10322.79	0.00	-2516.97
120.00	9707.98	0.00	-2605.19
120.10	9049.13	0.00	-2683.13
120.20	8346.67	0.00	-2750.48
120.30	7601.47	0.00	-2806.98
120.40	6814.82	0.00	-2852.40
120.50	5988.47	0.00	-2886.56
120.60	5124.66	0.00	-2909.33
120.70	4226.10	0.00	-2920.62
120.80	3296.00	0.00	-2920.38
120.90	2338.04	0.00	-2908.61
121.00	1356.36	0.00	-2885.37
121.10	355.53	0.00	-2850.74
121.20	-659.46	0.00	-2804.86
121.30	-1683.23	0.00	-2747.91
121.40	-2710.09	0.00	-2680.11
121.50	-3734.06	0.00	-2601.74
121.60	-4748.93	0.00	-2513.10
121.70	-5748.32	0.00	-2414.54
121.80	-6725.74	0.00	-2306.45
121.90	-7674.65	0.00	-2189.26
122.00	-8588.56	0.00	-2063.43
122.10	-9461.04	0.00	-1929.46
122.20	-10285.86	0.00	-1787.87
122.30	-11056.99	0.00	-1639.23
122.40	-11768.73	0.00	-1484.11
122.50	-12415.73	0.00	-1323.14
122.60	-12993.07	0.00	-1156.95
122.70	-13496.31	0.00	-986.19
122.80	-13921.54	0.00	-811.54
122.90	-14265.44	0.00	-633.69
123.00	-14525.31	0.00	-453.33
123.10	-14699.10	0.00	-271.19
123.20	-14785.42	0.00	-87.98
123.30	-14791.69	0.00	95.58
123.40	-14762.51	0.00	278.77
123.50	-14704.50	0.00	460.85
123.60	-14617.19	0.00	641.11
123.70	-14499.87	0.00	818.85
123.80	-14351.66	0.00	993.35
123.90	-14171.47	0.00	1163.93
124.00	-13958.09	0.00	1329.92
124.10	-13710.19	0.00	1490.66
124.20	-13426.38	0.00	1645.52
124.30	-13105.23	0.00	1793.88
124.40	-12745.34	0.00	1935.17
124.50	-12345.36	0.00	2068.81
124.60	-11904.06	0.00	2194.29
124.70	-11420.39	0.00	2311.12
124.80	-10893.50	0.00	2418.82
124.90	-10322.79	0.00	2516.97
125.00	-9707.98	0.00	2605.19
125.10	-9049.13	0.00	2683.13
125.20	-8346.67	0.00	2750.48
125.30	-7601.47	0.00	2806.98
125.40	-6814.82	0.00	2852.40
125.50	-5988.47	0.00	2886.56
125.60	-5124.66	0.00	2909.33
125.70	-4226.10	0.00	2920.62
125.80	-3296.00	0.00	2920.38
125.90	-2338.04	0.00	2908.61
126.00	-1356.36	0.00	2885.37
126.10	-355.53	0.00	2850.74
126.20	659.46	0.00	2804.86
126.30	1683.23	0.00	2747.91
126.40	2710.09	0.00	2680.11
126.50	3734.06	0.00	2601.74
126.60	4748.93	0.00	2513.10
126.70	5748.32	0.00	2414.54
126.80	6725.74	0.00	2306.45
126.90	7674.65	0.00	2189.26
127.00	8588.56	0.00	2063.43
127.10	9461.04	0.00	1929.46
127.20	10285.86	0.00	1787.87
127.30	11056.99	0.00	1639.23
127.40	11768.73	0.00	1484.11
127.50	12415.73	0.00	1323.14
127.60	12993.07	0.00	1156.95
127.70	13496.31	0.00	986.19
127.80	13921.54	0.00	811.54
127.90	14265.44	0.00	633.69
128.00	14525.31	0.00	453.33
128.10	14699.10	0.00	271.19
128.20	14785.42	0.00	87.98
128.30	14791.69	0.00	-95.58
128.40	14762.51	0.00	-278.77
128.50	14704.50	0.00	-460.85
128.60	14617.19	0.00	-641.11
128.70	14499.87	0.00	-818.85
128.80	14351.66	0.00	-993.35
128.90	14171.47	0.00	-1163.93
129.00	13958.09	0.00	-1329.92
129.10	13710.19	0.00	-1490.66
129.20	13426.38	0.00	-1645.52
129.30	13105.23	0.00	-1793.88
129.40	12745.34	0.00	-1935.17
129.50	12345.36	0.00	-2068.81
129.60	11904.06	0.00	-2194.29
129.70	11420.39	0.00	-2311.12
129.80	10893.50	0.00	-2418.82
129.90	10322.79	0.00	-2516.97
130.00	9707.98	0.00	-2605.19
130.10	9049.13	0.00	-2683.13
130.20	8346.67	0.00	-2750.48
130.30	7601.47	0.00	-2806.98
130.40	6814.82	0.00	-2852.40
130.50	5988.47	0.00	-2886.56
130.60	5124.66	0.00	-2909.33
130.70	4226.10	0.00	-2920.62
130.80	3296.00	0.00	-2920.38
130.90	2338.04	0.00	-2908.61
131.00	1356.36	0.00	-2885.37
131.10	355.53	0.00	-2850.74
131.20	-659.46	0.00	-2804.86
131.30	-1683.23	0.00	-2747.91
131.40	-2710.09	0.00	-2680.11
131.50	-3734.06	0.00	-2601.74
131.60	-4748.93	0.00	-2513.10
131.70	-5748.32	0.00	-2414.54
131.80	-6725.74	0.00	-2306.45
131.90	-7674.65	0.00	-2189.26
132.00	-8588.56	0.00	-2063.43
132.10	-9461.04	0.00	-1929.46
132.20	-10285.86	0.00	-1787.87
132.30	-11056.99	0.00	-1639.23
132.40	-11768.73	0.00	-1484.11
132.50	-12415.73	0.00	-1323.14
132.60	-12993.07	0.00	-1156.95
132.70	-13496.31	0.00	-986.19
132.80	-13921.54	0.00	-811.54
132.90	-14265.44	0.00	-633.69
133.00	-14525.31	0.00	-453.33
133.10	-14699.10	0.00	-271.19
133.20	-14785.42	0.00	-87.98
133.30	-14791.69	0.00	95.58
133.40	-14762.51	0.00	278.77
133.50	-14704.50	0.00	460.85
133.60	-14617.19	0.00	641.11
133.70	-14499.87	0.00	818.85
133.80	-14351.66	0.00	993.35
133.90	-14171.47	0.00	1163.93
134.00	-13958.09	0.00	1329.92
134.10	-13710.19	0.00	1490.66
134.20	-13426.38	0.00	1645.52
134.30	-13105.23	0.00	1793.88
134.40	-12745.34	0.00	1935.17
134.50	-12345.36	0.00	2068.81
134.60	-11904.06	0.00	2194.29
134.70	-11420.39	0.00	2311.12
134.80	-10893.50	0.00	2418.82
134.90	-10322.79	0.00	2516.97
135.00	-9707.98	0.00	2605.19
135.10	-9049.13	0.00	2683.13
135.20	-8346.67	0.00	2750.48
135.30	-7601.47	0.00	2806.98
135.40	-6814.82	0.00	2852.40
135.50	-5988.47	0.00	2886.56
135.60	-5124.66	0.00	2909.33
135.70	-4226.10	0.00	2920.62
135.80	-3296.00	0.00	2920.38
135.90	-2338.04	0.00	2908.61
136.00	-1356.36	0.00	2885.37
136.10	-355.53	0.00	2850.74
136.20	659.46	0.00	2804.86
136.30	1683.23	0.00	2747.91
136.40	2710.09	0.00	2680.11
136.50	3734.06	0.00	2601.74
136.60	4748.93	0.00	2513.10
136.70	5748.32	0.00	2414.54
136.80	6725.74	0.00	2306.45
136.90	7674.65	0.00	2189.26
137.00	8588.56	0.00	2063.43
137.10	9461.04	0.00	1929.46
137.20	10285.86	0.00	1787.87
137.30	11056.99	0.00	1639.23
137.40	11768.73	0.00	1484.11
137.50	12415.73	0.00	1323.14
137.60	12993.07	0.00	1156.95
137.70	13496.31	0.00	986.19
137.80	13921.54	0.00	811.54
137.90	14265.44	0.00	633.69
138.00	14525.31	0.00	453.33
138.10	14699.10	0.00	271.19
138.20	14785.42	0.00	87.98
138.30	14791.69	0.00	-95.58
138.40	14762.51	0.00	-278.77
138.50	14704.50	0.00	-460.85
138.60	14617.19	0.00	-641.11
138.70	14499.87	0.00	-818.85
138.80	14351.66	0.00	-993.35
138.90	14171.47	0.00	-1163.93
139.00	13958.09	0.00	-1329.92
139.10	13710.19	0.00	-1490.66
139.20	13426.38	0.00	-1645.52
139.30	13105.23	0.00	-1793.88
139.40	12745.34	0.00	-1935.17
139.50	12345.36	0.00	-2068.81
139.60	11904.06	0.00	-2194.29
139.70	11420.39	0.00	-2311.12
139.80	10893.50	0.00	-2418.82
139.90	10322.79	0.00	-2516.97
140.00	9707.98	0.00	-2605.19
140.10	9049.13	0.00	-2683.13
140.20	8346.67	0.00	-2750.48
140.30	7601.47	0.00	-2806.98
140.40	6814.82	0.00	-2852.40
140.50	5988.47	0.00	-2886.56
140.60	5124.66	0.00	-2909.33
140.70	4226.10	0.00	-2920.62
140.80	3296.00	0.00	-2920.38
140.90	2338.04	0.00	-2908.61
141.00	1356.36	0.00	-2885.37
141.10	355.53	0.00	-2850.74
141.20	-659.46	0.00	-2804.86
141.30	-1683.23	0.00	-2747.91
141.40	-2710.09	0.00	-2680.11
141.50	-3734.06	0.00	-2601.74
141.60	-4748.93	0.00	-2513.10
141.70	-5748.32	0.00	-2414.54
141.80	-6725.74	0.00	-2306.45
141.90	-7674.65	0.00	-2189.26
142.00	-8588.56	0.00	-2063.43
142.10	-9461.04	0.00	-1929.46
142.20	-10285.86	0.00	-1787.87
142.30	-11056.99	0.00	-1639.23
142.40	-11768.73	0.00	-1484.11
142.50	-12415.73	0.00	-1323.14
142.60	-12993.07	0.00	-1156.95
142.70	-13496.31	0.00	-986.19
142.80	-13921.54	0.00	-811.54
142.90	-14265.44	0.00	-633.69
143.00	-14525.31	0.00	-453.33
143.10	-14699.10	0.00	-271.19
143.20	-14785.42	0.00	-87.98
143.30	-14791.69	0.00	95.58
143.40	-14762.51	0.00	278.77
143.50	-14704.50	0.00	460.85
143.60	-14617.19	0.00	641.11
143.70	-14499.87	0.00	818.85
143.80	-14351.66	0.00	993.35
143.90	-14171.47	0.00	1163.93
144.00	-13958.09	0.00	1329.92
144.10	-13710.19	0.00	1490.66
144.20	-13426.38	0.00	1645.52
144.30	-13105.23	0.00	1793.88
144.40	-12745.34	0.00	1935.17
144.50	-12345.36	0.00	2068.81
144.60	-11904.06	0.00	2194.29
144.70	-11420.39	0.00	2311.12
144.80	-10893.50	0.00	2418.82
144.90	-10322.79	0.00	2516.97
145.00	-9707.98	0.00	2605.19
145.10	-9049.13	0.00	2683.13
145.20	-8346.67	0.00	2750.48
145.30	-7601.47	0.00	2806.98
145.40	-6814.82	0.00	2852.40
145.50	-5988.47	0.00	2886.56
145.60	-5124.66	0.00	2909.33
145.70	-4226.10	0.00	2920.62
145.80	-3296.00	0.00	2920.38
145.90	-2338.04	0.00	2908.61
146.00	-1356.36	0.00	2885.37
146.10	-355.53	0.00	2850.74
146.20	659.46	0.00	2804.86
146.30	1683.23	0.00	2747.91
146.40	2710.09	0.00	2680.11
146.50	3734.06	0.00	2601.74
146.60	4748.93	0.00	2513.10
146.70	5748.32	0.00	2414.54
146.80	6725.74	0.00	2306.45
146.90	7674.65	0.00	2189.26
147.00	8588.56	0.00	2063.43
147.10	9461.04	0.00	1929.46
147.20	10285.86	0.00	1787.87
147.30	11056.99	0.00	1639.23
147.40	11768.73	0.00	1484.11
147.50	12415.73	0.00	1323.14
147.60	12993.07	0.00	1156.95
147.70	13496.31	0.00	986.19
147.80	13921.54	0.00	811.54
147.90	14265.44	0.00	633.69
148.00	14525.31	0.00	453.33
148.10	14699.10	0.00	271.19
148.20	14785.42	0.00	87.98
148.30	14791.69	0.00	-95.58
148.40	14762.51	0.00	-278.77
148.50	14704.50	0.00	-460.85
148.60	14617.19	0.00	-641.11
148.70	14499.87	0.00	-818.85
148.80	14351.66	0.00	-993.35
148.90	14171.47	0.00	-1163.93
149.00	13958.09	0.00	-1329.92
149.10	13710.19	0.00	-1490.66
149.20	13426.38	0.00	-1645.52
149.30	13105.23	0.00	-1793.88
149.40	12745.34	0.00	-1935.17
149.50	12345.36	0.00	-2068.81
149.60	11904.06	0.00	-2194.29
149.70	11420.39	0.00	-2311.12
149.80	10893.50	0.00	-2418.82
149.90	10322.79	0.00	-2516.97
150.00	9707.98	0.00	-2605.19
150.10	9049.13	0.00	-2683.13
150.20	8346.67	0.00	-2750.48
150.30	7601.47	0.00	-2806.98
150.40	6814.82	0.00	-2852.40
150.50	5988.47	0.00	-2886.56
150.60	5124.66	0.00	-2909.33
150.70	4226.10	0.00	-2920.62
150.80	3296.00	0.00	-2920.38
150.90	2338.04	0.00	-2908.61
151.00	1356.36	0.00	-2885.37
151.10	355.53	0.00	-2850.74
151.20	-659.46	0.00	-2804.86
151.30	-1683.23	0.00	-2747.91
151.40	-2710.09	0.00	-2680.11
151.50	-3734.06	0.00	-2601.74
151.60	-4748.93	0.00	-2513.10
151.70	-5748.32	0.00	-2414.54
151.80	-6725.74	0.00	-2306.45
151.90	-7674.65	0.00	-2189.26
152.00	-8588.56	0.00	-2063.43
152.10	-9461.04	0.00	-1929.46
152.20	-10285.86	0.00	-1787.87
152.30	-11056.99	0.00	-1639.23
152.40	-11768.73	0.00	-1484.11
152.50	-12415.73	0.00	-1323.14
152.60	-12993.07	0.00	-1156.95
152.70	-13496.31	0.00	-986.19
152.80	-13921.54	0.00	-811.54
152.90	-14265.44	0.00	-633.69
153.00	-14525.31	0.00	-453.33
153.10	-14699.10	0.00	-271.19
153.20	-14785.42	0.00	-87.98
153.30	-14791.69	0.00	95.58
153.40	-14762.51	0.00	278.77
153.50	-14704.50	0.00	460.85
153.60	-14617.19	0.00	641.11
153.70	-14499.87	0.00	818.85
153.80	-14351.66	0.00	993.35
153.90	-14171.47	0.00	1163.93
154.00	-13958.09	0.00	1329.92
154.10	-13710.19	0.00	1490.66
154.20	-13426.38	0.00	1645.52
154.30	-13105.23	0.00	1793.88
154.40	-12745.34	0.00	1935.17
154.50	-12345.36	0.00	2068.81
154.60	-11904.06	0.00	2194.29
154.70	-11420.39	0.00	2311.12
154.80	-10893.50	0.00	2418.82
154.90	-10322.79	0.00	2516.97
155.00	-9707.98	0.00	2605.19
155.10	-9049.13	0.00	2683.13
155.20	-8346.67	0.00	2750.48
155.30	-7601.47	0.00	2806.98
155.40	-6814.82	0.00	2852.40
155.50	-5988.47	0.00	2886.56
155.60	-5124.66	0.00	2909.33
155.70	-4226.10	0.00	2920.62
155.80	-3296.00	0.00	2920.38
155.90	-2338.04	0.00	2908.61
156.00	-1356.36	0.00	2885.37
156.10	-355.53	0.00	2850.74
156.20	659.46	0.00	2804.86
156.30	1683.23	0.00	2747.91
156.40	2710.09	0.00	2680.11
156.50	3734.06	0.00	2601.74
156.60	4748.93	0.00	2513.10
156.70	5748.32	0.00	2414.54
156.80	6725.74	0.00	2306.45
156.90	7674.65	0.00	2189.26
157.00	8588.56	0.00	2063.43
157.10	9461.04	0.00	1929.46
157.20	10285.86	0.00	1787.87
157.30	11056.99	0.00	1639.23
157.40	11768.73	0.00	1484.11
157.50	12415.73	0.00	1323.14
157.60	12993.07	0.00	1156.95
157.70	13496.31	0.00	986.19
157.80	13921.54	0.00	811.54
157.90	14265.44	0.00	633.69
158.00	14525.31	0.00	453.33
158.10	14699.10	0.00	271.19
158.20	14785.42	0.00	87.98
158.30	14791.69	0.00	-95.58
158.40	14762.51	0.00	-278.77
158.50	14704.50	0.00	-460.85
158.60	14617.19	0.00	-641.11
158.70	14499.87	0.00	-818.85
158.80	14351.66	0.00	-993.35
158.90	14171.47	0.00	-1163.93
159.00	13958.09	0.00	-1329.92
159.10	13710.19	0.00	-1490.66
159.20	13426.38	0.00	-1645.52
159.30	13105.23	0.00	-1793.88
159.40	12745.34	0.00	-1935.17
159.50	12345.36	0.00	-2068.81
159.60	11904.06	0.00	-2194.29
159.70	11420.39	0.00	-2311.12
159.80	10893.50	0.00	-2418.82
159.90	10322.79	0.00	-2516.97
160.00	9707.98	0.00	-2605.19
160.10	9049.13	0.00	-2683.13
160.20	8346.67	0.00	-2750.48
160.30	7601.47	0.00	-2806.98
160.40	6814.82	0.00	-2852.40
160.50	5988.47	0.00	-2886.56
160.60	5124.66	0.00	-2909.33
160.70	4226.10	0.00	-2920.62
160.80	3296.00	0.00	-2920.38
160.90	2338.04	0.00	-2908.61
161.00	1356.36	0.00	-2885.37
161.10	355.53	0.00	-2850.74
161.20	-659.46	0.00	-2804.86
161.30	-1683.23	0.00	-2747.91
161.40	-2710.09	0.00	-2680.11
161.50	-3734.06	0.00	-2601.74
161.60	-4748.93	0.00	-2513.10
161.70	-5748.32	0.00	-2414.54
161.80	-6725.74	0.00	-2306.45
161.90	-7674.65	0.00	-2189.26
162.00	-8588.56	0.00	-2063.43
162.10	-9461.04	0.00	-1929.46
162.20	-10285.86	0.00	-1787.87
162.30	-11056.99	0.00	-1639.23
162.40	-11768.73	0.00	-1484.11
162.50	-12415.73	0.00	-1323.14
162.60	-12993.07	0.00	-1156.95
162.70	-13496.31	0.00	-986.19
162.80	-13921.54	0.00	-811.54
162.90	-14265.44	0.00	-633.69
163.00	-14525.31	0.00	-453.33
163.10	-14699.10	0.00	-271.19
163.20	-14785.42	0.00	-87.98
163.30	-14791.69	0.00	95.58
163.40	-14762.51	0.00	278.77
163.50	-14704.50	0.00	460.85
163.60	-14617.19	0.00	641.11
163.70	-14499.87	0.00	818.85
163.80	-14351.66	0.00	993.35
163.90	-14171.47	0.00	1163.93
164.00	-13958.09	0.00	1329.92
164.10	-13710.19	0.00	1490.66
164.20	-13426.38	0.00	1645.52
164.30	-13105.23	0.00	1793.88
164.40	-12745.34	0.00	1935.17
164.50	-12345.36	0.00	2068.81
164.60	-11904.06	0.00	2194.29
164.70	-11420.39	0.00	2311.12
164.80	-10893.50	0.00	2418.82
164.90	-10322.79	0.00	2516.97
165.00	-9707.98	0.00	2605.19
165.10	-9049.13	0.00	2683.13
165.20	-8346.67	0.00	2750.48
165.30	-7601.47	0.00	2806.98
165.40	-6814.82	0.00	2852.40
165.50	-5988.47	0.00	2886.56
165.60	-5124.66	0.00	2909.33
165.70	-4226.10	0.00	2920.62
165.80	-3296.00	0.00	2920.38
165.90	-2338.04	0.00	2908.61
166.00	-1356.36	0.00	2885.37
166.10	-355.53	0.00	2850.74
166.20	659.46	0.00	2804.86
166.30	1683.23	0.00	2747.91
166.40	2710.09	0.00	2680.11
166.50	3734.06	0.00	2601.74
166.60	4748.93	0.00	2513.10
166.70	5748.32	0.00	2414.54
166.80	6725.74	0.00	2306.45
166.90	7674.65	0.00	2189.26
167.00	8588.56	0.00	2063.43
167.10	9461.04	0.00	1929.46
167.20	10285.86	0.00	1787.87
167.30	11056.99	0.00	1639.23
167.40	11768.73	0.00	1484.11
167.50	12415.73	0.00	1323.14
167.60	12993.07	0.00	1156.95
167.70	13496.31	0.00	986.19
167.80	13921.54	0.00	811.54
167.90	14265.44	0.00	633.69
168.00	14525.31	0.00	453.33
168.10	14699.10	0.00	271.19
168.20	14785.42	0.00	87.98
168.30	14791.69	0.00	-95.58
168.40	14762.51	0.00	-278.77
168.50	14704.50	0.00	-460.85
168.60	14617.19	0.00	-641.11
168.70	14499.87	0.00	-818.85
168.80	14351.66	0.00	-993.35
168.90	14171.47	0.00	-1163.93
169.00	13958.09	0.00	-1329.92
169.10	13710.19	0.00	-1490.66
169.20	13426.38	0.00	-1645.52
169.30	13105.23	0.00	-1793.88
169.40	12745.34	0.00	-1935.17
169.50	12345.36	0.00	-2068.81
169.60	11904.06	0.00	-2194.29
169.70	11420.39	0.00	-2311.12
169.80	10893.50	0.00	-2418.82
169.90	10322.79	0.00	-2516.97
170.00	9707.98	0.00	-2605.19
170.10	9049.13	0.00	-2683.13
170.20	8346.67	0.00	-2750.48
170.30	7601.47	0.00	-2806.98
170.40	6814.82	0.00	-2852.40
170.50	5988.47	0.00	-2886.56
170.60	5124.66	0.00	-2909.33
170.70	4226.10	0.00	-2920.62
170.80	3296.00	0.00	-2920.38
170.90	2338.04	0.00	-2908.61
171.00	1356.36	0.00	-2885.37
171.10	355.53	0.00	-2850.74
171.20	-659.46	0.00	-2804.86
171.30	-1683.23	0.00	-2747.91
171.40	-2710.09	0.00	-2680.11
171.50	-3734.06	0.00	-2601.74
171.60	-4748.93	0.00	-2513.10
171.70	-5748.32	0.00	-2414.54
171.80	-6725.74	0.00	-2306.45
171.90	-7674.65	0.00	-2189.26
172.00	-8588.56	0.00	-2063.43
172.10	-9461.04	0.00	-1929.46
172.20	-10285.86	0.00	-1787.87
172.30	-11056.99	0.00	-1639.23
172.40	-11768.73	0.00	-1484.11
172.50	-12415.73	0.00	-1323.14
172.60	-12993.07	0.00	-1156.95
172.70	-13496.31	0.00	-986.19
172.80	-13921.54	0.00	-811.54
172.90	-14265.44	0.00	-633.69
173.00	-14525.31	0.00	-453.33
173.10	-14699.10	0.00	-271.19
173.20	-14785.42	0.00	-87.98
173.30	-14791.69	0.00	95.58
173.40	-14762.51	0.00	278.77
173.50	-14704.50	0.00	460.85
173.60	-14617.19	0.00	641.11
173.70	-14499.87	0.00	818.85
173.80	-14351.66	0.00	993.35
173.90	-14171.47	0.00	1163.93
174.00	-13958.09	0.00	1329.92
174.10	-13710.19	0.00	1490.66
174.20	-13426.38	0.00	1645.52
174.30	-13105.23	0.00	1793.88
174.40	-12745.34	0.00	1935.17
174.50	-12345.36	0.00	2068.81
174.60	-11904.06	0.00	2194.29
174.70	-11420.39	0.00	2311.12
174.80	-10893.50	0.00	2418.82
174.90	-10322.79	0.00	2516.97
175.00	-9707.98	0.00	2605.19
175.10	-9049.13	0.00	2683.13
175.20	-8346.67	0.00	2750.48
175.30	-7601.47	0.00	2806.98
175.40	-6814.82	0.00	2852.40
175.50	-5988.47	0.00	2886.56
175.60	-5124.66	0.00	2909.33
175.70	-4226.10	0.00	2920.62
175.80	-3296.00	0.00	2920.38
175.90	-2338.04	0.00	2908.61
176.00	-1356.36	0.00	2885.37
176.10	-355.53	0.00	2850.74
176.20	659.46	0.00	2804.86
176.30	1683.23	0.00	2747.91
176.40	2710.09	0.00	2680.11
176.50	3734.06	0.00	2601.74
176.60	4748.93	0.00	2513.10
176.70	5748.32	0.00	2414.54
176.80	6725.74	0.00	2306.45
176.90	7674.65	0.00	2189.26
177.00	8588.56	0.00	2063.43
177.10	9461.04	0.00	1929.46
177.20	10285.86	0.00	1787.87
177.30	11056.99	0.00	1639.23
177.40	11768.73	0.00	1484.11
177.50	12415.73	0.00	1323.14
177.60	12993.07	0.00	1156.95
177.70	13496.31	0.00	986.19
177.80	13921.54	0.00	811.54
177.90	14265.44	0.00	633.69
178.00	14525.31	0.00	453.33
178.10	14699.10	0.00	271.19
178.20	14785.42	0.00	87.98
178.30	14791.69	0.00	-95.58
178.40	14762.51	0.00	-278.77
178.50	14704.50	0.00	-460.85
178.60	14617.19	0.00	-641.11
178.70	14499.87	0.00	-818.85
178.80	14351.66	0.00	-993.35
178.90	14171.47	0.00	-1163.93
179.00	13958.09	0.00	-1329.92
179.10	13710.19	0.00	-1490.66
179.20	13426.38	0.00	-1645.52
179.30	13105.23	0.00	-1793.88
179.40	12745.34	0.00	-1935.17
179.50	12345.36	0.00	-2068.81
179.60	11904.06	0.00	-2194.29
179.70	11420.39	0.00	-2311.12
179.80	10893.50	0.00	-2418.82
179.90	10322.79	0.00	-2516.97
180.00	9707.98	0.00	-2605.19
180.10	9049.13	0.00	-2683.13
180.20	8346.67	0.00	-2750.48
180.30	7601.47	0.00	-2806.98
180.40	6814.82	0.00	-2852.40
180.50	5988.47	0.00	-2886.56
180.60	5124.66	0.00	-2909.33
180.70	4226.10	0.00	-2920.62
180.80	3296.00	0.00	-2920.38
180.90	2338.04	0.00	-2908.61
181.00	1356.36	0.00	-2885.37
181.10	355.53	0.00	-2850.74
181.20	-659.46	0.00	-2804.86
181.30	-1683.23	0.00	-2747.91
181.40	-2710.09	0.00	-2680.11
181.50	-3734.06	0.00	-2601.74
181.60	-4748.93	0.00	-2513.10
181.70	-5748.32	0.00	-2414.54
181.80	-6725.74	0.00	-2306.45
181.90	-7674.65	0.00	-2189.26
182.00	-8588.56	0.00	-2063.43
182.10	-9461.04	0.00	-1929.46
182.20	-10285.86	0.00	-1787.87
182.30	-11056.99	0.00	-1639.23
182.40	-11768.73	0.00	-1484.11
182.50	-12415.73	0.00	-1323.14
182.60	-12993.07	0.00	-1156.95
182.70	-13496.31	0.00	-986.19
182.80	-13921.54	0.00	-811.54
182.90	-14265.44	0.00	-633.69
183.00	-14525.31	0.00	-453.33
183.10	-14699.10	0.00	-271.19
183.20	-14785.42	0.00	-87.98
183.30	-14791.69	0.00	95.58
183.40	-14762.51	0.00	278.77
183.50	-14704.50	0.00	460.85
183.60	-14617.19	0.00	641.11
183.70	-14499.87	0.00	818.85
183.80	-14351.66	0.00	993.35
183.90	-14171.47	0.00	1163.93
184.00	-13958.09	0.00	1329.92
184.10	-13710.19	0.00	1490.66
184.20	-13426.38	0.00	1645.52
184.30	-13105.23	0.00	1793.88
184.40	-12745.34	0.00	1935.17
184.50	-12345.36	0.00	2068.81
184.60	-11904.06	0.00	2194.29
184.70	-11420.39	0.00	2311.12
184.80	-10893.50	0.00	2418.82
184.90	-10322.79	0.00	2516.97
185.00	-9707.98	0.00	2605.19
185.10	-9049.13	0.00	2683.13
185.20	-8346.67	0.00	2750.48
185.30	-7601.47	0.00	2806.98
185.40	-6814.82	0.00	2852.40
185.50	-5988.47	0.00	2886.56
185.60	-5124.66	0.00	2909.33
185.70	-4226.10	0.00	2920.62
185.80	-3296.00	0.00	2920.38
185.90	-2338.04	0.00	2908.61
186.00	-1356.36	0.00	2885.37
186.10	-355.53	0.00	2850.74
186.20	659.46	0.00	2804.86
186.30	1683.23	0.00	2747.91
186.40	2710.09	0.00	2680.11
186.50	3734.06	0.00	2601.74
186.60	4748.93	0.00	2513.10
186.70	5748.32	0.00	2414.54
186.80	6725.74	0.00	2306.45
186.90	7674.65	0.00	2189.26
187.00	8588.56	0.00	2063.43
187.10	9461.04	0.00	1929.46
187.20	10285.86	0.00	1787.87
187.30	11056.99	0.00	1639.23
187.40	11768.73	0.00	1484.11
187.50	12415.73	0.00	1323.14
187.60	12993.07	0.00	1156.95
187.70	13496.31	0.00	986.19
187.80	13921.54	0.00	811.54
187.90	14265.44	0.00	633.69
188.00	14525.31	0.00	453.33
188.10	14699.10	0.00	271.19
188.20	14785.42	0.00	87.98
188.30	14791.69	0.00	-95.58
188.40	14762.51	0.00	-278.77
188.50	14704.50	0.00	-460.85
188.60	14617.19	0.00	-641.11
188.70	14499.87	0.00	-818.85
188.80	14351.66	0.00	-993.35
188.90	14171.47	0.00	-1163.93
189.00	13958.09	0.00	-1329.92
189.10	13710.19	0.00	-1490.66
189.20	13426.38	0.00	-1645.52
189.30	13105.23	0.00	-1793.88
189.40	12745.34	0.00	-1935.17
189.50	12345.36	0.00	-2068.81
189.60	11904.06	0.00	-2194.29
189.70	11420.39	0.00	-2311.12
189.80	10893.50	0.00	-2418.82
189.90	10322.79	0.00	-2516.97
190.00	9707.98	0.00	-2605.19
190.10	9049.13	0.00	-2683.13
190.20	8346.67	0.00	-2750.48
190.30	7601.47	0.00	-2806.98
190.40	6814.82	0.00	-2852.40
190.50	5988.47	0.00	-2886.56
190.60	5124.66	0.00	-2909.33
190.70	4226.10	0.00	-2920.62
190.80	3296.00	0.00	-2920.38
190.90	2338.04	0.00	-2908.61
191.00	1356.36	0.00	-2885.37
191.10	355.53	0.00	-2850.74
191.20	-659.46	0.00	-2804.86
191.30	-1683.23	0.00	-2747.91
191.40	-2710.09	0.00	-2680.11
191.50	-3734.06	0.00	-2601.74
191.60	-4748.93	0.00	-2513.10
191.70	-5748.32	0.00	-2414.54
191.80	-6725.74	0.00	-2306.45
191.90	-7674.65	0.00	-2189.26
192.00	-8588.56	0.00	-2063.43
192.10	-9461.04	0.00	-1929.46
192.20	-10285.86	0.00	-1787.87
192.30	-11056.99	0.00	-1639.23
192.40	-11768.73	0.00	-1484.11
192.50	-12415.73	0.00	-1323.14
192.60	-12993.07	0.00	-1156.95
192.70	-13496.31	0.00	-986.19
192.80	-13921.54	0.00	-811.54
192.90	-14265.44	0.00	-633.69
193.00	-14525.31	0.00	-453.33
193.10	-14699.10	0.00	-271.19
193.20	-14785.42	0.00	-87.98
193.30	-14791.69	0.00	95.58
193.40	-14762.51	0.00	278.77
193.50	-14704.50	0.00	460.85
193.60	-14617.19	0.00	641.11
193.70	-14499.87	0.00	818.85
193.80	-14351.66	0.00	993.35
193.90	-14171.47	0.00	1163.93
194.00	-13958.09	0.00	1329.92
194.10	-13710.19	0.00	1490.66
194.20	-13426.38	0.00	1645.52
194.30	-13105.23	0.00	1793.88
194.40	-12745.34	0.00	1935.17
194.50	-12345.36	0.00	2068.81
194.60	-11904.06	0.00	2194.29
194.70	-11420.39	0.00	2311.12
194.80	-10893.50	0.00	2418.82
194.90	-10322.79	0.00	2516.97
195.00	-9707.98	0.00	2605.19
195.10	-9049.13	0.00	2683.13
195.20	-8346.67	0.00	2750.48
195.30	-7601.47	0.00	2806.98
195.40	-6814.82	0.00	2852.40
195.50	-5988.47	0.00	2886.56
195.60	-5124.66	0.00	2909.33
195.70	-4226.10	0.00	2920.62
195.80	-3296.00	0.00	2920.38
195.90	-2338.04	0.00	2908.61
196.00	-1356.36	0.00	2885.37
196.10	-355.53	0.00	2850.74
196.20	659.46	0.00	2804.86
196.30	1683.23	0.00	2747.91
196.40	2710.09	0.00	2680.11
196.50	3734.06	0.00	2601.74
196.60	4748.93	0.00	2513.10
196.70	5748.32	0.00	2414.54
196.80	6725.74	0.00	2306.45
196.90	7674.65	0.00	2189.26
197.00	8588.56	0.00	2063.43
197.10	9461.04	0.00	1929.46
197.20	10285.86	0.00	1787.87
197.30	11056.99	0.00	1639.23
197.40	11768.73	0.00	1484.11
197.50	12415.73	0.00	1323.14
197.60	12993.07	0.00	1156.95
197.70	13496.31	0.00	986.19
197.80	13921.54	0.00	811.54
197.90	14265.44	0.00	633.69
198.00	14525.31	0.00	453.33
198.10	14699.10	0.00	271.19
198.20	14785.42	0.00	87.98
198.30	14791.69	0.00	-95.58
198.40	14762.51	0.00	-278.77
198.50	14704.50	0.00	-460.85
198.60	14617.19	0.00	-641.11
198.70	14499.87	0.00	-818.85
198.80	14351.66	0.00	-993.35
198.90	14171.47	0.00	-1163.93
199.00	13958.09	0.00	-1329.92
199.10	13710.19	0.00	-1490.66
199.20	13426.38	0.00	-1645.52
199.30	13105.23	0.00	-1793.88
199.40	12745.34	0.00	-1935.17
199.50	12345.36	0.00	-2068.81
199.60	11904.06	0.00	-2194.29
199.70	11420.39	0.00	-2311.12
199.80	10893.50	0.00	-2418.82
199.90	10322.79	0.00	-2516.97
200.00	9707.98	0.00	-2605.19
200.10	9049.13	0.00	-2683.13
200.20	8346.67	0.00	-2750.48
200.30	7601.47	0.00	-2806.98
200.40	6814.82	0.00	-2852.40
200.50	5988.47	0.00	-2886.56
200.60	5124.66	0.00	-2909.33
200.70	4226.10	0.00	-2920.62
200.80	3296.00	0.00	-2920.38
200.90	2338.04	0.00	-2908.61
201.00	1356.36	0.00	-2885.37
201.10	355.53	0.00	-2850.74
201.20	-659.46	0.00	-2804.86
201.30	-1683.23	0.00	-2747.91
201.40	-2710.09	0.00	-2680.11
201.50	-3734.06	0.00	-2601.74
201.60	-4748.93	0.00	-2513.10
201.70	-5748.32	0.00	-2414.54
201.80	-6725.74	0.00	-2306.45
201.90	-7674.65	0.00	-2189.26
202.00	-8588.56	0.00	-2063.43
202.10	-9461.04	0.00	-1929.46
202.20	-10285.86	0.00	-1787.87
202.30	-11056.99	0.00	-1639.23
202.40	-11768.73	0.00	-1484.11
202.50	-12415.73	0.00	-1323.14
202.60	-12993.07	0.00	-1156.95
202.70	-13496.31	0.00	-986.19
202.80	-13921.54	0.00	-811.54
202.90	-14265.44	0.00	-633.69
203.00	-14525.31	0.00	-453.33
203.10	-14699.10	0.00	-271.19
203.20	-14785.42	0.00	-87.98
203.30	-14791.69	0.00	95.58
203.40	-14762.51	0.00	278.77
203.50	-14704.50	0.00	460.85
203.60	-14617.19	0.00	641.11
203.70	-14499.87	0.00	818.85
203.80	-14351.66	0.00	993.35
203.90	-14171.47	0.00	1163.93
204.00	-13958.09	0.00	1329.92
204.10	-13710.19	0.00	1490.66
204.20	-13426.38	0.00	1645.52
204.30	-13105.23	0.00	1793.88
204.40	-12745.34	0.00	1935.17
204.50	-12345.36	0.00	2068.81
204.60	-11904.06	0.00	2194.29
204.70	-11420.39	0.00	2311.12
204.80	-10893.50	0.00	2418.82
204.90	-10322.79	0.00	2516.97
205.00	-9707.98	0.00	2605.19
205.10	-9049.13	0.00	2683.13
205.20	-8346.67	0.00	2750.48
205.30	-7601.47	0.00	2806.98
205.40	-6814.82	0.00	2852.40
205.50	-5988.47	0.00	2886.56
205.60	-5124.66	0.00	2909.33
205.70	-4226.10	0.00	2920.62
205.80	-3296.00	0.00	2920.38
205.90	-2338.04	0.00	2908.61
206.00	-1356.36	0.00	2885.37
206.10	-355.53	0.00	2850.74
206.20	659.46	0.00	2804.86
206.30	1683.23	0.00	2747.91
206.40	2710.09	0.00	2680.11
206.50	3734.06	0.00	2601.74
206.60	4748.93	0.00	2513.10
206.70	5748.32	0.00	2414.54
206.80	6725.74	0.00	2306.45
206.90	7674.65	0.00	2189.26
207.00	8588.56	0.00	2063.43
207.10	9461.04	0.00	1929.46
207.20	10285.86	0.00	1787.87
207.30	11056.99	0.00	1639.23
207.40	11768.73	0.00	1484.11
207.50	12415.73	0.00	1323.14
207.60	12993.07	0.00	1156.95
207.70	13496.31	0.00	986.19
207.80	13921.54	0.00	811.54
207.90	14265.44	0.00	633.69
208.00	14525.31	0.00	453.33
208.10	14699.10	0.00	271.19
208.20	14785.42	0.00	87.98
208.30	14791.69	0.00	-95.58
208.40	14762.51	0.00	-278.77
208.50	14704.50	0.00	-460.85
208.60	14617.19	0.00	-641.11
208.70	14499.87	0.00	-818.85
208.80	14351.66	0.00	-993.35
208.90	14171.47	0.00	-1163.93
209.00	13958.09	0.00	-1329.92
209.10	13710.19	0.00	-1490.66
209.20	13426.38	0.00	-1645.52
209.30	13105.23	0.00	-1793.88
209.40	12745.34	0.00	-1935.17
209.50	12345.36	0.00	-2068.81
209.60	11904.06	0.00	-2194.29
209.70	11420.39	0.00	-2311.12
209.80	10893.50	0.00	-2418.82
209.90	10322.79	0.00	-2516.97
210.00	9707.98	0.00	-2605.19
210.10	9049.13	0.00	-2683.13
210.20	8346.67	0.00	-2750.48
210.30	7601.47	0.00	-2806.98
210.40	6814.82	0.00	-2852.40
210.50	5988.47	0.00	-2886.56
210.60	5124.66	0.00	-2909.33
210.70	4226.10	0.00	-2920.62
210.80	3296.00	0.00	-2920.38
210.90	2338.04	0.00	-2908.61
211.00	1356.36	0.00	-2885.37
211.10	355.53	0.00	-2850.74
211.20	-659.46	0.00	-2804.86
211.30	-1683.23	0.00	-2747.91
211.40	-2710.09	0.00	-2680.11
211.50	-3734.06	0.00	-2601.74
211.60	-4748.93	0.00	-2513.10
211.70	-5748.32	0.00	-2414.54
211.80	-6725.74	0.00	-2306.45
211.90	-7674.65	0.00	-2189.26
212.00	-8588.56	0.00	-2063.43
212.10	-9461.04	0.00	-1929.46
212.20	-10285.86	0.00	-1787.87
212.30	-11056.99	0.00	-1639.23
212.40	-11768.73	0.00	-1484.11
212.50	-12415.73	0.00	-1323.14
212.60	-12993.07	0.00	-1156.95
212.70	-13496.31	0.00	-986.19
212.80	-13921.54	0.00	-811.54
212.90	-14265.44	0.00	-633.69
213.00	-14525.31	0.00	-453.33
213.10	-14699.10	0.00	-271.19
213.20	-14785.42	0.00	-87.98
213.30	-14791.69	0.00	95.58
213.40	-14762.51	0.00	278.77
213.50	-14704.50	0.00	460.85
213.60	-14617.19	0.00	641.11
213.70	-14499.87	0.00	818.85
213.80	-14351.66	0.00	993.35
213.90	-14171.47	0.00	1163.93
214.00	-13958.09	0.00	1329.92
214.10	-13710.19	0.00	1490.66
214.20	-13426.38	0.00	1645.52
214.30	-13105.23	0.00	1793.88
214.40	-12745.34	0.00	1935.17
214.50	-12345.36	0.00	2068.81
214.60	-11904.06	0.00	2194.29
214.70	-11420.39	0.00	2311.12
214.80	-10893.50	0.00	2418.82
214.90	-10322.79	0.00	2516.97
215.00	-9707.98	0.00	2605.19
215.10	-9049.13	0.00	2683.13
215.20	-8346.67	0.00	2750.48
215.30	-7601.47	0.00	2806.98
215.40	-6814.82	0.00	2852.40
215.50	-5988.47	0.00	2886.56
215.60	-5124.66	0.00	2909.33
215.70	-4226.10	0.00	2920.62
215.80	-3296.00	0.00	2920.38
215.90	-2338.04	0.00	2908.61
216.00	-1356.36	0.00	2885.37
216.10	-355.53	0.00	2850.74
216.20	659.46	0.00	2804.86
216.30	1683.23	0.00	2747.91
216.40	2710.09	0.00	2680.11
216.50	3734.06	0.00	2601.74
216.60	4748.93	0.00	2513.10
216.70	5748.32	0.00	2414.54
216.80	6725.74	0.00	2306.45
216.90	7674.65	0.00	2189.26
217.00	8588.56	0.00	2063.43
217.10	9461.04	0.00	1929.46
217.20	10285.86	0.00	1787.87
217.30	11056.99	0.00	1639.23
217.40	11768.73	0.00	1484.11
217.50	12415.73	0.00	1323.14
217.60	12993.07	0.00	1156.95
217.70	13496.31	0.00	986.19
217.80	13921.54	0.00	811.54
217.90	14265.44	0.00	633.69
218.00	14525.31	0.00	453.33
218.10	14699.10	0.00	271.19
218.20	14785.42	0.00	87.98
218.30	14791.69	0.00	-95.58
218.40	14762.51	0.00	-278.77
218.50	14704.50	0.00	-460.85
218.60	14617.19	0.00	-641.11
218.70	14499.87	0.00	-818.85
218.80	14351.66	0.00	-993.35
218.90	14171.47	0.00	-1163.93
219.00	13958.09	0.00	-1329.92
219.10	13710.19	0.00	-1490.66
219.20	13426.38	0.00	-1645.52
219.30	13105.23	0.00	-1793.88
219.40	12745.34	0.00	-1935.17
219.50	12345.36	0.00	-2068.81
219.60	11904.06	0.00	-2194.29
219.70	11420.39	0.00	-2311.12
219.80	10893.50	0.00	-2418.82
219.90	10322.79	0.00	-2516.97
220.00	9707.98	0.00	-2605.19
220.10	9049.13	0.00	-2683.13
220.20	8346.67	0.00	-2750.48
220.30	7601.47	0.00	-2806.98
220.40	6814.82	0.00	-2852.40
220.50	5988.47	0.00	-2886.56
220.60	5124.66	0.00	-2909.33
220.70	4226.10	0.00	-2920.62
220.80	3296.00	0.00	-2920.38
220.90	2338.04	0.00	-2908.61
221.00	1356.36	0.00	-2885.37
221.10	355.53	0.00	-2850.74
221.20	-659.46	0.00	-2804.86
221.30	-1683.23	0.00	-2747.91
221.40	-2710.09	0.00	-2680.11
221.50	-3734.06	0.00	-2601.74
221.60	-4748.93	0.00	-2513.10
221.70	-5748.32	0.00	-2414.54
221.80	-6725.74	0.00	-2306.45
221.90	-7674.65	0.00	-2189.26
222.00	-8588.56	0.00	-2063.43
222.10	-9461.04	0.00	-1929.46
222.20	-10285.86	0.00	-1787.87
222.30	-11056.99	0.00	-1639.23
222.40	-11768.73	0.00	-1484.11
222.50	-12415.73	0.00	-1323.14
222.60	-12993.07	0.00	-1156.95
222.70	-13496.31	0.00	-986.19
222.80	-13921.54	0.00	-811.54
222.90	-14265.44	0.00	-633.69
223.00	-14525.31	0.00	-453.33
223.10	-14699.10	0.00	-271.19
223.20	-14785.42	0.00	-87.98
223.30	-14791.69	0.00	95.58
223.40	-14762.51	0.00	278.77
223.50	-14704.50	0.00	460.85
223.60	-14617.19	0.00	641.11
223.70	-14499.87	0.00	818.85
223.80	-14351.66	0.00	993.35
223.90	-14171.47	0.00	1163.93
224.00	-13958.09	0.00	1329.92
224.10	-13710.19	0.00	1490.66
224.20	-13426.38	0.00	1645.52
224.30	-13105.23	0.00	1793.88
224.40	-12745.34	0.00	1935.17
224.50	-12345.36	0.00	2068.81
224.60	-11904.06	0.00	2194.29
224.70	-11420.39	0.00	2311.12
224.80	-10893.50	0.00	2418.82
224.90	-10322.79	0.00	2516.97
225.00	-9707.98	0.00	2605.19
225.10	-9049.13	0.00	2683.13
225.20	-8346.67	0.00	2750.48
225.30	-7601.47	0.00	2806.98
225.40	-6814.82	0.00	2852.40
225.50	-5988.47	0.00	2886.56
225.60	-5124.66	0.00	2909.33
225.70	-4226.10	0.00	2920.62
225.80	-3296.00	0.00	2920.38
225.90	-2338.04	0.00	2908.61
226.00	-1356.36	0.00	2885.37
226.10	-355.53	0.00	2850.74
226.20	659.46	0.00	2804.86
226.30	1683.23	0.00	2747.91
226.40	2710.09	0.00	2680.11
226.50	3734.06	0.00	2601.74
226.60	4748.93	0.00	2513.10
226.70	5748.32	0.00	2414.54
226.80	6725.74	0.00	2306.45
226.90	7674.65	0.00	2189.26
227.00	8588.56	0.00	2063.43
227.10	9461.04	0.00	1929.46
227.20	10285.86	0.00	1787.87
227.30	11056.99	0.00	1639.23
227.40	11768.73	0.00	1484.11
227.50	12415.73	0.00	1323.14
227.60	12993.07	0.00	1156.95
227.70	13496.31	0.00	986.19
227.80	13921.54	0.00	811.54
227.90	14265.44	0.00	633.69
228.00	14525.31	0.00	453.33
228.10	14699.10	0.00	271.19
228.20	14785.42	0.00	87.98
228.30	14791.69	0.00	-95.58
228.40	14762.51	0.00	-278.77
228.50	14704.50	0.00	-460.85
228.60	14617.19	0.00	-641.11
228.70	14499.87	0.00	-818.85
228.80	14351.66	0.00	-993.35
228.90	14171.47	0.00	-1163.93
229.00	13958.09	0.00	-1329.92
229.10	13710.19	0.00	-1490.66
229.20	13426.38	0.00	-1645.52
229.30	13105.23	0.00	-1793.88
229.40	12745.34	0.00	-1935.17
229.50	12345.36	0.00	-2068.81
229.60	11904.06	0.00	-2194.29
229.70	11420.39	0.00	-2311.12
229.80	10893.50	0.00	-2418.82
229.90	10322.79	0.00	-2516.97
230.00	9707.98	0.00	-2605.19
230.10	9049.13	0.00	-2683.13
230.20	8346.67	0.00	-2750.48
230.30	7601.47	0.00	-2806.98
230.40	6814.82	0.00	-2852.40
230.50	5988.47	0.00	-2886.56
230.60	5124.66	0.00	-2909.33
230.70	4226.10	0.00	-2920.62
230.80	3296.00	0.00	-2920.38
230.90	2338.04	0.00	-2908.61
231.00	1356.36	0.00	-2885.37
231.10	355.53	0.00	-2850.74
231.20	-659.46	0.00	-2804.86
231.30	-1683.23	0.00	-2747.91
231.40	-2710.09	0.00	-2680.11
231.50	-3734.06	0.00	-2601.74
231.60	-4748.93	0.00	-2513.10
231.70	-5748.32	0.00	-2414.54
231.80	-6725.74	0.00	-2306.45
231.90	-7674.65	0.00	-2189.26
232.00	-8588.56	0.00	-2063.43
232.10	-9461.04	0.00	-1929.46
232.20	-10285.86	0.00	-1787.87
232.30	-11056.99	0.00	-1639.23
232.40	-11768.73	0.00	-1484.11
232.50	-12415.73	0.00	-1323.14
232.60	-12993.07	0.00	-1156.95
232.70	-13496.31	0.00	-986.19
232.80	-13921.54	0.00	-811.54
232.90	-14265.44	0.00	-633.69
233.00	-14525.31	0.00	-453.33
233.10	-14699.10	0.00	-271.19
233.20	-14785.42	0.00	-87.98
233.30	-14791.69	0.00	95.58
233.40	-14762.51	0.00	278.77
233.50	-14704.50	0.00	460.85
233.60	-14617.19	0.00	641.11
233.70	-14499.87	0.00	818.85
233.80	-14351.66	0.00	993.35
233.90	-14171.47	0.00	1163.93
234.00	-13958.09	0.00	1329.92
234.10	-13710.19	0.00	1490.66
234.20	-13426.38	0.00	1645.52
234.30	-13105.23	0.00	1793.88
234.40	-12745.34	0.00	1935.17
234.50	-12345.36	0.00	2068.81
234.60	-11904.06	0.00	2194.29
234.70	-11420.39	0.00	2311.12
234.80	-10893.50	0.00	2418.82
234.90	-10322.79	0.00	2516.97
235.00	-9707.98	0.00	2605.19
235.10	-9049.13	0.00	2683.13
235.20	-8346.67	0.00	2750.48
235.30	-7601.47	0.00	2806.98
235.40	-6814.82	0.00	2852.40
235.50	-5988.47	0.00	2886.56
235.60	-5124.66	0.00	2909.33
235.70	-4226.10	0.00	2920.62
235.80	-3296.00	0.00	2920.38
235.90	-2338.04	0.00	2908.61
236.00	-1356.36	0.00	2885.37
236.10	-355.53	0.00	2850.74
236.20	659.46	0.00	2804.86
236.30	1683.23	0.00	2747.91
236.40	2710.09	0.00	2680.11
236.50	3734.06	0.00	2601.74
236.60	4748.93	0.00	2513.10
236.70	5748.32	0.00	2414.54
236.80	6725.74	0.00	2306.45
236.90	7674.65	0.00	2189.26
237.00	8588.56	0.00	2063.43
237.10	9461.04	0.00	1929.46
237.20	10285.86	0.00	1787.87
237.30	11056.99	0.00	1639.23
237.40	11768.73	0.00	1484.11
237.50	12415.73	0.00	1323.14
237.60	12993.07	0.00	1156.95
237.70	13496.31	0.00	986.19
237.80	13921.54	0.00	811.54
237.90	14265.44	0.00	633.69
238.00	14525.31	0.00	453.33
238.10	14699.10	0.00	271.19
238.20	14785.42	0.00	87.98
238.30	14791.69	0.00	-95.58
238.40	14762.51	0.00	-278.77
238.50	14704.50	0.00	-460.85
238.60	14617.19	0.00	-641.11
238.70	14499.87	0.00	-818.85
238.80	14351.66	0.00	-993.35
238.90	14171.47	0.00	-1163.93
239.00	13958.09	0.00	-1329.92
239.10	13710.19	0.00	-1490.66
239.20	13426.38	0.00	-1645.52
239.30	13105.23	0.00	-1793.88
239.40	12745.34	0.00	-1935.17
239.50	12345.36	0.00	-2068.81
239.60	11904.06	0.00	-2194.29
239.70	11420.39	0.00	-2311.12
239.80	10893.50	0.00	-2418.82
239.90	10322.79	0.00	-2516.97
240.00	9707.98	0.00	-2605.19
240.10	9049.13	0.00	-2683.13
240.20	8346.67	0.00	-2750.48
240.30	7601.47	0.00	-2806.98
240.40	6814.82	0.00	-2852.40
240.50	5988.47	0.00	-2886.56
240.60	5124.66	0.00	-2909.33
240.70	4226.10	0.00	-2920.62
240.80	3296.00	0.00	-2920.38
240.90	2338.04	0.00	-2908.61
241.00	1356.36	0.00	-2885.37
241.10	355.53	0.00	-2850.74
241.20	-659.46	0.00	-2804.86
241.30	-1683.23	0.00	-2747.91
241.40	-2710.09	0.00	-2680.11
241.50	-3734.06	0.00	-2601.74
241.60	-4748.93	0.00	-2513.10
241.70	-5748.32	0.00	-2414.54
241.80	-6725.74	0.00	-2306.45
241.90	-7674.65	0.00	-2189.26
242.00	-8588.56	0.00	-2063.43
242.10	-9461.04	0.00	-1929.46
242.20	-10285.86	0.00	-1787.87
242.30	-11056.99	0.00	-1639.23
242.40	-11768.73	0.00	-1484.11
242.50	-12415.73	0.00	-1323.14
242.60	-12993.07	0.00	-1156.95
242.70	-13496.31	0.00	-986.19
242.80	-13921.54	0.00	-811.54
242.90	-14265.44	0.00	-633.69
243.00	-14525.31	0.00	-453.33
243.10	-14699.10	0.00	-271.19
243.20	-14785.42	0.00	-87.98
243.30	-14791.69	0.00	95.58
243.40	-14762.51	0.00	278.77
243.50	-14704.50	0.00	460.85
243.60	-14617.19	0.00	641.11
243.70	-14499.87	0.00	818.85
243.80	-14351.66	0.00	993.35
243.90	-14171.47	0.00	1163.93
244.00	-13958.09	0.00	1329.92
244.10	-13710.19	0.00	1490.66
244.20	-13426.38	0.00	1645.52
244.30	-13105.23	0.00	1793.88
244.40	-12745.34	0.00	1935.17
244.50	-12345.36	0.00	2068.81
244.60	-11904.06	0.00	2194.29
244.70	-11420.39	0.00	2311.12
244.80	-10893.50	0.00	2418.82
244.90	-10322.79	0.00	2516.97
245.00	-9707.98	0.00	2605.19
245.10	-9049.13	0.00	2683.13
245.20	-8346.67	0.00	2750.48
245.30	-7601.47	0.00	2806.98
245.40	-6814.82	0.00	2852.40
245.50	-5988.47	0.00	2886.56
245.60	-5124.66	0.00	2909.33
245.70	-4226.10	0.00	2920.62
245.80	-3296.00	0.00	2920.38
245.90	-2338.04	0.00	2908.61
246.00	-1356.36	0.00	2885.37
246.10	-355.53	0.00	2850.74
246.20	659.46	0.00	2804.86
246.30	1683.23	0.00	2747.91
246.40	2710.09	0.00	2680.11
246.50	3734.06	0.00	2601.74
246.60	4748.93	0.00	2513.10
246.70	5748.32	0.00	2414.54
246.80	6725.74	0.00	2306.45
246.90	7674.65	0.00	2189.26
247.00	8588.56	0.00	2063.43
247.10	9461.04	0.00	1929.46
247.20	10285.86	0.00	1787.87
247.30	11056.99	0.00	1639.23
247.40	11768.73	0.00	1484.11
247.50	12415.73	0.00	1323.14
247.60	12993.07	0.00	1156.95
247.70	13496.31	0.00	986.19
247.80	13921.54	0.00	811.54
247.90	14265.44	0.00	633.69
248.00	14525.31	0.00	453.33
248.10	14699.10	0.00	271.19
248.20	14785.42	0.00	87.98
248.30	14791.69	0.00	-95.58
248.40	14762.51	0.00	-278.77
248.50	14704.50	0.00	-460.85
248.60	14617.19	0.00	-641.11
248.70	14499.87	0.00	-818.85
248.80	14351.66	0.00	-993.35
248.90	14171.47	0.00	-1163.93
249.00	13958.09	0.00	-1329.92
249.10	13710.19	0.00	-1490.66
249.20	13426.38	0.00	-1645.52
249.30	13105.23	0.00	-1793.88
249.40	12745.34	0.00	-1935.17
249.50	12345.36	0.00	-2068.81
249.60	11904.06	0.00	-2194.29
249.70	11420.39	0.00	-2311.12
249.80	10893.50	0.00	-2418.82
249.90	10322.79	0.00	-2516.97
250.00	9707.98	0.00	-2605.19
250.10	9049.13	0.00	-2683.13
250.20	8346.67	0.00	-2750.48
250.30	7601.47	0.00	-2806.98
250.40	6814.82	0.00	-2852.40
250.50	5988.47	0.00	-2886.56
250.60	5124.66	0.00	-2909.33
250.70	4226.10	0.00	-2920.62
250.80	3296.00	0.00	-2920.38
250.90	2338.04	0.00	-2908.61
251.00	1356.36	0.00	-2885.37
251.10	355.53	0.00	-2850.74
251.20	-659.46	0.00	-2804.86
251.30	-1683.23	0.00	-2747.91
251.40	-2710.09	0.00	-2680.11
251.50	-3734.06	0.00	-2601.74
251.60	-4748.93	0.00	-2513.10
251.70	-5748.32	0.00	-2414.54
251.80	-6725.74	0.00	-2306.45
251.90	-7674.65	0.00	-2189.26
252.00	-8588.56	0.00	-2063.43
252.10	-9461.04	0.00	-1929.46
252.20	-10285.86	0.00	-1787.87
252.30	-11056.99	0.00	-1639.23
252.40	-11768.73	0.00	-1484.11
252.50	-12415.73	0.00	-1323.14
252.60	-12993.07	0.00	-1156.95
252.70	-13496.31	0.00	-986.19
252.80	-13921.54	0.00	-811.54
252.90	-14265.44	0.00	-633.69
253.00	-14525.31	0.00	-453.33
253.10	-14699.10	0.00	-271.19
253.20	-14785.42	0.00	-87.98
253.30	-14791.69	0.00	95.58
253.40	-14762.51	0.00	278.77
253.50	-14704.50	0.00	460.85
253.60	-14617.19	0.00	641.11
253.70	-14499.87	0.00	818.85
253.80	-14351.66	0.00	993.35
253.90	-14171.47	0.00	1163.93
254.00	-13958.09	0.00	1329.92
254.10	-13710.19	0.00	1490.66
254.20	-13426.38	0.00	1645.52
254.30	-13105.23	0.00	1793.88
254.40	-12745.34	0.00	1935.17
254.50	-12345.36	0.00	2068.81
254.60	-11904.06	0.00	2194.29
254.70	-11420.39	0.00	2311.12
254.80	-10893.50	0.00	2418.82
254.90	-10322.79	0.00	2516.97
255.00	-9707.98	0.00	2605.19
255.10	-9049.13	0.00	2683.13
255.20	-8346.67	0.00	2750.48
255.30	-7601.47	0.00	2806.98
255.40	-6814.82	0.00	2852.40
255.50	-5988.47	0.00	2886.56
255.60	-5124.66	0.00	2909.33
255.70	-4226.10	0.00	2920.62
255.80	-3296.00	0.00	2920.38
255.90	-2338.04	0.00	2908.61
256.00	-1356.36	0.00	2885.37
256.10	-355.53	0.00	2850.74
256.20	659.46	0.00	2804.86
256.30	1683.23	0.00	2747.91
256.40	2710.09	0.00	2680.11
256.50	3734.06	0.00	2601.74
256.60	4748.93	0.00	2513.10
256.70	5748.32	0.00	2414.54
256.80	6725.74	0.00	2306.45
256.90	7674.65	0.00	2189.26
257.00	8588.56	0.00	2063.43
257.10	9461.04	0.00	1929.46
257.20	10285.86	0.00	1787.87
257.30	11056.99	0.00	1639.23
257.40	11768.73	0.00	1484.11
257.50	12415.73	0.00	1323.14
257.60	12993.07	0.00	1156.95
257.70	13496.31	0.00	986.19
257.80	13921.54	0.00	811.54
257.90	14265.44	0.00	633.69
258.00	14525.31	0.00	453.33
258.10	14699.10	0.00	271.19
258.20	14785.42	0.00	87.98
258.30	14791.69	0.00	-95.58
258.40	14762.51	0.00	-278.77
258.50	14704.50	0.00	-460.85
258.60	14617.19	0.00	-641.11
258.70	14499.87	0.00	-818.85
258.80	14351.66	0.00	-993.35
258.90	14171.47	0.00	-1163.93
259.00	13958.09	0.00	-1329.92
259.10	13710.19	0.00	-1490.66
259.20	13426.38	0.00	-1645.52
259.30	13105.23	0.00	-1793.88
259.40	12745.34	0.00	-1935.17
259.50	12345.36	0.00	-2068.81
259.60	11904.06	0.00	-2194.29
259.70	11420.39	0.00	-2311.12
259.80	10893.50	0.00	-2418.82
259.90	10322.79	0.00	-2516.97
260.00	9707.98	0.00	-2605.19
260.10	9049.13	0.00	-2683.13
260.20	8346.67	0.00	-2750.48
260.30	7601.47	0.00	-2806.98
260.40	6814.82	0.00	-2852.40
260.50	5988.47	0.00	-2886.56
260.60	5124.66	0.00	-2909.33
260.70	4226.10	0.00	-2920.62
260.80	3296.00	0.00	-2920.38
260.90	2338.04	0.00	-2908.61
261.00	1356.36	0.00	-2885.37
261.10	355.53	0.00	-2850.74
261.20	-659.46	0.00	-2804.86
261.30	-1683.23	0.00	-2747.91
261.40	-2710.09	0.00	-2680.11
261.50	-3734.06	0.00	-2601.74
261.60	-4748.93	0.00	-2513.10
261.70	-5748.32	0.00	-2414.54
261.80	-6725.74	0.00	-2306.45
261.90	-7674.65	0.00	-2189.26
262.00	-8588.56	0.00	-2063.43
262.10	-9461.04	0.00	-1929.46
262.20	-10285.86	0.00	-1787.87
262.30	-11056.99	0.00	-1639.23
262.40	-11768.73	0.00	-1484.11
262.50	-12415.73	0.00	-1323.14
262.60	-12993.07	0.00	-1156.95
262.70	-13496.31	0.00	-986.19
262.80	-13921.54	0.00	-811.54
262.90	-14265.44	0.00	-633.69
263.00	-14525.31	0.00	-453.33
263.10	-14699.10	0.00	-271.19
263.20	-14785.42	0.00	-87.98
263.30	-14791.69	0.00	95.58
263.40	-14762.51	0.00	278.77
263.50	-14704.50	0.00	460.85
263.60	-14617.19	0.00	641.11
263.70	-14499.87	0.00	818.85
263.80	-14351.66	0.00	993.35
263.90	-14171.47	0.00	1163.93
264.00	-13958.09	0.00	1329.92
264.10	-13710.19	0.00	1490.66
264.20	-13426.38	0.00	1645.52
264.30	-13105.23	0.00	1793.88
264.40	-12745.34	0.00	1935.17
264.50	-12345.36	0.00	2068.81
264.60	-11904.06	0.00	2194.29
264.70	-11420.39	0.00	2311.12
264.80	-10893.50	0.00	2418.82
264.90	-10322.79	0.00	2516.97
265.00	-9707.98	0.00	2605.19
265.10	-9049.13	0.00	2683.13
265.20	-8346.67	0.00	2750.48
265.30	-7601.47	0.00	2806.98
265.40	-6814.82	0.00	2852.40
265.50	-5988.47	0.00	2886.56
265.60	-5124.66	0.00	2909.33
265.70	-4226.10	0.00	2920.62
265.80	-3296.00	0.00	2920.38
265.90	-2338.04	0.00	2908.61
266.00	-1356.36	0.00	2885.37
266.10	-355.53	0.00	2850.74
266.20	659.46	0.00	2804.86
266.30	1683.23	0.00	2747.91
266.40	2710.09	0.00	2680.11
266.50	3734.06	0.00	2601.74
266.60	4748.93	0.00	2513.10
266.70	5748.32	0.00	2414.54
266.80	6725.74	0.00	2306.45
266.90	7674.65	0.00	2189.26
267.00	8588.56	0.00	2063.43
267.10	9461.04	0.00	1929.46
267.20	10285.86	0.00	1787.87
267.30	11056.99	0.00	1639.23
267.40	11768.73	0.00	1484.11
267.50	12415.73	0.00	1323.14
267.60	12993.07	0.00	1156.95
267.70	13496.31	0.00	986.19
267.80	13921.54	0.00	811.54
267.90	14265.44	0.00	633.69
268.00	14525.31	0.00	453.33
268.10	14699.10	0.00	271.19
268.20	14785.42	0.00	87.98
268.30	14791.69	0.00	-95.58
268.40	14762.51	0.00	-278.77
268.50	14704.50	0.00	-460.85
268.60	14617.19	0.00	-641.11
268.70	14499.87	0.00	-818.85
268.80	14351.66	0.00	-993.35
268.90	14171.47	0.00	-1163.93
269.00	13958.09	0.00	-1329.92
269.10	13710.19	0.00	-1490.66
269.20	13426.38	0.00	-1645.52
269.30	13105.23	0.00	-1793.88
269.40	12745.34	0.00	-1935.17
269.50	12345.36	0.00	-2068.81
269.60	11904.06	0.00	-2194.29
269.70	11420.39	0.00	-2311.12
269.80	10893.50	0.00	-2418.82
269.90	10322.79	0.00	-2516.97
270.00	9707.98	0.00	-2605.19
270.10	9049.13	0.00	-2683.13
270.20	8346.67	0.00	-2750.48
270.30	7601.47	0.00	-2806.98
270.40	6814.82	0.00	-2852.40
270.50	5988.47	0.00	-2886.56
270.60	5124.66	0.00	-2909.33
270.70	4226.10	0.00	-2920.62
270.80	3296.00	0.00	-2920.38
270.90	2338.04	0.00	-2908.61
271.00	1356.36	0.00	-2885.37
271.10	355.53	0.00	-2850.74
271.20	-659.46	0.00	-2804.86
271.30	-1683.23	0.00	-2747.91
271.40	-2710.09	0.00	-2680.11
271.50	-3734.06	0.00	-2601.74
271.60	-4748.93	0.00	-2513.10
271.70	-5748.32	0.00	-2414.54
271.80	-6725.74	0.00	-2306.45
271.90	-7674.65	0.00	-2189.26
272.00	-8588.56	0.00	-2063.43
272.10	-9461.04	0.00	-1929.46
272.20	-10285.86	0.00	-1787.87
272.30	-11056.99	0.00	-1639.23
272.40	-11768.73	0.00	-1484.11
272.50	-12415.73	0.00	-1323.14
272.60	-12993.07	0.00	-1156.95
272.70	-13496.31	0.00	-986.19
272.80	-13921.54	0.00	-811.54
272.90	-14265.44	0.00	-633.69
273.00	-14525.31	0.00	-453.33
273.10	-14699.10	0.00	-271.19
273.20	-14785.42	0.00	-87.98
273.30	-14791.69	0.00	95.58
273.40	-14762.51	0.00	278.77
273.50	-14704.50	0.00	460.85
273.60	-14617.19	0.00	641.11
273.70	-14499.87	0.00	818.85
273.80	-14351.66	0.00	993.35
273.90	-14171.47	0.00	1163.93
274.00	-13958.09	0.00	1329.92
274.10	-13710.19	0.00	1490.66
274.20	-13426.38	0.00	1645.52
274.30	-13105.23	0.00	1793.88
274.40	-12745.34	0.00	1935.17
274.50	-12345.36	0.00	2068.81
274.60	-11904.06	0.00	2194.29
274.70	-11420.39	0.00	2311.12
274.80	-10893.50	0.00	2418.82
274.90	-10322.79	0.00	2516.97
275.00	-9707.98	0.00	2605.19
275.10	-9049.13	0.00	2683.13
275.20	-8346.67	0.00	2750.48
275.30	-7601.47	0.00	2806.98
275.40	-6814.82	0.00	2852.40
275.50	-5988.47	0.00	2886.56
275.60	-5124.66	0.00	2909.33
275.70	-4226.10	0.00	2920.62
275.80	-3296.00	0.00	2920.38
275.90	-2338.04	0.00	2908.61
276.00	-1356.36	0.00	2885.37
276.10	-355.53	0.00	2850.74
276.20	659.46	0.00	2804.86
276.30	1683.23	0.00	2747.91
276.40	2710.09	0.00	2680.11
276.50	3734.06	0.00	2601.74
276.60	4748.93	0.00	2513.10
276.70	5748.32	0.00	2414.54
276.80	6725.74	0.00	2306.45
276.90	7674.65	0.00	2189.26
277.00	8588.56	0.00	2063.43
277.10	9461.04	0.00	1929.46
277.20	10285.86	0.00	1787.87
277.30	11056.99	0.00	1639.23
277.40	11768.73	0.00	1484.11
277.50	12415.73	0.00	1323.14
277.60	12993.07	0.00	1156.95
277.70	13496.31	0.00	986.19
277.80	13921.54	0.00	811.54
277.90	14265.44	0.00	633.69
278.00	14525.31	0.00	453.33
278.10	14699.10	0.00	271.19
278.20	14785.42	0.00	87.98
278.30	14791.69	0.00	-95.58
278.40	14762.51	0.00	-278.77
278.50	14704.50	0.00	-460.85
278.60	14617.19	0.00	-641.11
278.70	14499.87	0.00	-818.85
278.80	14351.66	0.00	-993.35
278.90	14171.47	0.00	-1163.93
279.00	13958.09	0.00	-1329.92
279.10	13710.19	0.00	-1490.66
279.20	13426.38	0.00	-1645.52
279.30	13105.23	0.00	-1793.88
279.40	12745.34	0.00	-1935.17
279.50	12345.36	0.00	-2068.81
279.60	11904.06	0.00	-2194.29
279.70	11420.39	0.00	-2311.12
279.80	10893.50	0.00	-2418.82
279.90	10322.79	0.00	-2516.97
280.00	9707.98	0.00	-2605.19
280.10	9049.13	0.00	-2683.13
280.20	8346.67	0.00	-2750.48
280.30	7601.47	0.00	-2806.98
280.40	6814.82	0.00	-2852.40
280.50	5988.47	0.00	-2886.56
280.60	5124.66	0.00	-2909.33
280.70	4226.10	0.00	-2920.62
280.80	3296.00	0.00	-2920.38
280.90	2338.04	0.00	-2908.61
281.00	1356.36	0.00	-2885.37
281.10	355.53	0.00	-2850.74
281.20	-659.46	0.00	-2804.86
281.30	-1683.23	0.00	-2747.91
281.40	-2710.09	0.00	-2680.11
281.50	-3734.06	0.00	-2601.74
281.60	-4748.93	0.00	-2513.10
281.70	-5748.32	0.00	-2414.54
281.80	-6725.74	0.00	-2306.45
281.90	-7674.65	0.00	-2189.26
282.00	-8588.56	0.00	-2063.43
282.10	-9461.04	0.00	-1929.46
282.20	-10285.86	0.00	-1787.87
282.30	-11056.99	0.00	-1639.23
282.40	-11768.73	0.00	-1484.11
282.50	-12415.73	0.00	-1323.14
282.60	-12993.07	0.00	-1156.95
282.70	-13496.31	0.00	-986.19
282.80	-13921.54	0.00	-811.54
282.90	-14265.44	0.00	-633.69
283.00	-14525.31	0.00	-453.33
283.10	-14699.10	0.00	-271.19
283.20	-14785.42	0.00	-87.98
283.30	-14791.69	0.00	95.58
283.40	-14762.51	0.00	278.77
283.50	-14704.50	0.00	460.85
283.60	-14617.19	0.00	641.11
283.70	-14499.87	0.00	818.85
283.80	-14351.66	0.00	993.35
283.90	-14171.47	0.00	1163.93
284.00	-13958.09	0.00	1329.92
284.10	-13710.19	0.00	1490.66
284.20	-13426.38	0.00	1645.52
284.30	-13105.23	0.00	1793.88
284.40	-12745.34	0.00	1935.17
284.50	-12345.36	0.00	2068.81
284.60	-11904.06	0.00	2194.29
284.70	-11420.39	0.00	2311.12
284.80	-10893.50	0.00	2418.82
284.90	-10322.79	0.00	2516.97
285.00	-9707.98	0.00	2605.19
285.10	-9049.13	0.00	2683.13
285.20	-8346.67	0.00	2750.48
285.30	-7601.47	0.00	2806.98
285.40	-6814.82	0.00	2852.40
285.50	-5988.47	0.00	2886.56
285.60	-5124.66	0.00	2909.33
285.70	-4226.10	0.00	2920.62
285.80	-3296.00	0.00	2920.38
285.90	-2338.04	0.00	2908.61
286.00	-1356.36	0.00	2885.37
286.10	-355.53	0.00	2850.74
286.20	659.46	0.00	2804.86
286.30	1683.23	0.00	2747.91
286.40	2710.09	0.00	2680.11
286.50	3734.06	0.00	2601.74
286.60	4748.93	0.00	2513.10
286.70	5748.32	0.00	2414.54
286.80	6725.74	0.00	2306.45
286.90	7674.65	0.00	2189.26
287.00	8588.56	0.00	2063.43
287.10	9461.04	0.00	1929.46
287.20	10285.86	0.00	1787.87
287.30	11056.99	0.00	1639.23
287.40	11768.73	0.00	1484.11
287.50	12415.73	0.00	1323.14
287.60	12993.07	0.00	1156.95
287.70	13496.31	0.00	986.19
287.80	13921.54	0.00	811.54
287.90	14265.44	0.00	633.69
288.00	14525.31	0.00	453.33
288.10	14699.10	0.00	271.19
288.20	14785.42	0.00	87.98
288.30	14791.69	0.00	-95.58
288.40	14762.51	0.00	-278.77
288.50	14704.50	0.00	-460.85
288.60	14617.19	0.00	-641.11
288.70	14499.87	0.00	-818.85
288.80	14351.66	0.00	-993.35
288.90	14171.47	0.00	-1163.93
289.00	13958.09	0.00	-1329.92
289.10	13710.19	0.00	-1490.66
289.20	13426.38	0.00	-1645.52
289.30	13105.23	0.00	-1793.88
289.40	12745.34	0.00	-1935.17
289.50	12345.36	0.00	-2068.81
289.60	11904.06	0.00	-2194.29
289.70	11420.39	0.00	-2311.12
289.80	10893.50	0.00	-2418.82
289.90	10322.79	0.00	-2516.97
290.00	9707.98	0.00	-2605.19
290.10	9049.13	0.00	-2683.13
290.20	8346.67	0.00	-2750.48
290.30	7601.47	0.00	-2806.98
290.40	6814.82	0.00	-2852.40
290.50	5988.47	0.00	-2886.56
290.60	5124.66	0.00	-2909.33
290.70	4226.10	0.00	-2920.62
290.80	3296.00	0.00	-2920.38
290.90	2338.04	0.00	-2908.61
291.00	1356.36	0.00	-2885.37
291.10	355.53	0.00	-2850.74
291.20	-659.46	0.00	-2804.86
291.30	-1683.23	0.00	-2747.91
291.40	-2710.09	0.00	-2680.11
291.50	-3734.06	0.00	-2601.74
291.60	-4748.93	0.00	-2513.10
291.70	-5748.32	0.00	-2414.54
291.80	-6725.74	0.00	-2306.45
291.90	-7674.65	0.00	-2189.26
292.00	-8588.56	0.00	-2063.43
292.10	-9461.04	0.00	-1929.46
292.20	-10285.86	0.00	-1787.87
292.30	-11056.99	0.00	-1639.23
292.40	-11768.73	0.00	-1484.11
292.50	-12415.73	0.00	-1323.14
292.60	-12993.07	0.00	-1156.95
292.70	-13496.31	0.00	-986.19
292.80	-13921.54	0.00	-811.54
292.90	-14265.44	0.00	-633.69
293.00	-14525.31	0.00	-453.33
293.10	-14699.10	0.00	-271.19
293.20	-14785.42	0.00	-87.98
293.30	-14791.69	0.00	95.58
293.40	-14762.51	0.00	278.77
293.50	-14704.50	0.00	460.85
293.60	-14617.19	0.00	641.11
293.70	-14499.87	0.00	818.85
293.80	-14351.66	0.00	993.35
293.90	-14171.47	0.00	1163.93
294.00	-13958.09	0.00	1329.92
294.10	-13710.19	0.00	1490.66
294.20	-13426.38	0.00	1645.52
294.30	-13105.23	0.00	1793.88
294.40	-12745.34	0.00	1935.17
294.50	-12345.36	0.00	2068.81
294.60	-11904.06	0.00	2194.29
294.70	-11420.39	0.00	2311.12
294.80	-10893.50	0.00	2418.82
294.90	-10322.79	0.00	2516.97
295.00	-9707.98	0.00	2605.19
295.10	-9049.13	0.00	2683.13
295.20	-8346.67	0.00	2750.48
295.30	-7601.47	0.00	2806.98
295.40	-6814.82	0.00	2852.40
295.50	-5988.47	0.00	2886.56
295.60	-5124.66	0.00	2909.33
295.70	-4226.10	0.00	2920.62
295.80	-3296.00	0.00	2920.38
295.90	-2338.04	0.00	2908.61
296.00	-1356.36	0.00	2885.37
296.10	-355.53	0.00	2850.74
296.20	659.46	0.00	2804.86
296.30	1683.23	0.00	2747.91
296.40	2710.09	0.00	2680.11
296.50	3734.06	0.00	2601.74
296.60	4748.93	0.00	2513.10
296.70	5748.32	0.00	2414.54
296.80	6725.74	0.00	2306.45
296.90	7674.65	0.00	2189.26
297.00	8588.56	0.00	2063.43
297.10	9461.04	0.00	1929.46
297.20	10285.86	0.00	1787.87
297.30	11056.99	0.00	1639.23
297.40	11768.73	0.00	1484.11
297.50	12415.73	0.00	1323.14
297.60	12993.07	0.00	1156.95
297.70	13496.31	0.00	986.19
297.80	13921.54	0.00	811.54
297.90	14265.44	0.00	633.69
298.00	14525.31	0.00	453.33
298.10	14699.10	0.00	271.19
298.20	14785.42	0.00	87.98
298.30	14791.69	0.00	-95.58
298.40	14762.51	0.00	-278.77
298.50	14704.50	0.00	-460.85
298.60	14617.19	0.00	-641.11
298.70	14499.87	0.00	-818.85
298.80	14351.66	0.00	-993.35
298.90	14171.47	0.00	-1163.93
299.00	13958.09	0.00	-1329.92
299.10	13710.19	0.00	-1490.66
299.20	13426.38	0.00	-1645.52
299.30	13105.23	0.00	-1793.88
299.40	12745.34	0.00	-1935.17
299.50	12345.36	0.00	-2068.81
299.60	11904.06	0.00	-2194.29
299.70	11420.39	0.00	-2311.12
299.80	10893.50	0.00	-2418.82
299.90	10322.79	0.00	-2516.97
300.00	9707.98	0.00	-2605.19
300.10	9049.13	0.00	-2683.13
300.20	8346.67	0.00	-2750.48
300.30	7601.47	0.00	-2806.98
300.40	6814.82	0.00	-2852.40
300.50	5988.47	0.00	-2886.56
300.60	5124.66	0.00	-2909.33
300.70	4226.10	0.00	-2920.62
300.80	3296.00	0.00	-2920.38
300.90	2338.04	0.00	-2908.61
301.00	1356.36	0.00	-2885.37
301.10	355.53	0.00	-2850.74
301.20	-659.46	0.00	-2804.86
301.30	-1683.23	0.00	-2747.91
301.40	-2710.09	0.00	-2680.11
301.50	-3734.06	0.00	-2601.74
301.60	-4748.93	0.00	-2513.10
301.70	-5748.32	0.00	-2414.54
301.80	-6725.74	0.00	-2306.45
301.90	-7674.65	0.00	-2189.26
302.00	-8588.56	0.00	-2063.43
302.10	-9461.04	0.00	-1929.46
302.20	-10285.86	0.00	-1787.87
302.30	-11056.99	0.00	-1639.23
302.40	-11768.73	0.00	-1484.11
302.50	-12415.73	0.00	-1323.14
302.60	-12993.07	0.00	-1156.95
302.70	-13496.31	0.00	-986.19
302.80	-13921.54	0.00	-811.54
302.90	-14265.44	0.00	-633.69
303.00	-14525.31	0.00	-453.33
303.10	-14699.10	0.00	-271.19
303.20	-14785.42	0.00	-87.98
303.30	-14791.69	0.00	95.58
303.40	-14762.51	0.00	278.77
303.50	-14704.50	0.00	460.85
303.60	-14617.19	0.00	641.11
303.70	-14499.87	0.00	818.85
303.80	-14351.66	0.00	993.35
303.90	-14171.47	0.00	1163.93
304.00	-13958.09	0.00	1329.92
304.10	-13710.19	0.00	1490.66
304.20	-13426.38	0.00	1645.52
304.30	-13105.23	0.00	1793.88
304.40	-12745.34	0.00	1935.17
304.50	-12345.36	0.00	2068.81
304.60	-11904.06	0.00	2194.29
304.70	-11420.39	0.00	2311.12
304.80	-10893.50	0.00	2418.82
304.90	-10322.79	0.00	2516.97
305.00	-9707.98	0.00	2605.19
305.10	-9049.13	0.00	2683.13
305.20	-8346.67	0.00	2750.48
305.30	-7601.47	0.00	2806.98
305.40	-6814.82	0.00	2852.40
305.50	-5988.47	0.00	2886.56
305.60	-5124.66	0.00	2909.33
305.70	-4226.10	0.00	2920.62
305.80	-3296.00	0.00	2920.38
305.90	-2338.04	0.00	2908.61
306.00	-1356.36	0.00	2885.37
306.10	-355.53	0.00	2850.74
306.20	659.46	0.00	2804.86
306.30	1683.23	0.00	2747.91
306.40	2710.09	0.00	2680.11
306.50	3734.06	0.00	2601.74
306.60	4748.93	0.00	2513.10
306.70	5748.32	0.00	2414.54
306.80	6725.74	0.00	2306.45
306.90	7674.65	0.00	2189.26
307.00	8588.56	0.00	2063.43
307.10	9461.04	0.00	1929.46
307.20	10285.86	0.00	1787.87
307.30	11056.99	0.00	1639.23
307.40	11768.73	0.00	1484.11
307.50	12415.73	0.00	1323.14
307.60	12993.07	0.00	1156.95
307.70	13496.31	0.00	986.19
307.80	13921.54	0.00	811.54
307.90	14265.44	0.00	633.69
308.00	14525.31	0.00	453.33
308.10	14699.10	0.00	271.19
308.20	14785.42	0.00	87.98
308.30	14791.69	0.00	-95.58
308.40	14762.51	0.00	-278.77
308.50	14704.50	0.00	-460.85
308.60	14617.19	0.00	-641.11
308.70	14499.87	0.00	-818.85
308.80	14351.66	0.00	-993.35
308.90	14171.47	0.00	-1163.93
309.00	13958.09	0.00	-1329.92
309.10	13710.19	0.00	-1490.66
309.20	13426.38	0.00	-1645.52
309.30	13105.23	0.00	-1793.88
309.40	12745.34	0.00	-1935.17
309.50	12345.36	0.00	-2068.81
309.60	11904.06	0.00	-2194.29
309.70	11420.39	0.00	-2311.12
309.80	10893.50	0.00	-2418.82
309.90	10322.79	0.00	-2516.97
310.00	9707.98	0.00	-2605.19
310.10	9049.13	0.00	-2683.13
310.20	8346.67	0.00	-2750.48
310.30	7601.47	0.00	-2806.98
310.40	6814.82	0.00	-2852.40
310.50	5988.47	0.00	-2886.56
310.60	5124.66	0.00	-2909.33
310.70	4226.10	0.00	-2920.62
310.80	3296.00	0.00	-2920.38
310.90	2338.04	0.00	-2908.61
311.00	1356.36	0.00	-2885.37
311.10	355.53	0.00	-2850.74
311.20	-659.46	0.00	-2804.86
311.30	-1683.23	0.00	-2747.91
311.40	-2710.09	0.00	-2680.11
311.50	-3734.06	0.00	-2601.74
311.60	-4748.93	0.00	-2513.10
311.70	-5748.32	0.00	-2414.54
311.80	-6725.74	0.00	-2306.45
311.90	-7674.65	0.00	-2189.26
312.00	-8588.56	0.00	-2063.43
312.10	-9461.04	0.00	-1929.46
312.20	-10285.86	0.00	-1787.87
312.30	-11056.99	0.00	-1639.23
312.40	-11768.73	0.00	-1484.11
312.50	-12415.73	0.00	-1323.14
312.60	-12993.07	0.00	-1156.95
312.70	-13496.31	0.00	-986.19
312.80	-13921.54	0.00	-811.54
312.90	-14265.44	0.00	-633.69
313.00	-14525.31	0.00	-453.33
313.10	-14699.10	0.00	-271.19
313.20	-14785.42	0.00	-87.98
313.30	-14791.69	0.00	95.58
313.40	-14762.51	0.00	278.77
313.50	-14704.50	0.00	460.85
313.60	-14617.19	0.00	641.11
313.70	-14499.87	0.00	818.85
313.80	-14351.66	0.00	993.35
313.90	-14171.47	0.00	1163.93
314.00	-13958.09	0.00	1329.92
314.10	-13710.19	0.00	1490.66
314.20	-13426.38	0.00	1645.52
314.30	-13105.23	0.00	1793.88
314.40	-12745.34	0.00	1935.17
314.50	-12345.36	0.00	2068.81
314.60	-11904.06	0.00	2194.29
314.70	-11420.39	0.00	2311.12
314.80	-10893.50	0.00	2418.82
314.90	-10322.79	0.00	2516.97
315.00	-9707.98	0.00	2605.19
315.10	-9049.13	0.00	2683.13
315.20	-8346.67	0.00	2750.48
315.30	-7601.47	0.00	2806.98
315.40	-6814.82	0.00	2852.40
315.50	-5988.47	0.00	2886.56
315.60	-5124.66	0.00	2909.33
315.70	-4226.10	0.00	2920.62
315.80	-3296.00	0.00	2920.38
315.90	-2338.04	0.00	2908.61
316.00	-1356.36	0.00	2885.37
316.10	-355.53	0.00	2850.74
316.20	659.46	0.00	2804.86
316.30	1683.23	0.00	2747.91
316.40	2710.09	0.00	2680.11
316.50	3734.06	0.00	2601.74
316.60	4748.93	0.00	2513.10
316.70	5748.32	0.00	2414.54
316.80	6725.74	0.00	2306.45
316.90	7674.65	0.00	2189.26
317.00	8588.56	0.00	2063.43
317.10	9461.04	0.00	1929.46
317.20	10285.86	0.00	1787.87
317.30	11056.99	0.00	1639.23
317.40	11768.73	0.00	1484.11
317.50	12415.73	0.00	1323.14
317.60	12993.07	0.00	1156.95
317.70	13496.31	0.00	986.19
317.80	13921.54	0.00	811.54
317.90	14265.44	0.00	633.69
318.00	14525.31	0.00	453.33
318.10	14699.10	0.00	271.19
318.20	14785.42	0.00	87.98
318.30	14791.69	0.00	-95.58
318.40	14762.51	0.00	-278.77
318.50	14704.50	0.00	-460.85
318.60	14617.19	0.00	-641.11
318.70	14499.87	0.00	-818.85
318.80	14351.66	0.00	-993.35
318.90	14171.47	0.00	-1163.93
319.00	13958.09	0.00	-1329.92
319.10	13710.19	0.00	-1490.66
319.20	13426.38	0.00	-1645.52
319.30	13105.23	0.00	-1793.88
319.40	12745.34	0.00	-1935.17
319.50	12345.36	0.00	-2068.81
319.60	11904.06	0.00	-2194.29
319.70	11420.39	0.00	-2311.12
319.80	10893.50	0.00	-2418.82
319.90	10322.79	0.00	-2516.97
320.00	9707.98	0.00	-2605.19
320.10	9049.13	0.00	-2683.13
320.20	8346.67	0.00	-2750.48
320.30	7601.47	0.00	-2806.98
320.40	6814.82	0.00	-2852.40
320.50	5988.47	0.00	-2886.56
320.60	5124.66	0.00	-2909.33
320.70	4226.10	0.00	-2920.62
320.80	3296.00	0.00	-2920.38
320.90	2338.04	0.00	-2908.61
321.00	1356.36	0.00	-2885.37
321.10	355.53	0.00	-2850.74
321.20	-659.46	0.00	-2804.86
321.30	-1683.23	0.00	-2747.91
321.40	-2710.09	0.00	-2680.11
321.50	-3734.06	0.00	-2601.74
321.60	-4748.93	0.00	-2513.10
321.70	-5748.32	0.00	-2414.54
321.80	-6725.74	0.00	-2306.45
321.90	-7674.65	0.00	-2189.26
322.00	-8588.56	0.00	-2063.43
322.10	-9461.04	0.00	-1929.46
322.20	-10285.86	0.00	-1787.87
322.30	-11056.99	0.00	-1639.23
322.40	-11768.73	0.00	-1484.11
322.50	-12415.73	0.00	-1323.14
322.60	-12993.07	0.00	-1156.95
322.70	-13496.31	0.00	-986.19
322.80	-13921.54	0.00	-811.54
322.90	-14265.44	0.00	-633.69
323.00	-14525.31	0.00	-453.33
323.10	-14699.10	0.00	-271.19
323.20	-14785.42	0.00	-87.98
323.30	-14791.69	0.00	95.58
323.40	-14762.51	0.00	278.77
323.50	-14704.50	0.00	460.85
323.60	-14617.19	0.00	641.11
323.70	-14499.87	0.00	818.85
323.80	-14351.66	0.00	993.35
323.90	-14171.47	0.00	1163.93
324.00	-13958.09	0.00	1329.92
324.10	-13710.19	0.00	1490.66
324.20	-13426.38	0.00	1645.52
324.30	-13105.23	0.00	1793.88
324.40	-12745.34	0.00	1935.17
324.50	-12345.36	0.00	2068.81
324.60	-11904.06	0.00	2194.29
324.70	-11420.39	0.00	2311.12
324.80	-10893.50	0.00	2418.82
324.90	-10322.79	0.00	2516.97
325.00	-9707.98	0.00	2605.19
325.10	-9049.13	0.00	2683.13
325.20	-8346.67	0.00	2750.48
325.30	-7601.47	0.00	2806.98
325.40	-6814.82	0.00	2852.40
325.50	-5988.47	0.00	2886.56
325.60	-5124.66	0.00	2909.33
325.70	-4226.10	0.00	2920.62
325.80	-3296.00	0.00	2920.38
325.90	-2338.04	0.00	2908.61
326.00	-1356.36	0.00	2885.37
326.10	-355.53	0.00	2850.74
326.20	659.46	0.00	2804.86
326.30	1683.23	0.00	2747.91
326.40	2710.09	0.00	2680.11
326.50	3734.06	0.00	2601.74
326.60	4748.93	0.00	2513.10
326.70	5748.32	0.00	2414.54
326.80	6725.74	0.00	2306.45
326.90	7674.65	0.00	2189.26
327.00	8588.56	0.00	2063.43
327.10	9461.04	0.00	1929.46
327.20	10285.86	0.00	1787.87
327.30	11056.99	0.00	1639.23
327.40	11768.73	0.00	1484.11
327.50	12415.73	0.00	1323.14
327.60	12993.07	0.00	1156.95
327.70	13496.31	0.00	986.19
327.80	13921.54	0.00	811.54
327.90	14265.44	0.00	633.69
328.00	14525.31	0.00	453.33
328.10	14699.10	0.00	271.19
328.20	14785.42	0.00	87.98
328.30	14791.69	0.00	-95.58
328.40	14762.51	0.00	-278.77
328.50	14704.50	0.00	-460.85
328.60	14617.19	0.00	-641.11
328.70	14499.87	0.00	-818.85
328.80	14351.66	0.00	-993.35
328.90	14171.47	0.00	-1163.93
329.00	13958.09	0.00	-1329.92
329.10	13710.19	0.00	-1490.66
329.20	13426.38	0.00	-1645.52
329.30	13105.23	0.00	-1793.88
329.40	12745.34	0.00	-1935.17
329.50	12345.36	0.00	-2068.81
329.60	11904.06	0.00	-2194.29
329.70	11420.39	0.00	-2311.12
329.80	10893.50	0.00	-2418.82
329.90	10322.79	0.00	-2516.97
330.00	9707.98	0.00	-2605.19
330.10	9049.13	0.00	-2683.13
330.20	8346.67	0.00	-2750.48
330.30	7601.47	0.00	-2806.98
330.40	6814.82	0.00	-2852.40
330.50	5988.47	0.00	-2886.56
330.60	5124.66	0.00	-2909.33
330.70	4226.10	0.00	-2920.62
330.80	3296.00	0.00	-2920.38
330.90	2338.04	0.00	-2908.61
331.00	1356.36	0.00	-2885.37
331.10	355.53	0.00	-2850.74
331.20	-659.46	0.00	-2804.86
331.30	-1683.23	0.00	-2747.91
331.40	-2710.09	0.00	-2680.11
331.50	-3734.06	0.00	-2601.74
331.60	-4748.93	0.00	-2513.10
331.70	-5748.32	0.00	-2414.54
331.80	-6725.74	0.00	-2306.45
331.90	-7674.65	0.00	-2189.26
332.00	-8588.56	0.00	-2063.43
332.10	-9461.04	0.00	-1929.46
332.20	-10285.86	0.00	-1787.87
332.30	-11056.99	0.00	-1639.23
332.40	-11768.73	0.00	-1484.11
332.50	-12415.73	0.00	-1323.14
332.60	-12993.07	0.00	-1156.95
332.70	-13496.31	0.00	-986.19
332.80	-13921.54	0.00	-811.54
332.90	-14265.44	0.00	-633.69
333.00	-14525.31	0.00	-453.33
333.10	-14699.10	0.00	-271.19
333.20	-14785.42	0.00	-87.98
333.30	-14791.69	0.00	95.58
333.40	-14762.51	0.00	278.77
333.50	-14704.50	0.00	460.85
333.60	-14617.19	0.00	641.11
333.70	-14499.87	0.00	818.85
333.80	-14351.66	0.00	993.35
333.90	-14171.47	0.00	1163.93
334.00	-13958.09	0.00	1329.92
334.10	-13710.19	0.00	1490.66
334.20	-13426.38	0.00	1645.52
334.30	-13105.23	0.00	1793.88
334.40	-12745.34	0.00	1935.17
334.50	-12345.36	0.00	2068.81
334.60	-11904.06	0.00	2194.29
334.70	-11420.39	0.00	2311.12
334.80	-10893.50	0.00	2418.82
334.90	-10322.79	0.00	2516.97
335.00	-9707.98	0.00	2605.19
335.10	-9049.13	0.00	2683.13
335.20	-8346.67	0.00	2750.48
335.30	-7601.47	0.00	2806.98
335.40	-6814.82	0.00	2852.40
335.50	-5988.47	0.00	2886.56
335.60	-5124.66	0.00	2909.33
335.70	-4226.10	0.00	2920.62
335.80	-3296.00	0.00	2920.38
335.90	-2338.04	0.00	2908.61
336.00	-1356.36	0.00	2885.37
336.10	-355.53	0.00	2850.74
336.20	659.46	0.00	2804.86
336.30	1683.23	0.00	2747.91
336.40	2710.09	0.00	2680.11
336.50	3734.06	0.00	2601.74
336.60	4748.93	0.00	2513.10
336.70	5748.32	0.00	2414.54
336.80	6725.74	0.00	2306.45
336.90	7674.65	0.00	2189.26
337.00	8588.56	0.00	2063.43
337.10	9461.04	0.00	1929.46
337.20	10285.86	0.00	1787.87
337.30	11056.99	0.00	1639.23
337.40	11768.73	0.00	1484.11
337.50	12415.73	0.00	1323.14
337.60	12993.07	0.00	1156.95
337.70	13496.31	0.00	986.19
337.80	13921.54	0.00	811.54
337.90	14265.44	0.00	633.69
338.00	14525.31	0.00	453.33
338.10	14699.10	0.00	271.19
338.20	14785.42	0.00	87.98
338.30	14791.69	0.00	-95.58
338.40	14762.51	0.00	-278.77
338.50	14704.50	0.00	-460.85
338.60	14617.19	0.00	-641.11
338.70	14499.87	0.00	-818.85
338.80	14351.66	0.00	-993.35
338.90	14171.47	0.00	-1163.93
339.00	13958.09	0.00	-1329.92
339.10	13710.19	0.00	-1490.66
339.20	13426.38	0.00	-1645.52
339.30	13105.23	0.00	-1793.88
339.40	12745.34	0.00	-1935.17
339.50	12345.36	0.00	-2068.81
339.60	11904.06	0.00	-2194.29
339.70	11420.39	0.00	-2311.12
339.80	10893.50	0.00	-2418.82
339.90	10322.79	0.00	-2516.97
340.00	9707.98	0.00	-2605.19
340.10	9049.13	0.00	-2683.13
340.20	8346.67	0.00	-2750.48
340.30	7601.47	0.00	-2806.98
340.40	6814.82	0.00	-2852.40
340.50	5988.47	0.00	-2886.56
340.60	5124.66	0.00	-2909.33
340.70	4226.10	0.00	-2920.62
340.80	3296.00	0.00	-2920.38
340.90	2338.04	0.00	-2908.61
341.00	1356.36	0.00	-2885.37
341.10	355.53	0.00	-2850.74
341.20	-659.46	0.00	-2804.86
341.30	-1683.23	0.00	-2747.91
341.40	-2710.09	0.00	-2680.11
341.50	-3734.06	0.00	-2601.74
341.60	-4748.93	0.00	-2513.10
341.70	-5748.32	0.00	-2414.54
341.80	-6725.74	0.00	-2306.45
341.90	-7674.65	0.00	-2189.26
342.00	-8588.56	0.00	-2063.43
342.10	-9461.04	0.00	-1929.46
342.20	-10285.86	0.00	-1787.87
342.30	-11056.99	0.00	-1639.23
342.40	-11768.73	0.00	-1484.11
342.50	-12415.73	0.00	-1323.14
342.60	-12993.07	0.00	-1156.95
342.70	-13496.31	0.00	-986.19
342.80	-13921.54	0.00	-811.54
342.90	-14265.44	0.00	-633.69
343.00	-14525.31	0.00	-453.33
343.10	-14699.10	0.00	-271.19
343.20	-14785.42	0.00	-87.98
343.30	-14791.69	0.00	95.58
343.40	-14762.51	0.00	278.77
343.50	-14704.50	0.00	460.85
343.60	-14617.19	0.00	641.11
343.70	-14499.87	0.00	818.85
343.80	-14351.66	0.00	993.35
343.90	-14171.47	0.00	1163.93
344.00	-13958.09	0.00	1329.92
344.10	-13710.19	0.00	1490.66
344.20	-13426.38	0.00	1645.52
344.30	-13105.23	0.00	1793.88
344.40	-12745.34	0.00	1935.17
344.50	-12345.36	0.00	2068.81
344.60	-11904.06	0.00	2194.29
344.70	-11420.39	0.00	2311.12
344.80	-10893.50	0.00	2418.82
344.90	-10322.79	0.00	2516.97
345.00	-9707.98	0.00	2605.19
345.10	-9049.13	0.00	2683.13
345.20	-8346.67	0.00	2750.48
345.30	-7601.47	0.00	2806.98
345.40	-6814.82	0.00	2852.40
345.50	-5988.47	0.00	2886.56
345.60	-5124.66	0.00	2909.33
345.70	-4226.10	0.00	2920.62
345.80	-3296.00	0.00	2920.38
345.90	-2338.04	0.00	2908.61
346.00	-1356.36	0.00	2885.37
346.10	-355.53	0.00	2850.74
346.20	659.46	0.00	2804.86
346.30	1683.23	0.00	2747.91
346.40	2710.09	0.00	2680.11
346.50	3734.06	0.00	2601.74
346.60	4748.93	0.00	2513.10
346.70	5748.32	0.00	2414.54
346.80	6725.74	0.00	2306.45
346.90	7674.65	0.00	2189.26
347.00	8588.56	0.00	2063.43
347.10	9461.04	0.00	1929.46
347.20	10285.86	0.00	1787.87
347.30	11056.99	0.00	1639.23
347.40	11768.73	0.00	1484.11
347.50	12415.73	0.00	1323.14
347.60	12993.07	0.00	1156.95
347.70	13496.31	0.00	986.19
347.80	13921.54	0.00	811.54
347.90	14265.44	0.00	633.69
348.00	14525.31	0.00	453.33
348.10	14699.10	0.00	271.19
348.20	14785.42	0.00	87.98
348.30	14791.69	0.00	-95.58
348.40	14762.51	0.00	-278.77
348.50	14704.50	0.00	-460.85
348.60	14617.19	0.00	-641.11
348.70	14499.87	0.00	-818.85
348.80	14351.66	0.00	-993.35
348.90	14171.47	0.00	-1163.93
349.00	13958.09	0.00	-1329.92
349.10	13710.19	0.00	-1490.66
349.20	13426.38	0.00	-1645.52
349.30	13105.23	0.00	-1793.88
349.40	12745.34	0.00	-1935.17
349.50	12345.36	0.00	-2068.81
349.60	11904.06	0.00	-2194.29
349.70	11420.39	0.00	-2311.12
349.80	10893.50	0.00	-2418.82
349.90	10322.79	0.00	-2516.97
350.00	9707.98	0.00	-2605.19
350.10	9049.13	0.00	-2683.13
350.20	8346.67	0.00	-2750.48
350.30	7601.47	0.00	-2806.98
350.40	6814.82	0.00	-2852.40
350.50	5988.47	0.00	-2886.56
350.60	5124.66	0.00	-2909.33
350.70	4226.10	0.00	-2920.62
350.80	3296.00	0.00	-2920.38
350.90	2338.04	0.00	-2908.61
351.00	1356.36	0.00	-2885.37
351.10	355.53	0.00	-2850.74
351.20	-659.46	0.00	-2804.86
351.30	-1683.23	0.00	-2747.91
351.40	-2710.09	0.00	-2680.11
351.50	-3734.06	0.00	-2601.74
351.60	-4748.93	0.00	-2513.10
351.70	-5748.32	0.00	-2414.54
351.80	-6725.74	0.00	-2306.45
351.90	-7674.65	0.00	-2189.26
352.00	-8588.56	0.00	-2063.43
352.10	-9461.04	0.00	-1929.46
352.20	-10285.86	0.00	-1787.87
352.30	-11056.99	0.00	-1639.23
352.40	-11768.73	0.00	-1484.11
352.50	-12415.73	0.00	-1323.14
352.60	-12993.07	0.00	-1156.95
352.70	-13496.31	0.00	-986.19
352.80	-13921.54	0.00	-811.54
352.90	-14265.44	0.00	-633.69
353.00	-14525.31	0.00	-453.33
353.10	-14699.10	0.00	-271.19
353.20	-14785.42	0.00	-87.98
353.30	-14791.69	0.00	95.58
353.40	-14762.51	0.00	278.77
353.50	-14704.50	0.00	460.85
353.60	-14617.19	0.00	641.11
353.70	-14499.87	0.00	818.85
353.80	-14351.66	0.00	993.35
353.90	-14171.47	0.00	1163.93
354.00	-13958.09	0.00	1329.92
354.10	-13710.19	0.00	1490.66
354.20	-13426.38	0.00	1645.52
354.30	-13105.23	0.00	1793.88
354.40	-12745.34	0.00	1935.17
354.50	-12345.36	0.00	2068.81
354.60	-11904.06	0.00	2194.29
354.70	-11420.39	0.00	2311.12
354.80	-10893.50	0.00	2418.82
354.90	-10322.79	0.00	2516.97
355.00	-9707.98	0.00	2605.19
355.10	-9049.13	0.00	2683.13
355.20	-8346.67	0.00	2750.48
355.30	-7601.47	0.00	2806.98
355.40	-6814.82	0.00	2852.40
355.50	-5988.47	0.00	2886.56
355.60	-5124.66	0.00	2909.33
355.70	-4226.10	0.00	2920.62
355.80	-3296.00	0.00	2920.38
355.90	-2338.04	0.00	2908.61
356.00	-1356.36	0.00	2885.37
356.10	-355.53	0.00	2850.74
356.20	659.46	0.00	2804.86
356.30	1683.23	0.00	2747.91
356.40	2710.09	0.00	2680.11
356.50	3734.06	0.00	2601.74
356.60	4748.93	0.00	2513.10
356.70	5748.32	0.00	2414.54
356.80	6725.74	0.00	2306.45
356.90	7674.65	0.00	2189.26
357.00	8588.56	0.00	2063.43
357.10	9461.04	0.00	1929.46
357.20	10285.86	0.00	1787.87
357.30	11056.99	0.00	1639.23
357.40	11768.73	0.00	1484.11
357.50	12415.73	0.00	1323.14
357.60	12993.07	0.00	1156.95
357.70	13496.31	0.00	986.19
357.80	13921.54	0.00	811.54
357.90	14265.44	0.00	633.69
358.00	14525.31	0.00	453.33
358.10	14699.10	0.00	271.19
358.20	14785.42	0.00	87.98
358.30	14791.69	0.00	-95.58
358.40	14762.51	0.00	-278.77
358.50	14704.50	0.00	-460.85
358.60	14617.19	0.00	-641.11
358.70	14499.87	0.00	-818.85
358.80	14351.66	0.00	-993.35
358.90	14171.47	0.00	-1163.93
359.00	13958.09	0.00	-1329.92
359.10	13710.19	0.00	-1490.66
359.20	13426.38	0.00	-1645.52
359.30	13105.23	0.00	-1793.88
359.40	12745.34	0.00	-1935.17
359.50	12345.36	0.00	-2068.81
359.60	11904.06	0.00	-2194.29
359.70	11420.39	0.00	-2311.12
359.80	10893.50	0.00	-2418.82
359.90	10322.79	0.00	-2516.97
360.00	9707.98	0.00	-2605.19
360.10	9049.13	0.00	-2683.13
360.20	8346.67	0.00	-2750.48
360.30	7601.47	0.00	-2806.98
360.40	6814.82	0.00	-2852.40
360.50	5988.47	0.00	-2886.56
360.60	5124.66	0.00	-2909.33
360.70	4226.10	0.00	-2920.62
360.80	3296.00	0.00	-2920.38
360.90	2338.04	0.00	-2908.61
361.00	1356.36	0.00	-2885.37
361.10	355.53	0.00	-2850.74
361.20	-659.46	0.00	-2804.86
361.30	-1683.23	0.00	-2747.91
361.40	-2710.09	0.00	-2680.11
361.50	-3734.06	0.00	-2601.74
361.60	-4748.93	0.00	-2513.10
361.70	-5748.32	0.00	-2414.54
361.80	-6725.74	0.00	-2306.45
361.90	-7674.65	0.00	-2189.26
362.00	-8588.56	0.00	-2063.43
362.10	-9461.04	0.00	-1929.46
362.20	-10285.86	0.00	-1787.87
362.30	-11056.99	0.00	-1639.23
362.40	-11768.73	0.00	-1484.11
362.50	-12415.73	0.00	-1323.14
362.60	-12993.07	0.00	-1156.95
362.70	-13496.31	0.00	-986.19
362.80	-13921.54	0.00	-811.54
362.90	-14265.44	0.00	-633.69
363.00	-14525.31	0.00	-453.33
363.10	-14699.10	0.00	-271.19
363.20	-14785.42	0.00	-87.98
363.30	-14791.69	0.00	95.58
363.40	-14762.51	0.00	278.77
363.50	-14704.50	0.00	460.85
363.60	-14617.19	0.00	641.11
363.70	-14499.87	0.00	818.85
363.80	-14351.66	0.00	993.35
363.90	-14171.47	0.00	1163.93
364.00	-13958.09	0.00	1329.92
364.10	-13710.19	0.00	1490.66
364.20	-13426.38	0.00	1645.52
364.30	-13105.23	0.00	1793.88
364.40	-12745.34	0.00	1935.17
364.50	-12345.36	0.00	2068.81
364.60	-11904.06	0.00	2194.29
364.70	-11420.39	0.00	2311.12
364.80	-10893.50	0.00	2418.82
364.90	-10322.79	0.00	2516.97
365.00	-9707.98	0.00	2605.19
365.10	-9049.13	0.00	2683.13
365.20	-8346.67	0.00	2750.48
365.30	-7601.47	0.00	2806.98
365.40	-6814.82	0.00	2852.40
365.50	-5988.47	0.00	2886.56
365.60	-5124.66	0.00	2909.33
365.70	-4226.10	0.00	2920.62
365.80	-3296.00	0.00	2920.38
365.90	-2338.04	0.00	2908.61
366.00	-1356.36	0.00	2885.37
366.10	-355.53	0.00	2850.74
366.20	659.46	0.00	2804.86
366.30	1683.23	0.00	2747.91
366.40	2710.09	0.00	2680.11
366.50	3734.06	0.00	2601.74
366.60	4748.93	0.00	2513.10
366.70	5748.32	0.00	2414.54
366.80	6725.74	0.00	2306.45
366.90	7674.65	0.00	2189.26
367.00	8588.56	0.00	2063.43
367.10	9461.04	0.00	1929.46
367.20	10285.86	0.00	1787.87
367.30	11056.99	0.00	1639.23
367.40	11768.73	0.00	1484.11
367.50	12415.73	0.00	1323.14
367.60	12993.07	0.00	1156.95
367.70	13496.31	0.00	986.19
367.80	13921.54	0.00	811.54
367.90	14265.44	0.00	633.69
368.00	14525.31	0.00	453.33
368.10	14699.10	0.00	271.19
368.20	14785.42	0.00	87.98
368.30	14791.69	0.00	-95.58
368.40	14762.51	0.00	-278.77
368.50	14704.50	0.00	-460.85
368.60	14617.19	0.00	-641.11
368.70	14499.87	0.00	-818.85
368.80	14351.66	0.00	-993.35
368.90	14171.47	0.00	-1163.93
369.00	13958.09	0.00	-1329.92
369.10	13710.19	0.00	-1490.66
369.20	13426.38	0.00	-1645.52
369.30	13105.23	0.00	-1793.88
369.40	12745.34	0.00	-1935.17
369.50	12345.36	0.00	-2068.81
369.60	11904.06	0.00	-2194.29
369.70	11420.39	0.00	-2311.12
369.80	10893.50	0.00	-2418.82
369.90	10322.79	0.00	-2516.97
370.00	9707.98	0.00	-2605.19
370.10	9049.13	0.00	-2683.13
370.20	8346.67	0.00	-2750.48
370.30	7601.47	0.00	-2806.98
370.40	6814.82	0.00	-2852.40
370.50	5988.47	0.00	-2886.56
370.60	5124.66	0.00	-2909.33
370.70	4226.10	0.00	-2920.62
370.80	3296.00	0.00	-2920.38
370.90	2338.04	0.00	-2908.61
371.00	1356.36	0.00	-2885.37
371.10	355.53	0.00	-2850.74
371.20	-659.46	0.00	-2804.86
371.30	-1683.23	0.00	-2747.91
371.40	-2710.09	0.00	-2680.11
371.50	-3734.06	0.00	-2601.74
371.60	-4748.93	0.00	-2513.10
371.70	-5748.32	0.00	-2414.54
371.80	-6725.74	0.00	-2306.45
371.90	-7674.65	0.00	-2189.26
372.00	-8588.56	0.00	-2063.43
372.10	-9461.04	0.00	-1929.46
372.20	-10285.86	0.00	-1787.87
372.30	-11056.99	0.00	-1639.23
372.40	-11768.73	0.00	-1484.11
372.50	-12415.73	0.00	-1323.14
372.60	-12993.07	0.00	-1156.95
372.70	-13496.31	0.00	-986.19
372.80	-13921.54	0.00	-811.54
372.90	-14265.44	0.00	-633.69
373.00	-14525.31	0.00	-453.33
373.10	-14699.10	0.00	-271.19
373.20	-14785.42	0.00	-87.98
373.30	-14791.69	0.00	95.58
373.40	-14762.51	0.00	278.77
373.50	-14704.50	0.00	460.85
373.60	-14617.19	0.00	641.11
373.70	-14499.87	0.00	818.85
373.80	-14351.66	0.00	993.35
373.90	-14171.47	0.00	1163.93
374.00	-13958.09	0.00	1329.92
374.10	-13710.19	0.00	1490.66
374.20	-13426.38	0.00	1645.52
374.30	-13105.23	0.00	1793.88
374.40	-12745.34	0.00	1935.17
374.50	-12345.36	0.00	2068.81
374.60	-11904.06	0.00	2194.29
374.70	-11420.39	0.00	2311.12
374.80	-10893.50	0.00	2418.82
374.90	-10322.79	0.00	2516.97
375.00	-9707.98	0.00	2605.19
375.10	-9049.13	0.00	2683.13
375.20	-8346.67	0.00	2750.48
375.30	-7601.47	0.00	2806.98
375.40	-6814.82	0.00	2852.40
375.50	-5988.47	0.00	2886.56
375.60	-5124.66	0.00	2909.33
375.70	-4226.10	0.00	2920.62
375.80	-3296.00	0.00	2920.38
375.90	-2338.04	0.00	2908.61
376.00	-1356.36	0.00	2885.37
376.10	-355.53	0.00	2850.74
376.20	659.46	0.00	2804.86
376.30	1683.23	0.00	2747.91
376.40	2710.09	0.00	2680.11
376.50	3734.06	0.00	2601.74
376.60	4748.93	0.00	2513.10
376.70	5748.32	0.00	2414.54
376.80	6725.74	0.00	2306.45
376.90	7674.65	0.00	2189.26
377.00	8588.56	0.00	2063.43
377.10	9461.04	0.00	1929.46
377.20	10285.86	0.00	1787.87
377.30	11056.99	0.00	1639.23
377.40	11768.73	0.00	1484.11
377.50	12415.73	0.00	1323.14
377.60	12993.07	0.00	1156.95
377.70	13496.31	0.00	986.19
377.80	13921.54	0.00	811.54
377.90	14265.44	0.00	633.69
378.00	14525.31	0.00	453.33
378.10	14699.10	0.00	271.19
378.20	14785.42	0.00	87.98
378.30	14791.69	0.00	-95.58
378.40	14762.51	0.00	-278.77
378.50	14704.50	0.00	-460.85
378.60	14617.19	0.00	-641.11
378.70	14499.87	0.00	-818.85
378.80	14351.66	0.00	-993.35
378.90	14171.47	0.00	-1163.93
379.00	13958.09	0.00	-1329.92
379.10	13710.19	0.00	-1490.66
379.20	13426.38	0.00	-1645.52
379.30	13105.23	0.00	-1793.88
379.40	12745.34	0.00	-1935.17
379.50	12345.36	0.00	-2068.81
379.60	11904.06	0.00	-2194.29
379.70	11420.39	0.00	-2311.12
379.80	10893.50	0.00	-2418.82
379.90	10322.79	0.00	-2516.97
380.00	9707.98	0.00	-2605.19
380.10	9049.13	0.00	-2683.13
380.20	8346.67	0.00	-2750.48
380.30	7601.47	0.00	-2806.98
380.40	6814.82	0.00	-2852.40
380.50	5988.47	0.00	-2886.56
380.60	5124.66	0.00	-2909.33
380.70	4226.10	0.00	-2920.62
380.80	3296.00	0.00	-2920.38
380.90	2338.04	0.00	-2908.61
381.00	1356.36	0.00	-2885.37
381.10	355.53	0.00	-2850.74
381.20	-659.46	0.00	-2804.86
381.30	-1683.23	0.00	-2747.91
381.40	-2710.09	0.00	-2680.11
381.50	-3734.06	0.00	-2601.74
381.60	-4748.93	0.00	-2513.10
381.70	-5748.32	0.00	-2414.54
381.80	-6725.74	0.00	-2306.45
381.90	-7674.65	0.00	-2189.26
382.00	-8588.56	0.00	-2063.43
382.10	-9461.04	0.00	-1929.46
382.20	-10285.86	0.00	-1787.87
382.30	-11056.99	0.00	-1639.23
382.40	-11768.73	0.00	-1484.11
382.50	-12415.73	0.00	-1323.14
382.60	-12993.07	0.00	-1156.95
382.70	-13496.31	0.00	-986.19
382.80	-13921.54	0.00	-811.54
382.90	-14265.44	0.00	-633.69
383.00	-14525.31	0.00	-453.33
383.10	-14699.10	0.00	-271.19
383.20	-14785.42	0.00	-87.98
383.30	-14791.69	0.00	95.58
383.40	-14762.51	0.00	278.77
383.50	-14704.50	0.00	460.85
383.60	-14617.19	0.00	641.11
383.70	-14499.87	0.00	818.85
383.80	-14351.66	0.00	993.35
383.90	-14171.47	0.00	1163.93
384.00	-13958.09	0.00	1329.92
384.10	-13710.19	0.00	1490.66
384.20	-13426.38	0.00	1645.52
384.30	-13105.23	0.00	1793.88
384.40	-12745.34	0.00	1935.17
384.50	-12345.36	0.00	2068.81
384.60	-11904.06	0.00	2194.29
384.70	-11420.39	0.00	2311.12
384.80	-10893.50	0.00	2418.82
384.90	-10322.79	0.00	2516.97
385.00	-9707.98	0.00	2605.19
385.10	-9049.13	0.00	2683.13
385.20	-8346.67	0.00	2750.48
385.30	-7601.47	0.00	2806.98
385.40	-6814.82	0.00	2852.40
385.50	-5988.47	0.00	2886.56
385.60	-5124.66	0.00	2909.33
385.70	-4226.10	0.00	2920.62
385.80	-3296.00	0.00	2920.38
385.90	-2338.04	0.00	2908.61
386.00	-1356.36	0.00	2885.37
386.10	-355.53	0.00	2850.74
386.20	659.46	0.00	2804.86
386.30	1683.23	0.00	2747.91
386.40	2710.09	0.00	2680.11
386.50	3734.06	0.00	2601.74
386.60	4748.93	0.00	2513.10
386.70	5748.32	0.00	2414.54
386.80	6725.74	0.00	2306.45
386.90	7674.65	0.00	2189.26
387.00	8588.56	0.00	2063.43
387.10	9461.04	0.00	1929.46
387.20	10285.86	0.00	1787.87
387.30	11056.99	0.00	1639.23
387.40	11768.73	0.00	1484.11
387.50	12415.73	0.00	1323.14
387.60	12993.07	0.00	1156.95
387.70	13496.31	0.00	986.19
387.80	13921.54	0.00	811.54
387.90	14265.44	0.00	633.69
388.00	14525.31	0.00	453.33
388.10	14699.10	0.00	271.19
388.20	14785.42	0.00	87.98
388.30	14791.69	0.00	-95.58
388.40	14762.51	0.00	-278.77
388.50	14704.50	0.00	-460.85
388.60	14617.19	0.00	-641.11
388.70	14499.87	0.00	-818.85
388.80	14351.66	0.00	-993.35
388.90	14171.47	0.00	-1163.93
389.00	13958.09	0.00	-1329.92
389.10	13710.19	0.00	-1490.66
389.20	13426.38	0.00	-1645.52
389.30	13105.23	0.00	-1793.88
389.40	12745.34	0.00	-1935.17
389.50	12345.36	0.00	-2068.81
389.60	11904.06	0.00	-2194.29
389.70	11420.39	0.00	-2311.12
389.80	10893.50	0.00	-2418.82
389.90	10322.79	0.00	-2516.97
390.00	9707.98	0.00	-2605.19
390.10	9049.13	0.00	-2683.13
390.20	8346.67	0.00	-2750.48
390.30	7601.47	0.00	-2806.98
390.40	6814.82	0.00	-2852.40
390.50	5988.47	0.00	-2886.56
390.60	5124.66	0.00	-2909.33
390.70	4226.10	0.00	-2920.62
390.80	3296.00	0.00	-2920.38
390.90	2338.04	0.00	-2908.61
391.00	1356.36	0.00	-2885.37
391.10	355.53	0.00	-2850.74
391.20	-659.46	0.00	-2804.86
391.30	-1683.23	0.00	-2747.91
391.40	-2710.09	0.00	-2680.11
391.50	-3734.06	0.00	-2601.74
391.60	-4748.93	0.00	-2513.10
391.70	-5748.32	0.00	-2414.54
391.80	-6725.74	0.00	-2306.45
391.90	-7674.65	0.00	-2189.26
392.00	-8588.56	0.00	-2063.43
392.10	-9461.04	0.00	-1929.46
392.20	-10285.86	0.00	-1787.87
392.30	-11056.99	0.00	-1639.23
392.40	-11768.73	0.00	-1484.11
392.50	-12415.73	0.00	-1323.14
392.60	-12993.07	0.00	-1156.95
392.70	-13496.31	0.00	-986.19
392.80	-13921.54	0.00	-811.54
392.90	-14265.44	0.00	-633.69
393.00	-14525.31	0.00	-453.33
393.10	-14699.10	0.00	-271.19
393.20	-14785.42	0.00	-87.98
393.30	-14791.69	0.00	95.58
393.40	-14762.51	0.00	278.77
393.50	-14704.50	0.00	460.85
393.60	-14617.19	0.00	641.11
393.70	-14499.87	0.00	818.85
393.80	-14351.66	0.00	993.35
393.90	-14171.47	0.00	1163.93
394.00	-13958.09	0.00	1329.92
394.10	-13710.19	0.00	1490.66
394.20	-13426.38	0.00	1645.52
394.30	-13105.23	0.00	1793.88
394.40	-12745.34	0.00	1935.17
394.50	-12345.36	0.00	2068.81
394.60	-11904.06	0.00	2194.29
394.70	-11420.39	0.00	2311.12
394.80	-10893.50	0.00	2418.82
394.90	-10322.79	0.00	2516.97
395.00	-9707.98	0.00	2605.19
395.10	-9049.13	0.00	2683.13
395.20	-8346.67	0.00	2750.48
395.30	-7601.47	0.00	2806.98
395.40	-6814.82	0.00	2852.40
395.50	-5988.47	0.00	2886.56
395.60	-5124.66	0.00	2909.33
395.70	-4226.10	0.00	2920.62
395.80	-3296.00	0.00	2920.38
395.90	-2338.04	0.00	2908.61
396.00	-1356.36	0.00	2885.37
396.10	-355.53	0.00	2850.74
396.20	659.46	0.00	2804.86
396.30	1683.23	0.00	2747.91
396.40	2710.09	0.00	2680.11
396.50	3734.06	0.00	2601.74
396.60	4748.93	0.00	2513.10
396.70	5748.32	0.00	2414.54
396.80	6725.74	0.00	2306.45
396.90	7674.65	0.00	2189.26
397.00	8588.56	0.00	2063.43
397.10	9461.04	0.00	1929.46
397.20	10285.86	0.00	1787.87
397.30	11056.99	0.00	1639.23
397.40	11768.73	0.00	1484.11
397.50	12415.73	0.00	1323.14
397.60	12993.07	0.00	1156.95
397.70	13496.31	0.00	986.19
397.80	13921.54	0.00	811.54
397.90	14265.44	0.00	633.69
398.00	14525.31	0.00	453.33
398.10	14699.10	0.00	271.19
398.20	14785.42	0.00	87.98
398.30	14791.69	0.00	-95.58
398.40	14762.51	0.00	-278.77
398.50	14704.50	0.00	-460.85
398.60	14617.19	0.00	-641.11
398.70	14499.87	0.00	-818.85
398.80	14351.66	0.00	-993.35
398.90	14171.47	0.00	-1163.93
399.00	13958.09	0.00	-1329.92
399.10	13710.19	0.00	-1490.66
399.20	13426.38	0.00	-1645.52
399.30	13105.23	0.00	-1793.88
399.40	12745.34	0.00	-1935.17
399.50	12345.36	0.00	-2068.81
399.60	11904.06	0.00	-2194.29
399.70	11420.39	0.00	-2311.12
399.80	10893.50	0.00	-2418.82
399.90	10322.79	0.00	-2516.97
400.00	9707.98	0.00	-2605.19
400.10	9049.13	0.00	-2683.13
400.20	8346.67	0.00	-2750.48
400.30	7601.47	0.00	-2806.98
400.40	6814.82	0.00	-2852.40
400.50	5988.47	0.00	-2886.56
400.60	5124.66	0.00	-2909.33
400.70	4226.10	0.00	-2920.62
400.80	3296.00	0.00	-2920.38
400.90	2338.04	0.00	-2908.61
401.00	1356.36	0.00	-2885.37
401.10	355.53	0.00	-2850.74
401.20	-659.46	0.00	-2804.86
401.30	-1683.23	0.00	-2747.91
401.40	-2710.09	0.00	-2680.11
401.50	-3734.06	0.00	-2601.74
401.60	-4748.93	0.00	-2513.10
401.70	-5748.32	0.00	-2414.54
401.80	-6725.74	0.00	-2306.45
401.90	-7674.65	0.00	-2189.26
402.00	-8588.56	0.00	-2063.43
402.10	-9461.04	0.00	-1929.46
402.20	-10285.86	0.00	-1787.87
402.30	-11056.99	0.00	-1639.23
402.40	-11768.73	0.00	-1484.11
402.50	-12415.73	0.00	-1323.14
402.60	-12993.07	0.00	-1156.95
402.70	-13496.31	0.00	-986.19
402.80	-13921.54	0.00	-811.54
402.90	-14265.44	0.00	-633.69
403.00	-14525.31	0.00	-453.33
403.10	-14699.10	0.00	-271.19
403.20	-14785.42	0.00	-87.98
403.30	-14791.69	0.00	95.58
403.40	-14762.51	0.00	278.77
403.50	-14704.50	0.00	460.85
403.60	-14617.19	0.00	641.11
403.70	-14499.87	0.00	818.85
403.80	-14351.66	0.00	993.35
403.90	-14171.47	0.00	1163.93
404.00	-13958.09	0.00	1329.92
404.10	-13710.19	0.00	1490.66
404.20	-13426.38	0.00	1645.52
404.30	-13105.23	0.00	1793.88
404.40	-12745.34	0.00	1935.17
404.50	-12345.36	0.00	2068.81
404.60	-11904.06	0.00	2194.29
404.70	-11420.39	0.00	2311.12
404.80	-10893.50	0.00	2418.82
404.90	-10322.79	0.00	2516.97
405.00	-9707.98	0.00	2605.19
405.10	-9049.13	0.00	2683.13
405.20	-8346.67	0.00	2750.48
405.30	-7601.47	0.00	2806.98
405.40	-6814.82	0.00	2852.40
405.50	-5988.47	0.00	2886.56
405.60	-5124.66	0.00	2909.33
405.70	-4226.10	0.00	2920.62
405.80	-3296.00	0.00	2920.38
405.90	-2338.04	0.00	2908.61
406.00	-1356.36	0.00	2885.37
406.10	-355.53	0.00	2850.74
406.20	659.46	0.00	2804.86
406.30	1683.23	0.00	2747.91
406.40	2710.09	0.00	2680.11
406.50	3734.06	0.00	2601.74
406.60	4748.93	0.00	2513.10
406.70	5748.32	0.00	2414.54
406.80	6725.74	0.00	2306.45
406.90	7674.65	0.00	2189.26
407.00	8588.56	0.00	2063.43
407.10	9461.04	0.00	1929.46
407.20	10285.86	0.00	1787.87
407.30	11056.99	0.00	1639.23
407.40	11768.73	0.00	1484.11
407.50	12415.73	0.00	1323.14
407.60	12993.07	0.00	1156.95
407.70	13496.31	0.00	986.19
407.80	13921.54	0.00	811.54
407.90	14265.44	0.00	633.69
408.00	14525.31	0.00	453.33
408.10	14699.10	0.00	271.19
408.20	14785.42	0.00	87.98
408.30	14791.69	0.00	-95.58
408.40	14762.51	0.00	-278.77
408.50	14704.50	0.00	-460.85
408.60	14617.19	0.00	-641.11
408.70	14499.87	0.00	-818.85
408.80	14351.66	0.00	-993.35
408.90	14171.47	0.00	-1163.93
409.00	13958.09	0.00	-1329.92
409.10	13710.19	0.00	-1490.66
409.20	13426.38	0.00	-1645.52
409.30	13105.23	0.00	-1793.88
409.40	12745.34	0.00	-1935.17
409.50	12345.36	0.00	-2068.81
409.60	11904.06	0.00	-2194.29
409.70	11420.39	0.00	-2311.12
409.80	10893.50	0.00	-2418.82
409.90	10322.79	0.00	-2516.97
410.00	9707.98	0.00	-2605.19
410.10	9049.13	0.00	-2683.13
410.20	8346.67	0.00	-2750.48
410.30	7601.47	0.00	-2806.98
410.40	6814.82	0.00	-2852.40
410.50	5988.47	0.00	-2886.56
410.60	5124.66	0.00	-2909.33
410.70	4226.10	0.00	-2920.62
410.80	3296.00	0.00	-2920.38
410.90	2338.04	0.00	-2908.61
411.00	1356.36	0.00	-2885.37
411.10	355.53	0.00	-2850.74
411.20	-659.46	0.00	-2804.86
411.30	-1683.23	0.00	-2747.91
411.40	-2710.09	0.00	-2680.11
411.50	-3734.06	0.00	-2601.74
411.60	-4748.93	0.00	-2513.10
411.70	-5748.32	0.00	-2414.54
411.80	-6725.74	0.00	-2306.45
411.90	-7674.65	0.00	-2189.26
412.00	-8588.56	0.00	-2063.43
412.10	-9461.04	0.00	-1929.46
412.20	-10285.86	0.00	-1787.87
412.30	-11056.99	0.00	-1639.23
412.40	-11768.73	0.00	-1484.11
412.50	-12415.73	0.00	-1323.14
412.60	-12993.07	0.00	-1156.95
412.70	-13496.31	0.00	-986.19
412.80	-13921.54	0.00	-811.54
412.90	-14265.44	0.00	-633.69
413.00	-14525.31	0.00	-453.33
413.10	-14699.10	0.00	-271.19
413.20	-14785.42	0.00	-87.98
413.30	-14791.69	0.00	95.58
413.40	-14762.51	0.00	278.77
413.50	-14704.50	0.00	460.85
413.60	-14617.19	0.00	641.11
413.70	-14499.87	0.00	818.85
413.80	-14351.66	0.00	993.35
413.90	-14171.47	0.00	1163.93
414.00	-13958.09	0.00	1329.92
414.10	-13710.19	0.00	1490.66
414.20	-13426.38	0.00	1645.52
414.30	-13105.23	0.00	1793.88
414.40	-12745.34	0.00	1935.17
414.50	-12345.36	0.00	2068.81
414.60	-11904.06	0.00	2194.29
414.70	-11420.39	0.00	2311.12
414.80	-10893.50	0.00	2418.82
414.90	-10322.79	0.00	2516.97
415.00	-9707.98	0.00	2605.19
415.10	-9049.13	0.00	2683.13
415.20	-8346.67	0.00	2750.48
415.30	-7601.47	0.00	2806.98
415.40	-6814.82	0.00	2852.40
415.50	-5988.47	0.00	2886.56
415.60	-5124.66	0.00	2909.33
415.70	-4226.10	0.00	2920.62
415.80	-3296.00	0.00	2920.38
415.90	-2338.04	0.00	2908.61
416.00	-1356.36	0.00	2885.37
416.10	-355.53	0.00	2850.74
416.20	659.46	0.00	2804.86
416.30	1683.23	0.00	2747.91
416.40	2710.09	0.00	2680.11
416.50	3734.06	0.00	2601.74
416.60	4748.93	0.00	2513.10
416.70	5748.32	0.00	2414.54
416.80	6725.74	0.00	2306.45
416.90	7674.65	0.00	2189.26
417.00	8588.56	0.00	2063.43
417.10	9461.04	0.00	1929.46
417.20	10285.86	0.00	1787.87
417.30	11056.99	0.00	1639.23
417.40	11768.73	0.00	1484.11
417.50	12415.73	0.00	1323.14
417.60	12993.07	0.00	1156.95
417.70	13496.31	0.00	986.19
417.80	13921.54	0.00	811.54
417.90	14265.44	0.00	633.69
418.00	14525.31	0.00	453.33
418.10	14699.10	0.00	271.19
418.20	14785.42	0.00	87.98
418.30	14791.69	0.00	-95.58
418.40	14762.51	0.00	-278.77
418.50	14704.50	0.00	-460.85
418.60	14617.19	0.00	-641.11
418.70	14499.87	0.00	-818.85
418.80	14351.66	0.00	-993.35
418.90	14171.47	0.00	-1163.93
419.00	13958.09	0.00	-1329.92
419.10	13710.19	0.00	-1490.66
419.20	13426.38	0.00	-1645.52
419.30	13105.23	0.00	-1793.88
419.40	12745.34	0.00	-1935.17
419.50	12345.36	0.00	-2068.81
419.60	11904.06	0.00	-2194.29
419.70	11420.39	0.00	-2311.12
419.80	10893.50	0.00	-2418.82
419.90	10322.79	0.00	-2516.97
420.00	9707.98	0.00	-2605.19
420.10	9049.13	0.00	-2683.13
420.20	8346.67	0.00	-2750.48
420.30	7601.47	0.00	-2806.98
420.40	6814.82	0.00	-2852.40
420.50	5988.47	0.00	-2886.56
420.60	5124.66	0.00	-2909.33
420.70	4226.10	0.00	-2920.62
420.80	3296.00	0.00	-2920.38
420.90	2338.04	0.00	-2908.61
421.00	1356.36	0.00	-2885.37
421.10	355.53	0.00	-2850.74
421.20	-659.46	0.00	-2804.86
421.30	-1683.23	0.00	-2747.91
421.40	-2710.09	0.00	-2680.11
421.50	-3734.06	0.00	-2601.74
421.60	-4748.93	0.00	-2513.10
421.70	-5748.32	0.00	-2414.54
421.80	-6725.74	0.00	-2306.45
421.90	-7674.65	0.00	-2189.26
422.00	-8588.56	0.00	-2063.43
422.10	-9461.04	0.00	-1929.46
422.20	-10285.86	0.00	-1787.87
422.30	-11056.99	0.00	-1639.23
422.40	-11768.73	0.00	-1484.11
422.50	-12415.73	0.00	-1323.14
422.60	-12993.07	0.00	-1156.95
422.70	-13496.31	0.00	-986.19
422.80	-13921.54	0.00	-811.54
422.90	-14265.44	0.00	-633.69
423.00	-14525.31	0.00	-453.33
423.10	-14699.10	0.00	-271.19
423.20	-14785.42	0.00	-87.98
423.30	-14791.69	0.00	95.58
423.40	-14762.51	0.00	278.77
423.50	-14704.50	0.00	460.85
423.60	-14617.19	0.00	641.11
423.70	-14499.87	0.00	818.85
423.80	-14351.66	0.00	993.35
423.90	-14171.47	0.00	1163.93
424.00	-13958.09	0.00	1329.92
424.10	-13710.19	0.00	1490.66
424.20	-13426.38	0.00	1645.52
424.30	-13105.23	0.00	1793.88
424.40	-12745.34	0.00	1935.17
424.50	-12345.36	0.00	2068.81
424.60	-11904.06	0.00	2194.29
424.70	-11420.39	0.00	2311.12
424.80	-10893.50	0.00	2418.82
424.90	-10322.79	0.00	2516.97
425.00	-9707.98	0.00	2605.19
425.10	-9049.13	0.00	2683.13
425.20	-8346.67	0.00	2750.48
425.30	-7601.47	0.00	2806.98
425.40	-6814.82	0.00	2852.40
425.50	-5988.47	0.00	2886.56
425.60	-5124.66	0.00	2909.33
425.70	-4226.10	0.00	2920.62
425.80	-3296.00	0.00	2920.38
425.90	-2338.04	0.00	2908.61
426.00	-1356.36	0.00	2885.37
426.10	-355.53	0.00	2850.74
426.20	659.46	0.00	2804.86
426.30	1683.23	0.00	2747.91
426.40	2710.09	0.00	2680.11
426.50	3734.06	0.00	2601.74
426.60	4748.93	0.00	2513.10
426.70	5748.32	0.00	2414.54
426.80	6725.74	0.00	2306.45
426.90	7674.65	0.00	2189.26
427.00	8588.56	0.00	2063.43
427.10	9461.04	0.00	1929.46
427.20	10285.86	0.00	1787.87
427.30	11056.99	0.00	1639.23
427.40	11768.73	0.00	1484.11
427.50	12415.73	0.00	1323.14
427.60	12993.07	0.00	1156.95
427.70	13496.31	0.00	986.19
427.80	13921.54	0.00	811.54
427.90	14265.44	0.00	633.69
428.00	14525.31	0.00	453.33
428.10	14699.10	0.00	271.19
428.20	14785.42	0.00	87.98
428.30	14791.69	0.00	-95.58
428.40	14762.51	0.00	-278.77
428.50	14704.50	0.00	-460.85
428.60	14617.19	0.00	-641.11
428.70	14499.87	0.00	-818.85
428.80	14351.66	0.00	-993.35
428.90	14171.47	0.00	-1163.93
429.00	13958.09	0.00	-1329.92
429.10	13710.19	0.00	-1490.66
429.20	13426.38	0.00	-1645.52
429.30	13105.23	0.00	-1793.88
429.40	12745.34	0.00	-1935.17
429.50	12345.36	0.00	-2068.81
429.60	11904.06	0.00	-2194.29
429.70	11420.39	0.00	-2311.12
429.80	10893.50	0.00	-2418.82
429.90	10322.79	0.00	-2516.97
430.00	9707.98	0.00	-2605.19
430.10	9049.13	0.00	-2683.13
430.20	8346.67	0.00	-2750.48
430.30	7601.47	0.00	-2806.98
430.40	6814.82	0.00	-2852.40
430.50	5988.47	0.00	-2886.56
430.60	5124.66	0.00	-2909.33
430.70	4226.10	0.00	-2920.62
430.80	3296.00	0.00	-2920.38
430.90	2338.04	0.00	-2908.61
431.00	1356.36	0.00	-2885.37
431.10	355.53	0.00	-2850.74
431.20	-659.46	0.00	-2804.86
431.30	-1683.23	0.00	-2747.91
431.40	-2710.09	0.00	-2680.11
431.50	-3734.06	0.00	-2601.74
431.60	-4748.93	0.00	-2513.10
431.70	-5748.32	0.00	-2414.54
431.80	-6725.74	0.00	-2306.45
431.90	-7674.65	0.00	-2189.26
432.00	-8588.56	0.00	-2063.43
432.10	-9461.04	0.00	-1929.46
432.20	-10285.86	0.00	-1787.87
432.30	-11056.99	0.00	-1639.23
432.40	-11768.73	0.00	-1484.11
432.50	-12415.73	0.00	-1323.14
432.60	-12993.07	0.00	-1156.95
432.70	-13496.31	0.00	-986.19
432.80	-13921.54	0.00	-811.54
432.90	-14265.44	0.00	-633.69
433.00	-14525.31	0.00	-453.33
433.10	-14699.10	0.00	-271.19
433.20	-14785.42	0.00	-87.98
433.30	-14791.69	0.00	95.58
433.40	-14762.51	0.00	278.77
433.50	-14704.50	0.00	460.85
433.60	-14617.19	0.00	641.11
433.70	-14499.87	0.00	818.85
433.80	-14351.66	0.00	993.35
433.90	-14171.47	0.00	1163.93
434.00	-13958.09	0.00	1329.92
434.10	-13710.19	0.00	1490.66
434.20	-13426.38	0.00	1645.52
434.30	-13105.23	0.00	1793.88
434.40	-12745.34	0.00	1935.17
434.50	-12345.36	0.00	2068.81
434.60	-11904.06	0.00	2194.29
434.70	-11420.39	0.00	2311.12
434.80	-10893.50	0.00	2418.82
434.90	-10322.79	0.00	2516.97
435.00	-9707.98	0.00	2605.19
435.10	-9049.13	0.00	2683.13
435.20	-8346.67	0.00	2750.48
435.30	-7601.47	0.00	2806.98
435.40	-6814.82	0.00	2852.40
435.50	-5988.47	0.00	2886.56
435.60	-5124.66	0.00	2909.33
435.70	-4226.10	0.00	2920.62
435.80	-3296.00	0.00	2920.38
435.90	-2338.04	0.00	2908.61
436.00	-1356.36	0.00	2885.37
436.10	-355.53	0.00	2850.74
436.20	659.46	0.00	2804.86
436.30	1683.23	0.00	2747.91
436.40	2710.09	0.00	2680.11
436.50	3734.06	0.00	2601.74
436.60	4748.93	0.00	2513.10
436.70	5748.32	0.00	2414.54
436.80	6725.74	0.00	2306.45
436.90	7674.65	0.00	2189.26
437.00	8588.56	0.00	2063.43
437.10	9461.04	0.00	1929.46
437.20	10285.86	0.00	1787.87
437.30	11056.99	0.00	1639.23
437.40	11768.73	0.00	1484.11
437.50	12415.73	0.00	1323.14
437.60	12993.07	0.00	1156.95
437.70	13496.31	0.00	986.19
437.80	13921.54	0.00	811.54
437.90	14265.44	0.00	633.69
438.00	14525.31	0.00	453.33
438.10	14699.10	0.00	271.19
438.20	14785.42	0.00	87.98
438.30	14791.69	0.00	-95.58
438.40	14762.51	0.00	-278.77
438.50	14704.50	0.00	-460.85
438.60	14617.19	0.00	-641.11
438.70	14499.87	0.00	-818.85
438.80	14351.66	0.00	-993.35
438.90	14171.47	0.00	-1163.93
439.00	13958.09	0.00	-1329.92
439.10	13710.19	0.00	-1490.66
439.20	13426.38	0.00	-1645.52
439.30	13105.23	0.00	-1793.88
439.40	12745.34	0.00	-1935.17
439.50	12345.36	0.00	-2068.81
439.60	11904.06	0.00	-2194.29
439.70	11420.39	0.00	-2311.12
439.80	10893.50	0.00	-2418.82
439.90	10322.79	0.00	-2516.97
440.00	9707.98	0.00	-2605.19
440.10	9049.13	0.00	-2683.13
440.20	8346.67	0.00	-2750.48
440.30	7601.47	0.00	-2806.98
440.40	6814.82	0.00	-2852.40
440.50	5988.47	0.00	-2886.56
440.60	5124.66	0.00	-2909.33
440.70	4226.10	0.00	-2920.62
440.80	3296.00	0.00	-2920.38
440.90	2338.04	0.00	-2908.61
441.00	1356.36	0.00	-2885.37
441.10	355.53	0.00	-2850.74
441.20	-659.46	0.00	-2804.86
441.30	-1683.23	0.00	-2747.91
441.40	-2710.09	0.00	-2680.11
441.50	-3734.06	0.00	-2601.74
441.60	-4748.93	0.00	-2513.10
441.70	-5748.32	0.00	-2414.54
441.80	-6725.74	0.00	-2306.45
441.90	-7674.65	0.00	-2189.26
442.00	-8588.56	0.00	-2063.43
442.10	-9461.04	0.00	-1929.46
442.20	-10285.86	0.00	-1787.87
442.30	-11056.99	0.00	-1639.23
442.40	-11768.73	0.00	-1484.11
442.50	-12415.73	0.00	-1323.14
442.60	-12993.07	0.00	-1156.95
442.70	-13496.31	0.00	-986.19
442.80	-13921.54	0.00	-811.54
442.90	-14265.44	0.00	-633.69
443.00	-14525.31	0.00	-453.33
443.10	-14699.10	0.00	-271.19
443.20	-14785.42	0.00	-87.98
443.30	-14791.69	0.00	95.58
443.40	-14762.51	0.00	278.77
443.50	-14704.50	0.00	460.85
443.60	-14617.19	0.00	641.11
443.70	-14499.87	0.00	818.85
443.80	-14351.66	0.00	993.35
443.90	-14171.47	0.00	1163.93
444.00	-13958.09	0.00	1329.92
444.10	-13710.19	0.00	1490.66
444.20	-13426.38	0.00	1645.52
444.30	-13105.23	0.00	1793.88
444.40	-12745.34	0.00	1935.17
444.50	-12345.36	0.00	2068.81
444.60	-11904.06	0.00	2194.29
444.70	-11420.39	0.00	2311.12
444.80	-10893.50	0.00	2418.82
444.90	-10322.79	0.00	2516.97
445.00	-9707.98	0.00	2605.19
445.10	-9049.13	0.00	2683.13
445.20	-8346.67	0.00	2750.48
445.30	-7601.47	0.00	2806.98
445.40	-6814.82	0.00	2852.40
445.50	-5988.47	0.00	2886.56
445.60	-5124.66	0.00	2909.33
445.70	-4226.10	0.00	2920.62
445.80	-3296.00	0.00	2920.38
445.90	-2338.04	0.00	2908.61
446.00	-1356.36	0.00	2885.37
446.10	-355.53	0.00	2850.74
446.20	659.46	0.00	2804.86
446.30	1683.23	0.00	2747.91
446.40	2710.09	0.00	2680.11
446.50	3734.06	0.00	2601.74
446.60	4748.93	0.00	2513.10
446.70	5748.32	0.00	2414.54
446.80	6725.74	0.00	2306.45
446.90	7674.65	0.00	2189.26
447.00	8588.56	0.00	2063.43
447.10	9461.04	0.00	1929.46
447.20	10285.86	0.00	1787.87
447.30	11056.99	0.00	1639.23
447.40	11768.73	0.00	1484.11
447.50	12415.73	0.00	1323.14
447.60	12993.07	0.00	1156.95
447.70	13496.31	0.00	986.19
447.80	13921.54	0.00	811.54
447.90	14265.44	0.00	633.69
448.00	14525.31	0.00	453.33
448.10	14699.10	0.00	271.19
448.20	14785.42	0.00	87.98
448.30	14791.69	0.00	-95.58
448.40	14762.51	0.00	-278.77
448.50	14704.50	0.00	-460.85
448.60	14617.19	0.00	-641.11
448.70	14499.87	0.00	-818.85
448.80	14351.66	0.00	-993.35
448.90	14171.47	0.00	-1163.93
449.00	13958.09	0.00	-1329.92
449.10	13710.19	0.00	-1490.66
449.20	13426.38	0.00	-1645.52
449.30	13105.23	0.00	-1793.88
449.40	12745.34	0.00	-1935.17
449.50	12345.36	0.00	-2068.81
449.60	11904.06	0.00	-2194.29
449.70	11420.39	0.00	-2311.12
449.80	10893.50	0.00	-2418.82
449.90	10322.79	0.00	-2516.97
450.00	9707.98	0.00	-2605.19
450.10	9049.13	0.00	-2683.13
450.20	8346.67	0.00	-2750.48
450.30	7601.47	0.00	-2806.98
450.40	6814.82	0.00	-2852.40
450.50	5988.47	0.00	-2886.56
450.60	5124.66	0.00	-2909.33
450.70	4226.10	0.00	-2920.62
450.80	3296.00	0.00	-2920.38
450.90	2338.04	0.00	-2908.61
451.00	1356.36	0.00	-2885.37
451.10	355.53	0.00	-2850.74
451.20	-659.46	0.00	-2804.86
451.30	-1683.23	0.00	-2747.91
451.40	-2710.09	0.00	-2680.11
451.50	-3734.06	0.00	-2601.74
451.60	-4748.93	0.00	-2513.10
451.70	-5748.32	0.00	-2414.54
451.80	-6725.74	0.00	-2306.45
451.90	-7674.65	0.00	-2189.26
452.00	-8588.56	0.00	-2063.43
452.10	-9461.04	0.00	-1929.46
452.20	-10285.86	0.00	-1787.87
452.30	-11056.99	0.00	-1639.23
452.40	-11768.73	0.00	-1484.11
452.50	-12415.73	0.00	-1323.14
452.60	-12993.07	0.00	-1156.95
452.70	-13496.31	0.00	-986.19
452.80	-13921.54	0.00	-811.54
452.90	-14265.44	0.00	-633.69
453.00	-14525.31	0.00	-453.33
453.10	-14699.10	0.00	-271.19
453.20	-14785.42	0.00	-87.98
453.30	-14791.69	0.00	95.58
453.40	-14762.51	0.00	278.77
453.50	-14704.50	0.00	460.85
453.60	-14617.19	0.00	641.11
453.70	-14499.87	0.00	818.85
453.80	-14351.66	0.00	993.35
453.90	-14171.47	0.00	1163.93
454.00	-13958.09	0.00	1329.92
454.10	-13710.19	0.00	1490.66
454.20	-13426.38	0.00	1645.52
454.30	-13105.23	0.00	1793.88
454.40	-12745.34	0.00	1935.17
454.50	-12345.36	0.00	2068.81
454.60	-11904.06	0.00	2194.29
454.70	-11420.39	0.00	2311.12
454.80	-10893.50	0.00	2418.82
454.90	-10322.79	0.00	2516.97
455.00	-9707.98	0.00	2605.19
455.10	-9049.13	0.00	2683.13
455.20	-8346.67	0.00	2750.48
455.30	-7601.47	0.00	2806.98
455.40	-6814.82	0.00	2852.40
455.50	-5988.47	0.00	2886.56
455.60	-5124.66	0.00	2909.33
455.70	-4226.10	0.00	2920.62
455.80	-3296.00	0.00	2920.38
455.90	-2338.04	0.00	2908.61
456.00	-1356.36	0.00	2885.37
456.10	-355.53	0.00	2850.74
456.20	659.46	0.00	2804.86
456.30	1683.23	0.00	2747.91
456.40	2710.09	0.00	2680.11
456.50	3734.06	0.00	2601.74
456.60	4748.93	0.00	2513.10
456.70	5748.32	0.00	2414.54
456.80	6725.74	0.00	2306.45
456.90	7674.65	0.00	2189.26
457.00	8588.56	0.00	2063.43
457.10	9461.04	0.00	1929.46
457.20	10285.86	0.00	1787.87
457.30	11056.99	0.00	1639.23
457.40	11768.73	0.00	1484.11
457.50	12415.73	0.00	1323.14
457.60	12993.07	0.00	1156.95
457.70	13496.31	0.00	986.19
457.80	13921.54	0.00	811.54
457.90	14265.44	0.00	633.69
458.00	14525.31	0.00	453.33
458.10	14699.10	0.00	271.19
458.20	14785.42	0.00	87.98
458.30	14791.69	0.00	-95.58
458.40	14762.51	0.00	-278.77
458.50	14704.50	0.00	-460.85
458.60	14617.19	0.00	-641.11
458.70	14499.87	0.00	-818.85
458.80	14351.66	0.00	-993.35
458.90	14171.47	0.00	-1163.93
459.00	13958.09	0.00	-1329.92
459.10	13710.19	0.00	-1490.66
459.20	13426.38	0.00	-1645.52
459.30	13105.23	0.00	-1793.88
459.40	12745.34	0.00	-1935.17
459.50	12345.36	0.00	-2068.81
459.60	11904.06	0.00	-2194.29
459.70	11420.39	0.00	-2311.12
459.80	10893.50	0.00	-2418.82
459.90	10322.79	0.00	-2516.97
460.00	9707.98	0.00	-2605.19
460.10	9049.13	0.00	-2683.13
460.20	8346.67	0.00	-2750.48
460.30	7601.47	0.00	-2806.98
460.40	6814.82	0.00	-2852.40
460.50	5988.47	0.00	-2886.56
460.60	5124.66	0.00	-2909.33
460.70	4226.10	0.00	-2920.62
460.80	3296.00	0.00	-2920.38
460.90	2338.04	0.00	-2908.61
461.00	1356.36	0.00	-2885.37
461.10	355.53	0.00	-2850.74
461.20	-659.46	0.00	-2804.86
461.30	-1683.23	0.00	-2747.91
461.40	-2710.09	0.00	-2680.11
461.50	-3734.06	0.00	-2601.74
461.60	-4748.93	0.00	-2513.10
461.70	-5748.32	0.00	-2414.54
461.80	-6725.74	0.00	-2306.45
461.90	-7674.65	0.00	-2189.26
462.00	-8588.56	0.00	-2063.43
462.10	-9461.04	0.00	-1929.46
462.20	-10285.86	0.00	-1787.87
462.30	-11056.99	0.00	-1639.23
462.40	-11768.73	0.00	-1484.11
462.50	-12415.73	0.00	-1323.14
462.60	-12993.07	0.00	-1156.95
462.70	-13496.31	0.00	-986.19
462.80	-13921.54	0.00	-811.54
462.90	-14265.44	0.00	-633.69
463.00	-14525.31	0.00	-453.33
463.10	-14699.10	0.00	-271.19
463.20	-14785.42	0.00	-87.98
463.30	-14791.69	0.00	95.58
463.40	-14762.51	0.00	278.77
463.50	-14704.50	0.00	460.85
463.60	-14617.19	0.00	641.11
463.70	-14499.87	0.00	818.85
463.80	-14351.66	0.00	993.35
463.90	-14171.47	0.00	1163.93
464.00	-13958.09	0.00	1329.92
464.10	-13710.19	0.00	1490.66
464.20	-13426.38	0.00	1645.52
464.30	-13105.23	0.00	1793.88
464.40	-12745.34	0.00	1935.17
464.50	-12345.36	0.00	2068.81
464.60	-11904.06	0.00	2194.29
464.70	-11420.39	0.00	2311.12
464.80	-10893.50	0.00	2418.82
464.90	-10322.79	0.00	2516.97
465.00	-9707.98	0.00	2605.19
465.10	-9049.13	0.00	2683.13
465.20	-8346.67	0.00	2750.48
465.30	-7601.47	0.00	2806.98
465.40	-6814.82	0.00	2852.40
465.50	-5988.47	0.00	2886.56
465.60	-5124.66	0.00	2909.33
465.70	-4226.10	0.00	2920.62
465.80	-3296.00	0.00	2920.38
465.90	-2338.04	0.00	2908.61
466.00	-1356.36	0.00	2885.37
466.10	-355.53	0.00	2850.74
466.20	659.46	0.00	2804.86
466.30	1683.23	0.00	2747.91
466.40	2710.09	0.00	2680.11
466.50	3734.06	0.00	2601.74
466.60	4748.93	0.00	2513.10
466.70	5748.32	0.00	2414.54
466.80	6725.74	0.00	2306.45
466.90	7674.65	0.00	2189.26
467.00	8588.56	0.00	2063.43
467.10	9461.04	0.00	1929.46
467.20	10285.86	0.00	1787.87
467.30	11056.99	0.00	1639.23
467.40	11768.73	0.00	1484.11
467.50	12415.73	0.00	1323.14
467.60	12993.07	0.00	1156.95
467.70	13496.31	0.00	986.19
467.80	13921.54	0.00	811.54
467.90	14265.44	0.00	633.69
468.00	14525.31	0.00	453.33
468.10	14699.10	0.00	271.19
468.20	14785.42	0.00	87.98
468.30	14791.69	0.00	-95.58
468.40	14762.51	0.00	-278.77
468.50	14704.50	0.00	-460.85
468.60	14617.19	0.00	-641.11
468.70	14499.87	0.00	-818.85
468.80	14351.66	0.00	-993.35
468.90	14171.47	0.00	-1163.93
469.00	13958.09	0.00	-1329.92
469.10	13710.19	0.00	-1490.66
469.20	13426.38	0.00	-1645.52
469.30	13105.23	0.00	-1793.88
469.40	12745.34	0.00	-1935.17
469.50	12345.36	0.00	-2068.81
469.60	11904.06	0.00	-2194.29
469.70	11420.39	0.00	-2311.12
469.80	10893.50	0.00	-2418.82
469.90	10322.79	0.00	-2516.97
470.00	9707.98	0.00	-2605.19
470.10	9049.13	0.00	-2683.13
470.20	8346.67	0.00	-2750.48
470.30	7601.47	0.00	-2806.98
470.40	6814.82	0.00	-2852.40
470.50	5988.47	0.00	-2886.56
470.60	5124.66	0.00	-2909.33
470.70	4226.10	0.00	-2920.62
470.80	3296.00	0.00	-2920.38
470.90	2338.04	0.00	-2908.61
471.00	1356.36	0.00	-2885.37
471.10	355.53	0.00	-2850.74
471.20	-659.46	0.00	-2804.86
471.30	-1683.23	0.00	-2747.91
471.40	-2710.09	0.00	-2680.11
471.50	-3734.06	0.00	-2601.74
471.60	-4748.93	0.00	-2513.10
471.70	-5748.32	0.00	-2414.54
471.80	-6725.74	0.00	-2306.45
471.90	-7674.65	0.00	-2189.26
472.00	-8588.56	0.00	-2063.43
472.10	-9461.04	0.00	-1929.46
472.20	-10285.86	0.00	-1787.87
472.30	-11056.99	0.00	-1639.23
472.40	-11768.73	0.00	-1484.11
472.50	-12415.73	0.00	-1323.14
472.60	-12993.07	0.00	-1156.95
472.70	-13496.31	0.00	-986.19
472.80	-13921.54	0.00	-811.54
472.90	-14265.44	0.00	-633.69
473.00	-14525.31	0.00	-453.33
473.10	-14699.10	0.00	-271.19
473.20	-14785.42	0.00	-87.98
473.30	-14791.69	0.00	95.58
473.40	-14762.51	0.00	278.77
473.50	-14704.50	0.00	460.85
473.60	-14617.19	0.00	641.11
473.70	-14499.87	0.00	818.85
473.80	-14351.66	0.00	993.35
473.90	-14171.47	0.00	1163.93
474.00	-13958.09	0.00	1329.92
474.10	-13710.19	0.00	1490.66
474.20	-13426.38	0.00	1645.52
474.30	-13105.23	0.00	1793.88
474.40	-12745.34	0.00	1935.17
474.50	-12345.36	0.00	2068.81
474.60	-11904.06	0.00	2194.29
474.70	-11420.39	0.00	2311.12
474.80	-10893.50	0.00	2418.82
474.90	-10322.79	0.00	2516.97
475.00	-9707.98	0.00	2605.19
475.10	-9049.13	0.00	2683.13
475.20	-8346.67	0.00	2750.48
475.30	-7601.47	0.00	2806.98
475.40	-6814.82	0.00	2852.40
475.50	-5988.47	0.00	2886.56
475.60	-5124.66	0.00	2909.33
475.70	-4226.10	0.00	2920.62
475.80	-3296.00	0.00	2920.38
475.90	-2338.04	0.00	2908.61
476.00	-1356.36	0.00	2885.37
476.10	-355.53	0.00	2850.74
476.20	659.46	0.00	2804.86
476.30	1683.23	0.00	2747.91
476.40	2710.09	0.00	2680.11
476.50	3734.06	0.00	2601.74
476.60	4748.93	0.00	2513.10
476.70	5748.32	0.00	2414.54
476.80	6725.74	0.00	2306.45
476.90	7674.65	0.00	2189.26
477.00	8588.56	0.00	2063.43
477.10	9461.04	0.00	1929.46
477.20	10285.86	0.00	1787.87
477.30	11056.99	0.00	1639.23
477.40	11768.73	0.00	1484.11
477.50	12415.73	0.00	1323.14
477.60	12993.07	0.00	1156.95
477.70	13496.31	0.00	986.19
477.80	13921.54	0.00	811.54
477.90	14265.44	0.00	633.69
478.00	14525.31	0.00	453.33
478.10	14699.10	0.00	271.19
478.20	14785.42	0.00	87.98
478.30	14791.69	0.00	-95.58
478.40	14762.51	0.00	-278.77
478.50	14704.50	0.00	-460.85
478.60	14617.19	0.00	-641.11
478.70	14499.87	0.00	-818.85
478.80	14351.66	0.00	-993.35
478.90	14171.47	0.00	-1163.93
479.00	13958.09	0.00	-1329.92
479.10	13710.19	0.00	-1490.66
479.20	13426.38	0.00	-1645.52
479.30	13105.23	0.00	-1793.88
479.40	12745.34	0.00	-1935.17
479.50	12345.36	0.00	-2068.81
479.60	11904.06	0.00	-2194.29
479.70	11420.39	0.00	-2311.12
479.80	10893.50	0.00	-2418.82
479.90	10322.79	0.00	-2516.97
480.00	9707.98	0.00	-2605.19
480.10	9049.13	0.00	-2683.13
480.20	8346.67	0.00	-2750.48
480.30	7601.47	0.00	-2806.98
480.40	6814.82	0.00	-2852.40
480.50	5988.47	0.00	-2886.56
480.60	5124.66	0.00	-2909.33
480.70	4226.10	0.00	-2920.62
480.80	3296.00	0.00	-2920.38
480.90	2338.04	0.00	-2908.61
481.00	1356.36	0.00	-2885.37
481.10	355.53	0.00	-2850.74
481.20	-659.46	0.00	-2804.86
481.30	-1683.23	0.00	-2747.91
481.40	-2710.09	0.00	-2680.11
481.50	-3734.06	0.00	-2601.74
481.60	-4748.93	0.00	-2513.10
481.70	-5748.32	0.00	-2414.54
481.80	-6725.74	0.00	-2306.45
481.90	-7674.65	0.00	-2189.26
482.00	-8588.56	0.00	-2063.43
482.10	-9461.04	0.00	-1929.46
482.20	-10285.86	0.00	-1787.87
482.30	-11056.99	0.00	-1639.23
482.40	-11768.73	0.00	-1484.11
482.50	-12415.73	0.00	-1323.14
482.60	-12993.07	0.00	-1156.95
482.70	-13496.31	0.00	-986.19
482.80	-13921.54	0.00	-811.54
482.90	-14265.44	0.00	-633.69
483.00	-14525.31	0.00	-453.33
483.10	-14699.10	0.00	-271.19
483.20	-14785.42	0.00	-87.98
483.30	-14791.69	0.00	95.58
483.40	-14762.51	0.00	278.77
483.50	-14704.50	0.00	460.85
483.60	-14617.19	0.00	641.11
483.70	-14499.87	0.00	818.85
483.80	-14351.66	0.00	993.35
483.90	-14171.47	0.00	1163.93
484.00	-13958.09	0.00	1329.92
484.10	-13710.19	0.00	1490.66
484.20	-13426.38	0.00	1645.52
484.30	-13105.23	0.00	1793.88
484.40	-12745.34	0.00	1935.17
484.50	-12345.36	0.00	2068.81
484.60	-11904.06	0.00	2194.29
484.70	-11420.39	0.00	2311.12
484.80	-10893.50	0.00	2418.82
484.90	-10322.79	0.00	2516.97
485.00	-9707.98	0.00	2605.19
485.10	-9049.13	0.00	2683.13
485.20	-8346.67	0.00	2750.48
485.30	-7601.47	0.00	2806.98
485.40	-6814.82	0.00	2852.40
485.50	-5988.47	0.00	2886.56
485.60	-5124.66	0.00	2909.33
485.70	-4226.10	0.00	2920.62
485.80	-3296.00	0.00	2920.38
485.90	-2338.04	0.00	2908.61
486.00	-1356.36	0.00	2885.37
486.10	-355.53	0.00	2850.74
486.20	659.46	0.00	2804.86
486.30	1683.23	0.00	2747.91
486.40	2710.09	0.00	2680.11
486.50	3734.06	0.00	2601.74
486.60	4748.93	0.00	2513.10
486.70	5748.32	0.00	2414.54
486.80	6725.74	0.00	2306.45
486.90	7674.65	0.00	2189.26
487.00	8588.56	0.00	2063.43
487.10	9461.04	0.00	1929.46
487.20	10285.86	0.00	1787.87
487.30	11056.99	0.00	1639.23
487.40	11768.73	0.00	1484.11
487.50	12415.73	0.00	1323.14
487.60	12993.07	0.00	1156.95
487.70	13496.31	0.00	986.19
487.80	13921.54	0.00	811.54
487.90	14265.44	0.00	633.69
488.00	14525.31	0.00	453.33
488.10	14699.10	0.00	271.19
488.20	14785.42	0.00	87.98
488.30	14791.69	0.00	-95.58
488.40	14762.51	0.00	-278.77
488.50	14704.50	0.00	-460.85
488.60	14617.19	0.00	-641.11
488.70	14499.87	0.00	-818.85
488.80	14351.66	0.00	-993.35
488.90	14171.47	0.00	-1163.93
489.00	13958.09	0.00	-1329.92
489.10	13710.19	0.00	-1490.66
489.20	13426.38	0.00	-1645.52
489.30	13105.23	0.00	-1793.88
489.40	12745.34	0.00	-1935.17
489.50	12345.36	0.00	-2068.81
489.60	11904.06	0.00	-2194.29
489.70	11420.39	0.00	-2311.12
489.80	10893.50	0.00	-2418.82
489.90	10322.79	0.00	-2516.97
490.00	9707.98	0.00	-2605.19
490.10	9049.13	0.00	-2683.13
490.20	8346.67	0.00	-2750.48
490.30	7601.47	0.00	-2806.98
490.40	6814.82	0.00	-2852.40
490.50	5988.47	0.00	-2886.56
490.60	5124.66	0.00	-2909.33
490.70	4226.10	0.00	-2920.62
490.80	3296.00	0.00	-2920.38
490.90	2338.04	0.00	-2908.61
491.00	1356.36	0.00	-2885.37
491.10	355.53	0.00	-2850.74
491.20	-659.46	0.00	-2804.86
491.30	-1683.23	0.00	-2747.91
491.40	-2710.09	0.00	-2680.11
491.50	-3734.06	0.00	-2601.74
491.60	-4748.93	0.00	-2513.10
491.70	-5748.32	0.00	-2414.54
491.80	-6725.74	0.00	-2306.45
491.90	-7674.65	0.00	-2189.26
492.00	-8588.56	0.00	-2063.43
492.10	-9461.04	0.00	-1929.46
492.20	-10285.86	0.00	-1787.87
492.30	-11056.99	0.00	-1639.23
492.40	-11768.73	0.00	-1484.11
492.50	-12415.73	0.00	-1323.14
492.60	-12993.07	0.00	-1156.95
492.70	-13496.31	0.00	-986.19
492.80	-13921.54	0.00	-811.54
492.90	-14265.44	0.00	-633.69
493.00	-14525.31	0.00	-453.33
493.10	-14699.10	0.00	-271.19
493.20	-14785.42	0.00	-87.98
493.30	-14791.69	0.00	95.58
493.40	-14762.51	0.00	278.77
493.50	-14704.50	0.00	460.85
493.60	-14617.19	0.00	641.11
493.70	-14499.87	0.00	818.85
493.80	-14351.66	0.00	993.35
493.90	-14171.47	0.00	1163.93
494.00	-13958.09	0.00	1329.92
494.10	-13710.19	0.00	1490.66
494.20	-13426.38	0.00	1645.52
494.30	-13105.23	0.00	1793.88
494.40	-12745.34	0.00	1935.17
494.50	-12345.36	0.00	2068.81
494.60	-11904.06	0.00	2194.29
494.70	-11420.39	0.00	2311.12
494.80	-10893.50	0.00	2418.82
494.90	-10322.79	0.00	2516.97
495.00	-9707.98	0.00	2605.19
495.10	-9049.13	0.00	2683.13
495.20	-8346.67	0.00	2750.48
495.30	-7601.47	0.00	2806.98
495.40	-6814.82	0.00	2852.40
495.50	-5988.47	0.00	2886.56
495.60	-5124.66	0.00	2909.33
495.70	-4226.10	0.00	2920.62
495.80	-3296.00	0.00	2920.38
495.90	-2338.04	0.00	2908.61
496.00	-1356.36	0.00	2885.37
496.10	-355.53	0.00	2850.74
496.20	659.46	0.00	2804.86
496.30	1683.23	0.00	2747.91
496.40	2710.09	0.00	2680.11
496.50	3734.06	0.00	2601.74
496.60	4748.93	0.00	2513.10
496.70	5748.32	0.00	2414.54
496.80	6725.74	0.00	2306.45
496.90	7674.65	0.00	2189.26
497.00	8588.56	0.00	2063.43
497.10	9461.04	0.00	1929.46
497.20	10285.86	0.00	1787.87
497.30	11056.99	0.00	1639.23
497.40	11768.73	0.00	1484.11
497.50	12415.73	0.00	1323.14
497.60	12993.07	0.00	1156.95
497.70	13496.31	0.00	986.19
497.80	13921.54	0.00	811.54
497.90	14265.44	0.00	633.69
498.00	14525.31	0.00	453.33
498.10	14699.10	0.00	271.19
498.20	14785.42	0.00	87.98
498.30	14791.69	0.00	-95.58
498.40	14762.51	0.00	-278.77
498.50	14704.50	0.00	-460.85
498.60	14617.19	0.00	-641.11
498.70	14499.87	0.00	-818.85
498.80	14351.66	0.00	-993.35
498.90	14171.47	0.00	-1163.93
499.00	13958.09	0.00	-1329.92
499.10	13710.19	0.00	-1490.66
499.20	13426.38	0.00	-1645.52
499.30	13105.23	0.00	-1793.88
499.40	12745.34	0.00	-1935.17
499.50	12345.36	0.00	-2068.81
499.60	11904.06	0.00	-2194.29
499.70	11420.39	0.00	-2311.12
499.80	10893.50	0.00	-2418.82
499.90	10322.79	0.00	-2516.97
500.00	9707.98	0.00	-2605.19
500.10	9049.13	0.00	-2683.13
500.20	8346.67	0.00	-2750.48
500.30	7601.47	0.00	-2806.98
500.40	6814.82	0.00	-2852.40
500.50	5988.47	0.00	-2886.56
500.60	5124.66	0.00	-2909.33
500.70	4226.10	0.00	-2920.62
500.80	3296.00	0.00	-2920.38
500.90	2338.04	0.00	-2908.61
501.00	1356.36	0.00	-2885.37
501.10	355.53	0.00	-2850.74
501.20	-659.46	0.00	-2804.86
501.30	-1683.23	0.00	-2747.91
501.40	-2710.09	0.00	-2680.11
501.50	-3734.06	0.00	-2601.74
501.60	-4748.93	0.00	-2513.10
501.70	-5748.32	0.00	-2414.54
501.80	-6725.74	0.00	-2306.45
501.90	-7674.65	0.00	-2189.26
502.00	-8588.56	0.00	-2063.43
502.10	-9461.04	0.00	-1929.46
502.20	-10285.86	0.00	-1787.87
502.30	-11056.99	0.00	-1639.23
502.40	-11768.73	0.00	-1484.11
502.50	-12415.73	0.00	-1323.14
502.60	-12993.07	0.00	-1156.95
502.70	-13496.31	0.00	-986.19
502.80	-13921.54	0.00	-811.54
502.90	-14265.44	0.00	-633.69
503.00	-14525.31	0.00	-453.33
503.10	-14699.10	0.00	-271.19
503.20	-14785.42	0.00	-87.98
503.30	-14791.69	0.00	95.58
503.40	-14762.51	0.00	278.77
503.50	-14704.50	0.00	460.85
503.60	-14617.19	0.00	641.11
503.70	-14499.87	0.00	818.85
503.80	-14351.66	0.00	993.35
503.90	-14171.47	0.00	1163.93
504.00	-13958.09	0.00	1329.92
504.10	-13710.19	0.00	1490.66
504.20	-13426.38	0.00	1645.52
504.30	-13105.23	0.00	1793.88
504.40	-12745.34	0.00	1935.17
504.50	-12345.36	0.00	2068.81
504.60	-11904.06	0.00	2194.29
504.70	-11420.39	0.00	2311.12
504.80	-10893.50	0.00	2418.82
504.90	-10322.79	0.00	2516.97
505.00	-9707.98	0.00	2605.19
505.10	-9049.13	0.00	2683.13
505.20	-8346.67	0.00	2750.48
505.30	-7601.47	0.00	2806.98
505.40	-6814.82	0.00	2852.40
505.50	-5988.47	0.00	2886.56
505.60	-5124.66	0.00	2909.33
505.70	-4226.10	0.00	2920.62
505.80	-3296.00	0.00	2920.38
505.90	-2338.04	0.00	2908.61
506.00	-1356.36	0.00	2885.37
506.10	-355.53	0.00	2850.74
506.20	659.46	0.00	2804.86
506.30	1683.23	0.00	2747.91
506.40	2710.09	0.00	2680.11
506.50	3734.06	0.00	2601.74
506.60	4748.93	0.00	2513.10
506.70	5748.32	0.00	2414.54
506.80	6725.74	0.00	2306.45
506.90	7674.65	0.00	2189.26
507.00	8588.56	0.00	2063.43
507.10	9461.04	0.00	1929.46
507.20	10285.86	0.00	1787.87
507.30	11056.99	0.00	1639.23
507.40	11768.73	0.00	1484.11
507.50	12415.73	0.00	1323.14
507.60	12993.07	0.00	1156.95
507.70	13496.31	0.00	986.19
507.80	13921.54	0.00	811.54
507.90	14265.44	0.00	633.69
508.00	14525.31	0.00	453.33
508.10	14699.10	0.00	271.19
508.20	14785.42	0.00	87.98
508.30	14791.69	0.00	-95.58
508.40	14762.51	0.00	-278.77
508.50	14704.50	0.00	-460.85
508.60	14617.19	0.00	-641.11
508.70	14499.87	0.00	-818.85
508.80	14351.66	0.00	-993.35
508.90	14171.47	0.00	-1163.93
509.00	13958.09	0.00	-1329.92
509.10	13710.19	0.00	-1490.66
509.20	13426.38	0.00	-1645.52
509.30	13105.23	0.00	-1793.88
509.40	12745.34	0.00	-1935.17
509.50	12345.36	0.00	-2068.81
509.60	11904.06	0.00	-2194.29
509.70	11420.39	0.00	-2311.12
509.80	10893.50	0.00	-2418.82
509.90	10322.79	0.00	-2516.97
510.00	9707.98	0.00	-2605.19
510.10	9049.13	0.00	-2683.13
510.20	8346.67	0.00	-2750.48
510.30	7601.47	0.00	-2806.98
510.40	6814.82	0.00	-2852.40
510.50	5988.47	0.00	-2886.56
510.60	5124.66	0.00	-2909.33
510.70	4226.10	0.00	-2920.62
510.80	3296.00	0.00	-2920.38
510.90	2338.04	0.00	-2908.61
511.00	1356.36	0.00	-2885.37
511.10	355.53	0.00	-2850.74
511.20	-659.46	0.00	-2804.86
511.30	-1683.23	0.00	-2747.91
511.40	-2710.09	0.00	-2680.11
511.50	-3734.06	0.00	-2601.74
511.60	-4748.93	0.00	-2513.10
511.70	-5748.32	0.00	-2414.54
511.80	-6725.74	0.00	-2306.45
511.90	-7674.65	0.00	-2189.26
512.00	-8588.56	0.00	-2063.43
512.10	-9461.04	0.00	-1929.46
512.20	-10285.86	0.00	-1787.87
512.30	-11056.99	0.00	-1639.23
512.40	-11768.73	0.00	-1484.11
512.50	-12415.73	0.00	-1323.14
512.60	-12993.07	0.00	-1156.95
512.70	-13496.31	0.00	-986.19
512.80	-13921.54	0.00	-811.54
512.90	-14265.44	0.00	-633.69
513.00	-14525.31	0.00	-453.33
513.10	-14699.10	0.00	-271.19
513.20	-14785.42	0.00	-87.98
513.30	-14791.69	0.00	95.58
513.40	-14762.51	0.00	278.77
513.50	-14704.50	0.00	460.85
513.60	-14617.19	0.00	641.11
513.70	-14499.87	0.00	818.85
513.80	-14351.66	0.00	993.35
513.90	-14171.47	0.00	1163.93
514.00	-13958.09	0.00	1329.92
514.10	-13710.19	0.00	1490.66
514.20	-13426.38	0.00	1645.52
514.30	-13105.23	0.00	1793.88
514.40	-12745.34	0.00	1935.17
514.50	-12345.36	0.00	2068.81
514.60	-11904.06	0.00	2194.29
514.70	-11420.39	0.00	2311.12
514.80	-10893.50	0.00	2418.82
514.90	-10322.79	0.00	2516.97
515.00	-9707.98	0.00	2605.19
515.10	-9049.13	0.00	2683.13
515.20	-8346.67	0.00	2750.48
515.30	-7601.47	0.00	2806.98
515.40	-6814.82	0.00	2852.40
515.50	-5988.47	0.00	2886.56
515.60	-5124.66	0.00	2909.33
515.70	-4226.10	0.00	2920.62
515.80	-3296.00	0.00	2920.38
515.90	-2338.04	0.00	2908.61
516.00	-1356.36	0.00	2885.37
516.10	-355.53	0.00	2850.74
516.20	659.46	0.00	2804.86
516.30	1683.23	0.00	2747.91
516.40	2710.09	0.00	2680.11
516.50	3734.06	0.00	2601.74
516.60	4748.93	0.00	2513.10
516.70	5748.32	0.00	2414.54
516.80	6725.74	0.00	2306.45
516.90	7674.65	0.00	2189.26
517.00	8588.56	0.00	2063.43
517.10	9461.04	0.00	1929.46
517.20	10285.86	0.00	1787.87
517.30	11056.99	0.00	1639.23
517.40	11768.73	0.00	1484.11
517.50	12415.73	0.00	1323.14
517.60	12993.07	0.00	1156.95
517.70	13496.31	0.00	986.19
517.80	13921.54	0.00	811.54
517.90	14265.44	0.00	633.69
518.00	14525.31	0.00	453.33
518.10	14699.10	0.00	271.19
518.20	14785.42	0.00	87.98
518.30	14791.69	0.00	-95.58
518.40	14762.51	0.00	-278.77
518.50	14704.50	0.00	-460.85
518.60	14617.19	0.00	-641.11
518.70	14499.87	0.00	-818.85
518.80	14351.66	0.00	-993.35
518.90	14171.47	0.00	-1163.93
519.00	13958.09	0.00	-1329.92
519.10	13710.19	0.00	-1490.66
519.20	13426.38	0.00	-1645.52
519.30	13105.23	0.00	-1793.88
519.40	12745.34	0.00	-1935.17
519.50	12345.36	0.00	-2068.81
519.60	11904.06	0.00	-2194.29
519.70	11420.39	0.00	-2311.12
519.80	10893.50	0.00	-2418.82
519.90	10322.79	0.00	-2516.97
520.00	9707.98	0.00	-2605.19
520.10	9049.13	0.00	-2683.13
520.20	8346.67	0.00	-2750.48
520.30	7601.47	0.00	-2806.98
520.40	6814.82	0.00	-2852.40
520.50	5988.47	0.00	-2886.56
520.60	5124.66	0.00	-2909.33
520.70	4226.10	0.00	-2920.62
520.80	3296.00	0.00	-2920.38
520.90	2338.04	0.00	-2908.61
521.00	1356.36	0.00	-2885.37
521.10	355.53	0.00	-2850.74
521.20	-659.46	0.00	-2804.86
521.30	-1683.23	0.00	-2747.91
521.40	-2710.09	0.00	-2680.11
521.50	-3734.06	0.00	-2601.74
521.60	-4748.93	0.00	-2513.10
521.70	-5748.32	0.00	-2414.54
521.80	-6725.74	0.00	-2306.45
521.90	-7674.65	0.00	-2189.26
522.00	-8588.56	0.00	-2063.43
522.10	-9461.04	0.00	-1929.46
522.20	-10285.86	0.00	-1787.87
522.30	-11056.99	0.00	-1639.23
522.40	-11768.73	0.00	-1484.11
522.50	-12415.73	0.00	-1323.14
522.60	-12993.07	0.00	-1156.95
522.70	-13496.31	0.00	-986.19
522.80	-13921.54	0.00	-811.54
522.90	-14265.44	0.00	-633.69
523.00	-14525.31	0.00	-453.33
523.10	-14699.10	0.00	-271.19
523.20	-14785.42	0.00	-87.98
523.30	-14791.69	0.00	95.58
523.40	-14762.51	0.00	278.77
523.50	-14704.50	0.00	460.85
523.60	-14617.19	0.00	641.11
523.70	-14499.87	0.00	818.85
523.80	-14351.66	0.00	993.35
523.90	-14171.47	0.00	1163.93
524.00	-13958.09	0.00	1329.92
524.10	-13710.19	0.00	1490.66
524.20	-13426.38	0.00	1645.52
524.30	-13105.23	0.00	1793.88
524.40	-12745.34	0.00	1935.17
524.50	-12345.36	0.00	2068.81
524.60	-11904.06	0.00	2194.29
524.70	-11420.39	0.00	2311.12
524.80	-10893.50	0.00	2418.82
524.90	-10322.79	0.00	2516.97
525.00	-9707.98	0.00	2605.19
525.10	-9049.13	0.00	2683.13
525.20	-8346.67	0.00	2750.48
525.30	-7601.47	0.00	2806.98
525.40	-6814.82	0.00	2852.40
525.50	-5988.47	0.00	2886.56
525.60	-5124.66	0.00	2909.33
525.70	-4226.10	0.00	2920.62
525.80	-3296.00	0.00	2920.38
525.90	-2338.04	0.00	2908.61
526.00	-1356.36	0.00	2885.37
526.10	-355.53	0.00	2850.74
526.20	659.46	0.00	2804.86
526.30	1683.23	0.00	2747.91
526.40	2710.09	0.00	2680.11
526.50	3734.06	0.00	2601.74
526.60	4748.93	0.00	2513.10
526.70	5748.32	0.00	2414.54
526.80	6725.74	0.00	2306.45
526.90	7674.65	0.00	2189.26
527.00	8588.56	0.00	2063.43
527.10	9461.04	0.00	1929.46
527.20	10285.86	0.00	1787.87
527.30	11056.99	0.00	1639.23
527.40	11768.73	0.00	1484.11
527.50	12415.73	0.00	1323.14
527.60	12993.07	0.00	1156.95
527.70	13496.31	0.00	986.19
527.80	13921.54	0.00	811.54
527.90	14265.44	0.00	633.69
528.00	14525.31	0.00	453.33
528.10	14699.10	0.00	271.19
528.20	14785.42	0.00	87.98
528.30	14791.69	0.00	-95.58
528.40	14762.51	0.00	-278.77
528.50	14704.50	0.00	-460.85
528.60	14617.19	0.00	-641.11
528.70	14499.87	0.00	-818.85
528.80	14351.66	0.00	-993.35
528.90	14171.47	0.00	-1163.93
529.00	13958.09	0.00	-1329.92
529.10	13710.19	0.00	-1490.66
529.20	13426.38	0.00	-1645.52
529.30	13105.23	0.00	-1793.88
529.40	12745.34	0.00	-1935.17
529.50	12345.36	0.00	-2068.81
529.60	11904.06	0.00	-2194.29
529.70	11420.39	0.00	-2311.12
529.80	10893.50	0.00	-2418.82
529.90	10322.79	0.00	-2516.97
530.00	9707.98	0.00	-2605.19
530.10	9049.13	0.00	-2683.13
530.20	8346.67	0.00	-2750.48
530.30	7601.47	0.00	-2806.98
530.40	6814.82	0.00	-2852.40
530.50	5988.47	0.00	-2886.56
530.60	5124.66	0.00	-2909.33
530.70	4226.10	0.00	-2920.62
530.80	3296.00	0.00	-2920.38
530.90	2338.04	0.00	-2908.61
531.00	1356.36	0.00	-2885.37
531.10	355.53	0.00	-2850.74
531.20	-659.46	0.00	-2804.86
531.30	-1683.23	0.00	-2747.91
531.40	-2710.09	0.00	-2680.11
531.50	-3734.06	0.00	-2601.74
531.60	-4748.93	0.00	-2513.10
531.70	-5748.32	0.00	-2414.54
531.80	-6725.74	0.00	-2306.45
531.90	-7674.65	0.00	-2189.26
532.00	-8588.56	0.00	-2063.43
532.10	-9461.04	0.00	-1929.46
532.20	-10285.86	0.00	-1787.87
532.30	-11056.99	0.00	-1639.23
532.40	-11768.73	0.00	-1484.11
532.50	-12415.73	0.00	-1323.14
532.60	-12993.07	0.00	-1156.95
532.70	-13496.31	0.00	-986.19
532.80	-13921.54	0.00	-811.54
532.90	-14265.44	0.00	-633.69
533.00	-14525.31	0.00	-453.33
533.10	-14699.10	0.00	-271.19
533.20	-14785.42	0.00	-87.98
533.30	-14791.69	0.00	95.58
533.40	-14762.51	0.00	278.77
533.50	-14704.50	0.00	460.85
533.60	-14617.19	0.00	641.11
533.70	-14499.87	0.00	818.85
533.80	-14351.66	0.00	993.35
533.90	-14171.47	0.00	1163.93
534.00	-13958.09	0.00	1329.92
534.10	-13710.19	0.00	1490.66
534.20	-13426.38	0.00	1645.52
534.30	-13105.23	0.00	1793.88
534.40	-12745.34	0.00	1935.17
534.50	-12345.36	0.00	2068.81
534.60	-11904.06	0.00	2194.29
534.70	-11420.39	0.00	2311.12
534.80	-10893.50	0.00	2418.82
534.90	-10322.79	0.00	2516.97
535.00	-9707.98	0.00	2605.19
535.10	-9049.13	0.00	2683.13
535.20	-8346.67	0.00	2750.48
535.30	-7601.47	0.00	2806.98
535.40	-6814.82	0.00	2852.40
535.50	-5988.47	0.00	2886.56
535.60	-5124.66	0.00	2909.33
535.70	-4226.10	0.00	2920.62
535.80	-3296.00	0.00	2920.38
535.90	-2338.04	0.00	2908.61
536.00	-1356.36	0.00	2885.37
536.10	-355.53	0.00	2850.74
536.20	659.46	0.00	2804.86
536.30	1683.23	0.00	2747.91
536.40	2710.09	0.00	2680.11
536.50	3734.06	0.00	2601.74
536.60	4748.93	0.00	2513.10
536.70	5748.32	0.00	2414.54
536.80	6725.74	0.00	2306.45
536.90	7674.65	0.00	2189.26
537.00	8588.56	0.00	2063.43
537.10	9461.04	0.00	1929.46
537.20	10285.86	0.00	1787.87
537.30	11056.99	0.00	1639.23
537.40	11768.73	0.00	1484.11
537.50	12415.73	0.00	1323.14
537.60	12993.07	0.00	1156.95
537.70	13496.31	0.00	986.19
537.80	13921.54	0.00	811.54
537.90	14265.44	0.00	633.69
538.00	14525.31	0.00	453.33
538.10	14699.10	0.00	271.19
538.20	14785.42	0.00	87.98
538.30	14791.69	0.00	-95.58
538.40	14762.51	0.00	-278.77
538.50	14704.50	0.00	-460.85
538.60	14617.19	0.00	-641.11
538.70	14499.87	0.00	-818.85
538.80	14351.66	0.00	-993.35
538.90	14171.47	0.00	-1163.93
539.00	13958.09	0.00	-1329.92
539.10	13710.19	0.00	-1490.66
539.20	13426.38	0.00	-1645.52
539.30	13105.23	0.00	-1793.88
539.40	12745.34	0.00	-1935.17
539.50	12345.36	0.00	-2068.81
539.60	11904.06	0.00	-2194.29
539.70	11420.39	0.00	-2311.12
539.80	10893.50	0.00	-2418.82
539.90	10322.79	0.00	-2516.97
540.00	9707.98	0.00	-2605.19
540.10	9049.13	0.00	-2683.13
540.20	8346.67	0.00	-2750.48
540.30	7601.47	0.00	-2806.98
540.40	6814.82	0.00	-2852.40
540.50	5988.47	0.00	-2886.56
540.60	5124.66	0.00	-2909.33
540.70	4226.10	0.00	-2920.62
540.80	3296.00	0.00	-2920.38
540.90	2338.04	0.00	-2908.61
541.00	1356.36	0.00	-2885.37
541.10	355.53	0.00	-2850.74
541.20	-659.46	0.00	-2804.86
541.30	-1683.23	0.00	-2747.91
541.40	-2710.09	0.00	-2680.11
541.50	-3734.06	0.00	-2601.74
541.60	-4748.93	0.00	-2513.10
541.70	-5748.32	0.00	-2414.54
541.80	-6725.74	0.00	-2306.45
541.90	-7674.65	0.00	-2189.26
542.00	-8588.56	0.00	-2063.43
542.10	-9461.04	0.00	-1929.46
542.20	-10285.86	0.00	-1787.87
542.30	-11056.99	0.00	-1639.23
542.40	-11768.73	0.00	-1484.11
542.50	-12415.73	0.00	-1323.14
542.60	-12993.07	0.00	-1156.95
542.70	-13496.31	0.00	-986.19
542.80	-13921.54	0.00	-811.54
542.90	-14265.44	0.00	-633.69
543.00	-14525.31	0.00	-453.33
543.10	-14699.10	0.00	-271.19
543.20	-14785.42	0.00	-87.98
543.30	-14791.69	0.00	95.58
543.40	-14762.51	0.00	278.77
543.50	-14704.50	0.00	460.85
543.60	-14617.19	0.00	641.11
543.70	-14499.87	0.00	818.85
543.80	-14351.66	0.00	993.35
543.90	-14171.47	0.00	1163.93
544.00	-13958.09	0.00	1329.92
544.10	-13710.19	0.00	1490.66
544.20	-13426.38	0.00	1645.52
544.30	-13105.23	0.00	1793.88
544.40	-12745.34	0.00	1935.17
544.50	-12345.36	0.00	2068.81
544.60	-11904.06	0.00	2194.29
544.70	-11420.39	0.00	2311.12
544.80	-10893.50	0.00	2418.82
544.90	-10322.79	0.00	2516.97
545.00	-9707.98	0.00	2605.19
545.10	-9049.13	0.00	2683.13
545.20	-8346.67	0.00	2750.48
545.30	-7601.47	0.00	2806.98
545.40	-6814.82	0.00	2852.40
545.50	-5988.47	0.00	2886.56
545.60	-5124.66	0.00	2909.33
545.70	-4226.10	0.00	2920.62
545.80	-3296.00	0.00	2920.38
545.90	-2338.04	0.00	2908.61
546.00	-1356.36	0.00	2885.37
546.10	-355.53	0.00	2850.74
546.20	659.46	0.00	2804.86
546.30	1683.23	0.00	2747.91
546.40	2710.09	0.00	2680.11
546.50	3734.06	0.00	2601.74
546.60	4748.93	0.00	2513.10
546.70	5748.32	0.00	2414.54
546.80	6725.74	0.00	2306.45
546.90	7674.65	0.00	2189.26
547.00	8588.56	0.00	2063.43
547.10	9461.04	0.00	1929.46
547.20	10285.86	0.00	1787.87
547.30	11056.99	0.00	1639.23
547.40	11768.73	0.00	1484.11
547.50	12415.73	0.00	1323.14
547.60	12993.07	0.00	1156.95
547.70	13496.31	0.00	986.19
547.80	13921.54	0.00	811.54
547.90	14265.44	0.00	633.69
548.00	14525.31	0.00	453.33
548.10	14699.10	0.00	271.19
548.20	14785.42	0.00	87.98
548.30	14791.69	0.00	-95.58
548.40	14762.51	0.00	-278.77
548.50	14704.50	0.00	-460.85
548.60	14617.19	0.00	-641.11
548.70	14499.87	0.00	-818.85
548.80	14351.66	0.00	-993.35
548.90	14171.47	0.00	-1163.93
549.00	13958.09	0.00	-1329.92
549.10	13710.19	0.00	-1490.66
549.20	13426.38	0.00	-1645.52
549.30	13105.23	0.00	-1793.88
549.40	12745.34	0.00	-1935.17
549.50	12345.36	0.00	-2068.81
549.60	11904.06	0.00	-2194.29
549.70	11420.39	0.00	-2311.12
549.80	10893.50	0.00	-2418.82
549.90	10322.79	0.00	-2516.97
550.00	9707.98	0.00	-2605.19
550.10	9049.13	0.00	-2683.13
550.20	8346.67	0.00	-2750.48
550.30	7601.47	0.00	-2806.98
550.40	6814.82	0.00	-2852.40
550.50	5988.47	0.00	-2886.56
550.60	5124.66	0.00	-2909.33
550.70	4226.10	0.00	-2920.62
550.80	3296.00	0.00	-2920.38
550.90	2338.04	0.00	-2908.61
551.00	1356.36	0.00	-2885.37
551.10	355.53	0.00	-2850.74
551.20	-659.46	0.00	-2804.86
551.30	-1683.23	0.00	-2747.91
551.40	-2710.09	0.00	-2680.11
551.50	-3734.06	0.00	-2601.74
551.60	-4748.93	0.00	-2513.10
551.70	-5748.32	0.00	-2414.54
551.80	-6725.74	0.00	-2306.45
551.90	-7674.65	0.00	-2189.26
552.00	-8588.56	0.00	-2063.43
552.10	-9461.04	0.00	-1929.46
552.20	-10285.86	0.00	-1787.87
552.30	-11056.99	0.00	-1639.23
552.40	-11768.73	0.00	-1484.11
552.50	-12415.73	0.00	-1323.14
552.60	-12993.07	0.00	-1156.95
552.70	-13496.31	0.00	-986.19
552.80	-13921.54	0.00	-811.54
552.90	-14265.44	0.00	-633.69
553.00	-14525.31	0.00	-453.33
553.10	-14699.10	0.00	-271.19
553.20	-14785.42	0.00	-87.98
553.30	-14791.69	0.00	95.58
553.40	-14762.51	0.00	278.77
553.50	-14704.50	0.00	460.85
553.60	-14617.19	0.00	641.11
553.70	-14499.87	0.00	818.85
553.80	-14351.66	0.00	993.35
553.90	-14171.47	0.00	1163.93
554.00	-13958.09	0.00	1329.92
554.10	-13710.19	0.00	1490.66
554.20	-13426.38	0.00	1645.52
554.30	-13105.23	0.00	1793.88
554.40	-12745.34	0.00	1935.17
554.50	-12345.36	0.00	2068.81
554.60	-11904.06	0.00	2194.29
554.70	-11420.39	0.00	2311.12
554.80	-10893.50	0.00	2418.82
554.90	-10322.79	0.00	2516.97
555.00	-9707.98	0.00	2605.19
555.10	-9049.13	0.00	2683.13
555.20	-8346.67	0.00	2750.48
555.30	-7601.47	0.00	2806.98
555.40	-6814.82	0.00	2852.40
555.50	-5988.47	0.00	2886.56
555.60	-5124.66	0.00	2909.33
555.70	-4226.10	0.00	2920.62
555.80	-3296.00	0.00	2920.38
555.90	-2338.04	0.00	2908.61
556.00	-1356.36	0.00	2885.37
556.10	-355.53	0.00	2850.74
556.20	659.46	0.00	2804.86
556.30	1683.23	0.00	2747.91
556.40	2710.09	0.00	2680.11
556.50	3734.06	0.00	2601.74
556.60	4748.93	0.00	2513.10
556.70	5748.32	0.00	2414.54
556.80	6725.74	0.00	2306.45
556.90	7674.65	0.00	2189.26
557.00	8588.56	0.00	2063.43
557.10	9461.04	0.00	1929.46
557.20	10285.86	0.00	1787.87
557.30	11056.99	0.00	1639.23
557.40	11768.73	0.00	1484.11
557.50	12415.73	0.00	1323.14
557.60	12993.07	0.00	1156.95
557.70	13496.31	0.00	986.19
557.80	13921.54	0.00	811.54
557.90	14265.44	0.00	633.69
558.00	14525.31	0.00	453.33
558.10	14699.10	0.00	271.19
558.20	14785.42	0.00	87.98
558.30	14791.69	0.00	-95.58
558.40	14762.51	0.00	-278.77
558.50	14704.50	0.00	-460.85
558.60	14617.19	0.00	-641.11
558.70	14499.87	0.00	-818.85
558.80	14351.66	0.00	-993.35
558.90	14171.47	0.00	-1163.93
559.00	13958.09	0.00	-1329.92
559.10	13710.19	0.00	-1490.66
559.20	13426.38	0.00	-1645.52
559.30	13105.23	0.00	-1793.88
559.40	12745.34	0.00	-1935.17
559.50	12345.36	0.00	-2068.81
559.60	11904.06	0.00	-2194.29
559.70	11420.39	0.00	-2311.12
559.80	10893.50	0.00	-2418.82
559.90	10322.79	0.00	-2516.97
560.00	9707.98	0.00	-2605.19
560.10	9049.13	0.00	-2683.13
560.20	8346.67	0.00	-2750.48
560.30	7601.47	0.00	-2806.98
560.40	6814.82	0.00	-2852.40
560.50	5988.47	0.00	-2886.56
560.60	5124.66	0.00	-2909.33
560.70	4226.10	0.00	-2920.62
560.80	3296.00	0.00	-2920.38
560.90	2338.04	0.00	-2908.61
561.00	1356.36	0.00	-2885.37
561.10	355.53	0.00	-2850.74
561.20	-659.46	0.00	-2804.86
561.30	-1683.23	0.00	-2747.91
561.40	-2710.09	0.00	-2680.11
561.50	-3734.06	0.00	-2601.74
561.60	-4748.93	0.00	-2513.10
561.70	-5748.32	0.00	-2414.54
561.80	-6725.74	0.00	-2306.45
561.90	-7674.65	0.00	-2189.26
562.00	-8588.56	0.00	-2063.43
562.10	-9461.04	0.00	-1929.46
562.20	-10285.86	0.00	-1787.87
562.30	-11056.99	0.00	-1639.23
562.40	-11768.73	0.00	-1484.11
562.50	-12415.73	0.00	-1323.14
562.60	-12993.07	0.00	-1156.95
562.70	-13496.31	0.00	-986.19
562.80	-13921.54	0.00	-811.54
562.90	-14265.44	0.00	-633.69
563.00	-14525.31	0.00	-453.33
563.10	-14699.10	0.00	-271.19
563.20	-14785.42	0.00	-87.98
563.30	-14791.69	0.00	95.58
563.40	-14762.51	0.00	278.77
563.50	-14704.50	0.00	460.85
563.60	-14617.19	0.00	641.11
563.70	-14499.87	0.00	818.85
563.80	-14351.66	0.00	993.35
563.90	-14171.47	0.00	1163.93
564.00	-13958.09	0.00	1329.92
564.10	-13710.19	0.00	1490.66
564.20	-13426.38	0.00	1645.52
564.30	-13105.23	0.00	1793.88
564.40	-12745.34	0.00	1935.17
564.50	-12345.36	0.00	2068.81
564.60	-11904.06	0.00	2194.29
564.70	-11420.39	0.00	2311.12
564.80	-10893.50	0.00	2418.82
564.90	-10322.79	0.00	2516.97
565.00	-9707.98	0.00	2605.19
565.10	-9049.13	0.00	2683.13
565.20	-8346.67	0.00	2750.48
565.30	-7601.47	0.00	2806.98
565.40	-6814.82	0.00	2852.40
565.50	-5988.47	0.00	2886.56
565.60	-5124.66	0.00	2909.33
565.70	-4226.10	0.00	2920.62
565.80	-3296.00	0.00	2920.38
565.90	-2338.04	0.00	2908.61
566.00	-1356.36	0.00	2885.37
566.10	-355.53	0.00	2850.74
566.20	659.46	0.00	2804.86
566.30	1683.23	0.00	2747.91
566.40	2710.09	0.00	2680.11
566.50	3734.06	0.00	2601.74
566.60	4748.93	0.00	2513.10
566.70	5748.32	0.00	2414.54
566.80	6725.74	0.00	2306.45
566.90	7674.65	0.00	2189.26
567.00	8588.56	0.00	2063.43
567.10	9461.04	0.00	1929.46
567.20	10285.86	0.00	1787.87
567.30	11056.99	0.00	1639.23
567.40	11768.73	0.00	1484.11
567.50	12415.73	0.00	1323.14
567.60	12993.07	0.00	1156.95
567.70	13496.31	0.00	986.19
567.80	13921.54	0.00	811.54
567.90	14265.44	0.00	633.69
568.00	14525.31	0.00	453.33
568.10	14699.10	0.00	271.19
568.20	14785.42	0.00	87.98
568.30	14791.69	0.00	-95.58
568.40	14762.51	0.00	-278.77
568.50	14704.50	0.00	-460.85
568.60	14617.19	0.00	-641.11
568.70	14499.87	0.00	-818.85
568.80	14351.66	0.00	-993.35
568.90	14171.47	0.00	-1163.93
569.00	13958.09	0.00	-1329.92
569.10	13710.19	0.00	-1490.66
569.20	13426.38	0.00	-1645.52
569.30	13105.23	0.00	-1793.88
569.40	12745.34	0.00	-1935.17
569.50	12345.36	0.00	-2068.81
569.60	11904.06	0.00	-2194.29
569.70	11420.39	0.00	-2311.12
569.80	10893.50	0.00	-2418.82
569.90	10322.79	0.00	-2516.97
570.00	9707.98	0.00	-2605.19
570.10	9049.13	0.00	-2683.13
570.20	8346.67	0.00	-2750.48
570.30	7601.47	0.00	-2806.98
570.40	6814.82	0.00	-2852.40
570.50	5988.47	0.00	-2886.56
570.60	5124.66	0.00	-2909.33
570.70	4226.10	0.00	-2920.62
570.80	3296.00	0.00	-2920.38
570.90	2338.04	0.00	-2908.61
571.00	1356.36	0.00	-2885.37
571.10	355.53	0.00	-2850.74
571.20	-659.46	0.00	-2804.86
571.30	-1683.23	0.00	-2747.91
571.40	-2710.09	0.00	-2680.11
571.50	-3734.06	0.00	-2601.74
571.60	-4748.93	0.00	-2513.10
571.70	-5748.32	0.00	-2414.54
571.80	-6725.74	0.00	-2306.45
571.90	-7674.65	0.00	-2189.26
572.00	-8588.56	0.00	-2063.43
572.10	-9461.04	0.00	-1929.46
572.20	-10285.86	0.00	-1787.87
572.30	-11056.99	0.00	-1639.23
572.40	-11768.73	0.00	-1484.11
572.50	-12415.73	0.00	-1323.14
572.60	-12993.07	0.00	-1156.95
572.70	-13496.31	0.00	-986.19
572.80	-13921.54	0.00	-811.54
572.90	-14265.44	0.00	-633.69
573.00	-14525.31	0.00	-453.33
573.10	-14699.10	0.00	-271.19
573.20	-14785.42	0.00	-87.98
573.30	-14791.69	0.00	95.58
573.40	-14762.51	0.00	278.77
573.50	-14704.50	0.00	460.85
573.60	-14617.19	0.00	641.11
573.70	-14499.87	0.00	818.85
573.80	-14351.66	0.00	993.35
573.90	-14171.47	0.00	1163.93
574.00	-13958.09	0.00	1329.92
574.10	-13710.19	0.00	1490.66
574.20	-13426.38	0.00	1645.52
574.30	-13105.23	0.00	1793.88
574.40	-12745.34	0.00	1935.17
574.50	-12345.36	0.00	2068.81
574.60	-11904.06	0.00	2194.29
574.70	-11420.39	0.00	2311.12
574.80	-10893.50	0.00	2418.82
574.90	-10322.79	0.00	2516.97
575.00	-9707.98	0.00	2605.19
575.10	-9049.13	0.00	2683.13
575.20	-8346.67	0.00	2750.48
575.30	-7601.47	0.00	2806.98
575.40	-6814.82	0.00	2852.40
575.50	-5988.47	0.00	2886.56
575.60	-5124.66	0.00	2909.33
575.70	-4226.10	0.00	2920.62
575.80	-3296.00	0.00	2920.38
575.90	-2338.04	0.00	2908.61
576.00	-1356.36	0.00	2885.37
576.10	-355.53	0.00	2850.74
576.20	659.46	0.00	2804.86
576.30	1683.23	0.00	2747.91
576.40	2710.09	0.00	2680.11
576.50	3734.06	0.00	2601.74
576.60	4748.93	0.00	2513.10
576.70	5748.32	0.00	2414.54
576.80	6725.74	0.00	2306.45
576.90	7674.65	0.00	2189.26
577.00	8588.56	0.00	2063.43
577.10	9461.04	0.00	1929.46
577.20	10285.86	0.00	1787.87
577.30	11056.99	0.00	1639.23
577.40	11768.73	0.00	1484.11
577.50	12415.73	0.00	1323.14
577.60	12993.07	0.00	1156.95
577.70	13496.31	0.00	986.19
577.80	13921.54	0.00	811.54
577.90	14265.44	0.00	633.69
578.00	14525.31	0.00	453.33
578.10	14699.10	0.00	271.19
578.20	14785.42	0.00	87.98
578.30	14791.69	0.00	-95.58
578.40	14762.51	0.00	-278.77
578.50	14704.50	0.00	-460.85
578.60	14617.19	0.00	-641.11
578.70	14499.87	0.00	-818.85
578.80	14351.66	0.00	-993.35
578.90	14171.47	0.00	-1163.93
579.00	13958.09	0.00	-1329.92
579.10	13710.19	0.00	-1490.66
579.20	13426.38	0.00	-1645.52
579.30	13105.23	0.00	-1793.88
579.40	12745.34	0.00	-1935.17
579.50	12345.36	0.00	-2068.81
579.60	11904.06	0.00	-2194.29
579.70	11420.39	0.00	-2311.12
579.80	10893.50	0.00	-2418.82
579.90	10322.79	0.00	-2516.97
580.00	9707.98	0.00	-2605.19
580.10	9049.13	0.00	-2683.13
580.20	8346.67	0.00	-2750.48
580.30	7601.47	0.00	-2806.98
580.40	6814.82	0.00	-2852.40
580.50	5988.47	0.00	-2886.56
580.60	5124.66	0.00	-2909.33
580.70	4226.10	0.00	-2920.62
580.80	3296.00	0.00	-2920.38
580.90	2338.04	0.00	-2908.61
581.00	1356.36	0.00	-2885.37
581.10	355.53	0.00	-2850.74
581.20	-659.46	0.00	-2804.86
581.30	-1683.23	0.00	-2747.91
581.40	-2710.09	0.00	-2680.11
581.50	-3734.06	0.00	-2601.74
581.60	-4748.93	0.00	-2513.10
581.70	-5748.32	0.00	-2414.54
581.80	-6725.74	0.00	-2306.45
581.90	-7674.65	0.00	-2189.26
582.00	-8588.56	0.00	-2063.43
582.10	-9461.04	0.00	-1929.46
582.20	-10285.86	0.00	-1787.87
582.30	-11056.99	0.00	-1639.23
582.40	-11768.73	0.00	-1484.11
582.50	-12415.73	0.00	-1323.14
582.60	-12993.07	0.00	-1156.95
582.70	-13496.31	0.00	-986.19
582.80	-13921.54	0.00	-811.54
582.90	-14265.44	0.00	-633.69
583.00	-14525.31	0.00	-453.33
583.10	-14699.10	0.00	-271.19
583.20	-14785.42	0.00	-87.98
583.30	-14791.69	0.00	95.58
583.40	-14762.51	0.00	278.77
583.50	-14704.50	0.00	460.85
583.60	-14617.19	0.00	641.11
583.70	-14499.87	0.00	818.85
583.80	-14351.66	0.00	993.35
583.90	-14171.47	0.00	1163.93
584.00	-13958.09	0.00	1329.92
584.10	-13710.19	0.00	1490.66
584.20	-13426.38	0.00	1645.52
584.30	-13105.23	0.00	1793.88
584.40	-12745.34	0.00	1935.17
584.50	-12345.36	0.00	2068.81
584.60	-11904.06	0.00	2194.29
584.70	-11420.39	0.00	2311.12
584.80	-10893.50	0.00	2418.82
584.90	-10322.79	0.00	2516.97
585.00	-9707.98	0.00	2605.19
585.10	-9049.13	0.00	2683.13
585.20	-8346.67	0.00	2750.48
585.30	-7601.47	0.00	2806.98
585.40	-6814.82	0.00	2852.40
585.50	-5988.47	0.00	2886.56
585.60	-5124.66	0.00	2909.33
585.70	-4226.10	0.00	2920.62
585.80	-3296.00	0.00	2920.38
585.90	-2338.04	0.00	2908.61
586.00	-1356.36	0.00	2885.37
586.10	-355.53	0.00	2850.74
586.20	659.46	0.00	2804.86
586.30	1683.23	0.00	2747.91
586.40	2710.09	0.00	2680.11
586.50	3734.06	0.00	2601.74
586.60	4748.93	0.00	2513.10
586.70	5748.32	0.00	2414.54
586.80	6725.74	0.00	2306.45
586.90	7674.65	0.00	2189.26
587.00	8588.56	0.00	2063.43
587.10	9461.04	0.00	1929.46
587.20	10285.86	0.00	1787.87
587.30	11056.99	0.00	1639.23
587.40	11768.73	0.00	1484.11
587.50	12415.73	0.00	1323.14
587.60	12993.07	0.00	1156.95
587.70	13496.31	0.00	986.19
587.80	13921.54	0.00	811.54
587.90	14265.44	0.00	633.69
588.00	14525.31	0.00	453.33
588.10	14699.10	0.00	271.19
588.20	14785.42	0.00	87.98
588.30	14791.69	0.00	-95.58
588.40	14762.51	0.00	-278.77
588.50	14704.50	0.00	-460.85
588.60	14617.19	0.00	-641.11
588.70	14499.87	0.00	-818.85
588.80	14351.66	0.00	-993.35
588.90	14171.47	0.00	-1163.93
589.00	13958.09	0.00	-1329.92
589.10	13710.19	0.00	-1490.66
589.20	13426.38	0.00	-1645.52
589.30	13105.23	0.00	-1793.88
589.40	12745.34	0.00	-1935.17
589.50	12345.36	0.00	-2068.81
589.60	11904.06	0.00	-2194.29
589.70	11420.39	0.00	-2311.12
589.80	10893.50	0.00	-2418.82
589.90	10322.79	0.00	-2516.97
590.00	9707.98	0.00	-2605.19
590.10	9049.13	0.00	-2683.13
590.20	8346.67	0.00	-2750.48
590.30	7601.47	0.00	-2806.98
590.40	6814.82	0.00	-2852.40
590.50	5988.47	0.00	-2886.56
590.60	5124.66	0.00	-2909.33
590.70	4226.10	0.00	-2920.62
590.80	3296.00	0.00	-2920.38
590.90	2338.04	0.00	-2908.61
591.00	1356.36	0.00	-2885.37
591.10	355.53	0.00	-2850.74
591.20	-659.46	0.00	-2804.86
591.30	-1683.23	0.00	-2747.91
591.40	-2710.09	0.00	-2680.11
591.50	-3734.06	0.00	-2601.74
591.60	-4748.93	0.00	-2513.10
591.70	-5748.32	0.00	-2414.54
591.80	-6725.74	0.00	-2306.45
591.90	-7674.65	0.00	-2189.26
592.00	-8588.56	0.00	-2063.43
592.10	-9461.04	0.00	-1929.46
592.20	-10285.86	0.00	-1787.87
592.30	-11056.99	0.00	-1639.23
592.40	-11768.73	0.00	-1484.11
592.50	-12415.73	0.00	-1323.14
592.60	-12993.07	0.00	-1156.95
592.70	-13496.31	0.00	-986.19
592.80	-13921.54	0.00	-811.54
592.90	-14265.44	0.00	-633.69
593.00	-14525.31	0.00	-453.33
593.10	-14699.10	0.00	-271.19
593.20	-14785.42	0.00	-87.98
593.30	-14791.69	0.00	95.58
593.40	-14762.51	0.00	278.77
593.50	-14704.50	0.00	460.85
593.60	-14617.19	0.00	641.11
593.70	-14499.87	0.00	818.85
593.80	-14351.66	0.00	993.35
593.90	-14171.47	0.00	1163.93
594.00	-13958.09	0.00	1329.92
594.10	-13710.19	0.00	1490.66
594.20	-13426.38	0.00	1645.52
594.30	-13105.23	0.00	1793.88
594.40	-12745.34	0.00	1935.17
594.50	-12345.36	0.00	2068.81
594.60	-11904.06	0.00	2194.29
594.70	-11420.39	0.00	2311.12
594.80	-10893.50	0.00	2418.82
594.90	-10322.79	0.00	2516.97
595.00	-9707.98	0.00	2605.19
595.10	-9049.13	0.00	2683.13
595.20	-8346.67	0.00	2750.48
595.30	-7601.47	0.00	2806.98
595.40	-6814.82	0.00	2852.40
595.50	-5988.47	0.00	2886.56
595.60	-5124.66	0.00	2909.33
595.70	-4226.10	0.00	2920.62
595.80	-3296.00	0.00	2920.38
595.90	-2338.04	0.00	2908.61
596.00	-1356.36	0.00	2885.37
596.10	-355.53	0.00	2850.74
596.20	659.46	0.00	2804.86
596.30	1683.23	0.00	2747.91
596.40	2710.09	0.00	2680.11
596.50	3734.06	0.00	2601.74
596.60	4748.93	0.00	2513.10
596.70	5748.32	0.00	2414.54
596.80	6725.74	0.00	2306.45
596.90	7674.65	0.00	2189.26
597.00	8588.56	0.00	2063.43
597.10	9461.04	0.00	1929.46
597.20	10285.86	0.00	1787.87
597.30	11056.99	0.00	1639.23
597.40	11768.73	0.00	1484.11
597.50	12415.73	0.00	1323.14
597.60	12993.07	0.00	1156.95
597.70	13496.31	0.00	986.19
597.80	13921.54	0.00	811.54
597.90	14265.44	0.00	633.69
598.00	14525.31	0.00	453.33
598.10	14699.10	0.00	271.19
598.20	14785.42	0.00	87.98
598.30	14791.69	0.00	-95.58
598.40	14762.51	0.00	-278.77
598.50	14704.50	0.00	-460.85
598.60	14617.19	0.00	-641.11
598.70	14499.87	0.00	-818.85
598.80	14351.66	0.00	-993.35
598.90	14171.47	0.00	-1163.93
599.00	13958.09	0.00	-1329.92
599.10	13710.19	0.00	-1490.66
599.20	13426.38	0.00	-1645.52
599.30	13105.23	0.00	-1793.88
599.40	12745.34	0.00	-1935.17
599.50	12345.36	0.00	-2068.81
599.60	11904.06	0.00	-2194.29
599.70	11420.39	0.00	-2311.12
599.80	10893.50	0.00	-2418.82
599.90	10322.79	0.00	-2516.97
600.00	9707.98	0.00	-2605.19
