Time(s)	Fx(N)	Fy(N)	Fz(N)
0.00	12103.89	0.00	-27718.50
0.10	9024.57	0.00	-29338.00
0.20	5640.19	0.00	-30533.43
0.30	2007.03	0.00	-31276.60
0.40	-1813.99	0.00	-31549.60
0.50	-5758.67	0.00	-31343.70
0.60	-9760.52	0.00	-30658.23
0.70	-13751.63	0.00	-29499.24
0.80	-17663.18	0.00	-27878.32
0.90	-21425.81	0.00	-25811.75
1.00	-24969.88	0.00	-23319.90
1.10	-28225.81	0.00	-20427.14
1.20	-31124.65	0.00	-17162.16
1.30	-33598.88	0.00	-13558.57
1.40	-35583.71	0.00	-9655.86
1.50	-37018.84	0.00	-5500.36
1.60	-37850.64	0.00	-1146.17
1.70	-38090.19	0.00	3344.16
1.80	-37834.68	0.00	7899.42
1.90	-37062.52	0.00	12440.07
2.00	-35751.97	0.00	16879.27
2.10	-33889.30	0.00	21124.56
2.20	-31471.49	0.00	25080.36
2.30	-28509.02	0.00	28650.93
2.40	-25028.22	0.00	31744.00
2.50	-21073.12	0.00	34274.49
2.60	-16706.49	0.00	36168.49
2.70	-12009.83	0.00	37366.92
2.80	-7082.23	0.00	37828.82
2.90	-2037.89	0.00	37534.02
3.00	2997.51	0.00	36484.86
3.10	7891.58	0.00	34707.02
3.20	12510.83	0.00	32249.25
3.30	16726.76	0.00	29181.91
3.40	20422.06	0.00	25594.62
3.50	23496.40	0.00	21592.90
3.60	25871.46	0.00	17294.08
3.70	27494.69	0.00	12822.72
3.80	28341.66	0.00	8305.78
3.90	28416.72	0.00	3867.71
4.00	27751.98	0.00	-374.09
4.10	26404.80	0.00	-4313.38
4.20	24453.92	0.00	-7858.50
4.30	21994.67	0.00	-10934.94
4.40	19140.19	0.00	-13486.98
4.50	16033.28	0.00	-15478.36
4.60	12771.90	0.00	-16892.08
4.70	9445.23	0.00	-17729.32
4.80	6138.66	0.00	-18007.64
4.90	2931.54	0.00	-17758.67
5.00	-104.67	0.00	-17025.43
5.10	-2907.77	0.00	-15859.50
5.20	-5425.78	0.00	-14318.16
5.30	-7617.25	0.00	-12461.80
5.40	-9451.18	0.00	-10351.57
5.50	-10906.45	0.00	-8047.52
5.60	-11970.93	0.00	-5607.14
5.70	-12640.37	0.00	-3084.54
5.80	-12917.38	0.00	-529.95
5.90	-12823.61	0.00	2010.23
6.00	-12378.17	0.00	4493.12
6.10	-11593.44	0.00	6878.74
6.20	-10482.67	0.00	9129.35
6.30	-9060.04	0.00	11208.72
6.40	-7341.31	0.00	13081.52
6.50	-5344.58	0.00	14712.91
6.60	-3091.47	0.00	16068.40
6.70	-608.25	0.00	17114.01
6.80	2072.91	0.00	17816.78
6.90	4912.93	0.00	18145.61
7.00	7864.99	0.00	18072.38
7.10	10874.16	0.00	17573.31
7.20	13877.51	0.00	16630.49
7.30	16804.74	0.00	15233.44
7.40	19579.52	0.00	13380.68
7.50	22125.16	0.00	11081.09
7.60	24411.10	0.00	8355.07
7.70	26388.17	0.00	5235.35
7.80	27997.02	0.00	1767.34
7.90	29181.35	0.00	-1991.01
8.00	29889.53	0.00	-5969.80
8.10	30076.24	0.00	-10088.48
8.20	29704.31	0.00	-14257.53
8.30	28746.54	0.00	-18380.72
8.40	27187.55	0.00	-22357.81
8.50	25025.59	0.00	-26087.56
8.60	22274.12	0.00	-29471.00
8.70	18963.07	0.00	-32414.77
8.80	15139.74	0.00	-34834.45
8.90	10868.92	0.00	-36657.66
9.00	6232.43	0.00	-37826.86
9.10	1327.71	0.00	-38301.67
9.20	-3734.50	0.00	-38060.55
9.30	-8833.34	0.00	-37101.87
9.40	-13841.80	0.00	-35444.17
9.50	-18631.41	0.00	-33125.71
9.60	-23077.21	0.00	-30203.16
9.70	-27062.91	0.00	-26749.69
9.80	-30485.76	0.00	-22852.34
9.90	-33260.95	0.00	-18609.00
10.00	-35325.06	0.00	-14124.87
10.10	-36638.55	0.00	-9508.89
10.20	-37186.88	0.00	-4870.09
10.30	-36980.46	0.00	-314.01
10.40	-36054.27	0.00	4060.40
10.50	-34562.17	0.00	8163.62
10.60	-32624.84	0.00	11917.71
10.70	-30298.20	0.00	15257.92
10.80	-27642.79	0.00	18133.69
10.90	-24722.45	0.00	20508.91
11.00	-21603.08	0.00	22361.74
11.10	-18351.42	0.00	23683.88
11.20	-15034.02	0.00	24479.44
11.30	-11716.22	0.00	24763.62
11.40	-8461.30	0.00	24561.19
11.50	-5329.70	0.00	23905.05
11.60	-2378.40	0.00	22834.81
11.70	339.74	0.00	21395.56
11.80	2776.51	0.00	19636.89
11.90	4888.93	0.00	17612.09
12.00	6639.89	0.00	15377.57
12.10	7998.80	0.00	12992.43
12.20	8942.44	0.00	10518.10
12.30	9455.73	0.00	8017.91
12.40	9532.66	0.00	5556.64
12.50	9177.09	0.00	3199.77
12.60	8403.49	0.00	1012.53
12.70	7237.40	0.00	-941.44
12.80	5715.67	0.00	-2601.62
12.90	3886.15	0.00	-3912.51
13.00	1807.10	0.00	-4825.66
13.10	-454.07	0.00	-5301.81
13.20	-2822.39	0.00	-5312.95
13.30	-5217.46	0.00	-4844.16
13.40	-7555.90	0.00	-3895.08
13.50	-9754.02	0.00	-2480.82
13.60	-11730.71	0.00	-632.27
13.70	-13410.18	0.00	1604.40
13.80	-14724.69	0.00	4168.95
13.90	-15616.94	0.00	6989.11
14.00	-16042.10	0.00	9983.21
14.10	-15969.39	0.00	13063.43
14.20	-15383.05	0.00	16139.45
14.30	-14282.77	0.00	19122.13
14.40	-12683.40	0.00	21927.28
14.50	-10614.02	0.00	24478.98
14.60	-8116.43	0.00	26712.44
14.70	-5242.95	0.00	28576.09
14.80	-2053.88	0.00	30032.88
14.90	1385.46	0.00	31060.54
15.00	5007.76	0.00	31650.97
15.10	8746.63	0.00	31808.71
15.20	12539.27	0.00	31548.65
15.30	16328.49	0.00	30893.26
15.40	20064.09	0.00	29869.35
15.50	23703.31	0.00	28504.94
15.60	27210.49	0.00	26826.22
15.70	30555.73	0.00	24855.05
15.80	33712.96	0.00	22607.06
15.90	36657.45	0.00	20090.75
16.00	39363.10	0.00	17307.36
16.10	41800.44	0.00	14251.84
16.20	44071.53	0.00	10914.68
16.30	46262.35	0.00	7284.46
16.40	48354.31	0.00	3351.05
16.50	50316.37	0.00	-890.99
16.60	52104.87	0.00	-5438.90
16.70	53664.24	0.00	-10278.58
16.80	54928.52	0.00	-15381.96
16.90	55823.70	0.00	-20705.21
17.00	56270.69	0.00	-26187.96
17.10	56188.88	0.00	-31753.61
17.20	55500.21	0.00	-37310.88
17.30	54133.39	0.00	-42756.36
17.40	52028.36	0.00	-47978.11
17.50	49140.54	0.00	-52859.94
17.60	45444.69	0.00	-57286.32
17.70	40938.24	0.00	-61147.29
17.80	35643.59	0.00	-64343.38
17.90	29609.41	0.00	-66790.02
18.00	22910.51	0.00	-68421.20
18.10	15646.38	0.00	-69192.17
18.20	7938.27	0.00	-69081.01
18.30	-74.96	0.00	-68089.05
18.40	-8242.09	0.00	-66239.96
18.50	-16405.44	0.00	-63577.80
18.60	-24407.03	0.00	-60164.15
18.70	-32094.56	0.00	-56074.44
18.80	-39326.87	0.00	-51393.86
18.90	-45978.26	0.00	-46213.12
19.00	-51941.73	0.00	-40624.33
19.10	-57130.79	0.00	-34717.32
19.20	-61479.87	0.00	-28576.54
19.30	-64943.61	0.00	-22278.89
19.40	-67495.10	0.00	-15892.32
19.50	-69123.52	0.00	-9475.51
19.60	-69831.47	0.00	-3078.37
19.70	-69642.80	0.00	3256.65
19.80	-68991.07	0.00	9492.66
19.90	-68095.34	0.00	15596.02
20.00	-66944.30	0.00	21533.95
20.10	-65514.78	0.00	27272.17
20.20	-63773.87	0.00	32772.97
20.30	-61681.97	0.00	37993.74
20.40	-59196.27	0.00	42886.29
20.50	-56274.81	0.00	47396.88
20.60	-52880.78	0.00	51467.12
20.70	-48986.81	0.00	55035.64
20.80	-44579.09	0.00	58040.42
20.90	-39660.94	0.00	60421.69
21.00	-34255.65	0.00	62125.09
21.10	-28408.30	0.00	63105.04
21.20	-22186.34	0.00	63327.84
21.30	-15678.86	0.00	62774.55
21.40	-8994.40	0.00	61443.26
21.50	-2257.43	0.00	59350.60
21.60	4396.44	0.00	56532.51
21.70	10826.14	0.00	53044.00
21.80	16891.51	0.00	48958.09
21.90	22459.80	0.00	44363.84
22.00	27412.06	0.00	39363.61
22.10	31648.71	0.00	34069.76
22.20	35094.23	0.00	28600.86
22.30	37700.43	0.00	23077.61
22.40	39448.20	0.00	17618.84
22.50	40347.62	0.00	12337.51
22.60	40436.62	0.00	7337.15
22.70	39778.16	0.00	2708.70
22.80	38456.30	0.00	-1471.99
22.90	36571.45	0.00	-5146.02
23.00	34235.23	0.00	-8272.51
23.10	31565.05	0.00	-10829.03
23.20	28679.08	0.00	-12811.21
23.30	25691.52	0.00	-14231.83
23.40	22708.59	0.00	-15119.24
23.50	19825.32	0.00	-15515.41
23.60	17137.75	0.00	-15473.61
23.70	14730.95	0.00	-15055.89
23.80	12641.63	0.00	-14330.39
23.90	10894.28	0.00	-13368.79
24.00	9501.77	0.00	-12243.74
24.10	8465.62	0.00	-11026.52
24.20	7776.54	0.00	-9784.96
24.30	7415.41	0.00	-8581.69
24.40	7354.42	0.00	-7472.61
24.50	7558.54	0.00	-6505.83
24.60	7987.04	0.00	-5720.85
24.70	8595.06	0.00	-5148.13
24.80	9335.23	0.00	-4808.94
24.90	10159.09	0.00	-4715.46
25.00	11018.44	0.00	-4871.12
25.10	11866.55	0.00	-5271.17
25.20	12659.07	0.00	-5903.33
25.30	13354.87	0.00	-6748.56
25.40	13916.66	0.00	-7781.98
25.50	14311.41	0.00	-8973.68
25.60	14510.75	0.00	-10289.68
25.70	14491.23	0.00	-11692.79
25.80	14234.52	0.00	-13143.46
25.90	13727.60	0.00	-14600.67
26.00	12963.02	0.00	-16022.68
26.10	11939.05	0.00	-17367.87
26.20	10659.98	0.00	-18595.51
26.30	9136.30	0.00	-19666.56
26.40	7384.98	0.00	-20544.50
26.50	5429.57	0.00	-21196.16
26.60	3300.25	0.00	-21592.61
26.70	1033.73	0.00	-21710.03
26.80	-1327.16	0.00	-21530.65
26.90	-3734.04	0.00	-21043.58
27.00	-6133.99	0.00	-20245.65
27.10	-8470.84	0.00	-19142.07
27.20	-10686.77	0.00	-17746.98
27.30	-12724.33	0.00	-16083.68
27.40	-14528.61	0.00	-14184.67
27.50	-16049.65	0.00	-12091.22
27.60	-17244.80	0.00	-9852.66
27.70	-18081.11	0.00	-7525.16
27.80	-18537.32	0.00	-5170.18
27.90	-18605.59	0.00	-2852.44
28.00	-18292.55	0.00	-637.62
28.10	-17619.81	0.00	1410.26
28.20	-16623.64	0.00	3231.58
28.30	-15353.94	0.00	4773.87
28.40	-13872.47	0.00	5994.55
28.50	-12250.36	0.00	6863.22
28.60	-10565.12	0.00	7363.74
28.70	-8897.17	0.00	7495.56
28.80	-7326.13	0.00	7274.50
28.90	-5927.08	0.00	6732.70
29.00	-4766.88	0.00	5917.77
29.10	-3901.15	0.00	4891.13
29.20	-3371.87	0.00	3725.51
29.30	-3202.51	0.00	2501.84
29.40	-3398.46	0.00	1305.51
29.50	-3946.37	0.00	222.28
29.60	-4814.15	0.00	-666.03
29.70	-5952.13	0.00	-1285.71
29.80	-7295.05	0.00	-1575.19
29.90	-8765.02	0.00	-1488.49
30.00	-10275.06	0.00	-997.99
30.10	-11733.12	0.00	-96.34
30.20	-13046.43	0.00	1202.62
30.30	-14125.70	0.00	2864.01
30.40	-14889.34	0.00	4833.10
30.50	-15267.14	0.00	7037.57
30.60	-15203.61	0.00	9390.64
30.70	-14660.64	0.00	11795.02
30.80	-13619.55	0.00	14147.34
30.90	-12082.24	0.00	16343.01
31.00	-10071.72	0.00	18281.03
31.10	-7631.65	0.00	19868.77
31.20	-4825.00	0.00	21026.18
31.30	-1731.89	0.00	21689.44
31.40	1553.48	0.00	21813.83
31.50	4926.62	0.00	21375.53
31.60	8277.20	0.00	20372.46
31.70	11493.87	0.00	18824.08
31.80	14469.29	0.00	16770.12
31.90	17104.99	0.00	14268.41
32.00	19315.83	0.00	11391.96
32.10	21033.74	0.00	8225.31
32.20	22210.47	0.00	4860.64
32.30	22819.26	0.00	1393.57
32.40	22855.18	0.00	-2080.94
32.50	22334.31	0.00	-5472.47
32.60	21300.33	0.00	-8698.52
32.70	19846.30	0.00	-11687.36
32.80	18029.88	0.00	-14380.14
32.90	15907.05	0.00	-16732.13
33.00	13536.82	0.00	-18713.25
33.10	10978.66	0.00	-20307.74
33.20	8290.13	0.00	-21513.06
33.30	5524.74	0.00	-22338.24
33.40	2730.21	0.00	-22801.66
33.50	-52.80	0.00	-22928.50
33.60	-2791.49	0.00	-22748.03
33.70	-5461.00	0.00	-22290.91
33.80	-8044.04	0.00	-21586.63
33.90	-10529.81	0.00	-20661.27
34.00	-12912.54	0.00	-19535.78
34.10	-15189.55	0.00	-18224.69
34.20	-17359.10	0.00	-16735.55
34.30	-19418.14	0.00	-15068.96
34.40	-21360.17	0.00	-13219.21
34.50	-23182.97	0.00	-11175.58
34.60	-24925.17	0.00	-8924.06
34.70	-26582.91	0.00	-6449.54
34.80	-28136.72	0.00	-3738.20
34.90	-29558.08	0.00	-780.08
35.00	-30809.62	0.00	2428.51
35.10	-31845.96	0.00	5882.62
35.20	-32614.91	0.00	9566.82
35.30	-33059.28	0.00	13453.68
35.40	-33119.00	0.00	17502.97
35.50	-32733.66	0.00	21661.46
35.60	-31845.29	0.00	25863.41
35.70	-30401.45	0.00	30031.88
35.80	-28358.33	0.00	34080.58
35.90	-25683.99	0.00	37916.45
36.00	-22361.40	0.00	41442.69
36.10	-18391.26	0.00	44562.13
36.20	-13794.31	0.00	47180.92
36.30	-8613.06	0.00	49212.10
36.40	-2912.66	0.00	50579.22
36.50	3219.26	0.00	51219.47
36.60	9673.77	0.00	51086.41
36.70	16323.12	0.00	50152.17
36.80	23024.34	0.00	48408.73
36.90	29623.87	0.00	45868.61
37.00	35963.08	0.00	42564.58
37.10	41884.44	0.00	38548.61
37.20	47237.77	0.00	33890.10
37.30	51886.50	0.00	28673.33
37.40	55713.29	0.00	22994.44
37.50	58624.71	0.00	16958.04
37.60	60554.83	0.00	10673.48
37.70	61656.14	0.00	4251.24
37.80	62233.31	0.00	-2200.67
37.90	62310.29	0.00	-8579.92
38.00	61909.92	0.00	-14792.64
38.10	61056.50	0.00	-20755.68
38.20	59774.68	0.00	-26398.12
38.30	58088.54	0.00	-31662.15
38.40	56020.93	0.00	-36503.30
38.50	53592.96	0.00	-40889.94
38.60	50823.77	0.00	-44802.27
38.70	47730.34	0.00	-48230.80
38.80	44327.67	0.00	-51174.60
38.90	40629.01	0.00	-53639.20
39.00	36646.42	0.00	-55634.64
39.10	32391.52	0.00	-57173.49
39.20	27876.45	0.00	-58269.12
39.30	23115.02	0.00	-58934.37
39.40	18123.95	0.00	-59180.56
39.50	12924.20	0.00	-59016.96
39.60	7542.20	0.00	-58450.71
39.70	2010.90	0.00	-57487.17
39.80	-3629.40	0.00	-56130.59
39.90	-9330.67	0.00	-54385.14
40.00	-15037.23	0.00	-52256.00
40.10	-20686.27	0.00	-49750.57
40.20	-26209.06	0.00	-46879.63
40.30	-31532.52	0.00	-43658.28
40.40	-36581.34	0.00	-40106.71
40.50	-41280.36	0.00	-36250.54
40.60	-45557.25	0.00	-32120.89
40.70	-49345.09	0.00	-27754.01
40.80	-52584.89	0.00	-23190.54
40.90	-55227.79	0.00	-18474.55
41.00	-57236.78	0.00	-13652.20
41.10	-58587.79	0.00	-8770.36
41.20	-59270.26	0.00	-3875.15
41.30	-59288.12	0.00	989.51
41.40	-58918.52	0.00	5783.10
41.50	-58375.01	0.00	10469.54
41.60	-57667.76	0.00	15017.83
41.70	-56803.51	0.00	19402.35
41.80	-55785.03	0.00	23602.80
41.90	-54610.60	0.00	27603.70
42.00	-53273.72	0.00	31393.60
42.10	-51763.10	0.00	34964.01
42.20	-50062.87	0.00	38308.15
42.30	-48153.18	0.00	41419.61
42.40	-46011.09	0.00	44291.08
42.50	-43611.83	0.00	46913.21
42.60	-40930.41	0.00	49273.68
42.70	-37943.43	0.00	51356.75
42.80	-34631.19	0.00	53143.02
42.90	-30979.80	0.00	54609.78
43.00	-26983.36	0.00	55731.73
43.10	-22645.89	0.00	56482.09
43.20	-17983.05	0.00	56834.14
43.30	-13023.29	0.00	56762.88
43.40	-7808.46	0.00	56246.95
43.50	-2393.79	0.00	55270.48
43.60	3153.06	0.00	53824.87
43.70	8753.57	0.00	51910.29
43.80	14320.78	0.00	49536.75
43.90	19762.37	0.00	46724.87
44.00	24984.18	0.00	43505.89
44.10	29894.12	0.00	39921.29
44.20	34406.03	0.00	36021.70
44.30	38443.47	0.00	31865.41
44.40	41942.96	0.00	27516.31
44.50	44856.56	0.00	23041.56
44.60	47153.66	0.00	18508.97
44.70	48821.65	0.00	13984.43
44.80	49865.68	0.00	9529.32
44.90	50307.37	0.00	5198.25
45.00	50182.63	0.00	1037.13
45.10	49538.79	0.00	-2918.16
45.20	48431.22	0.00	-6642.67
45.30	47068.24	0.00	-10122.44
45.40	45644.31	0.00	-13354.03
45.50	44186.13	0.00	-16343.46
45.60	42712.99	0.00	-19104.50
45.70	41235.88	0.00	-21656.60
45.80	39757.09	0.00	-24022.55
45.90	38270.13	0.00	-26225.95
46.00	36760.26	0.00	-28288.77
46.10	35205.44	0.00	-30229.03
46.20	33577.79	0.00	-32058.97
46.30	31845.42	0.00	-33783.52
46.40	29974.72	0.00	-35399.52
46.50	27932.67	0.00	-36895.44
46.60	25689.51	0.00	-38251.85
46.70	23221.11	0.00	-39442.39
46.80	20511.35	0.00	-40435.43
46.90	17554.03	0.00	-41196.07
47.00	14354.38	0.00	-41688.46
47.10	10929.95	0.00	-41878.31
47.20	7310.81	0.00	-41735.35
47.30	3539.06	0.00	-41235.65
47.40	-332.43	0.00	-40363.55
47.50	-4241.89	0.00	-39113.22
47.60	-8121.20	0.00	-37489.59
47.70	-11898.82	0.00	-35508.77
47.80	-15503.04	0.00	-33197.70
47.90	-18865.24	0.00	-30593.39
48.00	-21923.08	0.00	-27741.41
48.10	-24623.25	0.00	-24694.12
48.20	-26923.78	0.00	-21508.46
48.30	-28795.56	0.00	-18243.57
48.40	-30223.22	0.00	-14958.45
48.50	-31205.11	0.00	-11709.59
48.60	-31752.58	0.00	-8548.97
48.70	-31888.56	0.00	-5522.30
48.80	-31645.64	0.00	-2667.80
48.90	-31063.73	0.00	-15.35
49.00	-30187.62	0.00	2413.80
49.10	-29064.44	0.00	4606.79
49.20	-27741.41	0.00	6558.63
49.30	-26263.77	0.00	8271.11
49.40	-24701.31	0.00	9751.67
49.50	-23137.82	0.00	11011.91
49.60	-21591.35	0.00	12066.19
49.70	-20073.95	0.00	12930.23
49.80	-18593.79	0.00	13619.92
49.90	-17155.95	0.00	14150.24
50.00	-15763.24	0.00	14534.61
50.10	-14417.22	0.00	14784.48
50.20	-13119.12	0.00	14909.23
50.30	-11870.73	0.00	14916.38
50.40	-10675.10	0.00	14812.07
50.50	-9537.07	0.00	14601.68
50.60	-8463.49	0.00	14290.63
50.70	-7463.26	0.00	13885.15
50.80	-6547.04	0.00	13393.10
50.90	-5726.70	0.00	12824.55
51.00	-5014.65	0.00	12192.33
51.10	-4422.93	0.00	11512.26
51.20	-3962.26	0.00	10803.22
51.30	-3641.07	0.00	10086.86
51.40	-3464.59	0.00	9387.19
51.50	-3434.04	0.00	8729.89
51.60	-3546.02	0.00	8141.40
51.70	-3792.10	0.00	7648.00
51.80	-4158.69	0.00	7274.73
51.90	-4627.06	0.00	7044.29
52.00	-5173.75	0.00	6976.05
52.10	-5771.07	0.00	7085.15
52.20	-6387.84	0.00	7381.65
52.30	-6990.30	0.00	7870.01
52.40	-7543.05	0.00	8548.61
52.50	-8010.14	0.00	9409.64
52.60	-8356.07	0.00	10439.08
52.70	-8546.90	0.00	11616.97
52.80	-8551.20	0.00	12917.87
52.90	-8340.99	0.00	14311.45
53.00	-7892.63	0.00	15763.30
53.10	-7187.52	0.00	17235.81
53.20	-6212.80	0.00	18689.14
53.30	-4961.89	0.00	20082.29
53.40	-3434.90	0.00	21374.17
53.50	-1638.89	0.00	22524.68
53.60	411.90	0.00	23495.72
53.70	2696.18	0.00	24252.23
53.80	5185.72	0.00	24763.06
53.90	7845.76	0.00	25001.76
54.00	10635.61	0.00	24947.29
54.10	13509.42	0.00	24584.51
54.20	16417.15	0.00	23904.63
54.30	19305.76	0.00	22905.31
54.40	22120.46	0.00	21590.83
54.50	24806.22	0.00	19971.84
54.60	27309.17	0.00	18065.16
54.70	29578.18	0.00	15893.28
54.80	31566.27	0.00	13483.78
54.90	33232.01	0.00	10868.61
55.00	34540.67	0.00	8083.27
55.10	35475.91	0.00	5165.97
55.20	36142.76	0.00	2156.65
55.30	36571.55	0.00	-903.93
55.40	36762.56	0.00	-3975.16
55.50	36718.75	0.00	-7017.44
55.60	36445.56	0.00	-9993.05
55.70	35950.74	0.00	-12866.90
55.80	35244.18	0.00	-15607.24
55.90	34337.76	0.00	-18186.23
56.00	33245.18	0.00	-20580.41
56.10	31981.78	0.00	-22771.08
56.20	30564.35	0.00	-24744.55
56.30	29010.83	0.00	-26492.26
56.40	27339.94	0.00	-28010.81
56.50	25570.83	0.00	-29301.84
56.60	23722.48	0.00	-30371.81
56.70	21813.21	0.00	-31231.59
56.80	19859.96	0.00	-31895.99
56.90	17877.71	0.00	-32383.12
57.00	15878.74	0.00	-32713.64
57.10	13872.08	0.00	-32909.81
57.20	11862.96	0.00	-32994.61
57.30	9852.46	0.00	-32990.59
57.40	7837.34	0.00	-32918.81
57.50	5810.11	0.00	-32797.71
57.60	3759.37	0.00	-32642.09
57.70	1670.44	0.00	-32462.11
57.80	-473.71	0.00	-32262.52
57.90	-2691.30	0.00	-32042.09
58.00	-5000.23	0.00	-31793.29
58.10	-7416.58	0.00	-31502.29
58.20	-9952.83	0.00	-31149.28
58.30	-12616.15	0.00	-30709.21
58.40	-15406.83	0.00	-30152.73
58.50	-18316.84	0.00	-29447.59
58.60	-21328.73	0.00	-28560.19
58.70	-24415.01	0.00	-27457.35
58.80	-27537.94	0.00	-26108.20
58.90	-30649.94	0.00	-24486.04
59.00	-33694.66	0.00	-22570.07
59.10	-36608.52	0.00	-20347.01
59.20	-39322.90	0.00	-17812.26
59.30	-41766.78	0.00	-14970.87
59.40	-43869.64	0.00	-11837.88
59.50	-45564.65	0.00	-8438.29
59.60	-46794.76	0.00	-4806.57
59.70	-47693.40	0.00	-985.60
59.80	-48338.79	0.00	2974.70
59.90	-48710.02	0.00	7019.06
60.00	-48790.60	0.00	11088.85
60.10	-48568.74	0.00	15124.14
60.20	-48037.46	0.00	19065.75
60.30	-47194.60	0.00	22857.22
60.40	-46042.70	0.00	26446.54
60.50	-44588.77	0.00	29787.63
60.60	-42843.92	0.00	32841.36
60.70	-40822.97	0.00	35576.31
60.80	-38543.99	0.00	37969.05
60.90	-36027.82	0.00	40004.05
61.00	-33297.58	0.00	41673.30
61.10	-30378.21	0.00	42975.69
61.20	-27296.08	0.00	43916.15
61.30	-24078.67	0.00	44504.77
61.40	-20754.28	0.00	44755.87
61.50	-17351.83	0.00	44687.17
61.60	-13900.69	0.00	44319.04
61.70	-10430.44	0.00	43673.91
61.80	-6970.70	0.00	42775.89
61.90	-3550.74	0.00	41650.47
62.00	-199.09	0.00	40324.35
62.10	3057.07	0.00	38825.36
62.20	6192.64	0.00	37182.31
62.30	9185.39	0.00	35424.87
62.40	12016.94	0.00	33583.18
62.50	14673.59	0.00	31687.42
62.60	17147.18	0.00	29767.10
62.70	19435.67	0.00	27850.13
62.80	21543.52	0.00	25961.80
62.90	23481.61	0.00	24123.52
63.00	25266.78	0.00	22351.62
63.10	26920.86	0.00	20656.11
63.20	28469.28	0.00	19039.66
63.30	29939.16	0.00	17496.80
63.40	31357.15	0.00	16013.54
63.50	32746.95	0.00	14567.41
63.60	34126.82	0.00	13128.03
63.70	35507.17	0.00	11658.25
63.80	36888.40	0.00	10115.75
63.90	38259.27	0.00	8455.18
64.00	39595.81	0.00	6630.68
64.10	40861.13	0.00	4598.64
64.20	42118.54	0.00	2320.54
64.30	43435.89	0.00	-234.18
64.40	44763.11	0.00	-3085.58
64.50	46041.98	0.00	-6241.01
64.60	47207.87	0.00	-9693.51
64.70	48191.74	0.00	-13420.83
64.80	48922.41	0.00	-17385.18
64.90	49328.97	0.00	-21533.82
65.00	49343.28	0.00	-25800.38
65.10	48902.51	0.00	-30106.84
65.20	47951.70	0.00	-34366.20
65.30	46446.17	0.00	-38485.58
65.40	44353.85	0.00	-42369.60
65.50	41657.29	0.00	-45923.97
65.60	38355.39	0.00	-49058.95
65.70	34464.63	0.00	-51692.64
65.80	30019.77	0.00	-53753.97
65.90	25073.91	0.00	-55185.07
66.00	19697.80	0.00	-55943.27
66.10	13978.47	0.00	-56002.26
66.20	8017.08	0.00	-55352.84
66.30	1926.08	0.00	-54002.95
66.40	-4174.19	0.00	-51977.12
66.50	-10159.34	0.00	-49315.55
66.60	-15905.07	0.00	-46072.67
66.70	-21291.40	0.00	-42315.50
66.80	-26206.81	0.00	-38121.64
66.90	-30552.08	0.00	-33577.30
67.00	-34243.75	0.00	-28775.08
67.10	-37216.97	0.00	-23811.80
67.20	-39427.62	0.00	-18786.30
67.30	-40853.76	0.00	-13797.28
67.40	-41496.18	0.00	-8941.12
67.50	-41378.19	0.00	-4309.83
67.60	-40544.54	0.00	11.07
67.70	-39059.70	0.00	3944.54
67.80	-37005.32	0.00	7423.90
67.90	-34477.25	0.00	10394.64
68.00	-31582.01	0.00	12815.97
68.10	-28433.01	0.00	14662.17
68.20	-25147.49	0.00	15923.55
68.30	-21887.00	0.00	16607.00
68.40	-18766.65	0.00	16736.04
68.50	-15863.55	0.00	16350.37
68.60	-13249.27	0.00	15504.66
68.70	-10987.06	0.00	14266.93
68.80	-9129.11	0.00	12716.18
68.90	-7714.17	0.00	10939.59
69.00	-6765.62	0.00	9029.30
69.10	-6290.39	0.00	7078.83
69.20	-6278.59	0.00	5179.51
69.30	-6704.13	0.00	3416.91
69.40	-7526.20	0.00	1867.54
69.50	-8691.59	0.00	596.03
69.60	-10137.59	0.00	-347.05
69.70	-11795.38	0.00	-926.67
69.80	-13593.59	0.00	-1123.91
69.90	-15461.85	0.00	-935.72
70.00	-17333.98	0.00	-373.75
70.10	-19150.80	0.00	537.53
70.20	-20862.18	0.00	1763.40
70.30	-22428.41	0.00	3261.86
70.40	-23820.74	0.00	4986.92
70.50	-25021.13	0.00	6891.82
70.60	-26021.18	0.00	8932.11
70.70	-26820.46	0.00	11068.20
70.80	-27424.29	0.00	13267.37
70.90	-27841.17	0.00	15504.98
71.00	-28080.02	0.00	17764.81
71.10	-28147.44	0.00	20038.60
71.20	-28045.26	0.00	22324.74
71.30	-27768.47	0.00	24626.27
71.40	-27303.74	0.00	26948.37
71.50	-26628.71	0.00	29295.50
71.60	-25712.12	0.00	31668.50
71.70	-24514.78	0.00	34061.79
71.80	-22991.42	0.00	36461.05
71.90	-21093.37	0.00	38841.42
72.00	-18771.84	0.00	41166.53
72.10	-15981.80	0.00	43388.41
72.20	-12686.09	0.00	45448.25
72.30	-8859.60	0.00	47278.17
72.40	-4493.31	0.00	48803.71
72.50	402.29	0.00	49947.09
72.60	5794.38	0.00	50630.84
72.70	11626.07	0.00	50781.76
72.80	17815.90	0.00	50334.87
72.90	24258.58	0.00	49237.08
73.00	30827.33	0.00	47450.44
73.10	37377.47	0.00	44954.73
73.20	43751.41	0.00	41749.15
73.30	49784.73	0.00	37853.22
73.40	55312.87	0.00	33306.62
73.50	60178.37	0.00	28168.10
73.60	64237.87	0.00	22513.62
73.70	67368.69	0.00	16433.62
73.80	69474.35	0.00	10029.79
73.90	70755.32	0.00	3411.38
74.00	71573.34	0.00	-3308.61
74.10	71932.31	0.00	-10017.34
74.20	71837.31	0.00	-16605.79
74.30	71296.92	0.00	-22972.13
74.40	70322.82	0.00	-29024.56
74.50	68929.57	0.00	-34683.62
74.60	67134.51	0.00	-39883.85
74.70	64957.75	0.00	-44574.83
74.80	62422.06	0.00	-48721.52
74.90	59552.74	0.00	-52304.04
75.00	56377.28	0.00	-55316.89
75.10	52924.88	0.00	-57767.72
75.20	49225.70	0.00	-59675.68
75.30	45310.09	0.00	-61069.54
75.40	41207.64	0.00	-61985.59
75.50	36946.25	0.00	-62465.37
75.60	32551.21	0.00	-62553.51
75.70	28044.56	0.00	-62295.46
75.80	23444.54	0.00	-61735.47
75.90	18765.46	0.00	-60914.67
76.00	14017.87	0.00	-59869.40
76.10	9209.12	0.00	-58629.88
76.20	4344.39	0.00	-57219.15
76.30	-572.07	0.00	-55652.48
76.40	-5535.26	0.00	-53937.10
76.50	-10537.62	0.00	-52072.43
76.60	-15567.11	0.00	-50050.79
76.70	-20605.33	0.00	-47858.44
76.80	-25625.84	0.00	-45477.17
76.90	-30592.91	0.00	-42886.08
77.00	-35460.71	0.00	-40063.77
77.10	-40173.19	0.00	-36990.63
77.20	-44664.77	0.00	-33651.18
77.30	-48861.82	0.00	-30036.34
77.40	-52684.95	0.00	-26145.43
77.50	-56052.17	0.00	-21987.85
77.60	-58882.55	0.00	-17584.21
77.70	-61100.41	0.00	-12966.82
77.80	-62639.70	0.00	-8179.56
77.90	-63448.12	0.00	-3276.95
78.00	-63495.60	0.00	1677.45
78.10	-63093.41	0.00	6613.36
78.20	-62434.65	0.00	11456.62
78.30	-61517.36	0.00	16132.46
78.40	-60347.16	0.00	20569.00
78.50	-58937.77	0.00	24700.74
78.60	-57311.13	0.00	28471.92
78.70	-55496.87	0.00	31839.36
78.80	-53531.36	0.00	34774.76
78.90	-51455.98	0.00	37266.16
79.00	-49314.94	0.00	39318.57
79.10	-47152.69	0.00	40953.47
79.20	-45010.91	0.00	42207.57
79.30	-42925.50	0.00	43130.41
79.40	-40923.75	0.00	43781.41
79.50	-39021.82	0.00	44226.15
79.60	-37222.86	0.00	44532.32
79.70	-35515.96	0.00	44765.60
79.80	-33876.02	0.00	44985.55
79.90	-32264.52	0.00	45241.98
80.00	-30631.37	0.00	45571.87
80.10	-28917.49	0.00	45997.14
80.20	-27058.23	0.00	46523.25
80.30	-24987.22	0.00	47138.95
80.40	-22640.52	0.00	47816.91
80.50	-19960.77	0.00	48515.36
80.60	-16901.25	0.00	49180.59
80.70	-13429.35	0.00	49750.05
80.80	-9529.54	0.00	50155.97
80.90	-5205.44	0.00	50329.15
81.00	-481.05	0.00	50202.84
81.10	4599.11	0.00	49716.29
81.20	9970.87	0.00	48817.95
81.30	15552.23	0.00	47468.08
81.40	21246.14	0.00	45640.62
81.50	26944.08	0.00	43324.39
81.60	32530.19	0.00	40523.46
81.70	37885.73	0.00	37256.83
81.80	42893.75	0.00	33557.47
81.90	47443.54	0.00	29470.86
82.00	51434.84	0.00	25053.06
82.10	54781.41	0.00	20368.63
82.20	57413.94	0.00	15488.32
82.30	59282.24	0.00	10486.85
82.40	60356.51	0.00	5440.74
82.50	60627.88	0.00	426.26
82.60	60108.11	0.00	-4482.35
82.70	58966.03	0.00	-9214.51
82.80	57550.02	0.00	-13704.70
82.90	55895.19	0.00	-17893.79
83.00	54026.38	0.00	-21730.10
83.10	51971.53	0.00	-25170.54
83.20	49762.33	0.00	-28181.52
83.30	47434.63	0.00	-30739.94
83.40	45028.65	0.00	-32834.02
83.50	42588.79	0.00	-34464.04
83.60	40162.97	0.00	-35642.90
83.70	37801.38	0.00	-36396.43
83.80	35554.75	0.00	-36763.31
83.90	33471.99	0.00	-36794.59
84.00	31597.57	0.00	-36552.67
84.10	29968.48	0.00	-36109.67
84.20	28611.21	0.00	-35545.23
84.30	27538.90	0.00	-34943.72
84.40	26748.84	0.00	-34390.86
84.50	26220.61	0.00	-33970.00
84.60	25915.01	0.00	-33758.05
84.70	25773.94	0.00	-33821.41
84.80	25721.34	0.00	-34211.97
84.90	25665.16	0.00	-34963.55
85.00	25500.33	0.00	-36088.95
85.10	25112.71	0.00	-37577.75
85.20	24383.85	0.00	-39395.27
85.30	23196.32	0.00	-41482.52
85.40	21439.60	0.00	-43757.51
85.50	19016.09	0.00	-46117.64
85.60	15847.23	0.00	-48443.38
85.70	11879.24	0.00	-50602.85
85.80	7088.41	0.00	-52457.27
85.90	1485.43	0.00	-53866.92
86.00	-4881.40	0.00	-54697.39
86.10	-11924.58	0.00	-54825.74
86.20	-19517.53	0.00	-54146.24
86.30	-27496.82	0.00	-52575.56
86.40	-35666.47	0.00	-50056.88
86.50	-43804.44	0.00	-46562.97
86.60	-51670.94	0.00	-42097.92
86.70	-59018.43	0.00	-36697.57
86.80	-65602.51	0.00	-30428.59
86.90	-71193.34	0.00	-23386.26
87.00	-75586.70	0.00	-15691.21
87.10	-78613.95	0.00	-7485.18
87.20	-80150.34	0.00	1073.91
87.30	-80331.45	0.00	9817.22
87.40	-79731.08	0.00	18570.57
87.50	-78369.28	0.00	27159.76
87.60	-76233.12	0.00	35415.72
87.70	-73315.40	0.00	43179.02
87.80	-69616.23	0.00	50303.88
87.90	-65145.20	0.00	56661.30
88.00	-59923.87	0.00	62141.53
88.10	-53988.17	0.00	66655.71
88.20	-47390.65	0.00	70136.81
88.30	-40201.99	0.00	72539.89
88.40	-32511.91	0.00	73841.91
88.50	-24429.01	0.00	74040.98
88.60	-16079.55	0.00	73155.36
88.70	-7605.27	0.00	71222.24
88.80	839.97	0.00	68296.30
88.90	9094.30	0.00	64448.21
89.00	16992.85	0.00	59763.05
89.10	24373.13	0.00	54338.67
89.20	31080.83	0.00	48283.99
89.30	36975.45	0.00	41717.18
89.40	41935.73	0.00	34763.74
89.50	45864.41	0.00	27554.43
89.60	48692.14	0.00	20223.05
89.70	50380.27	0.00	12904.03
89.80	50922.38	0.00	5729.88
89.90	50344.38	0.00	-1171.41
90.00	48703.28	0.00	-7679.06
90.10	46084.51	0.00	-13682.15
90.20	42598.20	0.00	-19082.09
90.30	38374.35	0.00	-23794.86
90.40	33569.52	0.00	-27752.96
90.50	28431.73	0.00	-30906.80
90.60	23086.14	0.00	-33225.73
90.70	17629.97	0.00	-34698.40
90.80	12164.66	0.00	-35332.57
90.90	6793.79	0.00	-35154.34
91.00	1620.63	0.00	-34206.86
91.10	-3254.75	0.00	-32548.51
91.20	-7738.42	0.00	-30250.79
91.30	-11745.57	0.00	-27395.89
91.40	-15203.07	0.00	-24074.06
91.50	-18051.77	0.00	-20381.08
91.60	-20248.12	0.00	-16415.69
91.70	-21765.19	0.00	-12277.24
91.80	-22593.00	0.00	-8063.60
91.90	-22754.95	0.00	-3869.36
92.00	-22321.30	0.00	215.70
92.10	-21325.82	0.00	4107.74
92.20	-19805.55	0.00	7729.84
92.30	-17803.42	0.00	11012.61
92.40	-15368.14	0.00	13894.79
92.50	-12554.24	0.00	16323.66
92.60	-9422.25	0.00	18255.41
92.70	-6038.88	0.00	19655.59
92.80	-2477.00	0.00	20499.55
92.90	1184.62	0.00	20772.96
93.00	4861.91	0.00	20472.35
93.10	8466.68	0.00	19605.68
93.20	11908.22	0.00	18192.81
93.30	15095.51	0.00	16265.84
93.40	17939.86	0.00	13869.27
93.50	20357.96	0.00	11059.72
93.60	22275.15	0.00	7905.42
93.70	23628.73	0.00	4485.15
93.80	24371.01	0.00	886.70
93.90	24487.93	0.00	-2795.13
94.00	24026.20	0.00	-6460.95
94.10	22994.69	0.00	-10009.68
94.20	21410.76	0.00	-13341.64
94.30	19306.10	0.00	-16361.83
94.40	16726.91	0.00	-18983.17
94.50	13733.50	0.00	-21129.69
94.60	10399.43	0.00	-22739.21
94.70	6809.96	0.00	-23765.68
94.80	3059.85	0.00	-24180.87
94.90	-749.50	0.00	-23975.28
95.00	-4513.39	0.00	-23158.38
95.10	-8127.55	0.00	-21757.97
95.20	-11492.12	0.00	-19818.83
95.30	-14515.46	0.00	-17400.66
95.40	-17117.74	0.00	-14575.44
95.50	-19233.90	0.00	-11424.43
95.60	-20815.89	0.00	-8034.82
95.70	-21833.98	0.00	-4496.38
95.80	-22277.08	0.00	-898.23
95.90	-22152.08	0.00	2674.17
96.00	-21500.04	0.00	6141.51
96.10	-20397.49	0.00	9432.70
96.20	-18884.28	0.00	12486.22
96.30	-17002.84	0.00	15250.94
96.40	-14798.48	0.00	17686.25
96.50	-12317.98	0.00	19761.66
96.60	-9608.47	0.00	21456.02
96.70	-6716.61	0.00	22756.27
96.80	-3688.13	0.00	23656.14
96.90	-567.68	0.00	24154.74
97.00	2600.96	0.00	24255.21
97.10	5774.54	0.00	23963.69
97.20	8909.78	0.00	23288.50
97.30	11962.75	0.00	22239.70
97.40	14888.46	0.00	20829.13
97.50	17640.50	0.00	19070.65
97.60	20171.10	0.00	16980.88
97.70	22431.53	0.00	14579.98
97.80	24373.00	0.00	11892.67
97.90	25964.75	0.00	8949.15
98.00	27231.45	0.00	5785.91
98.10	28150.36	0.00	2446.24
98.20	28694.83	0.00	-1019.66
98.30	28841.27	0.00	-4554.96
98.40	28570.62	0.00	-8097.05
98.50	27869.90	0.00	-11578.86
98.60	26733.80	0.00	-14930.63
98.70	25166.07	0.00	-18082.06
98.80	23180.71	0.00	-20964.77
98.90	20802.70	0.00	-23514.84
99.00	18068.42	0.00	-25675.35
99.10	15025.37	0.00	-27398.75
99.20	11731.34	0.00	-28648.89
99.30	8253.04	0.00	-29402.58
99.40	4664.02	0.00	-29650.58
99.50	1042.26	0.00	-29398.00
99.60	-2532.77	0.00	-28663.96
99.70	-5983.08	0.00	-27480.69
99.80	-9235.24	0.00	-25891.99
99.90	-12223.20	0.00	-23951.19
100.00	-14890.72	0.00	-21718.82
100.10	-17193.27	0.00	-19259.99
100.20	-19099.22	0.00	-16641.76
100.30	-20590.31	0.00	-13930.57
100.40	-21661.42	0.00	-11189.99
100.50	-22319.62	0.00	-8478.73
100.60	-22582.71	0.00	-5849.20
100.70	-22477.37	0.00	-3346.50
100.80	-22037.05	0.00	-1007.97
100.90	-21299.87	0.00	1136.80
101.00	-20306.62	0.00	3065.51
101.10	-19099.04	0.00	4762.42
101.20	-17718.49	0.00	6217.32
101.30	-16205.07	0.00	7424.53
101.40	-14614.48	0.00	8381.81
101.50	-12990.22	0.00	9089.54
101.60	-11357.74	0.00	9550.07
101.70	-9742.25	0.00	9767.39
101.80	-8169.39	0.00	9747.19
101.90	-6665.86	0.00	9497.14
102.00	-5259.71	0.00	9027.55
102.10	-3980.40	0.00	8352.17
102.20	-2858.39	0.00	7489.08
102.30	-1924.35	0.00	6461.62
102.40	-1207.94	0.00	5299.02
102.50	-736.30	0.00	4036.88
102.60	-532.25	0.00	2717.21
102.70	-612.39	0.00	1387.96
102.80	-985.23	0.00	102.05
102.90	-1649.57	0.00	-1084.08
103.00	-2593.20	0.00	-2112.51
103.10	-3792.08	0.00	-2926.17
103.20	-5210.16	0.00	-3471.56
103.30	-6799.85	0.00	-3701.58
103.40	-8503.10	0.00	-3578.26
103.50	-10253.12	0.00	-3075.41
103.60	-11976.70	0.00	-2180.77
103.70	-13596.83	0.00	-897.65
103.80	-15035.76	0.00	754.12
103.90	-16218.07	0.00	2738.03
104.00	-17073.85	0.00	5001.54
104.10	-17541.72	0.00	7477.57
104.20	-17571.65	0.00	10086.82
104.30	-17127.34	0.00	12740.70
104.40	-16188.36	0.00	15344.83
104.50	-14751.53	0.00	17802.95
104.60	-12831.94	0.00	20020.96
104.70	-10463.13	0.00	21910.88
104.80	-7696.64	0.00	23394.68
104.90	-4600.79	0.00	24407.59
105.00	-1258.64	0.00	24900.83
105.10	2234.71	0.00	24843.66
105.20	5775.55	0.00	24224.62
105.30	9255.43	0.00	23051.89
105.40	12565.50	0.00	21352.89
105.50	15600.90	0.00	19173.05
105.60	18265.10	0.00	16573.93
105.70	20473.86	0.00	13630.78
105.80	22158.68	0.00	10429.65
105.90	23269.47	0.00	7064.29
106.00	23776.34	0.00	3632.83
106.10	23670.41	0.00	234.60
106.20	22963.72	0.00	-3032.97
106.30	21688.17	0.00	-6077.24
106.40	19893.78	0.00	-8812.82
106.50	17646.24	0.00	-11163.83
106.60	15024.12	0.00	-13065.59
106.70	12119.42	0.00	-14466.10
106.80	9037.78	0.00	-15327.11
106.90	5867.50	0.00	-15624.77
107.00	2698.93	0.00	-15350.18
107.10	-374.82	0.00	-14509.48
107.20	-3259.98	0.00	-13123.89
107.30	-5864.52	0.00	-11229.38
107.40	-8100.70	0.00	-8876.25
107.50	-9887.91	0.00	-6128.36
107.60	-11155.85	0.00	-3062.14
107.70	-11858.26	0.00	234.62
107.80	-11959.49	0.00	3664.45
107.90	-11433.23	0.00	7122.14
108.00	-10268.43	0.00	10497.10
108.10	-8470.91	0.00	13676.09
108.20	-6064.79	0.00	16546.29
108.30	-3093.76	0.00	18998.67
108.40	377.99	0.00	20931.60
108.50	4265.52	0.00	22254.50
108.60	8463.67	0.00	22891.48
108.70	12848.60	0.00	22784.78
108.80	17280.53	0.00	21897.75
108.90	21607.68	0.00	20217.40
109.00	25675.02	0.00	17756.08
109.10	29393.21	0.00	14552.42
109.20	32665.60	0.00	10671.23
109.30	35387.81	0.00	6202.31
109.40	37467.95	0.00	1258.27
109.50	38828.94	0.00	-4028.75
109.60	39410.68	0.00	-9511.26
109.70	39172.06	0.00	-15031.49
109.80	38092.79	0.00	-20426.94
109.90	36175.12	0.00	-25536.44
110.00	33445.21	0.00	-30206.28
110.10	29954.01	0.00	-34296.13
110.20	25777.48	0.00	-37684.64
110.30	21015.81	0.00	-40274.17
110.40	15791.47	0.00	-41994.79
110.50	10246.03	0.00	-42806.92
110.60	4535.56	0.00	-42702.89
110.70	-1175.18	0.00	-41707.04
110.80	-6719.54	0.00	-39874.45
110.90	-11936.44	0.00	-37288.41
111.00	-16677.94	0.00	-34056.66
111.10	-20816.48	0.00	-30306.59
111.20	-24251.14	0.00	-26179.69
111.30	-26912.53	0.00	-21825.42
111.40	-28765.90	0.00	-17394.91
111.50	-29812.16	0.00	-13034.61
111.60	-30086.92	0.00	-8880.36
111.70	-29657.51	0.00	-5052.07
111.80	-28618.21	0.00	-1649.18
111.90	-27084.30	0.00	1252.77
112.00	-25185.11	0.00	3604.47
112.10	-23056.71	0.00	5383.82
112.20	-20834.69	0.00	6595.78
112.30	-18647.45	0.00	7270.91
112.40	-16610.25	0.00	7462.82
112.50	-14820.36	0.00	7244.66
112.60	-13367.14	0.00	6704.89
112.70	-12310.00	0.00	5942.42
112.80	-11671.04	0.00	5061.52
112.90	-11450.38	0.00	4166.66
113.00	-11626.87	0.00	3357.58
113.10	-12159.89	0.00	2724.66
113.20	-12991.99	0.00	2345.07
113.30	-14052.24	0.00	2279.57
113.40	-15260.11	0.00	2570.26
113.50	-16529.46	0.00	3239.26
113.60	-17772.70	0.00	4288.41
113.70	-18904.58	0.00	5699.89
113.80	-19845.74	0.00	7437.73
113.90	-20525.67	0.00	9450.13
114.00	-20885.21	0.00	11672.38
114.10	-20878.31	0.00	14030.21
114.20	-20473.32	0.00	16443.51
114.30	-19653.57	0.00	18830.03
114.40	-18417.41	0.00	21109.09
114.50	-16777.78	0.00	23204.91
114.60	-14761.17	0.00	25049.65
114.70	-12406.23	0.00	26585.82
114.80	-9761.90	0.00	27768.06
114.90	-6885.30	0.00	28564.30
115.00	-3839.31	0.00	28956.16
115.10	-690.04	0.00	28938.76
115.20	2495.73	0.00	28519.78
115.30	5652.99	0.00	27718.13
115.40	8720.80	0.00	26562.15
115.50	11644.08	0.00	25087.49
115.60	14375.15	0.00	23334.88
115.70	16874.66	0.00	21347.92
115.80	19111.97	0.00	19170.95
115.90	21065.09	0.00	16847.13
116.00	22720.07	0.00	14416.97
116.10	24070.06	0.00	11917.16
116.20	25114.05	0.00	9379.89
116.30	25855.50	0.00	6832.63
116.40	26300.95	0.00	4298.30
116.50	26458.78	0.00	1795.91
116.60	26338.12	0.00	-658.64
116.70	25948.24	0.00	-3051.46
116.80	25298.88	0.00	-5369.50
116.90	24449.50	0.00	-7599.43
117.00	23432.68	0.00	-9726.62
117.10	22246.96	0.00	-11734.40
117.20	20890.77	0.00	-13603.60
117.30	19363.89	0.00	-15312.46
117.40	17668.90	0.00	-16837.01
117.50	15812.67	0.00	-18151.74
117.60	13807.59	0.00	-19230.75
117.70	11672.59	0.00	-20049.13
117.80	9433.71	0.00	-20584.57
117.90	7124.28	0.00	-20819.07
118.00	4784.47	0.00	-20740.69
118.10	2460.37	0.00	-20345.06
118.20	202.46	0.00	-19636.67
118.30	-1936.34	0.00	-18629.79
118.40	-3903.10	0.00	-17348.89
118.50	-5647.46	0.00	-15828.56
118.60	-7124.39	0.00	-14112.78
118.70	-8296.81	0.00	-12253.71
118.80	-9137.94	0.00	-10309.94
118.90	-9633.18	0.00	-8344.21
119.00	-9781.37	0.00	-6420.88
119.10	-9595.35	0.00	-4603.16
119.20	-9101.75	0.00	-2950.23
119.30	-8339.92	0.00	-1514.51
119.40	-7360.21	0.00	-339.16
119.50	-6221.62	0.00	544.02
119.60	-4988.93	0.00	1116.14
119.70	-3729.57	0.00	1372.18
119.80	-2510.34	0.00	1321.21
119.90	-1394.23	0.00	985.92
120.00	-437.46	0.00	401.44
120.10	313.07	0.00	-386.48
120.20	821.84	0.00	-1323.87
120.30	1066.14	0.00	-2351.30
120.40	1036.85	0.00	-3406.95
120.50	738.55	0.00	-4429.79
120.60	188.89	0.00	-5362.59
120.70	-582.61	0.00	-6154.77
120.80	-1536.44	0.00	-6764.79
120.90	-2625.37	0.00	-7161.97
121.00	-3797.20	0.00	-7327.70
121.10	-4997.66	0.00	-7255.92
121.20	-6173.40	0.00	-6952.92
121.30	-7274.92	0.00	-6436.34
121.40	-8259.11	0.00	-5733.66
121.50	-9091.49	0.00	-4880.10
121.60	-9747.71	0.00	-3916.12
121.70	-10214.50	0.00	-2884.79
121.80	-10489.84	0.00	-1828.97
121.90	-10582.32	0.00	-788.77
122.00	-10517.58	0.00	200.86
122.10	-10327.97	0.00	1112.02
122.20	-10043.29	0.00	1925.21
122.30	-9695.67	0.00	2630.11
122.40	-9317.20	0.00	3225.72
122.50	-8937.61	0.00	3719.75
122.60	-8582.23	0.00	4127.60
122.70	-8270.28	0.00	4470.65
122.80	-8013.64	0.00	4774.34
122.90	-7816.13	0.00	5065.85
123.00	-7673.42	0.00	5371.90
123.10	-7573.51	0.00	5716.44
123.20	-7497.72	0.00	6118.70
123.30	-7422.18	0.00	6591.62
123.40	-7319.70	0.00	7140.68
123.50	-7161.77	0.00	7763.35
123.60	-6920.77	0.00	8449.13
123.70	-6572.00	0.00	9180.13
123.80	-6095.57	0.00	9932.22
123.90	-5477.93	0.00	10676.56
124.00	-4712.99	0.00	11381.59
124.10	-3802.69	0.00	12015.03
124.20	-2757.12	0.00	12546.08
124.30	-1594.02	0.00	12947.42
124.40	-337.78	0.00	13196.97
124.50	981.98	0.00	13279.33
124.60	2332.17	0.00	13186.64
124.70	3678.27	0.00	12919.05
124.80	4986.41	0.00	12484.51
124.90	6225.37	0.00	11898.11
125.00	7368.41	0.00	11180.95
125.10	8394.70	0.00	10358.54
125.20	9290.38	0.00	9459.06
125.30	10048.99	0.00	8511.34
125.40	10671.43	0.00	7542.99
125.50	11165.31	0.00	6578.62
125.60	11543.87	0.00	5638.27
125.70	11824.45	0.00	4736.38
125.80	12026.75	0.00	3881.04
125.90	12170.92	0.00	3073.91
126.00	12275.70	0.00	2310.47
126.10	12356.71	0.00	1580.89
126.20	12425.11	0.00	871.23
126.30	12488.34	0.00	164.89
126.40	12561.49	0.00	-555.62
126.50	12642.02	0.00	-1307.00
126.60	12718.43	0.00	-2103.45
126.70	12774.52	0.00	-2955.25
126.80	12790.64	0.00	-3867.56
126.90	12745.11	0.00	-4839.69
127.00	12615.75	0.00	-5864.79
127.10	12381.55	0.00	-6929.95
127.20	12024.13	0.00	-8016.84
127.30	11529.08	0.00	-9102.65
127.40	10887.03	0.00	-10161.40
127.50	10094.35	0.00	-11165.39
127.60	9153.48	0.00	-12086.87
127.70	8072.90	0.00	-12899.53
127.80	6866.67	0.00	-13580.00
127.90	5553.72	0.00	-14108.97
128.00	4156.80	0.00	-14472.14
128.10	2701.24	0.00	-14660.66
128.20	1213.71	0.00	-14671.31
128.30	-279.12	0.00	-14506.23
128.40	-1751.72	0.00	-14172.31
128.50	-3180.72	0.00	-13680.38
128.60	-4545.58	0.00	-13044.18
128.70	-5829.06	0.00	-12279.23
128.80	-7017.23	0.00	-11401.79
128.90	-8099.33	0.00	-10427.91
129.00	-9067.26	0.00	-9372.62
129.10	-9914.91	0.00	-8249.55
129.20	-10637.46	0.00	-7070.65
129.30	-11230.58	0.00	-5846.41
129.40	-11689.81	0.00	-4586.19
129.50	-12010.15	0.00	-3298.89
129.60	-12185.79	0.00	-1993.77
129.70	-12210.31	0.00	-681.23
129.80	-12077.05	0.00	626.32
129.90	-11779.85	0.00	1913.84
130.00	-11314.04	0.00	3163.23
130.10	-10677.45	0.00	4353.19
130.20	-9871.68	0.00	5459.51
130.30	-8905.09	0.00	6455.66
130.40	-7796.40	0.00	7313.77
130.50	-6561.04	0.00	8006.02
130.60	-5219.99	0.00	8506.07
130.70	-3800.90	0.00	8790.88
130.80	-2337.70	0.00	8842.32
130.90	-869.73	0.00	8648.83
131.00	559.59	0.00	8206.77
131.10	1904.56	0.00	7521.45
131.20	3119.27	0.00	6607.65
131.30	4159.98	0.00	5489.72
131.40	4987.47	0.00	4201.02
131.50	5569.29	0.00	2782.92
131.60	5881.79	0.00	1283.17
131.70	5911.67	0.00	-246.02
131.80	5656.91	0.00	-1750.35
131.90	5128.40	0.00	-3175.88
132.00	4348.98	0.00	-4471.56
132.10	3348.47	0.00	-5591.63
132.20	2165.23	0.00	-6497.78
132.30	844.51	0.00	-7160.84
132.40	-563.61	0.00	-7562.07
132.50	-2006.59	0.00	-7693.78
132.60	-3431.86	0.00	-7559.38
132.70	-4789.35	0.00	-7172.84
132.80	-6033.72	0.00	-6557.59
132.90	-7126.97	0.00	-5744.93
133.00	-8044.48	0.00	-4772.06
133.10	-8768.80	0.00	-3679.93
133.20	-9290.79	0.00	-2510.99
133.30	-9610.16	0.00	-1306.94
133.40	-9734.60	0.00	-106.77
133.50	-9678.60	0.00	1054.96
133.60	-9461.95	0.00	2149.41
133.70	-9108.08	0.00	3154.24
133.80	-8642.37	0.00	4054.02
133.90	-8090.51	0.00	4840.00
134.00	-7477.01	0.00	5509.61
134.10	-6824.01	0.00	6065.51
134.20	-6150.42	0.00	6514.41
134.30	-5471.34	0.00	6865.78
134.40	-4797.98	0.00	7130.49
134.50	-4137.87	0.00	7319.60
134.60	-3495.41	0.00	7443.28
134.70	-2872.67	0.00	7510.08
134.80	-2270.30	0.00	7526.47
134.90	-1688.56	0.00	7496.76
135.00	-1128.24	0.00	7423.33
135.10	-591.44	0.00	7307.21
135.20	-82.10	0.00	7148.86
135.30	393.76	0.00	6949.08
135.40	828.14	0.00	6710.04
135.50	1211.53	0.00	6436.11
135.60	1533.67	0.00	6134.70
135.70	1784.59	0.00	5816.71
135.80	1955.83	0.00	5496.70
135.90	2041.73	0.00	5192.66
136.00	2040.68	0.00	4925.49
136.10	1956.24	0.00	4717.97
136.20	1797.98	0.00	4593.47
136.30	1581.98	0.00	4574.45
136.40	1330.89	0.00	4680.72
136.50	1073.56	0.00	4927.74
136.60	844.20	0.00	5324.93
136.70	681.06	0.00	5874.27
136.80	624.78	0.00	6569.08
136.90	716.38	0.00	7393.38
137.00	995.09	0.00	8321.59
137.10	1496.04	0.00	9318.84
137.20	2247.99	0.00	10341.77
137.30	3271.19	0.00	11339.83
137.40	4575.46	0.00	12257.12
137.50	6158.72	0.00	13034.52
137.60	8005.88	0.00	13612.13
137.70	10088.29	0.00	13931.83
137.80	12363.81	0.00	13939.96
137.90	14777.53	0.00	13589.73
138.00	17263.05	0.00	12843.57
138.10	19744.48	0.00	11674.97
138.20	22144.12	0.00	10070.06
138.30	24427.87	0.00	8028.53
138.40	26538.07	0.00	5564.14
138.50	28408.92	0.00	2704.62
138.60	29977.74	0.00	-508.91
138.70	31186.45	0.00	-4023.08
138.80	31982.70	0.00	-7773.68
138.90	32320.94	0.00	-11687.60
139.00	32163.25	0.00	-15684.83
139.10	31480.13	0.00	-19680.76
139.20	30251.24	0.00	-23588.47
139.30	28466.07	0.00	-27321.00
139.40	26124.65	0.00	-30793.58
139.50	23238.17	0.00	-33925.64
139.60	19829.59	0.00	-36642.65
139.70	15934.14	0.00	-38877.79
139.80	11599.57	0.00	-40573.25
139.90	6886.27	0.00	-41681.45
140.00	1866.92	0.00	-42165.90
140.10	-3374.13	0.00	-42001.89
140.20	-8742.02	0.00	-41176.97
140.30	-14133.03	0.00	-39691.28
140.40	-19436.70	0.00	-37557.62
140.50	-24538.43	0.00	-34801.43
140.60	-29322.63	0.00	-31460.54
140.70	-33676.07	0.00	-27584.73
140.80	-37491.59	0.00	-23235.19
140.90	-40671.84	0.00	-18483.58
141.00	-43132.97	0.00	-13411.04
141.10	-44808.00	0.00	-8106.80
141.20	-45649.82	0.00	-2666.60
141.30	-45633.45	0.00	2809.16
141.40	-44867.31	0.00	8217.55
141.50	-43521.27	0.00	13455.46
141.60	-41611.14	0.00	18422.10
141.70	-39160.26	0.00	23021.63
141.80	-36201.83	0.00	27165.81
141.90	-32779.79	0.00	30776.59
142.00	-28949.39	0.00	33788.51
142.10	-24777.25	0.00	36150.88
142.20	-20340.84	0.00	37829.51
142.30	-15727.23	0.00	38808.00
142.40	-11031.13	0.00	39088.45
142.50	-6352.11	0.00	38691.55
142.60	-1791.31	0.00	37656.02
142.70	2552.38	0.00	36037.33
142.80	6586.36	0.00	33905.87
142.90	10228.34	0.00	31344.42
143.00	13409.98	0.00	28445.16
143.10	16080.05	0.00	25306.35
143.20	18206.66	0.00	22028.69
143.30	19778.57	0.00	18711.60
143.40	20805.40	0.00	15449.59
143.50	21316.70	0.00	12328.85
143.60	21359.92	0.00	9424.24
143.70	20997.64	0.00	6796.77
143.80	20303.85	0.00	4491.75
143.90	19359.99	0.00	2537.67
144.00	18250.62	0.00	945.78
144.10	17059.20	0.00	-289.50
144.20	15864.13	0.00	-1189.46
144.30	14735.25	0.00	-1789.27
144.40	13730.98	0.00	-2135.64
144.50	12896.22	0.00	-2283.99
144.60	12260.96	0.00	-2295.34
144.70	11847.62	0.00	-2233.10
144.80	11665.86	0.00	-2159.83
144.90	11700.48	0.00	-2134.29
145.00	11924.74	0.00	-2208.67
145.10	12302.38	0.00	-2426.46
145.20	12789.83	0.00	-2820.72
145.30	13338.65	0.00	-3413.01
145.40	13898.07	0.00	-4212.95
145.50	14417.40	0.00	-5218.40
145.60	14848.30	0.00	-6416.16
145.70	15146.72	0.00	-7783.22
145.80	15274.48	0.00	-9288.41
145.90	15200.42	0.00	-10894.23
146.00	14901.18	0.00	-12559.00
146.10	14361.47	0.00	-14238.88
146.20	13574.08	0.00	-15889.90
146.30	12539.39	0.00	-17469.75
146.40	11264.76	0.00	-18939.35
146.50	9763.64	0.00	-20263.99
146.60	8054.51	0.00	-21414.16
146.70	6159.83	0.00	-22366.00
146.80	4104.97	0.00	-23101.34
146.90	1917.21	0.00	-23607.50
147.00	-375.12	0.00	-23876.72
147.10	-2743.34	0.00	-23905.52
147.20	-5158.87	0.00	-23693.88
147.30	-7593.57	0.00	-23244.43
147.40	-10019.75	0.00	-22561.71
147.50	-12410.17	0.00	-21651.49
147.60	-14737.79	0.00	-20520.37
147.70	-16975.51	0.00	-19175.47
147.80	-19095.93	0.00	-17624.41
147.90	-21071.18	0.00	-15875.51
148.00	-22872.82	0.00	-13938.10
148.10	-24472.01	0.00	-11823.03
148.20	-25839.83	0.00	-9543.23
148.30	-26947.87	0.00	-7114.30
148.40	-27769.03	0.00	-4555.07
148.50	-28291.10	0.00	-1887.97
148.60	-28572.81	0.00	860.66
148.70	-28612.18	0.00	3660.55
148.80	-28395.01	0.00	6477.70
148.90	-27909.14	0.00	9274.83
149.00	-27145.34	0.00	12012.03
149.10	-26098.21	0.00	14647.75
149.20	-24766.94	0.00	17139.82
149.30	-23156.02	0.00	19446.70
149.40	-21275.78	0.00	21528.80
149.50	-19142.71	0.00	23349.69
149.60	-16779.54	0.00	24877.37
149.70	-14215.07	0.00	26085.35
149.80	-11483.76	0.00	26953.51
149.90	-8624.98	0.00	27468.79
150.00	-5682.13	0.00	27625.56
150.10	-2701.44	0.00	27425.76
150.20	269.29	0.00	26878.71
150.30	3182.08	0.00	26000.68
150.40	5990.20	0.00	24814.20
150.50	8649.52	0.00	23347.24
150.60	11119.71	0.00	21632.10
150.70	13365.33	0.00	19704.40
150.80	15356.63	0.00	17601.82
150.90	17070.08	0.00	15363.03
151.00	18488.66	0.00	13026.60
151.10	19601.83	0.00	10630.03
151.20	20405.26	0.00	8208.96
151.30	20900.33	0.00	5796.55
151.40	21093.49	0.00	3423.03
151.50	20995.42	0.00	1115.45
151.60	20620.20	0.00	-1102.29
151.70	19984.48	0.00	-3209.39
151.80	19106.67	0.00	-5187.82
151.90	18006.26	0.00	-7021.90
152.00	16703.23	0.00	-8697.84
152.10	15225.35	0.00	-10203.19
152.20	13611.57	0.00	-11526.33
152.30	11873.91	0.00	-12655.95
152.40	10022.78	0.00	-13580.69
152.50	8069.41	0.00	-14288.88
152.60	6026.62	0.00	-14768.36
152.70	3909.60	0.00	-15006.63
152.80	1736.67	0.00	-14991.02
152.90	-470.08	0.00	-14709.20
153.00	-2684.18	0.00	-14149.77
153.10	-4874.47	0.00	-13303.12
153.20	-7004.98	0.00	-12162.32
153.30	-9035.15	0.00	-10724.17
153.40	-10920.32	0.00	-8990.30
153.50	-12612.66	0.00	-6968.19
153.60	-14062.43	0.00	-4672.14
153.70	-15219.51	0.00	-2124.12
153.80	-16046.32	0.00	645.70
153.90	-16521.17	0.00	3598.63
154.00	-16606.97	0.00	6687.45
154.10	-16270.26	0.00	9856.91
154.20	-15483.29	0.00	13044.44
154.30	-14225.71	0.00	16181.42
154.40	-12486.19	0.00	19194.73
154.50	-10264.00	0.00	22008.63
154.60	-7570.44	0.00	24546.98
154.70	-4429.97	0.00	26735.53
154.80	-881.03	0.00	28504.35
154.90	3023.69	0.00	29790.25
155.00	7217.47	0.00	30538.96
155.10	11620.46	0.00	30707.17
155.20	16141.21	0.00	30264.06
155.30	20678.92	0.00	29192.55
155.40	25126.19	0.00	27489.87
155.50	29372.40	0.00	25167.70
155.60	33307.29	0.00	22251.74
155.70	36902.93	0.00	18780.68
155.80	40177.75	0.00	14804.85
155.90	43089.36	0.00	10384.34
156.00	45602.18	0.00	5586.99
156.10	47686.73	0.00	486.13
156.20	49318.52	0.00	-4841.57
156.30	50476.88	0.00	-10318.26
156.40	51143.71	0.00	-15866.70
156.50	51302.43	0.00	-21411.85
156.60	50936.96	0.00	-26881.94
156.70	50031.15	0.00	-32209.16
156.80	48568.49	0.00	-37329.95
156.90	46532.26	0.00	-42184.86
157.00	43906.18	0.00	-46718.10
157.10	40675.53	0.00	-50876.88
157.20	36828.80	0.00	-54610.69
157.30	32359.75	0.00	-57870.62
157.40	27269.95	0.00	-60608.82
157.50	21571.50	0.00	-62778.32
157.60	15289.96	0.00	-64333.21
157.70	8467.16	0.00	-65229.31
157.80	1163.68	0.00	-65425.27
157.90	-6539.19	0.00	-64884.20
158.00	-14538.38	0.00	-63575.62
158.10	-22709.04	0.00	-61477.75
158.20	-30905.83	0.00	-58579.86
158.30	-38965.70	0.00	-54884.63
158.40	-46712.11	0.00	-50410.24
158.50	-53960.69	0.00	-45192.05
158.60	-60526.10	0.00	-39283.62
158.70	-66229.83	0.00	-32757.02
158.80	-70908.34	0.00	-25702.31
158.90	-74421.25	0.00	-18226.00
159.00	-76658.77	0.00	-10448.70
159.10	-77555.88	0.00	-2501.89
159.20	-77575.04	0.00	5476.02
159.30	-77005.63	0.00	13344.16
159.40	-75850.59	0.00	20963.98
159.50	-74118.33	0.00	28204.06
159.60	-71823.85	0.00	34944.70
159.70	-68989.74	0.00	41082.06
159.80	-65646.97	0.00	46531.55
159.90	-61835.20	0.00	51230.27
160.00	-57602.45	0.00	55138.45
160.10	-53004.17	0.00	58239.72
160.20	-48101.50	0.00	60540.16
160.30	-42959.14	0.00	62066.40
160.40	-37642.66	0.00	62862.65
160.50	-32215.81	0.00	62987.04
160.60	-26737.91	0.00	62507.43
160.70	-21261.74	0.00	61497.05
160.80	-15832.04	0.00	60030.07
160.90	-10484.88	0.00	58177.65
161.00	-5247.99	0.00	56004.46
161.10	-141.86	0.00	53566.05
161.20	4818.25	0.00	50907.18
161.30	9619.86	0.00	48061.05
161.40	14250.51	0.00	45049.70
161.50	18695.03	0.00	41885.25
161.60	22933.12	0.00	38572.00
161.70	26937.66	0.00	35109.11
161.80	30673.74	0.00	31493.75
161.90	34098.75	0.00	27724.29
162.00	37163.59	0.00	23803.37
162.10	39814.75	0.00	19740.66
162.20	41997.37	0.00	15554.92
162.30	43658.89	0.00	11275.35
162.40	44753.02	0.00	6942.07
162.50	45243.78	0.00	2605.63
162.60	45109.07	0.00	-1674.29
162.70	44343.62	0.00	-5831.09
162.80	42961.00	0.00	-9794.02
162.90	40994.41	0.00	-13491.44
163.00	38498.15	0.00	-16854.34
163.10	35655.54	0.00	-19819.80
163.20	32586.50	0.00	-22334.30
163.30	29341.90	0.00	-24356.45
163.40	25980.68	0.00	-25859.20
163.50	22567.83	0.00	-26831.23
163.60	19171.88	0.00	-27277.52
163.70	15862.03	0.00	-27219.03
163.80	12705.21	0.00	-26691.59
163.90	9763.09	0.00	-25744.08
164.00	7089.45	0.00	-24435.92
164.10	4727.87	0.00	-22834.31
164.20	2710.13	0.00	-21011.00
164.30	1055.23	0.00	-19039.28
164.40	-230.78	0.00	-16990.88
164.50	-1154.34	0.00	-14933.31
164.60	-1733.17	0.00	-12927.59
164.70	-1994.56	0.00	-11026.50
164.80	-1973.34	0.00	-9273.43
164.90	-1709.59	0.00	-7701.78
165.00	-1246.36	0.00	-6334.98
165.10	-627.50	0.00	-5186.91
165.20	104.23	0.00	-4262.78
165.30	908.71	0.00	-3560.35
165.40	1749.63	0.00	-3071.17
165.50	2595.25	0.00	-2782.10
165.60	3418.69	0.00	-2676.66
165.70	4198.04	0.00	-2736.31
165.80	4916.03	0.00	-2941.56
165.90	5559.60	0.00	-3272.95
166.00	6119.34	0.00	-3711.65
166.10	6588.84	0.00	-4240.04
166.20	6964.03	0.00	-4841.97
166.30	7242.66	0.00	-5502.88
166.40	7423.71	0.00	-6209.90
166.50	7506.97	0.00	-6951.71
166.60	7492.68	0.00	-7718.49
166.70	7381.22	0.00	-8501.78
166.80	7172.81	0.00	-9294.29
166.90	6867.30	0.00	-10089.75
167.00	6463.96	0.00	-10882.69
167.10	5961.25	0.00	-11668.22
167.20	5356.68	0.00	-12441.70
167.30	4646.67	0.00	-13198.39
167.40	3826.47	0.00	-13933.02
167.50	2890.24	0.00	-14639.23
167.60	1831.29	0.00	-15309.11
167.70	642.40	0.00	-15932.57
167.80	-683.52	0.00	-16496.85
167.90	-2152.65	0.00	-16986.11
168.00	-3769.18	0.00	-17381.20
168.10	-5534.17	0.00	-17659.61
168.20	-7444.19	0.00	-17795.78
168.30	-9489.98	0.00	-17761.66
168.40	-11655.17	0.00	-17527.70
168.50	-13915.26	0.00	-17064.12
168.60	-16236.84	0.00	-16342.52
168.70	-18577.34	0.00	-15337.73
168.80	-20885.34	0.00	-14029.77
168.90	-23101.53	0.00	-12405.91
169.00	-25160.38	0.00	-10462.55
169.10	-26992.47	0.00	-8206.81
169.20	-28527.45	0.00	-5657.88
169.30	-29697.51	0.00	-2847.62
169.40	-30441.07	0.00	179.33
169.50	-30771.27	0.00	3366.14
169.60	-30709.97	0.00	6645.26
169.70	-30230.79	0.00	9940.43
169.80	-29318.43	0.00	13169.43
169.90	-27970.35	0.00	16247.35
170.00	-26197.99	0.00	19090.21
170.10	-24027.50	0.00	21618.71
170.20	-21499.80	0.00	23762.07
170.30	-18669.89	0.00	25461.41
170.40	-15605.35	0.00	26672.80
170.50	-12384.07	0.00	27369.59
170.60	-9091.15	0.00	27543.84
170.70	-5815.29	0.00	27206.90
170.80	-2644.60	0.00	26388.92
170.90	337.67	0.00	25137.39
171.00	3057.36	0.00	23514.74
171.10	5453.21	0.00	21595.17
171.20	7479.98	0.00	19460.84
171.30	9110.59	0.00	17197.63
171.40	10337.22	0.00	14890.84
171.50	11171.05	0.00	12620.89
171.60	11641.00	0.00	10459.40
171.70	11791.15	0.00	8465.92
171.80	11677.44	0.00	6685.31
171.90	11363.61	0.00	5146.15
172.00	10916.78	0.00	3860.05
172.10	10403.07	0.00	2822.05
172.20	9883.38	0.00	2011.95
172.30	9409.70	0.00	1396.53
172.40	9022.16	0.00	932.49
172.50	8746.97	0.00	569.96
172.60	8595.30	0.00	256.19
172.70	8563.20	0.00	-60.52
172.80	8632.52	0.00	-427.23
172.90	8772.66	0.00	-883.05
173.00	8943.17	0.00	-1456.44
173.10	9096.90	0.00	-2163.28
173.20	9183.56	0.00	-3005.72
173.30	9153.47	0.00	-3971.93
173.40	8961.17	0.00	-5036.76
173.50	8568.81	0.00	-6163.16
173.60	7948.97	0.00	-7304.40
173.70	7086.83	0.00	-8406.77
173.80	5981.99	0.00	-9412.73
173.90	4650.78	0.00	-10264.31
174.00	3118.77	0.00	-10906.47
174.10	1423.69	0.00	-11290.32
174.20	-385.15	0.00	-11376.01
174.30	-2248.87	0.00	-11135.07
174.40	-4101.74	0.00	-10552.28
174.50	-5874.27	0.00	-9626.68
174.60	-7496.71	0.00	-8371.99
174.70	-8908.03	0.00	-6816.25
174.80	-10053.90	0.00	-5000.76
174.90	-10887.01	0.00	-2978.41
175.00	-11370.73	0.00	-811.47
175.10	-11480.54	0.00	1431.04
175.20	-11204.99	0.00	3676.21
175.30	-10546.08	0.00	5850.35
175.40	-9519.29	0.00	7881.97
175.50	-8152.96	0.00	9704.70
175.60	-6487.40	0.00	11259.94
175.70	-4573.37	0.00	12499.11
175.80	-2470.32	0.00	13385.46
175.90	-244.11	0.00	13895.31
176.00	2035.41	0.00	14018.75
176.10	4297.17	0.00	13759.74
176.20	6471.65	0.00	13135.60
176.30	8493.70	0.00	12175.94
176.40	10305.13	0.00	10921.14
176.50	11857.03	0.00	9420.37
176.60	13111.69	0.00	7729.27
176.70	14043.89	0.00	5907.45
176.80	14641.61	0.00	4015.87
176.90	14906.05	0.00	2114.23
177.00	14851.03	0.00	258.56
177.10	14517.28	0.00	-1501.02
177.20	13950.34	0.00	-3122.09
177.30	13187.94	0.00	-4571.31
177.40	12271.27	0.00	-5825.35
177.50	11242.93	0.00	-6871.15
177.60	10144.83	0.00	-7705.76
177.70	9016.26	0.00	-8335.57
177.80	7892.09	0.00	-8775.11
177.90	6801.33	0.00	-9045.40
178.00	5766.08	0.00	-9172.12
178.10	4800.86	0.00	-9183.43
178.20	3912.53	0.00	-9107.94
178.30	3100.65	0.00	-8972.61
178.40	2358.32	0.00	-8800.98
178.50	1673.51	0.00	-8611.65
178.60	1030.62	0.00	-8417.25
178.70	412.33	0.00	-8223.85
178.80	-198.43	0.00	-8030.96
178.90	-816.67	0.00	-7831.96
179.00	-1453.61	0.00	-7615.13
179.10	-2115.30	0.00	-7364.99
179.20	-2801.69	0.00	-7064.02
179.30	-3506.11	0.00	-6694.54
179.40	-4215.42	0.00	-6240.69
179.50	-4910.59	0.00	-5690.21
179.60	-5567.86	0.00	-5036.10
179.70	-6160.37	0.00	-4277.87
179.80	-6660.07	0.00	-3422.31
179.90	-7039.86	0.00	-2483.74
180.00	-7275.82	0.00	-1483.72
180.10	-7349.21	0.00	-450.14
180.20	-7248.34	0.00	584.12
180.30	-6969.85	0.00	1583.10
180.40	-6519.57	0.00	2509.79
180.50	-5912.67	0.00	3328.56
180.60	-5173.23	0.00	4007.39
180.70	-4333.12	0.00	4520.09
180.80	-3430.36	0.00	4848.19
180.90	-2506.99	0.00	4982.37
181.00	-1606.63	0.00	4923.33
181.10	-771.96	0.00	4682.10
181.20	-42.09	0.00	4279.64
181.30	549.76	0.00	3745.77
181.40	978.37	0.00	3117.64
181.50	1228.05	0.00	2437.55
181.60	1293.66	0.00	1750.52
181.70	1181.07	0.00	1101.61
181.80	906.84	0.00	533.21
181.90	497.35	0.00	82.47
182.00	-12.69	0.00	-220.95
182.10	-582.30	0.00	-356.71
182.20	-1166.60	0.00	-315.03
182.30	-1719.51	0.00	-97.26
182.40	-2196.50	0.00	284.15
182.50	-2557.26	0.00	806.47
182.60	-2768.13	0.00	1438.04
182.70	-2804.05	0.00	2140.22
182.80	-2650.04	0.00	2869.64
182.90	-2301.94	0.00	3580.86
183.00	-1766.51	0.00	4228.95
183.10	-1060.83	0.00	4772.10
183.20	-211.01	0.00	5173.90
183.30	749.52	0.00	5405.33
183.40	1782.23	0.00	5446.15
183.50	2845.90	0.00	5285.73
183.60	3899.06	0.00	4923.30
183.70	4902.41	0.00	4367.52
183.80	5820.87	0.00	3635.49
183.90	6625.33	0.00	2751.32
184.00	7293.94	0.00	1744.17
184.10	7812.73	0.00	646.23
184.20	8175.85	0.00	-509.56
184.30	8385.11	0.00	-1691.65
184.40	8449.07	0.00	-2871.84
184.50	8381.73	0.00	-4026.91
184.60	8200.86	0.00	-5139.84
184.70	7926.06	0.00	-6200.46
184.80	7576.82	0.00	-7205.58
184.90	7170.58	0.00	-8158.57
185.00	6720.93	0.00	-9068.43
185.10	6236.15	0.00	-9948.35
185.20	5718.16	0.00	-10813.99
185.30	5161.88	0.00	-11681.45
185.40	4555.18	0.00	-12565.20
185.50	3879.38	0.00	-13476.01
185.60	3110.24	0.00	-14419.08
185.70	2219.47	0.00	-15392.45
185.80	1176.68	0.00	-16385.88
185.90	-48.39	0.00	-17380.12
186.00	-1483.39	0.00	-18346.88
186.10	-3150.79	0.00	-19249.26
186.20	-5065.41	0.00	-20042.79
186.30	-7232.11	0.00	-20677.05
186.40	-9643.74	0.00	-21097.71
186.50	-12279.68	0.00	-21248.88
186.60	-15104.86	0.00	-21075.88
186.70	-18069.44	0.00	-20527.94
186.80	-21109.38	0.00	-19561.05
186.90	-24147.68	0.00	-18140.59
187.00	-27096.54	0.00	-16243.67
187.10	-29902.38	0.00	-13861.12
187.20	-32549.44	0.00	-10998.94
187.30	-34968.40	0.00	-7679.18
187.40	-37090.04	0.00	-3940.17
187.50	-38847.85	0.00	163.87
187.60	-40179.89	0.00	4564.01
187.70	-41030.46	0.00	9178.30
187.80	-41351.90	0.00	13914.18
187.90	-41106.24	0.00	18671.26
188.00	-40266.81	0.00	23344.66
188.10	-38819.81	0.00	27828.52
188.20	-36765.67	0.00	32019.68
188.30	-34120.20	0.00	35821.40
188.40	-30915.28	0.00	39146.84
188.50	-27199.13	0.00	41922.32
188.60	-23035.81	0.00	44090.06
188.70	-18504.00	0.00	45610.34
188.80	-13694.97	0.00	46463.03
188.90	-8709.63	0.00	46648.27
189.00	-3654.93	0.00	46186.39
189.10	1360.48	0.00	45116.94
189.20	6230.86	0.00	43496.93
189.30	10858.14	0.00	41398.32
189.40	15156.49	0.00	38904.80
189.50	19056.27	0.00	36108.10
189.60	22507.25	0.00	33103.84
189.70	25480.61	0.00	29987.28
189.80	27969.78	0.00	26849.03
189.90	29989.89	0.00	23770.96
190.00	31575.85	0.00	20822.53
190.10	32779.31	0.00	18057.80
190.20	33664.50	0.00	15513.07
190.30	34303.42	0.00	13205.53
190.40	34770.48	0.00	11132.84
190.50	35137.15	0.00	9273.78
190.60	35466.69	0.00	7589.82
190.70	35809.57	0.00	6027.75
190.80	36199.57	0.00	4523.05
190.90	36696.62	0.00	3003.97
191.00	37421.58	0.00	1396.06
191.10	38362.91	0.00	-373.07
191.20	39484.28	0.00	-2369.07
191.30	40732.70	0.00	-4646.32
191.40	42040.62	0.00	-7244.07
191.50	43328.57	0.00	-10183.23
191.60	44508.36	0.00	-13464.13
191.70	45486.60	0.00	-17065.30
191.80	46168.50	0.00	-20943.47
191.90	46461.78	0.00	-25034.65
192.00	46280.57	0.00	-29256.40
192.10	45549.33	0.00	-33511.06
192.20	44206.45	0.00	-37689.86
192.30	42207.66	0.00	-41677.70
192.40	39528.94	0.00	-45358.22
192.50	36168.79	0.00	-48619.13
192.60	32149.83	0.00	-51357.32
192.70	27519.27	0.00	-53483.54
192.80	22348.43	0.00	-54926.49
192.90	16730.95	0.00	-55636.00
193.00	10779.80	0.00	-55585.20
193.10	4623.06	0.00	-54771.56
193.20	-1601.26	0.00	-53216.84
193.30	-7751.12	0.00	-50965.79
193.40	-13686.86	0.00	-48083.90
193.50	-19277.46	0.00	-44654.20
193.60	-24406.46	0.00	-40773.36
193.70	-28976.93	0.00	-36547.26
193.80	-32915.39	0.00	-32086.31
193.90	-36174.11	0.00	-27500.79
194.00	-38732.04	0.00	-22896.35
194.10	-40593.97	0.00	-18370.04
194.20	-41788.42	0.00	-14006.86
194.30	-42364.16	0.00	-9877.21
194.40	-42385.90	0.00	-6035.11
194.50	-41929.39	0.00	-2517.37
194.60	-41076.34	0.00	656.32
194.70	-39909.46	0.00	3482.47
194.80	-38507.98	0.00	5972.16
194.90	-36943.90	0.00	8148.73
195.00	-35321.33	0.00	10045.11
195.10	-33799.53	0.00	11700.83
195.20	-32401.15	0.00	13158.93
195.30	-31130.07	0.00	14463.04
195.40	-29980.09	0.00	15654.65
195.50	-28936.22	0.00	16770.76
195.60	-27976.33	0.00	17842.04
195.70	-27072.99	0.00	18891.54
195.80	-26195.50	0.00	19933.94
195.90	-25311.83	0.00	20975.46
196.00	-24390.67	0.00	22014.23
196.10	-23403.10	0.00	23041.17
196.20	-22324.14	0.00	24041.21
196.30	-21133.93	0.00	24994.85
196.40	-19818.56	0.00	25879.82
196.50	-18370.56	0.00	26672.81
196.60	-16788.93	0.00	27351.10
196.70	-15078.88	0.00	27894.06
196.80	-13251.25	0.00	28284.39
196.90	-11321.63	0.00	28509.04
197.00	-9309.28	0.00	28559.79
197.10	-7235.96	0.00	28433.46
197.20	-5124.69	0.00	28131.77
197.30	-2998.56	0.00	27660.92
197.40	-879.67	0.00	27030.87
197.50	1211.74	0.00	26254.40
197.60	3257.96	0.00	25346.10
197.70	5244.11	0.00	24321.30
197.80	7158.21	0.00	23195.04
197.90	8990.93	0.00	21981.17
198.00	10735.12	0.00	20691.66
198.10	12385.05	0.00	19336.10
198.20	13935.66	0.00	17921.56
198.30	15381.62	0.00	16452.72
198.40	16716.49	0.00	14932.28
198.50	17932.10	0.00	13361.63
198.60	19018.03	0.00	11741.82
198.70	19961.45	0.00	10074.56
198.80	20747.32	0.00	8363.42
198.90	21358.95	0.00	6614.89
199.00	21778.91	0.00	4839.37
199.10	21990.30	0.00	3051.97
199.20	21978.26	0.00	1272.95
199.30	21731.65	0.00	-472.20
199.40	21244.78	0.00	-2153.13
199.50	20519.02	0.00	-3735.43
199.60	19564.17	0.00	-5181.95
199.70	18399.51	0.00	-6454.48
199.80	17054.28	0.00	-7515.83
199.90	15586.02	0.00	-8332.13
200.00	14053.50	0.00	-8875.28
200.10	12503.73	0.00	-9125.39
200.20	10990.66	0.00	-9072.97
200.30	9573.17	0.00	-8720.87
200.40	8312.54	0.00	-8085.60
200.50	7269.38	0.00	-7198.11
200.60	6500.22	0.00	-6103.74
200.70	6053.98	0.00	-4861.41
200.80	5968.60	0.00	-3541.89
200.90	6267.94	0.00	-2225.30
201.00	6959.27	0.00	-997.90
201.10	8031.63	0.00	51.80
201.20	9455.05	0.00	837.28
201.30	11180.78	0.00	1278.52
201.40	13142.60	0.00	1306.41
201.50	15259.03	0.00	866.91
201.60	17436.43	0.00	-75.38
201.70	19572.68	0.00	-1534.35
201.80	21561.35	0.00	-3500.60
201.90	23296.12	0.00	-5940.70
202.00	24675.20	0.00	-8797.73
202.10	25605.64	0.00	-11992.96
202.20	26007.37	0.00	-15428.82
202.30	25816.84	0.00	-18992.86
202.40	24990.07	0.00	-22562.55
202.50	23505.12	0.00	-26010.76
202.60	21363.81	0.00	-29211.52
202.70	18592.54	0.00	-32045.78
202.80	15242.13	0.00	-34406.91
202.90	11386.57	0.00	-36205.54
203.00	7120.70	0.00	-37373.54
203.10	2556.61	0.00	-37866.93
203.20	-2180.79	0.00	-37667.50
203.30	-6959.29	0.00	-36783.11
203.40	-11645.30	0.00	-35246.71
203.50	-16110.07	0.00	-33114.04
203.60	-20235.77	0.00	-30460.32
203.70	-23920.84	0.00	-27376.05
203.80	-27084.53	0.00	-23962.18
203.90	-29669.95	0.00	-20324.98
204.00	-31645.71	0.00	-16570.95
204.10	-33005.96	0.00	-12801.99
204.20	-33768.83	0.00	-9111.09
204.30	-33973.57	0.00	-5578.87
204.40	-33676.59	0.00	-2271.00
204.50	-32946.78	0.00	763.36
204.60	-31860.57	0.00	3492.09
204.70	-30497.50	0.00	5899.57
204.80	-29003.04	0.00	7985.39
204.90	-27484.18	0.00	9762.27
205.00	-25985.69	0.00	11253.51
205.10	-24542.91	0.00	12490.10
205.20	-23181.45	0.00	13507.91
205.30	-21917.49	0.00	14344.83
205.40	-20758.61	0.00	15038.44
205.50	-19704.96	0.00	15623.98
205.60	-18750.71	0.00	16132.96
205.70	-17885.60	0.00	16592.36
205.80	-17096.48	0.00	17024.26
205.90	-16368.57	0.00	17446.10
206.00	-15686.57	0.00	17871.17
206.10	-15035.35	0.00	18309.42
206.20	-14400.19	0.00	18768.31
206.30	-13766.81	0.00	19253.53
206.40	-13120.95	0.00	19769.66
206.50	-12447.82	0.00	20320.38
206.60	-11731.43	0.00	20908.46
206.70	-10954.04	0.00	21535.31
206.80	-10095.69	0.00	22200.28
206.90	-9134.18	0.00	22899.66
207.00	-8045.33	0.00	23625.63
207.10	-6803.85	0.00	24365.21
207.20	-5384.58	0.00	25099.36
207.30	-3764.26	0.00	25802.54
207.40	-1923.60	0.00	26442.55
207.50	150.40	0.00	26981.15
207.60	2462.09	0.00	27375.07
207.70	5004.99	0.00	27577.83
207.80	7759.99	0.00	27541.98
207.90	10694.13	0.00	27221.87
208.00	13760.25	0.00	26576.56
208.10	16897.51	0.00	25572.98
208.20	20033.03	0.00	24188.78
208.30	23084.50	0.00	22414.87
208.40	25963.84	0.00	20257.33
208.50	28581.65	0.00	17738.51
208.60	30852.16	0.00	14897.23
208.70	32698.37	0.00	11787.89
208.80	34057.10	0.00	8478.61
208.90	34883.29	0.00	5048.36
209.00	35153.45	0.00	1583.25
209.10	34874.87	0.00	-1827.78
209.20	34184.04	0.00	-5097.70
209.30	33157.24	0.00	-8146.18
209.40	31844.40	0.00	-10904.16
209.50	30307.46	0.00	-13317.91
209.60	28617.51	0.00	-15352.25
209.70	26851.30	0.00	-16992.75
209.80	25087.04	0.00	-18246.67
209.90	23399.94	0.00	-19142.63
210.00	21857.61	0.00	-19728.91
210.10	20515.62	0.00	-20070.54
210.20	19413.66	0.00	-20245.25
210.30	18572.46	0.00	-20338.66
210.40	17991.80	0.00	-20438.80
210.50	17649.76	0.00	-20630.49
210.60	17503.33	0.00	-20989.79
210.70	17490.30	0.00	-21578.94
210.80	17532.33	0.00	-22442.11
210.90	17539.09	0.00	-23602.13
211.00	17413.11	0.00	-25058.58
211.10	17055.08	0.00	-26787.14
211.20	16369.43	0.00	-28740.43
211.30	15269.66	0.00	-30850.15
211.40	13683.46	0.00	-33030.50
211.50	11557.10	0.00	-35182.50
211.60	8859.10	0.00	-37199.16
211.70	5582.88	0.00	-38970.94
211.80	1748.28	0.00	-40391.43
211.90	-2598.10	0.00	-41362.67
212.00	-7383.95	0.00	-41800.01
212.10	-12513.51	0.00	-41636.12
212.20	-17871.17	0.00	-40823.98
212.30	-23326.05	0.00	-39338.74
212.40	-28737.58	0.00	-37178.35
212.50	-33961.58	0.00	-34363.05
212.60	-38856.57	0.00	-30933.68
212.70	-43289.89	0.00	-26949.09
212.80	-47143.32	0.00	-22482.84
212.90	-50317.70	0.00	-17619.31
213.00	-52736.39	0.00	-12449.64
213.10	-54347.38	0.00	-7067.68
213.20	-55184.92	0.00	-1566.18
213.30	-55549.07	0.00	3966.56
213.40	-55498.07	0.00	9449.39
213.50	-55052.55	0.00	14810.23
213.60	-54232.89	0.00	19987.30
213.70	-53057.51	0.00	24929.42
213.80	-51541.47	0.00	29595.70
213.90	-49695.58	0.00	33954.52
214.00	-47526.04	0.00	37982.05
214.10	-45034.51	0.00	41660.52
214.20	-42218.75	0.00	44976.22
214.30	-39073.69	0.00	47917.70
214.40	-35593.00	0.00	50474.06
214.50	-31770.98	0.00	52633.63
214.60	-27604.68	0.00	54383.12
214.70	-23096.19	0.00	55707.18
214.80	-18254.94	0.00	56588.60
214.90	-13099.77	0.00	57008.94
215.00	-7660.69	0.00	56949.61
215.10	-1980.18	0.00	56393.30
215.20	3886.17	0.00	55325.63
215.30	9869.75	0.00	53736.88
215.40	15889.85	0.00	51623.70
215.50	21855.29	0.00	48990.59
215.60	27666.94	0.00	45851.14
215.70	33220.89	0.00	42228.78
215.80	38412.08	0.00	38157.20
215.90	43138.29	0.00	33680.10
216.00	47304.27	0.00	28850.55
216.10	50825.62	0.00	23729.88
216.20	53632.33	0.00	18386.04
216.30	55671.66	0.00	12891.72
216.40	56910.24	0.00	7322.22
216.50	57335.21	0.00	1753.18
216.60	56957.24	0.00	-3741.68
216.70	56058.34	0.00	-9092.69
216.80	54828.95	0.00	-14236.16
216.90	53290.37	0.00	-19115.98
217.00	51464.37	0.00	-23684.82
217.10	49372.67	0.00	-27904.90
217.20	47036.53	0.00	-31748.29
217.30	44476.26	0.00	-35196.80
217.40	41710.81	0.00	-38241.37
217.50	38757.38	0.00	-40881.10
217.60	35631.03	0.00	-43121.97
217.70	32344.55	0.00	-44975.31
217.80	28908.30	0.00	-46456.19
217.90	25330.37	0.00	-47581.62
218.00	21616.92	0.00	-48368.95
218.10	17772.76	0.00	-48834.34
218.20	13802.20	0.00	-48991.45
218.30	9710.12	0.00	-48850.47
218.40	5503.27	0.00	-48417.45
218.50	1191.60	0.00	-47694.03
218.60	-3210.22	0.00	-46677.63
218.70	-7681.42	0.00	-45361.94
218.80	-12193.93	0.00	-43737.87
218.90	-16711.37	0.00	-41794.78
219.00	-21188.51	0.00	-39521.98
219.10	-25571.19	0.00	-36910.43
219.20	-29796.81	0.00	-33954.50
219.30	-33795.40	0.00	-30653.76
219.40	-37491.46	0.00	-27014.68
219.50	-40806.25	0.00	-23051.99
219.60	-43660.73	0.00	-18789.94
219.70	-45978.86	0.00	-14262.95
219.80	-47691.17	0.00	-9515.97
219.90	-48738.41	0.00	-4604.23
220.00	-49074.95	0.00	407.49
220.10	-48677.75	0.00	5446.16
220.20	-47739.07	0.00	10432.24
220.30	-46350.67	0.00	15281.95
220.40	-44508.21	0.00	19909.79
220.50	-42216.11	0.00	24231.39
220.60	-39488.86	0.00	28166.48
220.70	-36352.06	0.00	31641.79
220.80	-32843.01	0.00	34593.84
220.90	-29010.88	0.00	36971.48
221.00	-24916.18	0.00	38737.93
221.10	-20629.60	0.00	39872.31
221.20	-16230.16	0.00	40370.60
221.30	-11802.71	0.00	40245.88
221.40	-7434.91	0.00	39527.84
221.50	-3213.84	0.00	38261.71
221.60	777.63	0.00	36506.44
221.70	4464.28	0.00	34332.37
221.80	7781.82	0.00	31818.51
221.90	10679.52	0.00	29049.42
222.00	13122.20	0.00	26112.03
222.10	15091.33	0.00	23092.36
222.20	16585.27	0.00	20072.53
222.30	17618.56	0.00	17127.95
222.40	18220.38	0.00	14325.00
222.50	18432.38	0.00	11719.24
222.60	18305.91	0.00	9354.18
222.70	17899.04	0.00	7260.64
222.80	17273.43	0.00	5456.78
222.90	16491.33	0.00	3948.65
223.00	15612.85	0.00	2731.22
223.10	14693.71	0.00	1789.84
223.20	13783.40	0.00	1101.92
223.30	12923.97	0.00	638.81
223.40	12149.38	0.00	367.71
223.50	11485.28	0.00	253.45
223.60	10949.34	0.00	260.14
223.70	10551.85	0.00	352.54
223.80	10296.54	0.00	497.15
223.90	10181.64	0.00	662.95
224.00	10200.84	0.00	821.86
224.10	10344.31	0.00	948.90
224.20	10599.45	0.00	1022.12
224.30	10951.93	0.00	1022.43
224.40	11396.37	0.00	933.25
224.50	11921.95	0.00	740.26
224.60	12512.29	0.00	431.13
224.70	13150.14	0.00	-4.62
224.80	13817.19	0.00	-575.60
224.90	14493.86	0.00	-1288.39
225.00	15159.17	0.00	-2147.23
225.10	15790.62	0.00	-3153.62
225.20	16364.32	0.00	-4305.78
225.30	16855.19	0.00	-5598.22
225.40	17237.39	0.00	-7021.28
225.50	17484.92	0.00	-8560.80
225.60	17572.34	0.00	-10198.03
225.70	17475.63	0.00	-11909.68
225.80	17173.10	0.00	-13668.29
225.90	16646.26	0.00	-15442.79
226.00	15880.70	0.00	-17199.31
226.10	14866.80	0.00	-18902.21
226.20	13600.30	0.00	-20515.18
226.30	12082.68	0.00	-22002.44
226.40	10321.30	0.00	-23329.88
226.50	8329.28	0.00	-24466.18
226.60	6125.25	0.00	-25383.66
226.70	3732.77	0.00	-26059.00
226.80	1179.74	0.00	-26473.65
226.90	-1502.39	0.00	-26614.02
227.00	-4279.37	0.00	-26471.39
227.10	-7114.96	0.00	-26041.55
227.20	-9971.58	0.00	-25324.42
227.30	-12810.88	0.00	-24323.42
227.40	-15594.18	0.00	-23044.91
227.50	-18282.80	0.00	-21497.65
227.60	-20838.16	0.00	-19692.41
227.70	-23222.01	0.00	-17641.74
227.80	-25396.44	0.00	-15359.94
227.90	-27324.15	0.00	-12863.22
228.00	-28968.70	0.00	-10170.13
228.10	-30295.08	0.00	-7301.99
228.20	-31270.42	0.00	-4283.53
228.30	-31865.01	0.00	-1143.39
228.40	-32086.15	0.00	2085.37
228.50	-32010.89	0.00	5365.10
228.60	-31629.26	0.00	8653.60
228.70	-30927.20	0.00	11904.47
228.80	-29894.22	0.00	15067.93
228.90	-28524.79	0.00	18092.00
229.00	-26819.62	0.00	20923.94
229.10	-24786.76	0.00	23512.11
229.20	-22442.49	0.00	25807.85
229.30	-19811.68	0.00	27767.57
229.40	-16927.77	0.00	29354.56
229.50	-13832.20	0.00	30540.75
229.60	-10573.32	0.00	31307.96
229.70	-7204.76	0.00	31648.72
229.80	-3783.47	0.00	31566.55
229.90	-367.41	0.00	31075.59
230.00	2986.78	0.00	30199.63
230.10	6226.14	0.00	28970.64
230.20	9303.34	0.00	27426.80
230.30	12178.30	0.00	25610.26
230.40	14819.17	0.00	23564.76
230.50	17202.64	0.00	21333.27
230.60	19313.55	0.00	18955.83
230.70	21143.86	0.00	16467.91
230.80	22691.11	0.00	13899.13
230.90	23956.49	0.00	11272.80
231.00	24942.75	0.00	8605.99
231.10	25652.22	0.00	5910.37
231.20	26085.10	0.00	3193.66
231.30	26238.30	0.00	461.49
231.40	26104.89	0.00	-2280.31
231.50	25675.12	0.00	-5023.43
231.60	24988.31	0.00	-7754.78
231.70	24055.98	0.00	-10454.61
231.80	22854.05	0.00	-13095.07
231.90	21358.95	0.00	-15639.57
232.00	19550.72	0.00	-18042.81
232.10	17416.15	0.00	-20251.80
232.20	14951.98	0.00	-22207.60
232.30	12167.59	0.00	-23847.96
232.40	9087.34	0.00	-25110.47
232.50	5751.91	0.00	-25936.15
232.60	2218.85	0.00	-26273.30
232.70	-1438.11	0.00	-26081.14
232.80	-5130.87	0.00	-25333.21
232.90	-8759.93	0.00	-24020.10
233.00	-12218.46	0.00	-22151.46
233.10	-15397.17	0.00	-19756.91
233.20	-18189.73	0.00	-16886.05
233.30	-20498.37	0.00	-13607.30
233.40	-22239.28	0.00	-10005.70
233.50	-23347.33	0.00	-6179.86
233.60	-23779.83	0.00	-2238.16
233.70	-23518.98	0.00	1705.53
233.80	-22576.92	0.00	5536.44
233.90	-21033.15	0.00	9143.34
234.00	-18944.82	0.00	12422.86
234.10	-16369.15	0.00	15283.15
234.20	-13377.04	0.00	17647.00
234.30	-10050.96	0.00	19454.06
234.40	-6482.39	0.00	20662.22
234.50	-2769.12	0.00	21248.14
234.60	987.67	0.00	21206.91
234.70	4686.39	0.00	20551.09
234.80	8227.89	0.00	19309.12
234.90	11518.17	0.00	17523.37
235.00	14470.82	0.00	15248.01
235.10	17009.04	0.00	12546.76
235.20	19067.35	0.00	9490.79
235.30	20592.80	0.00	6156.81
235.40	21546.27	0.00	2625.33
235.50	21939.58	0.00	-1020.69
235.60	21787.07	0.00	-4697.03
235.70	21087.31	0.00	-8319.22
235.80	19846.45	0.00	-11803.45
235.90	18078.77	0.00	-15067.48
236.00	15807.40	0.00	-18031.70
236.10	13065.39	0.00	-20620.34
236.20	9896.88	0.00	-22762.95
236.30	6358.12	0.00	-24396.12
236.40	2518.10	0.00	-25465.45
236.50	-1541.29	0.00	-25927.62
236.60	-5725.91	0.00	-25752.49
236.70	-9931.00	0.00	-24925.11
236.80	-14043.64	0.00	-23447.38
236.90	-17946.37	0.00	-21339.27
237.00	-21521.48	0.00	-18639.37
237.10	-24656.05	0.00	-15404.70
237.20	-27247.26	0.00	-11709.62
237.30	-29207.58	0.00	-7643.94
237.40	-30478.63	0.00	-3310.02
237.50	-31109.31	0.00	1180.68
237.60	-31108.99	0.00	5711.82
237.70	-30481.48	0.00	10166.66
237.80	-29246.82	0.00	14432.72
237.90	-27440.57	0.00	18406.25
238.00	-25112.66	0.00	21996.26
238.10	-22325.52	0.00	25127.93
238.20	-19151.71	0.00	27745.01
238.30	-15671.06	0.00	29811.29
238.40	-11967.38	0.00	31310.82
238.50	-8124.99	0.00	32247.10
238.60	-4225.19	0.00	32641.11
238.70	-343.07	0.00	32528.50
238.80	3455.28	0.00	31956.10
238.90	7114.83	0.00	30977.92
239.00	10592.72	0.00	29651.11
239.10	13858.43	0.00	28032.03
239.20	16893.01	0.00	26172.76
239.30	19687.30	0.00	24118.33
239.40	22239.52	0.00	21904.76
239.50	24552.38	0.00	19558.04
239.60	26629.97	0.00	17094.21
239.70	28474.85	0.00	14520.23
239.80	30085.47	0.00	11835.84
239.90	31454.41	0.00	9035.87
240.00	32567.38	0.00	6113.13
240.10	33471.14	0.00	3061.27
240.20	34221.42	0.00	-122.31
240.30	34794.04	0.00	-3434.04
240.40	35158.41	0.00	-6862.24
240.50	35279.77	0.00	-10385.99
240.60	35121.57	0.00	-13974.67
240.70	34647.95	0.00	-17588.41
240.80	33826.20	0.00	-21179.32
240.90	32628.94	0.00	-24693.26
241.00	31035.98	0.00	-28072.24
241.10	29035.77	0.00	-31256.90
241.20	26626.28	0.00	-34189.27
241.30	23815.42	0.00	-36815.21
241.40	20620.94	0.00	-39086.59
241.50	17069.82	0.00	-40962.95
241.60	13197.35	0.00	-42412.58
241.70	9045.87	0.00	-43412.98
241.80	4663.43	0.00	-43950.69
241.90	102.39	0.00	-44020.59
242.00	-4581.87	0.00	-43624.84
242.10	-9331.92	0.00	-42771.49
242.20	-14089.16	0.00	-41473.03
242.30	-18794.19	0.00	-39745.10
242.40	-23387.09	0.00	-37605.34
242.50	-27807.42	0.00	-35072.67
242.60	-31994.17	0.00	-32166.98
242.70	-35885.79	0.00	-28909.26
242.80	-39420.51	0.00	-25322.19
242.90	-42536.92	0.00	-21431.00
243.00	-45175.12	0.00	-17264.57
243.10	-47278.31	0.00	-12856.55
243.20	-48794.89	0.00	-8246.38
243.30	-49700.49	0.00	-3479.91
243.40	-50200.81	0.00	1390.31
243.50	-50347.58	0.00	6305.41
243.60	-50125.87	0.00	11201.16
243.70	-49524.03	0.00	16009.51
243.80	-48535.34	0.00	20660.84
243.90	-47159.61	0.00	25086.46
244.00	-45404.34	0.00	29221.52
244.10	-43285.55	0.00	33007.97
244.20	-40827.90	0.00	36397.31
244.30	-38064.25	0.00	39352.94
244.40	-35034.42	0.00	41852.02
244.50	-31783.37	0.00	43886.38
244.60	-28358.78	0.00	45462.73
244.70	-24808.25	0.00	46601.77
244.80	-21176.36	0.00	47336.47
244.90	-17501.80	0.00	47709.49
245.00	-13814.92	0.00	47769.97
245.10	-10135.90	0.00	47569.80
245.20	-6473.75	0.00	47159.77
245.30	-2826.38	0.00	46585.80
245.40	818.33	0.00	45885.46
245.50	4480.40	0.00	45085.20
245.60	8184.72	0.00	44198.34
245.70	11957.37	0.00	43224.08
245.80	15821.44	0.00	42147.52
245.90	19792.85	0.00	40940.77
246.00	23876.38	0.00	39565.02
246.10	28062.21	0.00	37973.51
246.20	32323.47	0.00	36115.04
246.30	36614.78	0.00	33937.94
246.40	40872.15	0.00	31394.09
246.50	45014.21	0.00	28442.85
246.60	48944.82	0.00	25054.48
246.70	52556.91	0.00	21212.95
246.80	55737.33	0.00	16917.97
246.90	58372.40	0.00	12185.98
247.00	60406.42	0.00	7050.31
247.10	62112.87	0.00	1560.26
247.20	63507.00	0.00	-4220.51
247.30	64541.96	0.00	-10216.46
247.40	65174.03	0.00	-16342.99
247.50	65363.22	0.00	-22509.67
247.60	65073.60	0.00	-28623.51
247.70	64273.68	0.00	-34592.06
247.80	62936.73	0.00	-40326.29
247.90	61041.14	0.00	-45742.92
248.00	58570.90	0.00	-50766.25
248.10	55516.10	0.00	-55329.44
248.20	51873.67	0.00	-59375.09
248.30	47648.03	0.00	-62855.48
248.40	42851.96	0.00	-65732.19
248.50	37507.49	0.00	-67975.59
248.60	31646.74	0.00	-69564.01
248.70	25312.76	0.00	-70483.00
248.80	18560.27	0.00	-70724.58
248.90	11456.17	0.00	-70286.73
249.00	4079.68	0.00	-69173.10
249.10	-3477.78	0.00	-67393.00
249.20	-11113.42	0.00	-64961.63
249.30	-18714.38	0.00	-61900.60
249.40	-26159.76	0.00	-58238.47
249.50	-33323.31	0.00	-54011.42
249.60	-40076.78	0.00	-49263.81
249.70	-46293.80	0.00	-44048.54
249.80	-51854.17	0.00	-38427.17
249.90	-56648.32	0.00	-32469.58
250.00	-60581.69	0.00	-26253.32
250.10	-63578.80	0.00	-19862.42
250.20	-65586.63	0.00	-13385.80
250.30	-66577.27	0.00	-6915.27
250.40	-66549.32	0.00	-543.32
250.50	-65528.31	0.00	5639.45
250.60	-63781.00	0.00	11546.83
250.70	-61682.18	0.00	17099.54
250.80	-59264.19	0.00	22227.57
250.90	-56558.48	0.00	26872.15
251.00	-53599.78	0.00	30987.40
251.10	-50426.06	0.00	34541.45
251.20	-47078.30	0.00	37516.96
251.30	-43599.78	0.00	39911.19
251.40	-40035.23	0.00	41735.40
251.50	-36429.54	0.00	43013.74
251.60	-32826.35	0.00	43781.74
251.70	-29266.53	0.00	44084.30
251.80	-25786.65	0.00	43973.48
251.90	-22417.62	0.00	43506.09
252.00	-19183.59	0.00	42741.16
252.10	-16101.16	0.00	41737.46
252.20	-13179.10	0.00	40551.25
252.30	-10418.49	0.00	39234.12
252.40	-7813.31	0.00	37831.30
252.50	-5351.56	0.00	36380.28
252.60	-3016.69	0.00	34909.88
252.70	-789.41	0.00	33439.85
252.80	1350.41	0.00	31980.96
252.90	3421.63	0.00	30535.50
253.00	5439.96	0.00	29098.38
253.10	7416.10	0.00	27658.53
253.20	9354.35	0.00	26200.72
253.30	11251.56	0.00	24707.56
253.40	13096.67	0.00	23161.78
253.50	14870.80	0.00	21548.38
253.60	16548.05	0.00	19856.83
253.70	18096.88	0.00	18082.90
253.80	19482.06	0.00	16230.27
253.90	20667.19	0.00	14311.52
254.00	21617.55	0.00	12348.61
254.10	22303.04	0.00	10372.73
254.20	22701.25	0.00	8423.37
254.30	22800.19	0.00	6546.78
254.40	22600.57	0.00	4793.72
254.50	22117.41	0.00	3216.69
254.60	21380.82	0.00	1866.75
254.70	20435.85	0.00	790.04
254.80	19341.31	0.00	24.34
254.90	18167.62	0.00	-404.30
255.00	16993.76	0.00	-484.40
255.10	15903.44	0.00	-221.35
255.20	14980.75	0.00	361.14
255.30	14305.43	0.00	1220.59
255.40	13948.05	0.00	2296.33
255.50	13965.35	0.00	3511.24
255.60	14396.04	0.00	4774.58
255.70	15263.46	0.00	5985.76
255.80	16585.05	0.00	7038.98
255.90	18338.81	0.00	7828.42
256.00	20479.33	0.00	8253.72
256.10	22940.79	0.00	8225.56
256.20	25639.37	0.00	7670.73
256.30	28476.61	0.00	6536.77
256.40	31343.38	0.00	4795.52
256.50	34124.36	0.00	2445.61
256.60	36702.60	0.00	-486.42
256.70	38964.11	0.00	-3946.42
256.80	40802.17	0.00	-7854.31
256.90	42121.31	0.00	-12107.24
257.00	42840.81	0.00	-16583.75
257.10	42897.83	0.00	-21149.13
257.20	42249.90	0.00	-25661.25
257.30	40876.93	0.00	-29976.93
257.40	38782.56	0.00	-33958.17
257.50	35994.80	0.00	-37478.23
257.60	32565.81	0.00	-40426.98
257.70	28570.75	0.00	-42715.38
257.80	24105.71	0.00	-44278.96
257.90	19284.46	0.00	-45079.96
258.00	14234.40	0.00	-45108.26
258.10	9091.52	0.00	-44381.06
258.20	3994.94	0.00	-42941.35
258.30	-919.00	0.00	-40855.31
258.40	-5522.57	0.00	-38208.97
258.50	-9702.02	0.00	-35104.09
258.60	-13362.33	0.00	-31653.78
258.70	-16430.90	0.00	-27977.89
258.80	-18860.07	0.00	-24198.43
258.90	-20628.36	0.00	-20435.22
259.00	-21740.43	0.00	-16801.95
259.10	-22225.84	0.00	-13402.72
259.20	-22136.79	0.00	-10329.00
259.30	-21545.03	0.00	-7657.39
259.40	-20538.21	0.00	-5447.71
259.50	-19215.85	0.00	-3741.83
259.60	-17685.19	0.00	-2562.95
259.70	-16057.06	0.00	-1915.29
259.80	-14441.91	0.00	-1784.38
259.90	-12946.08	0.00	-2137.65
260.00	-11668.35	0.00	-2925.47
260.10	-10696.83	0.00	-4082.63
260.20	-10106.06	0.00	-5530.21
260.30	-9954.48	0.00	-7177.84
260.40	-10282.21	0.00	-8926.47
260.50	-11109.16	0.00	-10671.46
260.60	-12433.53	0.00	-12306.08
260.70	-14230.96	0.00	-13725.28
260.80	-16454.17	0.00	-14829.73
260.90	-19033.59	0.00	-15529.77
261.00	-21878.81	0.00	-15749.44
261.10	-24881.22	0.00	-15430.01
261.20	-27917.67	0.00	-14533.17
261.30	-30855.32	0.00	-13043.37
261.40	-33617.88	0.00	-10969.38
261.50	-36170.04	0.00	-8344.73
261.60	-38418.81	0.00	-5226.98
261.70	-40280.99	0.00	-1695.86
261.80	-41686.48	0.00	2149.86
261.90	-42580.91	0.00	6196.43
262.00	-42927.85	0.00	10320.25
262.10	-42710.37	0.00	14393.51
262.20	-41932.08	0.00	18290.25
262.30	-40617.40	0.00	21892.45
262.40	-38810.98	0.00	25095.75
262.50	-36576.27	0.00	27814.55
262.60	-33993.08	0.00	29986.12
262.70	-31154.19	0.00	31573.46
262.80	-28161.04	0.00	32566.77
262.90	-25118.72	0.00	32983.42
263.00	-22130.48	0.00	32866.35
263.10	-19292.20	0.00	32281.16
263.20	-16687.09	0.00	31311.89
263.30	-14381.07	0.00	30055.91
263.40	-12419.27	0.00	28618.12
263.50	-10823.83	0.00	27104.93
263.60	-9593.20	0.00	25618.37
263.70	-8703.07	0.00	24250.66
263.80	-8108.66	0.00	23079.56
263.90	-7748.29	0.00	22164.80
264.00	-7547.91	0.00	21545.77
264.10	-7426.13	0.00	21240.57
264.20	-7299.45	0.00	21246.26
264.30	-7087.27	0.00	21540.55
264.40	-6716.37	0.00	22084.36
264.50	-6124.64	0.00	22825.35
264.60	-5263.82	0.00	23701.86
264.70	-4101.21	0.00	24647.19
264.80	-2620.31	0.00	25593.70
264.90	-820.48	0.00	26476.64
265.00	1284.30	0.00	27237.32
265.10	3667.34	0.00	27825.56
265.20	6291.69	0.00	28201.28
265.30	9112.81	0.00	28335.19
265.40	12081.31	0.00	28208.65
265.50	15145.57	0.00	27812.85
265.60	18253.94	0.00	27147.36
265.70	21356.45	0.00	26218.46
265.80	24406.08	0.00	25037.19
265.90	27359.30	0.00	23617.55
266.00	30176.18	0.00	21974.94
266.10	32820.08	0.00	20124.98
266.20	35257.01	0.00	18082.74
266.30	37454.95	0.00	15862.62
266.40	39383.28	0.00	13478.51
266.50	41012.35	0.00	10944.52
266.60	42313.55	0.00	8275.85
266.70	43259.74	0.00	5489.82
266.80	43841.73	0.00	2606.89
266.90	44224.71	0.00	-348.64
267.00	44448.96	0.00	-3348.16
267.10	44502.20	0.00	-6358.81
267.20	44373.64	0.00	-9343.98
267.30	44055.43	0.00	-12264.41
267.40	43543.82	0.00	-15079.63
267.50	42840.26	0.00	-17749.78
267.60	41951.98	0.00	-20237.71
267.70	40892.20	0.00	-22511.00
267.80	39679.85	0.00	-24543.87
267.90	38338.75	0.00	-26318.81
268.00	36896.30	0.00	-27827.65
268.10	35381.81	0.00	-29072.08
268.20	33824.57	0.00	-30063.48
268.30	32251.77	0.00	-30822.07
268.40	30686.50	0.00	-31375.43
268.50	29146.04	0.00	-31756.49
268.60	27640.52	0.00	-32001.14
268.70	26172.20	0.00	-32145.60
268.80	24735.30	0.00	-32223.86
268.90	23316.65	0.00	-32265.31
269.00	21896.90	0.00	-32292.77
269.10	20452.29	0.00	-32321.09
269.20	18956.93	0.00	-32356.42
269.30	17385.21	0.00	-32396.29
269.40	15714.32	0.00	-32430.31
269.50	13926.55	0.00	-32441.60
269.60	12011.17	0.00	-32408.83
269.70	9965.82	0.00	-32308.47
269.80	7797.14	0.00	-32117.40
269.90	5520.63	0.00	-31815.33
270.00	3159.78	0.00	-31387.06
270.10	744.40	0.00	-30824.22
270.20	-1691.56	0.00	-30126.44
270.30	-4112.69	0.00	-29301.80
270.40	-6484.96	0.00	-28366.49
270.50	-8778.51	0.00	-27343.76
270.60	-10970.18	0.00	-26262.15
270.70	-13045.40	0.00	-25153.26
270.80	-14999.51	0.00	-24049.07
270.90	-16838.11	0.00	-22979.21
271.00	-18576.52	0.00	-21968.21
271.10	-20238.41	0.00	-21033.14
271.20	-21853.54	0.00	-20181.69
271.30	-23454.93	0.00	-19410.93
271.40	-25075.62	0.00	-18706.79
271.50	-26745.19	0.00	-18044.42
271.60	-28486.47	0.00	-17389.33
271.70	-30312.54	0.00	-16699.24
271.80	-32224.33	0.00	-15926.57
271.90	-34209.01	0.00	-15021.35
272.00	-36239.34	0.00	-13934.38
272.10	-38273.89	0.00	-12620.42
272.20	-40258.44	0.00	-11041.12
272.30	-42128.17	0.00	-9167.67
272.40	-43816.22	0.00	-6982.78
272.50	-45420.67	0.00	-4482.06
272.60	-46967.58	0.00	-1674.61
272.70	-48406.95	0.00	1417.16
272.80	-49690.64	0.00	4758.46
272.90	-50773.95	0.00	8303.63
273.00	-51616.88	0.00	11998.27
273.10	-52185.06	0.00	15781.69
273.20	-52450.35	0.00	19589.59
273.30	-52391.17	0.00	23356.68
273.40	-51992.57	0.00	27019.34
273.50	-51246.02	0.00	30517.79
273.60	-50149.11	0.00	33798.05
273.70	-48705.05	0.00	36813.32
273.80	-46922.15	0.00	39524.90
273.90	-44813.18	0.00	41902.62
274.00	-42394.80	0.00	43924.79
274.10	-39687.03	0.00	45577.76
274.20	-36712.69	0.00	46855.20
274.30	-33497.07	0.00	47757.17
274.40	-30067.64	0.00	48289.06
274.50	-26453.79	0.00	48460.61
274.60	-22686.81	0.00	48284.90
274.70	-18799.75	0.00	47777.64
274.80	-14827.42	0.00	46956.49
274.90	-10806.27	0.00	45840.69
275.00	-6774.21	0.00	44450.83
275.10	-2770.33	0.00	42808.79
275.20	1165.62	0.00	40937.79
275.30	4993.81	0.00	38862.50
275.40	8675.18	0.00	36609.13
275.50	12172.36	0.00	34205.50
275.60	15450.74	0.00	31680.94
275.70	18479.48	0.00	29066.12
275.80	21232.57	0.00	26392.62
275.90	23689.71	0.00	23692.50
276.00	25837.03	0.00	20997.55
276.10	27667.49	0.00	18338.59
276.20	29181.09	0.00	15744.64
276.30	30384.65	0.00	13242.07
276.40	31291.33	0.00	10853.88
276.50	31919.83	0.00	8599.01
276.60	32293.42	0.00	6491.84
276.70	32438.63	0.00	4541.92
276.80	32384.01	0.00	2753.84
276.90	32158.80	0.00	1127.37
277.00	31791.58	0.00	-342.16
277.10	31309.22	0.00	-1663.33
277.20	30735.84	0.00	-2847.92
277.30	30092.14	0.00	-3910.10
277.40	29394.92	0.00	-4865.50
277.50	28656.93	0.00	-5730.31
277.60	27920.61	0.00	-6520.41
277.70	27256.02	0.00	-7250.58
277.80	26659.32	0.00	-7933.80
277.90	26122.52	0.00	-8580.76
278.00	25636.32	0.00	-9199.50
278.10	25190.79	0.00	-9795.27
278.20	24776.11	0.00	-10370.52
278.30	24383.23	0.00	-10925.19
278.40	24004.46	0.00	-11457.01
278.50	23634.03	0.00	-11962.03
278.60	23268.47	0.00	-12435.28
278.70	22906.88	0.00	-12871.44
278.80	22551.07	0.00	-13265.57
278.90	22205.49	0.00	-13613.87
279.00	21877.02	0.00	-13914.38
279.10	21574.65	0.00	-14167.59
279.20	21308.87	0.00	-14377.00
279.30	21091.07	0.00	-14549.45
279.40	20932.70	0.00	-14695.36
279.50	20844.37	0.00	-14828.73
279.60	20834.95	0.00	-14966.92
279.70	20910.57	0.00	-15130.29
279.80	21073.68	0.00	-15341.50
279.90	21322.25	0.00	-15624.74
280.00	21648.99	0.00	-16004.68
280.10	22040.86	0.00	-16505.31
280.20	22478.72	0.00	-17148.73
280.30	22937.28	0.00	-17953.83
280.40	23385.30	0.00	-18935.03
280.50	23786.12	0.00	-20101.10
280.60	24098.39	0.00	-21454.14
280.70	24277.15	0.00	-22988.81
280.80	24275.14	0.00	-24691.77
280.90	24044.30	0.00	-26541.54
281.00	23537.37	0.00	-28508.61
281.10	22709.75	0.00	-30556.00
281.20	21521.21	0.00	-32640.12
281.30	19937.67	0.00	-34712.00
281.40	17932.91	0.00	-36718.72
281.50	15489.98	0.00	-38605.14
281.60	12602.51	0.00	-40315.66
281.70	9275.56	0.00	-41796.10
281.80	5526.26	0.00	-42995.45
281.90	1383.90	0.00	-43867.50
282.00	-3110.26	0.00	-44372.26
282.10	-7903.79	0.00	-44477.05
282.20	-12934.08	0.00	-44157.32
282.30	-18129.85	0.00	-43396.99
282.40	-23412.89	0.00	-42188.57
282.50	-28699.97	0.00	-40532.89
282.60	-33904.93	0.00	-38438.48
282.70	-38940.70	0.00	-35920.85
282.80	-43721.36	0.00	-33001.56
282.90	-48163.95	0.00	-29707.19
283.00	-52190.12	0.00	-26068.42
283.10	-55727.65	0.00	-22119.11
283.20	-58711.57	0.00	-17895.52
283.30	-61085.27	0.00	-13435.79
283.40	-62801.27	0.00	-8779.49
283.50	-63920.44	0.00	-3967.44
283.60	-64819.38	0.00	958.40
283.70	-65533.81	0.00	5954.88
283.80	-66054.53	0.00	10977.61
283.90	-66368.38	0.00	15980.99
284.00	-66458.75	0.00	20918.29
284.10	-66306.49	0.00	25741.96
284.20	-65891.17	0.00	30404.12
284.30	-65192.52	0.00	34857.35
284.40	-64192.02	0.00	39055.66
284.50	-62874.53	0.00	42955.75
284.60	-61229.76	0.00	46518.38
284.70	-59253.49	0.00	49709.80
284.80	-56948.44	0.00	52503.21
284.90	-54324.63	0.00	54880.03
285.00	-51399.21	0.00	56830.91
285.10	-48195.71	0.00	58356.37
285.20	-44742.68	0.00	59466.99
285.30	-41071.95	0.00	60183.02
285.40	-37216.41	0.00	60533.43
285.50	-33207.76	0.00	60554.47
285.60	-29074.11	0.00	60287.57
285.70	-24838.00	0.00	59776.96
285.80	-20514.74	0.00	59066.87
285.90	-16111.49	0.00	58198.73
286.00	-11627.09	0.00	57208.27
286.10	-7052.82	0.00	56122.95
286.20	-2374.06	0.00	54959.79
286.30	2427.29	0.00	53723.79
286.40	7369.50	0.00	52407.08
286.50	12467.32	0.00	50988.89
286.60	17727.97	0.00	49436.41
286.70	23147.15	0.00	47706.50
286.80	28705.37	0.00	45748.28
286.90	34365.04	0.00	43506.27
287.00	40068.38	0.00	40924.16
287.10	45736.74	0.00	37948.86
287.20	51271.20	0.00	34534.59
287.30	56554.79	0.00	30646.82
287.40	61456.31	0.00	26265.77
287.50	65835.46	0.00	21389.28
287.60	69549.35	0.00	16034.83
287.70	72459.77	0.00	10240.53
287.80	74440.86	0.00	4065.13
287.90	75415.85	0.00	-2413.22
288.00	75834.65	0.00	-9099.15
288.10	75841.98	0.00	-15883.29
288.20	75394.35	0.00	-22646.31
288.30	74455.28	0.00	-29263.49
288.40	72997.26	0.00	-35609.73
288.50	71003.63	0.00	-41564.61
288.60	68470.19	0.00	-47017.30
288.70	65406.66	0.00	-51871.00
288.80	61837.39	0.00	-56046.74
288.90	57801.51	0.00	-59486.35
289.00	53352.21	0.00	-62154.28
289.10	48555.06	0.00	-64038.54
289.20	43485.51	0.00	-65150.28
289.30	38225.60	0.00	-65522.49
289.40	32860.07	0.00	-65207.56
289.50	27472.27	0.00	-64274.07
289.60	22139.99	0.00	-62802.90
289.70	16931.76	0.00	-60882.93
289.80	11903.73	0.00	-58606.50
289.90	7097.50	0.00	-56064.94
290.00	2539.05	0.00	-53344.43
290.10	-1761.22	0.00	-50522.23
290.20	-5807.26	0.00	-47663.71
290.30	-9615.17	0.00	-44820.10
290.40	-13210.20	0.00	-42027.15
290.50	-16623.08	0.00	-39304.69
290.60	-19886.18	0.00	-36657.17
290.70	-23029.58	0.00	-34074.96
290.80	-26077.47	0.00	-31536.46
290.90	-29045.02	0.00	-29010.74
291.00	-31936.07	0.00	-26460.68
291.10	-34741.60	0.00	-23846.25
291.20	-37439.29	0.00	-21127.95
291.30	-39993.92	0.00	-18270.02
291.40	-42358.95	0.00	-15243.36
291.50	-44478.83	0.00	-12028.00
291.60	-46292.07	0.00	-8614.94
291.70	-47734.93	0.00	-5007.34
291.80	-48745.27	0.00	-1221.03
291.90	-49266.60	0.00	2715.80
292.00	-49251.78	0.00	6763.48
292.10	-48725.50	0.00	10872.47
292.20	-47894.96	0.00	14985.38
292.30	-46759.70	0.00	19039.44
292.40	-45302.04	0.00	22969.20
292.50	-43512.04	0.00	26709.25
292.60	-41387.82	0.00	30196.96
292.70	-38935.77	0.00	33374.95
292.80	-36170.26	0.00	36193.16
292.90	-33113.16	0.00	38610.57
293.00	-29793.05	0.00	40596.33
293.10	-26244.11	0.00	42130.28
293.20	-22504.86	0.00	43202.99
293.30	-18616.76	0.00	43815.14
293.40	-14622.73	0.00	43976.49
293.50	-10565.83	0.00	43704.40
293.60	-6487.99	0.00	43022.13
293.70	-2429.15	0.00	41956.94
293.80	1573.42	0.00	40538.18
293.90	5485.26	0.00	38795.51
294.00	9274.58	0.00	36757.43
294.10	12911.77	0.00	34450.06
294.20	16368.58	0.00	31896.44
294.30	19617.13	0.00	29116.27
294.40	22629.02	0.00	26126.18
294.50	25374.35	0.00	22940.44
294.60	27821.17	0.00	19572.08
294.70	29935.23	0.00	16034.37
294.80	31680.23	0.00	12342.44
294.90	33018.61	0.00	8514.98
295.00	33912.85	0.00	4575.88
295.10	34327.30	0.00	555.60
295.20	34230.38	0.00	-3507.83
295.30	33596.99	0.00	-7568.24
295.40	32411.00	0.00	-11571.39
295.50	30686.97	0.00	-15455.58
295.60	28519.49	0.00	-19152.92
295.70	25917.13	0.00	-22591.17
295.80	22885.22	0.00	-25696.06
295.90	19441.62	0.00	-28394.04
296.00	15618.28	0.00	-30615.24
296.10	11462.13	0.00	-32296.54
296.20	7035.30	0.00	-33384.48
296.30	2414.42	0.00	-33837.99
296.40	-2310.89	0.00	-33630.59
296.50	-7040.51	0.00	-32752.09
296.60	-11667.04	0.00	-31209.55
296.70	-16079.75	0.00	-29027.53
296.80	-20168.90	0.00	-26247.58
296.90	-23830.37	0.00	-22926.93
297.00	-26970.07	0.00	-19136.60
297.10	-29507.99	0.00	-14958.82
297.20	-31381.58	0.00	-10484.20
297.30	-32597.78	0.00	-5808.47
297.40	-33226.82	0.00	-1029.26
297.50	-33273.38	0.00	3757.03
297.60	-32750.01	0.00	8458.15
297.70	-31677.29	0.00	12988.47
297.80	-30082.44	0.00	17270.91
297.90	-27998.04	0.00	21238.35
298.00	-25460.89	0.00	24834.34
298.10	-22510.97	0.00	28013.28
298.20	-19190.59	0.00	30740.03
298.30	-15543.87	0.00	32989.02
298.40	-11616.34	0.00	34743.15
298.50	-7454.87	0.00	35992.37
298.60	-3107.83	0.00	36732.26
298.70	1374.49	0.00	36962.80
298.80	5939.39	0.00	36687.15
298.90	10531.12	0.00	35911.02
299.00	15090.25	0.00	34642.16
299.10	19553.29	0.00	32890.48
299.20	23852.51	0.00	30668.49
299.30	27916.19	0.00	27992.02
299.40	31669.36	0.00	24881.42
299.50	35035.16	0.00	21362.65
299.60	37936.76	0.00	17468.63
299.70	40299.85	0.00	13240.33
299.80	42055.63	0.00	8727.63
299.90	43166.16	0.00	3989.80
300.00	43769.35	0.00	-904.54
300.10	43877.11	0.00	-5878.00
300.20	43465.83	0.00	-10845.64
300.30	42517.61	0.00	-15716.76
300.40	41022.33	0.00	-20397.27
300.50	38979.72	0.00	-24792.52
300.60	36401.30	0.00	-28810.43
300.70	33312.05	0.00	-32364.84
300.80	29751.62	0.00	-35378.83
300.90	25774.89	0.00	-37787.93
301.00	21451.74	0.00	-39542.88
301.10	16865.98	0.00	-40611.98
301.20	12113.30	0.00	-40982.69
301.30	7298.32	0.00	-40662.55
301.40	2530.87	0.00	-39679.18
301.50	-2078.40	0.00	-38079.56
301.60	-6422.76	0.00	-35928.32
301.70	-10404.15	0.00	-33305.42
301.80	-13937.80	0.00	-30303.06
301.90	-16956.11	0.00	-27022.17
302.00	-19411.81	0.00	-23568.48
302.10	-21279.92	0.00	-20048.43
302.20	-22558.62	0.00	-16565.20
302.30	-23268.71	0.00	-13214.77
302.40	-23452.01	0.00	-10082.55
302.50	-23168.58	0.00	-7240.41
302.60	-22493.19	0.00	-4744.38
302.70	-21511.07	0.00	-2633.15
302.80	-20313.44	0.00	-927.26
302.90	-18992.95	0.00	370.88
303.00	-17639.34	0.00	1276.18
303.10	-16335.50	0.00	1819.44
303.20	-15154.11	0.00	2045.23
303.30	-14155.00	0.00	2009.35
303.40	-13383.24	0.00	1775.90
303.50	-12867.96	0.00	1414.16
303.60	-12622.00	0.00	995.41
303.70	-12642.19	0.00	589.77
303.80	-12913.13	0.00	263.36
303.90	-13420.12	0.00	75.60
304.00	-14125.12	0.00	77.12
304.10	-14979.60	0.00	307.95
304.20	-15929.27	0.00	796.36
304.30	-16916.43	0.00	1558.13
304.40	-17882.18	0.00	2596.39
304.50	-18768.57	0.00	3901.93
304.60	-19520.46	0.00	5453.95
304.70	-20087.19	0.00	7221.20
304.80	-20423.93	0.00	9163.41
304.90	-20492.78	0.00	11232.93
305.00	-20263.62	0.00	13376.61
305.10	-19714.74	0.00	15537.64
305.20	-18833.22	0.00	17657.49
305.30	-17615.21	0.00	19677.80
305.40	-16066.02	0.00	21542.09
305.50	-14200.02	0.00	23197.42
305.60	-12040.45	0.00	24595.86
305.70	-9619.06	0.00	25695.73
305.80	-6975.55	0.00	26462.69
305.90	-4156.83	0.00	26870.61
306.00	-1216.04	0.00	26902.19
306.10	1788.58	0.00	26549.43
306.20	4795.15	0.00	25813.85
306.30	7739.77	0.00	24706.49
306.40	10558.30	0.00	23247.74
306.50	13188.36	0.00	21466.90
306.60	15571.38	0.00	19401.56
306.70	17654.60	0.00	17096.74
306.80	19393.09	0.00	14603.81
306.90	20751.50	0.00	11979.22
307.00	21705.56	0.00	9282.98
307.10	22243.26	0.00	6577.04
307.20	22365.43	0.00	3923.46
307.30	22086.03	0.00	1382.54
307.40	21431.70	0.00	-989.13
307.50	20440.87	0.00	-3140.52
307.60	19162.32	0.00	-5027.97
307.70	17653.34	0.00	-6616.80
307.80	15977.39	0.00	-7882.58
307.90	14212.01	0.00	-8812.16
308.00	12438.37	0.00	-9404.21
308.10	10713.98	0.00	-9669.35
308.20	9093.27	0.00	-9629.78
308.30	7625.95	0.00	-9318.39
308.40	6354.91	0.00	-8777.48
308.50	5314.43	0.00	-8056.95
308.60	4528.67	0.00	-7212.21
308.70	4010.62	0.00	-6301.85
308.80	3761.59	0.00	-5385.08
308.90	3771.25	0.00	-4519.26
309.00	4018.25	0.00	-3757.45
309.10	4471.41	0.00	-3146.25
309.20	5091.32	0.00	-2723.97
309.30	5832.32	0.00	-2519.25
309.40	6644.77	0.00	-2550.16
309.50	7477.25	0.00	-2823.83
309.60	8278.86	0.00	-3336.68
309.70	9001.24	0.00	-4075.12
309.80	9600.33	0.00	-5016.64
309.90	10037.74	0.00	-6131.34
310.00	10281.75	0.00	-7383.61
310.10	10307.81	0.00	-8733.99
310.20	10098.71	0.00	-10140.96
310.30	9644.30	0.00	-11562.62
310.40	8941.01	0.00	-12958.14
310.50	7991.09	0.00	-14288.85
310.60	6801.76	0.00	-15519.07
310.70	5384.43	0.00	-16616.45
310.80	3753.89	0.00	-17552.07
310.90	1927.81	0.00	-18300.20
311.00	-73.65	0.00	-18837.89
311.10	-2227.82	0.00	-19144.46
311.20	-4509.33	0.00	-19201.01
311.30	-6889.62	0.00	-18990.08
311.40	-9336.30	0.00	-18495.50
311.50	-11812.44	0.00	-17702.64
311.60	-14275.94	0.00	-16598.95
311.70	-16679.11	0.00	-15174.87
311.80	-18968.56	0.00	-13425.08
311.90	-21085.71	0.00	-11350.03
312.00	-22967.72	0.00	-8957.54
312.10	-24549.24	0.00	-6264.42
312.20	-25764.70	0.00	-3297.99
312.30	-26551.15	0.00	-97.09
312.40	-26867.40	0.00	3287.21
312.50	-26736.81	0.00	6791.68
312.60	-26129.50	0.00	10341.65
312.70	-25015.91	0.00	13852.58
312.80	-23378.00	0.00	17232.35
312.90	-21211.92	0.00	20384.31
313.00	-18530.31	0.00	23210.88
313.10	-15364.12	0.00	25617.65
313.20	-11763.67	0.00	27517.58
313.30	-7798.80	0.00	28835.26
313.40	-3557.95	0.00	29510.81
313.50	853.97	0.00	29503.21
313.60	5318.89	0.00	28792.92
313.70	9709.94	0.00	27383.49
313.80	13896.85	0.00	25302.03
313.90	17751.81	0.00	22598.60
314.00	21155.68	0.00	19344.36
314.10	24003.89	0.00	15628.73
314.20	26211.74	0.00	11555.62
314.30	27718.59	0.00	7238.87
314.40	28490.64	0.00	2797.43
314.50	28522.02	0.00	-1649.79
314.60	27871.02	0.00	-5988.75
314.70	26644.83	0.00	-10114.81
314.80	24896.12	0.00	-13936.47
314.90	22686.31	0.00	-17378.23
315.00	20084.05	0.00	-20382.49
315.10	17162.21	0.00	-22910.22
315.20	13994.77	0.00	-24940.62
315.30	10654.03	0.00	-26469.80
315.40	7208.00	0.00	-27508.51
315.50	3718.35	0.00	-28079.30
315.60	238.95	0.00	-28213.26
315.70	-3184.95	0.00	-27946.62
315.80	-6516.68	0.00	-27317.42
315.90	-9727.51	0.00	-26362.62
316.00	-12795.33	0.00	-25115.72
316.10	-15702.82	0.00	-23605.09
316.20	-18435.36	0.00	-21853.09
316.30	-20978.89	0.00	-19876.03
316.40	-23317.88	0.00	-17684.81
316.50	-25433.77	0.00	-15286.31
316.60	-27303.89	0.00	-12685.19
316.70	-28902.66	0.00	-9886.01
316.80	-30272.59	0.00	-6895.43
316.90	-31430.73	0.00	-3724.30
317.00	-32353.03	0.00	-389.42
317.10	-33011.79	0.00	3085.20
317.20	-33377.31	0.00	6667.63
317.30	-33419.81	0.00	10318.02
317.40	-33111.37	0.00	13989.19
317.50	-32427.89	0.00	17627.91
317.60	-31350.84	0.00	21176.61
317.70	-29868.75	0.00	24575.49
317.80	-27978.38	0.00	27764.87
317.90	-25685.51	0.00	30687.49
318.00	-23005.22	0.00	33290.77
318.10	-19961.84	0.00	35528.64
318.20	-16588.41	0.00	37363.12
318.30	-12925.86	0.00	38765.29
318.40	-9021.86	0.00	39715.75
318.50	-4929.49	0.00	40204.62
318.60	-705.82	0.00	40231.05
318.70	3589.44	0.00	39802.34
318.80	7895.32	0.00	38932.86
318.90	12150.72	0.00	37642.82
319.00	16295.33	0.00	35957.05
319.10	20270.48	0.00	33903.94
319.20	24019.67	0.00	31514.54
319.30	27489.16	0.00	28822.02
319.40	30628.39	0.00	25861.31
319.50	33390.61	0.00	22669.14
319.60	35733.53	0.00	19284.21
319.70	37620.19	0.00	15747.50
319.80	39020.08	0.00	12102.67
319.90	39910.38	0.00	8396.21
320.00	40277.34	0.00	4677.55
320.10	40119.84	0.00	998.72
320.20	39577.24	0.00	-2586.36
320.30	38738.32	0.00	-6022.95
320.40	37618.33	0.00	-9257.06
320.50	36238.91	0.00	-12237.34
320.60	34628.91	0.00	-14917.24
320.70	32824.89	0.00	-17257.32
320.80	30870.98	0.00	-19227.56
320.90	28818.24	0.00	-20809.41
321.00	26723.23	0.00	-21997.51
321.10	24646.07	0.00	-22800.89
321.20	22647.78	0.00	-23243.44
321.30	20787.33	0.00	-23363.67
321.40	19118.33	0.00	-23213.61
321.50	17685.77	0.00	-22856.97
321.60	16522.93	0.00	-22366.48
321.70	15648.76	0.00	-21820.67
321.80	15065.95	0.00	-21300.15
321.90	14759.80	0.00	-20883.65
322.00	14698.03	0.00	-20643.97
322.10	14831.57	0.00	-20644.13
322.20	15096.25	0.00	-20933.94
322.30	15415.33	0.00	-21547.09
322.40	15702.63	0.00	-22499.07
322.50	15866.30	0.00	-23785.83
322.60	15812.73	0.00	-25383.53
322.70	15450.71	0.00	-27249.07
322.80	14695.48	0.00	-29321.62
322.90	13472.61	0.00	-31524.91
323.00	11721.62	0.00	-33770.20
323.10	9399.10	0.00	-35959.80
323.20	6481.46	0.00	-37990.92
323.30	2966.99	0.00	-39759.64
323.40	-1122.66	0.00	-41164.97
323.50	-5741.77	0.00	-42112.63
323.60	-10820.61	0.00	-42518.58
323.70	-16266.40	0.00	-42312.11
323.80	-21965.20	0.00	-41438.37
323.90	-27784.72	0.00	-39860.40
324.00	-33578.00	0.00	-37560.53
324.10	-39188.03	0.00	-34541.21
324.20	-44452.98	0.00	-30825.19
324.30	-49212.09	0.00	-26455.22
324.40	-53311.78	0.00	-21493.20
324.50	-56611.93	0.00	-16018.82
324.60	-58991.79	0.00	-10127.79
324.70	-60355.51	0.00	-3929.64
324.80	-60844.02	0.00	2454.91
324.90	-60700.70	0.00	8896.78
325.00	-59906.92	0.00	15261.85
325.10	-58451.00	0.00	21414.36
325.20	-56331.23	0.00	27220.62
325.30	-53557.86	0.00	32552.74
325.40	-50155.27	0.00	37292.50
325.50	-46164.05	0.00	41335.03
325.60	-41642.70	0.00	44592.31
325.70	-36668.60	0.00	46996.38
325.80	-31338.02	0.00	48501.98
325.90	-25764.93	0.00	49088.66
326.00	-20078.44	0.00	48762.10
326.10	-14418.94	0.00	47554.56
326.20	-8932.96	0.00	45524.48
326.30	-3767.12	0.00	42755.06
326.40	938.53	0.00	39351.90
326.50	5057.33	0.00	35439.76
326.60	8482.49	0.00	31158.49
326.70	11132.65	0.00	26658.32
326.80	12956.29	0.00	22094.66
326.90	13934.46	0.00	17622.65
327.00	14081.72	0.00	13391.63
327.10	13445.35	0.00	9539.87
327.20	12102.68	0.00	6189.70
327.30	10157.08	0.00	3443.25
327.40	7732.72	0.00	1379.05
327.50	4968.63	0.00	49.56
327.60	2012.48	0.00	-520.21
327.70	-985.66	0.00	-333.04
327.80	-3879.07	0.00	581.23
327.90	-6529.48	0.00	2167.49
328.00	-8811.45	0.00	4348.01
328.10	-10615.74	0.00	7025.83
328.20	-11851.98	0.00	10088.83
328.30	-12450.48	0.00	13414.06
328.40	-12363.35	0.00	16872.36
328.50	-11565.07	0.00	20333.00
328.60	-10052.56	0.00	23668.08
328.70	-7844.80	0.00	26756.71
328.80	-4982.06	0.00	29488.67
328.90	-1524.69	0.00	31767.55
329.00	2448.52	0.00	33513.28
329.10	6842.46	0.00	34663.98
329.20	11548.32	0.00	35177.15
329.30	16446.72	0.00	35030.20
329.40	21411.31	0.00	34220.34
329.50	26312.80	0.00	32763.82
329.60	31023.21	0.00	30694.67
329.70	35420.30	0.00	28062.92
329.80	39391.88	0.00	24932.41
329.90	42839.87	0.00	21378.20
330.00	45683.82	0.00	17483.70
330.10	47863.69	0.00	13337.65
330.20	49341.81	0.00	9030.88
330.30	50199.36	0.00	4653.17
330.40	50674.49	0.00	290.05
330.50	50807.69	0.00	-3980.10
330.60	50636.59	0.00	-8088.71
330.70	50203.67	0.00	-11979.27
330.80	49554.56	0.00	-15609.07
330.90	48736.33	0.00	-18950.32
331.00	47795.47	0.00	-21990.60
331.10	46775.80	0.00	-24732.62
331.20	45716.27	0.00	-27193.18
331.30	44648.68	0.00	-29401.48
331.40	43595.61	0.00	-31396.64
331.50	42568.44	0.00	-33224.80
331.60	41565.97	0.00	-34935.68
331.70	40573.33	0.00	-36578.91
331.80	39561.83	0.00	-38200.27
331.90	38489.36	0.00	-39838.07
332.00	37301.72	0.00	-41519.87
332.10	35934.83	0.00	-43259.76
332.20	34317.61	0.00	-45056.31
332.30	32375.67	0.00	-46891.49
332.40	30035.54	0.00	-48730.43
332.50	27229.26	0.00	-50522.28
332.60	23899.22	0.00	-52202.05
332.70	20002.87	0.00	-53693.35
332.80	15517.14	0.00	-54911.98
332.90	10442.26	0.00	-55770.04
333.00	4804.69	0.00	-56180.55
333.10	-1341.12	0.00	-56062.13
333.20	-7912.35	0.00	-55343.55
333.30	-14798.88	0.00	-53968.02
333.40	-21866.15	0.00	-51896.68
333.50	-28959.45	0.00	-49111.47
333.60	-35909.81	0.00	-45616.84
333.70	-42540.97	0.00	-41440.47
333.80	-48677.26	0.00	-36632.86
333.90	-54151.79	0.00	-31265.78
334.00	-58814.42	0.00	-25429.72
334.10	-62539.04	0.00	-19230.48
334.20	-65229.65	0.00	-12785.02
334.30	-66824.76	0.00	-6216.96
334.40	-67299.79	0.00	348.29
334.50	-66667.53	0.00	6788.24
334.60	-65117.47	0.00	12987.79
334.70	-63108.99	0.00	18843.22
334.80	-60709.39	0.00	24265.48
334.90	-57963.83	0.00	29182.63
335.00	-54920.08	0.00	33541.42
335.10	-51627.33	0.00	37307.85
335.20	-48134.94	0.00	40466.81
335.30	-44491.04	0.00	43020.90
335.40	-40741.19	0.00	44988.40
335.50	-36926.95	0.00	46400.71
335.60	-33084.65	0.00	47299.28
335.70	-29244.43	0.00	47732.37
335.80	-25429.63	0.00	47751.66
335.90	-21656.59	0.00	47409.07
336.00	-17935.03	0.00	46753.84
336.10	-14268.93	0.00	45830.07
336.20	-10657.86	0.00	44674.83
336.30	-7098.78	0.00	43316.95
336.40	-3588.08	0.00	41776.41
336.50	-123.86	0.00	40064.52
336.60	3291.93	0.00	38184.74
336.70	6651.42	0.00	36134.05
336.80	9939.19	0.00	33904.89
336.90	13131.15	0.00	31487.42
337.00	16193.96	0.00	28872.02
337.10	19085.37	0.00	26051.94
337.20	21755.12	0.00	23025.74
337.30	24146.80	0.00	19799.67
337.40	26200.33	0.00	16389.53
337.50	27855.01	0.00	12822.07
337.60	29053.10	0.00	9135.87
337.70	29743.52	0.00	5381.36
337.80	29885.60	0.00	1620.31
337.90	29452.53	0.00	-2075.59
338.00	28434.28	0.00	-5626.71
338.10	26839.78	0.00	-8948.23
338.20	24698.22	0.00	-11953.30
338.30	22059.22	0.00	-14556.68
338.40	18992.05	0.00	-16678.60
338.50	15583.74	0.00	-18248.60
338.60	11936.25	0.00	-19209.35
338.70	8163.01	0.00	-19520.00
338.80	4384.74	0.00	-19159.06
338.90	725.12	0.00	-18126.56
339.00	-2693.70	0.00	-16445.37
339.10	-5755.48	0.00	-14161.56
339.20	-8353.94	0.00	-11343.71
339.30	-10396.46	0.00	-8081.23
339.40	-11807.26	0.00	-4481.68
339.50	-12530.14	0.00	-667.19
339.60	-12530.55	0.00	3229.88
339.70	-11797.22	0.00	7071.86
339.80	-10343.15	0.00	10721.01
339.90	-8205.89	0.00	14044.94
340.00	-5447.18	0.00	16921.80
340.10	-2151.67	0.00	19245.15
340.20	1575.14	0.00	20928.21
340.30	5610.07	0.00	21907.22
340.40	9816.26	0.00	22143.90
340.50	14048.10	0.00	21626.74
340.60	18156.93	0.00	20371.16
340.70	21997.14	0.00	18418.53
340.80	25432.45	0.00	15834.02
340.90	28342.01	0.00	12703.57
341.00	30639.48	0.00	9129.94
341.10	32348.43	0.00	5228.23
341.20	33455.42	0.00	1120.88
341.30	33950.95	0.00	-3067.32
341.40	33843.61	0.00	-7214.24
341.50	33158.65	0.00	-11205.06
341.60	31936.21	0.00	-14936.39
341.70	30229.27	0.00	-18319.69
341.80	28101.38	0.00	-21283.83
341.90	25624.13	0.00	-23776.76
342.00	22874.48	0.00	-25766.26
342.10	19931.94	0.00	-27239.65
342.20	16875.71	0.00	-28202.80
342.30	13781.89	0.00	-28678.21
342.40	10720.86	0.00	-28702.60
342.50	7755.00	0.00	-28324.02
342.60	4936.83	0.00	-27598.58
342.70	2307.72	0.00	-26587.22
342.80	-102.81	0.00	-25352.50
342.90	-2277.12	0.00	-23955.58
343.00	-4208.81	0.00	-22453.65
343.10	-5901.58	0.00	-20897.83
343.20	-7367.58	0.00	-19331.55
343.30	-8625.40	0.00	-17789.61
343.40	-9697.93	0.00	-16297.84
343.50	-10610.15	0.00	-14873.24
343.60	-11387.06	0.00	-13524.74
343.70	-12051.89	0.00	-12254.29
343.80	-12624.65	0.00	-11058.32
343.90	-13121.13	0.00	-9929.35
344.00	-13552.39	0.00	-8857.76
344.10	-13924.72	0.00	-7833.35
344.20	-14240.09	0.00	-6846.89
344.30	-14496.95	0.00	-5891.36
344.40	-14691.38	0.00	-4962.75
344.50	-14818.37	0.00	-4060.62
344.60	-14873.23	0.00	-3188.14
344.70	-14852.94	0.00	-2351.75
344.80	-14757.30	0.00	-1560.43
344.90	-14589.80	0.00	-824.72
345.00	-14358.18	0.00	-155.39
345.10	-14074.52	0.00	437.88
345.20	-13754.88	0.00	947.89
345.30	-13418.55	0.00	1371.23
345.40	-13086.87	0.00	1709.33
345.50	-12781.76	0.00	1969.15
345.60	-12531.15	0.00	2163.53
345.70	-12366.03	0.00	2311.06
345.80	-12299.36	0.00	2435.46
345.90	-12338.25	0.00	2564.48
346.00	-12483.09	0.00	2728.42
346.10	-12726.72	0.00	2958.27
346.20	-13054.08	0.00	3283.65
346.30	-13442.39	0.00	3730.67
346.40	-13861.82	0.00	4319.84
346.50	-14276.71	0.00	5064.19
346.60	-14647.27	0.00	5967.75
346.70	-14931.63	0.00	7024.55
346.80	-15088.16	0.00	8218.20
346.90	-15077.91	0.00	9522.08
347.00	-14867.09	0.00	10900.32
347.10	-14429.26	0.00	12309.31
347.20	-13747.39	0.00	13699.86
347.30	-12815.25	0.00	15019.79
347.40	-11638.45	0.00	16216.88
347.50	-10234.64	0.00	17241.85
347.60	-8633.16	0.00	18051.32
347.70	-6873.81	0.00	18610.52
347.80	-5005.06	0.00	18895.49
347.90	-3081.56	0.00	18894.67
348.00	-1161.18	0.00	18609.74
348.10	698.23	0.00	18055.69
348.20	2442.16	0.00	17260.03
348.30	4022.68	0.00	16261.18
348.40	5401.20	0.00	15106.24
348.50	6550.73	0.00	13848.16
348.60	7457.30	0.00	12542.63
348.70	8120.51	0.00	11244.74
348.80	8553.21	0.00	10005.82
348.90	8780.15	0.00	8870.52
349.00	8836.00	0.00	7874.42
349.10	8762.64	0.00	7042.31
349.20	8606.10	0.00	6387.21
349.30	8413.33	0.00	5910.24
349.40	8229.08	0.00	5601.27
349.50	8093.09	0.00	5440.32
349.60	8037.79	0.00	5399.57
349.70	8086.74	0.00	5445.76
349.80	8253.72	0.00	5542.91
349.90	8542.71	0.00	5654.95
350.00	8948.57	0.00	5748.22
350.10	9458.37	0.00	5793.53
350.20	10053.27	0.00	5767.72
350.30	10710.67	0.00	5654.54
350.40	11406.52	0.00	5444.80
350.50	12117.53	0.00	5135.90
350.60	12823.05	0.00	4730.70
350.70	13506.48	0.00	4235.94
350.80	14156.11	0.00	3660.32
350.90	14766.39	0.00	3012.54
351.00	15356.14	0.00	2299.39
351.10	15936.47	0.00	1524.17
351.20	16513.14	0.00	685.62
351.30	17091.36	0.00	-222.60
351.40	17673.73	0.00	-1211.65
351.50	18258.18	0.00	-2296.57
351.60	18836.29	0.00	-3494.75
351.70	19392.01	0.00	-4823.74
351.80	19901.01	0.00	-6298.79
351.90	20330.83	0.00	-7930.19
352.00	20641.67	0.00	-9720.68
352.10	20788.02	0.00	-11663.22
352.20	20720.93	0.00	-13739.27
352.30	20390.89	0.00	-15917.82
352.40	19751.07	0.00	-18155.35
352.50	18760.76	0.00	-20396.63
352.60	17388.84	0.00	-22576.62
352.70	15616.99	0.00	-24623.14
352.80	13442.35	0.00	-26460.38
352.90	10879.53	0.00	-28012.82
353.00	7961.75	0.00	-29209.56
353.10	4740.78	0.00	-29988.55
353.20	1285.84	0.00	-30300.55
353.30	-2318.81	0.00	-30112.50
353.40	-5977.30	0.00	-29410.07
353.50	-9586.70	0.00	-28199.18
353.60	-13042.19	0.00	-26506.36
353.70	-16242.71	0.00	-24377.89
353.80	-19096.58	0.00	-21877.83
353.90	-21526.71	0.00	-19084.92
354.00	-23475.01	0.00	-16088.64
354.10	-24905.68	0.00	-12984.62
354.20	-25806.98	0.00	-9869.72
354.30	-26191.50	0.00	-6837.01
354.40	-26094.83	0.00	-3971.03
354.50	-25572.75	0.00	-1343.64
354.60	-24697.20	0.00	989.44
354.70	-23551.34	0.00	2991.00
354.80	-22224.06	0.00	4643.71
354.90	-20806.11	0.00	5950.18
355.00	-19418.10	0.00	6932.02
355.10	-18140.57	0.00	7627.76
355.20	-17024.06	0.00	8089.82
355.30	-16104.40	0.00	8380.86
355.40	-15401.08	0.00	8569.61
355.50	-14916.47	0.00	8726.41
355.60	-14636.00	0.00	8918.91
355.70	-14529.29	0.00	9207.91
355.80	-14552.11	0.00	9643.83
355.90	-14648.99	0.00	10263.66
356.00	-14756.44	0.00	11088.94
356.10	-14806.47	0.00	12124.40
356.20	-14730.23	0.00	13357.67
356.30	-14461.73	0.00	14759.84
356.40	-13941.27	0.00	16286.83
356.50	-13118.69	0.00	17881.55
356.60	-11956.08	0.00	19476.64
356.70	-10430.15	0.00	20997.71
356.80	-8533.94	0.00	22366.93
356.90	-6277.95	0.00	23506.66
357.00	-3690.64	0.00	24343.22
357.10	-818.16	0.00	24810.40
357.20	2276.66	0.00	24852.75
357.30	5516.06	0.00	24428.35
357.40	8809.95	0.00	23511.20
357.50	12059.18	0.00	22092.83
357.60	15159.45	0.00	20183.34
357.70	18005.81	0.00	17811.67
357.80	20497.38	0.00	15025.10
357.90	22542.21	0.00	11887.96
358.00	24061.91	0.00	8479.71
358.10	24995.83	0.00	4892.22
358.20	25304.51	0.00	1226.52
358.30	24972.06	0.00	-2410.94
358.40	24007.44	0.00	-5912.39
358.50	22444.38	0.00	-9173.00
358.60	20340.29	0.00	-12095.21
358.70	17801.47	0.00	-14592.76
358.80	14928.78	0.00	-16594.42
358.90	11810.16	0.00	-18047.07
359.00	8543.15	0.00	-18918.11
359.10	5231.34	0.00	-19196.85
359.20	1980.18	0.00	-18895.01
359.30	-1107.57	0.00	-18046.08
359.40	-3936.62	0.00	-16703.66
359.50	-6423.73	0.00	-14938.79
359.60	-8501.81	0.00	-12836.35
359.70	-10123.29	0.00	-10490.86
359.80	-11262.36	0.00	-8001.65
359.90	-11915.94	0.00	-5467.96
360.00	-12103.21	0.00	-2983.92
360.10	-11863.89	0.00	-634.02
360.20	-11264.72	0.00	1510.91
360.30	-10381.82	0.00	3396.86
360.40	-9289.56	0.00	4988.76
360.50	-8064.89	0.00	6271.42
360.60	-6782.79	0.00	7249.31
360.70	-5511.85	0.00	7945.10
360.80	-4310.30	0.00	8397.12
360.90	-3222.67	0.00	8655.86
361.00	-2277.38	0.00	8779.81
361.10	-1485.35	0.00	8830.81
361.20	-839.79	0.00	8869.35
361.30	-317.26	0.00	8949.93
361.40	120.29	0.00	9116.99
361.50	522.29	0.00	9401.52
361.60	945.77	0.00	9818.63
361.70	1450.89	0.00	10366.18
361.80	2096.38	0.00	11024.62
361.90	2934.94	0.00	11757.93
362.00	4009.13	0.00	12515.66
362.10	5347.69	0.00	13235.94
362.20	6962.83	0.00	13849.15
362.30	8848.35	0.00	14282.11
362.40	10978.90	0.00	14462.43
362.50	13310.31	0.00	14322.87
362.60	15781.01	0.00	13805.30
362.70	18328.42	0.00	12864.11
362.80	20899.72	0.00	11468.91
362.90	23419.40	0.00	9606.33
363.00	25809.66	0.00	7280.87
363.10	27994.07	0.00	4514.83
363.20	29900.17	0.00	1347.39
363.30	31461.84	0.00	-2167.22
363.40	32620.93	0.00	-5962.00
363.50	33328.57	0.00	-9960.06
363.60	33545.85	0.00	-14077.69
363.70	33244.25	0.00	-18227.47
363.80	32405.66	0.00	-22321.39
363.90	31022.23	0.00	-26273.57
364.00	29096.14	0.00	-30002.71
364.10	26639.17	0.00	-33434.10
364.20	23672.34	0.00	-36501.04
364.30	20225.55	0.00	-39145.91
364.40	16337.16	0.00	-41320.72
364.50	12053.66	0.00	-42987.27
364.60	7429.24	0.00	-44117.04
364.70	2525.38	0.00	-44690.86
364.80	-2589.71	0.00	-44698.42
364.90	-7841.69	0.00	-44137.72
365.00	-13150.94	0.00	-43014.57
365.10	-18433.59	0.00	-41342.09
365.20	-23602.74	0.00	-39140.29
365.30	-28570.02	0.00	-36435.70
365.40	-33247.34	0.00	-33261.08
365.50	-37548.81	0.00	-29655.09
365.60	-41392.94	0.00	-25661.99
365.70	-44704.84	0.00	-21331.19
365.80	-47418.42	0.00	-16716.81
365.90	-49478.54	0.00	-11876.97
366.00	-50842.78	0.00	-6873.06
366.10	-51498.03	0.00	-1768.75
366.20	-51680.07	0.00	3370.98
366.30	-51476.38	0.00	8481.10
366.40	-50888.46	0.00	13497.63
366.50	-49918.60	0.00	18358.88
366.60	-48570.12	0.00	23006.55
366.70	-46847.80	0.00	27386.77
366.80	-44758.22	0.00	31450.91
366.90	-42310.29	0.00	35156.26
367.00	-39515.66	0.00	38466.49
367.10	-36389.23	0.00	41351.81
367.20	-32949.50	0.00	43789.05
367.30	-29218.97	0.00	45761.46
367.40	-25224.45	0.00	47258.44
367.50	-20997.20	0.00	48275.12
367.60	-16573.11	0.00	48811.93
367.70	-11992.65	0.00	48874.12
367.80	-7300.77	0.00	48471.43
367.90	-2546.56	0.00	47617.69
368.00	2217.13	0.00	46330.57
368.10	6934.42	0.00	44631.45
368.20	11547.20	0.00	42545.26
368.30	15996.25	0.00	40100.50
368.40	20222.41	0.00	37329.17
368.50	24168.11	0.00	34266.71
368.60	27778.83	0.00	30951.89
368.70	31004.79	0.00	27426.57
368.80	33802.49	0.00	23735.34
368.90	36136.29	0.00	19925.03
369.00	37979.67	0.00	16043.93
369.10	39316.33	0.00	12141.04
369.20	40140.86	0.00	8265.02
369.30	40459.03	0.00	4463.11
369.40	40287.65	0.00	779.99
369.50	39653.93	0.00	-2743.38
369.60	38594.42	0.00	-6070.88
369.70	37214.75	0.00	-9172.13
369.80	35677.08	0.00	-12023.37
369.90	34014.67	0.00	-14607.99
370.00	32256.86	0.00	-16916.83
370.10	30432.11	0.00	-18948.21
370.20	28567.12	0.00	-20707.63
370.30	26686.04	0.00	-22207.20
370.40	24809.65	0.00	-23464.73
370.50	22954.53	0.00	-24502.65
370.60	21132.48	0.00	-25346.72
370.70	19350.01	0.00	-26024.51
370.80	17608.09	0.00	-26563.94
370.90	15902.18	0.00	-26991.72
371.00	14222.49	0.00	-27331.88
371.10	12554.60	0.00	-27604.46
371.20	10880.35	0.00	-27824.36
371.30	9178.97	0.00	-28000.47
371.40	7428.53	0.00	-28135.12
371.50	5607.41	0.00	-28223.86
371.60	3696.08	0.00	-28255.60
371.70	1678.77	0.00	-28213.12
371.80	-454.89	0.00	-28074.00
371.90	-2708.32	0.00	-27811.81
372.00	-5076.78	0.00	-27397.63
372.10	-7546.36	0.00	-26801.79
372.20	-10093.59	0.00	-25995.82
372.30	-12685.32	0.00	-24954.34
372.40	-15279.38	0.00	-23657.07
372.50	-17825.60	0.00	-22090.59
372.60	-20267.60	0.00	-20249.89
372.70	-22544.96	0.00	-18139.61
372.80	-24595.88	0.00	-15774.86
372.90	-26360.19	0.00	-13181.45
373.00	-27782.45	0.00	-10395.72
373.10	-28815.08	0.00	-7463.73
373.20	-29421.21	0.00	-4439.87
373.30	-29577.12	0.00	-1385.05
373.40	-29274.08	0.00	1635.61
373.50	-28519.41	0.00	4555.37
373.60	-27370.24	0.00	7308.76
373.70	-25924.89	0.00	9834.39
373.80	-24221.24	0.00	12077.80
373.90	-22304.28	0.00	13993.98
374.00	-20226.75	0.00	15549.51
374.10	-18047.30	0.00	16724.22
374.20	-15828.24	0.00	17512.16
374.30	-13633.03	0.00	17921.93
374.40	-11523.42	0.00	17976.29
374.50	-9556.75	0.00	17711.04
374.60	-7783.14	0.00	17173.29
374.70	-6243.21	0.00	16419.16
374.80	-4966.05	0.00	15511.05
374.90	-3967.94	0.00	14514.69
375.00	-3251.71	0.00	13496.01
375.10	-2806.78	0.00	12518.10
375.20	-2609.96	0.00	11638.47
375.30	-2626.91	0.00	10906.56
375.40	-2814.13	0.00	10361.84
375.50	-3121.24	0.00	10032.42
375.60	-3493.63	0.00	9934.26
375.70	-3875.07	0.00	10071.08
375.80	-4210.20	0.00	10434.77
375.90	-4446.87	0.00	11006.35
376.00	-4538.09	0.00	11757.34
376.10	-4443.61	0.00	12651.46
376.20	-4131.03	0.00	13646.47
376.30	-3576.60	0.00	14696.14
376.40	-2765.54	0.00	15752.14
376.50	-1692.12	0.00	16765.78
376.60	-359.39	0.00	17689.60
376.70	1221.18	0.00	18478.71
376.80	3030.27	0.00	19091.83
376.90	5041.31	0.00	19492.16
377.00	7221.16	0.00	19647.97
377.10	9530.74	0.00	19533.07
377.20	11925.77	0.00	19127.15
377.30	14357.52	0.00	18416.06
377.40	16773.57	0.00	17392.02
377.50	19118.80	0.00	16053.87
377.60	21336.46	0.00	14407.33
377.70	23369.41	0.00	12465.17
377.80	25161.64	0.00	10247.43
377.90	26659.90	0.00	7781.46
378.00	27815.55	0.00	5101.85
378.10	28587.68	0.00	2250.17
378.20	29011.53	0.00	-725.68
378.30	29104.81	0.00	-3772.26
378.40	28853.14	0.00	-6831.86
378.50	28248.85	0.00	-9843.98
378.60	27291.76	0.00	-12747.20
378.70	25989.89	0.00	-15481.18
378.80	24359.92	0.00	-17988.80
378.90	22427.24	0.00	-20218.35
379.00	20225.72	0.00	-22125.56
379.10	17796.97	0.00	-23675.36
379.20	15189.13	0.00	-24843.29
379.30	12455.35	0.00	-25616.41
379.40	9651.77	0.00	-25993.66
379.50	6835.37	0.00	-25985.59
379.60	4061.69	0.00	-25613.55
379.70	1382.51	0.00	-24908.26
379.80	-1156.05	0.00	-23908.02
379.90	-3515.25	0.00	-22656.49
380.00	-5664.85	0.00	-21200.37
380.10	-7583.61	0.00	-19587.01
380.20	-9259.21	0.00	-17862.23
380.30	-10687.61	0.00	-16068.43
380.40	-11871.80	0.00	-14243.12
380.50	-12820.32	0.00	-12417.98
380.60	-13545.42	0.00	-10618.57
380.70	-14061.32	0.00	-8864.48
380.80	-14382.59	0.00	-7170.13
380.90	-14522.84	0.00	-5545.83
381.00	-14493.92	0.00	-3999.28
381.10	-14305.56	0.00	-2537.00
381.20	-13965.64	0.00	-1165.87
381.30	-13480.94	0.00	105.76
381.40	-12858.20	0.00	1267.14
381.50	-12105.61	0.00	2304.87
381.60	-11234.17	0.00	3203.09
381.70	-10259.14	0.00	3944.27
381.80	-9201.04	0.00	4510.55
381.90	-8086.26	0.00	4885.48
382.00	-6947.08	0.00	5055.99
382.10	-5821.04	0.00	5014.51
382.20	-4749.62	0.00	4760.89
382.30	-3776.36	0.00	4304.03
382.40	-2944.44	0.00	3662.99
382.50	-2293.97	0.00	2867.38
382.60	-1859.09	0.00	1956.97
382.70	-1665.20	0.00	980.46
382.80	-1726.42	0.00	-6.52
382.90	-2043.96	0.00	-944.26
383.00	-2604.66	0.00	-1772.20
383.10	-3380.71	0.00	-2432.70
383.20	-4330.49	0.00	-2874.75
383.30	-5400.25	0.00	-3057.63
383.40	-6526.72	0.00	-2954.01
383.50	-7640.53	0.00	-2552.44
383.60	-8670.06	0.00	-1858.86
383.70	-9545.65	0.00	-897.05
383.80	-10203.80	0.00	292.01
383.90	-10591.13	0.00	1652.02
384.00	-10667.84	0.00	3114.18
384.10	-10410.45	0.00	4601.02
384.20	-9813.71	0.00	6030.78
384.30	-8891.44	0.00	7322.28
384.40	-7676.33	0.00	8399.75
384.50	-6218.65	0.00	9197.50
384.60	-4583.82	0.00	9663.98
384.70	-2849.07	0.00	9765.00
384.80	-1099.31	0.00	9485.97
384.90	577.63	0.00	8832.89
385.00	2095.98	0.00	7832.15
385.10	3376.98	0.00	6529.07
385.20	4353.41	0.00	4985.37
385.30	4973.51	0.00	3275.70
385.40	5203.77	0.00	1483.44
385.50	5030.64	0.00	-303.88
385.60	4460.90	0.00	-1999.25
385.70	3520.80	0.00	-3520.75
385.80	2253.94	0.00	-4795.59
385.90	718.25	0.00	-5763.51
386.00	-1017.73	0.00	-6379.25
386.10	-2878.99	0.00	-6614.17
386.20	-4788.21	0.00	-6456.71
386.30	-6669.72	0.00	-5911.97
386.40	-8453.01	0.00	-5000.37
386.50	-10075.47	0.00	-3755.58
386.60	-11484.49	0.00	-2221.88
386.70	-12638.67	0.00	-451.21
386.80	-13508.26	0.00	1499.88
386.90	-14074.87	0.00	3573.21
387.00	-14330.65	0.00	5711.69
387.10	-14276.92	0.00	7861.53
387.20	-13922.63	0.00	9974.04
387.30	-13282.56	0.00	12006.72
387.40	-12375.64	0.00	13923.89
387.50	-11223.29	0.00	15696.69
387.60	-9848.12	0.00	17302.67
387.70	-8272.82	0.00	18725.01
387.80	-6519.53	0.00	19951.51
387.90	-4609.46	0.00	20973.52
388.00	-2562.93	0.00	21784.87
388.10	-399.70	0.00	22380.95
388.20	1860.57	0.00	22757.97
388.30	4197.60	0.00	22912.56
388.40	6589.82	0.00	22841.57
388.50	9013.79	0.00	22542.25
388.60	11443.67	0.00	22012.54
388.70	13851.00	0.00	21251.66
388.80	16204.80	0.00	20260.75
388.90	18471.81	0.00	19043.51
389.00	20617.21	0.00	17606.88
389.10	22605.48	0.00	15961.47
389.20	24401.53	0.00	14121.94
389.30	25971.93	0.00	12107.10
389.40	27286.24	0.00	9939.75
389.50	28318.23	0.00	7646.37
389.60	29047.11	0.00	5256.52
389.70	29518.82	0.00	2802.13
389.80	29781.12	0.00	316.63
389.90	29834.15	0.00	-2166.05
390.00	29681.30	0.00	-4612.40
390.10	29329.09	0.00	-6990.29
390.20	28787.03	0.00	-9269.89
390.30	28067.40	0.00	-11424.44
390.40	27184.96	0.00	-13430.94
390.50	26156.55	0.00	-15270.62
390.60	25000.75	0.00	-16929.37
390.70	23737.42	0.00	-18397.97
390.80	22387.18	0.00	-19672.13
390.90	20970.91	0.00	-20752.48
391.00	19509.15	0.00	-21644.37
391.10	18021.48	0.00	-22357.54
391.20	16525.92	0.00	-22905.67
391.30	15038.22	0.00	-23305.86
391.40	13571.26	0.00	-23577.90
391.50	12134.45	0.00	-23743.49
391.60	10733.25	0.00	-23825.34
391.70	9368.74	0.00	-23846.19
391.80	8037.47	0.00	-23827.77
391.90	6731.43	0.00	-23789.73
392.00	5438.30	0.00	-23748.57
392.10	4141.95	0.00	-23716.69
392.20	2823.25	0.00	-23701.52
392.30	1461.09	0.00	-23704.82
392.40	33.70	0.00	-23722.29
392.50	-1479.92	0.00	-23743.43
392.60	-3098.37	0.00	-23751.70
392.70	-4836.23	0.00	-23725.07
392.80	-6702.47	0.00	-23636.94
392.90	-8699.06	0.00	-23457.32
393.00	-10819.77	0.00	-23154.34
393.10	-13049.44	0.00	-22696.00
393.20	-15363.59	0.00	-22051.99
393.30	-17728.60	0.00	-21195.59
393.40	-20102.51	0.00	-20105.45
393.50	-22436.20	0.00	-18767.21
393.60	-24675.28	0.00	-17174.86
393.70	-26762.33	0.00	-15331.59
393.80	-28639.48	0.00	-13250.36
393.90	-30251.19	0.00	-10953.84
394.00	-31547.05	0.00	-8473.89
394.10	-32484.47	0.00	-5850.57
394.20	-33030.95	0.00	-3130.67
394.30	-33165.92	0.00	-365.94
394.40	-32914.96	0.00	2389.06
394.50	-32385.09	0.00	5079.13
394.60	-31594.02	0.00	7650.69
394.70	-30559.15	0.00	10053.93
394.80	-29304.68	0.00	12244.78
394.90	-27860.79	0.00	14186.49
395.00	-26262.56	0.00	15850.91
395.10	-24548.78	0.00	17219.27
395.20	-22760.58	0.00	18282.56
395.30	-20940.04	0.00	19041.40
395.40	-19128.80	0.00	19505.59
395.50	-17366.66	0.00	19693.22
395.60	-15690.44	0.00	19629.58
395.70	-14132.94	0.00	19345.83
395.80	-12722.10	0.00	18877.65
395.90	-11480.45	0.00	18263.80
396.00	-10424.78	0.00	17544.81
396.10	-9565.98	0.00	16761.75
396.20	-8909.16	0.00	15955.21
396.30	-8453.80	0.00	15164.41
396.40	-8194.03	0.00	14426.58
396.50	-8119.00	0.00	13776.38
396.60	-8213.16	0.00	13245.59
396.70	-8456.54	0.00	12862.73
396.80	-8824.99	0.00	12652.86
396.90	-9290.37	0.00	12637.28
397.00	-9820.67	0.00	12833.17
397.10	-10380.18	0.00	13253.22
397.20	-10929.67	0.00	13905.13
397.30	-11426.63	0.00	14791.05
397.40	-11825.76	0.00	15906.94
397.50	-12079.47	0.00	17241.95
397.60	-12138.80	0.00	18777.89
397.70	-11954.44	0.00	20488.74
397.80	-11478.11	0.00	22340.40
397.90	-10664.15	0.00	24290.70
398.00	-9471.36	0.00	26289.72
398.10	-7865.04	0.00	28280.45
398.20	-5819.08	0.00	30199.87
398.30	-3318.19	0.00	31980.44
398.40	-359.88	0.00	33551.84
398.50	3043.65	0.00	34843.18
398.60	6864.08	0.00	35785.37
398.70	11056.01	0.00	36313.59
398.80	15556.63	0.00	36369.93
398.90	20286.25	0.00	35905.83
399.00	25149.56	0.00	34884.35
399.10	30037.94	0.00	33282.16
399.20	34832.50	0.00	31090.98
399.30	39408.04	0.00	28318.66
399.40	43637.61	0.00	24989.46
399.50	47397.53	0.00	21143.87
399.60	50572.61	0.00	16837.69
399.70	53061.20	0.00	12140.46
399.80	54787.49	0.00	7133.41
399.90	55956.28	0.00	1906.86
400.00	56674.44	0.00	-3442.79
400.10	56932.48	0.00	-8816.25
400.20	56728.35	0.00	-14114.69
400.30	56067.49	0.00	-19243.02
400.40	54962.63	0.00	-24113.03
400.50	53433.70	0.00	-28646.12
400.60	51507.50	0.00	-32775.69
400.70	49217.20	0.00	-36448.88
400.80	46601.68	0.00	-39627.78
400.90	43704.54	0.00	-42289.88
401.00	40572.78	0.00	-44428.00
401.10	37255.40	0.00	-46049.40
401.20	33801.68	0.00	-47174.50
401.30	30259.47	0.00	-47834.99
401.40	26673.48	0.00	-48071.61
401.50	23083.73	0.00	-47931.67
401.60	19524.31	0.00	-47466.50
401.70	16022.45	0.00	-46728.87
401.80	12598.13	0.00	-45770.64
401.90	9264.03	0.00	-44640.58
402.00	6026.01	0.00	-43382.72
402.10	2883.99	0.00	-42034.94
402.20	-166.91	0.00	-40628.21
402.30	-3134.96	0.00	-39186.14
402.40	-6030.36	0.00	-37725.12
402.50	-8863.79	0.00	-36254.76
402.60	-11645.07	0.00	-34778.66
402.70	-14382.14	0.00	-33295.38
402.80	-17080.20	0.00	-31799.59
402.90	-19741.24	0.00	-30283.18
403.00	-22363.84	0.00	-28736.28
403.10	-24943.30	0.00	-27148.15
403.20	-27471.89	0.00	-25507.87
403.30	-29939.32	0.00	-23804.72
403.40	-32333.21	0.00	-22028.39
403.50	-34639.49	0.00	-20168.93
403.60	-36842.77	0.00	-18216.52
403.70	-38926.42	0.00	-16161.19
403.80	-40872.53	0.00	-13992.44
403.90	-42661.65	0.00	-11699.03
404.00	-44272.33	0.00	-9268.90
404.10	-45680.62	0.00	-6689.24
404.20	-46859.52	0.00	-3946.96
404.30	-47900.28	0.00	-1029.37
404.40	-48953.66	0.00	2074.79
404.50	-49998.18	0.00	5374.10
404.60	-51003.65	0.00	8872.97
404.70	-51932.34	0.00	12570.16
404.80	-52739.03	0.00	16457.20
404.90	-53371.58	0.00	20517.06
405.00	-53771.90	0.00	24723.08
405.10	-53877.35	0.00	29038.19
405.20	-53622.62	0.00	33414.83
405.30	-52941.98	0.00	37795.17
405.40	-51771.88	0.00	42112.13
405.50	-50053.82	0.00	46290.84
405.60	-47737.36	0.00	50250.70
405.70	-44783.21	0.00	53907.79
405.80	-41166.08	0.00	57177.68
405.90	-36877.38	0.00	59978.37
406.00	-31927.32	0.00	62233.18
406.10	-26346.45	0.00	63873.62
406.20	-20186.47	0.00	64841.81
406.30	-13520.08	0.00	65092.57
406.40	-6439.99	0.00	64594.95
406.50	943.00	0.00	63333.17
406.60	8502.79	0.00	61306.97
406.70	16101.44	0.00	58531.42
406.80	23593.25	0.00	55036.14
406.90	30829.12	0.00	50864.15
407.00	37661.13	0.00	46070.44
407.10	43946.95	0.00	40720.32
407.20	49554.11	0.00	34887.76
407.30	54363.78	0.00	28653.70
407.40	58274.11	0.00	22104.60
407.50	61202.94	0.00	15331.14
407.60	63089.98	0.00	8427.10
407.70	63898.32	0.00	1488.45
407.80	63615.43	0.00	-5387.43
407.90	62253.54	0.00	-12102.45
408.00	59969.44	0.00	-18558.66
408.10	57138.87	0.00	-24659.11
408.20	53789.33	0.00	-30309.05
408.30	49930.50	0.00	-35417.44
408.40	45580.23	0.00	-39898.75
408.50	40767.72	0.00	-43675.16
408.60	35536.47	0.00	-46679.02
408.70	29946.49	0.00	-48855.50
408.80	24075.54	0.00	-50165.28
408.90	18019.21	0.00	-50587.12
409.00	11889.45	0.00	-50120.03
409.10	5811.72	0.00	-48784.98
409.20	-79.47	0.00	-46625.73
409.30	-5646.14	0.00	-43708.90
409.40	-10753.41	0.00	-40122.87
409.50	-15276.53	0.00	-35975.69
409.60	-19107.81	0.00	-31391.90
409.70	-22162.91	0.00	-26508.34
409.80	-24385.98	0.00	-21469.20
409.90	-25753.04	0.00	-16420.48
410.00	-26273.56	0.00	-11504.20
410.10	-25989.76	0.00	-6852.61
410.20	-24973.95	0.00	-2582.87
410.30	-23323.92	0.00	1207.67
410.40	-21156.91	0.00	4445.08
410.50	-18602.59	0.00	7081.23
410.60	-15795.53	0.00	9094.87
410.70	-12867.84	0.00	10491.08
410.80	-9942.40	0.00	11299.42
410.90	-7127.14	0.00	11570.71
411.00	-4510.62	0.00	11372.72
411.10	-2159.24	0.00	10785.06
411.20	-115.95	0.00	9893.65
411.30	1599.36	0.00	8785.02
411.40	2988.09	0.00	7541.06
411.50	4069.96	0.00	6234.24
411.60	4878.98	0.00	4923.94
411.70	5458.87	0.00	3653.91
411.80	5858.09	0.00	2451.04
411.90	6124.94	0.00	1325.50
412.00	6302.99	0.00	272.25
412.10	6427.20	0.00	-726.42
412.20	6520.96	0.00	-1697.27
412.30	6594.24	0.00	-2672.04
412.40	6642.90	0.00	-3683.04
412.50	6649.34	0.00	-4758.77
412.60	6584.19	0.00	-5920.05
412.70	6409.07	0.00	-7176.84
412.80	6080.05	0.00	-8525.97
412.90	5551.66	0.00	-9950.10
413.00	4781.03	0.00	-11417.67
413.10	3731.99	0.00	-12884.23
413.20	2378.69	0.00	-14294.63
413.30	708.63	0.00	-15586.13
413.40	-1275.12	0.00	-16692.14
413.50	-3552.77	0.00	-17546.23
413.60	-6087.62	0.00	-18086.17
413.70	-8827.04	0.00	-18257.64
413.80	-11704.34	0.00	-18017.53
413.90	-14641.65	0.00	-17336.30
414.00	-17553.36	0.00	-16199.66
414.10	-20350.14	0.00	-14609.12
414.20	-22943.05	0.00	-12581.77
414.30	-25247.58	0.00	-10149.02
414.40	-27187.34	0.00	-7354.81
414.50	-28746.14	0.00	-4253.22
414.60	-29936.58	0.00	-905.76
414.70	-30732.06	0.00	2621.36
414.80	-31114.19	0.00	6259.80
414.90	-31071.84	0.00	9941.39
415.00	-30599.83	0.00	13599.96
415.10	-29697.76	0.00	17172.59
415.20	-28368.89	0.00	20600.37
415.30	-26619.46	0.00	23828.59
415.40	-24458.25	0.00	26806.58
415.50	-21896.80	0.00	29487.20
415.60	-18949.99	0.00	31826.33
415.70	-15637.13	0.00	33782.29
415.80	-11983.45	0.00	35315.56
415.90	-8021.74	0.00	36388.83
416.00	-3794.07	0.00	36967.46
416.10	646.64	0.00	37020.49
416.20	5235.54	0.00	36522.05
416.30	9895.36	0.00	35453.11
416.40	14536.78	0.00	33803.63
416.50	19059.82	0.00	31574.65
416.60	23356.30	0.00	28780.32
416.70	27313.33	0.00	25449.62
416.80	30817.75	0.00	21627.56
416.90	33761.29	0.00	17375.65
417.00	36046.10	0.00	12771.58
417.10	37590.27	0.00	7907.96
417.20	38332.91	0.00	2890.23
417.30	38238.43	0.00	-2166.39
417.40	37303.65	0.00	-7140.65
417.50	35669.25	0.00	-11909.52
417.60	33419.53	0.00	-16352.88
417.70	30596.30	0.00	-20358.20
417.80	27258.17	0.00	-23825.09
417.90	23479.90	0.00	-26669.38
418.00	19351.09	0.00	-28826.52
418.10	14973.92	0.00	-30254.12
418.20	10460.15	0.00	-30933.42
418.30	5927.32	0.00	-30869.76
418.40	1494.45	0.00	-30091.85
418.50	-2722.70	0.00	-28650.08
418.60	-6616.23	0.00	-26613.84
418.70	-10090.58	0.00	-24068.17
418.80	-13066.30	0.00	-21109.76
418.90	-15482.98	0.00	-17842.80
419.00	-17301.11	0.00	-14374.59
419.10	-18502.77	0.00	-10811.49
419.20	-19091.12	0.00	-7255.14
419.30	-19088.77	0.00	-3799.28
419.40	-18535.32	0.00	-527.21
419.50	-17484.15	0.00	2489.96
419.60	-15998.88	0.00	5194.33
419.70	-14149.62	0.00	7541.44
419.80	-12009.52	0.00	9499.90
419.90	-9651.62	0.00	11050.45
420.00	-7146.80	0.00	12184.53
420.10	-4564.12	0.00	12902.76
420.20	-1959.20	0.00	13213.08
420.30	618.10	0.00	13129.18
420.40	3121.67	0.00	12668.87
420.50	5508.84	0.00	11852.89
420.60	7739.88	0.00	10703.92
420.70	9782.69	0.00	9246.08
420.80	11611.75	0.00	7504.68
420.90	13200.66	0.00	5506.42
421.00	14524.07	0.00	3279.73
421.10	15557.13	0.00	855.50
421.20	16275.18	0.00	-1732.32
421.30	16653.85	0.00	-4445.93
421.40	16669.52	0.00	-7243.11
421.50	16300.22	0.00	-10076.81
421.60	15526.78	0.00	-12895.01
421.70	14334.35	0.00	-15640.99
421.80	12714.06	0.00	-18253.88
421.90	10664.85	0.00	-20669.70
422.00	8195.30	0.00	-22822.78
422.10	5325.33	0.00	-24647.47
422.20	2087.62	0.00	-26080.19
422.30	-1471.32	0.00	-27061.73
422.40	-5290.69	0.00	-27539.55
422.50	-9295.51	0.00	-27470.22
422.60	-13397.61	0.00	-26821.61
422.70	-17497.35	0.00	-25574.96
422.80	-21486.29	0.00	-23726.54
422.90	-25250.54	0.00	-21288.85
423.00	-28674.90	0.00	-18291.27
423.10	-31647.45	0.00	-14780.18
423.20	-34064.42	0.00	-10818.31
423.30	-35855.38	0.00	-6483.50
423.40	-37079.06	0.00	-1866.78
423.50	-37717.10	0.00	2930.09
423.60	-37742.21	0.00	7797.66
423.70	-37139.35	0.00	12622.19
423.80	-35906.53	0.00	17289.29
423.90	-34055.61	0.00	21687.70
424.00	-31612.75	0.00	25713.03
424.10	-28618.64	0.00	29271.19
424.20	-25128.37	0.00	32281.53
424.30	-21210.71	0.00	34679.41
424.40	-16946.89	0.00	36418.15
424.50	-12428.72	0.00	37470.23
424.60	-7756.14	0.00	37827.77
424.70	-3034.22	0.00	37502.18
424.80	1630.28	0.00	36523.11
424.90	6132.48	0.00	34936.76
425.00	10373.08	0.00	32803.57
425.10	14261.77	0.00	30195.59
425.20	17720.24	0.00	27193.51
425.30	20684.56	0.00	23883.65
425.40	23106.93	0.00	20354.98
425.50	24956.49	0.00	16696.35
425.60	26219.41	0.00	12994.03
425.70	26898.30	0.00	9329.67
425.80	27010.86	0.00	5778.71
425.90	26588.22	0.00	2409.25
426.00	25672.88	0.00	-718.67
426.10	24316.60	0.00	-3553.37
426.20	22578.28	0.00	-6051.51
426.30	20522.01	0.00	-8177.97
426.40	18215.36	0.00	-9905.56
426.50	15732.23	0.00	-11214.70
426.60	13163.64	0.00	-12093.30
426.70	10570.18	0.00	-12536.67
426.80	8008.88	0.00	-12547.66
426.90	5538.18	0.00	-12136.91
427.00	3217.32	0.00	-11323.25
427.10	1105.45	0.00	-10134.11
427.20	-739.80	0.00	-8605.85
427.30	-2264.02	0.00	-6783.98
427.40	-3418.08	0.00	-4723.04
427.50	-4160.37	0.00	-2486.10
427.60	-4459.03	0.00	-143.83
427.70	-4294.07	0.00	2226.96
427.80	-3659.07	0.00	4545.29
427.90	-2562.38	0.00	6728.41
428.00	-1027.64	0.00	8694.65
428.10	906.50	0.00	10366.44
428.20	3187.46	0.00	11673.41
428.30	5750.56	0.00	12555.41
428.40	8521.58	0.00	12965.24
428.50	11419.75	0.00	12870.77
428.60	14361.15	0.00	12256.52
428.70	17262.13	0.00	11124.31
428.80	20042.60	0.00	9493.20
428.90	22629.07	0.00	7398.32
429.00	24957.09	0.00	4889.06
429.10	26973.12	0.00	2026.37
429.20	28635.71	0.00	-1120.42
429.30	29915.86	0.00	-4477.19
429.40	30796.79	0.00	-7968.72
429.50	31272.86	0.00	-11522.24
429.60	31348.06	0.00	-15070.58
429.70	31033.88	0.00	-18554.73
429.80	30346.91	0.00	-21925.60
429.90	29306.29	0.00	-25144.86
430.00	27931.05	0.00	-28184.89
430.10	26237.82	0.00	-31027.73
430.20	24238.79	0.00	-33663.26
430.30	21940.35	0.00	-36086.72
430.40	19342.48	0.00	-38295.85
430.50	16438.96	0.00	-40287.77
430.60	13218.53	0.00	-42056.15
430.70	9666.99	0.00	-43588.58
430.80	5770.11	0.00	-44864.76
430.90	1517.19	0.00	-45855.41
431.00	-3094.94	0.00	-46522.23
431.10	-8057.73	0.00	-46818.82
431.20	-13347.05	0.00	-46692.66
431.30	-18919.77	0.00	-46087.97
431.40	-24711.38	0.00	-44949.24
431.50	-30634.83	0.00	-43225.23
431.60	-36580.85	0.00	-40873.20
431.70	-42420.06	0.00	-37862.92
431.80	-48006.68	0.00	-34180.31
431.90	-53183.98	0.00	-29830.26
432.00	-57791.02	0.00	-24838.56
432.10	-61670.43	0.00	-19252.71
432.20	-64676.60	0.00	-13141.43
432.30	-66866.31	0.00	-6593.07
432.40	-68546.57	0.00	287.25
432.50	-69688.72	0.00	7381.32
432.60	-70259.16	0.00	14562.39
432.70	-70231.59	0.00	21700.04
432.80	-69587.53	0.00	28665.31
432.90	-68316.74	0.00	35335.50
433.00	-66417.49	0.00	41598.63
433.10	-63896.71	0.00	47357.07
433.20	-60769.89	0.00	52530.20
433.30	-57060.68	0.00	57056.09
433.40	-52800.26	0.00	60891.91
433.50	-48026.35	0.00	64013.38
433.60	-42782.16	0.00	66413.18
433.70	-37115.16	0.00	68098.51
433.80	-31076.01	0.00	69088.19
433.90	-24717.67	0.00	69409.32
434.00	-18094.88	0.00	69094.04
434.10	-11264.08	0.00	68176.41
434.20	-4283.83	0.00	66689.84
434.30	2784.44	0.00	64665.15
434.40	9875.29	0.00	62129.41
434.50	16918.08	0.00	59105.63
434.60	23835.85	0.00	55613.32
434.70	30544.64	0.00	51669.72
434.80	36953.35	0.00	47291.70
434.90	42964.45	0.00	42498.03
435.00	48475.62	0.00	37311.88
435.10	53382.38	0.00	31763.21
435.20	57581.66	0.00	25890.91
435.30	60976.09	0.00	19744.42
435.40	63478.91	0.00	13384.73
435.50	65018.91	0.00	6884.47
435.60	65545.23	0.00	327.32
435.70	65031.52	0.00	-6193.64
435.80	63525.87	0.00	-12578.16
435.90	61442.72	0.00	-18721.92
436.00	58874.14	0.00	-24519.95
436.10	55826.58	0.00	-29870.54
436.20	52317.21	0.00	-34679.07
436.30	48375.49	0.00	-38861.77
436.40	44044.25	0.00	-42349.18
436.50	39379.96	0.00	-45088.96
436.60	34452.26	0.00	-47048.05
436.70	29342.56	0.00	-48214.03
436.80	24141.71	0.00	-48595.55
436.90	18947.06	0.00	-48221.97
437.00	13858.68	0.00	-47142.07
437.10	8975.37	0.00	-45422.00
437.20	4390.46	0.00	-43142.67
437.30	187.77	0.00	-40396.52
437.40	-3561.99	0.00	-37284.07
437.50	-6804.08	0.00	-33910.24
437.60	-9501.85	0.00	-30380.70
437.70	-11637.77	0.00	-26798.38
437.80	-13213.55	0.00	-23260.29
437.90	-14249.24	0.00	-19854.73
438.00	-14781.54	0.00	-16659.03
438.10	-14861.36	0.00	-13737.82
438.20	-14550.93	0.00	-11141.86
438.30	-13920.65	0.00	-8907.45
438.40	-13045.76	0.00	-7056.42
438.50	-12003.20	0.00	-5596.52
438.60	-10868.70	0.00	-4522.37
438.70	-9714.14	0.00	-3816.63
438.80	-8605.49	0.00	-3451.53
438.90	-7601.05	0.00	-3390.58
439.00	-6750.29	0.00	-3590.39
439.10	-6093.00	0.00	-4002.48
439.20	-5658.97	0.00	-4575.18
439.30	-5467.89	0.00	-5255.31
439.40	-5529.60	0.00	-5989.81
439.50	-5844.58	0.00	-6727.25
439.60	-6404.53	0.00	-7419.03
439.70	-7193.16	0.00	-8020.47
439.80	-8187.04	0.00	-8491.69
439.90	-9356.48	0.00	-8798.29
440.00	-10666.52	0.00	-8911.82
440.10	-12077.88	0.00	-8810.11
440.20	-13547.97	0.00	-8477.49
440.30	-15031.89	0.00	-7904.80
440.40	-16483.47	0.00	-7089.45
440.50	-17856.30	0.00	-6035.23
440.60	-19104.81	0.00	-4752.23
440.70	-20185.34	0.00	-3256.58
440.80	-21057.24	0.00	-1570.23
440.90	-21687.18	0.00	279.40
441.00	-22089.29	0.00	2259.78
441.10	-22254.87	0.00	4333.72
441.20	-22165.47	0.00	6459.97
441.30	-21807.33	0.00	8593.95
441.40	-21171.99	0.00	10688.54
441.50	-20257.07	0.00	12695.20
441.60	-19066.98	0.00	14565.11
441.70	-17613.57	0.00	16250.57
441.80	-15916.70	0.00	17706.54
441.90	-14004.57	0.00	18892.23
442.00	-11913.74	0.00	19772.84
442.10	-9688.78	0.00	20321.16
442.20	-7381.50	0.00	20519.16
442.30	-5049.62	0.00	20359.33
442.40	-2755.04	0.00	19845.75
442.50	-561.50	0.00	18994.75
442.60	1467.98	0.00	17835.07
442.70	3274.12	0.00	16407.51
442.80	4804.34	0.00	14763.98
442.90	6015.80	0.00	12965.94
443.00	6878.02	0.00	11082.31
443.10	7375.15	0.00	9186.76
443.20	7507.49	0.00	7354.70
443.30	7292.22	0.00	5659.90
443.40	6763.28	0.00	4171.02
443.50	5970.30	0.00	2948.14
443.60	4976.57	0.00	2039.56
443.70	3856.34	0.00	1479.06
443.80	2691.37	0.00	1283.61
443.90	1567.02	0.00	1452.03
444.00	568.09	0.00	1964.34
444.10	-225.44	0.00	2782.16
444.20	-742.45	0.00	3850.01
444.30	-924.51	0.00	5097.54
444.40	-729.08	0.00	6442.64
444.50	-132.15	0.00	7795.18
444.60	869.95	0.00	9061.37
444.70	2259.62	0.00	10148.30
444.80	3998.02	0.00	10968.68
444.90	6026.13	0.00	11445.26
445.00	8266.88	0.00	11514.94
445.10	10628.23	0.00	11132.16
445.20	13007.20	0.00	10271.51
445.30	15294.68	0.00	8929.26
445.40	17380.69	0.00	7123.96
445.50	19160.00	0.00	4895.83
445.60	20537.57	0.00	2305.12
445.70	21433.64	0.00	-570.50
445.80	21792.77	0.00	-3639.43
445.90	21623.65	0.00	-6800.25
446.00	20921.77	0.00	-9946.26
446.10	19690.10	0.00	-12970.23
446.20	17950.32	0.00	-15769.08
446.30	15741.97	0.00	-18248.27
446.40	13120.97	0.00	-20325.67
446.50	10157.48	0.00	-21934.72
446.60	6933.21	0.00	-23026.78
446.70	3538.22	0.00	-23572.51
446.80	67.38	0.00	-23562.28
446.90	-3383.51	0.00	-23005.69
447.00	-6721.50	0.00	-21930.07
447.10	-9860.29	0.00	-20378.35
447.20	-12723.49	0.00	-18406.25
447.30	-15247.40	0.00	-16078.95
447.40	-17383.03	0.00	-13467.64
447.50	-19097.18	0.00	-10645.98
447.60	-20372.71	0.00	-7686.66
447.70	-21207.76	0.00	-4658.35
447.80	-21614.19	0.00	-1623.13
447.90	-21633.35	0.00	1365.54
448.00	-21338.77	0.00	4264.05
448.10	-20766.07	0.00	7039.28
448.20	-19948.45	0.00	9668.45
448.30	-18916.34	0.00	12138.31
448.40	-17695.47	0.00	14443.75
448.50	-16305.56	0.00	16585.96
448.60	-14759.36	0.00	18570.19
448.70	-13062.39	0.00	20403.43
448.80	-11213.19	0.00	22091.97
448.90	-9204.22	0.00	23639.15
449.00	-7023.33	0.00	25043.41
449.10	-4655.66	0.00	26296.73
449.20	-2086.02	0.00	27383.63
449.30	698.43	0.00	28280.70
449.40	3705.43	0.00	28956.90
449.50	6934.78	0.00	29374.35
449.60	10375.77	0.00	29489.86
449.70	14004.93	0.00	29256.92
449.80	17784.33	0.00	28628.17
449.90	21660.62	0.00	27558.19
450.00	25564.92	0.00	26006.42
450.10	29413.64	0.00	23940.15
450.20	33110.36	0.00	21337.24
450.30	36548.72	0.00	18188.68
450.40	39681.56	0.00	14500.50
450.50	42546.48	0.00	10295.28
450.60	45077.39	0.00	5612.78
450.70	47205.71	0.00	509.95
450.80	48864.96	0.00	-4939.90
450.90	49992.46	0.00	-10648.70
451.00	50530.98	0.00	-16515.91
451.10	50430.54	0.00	-22431.42
451.20	49650.24	0.00	-28279.02
451.30	48160.07	0.00	-33940.10
451.40	45942.81	0.00	-39297.59
451.50	42995.70	0.00	-44239.89
451.60	39331.90	0.00	-48664.50
451.70	34981.54	0.00	-52481.43
451.80	29992.24	0.00	-55615.93
451.90	24428.86	0.00	-58010.68
452.00	18372.55	0.00	-59627.14
452.10	11918.98	0.00	-60446.20
452.20	5175.72	0.00	-60467.92
452.30	-1740.94	0.00	-59710.60
452.40	-8709.75	0.00	-58209.07
452.50	-15608.47	0.00	-56012.45
452.60	-22317.89	0.00	-53181.46
452.70	-28725.56	0.00	-49785.42
452.80	-34729.08	0.00	-45899.16
452.90	-40238.69	0.00	-41599.95
453.00	-45179.06	0.00	-36964.70
453.10	-49490.23	0.00	-32067.47
453.20	-53127.72	0.00	-26977.41
453.30	-56061.87	0.00	-21757.35
453.40	-58276.62	0.00	-16462.84
453.50	-59767.88	0.00	-11141.86
453.60	-60541.63	0.00	-5835.03
453.70	-60668.48	0.00	-576.30
453.80	-60532.18	0.00	4605.97
453.90	-60211.77	0.00	9687.71
454.00	-59711.87	0.00	14647.67
454.10	-59028.59	0.00	19466.01
454.20	-58150.47	0.00	24122.94
454.30	-57059.78	0.00	28597.70
454.40	-55734.16	0.00	32867.74
454.50	-54148.53	0.00	36908.38
454.60	-52277.14	0.00	40692.82
454.70	-50095.60	0.00	44192.50
454.80	-47582.96	0.00	47377.89
454.90	-44723.57	0.00	50219.52
455.00	-41508.60	0.00	52689.16
455.10	-37937.38	0.00	54761.15
455.20	-34018.10	0.00	56413.71
455.30	-29768.24	0.00	57630.07
455.40	-25214.35	0.00	58399.39
455.50	-20391.44	0.00	58717.46
455.60	-15341.94	0.00	58586.91
455.70	-10114.30	0.00	58017.17
455.80	-4761.31	0.00	57023.92
455.90	661.54	0.00	55628.35
456.00	6097.88	0.00	53856.00
456.10	11491.94	0.00	51735.43
456.20	16789.88	0.00	49296.88
456.30	21940.74	0.00	46570.78
456.40	26896.97	0.00	43586.49
456.50	31614.58	0.00	40371.17
456.60	36052.95	0.00	36949.03
456.70	40174.29	0.00	33340.83
456.80	43942.98	0.00	29563.88
456.90	47324.85	0.00	25632.34
457.00	50286.52	0.00	21557.95
457.10	52794.97	0.00	17351.10
457.20	54817.50	0.00	13022.02
457.30	56322.01	0.00	8582.29
457.40	57277.81	0.00	4046.15
457.50	57656.82	0.00	-568.11
457.60	57585.99	0.00	-5237.05
457.70	57324.84	0.00	-9931.33
457.80	56853.57	0.00	-14615.34
457.90	56143.41	0.00	-19247.26
458.00	55164.98	0.00	-23779.69
458.10	53890.25	0.00	-28160.70
458.20	52294.56	0.00	-32335.36
458.30	50358.63	0.00	-36247.60
458.40	48070.26	0.00	-39842.39
458.50	45425.91	0.00	-43067.97
458.60	42431.73	0.00	-45878.15
458.70	39104.19	0.00	-48234.42
458.80	35470.05	0.00	-50107.80
458.90	31565.82	0.00	-51480.22
459.00	27436.48	0.00	-52345.47
459.10	23133.77	0.00	-52709.45
459.20	18713.91	0.00	-52589.90
459.30	14235.12	0.00	-52015.49
459.40	9754.91	0.00	-51024.28
459.50	5327.48	0.00	-49661.76
459.60	1001.42	0.00	-47978.54
459.70	-3182.17	0.00	-46027.68
459.80	-7191.00	0.00	-43862.14
459.90	-11002.08	0.00	-41532.13
460.00	-14601.56	0.00	-39082.85
460.10	-17983.85	0.00	-36552.59
460.20	-21150.04	0.00	-33971.27
460.30	-24105.84	0.00	-31359.69
460.40	-26859.27	0.00	-28729.36
460.50	-29418.11	0.00	-26082.98
460.60	-31787.60	0.00	-23415.57
460.70	-33968.34	0.00	-20716.09
460.80	-35954.76	0.00	-17969.50
460.90	-37734.18	0.00	-15159.08
461.00	-39286.66	0.00	-12268.90
461.10	-40585.52	0.00	-9286.17
461.20	-41598.76	0.00	-6203.44
461.30	-42290.98	0.00	-3020.38
461.40	-42625.90	0.00	254.89
461.50	-42569.22	0.00	3605.06
461.60	-42188.53	0.00	7003.58
461.70	-41595.52	0.00	10415.14
461.80	-40764.72	0.00	13796.86
461.90	-39674.37	0.00	17099.99
462.00	-38309.15	0.00	20271.97
462.10	-36661.46	0.00	23258.90
462.20	-34732.28	0.00	26008.03
462.30	-32531.69	0.00	28470.29
462.40	-30078.84	0.00	30602.66
462.50	-27401.53	0.00	32370.15
462.60	-24535.29	0.00	33747.40
462.70	-21522.01	0.00	34719.76
462.80	-18408.34	0.00	35283.73
462.90	-15243.66	0.00	35446.87
463.00	-12078.10	0.00	35227.14
463.10	-8960.36	0.00	34651.72
463.20	-5935.87	0.00	33755.44
463.30	-3045.00	0.00	32578.88
463.40	-321.81	0.00	31166.36
463.50	2206.89	0.00	29563.85
463.60	4521.92	0.00	27816.97
463.70	6611.63	0.00	25969.25
463.80	8471.44	0.00	24060.66
463.90	10102.88	0.00	22126.48
464.00	11512.45	0.00	20196.66
464.10	12710.32	0.00	18295.54
464.20	13708.97	0.00	16441.96
464.30	14521.92	0.00	14649.75
464.40	15162.67	0.00	12928.51
464.50	15643.85	0.00	11284.48
464.60	15976.70	0.00	9721.64
464.70	16170.93	0.00	8242.72
464.80	16234.74	0.00	6850.12
464.90	16175.29	0.00	5546.73
465.00	15999.21	0.00	4336.47
465.10	15713.36	0.00	3224.57
465.20	15325.56	0.00	2217.64
465.30	14845.30	0.00	1323.37
465.40	14284.36	0.00	550.11
465.50	13657.21	0.00	-93.86
465.60	12981.18	0.00	-601.07
465.70	12276.43	0.00	-965.78
465.80	11565.61	0.00	-1184.80
465.90	10873.29	0.00	-1258.30
466.00	10225.21	0.00	-1190.45
466.10	9647.33	0.00	-989.93
466.20	9164.81	0.00	-670.11
466.30	8800.90	0.00	-249.11
466.40	8575.90	0.00	250.44
466.50	8506.82	0.00	801.87
466.60	8612.22	0.00	1375.16
466.70	8900.35	0.00	1937.81
466.80	9372.32	0.00	2455.83
466.90	10023.68	0.00	2894.81
467.00	10844.33	0.00	3221.07
467.10	11818.77	0.00	3402.78
467.20	12926.38	0.00	3411.02
467.30	14142.00	0.00	3220.80
467.40	15436.57	0.00	2811.86
467.50	16777.87	0.00	2169.42
467.60	18131.38	0.00	1284.71
467.70	19461.07	0.00	155.31
467.80	20730.21	0.00	-1214.62
467.90	21902.23	0.00	-2814.43
468.00	22941.38	0.00	-4627.12
468.10	23813.51	0.00	-6629.69
468.20	24486.63	0.00	-8793.74
468.30	24931.59	0.00	-11086.04
468.40	25122.53	0.00	-13469.39
468.50	25037.46	0.00	-15903.49
468.60	24658.69	0.00	-18345.87
468.70	23973.27	0.00	-20752.97
468.80	22973.34	0.00	-23081.14
468.90	21656.52	0.00	-25287.71
469.00	20026.12	0.00	-27331.97
469.10	18091.29	0.00	-29176.15
469.20	15867.15	0.00	-30786.25
469.30	13374.65	0.00	-32132.79
469.40	10640.39	0.00	-33191.48
469.50	7696.24	0.00	-33943.63
469.60	4578.81	0.00	-34376.52
469.70	1328.77	0.00	-34483.51
469.80	-2010.03	0.00	-34264.08
469.90	-5391.47	0.00	-33723.64
470.00	-8768.27	0.00	-32873.26
470.10	-12093.11	0.00	-31729.21
470.20	-15319.77	0.00	-30312.42
470.30	-18404.34	0.00	-28647.87
470.40	-21306.21	0.00	-26763.87
470.50	-23989.20	0.00	-24691.29
470.60	-26422.31	0.00	-22462.75
470.70	-28580.51	0.00	-20111.82
470.80	-30445.22	0.00	-17672.18
470.90	-32004.63	0.00	-15176.79
471.00	-33253.77	0.00	-12657.10
471.10	-34194.37	0.00	-10142.28
471.20	-34834.48	0.00	-7658.46
471.30	-35187.82	0.00	-5228.15
471.40	-35273.02	0.00	-2869.59
471.50	-35131.89	0.00	-596.37
471.60	-34911.08	0.00	1582.95
471.70	-34654.22	0.00	3665.01
471.80	-34381.44	0.00	5651.58
471.90	-34110.31	0.00	7549.41
472.00	-33855.04	0.00	9369.76
472.10	-33625.74	0.00	11127.78
472.20	-33427.67	0.00	12841.59
472.30	-33260.63	0.00	14531.26
472.40	-33118.49	0.00	16217.54
472.50	-32988.85	0.00	17920.51
472.60	-32852.98	0.00	19658.18
472.70	-32686.07	0.00	21445.01
472.80	-32457.65	0.00	23290.63
472.90	-32132.45	0.00	25198.62
473.00	-31671.48	0.00	27165.60
473.10	-31033.41	0.00	29180.57
473.20	-30176.24	0.00	31224.67
473.30	-29059.11	0.00	33271.28
473.40	-27644.26	0.00	35286.63
473.50	-25899.01	0.00	37230.73
473.60	-23797.76	0.00	39058.77
473.70	-21323.76	0.00	40722.73
473.80	-18470.66	0.00	42173.40
473.90	-15243.72	0.00	43362.35
474.00	-11660.57	0.00	44244.11
474.10	-7751.47	0.00	44778.13
474.20	-3558.97	0.00	44930.66
474.30	862.95	0.00	44676.25
474.40	5450.38	0.00	43998.90
474.50	10131.41	0.00	42892.82
474.60	14828.49	0.00	41362.60
474.70	19461.16	0.00	39423.04
474.80	23948.80	0.00	37098.42
474.90	28213.47	0.00	34421.45
475.00	32182.48	0.00	31431.84
475.10	35790.76	0.00	28174.74
475.20	38982.66	0.00	24698.93
475.30	41713.34	0.00	21055.16
475.40	43949.54	0.00	17294.45
475.50	45669.85	0.00	13466.62
475.60	46864.46	0.00	9619.07
475.70	47534.46	0.00	5795.82
475.80	47690.88	0.00	2036.87
475.90	47353.46	0.00	-1622.20
476.00	46658.13	0.00	-5150.30
476.10	45808.70	0.00	-8520.81
476.20	44824.81	0.00	-11711.33
476.30	43721.62	0.00	-14703.43
476.40	42512.87	0.00	-17482.38
476.50	41211.34	0.00	-20036.99
476.60	39829.33	0.00	-22359.46
476.70	38379.19	0.00	-24445.46
476.80	36873.68	0.00	-26294.28
476.90	35326.21	0.00	-27909.05
477.00	33750.88	0.00	-29297.01
477.10	32162.18	0.00	-30469.80
477.20	30574.43	0.00	-31443.58
477.30	29001.02	0.00	-32238.99
477.40	27453.30	0.00	-32880.90
477.50	25939.39	0.00	-33397.79
477.60	24462.96	0.00	-33820.86
477.70	23021.97	0.00	-34182.77
477.80	21607.67	0.00	-34516.09
477.90	20203.93	0.00	-34851.49
478.00	18786.93	0.00	-35215.84
478.10	17325.40	0.00	-35630.20
478.20	15781.43	0.00	-36107.97
478.30	14111.87	0.00	-36653.27
478.40	12270.31	0.00	-37259.70
478.50	10209.54	0.00	-37909.57
478.60	7884.47	0.00	-38573.78
478.70	5255.28	0.00	-39212.30
478.80	2290.66	0.00	-39775.36
478.90	-1028.97	0.00	-40205.25
479.00	-4708.57	0.00	-40438.73
479.10	-8736.09	0.00	-40409.90
479.20	-13080.72	0.00	-40053.37
479.30	-17692.03	0.00	-39307.62
479.40	-22500.07	0.00	-38118.32
479.50	-27416.54	0.00	-36441.38
479.60	-32337.12	0.00	-34245.73
479.70	-37144.81	0.00	-31515.41
479.80	-41714.17	0.00	-28251.14
479.90	-45916.41	0.00	-24471.07
480.00	-49624.86	0.00	-20210.78
480.10	-52720.64	0.00	-15522.49
480.20	-55098.22	0.00	-10473.65
480.30	-56670.40	0.00	-5144.78
480.40	-57372.50	0.00	373.10
480.50	-57328.75	0.00	5981.38
480.60	-56789.33	0.00	11577.08
480.70	-55748.78	0.00	17056.04
480.80	-54204.91	0.00	22316.03
480.90	-52163.13	0.00	27259.74
481.00	-49636.97	0.00	31797.37
481.10	-46648.59	0.00	35848.95
481.20	-43229.36	0.00	39346.16
481.30	-39420.26	0.00	42233.84
481.40	-35272.11	0.00	44471.01
481.50	-30845.46	0.00	46031.49
481.60	-26210.07	0.00	46904.28
481.70	-21443.98	0.00	47093.46
481.80	-16631.96	0.00	46617.96
481.90	-11863.56	0.00	45510.97
482.00	-7230.63	0.00	43819.16
482.10	-2824.43	0.00	41601.63
482.20	1267.51	0.00	38928.66
482.30	4964.70	0.00	35880.18
482.40	8196.96	0.00	32543.97
482.50	10907.47	0.00	29013.67
482.60	13055.43	0.00	25386.41
482.70	14618.09	0.00	21760.33
482.80	15592.10	0.00	18231.85
482.90	15993.98	0.00	14892.84
483.00	15859.64	0.00	11827.79
483.10	15243.04	0.00	9111.04
483.20	14213.99	0.00	6804.31
483.30	12855.13	0.00	4954.45
483.40	11258.40	0.00	3591.86
483.50	9521.11	0.00	2729.38
483.60	7741.82	0.00	2361.96
483.70	6016.23	0.00	2467.05
483.80	4433.43	0.00	3005.81
483.90	3072.46	0.00	3925.01
484.00	1999.55	0.00	5159.64
484.10	1266.04	0.00	6636.04
484.20	907.06	0.00	8275.44
484.30	941.01	0.00	9997.58
484.40	1369.95	0.00	11724.39
484.50	2180.65	0.00	13383.35
484.60	3346.39	0.00	14910.40
484.70	4829.40	0.00	16252.25
484.80	6583.62	0.00	17367.83
484.90	8557.89	0.00	18228.96
485.00	10699.06	0.00	18820.06
485.10	12955.05	0.00	19137.13
485.20	15277.53	0.00	19185.89
485.30	17624.01	0.00	18979.34
485.40	19959.28	0.00	18535.02
485.50	22255.94	0.00	17872.02
485.60	24494.09	0.00	17008.12
485.70	26660.23	0.00	15957.25
485.80	28745.33	0.00	14727.42
485.90	30742.35	0.00	13319.40
486.00	32684.56	0.00	11726.22
486.10	34663.90	0.00	9933.49
486.20	36690.63	0.00	7920.58
486.30	38764.03	0.00	5662.61
486.40	40873.58	0.00	3133.05
486.50	42997.59	0.00	306.76
486.60	45102.61	0.00	-2836.72
486.70	47143.38	0.00	-6309.94
486.80	49063.63	0.00	-10114.58
486.90	50797.43	0.00	-14238.94
487.00	52271.13	0.00	-18656.21
487.10	53405.82	0.00	-23323.54
487.20	54120.22	0.00	-28182.02
487.30	54333.85	0.00	-33157.74
487.40	53970.46	0.00	-38163.62
487.50	52961.49	0.00	-43102.25
487.60	51249.65	0.00	-47869.22
487.70	48792.20	0.00	-52357.12
487.80	45564.03	0.00	-56459.66
487.90	41560.16	0.00	-60075.90
488.00	36797.69	0.00	-63114.19
488.10	31316.80	0.00	-65495.82
488.20	25180.88	0.00	-67157.94
488.30	18475.54	0.00	-68055.80
488.40	11306.56	0.00	-68164.17
488.50	3796.79	0.00	-67477.86
488.60	-3917.81	0.00	-66011.39
488.70	-11692.96	0.00	-63797.88
488.80	-19381.18	0.00	-60887.18
488.90	-26837.17	0.00	-57343.51
489.00	-33923.01	0.00	-53242.57
489.10	-40512.89	0.00	-48668.47
489.20	-46497.17	0.00	-43710.51
489.30	-51785.54	0.00	-38459.96
489.40	-56309.12	0.00	-33007.11
489.50	-60021.48	0.00	-27438.43
489.60	-62898.55	0.00	-21834.30
489.70	-64937.55	0.00	-16266.97
489.80	-66155.06	0.00	-10799.10
489.90	-66584.41	0.00	-5482.75
490.00	-66272.52	0.00	-358.83
490.10	-65449.54	0.00	4543.00
490.20	-64549.06	0.00	9203.95
490.30	-63617.05	0.00	13615.39
490.40	-62676.93	0.00	17777.74
490.50	-61743.53	0.00	21699.08
490.60	-60822.87	0.00	25393.48
490.70	-59912.04	0.00	28879.19
490.80	-58999.33	0.00	32176.66
490.90	-58064.42	0.00	35306.52
491.00	-57079.00	0.00	38287.61
491.10	-56007.46	0.00	41135.07
491.20	-54808.11	0.00	43858.73
491.30	-53434.59	0.00	46461.66
491.40	-51837.73	0.00	48939.22
491.50	-49967.74	0.00	51278.51
491.60	-47776.65	0.00	53458.32
491.70	-45221.08	0.00	55449.70
491.80	-42264.99	0.00	57216.95
491.90	-38882.49	0.00	58719.33
492.00	-35060.47	0.00	59913.09
492.10	-30800.76	0.00	60753.93
492.20	-26121.80	0.00	61199.76
492.30	-21059.53	0.00	61213.47
492.40	-15667.39	0.00	60765.73
492.50	-10015.27	0.00	59837.43
492.60	-4187.46	0.00	58421.77
492.70	1720.43	0.00	56525.77
492.80	7605.46	0.00	54170.96
492.90	13362.06	0.00	51393.41
493.00	18887.03	0.00	48242.77
493.10	24084.71	0.00	44780.57
493.20	28871.81	0.00	41077.71
493.30	33181.56	0.00	37211.29
493.40	36966.83	0.00	33261.04
493.50	40202.09	0.00	29305.41
493.60	42883.83	0.00	25417.66
493.70	45029.62	0.00	21662.19
493.80	46675.69	0.00	18091.32
493.90	47873.40	0.00	14742.73
494.00	48684.66	0.00	11637.72
494.10	49176.84	0.00	8780.46
494.20	49417.42	0.00	6158.30
494.30	49468.81	0.00	3742.97
494.40	49383.69	0.00	1492.87
494.50	49201.27	0.00	-643.94
494.60	49063.86	0.00	-2726.13
494.70	49171.58	0.00	-4815.02
494.80	49513.38	0.00	-6970.49
494.90	50060.33	0.00	-9246.87
495.00	50769.87	0.00	-11689.37
495.10	51587.56	0.00	-14330.90
495.20	52449.49	0.00	-17189.84
495.30	53284.80	0.00	-20268.54
495.40	54018.60	0.00	-23552.84
495.50	54574.77	0.00	-27012.55
495.60	54878.86	0.00	-30602.73
495.70	54860.77	0.00	-34265.81
495.80	54457.23	0.00	-37934.27
495.90	53614.02	0.00	-41533.78
496.00	52287.89	0.00	-44986.56
496.10	50448.07	0.00	-48214.70
496.20	48077.46	0.00	-51143.43
496.30	45173.39	0.00	-53703.98
496.40	41747.92	0.00	-55836.05
496.50	37827.78	0.00	-57489.72
496.60	33453.74	0.00	-58626.88
496.70	28679.74	0.00	-59221.98
496.80	23571.40	0.00	-59262.42
496.90	18204.39	0.00	-58748.33
497.00	12662.28	0.00	-57692.14
497.10	7034.31	0.00	-56117.73
497.20	1412.79	0.00	-54059.46
497.30	-4109.47	0.00	-51561.09
497.40	-9441.96	0.00	-48674.56
497.50	-14499.19	0.00	-45458.82
497.60	-19203.40	0.00	-41978.52
497.70	-23487.13	0.00	-38302.71
497.80	-27295.56	0.00	-34503.48
497.90	-30588.60	0.00	-30654.44
498.00	-33342.51	0.00	-26829.07
498.10	-35551.04	0.00	-23098.86
498.20	-37225.98	0.00	-19531.37
498.30	-38396.95	0.00	-16187.99
498.40	-39110.53	0.00	-13121.75
498.50	-39428.47	0.00	-10375.01
498.60	-39425.18	0.00	-7977.29
498.70	-39184.50	0.00	-5943.32
498.80	-38795.72	0.00	-4271.52
498.90	-38349.26	0.00	-2942.95
499.00	-37931.82	0.00	-1920.98
499.10	-37621.59	0.00	-1151.77
499.20	-37483.49	0.00	-565.60
499.30	-37564.75	0.00	-79.08
499.40	-37975.64	0.00	401.70
499.50	-38826.41	0.00	977.30
499.60	-40105.79	0.00	1750.36
499.70	-41782.08	0.00	2820.59
499.80	-43803.39	0.00	4279.61
499.90	-46098.35	0.00	6205.73
500.00	-48577.71	0.00	8659.23
500.10	-51136.51	0.00	11678.11
500.20	-53656.91	0.00	15274.85
500.30	-56011.37	0.00	19434.19
500.40	-58066.32	0.00	24112.18
500.50	-59685.92	0.00	29236.57
500.60	-60736.25	0.00	34708.54
500.70	-61089.51	0.00	40405.82
500.80	-60628.57	0.00	46186.78
500.90	-59251.58	0.00	51895.71
501.00	-56876.64	0.00	57368.60
501.10	-53446.47	0.00	62439.47
501.20	-48932.67	0.00	66946.71
501.30	-43339.55	0.00	70739.31
501.40	-36706.97	0.00	73682.45
501.50	-29111.97	0.00	75662.50
501.60	-20668.97	0.00	76590.94
501.70	-11528.19	0.00	76407.21
501.80	-1872.16	0.00	75080.41
501.90	8089.43	0.00	72609.80
502.00	18126.63	0.00	69024.14
502.10	27997.45	0.00	64380.00
502.20	37456.90	0.00	58759.29
502.30	46266.44	0.00	52265.95
502.40	54203.30	0.00	45022.31
502.50	61069.04	0.00	37165.05
502.60	66696.98	0.00	28841.15
502.70	70958.09	0.00	20203.83
502.80	73765.04	0.00	11408.85
502.90	75074.41	0.00	2610.95
503.00	74886.87	0.00	-6039.21
503.10	73245.58	0.00	-14397.74
503.20	70247.61	0.00	-22329.81
503.30	66423.78	0.00	-29711.61
503.40	62020.93	0.00	-36431.90
503.50	57073.10	0.00	-42393.42
503.60	51619.53	0.00	-47513.93
503.70	45707.40	0.00	-51727.19
503.80	39394.47	0.00	-54983.70
503.90	32750.94	0.00	-57251.39
504.00	25860.65	0.00	-58516.00
504.10	18821.09	0.00	-58781.43
504.20	11742.37	0.00	-58069.73
504.30	4745.02	0.00	-56420.82
504.40	-2043.32	0.00	-53891.95
504.50	-8492.06	0.00	-50556.66
504.60	-14472.56	0.00	-46503.40
504.70	-19863.29	0.00	-41833.72
504.80	-24555.05	0.00	-36660.02
504.90	-28455.79	0.00	-31102.99
505.00	-31494.74	0.00	-25288.70
505.10	-33625.55	0.00	-19345.54
505.20	-34828.20	0.00	-13401.04
505.30	-35109.64	0.00	-7578.76
505.40	-34503.05	0.00	-1995.28
505.50	-33065.83	0.00	3242.46
505.60	-30876.56	0.00	8039.53
505.70	-28031.08	0.00	12314.81
505.80	-24638.09	0.00	16002.40
505.90	-20816.27	0.00	19052.36
506.00	-16718.81	0.00	21431.00
506.10	-12454.94	0.00	23120.65
506.20	-8114.99	0.00	24119.03
506.30	-3789.37	0.00	24438.18
506.40	432.77	0.00	24103.20
506.50	4465.06	0.00	23150.86
506.60	8225.41	0.00	21628.06
506.70	11637.50	0.00	19590.38
506.80	14632.28	0.00	17100.64
506.90	17149.39	0.00	14227.64
507.00	19145.29	0.00	11045.01
507.10	20620.13	0.00	7630.13
507.20	21561.06	0.00	4063.22
507.30	21958.41	0.00	426.40
507.40	21809.83	0.00	-3197.23
507.50	21120.46	0.00	-6724.61
507.60	19903.46	0.00	-10073.86
507.70	18180.69	0.00	-13165.59
507.80	15983.61	0.00	-15924.41
507.90	13354.14	0.00	-18280.64
508.00	10345.29	0.00	-20172.09
508.10	7021.54	0.00	-21546.02
508.20	3458.63	0.00	-22361.00
508.30	-257.20	0.00	-22588.76
508.40	-4030.79	0.00	-22215.69
508.50	-7760.29	0.00	-21244.09
508.60	-11340.25	0.00	-19692.88
508.70	-14665.18	0.00	-17597.82
508.80	-17633.67	0.00	-15011.00
508.90	-20152.67	0.00	-11999.76
509.00	-22141.65	0.00	-8644.89
509.10	-23536.47	0.00	-5038.22
509.20	-24292.47	0.00	-1279.70
509.30	-24386.77	0.00	2525.96
509.40	-23819.38	0.00	6272.86
509.50	-22616.47	0.00	9857.67
509.60	-20867.59	0.00	13183.13
509.70	-18637.01	0.00	16161.43
509.80	-15983.94	0.00	18717.05
509.90	-12978.07	0.00	20789.04
510.00	-9697.51	0.00	22332.62
510.10	-6226.48	0.00	23320.02
510.20	-2652.61	0.00	23740.53
510.30	935.79	0.00	23599.84
510.40	4452.50	0.00	22918.69
510.50	7816.08	0.00	21730.96
510.60	10952.19	0.00	20081.39
510.70	13795.62	0.00	18022.98
510.80	16291.63	0.00	15614.36
510.90	18396.86	0.00	12917.24
511.00	20079.56	0.00	9994.11
511.10	21319.31	0.00	6906.23
511.20	22139.92	0.00	3712.15
511.30	22573.05	0.00	466.69
511.40	22627.58	0.00	-2779.61
511.50	22314.12	0.00	-5980.54
511.60	21643.96	0.00	-9093.87
511.70	20628.31	0.00	-12080.75
511.80	19278.12	0.00	-14904.94
511.90	17604.38	0.00	-17531.95
512.00	15618.77	0.00	-19928.39
512.10	13334.77	0.00	-22061.37
512.20	10768.99	0.00	-23898.39
512.30	7942.63	0.00	-25407.46
512.40	4882.94	0.00	-26557.66
512.50	1624.48	0.00	-27320.09
512.60	-1789.91	0.00	-27669.13
512.70	-5308.68	0.00	-27583.92
512.80	-8871.71	0.00	-27050.00
512.90	-12411.10	0.00	-26060.94
513.00	-15852.71	0.00	-24619.75
513.10	-19118.37	0.00	-22740.07
513.20	-22128.63	0.00	-20446.94
513.30	-24806.04	0.00	-17777.04
513.40	-27078.60	0.00	-14778.33
513.50	-28883.22	0.00	-11509.19
513.60	-30169.04	0.00	-8036.86
513.70	-30900.11	0.00	-4435.47
513.80	-31114.91	0.00	-783.55
513.90	-30882.01	0.00	2838.68
514.00	-30212.27	0.00	6352.20
514.10	-29126.28	0.00	9682.03
514.20	-27654.00	0.00	12759.94
514.30	-25833.88	0.00	15526.73
514.40	-23711.71	0.00	17934.18
514.50	-21339.16	0.00	19946.31
514.60	-18772.12	0.00	21540.10
514.70	-16068.85	0.00	22705.55
514.80	-13288.09	0.00	23445.12
514.90	-10487.20	0.00	23772.67
515.00	-7720.44	0.00	23711.92
515.10	-5037.51	0.00	23294.57
515.20	-2482.38	0.00	22558.30
515.30	-92.55	0.00	21544.71
515.40	2101.31	0.00	20297.39
515.50	4075.33	0.00	18860.17
515.60	5812.03	0.00	17275.77
515.70	7299.69	0.00	15584.77
515.80	8531.54	0.00	13825.03
515.90	9504.94	0.00	12031.53
516.00	10220.58	0.00	10236.47
516.10	10681.90	0.00	8469.75
516.20	10894.74	0.00	6759.51
516.30	10867.22	0.00	5132.79
516.40	10610.01	0.00	3616.06
516.50	10136.73	0.00	2235.62
516.60	9464.57	0.00	1017.66
516.70	8615.01	0.00	-11.98
516.80	7614.46	0.00	-828.43
516.90	6494.76	0.00	-1408.75
517.00	5293.40	0.00	-1733.24
517.10	4053.40	0.00	-1786.96
517.20	2822.72	0.00	-1561.33
517.30	1653.27	0.00	-1055.76
517.40	599.42	0.00	-279.07
517.50	-283.88	0.00	749.40
517.60	-943.35	0.00	1999.12
517.70	-1329.84	0.00	3428.30
517.80	-1400.95	0.00	4984.41
517.90	-1123.57	0.00	6605.40
518.00	-476.36	0.00	8221.61
518.10	548.19	0.00	9758.19
518.20	1942.10	0.00	11138.13
518.30	3680.83	0.00	12285.60
518.40	5722.98	0.00	13129.41
518.50	8010.77	0.00	13606.58
518.60	10471.44	0.00	13665.59
518.70	13019.47	0.00	13269.28
518.80	15559.76	0.00	12397.17
518.90	17991.43	0.00	11047.01
519.00	20212.30	0.00	9235.60
519.10	22123.66	0.00	6998.60
519.20	23664.40	0.00	4389.55
519.30	24804.73	0.00	1478.00
519.40	25492.56	0.00	-1653.04
519.50	25689.38	0.00	-4910.41
519.60	25371.74	0.00	-8194.39
519.70	24532.12	0.00	-11402.65
519.80	23179.31	0.00	-14434.24
519.90	21338.27	0.00	-17193.51
520.00	19049.69	0.00	-19593.60
520.10	16368.90	0.00	-21559.60
520.20	13364.47	0.00	-23031.12
520.30	10116.32	0.00	-23964.12
520.40	6713.35	0.00	-24332.13
520.50	3250.76	0.00	-24126.79
520.60	-172.91	0.00	-23357.60
520.70	-3459.02	0.00	-22051.25
520.80	-6512.05	0.00	-20250.26
520.90	-9242.80	0.00	-18011.34
521.00	-11571.35	0.00	-15403.36
521.10	-13429.79	0.00	-12505.15
521.20	-14764.37	0.00	-9403.21
521.30	-15537.28	0.00	-6189.28
521.40	-15727.75	0.00	-2958.06
521.50	-15332.61	0.00	195.10
521.60	-14366.30	0.00	3176.39
521.70	-12860.28	0.00	5895.68
521.80	-10861.98	0.00	8268.52
521.90	-8433.38	0.00	10218.14
522.00	-5649.19	0.00	11677.30
522.10	-2594.81	0.00	12590.15
522.20	635.81	0.00	12913.92
522.30	3942.56	0.00	12620.55
522.40	7221.43	0.00	11698.13
522.50	10366.93	0.00	10152.08
522.60	13274.32	0.00	8006.03
522.70	15841.99	0.00	5302.28
522.80	17973.71	0.00	2101.81
522.90	19580.92	0.00	-1516.38
523.00	20585.12	0.00	-5456.50
523.10	20920.23	0.00	-9607.93
523.20	20535.15	0.00	-13847.84
523.30	19396.27	0.00	-18044.55
523.40	17489.99	0.00	-22061.41
523.50	14825.02	0.00	-25761.26
523.60	11434.49	0.00	-29011.14
523.70	7377.27	0.00	-31687.27
523.80	2738.64	0.00	-33679.90
523.90	-2370.19	0.00	-34897.91
524.00	-7813.91	0.00	-35272.92
524.10	-13436.40	0.00	-34762.65
524.20	-19065.47	0.00	-33353.43
524.30	-24519.19	0.00	-31061.52
524.40	-29613.26	0.00	-27933.38
524.50	-34169.41	0.00	-24044.55
524.60	-38023.99	0.00	-19497.41
524.70	-41036.38	0.00	-14417.68
524.80	-43096.60	0.00	-8949.89
524.90	-44133.74	0.00	-3252.01
525.00	-44275.25	0.00	2510.60
525.10	-43623.23	0.00	8171.60
525.20	-42206.82	0.00	13570.13
525.30	-40075.76	0.00	18557.07
525.40	-37299.48	0.00	23000.82
525.50	-33965.70	0.00	26792.27
525.60	-30178.36	0.00	29848.78
525.70	-26054.84	0.00	32116.98
525.80	-21722.32	0.00	33574.26
525.90	-17313.37	0.00	34228.91
526.00	-12960.87	0.00	34118.93
526.10	-8792.51	0.00	33309.49
526.20	-4925.16	0.00	31889.32
526.30	-1459.56	0.00	29966.14
526.40	1524.39	0.00	27661.34
526.50	3971.30	0.00	25104.19
526.60	5852.63	0.00	22425.92
526.70	7167.56	0.00	19753.89
526.80	7942.30	0.00	17206.03
526.90	8227.90	0.00	14886.06
527.00	8096.80	0.00	12879.38
527.10	7638.24	0.00	11249.99
527.20	6953.02	0.00	10038.56
527.30	6147.91	0.00	9261.54
527.40	5329.96	0.00	8911.51
527.50	4601.17	0.00	8958.57
527.60	4053.65	0.00	9352.74
527.70	3765.52	0.00	10027.14
527.80	3797.69	0.00	10901.95
527.90	4191.54	0.00	11888.64
528.00	4967.56	0.00	12894.60
528.10	6125.02	0.00	13827.64
528.20	7642.48	0.00	14600.33
528.30	9479.18	0.00	15133.99
528.40	11577.33	0.00	15361.97
528.50	13864.92	0.00	15232.36
528.60	16259.30	0.00	14709.80
528.70	18671.06	0.00	13776.53
528.80	21008.24	0.00	12432.44
528.90	23180.56	0.00	10694.50
529.00	25103.55	0.00	8595.23
529.10	26702.27	0.00	6180.67
529.20	27914.49	0.00	3507.80
529.30	28703.92	0.00	641.61
529.40	29122.84	0.00	-2348.03
529.50	29176.99	0.00	-5389.49
529.60	28866.72	0.00	-8412.36
529.70	28202.05	0.00	-11350.22
529.80	27201.40	0.00	-14142.88
529.90	25890.10	0.00	-16738.23
530.00	24298.84	0.00	-19093.49
530.10	22462.00	0.00	-21175.85
530.20	20416.10	0.00	-22962.61
530.30	18198.25	0.00	-24440.72
530.40	15844.86	0.00	-25605.87
530.50	13390.46	0.00	-26461.26
530.60	10866.91	0.00	-27016.04
530.70	8302.88	0.00	-27283.68
530.80	5723.67	0.00	-27280.35
530.90	3151.38	0.00	-27023.32
531.00	605.38	0.00	-26529.71
531.10	-1896.95	0.00	-25815.43
531.20	-4339.35	0.00	-24894.58
531.30	-6705.64	0.00	-23779.16
531.40	-8978.81	0.00	-22479.26
531.50	-11140.21	0.00	-21003.56
531.60	-13168.90	0.00	-19360.15
531.70	-15041.49	0.00	-17557.60
531.80	-16732.23	0.00	-15606.14
531.90	-18213.58	0.00	-13518.82
532.00	-19457.19	0.00	-11312.62
532.10	-20435.26	0.00	-9009.33
532.20	-21122.18	0.00	-6636.11
532.30	-21496.34	0.00	-4225.62
532.40	-21542.01	0.00	-1815.83
532.50	-21251.11	0.00	550.78
532.60	-20624.69	0.00	2828.34
532.70	-19674.03	0.00	4969.22
532.80	-18421.25	0.00	6925.88
532.90	-16901.29	0.00	8653.07
533.00	-15182.01	0.00	10110.03
533.10	-13314.18	0.00	11262.70
533.20	-11345.99	0.00	12085.74
533.30	-9331.52	0.00	12564.28
533.40	-7328.89	0.00	12695.18
533.50	-5397.84	0.00	12487.77
533.60	-3597.17	0.00	11964.01
533.70	-1981.91	0.00	11157.98
533.80	-600.53	0.00	10114.74
533.90	507.61	0.00	8888.57
534.00	1314.48	0.00	7540.66
534.10	1804.99	0.00	6136.51
534.20	1977.98	0.00	4742.85
534.30	1846.41	0.00	3424.63
534.40	1436.77	0.00	2241.96
534.50	787.71	0.00	1247.27
534.60	-51.97	0.00	482.91
534.70	-1025.90	0.00	-20.81
534.80	-2073.10	0.00	-246.86
534.90	-3131.12	0.00	-192.16
535.00	-4139.21	0.00	132.65
535.10	-5041.25	0.00	704.04
535.20	-5788.47	0.00	1487.11
535.30	-6341.52	0.00	2437.81
535.40	-6672.17	0.00	3505.44
535.50	-6764.24	0.00	4635.58
535.60	-6613.92	0.00	5773.14
535.70	-6229.44	0.00	6865.30
535.80	-5630.06	0.00	7864.30
535.90	-4844.56	0.00	8729.82
536.00	-3909.23	0.00	9430.83
536.10	-2865.47	0.00	9946.89
536.20	-1757.20	0.00	10268.68
536.30	-628.15	0.00	10397.91
536.40	480.66	0.00	10346.52
536.50	1533.34	0.00	10135.30
536.60	2501.03	0.00	9791.93
536.70	3363.34	0.00	9348.78
536.80	4109.18	0.00	8840.38
536.90	4736.89	0.00	8300.91
537.00	5253.74	0.00	7761.77
537.10	5674.84	0.00	7249.49
537.20	6021.41	0.00	6784.00
537.30	6318.79	0.00	6377.42
537.40	6594.12	0.00	6033.51
537.50	6873.96	0.00	5747.66
537.60	7181.99	0.00	5507.53
537.70	7537.02	0.00	5294.23
537.80	7951.31	0.00	5083.96
537.90	8429.47	0.00	4850.01
538.00	8967.91	0.00	4564.89
538.10	9554.90	0.00	4202.59
538.20	10171.23	0.00	3740.61
538.30	10791.48	0.00	3161.84
538.40	11385.67	0.00	2455.95
538.50	11928.90	0.00	1620.34
538.60	12400.35	0.00	660.57
538.70	12771.39	0.00	-409.90
538.80	13016.76	0.00	-1570.37
538.90	13116.25	0.00	-2794.17
539.00	13055.97	0.00	-4050.27
539.10	12829.12	0.00	-5305.24
539.20	12436.37	0.00	-6525.28
539.30	11885.73	0.00	-7678.27
539.40	11191.88	0.00	-8735.72
539.50	10375.13	0.00	-9674.37
539.60	9460.03	0.00	-10477.43
539.70	8473.69	0.00	-11135.33
539.80	7443.93	0.00	-11645.98
539.90	6397.50	0.00	-12014.44
540.00	5358.34	0.00	-12252.17
540.10	4346.13	0.00	-12375.74
540.20	3375.14	0.00	-12405.35
540.30	2453.54	0.00	-12362.99
540.40	1583.21	0.00	-12270.62
540.50	760.02	0.00	-12148.36
540.60	-25.45	0.00	-12012.91
540.70	-786.67	0.00	-11876.26
540.80	-1539.74	0.00	-11744.76
540.90	-2301.66	0.00	-11618.77
541.00	-3088.57	0.00	-11492.62
541.10	-3914.07	0.00	-11355.22
541.20	-4787.71	0.00	-11191.00
541.30	-5713.77	0.00	-10981.18
541.40	-6690.46	0.00	-10705.40
541.50	-7709.62	0.00	-10343.33
541.60	-8756.79	0.00	-9876.39
541.70	-9811.86	0.00	-9289.28
541.80	-10850.08	0.00	-8571.33
541.90	-11843.45	0.00	-7717.46
542.00	-12762.38	0.00	-6728.75
542.10	-13577.38	0.00	-5612.62
542.20	-14260.83	0.00	-4382.55
542.30	-14788.61	0.00	-3057.39
542.40	-15141.40	0.00	-1660.37
542.50	-15305.71	0.00	-217.82
542.60	-15275.79	0.00	1242.23
542.70	-15072.68	0.00	2691.47
542.80	-14708.15	0.00	4102.72
542.90	-14190.43	0.00	5451.07
543.00	-13531.19	0.00	6714.84
543.10	-12744.49	0.00	7876.18
543.20	-11845.85	0.00	8921.38
543.30	-10851.26	0.00	9840.73
543.40	-9776.31	0.00	10628.22
543.50	-8635.55	0.00	11280.86
543.60	-7442.03	0.00	11797.89
543.70	-6207.23	0.00	12179.93
543.80	-4941.16	0.00	12428.10
543.90	-3652.78	0.00	12543.29
544.00	-2350.66	0.00	12525.65
544.10	-1043.71	0.00	12374.29
544.20	257.94	0.00	12087.34
544.30	1542.19	0.00	11662.31
544.40	2794.31	0.00	11096.69
544.50	3996.56	0.00	10388.88
544.60	5128.08	0.00	9539.22
544.70	6165.23	0.00	8551.09
544.80	7082.23	0.00	7431.95
544.90	7852.27	0.00	6194.31
545.00	8448.85	0.00	4856.30
545.10	8847.48	0.00	3442.05
545.20	9027.36	0.00	1981.50
545.30	8973.16	0.00	509.88
545.40	8676.60	0.00	-933.32
545.50	8137.74	0.00	-2305.79
545.60	7365.84	0.00	-3564.14
545.70	6379.71	0.00	-4665.95
545.80	5207.55	0.00	-5571.92
545.90	3886.11	0.00	-6247.96
546.00	2459.41	0.00	-6667.22
546.10	976.94	0.00	-6811.71
546.20	-508.53	0.00	-6673.60
546.30	-1943.24	0.00	-6256.00
546.40	-3275.00	0.00	-5573.07
546.50	-4455.49	0.00	-4649.65
546.60	-5442.51	0.00	-3520.25
546.70	-6201.81	0.00	-2227.46
546.80	-6708.55	0.00	-820.02
546.90	-6948.26	0.00	649.57
547.00	-6917.25	0.00	2127.53
547.10	-6622.53	0.00	3561.34
547.20	-6081.15	0.00	4902.20
547.30	-5319.08	0.00	6107.17
547.40	-4369.72	0.00	7140.95
547.50	-3271.98	0.00	7977.20
547.60	-2068.25	0.00	8599.26
547.70	-802.21	0.00	9000.32
547.80	483.31	0.00	9183.00
547.90	1748.33	0.00	9158.51
548.00	2957.38	0.00	8945.26
548.10	4080.91	0.00	8567.20
548.20	5096.09	0.00	8052.05
548.30	5987.29	0.00	7429.33
548.40	6745.93	0.00	6728.57
548.50	7370.01	0.00	5977.71
548.60	7863.11	0.00	5201.75
548.70	8233.27	0.00	4421.82
548.80	8491.57	0.00	3654.62
548.90	8650.76	0.00	2912.34
549.00	8723.95	0.00	2202.89
549.10	8723.44	0.00	1530.52
549.20	8659.92	0.00	896.68
549.30	8545.12	0.00	301.01
549.40	8391.50	0.00	-257.58
549.50	8202.89	0.00	-779.97
549.60	7981.23	0.00	-1265.99
549.70	7727.52	0.00	-1713.86
549.80	7442.82	0.00	-2119.92
549.90	7129.11	0.00	-2478.73
550.00	6790.29	0.00	-2783.48
550.10	6432.90	0.00	-3026.70
550.20	6066.67	0.00	-3201.25
550.30	5704.63	0.00	-3301.41
550.40	5363.06	0.00	-3324.13
550.50	5060.84	0.00	-3270.15
550.60	4818.62	0.00	-3144.97
550.70	4657.53	0.00	-2959.59
550.80	4597.77	0.00	-2730.92
550.90	4656.95	0.00	-2481.72
551.00	4848.43	0.00	-2240.12
551.10	5179.79	0.00	-2038.73
551.20	5651.46	0.00	-1913.32
551.30	6255.68	0.00	-1901.05
551.40	6975.88	0.00	-2038.60
551.50	7786.48	0.00	-2359.98
551.60	8653.25	0.00	-2894.38
551.70	9534.09	0.00	-3664.12
551.80	10380.34	0.00	-4682.76
551.90	11138.38	0.00	-5953.58
552.00	11751.69	0.00	-7468.53
552.10	12162.96	0.00	-9207.60
552.20	12316.50	0.00	-11138.83
552.30	12160.57	0.00	-13218.86
552.40	11649.72	0.00	-15394.01
552.50	10746.95	0.00	-17601.86
552.60	9425.68	0.00	-19773.36
552.70	7671.47	0.00	-21835.09
552.80	5483.38	0.00	-23711.95
552.90	2874.89	0.00	-25329.75
553.00	-125.54	0.00	-26617.94
553.10	-3474.49	0.00	-27512.14
553.20	-7114.04	0.00	-27956.35
553.30	-10972.89	0.00	-27905.00
553.40	-14967.92	0.00	-27324.46
553.50	-19006.30	0.00	-26194.15
553.60	-22988.14	0.00	-24507.27
553.70	-26809.45	0.00	-22270.97
553.80	-30365.36	0.00	-19506.17
553.90	-33553.63	0.00	-16246.94
554.00	-36278.02	0.00	-12539.59
554.10	-38451.62	0.00	-8441.49
554.20	-40025.61	0.00	-4019.58
554.30	-41103.63	0.00	651.12
554.40	-41680.88	0.00	5489.21
554.50	-41732.60	0.00	10408.63
554.60	-41239.38	0.00	15320.39
554.70	-40187.48	0.00	20134.29
554.80	-38569.36	0.00	24760.64
554.90	-36384.52	0.00	29111.88
555.00	-33640.61	0.00	33104.23
555.10	-30354.60	0.00	36659.31
555.20	-26554.10	0.00	39705.61
555.30	-22278.58	0.00	42180.04
555.40	-17580.24	0.00	44029.37
555.50	-12524.65	0.00	45211.52
555.60	-7190.70	0.00	45696.84
555.70	-1669.96	0.00	45469.16
555.80	3934.76	0.00	44526.63
555.90	9511.58	0.00	42882.35
556.00	14942.56	0.00	40564.63
556.10	20107.33	0.00	37616.89
556.20	24887.34	0.00	34097.13
556.30	29170.35	0.00	30077.02
556.40	32855.07	0.00	25640.42
556.50	35855.61	0.00	20881.52
556.60	38105.40	0.00	15902.49
556.70	39560.42	0.00	10810.84
556.80	40201.45	0.00	5716.32
556.90	40035.11	0.00	727.80
557.00	39093.74	0.00	-4050.11
557.10	37433.96	0.00	-8520.30
557.20	35220.30	0.00	-12596.24
557.30	32614.35	0.00	-16204.79
557.40	29687.08	0.00	-19288.51
557.50	26516.00	0.00	-21807.48
557.60	23183.40	0.00	-23740.39
557.70	19774.16	0.00	-25085.00
557.80	16373.15	0.00	-25857.77
557.90	13062.37	0.00	-26092.80
558.00	9917.94	0.00	-25840.04
558.10	7007.13	0.00	-25162.88
558.20	4385.65	0.00	-24135.21
558.30	2095.37	0.00	-22838.03
558.40	162.65	0.00	-21355.94
558.50	-1402.54	0.00	-19773.46
558.60	-2606.69	0.00	-18171.46
558.70	-3471.94	0.00	-16623.89
558.80	-4034.49	0.00	-15194.90
558.90	-4342.28	0.00	-13936.48
559.00	-4452.16	0.00	-12886.81
559.10	-4426.62	0.00	-12069.23
559.20	-4330.44	0.00	-11492.00
559.30	-4227.29	0.00	-11148.75
559.40	-4176.63	0.00	-11019.65
559.50	-4230.85	0.00	-11073.11
559.60	-4433.06	0.00	-11267.99
559.70	-4815.28	0.00	-11556.19
559.80	-5397.42	0.00	-11885.35
559.90	-6186.77	0.00	-12201.73
560.00	-7178.18	0.00	-12452.86
560.10	-8354.82	0.00	-12590.03
560.20	-9689.38	0.00	-12570.47
560.30	-11145.81	0.00	-12358.99
560.40	-12681.30	0.00	-11929.18
560.50	-14248.46	0.00	-11264.11
560.60	-15797.66	0.00	-10356.48
560.70	-17279.26	0.00	-9208.22
560.80	-18645.73	0.00	-7829.81
560.90	-19853.48	0.00	-6239.09
561.00	-20865.33	0.00	-4459.98
561.10	-21688.45	0.00	-2520.92
561.20	-22323.12	0.00	-453.36
561.30	-22756.47	0.00	1709.71
561.40	-22980.20	0.00	3935.08
561.50	-22989.93	0.00	6190.40
561.60	-22784.34	0.00	8445.05
561.70	-22364.37	0.00	10670.69
561.80	-21732.44	0.00	12841.45
561.90	-20891.79	0.00	14934.03
562.00	-19845.96	0.00	16927.37
562.10	-18598.57	0.00	18802.32
562.20	-17153.18	0.00	20541.13
562.30	-15513.53	0.00	22126.94
562.40	-13683.93	0.00	23543.29
562.50	-11669.84	0.00	24773.80
562.60	-9478.60	0.00	25801.92
562.70	-7120.24	0.00	26610.96
562.80	-4608.34	0.00	27184.26
562.90	-1960.73	0.00	27505.64
563.00	799.85	0.00	27559.97
563.10	3645.38	0.00	27333.93
563.20	6542.39	0.00	26816.88
563.30	9452.22	0.00	26001.75
563.40	12331.51	0.00	24885.88
563.50	15133.10	0.00	23471.85
563.60	17807.30	0.00	21768.02
563.70	20303.32	0.00	19789.03
563.80	22571.05	0.00	17555.90
563.90	24562.86	0.00	15095.96
564.00	26235.48	0.00	12442.42
564.10	27551.71	0.00	9633.79
564.20	28482.06	0.00	6712.89
564.30	29005.97	0.00	3725.79
564.40	29112.71	0.00	720.57
564.50	28804.26	0.00	-2254.09
564.60	28162.14	0.00	-5150.23
564.70	27232.52	0.00	-7921.97
564.80	26031.00	0.00	-10526.76
564.90	24577.28	0.00	-12926.45
565.00	22894.64	0.00	-15088.16
565.10	21009.48	0.00	-16984.97
565.20	18950.71	0.00	-18596.28
565.30	16749.08	0.00	-19908.01
565.40	14436.57	0.00	-20912.45
565.50	12045.66	0.00	-21607.96
565.60	9608.71	0.00	-21998.45
565.70	7157.31	0.00	-22092.69
565.80	4721.81	0.00	-21903.55
565.90	2330.86	0.00	-21447.14
566.00	11.08	0.00	-20741.96
566.10	-2213.10	0.00	-19808.04
566.20	-4319.49	0.00	-18666.25
566.30	-6288.08	0.00	-17337.63
566.40	-8100.88	0.00	-15842.91
566.50	-9741.67	0.00	-14202.18
566.60	-11195.66	0.00	-12434.72
566.70	-12449.25	0.00	-10559.03
566.80	-13489.69	0.00	-8593.01
566.90	-14304.91	0.00	-6554.27
567.00	-14883.38	0.00	-4460.56
567.10	-15214.13	0.00	-2330.29
567.20	-15286.91	0.00	-183.14
567.30	-15092.52	0.00	1959.47
567.40	-14623.26	0.00	4073.79
567.50	-13873.51	0.00	6133.41
567.60	-12840.48	0.00	8108.97
567.70	-11524.93	0.00	9968.07
567.80	-9931.95	0.00	11675.50
567.90	-8071.74	0.00	13193.56
568.00	-5960.21	0.00	14482.80
568.10	-3619.47	0.00	15502.88
568.20	-1078.18	0.00	16213.78
568.30	1628.42	0.00	16577.19
568.40	4458.67	0.00	16557.97
568.50	7364.94	0.00	16125.88
568.60	10294.25	0.00	15257.18
568.70	13189.22	0.00	13936.26
568.80	15989.11	0.00	12157.06
568.90	18631.04	0.00	9924.34
569.00	21051.31	0.00	7254.52
569.10	23186.83	0.00	4176.25
569.20	24976.44	0.00	730.41
569.30	26362.41	0.00	-3030.24
569.40	27291.78	0.00	-7042.01
569.50	27717.74	0.00	-11231.67
569.60	27600.95	0.00	-15518.19
569.70	26910.81	0.00	-19815.02
569.80	25626.57	0.00	-24032.43
569.90	23738.46	0.00	-28080.19
570.00	21248.50	0.00	-31870.16
570.10	18171.18	0.00	-35318.89
570.20	14533.84	0.00	-38349.89
570.30	10376.71	0.00	-40895.70
570.40	5752.60	0.00	-42899.44
570.50	726.15	0.00	-44315.93
570.60	-4627.24	0.00	-45112.26
570.70	-10222.92	0.00	-45267.89
570.80	-15968.69	0.00	-44774.12
570.90	-21766.77	0.00	-43633.33
571.00	-27515.84	0.00	-41857.72
571.10	-33113.10	0.00	-39467.88
571.20	-38456.18	0.00	-36491.34
571.30	-43444.92	0.00	-32961.04
571.40	-47982.93	0.00	-28914.00
571.50	-51978.96	0.00	-24390.35
571.60	-55348.04	0.00	-19432.51
571.70	-58130.54	0.00	-14084.95
571.80	-60584.07	0.00	-8394.23
571.90	-62708.29	0.00	-2409.43
572.00	-64482.07	0.00	3817.13
572.10	-65876.20	0.00	10228.93
572.20	-66852.92	0.00	16764.37
572.30	-67366.16	0.00	23355.85
572.40	-67362.70	0.00	29929.14
572.50	-66784.15	0.00	36403.15
572.60	-65569.78	0.00	42690.24
572.70	-63660.13	0.00	48697.02
572.80	-61001.23	0.00	54325.92
572.90	-57549.28	0.00	59477.28
573.00	-53275.36	0.00	64052.11
573.10	-48170.16	0.00	67955.28
573.20	-42248.07	0.00	71099.03
573.30	-35550.38	0.00	73406.58
573.40	-28147.36	0.00	74815.74
573.50	-20138.66	0.00	75282.05
573.60	-11652.09	0.00	74781.58
573.70	-2840.48	0.00	73312.75
573.80	6123.22	0.00	70897.46
573.90	15052.39	0.00	67581.08
574.00	23754.42	0.00	63431.38
574.10	32039.14	0.00	58536.44
574.20	39727.29	0.00	53001.59
574.30	46658.63	0.00	46945.48
574.40	52698.94	0.00	40495.54
574.50	57745.40	0.00	33783.11
574.60	61730.06	0.00	26938.42
574.70	64621.14	0.00	20085.77
574.80	66422.14	0.00	13339.15
574.90	67168.86	0.00	6798.62
575.00	66924.82	0.00	547.54
575.10	65775.37	0.00	-5349.14
575.20	63830.91	0.00	-10845.45
575.30	61541.34	0.00	-15913.85
575.40	59138.01	0.00	-20543.72
575.50	56657.09	0.00	-24738.81
575.60	54122.55	0.00	-28514.12
575.70	51546.06	0.00	-31892.31
575.80	48927.54	0.00	-34899.87
575.90	46256.36	0.00	-37563.48
576.00	43513.15	0.00	-39906.70
576.10	40672.27	0.00	-41947.27
576.20	37704.68	0.00	-43695.14
576.30	34581.25	0.00	-45151.56
576.40	31276.16	0.00	-46308.91
576.50	27770.37	0.00	-47151.66
576.60	24054.64	0.00	-47658.11
576.70	20132.25	0.00	-47802.76
576.80	16020.80	0.00	-47559.31
576.90	11753.27	0.00	-46903.85
577.00	7377.91	0.00	-45818.02
577.10	2957.12	0.00	-44292.03
577.20	-1434.77	0.00	-42327.13
577.30	-5714.72	0.00	-39937.45
577.40	-9795.01	0.00	-37151.04
577.50	-13587.71	0.00	-34009.98
577.60	-17009.54	0.00	-30569.66
577.70	-19986.45	0.00	-26897.11
577.80	-22457.85	0.00	-23068.67
577.90	-24380.03	0.00	-19166.93
578.00	-25728.54	0.00	-15277.42
578.10	-26499.46	0.00	-11484.99
578.20	-26709.32	0.00	-7870.29
578.30	-26393.90	0.00	-4506.50
578.40	-25605.85	0.00	-1456.43
578.50	-24411.55	0.00	1229.65
578.60	-22887.28	0.00	3515.59
578.70	-21115.18	0.00	5380.10
578.80	-19179.07	0.00	6816.76
578.90	-17160.70	0.00	7833.31
579.00	-15136.33	0.00	8450.21
579.10	-13174.03	0.00	8698.84
579.20	-11331.73	0.00	8619.19
579.30	-9655.96	0.00	8257.44
579.40	-8181.41	0.00	7663.47
579.50	-6931.12	0.00	6888.42
579.60	-5917.22	0.00	5982.59
579.70	-5142.14	0.00	4993.57
579.80	-4600.05	0.00	3964.82
579.90	-4278.49	0.00	2934.66
580.00	-4160.07	0.00	1935.66
580.10	-4223.99	0.00	994.45
580.20	-4447.54	0.00	131.89
580.30	-4807.28	0.00	-636.59
580.40	-5280.05	0.00	-1300.32
580.50	-5843.65	0.00	-1852.74
580.60	-6477.43	0.00	-2290.62
580.70	-7162.47	0.00	-2613.33
580.80	-7881.77	0.00	-2822.18
580.90	-8620.22	0.00	-2919.78
581.00	-9370.21	0.00	-2909.61
581.10	-10126.86	0.00	-2795.56
581.20	-10882.81	0.00	-2581.63
581.30	-11632.10	0.00	-2271.66
581.40	-12369.96	0.00	-1869.12
581.50	-13092.50	0.00	-1376.90
581.60	-13796.44	0.00	-797.16
581.70	-14478.77	0.00	-131.17
581.80	-15136.39	0.00	620.75
581.90	-15765.62	0.00	1459.29
582.00	-16361.76	0.00	2386.07
582.10	-16918.50	0.00	3403.46
582.20	-17427.42	0.00	4514.24
582.30	-17877.42	0.00	5721.12
582.40	-18254.31	0.00	7026.02
582.50	-18540.50	0.00	8429.27
582.60	-18714.86	0.00	9928.64
582.70	-18752.95	0.00	11518.31
582.80	-18627.39	0.00	13187.87
582.90	-18308.76	0.00	14921.35
583.00	-17766.66	0.00	16696.53
583.10	-16971.29	0.00	18484.41
583.20	-15895.21	0.00	20249.15
583.30	-14515.40	0.00	21948.44
583.40	-12815.40	0.00	23534.30
583.50	-10787.51	0.00	24954.45
583.60	-8434.83	0.00	26154.18
583.70	-5772.94	0.00	27078.51
583.80	-2831.21	0.00	27674.90
583.90	346.63	0.00	27895.94
584.00	3702.64	0.00	27702.19
584.10	7165.75	0.00	27064.92
584.20	10653.71	0.00	25968.38
584.30	14075.99	0.00	24411.73
584.40	17337.46	0.00	22410.25
584.50	20342.75	0.00	19995.75
584.60	23000.94	0.00	17216.22
584.70	25230.37	0.00	14134.50
584.80	26963.17	0.00	10826.19
584.90	28149.26	0.00	7376.74
585.00	28759.31	0.00	3877.93
585.10	28786.69	0.00	423.90
585.20	28247.97	0.00	-2893.07
585.30	27182.11	0.00	-5986.70
585.40	25648.24	0.00	-8780.71
585.50	23722.31	0.00	-11212.27
585.60	21515.19	0.00	-13234.72
585.70	19154.82	0.00	-14819.55
585.80	16721.00	0.00	-15957.25
585.90	14291.34	0.00	-16657.27
586.00	11938.81	0.00	-16946.83
586.10	9728.26	0.00	-16868.84
586.20	7713.29	0.00	-16478.99
586.30	5933.80	0.00	-15842.16
586.40	4414.20	0.00	-15028.39
586.50	3162.68	0.00	-14108.71
586.60	2171.43	0.00	-13151.02
586.70	1417.82	0.00	-12216.26
586.80	866.54	0.00	-11355.14
586.90	472.52	0.00	-10605.62
587.00	184.38	0.00	-9991.16
587.10	-51.81	0.00	-9520.08
587.20	-288.65	0.00	-9185.72
587.30	-573.73	0.00	-8967.62
587.40	-946.40	0.00	-8833.56
587.50	-1435.02	0.00	-8742.26
587.60	-2055.08	0.00	-8646.56
587.70	-2808.07	0.00	-8497.00
587.80	-3681.30	0.00	-8245.39
587.90	-4648.55	0.00	-7848.35
588.00	-5671.65	0.00	-7270.40
588.10	-6702.72	0.00	-6486.60
588.20	-7687.10	0.00	-5484.52
588.30	-8566.68	0.00	-4265.44
588.40	-9283.49	0.00	-2844.74
588.50	-9783.35	0.00	-1251.44
588.60	-10019.23	0.00	472.99
588.70	-9954.34	0.00	2276.56
588.80	-9564.51	0.00	4099.19
588.90	-8839.89	0.00	5875.70
589.00	-7785.80	0.00	7538.94
589.10	-6422.73	0.00	9023.06
589.20	-4785.91	0.00	10266.72
589.30	-2924.29	0.00	11216.06
589.40	-893.49	0.00	11827.27
589.50	1242.40	0.00	12068.68
589.60	3412.80	0.00	11922.25
589.70	5543.55	0.00	11384.50
589.80	7561.82	0.00	10466.60
589.90	9402.90	0.00	9194.03
590.00	11006.98	0.00	7605.41
590.10	12322.90	0.00	5750.90
590.20	13309.96	0.00	3690.06
590.30	13939.12	0.00	1489.40
590.40	14193.70	0.00	-780.37
590.50	14069.66	0.00	-3047.24
590.60	13575.48	0.00	-5240.72
590.70	12731.54	0.00	-7294.58
590.80	11569.21	0.00	-9149.39
590.90	10129.47	0.00	-10754.64
591.00	8461.29	0.00	-12070.50
591.10	6619.69	0.00	-13068.99
591.20	4663.52	0.00	-13734.68
591.30	2653.14	0.00	-14064.84
591.40	647.98	0.00	-14068.88
591.50	-1295.81	0.00	-13767.47
591.60	-3127.60	0.00	-13190.98
591.70	-4804.22	0.00	-12377.69
591.80	-6291.51	0.00	-11371.55
591.90	-7565.41	0.00	-10219.89
592.00	-8612.45	0.00	-8970.94
592.10	-9429.64	0.00	-7671.52
592.20	-10023.89	0.00	-6364.85
592.30	-10410.73	0.00	-5088.67
592.40	-10612.65	0.00	-3873.81
592.50	-10657.17	0.00	-2743.11
592.60	-10574.55	0.00	-1711.02
592.70	-10395.57	0.00	-783.63
592.80	-10149.40	0.00	40.75
592.90	-9861.61	0.00	770.53
593.00	-9552.69	0.00	1419.37
593.10	-9236.95	0.00	2004.44
593.20	-8921.93	0.00	2544.47
593.30	-8608.47	0.00	3057.79
593.40	-8296.59	0.00	3560.48
593.50	-7979.03	0.00	4064.70
593.60	-7640.46	0.00	4577.40
593.70	-7263.55	0.00	5099.49
593.80	-6830.78	0.00	5625.46
593.90	-6326.37	0.00	6143.60
594.00	-5738.07	0.00	6636.71
594.10	-5058.77	0.00	7083.27
594.20	-4287.68	0.00	7459.06
594.30	-3431.14	0.00	7739.04
594.40	-2502.89	0.00	7899.41
594.50	-1523.77	0.00	7919.61
594.60	-520.86	0.00	7784.26
594.70	473.88	0.00	7484.79
594.80	1425.43	0.00	7020.59
594.90	2297.86	0.00	6399.73
595.00	3056.68	0.00	5639.05
595.10	3671.17	0.00	4763.67
595.20	4116.65	0.00	3805.90
595.30	4376.32	0.00	2803.58
595.40	4442.73	0.00	1798.06
595.50	4318.61	0.00	831.82
595.60	4017.05	0.00	-54.06
595.70	3560.97	0.00	-822.38
595.80	2982.00	0.00	-1442.20
595.90	2318.65	0.00	-1890.78
596.00	1614.15	0.00	-2155.10
596.10	913.79	0.00	-2232.82
596.20	262.33	0.00	-2132.54
596.30	-298.80	0.00	-1873.39
596.40	-733.91	0.00	-1483.98
596.50	-1015.26	0.00	-1000.74
596.60	-1124.68	0.00	-465.77
596.70	-1054.70	0.00	75.68
596.80	-809.01	0.00	577.92
596.90	-402.22	0.00	997.57
597.00	140.93	0.00	1296.12
597.10	787.07	0.00	1442.23
597.20	1496.15	0.00	1413.57
597.30	2223.78	0.00	1198.06
597.40	2923.89	0.00	794.50
597.50	3551.39	0.00	212.54
597.60	4064.81	0.00	-528.06
597.70	4428.70	0.00	-1398.70
597.80	4615.51	0.00	-2363.77
597.90	4607.06	0.00	-3382.82
598.00	4395.32	0.00	-4413.03
598.10	3983.65	0.00	-5411.66
598.20	3384.62	0.00	-6338.47
598.30	2617.66	0.00	-7157.87
598.40	1708.95	0.00	-7840.70
598.50	689.60	0.00	-8365.51
598.60	-406.47	0.00	-8719.29
598.70	-1544.68	0.00	-8897.62
598.80	-2691.94	0.00	-8904.20
598.90	-3818.61	0.00	-8749.87
599.00	-4900.08	0.00	-8451.17
599.10	-5918.21	0.00	-8028.56
599.20	-6865.35	0.00	-7504.42
599.30	-7740.37	0.00	-6900.94
599.40	-8547.87	0.00	-6238.16
599.50	-9298.09	0.00	-5532.17
599.60	-10005.41	0.00	-4793.71
599.70	-10686.58	0.00	-4027.09
599.80	-11358.77	0.00	-3229.80
599.90	-12037.54	0.00	-2392.49
600.00	-12734.82	0.00	-1499.63
