Time(s)	Fx(N)	Fy(N)	Fz(N)
0.00	31090.39	0.00	-10173.54
0.10	28757.08	0.00	-10521.04
0.20	26296.94	0.00	-10827.03
0.30	23715.05	0.00	-11090.28
0.40	21017.50	0.00	-11309.77
0.50	18211.46	0.00	-11484.62
0.60	15305.18	0.00	-11614.15
0.70	12308.00	0.00	-11697.84
0.80	9230.37	0.00	-11735.36
0.90	6083.81	0.00	-11726.58
1.00	2880.89	0.00	-11671.51
1.10	-364.84	0.00	-11570.38
1.20	-3638.91	0.00	-11423.59
1.30	-6925.99	0.00	-11231.71
1.40	-10210.04	0.00	-10995.51
1.50	-13474.38	0.00	-10715.91
1.60	-16701.81	0.00	-10394.02
1.70	-19874.78	0.00	-10031.11
1.80	-22975.51	0.00	-9628.62
1.90	-25986.16	0.00	-9188.12
2.00	-28888.97	0.00	-8711.36
2.10	-31666.43	0.00	-8200.22
2.20	-34301.45	0.00	-7656.72
2.30	-36777.53	0.00	-7083.01
2.40	-39078.89	0.00	-6481.34
2.50	-41190.67	0.00	-5854.09
2.60	-43099.05	0.00	-5203.73
2.70	-44791.39	0.00	-4532.84
2.80	-46256.39	0.00	-3844.06
2.90	-47484.18	0.00	-3140.11
3.00	-48466.42	0.00	-2423.77
3.10	-49196.41	0.00	-1697.86
3.20	-49669.15	0.00	-965.25
3.30	-49881.39	0.00	-228.84
3.40	-49862.67	0.00	508.49
3.50	-49705.85	0.00	1243.80
3.60	-49416.90	0.00	1974.21
3.70	-48995.30	0.00	2696.82
3.80	-48440.32	0.00	3408.79
3.90	-47751.07	0.00	4107.31
4.00	-46926.55	0.00	4789.62
4.10	-45965.70	0.00	5453.02
4.20	-44867.51	0.00	6094.91
4.30	-43631.05	0.00	6712.74
4.40	-42255.58	0.00	7304.08
4.50	-40740.67	0.00	7866.60
4.60	-39086.24	0.00	8398.06
4.70	-37292.69	0.00	8896.39
4.80	-35360.99	0.00	9359.60
4.90	-33292.76	0.00	9785.88
5.00	-31090.39	0.00	10173.54
5.10	-28757.08	0.00	10521.04
5.20	-26296.94	0.00	10827.03
5.30	-23715.05	0.00	11090.28
5.40	-21017.50	0.00	11309.77
5.50	-18211.46	0.00	11484.62
5.60	-15305.18	0.00	11614.15
5.70	-12308.00	0.00	11697.84
5.80	-9230.37	0.00	11735.36
5.90	-6083.81	0.00	11726.58
6.00	-2880.89	0.00	11671.51
6.10	364.84	0.00	11570.38
6.20	3638.91	0.00	11423.59
6.30	6925.99	0.00	11231.71
6.40	10210.04	0.00	10995.51
6.50	13474.38	0.00	10715.91
6.60	16701.81	0.00	10394.02
6.70	19874.78	0.00	10031.11
6.80	22975.51	0.00	9628.62
6.90	25986.16	0.00	9188.12
7.00	28888.97	0.00	8711.36
7.10	31666.43	0.00	8200.22
7.20	34301.45	0.00	7656.72
7.30	36777.53	0.00	7083.01
7.40	39078.89	0.00	6481.34
7.50	41190.67	0.00	5854.09
7.60	43099.05	0.00	5203.73
7.70	44791.39	0.00	4532.84
7.80	46256.39	0.00	3844.06
7.90	47484.18	0.00	3140.11
8.00	48466.42	0.00	2423.77
8.10	49196.41	0.00	1697.86
8.20	49669.15	0.00	965.25
8.30	49881.39	0.00	228.84
8.40	49862.67	0.00	-508.49
8.50	49705.85	0.00	-1243.80
8.60	49416.90	0.00	-1974.21
8.70	48995.30	0.00	-2696.82
8.80	48440.32	0.00	-3408.79
8.90	47751.07	0.00	-4107.31
9.00	46926.55	0.00	-4789.62
9.10	45965.70	0.00	-5453.02
9.20	44867.51	0.00	-6094.91
9.30	43631.05	0.00	-6712.74
9.40	42255.58	0.00	-7304.08
9.50	40740.67	0.00	-7866.60
9.60	39086.24	0.00	-8398.06
9.70	37292.69	0.00	-8896.39
9.80	35360.99	0.00	-9359.60
9.90	33292.76	0.00	-9785.88
10.00	31090.39	0.00	-10173.54
10.10	28757.08	0.00	-10521.04
10.20	26296.94	0.00	-10827.03
10.30	23715.05	0.00	-11090.28
10.40	21017.50	0.00	-11309.77
10.50	18211.46	0.00	-11484.62
10.60	15305.18	0.00	-11614.15
10.70	12308.00	0.00	-11697.84
10.80	9230.37	0.00	-11735.36
10.90	6083.81	0.00	-11726.58
11.00	2880.89	0.00	-11671.51
11.10	-364.84	0.00	-11570.38
11.20	-3638.91	0.00	-11423.59
11.30	-6925.99	0.00	-11231.71
11.40	-10210.04	0.00	-10995.51
11.50	-13474.38	0.00	-10715.91
11.60	-16701.81	0.00	-10394.02
11.70	-19874.78	0.00	-10031.11
11.80	-22975.51	0.00	-9628.62
11.90	-25986.16	0.00	-9188.12
12.00	-28888.97	0.00	-8711.36
12.10	-31666.43	0.00	-8200.22
12.20	-34301.45	0.00	-7656.72
12.30	-36777.53	0.00	-7083.01
12.40	-39078.89	0.00	-6481.34
12.50	-41190.67	0.00	-5854.09
12.60	-43099.05	0.00	-5203.73
12.70	-44791.39	0.00	-4532.84
12.80	-46256.39	0.00	-3844.06
12.90	-47484.18	0.00	-3140.11
13.00	-48466.42	0.00	-2423.77
13.10	-49196.41	0.00	-1697.86
13.20	-49669.15	0.00	-965.25
13.30	-49881.39	0.00	-228.84
13.40	-49862.67	0.00	508.49
13.50	-49705.85	0.00	1243.80
13.60	-49416.90	0.00	1974.21
13.70	-48995.30	0.00	2696.82
13.80	-48440.32	0.00	3408.79
13.90	-47751.07	0.00	4107.31
14.00	-46926.55	0.00	4789.62
14.10	-45965.70	0.00	5453.02
14.20	-44867.51	0.00	6094.91
14.30	-43631.05	0.00	6712.74
14.40	-42255.58	0.00	7304.08
14.50	-40740.67	0.00	7866.60
14.60	-39086.24	0.00	8398.06
14.70	-37292.69	0.00	8896.39
14.80	-35360.99	0.00	9359.60
14.90	-33292.76	0.00	9785.88
15.00	-31090.39	0.00	10173.54
15.10	-28757.08	0.00	10521.04
15.20	-26296.94	0.00	10827.03
15.30	-23715.05	0.00	11090.28
15.40	-21017.50	0.00	11309.77
15.50	-18211.46	0.00	11484.62
15.60	-15305.18	0.00	11614.15
15.70	-12308.00	0.00	11697.84
15.80	-9230.37	0.00	11735.36
15.90	-6083.81	0.00	11726.58
16.00	-2880.89	0.00	11671.51
16.10	364.84	0.00	11570.38
16.20	3638.91	0.00	11423.59
16.30	6925.99	0.00	11231.71
16.40	10210.04	0.00	10995.51
16.50	13474.38	0.00	10715.91
16.60	16701.81	0.00	10394.02
16.70	19874.78	0.00	10031.11
16.80	22975.51	0.00	9628.62
16.90	25986.16	0.00	9188.12
17.00	28888.97	0.00	8711.36
17.10	31666.43	0.00	8200.22
17.20	34301.45	0.00	7656.72
17.30	36777.53	0.00	7083.01
17.40	39078.89	0.00	6481.34
17.50	41190.67	0.00	5854.09
17.60	43099.05	0.00	5203.73
17.70	44791.39	0.00	4532.84
17.80	46256.39	0.00	3844.06
17.90	47484.18	0.00	3140.11
18.00	48466.42	0.00	2423.77
18.10	49196.41	0.00	1697.86
18.20	49669.15	0.00	965.25
18.30	49881.39	0.00	228.84
18.40	49862.67	0.00	-508.49
18.50	49705.85	0.00	-1243.80
18.60	49416.90	0.00	-1974.21
18.70	48995.30	0.00	-2696.82
18.80	48440.32	0.00	-3408.79
18.90	47751.07	0.00	-4107.31
19.00	46926.55	0.00	-4789.62
19.10	45965.70	0.00	-5453.02
19.20	44867.51	0.00	-6094.91
19.30	43631.05	0.00	-6712.74
19.40	42255.58	0.00	-7304.08
19.50	40740.67	0.00	-7866.60
19.60	39086.24	0.00	-8398.06
19.70	37292.69	0.00	-8896.39
19.80	35360.99	0.00	-9359.60
19.90	33292.76	0.00	-9785.88
20.00	31090.39	0.00	-10173.54
20.10	28757.08	0.00	-10521.04
20.20	26296.94	0.00	-10827.03
20.30	23715.05	0.00	-11090.28
20.40	21017.50	0.00	-11309.77
20.50	18211.46	0.00	-11484.62
20.60	15305.18	0.00	-11614.15
20.70	12308.00	0.00	-11697.84
20.80	9230.37	0.00	-11735.36
20.90	6083.81	0.00	-11726.58
21.00	2880.89	0.00	-11671.51
21.10	-364.84	0.00	-11570.38
21.20	-3638.91	0.00	-11423.59
21.30	-6925.99	0.00	-11231.71
21.40	-10210.04	0.00	-10995.51
21.50	-13474.38	0.00	-10715.91
21.60	-16701.81	0.00	-10394.02
21.70	-19874.78	0.00	-10031.11
21.80	-22975.51	0.00	-9628.62
21.90	-25986.16	0.00	-9188.12
22.00	-28888.97	0.00	-8711.36
22.10	-31666.43	0.00	-8200.22
22.20	-34301.45	0.00	-7656.72
22.30	-36777.53	0.00	-7083.01
22.40	-39078.89	0.00	-6481.34
22.50	-41190.67	0.00	-5854.09
22.60	-43099.05	0.00	-5203.73
22.70	-44791.39	0.00	-4532.84
22.80	-46256.39	0.00	-3844.06
22.90	-47484.18	0.00	-3140.11
23.00	-48466.42	0.00	-2423.77
23.10	-49196.41	0.00	-1697.86
23.20	-49669.15	0.00	-965.25
23.30	-49881.39	0.00	-228.84
23.40	-49862.67	0.00	508.49
23.50	-49705.85	0.00	1243.80
23.60	-49416.90	0.00	1974.21
23.70	-48995.30	0.00	2696.82
23.80	-48440.32	0.00	3408.79
23.90	-47751.07	0.00	4107.31
24.00	-46926.55	0.00	4789.62
24.10	-45965.70	0.00	5453.02
24.20	-44867.51	0.00	6094.91
24.30	-43631.05	0.00	6712.74
24.40	-42255.58	0.00	7304.08
24.50	-40740.67	0.00	7866.60
24.60	-39086.24	0.00	8398.06
24.70	-37292.69	0.00	8896.39
24.80	-35360.99	0.00	9359.60
24.90	-33292.76	0.00	9785.88
25.00	-31090.39	0.00	10173.54
25.10	-28757.08	0.00	10521.04
25.20	-26296.94	0.00	10827.03
25.30	-23715.05	0.00	11090.28
25.40	-21017.50	0.00	11309.77
25.50	-18211.46	0.00	11484.62
25.60	-15305.18	0.00	11614.15
25.70	-12308.00	0.00	11697.84
25.80	-9230.37	0.00	11735.36
25.90	-6083.81	0.00	11726.58
26.00	-2880.89	0.00	11671.51
26.10	364.84	0.00	11570.38
26.20	3638.91	0.00	11423.59
26.30	6925.99	0.00	11231.71
26.40	10210.04	0.00	10995.51
26.50	13474.38	0.00	10715.91
26.60	16701.81	0.00	10394.02
26.70	19874.78	0.00	10031.11
26.80	22975.51	0.00	9628.62
26.90	25986.16	0.00	9188.12
27.00	28888.97	0.00	8711.36
27.10	31666.43	0.00	8200.22
27.20	34301.45	0.00	7656.72
27.30	36777.53	0.00	7083.01
27.40	39078.89	0.00	6481.34
27.50	41190.67	0.00	5854.09
27.60	43099.05	0.00	5203.73
27.70	44791.39	0.00	4532.84
27.80	46256.39	0.00	3844.06
27.90	47484.18	0.00	3140.11
28.00	48466.42	0.00	2423.77
28.10	49196.41	0.00	1697.86
28.20	49669.15	0.00	965.25
28.30	49881.39	0.00	228.84
28.40	49862.67	0.00	-508.49
28.50	49705.85	0.00	-1243.80
28.60	49416.90	0.00	-1974.21
28.70	48995.30	0.00	-2696.82
28.80	48440.32	0.00	-3408.79
28.90	47751.07	0.00	-4107.31
29.00	46926.55	0.00	-4789.62
29.10	45965.70	0.00	-5453.02
29.20	44867.51	0.00	-6094.91
29.30	43631.05	0.00	-6712.74
29.40	42255.58	0.00	-7304.08
29.50	40740.67	0.00	-7866.60
29.60	39086.24	0.00	-8398.06
29.70	37292.69	0.00	-8896.39
29.80	35360.99	0.00	-9359.60
29.90	33292.76	0.00	-9785.88
30.00	31090.39	0.00	-10173.54
30.10	28757.08	0.00	-10521.04
30.20	26296.94	0.00	-10827.03
30.30	23715.05	0.00	-11090.28
30.40	21017.50	0.00	-11309.77
30.50	18211.46	0.00	-11484.62
30.60	15305.18	0.00	-11614.15
30.70	12308.00	0.00	-11697.84
30.80	9230.37	0.00	-11735.36
30.90	6083.81	0.00	-11726.58
31.00	2880.89	0.00	-11671.51
31.10	-364.84	0.00	-11570.38
31.20	-3638.91	0.00	-11423.59
31.30	-6925.99	0.00	-11231.71
31.40	-10210.04	0.00	-10995.51
31.50	-13474.38	0.00	-10715.91
31.60	-16701.81	0.00	-10394.02
31.70	-19874.78	0.00	-10031.11
31.80	-22975.51	0.00	-9628.62
31.90	-25986.16	0.00	-9188.12
32.00	-28888.97	0.00	-8711.36
32.10	-31666.43	0.00	-8200.22
32.20	-34301.45	0.00	-7656.72
32.30	-36777.53	0.00	-7083.01
32.40	-39078.89	0.00	-6481.34
32.50	-41190.67	0.00	-5854.09
32.60	-43099.05	0.00	-5203.73
32.70	-44791.39	0.00	-4532.84
32.80	-46256.39	0.00	-3844.06
32.90	-47484.18	0.00	-3140.11
33.00	-48466.42	0.00	-2423.77
33.10	-49196.41	0.00	-1697.86
33.20	-49669.15	0.00	-965.25
33.30	-49881.39	0.00	-228.84
33.40	-49862.67	0.00	508.49
33.50	-49705.85	0.00	1243.80
33.60	-49416.90	0.00	1974.21
33.70	-48995.30	0.00	2696.82
33.80	-48440.32	0.00	3408.79
33.90	-47751.07	0.00	4107.31
34.00	-46926.55	0.00	4789.62
34.10	-45965.70	0.00	5453.02
34.20	-44867.51	0.00	6094.91
34.30	-43631.05	0.00	6712.74
34.40	-42255.58	0.00	7304.08
34.50	-40740.67	0.00	7866.60
34.60	-39086.24	0.00	8398.06
34.70	-37292.69	0.00	8896.39
34.80	-35360.99	0.00	9359.60
34.90	-33292.76	0.00	9785.88
35.00	-31090.39	0.00	10173.54
35.10	-28757.08	0.00	10521.04
35.20	-26296.94	0.00	10827.03
35.30	-23715.05	0.00	11090.28
35.40	-21017.50	0.00	11309.77
35.50	-18211.46	0.00	11484.62
35.60	-15305.18	0.00	11614.15
35.70	-12308.00	0.00	11697.84
35.80	-9230.37	0.00	11735.36
35.90	-6083.81	0.00	11726.58
36.00	-2880.89	0.00	11671.51
36.10	364.84	0.00	11570.38
36.20	3638.91	0.00	11423.59
36.30	6925.99	0.00	11231.71
36.40	10210.04	0.00	10995.51
36.50	13474.38	0.00	10715.91
36.60	16701.81	0.00	10394.02
36.70	19874.78	0.00	10031.11
36.80	22975.51	0.00	9628.62
36.90	25986.16	0.00	9188.12
37.00	28888.97	0.00	8711.36
37.10	31666.43	0.00	8200.22
37.20	34301.45	0.00	7656.72
37.30	36777.53	0.00	7083.01
37.40	39078.89	0.00	6481.34
37.50	41190.67	0.00	5854.09
37.60	43099.05	0.00	5203.73
37.70	44791.39	0.00	4532.84
37.80	46256.39	0.00	3844.06
37.90	47484.18	0.00	3140.11
38.00	48466.42	0.00	2423.77
38.10	49196.41	0.00	1697.86
38.20	49669.15	0.00	965.25
38.30	49881.39	0.00	228.84
38.40	49862.67	0.00	-508.49
38.50	49705.85	0.00	-1243.80
38.60	49416.90	0.00	-1974.21
38.70	48995.30	0.00	-2696.82
38.80	48440.32	0.00	-3408.79
38.90	47751.07	0.00	-4107.31
39.00	46926.55	0.00	-4789.62
39.10	45965.70	0.00	-5453.02
39.20	44867.51	0.00	-6094.91
39.30	43631.05	0.00	-6712.74
39.40	42255.58	0.00	-7304.08
39.50	40740.67	0.00	-7866.60
39.60	39086.24	0.00	-8398.06
39.70	37292.69	0.00	-8896.39
39.80	35360.99	0.00	-9359.60
39.90	33292.76	0.00	-9785.88
40.00	31090.39	0.00	-10173.54
40.10	28757.08	0.00	-10521.04
40.20	26296.94	0.00	-10827.03
40.30	23715.05	0.00	-11090.28
40.40	21017.50	0.00	-11309.77
40.50	18211.46	0.00	-11484.62
40.60	15305.18	0.00	-11614.15
40.70	12308.00	0.00	-11697.84
40.80	9230.37	0.00	-11735.36
40.90	6083.81	0.00	-11726.58
41.00	2880.89	0.00	-11671.51
41.10	-364.84	0.00	-11570.38
41.20	-3638.91	0.00	-11423.59
41.30	-6925.99	0.00	-11231.71
41.40	-10210.04	0.00	-10995.51
41.50	-13474.38	0.00	-10715.91
41.60	-16701.81	0.00	-10394.02
41.70	-19874.78	0.00	-10031.11
41.80	-22975.51	0.00	-9628.62
41.90	-25986.16	0.00	-9188.12
42.00	-28888.97	0.00	-8711.36
42.10	-31666.43	0.00	-8200.22
42.20	-34301.45	0.00	-7656.72
42.30	-36777.53	0.00	-7083.01
42.40	-39078.89	0.00	-6481.34
42.50	-41190.67	0.00	-5854.09
42.60	-43099.05	0.00	-5203.73
42.70	-44791.39	0.00	-4532.84
42.80	-46256.39	0.00	-3844.06
42.90	-47484.18	0.00	-3140.11
43.00	-48466.42	0.00	-2423.77
43.10	-49196.41	0.00	-1697.86
43.20	-49669.15	0.00	-965.25
43.30	-49881.39	0.00	-228.84
43.40	-49862.67	0.00	508.49
43.50	-49705.85	0.00	1243.80
43.60	-49416.90	0.00	1974.21
43.70	-48995.30	0.00	2696.82
43.80	-48440.32	0.00	3408.79
43.90	-47751.07	0.00	4107.31
44.00	-46926.55	0.00	4789.62
44.10	-45965.70	0.00	5453.02
44.20	-44867.51	0.00	6094.91
44.30	-43631.05	0.00	6712.74
44.40	-42255.58	0.00	7304.08
44.50	-40740.67	0.00	7866.60
44.60	-39086.24	0.00	8398.06
44.70	-37292.69	0.00	8896.39
44.80	-35360.99	0.00	9359.60
44.90	-33292.76	0.00	9785.88
45.00	-31090.39	0.00	10173.54
45.10	-28757.08	0.00	10521.04
45.20	-26296.94	0.00	10827.03
45.30	-23715.05	0.00	11090.28
45.40	-21017.50	0.00	11309.77
45.50	-18211.46	0.00	11484.62
45.60	-15305.18	0.00	11614.15
45.70	-12308.00	0.00	11697.84
45.80	-9230.37	0.00	11735.36
45.90	-6083.81	0.00	11726.58
46.00	-2880.89	0.00	11671.51
46.10	364.84	0.00	11570.38
46.20	3638.91	0.00	11423.59
46.30	6925.99	0.00	11231.71
46.40	10210.04	0.00	10995.51
46.50	13474.38	0.00	10715.91
46.60	16701.81	0.00	10394.02
46.70	19874.78	0.00	10031.11
46.80	22975.51	0.00	9628.62
46.90	25986.16	0.00	9188.12
47.00	28888.97	0.00	8711.36
47.10	31666.43	0.00	8200.22
47.20	34301.45	0.00	7656.72
47.30	36777.53	0.00	7083.01
47.40	39078.89	0.00	6481.34
47.50	41190.67	0.00	5854.09
47.60	43099.05	0.00	5203.73
47.70	44791.39	0.00	4532.84
47.80	46256.39	0.00	3844.06
47.90	47484.18	0.00	3140.11
48.00	48466.42	0.00	2423.77
48.10	49196.41	0.00	1697.86
48.20	49669.15	0.00	965.25
48.30	49881.39	0.00	228.84
48.40	49862.67	0.00	-508.49
48.50	49705.85	0.00	-1243.80
48.60	49416.90	0.00	-1974.21
48.70	48995.30	0.00	-2696.82
48.80	48440.32	0.00	-3408.79
48.90	47751.07	0.00	-4107.31
49.00	46926.55	0.00	-4789.62
49.10	45965.70	0.00	-5453.02
49.20	44867.51	0.00	-6094.91
49.30	43631.05	0.00	-6712.74
49.40	42255.58	0.00	-7304.08
49.50	40740.67	0.00	-7866.60
49.60	39086.24	0.00	-8398.06
49.70	37292.69	0.00	-8896.39
49.80	35360.99	0.00	-9359.60
49.90	33292.76	0.00	-9785.88
50.00	31090.39	0.00	-10173.54
50.10	28757.08	0.00	-10521.04
50.20	26296.94	0.00	-10827.03
50.30	23715.05	0.00	-11090.28
50.40	21017.50	0.00	-11309.77
50.50	18211.46	0.00	-11484.62
50.60	15305.18	0.00	-11614.15
50.70	12308.00	0.00	-11697.84
50.80	9230.37	0.00	-11735.36
50.90	6083.81	0.00	-11726.58
51.00	2880.89	0.00	-11671.51
51.10	-364.84	0.00	-11570.38
51.20	-3638.91	0.00	-11423.59
51.30	-6925.99	0.00	-11231.71
51.40	-10210.04	0.00	-10995.51
51.50	-13474.38	0.00	-10715.91
51.60	-16701.81	0.00	-10394.02
51.70	-19874.78	0.00	-10031.11
51.80	-22975.51	0.00	-9628.62
51.90	-25986.16	0.00	-9188.12
52.00	-28888.97	0.00	-8711.36
52.10	-31666.43	0.00	-8200.22
52.20	-34301.45	0.00	-7656.72
52.30	-36777.53	0.00	-7083.01
52.40	-39078.89	0.00	-6481.34
52.50	-41190.67	0.00	-5854.09
52.60	-43099.05	0.00	-5203.73
52.70	-44791.39	0.00	-4532.84
52.80	-46256.39	0.00	-3844.06
52.90	-47484.18	0.00	-3140.11
53.00	-48466.42	0.00	-2423.77
53.10	-49196.41	0.00	-1697.86
53.20	-49669.15	0.00	-965.25
53.30	-49881.39	0.00	-228.84
53.40	-49862.67	0.00	508.49
53.50	-49705.85	0.00	1243.80
53.60	-49416.90	0.00	1974.21
53.70	-48995.30	0.00	2696.82
53.80	-48440.32	0.00	3408.79
53.90	-47751.07	0.00	4107.31
54.00	-46926.55	0.00	4789.62
54.10	-45965.70	0.00	5453.02
54.20	-44867.51	0.00	6094.91
54.30	-43631.05	0.00	6712.74
54.40	-42255.58	0.00	7304.08
54.50	-40740.67	0.00	7866.60
54.60	-39086.24	0.00	8398.06
54.70	-37292.69	0.00	8896.39
54.80	-35360.99	0.00	9359.60
54.90	-33292.76	0.00	9785.88
55.00	-31090.39	0.00	10173.54
55.10	-28757.08	0.00	10521.04
55.20	-26296.94	0.00	10827.03
55.30	-23715.05	0.00	11090.28
55.40	-21017.50	0.00	11309.77
55.50	-18211.46	0.00	11484.62
55.60	-15305.18	0.00	11614.15
55.70	-12308.00	0.00	11697.84
55.80	-9230.37	0.00	11735.36
55.90	-6083.81	0.00	11726.58
56.00	-2880.89	0.00	11671.51
56.10	364.84	0.00	11570.38
56.20	3638.91	0.00	11423.59
56.30	6925.99	0.00	11231.71
56.40	10210.04	0.00	10995.51
56.50	13474.38	0.00	10715.91
56.60	16701.81	0.00	10394.02
56.70	19874.78	0.00	10031.11
56.80	22975.51	0.00	9628.62
56.90	25986.16	0.00	9188.12
57.00	28888.97	0.00	8711.36
57.10	31666.43	0.00	8200.22
57.20	34301.45	0.00	7656.72
57.30	36777.53	0.00	7083.01
57.40	39078.89	0.00	6481.34
57.50	41190.67	0.00	5854.09
57.60	43099.05	0.00	5203.73
57.70	44791.39	0.00	4532.84
57.80	46256.39	0.00	3844.06
57.90	47484.18	0.00	3140.11
58.00	48466.42	0.00	2423.77
58.10	49196.41	0.00	1697.86
58.20	49669.15	0.00	965.25
58.30	49881.39	0.00	228.84
58.40	49862.67	0.00	-508.49
58.50	49705.85	0.00	-1243.80
58.60	49416.90	0.00	-1974.21
58.70	48995.30	0.00	-2696.82
58.80	48440.32	0.00	-3408.79
58.90	47751.07	0.00	-4107.31
59.00	46926.55	0.00	-4789.62
59.10	45965.70	0.00	-5453.02
59.20	44867.51	0.00	-6094.91
59.30	43631.05	0.00	-6712.74
59.40	42255.58	0.00	-7304.08
59.50	40740.67	0.00	-7866.60
59.60	39086.24	0.00	-8398.06
59.70	37292.69	0.00	-8896.39
59.80	35360.99	0.00	-9359.60
59.90	33292.76	0.00	-9785.88
60.00	31090.39	0.00	-10173.54
60.10	28757.08	0.00	-10521.04
60.20	26296.94	0.00	-10827.03
60.30	23715.05	0.00	-11090.28
60.40	21017.50	0.00	-11309.77
60.50	18211.46	0.00	-11484.62
60.60	15305.18	0.00	-11614.15
60.70	12308.00	0.00	-11697.84
60.80	9230.37	0.00	-11735.36
60.90	6083.81	0.00	-11726.58
61.00	2880.89	0.00	-11671.51
61.10	-364.84	0.00	-11570.38
61.20	-3638.91	0.00	-11423.59
61.30	-6925.99	0.00	-11231.71
61.40	-10210.04	0.00	-10995.51
61.50	-13474.38	0.00	-10715.91
61.60	-16701.81	0.00	-10394.02
61.70	-19874.78	0.00	-10031.11
61.80	-22975.51	0.00	-9628.62
61.90	-25986.16	0.00	-9188.12
62.00	-28888.97	0.00	-8711.36
62.10	-31666.43	0.00	-8200.22
62.20	-34301.45	0.00	-7656.72
62.30	-36777.53	0.00	-7083.01
62.40	-39078.89	0.00	-6481.34
62.50	-41190.67	0.00	-5854.09
62.60	-43099.05	0.00	-5203.73
62.70	-44791.39	0.00	-4532.84
62.80	-46256.39	0.00	-3844.06
62.90	-47484.18	0.00	-3140.11
63.00	-48466.42	0.00	-2423.77
63.10	-49196.41	0.00	-1697.86
63.20	-49669.15	0.00	-965.25
63.30	-49881.39	0.00	-228.84
63.40	-49862.67	0.00	508.49
63.50	-49705.85	0.00	1243.80
63.60	-49416.90	0.00	1974.21
63.70	-48995.30	0.00	2696.82
63.80	-48440.32	0.00	3408.79
63.90	-47751.07	0.00	4107.31
64.00	-46926.55	0.00	4789.62
64.10	-45965.70	0.00	5453.02
64.20	-44867.51	0.00	6094.91
64.30	-43631.05	0.00	6712.74
64.40	-42255.58	0.00	7304.08
64.50	-40740.67	0.00	7866.60
64.60	-39086.24	0.00	8398.06
64.70	-37292.69	0.00	8896.39
64.80	-35360.99	0.00	9359.60
64.90	-33292.76	0.00	9785.88
65.00	-31090.39	0.00	10173.54
65.10	-28757.08	0.00	10521.04
65.20	-26296.94	0.00	10827.03
65.30	-23715.05	0.00	11090.28
65.40	-21017.50	0.00	11309.77
65.50	-18211.46	0.00	11484.62
65.60	-15305.18	0.00	11614.15
65.70	-12308.00	0.00	11697.84
65.80	-9230.37	0.00	11735.36
65.90	-6083.81	0.00	11726.58
66.00	-2880.89	0.00	11671.51
66.10	364.84	0.00	11570.38
66.20	3638.91	0.00	11423.59
66.30	6925.99	0.00	11231.71
66.40	10210.04	0.00	10995.51
66.50	13474.38	0.00	10715.91
66.60	16701.81	0.00	10394.02
66.70	19874.78	0.00	10031.11
66.80	22975.51	0.00	9628.62
66.90	25986.16	0.00	9188.12
67.00	28888.97	0.00	8711.36
67.10	31666.43	0.00	8200.22
67.20	34301.45	0.00	7656.72
67.30	36777.53	0.00	7083.01
67.40	39078.89	0.00	6481.34
67.50	41190.67	0.00	5854.09
67.60	43099.05	0.00	5203.73
67.70	44791.39	0.00	4532.84
67.80	46256.39	0.00	3844.06
67.90	47484.18	0.00	3140.11
68.00	48466.42	0.00	2423.77
68.10	49196.41	0.00	1697.86
68.20	49669.15	0.00	965.25
68.30	49881.39	0.00	228.84
68.40	49862.67	0.00	-508.49
68.50	49705.85	0.00	-1243.80
68.60	49416.90	0.00	-1974.21
68.70	48995.30	0.00	-2696.82
68.80	48440.32	0.00	-3408.79
68.90	47751.07	0.00	-4107.31
69.00	46926.55	0.00	-4789.62
69.10	45965.70	0.00	-5453.02
69.20	44867.51	0.00	-6094.91
69.30	43631.05	0.00	-6712.74
69.40	42255.58	0.00	-7304.08
69.50	40740.67	0.00	-7866.60
69.60	39086.24	0.00	-8398.06
69.70	37292.69	0.00	-8896.39
69.80	35360.99	0.00	-9359.60
69.90	33292.76	0.00	-9785.88
70.00	31090.39	0.00	-10173.54
70.10	28757.08	0.00	-10521.04
70.20	26296.94	0.00	-10827.03
70.30	23715.05	0.00	-11090.28
70.40	21017.50	0.00	-11309.77
70.50	18211.46	0.00	-11484.62
70.60	15305.18	0.00	-11614.15
70.70	12308.00	0.00	-11697.84
70.80	9230.37	0.00	-11735.36
70.90	6083.81	0.00	-11726.58
71.00	2880.89	0.00	-11671.51
71.10	-364.84	0.00	-11570.38
71.20	-3638.91	0.00	-11423.59
71.30	-6925.99	0.00	-11231.71
71.40	-10210.04	0.00	-10995.51
71.50	-13474.38	0.00	-10715.91
71.60	-16701.81	0.00	-10394.02
71.70	-19874.78	0.00	-10031.11
71.80	-22975.51	0.00	-9628.62
71.90	-25986.16	0.00	-9188.12
72.00	-28888.97	0.00	-8711.36
72.10	-31666.43	0.00	-8200.22
72.20	-34301.45	0.00	-7656.72
72.30	-36777.53	0.00	-7083.01
72.40	-39078.89	0.00	-6481.34
72.50	-41190.67	0.00	-5854.09
72.60	-43099.05	0.00	-5203.73
72.70	-44791.39	0.00	-4532.84
72.80	-46256.39	0.00	-3844.06
72.90	-47484.18	0.00	-3140.11
73.00	-48466.42	0.00	-2423.77
73.10	-49196.41	0.00	-1697.86
73.20	-49669.15	0.00	-965.25
73.30	-49881.39	0.00	-228.84
73.40	-49862.67	0.00	508.49
73.50	-49705.85	0.00	1243.80
73.60	-49416.90	0.00	1974.21
73.70	-48995.30	0.00	2696.82
73.80	-48440.32	0.00	3408.79
73.90	-47751.07	0.00	4107.31
74.00	-46926.55	0.00	4789.62
74.10	-45965.70	0.00	5453.02
74.20	-44867.51	0.00	6094.91
74.30	-43631.05	0.00	6712.74
74.40	-42255.58	0.00	7304.08
74.50	-40740.67	0.00	7866.60
74.60	-39086.24	0.00	8398.06
74.70	-37292.69	0.00	8896.39
74.80	-35360.99	0.00	9359.60
74.90	-33292.76	0.00	9785.88
75.00	-31090.39	0.00	10173.54
75.10	-28757.08	0.00	10521.04
75.20	-26296.94	0.00	10827.03
75.30	-23715.05	0.00	11090.28
75.40	-21017.50	0.00	11309.77
75.50	-18211.46	0.00	11484.62
75.60	-15305.18	0.00	11614.15
75.70	-12308.00	0.00	11697.84
75.80	-9230.37	0.00	11735.36
75.90	-6083.81	0.00	11726.58
76.00	-2880.89	0.00	11671.51
76.10	364.84	0.00	11570.38
76.20	3638.91	0.00	11423.59
76.30	6925.99	0.00	11231.71
76.40	10210.04	0.00	10995.51
76.50	13474.38	0.00	10715.91
76.60	16701.81	0.00	10394.02
76.70	19874.78	0.00	10031.11
76.80	22975.51	0.00	9628.62
76.90	25986.16	0.00	9188.12
77.00	28888.97	0.00	8711.36
77.10	31666.43	0.00	8200.22
77.20	34301.45	0.00	7656.72
77.30	36777.53	0.00	7083.01
77.40	39078.89	0.00	6481.34
77.50	41190.67	0.00	5854.09
77.60	43099.05	0.00	5203.73
77.70	44791.39	0.00	4532.84
77.80	46256.39	0.00	3844.06
77.90	47484.18	0.00	3140.11
78.00	48466.42	0.00	2423.77
78.10	49196.41	0.00	1697.86
78.20	49669.15	0.00	965.25
78.30	49881.39	0.00	228.84
78.40	49862.67	0.00	-508.49
78.50	49705.85	0.00	-1243.80
78.60	49416.90	0.00	-1974.21
78.70	48995.30	0.00	-2696.82
78.80	48440.32	0.00	-3408.79
78.90	47751.07	0.00	-4107.31
79.00	46926.55	0.00	-4789.62
79.10	45965.70	0.00	-5453.02
79.20	44867.51	0.00	-6094.91
79.30	43631.05	0.00	-6712.74
79.40	42255.58	0.00	-7304.08
79.50	40740.67	0.00	-7866.60
79.60	39086.24	0.00	-8398.06
79.70	37292.69	0.00	-8896.39
79.80	35360.99	0.00	-9359.60
79.90	33292.76	0.00	-9785.88
80.00	31090.39	0.00	-10173.54
80.10	28757.08	0.00	-10521.04
80.20	26296.94	0.00	-10827.03
80.30	23715.05	0.00	-11090.28
80.40	21017.50	0.00	-11309.77
80.50	18211.46	0.00	-11484.62
80.60	15305.18	0.00	-11614.15
80.70	12308.00	0.00	-11697.84
80.80	9230.37	0.00	-11735.36
80.90	6083.81	0.00	-11726.58
81.00	2880.89	0.00	-11671.51
81.10	-364.84	0.00	-11570.38
81.20	-3638.91	0.00	-11423.59
81.30	-6925.99	0.00	-11231.71
81.40	-10210.04	0.00	-10995.51
81.50	-13474.38	0.00	-10715.91
81.60	-16701.81	0.00	-10394.02
81.70	-19874.78	0.00	-10031.11
81.80	-22975.51	0.00	-9628.62
81.90	-25986.16	0.00	-9188.12
82.00	-28888.97	0.00	-8711.36
82.10	-31666.43	0.00	-8200.22
82.20	-34301.45	0.00	-7656.72
82.30	-36777.53	0.00	-7083.01
82.40	-39078.89	0.00	-6481.34
82.50	-41190.67	0.00	-5854.09
82.60	-43099.05	0.00	-5203.73
82.70	-44791.39	0.00	-4532.84
82.80	-46256.39	0.00	-3844.06
82.90	-47484.18	0.00	-3140.11
83.00	-48466.42	0.00	-2423.77
83.10	-49196.41	0.00	-1697.86
83.20	-49669.15	0.00	-965.25
83.30	-49881.39	0.00	-228.84
83.40	-49862.67	0.00	508.49
83.50	-49705.85	0.00	1243.80
83.60	-49416.90	0.00	1974.21
83.70	-48995.30	0.00	2696.82
83.80	-48440.32	0.00	3408.79
83.90	-47751.07	0.00	4107.31
84.00	-46926.55	0.00	4789.62
84.10	-45965.70	0.00	5453.02
84.20	-44867.51	0.00	6094.91
84.30	-43631.05	0.00	6712.74
84.40	-42255.58	0.00	7304.08
84.50	-40740.67	0.00	7866.60
84.60	-39086.24	0.00	8398.06
84.70	-37292.69	0.00	8896.39
84.80	-35360.99	0.00	9359.60
84.90	-33292.76	0.00	9785.88
85.00	-31090.39	0.00	10173.54
85.10	-28757.08	0.00	10521.04
85.20	-26296.94	0.00	10827.03
85.30	-23715.05	0.00	11090.28
85.40	-21017.50	0.00	11309.77
85.50	-18211.46	0.00	11484.62
85.60	-15305.18	0.00	11614.15
85.70	-12308.00	0.00	11697.84
85.80	-9230.37	0.00	11735.36
85.90	-6083.81	0.00	11726.58
86.00	-2880.89	0.00	11671.51
86.10	364.84	0.00	11570.38
86.20	3638.91	0.00	11423.59
86.30	6925.99	0.00	11231.71
86.40	10210.04	0.00	10995.51
86.50	13474.38	0.00	10715.91
86.60	16701.81	0.00	10394.02
86.70	19874.78	0.00	10031.11
86.80	22975.51	0.00	9628.62
86.90	25986.16	0.00	9188.12
87.00	28888.97	0.00	8711.36
87.10	31666.43	0.00	8200.22
87.20	34301.45	0.00	7656.72
87.30	36777.53	0.00	7083.01
87.40	39078.89	0.00	6481.34
87.50	41190.67	0.00	5854.09
87.60	43099.05	0.00	5203.73
87.70	44791.39	0.00	4532.84
87.80	46256.39	0.00	3844.06
87.90	47484.18	0.00	3140.11
88.00	48466.42	0.00	2423.77
88.10	49196.41	0.00	1697.86
88.20	49669.15	0.00	965.25
88.30	49881.39	0.00	228.84
88.40	49862.67	0.00	-508.49
88.50	49705.85	0.00	-1243.80
88.60	49416.90	0.00	-1974.21
88.70	48995.30	0.00	-2696.82
88.80	48440.32	0.00	-3408.79
88.90	47751.07	0.00	-4107.31
89.00	46926.55	0.00	-4789.62
89.10	45965.70	0.00	-5453.02
89.20	44867.51	0.00	-6094.91
89.30	43631.05	0.00	-6712.74
89.40	42255.58	0.00	-7304.08
89.50	40740.67	0.00	-7866.60
89.60	39086.24	0.00	-8398.06
89.70	37292.69	0.00	-8896.39
89.80	35360.99	0.00	-9359.60
89.90	33292.76	0.00	-9785.88
90.00	31090.39	0.00	-10173.54
90.10	28757.08	0.00	-10521.04
90.20	26296.94	0.00	-10827.03
90.30	23715.05	0.00	-11090.28
90.40	21017.50	0.00	-11309.77
90.50	18211.46	0.00	-11484.62
90.60	15305.18	0.00	-11614.15
90.70	12308.00	0.00	-11697.84
90.80	9230.37	0.00	-11735.36
90.90	6083.81	0.00	-11726.58
91.00	2880.89	0.00	-11671.51
91.10	-364.84	0.00	-11570.38
91.20	-3638.91	0.00	-11423.59
91.30	-6925.99	0.00	-11231.71
91.40	-10210.04	0.00	-10995.51
91.50	-13474.38	0.00	-10715.91
91.60	-16701.81	0.00	-10394.02
91.70	-19874.78	0.00	-10031.11
91.80	-22975.51	0.00	-9628.62
91.90	-25986.16	0.00	-9188.12
92.00	-28888.97	0.00	-8711.36
92.10	-31666.43	0.00	-8200.22
92.20	-34301.45	0.00	-7656.72
92.30	-36777.53	0.00	-7083.01
92.40	-39078.89	0.00	-6481.34
92.50	-41190.67	0.00	-5854.09
92.60	-43099.05	0.00	-5203.73
92.70	-44791.39	0.00	-4532.84
92.80	-46256.39	0.00	-3844.06
92.90	-47484.18	0.00	-3140.11
93.00	-48466.42	0.00	-2423.77
93.10	-49196.41	0.00	-1697.86
93.20	-49669.15	0.00	-965.25
93.30	-49881.39	0.00	-228.84
93.40	-49862.67	0.00	508.49
93.50	-49705.85	0.00	1243.80
93.60	-49416.90	0.00	1974.21
93.70	-48995.30	0.00	2696.82
93.80	-48440.32	0.00	3408.79
93.90	-47751.07	0.00	4107.31
94.00	-46926.55	0.00	4789.62
94.10	-45965.70	0.00	5453.02
94.20	-44867.51	0.00	6094.91
94.30	-43631.05	0.00	6712.74
94.40	-42255.58	0.00	7304.08
94.50	-40740.67	0.00	7866.60
94.60	-39086.24	0.00	8398.06
94.70	-37292.69	0.00	8896.39
94.80	-35360.99	0.00	9359.60
94.90	-33292.76	0.00	9785.88
95.00	-31090.39	0.00	10173.54
95.10	-28757.08	0.00	10521.04
95.20	-26296.94	0.00	10827.03
95.30	-23715.05	0.00	11090.28
95.40	-21017.50	0.00	11309.77
95.50	-18211.46	0.00	11484.62
95.60	-15305.18	0.00	11614.15
95.70	-12308.00	0.00	11697.84
95.80	-9230.37	0.00	11735.36
95.90	-6083.81	0.00	11726.58
96.00	-2880.89	0.00	11671.51
96.10	364.84	0.00	11570.38
96.20	3638.91	0.00	11423.59
96.30	6925.99	0.00	11231.71
96.40	10210.04	0.00	10995.51
96.50	13474.38	0.00	10715.91
96.60	16701.81	0.00	10394.02
96.70	19874.78	0.00	10031.11
96.80	22975.51	0.00	9628.62
96.90	25986.16	0.00	9188.12
97.00	28888.97	0.00	8711.36
97.10	31666.43	0.00	8200.22
97.20	34301.45	0.00	7656.72
97.30	36777.53	0.00	7083.01
97.40	39078.89	0.00	6481.34
97.50	41190.67	0.00	5854.09
97.60	43099.05	0.00	5203.73
97.70	44791.39	0.00	4532.84
97.80	46256.39	0.00	3844.06
97.90	47484.18	0.00	3140.11
98.00	48466.42	0.00	2423.77
98.10	49196.41	0.00	1697.86
98.20	49669.15	0.00	965.25
98.30	49881.39	0.00	228.84
98.40	49862.67	0.00	-508.49
98.50	49705.85	0.00	-1243.80
98.60	49416.90	0.00	-1974.21
98.70	48995.30	0.00	-2696.82
98.80	48440.32	0.00	-3408.79
98.90	47751.07	0.00	-4107.31
99.00	46926.55	0.00	-4789.62
99.10	45965.70	0.00	-5453.02
99.20	44867.51	0.00	-6094.91
99.30	43631.05	0.00	-6712.74
99.40	42255.58	0.00	-7304.08
99.50	40740.67	0.00	-7866.60
99.60	39086.24	0.00	-8398.06
99.70	37292.69	0.00	-8896.39
99.80	35360.99	0.00	-9359.60
99.90	33292.76	0.00	-9785.88
100.00	31090.39	0.00	-10173.54
100.10	28757.08	0.00	-10521.04
100.20	26296.94	0.00	-10827.03
100.30	23715.05	0.00	-11090.28
100.40	21017.50	0.00	-11309.77
100.50	18211.46	0.00	-11484.62
100.60	15305.18	0.00	-11614.15
100.70	12308.00	0.00	-11697.84
100.80	9230.37	0.00	-11735.36
100.90	6083.81	0.00	-11726.58
101.00	2880.89	0.00	-11671.51
101.10	-364.84	0.00	-11570.38
101.20	-3638.91	0.00	-11423.59
101.30	-6925.99	0.00	-11231.71
101.40	-10210.04	0.00	-10995.51
101.50	-13474.38	0.00	-10715.91
101.60	-16701.81	0.00	-10394.02
101.70	-19874.78	0.00	-10031.11
101.80	-22975.51	0.00	-9628.62
101.90	-25986.16	0.00	-9188.12
102.00	-28888.97	0.00	-8711.36
102.10	-31666.43	0.00	-8200.22
102.20	-34301.45	0.00	-7656.72
102.30	-36777.53	0.00	-7083.01
102.40	-39078.89	0.00	-6481.34
102.50	-41190.67	0.00	-5854.09
102.60	-43099.05	0.00	-5203.73
102.70	-44791.39	0.00	-4532.84
102.80	-46256.39	0.00	-3844.06
102.90	-47484.18	0.00	-3140.11
103.00	-48466.42	0.00	-2423.77
103.10	-49196.41	0.00	-1697.86
103.20	-49669.15	0.00	-965.25
103.30	-49881.39	0.00	-228.84
103.40	-49862.67	0.00	508.49
103.50	-49705.85	0.00	1243.80
103.60	-49416.90	0.00	1974.21
103.70	-48995.30	0.00	2696.82
103.80	-48440.32	0.00	3408.79
103.90	-47751.07	0.00	4107.31
104.00	-46926.55	0.00	4789.62
104.10	-45965.70	0.00	5453.02
104.20	-44867.51	0.00	6094.91
104.30	-43631.05	0.00	6712.74
104.40	-42255.58	0.00	7304.08
104.50	-40740.67	0.00	7866.60
104.60	-39086.24	0.00	8398.06
104.70	-37292.69	0.00	8896.39
104.80	-35360.99	0.00	9359.60
104.90	-33292.76	0.00	9785.88
105.00	-31090.39	0.00	10173.54
105.10	-28757.08	0.00	10521.04
105.20	-26296.94	0.00	10827.03
105.30	-23715.05	0.00	11090.28
105.40	-21017.50	0.00	11309.77
105.50	-18211.46	0.00	11484.62
105.60	-15305.18	0.00	11614.15
105.70	-12308.00	0.00	11697.84
105.80	-9230.37	0.00	11735.36
105.90	-6083.81	0.00	11726.58
106.00	-2880.89	0.00	11671.51
106.10	364.84	0.00	11570.38
106.20	3638.91	0.00	11423.59
106.30	6925.99	0.00	11231.71
106.40	10210.04	0.00	10995.51
106.50	13474.38	0.00	10715.91
106.60	16701.81	0.00	10394.02
106.70	19874.78	0.00	10031.11
106.80	22975.51	0.00	9628.62
106.90	25986.16	0.00	9188.12
107.00	28888.97	0.00	8711.36
107.10	31666.43	0.00	8200.22
107.20	34301.45	0.00	7656.72
107.30	36777.53	0.00	7083.01
107.40	39078.89	0.00	6481.34
107.50	41190.67	0.00	5854.09
107.60	43099.05	0.00	5203.73
107.70	44791.39	0.00	4532.84
107.80	46256.39	0.00	3844.06
107.90	47484.18	0.00	3140.11
108.00	48466.42	0.00	2423.77
108.10	49196.41	0.00	1697.86
108.20	49669.15	0.00	965.25
108.30	49881.39	0.00	228.84
108.40	49862.67	0.00	-508.49
108.50	49705.85	0.00	-1243.80
108.60	49416.90	0.00	-1974.21
108.70	48995.30	0.00	-2696.82
108.80	48440.32	0.00	-3408.79
108.90	47751.07	0.00	-4107.31
109.00	46926.55	0.00	-4789.62
109.10	45965.70	0.00	-5453.02
109.20	44867.51	0.00	-6094.91
109.30	43631.05	0.00	-6712.74
109.40	42255.58	0.00	-7304.08
109.50	40740.67	0.00	-7866.60
109.60	39086.24	0.00	-8398.06
109.70	37292.69	0.00	-8896.39
109.80	35360.99	0.00	-9359.60
109.90	33292.76	0.00	-9785.88
110.00	31090.39	0.00	-10173.54
110.10	28757.08	0.00	-10521.04
110.20	26296.94	0.00	-10827.03
110.30	23715.05	0.00	-11090.28
110.40	21017.50	0.00	-11309.77
110.50	18211.46	0.00	-11484.62
110.60	15305.18	0.00	-11614.15
110.70	12308.00	0.00	-11697.84
110.80	9230.37	0.00	-11735.36
110.90	6083.81	0.00	-11726.58
111.00	2880.89	0.00	-11671.51
111.10	-364.84	0.00	-11570.38
111.20	-3638.91	0.00	-11423.59
111.30	-6925.99	0.00	-11231.71
111.40	-10210.04	0.00	-10995.51
111.50	-13474.38	0.00	-10715.91
111.60	-16701.81	0.00	-10394.02
111.70	-19874.78	0.00	-10031.11
111.80	-22975.51	0.00	-9628.62
111.90	-25986.16	0.00	-9188.12
112.00	-28888.97	0.00	-8711.36
112.10	-31666.43	0.00	-8200.22
112.20	-34301.45	0.00	-7656.72
112.30	-36777.53	0.00	-7083.01
112.40	-39078.89	0.00	-6481.34
112.50	-41190.67	0.00	-5854.09
112.60	-43099.05	0.00	-5203.73
112.70	-44791.39	0.00	-4532.84
112.80	-46256.39	0.00	-3844.06
112.90	-47484.18	0.00	-3140.11
113.00	-48466.42	0.00	-2423.77
113.10	-49196.41	0.00	-1697.86
113.20	-49669.15	0.00	-965.25
113.30	-49881.39	0.00	-228.84
113.40	-49862.67	0.00	508.49
113.50	-49705.85	0.00	1243.80
113.60	-49416.90	0.00	1974.21
113.70	-48995.30	0.00	2696.82
113.80	-48440.32	0.00	3408.79
113.90	-47751.07	0.00	4107.31
114.00	-46926.55	0.00	4789.62
114.10	-45965.70	0.00	5453.02
114.20	-44867.51	0.00	6094.91
114.30	-43631.05	0.00	6712.74
114.40	-42255.58	0.00	7304.08
114.50	-40740.67	0.00	7866.60
114.60	-39086.24	0.00	8398.06
114.70	-37292.69	0.00	8896.39
114.80	-35360.99	0.00	9359.60
114.90	-33292.76	0.00	9785.88
115.00	-31090.39	0.00	10173.54
115.10	-28757.08	0.00	10521.04
115.20	-26296.94	0.00	10827.03
115.30	-23715.05	0.00	11090.28
115.40	-21017.50	0.00	11309.77
115.50	-18211.46	0.00	11484.62
115.60	-15305.18	0.00	11614.15
115.70	-12308.00	0.00	11697.84
115.80	-9230.37	0.00	11735.36
115.90	-6083.81	0.00	11726.58
116.00	-2880.89	0.00	11671.51
116.10	364.84	0.00	11570.38
116.20	3638.91	0.00	11423.59
116.30	6925.99	0.00	11231.71
116.40	10210.04	0.00	10995.51
116.50	13474.38	0.00	10715.91
116.60	16701.81	0.00	10394.02
116.70	19874.78	0.00	10031.11
116.80	22975.51	0.00	9628.62
116.90	25986.16	0.00	9188.12
117.00	28888.97	0.00	8711.36
117.10	31666.43	0.00	8200.22
117.20	34301.45	0.00	7656.72
117.30	36777.53	0.00	7083.01
117.40	39078.89	0.00	6481.34
117.50	41190.67	0.00	5854.09
117.60	43099.05	0.00	5203.73
117.70	44791.39	0.00	4532.84
117.80	46256.39	0.00	3844.06
117.90	47484.18	0.00	3140.11
118.00	48466.42	0.00	2423.77
118.10	49196.41	0.00	1697.86
118.20	49669.15	0.00	965.25
118.30	49881.39	0.00	228.84
118.40	49862.67	0.00	-508.49
118.50	49705.85	0.00	-1243.80
118.60	49416.90	0.00	-1974.21
118.70	48995.30	0.00	-2696.82
118.80	48440.32	0.00	-3408.79
118.90	47751.07	0.00	-4107.31
119.00	46926.55	0.00	-4789.62
119.10	45965.70	0.00	-5453.02
119.20	44867.51	0.00	-6094.91
119.30	43631.05	0.00	-6712.74
119.40	42255.58	0.00	-7304.08
119.50	40740.67	0.00	-7866.60
119.60	39086.24	0.00	-8398.06
119.70	37292.69	0.00	-8896.39
119.80	35360.99	0.00	-9359.60
119.90	33292.76	0.00	-9785.88
120.00	31090.39	0.00	-10173.54
120.10	28757.08	0.00	-10521.04
120.20	26296.94	0.00	-10827.03
120.30	23715.05	0.00	-11090.28
120.40	21017.50	0.00	-11309.77
120.50	18211.46	0.00	-11484.62
120.60	15305.18	0.00	-11614.15
120.70	12308.00	0.00	-11697.84
120.80	9230.37	0.00	-11735.36
120.90	6083.81	0.00	-11726.58
121.00	2880.89	0.00	-11671.51
121.10	-364.84	0.00	-11570.38
121.20	-3638.91	0.00	-11423.59
121.30	-6925.99	0.00	-11231.71
121.40	-10210.04	0.00	-10995.51
121.50	-13474.38	0.00	-10715.91
121.60	-16701.81	0.00	-10394.02
121.70	-19874.78	0.00	-10031.11
121.80	-22975.51	0.00	-9628.62
121.90	-25986.16	0.00	-9188.12
122.00	-28888.97	0.00	-8711.36
122.10	-31666.43	0.00	-8200.22
122.20	-34301.45	0.00	-7656.72
122.30	-36777.53	0.00	-7083.01
122.40	-39078.89	0.00	-6481.34
122.50	-41190.67	0.00	-5854.09
122.60	-43099.05	0.00	-5203.73
122.70	-44791.39	0.00	-4532.84
122.80	-46256.39	0.00	-3844.06
122.90	-47484.18	0.00	-3140.11
123.00	-48466.42	0.00	-2423.77
123.10	-49196.41	0.00	-1697.86
123.20	-49669.15	0.00	-965.25
123.30	-49881.39	0.00	-228.84
123.40	-49862.67	0.00	508.49
123.50	-49705.85	0.00	1243.80
123.60	-49416.90	0.00	1974.21
123.70	-48995.30	0.00	2696.82
123.80	-48440.32	0.00	3408.79
123.90	-47751.07	0.00	4107.31
124.00	-46926.55	0.00	4789.62
124.10	-45965.70	0.00	5453.02
124.20	-44867.51	0.00	6094.91
124.30	-43631.05	0.00	6712.74
124.40	-42255.58	0.00	7304.08
124.50	-40740.67	0.00	7866.60
124.60	-39086.24	0.00	8398.06
124.70	-37292.69	0.00	8896.39
124.80	-35360.99	0.00	9359.60
124.90	-33292.76	0.00	9785.88
125.00	-31090.39	0.00	10173.54
125.10	-28757.08	0.00	10521.04
125.20	-26296.94	0.00	10827.03
125.30	-23715.05	0.00	11090.28
125.40	-21017.50	0.00	11309.77
125.50	-18211.46	0.00	11484.62
125.60	-15305.18	0.00	11614.15
125.70	-12308.00	0.00	11697.84
125.80	-9230.37	0.00	11735.36
125.90	-6083.81	0.00	11726.58
126.00	-2880.89	0.00	11671.51
126.10	364.84	0.00	11570.38
126.20	3638.91	0.00	11423.59
126.30	6925.99	0.00	11231.71
126.40	10210.04	0.00	10995.51
126.50	13474.38	0.00	10715.91
126.60	16701.81	0.00	10394.02
126.70	19874.78	0.00	10031.11
126.80	22975.51	0.00	9628.62
126.90	25986.16	0.00	9188.12
127.00	28888.97	0.00	8711.36
127.10	31666.43	0.00	8200.22
127.20	34301.45	0.00	7656.72
127.30	36777.53	0.00	7083.01
127.40	39078.89	0.00	6481.34
127.50	41190.67	0.00	5854.09
127.60	43099.05	0.00	5203.73
127.70	44791.39	0.00	4532.84
127.80	46256.39	0.00	3844.06
127.90	47484.18	0.00	3140.11
128.00	48466.42	0.00	2423.77
128.10	49196.41	0.00	1697.86
128.20	49669.15	0.00	965.25
128.30	49881.39	0.00	228.84
128.40	49862.67	0.00	-508.49
128.50	49705.85	0.00	-1243.80
128.60	49416.90	0.00	-1974.21
128.70	48995.30	0.00	-2696.82
128.80	48440.32	0.00	-3408.79
128.90	47751.07	0.00	-4107.31
129.00	46926.55	0.00	-4789.62
129.10	45965.70	0.00	-5453.02
129.20	44867.51	0.00	-6094.91
129.30	43631.05	0.00	-6712.74
129.40	42255.58	0.00	-7304.08
129.50	40740.67	0.00	-7866.60
129.60	39086.24	0.00	-8398.06
129.70	37292.69	0.00	-8896.39
129.80	35360.99	0.00	-9359.60
129.90	33292.76	0.00	-9785.88
130.00	31090.39	0.00	-10173.54
130.10	28757.08	0.00	-10521.04
130.20	26296.94	0.00	-10827.03
130.30	23715.05	0.00	-11090.28
130.40	21017.50	0.00	-11309.77
130.50	18211.46	0.00	-11484.62
130.60	15305.18	0.00	-11614.15
130.70	12308.00	0.00	-11697.84
130.80	9230.37	0.00	-11735.36
130.90	6083.81	0.00	-11726.58
131.00	2880.89	0.00	-11671.51
131.10	-364.84	0.00	-11570.38
131.20	-3638.91	0.00	-11423.59
131.30	-6925.99	0.00	-11231.71
131.40	-10210.04	0.00	-10995.51
131.50	-13474.38	0.00	-10715.91
131.60	-16701.81	0.00	-10394.02
131.70	-19874.78	0.00	-10031.11
131.80	-22975.51	0.00	-9628.62
131.90	-25986.16	0.00	-9188.12
132.00	-28888.97	0.00	-8711.36
132.10	-31666.43	0.00	-8200.22
132.20	-34301.45	0.00	-7656.72
132.30	-36777.53	0.00	-7083.01
132.40	-39078.89	0.00	-6481.34
132.50	-41190.67	0.00	-5854.09
132.60	-43099.05	0.00	-5203.73
132.70	-44791.39	0.00	-4532.84
132.80	-46256.39	0.00	-3844.06
132.90	-47484.18	0.00	-3140.11
133.00	-48466.42	0.00	-2423.77
133.10	-49196.41	0.00	-1697.86
133.20	-49669.15	0.00	-965.25
133.30	-49881.39	0.00	-228.84
133.40	-49862.67	0.00	508.49
133.50	-49705.85	0.00	1243.80
133.60	-49416.90	0.00	1974.21
133.70	-48995.30	0.00	2696.82
133.80	-48440.32	0.00	3408.79
133.90	-47751.07	0.00	4107.31
134.00	-46926.55	0.00	4789.62
134.10	-45965.70	0.00	5453.02
134.20	-44867.51	0.00	6094.91
134.30	-43631.05	0.00	6712.74
134.40	-42255.58	0.00	7304.08
134.50	-40740.67	0.00	7866.60
134.60	-39086.24	0.00	8398.06
134.70	-37292.69	0.00	8896.39
134.80	-35360.99	0.00	9359.60
134.90	-33292.76	0.00	9785.88
135.00	-31090.39	0.00	10173.54
135.10	-28757.08	0.00	10521.04
135.20	-26296.94	0.00	10827.03
135.30	-23715.05	0.00	11090.28
135.40	-21017.50	0.00	11309.77
135.50	-18211.46	0.00	11484.62
135.60	-15305.18	0.00	11614.15
135.70	-12308.00	0.00	11697.84
135.80	-9230.37	0.00	11735.36
135.90	-6083.81	0.00	11726.58
136.00	-2880.89	0.00	11671.51
136.10	364.84	0.00	11570.38
136.20	3638.91	0.00	11423.59
136.30	6925.99	0.00	11231.71
136.40	10210.04	0.00	10995.51
136.50	13474.38	0.00	10715.91
136.60	16701.81	0.00	10394.02
136.70	19874.78	0.00	10031.11
136.80	22975.51	0.00	9628.62
136.90	25986.16	0.00	9188.12
137.00	28888.97	0.00	8711.36
137.10	31666.43	0.00	8200.22
137.20	34301.45	0.00	7656.72
137.30	36777.53	0.00	7083.01
137.40	39078.89	0.00	6481.34
137.50	41190.67	0.00	5854.09
137.60	43099.05	0.00	5203.73
137.70	44791.39	0.00	4532.84
137.80	46256.39	0.00	3844.06
137.90	47484.18	0.00	3140.11
138.00	48466.42	0.00	2423.77
138.10	49196.41	0.00	1697.86
138.20	49669.15	0.00	965.25
138.30	49881.39	0.00	228.84
138.40	49862.67	0.00	-508.49
138.50	49705.85	0.00	-1243.80
138.60	49416.90	0.00	-1974.21
138.70	48995.30	0.00	-2696.82
138.80	48440.32	0.00	-3408.79
138.90	47751.07	0.00	-4107.31
139.00	46926.55	0.00	-4789.62
139.10	45965.70	0.00	-5453.02
139.20	44867.51	0.00	-6094.91
139.30	43631.05	0.00	-6712.74
139.40	42255.58	0.00	-7304.08
139.50	40740.67	0.00	-7866.60
139.60	39086.24	0.00	-8398.06
139.70	37292.69	0.00	-8896.39
139.80	35360.99	0.00	-9359.60
139.90	33292.76	0.00	-9785.88
140.00	31090.39	0.00	-10173.54
140.10	28757.08	0.00	-10521.04
140.20	26296.94	0.00	-10827.03
140.30	23715.05	0.00	-11090.28
140.40	21017.50	0.00	-11309.77
140.50	18211.46	0.00	-11484.62
140.60	15305.18	0.00	-11614.15
140.70	12308.00	0.00	-11697.84
140.80	9230.37	0.00	-11735.36
140.90	6083.81	0.00	-11726.58
141.00	2880.89	0.00	-11671.51
141.10	-364.84	0.00	-11570.38
141.20	-3638.91	0.00	-11423.59
141.30	-6925.99	0.00	-11231.71
141.40	-10210.04	0.00	-10995.51
141.50	-13474.38	0.00	-10715.91
141.60	-16701.81	0.00	-10394.02
141.70	-19874.78	0.00	-10031.11
141.80	-22975.51	0.00	-9628.62
141.90	-25986.16	0.00	-9188.12
142.00	-28888.97	0.00	-8711.36
142.10	-31666.43	0.00	-8200.22
142.20	-34301.45	0.00	-7656.72
142.30	-36777.53	0.00	-7083.01
142.40	-39078.89	0.00	-6481.34
142.50	-41190.67	0.00	-5854.09
142.60	-43099.05	0.00	-5203.73
142.70	-44791.39	0.00	-4532.84
142.80	-46256.39	0.00	-3844.06
142.90	-47484.18	0.00	-3140.11
143.00	-48466.42	0.00	-2423.77
143.10	-49196.41	0.00	-1697.86
143.20	-49669.15	0.00	-965.25
143.30	-49881.39	0.00	-228.84
143.40	-49862.67	0.00	508.49
143.50	-49705.85	0.00	1243.80
143.60	-49416.90	0.00	1974.21
143.70	-48995.30	0.00	2696.82
143.80	-48440.32	0.00	3408.79
143.90	-47751.07	0.00	4107.31
144.00	-46926.55	0.00	4789.62
144.10	-45965.70	0.00	5453.02
144.20	-44867.51	0.00	6094.91
144.30	-43631.05	0.00	6712.74
144.40	-42255.58	0.00	7304.08
144.50	-40740.67	0.00	7866.60
144.60	-39086.24	0.00	8398.06
144.70	-37292.69	0.00	8896.39
144.80	-35360.99	0.00	9359.60
144.90	-33292.76	0.00	9785.88
145.00	-31090.39	0.00	10173.54
145.10	-28757.08	0.00	10521.04
145.20	-26296.94	0.00	10827.03
145.30	-23715.05	0.00	11090.28
145.40	-21017.50	0.00	11309.77
145.50	-18211.46	0.00	11484.62
145.60	-15305.18	0.00	11614.15
145.70	-12308.00	0.00	11697.84
145.80	-9230.37	0.00	11735.36
145.90	-6083.81	0.00	11726.58
146.00	-2880.89	0.00	11671.51
146.10	364.84	0.00	11570.38
146.20	3638.91	0.00	11423.59
146.30	6925.99	0.00	11231.71
146.40	10210.04	0.00	10995.51
146.50	13474.38	0.00	10715.91
146.60	16701.81	0.00	10394.02
146.70	19874.78	0.00	10031.11
146.80	22975.51	0.00	9628.62
146.90	25986.16	0.00	9188.12
147.00	28888.97	0.00	8711.36
147.10	31666.43	0.00	8200.22
147.20	34301.45	0.00	7656.72
147.30	36777.53	0.00	7083.01
147.40	39078.89	0.00	6481.34
147.50	41190.67	0.00	5854.09
147.60	43099.05	0.00	5203.73
147.70	44791.39	0.00	4532.84
147.80	46256.39	0.00	3844.06
147.90	47484.18	0.00	3140.11
148.00	48466.42	0.00	2423.77
148.10	49196.41	0.00	1697.86
148.20	49669.15	0.00	965.25
148.30	49881.39	0.00	228.84
148.40	49862.67	0.00	-508.49
148.50	49705.85	0.00	-1243.80
148.60	49416.90	0.00	-1974.21
148.70	48995.30	0.00	-2696.82
148.80	48440.32	0.00	-3408.79
148.90	47751.07	0.00	-4107.31
149.00	46926.55	0.00	-4789.62
149.10	45965.70	0.00	-5453.02
149.20	44867.51	0.00	-6094.91
149.30	43631.05	0.00	-6712.74
149.40	42255.58	0.00	-7304.08
149.50	40740.67	0.00	-7866.60
149.60	39086.24	0.00	-8398.06
149.70	37292.69	0.00	-8896.39
149.80	35360.99	0.00	-9359.60
149.90	33292.76	0.00	-9785.88
150.00	31090.39	0.00	-10173.54
150.10	28757.08	0.00	-10521.04
150.20	26296.94	0.00	-10827.03
150.30	23715.05	0.00	-11090.28
150.40	21017.50	0.00	-11309.77
150.50	18211.46	0.00	-11484.62
150.60	15305.18	0.00	-11614.15
150.70	12308.00	0.00	-11697.84
150.80	9230.37	0.00	-11735.36
150.90	6083.81	0.00	-11726.58
151.00	2880.89	0.00	-11671.51
151.10	-364.84	0.00	-11570.38
151.20	-3638.91	0.00	-11423.59
151.30	-6925.99	0.00	-11231.71
151.40	-10210.04	0.00	-10995.51
151.50	-13474.38	0.00	-10715.91
151.60	-16701.81	0.00	-10394.02
151.70	-19874.78	0.00	-10031.11
151.80	-22975.51	0.00	-9628.62
151.90	-25986.16	0.00	-9188.12
152.00	-28888.97	0.00	-8711.36
152.10	-31666.43	0.00	-8200.22
152.20	-34301.45	0.00	-7656.72
152.30	-36777.53	0.00	-7083.01
152.40	-39078.89	0.00	-6481.34
152.50	-41190.67	0.00	-5854.09
152.60	-43099.05	0.00	-5203.73
152.70	-44791.39	0.00	-4532.84
152.80	-46256.39	0.00	-3844.06
152.90	-47484.18	0.00	-3140.11
153.00	-48466.42	0.00	-2423.77
153.10	-49196.41	0.00	-1697.86
153.20	-49669.15	0.00	-965.25
153.30	-49881.39	0.00	-228.84
153.40	-49862.67	0.00	508.49
153.50	-49705.85	0.00	1243.80
153.60	-49416.90	0.00	1974.21
153.70	-48995.30	0.00	2696.82
153.80	-48440.32	0.00	3408.79
153.90	-47751.07	0.00	4107.31
154.00	-46926.55	0.00	4789.62
154.10	-45965.70	0.00	5453.02
154.20	-44867.51	0.00	6094.91
154.30	-43631.05	0.00	6712.74
154.40	-42255.58	0.00	7304.08
154.50	-40740.67	0.00	7866.60
154.60	-39086.24	0.00	8398.06
154.70	-37292.69	0.00	8896.39
154.80	-35360.99	0.00	9359.60
154.90	-33292.76	0.00	9785.88
155.00	-31090.39	0.00	10173.54
155.10	-28757.08	0.00	10521.04
155.20	-26296.94	0.00	10827.03
155.30	-23715.05	0.00	11090.28
155.40	-21017.50	0.00	11309.77
155.50	-18211.46	0.00	11484.62
155.60	-15305.18	0.00	11614.15
155.70	-12308.00	0.00	11697.84
155.80	-9230.37	0.00	11735.36
155.90	-6083.81	0.00	11726.58
156.00	-2880.89	0.00	11671.51
156.10	364.84	0.00	11570.38
156.20	3638.91	0.00	11423.59
156.30	6925.99	0.00	11231.71
156.40	10210.04	0.00	10995.51
156.50	13474.38	0.00	10715.91
156.60	16701.81	0.00	10394.02
156.70	19874.78	0.00	10031.11
156.80	22975.51	0.00	9628.62
156.90	25986.16	0.00	9188.12
157.00	28888.97	0.00	8711.36
157.10	31666.43	0.00	8200.22
157.20	34301.45	0.00	7656.72
157.30	36777.53	0.00	7083.01
157.40	39078.89	0.00	6481.34
157.50	41190.67	0.00	5854.09
157.60	43099.05	0.00	5203.73
157.70	44791.39	0.00	4532.84
157.80	46256.39	0.00	3844.06
157.90	47484.18	0.00	3140.11
158.00	48466.42	0.00	2423.77
158.10	49196.41	0.00	1697.86
158.20	49669.15	0.00	965.25
158.30	49881.39	0.00	228.84
158.40	49862.67	0.00	-508.49
158.50	49705.85	0.00	-1243.80
158.60	49416.90	0.00	-1974.21
158.70	48995.30	0.00	-2696.82
158.80	48440.32	0.00	-3408.79
158.90	47751.07	0.00	-4107.31
159.00	46926.55	0.00	-4789.62
159.10	45965.70	0.00	-5453.02
159.20	44867.51	0.00	-6094.91
159.30	43631.05	0.00	-6712.74
159.40	42255.58	0.00	-7304.08
159.50	40740.67	0.00	-7866.60
159.60	39086.24	0.00	-8398.06
159.70	37292.69	0.00	-8896.39
159.80	35360.99	0.00	-9359.60
159.90	33292.76	0.00	-9785.88
160.00	31090.39	0.00	-10173.54
160.10	28757.08	0.00	-10521.04
160.20	26296.94	0.00	-10827.03
160.30	23715.05	0.00	-11090.28
160.40	21017.50	0.00	-11309.77
160.50	18211.46	0.00	-11484.62
160.60	15305.18	0.00	-11614.15
160.70	12308.00	0.00	-11697.84
160.80	9230.37	0.00	-11735.36
160.90	6083.81	0.00	-11726.58
161.00	2880.89	0.00	-11671.51
161.10	-364.84	0.00	-11570.38
161.20	-3638.91	0.00	-11423.59
161.30	-6925.99	0.00	-11231.71
161.40	-10210.04	0.00	-10995.51
161.50	-13474.38	0.00	-10715.91
161.60	-16701.81	0.00	-10394.02
161.70	-19874.78	0.00	-10031.11
161.80	-22975.51	0.00	-9628.62
161.90	-25986.16	0.00	-9188.12
162.00	-28888.97	0.00	-8711.36
162.10	-31666.43	0.00	-8200.22
162.20	-34301.45	0.00	-7656.72
162.30	-36777.53	0.00	-7083.01
162.40	-39078.89	0.00	-6481.34
162.50	-41190.67	0.00	-5854.09
162.60	-43099.05	0.00	-5203.73
162.70	-44791.39	0.00	-4532.84
162.80	-46256.39	0.00	-3844.06
162.90	-47484.18	0.00	-3140.11
163.00	-48466.42	0.00	-2423.77
163.10	-49196.41	0.00	-1697.86
163.20	-49669.15	0.00	-965.25
163.30	-49881.39	0.00	-228.84
163.40	-49862.67	0.00	508.49
163.50	-49705.85	0.00	1243.80
163.60	-49416.90	0.00	1974.21
163.70	-48995.30	0.00	2696.82
163.80	-48440.32	0.00	3408.79
163.90	-47751.07	0.00	4107.31
164.00	-46926.55	0.00	4789.62
164.10	-45965.70	0.00	5453.02
164.20	-44867.51	0.00	6094.91
164.30	-43631.05	0.00	6712.74
164.40	-42255.58	0.00	7304.08
164.50	-40740.67	0.00	7866.60
164.60	-39086.24	0.00	8398.06
164.70	-37292.69	0.00	8896.39
164.80	-35360.99	0.00	9359.60
164.90	-33292.76	0.00	9785.88
165.00	-31090.39	0.00	10173.54
165.10	-28757.08	0.00	10521.04
165.20	-26296.94	0.00	10827.03
165.30	-23715.05	0.00	11090.28
165.40	-21017.50	0.00	11309.77
165.50	-18211.46	0.00	11484.62
165.60	-15305.18	0.00	11614.15
165.70	-12308.00	0.00	11697.84
165.80	-9230.37	0.00	11735.36
165.90	-6083.81	0.00	11726.58
166.00	-2880.89	0.00	11671.51
166.10	364.84	0.00	11570.38
166.20	3638.91	0.00	11423.59
166.30	6925.99	0.00	11231.71
166.40	10210.04	0.00	10995.51
166.50	13474.38	0.00	10715.91
166.60	16701.81	0.00	10394.02
166.70	19874.78	0.00	10031.11
166.80	22975.51	0.00	9628.62
166.90	25986.16	0.00	9188.12
167.00	28888.97	0.00	8711.36
167.10	31666.43	0.00	8200.22
167.20	34301.45	0.00	7656.72
167.30	36777.53	0.00	7083.01
167.40	39078.89	0.00	6481.34
167.50	41190.67	0.00	5854.09
167.60	43099.05	0.00	5203.73
167.70	44791.39	0.00	4532.84
167.80	46256.39	0.00	3844.06
167.90	47484.18	0.00	3140.11
168.00	48466.42	0.00	2423.77
168.10	49196.41	0.00	1697.86
168.20	49669.15	0.00	965.25
168.30	49881.39	0.00	228.84
168.40	49862.67	0.00	-508.49
168.50	49705.85	0.00	-1243.80
168.60	49416.90	0.00	-1974.21
168.70	48995.30	0.00	-2696.82
168.80	48440.32	0.00	-3408.79
168.90	47751.07	0.00	-4107.31
169.00	46926.55	0.00	-4789.62
169.10	45965.70	0.00	-5453.02
169.20	44867.51	0.00	-6094.91
169.30	43631.05	0.00	-6712.74
169.40	42255.58	0.00	-7304.08
169.50	40740.67	0.00	-7866.60
169.60	39086.24	0.00	-8398.06
169.70	37292.69	0.00	-8896.39
169.80	35360.99	0.00	-9359.60
169.90	33292.76	0.00	-9785.88
170.00	31090.39	0.00	-10173.54
170.10	28757.08	0.00	-10521.04
170.20	26296.94	0.00	-10827.03
170.30	23715.05	0.00	-11090.28
170.40	21017.50	0.00	-11309.77
170.50	18211.46	0.00	-11484.62
170.60	15305.18	0.00	-11614.15
170.70	12308.00	0.00	-11697.84
170.80	9230.37	0.00	-11735.36
170.90	6083.81	0.00	-11726.58
171.00	2880.89	0.00	-11671.51
171.10	-364.84	0.00	-11570.38
171.20	-3638.91	0.00	-11423.59
171.30	-6925.99	0.00	-11231.71
171.40	-10210.04	0.00	-10995.51
171.50	-13474.38	0.00	-10715.91
171.60	-16701.81	0.00	-10394.02
171.70	-19874.78	0.00	-10031.11
171.80	-22975.51	0.00	-9628.62
171.90	-25986.16	0.00	-9188.12
172.00	-28888.97	0.00	-8711.36
172.10	-31666.43	0.00	-8200.22
172.20	-34301.45	0.00	-7656.72
172.30	-36777.53	0.00	-7083.01
172.40	-39078.89	0.00	-6481.34
172.50	-41190.67	0.00	-5854.09
172.60	-43099.05	0.00	-5203.73
172.70	-44791.39	0.00	-4532.84
172.80	-46256.39	0.00	-3844.06
172.90	-47484.18	0.00	-3140.11
173.00	-48466.42	0.00	-2423.77
173.10	-49196.41	0.00	-1697.86
173.20	-49669.15	0.00	-965.25
173.30	-49881.39	0.00	-228.84
173.40	-49862.67	0.00	508.49
173.50	-49705.85	0.00	1243.80
173.60	-49416.90	0.00	1974.21
173.70	-48995.30	0.00	2696.82
173.80	-48440.32	0.00	3408.79
173.90	-47751.07	0.00	4107.31
174.00	-46926.55	0.00	4789.62
174.10	-45965.70	0.00	5453.02
174.20	-44867.51	0.00	6094.91
174.30	-43631.05	0.00	6712.74
174.40	-42255.58	0.00	7304.08
174.50	-40740.67	0.00	7866.60
174.60	-39086.24	0.00	8398.06
174.70	-37292.69	0.00	8896.39
174.80	-35360.99	0.00	9359.60
174.90	-33292.76	0.00	9785.88
175.00	-31090.39	0.00	10173.54
175.10	-28757.08	0.00	10521.04
175.20	-26296.94	0.00	10827.03
175.30	-23715.05	0.00	11090.28
175.40	-21017.50	0.00	11309.77
175.50	-18211.46	0.00	11484.62
175.60	-15305.18	0.00	11614.15
175.70	-12308.00	0.00	11697.84
175.80	-9230.37	0.00	11735.36
175.90	-6083.81	0.00	11726.58
176.00	-2880.89	0.00	11671.51
176.10	364.84	0.00	11570.38
176.20	3638.91	0.00	11423.59
176.30	6925.99	0.00	11231.71
176.40	10210.04	0.00	10995.51
176.50	13474.38	0.00	10715.91
176.60	16701.81	0.00	10394.02
176.70	19874.78	0.00	10031.11
176.80	22975.51	0.00	9628.62
176.90	25986.16	0.00	9188.12
177.00	28888.97	0.00	8711.36
177.10	31666.43	0.00	8200.22
177.20	34301.45	0.00	7656.72
177.30	36777.53	0.00	7083.01
177.40	39078.89	0.00	6481.34
177.50	41190.67	0.00	5854.09
177.60	43099.05	0.00	5203.73
177.70	44791.39	0.00	4532.84
177.80	46256.39	0.00	3844.06
177.90	47484.18	0.00	3140.11
178.00	48466.42	0.00	2423.77
178.10	49196.41	0.00	1697.86
178.20	49669.15	0.00	965.25
178.30	49881.39	0.00	228.84
178.40	49862.67	0.00	-508.49
178.50	49705.85	0.00	-1243.80
178.60	49416.90	0.00	-1974.21
178.70	48995.30	0.00	-2696.82
178.80	48440.32	0.00	-3408.79
178.90	47751.07	0.00	-4107.31
179.00	46926.55	0.00	-4789.62
179.10	45965.70	0.00	-5453.02
179.20	44867.51	0.00	-6094.91
179.30	43631.05	0.00	-6712.74
179.40	42255.58	0.00	-7304.08
179.50	40740.67	0.00	-7866.60
179.60	39086.24	0.00	-8398.06
179.70	37292.69	0.00	-8896.39
179.80	35360.99	0.00	-9359.60
179.90	33292.76	0.00	-9785.88
180.00	31090.39	0.00	-10173.54
180.10	28757.08	0.00	-10521.04
180.20	26296.94	0.00	-10827.03
180.30	23715.05	0.00	-11090.28
180.40	21017.50	0.00	-11309.77
180.50	18211.46	0.00	-11484.62
180.60	15305.18	0.00	-11614.15
180.70	12308.00	0.00	-11697.84
180.80	9230.37	0.00	-11735.36
180.90	6083.81	0.00	-11726.58
181.00	2880.89	0.00	-11671.51
181.10	-364.84	0.00	-11570.38
181.20	-3638.91	0.00	-11423.59
181.30	-6925.99	0.00	-11231.71
181.40	-10210.04	0.00	-10995.51
181.50	-13474.38	0.00	-10715.91
181.60	-16701.81	0.00	-10394.02
181.70	-19874.78	0.00	-10031.11
181.80	-22975.51	0.00	-9628.62
181.90	-25986.16	0.00	-9188.12
182.00	-28888.97	0.00	-8711.36
182.10	-31666.43	0.00	-8200.22
182.20	-34301.45	0.00	-7656.72
182.30	-36777.53	0.00	-7083.01
182.40	-39078.89	0.00	-6481.34
182.50	-41190.67	0.00	-5854.09
182.60	-43099.05	0.00	-5203.73
182.70	-44791.39	0.00	-4532.84
182.80	-46256.39	0.00	-3844.06
182.90	-47484.18	0.00	-3140.11
183.00	-48466.42	0.00	-2423.77
183.10	-49196.41	0.00	-1697.86
183.20	-49669.15	0.00	-965.25
183.30	-49881.39	0.00	-228.84
183.40	-49862.67	0.00	508.49
183.50	-49705.85	0.00	1243.80
183.60	-49416.90	0.00	1974.21
183.70	-48995.30	0.00	2696.82
183.80	-48440.32	0.00	3408.79
183.90	-47751.07	0.00	4107.31
184.00	-46926.55	0.00	4789.62
184.10	-45965.70	0.00	5453.02
184.20	-44867.51	0.00	6094.91
184.30	-43631.05	0.00	6712.74
184.40	-42255.58	0.00	7304.08
184.50	-40740.67	0.00	7866.60
184.60	-39086.24	0.00	8398.06
184.70	-37292.69	0.00	8896.39
184.80	-35360.99	0.00	9359.60
184.90	-33292.76	0.00	9785.88
185.00	-31090.39	0.00	10173.54
185.10	-28757.08	0.00	10521.04
185.20	-26296.94	0.00	10827.03
185.30	-23715.05	0.00	11090.28
185.40	-21017.50	0.00	11309.77
185.50	-18211.46	0.00	11484.62
185.60	-15305.18	0.00	11614.15
185.70	-12308.00	0.00	11697.84
185.80	-9230.37	0.00	11735.36
185.90	-6083.81	0.00	11726.58
186.00	-2880.89	0.00	11671.51
186.10	364.84	0.00	11570.38
186.20	3638.91	0.00	11423.59
186.30	6925.99	0.00	11231.71
186.40	10210.04	0.00	10995.51
186.50	13474.38	0.00	10715.91
186.60	16701.81	0.00	10394.02
186.70	19874.78	0.00	10031.11
186.80	22975.51	0.00	9628.62
186.90	25986.16	0.00	9188.12
187.00	28888.97	0.00	8711.36
187.10	31666.43	0.00	8200.22
187.20	34301.45	0.00	7656.72
187.30	36777.53	0.00	7083.01
187.40	39078.89	0.00	6481.34
187.50	41190.67	0.00	5854.09
187.60	43099.05	0.00	5203.73
187.70	44791.39	0.00	4532.84
187.80	46256.39	0.00	3844.06
187.90	47484.18	0.00	3140.11
188.00	48466.42	0.00	2423.77
188.10	49196.41	0.00	1697.86
188.20	49669.15	0.00	965.25
188.30	49881.39	0.00	228.84
188.40	49862.67	0.00	-508.49
188.50	49705.85	0.00	-1243.80
188.60	49416.90	0.00	-1974.21
188.70	48995.30	0.00	-2696.82
188.80	48440.32	0.00	-3408.79
188.90	47751.07	0.00	-4107.31
189.00	46926.55	0.00	-4789.62
189.10	45965.70	0.00	-5453.02
189.20	44867.51	0.00	-6094.91
189.30	43631.05	0.00	-6712.74
189.40	42255.58	0.00	-7304.08
189.50	40740.67	0.00	-7866.60
189.60	39086.24	0.00	-8398.06
189.70	37292.69	0.00	-8896.39
189.80	35360.99	0.00	-9359.60
189.90	33292.76	0.00	-9785.88
190.00	31090.39	0.00	-10173.54
190.10	28757.08	0.00	-10521.04
190.20	26296.94	0.00	-10827.03
190.30	23715.05	0.00	-11090.28
190.40	21017.50	0.00	-11309.77
190.50	18211.46	0.00	-11484.62
190.60	15305.18	0.00	-11614.15
190.70	12308.00	0.00	-11697.84
190.80	9230.37	0.00	-11735.36
190.90	6083.81	0.00	-11726.58
191.00	2880.89	0.00	-11671.51
191.10	-364.84	0.00	-11570.38
191.20	-3638.91	0.00	-11423.59
191.30	-6925.99	0.00	-11231.71
191.40	-10210.04	0.00	-10995.51
191.50	-13474.38	0.00	-10715.91
191.60	-16701.81	0.00	-10394.02
191.70	-19874.78	0.00	-10031.11
191.80	-22975.51	0.00	-9628.62
191.90	-25986.16	0.00	-9188.12
192.00	-28888.97	0.00	-8711.36
192.10	-31666.43	0.00	-8200.22
192.20	-34301.45	0.00	-7656.72
192.30	-36777.53	0.00	-7083.01
192.40	-39078.89	0.00	-6481.34
192.50	-41190.67	0.00	-5854.09
192.60	-43099.05	0.00	-5203.73
192.70	-44791.39	0.00	-4532.84
192.80	-46256.39	0.00	-3844.06
192.90	-47484.18	0.00	-3140.11
193.00	-48466.42	0.00	-2423.77
193.10	-49196.41	0.00	-1697.86
193.20	-49669.15	0.00	-965.25
193.30	-49881.39	0.00	-228.84
193.40	-49862.67	0.00	508.49
193.50	-49705.85	0.00	1243.80
193.60	-49416.90	0.00	1974.21
193.70	-48995.30	0.00	2696.82
193.80	-48440.32	0.00	3408.79
193.90	-47751.07	0.00	4107.31
194.00	-46926.55	0.00	4789.62
194.10	-45965.70	0.00	5453.02
194.20	-44867.51	0.00	6094.91
194.30	-43631.05	0.00	6712.74
194.40	-42255.58	0.00	7304.08
194.50	-40740.67	0.00	7866.60
194.60	-39086.24	0.00	8398.06
194.70	-37292.69	0.00	8896.39
194.80	-35360.99	0.00	9359.60
194.90	-33292.76	0.00	9785.88
195.00	-31090.39	0.00	10173.54
195.10	-28757.08	0.00	10521.04
195.20	-26296.94	0.00	10827.03
195.30	-23715.05	0.00	11090.28
195.40	-21017.50	0.00	11309.77
195.50	-18211.46	0.00	11484.62
195.60	-15305.18	0.00	11614.15
195.70	-12308.00	0.00	11697.84
195.80	-9230.37	0.00	11735.36
195.90	-6083.81	0.00	11726.58
196.00	-2880.89	0.00	11671.51
196.10	364.84	0.00	11570.38
196.20	3638.91	0.00	11423.59
196.30	6925.99	0.00	11231.71
196.40	10210.04	0.00	10995.51
196.50	13474.38	0.00	10715.91
196.60	16701.81	0.00	10394.02
196.70	19874.78	0.00	10031.11
196.80	22975.51	0.00	9628.62
196.90	25986.16	0.00	9188.12
197.00	28888.97	0.00	8711.36
197.10	31666.43	0.00	8200.22
197.20	34301.45	0.00	7656.72
197.30	36777.53	0.00	7083.01
197.40	39078.89	0.00	6481.34
197.50	41190.67	0.00	5854.09
197.60	43099.05	0.00	5203.73
197.70	44791.39	0.00	4532.84
197.80	46256.39	0.00	3844.06
197.90	47484.18	0.00	3140.11
198.00	48466.42	0.00	2423.77
198.10	49196.41	0.00	1697.86
198.20	49669.15	0.00	965.25
198.30	49881.39	0.00	228.84
198.40	49862.67	0.00	-508.49
198.50	49705.85	0.00	-1243.80
198.60	49416.90	0.00	-1974.21
198.70	48995.30	0.00	-2696.82
198.80	48440.32	0.00	-3408.79
198.90	47751.07	0.00	-4107.31
199.00	46926.55	0.00	-4789.62
199.10	45965.70	0.00	-5453.02
199.20	44867.51	0.00	-6094.91
199.30	43631.05	0.00	-6712.74
199.40	42255.58	0.00	-7304.08
199.50	40740.67	0.00	-7866.60
199.60	39086.24	0.00	-8398.06
199.70	37292.69	0.00	-8896.39
199.80	35360.99	0.00	-9359.60
199.90	33292.76	0.00	-9785.88
200.00	31090.39	0.00	-10173.54
200.10	28757.08	0.00	-10521.04
200.20	26296.94	0.00	-10827.03
200.30	23715.05	0.00	-11090.28
200.40	21017.50	0.00	-11309.77
200.50	18211.46	0.00	-11484.62
200.60	15305.18	0.00	-11614.15
200.70	12308.00	0.00	-11697.84
200.80	9230.37	0.00	-11735.36
200.90	6083.81	0.00	-11726.58
201.00	2880.89	0.00	-11671.51
201.10	-364.84	0.00	-11570.38
201.20	-3638.91	0.00	-11423.59
201.30	-6925.99	0.00	-11231.71
201.40	-10210.04	0.00	-10995.51
201.50	-13474.38	0.00	-10715.91
201.60	-16701.81	0.00	-10394.02
201.70	-19874.78	0.00	-10031.11
201.80	-22975.51	0.00	-9628.62
201.90	-25986.16	0.00	-9188.12
202.00	-28888.97	0.00	-8711.36
202.10	-31666.43	0.00	-8200.22
202.20	-34301.45	0.00	-7656.72
202.30	-36777.53	0.00	-7083.01
202.40	-39078.89	0.00	-6481.34
202.50	-41190.67	0.00	-5854.09
202.60	-43099.05	0.00	-5203.73
202.70	-44791.39	0.00	-4532.84
202.80	-46256.39	0.00	-3844.06
202.90	-47484.18	0.00	-3140.11
203.00	-48466.42	0.00	-2423.77
203.10	-49196.41	0.00	-1697.86
203.20	-49669.15	0.00	-965.25
203.30	-49881.39	0.00	-228.84
203.40	-49862.67	0.00	508.49
203.50	-49705.85	0.00	1243.80
203.60	-49416.90	0.00	1974.21
203.70	-48995.30	0.00	2696.82
203.80	-48440.32	0.00	3408.79
203.90	-47751.07	0.00	4107.31
204.00	-46926.55	0.00	4789.62
204.10	-45965.70	0.00	5453.02
204.20	-44867.51	0.00	6094.91
204.30	-43631.05	0.00	6712.74
204.40	-42255.58	0.00	7304.08
204.50	-40740.67	0.00	7866.60
204.60	-39086.24	0.00	8398.06
204.70	-37292.69	0.00	8896.39
204.80	-35360.99	0.00	9359.60
204.90	-33292.76	0.00	9785.88
205.00	-31090.39	0.00	10173.54
205.10	-28757.08	0.00	10521.04
205.20	-26296.94	0.00	10827.03
205.30	-23715.05	0.00	11090.28
205.40	-21017.50	0.00	11309.77
205.50	-18211.46	0.00	11484.62
205.60	-15305.18	0.00	11614.15
205.70	-12308.00	0.00	11697.84
205.80	-9230.37	0.00	11735.36
205.90	-6083.81	0.00	11726.58
206.00	-2880.89	0.00	11671.51
206.10	364.84	0.00	11570.38
206.20	3638.91	0.00	11423.59
206.30	6925.99	0.00	11231.71
206.40	10210.04	0.00	10995.51
206.50	13474.38	0.00	10715.91
206.60	16701.81	0.00	10394.02
206.70	19874.78	0.00	10031.11
206.80	22975.51	0.00	9628.62
206.90	25986.16	0.00	9188.12
207.00	28888.97	0.00	8711.36
207.10	31666.43	0.00	8200.22
207.20	34301.45	0.00	7656.72
207.30	36777.53	0.00	7083.01
207.40	39078.89	0.00	6481.34
207.50	41190.67	0.00	5854.09
207.60	43099.05	0.00	5203.73
207.70	44791.39	0.00	4532.84
207.80	46256.39	0.00	3844.06
207.90	47484.18	0.00	3140.11
208.00	48466.42	0.00	2423.77
208.10	49196.41	0.00	1697.86
208.20	49669.15	0.00	965.25
208.30	49881.39	0.00	228.84
208.40	49862.67	0.00	-508.49
208.50	49705.85	0.00	-1243.80
208.60	49416.90	0.00	-1974.21
208.70	48995.30	0.00	-2696.82
208.80	48440.32	0.00	-3408.79
208.90	47751.07	0.00	-4107.31
209.00	46926.55	0.00	-4789.62
209.10	45965.70	0.00	-5453.02
209.20	44867.51	0.00	-6094.91
209.30	43631.05	0.00	-6712.74
209.40	42255.58	0.00	-7304.08
209.50	40740.67	0.00	-7866.60
209.60	39086.24	0.00	-8398.06
209.70	37292.69	0.00	-8896.39
209.80	35360.99	0.00	-9359.60
209.90	33292.76	0.00	-9785.88
210.00	31090.39	0.00	-10173.54
210.10	28757.08	0.00	-10521.04
210.20	26296.94	0.00	-10827.03
210.30	23715.05	0.00	-11090.28
210.40	21017.50	0.00	-11309.77
210.50	18211.46	0.00	-11484.62
210.60	15305.18	0.00	-11614.15
210.70	12308.00	0.00	-11697.84
210.80	9230.37	0.00	-11735.36
210.90	6083.81	0.00	-11726.58
211.00	2880.89	0.00	-11671.51
211.10	-364.84	0.00	-11570.38
211.20	-3638.91	0.00	-11423.59
211.30	-6925.99	0.00	-11231.71
211.40	-10210.04	0.00	-10995.51
211.50	-13474.38	0.00	-10715.91
211.60	-16701.81	0.00	-10394.02
211.70	-19874.78	0.00	-10031.11
211.80	-22975.51	0.00	-9628.62
211.90	-25986.16	0.00	-9188.12
212.00	-28888.97	0.00	-8711.36
212.10	-31666.43	0.00	-8200.22
212.20	-34301.45	0.00	-7656.72
212.30	-36777.53	0.00	-7083.01
212.40	-39078.89	0.00	-6481.34
212.50	-41190.67	0.00	-5854.09
212.60	-43099.05	0.00	-5203.73
212.70	-44791.39	0.00	-4532.84
212.80	-46256.39	0.00	-3844.06
212.90	-47484.18	0.00	-3140.11
213.00	-48466.42	0.00	-2423.77
213.10	-49196.41	0.00	-1697.86
213.20	-49669.15	0.00	-965.25
213.30	-49881.39	0.00	-228.84
213.40	-49862.67	0.00	508.49
213.50	-49705.85	0.00	1243.80
213.60	-49416.90	0.00	1974.21
213.70	-48995.30	0.00	2696.82
213.80	-48440.32	0.00	3408.79
213.90	-47751.07	0.00	4107.31
214.00	-46926.55	0.00	4789.62
214.10	-45965.70	0.00	5453.02
214.20	-44867.51	0.00	6094.91
214.30	-43631.05	0.00	6712.74
214.40	-42255.58	0.00	7304.08
214.50	-40740.67	0.00	7866.60
214.60	-39086.24	0.00	8398.06
214.70	-37292.69	0.00	8896.39
214.80	-35360.99	0.00	9359.60
214.90	-33292.76	0.00	9785.88
215.00	-31090.39	0.00	10173.54
215.10	-28757.08	0.00	10521.04
215.20	-26296.94	0.00	10827.03
215.30	-23715.05	0.00	11090.28
215.40	-21017.50	0.00	11309.77
215.50	-18211.46	0.00	11484.62
215.60	-15305.18	0.00	11614.15
215.70	-12308.00	0.00	11697.84
215.80	-9230.37	0.00	11735.36
215.90	-6083.81	0.00	11726.58
216.00	-2880.89	0.00	11671.51
216.10	364.84	0.00	11570.38
216.20	3638.91	0.00	11423.59
216.30	6925.99	0.00	11231.71
216.40	10210.04	0.00	10995.51
216.50	13474.38	0.00	10715.91
216.60	16701.81	0.00	10394.02
216.70	19874.78	0.00	10031.11
216.80	22975.51	0.00	9628.62
216.90	25986.16	0.00	9188.12
217.00	28888.97	0.00	8711.36
217.10	31666.43	0.00	8200.22
217.20	34301.45	0.00	7656.72
217.30	36777.53	0.00	7083.01
217.40	39078.89	0.00	6481.34
217.50	41190.67	0.00	5854.09
217.60	43099.05	0.00	5203.73
217.70	44791.39	0.00	4532.84
217.80	46256.39	0.00	3844.06
217.90	47484.18	0.00	3140.11
218.00	48466.42	0.00	2423.77
218.10	49196.41	0.00	1697.86
218.20	49669.15	0.00	965.25
218.30	49881.39	0.00	228.84
218.40	49862.67	0.00	-508.49
218.50	49705.85	0.00	-1243.80
218.60	49416.90	0.00	-1974.21
218.70	48995.30	0.00	-2696.82
218.80	48440.32	0.00	-3408.79
218.90	47751.07	0.00	-4107.31
219.00	46926.55	0.00	-4789.62
219.10	45965.70	0.00	-5453.02
219.20	44867.51	0.00	-6094.91
219.30	43631.05	0.00	-6712.74
219.40	42255.58	0.00	-7304.08
219.50	40740.67	0.00	-7866.60
219.60	39086.24	0.00	-8398.06
219.70	37292.69	0.00	-8896.39
219.80	35360.99	0.00	-9359.60
219.90	33292.76	0.00	-9785.88
220.00	31090.39	0.00	-10173.54
220.10	28757.08	0.00	-10521.04
220.20	26296.94	0.00	-10827.03
220.30	23715.05	0.00	-11090.28
220.40	21017.50	0.00	-11309.77
220.50	18211.46	0.00	-11484.62
220.60	15305.18	0.00	-11614.15
220.70	12308.00	0.00	-11697.84
220.80	9230.37	0.00	-11735.36
220.90	6083.81	0.00	-11726.58
221.00	2880.89	0.00	-11671.51
221.10	-364.84	0.00	-11570.38
221.20	-3638.91	0.00	-11423.59
221.30	-6925.99	0.00	-11231.71
221.40	-10210.04	0.00	-10995.51
221.50	-13474.38	0.00	-10715.91
221.60	-16701.81	0.00	-10394.02
221.70	-19874.78	0.00	-10031.11
221.80	-22975.51	0.00	-9628.62
221.90	-25986.16	0.00	-9188.12
222.00	-28888.97	0.00	-8711.36
222.10	-31666.43	0.00	-8200.22
222.20	-34301.45	0.00	-7656.72
222.30	-36777.53	0.00	-7083.01
222.40	-39078.89	0.00	-6481.34
222.50	-41190.67	0.00	-5854.09
222.60	-43099.05	0.00	-5203.73
222.70	-44791.39	0.00	-4532.84
222.80	-46256.39	0.00	-3844.06
222.90	-47484.18	0.00	-3140.11
223.00	-48466.42	0.00	-2423.77
223.10	-49196.41	0.00	-1697.86
223.20	-49669.15	0.00	-965.25
223.30	-49881.39	0.00	-228.84
223.40	-49862.67	0.00	508.49
223.50	-49705.85	0.00	1243.80
223.60	-49416.90	0.00	1974.21
223.70	-48995.30	0.00	2696.82
223.80	-48440.32	0.00	3408.79
223.90	-47751.07	0.00	4107.31
224.00	-46926.55	0.00	4789.62
224.10	-45965.70	0.00	5453.02
224.20	-44867.51	0.00	6094.91
224.30	-43631.05	0.00	6712.74
224.40	-42255.58	0.00	7304.08
224.50	-40740.67	0.00	7866.60
224.60	-39086.24	0.00	8398.06
224.70	-37292.69	0.00	8896.39
224.80	-35360.99	0.00	9359.60
224.90	-33292.76	0.00	9785.88
225.00	-31090.39	0.00	10173.54
225.10	-28757.08	0.00	10521.04
225.20	-26296.94	0.00	10827.03
225.30	-23715.05	0.00	11090.28
225.40	-21017.50	0.00	11309.77
225.50	-18211.46	0.00	11484.62
225.60	-15305.18	0.00	11614.15
225.70	-12308.00	0.00	11697.84
225.80	-9230.37	0.00	11735.36
225.90	-6083.81	0.00	11726.58
226.00	-2880.89	0.00	11671.51
226.10	364.84	0.00	11570.38
226.20	3638.91	0.00	11423.59
226.30	6925.99	0.00	11231.71
226.40	10210.04	0.00	10995.51
226.50	13474.38	0.00	10715.91
226.60	16701.81	0.00	10394.02
226.70	19874.78	0.00	10031.11
226.80	22975.51	0.00	9628.62
226.90	25986.16	0.00	9188.12
227.00	28888.97	0.00	8711.36
227.10	31666.43	0.00	8200.22
227.20	34301.45	0.00	7656.72
227.30	36777.53	0.00	7083.01
227.40	39078.89	0.00	6481.34
227.50	41190.67	0.00	5854.09
227.60	43099.05	0.00	5203.73
227.70	44791.39	0.00	4532.84
227.80	46256.39	0.00	3844.06
227.90	47484.18	0.00	3140.11
228.00	48466.42	0.00	2423.77
228.10	49196.41	0.00	1697.86
228.20	49669.15	0.00	965.25
228.30	49881.39	0.00	228.84
228.40	49862.67	0.00	-508.49
228.50	49705.85	0.00	-1243.80
228.60	49416.90	0.00	-1974.21
228.70	48995.30	0.00	-2696.82
228.80	48440.32	0.00	-3408.79
228.90	47751.07	0.00	-4107.31
229.00	46926.55	0.00	-4789.62
229.10	45965.70	0.00	-5453.02
229.20	44867.51	0.00	-6094.91
229.30	43631.05	0.00	-6712.74
229.40	42255.58	0.00	-7304.08
229.50	40740.67	0.00	-7866.60
229.60	39086.24	0.00	-8398.06
229.70	37292.69	0.00	-8896.39
229.80	35360.99	0.00	-9359.60
229.90	33292.76	0.00	-9785.88
230.00	31090.39	0.00	-10173.54
230.10	28757.08	0.00	-10521.04
230.20	26296.94	0.00	-10827.03
230.30	23715.05	0.00	-11090.28
230.40	21017.50	0.00	-11309.77
230.50	18211.46	0.00	-11484.62
230.60	15305.18	0.00	-11614.15
230.70	12308.00	0.00	-11697.84
230.80	9230.37	0.00	-11735.36
230.90	6083.81	0.00	-11726.58
231.00	2880.89	0.00	-11671.51
231.10	-364.84	0.00	-11570.38
231.20	-3638.91	0.00	-11423.59
231.30	-6925.99	0.00	-11231.71
231.40	-10210.04	0.00	-10995.51
231.50	-13474.38	0.00	-10715.91
231.60	-16701.81	0.00	-10394.02
231.70	-19874.78	0.00	-10031.11
231.80	-22975.51	0.00	-9628.62
231.90	-25986.16	0.00	-9188.12
232.00	-28888.97	0.00	-8711.36
232.10	-31666.43	0.00	-8200.22
232.20	-34301.45	0.00	-7656.72
232.30	-36777.53	0.00	-7083.01
232.40	-39078.89	0.00	-6481.34
232.50	-41190.67	0.00	-5854.09
232.60	-43099.05	0.00	-5203.73
232.70	-44791.39	0.00	-4532.84
232.80	-46256.39	0.00	-3844.06
232.90	-47484.18	0.00	-3140.11
233.00	-48466.42	0.00	-2423.77
233.10	-49196.41	0.00	-1697.86
233.20	-49669.15	0.00	-965.25
233.30	-49881.39	0.00	-228.84
233.40	-49862.67	0.00	508.49
233.50	-49705.85	0.00	1243.80
233.60	-49416.90	0.00	1974.21
233.70	-48995.30	0.00	2696.82
233.80	-48440.32	0.00	3408.79
233.90	-47751.07	0.00	4107.31
234.00	-46926.55	0.00	4789.62
234.10	-45965.70	0.00	5453.02
234.20	-44867.51	0.00	6094.91
234.30	-43631.05	0.00	6712.74
234.40	-42255.58	0.00	7304.08
234.50	-40740.67	0.00	7866.60
234.60	-39086.24	0.00	8398.06
234.70	-37292.69	0.00	8896.39
234.80	-35360.99	0.00	9359.60
234.90	-33292.76	0.00	9785.88
235.00	-31090.39	0.00	10173.54
235.10	-28757.08	0.00	10521.04
235.20	-26296.94	0.00	10827.03
235.30	-23715.05	0.00	11090.28
235.40	-21017.50	0.00	11309.77
235.50	-18211.46	0.00	11484.62
235.60	-15305.18	0.00	11614.15
235.70	-12308.00	0.00	11697.84
235.80	-9230.37	0.00	11735.36
235.90	-6083.81	0.00	11726.58
236.00	-2880.89	0.00	11671.51
236.10	364.84	0.00	11570.38
236.20	3638.91	0.00	11423.59
236.30	6925.99	0.00	11231.71
236.40	10210.04	0.00	10995.51
236.50	13474.38	0.00	10715.91
236.60	16701.81	0.00	10394.02
236.70	19874.78	0.00	10031.11
236.80	22975.51	0.00	9628.62
236.90	25986.16	0.00	9188.12
237.00	28888.97	0.00	8711.36
237.10	31666.43	0.00	8200.22
237.20	34301.45	0.00	7656.72
237.30	36777.53	0.00	7083.01
237.40	39078.89	0.00	6481.34
237.50	41190.67	0.00	5854.09
237.60	43099.05	0.00	5203.73
237.70	44791.39	0.00	4532.84
237.80	46256.39	0.00	3844.06
237.90	47484.18	0.00	3140.11
238.00	48466.42	0.00	2423.77
238.10	49196.41	0.00	1697.86
238.20	49669.15	0.00	965.25
238.30	49881.39	0.00	228.84
238.40	49862.67	0.00	-508.49
238.50	49705.85	0.00	-1243.80
238.60	49416.90	0.00	-1974.21
238.70	48995.30	0.00	-2696.82
238.80	48440.32	0.00	-3408.79
238.90	47751.07	0.00	-4107.31
239.00	46926.55	0.00	-4789.62
239.10	45965.70	0.00	-5453.02
239.20	44867.51	0.00	-6094.91
239.30	43631.05	0.00	-6712.74
239.40	42255.58	0.00	-7304.08
239.50	40740.67	0.00	-7866.60
239.60	39086.24	0.00	-8398.06
239.70	37292.69	0.00	-8896.39
239.80	35360.99	0.00	-9359.60
239.90	33292.76	0.00	-9785.88
240.00	31090.39	0.00	-10173.54
240.10	28757.08	0.00	-10521.04
240.20	26296.94	0.00	-10827.03
240.30	23715.05	0.00	-11090.28
240.40	21017.50	0.00	-11309.77
240.50	18211.46	0.00	-11484.62
240.60	15305.18	0.00	-11614.15
240.70	12308.00	0.00	-11697.84
240.80	9230.37	0.00	-11735.36
240.90	6083.81	0.00	-11726.58
241.00	2880.89	0.00	-11671.51
241.10	-364.84	0.00	-11570.38
241.20	-3638.91	0.00	-11423.59
241.30	-6925.99	0.00	-11231.71
241.40	-10210.04	0.00	-10995.51
241.50	-13474.38	0.00	-10715.91
241.60	-16701.81	0.00	-10394.02
241.70	-19874.78	0.00	-10031.11
241.80	-22975.51	0.00	-9628.62
241.90	-25986.16	0.00	-9188.12
242.00	-28888.97	0.00	-8711.36
242.10	-31666.43	0.00	-8200.22
242.20	-34301.45	0.00	-7656.72
242.30	-36777.53	0.00	-7083.01
242.40	-39078.89	0.00	-6481.34
242.50	-41190.67	0.00	-5854.09
242.60	-43099.05	0.00	-5203.73
242.70	-44791.39	0.00	-4532.84
242.80	-46256.39	0.00	-3844.06
242.90	-47484.18	0.00	-3140.11
243.00	-48466.42	0.00	-2423.77
243.10	-49196.41	0.00	-1697.86
243.20	-49669.15	0.00	-965.25
243.30	-49881.39	0.00	-228.84
243.40	-49862.67	0.00	508.49
243.50	-49705.85	0.00	1243.80
243.60	-49416.90	0.00	1974.21
243.70	-48995.30	0.00	2696.82
243.80	-48440.32	0.00	3408.79
243.90	-47751.07	0.00	4107.31
244.00	-46926.55	0.00	4789.62
244.10	-45965.70	0.00	5453.02
244.20	-44867.51	0.00	6094.91
244.30	-43631.05	0.00	6712.74
244.40	-42255.58	0.00	7304.08
244.50	-40740.67	0.00	7866.60
244.60	-39086.24	0.00	8398.06
244.70	-37292.69	0.00	8896.39
244.80	-35360.99	0.00	9359.60
244.90	-33292.76	0.00	9785.88
245.00	-31090.39	0.00	10173.54
245.10	-28757.08	0.00	10521.04
245.20	-26296.94	0.00	10827.03
245.30	-23715.05	0.00	11090.28
245.40	-21017.50	0.00	11309.77
245.50	-18211.46	0.00	11484.62
245.60	-15305.18	0.00	11614.15
245.70	-12308.00	0.00	11697.84
245.80	-9230.37	0.00	11735.36
245.90	-6083.81	0.00	11726.58
246.00	-2880.89	0.00	11671.51
246.10	364.84	0.00	11570.38
246.20	3638.91	0.00	11423.59
246.30	6925.99	0.00	11231.71
246.40	10210.04	0.00	10995.51
246.50	13474.38	0.00	10715.91
246.60	16701.81	0.00	10394.02
246.70	19874.78	0.00	10031.11
246.80	22975.51	0.00	9628.62
246.90	25986.16	0.00	9188.12
247.00	28888.97	0.00	8711.36
247.10	31666.43	0.00	8200.22
247.20	34301.45	0.00	7656.72
247.30	36777.53	0.00	7083.01
247.40	39078.89	0.00	6481.34
247.50	41190.67	0.00	5854.09
247.60	43099.05	0.00	5203.73
247.70	44791.39	0.00	4532.84
247.80	46256.39	0.00	3844.06
247.90	47484.18	0.00	3140.11
248.00	48466.42	0.00	2423.77
248.10	49196.41	0.00	1697.86
248.20	49669.15	0.00	965.25
248.30	49881.39	0.00	228.84
248.40	49862.67	0.00	-508.49
248.50	49705.85	0.00	-1243.80
248.60	49416.90	0.00	-1974.21
248.70	48995.30	0.00	-2696.82
248.80	48440.32	0.00	-3408.79
248.90	47751.07	0.00	-4107.31
249.00	46926.55	0.00	-4789.62
249.10	45965.70	0.00	-5453.02
249.20	44867.51	0.00	-6094.91
249.30	43631.05	0.00	-6712.74
249.40	42255.58	0.00	-7304.08
249.50	40740.67	0.00	-7866.60
249.60	39086.24	0.00	-8398.06
249.70	37292.69	0.00	-8896.39
249.80	35360.99	0.00	-9359.60
249.90	33292.76	0.00	-9785.88
250.00	31090.39	0.00	-10173.54
250.10	28757.08	0.00	-10521.04
250.20	26296.94	0.00	-10827.03
250.30	23715.05	0.00	-11090.28
250.40	21017.50	0.00	-11309.77
250.50	18211.46	0.00	-11484.62
250.60	15305.18	0.00	-11614.15
250.70	12308.00	0.00	-11697.84
250.80	9230.37	0.00	-11735.36
250.90	6083.81	0.00	-11726.58
251.00	2880.89	0.00	-11671.51
251.10	-364.84	0.00	-11570.38
251.20	-3638.91	0.00	-11423.59
251.30	-6925.99	0.00	-11231.71
251.40	-10210.04	0.00	-10995.51
251.50	-13474.38	0.00	-10715.91
251.60	-16701.81	0.00	-10394.02
251.70	-19874.78	0.00	-10031.11
251.80	-22975.51	0.00	-9628.62
251.90	-25986.16	0.00	-9188.12
252.00	-28888.97	0.00	-8711.36
252.10	-31666.43	0.00	-8200.22
252.20	-34301.45	0.00	-7656.72
252.30	-36777.53	0.00	-7083.01
252.40	-39078.89	0.00	-6481.34
252.50	-41190.67	0.00	-5854.09
252.60	-43099.05	0.00	-5203.73
252.70	-44791.39	0.00	-4532.84
252.80	-46256.39	0.00	-3844.06
252.90	-47484.18	0.00	-3140.11
253.00	-48466.42	0.00	-2423.77
253.10	-49196.41	0.00	-1697.86
253.20	-49669.15	0.00	-965.25
253.30	-49881.39	0.00	-228.84
253.40	-49862.67	0.00	508.49
253.50	-49705.85	0.00	1243.80
253.60	-49416.90	0.00	1974.21
253.70	-48995.30	0.00	2696.82
253.80	-48440.32	0.00	3408.79
253.90	-47751.07	0.00	4107.31
254.00	-46926.55	0.00	4789.62
254.10	-45965.70	0.00	5453.02
254.20	-44867.51	0.00	6094.91
254.30	-43631.05	0.00	6712.74
254.40	-42255.58	0.00	7304.08
254.50	-40740.67	0.00	7866.60
254.60	-39086.24	0.00	8398.06
254.70	-37292.69	0.00	8896.39
254.80	-35360.99	0.00	9359.60
254.90	-33292.76	0.00	9785.88
255.00	-31090.39	0.00	10173.54
255.10	-28757.08	0.00	10521.04
255.20	-26296.94	0.00	10827.03
255.30	-23715.05	0.00	11090.28
255.40	-21017.50	0.00	11309.77
255.50	-18211.46	0.00	11484.62
255.60	-15305.18	0.00	11614.15
255.70	-12308.00	0.00	11697.84
255.80	-9230.37	0.00	11735.36
255.90	-6083.81	0.00	11726.58
256.00	-2880.89	0.00	11671.51
256.10	364.84	0.00	11570.38
256.20	3638.91	0.00	11423.59
256.30	6925.99	0.00	11231.71
256.40	10210.04	0.00	10995.51
256.50	13474.38	0.00	10715.91
256.60	16701.81	0.00	10394.02
256.70	19874.78	0.00	10031.11
256.80	22975.51	0.00	9628.62
256.90	25986.16	0.00	9188.12
257.00	28888.97	0.00	8711.36
257.10	31666.43	0.00	8200.22
257.20	34301.45	0.00	7656.72
257.30	36777.53	0.00	7083.01
257.40	39078.89	0.00	6481.34
257.50	41190.67	0.00	5854.09
257.60	43099.05	0.00	5203.73
257.70	44791.39	0.00	4532.84
257.80	46256.39	0.00	3844.06
257.90	47484.18	0.00	3140.11
258.00	48466.42	0.00	2423.77
258.10	49196.41	0.00	1697.86
258.20	49669.15	0.00	965.25
258.30	49881.39	0.00	228.84
258.40	49862.67	0.00	-508.49
258.50	49705.85	0.00	-1243.80
258.60	49416.90	0.00	-1974.21
258.70	48995.30	0.00	-2696.82
258.80	48440.32	0.00	-3408.79
258.90	47751.07	0.00	-4107.31
259.00	46926.55	0.00	-4789.62
259.10	45965.70	0.00	-5453.02
259.20	44867.51	0.00	-6094.91
259.30	43631.05	0.00	-6712.74
259.40	42255.58	0.00	-7304.08
259.50	40740.67	0.00	-7866.60
259.60	39086.24	0.00	-8398.06
259.70	37292.69	0.00	-8896.39
259.80	35360.99	0.00	-9359.60
259.90	33292.76	0.00	-9785.88
260.00	31090.39	0.00	-10173.54
260.10	28757.08	0.00	-10521.04
260.20	26296.94	0.00	-10827.03
260.30	23715.05	0.00	-11090.28
260.40	21017.50	0.00	-11309.77
260.50	18211.46	0.00	-11484.62
260.60	15305.18	0.00	-11614.15
260.70	12308.00	0.00	-11697.84
260.80	9230.37	0.00	-11735.36
260.90	6083.81	0.00	-11726.58
261.00	2880.89	0.00	-11671.51
261.10	-364.84	0.00	-11570.38
261.20	-3638.91	0.00	-11423.59
261.30	-6925.99	0.00	-11231.71
261.40	-10210.04	0.00	-10995.51
261.50	-13474.38	0.00	-10715.91
261.60	-16701.81	0.00	-10394.02
261.70	-19874.78	0.00	-10031.11
261.80	-22975.51	0.00	-9628.62
261.90	-25986.16	0.00	-9188.12
262.00	-28888.97	0.00	-8711.36
262.10	-31666.43	0.00	-8200.22
262.20	-34301.45	0.00	-7656.72
262.30	-36777.53	0.00	-7083.01
262.40	-39078.89	0.00	-6481.34
262.50	-41190.67	0.00	-5854.09
262.60	-43099.05	0.00	-5203.73
262.70	-44791.39	0.00	-4532.84
262.80	-46256.39	0.00	-3844.06
262.90	-47484.18	0.00	-3140.11
263.00	-48466.42	0.00	-2423.77
263.10	-49196.41	0.00	-1697.86
263.20	-49669.15	0.00	-965.25
263.30	-49881.39	0.00	-228.84
263.40	-49862.67	0.00	508.49
263.50	-49705.85	0.00	1243.80
263.60	-49416.90	0.00	1974.21
263.70	-48995.30	0.00	2696.82
263.80	-48440.32	0.00	3408.79
263.90	-47751.07	0.00	4107.31
264.00	-46926.55	0.00	4789.62
264.10	-45965.70	0.00	5453.02
264.20	-44867.51	0.00	6094.91
264.30	-43631.05	0.00	6712.74
264.40	-42255.58	0.00	7304.08
264.50	-40740.67	0.00	7866.60
264.60	-39086.24	0.00	8398.06
264.70	-37292.69	0.00	8896.39
264.80	-35360.99	0.00	9359.60
264.90	-33292.76	0.00	9785.88
265.00	-31090.39	0.00	10173.54
265.10	-28757.08	0.00	10521.04
265.20	-26296.94	0.00	10827.03
265.30	-23715.05	0.00	11090.28
265.40	-21017.50	0.00	11309.77
265.50	-18211.46	0.00	11484.62
265.60	-15305.18	0.00	11614.15
265.70	-12308.00	0.00	11697.84
265.80	-9230.37	0.00	11735.36
265.90	-6083.81	0.00	11726.58
266.00	-2880.89	0.00	11671.51
266.10	364.84	0.00	11570.38
266.20	3638.91	0.00	11423.59
266.30	6925.99	0.00	11231.71
266.40	10210.04	0.00	10995.51
266.50	13474.38	0.00	10715.91
266.60	16701.81	0.00	10394.02
266.70	19874.78	0.00	10031.11
266.80	22975.51	0.00	9628.62
266.90	25986.16	0.00	9188.12
267.00	28888.97	0.00	8711.36
267.10	31666.43	0.00	8200.22
267.20	34301.45	0.00	7656.72
267.30	36777.53	0.00	7083.01
267.40	39078.89	0.00	6481.34
267.50	41190.67	0.00	5854.09
267.60	43099.05	0.00	5203.73
267.70	44791.39	0.00	4532.84
267.80	46256.39	0.00	3844.06
267.90	47484.18	0.00	3140.11
268.00	48466.42	0.00	2423.77
268.10	49196.41	0.00	1697.86
268.20	49669.15	0.00	965.25
268.30	49881.39	0.00	228.84
268.40	49862.67	0.00	-508.49
268.50	49705.85	0.00	-1243.80
268.60	49416.90	0.00	-1974.21
268.70	48995.30	0.00	-2696.82
268.80	48440.32	0.00	-3408.79
268.90	47751.07	0.00	-4107.31
269.00	46926.55	0.00	-4789.62
269.10	45965.70	0.00	-5453.02
269.20	44867.51	0.00	-6094.91
269.30	43631.05	0.00	-6712.74
269.40	42255.58	0.00	-7304.08
269.50	40740.67	0.00	-7866.60
269.60	39086.24	0.00	-8398.06
269.70	37292.69	0.00	-8896.39
269.80	35360.99	0.00	-9359.60
269.90	33292.76	0.00	-9785.88
270.00	31090.39	0.00	-10173.54
270.10	28757.08	0.00	-10521.04
270.20	26296.94	0.00	-10827.03
270.30	23715.05	0.00	-11090.28
270.40	21017.50	0.00	-11309.77
270.50	18211.46	0.00	-11484.62
270.60	15305.18	0.00	-11614.15
270.70	12308.00	0.00	-11697.84
270.80	9230.37	0.00	-11735.36
270.90	6083.81	0.00	-11726.58
271.00	2880.89	0.00	-11671.51
271.10	-364.84	0.00	-11570.38
271.20	-3638.91	0.00	-11423.59
271.30	-6925.99	0.00	-11231.71
271.40	-10210.04	0.00	-10995.51
271.50	-13474.38	0.00	-10715.91
271.60	-16701.81	0.00	-10394.02
271.70	-19874.78	0.00	-10031.11
271.80	-22975.51	0.00	-9628.62
271.90	-25986.16	0.00	-9188.12
272.00	-28888.97	0.00	-8711.36
272.10	-31666.43	0.00	-8200.22
272.20	-34301.45	0.00	-7656.72
272.30	-36777.53	0.00	-7083.01
272.40	-39078.89	0.00	-6481.34
272.50	-41190.67	0.00	-5854.09
272.60	-43099.05	0.00	-5203.73
272.70	-44791.39	0.00	-4532.84
272.80	-46256.39	0.00	-3844.06
272.90	-47484.18	0.00	-3140.11
273.00	-48466.42	0.00	-2423.77
273.10	-49196.41	0.00	-1697.86
273.20	-49669.15	0.00	-965.25
273.30	-49881.39	0.00	-228.84
273.40	-49862.67	0.00	508.49
273.50	-49705.85	0.00	1243.80
273.60	-49416.90	0.00	1974.21
273.70	-48995.30	0.00	2696.82
273.80	-48440.32	0.00	3408.79
273.90	-47751.07	0.00	4107.31
274.00	-46926.55	0.00	4789.62
274.10	-45965.70	0.00	5453.02
274.20	-44867.51	0.00	6094.91
274.30	-43631.05	0.00	6712.74
274.40	-42255.58	0.00	7304.08
274.50	-40740.67	0.00	7866.60
274.60	-39086.24	0.00	8398.06
274.70	-37292.69	0.00	8896.39
274.80	-35360.99	0.00	9359.60
274.90	-33292.76	0.00	9785.88
275.00	-31090.39	0.00	10173.54
275.10	-28757.08	0.00	10521.04
275.20	-26296.94	0.00	10827.03
275.30	-23715.05	0.00	11090.28
275.40	-21017.50	0.00	11309.77
275.50	-18211.46	0.00	11484.62
275.60	-15305.18	0.00	11614.15
275.70	-12308.00	0.00	11697.84
275.80	-9230.37	0.00	11735.36
275.90	-6083.81	0.00	11726.58
276.00	-2880.89	0.00	11671.51
276.10	364.84	0.00	11570.38
276.20	3638.91	0.00	11423.59
276.30	6925.99	0.00	11231.71
276.40	10210.04	0.00	10995.51
276.50	13474.38	0.00	10715.91
276.60	16701.81	0.00	10394.02
276.70	19874.78	0.00	10031.11
276.80	22975.51	0.00	9628.62
276.90	25986.16	0.00	9188.12
277.00	28888.97	0.00	8711.36
277.10	31666.43	0.00	8200.22
277.20	34301.45	0.00	7656.72
277.30	36777.53	0.00	7083.01
277.40	39078.89	0.00	6481.34
277.50	41190.67	0.00	5854.09
277.60	43099.05	0.00	5203.73
277.70	44791.39	0.00	4532.84
277.80	46256.39	0.00	3844.06
277.90	47484.18	0.00	3140.11
278.00	48466.42	0.00	2423.77
278.10	49196.41	0.00	1697.86
278.20	49669.15	0.00	965.25
278.30	49881.39	0.00	228.84
278.40	49862.67	0.00	-508.49
278.50	49705.85	0.00	-1243.80
278.60	49416.90	0.00	-1974.21
278.70	48995.30	0.00	-2696.82
278.80	48440.32	0.00	-3408.79
278.90	47751.07	0.00	-4107.31
279.00	46926.55	0.00	-4789.62
279.10	45965.70	0.00	-5453.02
279.20	44867.51	0.00	-6094.91
279.30	43631.05	0.00	-6712.74
279.40	42255.58	0.00	-7304.08
279.50	40740.67	0.00	-7866.60
279.60	39086.24	0.00	-8398.06
279.70	37292.69	0.00	-8896.39
279.80	35360.99	0.00	-9359.60
279.90	33292.76	0.00	-9785.88
280.00	31090.39	0.00	-10173.54
280.10	28757.08	0.00	-10521.04
280.20	26296.94	0.00	-10827.03
280.30	23715.05	0.00	-11090.28
280.40	21017.50	0.00	-11309.77
280.50	18211.46	0.00	-11484.62
280.60	15305.18	0.00	-11614.15
280.70	12308.00	0.00	-11697.84
280.80	9230.37	0.00	-11735.36
280.90	6083.81	0.00	-11726.58
281.00	2880.89	0.00	-11671.51
281.10	-364.84	0.00	-11570.38
281.20	-3638.91	0.00	-11423.59
281.30	-6925.99	0.00	-11231.71
281.40	-10210.04	0.00	-10995.51
281.50	-13474.38	0.00	-10715.91
281.60	-16701.81	0.00	-10394.02
281.70	-19874.78	0.00	-10031.11
281.80	-22975.51	0.00	-9628.62
281.90	-25986.16	0.00	-9188.12
282.00	-28888.97	0.00	-8711.36
282.10	-31666.43	0.00	-8200.22
282.20	-34301.45	0.00	-7656.72
282.30	-36777.53	0.00	-7083.01
282.40	-39078.89	0.00	-6481.34
282.50	-41190.67	0.00	-5854.09
282.60	-43099.05	0.00	-5203.73
282.70	-44791.39	0.00	-4532.84
282.80	-46256.39	0.00	-3844.06
282.90	-47484.18	0.00	-3140.11
283.00	-48466.42	0.00	-2423.77
283.10	-49196.41	0.00	-1697.86
283.20	-49669.15	0.00	-965.25
283.30	-49881.39	0.00	-228.84
283.40	-49862.67	0.00	508.49
283.50	-49705.85	0.00	1243.80
283.60	-49416.90	0.00	1974.21
283.70	-48995.30	0.00	2696.82
283.80	-48440.32	0.00	3408.79
283.90	-47751.07	0.00	4107.31
284.00	-46926.55	0.00	4789.62
284.10	-45965.70	0.00	5453.02
284.20	-44867.51	0.00	6094.91
284.30	-43631.05	0.00	6712.74
284.40	-42255.58	0.00	7304.08
284.50	-40740.67	0.00	7866.60
284.60	-39086.24	0.00	8398.06
284.70	-37292.69	0.00	8896.39
284.80	-35360.99	0.00	9359.60
284.90	-33292.76	0.00	9785.88
285.00	-31090.39	0.00	10173.54
285.10	-28757.08	0.00	10521.04
285.20	-26296.94	0.00	10827.03
285.30	-23715.05	0.00	11090.28
285.40	-21017.50	0.00	11309.77
285.50	-18211.46	0.00	11484.62
285.60	-15305.18	0.00	11614.15
285.70	-12308.00	0.00	11697.84
285.80	-9230.37	0.00	11735.36
285.90	-6083.81	0.00	11726.58
286.00	-2880.89	0.00	11671.51
286.10	364.84	0.00	11570.38
286.20	3638.91	0.00	11423.59
286.30	6925.99	0.00	11231.71
286.40	10210.04	0.00	10995.51
286.50	13474.38	0.00	10715.91
286.60	16701.81	0.00	10394.02
286.70	19874.78	0.00	10031.11
286.80	22975.51	0.00	9628.62
286.90	25986.16	0.00	9188.12
287.00	28888.97	0.00	8711.36
287.10	31666.43	0.00	8200.22
287.20	34301.45	0.00	7656.72
287.30	36777.53	0.00	7083.01
287.40	39078.89	0.00	6481.34
287.50	41190.67	0.00	5854.09
287.60	43099.05	0.00	5203.73
287.70	44791.39	0.00	4532.84
287.80	46256.39	0.00	3844.06
287.90	47484.18	0.00	3140.11
288.00	48466.42	0.00	2423.77
288.10	49196.41	0.00	1697.86
288.20	49669.15	0.00	965.25
288.30	49881.39	0.00	228.84
288.40	49862.67	0.00	-508.49
288.50	49705.85	0.00	-1243.80
288.60	49416.90	0.00	-1974.21
288.70	48995.30	0.00	-2696.82
288.80	48440.32	0.00	-3408.79
288.90	47751.07	0.00	-4107.31
289.00	46926.55	0.00	-4789.62
289.10	45965.70	0.00	-5453.02
289.20	44867.51	0.00	-6094.91
289.30	43631.05	0.00	-6712.74
289.40	42255.58	0.00	-7304.08
289.50	40740.67	0.00	-7866.60
289.60	39086.24	0.00	-8398.06
289.70	37292.69	0.00	-8896.39
289.80	35360.99	0.00	-9359.60
289.90	33292.76	0.00	-9785.88
290.00	31090.39	0.00	-10173.54
290.10	28757.08	0.00	-10521.04
290.20	26296.94	0.00	-10827.03
290.30	23715.05	0.00	-11090.28
290.40	21017.50	0.00	-11309.77
290.50	18211.46	0.00	-11484.62
290.60	15305.18	0.00	-11614.15
290.70	12308.00	0.00	-11697.84
290.80	9230.37	0.00	-11735.36
290.90	6083.81	0.00	-11726.58
291.00	2880.89	0.00	-11671.51
291.10	-364.84	0.00	-11570.38
291.20	-3638.91	0.00	-11423.59
291.30	-6925.99	0.00	-11231.71
291.40	-10210.04	0.00	-10995.51
291.50	-13474.38	0.00	-10715.91
291.60	-16701.81	0.00	-10394.02
291.70	-19874.78	0.00	-10031.11
291.80	-22975.51	0.00	-9628.62
291.90	-25986.16	0.00	-9188.12
292.00	-28888.97	0.00	-8711.36
292.10	-31666.43	0.00	-8200.22
292.20	-34301.45	0.00	-7656.72
292.30	-36777.53	0.00	-7083.01
292.40	-39078.89	0.00	-6481.34
292.50	-41190.67	0.00	-5854.09
292.60	-43099.05	0.00	-5203.73
292.70	-44791.39	0.00	-4532.84
292.80	-46256.39	0.00	-3844.06
292.90	-47484.18	0.00	-3140.11
293.00	-48466.42	0.00	-2423.77
293.10	-49196.41	0.00	-1697.86
293.20	-49669.15	0.00	-965.25
293.30	-49881.39	0.00	-228.84
293.40	-49862.67	0.00	508.49
293.50	-49705.85	0.00	1243.80
293.60	-49416.90	0.00	1974.21
293.70	-48995.30	0.00	2696.82
293.80	-48440.32	0.00	3408.79
293.90	-47751.07	0.00	4107.31
294.00	-46926.55	0.00	4789.62
294.10	-45965.70	0.00	5453.02
294.20	-44867.51	0.00	6094.91
294.30	-43631.05	0.00	6712.74
294.40	-42255.58	0.00	7304.08
294.50	-40740.67	0.00	7866.60
294.60	-39086.24	0.00	8398.06
294.70	-37292.69	0.00	8896.39
294.80	-35360.99	0.00	9359.60
294.90	-33292.76	0.00	9785.88
295.00	-31090.39	0.00	10173.54
295.10	-28757.08	0.00	10521.04
295.20	-26296.94	0.00	10827.03
295.30	-23715.05	0.00	11090.28
295.40	-21017.50	0.00	11309.77
295.50	-18211.46	0.00	11484.62
295.60	-15305.18	0.00	11614.15
295.70	-12308.00	0.00	11697.84
295.80	-9230.37	0.00	11735.36
295.90	-6083.81	0.00	11726.58
296.00	-2880.89	0.00	11671.51
296.10	364.84	0.00	11570.38
296.20	3638.91	0.00	11423.59
296.30	6925.99	0.00	11231.71
296.40	10210.04	0.00	10995.51
296.50	13474.38	0.00	10715.91
296.60	16701.81	0.00	10394.02
296.70	19874.78	0.00	10031.11
296.80	22975.51	0.00	9628.62
296.90	25986.16	0.00	9188.12
297.00	28888.97	0.00	8711.36
297.10	31666.43	0.00	8200.22
297.20	34301.45	0.00	7656.72
297.30	36777.53	0.00	7083.01
297.40	39078.89	0.00	6481.34
297.50	41190.67	0.00	5854.09
297.60	43099.05	0.00	5203.73
297.70	44791.39	0.00	4532.84
297.80	46256.39	0.00	3844.06
297.90	47484.18	0.00	3140.11
298.00	48466.42	0.00	2423.77
298.10	49196.41	0.00	1697.86
298.20	49669.15	0.00	965.25
298.30	49881.39	0.00	228.84
298.40	49862.67	0.00	-508.49
298.50	49705.85	0.00	-1243.80
298.60	49416.90	0.00	-1974.21
298.70	48995.30	0.00	-2696.82
298.80	48440.32	0.00	-3408.79
298.90	47751.07	0.00	-4107.31
299.00	46926.55	0.00	-4789.62
299.10	45965.70	0.00	-5453.02
299.20	44867.51	0.00	-6094.91
299.30	43631.05	0.00	-6712.74
299.40	42255.58	0.00	-7304.08
299.50	40740.67	0.00	-7866.60
299.60	39086.24	0.00	-8398.06
299.70	37292.69	0.00	-8896.39
299.80	35360.99	0.00	-9359.60
299.90	33292.76	0.00	-9785.88
300.00	31090.39	0.00	-10173.54
300.10	28757.08	0.00	-10521.04
300.20	26296.94	0.00	-10827.03
300.30	23715.05	0.00	-11090.28
300.40	21017.50	0.00	-11309.77
300.50	18211.46	0.00	-11484.62
300.60	15305.18	0.00	-11614.15
300.70	12308.00	0.00	-11697.84
300.80	9230.37	0.00	-11735.36
300.90	6083.81	0.00	-11726.58
301.00	2880.89	0.00	-11671.51
301.10	-364.84	0.00	-11570.38
301.20	-3638.91	0.00	-11423.59
301.30	-6925.99	0.00	-11231.71
301.40	-10210.04	0.00	-10995.51
301.50	-13474.38	0.00	-10715.91
301.60	-16701.81	0.00	-10394.02
301.70	-19874.78	0.00	-10031.11
301.80	-22975.51	0.00	-9628.62
301.90	-25986.16	0.00	-9188.12
302.00	-28888.97	0.00	-8711.36
302.10	-31666.43	0.00	-8200.22
302.20	-34301.45	0.00	-7656.72
302.30	-36777.53	0.00	-7083.01
302.40	-39078.89	0.00	-6481.34
302.50	-41190.67	0.00	-5854.09
302.60	-43099.05	0.00	-5203.73
302.70	-44791.39	0.00	-4532.84
302.80	-46256.39	0.00	-3844.06
302.90	-47484.18	0.00	-3140.11
303.00	-48466.42	0.00	-2423.77
303.10	-49196.41	0.00	-1697.86
303.20	-49669.15	0.00	-965.25
303.30	-49881.39	0.00	-228.84
303.40	-49862.67	0.00	508.49
303.50	-49705.85	0.00	1243.80
303.60	-49416.90	0.00	1974.21
303.70	-48995.30	0.00	2696.82
303.80	-48440.32	0.00	3408.79
303.90	-47751.07	0.00	4107.31
304.00	-46926.55	0.00	4789.62
304.10	-45965.70	0.00	5453.02
304.20	-44867.51	0.00	6094.91
304.30	-43631.05	0.00	6712.74
304.40	-42255.58	0.00	7304.08
304.50	-40740.67	0.00	7866.60
304.60	-39086.24	0.00	8398.06
304.70	-37292.69	0.00	8896.39
304.80	-35360.99	0.00	9359.60
304.90	-33292.76	0.00	9785.88
305.00	-31090.39	0.00	10173.54
305.10	-28757.08	0.00	10521.04
305.20	-26296.94	0.00	10827.03
305.30	-23715.05	0.00	11090.28
305.40	-21017.50	0.00	11309.77
305.50	-18211.46	0.00	11484.62
305.60	-15305.18	0.00	11614.15
305.70	-12308.00	0.00	11697.84
305.80	-9230.37	0.00	11735.36
305.90	-6083.81	0.00	11726.58
306.00	-2880.89	0.00	11671.51
306.10	364.84	0.00	11570.38
306.20	3638.91	0.00	11423.59
306.30	6925.99	0.00	11231.71
306.40	10210.04	0.00	10995.51
306.50	13474.38	0.00	10715.91
306.60	16701.81	0.00	10394.02
306.70	19874.78	0.00	10031.11
306.80	22975.51	0.00	9628.62
306.90	25986.16	0.00	9188.12
307.00	28888.97	0.00	8711.36
307.10	31666.43	0.00	8200.22
307.20	34301.45	0.00	7656.72
307.30	36777.53	0.00	7083.01
307.40	39078.89	0.00	6481.34
307.50	41190.67	0.00	5854.09
307.60	43099.05	0.00	5203.73
307.70	44791.39	0.00	4532.84
307.80	46256.39	0.00	3844.06
307.90	47484.18	0.00	3140.11
308.00	48466.42	0.00	2423.77
308.10	49196.41	0.00	1697.86
308.20	49669.15	0.00	965.25
308.30	49881.39	0.00	228.84
308.40	49862.67	0.00	-508.49
308.50	49705.85	0.00	-1243.80
308.60	49416.90	0.00	-1974.21
308.70	48995.30	0.00	-2696.82
308.80	48440.32	0.00	-3408.79
308.90	47751.07	0.00	-4107.31
309.00	46926.55	0.00	-4789.62
309.10	45965.70	0.00	-5453.02
309.20	44867.51	0.00	-6094.91
309.30	43631.05	0.00	-6712.74
309.40	42255.58	0.00	-7304.08
309.50	40740.67	0.00	-7866.60
309.60	39086.24	0.00	-8398.06
309.70	37292.69	0.00	-8896.39
309.80	35360.99	0.00	-9359.60
309.90	33292.76	0.00	-9785.88
310.00	31090.39	0.00	-10173.54
310.10	28757.08	0.00	-10521.04
310.20	26296.94	0.00	-10827.03
310.30	23715.05	0.00	-11090.28
310.40	21017.50	0.00	-11309.77
310.50	18211.46	0.00	-11484.62
310.60	15305.18	0.00	-11614.15
310.70	12308.00	0.00	-11697.84
310.80	9230.37	0.00	-11735.36
310.90	6083.81	0.00	-11726.58
311.00	2880.89	0.00	-11671.51
311.10	-364.84	0.00	-11570.38
311.20	-3638.91	0.00	-11423.59
311.30	-6925.99	0.00	-11231.71
311.40	-10210.04	0.00	-10995.51
311.50	-13474.38	0.00	-10715.91
311.60	-16701.81	0.00	-10394.02
311.70	-19874.78	0.00	-10031.11
311.80	-22975.51	0.00	-9628.62
311.90	-25986.16	0.00	-9188.12
312.00	-28888.97	0.00	-8711.36
312.10	-31666.43	0.00	-8200.22
312.20	-34301.45	0.00	-7656.72
312.30	-36777.53	0.00	-7083.01
312.40	-39078.89	0.00	-6481.34
312.50	-41190.67	0.00	-5854.09
312.60	-43099.05	0.00	-5203.73
312.70	-44791.39	0.00	-4532.84
312.80	-46256.39	0.00	-3844.06
312.90	-47484.18	0.00	-3140.11
313.00	-48466.42	0.00	-2423.77
313.10	-49196.41	0.00	-1697.86
313.20	-49669.15	0.00	-965.25
313.30	-49881.39	0.00	-228.84
313.40	-49862.67	0.00	508.49
313.50	-49705.85	0.00	1243.80
313.60	-49416.90	0.00	1974.21
313.70	-48995.30	0.00	2696.82
313.80	-48440.32	0.00	3408.79
313.90	-47751.07	0.00	4107.31
314.00	-46926.55	0.00	4789.62
314.10	-45965.70	0.00	5453.02
314.20	-44867.51	0.00	6094.91
314.30	-43631.05	0.00	6712.74
314.40	-42255.58	0.00	7304.08
314.50	-40740.67	0.00	7866.60
314.60	-39086.24	0.00	8398.06
314.70	-37292.69	0.00	8896.39
314.80	-35360.99	0.00	9359.60
314.90	-33292.76	0.00	9785.88
315.00	-31090.39	0.00	10173.54
315.10	-28757.08	0.00	10521.04
315.20	-26296.94	0.00	10827.03
315.30	-23715.05	0.00	11090.28
315.40	-21017.50	0.00	11309.77
315.50	-18211.46	0.00	11484.62
315.60	-15305.18	0.00	11614.15
315.70	-12308.00	0.00	11697.84
315.80	-9230.37	0.00	11735.36
315.90	-6083.81	0.00	11726.58
316.00	-2880.89	0.00	11671.51
316.10	364.84	0.00	11570.38
316.20	3638.91	0.00	11423.59
316.30	6925.99	0.00	11231.71
316.40	10210.04	0.00	10995.51
316.50	13474.38	0.00	10715.91
316.60	16701.81	0.00	10394.02
316.70	19874.78	0.00	10031.11
316.80	22975.51	0.00	9628.62
316.90	25986.16	0.00	9188.12
317.00	28888.97	0.00	8711.36
317.10	31666.43	0.00	8200.22
317.20	34301.45	0.00	7656.72
317.30	36777.53	0.00	7083.01
317.40	39078.89	0.00	6481.34
317.50	41190.67	0.00	5854.09
317.60	43099.05	0.00	5203.73
317.70	44791.39	0.00	4532.84
317.80	46256.39	0.00	3844.06
317.90	47484.18	0.00	3140.11
318.00	48466.42	0.00	2423.77
318.10	49196.41	0.00	1697.86
318.20	49669.15	0.00	965.25
318.30	49881.39	0.00	228.84
318.40	49862.67	0.00	-508.49
318.50	49705.85	0.00	-1243.80
318.60	49416.90	0.00	-1974.21
318.70	48995.30	0.00	-2696.82
318.80	48440.32	0.00	-3408.79
318.90	47751.07	0.00	-4107.31
319.00	46926.55	0.00	-4789.62
319.10	45965.70	0.00	-5453.02
319.20	44867.51	0.00	-6094.91
319.30	43631.05	0.00	-6712.74
319.40	42255.58	0.00	-7304.08
319.50	40740.67	0.00	-7866.60
319.60	39086.24	0.00	-8398.06
319.70	37292.69	0.00	-8896.39
319.80	35360.99	0.00	-9359.60
319.90	33292.76	0.00	-9785.88
320.00	31090.39	0.00	-10173.54
320.10	28757.08	0.00	-10521.04
320.20	26296.94	0.00	-10827.03
320.30	23715.05	0.00	-11090.28
320.40	21017.50	0.00	-11309.77
320.50	18211.46	0.00	-11484.62
320.60	15305.18	0.00	-11614.15
320.70	12308.00	0.00	-11697.84
320.80	9230.37	0.00	-11735.36
320.90	6083.81	0.00	-11726.58
321.00	2880.89	0.00	-11671.51
321.10	-364.84	0.00	-11570.38
321.20	-3638.91	0.00	-11423.59
321.30	-6925.99	0.00	-11231.71
321.40	-10210.04	0.00	-10995.51
321.50	-13474.38	0.00	-10715.91
321.60	-16701.81	0.00	-10394.02
321.70	-19874.78	0.00	-10031.11
321.80	-22975.51	0.00	-9628.62
321.90	-25986.16	0.00	-9188.12
322.00	-28888.97	0.00	-8711.36
322.10	-31666.43	0.00	-8200.22
322.20	-34301.45	0.00	-7656.72
322.30	-36777.53	0.00	-7083.01
322.40	-39078.89	0.00	-6481.34
322.50	-41190.67	0.00	-5854.09
322.60	-43099.05	0.00	-5203.73
322.70	-44791.39	0.00	-4532.84
322.80	-46256.39	0.00	-3844.06
322.90	-47484.18	0.00	-3140.11
323.00	-48466.42	0.00	-2423.77
323.10	-49196.41	0.00	-1697.86
323.20	-49669.15	0.00	-965.25
323.30	-49881.39	0.00	-228.84
323.40	-49862.67	0.00	508.49
323.50	-49705.85	0.00	1243.80
323.60	-49416.90	0.00	1974.21
323.70	-48995.30	0.00	2696.82
323.80	-48440.32	0.00	3408.79
323.90	-47751.07	0.00	4107.31
324.00	-46926.55	0.00	4789.62
324.10	-45965.70	0.00	5453.02
324.20	-44867.51	0.00	6094.91
324.30	-43631.05	0.00	6712.74
324.40	-42255.58	0.00	7304.08
324.50	-40740.67	0.00	7866.60
324.60	-39086.24	0.00	8398.06
324.70	-37292.69	0.00	8896.39
324.80	-35360.99	0.00	9359.60
324.90	-33292.76	0.00	9785.88
325.00	-31090.39	0.00	10173.54
325.10	-28757.08	0.00	10521.04
325.20	-26296.94	0.00	10827.03
325.30	-23715.05	0.00	11090.28
325.40	-21017.50	0.00	11309.77
325.50	-18211.46	0.00	11484.62
325.60	-15305.18	0.00	11614.15
325.70	-12308.00	0.00	11697.84
325.80	-9230.37	0.00	11735.36
325.90	-6083.81	0.00	11726.58
326.00	-2880.89	0.00	11671.51
326.10	364.84	0.00	11570.38
326.20	3638.91	0.00	11423.59
326.30	6925.99	0.00	11231.71
326.40	10210.04	0.00	10995.51
326.50	13474.38	0.00	10715.91
326.60	16701.81	0.00	10394.02
326.70	19874.78	0.00	10031.11
326.80	22975.51	0.00	9628.62
326.90	25986.16	0.00	9188.12
327.00	28888.97	0.00	8711.36
327.10	31666.43	0.00	8200.22
327.20	34301.45	0.00	7656.72
327.30	36777.53	0.00	7083.01
327.40	39078.89	0.00	6481.34
327.50	41190.67	0.00	5854.09
327.60	43099.05	0.00	5203.73
327.70	44791.39	0.00	4532.84
327.80	46256.39	0.00	3844.06
327.90	47484.18	0.00	3140.11
328.00	48466.42	0.00	2423.77
328.10	49196.41	0.00	1697.86
328.20	49669.15	0.00	965.25
328.30	49881.39	0.00	228.84
328.40	49862.67	0.00	-508.49
328.50	49705.85	0.00	-1243.80
328.60	49416.90	0.00	-1974.21
328.70	48995.30	0.00	-2696.82
328.80	48440.32	0.00	-3408.79
328.90	47751.07	0.00	-4107.31
329.00	46926.55	0.00	-4789.62
329.10	45965.70	0.00	-5453.02
329.20	44867.51	0.00	-6094.91
329.30	43631.05	0.00	-6712.74
329.40	42255.58	0.00	-7304.08
329.50	40740.67	0.00	-7866.60
329.60	39086.24	0.00	-8398.06
329.70	37292.69	0.00	-8896.39
329.80	35360.99	0.00	-9359.60
329.90	33292.76	0.00	-9785.88
330.00	31090.39	0.00	-10173.54
330.10	28757.08	0.00	-10521.04
330.20	26296.94	0.00	-10827.03
330.30	23715.05	0.00	-11090.28
330.40	21017.50	0.00	-11309.77
330.50	18211.46	0.00	-11484.62
330.60	15305.18	0.00	-11614.15
330.70	12308.00	0.00	-11697.84
330.80	9230.37	0.00	-11735.36
330.90	6083.81	0.00	-11726.58
331.00	2880.89	0.00	-11671.51
331.10	-364.84	0.00	-11570.38
331.20	-3638.91	0.00	-11423.59
331.30	-6925.99	0.00	-11231.71
331.40	-10210.04	0.00	-10995.51
331.50	-13474.38	0.00	-10715.91
331.60	-16701.81	0.00	-10394.02
331.70	-19874.78	0.00	-10031.11
331.80	-22975.51	0.00	-9628.62
331.90	-25986.16	0.00	-9188.12
332.00	-28888.97	0.00	-8711.36
332.10	-31666.43	0.00	-8200.22
332.20	-34301.45	0.00	-7656.72
332.30	-36777.53	0.00	-7083.01
332.40	-39078.89	0.00	-6481.34
332.50	-41190.67	0.00	-5854.09
332.60	-43099.05	0.00	-5203.73
332.70	-44791.39	0.00	-4532.84
332.80	-46256.39	0.00	-3844.06
332.90	-47484.18	0.00	-3140.11
333.00	-48466.42	0.00	-2423.77
333.10	-49196.41	0.00	-1697.86
333.20	-49669.15	0.00	-965.25
333.30	-49881.39	0.00	-228.84
333.40	-49862.67	0.00	508.49
333.50	-49705.85	0.00	1243.80
333.60	-49416.90	0.00	1974.21
333.70	-48995.30	0.00	2696.82
333.80	-48440.32	0.00	3408.79
333.90	-47751.07	0.00	4107.31
334.00	-46926.55	0.00	4789.62
334.10	-45965.70	0.00	5453.02
334.20	-44867.51	0.00	6094.91
334.30	-43631.05	0.00	6712.74
334.40	-42255.58	0.00	7304.08
334.50	-40740.67	0.00	7866.60
334.60	-39086.24	0.00	8398.06
334.70	-37292.69	0.00	8896.39
334.80	-35360.99	0.00	9359.60
334.90	-33292.76	0.00	9785.88
335.00	-31090.39	0.00	10173.54
335.10	-28757.08	0.00	10521.04
335.20	-26296.94	0.00	10827.03
335.30	-23715.05	0.00	11090.28
335.40	-21017.50	0.00	11309.77
335.50	-18211.46	0.00	11484.62
335.60	-15305.18	0.00	11614.15
335.70	-12308.00	0.00	11697.84
335.80	-9230.37	0.00	11735.36
335.90	-6083.81	0.00	11726.58
336.00	-2880.89	0.00	11671.51
336.10	364.84	0.00	11570.38
336.20	3638.91	0.00	11423.59
336.30	6925.99	0.00	11231.71
336.40	10210.04	0.00	10995.51
336.50	13474.38	0.00	10715.91
336.60	16701.81	0.00	10394.02
336.70	19874.78	0.00	10031.11
336.80	22975.51	0.00	9628.62
336.90	25986.16	0.00	9188.12
337.00	28888.97	0.00	8711.36
337.10	31666.43	0.00	8200.22
337.20	34301.45	0.00	7656.72
337.30	36777.53	0.00	7083.01
337.40	39078.89	0.00	6481.34
337.50	41190.67	0.00	5854.09
337.60	43099.05	0.00	5203.73
337.70	44791.39	0.00	4532.84
337.80	46256.39	0.00	3844.06
337.90	47484.18	0.00	3140.11
338.00	48466.42	0.00	2423.77
338.10	49196.41	0.00	1697.86
338.20	49669.15	0.00	965.25
338.30	49881.39	0.00	228.84
338.40	49862.67	0.00	-508.49
338.50	49705.85	0.00	-1243.80
338.60	49416.90	0.00	-1974.21
338.70	48995.30	0.00	-2696.82
338.80	48440.32	0.00	-3408.79
338.90	47751.07	0.00	-4107.31
339.00	46926.55	0.00	-4789.62
339.10	45965.70	0.00	-5453.02
339.20	44867.51	0.00	-6094.91
339.30	43631.05	0.00	-6712.74
339.40	42255.58	0.00	-7304.08
339.50	40740.67	0.00	-7866.60
339.60	39086.24	0.00	-8398.06
339.70	37292.69	0.00	-8896.39
339.80	35360.99	0.00	-9359.60
339.90	33292.76	0.00	-9785.88
340.00	31090.39	0.00	-10173.54
340.10	28757.08	0.00	-10521.04
340.20	26296.94	0.00	-10827.03
340.30	23715.05	0.00	-11090.28
340.40	21017.50	0.00	-11309.77
340.50	18211.46	0.00	-11484.62
340.60	15305.18	0.00	-11614.15
340.70	12308.00	0.00	-11697.84
340.80	9230.37	0.00	-11735.36
340.90	6083.81	0.00	-11726.58
341.00	2880.89	0.00	-11671.51
341.10	-364.84	0.00	-11570.38
341.20	-3638.91	0.00	-11423.59
341.30	-6925.99	0.00	-11231.71
341.40	-10210.04	0.00	-10995.51
341.50	-13474.38	0.00	-10715.91
341.60	-16701.81	0.00	-10394.02
341.70	-19874.78	0.00	-10031.11
341.80	-22975.51	0.00	-9628.62
341.90	-25986.16	0.00	-9188.12
342.00	-28888.97	0.00	-8711.36
342.10	-31666.43	0.00	-8200.22
342.20	-34301.45	0.00	-7656.72
342.30	-36777.53	0.00	-7083.01
342.40	-39078.89	0.00	-6481.34
342.50	-41190.67	0.00	-5854.09
342.60	-43099.05	0.00	-5203.73
342.70	-44791.39	0.00	-4532.84
342.80	-46256.39	0.00	-3844.06
342.90	-47484.18	0.00	-3140.11
343.00	-48466.42	0.00	-2423.77
343.10	-49196.41	0.00	-1697.86
343.20	-49669.15	0.00	-965.25
343.30	-49881.39	0.00	-228.84
343.40	-49862.67	0.00	508.49
343.50	-49705.85	0.00	1243.80
343.60	-49416.90	0.00	1974.21
343.70	-48995.30	0.00	2696.82
343.80	-48440.32	0.00	3408.79
343.90	-47751.07	0.00	4107.31
344.00	-46926.55	0.00	4789.62
344.10	-45965.70	0.00	5453.02
344.20	-44867.51	0.00	6094.91
344.30	-43631.05	0.00	6712.74
344.40	-42255.58	0.00	7304.08
344.50	-40740.67	0.00	7866.60
344.60	-39086.24	0.00	8398.06
344.70	-37292.69	0.00	8896.39
344.80	-35360.99	0.00	9359.60
344.90	-33292.76	0.00	9785.88
345.00	-31090.39	0.00	10173.54
345.10	-28757.08	0.00	10521.04
345.20	-26296.94	0.00	10827.03
345.30	-23715.05	0.00	11090.28
345.40	-21017.50	0.00	11309.77
345.50	-18211.46	0.00	11484.62
345.60	-15305.18	0.00	11614.15
345.70	-12308.00	0.00	11697.84
345.80	-9230.37	0.00	11735.36
345.90	-6083.81	0.00	11726.58
346.00	-2880.89	0.00	11671.51
346.10	364.84	0.00	11570.38
346.20	3638.91	0.00	11423.59
346.30	6925.99	0.00	11231.71
346.40	10210.04	0.00	10995.51
346.50	13474.38	0.00	10715.91
346.60	16701.81	0.00	10394.02
346.70	19874.78	0.00	10031.11
346.80	22975.51	0.00	9628.62
346.90	25986.16	0.00	9188.12
347.00	28888.97	0.00	8711.36
347.10	31666.43	0.00	8200.22
347.20	34301.45	0.00	7656.72
347.30	36777.53	0.00	7083.01
347.40	39078.89	0.00	6481.34
347.50	41190.67	0.00	5854.09
347.60	43099.05	0.00	5203.73
347.70	44791.39	0.00	4532.84
347.80	46256.39	0.00	3844.06
347.90	47484.18	0.00	3140.11
348.00	48466.42	0.00	2423.77
348.10	49196.41	0.00	1697.86
348.20	49669.15	0.00	965.25
348.30	49881.39	0.00	228.84
348.40	49862.67	0.00	-508.49
348.50	49705.85	0.00	-1243.80
348.60	49416.90	0.00	-1974.21
348.70	48995.30	0.00	-2696.82
348.80	48440.32	0.00	-3408.79
348.90	47751.07	0.00	-4107.31
349.00	46926.55	0.00	-4789.62
349.10	45965.70	0.00	-5453.02
349.20	44867.51	0.00	-6094.91
349.30	43631.05	0.00	-6712.74
349.40	42255.58	0.00	-7304.08
349.50	40740.67	0.00	-7866.60
349.60	39086.24	0.00	-8398.06
349.70	37292.69	0.00	-8896.39
349.80	35360.99	0.00	-9359.60
349.90	33292.76	0.00	-9785.88
350.00	31090.39	0.00	-10173.54
350.10	28757.08	0.00	-10521.04
350.20	26296.94	0.00	-10827.03
350.30	23715.05	0.00	-11090.28
350.40	21017.50	0.00	-11309.77
350.50	18211.46	0.00	-11484.62
350.60	15305.18	0.00	-11614.15
350.70	12308.00	0.00	-11697.84
350.80	9230.37	0.00	-11735.36
350.90	6083.81	0.00	-11726.58
351.00	2880.89	0.00	-11671.51
351.10	-364.84	0.00	-11570.38
351.20	-3638.91	0.00	-11423.59
351.30	-6925.99	0.00	-11231.71
351.40	-10210.04	0.00	-10995.51
351.50	-13474.38	0.00	-10715.91
351.60	-16701.81	0.00	-10394.02
351.70	-19874.78	0.00	-10031.11
351.80	-22975.51	0.00	-9628.62
351.90	-25986.16	0.00	-9188.12
352.00	-28888.97	0.00	-8711.36
352.10	-31666.43	0.00	-8200.22
352.20	-34301.45	0.00	-7656.72
352.30	-36777.53	0.00	-7083.01
352.40	-39078.89	0.00	-6481.34
352.50	-41190.67	0.00	-5854.09
352.60	-43099.05	0.00	-5203.73
352.70	-44791.39	0.00	-4532.84
352.80	-46256.39	0.00	-3844.06
352.90	-47484.18	0.00	-3140.11
353.00	-48466.42	0.00	-2423.77
353.10	-49196.41	0.00	-1697.86
353.20	-49669.15	0.00	-965.25
353.30	-49881.39	0.00	-228.84
353.40	-49862.67	0.00	508.49
353.50	-49705.85	0.00	1243.80
353.60	-49416.90	0.00	1974.21
353.70	-48995.30	0.00	2696.82
353.80	-48440.32	0.00	3408.79
353.90	-47751.07	0.00	4107.31
354.00	-46926.55	0.00	4789.62
354.10	-45965.70	0.00	5453.02
354.20	-44867.51	0.00	6094.91
354.30	-43631.05	0.00	6712.74
354.40	-42255.58	0.00	7304.08
354.50	-40740.67	0.00	7866.60
354.60	-39086.24	0.00	8398.06
354.70	-37292.69	0.00	8896.39
354.80	-35360.99	0.00	9359.60
354.90	-33292.76	0.00	9785.88
355.00	-31090.39	0.00	10173.54
355.10	-28757.08	0.00	10521.04
355.20	-26296.94	0.00	10827.03
355.30	-23715.05	0.00	11090.28
355.40	-21017.50	0.00	11309.77
355.50	-18211.46	0.00	11484.62
355.60	-15305.18	0.00	11614.15
355.70	-12308.00	0.00	11697.84
355.80	-9230.37	0.00	11735.36
355.90	-6083.81	0.00	11726.58
356.00	-2880.89	0.00	11671.51
356.10	364.84	0.00	11570.38
356.20	3638.91	0.00	11423.59
356.30	6925.99	0.00	11231.71
356.40	10210.04	0.00	10995.51
356.50	13474.38	0.00	10715.91
356.60	16701.81	0.00	10394.02
356.70	19874.78	0.00	10031.11
356.80	22975.51	0.00	9628.62
356.90	25986.16	0.00	9188.12
357.00	28888.97	0.00	8711.36
357.10	31666.43	0.00	8200.22
357.20	34301.45	0.00	7656.72
357.30	36777.53	0.00	7083.01
357.40	39078.89	0.00	6481.34
357.50	41190.67	0.00	5854.09
357.60	43099.05	0.00	5203.73
357.70	44791.39	0.00	4532.84
357.80	46256.39	0.00	3844.06
357.90	47484.18	0.00	3140.11
358.00	48466.42	0.00	2423.77
358.10	49196.41	0.00	1697.86
358.20	49669.15	0.00	965.25
358.30	49881.39	0.00	228.84
358.40	49862.67	0.00	-508.49
358.50	49705.85	0.00	-1243.80
358.60	49416.90	0.00	-1974.21
358.70	48995.30	0.00	-2696.82
358.80	48440.32	0.00	-3408.79
358.90	47751.07	0.00	-4107.31
359.00	46926.55	0.00	-4789.62
359.10	45965.70	0.00	-5453.02
359.20	44867.51	0.00	-6094.91
359.30	43631.05	0.00	-6712.74
359.40	42255.58	0.00	-7304.08
359.50	40740.67	0.00	-7866.60
359.60	39086.24	0.00	-8398.06
359.70	37292.69	0.00	-8896.39
359.80	35360.99	0.00	-9359.60
359.90	33292.76	0.00	-9785.88
360.00	31090.39	0.00	-10173.54
360.10	28757.08	0.00	-10521.04
360.20	26296.94	0.00	-10827.03
360.30	23715.05	0.00	-11090.28
360.40	21017.50	0.00	-11309.77
360.50	18211.46	0.00	-11484.62
360.60	15305.18	0.00	-11614.15
360.70	12308.00	0.00	-11697.84
360.80	9230.37	0.00	-11735.36
360.90	6083.81	0.00	-11726.58
361.00	2880.89	0.00	-11671.51
361.10	-364.84	0.00	-11570.38
361.20	-3638.91	0.00	-11423.59
361.30	-6925.99	0.00	-11231.71
361.40	-10210.04	0.00	-10995.51
361.50	-13474.38	0.00	-10715.91
361.60	-16701.81	0.00	-10394.02
361.70	-19874.78	0.00	-10031.11
361.80	-22975.51	0.00	-9628.62
361.90	-25986.16	0.00	-9188.12
362.00	-28888.97	0.00	-8711.36
362.10	-31666.43	0.00	-8200.22
362.20	-34301.45	0.00	-7656.72
362.30	-36777.53	0.00	-7083.01
362.40	-39078.89	0.00	-6481.34
362.50	-41190.67	0.00	-5854.09
362.60	-43099.05	0.00	-5203.73
362.70	-44791.39	0.00	-4532.84
362.80	-46256.39	0.00	-3844.06
362.90	-47484.18	0.00	-3140.11
363.00	-48466.42	0.00	-2423.77
363.10	-49196.41	0.00	-1697.86
363.20	-49669.15	0.00	-965.25
363.30	-49881.39	0.00	-228.84
363.40	-49862.67	0.00	508.49
363.50	-49705.85	0.00	1243.80
363.60	-49416.90	0.00	1974.21
363.70	-48995.30	0.00	2696.82
363.80	-48440.32	0.00	3408.79
363.90	-47751.07	0.00	4107.31
364.00	-46926.55	0.00	4789.62
364.10	-45965.70	0.00	5453.02
364.20	-44867.51	0.00	6094.91
364.30	-43631.05	0.00	6712.74
364.40	-42255.58	0.00	7304.08
364.50	-40740.67	0.00	7866.60
364.60	-39086.24	0.00	8398.06
364.70	-37292.69	0.00	8896.39
364.80	-35360.99	0.00	9359.60
364.90	-33292.76	0.00	9785.88
365.00	-31090.39	0.00	10173.54
365.10	-28757.08	0.00	10521.04
365.20	-26296.94	0.00	10827.03
365.30	-23715.05	0.00	11090.28
365.40	-21017.50	0.00	11309.77
365.50	-18211.46	0.00	11484.62
365.60	-15305.18	0.00	11614.15
365.70	-12308.00	0.00	11697.84
365.80	-9230.37	0.00	11735.36
365.90	-6083.81	0.00	11726.58
366.00	-2880.89	0.00	11671.51
366.10	364.84	0.00	11570.38
366.20	3638.91	0.00	11423.59
366.30	6925.99	0.00	11231.71
366.40	10210.04	0.00	10995.51
366.50	13474.38	0.00	10715.91
366.60	16701.81	0.00	10394.02
366.70	19874.78	0.00	10031.11
366.80	22975.51	0.00	9628.62
366.90	25986.16	0.00	9188.12
367.00	28888.97	0.00	8711.36
367.10	31666.43	0.00	8200.22
367.20	34301.45	0.00	7656.72
367.30	36777.53	0.00	7083.01
367.40	39078.89	0.00	6481.34
367.50	41190.67	0.00	5854.09
367.60	43099.05	0.00	5203.73
367.70	44791.39	0.00	4532.84
367.80	46256.39	0.00	3844.06
367.90	47484.18	0.00	3140.11
368.00	48466.42	0.00	2423.77
368.10	49196.41	0.00	1697.86
368.20	49669.15	0.00	965.25
368.30	49881.39	0.00	228.84
368.40	49862.67	0.00	-508.49
368.50	49705.85	0.00	-1243.80
368.60	49416.90	0.00	-1974.21
368.70	48995.30	0.00	-2696.82
368.80	48440.32	0.00	-3408.79
368.90	47751.07	0.00	-4107.31
369.00	46926.55	0.00	-4789.62
369.10	45965.70	0.00	-5453.02
369.20	44867.51	0.00	-6094.91
369.30	43631.05	0.00	-6712.74
369.40	42255.58	0.00	-7304.08
369.50	40740.67	0.00	-7866.60
369.60	39086.24	0.00	-8398.06
369.70	37292.69	0.00	-8896.39
369.80	35360.99	0.00	-9359.60
369.90	33292.76	0.00	-9785.88
370.00	31090.39	0.00	-10173.54
370.10	28757.08	0.00	-10521.04
370.20	26296.94	0.00	-10827.03
370.30	23715.05	0.00	-11090.28
370.40	21017.50	0.00	-11309.77
370.50	18211.46	0.00	-11484.62
370.60	15305.18	0.00	-11614.15
370.70	12308.00	0.00	-11697.84
370.80	9230.37	0.00	-11735.36
370.90	6083.81	0.00	-11726.58
371.00	2880.89	0.00	-11671.51
371.10	-364.84	0.00	-11570.38
371.20	-3638.91	0.00	-11423.59
371.30	-6925.99	0.00	-11231.71
371.40	-10210.04	0.00	-10995.51
371.50	-13474.38	0.00	-10715.91
371.60	-16701.81	0.00	-10394.02
371.70	-19874.78	0.00	-10031.11
371.80	-22975.51	0.00	-9628.62
371.90	-25986.16	0.00	-9188.12
372.00	-28888.97	0.00	-8711.36
372.10	-31666.43	0.00	-8200.22
372.20	-34301.45	0.00	-7656.72
372.30	-36777.53	0.00	-7083.01
372.40	-39078.89	0.00	-6481.34
372.50	-41190.67	0.00	-5854.09
372.60	-43099.05	0.00	-5203.73
372.70	-44791.39	0.00	-4532.84
372.80	-46256.39	0.00	-3844.06
372.90	-47484.18	0.00	-3140.11
373.00	-48466.42	0.00	-2423.77
373.10	-49196.41	0.00	-1697.86
373.20	-49669.15	0.00	-965.25
373.30	-49881.39	0.00	-228.84
373.40	-49862.67	0.00	508.49
373.50	-49705.85	0.00	1243.80
373.60	-49416.90	0.00	1974.21
373.70	-48995.30	0.00	2696.82
373.80	-48440.32	0.00	3408.79
373.90	-47751.07	0.00	4107.31
374.00	-46926.55	0.00	4789.62
374.10	-45965.70	0.00	5453.02
374.20	-44867.51	0.00	6094.91
374.30	-43631.05	0.00	6712.74
374.40	-42255.58	0.00	7304.08
374.50	-40740.67	0.00	7866.60
374.60	-39086.24	0.00	8398.06
374.70	-37292.69	0.00	8896.39
374.80	-35360.99	0.00	9359.60
374.90	-33292.76	0.00	9785.88
375.00	-31090.39	0.00	10173.54
375.10	-28757.08	0.00	10521.04
375.20	-26296.94	0.00	10827.03
375.30	-23715.05	0.00	11090.28
375.40	-21017.50	0.00	11309.77
375.50	-18211.46	0.00	11484.62
375.60	-15305.18	0.00	11614.15
375.70	-12308.00	0.00	11697.84
375.80	-9230.37	0.00	11735.36
375.90	-6083.81	0.00	11726.58
376.00	-2880.89	0.00	11671.51
376.10	364.84	0.00	11570.38
376.20	3638.91	0.00	11423.59
376.30	6925.99	0.00	11231.71
376.40	10210.04	0.00	10995.51
376.50	13474.38	0.00	10715.91
376.60	16701.81	0.00	10394.02
376.70	19874.78	0.00	10031.11
376.80	22975.51	0.00	9628.62
376.90	25986.16	0.00	9188.12
377.00	28888.97	0.00	8711.36
377.10	31666.43	0.00	8200.22
377.20	34301.45	0.00	7656.72
377.30	36777.53	0.00	7083.01
377.40	39078.89	0.00	6481.34
377.50	41190.67	0.00	5854.09
377.60	43099.05	0.00	5203.73
377.70	44791.39	0.00	4532.84
377.80	46256.39	0.00	3844.06
377.90	47484.18	0.00	3140.11
378.00	48466.42	0.00	2423.77
378.10	49196.41	0.00	1697.86
378.20	49669.15	0.00	965.25
378.30	49881.39	0.00	228.84
378.40	49862.67	0.00	-508.49
378.50	49705.85	0.00	-1243.80
378.60	49416.90	0.00	-1974.21
378.70	48995.30	0.00	-2696.82
378.80	48440.32	0.00	-3408.79
378.90	47751.07	0.00	-4107.31
379.00	46926.55	0.00	-4789.62
379.10	45965.70	0.00	-5453.02
379.20	44867.51	0.00	-6094.91
379.30	43631.05	0.00	-6712.74
379.40	42255.58	0.00	-7304.08
379.50	40740.67	0.00	-7866.60
379.60	39086.24	0.00	-8398.06
379.70	37292.69	0.00	-8896.39
379.80	35360.99	0.00	-9359.60
379.90	33292.76	0.00	-9785.88
380.00	31090.39	0.00	-10173.54
380.10	28757.08	0.00	-10521.04
380.20	26296.94	0.00	-10827.03
380.30	23715.05	0.00	-11090.28
380.40	21017.50	0.00	-11309.77
380.50	18211.46	0.00	-11484.62
380.60	15305.18	0.00	-11614.15
380.70	12308.00	0.00	-11697.84
380.80	9230.37	0.00	-11735.36
380.90	6083.81	0.00	-11726.58
381.00	2880.89	0.00	-11671.51
381.10	-364.84	0.00	-11570.38
381.20	-3638.91	0.00	-11423.59
381.30	-6925.99	0.00	-11231.71
381.40	-10210.04	0.00	-10995.51
381.50	-13474.38	0.00	-10715.91
381.60	-16701.81	0.00	-10394.02
381.70	-19874.78	0.00	-10031.11
381.80	-22975.51	0.00	-9628.62
381.90	-25986.16	0.00	-9188.12
382.00	-28888.97	0.00	-8711.36
382.10	-31666.43	0.00	-8200.22
382.20	-34301.45	0.00	-7656.72
382.30	-36777.53	0.00	-7083.01
382.40	-39078.89	0.00	-6481.34
382.50	-41190.67	0.00	-5854.09
382.60	-43099.05	0.00	-5203.73
382.70	-44791.39	0.00	-4532.84
382.80	-46256.39	0.00	-3844.06
382.90	-47484.18	0.00	-3140.11
383.00	-48466.42	0.00	-2423.77
383.10	-49196.41	0.00	-1697.86
383.20	-49669.15	0.00	-965.25
383.30	-49881.39	0.00	-228.84
383.40	-49862.67	0.00	508.49
383.50	-49705.85	0.00	1243.80
383.60	-49416.90	0.00	1974.21
383.70	-48995.30	0.00	2696.82
383.80	-48440.32	0.00	3408.79
383.90	-47751.07	0.00	4107.31
384.00	-46926.55	0.00	4789.62
384.10	-45965.70	0.00	5453.02
384.20	-44867.51	0.00	6094.91
384.30	-43631.05	0.00	6712.74
384.40	-42255.58	0.00	7304.08
384.50	-40740.67	0.00	7866.60
384.60	-39086.24	0.00	8398.06
384.70	-37292.69	0.00	8896.39
384.80	-35360.99	0.00	9359.60
384.90	-33292.76	0.00	9785.88
385.00	-31090.39	0.00	10173.54
385.10	-28757.08	0.00	10521.04
385.20	-26296.94	0.00	10827.03
385.30	-23715.05	0.00	11090.28
385.40	-21017.50	0.00	11309.77
385.50	-18211.46	0.00	11484.62
385.60	-15305.18	0.00	11614.15
385.70	-12308.00	0.00	11697.84
385.80	-9230.37	0.00	11735.36
385.90	-6083.81	0.00	11726.58
386.00	-2880.89	0.00	11671.51
386.10	364.84	0.00	11570.38
386.20	3638.91	0.00	11423.59
386.30	6925.99	0.00	11231.71
386.40	10210.04	0.00	10995.51
386.50	13474.38	0.00	10715.91
386.60	16701.81	0.00	10394.02
386.70	19874.78	0.00	10031.11
386.80	22975.51	0.00	9628.62
386.90	25986.16	0.00	9188.12
387.00	28888.97	0.00	8711.36
387.10	31666.43	0.00	8200.22
387.20	34301.45	0.00	7656.72
387.30	36777.53	0.00	7083.01
387.40	39078.89	0.00	6481.34
387.50	41190.67	0.00	5854.09
387.60	43099.05	0.00	5203.73
387.70	44791.39	0.00	4532.84
387.80	46256.39	0.00	3844.06
387.90	47484.18	0.00	3140.11
388.00	48466.42	0.00	2423.77
388.10	49196.41	0.00	1697.86
388.20	49669.15	0.00	965.25
388.30	49881.39	0.00	228.84
388.40	49862.67	0.00	-508.49
388.50	49705.85	0.00	-1243.80
388.60	49416.90	0.00	-1974.21
388.70	48995.30	0.00	-2696.82
388.80	48440.32	0.00	-3408.79
388.90	47751.07	0.00	-4107.31
389.00	46926.55	0.00	-4789.62
389.10	45965.70	0.00	-5453.02
389.20	44867.51	0.00	-6094.91
389.30	43631.05	0.00	-6712.74
389.40	42255.58	0.00	-7304.08
389.50	40740.67	0.00	-7866.60
389.60	39086.24	0.00	-8398.06
389.70	37292.69	0.00	-8896.39
389.80	35360.99	0.00	-9359.60
389.90	33292.76	0.00	-9785.88
390.00	31090.39	0.00	-10173.54
390.10	28757.08	0.00	-10521.04
390.20	26296.94	0.00	-10827.03
390.30	23715.05	0.00	-11090.28
390.40	21017.50	0.00	-11309.77
390.50	18211.46	0.00	-11484.62
390.60	15305.18	0.00	-11614.15
390.70	12308.00	0.00	-11697.84
390.80	9230.37	0.00	-11735.36
390.90	6083.81	0.00	-11726.58
391.00	2880.89	0.00	-11671.51
391.10	-364.84	0.00	-11570.38
391.20	-3638.91	0.00	-11423.59
391.30	-6925.99	0.00	-11231.71
391.40	-10210.04	0.00	-10995.51
391.50	-13474.38	0.00	-10715.91
391.60	-16701.81	0.00	-10394.02
391.70	-19874.78	0.00	-10031.11
391.80	-22975.51	0.00	-9628.62
391.90	-25986.16	0.00	-9188.12
392.00	-28888.97	0.00	-8711.36
392.10	-31666.43	0.00	-8200.22
392.20	-34301.45	0.00	-7656.72
392.30	-36777.53	0.00	-7083.01
392.40	-39078.89	0.00	-6481.34
392.50	-41190.67	0.00	-5854.09
392.60	-43099.05	0.00	-5203.73
392.70	-44791.39	0.00	-4532.84
392.80	-46256.39	0.00	-3844.06
392.90	-47484.18	0.00	-3140.11
393.00	-48466.42	0.00	-2423.77
393.10	-49196.41	0.00	-1697.86
393.20	-49669.15	0.00	-965.25
393.30	-49881.39	0.00	-228.84
393.40	-49862.67	0.00	508.49
393.50	-49705.85	0.00	1243.80
393.60	-49416.90	0.00	1974.21
393.70	-48995.30	0.00	2696.82
393.80	-48440.32	0.00	3408.79
393.90	-47751.07	0.00	4107.31
394.00	-46926.55	0.00	4789.62
394.10	-45965.70	0.00	5453.02
394.20	-44867.51	0.00	6094.91
394.30	-43631.05	0.00	6712.74
394.40	-42255.58	0.00	7304.08
394.50	-40740.67	0.00	7866.60
394.60	-39086.24	0.00	8398.06
394.70	-37292.69	0.00	8896.39
394.80	-35360.99	0.00	9359.60
394.90	-33292.76	0.00	9785.88
395.00	-31090.39	0.00	10173.54
395.10	-28757.08	0.00	10521.04
395.20	-26296.94	0.00	10827.03
395.30	-23715.05	0.00	11090.28
395.40	-21017.50	0.00	11309.77
395.50	-18211.46	0.00	11484.62
395.60	-15305.18	0.00	11614.15
395.70	-12308.00	0.00	11697.84
395.80	-9230.37	0.00	11735.36
395.90	-6083.81	0.00	11726.58
396.00	-2880.89	0.00	11671.51
396.10	364.84	0.00	11570.38
396.20	3638.91	0.00	11423.59
396.30	6925.99	0.00	11231.71
396.40	10210.04	0.00	10995.51
396.50	13474.38	0.00	10715.91
396.60	16701.81	0.00	10394.02
396.70	19874.78	0.00	10031.11
396.80	22975.51	0.00	9628.62
396.90	25986.16	0.00	9188.12
397.00	28888.97	0.00	8711.36
397.10	31666.43	0.00	8200.22
397.20	34301.45	0.00	7656.72
397.30	36777.53	0.00	7083.01
397.40	39078.89	0.00	6481.34
397.50	41190.67	0.00	5854.09
397.60	43099.05	0.00	5203.73
397.70	44791.39	0.00	4532.84
397.80	46256.39	0.00	3844.06
397.90	47484.18	0.00	3140.11
398.00	48466.42	0.00	2423.77
398.10	49196.41	0.00	1697.86
398.20	49669.15	0.00	965.25
398.30	49881.39	0.00	228.84
398.40	49862.67	0.00	-508.49
398.50	49705.85	0.00	-1243.80
398.60	49416.90	0.00	-1974.21
398.70	48995.30	0.00	-2696.82
398.80	48440.32	0.00	-3408.79
398.90	47751.07	0.00	-4107.31
399.00	46926.55	0.00	-4789.62
399.10	45965.70	0.00	-5453.02
399.20	44867.51	0.00	-6094.91
399.30	43631.05	0.00	-6712.74
399.40	42255.58	0.00	-7304.08
399.50	40740.67	0.00	-7866.60
399.60	39086.24	0.00	-8398.06
399.70	37292.69	0.00	-8896.39
399.80	35360.99	0.00	-9359.60
399.90	33292.76	0.00	-9785.88
400.00	31090.39	0.00	-10173.54
400.10	28757.08	0.00	-10521.04
400.20	26296.94	0.00	-10827.03
400.30	23715.05	0.00	-11090.28
400.40	21017.50	0.00	-11309.77
400.50	18211.46	0.00	-11484.62
400.60	15305.18	0.00	-11614.15
400.70	12308.00	0.00	-11697.84
400.80	9230.37	0.00	-11735.36
400.90	6083.81	0.00	-11726.58
401.00	2880.89	0.00	-11671.51
401.10	-364.84	0.00	-11570.38
401.20	-3638.91	0.00	-11423.59
401.30	-6925.99	0.00	-11231.71
401.40	-10210.04	0.00	-10995.51
401.50	-13474.38	0.00	-10715.91
401.60	-16701.81	0.00	-10394.02
401.70	-19874.78	0.00	-10031.11
401.80	-22975.51	0.00	-9628.62
401.90	-25986.16	0.00	-9188.12
402.00	-28888.97	0.00	-8711.36
402.10	-31666.43	0.00	-8200.22
402.20	-34301.45	0.00	-7656.72
402.30	-36777.53	0.00	-7083.01
402.40	-39078.89	0.00	-6481.34
402.50	-41190.67	0.00	-5854.09
402.60	-43099.05	0.00	-5203.73
402.70	-44791.39	0.00	-4532.84
402.80	-46256.39	0.00	-3844.06
402.90	-47484.18	0.00	-3140.11
403.00	-48466.42	0.00	-2423.77
403.10	-49196.41	0.00	-1697.86
403.20	-49669.15	0.00	-965.25
403.30	-49881.39	0.00	-228.84
403.40	-49862.67	0.00	508.49
403.50	-49705.85	0.00	1243.80
403.60	-49416.90	0.00	1974.21
403.70	-48995.30	0.00	2696.82
403.80	-48440.32	0.00	3408.79
403.90	-47751.07	0.00	4107.31
404.00	-46926.55	0.00	4789.62
404.10	-45965.70	0.00	5453.02
404.20	-44867.51	0.00	6094.91
404.30	-43631.05	0.00	6712.74
404.40	-42255.58	0.00	7304.08
404.50	-40740.67	0.00	7866.60
404.60	-39086.24	0.00	8398.06
404.70	-37292.69	0.00	8896.39
404.80	-35360.99	0.00	9359.60
404.90	-33292.76	0.00	9785.88
405.00	-31090.39	0.00	10173.54
405.10	-28757.08	0.00	10521.04
405.20	-26296.94	0.00	10827.03
405.30	-23715.05	0.00	11090.28
405.40	-21017.50	0.00	11309.77
405.50	-18211.46	0.00	11484.62
405.60	-15305.18	0.00	11614.15
405.70	-12308.00	0.00	11697.84
405.80	-9230.37	0.00	11735.36
405.90	-6083.81	0.00	11726.58
406.00	-2880.89	0.00	11671.51
406.10	364.84	0.00	11570.38
406.20	3638.91	0.00	11423.59
406.30	6925.99	0.00	11231.71
406.40	10210.04	0.00	10995.51
406.50	13474.38	0.00	10715.91
406.60	16701.81	0.00	10394.02
406.70	19874.78	0.00	10031.11
406.80	22975.51	0.00	9628.62
406.90	25986.16	0.00	9188.12
407.00	28888.97	0.00	8711.36
407.10	31666.43	0.00	8200.22
407.20	34301.45	0.00	7656.72
407.30	36777.53	0.00	7083.01
407.40	39078.89	0.00	6481.34
407.50	41190.67	0.00	5854.09
407.60	43099.05	0.00	5203.73
407.70	44791.39	0.00	4532.84
407.80	46256.39	0.00	3844.06
407.90	47484.18	0.00	3140.11
408.00	48466.42	0.00	2423.77
408.10	49196.41	0.00	1697.86
408.20	49669.15	0.00	965.25
408.30	49881.39	0.00	228.84
408.40	49862.67	0.00	-508.49
408.50	49705.85	0.00	-1243.80
408.60	49416.90	0.00	-1974.21
408.70	48995.30	0.00	-2696.82
408.80	48440.32	0.00	-3408.79
408.90	47751.07	0.00	-4107.31
409.00	46926.55	0.00	-4789.62
409.10	45965.70	0.00	-5453.02
409.20	44867.51	0.00	-6094.91
409.30	43631.05	0.00	-6712.74
409.40	42255.58	0.00	-7304.08
409.50	40740.67	0.00	-7866.60
409.60	39086.24	0.00	-8398.06
409.70	37292.69	0.00	-8896.39
409.80	35360.99	0.00	-9359.60
409.90	33292.76	0.00	-9785.88
410.00	31090.39	0.00	-10173.54
410.10	28757.08	0.00	-10521.04
410.20	26296.94	0.00	-10827.03
410.30	23715.05	0.00	-11090.28
410.40	21017.50	0.00	-11309.77
410.50	18211.46	0.00	-11484.62
410.60	15305.18	0.00	-11614.15
410.70	12308.00	0.00	-11697.84
410.80	9230.37	0.00	-11735.36
410.90	6083.81	0.00	-11726.58
411.00	2880.89	0.00	-11671.51
411.10	-364.84	0.00	-11570.38
411.20	-3638.91	0.00	-11423.59
411.30	-6925.99	0.00	-11231.71
411.40	-10210.04	0.00	-10995.51
411.50	-13474.38	0.00	-10715.91
411.60	-16701.81	0.00	-10394.02
411.70	-19874.78	0.00	-10031.11
411.80	-22975.51	0.00	-9628.62
411.90	-25986.16	0.00	-9188.12
412.00	-28888.97	0.00	-8711.36
412.10	-31666.43	0.00	-8200.22
412.20	-34301.45	0.00	-7656.72
412.30	-36777.53	0.00	-7083.01
412.40	-39078.89	0.00	-6481.34
412.50	-41190.67	0.00	-5854.09
412.60	-43099.05	0.00	-5203.73
412.70	-44791.39	0.00	-4532.84
412.80	-46256.39	0.00	-3844.06
412.90	-47484.18	0.00	-3140.11
413.00	-48466.42	0.00	-2423.77
413.10	-49196.41	0.00	-1697.86
413.20	-49669.15	0.00	-965.25
413.30	-49881.39	0.00	-228.84
413.40	-49862.67	0.00	508.49
413.50	-49705.85	0.00	1243.80
413.60	-49416.90	0.00	1974.21
413.70	-48995.30	0.00	2696.82
413.80	-48440.32	0.00	3408.79
413.90	-47751.07	0.00	4107.31
414.00	-46926.55	0.00	4789.62
414.10	-45965.70	0.00	5453.02
414.20	-44867.51	0.00	6094.91
414.30	-43631.05	0.00	6712.74
414.40	-42255.58	0.00	7304.08
414.50	-40740.67	0.00	7866.60
414.60	-39086.24	0.00	8398.06
414.70	-37292.69	0.00	8896.39
414.80	-35360.99	0.00	9359.60
414.90	-33292.76	0.00	9785.88
415.00	-31090.39	0.00	10173.54
415.10	-28757.08	0.00	10521.04
415.20	-26296.94	0.00	10827.03
415.30	-23715.05	0.00	11090.28
415.40	-21017.50	0.00	11309.77
415.50	-18211.46	0.00	11484.62
415.60	-15305.18	0.00	11614.15
415.70	-12308.00	0.00	11697.84
415.80	-9230.37	0.00	11735.36
415.90	-6083.81	0.00	11726.58
416.00	-2880.89	0.00	11671.51
416.10	364.84	0.00	11570.38
416.20	3638.91	0.00	11423.59
416.30	6925.99	0.00	11231.71
416.40	10210.04	0.00	10995.51
416.50	13474.38	0.00	10715.91
416.60	16701.81	0.00	10394.02
416.70	19874.78	0.00	10031.11
416.80	22975.51	0.00	9628.62
416.90	25986.16	0.00	9188.12
417.00	28888.97	0.00	8711.36
417.10	31666.43	0.00	8200.22
417.20	34301.45	0.00	7656.72
417.30	36777.53	0.00	7083.01
417.40	39078.89	0.00	6481.34
417.50	41190.67	0.00	5854.09
417.60	43099.05	0.00	5203.73
417.70	44791.39	0.00	4532.84
417.80	46256.39	0.00	3844.06
417.90	47484.18	0.00	3140.11
418.00	48466.42	0.00	2423.77
418.10	49196.41	0.00	1697.86
418.20	49669.15	0.00	965.25
418.30	49881.39	0.00	228.84
418.40	49862.67	0.00	-508.49
418.50	49705.85	0.00	-1243.80
418.60	49416.90	0.00	-1974.21
418.70	48995.30	0.00	-2696.82
418.80	48440.32	0.00	-3408.79
418.90	47751.07	0.00	-4107.31
419.00	46926.55	0.00	-4789.62
419.10	45965.70	0.00	-5453.02
419.20	44867.51	0.00	-6094.91
419.30	43631.05	0.00	-6712.74
419.40	42255.58	0.00	-7304.08
419.50	40740.67	0.00	-7866.60
419.60	39086.24	0.00	-8398.06
419.70	37292.69	0.00	-8896.39
419.80	35360.99	0.00	-9359.60
419.90	33292.76	0.00	-9785.88
420.00	31090.39	0.00	-10173.54
420.10	28757.08	0.00	-10521.04
420.20	26296.94	0.00	-10827.03
420.30	23715.05	0.00	-11090.28
420.40	21017.50	0.00	-11309.77
420.50	18211.46	0.00	-11484.62
420.60	15305.18	0.00	-11614.15
420.70	12308.00	0.00	-11697.84
420.80	9230.37	0.00	-11735.36
420.90	6083.81	0.00	-11726.58
421.00	2880.89	0.00	-11671.51
421.10	-364.84	0.00	-11570.38
421.20	-3638.91	0.00	-11423.59
421.30	-6925.99	0.00	-11231.71
421.40	-10210.04	0.00	-10995.51
421.50	-13474.38	0.00	-10715.91
421.60	-16701.81	0.00	-10394.02
421.70	-19874.78	0.00	-10031.11
421.80	-22975.51	0.00	-9628.62
421.90	-25986.16	0.00	-9188.12
422.00	-28888.97	0.00	-8711.36
422.10	-31666.43	0.00	-8200.22
422.20	-34301.45	0.00	-7656.72
422.30	-36777.53	0.00	-7083.01
422.40	-39078.89	0.00	-6481.34
422.50	-41190.67	0.00	-5854.09
422.60	-43099.05	0.00	-5203.73
422.70	-44791.39	0.00	-4532.84
422.80	-46256.39	0.00	-3844.06
422.90	-47484.18	0.00	-3140.11
423.00	-48466.42	0.00	-2423.77
423.10	-49196.41	0.00	-1697.86
423.20	-49669.15	0.00	-965.25
423.30	-49881.39	0.00	-228.84
423.40	-49862.67	0.00	508.49
423.50	-49705.85	0.00	1243.80
423.60	-49416.90	0.00	1974.21
423.70	-48995.30	0.00	2696.82
423.80	-48440.32	0.00	3408.79
423.90	-47751.07	0.00	4107.31
424.00	-46926.55	0.00	4789.62
424.10	-45965.70	0.00	5453.02
424.20	-44867.51	0.00	6094.91
424.30	-43631.05	0.00	6712.74
424.40	-42255.58	0.00	7304.08
424.50	-40740.67	0.00	7866.60
424.60	-39086.24	0.00	8398.06
424.70	-37292.69	0.00	8896.39
424.80	-35360.99	0.00	9359.60
424.90	-33292.76	0.00	9785.88
425.00	-31090.39	0.00	10173.54
425.10	-28757.08	0.00	10521.04
425.20	-26296.94	0.00	10827.03
425.30	-23715.05	0.00	11090.28
425.40	-21017.50	0.00	11309.77
425.50	-18211.46	0.00	11484.62
425.60	-15305.18	0.00	11614.15
425.70	-12308.00	0.00	11697.84
425.80	-9230.37	0.00	11735.36
425.90	-6083.81	0.00	11726.58
426.00	-2880.89	0.00	11671.51
426.10	364.84	0.00	11570.38
426.20	3638.91	0.00	11423.59
426.30	6925.99	0.00	11231.71
426.40	10210.04	0.00	10995.51
426.50	13474.38	0.00	10715.91
426.60	16701.81	0.00	10394.02
426.70	19874.78	0.00	10031.11
426.80	22975.51	0.00	9628.62
426.90	25986.16	0.00	9188.12
427.00	28888.97	0.00	8711.36
427.10	31666.43	0.00	8200.22
427.20	34301.45	0.00	7656.72
427.30	36777.53	0.00	7083.01
427.40	39078.89	0.00	6481.34
427.50	41190.67	0.00	5854.09
427.60	43099.05	0.00	5203.73
427.70	44791.39	0.00	4532.84
427.80	46256.39	0.00	3844.06
427.90	47484.18	0.00	3140.11
428.00	48466.42	0.00	2423.77
428.10	49196.41	0.00	1697.86
428.20	49669.15	0.00	965.25
428.30	49881.39	0.00	228.84
428.40	49862.67	0.00	-508.49
428.50	49705.85	0.00	-1243.80
428.60	49416.90	0.00	-1974.21
428.70	48995.30	0.00	-2696.82
428.80	48440.32	0.00	-3408.79
428.90	47751.07	0.00	-4107.31
429.00	46926.55	0.00	-4789.62
429.10	45965.70	0.00	-5453.02
429.20	44867.51	0.00	-6094.91
429.30	43631.05	0.00	-6712.74
429.40	42255.58	0.00	-7304.08
429.50	40740.67	0.00	-7866.60
429.60	39086.24	0.00	-8398.06
429.70	37292.69	0.00	-8896.39
429.80	35360.99	0.00	-9359.60
429.90	33292.76	0.00	-9785.88
430.00	31090.39	0.00	-10173.54
430.10	28757.08	0.00	-10521.04
430.20	26296.94	0.00	-10827.03
430.30	23715.05	0.00	-11090.28
430.40	21017.50	0.00	-11309.77
430.50	18211.46	0.00	-11484.62
430.60	15305.18	0.00	-11614.15
430.70	12308.00	0.00	-11697.84
430.80	9230.37	0.00	-11735.36
430.90	6083.81	0.00	-11726.58
431.00	2880.89	0.00	-11671.51
431.10	-364.84	0.00	-11570.38
431.20	-3638.91	0.00	-11423.59
431.30	-6925.99	0.00	-11231.71
431.40	-10210.04	0.00	-10995.51
431.50	-13474.38	0.00	-10715.91
431.60	-16701.81	0.00	-10394.02
431.70	-19874.78	0.00	-10031.11
431.80	-22975.51	0.00	-9628.62
431.90	-25986.16	0.00	-9188.12
432.00	-28888.97	0.00	-8711.36
432.10	-31666.43	0.00	-8200.22
432.20	-34301.45	0.00	-7656.72
432.30	-36777.53	0.00	-7083.01
432.40	-39078.89	0.00	-6481.34
432.50	-41190.67	0.00	-5854.09
432.60	-43099.05	0.00	-5203.73
432.70	-44791.39	0.00	-4532.84
432.80	-46256.39	0.00	-3844.06
432.90	-47484.18	0.00	-3140.11
433.00	-48466.42	0.00	-2423.77
433.10	-49196.41	0.00	-1697.86
433.20	-49669.15	0.00	-965.25
433.30	-49881.39	0.00	-228.84
433.40	-49862.67	0.00	508.49
433.50	-49705.85	0.00	1243.80
433.60	-49416.90	0.00	1974.21
433.70	-48995.30	0.00	2696.82
433.80	-48440.32	0.00	3408.79
433.90	-47751.07	0.00	4107.31
434.00	-46926.55	0.00	4789.62
434.10	-45965.70	0.00	5453.02
434.20	-44867.51	0.00	6094.91
434.30	-43631.05	0.00	6712.74
434.40	-42255.58	0.00	7304.08
434.50	-40740.67	0.00	7866.60
434.60	-39086.24	0.00	8398.06
434.70	-37292.69	0.00	8896.39
434.80	-35360.99	0.00	9359.60
434.90	-33292.76	0.00	9785.88
435.00	-31090.39	0.00	10173.54
435.10	-28757.08	0.00	10521.04
435.20	-26296.94	0.00	10827.03
435.30	-23715.05	0.00	11090.28
435.40	-21017.50	0.00	11309.77
435.50	-18211.46	0.00	11484.62
435.60	-15305.18	0.00	11614.15
435.70	-12308.00	0.00	11697.84
435.80	-9230.37	0.00	11735.36
435.90	-6083.81	0.00	11726.58
436.00	-2880.89	0.00	11671.51
436.10	364.84	0.00	11570.38
436.20	3638.91	0.00	11423.59
436.30	6925.99	0.00	11231.71
436.40	10210.04	0.00	10995.51
436.50	13474.38	0.00	10715.91
436.60	16701.81	0.00	10394.02
436.70	19874.78	0.00	10031.11
436.80	22975.51	0.00	9628.62
436.90	25986.16	0.00	9188.12
437.00	28888.97	0.00	8711.36
437.10	31666.43	0.00	8200.22
437.20	34301.45	0.00	7656.72
437.30	36777.53	0.00	7083.01
437.40	39078.89	0.00	6481.34
437.50	41190.67	0.00	5854.09
437.60	43099.05	0.00	5203.73
437.70	44791.39	0.00	4532.84
437.80	46256.39	0.00	3844.06
437.90	47484.18	0.00	3140.11
438.00	48466.42	0.00	2423.77
438.10	49196.41	0.00	1697.86
438.20	49669.15	0.00	965.25
438.30	49881.39	0.00	228.84
438.40	49862.67	0.00	-508.49
438.50	49705.85	0.00	-1243.80
438.60	49416.90	0.00	-1974.21
438.70	48995.30	0.00	-2696.82
438.80	48440.32	0.00	-3408.79
438.90	47751.07	0.00	-4107.31
439.00	46926.55	0.00	-4789.62
439.10	45965.70	0.00	-5453.02
439.20	44867.51	0.00	-6094.91
439.30	43631.05	0.00	-6712.74
439.40	42255.58	0.00	-7304.08
439.50	40740.67	0.00	-7866.60
439.60	39086.24	0.00	-8398.06
439.70	37292.69	0.00	-8896.39
439.80	35360.99	0.00	-9359.60
439.90	33292.76	0.00	-9785.88
440.00	31090.39	0.00	-10173.54
440.10	28757.08	0.00	-10521.04
440.20	26296.94	0.00	-10827.03
440.30	23715.05	0.00	-11090.28
440.40	21017.50	0.00	-11309.77
440.50	18211.46	0.00	-11484.62
440.60	15305.18	0.00	-11614.15
440.70	12308.00	0.00	-11697.84
440.80	9230.37	0.00	-11735.36
440.90	6083.81	0.00	-11726.58
441.00	2880.89	0.00	-11671.51
441.10	-364.84	0.00	-11570.38
441.20	-3638.91	0.00	-11423.59
441.30	-6925.99	0.00	-11231.71
441.40	-10210.04	0.00	-10995.51
441.50	-13474.38	0.00	-10715.91
441.60	-16701.81	0.00	-10394.02
441.70	-19874.78	0.00	-10031.11
441.80	-22975.51	0.00	-9628.62
441.90	-25986.16	0.00	-9188.12
442.00	-28888.97	0.00	-8711.36
442.10	-31666.43	0.00	-8200.22
442.20	-34301.45	0.00	-7656.72
442.30	-36777.53	0.00	-7083.01
442.40	-39078.89	0.00	-6481.34
442.50	-41190.67	0.00	-5854.09
442.60	-43099.05	0.00	-5203.73
442.70	-44791.39	0.00	-4532.84
442.80	-46256.39	0.00	-3844.06
442.90	-47484.18	0.00	-3140.11
443.00	-48466.42	0.00	-2423.77
443.10	-49196.41	0.00	-1697.86
443.20	-49669.15	0.00	-965.25
443.30	-49881.39	0.00	-228.84
443.40	-49862.67	0.00	508.49
443.50	-49705.85	0.00	1243.80
443.60	-49416.90	0.00	1974.21
443.70	-48995.30	0.00	2696.82
443.80	-48440.32	0.00	3408.79
443.90	-47751.07	0.00	4107.31
444.00	-46926.55	0.00	4789.62
444.10	-45965.70	0.00	5453.02
444.20	-44867.51	0.00	6094.91
444.30	-43631.05	0.00	6712.74
444.40	-42255.58	0.00	7304.08
444.50	-40740.67	0.00	7866.60
444.60	-39086.24	0.00	8398.06
444.70	-37292.69	0.00	8896.39
444.80	-35360.99	0.00	9359.60
444.90	-33292.76	0.00	9785.88
445.00	-31090.39	0.00	10173.54
445.10	-28757.08	0.00	10521.04
445.20	-26296.94	0.00	10827.03
445.30	-23715.05	0.00	11090.28
445.40	-21017.50	0.00	11309.77
445.50	-18211.46	0.00	11484.62
445.60	-15305.18	0.00	11614.15
445.70	-12308.00	0.00	11697.84
445.80	-9230.37	0.00	11735.36
445.90	-6083.81	0.00	11726.58
446.00	-2880.89	0.00	11671.51
446.10	364.84	0.00	11570.38
446.20	3638.91	0.00	11423.59
446.30	6925.99	0.00	11231.71
446.40	10210.04	0.00	10995.51
446.50	13474.38	0.00	10715.91
446.60	16701.81	0.00	10394.02
446.70	19874.78	0.00	10031.11
446.80	22975.51	0.00	9628.62
446.90	25986.16	0.00	9188.12
447.00	28888.97	0.00	8711.36
447.10	31666.43	0.00	8200.22
447.20	34301.45	0.00	7656.72
447.30	36777.53	0.00	7083.01
447.40	39078.89	0.00	6481.34
447.50	41190.67	0.00	5854.09
447.60	43099.05	0.00	5203.73
447.70	44791.39	0.00	4532.84
447.80	46256.39	0.00	3844.06
447.90	47484.18	0.00	3140.11
448.00	48466.42	0.00	2423.77
448.10	49196.41	0.00	1697.86
448.20	49669.15	0.00	965.25
448.30	49881.39	0.00	228.84
448.40	49862.67	0.00	-508.49
448.50	49705.85	0.00	-1243.80
448.60	49416.90	0.00	-1974.21
448.70	48995.30	0.00	-2696.82
448.80	48440.32	0.00	-3408.79
448.90	47751.07	0.00	-4107.31
449.00	46926.55	0.00	-4789.62
449.10	45965.70	0.00	-5453.02
449.20	44867.51	0.00	-6094.91
449.30	43631.05	0.00	-6712.74
449.40	42255.58	0.00	-7304.08
449.50	40740.67	0.00	-7866.60
449.60	39086.24	0.00	-8398.06
449.70	37292.69	0.00	-8896.39
449.80	35360.99	0.00	-9359.60
449.90	33292.76	0.00	-9785.88
450.00	31090.39	0.00	-10173.54
450.10	28757.08	0.00	-10521.04
450.20	26296.94	0.00	-10827.03
450.30	23715.05	0.00	-11090.28
450.40	21017.50	0.00	-11309.77
450.50	18211.46	0.00	-11484.62
450.60	15305.18	0.00	-11614.15
450.70	12308.00	0.00	-11697.84
450.80	9230.37	0.00	-11735.36
450.90	6083.81	0.00	-11726.58
451.00	2880.89	0.00	-11671.51
451.10	-364.84	0.00	-11570.38
451.20	-3638.91	0.00	-11423.59
451.30	-6925.99	0.00	-11231.71
451.40	-10210.04	0.00	-10995.51
451.50	-13474.38	0.00	-10715.91
451.60	-16701.81	0.00	-10394.02
451.70	-19874.78	0.00	-10031.11
451.80	-22975.51	0.00	-9628.62
451.90	-25986.16	0.00	-9188.12
452.00	-28888.97	0.00	-8711.36
452.10	-31666.43	0.00	-8200.22
452.20	-34301.45	0.00	-7656.72
452.30	-36777.53	0.00	-7083.01
452.40	-39078.89	0.00	-6481.34
452.50	-41190.67	0.00	-5854.09
452.60	-43099.05	0.00	-5203.73
452.70	-44791.39	0.00	-4532.84
452.80	-46256.39	0.00	-3844.06
452.90	-47484.18	0.00	-3140.11
453.00	-48466.42	0.00	-2423.77
453.10	-49196.41	0.00	-1697.86
453.20	-49669.15	0.00	-965.25
453.30	-49881.39	0.00	-228.84
453.40	-49862.67	0.00	508.49
453.50	-49705.85	0.00	1243.80
453.60	-49416.90	0.00	1974.21
453.70	-48995.30	0.00	2696.82
453.80	-48440.32	0.00	3408.79
453.90	-47751.07	0.00	4107.31
454.00	-46926.55	0.00	4789.62
454.10	-45965.70	0.00	5453.02
454.20	-44867.51	0.00	6094.91
454.30	-43631.05	0.00	6712.74
454.40	-42255.58	0.00	7304.08
454.50	-40740.67	0.00	7866.60
454.60	-39086.24	0.00	8398.06
454.70	-37292.69	0.00	8896.39
454.80	-35360.99	0.00	9359.60
454.90	-33292.76	0.00	9785.88
455.00	-31090.39	0.00	10173.54
455.10	-28757.08	0.00	10521.04
455.20	-26296.94	0.00	10827.03
455.30	-23715.05	0.00	11090.28
455.40	-21017.50	0.00	11309.77
455.50	-18211.46	0.00	11484.62
455.60	-15305.18	0.00	11614.15
455.70	-12308.00	0.00	11697.84
455.80	-9230.37	0.00	11735.36
455.90	-6083.81	0.00	11726.58
456.00	-2880.89	0.00	11671.51
456.10	364.84	0.00	11570.38
456.20	3638.91	0.00	11423.59
456.30	6925.99	0.00	11231.71
456.40	10210.04	0.00	10995.51
456.50	13474.38	0.00	10715.91
456.60	16701.81	0.00	10394.02
456.70	19874.78	0.00	10031.11
456.80	22975.51	0.00	9628.62
456.90	25986.16	0.00	9188.12
457.00	28888.97	0.00	8711.36
457.10	31666.43	0.00	8200.22
457.20	34301.45	0.00	7656.72
457.30	36777.53	0.00	7083.01
457.40	39078.89	0.00	6481.34
457.50	41190.67	0.00	5854.09
457.60	43099.05	0.00	5203.73
457.70	44791.39	0.00	4532.84
457.80	46256.39	0.00	3844.06
457.90	47484.18	0.00	3140.11
458.00	48466.42	0.00	2423.77
458.10	49196.41	0.00	1697.86
458.20	49669.15	0.00	965.25
458.30	49881.39	0.00	228.84
458.40	49862.67	0.00	-508.49
458.50	49705.85	0.00	-1243.80
458.60	49416.90	0.00	-1974.21
458.70	48995.30	0.00	-2696.82
458.80	48440.32	0.00	-3408.79
458.90	47751.07	0.00	-4107.31
459.00	46926.55	0.00	-4789.62
459.10	45965.70	0.00	-5453.02
459.20	44867.51	0.00	-6094.91
459.30	43631.05	0.00	-6712.74
459.40	42255.58	0.00	-7304.08
459.50	40740.67	0.00	-7866.60
459.60	39086.24	0.00	-8398.06
459.70	37292.69	0.00	-8896.39
459.80	35360.99	0.00	-9359.60
459.90	33292.76	0.00	-9785.88
460.00	31090.39	0.00	-10173.54
460.10	28757.08	0.00	-10521.04
460.20	26296.94	0.00	-10827.03
460.30	23715.05	0.00	-11090.28
460.40	21017.50	0.00	-11309.77
460.50	18211.46	0.00	-11484.62
460.60	15305.18	0.00	-11614.15
460.70	12308.00	0.00	-11697.84
460.80	9230.37	0.00	-11735.36
460.90	6083.81	0.00	-11726.58
461.00	2880.89	0.00	-11671.51
461.10	-364.84	0.00	-11570.38
461.20	-3638.91	0.00	-11423.59
461.30	-6925.99	0.00	-11231.71
461.40	-10210.04	0.00	-10995.51
461.50	-13474.38	0.00	-10715.91
461.60	-16701.81	0.00	-10394.02
461.70	-19874.78	0.00	-10031.11
461.80	-22975.51	0.00	-9628.62
461.90	-25986.16	0.00	-9188.12
462.00	-28888.97	0.00	-8711.36
462.10	-31666.43	0.00	-8200.22
462.20	-34301.45	0.00	-7656.72
462.30	-36777.53	0.00	-7083.01
462.40	-39078.89	0.00	-6481.34
462.50	-41190.67	0.00	-5854.09
462.60	-43099.05	0.00	-5203.73
462.70	-44791.39	0.00	-4532.84
462.80	-46256.39	0.00	-3844.06
462.90	-47484.18	0.00	-3140.11
463.00	-48466.42	0.00	-2423.77
463.10	-49196.41	0.00	-1697.86
463.20	-49669.15	0.00	-965.25
463.30	-49881.39	0.00	-228.84
463.40	-49862.67	0.00	508.49
463.50	-49705.85	0.00	1243.80
463.60	-49416.90	0.00	1974.21
463.70	-48995.30	0.00	2696.82
463.80	-48440.32	0.00	3408.79
463.90	-47751.07	0.00	4107.31
464.00	-46926.55	0.00	4789.62
464.10	-45965.70	0.00	5453.02
464.20	-44867.51	0.00	6094.91
464.30	-43631.05	0.00	6712.74
464.40	-42255.58	0.00	7304.08
464.50	-40740.67	0.00	7866.60
464.60	-39086.24	0.00	8398.06
464.70	-37292.69	0.00	8896.39
464.80	-35360.99	0.00	9359.60
464.90	-33292.76	0.00	9785.88
465.00	-31090.39	0.00	10173.54
465.10	-28757.08	0.00	10521.04
465.20	-26296.94	0.00	10827.03
465.30	-23715.05	0.00	11090.28
465.40	-21017.50	0.00	11309.77
465.50	-18211.46	0.00	11484.62
465.60	-15305.18	0.00	11614.15
465.70	-12308.00	0.00	11697.84
465.80	-9230.37	0.00	11735.36
465.90	-6083.81	0.00	11726.58
466.00	-2880.89	0.00	11671.51
466.10	364.84	0.00	11570.38
466.20	3638.91	0.00	11423.59
466.30	6925.99	0.00	11231.71
466.40	10210.04	0.00	10995.51
466.50	13474.38	0.00	10715.91
466.60	16701.81	0.00	10394.02
466.70	19874.78	0.00	10031.11
466.80	22975.51	0.00	9628.62
466.90	25986.16	0.00	9188.12
467.00	28888.97	0.00	8711.36
467.10	31666.43	0.00	8200.22
467.20	34301.45	0.00	7656.72
467.30	36777.53	0.00	7083.01
467.40	39078.89	0.00	6481.34
467.50	41190.67	0.00	5854.09
467.60	43099.05	0.00	5203.73
467.70	44791.39	0.00	4532.84
467.80	46256.39	0.00	3844.06
467.90	47484.18	0.00	3140.11
468.00	48466.42	0.00	2423.77
468.10	49196.41	0.00	1697.86
468.20	49669.15	0.00	965.25
468.30	49881.39	0.00	228.84
468.40	49862.67	0.00	-508.49
468.50	49705.85	0.00	-1243.80
468.60	49416.90	0.00	-1974.21
468.70	48995.30	0.00	-2696.82
468.80	48440.32	0.00	-3408.79
468.90	47751.07	0.00	-4107.31
469.00	46926.55	0.00	-4789.62
469.10	45965.70	0.00	-5453.02
469.20	44867.51	0.00	-6094.91
469.30	43631.05	0.00	-6712.74
469.40	42255.58	0.00	-7304.08
469.50	40740.67	0.00	-7866.60
469.60	39086.24	0.00	-8398.06
469.70	37292.69	0.00	-8896.39
469.80	35360.99	0.00	-9359.60
469.90	33292.76	0.00	-9785.88
470.00	31090.39	0.00	-10173.54
470.10	28757.08	0.00	-10521.04
470.20	26296.94	0.00	-10827.03
470.30	23715.05	0.00	-11090.28
470.40	21017.50	0.00	-11309.77
470.50	18211.46	0.00	-11484.62
470.60	15305.18	0.00	-11614.15
470.70	12308.00	0.00	-11697.84
470.80	9230.37	0.00	-11735.36
470.90	6083.81	0.00	-11726.58
471.00	2880.89	0.00	-11671.51
471.10	-364.84	0.00	-11570.38
471.20	-3638.91	0.00	-11423.59
471.30	-6925.99	0.00	-11231.71
471.40	-10210.04	0.00	-10995.51
471.50	-13474.38	0.00	-10715.91
471.60	-16701.81	0.00	-10394.02
471.70	-19874.78	0.00	-10031.11
471.80	-22975.51	0.00	-9628.62
471.90	-25986.16	0.00	-9188.12
472.00	-28888.97	0.00	-8711.36
472.10	-31666.43	0.00	-8200.22
472.20	-34301.45	0.00	-7656.72
472.30	-36777.53	0.00	-7083.01
472.40	-39078.89	0.00	-6481.34
472.50	-41190.67	0.00	-5854.09
472.60	-43099.05	0.00	-5203.73
472.70	-44791.39	0.00	-4532.84
472.80	-46256.39	0.00	-3844.06
472.90	-47484.18	0.00	-3140.11
473.00	-48466.42	0.00	-2423.77
473.10	-49196.41	0.00	-1697.86
473.20	-49669.15	0.00	-965.25
473.30	-49881.39	0.00	-228.84
473.40	-49862.67	0.00	508.49
473.50	-49705.85	0.00	1243.80
473.60	-49416.90	0.00	1974.21
473.70	-48995.30	0.00	2696.82
473.80	-48440.32	0.00	3408.79
473.90	-47751.07	0.00	4107.31
474.00	-46926.55	0.00	4789.62
474.10	-45965.70	0.00	5453.02
474.20	-44867.51	0.00	6094.91
474.30	-43631.05	0.00	6712.74
474.40	-42255.58	0.00	7304.08
474.50	-40740.67	0.00	7866.60
474.60	-39086.24	0.00	8398.06
474.70	-37292.69	0.00	8896.39
474.80	-35360.99	0.00	9359.60
474.90	-33292.76	0.00	9785.88
475.00	-31090.39	0.00	10173.54
475.10	-28757.08	0.00	10521.04
475.20	-26296.94	0.00	10827.03
475.30	-23715.05	0.00	11090.28
475.40	-21017.50	0.00	11309.77
475.50	-18211.46	0.00	11484.62
475.60	-15305.18	0.00	11614.15
475.70	-12308.00	0.00	11697.84
475.80	-9230.37	0.00	11735.36
475.90	-6083.81	0.00	11726.58
476.00	-2880.89	0.00	11671.51
476.10	364.84	0.00	11570.38
476.20	3638.91	0.00	11423.59
476.30	6925.99	0.00	11231.71
476.40	10210.04	0.00	10995.51
476.50	13474.38	0.00	10715.91
476.60	16701.81	0.00	10394.02
476.70	19874.78	0.00	10031.11
476.80	22975.51	0.00	9628.62
476.90	25986.16	0.00	9188.12
477.00	28888.97	0.00	8711.36
477.10	31666.43	0.00	8200.22
477.20	34301.45	0.00	7656.72
477.30	36777.53	0.00	7083.01
477.40	39078.89	0.00	6481.34
477.50	41190.67	0.00	5854.09
477.60	43099.05	0.00	5203.73
477.70	44791.39	0.00	4532.84
477.80	46256.39	0.00	3844.06
477.90	47484.18	0.00	3140.11
478.00	48466.42	0.00	2423.77
478.10	49196.41	0.00	1697.86
478.20	49669.15	0.00	965.25
478.30	49881.39	0.00	228.84
478.40	49862.67	0.00	-508.49
478.50	49705.85	0.00	-1243.80
478.60	49416.90	0.00	-1974.21
478.70	48995.30	0.00	-2696.82
478.80	48440.32	0.00	-3408.79
478.90	47751.07	0.00	-4107.31
479.00	46926.55	0.00	-4789.62
479.10	45965.70	0.00	-5453.02
479.20	44867.51	0.00	-6094.91
479.30	43631.05	0.00	-6712.74
479.40	42255.58	0.00	-7304.08
479.50	40740.67	0.00	-7866.60
479.60	39086.24	0.00	-8398.06
479.70	37292.69	0.00	-8896.39
479.80	35360.99	0.00	-9359.60
479.90	33292.76	0.00	-9785.88
480.00	31090.39	0.00	-10173.54
480.10	28757.08	0.00	-10521.04
480.20	26296.94	0.00	-10827.03
480.30	23715.05	0.00	-11090.28
480.40	21017.50	0.00	-11309.77
480.50	18211.46	0.00	-11484.62
480.60	15305.18	0.00	-11614.15
480.70	12308.00	0.00	-11697.84
480.80	9230.37	0.00	-11735.36
480.90	6083.81	0.00	-11726.58
481.00	2880.89	0.00	-11671.51
481.10	-364.84	0.00	-11570.38
481.20	-3638.91	0.00	-11423.59
481.30	-6925.99	0.00	-11231.71
481.40	-10210.04	0.00	-10995.51
481.50	-13474.38	0.00	-10715.91
481.60	-16701.81	0.00	-10394.02
481.70	-19874.78	0.00	-10031.11
481.80	-22975.51	0.00	-9628.62
481.90	-25986.16	0.00	-9188.12
482.00	-28888.97	0.00	-8711.36
482.10	-31666.43	0.00	-8200.22
482.20	-34301.45	0.00	-7656.72
482.30	-36777.53	0.00	-7083.01
482.40	-39078.89	0.00	-6481.34
482.50	-41190.67	0.00	-5854.09
482.60	-43099.05	0.00	-5203.73
482.70	-44791.39	0.00	-4532.84
482.80	-46256.39	0.00	-3844.06
482.90	-47484.18	0.00	-3140.11
483.00	-48466.42	0.00	-2423.77
483.10	-49196.41	0.00	-1697.86
483.20	-49669.15	0.00	-965.25
483.30	-49881.39	0.00	-228.84
483.40	-49862.67	0.00	508.49
483.50	-49705.85	0.00	1243.80
483.60	-49416.90	0.00	1974.21
483.70	-48995.30	0.00	2696.82
483.80	-48440.32	0.00	3408.79
483.90	-47751.07	0.00	4107.31
484.00	-46926.55	0.00	4789.62
484.10	-45965.70	0.00	5453.02
484.20	-44867.51	0.00	6094.91
484.30	-43631.05	0.00	6712.74
484.40	-42255.58	0.00	7304.08
484.50	-40740.67	0.00	7866.60
484.60	-39086.24	0.00	8398.06
484.70	-37292.69	0.00	8896.39
484.80	-35360.99	0.00	9359.60
484.90	-33292.76	0.00	9785.88
485.00	-31090.39	0.00	10173.54
485.10	-28757.08	0.00	10521.04
485.20	-26296.94	0.00	10827.03
485.30	-23715.05	0.00	11090.28
485.40	-21017.50	0.00	11309.77
485.50	-18211.46	0.00	11484.62
485.60	-15305.18	0.00	11614.15
485.70	-12308.00	0.00	11697.84
485.80	-9230.37	0.00	11735.36
485.90	-6083.81	0.00	11726.58
486.00	-2880.89	0.00	11671.51
486.10	364.84	0.00	11570.38
486.20	3638.91	0.00	11423.59
486.30	6925.99	0.00	11231.71
486.40	10210.04	0.00	10995.51
486.50	13474.38	0.00	10715.91
486.60	16701.81	0.00	10394.02
486.70	19874.78	0.00	10031.11
486.80	22975.51	0.00	9628.62
486.90	25986.16	0.00	9188.12
487.00	28888.97	0.00	8711.36
487.10	31666.43	0.00	8200.22
487.20	34301.45	0.00	7656.72
487.30	36777.53	0.00	7083.01
487.40	39078.89	0.00	6481.34
487.50	41190.67	0.00	5854.09
487.60	43099.05	0.00	5203.73
487.70	44791.39	0.00	4532.84
487.80	46256.39	0.00	3844.06
487.90	47484.18	0.00	3140.11
488.00	48466.42	0.00	2423.77
488.10	49196.41	0.00	1697.86
488.20	49669.15	0.00	965.25
488.30	49881.39	0.00	228.84
488.40	49862.67	0.00	-508.49
488.50	49705.85	0.00	-1243.80
488.60	49416.90	0.00	-1974.21
488.70	48995.30	0.00	-2696.82
488.80	48440.32	0.00	-3408.79
488.90	47751.07	0.00	-4107.31
489.00	46926.55	0.00	-4789.62
489.10	45965.70	0.00	-5453.02
489.20	44867.51	0.00	-6094.91
489.30	43631.05	0.00	-6712.74
489.40	42255.58	0.00	-7304.08
489.50	40740.67	0.00	-7866.60
489.60	39086.24	0.00	-8398.06
489.70	37292.69	0.00	-8896.39
489.80	35360.99	0.00	-9359.60
489.90	33292.76	0.00	-9785.88
490.00	31090.39	0.00	-10173.54
490.10	28757.08	0.00	-10521.04
490.20	26296.94	0.00	-10827.03
490.30	23715.05	0.00	-11090.28
490.40	21017.50	0.00	-11309.77
490.50	18211.46	0.00	-11484.62
490.60	15305.18	0.00	-11614.15
490.70	12308.00	0.00	-11697.84
490.80	9230.37	0.00	-11735.36
490.90	6083.81	0.00	-11726.58
491.00	2880.89	0.00	-11671.51
491.10	-364.84	0.00	-11570.38
491.20	-3638.91	0.00	-11423.59
491.30	-6925.99	0.00	-11231.71
491.40	-10210.04	0.00	-10995.51
491.50	-13474.38	0.00	-10715.91
491.60	-16701.81	0.00	-10394.02
491.70	-19874.78	0.00	-10031.11
491.80	-22975.51	0.00	-9628.62
491.90	-25986.16	0.00	-9188.12
492.00	-28888.97	0.00	-8711.36
492.10	-31666.43	0.00	-8200.22
492.20	-34301.45	0.00	-7656.72
492.30	-36777.53	0.00	-7083.01
492.40	-39078.89	0.00	-6481.34
492.50	-41190.67	0.00	-5854.09
492.60	-43099.05	0.00	-5203.73
492.70	-44791.39	0.00	-4532.84
492.80	-46256.39	0.00	-3844.06
492.90	-47484.18	0.00	-3140.11
493.00	-48466.42	0.00	-2423.77
493.10	-49196.41	0.00	-1697.86
493.20	-49669.15	0.00	-965.25
493.30	-49881.39	0.00	-228.84
493.40	-49862.67	0.00	508.49
493.50	-49705.85	0.00	1243.80
493.60	-49416.90	0.00	1974.21
493.70	-48995.30	0.00	2696.82
493.80	-48440.32	0.00	3408.79
493.90	-47751.07	0.00	4107.31
494.00	-46926.55	0.00	4789.62
494.10	-45965.70	0.00	5453.02
494.20	-44867.51	0.00	6094.91
494.30	-43631.05	0.00	6712.74
494.40	-42255.58	0.00	7304.08
494.50	-40740.67	0.00	7866.60
494.60	-39086.24	0.00	8398.06
494.70	-37292.69	0.00	8896.39
494.80	-35360.99	0.00	9359.60
494.90	-33292.76	0.00	9785.88
495.00	-31090.39	0.00	10173.54
495.10	-28757.08	0.00	10521.04
495.20	-26296.94	0.00	10827.03
495.30	-23715.05	0.00	11090.28
495.40	-21017.50	0.00	11309.77
495.50	-18211.46	0.00	11484.62
495.60	-15305.18	0.00	11614.15
495.70	-12308.00	0.00	11697.84
495.80	-9230.37	0.00	11735.36
495.90	-6083.81	0.00	11726.58
496.00	-2880.89	0.00	11671.51
496.10	364.84	0.00	11570.38
496.20	3638.91	0.00	11423.59
496.30	6925.99	0.00	11231.71
496.40	10210.04	0.00	10995.51
496.50	13474.38	0.00	10715.91
496.60	16701.81	0.00	10394.02
496.70	19874.78	0.00	10031.11
496.80	22975.51	0.00	9628.62
496.90	25986.16	0.00	9188.12
497.00	28888.97	0.00	8711.36
497.10	31666.43	0.00	8200.22
497.20	34301.45	0.00	7656.72
497.30	36777.53	0.00	7083.01
497.40	39078.89	0.00	6481.34
497.50	41190.67	0.00	5854.09
497.60	43099.05	0.00	5203.73
497.70	44791.39	0.00	4532.84
497.80	46256.39	0.00	3844.06
497.90	47484.18	0.00	3140.11
498.00	48466.42	0.00	2423.77
498.10	49196.41	0.00	1697.86
498.20	49669.15	0.00	965.25
498.30	49881.39	0.00	228.84
498.40	49862.67	0.00	-508.49
498.50	49705.85	0.00	-1243.80
498.60	49416.90	0.00	-1974.21
498.70	48995.30	0.00	-2696.82
498.80	48440.32	0.00	-3408.79
498.90	47751.07	0.00	-4107.31
499.00	46926.55	0.00	-4789.62
499.10	45965.70	0.00	-5453.02
499.20	44867.51	0.00	-6094.91
499.30	43631.05	0.00	-6712.74
499.40	42255.58	0.00	-7304.08
499.50	40740.67	0.00	-7866.60
499.60	39086.24	0.00	-8398.06
499.70	37292.69	0.00	-8896.39
499.80	35360.99	0.00	-9359.60
499.90	33292.76	0.00	-9785.88
500.00	31090.39	0.00	-10173.54
500.10	28757.08	0.00	-10521.04
500.20	26296.94	0.00	-10827.03
500.30	23715.05	0.00	-11090.28
500.40	21017.50	0.00	-11309.77
500.50	18211.46	0.00	-11484.62
500.60	15305.18	0.00	-11614.15
500.70	12308.00	0.00	-11697.84
500.80	9230.37	0.00	-11735.36
500.90	6083.81	0.00	-11726.58
501.00	2880.89	0.00	-11671.51
501.10	-364.84	0.00	-11570.38
501.20	-3638.91	0.00	-11423.59
501.30	-6925.99	0.00	-11231.71
501.40	-10210.04	0.00	-10995.51
501.50	-13474.38	0.00	-10715.91
501.60	-16701.81	0.00	-10394.02
501.70	-19874.78	0.00	-10031.11
501.80	-22975.51	0.00	-9628.62
501.90	-25986.16	0.00	-9188.12
502.00	-28888.97	0.00	-8711.36
502.10	-31666.43	0.00	-8200.22
502.20	-34301.45	0.00	-7656.72
502.30	-36777.53	0.00	-7083.01
502.40	-39078.89	0.00	-6481.34
502.50	-41190.67	0.00	-5854.09
502.60	-43099.05	0.00	-5203.73
502.70	-44791.39	0.00	-4532.84
502.80	-46256.39	0.00	-3844.06
502.90	-47484.18	0.00	-3140.11
503.00	-48466.42	0.00	-2423.77
503.10	-49196.41	0.00	-1697.86
503.20	-49669.15	0.00	-965.25
503.30	-49881.39	0.00	-228.84
503.40	-49862.67	0.00	508.49
503.50	-49705.85	0.00	1243.80
503.60	-49416.90	0.00	1974.21
503.70	-48995.30	0.00	2696.82
503.80	-48440.32	0.00	3408.79
503.90	-47751.07	0.00	4107.31
504.00	-46926.55	0.00	4789.62
504.10	-45965.70	0.00	5453.02
504.20	-44867.51	0.00	6094.91
504.30	-43631.05	0.00	6712.74
504.40	-42255.58	0.00	7304.08
504.50	-40740.67	0.00	7866.60
504.60	-39086.24	0.00	8398.06
504.70	-37292.69	0.00	8896.39
504.80	-35360.99	0.00	9359.60
504.90	-33292.76	0.00	9785.88
505.00	-31090.39	0.00	10173.54
505.10	-28757.08	0.00	10521.04
505.20	-26296.94	0.00	10827.03
505.30	-23715.05	0.00	11090.28
505.40	-21017.50	0.00	11309.77
505.50	-18211.46	0.00	11484.62
505.60	-15305.18	0.00	11614.15
505.70	-12308.00	0.00	11697.84
505.80	-9230.37	0.00	11735.36
505.90	-6083.81	0.00	11726.58
506.00	-2880.89	0.00	11671.51
506.10	364.84	0.00	11570.38
506.20	3638.91	0.00	11423.59
506.30	6925.99	0.00	11231.71
506.40	10210.04	0.00	10995.51
506.50	13474.38	0.00	10715.91
506.60	16701.81	0.00	10394.02
506.70	19874.78	0.00	10031.11
506.80	22975.51	0.00	9628.62
506.90	25986.16	0.00	9188.12
507.00	28888.97	0.00	8711.36
507.10	31666.43	0.00	8200.22
507.20	34301.45	0.00	7656.72
507.30	36777.53	0.00	7083.01
507.40	39078.89	0.00	6481.34
507.50	41190.67	0.00	5854.09
507.60	43099.05	0.00	5203.73
507.70	44791.39	0.00	4532.84
507.80	46256.39	0.00	3844.06
507.90	47484.18	0.00	3140.11
508.00	48466.42	0.00	2423.77
508.10	49196.41	0.00	1697.86
508.20	49669.15	0.00	965.25
508.30	49881.39	0.00	228.84
508.40	49862.67	0.00	-508.49
508.50	49705.85	0.00	-1243.80
508.60	49416.90	0.00	-1974.21
508.70	48995.30	0.00	-2696.82
508.80	48440.32	0.00	-3408.79
508.90	47751.07	0.00	-4107.31
509.00	46926.55	0.00	-4789.62
509.10	45965.70	0.00	-5453.02
509.20	44867.51	0.00	-6094.91
509.30	43631.05	0.00	-6712.74
509.40	42255.58	0.00	-7304.08
509.50	40740.67	0.00	-7866.60
509.60	39086.24	0.00	-8398.06
509.70	37292.69	0.00	-8896.39
509.80	35360.99	0.00	-9359.60
509.90	33292.76	0.00	-9785.88
510.00	31090.39	0.00	-10173.54
510.10	28757.08	0.00	-10521.04
510.20	26296.94	0.00	-10827.03
510.30	23715.05	0.00	-11090.28
510.40	21017.50	0.00	-11309.77
510.50	18211.46	0.00	-11484.62
510.60	15305.18	0.00	-11614.15
510.70	12308.00	0.00	-11697.84
510.80	9230.37	0.00	-11735.36
510.90	6083.81	0.00	-11726.58
511.00	2880.89	0.00	-11671.51
511.10	-364.84	0.00	-11570.38
511.20	-3638.91	0.00	-11423.59
511.30	-6925.99	0.00	-11231.71
511.40	-10210.04	0.00	-10995.51
511.50	-13474.38	0.00	-10715.91
511.60	-16701.81	0.00	-10394.02
511.70	-19874.78	0.00	-10031.11
511.80	-22975.51	0.00	-9628.62
511.90	-25986.16	0.00	-9188.12
512.00	-28888.97	0.00	-8711.36
512.10	-31666.43	0.00	-8200.22
512.20	-34301.45	0.00	-7656.72
512.30	-36777.53	0.00	-7083.01
512.40	-39078.89	0.00	-6481.34
512.50	-41190.67	0.00	-5854.09
512.60	-43099.05	0.00	-5203.73
512.70	-44791.39	0.00	-4532.84
512.80	-46256.39	0.00	-3844.06
512.90	-47484.18	0.00	-3140.11
513.00	-48466.42	0.00	-2423.77
513.10	-49196.41	0.00	-1697.86
513.20	-49669.15	0.00	-965.25
513.30	-49881.39	0.00	-228.84
513.40	-49862.67	0.00	508.49
513.50	-49705.85	0.00	1243.80
513.60	-49416.90	0.00	1974.21
513.70	-48995.30	0.00	2696.82
513.80	-48440.32	0.00	3408.79
513.90	-47751.07	0.00	4107.31
514.00	-46926.55	0.00	4789.62
514.10	-45965.70	0.00	5453.02
514.20	-44867.51	0.00	6094.91
514.30	-43631.05	0.00	6712.74
514.40	-42255.58	0.00	7304.08
514.50	-40740.67	0.00	7866.60
514.60	-39086.24	0.00	8398.06
514.70	-37292.69	0.00	8896.39
514.80	-35360.99	0.00	9359.60
514.90	-33292.76	0.00	9785.88
515.00	-31090.39	0.00	10173.54
515.10	-28757.08	0.00	10521.04
515.20	-26296.94	0.00	10827.03
515.30	-23715.05	0.00	11090.28
515.40	-21017.50	0.00	11309.77
515.50	-18211.46	0.00	11484.62
515.60	-15305.18	0.00	11614.15
515.70	-12308.00	0.00	11697.84
515.80	-9230.37	0.00	11735.36
515.90	-6083.81	0.00	11726.58
516.00	-2880.89	0.00	11671.51
516.10	364.84	0.00	11570.38
516.20	3638.91	0.00	11423.59
516.30	6925.99	0.00	11231.71
516.40	10210.04	0.00	10995.51
516.50	13474.38	0.00	10715.91
516.60	16701.81	0.00	10394.02
516.70	19874.78	0.00	10031.11
516.80	22975.51	0.00	9628.62
516.90	25986.16	0.00	9188.12
517.00	28888.97	0.00	8711.36
517.10	31666.43	0.00	8200.22
517.20	34301.45	0.00	7656.72
517.30	36777.53	0.00	7083.01
517.40	39078.89	0.00	6481.34
517.50	41190.67	0.00	5854.09
517.60	43099.05	0.00	5203.73
517.70	44791.39	0.00	4532.84
517.80	46256.39	0.00	3844.06
517.90	47484.18	0.00	3140.11
518.00	48466.42	0.00	2423.77
518.10	49196.41	0.00	1697.86
518.20	49669.15	0.00	965.25
518.30	49881.39	0.00	228.84
518.40	49862.67	0.00	-508.49
518.50	49705.85	0.00	-1243.80
518.60	49416.90	0.00	-1974.21
518.70	48995.30	0.00	-2696.82
518.80	48440.32	0.00	-3408.79
518.90	47751.07	0.00	-4107.31
519.00	46926.55	0.00	-4789.62
519.10	45965.70	0.00	-5453.02
519.20	44867.51	0.00	-6094.91
519.30	43631.05	0.00	-6712.74
519.40	42255.58	0.00	-7304.08
519.50	40740.67	0.00	-7866.60
519.60	39086.24	0.00	-8398.06
519.70	37292.69	0.00	-8896.39
519.80	35360.99	0.00	-9359.60
519.90	33292.76	0.00	-9785.88
520.00	31090.39	0.00	-10173.54
520.10	28757.08	0.00	-10521.04
520.20	26296.94	0.00	-10827.03
520.30	23715.05	0.00	-11090.28
520.40	21017.50	0.00	-11309.77
520.50	18211.46	0.00	-11484.62
520.60	15305.18	0.00	-11614.15
520.70	12308.00	0.00	-11697.84
520.80	9230.37	0.00	-11735.36
520.90	6083.81	0.00	-11726.58
521.00	2880.89	0.00	-11671.51
521.10	-364.84	0.00	-11570.38
521.20	-3638.91	0.00	-11423.59
521.30	-6925.99	0.00	-11231.71
521.40	-10210.04	0.00	-10995.51
521.50	-13474.38	0.00	-10715.91
521.60	-16701.81	0.00	-10394.02
521.70	-19874.78	0.00	-10031.11
521.80	-22975.51	0.00	-9628.62
521.90	-25986.16	0.00	-9188.12
522.00	-28888.97	0.00	-8711.36
522.10	-31666.43	0.00	-8200.22
522.20	-34301.45	0.00	-7656.72
522.30	-36777.53	0.00	-7083.01
522.40	-39078.89	0.00	-6481.34
522.50	-41190.67	0.00	-5854.09
522.60	-43099.05	0.00	-5203.73
522.70	-44791.39	0.00	-4532.84
522.80	-46256.39	0.00	-3844.06
522.90	-47484.18	0.00	-3140.11
523.00	-48466.42	0.00	-2423.77
523.10	-49196.41	0.00	-1697.86
523.20	-49669.15	0.00	-965.25
523.30	-49881.39	0.00	-228.84
523.40	-49862.67	0.00	508.49
523.50	-49705.85	0.00	1243.80
523.60	-49416.90	0.00	1974.21
523.70	-48995.30	0.00	2696.82
523.80	-48440.32	0.00	3408.79
523.90	-47751.07	0.00	4107.31
524.00	-46926.55	0.00	4789.62
524.10	-45965.70	0.00	5453.02
524.20	-44867.51	0.00	6094.91
524.30	-43631.05	0.00	6712.74
524.40	-42255.58	0.00	7304.08
524.50	-40740.67	0.00	7866.60
524.60	-39086.24	0.00	8398.06
524.70	-37292.69	0.00	8896.39
524.80	-35360.99	0.00	9359.60
524.90	-33292.76	0.00	9785.88
525.00	-31090.39	0.00	10173.54
525.10	-28757.08	0.00	10521.04
525.20	-26296.94	0.00	10827.03
525.30	-23715.05	0.00	11090.28
525.40	-21017.50	0.00	11309.77
525.50	-18211.46	0.00	11484.62
525.60	-15305.18	0.00	11614.15
525.70	-12308.00	0.00	11697.84
525.80	-9230.37	0.00	11735.36
525.90	-6083.81	0.00	11726.58
526.00	-2880.89	0.00	11671.51
526.10	364.84	0.00	11570.38
526.20	3638.91	0.00	11423.59
526.30	6925.99	0.00	11231.71
526.40	10210.04	0.00	10995.51
526.50	13474.38	0.00	10715.91
526.60	16701.81	0.00	10394.02
526.70	19874.78	0.00	10031.11
526.80	22975.51	0.00	9628.62
526.90	25986.16	0.00	9188.12
527.00	28888.97	0.00	8711.36
527.10	31666.43	0.00	8200.22
527.20	34301.45	0.00	7656.72
527.30	36777.53	0.00	7083.01
527.40	39078.89	0.00	6481.34
527.50	41190.67	0.00	5854.09
527.60	43099.05	0.00	5203.73
527.70	44791.39	0.00	4532.84
527.80	46256.39	0.00	3844.06
527.90	47484.18	0.00	3140.11
528.00	48466.42	0.00	2423.77
528.10	49196.41	0.00	1697.86
528.20	49669.15	0.00	965.25
528.30	49881.39	0.00	228.84
528.40	49862.67	0.00	-508.49
528.50	49705.85	0.00	-1243.80
528.60	49416.90	0.00	-1974.21
528.70	48995.30	0.00	-2696.82
528.80	48440.32	0.00	-3408.79
528.90	47751.07	0.00	-4107.31
529.00	46926.55	0.00	-4789.62
529.10	45965.70	0.00	-5453.02
529.20	44867.51	0.00	-6094.91
529.30	43631.05	0.00	-6712.74
529.40	42255.58	0.00	-7304.08
529.50	40740.67	0.00	-7866.60
529.60	39086.24	0.00	-8398.06
529.70	37292.69	0.00	-8896.39
529.80	35360.99	0.00	-9359.60
529.90	33292.76	0.00	-9785.88
530.00	31090.39	0.00	-10173.54
530.10	28757.08	0.00	-10521.04
530.20	26296.94	0.00	-10827.03
530.30	23715.05	0.00	-11090.28
530.40	21017.50	0.00	-11309.77
530.50	18211.46	0.00	-11484.62
530.60	15305.18	0.00	-11614.15
530.70	12308.00	0.00	-11697.84
530.80	9230.37	0.00	-11735.36
530.90	6083.81	0.00	-11726.58
531.00	2880.89	0.00	-11671.51
531.10	-364.84	0.00	-11570.38
531.20	-3638.91	0.00	-11423.59
531.30	-6925.99	0.00	-11231.71
531.40	-10210.04	0.00	-10995.51
531.50	-13474.38	0.00	-10715.91
531.60	-16701.81	0.00	-10394.02
531.70	-19874.78	0.00	-10031.11
531.80	-22975.51	0.00	-9628.62
531.90	-25986.16	0.00	-9188.12
532.00	-28888.97	0.00	-8711.36
532.10	-31666.43	0.00	-8200.22
532.20	-34301.45	0.00	-7656.72
532.30	-36777.53	0.00	-7083.01
532.40	-39078.89	0.00	-6481.34
532.50	-41190.67	0.00	-5854.09
532.60	-43099.05	0.00	-5203.73
532.70	-44791.39	0.00	-4532.84
532.80	-46256.39	0.00	-3844.06
532.90	-47484.18	0.00	-3140.11
533.00	-48466.42	0.00	-2423.77
533.10	-49196.41	0.00	-1697.86
533.20	-49669.15	0.00	-965.25
533.30	-49881.39	0.00	-228.84
533.40	-49862.67	0.00	508.49
533.50	-49705.85	0.00	1243.80
533.60	-49416.90	0.00	1974.21
533.70	-48995.30	0.00	2696.82
533.80	-48440.32	0.00	3408.79
533.90	-47751.07	0.00	4107.31
534.00	-46926.55	0.00	4789.62
534.10	-45965.70	0.00	5453.02
534.20	-44867.51	0.00	6094.91
534.30	-43631.05	0.00	6712.74
534.40	-42255.58	0.00	7304.08
534.50	-40740.67	0.00	7866.60
534.60	-39086.24	0.00	8398.06
534.70	-37292.69	0.00	8896.39
534.80	-35360.99	0.00	9359.60
534.90	-33292.76	0.00	9785.88
535.00	-31090.39	0.00	10173.54
535.10	-28757.08	0.00	10521.04
535.20	-26296.94	0.00	10827.03
535.30	-23715.05	0.00	11090.28
535.40	-21017.50	0.00	11309.77
535.50	-18211.46	0.00	11484.62
535.60	-15305.18	0.00	11614.15
535.70	-12308.00	0.00	11697.84
535.80	-9230.37	0.00	11735.36
535.90	-6083.81	0.00	11726.58
536.00	-2880.89	0.00	11671.51
536.10	364.84	0.00	11570.38
536.20	3638.91	0.00	11423.59
536.30	6925.99	0.00	11231.71
536.40	10210.04	0.00	10995.51
536.50	13474.38	0.00	10715.91
536.60	16701.81	0.00	10394.02
536.70	19874.78	0.00	10031.11
536.80	22975.51	0.00	9628.62
536.90	25986.16	0.00	9188.12
537.00	28888.97	0.00	8711.36
537.10	31666.43	0.00	8200.22
537.20	34301.45	0.00	7656.72
537.30	36777.53	0.00	7083.01
537.40	39078.89	0.00	6481.34
537.50	41190.67	0.00	5854.09
537.60	43099.05	0.00	5203.73
537.70	44791.39	0.00	4532.84
537.80	46256.39	0.00	3844.06
537.90	47484.18	0.00	3140.11
538.00	48466.42	0.00	2423.77
538.10	49196.41	0.00	1697.86
538.20	49669.15	0.00	965.25
538.30	49881.39	0.00	228.84
538.40	49862.67	0.00	-508.49
538.50	49705.85	0.00	-1243.80
538.60	49416.90	0.00	-1974.21
538.70	48995.30	0.00	-2696.82
538.80	48440.32	0.00	-3408.79
538.90	47751.07	0.00	-4107.31
539.00	46926.55	0.00	-4789.62
539.10	45965.70	0.00	-5453.02
539.20	44867.51	0.00	-6094.91
539.30	43631.05	0.00	-6712.74
539.40	42255.58	0.00	-7304.08
539.50	40740.67	0.00	-7866.60
539.60	39086.24	0.00	-8398.06
539.70	37292.69	0.00	-8896.39
539.80	35360.99	0.00	-9359.60
539.90	33292.76	0.00	-9785.88
540.00	31090.39	0.00	-10173.54
540.10	28757.08	0.00	-10521.04
540.20	26296.94	0.00	-10827.03
540.30	23715.05	0.00	-11090.28
540.40	21017.50	0.00	-11309.77
540.50	18211.46	0.00	-11484.62
540.60	15305.18	0.00	-11614.15
540.70	12308.00	0.00	-11697.84
540.80	9230.37	0.00	-11735.36
540.90	6083.81	0.00	-11726.58
541.00	2880.89	0.00	-11671.51
541.10	-364.84	0.00	-11570.38
541.20	-3638.91	0.00	-11423.59
541.30	-6925.99	0.00	-11231.71
541.40	-10210.04	0.00	-10995.51
541.50	-13474.38	0.00	-10715.91
541.60	-16701.81	0.00	-10394.02
541.70	-19874.78	0.00	-10031.11
541.80	-22975.51	0.00	-9628.62
541.90	-25986.16	0.00	-9188.12
542.00	-28888.97	0.00	-8711.36
542.10	-31666.43	0.00	-8200.22
542.20	-34301.45	0.00	-7656.72
542.30	-36777.53	0.00	-7083.01
542.40	-39078.89	0.00	-6481.34
542.50	-41190.67	0.00	-5854.09
542.60	-43099.05	0.00	-5203.73
542.70	-44791.39	0.00	-4532.84
542.80	-46256.39	0.00	-3844.06
542.90	-47484.18	0.00	-3140.11
543.00	-48466.42	0.00	-2423.77
543.10	-49196.41	0.00	-1697.86
543.20	-49669.15	0.00	-965.25
543.30	-49881.39	0.00	-228.84
543.40	-49862.67	0.00	508.49
543.50	-49705.85	0.00	1243.80
543.60	-49416.90	0.00	1974.21
543.70	-48995.30	0.00	2696.82
543.80	-48440.32	0.00	3408.79
543.90	-47751.07	0.00	4107.31
544.00	-46926.55	0.00	4789.62
544.10	-45965.70	0.00	5453.02
544.20	-44867.51	0.00	6094.91
544.30	-43631.05	0.00	6712.74
544.40	-42255.58	0.00	7304.08
544.50	-40740.67	0.00	7866.60
544.60	-39086.24	0.00	8398.06
544.70	-37292.69	0.00	8896.39
544.80	-35360.99	0.00	9359.60
544.90	-33292.76	0.00	9785.88
545.00	-31090.39	0.00	10173.54
545.10	-28757.08	0.00	10521.04
545.20	-26296.94	0.00	10827.03
545.30	-23715.05	0.00	11090.28
545.40	-21017.50	0.00	11309.77
545.50	-18211.46	0.00	11484.62
545.60	-15305.18	0.00	11614.15
545.70	-12308.00	0.00	11697.84
545.80	-9230.37	0.00	11735.36
545.90	-6083.81	0.00	11726.58
546.00	-2880.89	0.00	11671.51
546.10	364.84	0.00	11570.38
546.20	3638.91	0.00	11423.59
546.30	6925.99	0.00	11231.71
546.40	10210.04	0.00	10995.51
546.50	13474.38	0.00	10715.91
546.60	16701.81	0.00	10394.02
546.70	19874.78	0.00	10031.11
546.80	22975.51	0.00	9628.62
546.90	25986.16	0.00	9188.12
547.00	28888.97	0.00	8711.36
547.10	31666.43	0.00	8200.22
547.20	34301.45	0.00	7656.72
547.30	36777.53	0.00	7083.01
547.40	39078.89	0.00	6481.34
547.50	41190.67	0.00	5854.09
547.60	43099.05	0.00	5203.73
547.70	44791.39	0.00	4532.84
547.80	46256.39	0.00	3844.06
547.90	47484.18	0.00	3140.11
548.00	48466.42	0.00	2423.77
548.10	49196.41	0.00	1697.86
548.20	49669.15	0.00	965.25
548.30	49881.39	0.00	228.84
548.40	49862.67	0.00	-508.49
548.50	49705.85	0.00	-1243.80
548.60	49416.90	0.00	-1974.21
548.70	48995.30	0.00	-2696.82
548.80	48440.32	0.00	-3408.79
548.90	47751.07	0.00	-4107.31
549.00	46926.55	0.00	-4789.62
549.10	45965.70	0.00	-5453.02
549.20	44867.51	0.00	-6094.91
549.30	43631.05	0.00	-6712.74
549.40	42255.58	0.00	-7304.08
549.50	40740.67	0.00	-7866.60
549.60	39086.24	0.00	-8398.06
549.70	37292.69	0.00	-8896.39
549.80	35360.99	0.00	-9359.60
549.90	33292.76	0.00	-9785.88
550.00	31090.39	0.00	-10173.54
550.10	28757.08	0.00	-10521.04
550.20	26296.94	0.00	-10827.03
550.30	23715.05	0.00	-11090.28
550.40	21017.50	0.00	-11309.77
550.50	18211.46	0.00	-11484.62
550.60	15305.18	0.00	-11614.15
550.70	12308.00	0.00	-11697.84
550.80	9230.37	0.00	-11735.36
550.90	6083.81	0.00	-11726.58
551.00	2880.89	0.00	-11671.51
551.10	-364.84	0.00	-11570.38
551.20	-3638.91	0.00	-11423.59
551.30	-6925.99	0.00	-11231.71
551.40	-10210.04	0.00	-10995.51
551.50	-13474.38	0.00	-10715.91
551.60	-16701.81	0.00	-10394.02
551.70	-19874.78	0.00	-10031.11
551.80	-22975.51	0.00	-9628.62
551.90	-25986.16	0.00	-9188.12
552.00	-28888.97	0.00	-8711.36
552.10	-31666.43	0.00	-8200.22
552.20	-34301.45	0.00	-7656.72
552.30	-36777.53	0.00	-7083.01
552.40	-39078.89	0.00	-6481.34
552.50	-41190.67	0.00	-5854.09
552.60	-43099.05	0.00	-5203.73
552.70	-44791.39	0.00	-4532.84
552.80	-46256.39	0.00	-3844.06
552.90	-47484.18	0.00	-3140.11
553.00	-48466.42	0.00	-2423.77
553.10	-49196.41	0.00	-1697.86
553.20	-49669.15	0.00	-965.25
553.30	-49881.39	0.00	-228.84
553.40	-49862.67	0.00	508.49
553.50	-49705.85	0.00	1243.80
553.60	-49416.90	0.00	1974.21
553.70	-48995.30	0.00	2696.82
553.80	-48440.32	0.00	3408.79
553.90	-47751.07	0.00	4107.31
554.00	-46926.55	0.00	4789.62
554.10	-45965.70	0.00	5453.02
554.20	-44867.51	0.00	6094.91
554.30	-43631.05	0.00	6712.74
554.40	-42255.58	0.00	7304.08
554.50	-40740.67	0.00	7866.60
554.60	-39086.24	0.00	8398.06
554.70	-37292.69	0.00	8896.39
554.80	-35360.99	0.00	9359.60
554.90	-33292.76	0.00	9785.88
555.00	-31090.39	0.00	10173.54
555.10	-28757.08	0.00	10521.04
555.20	-26296.94	0.00	10827.03
555.30	-23715.05	0.00	11090.28
555.40	-21017.50	0.00	11309.77
555.50	-18211.46	0.00	11484.62
555.60	-15305.18	0.00	11614.15
555.70	-12308.00	0.00	11697.84
555.80	-9230.37	0.00	11735.36
555.90	-6083.81	0.00	11726.58
556.00	-2880.89	0.00	11671.51
556.10	364.84	0.00	11570.38
556.20	3638.91	0.00	11423.59
556.30	6925.99	0.00	11231.71
556.40	10210.04	0.00	10995.51
556.50	13474.38	0.00	10715.91
556.60	16701.81	0.00	10394.02
556.70	19874.78	0.00	10031.11
556.80	22975.51	0.00	9628.62
556.90	25986.16	0.00	9188.12
557.00	28888.97	0.00	8711.36
557.10	31666.43	0.00	8200.22
557.20	34301.45	0.00	7656.72
557.30	36777.53	0.00	7083.01
557.40	39078.89	0.00	6481.34
557.50	41190.67	0.00	5854.09
557.60	43099.05	0.00	5203.73
557.70	44791.39	0.00	4532.84
557.80	46256.39	0.00	3844.06
557.90	47484.18	0.00	3140.11
558.00	48466.42	0.00	2423.77
558.10	49196.41	0.00	1697.86
558.20	49669.15	0.00	965.25
558.30	49881.39	0.00	228.84
558.40	49862.67	0.00	-508.49
558.50	49705.85	0.00	-1243.80
558.60	49416.90	0.00	-1974.21
558.70	48995.30	0.00	-2696.82
558.80	48440.32	0.00	-3408.79
558.90	47751.07	0.00	-4107.31
559.00	46926.55	0.00	-4789.62
559.10	45965.70	0.00	-5453.02
559.20	44867.51	0.00	-6094.91
559.30	43631.05	0.00	-6712.74
559.40	42255.58	0.00	-7304.08
559.50	40740.67	0.00	-7866.60
559.60	39086.24	0.00	-8398.06
559.70	37292.69	0.00	-8896.39
559.80	35360.99	0.00	-9359.60
559.90	33292.76	0.00	-9785.88
560.00	31090.39	0.00	-10173.54
560.10	28757.08	0.00	-10521.04
560.20	26296.94	0.00	-10827.03
560.30	23715.05	0.00	-11090.28
560.40	21017.50	0.00	-11309.77
560.50	18211.46	0.00	-11484.62
560.60	15305.18	0.00	-11614.15
560.70	12308.00	0.00	-11697.84
560.80	9230.37	0.00	-11735.36
560.90	6083.81	0.00	-11726.58
561.00	2880.89	0.00	-11671.51
561.10	-364.84	0.00	-11570.38
561.20	-3638.91	0.00	-11423.59
561.30	-6925.99	0.00	-11231.71
561.40	-10210.04	0.00	-10995.51
561.50	-13474.38	0.00	-10715.91
561.60	-16701.81	0.00	-10394.02
561.70	-19874.78	0.00	-10031.11
561.80	-22975.51	0.00	-9628.62
561.90	-25986.16	0.00	-9188.12
562.00	-28888.97	0.00	-8711.36
562.10	-31666.43	0.00	-8200.22
562.20	-34301.45	0.00	-7656.72
562.30	-36777.53	0.00	-7083.01
562.40	-39078.89	0.00	-6481.34
562.50	-41190.67	0.00	-5854.09
562.60	-43099.05	0.00	-5203.73
562.70	-44791.39	0.00	-4532.84
562.80	-46256.39	0.00	-3844.06
562.90	-47484.18	0.00	-3140.11
563.00	-48466.42	0.00	-2423.77
563.10	-49196.41	0.00	-1697.86
563.20	-49669.15	0.00	-965.25
563.30	-49881.39	0.00	-228.84
563.40	-49862.67	0.00	508.49
563.50	-49705.85	0.00	1243.80
563.60	-49416.90	0.00	1974.21
563.70	-48995.30	0.00	2696.82
563.80	-48440.32	0.00	3408.79
563.90	-47751.07	0.00	4107.31
564.00	-46926.55	0.00	4789.62
564.10	-45965.70	0.00	5453.02
564.20	-44867.51	0.00	6094.91
564.30	-43631.05	0.00	6712.74
564.40	-42255.58	0.00	7304.08
564.50	-40740.67	0.00	7866.60
564.60	-39086.24	0.00	8398.06
564.70	-37292.69	0.00	8896.39
564.80	-35360.99	0.00	9359.60
564.90	-33292.76	0.00	9785.88
565.00	-31090.39	0.00	10173.54
565.10	-28757.08	0.00	10521.04
565.20	-26296.94	0.00	10827.03
565.30	-23715.05	0.00	11090.28
565.40	-21017.50	0.00	11309.77
565.50	-18211.46	0.00	11484.62
565.60	-15305.18	0.00	11614.15
565.70	-12308.00	0.00	11697.84
565.80	-9230.37	0.00	11735.36
565.90	-6083.81	0.00	11726.58
566.00	-2880.89	0.00	11671.51
566.10	364.84	0.00	11570.38
566.20	3638.91	0.00	11423.59
566.30	6925.99	0.00	11231.71
566.40	10210.04	0.00	10995.51
566.50	13474.38	0.00	10715.91
566.60	16701.81	0.00	10394.02
566.70	19874.78	0.00	10031.11
566.80	22975.51	0.00	9628.62
566.90	25986.16	0.00	9188.12
567.00	28888.97	0.00	8711.36
567.10	31666.43	0.00	8200.22
567.20	34301.45	0.00	7656.72
567.30	36777.53	0.00	7083.01
567.40	39078.89	0.00	6481.34
567.50	41190.67	0.00	5854.09
567.60	43099.05	0.00	5203.73
567.70	44791.39	0.00	4532.84
567.80	46256.39	0.00	3844.06
567.90	47484.18	0.00	3140.11
568.00	48466.42	0.00	2423.77
568.10	49196.41	0.00	1697.86
568.20	49669.15	0.00	965.25
568.30	49881.39	0.00	228.84
568.40	49862.67	0.00	-508.49
568.50	49705.85	0.00	-1243.80
568.60	49416.90	0.00	-1974.21
568.70	48995.30	0.00	-2696.82
568.80	48440.32	0.00	-3408.79
568.90	47751.07	0.00	-4107.31
569.00	46926.55	0.00	-4789.62
569.10	45965.70	0.00	-5453.02
569.20	44867.51	0.00	-6094.91
569.30	43631.05	0.00	-6712.74
569.40	42255.58	0.00	-7304.08
569.50	40740.67	0.00	-7866.60
569.60	39086.24	0.00	-8398.06
569.70	37292.69	0.00	-8896.39
569.80	35360.99	0.00	-9359.60
569.90	33292.76	0.00	-9785.88
570.00	31090.39	0.00	-10173.54
570.10	28757.08	0.00	-10521.04
570.20	26296.94	0.00	-10827.03
570.30	23715.05	0.00	-11090.28
570.40	21017.50	0.00	-11309.77
570.50	18211.46	0.00	-11484.62
570.60	15305.18	0.00	-11614.15
570.70	12308.00	0.00	-11697.84
570.80	9230.37	0.00	-11735.36
570.90	6083.81	0.00	-11726.58
571.00	2880.89	0.00	-11671.51
571.10	-364.84	0.00	-11570.38
571.20	-3638.91	0.00	-11423.59
571.30	-6925.99	0.00	-11231.71
571.40	-10210.04	0.00	-10995.51
571.50	-13474.38	0.00	-10715.91
571.60	-16701.81	0.00	-10394.02
571.70	-19874.78	0.00	-10031.11
571.80	-22975.51	0.00	-9628.62
571.90	-25986.16	0.00	-9188.12
572.00	-28888.97	0.00	-8711.36
572.10	-31666.43	0.00	-8200.22
572.20	-34301.45	0.00	-7656.72
572.30	-36777.53	0.00	-7083.01
572.40	-39078.89	0.00	-6481.34
572.50	-41190.67	0.00	-5854.09
572.60	-43099.05	0.00	-5203.73
572.70	-44791.39	0.00	-4532.84
572.80	-46256.39	0.00	-3844.06
572.90	-47484.18	0.00	-3140.11
573.00	-48466.42	0.00	-2423.77
573.10	-49196.41	0.00	-1697.86
573.20	-49669.15	0.00	-965.25
573.30	-49881.39	0.00	-228.84
573.40	-49862.67	0.00	508.49
573.50	-49705.85	0.00	1243.80
573.60	-49416.90	0.00	1974.21
573.70	-48995.30	0.00	2696.82
573.80	-48440.32	0.00	3408.79
573.90	-47751.07	0.00	4107.31
574.00	-46926.55	0.00	4789.62
574.10	-45965.70	0.00	5453.02
574.20	-44867.51	0.00	6094.91
574.30	-43631.05	0.00	6712.74
574.40	-42255.58	0.00	7304.08
574.50	-40740.67	0.00	7866.60
574.60	-39086.24	0.00	8398.06
574.70	-37292.69	0.00	8896.39
574.80	-35360.99	0.00	9359.60
574.90	-33292.76	0.00	9785.88
575.00	-31090.39	0.00	10173.54
575.10	-28757.08	0.00	10521.04
575.20	-26296.94	0.00	10827.03
575.30	-23715.05	0.00	11090.28
575.40	-21017.50	0.00	11309.77
575.50	-18211.46	0.00	11484.62
575.60	-15305.18	0.00	11614.15
575.70	-12308.00	0.00	11697.84
575.80	-9230.37	0.00	11735.36
575.90	-6083.81	0.00	11726.58
576.00	-2880.89	0.00	11671.51
576.10	364.84	0.00	11570.38
576.20	3638.91	0.00	11423.59
576.30	6925.99	0.00	11231.71
576.40	10210.04	0.00	10995.51
576.50	13474.38	0.00	10715.91
576.60	16701.81	0.00	10394.02
576.70	19874.78	0.00	10031.11
576.80	22975.51	0.00	9628.62
576.90	25986.16	0.00	9188.12
577.00	28888.97	0.00	8711.36
577.10	31666.43	0.00	8200.22
577.20	34301.45	0.00	7656.72
577.30	36777.53	0.00	7083.01
577.40	39078.89	0.00	6481.34
577.50	41190.67	0.00	5854.09
577.60	43099.05	0.00	5203.73
577.70	44791.39	0.00	4532.84
577.80	46256.39	0.00	3844.06
577.90	47484.18	0.00	3140.11
578.00	48466.42	0.00	2423.77
578.10	49196.41	0.00	1697.86
578.20	49669.15	0.00	965.25
578.30	49881.39	0.00	228.84
578.40	49862.67	0.00	-508.49
578.50	49705.85	0.00	-1243.80
578.60	49416.90	0.00	-1974.21
578.70	48995.30	0.00	-2696.82
578.80	48440.32	0.00	-3408.79
578.90	47751.07	0.00	-4107.31
579.00	46926.55	0.00	-4789.62
579.10	45965.70	0.00	-5453.02
579.20	44867.51	0.00	-6094.91
579.30	43631.05	0.00	-6712.74
579.40	42255.58	0.00	-7304.08
579.50	40740.67	0.00	-7866.60
579.60	39086.24	0.00	-8398.06
579.70	37292.69	0.00	-8896.39
579.80	35360.99	0.00	-9359.60
579.90	33292.76	0.00	-9785.88
580.00	31090.39	0.00	-10173.54
580.10	28757.08	0.00	-10521.04
580.20	26296.94	0.00	-10827.03
580.30	23715.05	0.00	-11090.28
580.40	21017.50	0.00	-11309.77
580.50	18211.46	0.00	-11484.62
580.60	15305.18	0.00	-11614.15
580.70	12308.00	0.00	-11697.84
580.80	9230.37	0.00	-11735.36
580.90	6083.81	0.00	-11726.58
581.00	2880.89	0.00	-11671.51
581.10	-364.84	0.00	-11570.38
581.20	-3638.91	0.00	-11423.59
581.30	-6925.99	0.00	-11231.71
581.40	-10210.04	0.00	-10995.51
581.50	-13474.38	0.00	-10715.91
581.60	-16701.81	0.00	-10394.02
581.70	-19874.78	0.00	-10031.11
581.80	-22975.51	0.00	-9628.62
581.90	-25986.16	0.00	-9188.12
582.00	-28888.97	0.00	-8711.36
582.10	-31666.43	0.00	-8200.22
582.20	-34301.45	0.00	-7656.72
582.30	-36777.53	0.00	-7083.01
582.40	-39078.89	0.00	-6481.34
582.50	-41190.67	0.00	-5854.09
582.60	-43099.05	0.00	-5203.73
582.70	-44791.39	0.00	-4532.84
582.80	-46256.39	0.00	-3844.06
582.90	-47484.18	0.00	-3140.11
583.00	-48466.42	0.00	-2423.77
583.10	-49196.41	0.00	-1697.86
583.20	-49669.15	0.00	-965.25
583.30	-49881.39	0.00	-228.84
583.40	-49862.67	0.00	508.49
583.50	-49705.85	0.00	1243.80
583.60	-49416.90	0.00	1974.21
583.70	-48995.30	0.00	2696.82
583.80	-48440.32	0.00	3408.79
583.90	-47751.07	0.00	4107.31
584.00	-46926.55	0.00	4789.62
584.10	-45965.70	0.00	5453.02
584.20	-44867.51	0.00	6094.91
584.30	-43631.05	0.00	6712.74
584.40	-42255.58	0.00	7304.08
584.50	-40740.67	0.00	7866.60
584.60	-39086.24	0.00	8398.06
584.70	-37292.69	0.00	8896.39
584.80	-35360.99	0.00	9359.60
584.90	-33292.76	0.00	9785.88
585.00	-31090.39	0.00	10173.54
585.10	-28757.08	0.00	10521.04
585.20	-26296.94	0.00	10827.03
585.30	-23715.05	0.00	11090.28
585.40	-21017.50	0.00	11309.77
585.50	-18211.46	0.00	11484.62
585.60	-15305.18	0.00	11614.15
585.70	-12308.00	0.00	11697.84
585.80	-9230.37	0.00	11735.36
585.90	-6083.81	0.00	11726.58
586.00	-2880.89	0.00	11671.51
586.10	364.84	0.00	11570.38
586.20	3638.91	0.00	11423.59
586.30	6925.99	0.00	11231.71
586.40	10210.04	0.00	10995.51
586.50	13474.38	0.00	10715.91
586.60	16701.81	0.00	10394.02
586.70	19874.78	0.00	10031.11
586.80	22975.51	0.00	9628.62
586.90	25986.16	0.00	9188.12
587.00	28888.97	0.00	8711.36
587.10	31666.43	0.00	8200.22
587.20	34301.45	0.00	7656.72
587.30	36777.53	0.00	7083.01
587.40	39078.89	0.00	6481.34
587.50	41190.67	0.00	5854.09
587.60	43099.05	0.00	5203.73
587.70	44791.39	0.00	4532.84
587.80	46256.39	0.00	3844.06
587.90	47484.18	0.00	3140.11
588.00	48466.42	0.00	2423.77
588.10	49196.41	0.00	1697.86
588.20	49669.15	0.00	965.25
588.30	49881.39	0.00	228.84
588.40	49862.67	0.00	-508.49
588.50	49705.85	0.00	-1243.80
588.60	49416.90	0.00	-1974.21
588.70	48995.30	0.00	-2696.82
588.80	48440.32	0.00	-3408.79
588.90	47751.07	0.00	-4107.31
589.00	46926.55	0.00	-4789.62
589.10	45965.70	0.00	-5453.02
589.20	44867.51	0.00	-6094.91
589.30	43631.05	0.00	-6712.74
589.40	42255.58	0.00	-7304.08
589.50	40740.67	0.00	-7866.60
589.60	39086.24	0.00	-8398.06
589.70	37292.69	0.00	-8896.39
589.80	35360.99	0.00	-9359.60
589.90	33292.76	0.00	-9785.88
590.00	31090.39	0.00	-10173.54
590.10	28757.08	0.00	-10521.04
590.20	26296.94	0.00	-10827.03
590.30	23715.05	0.00	-11090.28
590.40	21017.50	0.00	-11309.77
590.50	18211.46	0.00	-11484.62
590.60	15305.18	0.00	-11614.15
590.70	12308.00	0.00	-11697.84
590.80	9230.37	0.00	-11735.36
590.90	6083.81	0.00	-11726.58
591.00	2880.89	0.00	-11671.51
591.10	-364.84	0.00	-11570.38
591.20	-3638.91	0.00	-11423.59
591.30	-6925.99	0.00	-11231.71
591.40	-10210.04	0.00	-10995.51
591.50	-13474.38	0.00	-10715.91
591.60	-16701.81	0.00	-10394.02
591.70	-19874.78	0.00	-10031.11
591.80	-22975.51	0.00	-9628.62
591.90	-25986.16	0.00	-9188.12
592.00	-28888.97	0.00	-8711.36
592.10	-31666.43	0.00	-8200.22
592.20	-34301.45	0.00	-7656.72
592.30	-36777.53	0.00	-7083.01
592.40	-39078.89	0.00	-6481.34
592.50	-41190.67	0.00	-5854.09
592.60	-43099.05	0.00	-5203.73
592.70	-44791.39	0.00	-4532.84
592.80	-46256.39	0.00	-3844.06
592.90	-47484.18	0.00	-3140.11
593.00	-48466.42	0.00	-2423.77
593.10	-49196.41	0.00	-1697.86
593.20	-49669.15	0.00	-965.25
593.30	-49881.39	0.00	-228.84
593.40	-49862.67	0.00	508.49
593.50	-49705.85	0.00	1243.80
593.60	-49416.90	0.00	1974.21
593.70	-48995.30	0.00	2696.82
593.80	-48440.32	0.00	3408.79
593.90	-47751.07	0.00	4107.31
594.00	-46926.55	0.00	4789.62
594.10	-45965.70	0.00	5453.02
594.20	-44867.51	0.00	6094.91
594.30	-43631.05	0.00	6712.74
594.40	-42255.58	0.00	7304.08
594.50	-40740.67	0.00	7866.60
594.60	-39086.24	0.00	8398.06
594.70	-37292.69	0.00	8896.39
594.80	-35360.99	0.00	9359.60
594.90	-33292.76	0.00	9785.88
595.00	-31090.39	0.00	10173.54
595.10	-28757.08	0.00	10521.04
595.20	-26296.94	0.00	10827.03
595.30	-23715.05	0.00	11090.28
595.40	-21017.50	0.00	11309.77
595.50	-18211.46	0.00	11484.62
595.60	-15305.18	0.00	11614.15
595.70	-12308.00	0.00	11697.84
595.80	-9230.37	0.00	11735.36
595.90	-6083.81	0.00	11726.58
596.00	-2880.89	0.00	11671.51
596.10	364.84	0.00	11570.38
596.20	3638.91	0.00	11423.59
596.30	6925.99	0.00	11231.71
596.40	10210.04	0.00	10995.51
596.50	13474.38	0.00	10715.91
596.60	16701.81	0.00	10394.02
596.70	19874.78	0.00	10031.11
596.80	22975.51	0.00	9628.62
596.90	25986.16	0.00	9188.12
597.00	28888.97	0.00	8711.36
597.10	31666.43	0.00	8200.22
597.20	34301.45	0.00	7656.72
597.30	36777.53	0.00	7083.01
597.40	39078.89	0.00	6481.34
597.50	41190.67	0.00	5854.09
597.60	43099.05	0.00	5203.73
597.70	44791.39	0.00	4532.84
597.80	46256.39	0.00	3844.06
597.90	47484.18	0.00	3140.11
598.00	48466.42	0.00	2423.77
598.10	49196.41	0.00	1697.86
598.20	49669.15	0.00	965.25
598.30	49881.39	0.00	228.84
598.40	49862.67	0.00	-508.49
598.50	49705.85	0.00	-1243.80
598.60	49416.90	0.00	-1974.21
598.70	48995.30	0.00	-2696.82
598.80	48440.32	0.00	-3408.79
598.90	47751.07	0.00	-4107.31
599.00	46926.55	0.00	-4789.62
599.10	45965.70	0.00	-5453.02
599.20	44867.51	0.00	-6094.91
599.30	43631.05	0.00	-6712.74
599.40	42255.58	0.00	-7304.08
599.50	40740.67	0.00	-7866.60
599.60	39086.24	0.00	-8398.06
599.70	37292.69	0.00	-8896.39
599.80	35360.99	0.00	-9359.60
599.90	33292.76	0.00	-9785.88
600.00	31090.39	0.00	-10173.54
